jeu,exercice,epoque,deficience,groupe_age,est_total,rss,rss_nom,code_plc,effectif
effectifs_population_historique,2010-2011,ancien,DI,0 à 4 ans,False,1,Bas-Saint-Laurent,P04AL08C01,35
effectifs_population_historique,2010-2011,ancien,DI,18 à 21 ans,False,1,Bas-Saint-Laurent,P04AL08C03,51
effectifs_population_historique,2010-2011,ancien,DI,22 à 44 ans,False,1,Bas-Saint-Laurent,P04AL08C04,263
effectifs_population_historique,2010-2011,ancien,DI,45 à 64 ans,False,1,Bas-Saint-Laurent,P04AL08C05,312
effectifs_population_historique,2010-2011,ancien,DI,5 à 17 ans,False,1,Bas-Saint-Laurent,P04AL08C02,144
effectifs_population_historique,2010-2011,ancien,DI,65 ans et plus,False,1,Bas-Saint-Laurent,P04AL08C06,47
effectifs_population_historique,2010-2011,ancien,DI,Total,True,1,Bas-Saint-Laurent,P04AL08C07,852
effectifs_population_historique,2010-2011,ancien,DI,0 à 4 ans,False,2,Saguenay–Lac-Saint-Jean,P04AL08C01,85
effectifs_population_historique,2010-2011,ancien,DI,18 à 21 ans,False,2,Saguenay–Lac-Saint-Jean,P04AL08C03,80
effectifs_population_historique,2010-2011,ancien,DI,22 à 44 ans,False,2,Saguenay–Lac-Saint-Jean,P04AL08C04,445
effectifs_population_historique,2010-2011,ancien,DI,45 à 64 ans,False,2,Saguenay–Lac-Saint-Jean,P04AL08C05,421
effectifs_population_historique,2010-2011,ancien,DI,5 à 17 ans,False,2,Saguenay–Lac-Saint-Jean,P04AL08C02,232
effectifs_population_historique,2010-2011,ancien,DI,65 ans et plus,False,2,Saguenay–Lac-Saint-Jean,P04AL08C06,91
effectifs_population_historique,2010-2011,ancien,DI,Total,True,2,Saguenay–Lac-Saint-Jean,P04AL08C07,1354
effectifs_population_historique,2010-2011,ancien,DI,0 à 4 ans,False,3,Capitale-Nationale,P04AL08C01,63
effectifs_population_historique,2010-2011,ancien,DI,18 à 21 ans,False,3,Capitale-Nationale,P04AL08C03,120
effectifs_population_historique,2010-2011,ancien,DI,22 à 44 ans,False,3,Capitale-Nationale,P04AL08C04,774
effectifs_population_historique,2010-2011,ancien,DI,45 à 64 ans,False,3,Capitale-Nationale,P04AL08C05,836
effectifs_population_historique,2010-2011,ancien,DI,5 à 17 ans,False,3,Capitale-Nationale,P04AL08C02,295
effectifs_population_historique,2010-2011,ancien,DI,65 ans et plus,False,3,Capitale-Nationale,P04AL08C06,267
effectifs_population_historique,2010-2011,ancien,DI,Total,True,3,Capitale-Nationale,P04AL08C07,2355
effectifs_population_historique,2010-2011,ancien,DI,0 à 4 ans,False,4,Mauricie et Centre-du-Québec,P04AL08C01,60
effectifs_population_historique,2010-2011,ancien,DI,18 à 21 ans,False,4,Mauricie et Centre-du-Québec,P04AL08C03,115
effectifs_population_historique,2010-2011,ancien,DI,22 à 44 ans,False,4,Mauricie et Centre-du-Québec,P04AL08C04,596
effectifs_population_historique,2010-2011,ancien,DI,45 à 64 ans,False,4,Mauricie et Centre-du-Québec,P04AL08C05,623
effectifs_population_historique,2010-2011,ancien,DI,5 à 17 ans,False,4,Mauricie et Centre-du-Québec,P04AL08C02,235
effectifs_population_historique,2010-2011,ancien,DI,65 ans et plus,False,4,Mauricie et Centre-du-Québec,P04AL08C06,163
effectifs_population_historique,2010-2011,ancien,DI,Total,True,4,Mauricie et Centre-du-Québec,P04AL08C07,1792
effectifs_population_historique,2010-2011,ancien,DI,0 à 4 ans,False,5,Estrie,P04AL08C01,16
effectifs_population_historique,2010-2011,ancien,DI,18 à 21 ans,False,5,Estrie,P04AL08C03,60
effectifs_population_historique,2010-2011,ancien,DI,22 à 44 ans,False,5,Estrie,P04AL08C04,377
effectifs_population_historique,2010-2011,ancien,DI,45 à 64 ans,False,5,Estrie,P04AL08C05,373
effectifs_population_historique,2010-2011,ancien,DI,5 à 17 ans,False,5,Estrie,P04AL08C02,155
effectifs_population_historique,2010-2011,ancien,DI,65 ans et plus,False,5,Estrie,P04AL08C06,55
effectifs_population_historique,2010-2011,ancien,DI,Total,True,5,Estrie,P04AL08C07,1036
effectifs_population_historique,2010-2011,ancien,DI,0 à 4 ans,False,6,Montréal,P04AL08C01,247
effectifs_population_historique,2010-2011,ancien,DI,18 à 21 ans,False,6,Montréal,P04AL08C03,326
effectifs_population_historique,2010-2011,ancien,DI,22 à 44 ans,False,6,Montréal,P04AL08C04,1974
effectifs_population_historique,2010-2011,ancien,DI,45 à 64 ans,False,6,Montréal,P04AL08C05,1761
effectifs_population_historique,2010-2011,ancien,DI,5 à 17 ans,False,6,Montréal,P04AL08C02,882
effectifs_population_historique,2010-2011,ancien,DI,65 ans et plus,False,6,Montréal,P04AL08C06,193
effectifs_population_historique,2010-2011,ancien,DI,Total,True,6,Montréal,P04AL08C07,5383
effectifs_population_historique,2010-2011,ancien,DI,0 à 4 ans,False,7,Outaouais,P04AL08C01,34
effectifs_population_historique,2010-2011,ancien,DI,18 à 21 ans,False,7,Outaouais,P04AL08C03,73
effectifs_population_historique,2010-2011,ancien,DI,22 à 44 ans,False,7,Outaouais,P04AL08C04,308
effectifs_population_historique,2010-2011,ancien,DI,45 à 64 ans,False,7,Outaouais,P04AL08C05,225
effectifs_population_historique,2010-2011,ancien,DI,5 à 17 ans,False,7,Outaouais,P04AL08C02,220
effectifs_population_historique,2010-2011,ancien,DI,65 ans et plus,False,7,Outaouais,P04AL08C06,30
effectifs_population_historique,2010-2011,ancien,DI,Total,True,7,Outaouais,P04AL08C07,890
effectifs_population_historique,2010-2011,ancien,DI,0 à 4 ans,False,8,Abitibi-Témiscamingue,P04AL08C01,31
effectifs_population_historique,2010-2011,ancien,DI,18 à 21 ans,False,8,Abitibi-Témiscamingue,P04AL08C03,46
effectifs_population_historique,2010-2011,ancien,DI,22 à 44 ans,False,8,Abitibi-Témiscamingue,P04AL08C04,214
effectifs_population_historique,2010-2011,ancien,DI,45 à 64 ans,False,8,Abitibi-Témiscamingue,P04AL08C05,137
effectifs_population_historique,2010-2011,ancien,DI,5 à 17 ans,False,8,Abitibi-Témiscamingue,P04AL08C02,156
effectifs_population_historique,2010-2011,ancien,DI,65 ans et plus,False,8,Abitibi-Témiscamingue,P04AL08C06,18
effectifs_population_historique,2010-2011,ancien,DI,Total,True,8,Abitibi-Témiscamingue,P04AL08C07,602
effectifs_population_historique,2010-2011,ancien,DI,0 à 4 ans,False,9,Côte-Nord,P04AL08C01,38
effectifs_population_historique,2010-2011,ancien,DI,18 à 21 ans,False,9,Côte-Nord,P04AL08C03,18
effectifs_population_historique,2010-2011,ancien,DI,22 à 44 ans,False,9,Côte-Nord,P04AL08C04,99
effectifs_population_historique,2010-2011,ancien,DI,45 à 64 ans,False,9,Côte-Nord,P04AL08C05,111
effectifs_population_historique,2010-2011,ancien,DI,5 à 17 ans,False,9,Côte-Nord,P04AL08C02,37
effectifs_population_historique,2010-2011,ancien,DI,65 ans et plus,False,9,Côte-Nord,P04AL08C06,7
effectifs_population_historique,2010-2011,ancien,DI,Total,True,9,Côte-Nord,P04AL08C07,310
effectifs_population_historique,2010-2011,ancien,DI,0 à 4 ans,False,11,Gaspésie–Îles-de-la-Madeleine,P04AL08C01,6
effectifs_population_historique,2010-2011,ancien,DI,18 à 21 ans,False,11,Gaspésie–Îles-de-la-Madeleine,P04AL08C03,28
effectifs_population_historique,2010-2011,ancien,DI,22 à 44 ans,False,11,Gaspésie–Îles-de-la-Madeleine,P04AL08C04,138
effectifs_population_historique,2010-2011,ancien,DI,45 à 64 ans,False,11,Gaspésie–Îles-de-la-Madeleine,P04AL08C05,161
effectifs_population_historique,2010-2011,ancien,DI,5 à 17 ans,False,11,Gaspésie–Îles-de-la-Madeleine,P04AL08C02,58
effectifs_population_historique,2010-2011,ancien,DI,65 ans et plus,False,11,Gaspésie–Îles-de-la-Madeleine,P04AL08C06,47
effectifs_population_historique,2010-2011,ancien,DI,Total,True,11,Gaspésie–Îles-de-la-Madeleine,P04AL08C07,438
effectifs_population_historique,2010-2011,ancien,DI,0 à 4 ans,False,12,Chaudière-Appalaches,P04AL08C01,51
effectifs_population_historique,2010-2011,ancien,DI,18 à 21 ans,False,12,Chaudière-Appalaches,P04AL08C03,83
effectifs_population_historique,2010-2011,ancien,DI,22 à 44 ans,False,12,Chaudière-Appalaches,P04AL08C04,496
effectifs_population_historique,2010-2011,ancien,DI,45 à 64 ans,False,12,Chaudière-Appalaches,P04AL08C05,499
effectifs_population_historique,2010-2011,ancien,DI,5 à 17 ans,False,12,Chaudière-Appalaches,P04AL08C02,160
effectifs_population_historique,2010-2011,ancien,DI,65 ans et plus,False,12,Chaudière-Appalaches,P04AL08C06,93
effectifs_population_historique,2010-2011,ancien,DI,Total,True,12,Chaudière-Appalaches,P04AL08C07,1382
effectifs_population_historique,2010-2011,ancien,DI,0 à 4 ans,False,13,Laval,P04AL08C01,138
effectifs_population_historique,2010-2011,ancien,DI,18 à 21 ans,False,13,Laval,P04AL08C03,103
effectifs_population_historique,2010-2011,ancien,DI,22 à 44 ans,False,13,Laval,P04AL08C04,361
effectifs_population_historique,2010-2011,ancien,DI,45 à 64 ans,False,13,Laval,P04AL08C05,232
effectifs_population_historique,2010-2011,ancien,DI,5 à 17 ans,False,13,Laval,P04AL08C02,208
effectifs_population_historique,2010-2011,ancien,DI,65 ans et plus,False,13,Laval,P04AL08C06,30
effectifs_population_historique,2010-2011,ancien,DI,Total,True,13,Laval,P04AL08C07,1072
effectifs_population_historique,2010-2011,ancien,DI,0 à 4 ans,False,14,Lanaudière,P04AL08C01,46
effectifs_population_historique,2010-2011,ancien,DI,18 à 21 ans,False,14,Lanaudière,P04AL08C03,133
effectifs_population_historique,2010-2011,ancien,DI,22 à 44 ans,False,14,Lanaudière,P04AL08C04,366
effectifs_population_historique,2010-2011,ancien,DI,45 à 64 ans,False,14,Lanaudière,P04AL08C05,310
effectifs_population_historique,2010-2011,ancien,DI,5 à 17 ans,False,14,Lanaudière,P04AL08C02,249
effectifs_population_historique,2010-2011,ancien,DI,65 ans et plus,False,14,Lanaudière,P04AL08C06,40
effectifs_population_historique,2010-2011,ancien,DI,Total,True,14,Lanaudière,P04AL08C07,1144
effectifs_population_historique,2010-2011,ancien,DI,0 à 4 ans,False,15,Laurentides,P04AL08C01,57
effectifs_population_historique,2010-2011,ancien,DI,18 à 21 ans,False,15,Laurentides,P04AL08C03,112
effectifs_population_historique,2010-2011,ancien,DI,22 à 44 ans,False,15,Laurentides,P04AL08C04,467
effectifs_population_historique,2010-2011,ancien,DI,45 à 64 ans,False,15,Laurentides,P04AL08C05,426
effectifs_population_historique,2010-2011,ancien,DI,5 à 17 ans,False,15,Laurentides,P04AL08C02,234
effectifs_population_historique,2010-2011,ancien,DI,65 ans et plus,False,15,Laurentides,P04AL08C06,51
effectifs_population_historique,2010-2011,ancien,DI,Total,True,15,Laurentides,P04AL08C07,1347
effectifs_population_historique,2010-2011,ancien,DI,0 à 4 ans,False,16,Montérégie,P04AL08C01,123
effectifs_population_historique,2010-2011,ancien,DI,18 à 21 ans,False,16,Montérégie,P04AL08C03,323
effectifs_population_historique,2010-2011,ancien,DI,22 à 44 ans,False,16,Montérégie,P04AL08C04,1476
effectifs_population_historique,2010-2011,ancien,DI,45 à 64 ans,False,16,Montérégie,P04AL08C05,1121
effectifs_population_historique,2010-2011,ancien,DI,5 à 17 ans,False,16,Montérégie,P04AL08C02,634
effectifs_population_historique,2010-2011,ancien,DI,65 ans et plus,False,16,Montérégie,P04AL08C06,94
effectifs_population_historique,2010-2011,ancien,DI,Total,True,16,Montérégie,P04AL08C07,3771
effectifs_population_historique,2011-2012,ancien,DI,0 à 4 ans,False,1,Bas-Saint-Laurent,P04AL08C01,39
effectifs_population_historique,2011-2012,ancien,DI,18 à 21 ans,False,1,Bas-Saint-Laurent,P04AL08C03,46
effectifs_population_historique,2011-2012,ancien,DI,22 à 44 ans,False,1,Bas-Saint-Laurent,P04AL08C04,257
effectifs_population_historique,2011-2012,ancien,DI,45 à 64 ans,False,1,Bas-Saint-Laurent,P04AL08C05,319
effectifs_population_historique,2011-2012,ancien,DI,5 à 17 ans,False,1,Bas-Saint-Laurent,P04AL08C02,137
effectifs_population_historique,2011-2012,ancien,DI,65 ans et plus,False,1,Bas-Saint-Laurent,P04AL08C06,48
effectifs_population_historique,2011-2012,ancien,DI,Total,True,1,Bas-Saint-Laurent,P04AL08C07,846
effectifs_population_historique,2011-2012,ancien,DI,0 à 4 ans,False,2,Saguenay–Lac-Saint-Jean,P04AL08C01,51
effectifs_population_historique,2011-2012,ancien,DI,18 à 21 ans,False,2,Saguenay–Lac-Saint-Jean,P04AL08C03,79
effectifs_population_historique,2011-2012,ancien,DI,22 à 44 ans,False,2,Saguenay–Lac-Saint-Jean,P04AL08C04,403
effectifs_population_historique,2011-2012,ancien,DI,45 à 64 ans,False,2,Saguenay–Lac-Saint-Jean,P04AL08C05,432
effectifs_population_historique,2011-2012,ancien,DI,5 à 17 ans,False,2,Saguenay–Lac-Saint-Jean,P04AL08C02,233
effectifs_population_historique,2011-2012,ancien,DI,65 ans et plus,False,2,Saguenay–Lac-Saint-Jean,P04AL08C06,90
effectifs_population_historique,2011-2012,ancien,DI,Total,True,2,Saguenay–Lac-Saint-Jean,P04AL08C07,1288
effectifs_population_historique,2011-2012,ancien,DI,0 à 4 ans,False,3,Capitale-Nationale,P04AL08C01,64
effectifs_population_historique,2011-2012,ancien,DI,18 à 21 ans,False,3,Capitale-Nationale,P04AL08C03,134
effectifs_population_historique,2011-2012,ancien,DI,22 à 44 ans,False,3,Capitale-Nationale,P04AL08C04,742
effectifs_population_historique,2011-2012,ancien,DI,45 à 64 ans,False,3,Capitale-Nationale,P04AL08C05,842
effectifs_population_historique,2011-2012,ancien,DI,5 à 17 ans,False,3,Capitale-Nationale,P04AL08C02,283
effectifs_population_historique,2011-2012,ancien,DI,65 ans et plus,False,3,Capitale-Nationale,P04AL08C06,291
effectifs_population_historique,2011-2012,ancien,DI,Total,True,3,Capitale-Nationale,P04AL08C07,2356
effectifs_population_historique,2011-2012,ancien,DI,0 à 4 ans,False,4,Mauricie et Centre-du-Québec,P04AL08C01,61
effectifs_population_historique,2011-2012,ancien,DI,18 à 21 ans,False,4,Mauricie et Centre-du-Québec,P04AL08C03,122
effectifs_population_historique,2011-2012,ancien,DI,22 à 44 ans,False,4,Mauricie et Centre-du-Québec,P04AL08C04,606
effectifs_population_historique,2011-2012,ancien,DI,45 à 64 ans,False,4,Mauricie et Centre-du-Québec,P04AL08C05,609
effectifs_population_historique,2011-2012,ancien,DI,5 à 17 ans,False,4,Mauricie et Centre-du-Québec,P04AL08C02,216
effectifs_population_historique,2011-2012,ancien,DI,65 ans et plus,False,4,Mauricie et Centre-du-Québec,P04AL08C06,169
effectifs_population_historique,2011-2012,ancien,DI,Total,True,4,Mauricie et Centre-du-Québec,P04AL08C07,1783
effectifs_population_historique,2011-2012,ancien,DI,0 à 4 ans,False,5,Estrie,P04AL08C01,21
effectifs_population_historique,2011-2012,ancien,DI,18 à 21 ans,False,5,Estrie,P04AL08C03,56
effectifs_population_historique,2011-2012,ancien,DI,22 à 44 ans,False,5,Estrie,P04AL08C04,371
effectifs_population_historique,2011-2012,ancien,DI,45 à 64 ans,False,5,Estrie,P04AL08C05,394
effectifs_population_historique,2011-2012,ancien,DI,5 à 17 ans,False,5,Estrie,P04AL08C02,131
effectifs_population_historique,2011-2012,ancien,DI,65 ans et plus,False,5,Estrie,P04AL08C06,60
effectifs_population_historique,2011-2012,ancien,DI,Total,True,5,Estrie,P04AL08C07,1033
effectifs_population_historique,2011-2012,ancien,DI,0 à 4 ans,False,6,Montréal,P04AL08C01,245
effectifs_population_historique,2011-2012,ancien,DI,18 à 21 ans,False,6,Montréal,P04AL08C03,341
effectifs_population_historique,2011-2012,ancien,DI,22 à 44 ans,False,6,Montréal,P04AL08C04,1858
effectifs_population_historique,2011-2012,ancien,DI,45 à 64 ans,False,6,Montréal,P04AL08C05,1797
effectifs_population_historique,2011-2012,ancien,DI,5 à 17 ans,False,6,Montréal,P04AL08C02,849
effectifs_population_historique,2011-2012,ancien,DI,65 ans et plus,False,6,Montréal,P04AL08C06,221
effectifs_population_historique,2011-2012,ancien,DI,Total,True,6,Montréal,P04AL08C07,5311
effectifs_population_historique,2011-2012,ancien,DI,0 à 4 ans,False,7,Outaouais,P04AL08C01,39
effectifs_population_historique,2011-2012,ancien,DI,18 à 21 ans,False,7,Outaouais,P04AL08C03,71
effectifs_population_historique,2011-2012,ancien,DI,22 à 44 ans,False,7,Outaouais,P04AL08C04,299
effectifs_population_historique,2011-2012,ancien,DI,45 à 64 ans,False,7,Outaouais,P04AL08C05,231
effectifs_population_historique,2011-2012,ancien,DI,5 à 17 ans,False,7,Outaouais,P04AL08C02,202
effectifs_population_historique,2011-2012,ancien,DI,65 ans et plus,False,7,Outaouais,P04AL08C06,29
effectifs_population_historique,2011-2012,ancien,DI,Total,True,7,Outaouais,P04AL08C07,871
effectifs_population_historique,2011-2012,ancien,DI,0 à 4 ans,False,8,Abitibi-Témiscamingue,P04AL08C01,34
effectifs_population_historique,2011-2012,ancien,DI,18 à 21 ans,False,8,Abitibi-Témiscamingue,P04AL08C03,46
effectifs_population_historique,2011-2012,ancien,DI,22 à 44 ans,False,8,Abitibi-Témiscamingue,P04AL08C04,212
effectifs_population_historique,2011-2012,ancien,DI,45 à 64 ans,False,8,Abitibi-Témiscamingue,P04AL08C05,146
effectifs_population_historique,2011-2012,ancien,DI,5 à 17 ans,False,8,Abitibi-Témiscamingue,P04AL08C02,150
effectifs_population_historique,2011-2012,ancien,DI,65 ans et plus,False,8,Abitibi-Témiscamingue,P04AL08C06,24
effectifs_population_historique,2011-2012,ancien,DI,Total,True,8,Abitibi-Témiscamingue,P04AL08C07,612
effectifs_population_historique,2011-2012,ancien,DI,0 à 4 ans,False,9,Côte-Nord,P04AL08C01,31
effectifs_population_historique,2011-2012,ancien,DI,18 à 21 ans,False,9,Côte-Nord,P04AL08C03,20
effectifs_population_historique,2011-2012,ancien,DI,22 à 44 ans,False,9,Côte-Nord,P04AL08C04,94
effectifs_population_historique,2011-2012,ancien,DI,45 à 64 ans,False,9,Côte-Nord,P04AL08C05,123
effectifs_population_historique,2011-2012,ancien,DI,5 à 17 ans,False,9,Côte-Nord,P04AL08C02,37
effectifs_population_historique,2011-2012,ancien,DI,65 ans et plus,False,9,Côte-Nord,P04AL08C06,11
effectifs_population_historique,2011-2012,ancien,DI,Total,True,9,Côte-Nord,P04AL08C07,316
effectifs_population_historique,2011-2012,ancien,DI,0 à 4 ans,False,11,Gaspésie–Îles-de-la-Madeleine,P04AL08C01,3
effectifs_population_historique,2011-2012,ancien,DI,18 à 21 ans,False,11,Gaspésie–Îles-de-la-Madeleine,P04AL08C03,28
effectifs_population_historique,2011-2012,ancien,DI,22 à 44 ans,False,11,Gaspésie–Îles-de-la-Madeleine,P04AL08C04,138
effectifs_population_historique,2011-2012,ancien,DI,45 à 64 ans,False,11,Gaspésie–Îles-de-la-Madeleine,P04AL08C05,161
effectifs_population_historique,2011-2012,ancien,DI,5 à 17 ans,False,11,Gaspésie–Îles-de-la-Madeleine,P04AL08C02,59
effectifs_population_historique,2011-2012,ancien,DI,65 ans et plus,False,11,Gaspésie–Îles-de-la-Madeleine,P04AL08C06,50
effectifs_population_historique,2011-2012,ancien,DI,Total,True,11,Gaspésie–Îles-de-la-Madeleine,P04AL08C07,439
effectifs_population_historique,2011-2012,ancien,DI,0 à 4 ans,False,12,Chaudière-Appalaches,P04AL08C01,55
effectifs_population_historique,2011-2012,ancien,DI,18 à 21 ans,False,12,Chaudière-Appalaches,P04AL08C03,81
effectifs_population_historique,2011-2012,ancien,DI,22 à 44 ans,False,12,Chaudière-Appalaches,P04AL08C04,493
effectifs_population_historique,2011-2012,ancien,DI,45 à 64 ans,False,12,Chaudière-Appalaches,P04AL08C05,488
effectifs_population_historique,2011-2012,ancien,DI,5 à 17 ans,False,12,Chaudière-Appalaches,P04AL08C02,156
effectifs_population_historique,2011-2012,ancien,DI,65 ans et plus,False,12,Chaudière-Appalaches,P04AL08C06,88
effectifs_population_historique,2011-2012,ancien,DI,Total,True,12,Chaudière-Appalaches,P04AL08C07,1361
effectifs_population_historique,2011-2012,ancien,DI,0 à 4 ans,False,13,Laval,P04AL08C01,162
effectifs_population_historique,2011-2012,ancien,DI,18 à 21 ans,False,13,Laval,P04AL08C03,103
effectifs_population_historique,2011-2012,ancien,DI,22 à 44 ans,False,13,Laval,P04AL08C04,369
effectifs_population_historique,2011-2012,ancien,DI,45 à 64 ans,False,13,Laval,P04AL08C05,229
effectifs_population_historique,2011-2012,ancien,DI,5 à 17 ans,False,13,Laval,P04AL08C02,226
effectifs_population_historique,2011-2012,ancien,DI,65 ans et plus,False,13,Laval,P04AL08C06,32
effectifs_population_historique,2011-2012,ancien,DI,Total,True,13,Laval,P04AL08C07,1121
effectifs_population_historique,2011-2012,ancien,DI,0 à 4 ans,False,14,Lanaudière,P04AL08C01,43
effectifs_population_historique,2011-2012,ancien,DI,18 à 21 ans,False,14,Lanaudière,P04AL08C03,112
effectifs_population_historique,2011-2012,ancien,DI,22 à 44 ans,False,14,Lanaudière,P04AL08C04,354
effectifs_population_historique,2011-2012,ancien,DI,45 à 64 ans,False,14,Lanaudière,P04AL08C05,309
effectifs_population_historique,2011-2012,ancien,DI,5 à 17 ans,False,14,Lanaudière,P04AL08C02,203
effectifs_population_historique,2011-2012,ancien,DI,65 ans et plus,False,14,Lanaudière,P04AL08C06,44
effectifs_population_historique,2011-2012,ancien,DI,Total,True,14,Lanaudière,P04AL08C07,1065
effectifs_population_historique,2011-2012,ancien,DI,0 à 4 ans,False,15,Laurentides,P04AL08C01,56
effectifs_population_historique,2011-2012,ancien,DI,18 à 21 ans,False,15,Laurentides,P04AL08C03,103
effectifs_population_historique,2011-2012,ancien,DI,22 à 44 ans,False,15,Laurentides,P04AL08C04,447
effectifs_population_historique,2011-2012,ancien,DI,45 à 64 ans,False,15,Laurentides,P04AL08C05,424
effectifs_population_historique,2011-2012,ancien,DI,5 à 17 ans,False,15,Laurentides,P04AL08C02,223
effectifs_population_historique,2011-2012,ancien,DI,65 ans et plus,False,15,Laurentides,P04AL08C06,51
effectifs_population_historique,2011-2012,ancien,DI,Total,True,15,Laurentides,P04AL08C07,1304
effectifs_population_historique,2011-2012,ancien,DI,0 à 4 ans,False,16,Montérégie,P04AL08C01,111
effectifs_population_historique,2011-2012,ancien,DI,18 à 21 ans,False,16,Montérégie,P04AL08C03,331
effectifs_population_historique,2011-2012,ancien,DI,22 à 44 ans,False,16,Montérégie,P04AL08C04,1468
effectifs_population_historique,2011-2012,ancien,DI,45 à 64 ans,False,16,Montérégie,P04AL08C05,1141
effectifs_population_historique,2011-2012,ancien,DI,5 à 17 ans,False,16,Montérégie,P04AL08C02,608
effectifs_population_historique,2011-2012,ancien,DI,65 ans et plus,False,16,Montérégie,P04AL08C06,109
effectifs_population_historique,2011-2012,ancien,DI,Total,True,16,Montérégie,P04AL08C07,3768
effectifs_population_historique,2012-2013,ancien,DI,0 à 4 ans,False,1,Bas-Saint-Laurent,P04AL08C01,35
effectifs_population_historique,2012-2013,ancien,DI,18 à 21 ans,False,1,Bas-Saint-Laurent,P04AL08C03,51
effectifs_population_historique,2012-2013,ancien,DI,22 à 44 ans,False,1,Bas-Saint-Laurent,P04AL08C04,239
effectifs_population_historique,2012-2013,ancien,DI,45 à 64 ans,False,1,Bas-Saint-Laurent,P04AL08C05,327
effectifs_population_historique,2012-2013,ancien,DI,5 à 17 ans,False,1,Bas-Saint-Laurent,P04AL08C02,130
effectifs_population_historique,2012-2013,ancien,DI,65 ans et plus,False,1,Bas-Saint-Laurent,P04AL08C06,51
effectifs_population_historique,2012-2013,ancien,DI,Total,True,1,Bas-Saint-Laurent,P04AL08C07,833
effectifs_population_historique,2012-2013,ancien,DI,0 à 4 ans,False,2,Saguenay–Lac-Saint-Jean,P04AL08C01,54
effectifs_population_historique,2012-2013,ancien,DI,18 à 21 ans,False,2,Saguenay–Lac-Saint-Jean,P04AL08C03,80
effectifs_population_historique,2012-2013,ancien,DI,22 à 44 ans,False,2,Saguenay–Lac-Saint-Jean,P04AL08C04,401
effectifs_population_historique,2012-2013,ancien,DI,45 à 64 ans,False,2,Saguenay–Lac-Saint-Jean,P04AL08C05,423
effectifs_population_historique,2012-2013,ancien,DI,5 à 17 ans,False,2,Saguenay–Lac-Saint-Jean,P04AL08C02,217
effectifs_population_historique,2012-2013,ancien,DI,65 ans et plus,False,2,Saguenay–Lac-Saint-Jean,P04AL08C06,92
effectifs_population_historique,2012-2013,ancien,DI,Total,True,2,Saguenay–Lac-Saint-Jean,P04AL08C07,1267
effectifs_population_historique,2012-2013,ancien,DI,0 à 4 ans,False,3,Capitale-Nationale,P04AL08C01,61
effectifs_population_historique,2012-2013,ancien,DI,18 à 21 ans,False,3,Capitale-Nationale,P04AL08C03,135
effectifs_population_historique,2012-2013,ancien,DI,22 à 44 ans,False,3,Capitale-Nationale,P04AL08C04,738
effectifs_population_historique,2012-2013,ancien,DI,45 à 64 ans,False,3,Capitale-Nationale,P04AL08C05,815
effectifs_population_historique,2012-2013,ancien,DI,5 à 17 ans,False,3,Capitale-Nationale,P04AL08C02,263
effectifs_population_historique,2012-2013,ancien,DI,65 ans et plus,False,3,Capitale-Nationale,P04AL08C06,307
effectifs_population_historique,2012-2013,ancien,DI,Total,True,3,Capitale-Nationale,P04AL08C07,2319
effectifs_population_historique,2012-2013,ancien,DI,0 à 4 ans,False,4,Mauricie et Centre-du-Québec,P04AL08C01,61
effectifs_population_historique,2012-2013,ancien,DI,18 à 21 ans,False,4,Mauricie et Centre-du-Québec,P04AL08C03,132
effectifs_population_historique,2012-2013,ancien,DI,22 à 44 ans,False,4,Mauricie et Centre-du-Québec,P04AL08C04,604
effectifs_population_historique,2012-2013,ancien,DI,45 à 64 ans,False,4,Mauricie et Centre-du-Québec,P04AL08C05,621
effectifs_population_historique,2012-2013,ancien,DI,5 à 17 ans,False,4,Mauricie et Centre-du-Québec,P04AL08C02,226
effectifs_population_historique,2012-2013,ancien,DI,65 ans et plus,False,4,Mauricie et Centre-du-Québec,P04AL08C06,170
effectifs_population_historique,2012-2013,ancien,DI,Total,True,4,Mauricie et Centre-du-Québec,P04AL08C07,1814
effectifs_population_historique,2012-2013,ancien,DI,0 à 4 ans,False,5,Estrie,P04AL08C01,32
effectifs_population_historique,2012-2013,ancien,DI,18 à 21 ans,False,5,Estrie,P04AL08C03,67
effectifs_population_historique,2012-2013,ancien,DI,22 à 44 ans,False,5,Estrie,P04AL08C04,363
effectifs_population_historique,2012-2013,ancien,DI,45 à 64 ans,False,5,Estrie,P04AL08C05,388
effectifs_population_historique,2012-2013,ancien,DI,5 à 17 ans,False,5,Estrie,P04AL08C02,106
effectifs_population_historique,2012-2013,ancien,DI,65 ans et plus,False,5,Estrie,P04AL08C06,70
effectifs_population_historique,2012-2013,ancien,DI,Total,True,5,Estrie,P04AL08C07,1026
effectifs_population_historique,2012-2013,ancien,DI,0 à 4 ans,False,6,Montréal,P04AL08C01,282
effectifs_population_historique,2012-2013,ancien,DI,18 à 21 ans,False,6,Montréal,P04AL08C03,352
effectifs_population_historique,2012-2013,ancien,DI,22 à 44 ans,False,6,Montréal,P04AL08C04,1819
effectifs_population_historique,2012-2013,ancien,DI,45 à 64 ans,False,6,Montréal,P04AL08C05,1751
effectifs_population_historique,2012-2013,ancien,DI,5 à 17 ans,False,6,Montréal,P04AL08C02,848
effectifs_population_historique,2012-2013,ancien,DI,65 ans et plus,False,6,Montréal,P04AL08C06,243
effectifs_population_historique,2012-2013,ancien,DI,Total,True,6,Montréal,P04AL08C07,5295
effectifs_population_historique,2012-2013,ancien,DI,0 à 4 ans,False,7,Outaouais,P04AL08C01,46
effectifs_population_historique,2012-2013,ancien,DI,18 à 21 ans,False,7,Outaouais,P04AL08C03,69
effectifs_population_historique,2012-2013,ancien,DI,22 à 44 ans,False,7,Outaouais,P04AL08C04,281
effectifs_population_historique,2012-2013,ancien,DI,45 à 64 ans,False,7,Outaouais,P04AL08C05,235
effectifs_population_historique,2012-2013,ancien,DI,5 à 17 ans,False,7,Outaouais,P04AL08C02,196
effectifs_population_historique,2012-2013,ancien,DI,65 ans et plus,False,7,Outaouais,P04AL08C06,27
effectifs_population_historique,2012-2013,ancien,DI,Total,True,7,Outaouais,P04AL08C07,854
effectifs_population_historique,2012-2013,ancien,DI,0 à 4 ans,False,8,Abitibi-Témiscamingue,P04AL08C01,28
effectifs_population_historique,2012-2013,ancien,DI,18 à 21 ans,False,8,Abitibi-Témiscamingue,P04AL08C03,45
effectifs_population_historique,2012-2013,ancien,DI,22 à 44 ans,False,8,Abitibi-Témiscamingue,P04AL08C04,212
effectifs_population_historique,2012-2013,ancien,DI,45 à 64 ans,False,8,Abitibi-Témiscamingue,P04AL08C05,149
effectifs_population_historique,2012-2013,ancien,DI,5 à 17 ans,False,8,Abitibi-Témiscamingue,P04AL08C02,142
effectifs_population_historique,2012-2013,ancien,DI,65 ans et plus,False,8,Abitibi-Témiscamingue,P04AL08C06,22
effectifs_population_historique,2012-2013,ancien,DI,Total,True,8,Abitibi-Témiscamingue,P04AL08C07,598
effectifs_population_historique,2012-2013,ancien,DI,0 à 4 ans,False,9,Côte-Nord,P04AL08C01,29
effectifs_population_historique,2012-2013,ancien,DI,18 à 21 ans,False,9,Côte-Nord,P04AL08C03,14
effectifs_population_historique,2012-2013,ancien,DI,22 à 44 ans,False,9,Côte-Nord,P04AL08C04,88
effectifs_population_historique,2012-2013,ancien,DI,45 à 64 ans,False,9,Côte-Nord,P04AL08C05,117
effectifs_population_historique,2012-2013,ancien,DI,5 à 17 ans,False,9,Côte-Nord,P04AL08C02,36
effectifs_population_historique,2012-2013,ancien,DI,65 ans et plus,False,9,Côte-Nord,P04AL08C06,11
effectifs_population_historique,2012-2013,ancien,DI,Total,True,9,Côte-Nord,P04AL08C07,295
effectifs_population_historique,2012-2013,ancien,DI,0 à 4 ans,False,11,Gaspésie–Îles-de-la-Madeleine,P04AL08C01,6
effectifs_population_historique,2012-2013,ancien,DI,18 à 21 ans,False,11,Gaspésie–Îles-de-la-Madeleine,P04AL08C03,14
effectifs_population_historique,2012-2013,ancien,DI,22 à 44 ans,False,11,Gaspésie–Îles-de-la-Madeleine,P04AL08C04,139
effectifs_population_historique,2012-2013,ancien,DI,45 à 64 ans,False,11,Gaspésie–Îles-de-la-Madeleine,P04AL08C05,163
effectifs_population_historique,2012-2013,ancien,DI,5 à 17 ans,False,11,Gaspésie–Îles-de-la-Madeleine,P04AL08C02,54
effectifs_population_historique,2012-2013,ancien,DI,65 ans et plus,False,11,Gaspésie–Îles-de-la-Madeleine,P04AL08C06,52
effectifs_population_historique,2012-2013,ancien,DI,Total,True,11,Gaspésie–Îles-de-la-Madeleine,P04AL08C07,428
effectifs_population_historique,2012-2013,ancien,DI,0 à 4 ans,False,12,Chaudière-Appalaches,P04AL08C01,72
effectifs_population_historique,2012-2013,ancien,DI,18 à 21 ans,False,12,Chaudière-Appalaches,P04AL08C03,66
effectifs_population_historique,2012-2013,ancien,DI,22 à 44 ans,False,12,Chaudière-Appalaches,P04AL08C04,498
effectifs_population_historique,2012-2013,ancien,DI,45 à 64 ans,False,12,Chaudière-Appalaches,P04AL08C05,448
effectifs_population_historique,2012-2013,ancien,DI,5 à 17 ans,False,12,Chaudière-Appalaches,P04AL08C02,158
effectifs_population_historique,2012-2013,ancien,DI,65 ans et plus,False,12,Chaudière-Appalaches,P04AL08C06,81
effectifs_population_historique,2012-2013,ancien,DI,Total,True,12,Chaudière-Appalaches,P04AL08C07,1323
effectifs_population_historique,2012-2013,ancien,DI,0 à 4 ans,False,13,Laval,P04AL08C01,171
effectifs_population_historique,2012-2013,ancien,DI,18 à 21 ans,False,13,Laval,P04AL08C03,107
effectifs_population_historique,2012-2013,ancien,DI,22 à 44 ans,False,13,Laval,P04AL08C04,353
effectifs_population_historique,2012-2013,ancien,DI,45 à 64 ans,False,13,Laval,P04AL08C05,234
effectifs_population_historique,2012-2013,ancien,DI,5 à 17 ans,False,13,Laval,P04AL08C02,218
effectifs_population_historique,2012-2013,ancien,DI,65 ans et plus,False,13,Laval,P04AL08C06,39
effectifs_population_historique,2012-2013,ancien,DI,Total,True,13,Laval,P04AL08C07,1122
effectifs_population_historique,2012-2013,ancien,DI,0 à 4 ans,False,14,Lanaudière,P04AL08C01,41
effectifs_population_historique,2012-2013,ancien,DI,18 à 21 ans,False,14,Lanaudière,P04AL08C03,104
effectifs_population_historique,2012-2013,ancien,DI,22 à 44 ans,False,14,Lanaudière,P04AL08C04,332
effectifs_population_historique,2012-2013,ancien,DI,45 à 64 ans,False,14,Lanaudière,P04AL08C05,298
effectifs_population_historique,2012-2013,ancien,DI,5 à 17 ans,False,14,Lanaudière,P04AL08C02,186
effectifs_population_historique,2012-2013,ancien,DI,65 ans et plus,False,14,Lanaudière,P04AL08C06,48
effectifs_population_historique,2012-2013,ancien,DI,Total,True,14,Lanaudière,P04AL08C07,1009
effectifs_population_historique,2012-2013,ancien,DI,0 à 4 ans,False,15,Laurentides,P04AL08C01,45
effectifs_population_historique,2012-2013,ancien,DI,18 à 21 ans,False,15,Laurentides,P04AL08C03,98
effectifs_population_historique,2012-2013,ancien,DI,22 à 44 ans,False,15,Laurentides,P04AL08C04,450
effectifs_population_historique,2012-2013,ancien,DI,45 à 64 ans,False,15,Laurentides,P04AL08C05,411
effectifs_population_historique,2012-2013,ancien,DI,5 à 17 ans,False,15,Laurentides,P04AL08C02,209
effectifs_population_historique,2012-2013,ancien,DI,65 ans et plus,False,15,Laurentides,P04AL08C06,58
effectifs_population_historique,2012-2013,ancien,DI,Total,True,15,Laurentides,P04AL08C07,1271
effectifs_population_historique,2012-2013,ancien,DI,0 à 4 ans,False,16,Montérégie,P04AL08C01,105
effectifs_population_historique,2012-2013,ancien,DI,18 à 21 ans,False,16,Montérégie,P04AL08C03,322
effectifs_population_historique,2012-2013,ancien,DI,22 à 44 ans,False,16,Montérégie,P04AL08C04,1414
effectifs_population_historique,2012-2013,ancien,DI,45 à 64 ans,False,16,Montérégie,P04AL08C05,1166
effectifs_population_historique,2012-2013,ancien,DI,5 à 17 ans,False,16,Montérégie,P04AL08C02,541
effectifs_population_historique,2012-2013,ancien,DI,65 ans et plus,False,16,Montérégie,P04AL08C06,118
effectifs_population_historique,2012-2013,ancien,DI,Total,True,16,Montérégie,P04AL08C07,3666
effectifs_population_historique,2013-2014,nouveau,DI,0 à 4 ans,False,1,Bas-Saint-Laurent,P23L01C01,32
effectifs_population_historique,2013-2014,nouveau,DI,12 à 17 ans,False,1,Bas-Saint-Laurent,P23L01C03,55
effectifs_population_historique,2013-2014,nouveau,DI,18 à 21 ans,False,1,Bas-Saint-Laurent,P23L01C04,38
effectifs_population_historique,2013-2014,nouveau,DI,22 à 44 ans,False,1,Bas-Saint-Laurent,P23L01C05,219
effectifs_population_historique,2013-2014,nouveau,DI,45 à 64 ans,False,1,Bas-Saint-Laurent,P23L01C06,288
effectifs_population_historique,2013-2014,nouveau,DI,5 à 11 ans,False,1,Bas-Saint-Laurent,P23L01C02,56
effectifs_population_historique,2013-2014,nouveau,DI,65 à 74 ans,False,1,Bas-Saint-Laurent,P23L01C07,35
effectifs_population_historique,2013-2014,nouveau,DI,75 ans et plus,False,1,Bas-Saint-Laurent,P23L01C08,3
effectifs_population_historique,2013-2014,nouveau,DI,Total,True,1,Bas-Saint-Laurent,P23L01C09,726
effectifs_population_historique,2013-2014,nouveau,DI,0 à 4 ans,False,2,Saguenay–Lac-Saint-Jean,P23L01C01,59
effectifs_population_historique,2013-2014,nouveau,DI,12 à 17 ans,False,2,Saguenay–Lac-Saint-Jean,P23L01C03,96
effectifs_population_historique,2013-2014,nouveau,DI,18 à 21 ans,False,2,Saguenay–Lac-Saint-Jean,P23L01C04,70
effectifs_population_historique,2013-2014,nouveau,DI,22 à 44 ans,False,2,Saguenay–Lac-Saint-Jean,P23L01C05,388
effectifs_population_historique,2013-2014,nouveau,DI,45 à 64 ans,False,2,Saguenay–Lac-Saint-Jean,P23L01C06,411
effectifs_population_historique,2013-2014,nouveau,DI,5 à 11 ans,False,2,Saguenay–Lac-Saint-Jean,P23L01C02,101
effectifs_population_historique,2013-2014,nouveau,DI,65 à 74 ans,False,2,Saguenay–Lac-Saint-Jean,P23L01C07,54
effectifs_population_historique,2013-2014,nouveau,DI,75 ans et plus,False,2,Saguenay–Lac-Saint-Jean,P23L01C08,32
effectifs_population_historique,2013-2014,nouveau,DI,Total,True,2,Saguenay–Lac-Saint-Jean,P23L01C09,1211
effectifs_population_historique,2013-2014,nouveau,DI,0 à 4 ans,False,3,Capitale-Nationale,P23L01C01,44
effectifs_population_historique,2013-2014,nouveau,DI,12 à 17 ans,False,3,Capitale-Nationale,P23L01C03,136
effectifs_population_historique,2013-2014,nouveau,DI,18 à 21 ans,False,3,Capitale-Nationale,P23L01C04,130
effectifs_population_historique,2013-2014,nouveau,DI,22 à 44 ans,False,3,Capitale-Nationale,P23L01C05,722
effectifs_population_historique,2013-2014,nouveau,DI,45 à 64 ans,False,3,Capitale-Nationale,P23L01C06,798
effectifs_population_historique,2013-2014,nouveau,DI,5 à 11 ans,False,3,Capitale-Nationale,P23L01C02,92
effectifs_population_historique,2013-2014,nouveau,DI,65 à 74 ans,False,3,Capitale-Nationale,P23L01C07,236
effectifs_population_historique,2013-2014,nouveau,DI,75 ans et plus,False,3,Capitale-Nationale,P23L01C08,69
effectifs_population_historique,2013-2014,nouveau,DI,Total,True,3,Capitale-Nationale,P23L01C09,2227
effectifs_population_historique,2013-2014,nouveau,DI,0 à 4 ans,False,4,Mauricie et Centre-du-Québec,P23L01C01,66
effectifs_population_historique,2013-2014,nouveau,DI,12 à 17 ans,False,4,Mauricie et Centre-du-Québec,P23L01C03,109
effectifs_population_historique,2013-2014,nouveau,DI,18 à 21 ans,False,4,Mauricie et Centre-du-Québec,P23L01C04,110
effectifs_population_historique,2013-2014,nouveau,DI,22 à 44 ans,False,4,Mauricie et Centre-du-Québec,P23L01C05,572
effectifs_population_historique,2013-2014,nouveau,DI,45 à 64 ans,False,4,Mauricie et Centre-du-Québec,P23L01C06,571
effectifs_population_historique,2013-2014,nouveau,DI,5 à 11 ans,False,4,Mauricie et Centre-du-Québec,P23L01C02,88
effectifs_population_historique,2013-2014,nouveau,DI,65 à 74 ans,False,4,Mauricie et Centre-du-Québec,P23L01C07,132
effectifs_population_historique,2013-2014,nouveau,DI,75 ans et plus,False,4,Mauricie et Centre-du-Québec,P23L01C08,43
effectifs_population_historique,2013-2014,nouveau,DI,Total,True,4,Mauricie et Centre-du-Québec,P23L01C09,1691
effectifs_population_historique,2013-2014,nouveau,DI,0 à 4 ans,False,5,Estrie,P23L01C01,38
effectifs_population_historique,2013-2014,nouveau,DI,12 à 17 ans,False,5,Estrie,P23L01C03,60
effectifs_population_historique,2013-2014,nouveau,DI,18 à 21 ans,False,5,Estrie,P23L01C04,59
effectifs_population_historique,2013-2014,nouveau,DI,22 à 44 ans,False,5,Estrie,P23L01C05,349
effectifs_population_historique,2013-2014,nouveau,DI,45 à 64 ans,False,5,Estrie,P23L01C06,378
effectifs_population_historique,2013-2014,nouveau,DI,5 à 11 ans,False,5,Estrie,P23L01C02,24
effectifs_population_historique,2013-2014,nouveau,DI,65 à 74 ans,False,5,Estrie,P23L01C07,70
effectifs_population_historique,2013-2014,nouveau,DI,75 ans et plus,False,5,Estrie,P23L01C08,6
effectifs_population_historique,2013-2014,nouveau,DI,Total,True,5,Estrie,P23L01C09,984
effectifs_population_historique,2013-2014,nouveau,DI,0 à 4 ans,False,6,Montréal,P23L01C01,295
effectifs_population_historique,2013-2014,nouveau,DI,12 à 17 ans,False,6,Montréal,P23L01C03,411
effectifs_population_historique,2013-2014,nouveau,DI,18 à 21 ans,False,6,Montréal,P23L01C04,304
effectifs_population_historique,2013-2014,nouveau,DI,22 à 44 ans,False,6,Montréal,P23L01C05,1763
effectifs_population_historique,2013-2014,nouveau,DI,45 à 64 ans,False,6,Montréal,P23L01C06,1762
effectifs_population_historique,2013-2014,nouveau,DI,5 à 11 ans,False,6,Montréal,P23L01C02,364
effectifs_population_historique,2013-2014,nouveau,DI,65 à 74 ans,False,6,Montréal,P23L01C07,234
effectifs_population_historique,2013-2014,nouveau,DI,75 ans et plus,False,6,Montréal,P23L01C08,30
effectifs_population_historique,2013-2014,nouveau,DI,Total,True,6,Montréal,P23L01C09,5163
effectifs_population_historique,2013-2014,nouveau,DI,0 à 4 ans,False,7,Outaouais,P23L01C01,53
effectifs_population_historique,2013-2014,nouveau,DI,12 à 17 ans,False,7,Outaouais,P23L01C03,99
effectifs_population_historique,2013-2014,nouveau,DI,18 à 21 ans,False,7,Outaouais,P23L01C04,69
effectifs_population_historique,2013-2014,nouveau,DI,22 à 44 ans,False,7,Outaouais,P23L01C05,213
effectifs_population_historique,2013-2014,nouveau,DI,45 à 64 ans,False,7,Outaouais,P23L01C06,220
effectifs_population_historique,2013-2014,nouveau,DI,5 à 11 ans,False,7,Outaouais,P23L01C02,79
effectifs_population_historique,2013-2014,nouveau,DI,65 à 74 ans,False,7,Outaouais,P23L01C07,28
effectifs_population_historique,2013-2014,nouveau,DI,75 ans et plus,False,7,Outaouais,P23L01C08,3
effectifs_population_historique,2013-2014,nouveau,DI,Total,True,7,Outaouais,P23L01C09,764
effectifs_population_historique,2013-2014,nouveau,DI,0 à 4 ans,False,8,Abitibi-Témiscamingue,P23L01C01,35
effectifs_population_historique,2013-2014,nouveau,DI,12 à 17 ans,False,8,Abitibi-Témiscamingue,P23L01C03,82
effectifs_population_historique,2013-2014,nouveau,DI,18 à 21 ans,False,8,Abitibi-Témiscamingue,P23L01C04,51
effectifs_population_historique,2013-2014,nouveau,DI,22 à 44 ans,False,8,Abitibi-Témiscamingue,P23L01C05,195
effectifs_population_historique,2013-2014,nouveau,DI,45 à 64 ans,False,8,Abitibi-Témiscamingue,P23L01C06,144
effectifs_population_historique,2013-2014,nouveau,DI,5 à 11 ans,False,8,Abitibi-Témiscamingue,P23L01C02,51
effectifs_population_historique,2013-2014,nouveau,DI,65 à 74 ans,False,8,Abitibi-Témiscamingue,P23L01C07,16
effectifs_population_historique,2013-2014,nouveau,DI,75 ans et plus,False,8,Abitibi-Témiscamingue,P23L01C08,3
effectifs_population_historique,2013-2014,nouveau,DI,Total,True,8,Abitibi-Témiscamingue,P23L01C09,577
effectifs_population_historique,2013-2014,nouveau,DI,0 à 4 ans,False,9,Côte-Nord,P23L01C01,19
effectifs_population_historique,2013-2014,nouveau,DI,12 à 17 ans,False,9,Côte-Nord,P23L01C03,18
effectifs_population_historique,2013-2014,nouveau,DI,18 à 21 ans,False,9,Côte-Nord,P23L01C04,12
effectifs_population_historique,2013-2014,nouveau,DI,22 à 44 ans,False,9,Côte-Nord,P23L01C05,84
effectifs_population_historique,2013-2014,nouveau,DI,45 à 64 ans,False,9,Côte-Nord,P23L01C06,115
effectifs_population_historique,2013-2014,nouveau,DI,5 à 11 ans,False,9,Côte-Nord,P23L01C02,18
effectifs_population_historique,2013-2014,nouveau,DI,65 à 74 ans,False,9,Côte-Nord,P23L01C07,14
effectifs_population_historique,2013-2014,nouveau,DI,75 ans et plus,False,9,Côte-Nord,P23L01C08,1
effectifs_population_historique,2013-2014,nouveau,DI,Total,True,9,Côte-Nord,P23L01C09,281
effectifs_population_historique,2013-2014,nouveau,DI,0 à 4 ans,False,11,Gaspésie–Îles-de-la-Madeleine,P23L01C01,6
effectifs_population_historique,2013-2014,nouveau,DI,12 à 17 ans,False,11,Gaspésie–Îles-de-la-Madeleine,P23L01C03,25
effectifs_population_historique,2013-2014,nouveau,DI,18 à 21 ans,False,11,Gaspésie–Îles-de-la-Madeleine,P23L01C04,19
effectifs_population_historique,2013-2014,nouveau,DI,22 à 44 ans,False,11,Gaspésie–Îles-de-la-Madeleine,P23L01C05,128
effectifs_population_historique,2013-2014,nouveau,DI,45 à 64 ans,False,11,Gaspésie–Îles-de-la-Madeleine,P23L01C06,145
effectifs_population_historique,2013-2014,nouveau,DI,5 à 11 ans,False,11,Gaspésie–Îles-de-la-Madeleine,P23L01C02,20
effectifs_population_historique,2013-2014,nouveau,DI,65 à 74 ans,False,11,Gaspésie–Îles-de-la-Madeleine,P23L01C07,38
effectifs_population_historique,2013-2014,nouveau,DI,75 ans et plus,False,11,Gaspésie–Îles-de-la-Madeleine,P23L01C08,10
effectifs_population_historique,2013-2014,nouveau,DI,Total,True,11,Gaspésie–Îles-de-la-Madeleine,P23L01C09,391
effectifs_population_historique,2013-2014,nouveau,DI,0 à 4 ans,False,12,Chaudière-Appalaches,P23L01C01,54
effectifs_population_historique,2013-2014,nouveau,DI,12 à 17 ans,False,12,Chaudière-Appalaches,P23L01C03,64
effectifs_population_historique,2013-2014,nouveau,DI,18 à 21 ans,False,12,Chaudière-Appalaches,P23L01C04,63
effectifs_population_historique,2013-2014,nouveau,DI,22 à 44 ans,False,12,Chaudière-Appalaches,P23L01C05,466
effectifs_population_historique,2013-2014,nouveau,DI,45 à 64 ans,False,12,Chaudière-Appalaches,P23L01C06,426
effectifs_population_historique,2013-2014,nouveau,DI,5 à 11 ans,False,12,Chaudière-Appalaches,P23L01C02,73
effectifs_population_historique,2013-2014,nouveau,DI,65 à 74 ans,False,12,Chaudière-Appalaches,P23L01C07,63
effectifs_population_historique,2013-2014,nouveau,DI,75 ans et plus,False,12,Chaudière-Appalaches,P23L01C08,17
effectifs_population_historique,2013-2014,nouveau,DI,Total,True,12,Chaudière-Appalaches,P23L01C09,1226
effectifs_population_historique,2013-2014,nouveau,DI,0 à 4 ans,False,13,Laval,P23L01C01,161
effectifs_population_historique,2013-2014,nouveau,DI,12 à 17 ans,False,13,Laval,P23L01C03,127
effectifs_population_historique,2013-2014,nouveau,DI,18 à 21 ans,False,13,Laval,P23L01C04,100
effectifs_population_historique,2013-2014,nouveau,DI,22 à 44 ans,False,13,Laval,P23L01C05,339
effectifs_population_historique,2013-2014,nouveau,DI,45 à 64 ans,False,13,Laval,P23L01C06,242
effectifs_population_historique,2013-2014,nouveau,DI,5 à 11 ans,False,13,Laval,P23L01C02,86
effectifs_population_historique,2013-2014,nouveau,DI,65 à 74 ans,False,13,Laval,P23L01C07,42
effectifs_population_historique,2013-2014,nouveau,DI,75 ans et plus,False,13,Laval,P23L01C08,5
effectifs_population_historique,2013-2014,nouveau,DI,Total,True,13,Laval,P23L01C09,1102
effectifs_population_historique,2013-2014,nouveau,DI,0 à 4 ans,False,14,Lanaudière,P23L01C01,48
effectifs_population_historique,2013-2014,nouveau,DI,12 à 17 ans,False,14,Lanaudière,P23L01C03,90
effectifs_population_historique,2013-2014,nouveau,DI,18 à 21 ans,False,14,Lanaudière,P23L01C04,103
effectifs_population_historique,2013-2014,nouveau,DI,22 à 44 ans,False,14,Lanaudière,P23L01C05,321
effectifs_population_historique,2013-2014,nouveau,DI,45 à 64 ans,False,14,Lanaudière,P23L01C06,284
effectifs_population_historique,2013-2014,nouveau,DI,5 à 11 ans,False,14,Lanaudière,P23L01C02,66
effectifs_population_historique,2013-2014,nouveau,DI,65 à 74 ans,False,14,Lanaudière,P23L01C07,45
effectifs_population_historique,2013-2014,nouveau,DI,75 ans et plus,False,14,Lanaudière,P23L01C08,4
effectifs_population_historique,2013-2014,nouveau,DI,Total,True,14,Lanaudière,P23L01C09,961
effectifs_population_historique,2013-2014,nouveau,DI,0 à 4 ans,False,15,Laurentides,P23L01C01,40
effectifs_population_historique,2013-2014,nouveau,DI,12 à 17 ans,False,15,Laurentides,P23L01C03,108
effectifs_population_historique,2013-2014,nouveau,DI,18 à 21 ans,False,15,Laurentides,P23L01C04,91
effectifs_population_historique,2013-2014,nouveau,DI,22 à 44 ans,False,15,Laurentides,P23L01C05,484
effectifs_population_historique,2013-2014,nouveau,DI,45 à 64 ans,False,15,Laurentides,P23L01C06,426
effectifs_population_historique,2013-2014,nouveau,DI,5 à 11 ans,False,15,Laurentides,P23L01C02,85
effectifs_population_historique,2013-2014,nouveau,DI,65 à 74 ans,False,15,Laurentides,P23L01C07,53
effectifs_population_historique,2013-2014,nouveau,DI,75 ans et plus,False,15,Laurentides,P23L01C08,8
effectifs_population_historique,2013-2014,nouveau,DI,Total,True,15,Laurentides,P23L01C09,1295
effectifs_population_historique,2013-2014,nouveau,DI,0 à 4 ans,False,16,Montérégie,P23L01C01,56
effectifs_population_historique,2013-2014,nouveau,DI,12 à 17 ans,False,16,Montérégie,P23L01C03,252
effectifs_population_historique,2013-2014,nouveau,DI,18 à 21 ans,False,16,Montérégie,P23L01C04,272
effectifs_population_historique,2013-2014,nouveau,DI,22 à 44 ans,False,16,Montérégie,P23L01C05,1363
effectifs_population_historique,2013-2014,nouveau,DI,45 à 64 ans,False,16,Montérégie,P23L01C06,1126
effectifs_population_historique,2013-2014,nouveau,DI,5 à 11 ans,False,16,Montérégie,P23L01C02,188
effectifs_population_historique,2013-2014,nouveau,DI,65 à 74 ans,False,16,Montérégie,P23L01C07,108
effectifs_population_historique,2013-2014,nouveau,DI,75 ans et plus,False,16,Montérégie,P23L01C08,10
effectifs_population_historique,2013-2014,nouveau,DI,Total,True,16,Montérégie,P23L01C09,3375
effectifs_population_historique,2014-2015,nouveau,DI,0 à 4 ans,False,1,Bas-Saint-Laurent,P23L01C01,35
effectifs_population_historique,2014-2015,nouveau,DI,12 à 17 ans,False,1,Bas-Saint-Laurent,P23L01C03,56
effectifs_population_historique,2014-2015,nouveau,DI,18 à 21 ans,False,1,Bas-Saint-Laurent,P23L01C04,33
effectifs_population_historique,2014-2015,nouveau,DI,22 à 44 ans,False,1,Bas-Saint-Laurent,P23L01C05,210
effectifs_population_historique,2014-2015,nouveau,DI,45 à 64 ans,False,1,Bas-Saint-Laurent,P23L01C06,251
effectifs_population_historique,2014-2015,nouveau,DI,5 à 11 ans,False,1,Bas-Saint-Laurent,P23L01C02,54
effectifs_population_historique,2014-2015,nouveau,DI,65 à 74 ans,False,1,Bas-Saint-Laurent,P23L01C07,15
effectifs_population_historique,2014-2015,nouveau,DI,75 ans et plus,False,1,Bas-Saint-Laurent,P23L01C08,0
effectifs_population_historique,2014-2015,nouveau,DI,Total,True,1,Bas-Saint-Laurent,P23L01C09,654
effectifs_population_historique,2014-2015,nouveau,DI,0 à 4 ans,False,2,Saguenay–Lac-Saint-Jean,P23L01C01,69
effectifs_population_historique,2014-2015,nouveau,DI,12 à 17 ans,False,2,Saguenay–Lac-Saint-Jean,P23L01C03,73
effectifs_population_historique,2014-2015,nouveau,DI,18 à 21 ans,False,2,Saguenay–Lac-Saint-Jean,P23L01C04,77
effectifs_population_historique,2014-2015,nouveau,DI,22 à 44 ans,False,2,Saguenay–Lac-Saint-Jean,P23L01C05,363
effectifs_population_historique,2014-2015,nouveau,DI,45 à 64 ans,False,2,Saguenay–Lac-Saint-Jean,P23L01C06,394
effectifs_population_historique,2014-2015,nouveau,DI,5 à 11 ans,False,2,Saguenay–Lac-Saint-Jean,P23L01C02,87
effectifs_population_historique,2014-2015,nouveau,DI,65 à 74 ans,False,2,Saguenay–Lac-Saint-Jean,P23L01C07,57
effectifs_population_historique,2014-2015,nouveau,DI,75 ans et plus,False,2,Saguenay–Lac-Saint-Jean,P23L01C08,33
effectifs_population_historique,2014-2015,nouveau,DI,Total,True,2,Saguenay–Lac-Saint-Jean,P23L01C09,1153
effectifs_population_historique,2014-2015,nouveau,DI,0 à 4 ans,False,3,Capitale-Nationale,P23L01C01,48
effectifs_population_historique,2014-2015,nouveau,DI,12 à 17 ans,False,3,Capitale-Nationale,P23L01C03,125
effectifs_population_historique,2014-2015,nouveau,DI,18 à 21 ans,False,3,Capitale-Nationale,P23L01C04,139
effectifs_population_historique,2014-2015,nouveau,DI,22 à 44 ans,False,3,Capitale-Nationale,P23L01C05,722
effectifs_population_historique,2014-2015,nouveau,DI,45 à 64 ans,False,3,Capitale-Nationale,P23L01C06,773
effectifs_population_historique,2014-2015,nouveau,DI,5 à 11 ans,False,3,Capitale-Nationale,P23L01C02,120
effectifs_population_historique,2014-2015,nouveau,DI,65 à 74 ans,False,3,Capitale-Nationale,P23L01C07,244
effectifs_population_historique,2014-2015,nouveau,DI,75 ans et plus,False,3,Capitale-Nationale,P23L01C08,79
effectifs_population_historique,2014-2015,nouveau,DI,Total,True,3,Capitale-Nationale,P23L01C09,2250
effectifs_population_historique,2014-2015,nouveau,DI,0 à 4 ans,False,4,Mauricie et Centre-du-Québec,P23L01C01,64
effectifs_population_historique,2014-2015,nouveau,DI,12 à 17 ans,False,4,Mauricie et Centre-du-Québec,P23L01C03,96
effectifs_population_historique,2014-2015,nouveau,DI,18 à 21 ans,False,4,Mauricie et Centre-du-Québec,P23L01C04,92
effectifs_population_historique,2014-2015,nouveau,DI,22 à 44 ans,False,4,Mauricie et Centre-du-Québec,P23L01C05,526
effectifs_population_historique,2014-2015,nouveau,DI,45 à 64 ans,False,4,Mauricie et Centre-du-Québec,P23L01C06,532
effectifs_population_historique,2014-2015,nouveau,DI,5 à 11 ans,False,4,Mauricie et Centre-du-Québec,P23L01C02,88
effectifs_population_historique,2014-2015,nouveau,DI,65 à 74 ans,False,4,Mauricie et Centre-du-Québec,P23L01C07,117
effectifs_population_historique,2014-2015,nouveau,DI,75 ans et plus,False,4,Mauricie et Centre-du-Québec,P23L01C08,49
effectifs_population_historique,2014-2015,nouveau,DI,Total,True,4,Mauricie et Centre-du-Québec,P23L01C09,1564
effectifs_population_historique,2014-2015,nouveau,DI,0 à 4 ans,False,5,Estrie,P23L01C01,34
effectifs_population_historique,2014-2015,nouveau,DI,12 à 17 ans,False,5,Estrie,P23L01C03,56
effectifs_population_historique,2014-2015,nouveau,DI,18 à 21 ans,False,5,Estrie,P23L01C04,62
effectifs_population_historique,2014-2015,nouveau,DI,22 à 44 ans,False,5,Estrie,P23L01C05,344
effectifs_population_historique,2014-2015,nouveau,DI,45 à 64 ans,False,5,Estrie,P23L01C06,375
effectifs_population_historique,2014-2015,nouveau,DI,5 à 11 ans,False,5,Estrie,P23L01C02,25
effectifs_population_historique,2014-2015,nouveau,DI,65 à 74 ans,False,5,Estrie,P23L01C07,78
effectifs_population_historique,2014-2015,nouveau,DI,75 ans et plus,False,5,Estrie,P23L01C08,7
effectifs_population_historique,2014-2015,nouveau,DI,Total,True,5,Estrie,P23L01C09,981
effectifs_population_historique,2014-2015,nouveau,DI,0 à 4 ans,False,6,Montréal,P23L01C01,273
effectifs_population_historique,2014-2015,nouveau,DI,12 à 17 ans,False,6,Montréal,P23L01C03,399
effectifs_population_historique,2014-2015,nouveau,DI,18 à 21 ans,False,6,Montréal,P23L01C04,300
effectifs_population_historique,2014-2015,nouveau,DI,22 à 44 ans,False,6,Montréal,P23L01C05,1702
effectifs_population_historique,2014-2015,nouveau,DI,45 à 64 ans,False,6,Montréal,P23L01C06,1716
effectifs_population_historique,2014-2015,nouveau,DI,5 à 11 ans,False,6,Montréal,P23L01C02,354
effectifs_population_historique,2014-2015,nouveau,DI,65 à 74 ans,False,6,Montréal,P23L01C07,242
effectifs_population_historique,2014-2015,nouveau,DI,75 ans et plus,False,6,Montréal,P23L01C08,38
effectifs_population_historique,2014-2015,nouveau,DI,Total,True,6,Montréal,P23L01C09,5024
effectifs_population_historique,2014-2015,nouveau,DI,0 à 4 ans,False,7,Outaouais,P23L01C01,44
effectifs_population_historique,2014-2015,nouveau,DI,12 à 17 ans,False,7,Outaouais,P23L01C03,97
effectifs_population_historique,2014-2015,nouveau,DI,18 à 21 ans,False,7,Outaouais,P23L01C04,68
effectifs_population_historique,2014-2015,nouveau,DI,22 à 44 ans,False,7,Outaouais,P23L01C05,208
effectifs_population_historique,2014-2015,nouveau,DI,45 à 64 ans,False,7,Outaouais,P23L01C06,226
effectifs_population_historique,2014-2015,nouveau,DI,5 à 11 ans,False,7,Outaouais,P23L01C02,73
effectifs_population_historique,2014-2015,nouveau,DI,65 à 74 ans,False,7,Outaouais,P23L01C07,33
effectifs_population_historique,2014-2015,nouveau,DI,75 ans et plus,False,7,Outaouais,P23L01C08,4
effectifs_population_historique,2014-2015,nouveau,DI,Total,True,7,Outaouais,P23L01C09,753
effectifs_population_historique,2014-2015,nouveau,DI,0 à 4 ans,False,8,Abitibi-Témiscamingue,P23L01C01,25
effectifs_population_historique,2014-2015,nouveau,DI,12 à 17 ans,False,8,Abitibi-Témiscamingue,P23L01C03,72
effectifs_population_historique,2014-2015,nouveau,DI,18 à 21 ans,False,8,Abitibi-Témiscamingue,P23L01C04,52
effectifs_population_historique,2014-2015,nouveau,DI,22 à 44 ans,False,8,Abitibi-Témiscamingue,P23L01C05,188
effectifs_population_historique,2014-2015,nouveau,DI,45 à 64 ans,False,8,Abitibi-Témiscamingue,P23L01C06,144
effectifs_population_historique,2014-2015,nouveau,DI,5 à 11 ans,False,8,Abitibi-Témiscamingue,P23L01C02,61
effectifs_population_historique,2014-2015,nouveau,DI,65 à 74 ans,False,8,Abitibi-Témiscamingue,P23L01C07,16
effectifs_population_historique,2014-2015,nouveau,DI,75 ans et plus,False,8,Abitibi-Témiscamingue,P23L01C08,5
effectifs_population_historique,2014-2015,nouveau,DI,Total,True,8,Abitibi-Témiscamingue,P23L01C09,563
effectifs_population_historique,2014-2015,nouveau,DI,0 à 4 ans,False,9,Côte-Nord,P23L01C01,18
effectifs_population_historique,2014-2015,nouveau,DI,12 à 17 ans,False,9,Côte-Nord,P23L01C03,17
effectifs_population_historique,2014-2015,nouveau,DI,18 à 21 ans,False,9,Côte-Nord,P23L01C04,18
effectifs_population_historique,2014-2015,nouveau,DI,22 à 44 ans,False,9,Côte-Nord,P23L01C05,75
effectifs_population_historique,2014-2015,nouveau,DI,45 à 64 ans,False,9,Côte-Nord,P23L01C06,117
effectifs_population_historique,2014-2015,nouveau,DI,5 à 11 ans,False,9,Côte-Nord,P23L01C02,10
effectifs_population_historique,2014-2015,nouveau,DI,65 à 74 ans,False,9,Côte-Nord,P23L01C07,14
effectifs_population_historique,2014-2015,nouveau,DI,75 ans et plus,False,9,Côte-Nord,P23L01C08,2
effectifs_population_historique,2014-2015,nouveau,DI,Total,True,9,Côte-Nord,P23L01C09,271
effectifs_population_historique,2014-2015,nouveau,DI,0 à 4 ans,False,11,Gaspésie–Îles-de-la-Madeleine,P23L01C01,5
effectifs_population_historique,2014-2015,nouveau,DI,12 à 17 ans,False,11,Gaspésie–Îles-de-la-Madeleine,P23L01C03,22
effectifs_population_historique,2014-2015,nouveau,DI,18 à 21 ans,False,11,Gaspésie–Îles-de-la-Madeleine,P23L01C04,21
effectifs_population_historique,2014-2015,nouveau,DI,22 à 44 ans,False,11,Gaspésie–Îles-de-la-Madeleine,P23L01C05,99
effectifs_population_historique,2014-2015,nouveau,DI,45 à 64 ans,False,11,Gaspésie–Îles-de-la-Madeleine,P23L01C06,141
effectifs_population_historique,2014-2015,nouveau,DI,5 à 11 ans,False,11,Gaspésie–Îles-de-la-Madeleine,P23L01C02,19
effectifs_population_historique,2014-2015,nouveau,DI,65 à 74 ans,False,11,Gaspésie–Îles-de-la-Madeleine,P23L01C07,32
effectifs_population_historique,2014-2015,nouveau,DI,75 ans et plus,False,11,Gaspésie–Îles-de-la-Madeleine,P23L01C08,7
effectifs_population_historique,2014-2015,nouveau,DI,Total,True,11,Gaspésie–Îles-de-la-Madeleine,P23L01C09,346
effectifs_population_historique,2014-2015,nouveau,DI,0 à 4 ans,False,12,Chaudière-Appalaches,P23L01C01,44
effectifs_population_historique,2014-2015,nouveau,DI,12 à 17 ans,False,12,Chaudière-Appalaches,P23L01C03,55
effectifs_population_historique,2014-2015,nouveau,DI,18 à 21 ans,False,12,Chaudière-Appalaches,P23L01C04,64
effectifs_population_historique,2014-2015,nouveau,DI,22 à 44 ans,False,12,Chaudière-Appalaches,P23L01C05,452
effectifs_population_historique,2014-2015,nouveau,DI,45 à 64 ans,False,12,Chaudière-Appalaches,P23L01C06,416
effectifs_population_historique,2014-2015,nouveau,DI,5 à 11 ans,False,12,Chaudière-Appalaches,P23L01C02,74
effectifs_population_historique,2014-2015,nouveau,DI,65 à 74 ans,False,12,Chaudière-Appalaches,P23L01C07,56
effectifs_population_historique,2014-2015,nouveau,DI,75 ans et plus,False,12,Chaudière-Appalaches,P23L01C08,20
effectifs_population_historique,2014-2015,nouveau,DI,Total,True,12,Chaudière-Appalaches,P23L01C09,1181
effectifs_population_historique,2014-2015,nouveau,DI,0 à 4 ans,False,13,Laval,P23L01C01,175
effectifs_population_historique,2014-2015,nouveau,DI,12 à 17 ans,False,13,Laval,P23L01C03,115
effectifs_population_historique,2014-2015,nouveau,DI,18 à 21 ans,False,13,Laval,P23L01C04,97
effectifs_population_historique,2014-2015,nouveau,DI,22 à 44 ans,False,13,Laval,P23L01C05,338
effectifs_population_historique,2014-2015,nouveau,DI,45 à 64 ans,False,13,Laval,P23L01C06,246
effectifs_population_historique,2014-2015,nouveau,DI,5 à 11 ans,False,13,Laval,P23L01C02,92
effectifs_population_historique,2014-2015,nouveau,DI,65 à 74 ans,False,13,Laval,P23L01C07,37
effectifs_population_historique,2014-2015,nouveau,DI,75 ans et plus,False,13,Laval,P23L01C08,7
effectifs_population_historique,2014-2015,nouveau,DI,Total,True,13,Laval,P23L01C09,1107
effectifs_population_historique,2014-2015,nouveau,DI,0 à 4 ans,False,14,Lanaudière,P23L01C01,57
effectifs_population_historique,2014-2015,nouveau,DI,12 à 17 ans,False,14,Lanaudière,P23L01C03,82
effectifs_population_historique,2014-2015,nouveau,DI,18 à 21 ans,False,14,Lanaudière,P23L01C04,99
effectifs_population_historique,2014-2015,nouveau,DI,22 à 44 ans,False,14,Lanaudière,P23L01C05,305
effectifs_population_historique,2014-2015,nouveau,DI,45 à 64 ans,False,14,Lanaudière,P23L01C06,256
effectifs_population_historique,2014-2015,nouveau,DI,5 à 11 ans,False,14,Lanaudière,P23L01C02,72
effectifs_population_historique,2014-2015,nouveau,DI,65 à 74 ans,False,14,Lanaudière,P23L01C07,44
effectifs_population_historique,2014-2015,nouveau,DI,75 ans et plus,False,14,Lanaudière,P23L01C08,6
effectifs_population_historique,2014-2015,nouveau,DI,Total,True,14,Lanaudière,P23L01C09,921
effectifs_population_historique,2014-2015,nouveau,DI,0 à 4 ans,False,15,Laurentides,P23L01C01,36
effectifs_population_historique,2014-2015,nouveau,DI,12 à 17 ans,False,15,Laurentides,P23L01C03,107
effectifs_population_historique,2014-2015,nouveau,DI,18 à 21 ans,False,15,Laurentides,P23L01C04,97
effectifs_population_historique,2014-2015,nouveau,DI,22 à 44 ans,False,15,Laurentides,P23L01C05,499
effectifs_population_historique,2014-2015,nouveau,DI,45 à 64 ans,False,15,Laurentides,P23L01C06,424
effectifs_population_historique,2014-2015,nouveau,DI,5 à 11 ans,False,15,Laurentides,P23L01C02,77
effectifs_population_historique,2014-2015,nouveau,DI,65 à 74 ans,False,15,Laurentides,P23L01C07,61
effectifs_population_historique,2014-2015,nouveau,DI,75 ans et plus,False,15,Laurentides,P23L01C08,9
effectifs_population_historique,2014-2015,nouveau,DI,Total,True,15,Laurentides,P23L01C09,1310
effectifs_population_historique,2014-2015,nouveau,DI,0 à 4 ans,False,16,Montérégie,P23L01C01,44
effectifs_population_historique,2014-2015,nouveau,DI,12 à 17 ans,False,16,Montérégie,P23L01C03,200
effectifs_population_historique,2014-2015,nouveau,DI,18 à 21 ans,False,16,Montérégie,P23L01C04,257
effectifs_population_historique,2014-2015,nouveau,DI,22 à 44 ans,False,16,Montérégie,P23L01C05,1310
effectifs_population_historique,2014-2015,nouveau,DI,45 à 64 ans,False,16,Montérégie,P23L01C06,1057
effectifs_population_historique,2014-2015,nouveau,DI,5 à 11 ans,False,16,Montérégie,P23L01C02,161
effectifs_population_historique,2014-2015,nouveau,DI,65 à 74 ans,False,16,Montérégie,P23L01C07,111
effectifs_population_historique,2014-2015,nouveau,DI,75 ans et plus,False,16,Montérégie,P23L01C08,11
effectifs_population_historique,2014-2015,nouveau,DI,Total,True,16,Montérégie,P23L01C09,3151
effectifs_population_historique,2015-2016,nouveau,DI,0 à 4 ans,False,1,Bas-Saint-Laurent,P23L01C01,33
effectifs_population_historique,2015-2016,nouveau,DI,12 à 17 ans,False,1,Bas-Saint-Laurent,P23L01C03,49
effectifs_population_historique,2015-2016,nouveau,DI,18 à 21 ans,False,1,Bas-Saint-Laurent,P23L01C04,32
effectifs_population_historique,2015-2016,nouveau,DI,22 à 44 ans,False,1,Bas-Saint-Laurent,P23L01C05,213
effectifs_population_historique,2015-2016,nouveau,DI,45 à 64 ans,False,1,Bas-Saint-Laurent,P23L01C06,251
effectifs_population_historique,2015-2016,nouveau,DI,5 à 11 ans,False,1,Bas-Saint-Laurent,P23L01C02,65
effectifs_population_historique,2015-2016,nouveau,DI,65 à 74 ans,False,1,Bas-Saint-Laurent,P23L01C07,15
effectifs_population_historique,2015-2016,nouveau,DI,75 ans et plus,False,1,Bas-Saint-Laurent,P23L01C08,2
effectifs_population_historique,2015-2016,nouveau,DI,Total,True,1,Bas-Saint-Laurent,P23L01C09,660
effectifs_population_historique,2015-2016,nouveau,DI,0 à 4 ans,False,2,Saguenay–Lac-Saint-Jean,P23L01C01,62
effectifs_population_historique,2015-2016,nouveau,DI,12 à 17 ans,False,2,Saguenay–Lac-Saint-Jean,P23L01C03,60
effectifs_population_historique,2015-2016,nouveau,DI,18 à 21 ans,False,2,Saguenay–Lac-Saint-Jean,P23L01C04,58
effectifs_population_historique,2015-2016,nouveau,DI,22 à 44 ans,False,2,Saguenay–Lac-Saint-Jean,P23L01C05,371
effectifs_population_historique,2015-2016,nouveau,DI,45 à 64 ans,False,2,Saguenay–Lac-Saint-Jean,P23L01C06,381
effectifs_population_historique,2015-2016,nouveau,DI,5 à 11 ans,False,2,Saguenay–Lac-Saint-Jean,P23L01C02,89
effectifs_population_historique,2015-2016,nouveau,DI,65 à 74 ans,False,2,Saguenay–Lac-Saint-Jean,P23L01C07,65
effectifs_population_historique,2015-2016,nouveau,DI,75 ans et plus,False,2,Saguenay–Lac-Saint-Jean,P23L01C08,27
effectifs_population_historique,2015-2016,nouveau,DI,Total,True,2,Saguenay–Lac-Saint-Jean,P23L01C09,1113
effectifs_population_historique,2015-2016,nouveau,DI,0 à 4 ans,False,3,Capitale-Nationale,P23L01C01,65
effectifs_population_historique,2015-2016,nouveau,DI,12 à 17 ans,False,3,Capitale-Nationale,P23L01C03,116
effectifs_population_historique,2015-2016,nouveau,DI,18 à 21 ans,False,3,Capitale-Nationale,P23L01C04,126
effectifs_population_historique,2015-2016,nouveau,DI,22 à 44 ans,False,3,Capitale-Nationale,P23L01C05,724
effectifs_population_historique,2015-2016,nouveau,DI,45 à 64 ans,False,3,Capitale-Nationale,P23L01C06,758
effectifs_population_historique,2015-2016,nouveau,DI,5 à 11 ans,False,3,Capitale-Nationale,P23L01C02,134
effectifs_population_historique,2015-2016,nouveau,DI,65 à 74 ans,False,3,Capitale-Nationale,P23L01C07,250
effectifs_population_historique,2015-2016,nouveau,DI,75 ans et plus,False,3,Capitale-Nationale,P23L01C08,73
effectifs_population_historique,2015-2016,nouveau,DI,Total,True,3,Capitale-Nationale,P23L01C09,2246
effectifs_population_historique,2015-2016,nouveau,DI,0 à 4 ans,False,4,Mauricie et Centre-du-Québec,P23L01C01,73
effectifs_population_historique,2015-2016,nouveau,DI,12 à 17 ans,False,4,Mauricie et Centre-du-Québec,P23L01C03,80
effectifs_population_historique,2015-2016,nouveau,DI,18 à 21 ans,False,4,Mauricie et Centre-du-Québec,P23L01C04,91
effectifs_population_historique,2015-2016,nouveau,DI,22 à 44 ans,False,4,Mauricie et Centre-du-Québec,P23L01C05,519
effectifs_population_historique,2015-2016,nouveau,DI,45 à 64 ans,False,4,Mauricie et Centre-du-Québec,P23L01C06,515
effectifs_population_historique,2015-2016,nouveau,DI,5 à 11 ans,False,4,Mauricie et Centre-du-Québec,P23L01C02,86
effectifs_population_historique,2015-2016,nouveau,DI,65 à 74 ans,False,4,Mauricie et Centre-du-Québec,P23L01C07,116
effectifs_population_historique,2015-2016,nouveau,DI,75 ans et plus,False,4,Mauricie et Centre-du-Québec,P23L01C08,52
effectifs_population_historique,2015-2016,nouveau,DI,Total,True,4,Mauricie et Centre-du-Québec,P23L01C09,1532
effectifs_population_historique,2015-2016,nouveau,DI,0 à 4 ans,False,5,Estrie,P23L01C01,32
effectifs_population_historique,2015-2016,nouveau,DI,12 à 17 ans,False,5,Estrie,P23L01C03,55
effectifs_population_historique,2015-2016,nouveau,DI,18 à 21 ans,False,5,Estrie,P23L01C04,58
effectifs_population_historique,2015-2016,nouveau,DI,22 à 44 ans,False,5,Estrie,P23L01C05,356
effectifs_population_historique,2015-2016,nouveau,DI,45 à 64 ans,False,5,Estrie,P23L01C06,356
effectifs_population_historique,2015-2016,nouveau,DI,5 à 11 ans,False,5,Estrie,P23L01C02,23
effectifs_population_historique,2015-2016,nouveau,DI,65 à 74 ans,False,5,Estrie,P23L01C07,84
effectifs_population_historique,2015-2016,nouveau,DI,75 ans et plus,False,5,Estrie,P23L01C08,5
effectifs_population_historique,2015-2016,nouveau,DI,Total,True,5,Estrie,P23L01C09,969
effectifs_population_historique,2015-2016,nouveau,DI,0 à 4 ans,False,6,Montréal,P23L01C01,276
effectifs_population_historique,2015-2016,nouveau,DI,12 à 17 ans,False,6,Montréal,P23L01C03,357
effectifs_population_historique,2015-2016,nouveau,DI,18 à 21 ans,False,6,Montréal,P23L01C04,280
effectifs_population_historique,2015-2016,nouveau,DI,22 à 44 ans,False,6,Montréal,P23L01C05,1653
effectifs_population_historique,2015-2016,nouveau,DI,45 à 64 ans,False,6,Montréal,P23L01C06,1688
effectifs_population_historique,2015-2016,nouveau,DI,5 à 11 ans,False,6,Montréal,P23L01C02,338
effectifs_population_historique,2015-2016,nouveau,DI,65 à 74 ans,False,6,Montréal,P23L01C07,255
effectifs_population_historique,2015-2016,nouveau,DI,75 ans et plus,False,6,Montréal,P23L01C08,35
effectifs_population_historique,2015-2016,nouveau,DI,Total,True,6,Montréal,P23L01C09,4882
effectifs_population_historique,2015-2016,nouveau,DI,0 à 4 ans,False,7,Outaouais,P23L01C01,48
effectifs_population_historique,2015-2016,nouveau,DI,12 à 17 ans,False,7,Outaouais,P23L01C03,91
effectifs_population_historique,2015-2016,nouveau,DI,18 à 21 ans,False,7,Outaouais,P23L01C04,60
effectifs_population_historique,2015-2016,nouveau,DI,22 à 44 ans,False,7,Outaouais,P23L01C05,190
effectifs_population_historique,2015-2016,nouveau,DI,45 à 64 ans,False,7,Outaouais,P23L01C06,230
effectifs_population_historique,2015-2016,nouveau,DI,5 à 11 ans,False,7,Outaouais,P23L01C02,88
effectifs_population_historique,2015-2016,nouveau,DI,65 à 74 ans,False,7,Outaouais,P23L01C07,36
effectifs_population_historique,2015-2016,nouveau,DI,75 ans et plus,False,7,Outaouais,P23L01C08,5
effectifs_population_historique,2015-2016,nouveau,DI,Total,True,7,Outaouais,P23L01C09,748
effectifs_population_historique,2015-2016,nouveau,DI,0 à 4 ans,False,8,Abitibi-Témiscamingue,P23L01C01,29
effectifs_population_historique,2015-2016,nouveau,DI,12 à 17 ans,False,8,Abitibi-Témiscamingue,P23L01C03,58
effectifs_population_historique,2015-2016,nouveau,DI,18 à 21 ans,False,8,Abitibi-Témiscamingue,P23L01C04,56
effectifs_population_historique,2015-2016,nouveau,DI,22 à 44 ans,False,8,Abitibi-Témiscamingue,P23L01C05,194
effectifs_population_historique,2015-2016,nouveau,DI,45 à 64 ans,False,8,Abitibi-Témiscamingue,P23L01C06,145
effectifs_population_historique,2015-2016,nouveau,DI,5 à 11 ans,False,8,Abitibi-Témiscamingue,P23L01C02,72
effectifs_population_historique,2015-2016,nouveau,DI,65 à 74 ans,False,8,Abitibi-Témiscamingue,P23L01C07,24
effectifs_population_historique,2015-2016,nouveau,DI,75 ans et plus,False,8,Abitibi-Témiscamingue,P23L01C08,4
effectifs_population_historique,2015-2016,nouveau,DI,Total,True,8,Abitibi-Témiscamingue,P23L01C09,582
effectifs_population_historique,2015-2016,nouveau,DI,0 à 4 ans,False,9,Côte-Nord,P23L01C01,26
effectifs_population_historique,2015-2016,nouveau,DI,12 à 17 ans,False,9,Côte-Nord,P23L01C03,12
effectifs_population_historique,2015-2016,nouveau,DI,18 à 21 ans,False,9,Côte-Nord,P23L01C04,17
effectifs_population_historique,2015-2016,nouveau,DI,22 à 44 ans,False,9,Côte-Nord,P23L01C05,70
effectifs_population_historique,2015-2016,nouveau,DI,45 à 64 ans,False,9,Côte-Nord,P23L01C06,112
effectifs_population_historique,2015-2016,nouveau,DI,5 à 11 ans,False,9,Côte-Nord,P23L01C02,20
effectifs_population_historique,2015-2016,nouveau,DI,65 à 74 ans,False,9,Côte-Nord,P23L01C07,12
effectifs_population_historique,2015-2016,nouveau,DI,75 ans et plus,False,9,Côte-Nord,P23L01C08,3
effectifs_population_historique,2015-2016,nouveau,DI,Total,True,9,Côte-Nord,P23L01C09,272
effectifs_population_historique,2015-2016,nouveau,DI,0 à 4 ans,False,11,Gaspésie–Îles-de-la-Madeleine,P23L01C01,6
effectifs_population_historique,2015-2016,nouveau,DI,12 à 17 ans,False,11,Gaspésie–Îles-de-la-Madeleine,P23L01C03,22
effectifs_population_historique,2015-2016,nouveau,DI,18 à 21 ans,False,11,Gaspésie–Îles-de-la-Madeleine,P23L01C04,20
effectifs_population_historique,2015-2016,nouveau,DI,22 à 44 ans,False,11,Gaspésie–Îles-de-la-Madeleine,P23L01C05,98
effectifs_population_historique,2015-2016,nouveau,DI,45 à 64 ans,False,11,Gaspésie–Îles-de-la-Madeleine,P23L01C06,133
effectifs_population_historique,2015-2016,nouveau,DI,5 à 11 ans,False,11,Gaspésie–Îles-de-la-Madeleine,P23L01C02,20
effectifs_population_historique,2015-2016,nouveau,DI,65 à 74 ans,False,11,Gaspésie–Îles-de-la-Madeleine,P23L01C07,31
effectifs_population_historique,2015-2016,nouveau,DI,75 ans et plus,False,11,Gaspésie–Îles-de-la-Madeleine,P23L01C08,6
effectifs_population_historique,2015-2016,nouveau,DI,Total,True,11,Gaspésie–Îles-de-la-Madeleine,P23L01C09,336
effectifs_population_historique,2015-2016,nouveau,DI,0 à 4 ans,False,12,Chaudière-Appalaches,P23L01C01,60
effectifs_population_historique,2015-2016,nouveau,DI,12 à 17 ans,False,12,Chaudière-Appalaches,P23L01C03,49
effectifs_population_historique,2015-2016,nouveau,DI,18 à 21 ans,False,12,Chaudière-Appalaches,P23L01C04,56
effectifs_population_historique,2015-2016,nouveau,DI,22 à 44 ans,False,12,Chaudière-Appalaches,P23L01C05,435
effectifs_population_historique,2015-2016,nouveau,DI,45 à 64 ans,False,12,Chaudière-Appalaches,P23L01C06,378
effectifs_population_historique,2015-2016,nouveau,DI,5 à 11 ans,False,12,Chaudière-Appalaches,P23L01C02,74
effectifs_population_historique,2015-2016,nouveau,DI,65 à 74 ans,False,12,Chaudière-Appalaches,P23L01C07,55
effectifs_population_historique,2015-2016,nouveau,DI,75 ans et plus,False,12,Chaudière-Appalaches,P23L01C08,21
effectifs_population_historique,2015-2016,nouveau,DI,Total,True,12,Chaudière-Appalaches,P23L01C09,1128
effectifs_population_historique,2015-2016,nouveau,DI,0 à 4 ans,False,13,Laval,P23L01C01,107
effectifs_population_historique,2015-2016,nouveau,DI,12 à 17 ans,False,13,Laval,P23L01C03,87
effectifs_population_historique,2015-2016,nouveau,DI,18 à 21 ans,False,13,Laval,P23L01C04,93
effectifs_population_historique,2015-2016,nouveau,DI,22 à 44 ans,False,13,Laval,P23L01C05,337
effectifs_population_historique,2015-2016,nouveau,DI,45 à 64 ans,False,13,Laval,P23L01C06,236
effectifs_population_historique,2015-2016,nouveau,DI,5 à 11 ans,False,13,Laval,P23L01C02,70
effectifs_population_historique,2015-2016,nouveau,DI,65 à 74 ans,False,13,Laval,P23L01C07,41
effectifs_population_historique,2015-2016,nouveau,DI,75 ans et plus,False,13,Laval,P23L01C08,10
effectifs_population_historique,2015-2016,nouveau,DI,Total,True,13,Laval,P23L01C09,981
effectifs_population_historique,2015-2016,nouveau,DI,0 à 4 ans,False,14,Lanaudière,P23L01C01,64
effectifs_population_historique,2015-2016,nouveau,DI,12 à 17 ans,False,14,Lanaudière,P23L01C03,82
effectifs_population_historique,2015-2016,nouveau,DI,18 à 21 ans,False,14,Lanaudière,P23L01C04,87
effectifs_population_historique,2015-2016,nouveau,DI,22 à 44 ans,False,14,Lanaudière,P23L01C05,285
effectifs_population_historique,2015-2016,nouveau,DI,45 à 64 ans,False,14,Lanaudière,P23L01C06,239
effectifs_population_historique,2015-2016,nouveau,DI,5 à 11 ans,False,14,Lanaudière,P23L01C02,64
effectifs_population_historique,2015-2016,nouveau,DI,65 à 74 ans,False,14,Lanaudière,P23L01C07,41
effectifs_population_historique,2015-2016,nouveau,DI,75 ans et plus,False,14,Lanaudière,P23L01C08,6
effectifs_population_historique,2015-2016,nouveau,DI,Total,True,14,Lanaudière,P23L01C09,868
effectifs_population_historique,2015-2016,nouveau,DI,0 à 4 ans,False,15,Laurentides,P23L01C01,38
effectifs_population_historique,2015-2016,nouveau,DI,12 à 17 ans,False,15,Laurentides,P23L01C03,105
effectifs_population_historique,2015-2016,nouveau,DI,18 à 21 ans,False,15,Laurentides,P23L01C04,117
effectifs_population_historique,2015-2016,nouveau,DI,22 à 44 ans,False,15,Laurentides,P23L01C05,498
effectifs_population_historique,2015-2016,nouveau,DI,45 à 64 ans,False,15,Laurentides,P23L01C06,386
effectifs_population_historique,2015-2016,nouveau,DI,5 à 11 ans,False,15,Laurentides,P23L01C02,92
effectifs_population_historique,2015-2016,nouveau,DI,65 à 74 ans,False,15,Laurentides,P23L01C07,63
effectifs_population_historique,2015-2016,nouveau,DI,75 ans et plus,False,15,Laurentides,P23L01C08,10
effectifs_population_historique,2015-2016,nouveau,DI,Total,True,15,Laurentides,P23L01C09,1309
effectifs_population_historique,2015-2016,nouveau,DI,0 à 4 ans,False,16,Montérégie,P23L01C01,45
effectifs_population_historique,2015-2016,nouveau,DI,12 à 17 ans,False,16,Montérégie,P23L01C03,190
effectifs_population_historique,2015-2016,nouveau,DI,18 à 21 ans,False,16,Montérégie,P23L01C04,228
effectifs_population_historique,2015-2016,nouveau,DI,22 à 44 ans,False,16,Montérégie,P23L01C05,1226
effectifs_population_historique,2015-2016,nouveau,DI,45 à 64 ans,False,16,Montérégie,P23L01C06,997
effectifs_population_historique,2015-2016,nouveau,DI,5 à 11 ans,False,16,Montérégie,P23L01C02,145
effectifs_population_historique,2015-2016,nouveau,DI,65 à 74 ans,False,16,Montérégie,P23L01C07,127
effectifs_population_historique,2015-2016,nouveau,DI,75 ans et plus,False,16,Montérégie,P23L01C08,14
effectifs_population_historique,2015-2016,nouveau,DI,Total,True,16,Montérégie,P23L01C09,2972
effectifs_population_historique,2016-2017,nouveau,DI,0 à 4 ans,False,1,Bas-Saint-Laurent,P23L01C01,38
effectifs_population_historique,2016-2017,nouveau,DI,12 à 17 ans,False,1,Bas-Saint-Laurent,P23L01C03,51
effectifs_population_historique,2016-2017,nouveau,DI,18 à 21 ans,False,1,Bas-Saint-Laurent,P23L01C04,35
effectifs_population_historique,2016-2017,nouveau,DI,22 à 44 ans,False,1,Bas-Saint-Laurent,P23L01C05,207
effectifs_population_historique,2016-2017,nouveau,DI,45 à 64 ans,False,1,Bas-Saint-Laurent,P23L01C06,256
effectifs_population_historique,2016-2017,nouveau,DI,5 à 11 ans,False,1,Bas-Saint-Laurent,P23L01C02,56
effectifs_population_historique,2016-2017,nouveau,DI,65 à 74 ans,False,1,Bas-Saint-Laurent,P23L01C07,21
effectifs_population_historique,2016-2017,nouveau,DI,75 ans et plus,False,1,Bas-Saint-Laurent,P23L01C08,2
effectifs_population_historique,2016-2017,nouveau,DI,Total,True,1,Bas-Saint-Laurent,P23L01C09,666
effectifs_population_historique,2016-2017,nouveau,DI,0 à 4 ans,False,2,Saguenay–Lac-Saint-Jean,P23L01C01,64
effectifs_population_historique,2016-2017,nouveau,DI,12 à 17 ans,False,2,Saguenay–Lac-Saint-Jean,P23L01C03,58
effectifs_population_historique,2016-2017,nouveau,DI,18 à 21 ans,False,2,Saguenay–Lac-Saint-Jean,P23L01C04,56
effectifs_population_historique,2016-2017,nouveau,DI,22 à 44 ans,False,2,Saguenay–Lac-Saint-Jean,P23L01C05,379
effectifs_population_historique,2016-2017,nouveau,DI,45 à 64 ans,False,2,Saguenay–Lac-Saint-Jean,P23L01C06,363
effectifs_population_historique,2016-2017,nouveau,DI,5 à 11 ans,False,2,Saguenay–Lac-Saint-Jean,P23L01C02,84
effectifs_population_historique,2016-2017,nouveau,DI,65 à 74 ans,False,2,Saguenay–Lac-Saint-Jean,P23L01C07,76
effectifs_population_historique,2016-2017,nouveau,DI,75 ans et plus,False,2,Saguenay–Lac-Saint-Jean,P23L01C08,25
effectifs_population_historique,2016-2017,nouveau,DI,Total,True,2,Saguenay–Lac-Saint-Jean,P23L01C09,1105
effectifs_population_historique,2016-2017,nouveau,DI,0 à 4 ans,False,3,Capitale-Nationale,P23L01C01,61
effectifs_population_historique,2016-2017,nouveau,DI,12 à 17 ans,False,3,Capitale-Nationale,P23L01C03,112
effectifs_population_historique,2016-2017,nouveau,DI,18 à 21 ans,False,3,Capitale-Nationale,P23L01C04,125
effectifs_population_historique,2016-2017,nouveau,DI,22 à 44 ans,False,3,Capitale-Nationale,P23L01C05,745
effectifs_population_historique,2016-2017,nouveau,DI,45 à 64 ans,False,3,Capitale-Nationale,P23L01C06,739
effectifs_population_historique,2016-2017,nouveau,DI,5 à 11 ans,False,3,Capitale-Nationale,P23L01C02,110
effectifs_population_historique,2016-2017,nouveau,DI,65 à 74 ans,False,3,Capitale-Nationale,P23L01C07,247
effectifs_population_historique,2016-2017,nouveau,DI,75 ans et plus,False,3,Capitale-Nationale,P23L01C08,87
effectifs_population_historique,2016-2017,nouveau,DI,Total,True,3,Capitale-Nationale,P23L01C09,2226
effectifs_population_historique,2016-2017,nouveau,DI,0 à 4 ans,False,4,Mauricie et Centre-du-Québec,P23L01C01,92
effectifs_population_historique,2016-2017,nouveau,DI,12 à 17 ans,False,4,Mauricie et Centre-du-Québec,P23L01C03,81
effectifs_population_historique,2016-2017,nouveau,DI,18 à 21 ans,False,4,Mauricie et Centre-du-Québec,P23L01C04,75
effectifs_population_historique,2016-2017,nouveau,DI,22 à 44 ans,False,4,Mauricie et Centre-du-Québec,P23L01C05,543
effectifs_population_historique,2016-2017,nouveau,DI,45 à 64 ans,False,4,Mauricie et Centre-du-Québec,P23L01C06,505
effectifs_population_historique,2016-2017,nouveau,DI,5 à 11 ans,False,4,Mauricie et Centre-du-Québec,P23L01C02,93
effectifs_population_historique,2016-2017,nouveau,DI,65 à 74 ans,False,4,Mauricie et Centre-du-Québec,P23L01C07,123
effectifs_population_historique,2016-2017,nouveau,DI,75 ans et plus,False,4,Mauricie et Centre-du-Québec,P23L01C08,49
effectifs_population_historique,2016-2017,nouveau,DI,Total,True,4,Mauricie et Centre-du-Québec,P23L01C09,1561
effectifs_population_historique,2016-2017,nouveau,DI,0 à 4 ans,False,5,Estrie,P23L01C01,32
effectifs_population_historique,2016-2017,nouveau,DI,12 à 17 ans,False,5,Estrie,P23L01C03,47
effectifs_population_historique,2016-2017,nouveau,DI,18 à 21 ans,False,5,Estrie,P23L01C04,53
effectifs_population_historique,2016-2017,nouveau,DI,22 à 44 ans,False,5,Estrie,P23L01C05,358
effectifs_population_historique,2016-2017,nouveau,DI,45 à 64 ans,False,5,Estrie,P23L01C06,341
effectifs_population_historique,2016-2017,nouveau,DI,5 à 11 ans,False,5,Estrie,P23L01C02,25
effectifs_population_historique,2016-2017,nouveau,DI,65 à 74 ans,False,5,Estrie,P23L01C07,90
effectifs_population_historique,2016-2017,nouveau,DI,75 ans et plus,False,5,Estrie,P23L01C08,10
effectifs_population_historique,2016-2017,nouveau,DI,Total,True,5,Estrie,P23L01C09,956
effectifs_population_historique,2016-2017,nouveau,DI,0 à 4 ans,False,6,Montréal,P23L01C01,271
effectifs_population_historique,2016-2017,nouveau,DI,12 à 17 ans,False,6,Montréal,P23L01C03,317
effectifs_population_historique,2016-2017,nouveau,DI,18 à 21 ans,False,6,Montréal,P23L01C04,297
effectifs_population_historique,2016-2017,nouveau,DI,22 à 44 ans,False,6,Montréal,P23L01C05,1614
effectifs_population_historique,2016-2017,nouveau,DI,45 à 64 ans,False,6,Montréal,P23L01C06,1679
effectifs_population_historique,2016-2017,nouveau,DI,5 à 11 ans,False,6,Montréal,P23L01C02,313
effectifs_population_historique,2016-2017,nouveau,DI,65 à 74 ans,False,6,Montréal,P23L01C07,270
effectifs_population_historique,2016-2017,nouveau,DI,75 ans et plus,False,6,Montréal,P23L01C08,42
effectifs_population_historique,2016-2017,nouveau,DI,Total,True,6,Montréal,P23L01C09,4803
effectifs_population_historique,2016-2017,nouveau,DI,0 à 4 ans,False,7,Outaouais,P23L01C01,61
effectifs_population_historique,2016-2017,nouveau,DI,12 à 17 ans,False,7,Outaouais,P23L01C03,66
effectifs_population_historique,2016-2017,nouveau,DI,18 à 21 ans,False,7,Outaouais,P23L01C04,58
effectifs_population_historique,2016-2017,nouveau,DI,22 à 44 ans,False,7,Outaouais,P23L01C05,173
effectifs_population_historique,2016-2017,nouveau,DI,45 à 64 ans,False,7,Outaouais,P23L01C06,228
effectifs_population_historique,2016-2017,nouveau,DI,5 à 11 ans,False,7,Outaouais,P23L01C02,98
effectifs_population_historique,2016-2017,nouveau,DI,65 à 74 ans,False,7,Outaouais,P23L01C07,35
effectifs_population_historique,2016-2017,nouveau,DI,75 ans et plus,False,7,Outaouais,P23L01C08,7
effectifs_population_historique,2016-2017,nouveau,DI,Total,True,7,Outaouais,P23L01C09,726
effectifs_population_historique,2016-2017,nouveau,DI,0 à 4 ans,False,8,Abitibi-Témiscamingue,P23L01C01,23
effectifs_population_historique,2016-2017,nouveau,DI,12 à 17 ans,False,8,Abitibi-Témiscamingue,P23L01C03,58
effectifs_population_historique,2016-2017,nouveau,DI,18 à 21 ans,False,8,Abitibi-Témiscamingue,P23L01C04,53
effectifs_population_historique,2016-2017,nouveau,DI,22 à 44 ans,False,8,Abitibi-Témiscamingue,P23L01C05,193
effectifs_population_historique,2016-2017,nouveau,DI,45 à 64 ans,False,8,Abitibi-Témiscamingue,P23L01C06,152
effectifs_population_historique,2016-2017,nouveau,DI,5 à 11 ans,False,8,Abitibi-Témiscamingue,P23L01C02,71
effectifs_population_historique,2016-2017,nouveau,DI,65 à 74 ans,False,8,Abitibi-Témiscamingue,P23L01C07,25
effectifs_population_historique,2016-2017,nouveau,DI,75 ans et plus,False,8,Abitibi-Témiscamingue,P23L01C08,4
effectifs_population_historique,2016-2017,nouveau,DI,Total,True,8,Abitibi-Témiscamingue,P23L01C09,579
effectifs_population_historique,2016-2017,nouveau,DI,0 à 4 ans,False,9,Côte-Nord,P23L01C01,19
effectifs_population_historique,2016-2017,nouveau,DI,12 à 17 ans,False,9,Côte-Nord,P23L01C03,14
effectifs_population_historique,2016-2017,nouveau,DI,18 à 21 ans,False,9,Côte-Nord,P23L01C04,13
effectifs_population_historique,2016-2017,nouveau,DI,22 à 44 ans,False,9,Côte-Nord,P23L01C05,61
effectifs_population_historique,2016-2017,nouveau,DI,45 à 64 ans,False,9,Côte-Nord,P23L01C06,113
effectifs_population_historique,2016-2017,nouveau,DI,5 à 11 ans,False,9,Côte-Nord,P23L01C02,20
effectifs_population_historique,2016-2017,nouveau,DI,65 à 74 ans,False,9,Côte-Nord,P23L01C07,14
effectifs_population_historique,2016-2017,nouveau,DI,75 ans et plus,False,9,Côte-Nord,P23L01C08,5
effectifs_population_historique,2016-2017,nouveau,DI,Total,True,9,Côte-Nord,P23L01C09,259
effectifs_population_historique,2016-2017,nouveau,DI,0 à 4 ans,False,11,Gaspésie–Îles-de-la-Madeleine,P23L01C01,9
effectifs_population_historique,2016-2017,nouveau,DI,12 à 17 ans,False,11,Gaspésie–Îles-de-la-Madeleine,P23L01C03,25
effectifs_population_historique,2016-2017,nouveau,DI,18 à 21 ans,False,11,Gaspésie–Îles-de-la-Madeleine,P23L01C04,20
effectifs_population_historique,2016-2017,nouveau,DI,22 à 44 ans,False,11,Gaspésie–Îles-de-la-Madeleine,P23L01C05,89
effectifs_population_historique,2016-2017,nouveau,DI,45 à 64 ans,False,11,Gaspésie–Îles-de-la-Madeleine,P23L01C06,132
effectifs_population_historique,2016-2017,nouveau,DI,5 à 11 ans,False,11,Gaspésie–Îles-de-la-Madeleine,P23L01C02,15
effectifs_population_historique,2016-2017,nouveau,DI,65 à 74 ans,False,11,Gaspésie–Îles-de-la-Madeleine,P23L01C07,26
effectifs_population_historique,2016-2017,nouveau,DI,75 ans et plus,False,11,Gaspésie–Îles-de-la-Madeleine,P23L01C08,13
effectifs_population_historique,2016-2017,nouveau,DI,Total,True,11,Gaspésie–Îles-de-la-Madeleine,P23L01C09,329
effectifs_population_historique,2016-2017,nouveau,DI,0 à 4 ans,False,12,Chaudière-Appalaches,P23L01C01,68
effectifs_population_historique,2016-2017,nouveau,DI,12 à 17 ans,False,12,Chaudière-Appalaches,P23L01C03,49
effectifs_population_historique,2016-2017,nouveau,DI,18 à 21 ans,False,12,Chaudière-Appalaches,P23L01C04,71
effectifs_population_historique,2016-2017,nouveau,DI,22 à 44 ans,False,12,Chaudière-Appalaches,P23L01C05,420
effectifs_population_historique,2016-2017,nouveau,DI,45 à 64 ans,False,12,Chaudière-Appalaches,P23L01C06,344
effectifs_population_historique,2016-2017,nouveau,DI,5 à 11 ans,False,12,Chaudière-Appalaches,P23L01C02,77
effectifs_population_historique,2016-2017,nouveau,DI,65 à 74 ans,False,12,Chaudière-Appalaches,P23L01C07,55
effectifs_population_historique,2016-2017,nouveau,DI,75 ans et plus,False,12,Chaudière-Appalaches,P23L01C08,26
effectifs_population_historique,2016-2017,nouveau,DI,Total,True,12,Chaudière-Appalaches,P23L01C09,1110
effectifs_population_historique,2016-2017,nouveau,DI,0 à 4 ans,False,13,Laval,P23L01C01,47
effectifs_population_historique,2016-2017,nouveau,DI,12 à 17 ans,False,13,Laval,P23L01C03,77
effectifs_population_historique,2016-2017,nouveau,DI,18 à 21 ans,False,13,Laval,P23L01C04,84
effectifs_population_historique,2016-2017,nouveau,DI,22 à 44 ans,False,13,Laval,P23L01C05,317
effectifs_population_historique,2016-2017,nouveau,DI,45 à 64 ans,False,13,Laval,P23L01C06,229
effectifs_population_historique,2016-2017,nouveau,DI,5 à 11 ans,False,13,Laval,P23L01C02,69
effectifs_population_historique,2016-2017,nouveau,DI,65 à 74 ans,False,13,Laval,P23L01C07,43
effectifs_population_historique,2016-2017,nouveau,DI,75 ans et plus,False,13,Laval,P23L01C08,11
effectifs_population_historique,2016-2017,nouveau,DI,Total,True,13,Laval,P23L01C09,877
effectifs_population_historique,2016-2017,nouveau,DI,0 à 4 ans,False,14,Lanaudière,P23L01C01,57
effectifs_population_historique,2016-2017,nouveau,DI,12 à 17 ans,False,14,Lanaudière,P23L01C03,79
effectifs_population_historique,2016-2017,nouveau,DI,18 à 21 ans,False,14,Lanaudière,P23L01C04,84
effectifs_population_historique,2016-2017,nouveau,DI,22 à 44 ans,False,14,Lanaudière,P23L01C05,305
effectifs_population_historique,2016-2017,nouveau,DI,45 à 64 ans,False,14,Lanaudière,P23L01C06,253
effectifs_population_historique,2016-2017,nouveau,DI,5 à 11 ans,False,14,Lanaudière,P23L01C02,77
effectifs_population_historique,2016-2017,nouveau,DI,65 à 74 ans,False,14,Lanaudière,P23L01C07,39
effectifs_population_historique,2016-2017,nouveau,DI,75 ans et plus,False,14,Lanaudière,P23L01C08,10
effectifs_population_historique,2016-2017,nouveau,DI,Total,True,14,Lanaudière,P23L01C09,904
effectifs_population_historique,2016-2017,nouveau,DI,0 à 4 ans,False,15,Laurentides,P23L01C01,55
effectifs_population_historique,2016-2017,nouveau,DI,12 à 17 ans,False,15,Laurentides,P23L01C03,82
effectifs_population_historique,2016-2017,nouveau,DI,18 à 21 ans,False,15,Laurentides,P23L01C04,99
effectifs_population_historique,2016-2017,nouveau,DI,22 à 44 ans,False,15,Laurentides,P23L01C05,493
effectifs_population_historique,2016-2017,nouveau,DI,45 à 64 ans,False,15,Laurentides,P23L01C06,379
effectifs_population_historique,2016-2017,nouveau,DI,5 à 11 ans,False,15,Laurentides,P23L01C02,100
effectifs_population_historique,2016-2017,nouveau,DI,65 à 74 ans,False,15,Laurentides,P23L01C07,70
effectifs_population_historique,2016-2017,nouveau,DI,75 ans et plus,False,15,Laurentides,P23L01C08,13
effectifs_population_historique,2016-2017,nouveau,DI,Total,True,15,Laurentides,P23L01C09,1291
effectifs_population_historique,2016-2017,nouveau,DI,0 à 4 ans,False,16,Montérégie,P23L01C01,73
effectifs_population_historique,2016-2017,nouveau,DI,12 à 17 ans,False,16,Montérégie,P23L01C03,162
effectifs_population_historique,2016-2017,nouveau,DI,18 à 21 ans,False,16,Montérégie,P23L01C04,221
effectifs_population_historique,2016-2017,nouveau,DI,22 à 44 ans,False,16,Montérégie,P23L01C05,1169
effectifs_population_historique,2016-2017,nouveau,DI,45 à 64 ans,False,16,Montérégie,P23L01C06,973
effectifs_population_historique,2016-2017,nouveau,DI,5 à 11 ans,False,16,Montérégie,P23L01C02,172
effectifs_population_historique,2016-2017,nouveau,DI,65 à 74 ans,False,16,Montérégie,P23L01C07,135
effectifs_population_historique,2016-2017,nouveau,DI,75 ans et plus,False,16,Montérégie,P23L01C08,16
effectifs_population_historique,2016-2017,nouveau,DI,Total,True,16,Montérégie,P23L01C09,2921
effectifs_population_historique,2017-2018,nouveau,DI,0 à 4 ans,False,1,Bas-Saint-Laurent,P23L01C01,42
effectifs_population_historique,2017-2018,nouveau,DI,12 à 17 ans,False,1,Bas-Saint-Laurent,P23L01C03,50
effectifs_population_historique,2017-2018,nouveau,DI,18 à 21 ans,False,1,Bas-Saint-Laurent,P23L01C04,38
effectifs_population_historique,2017-2018,nouveau,DI,22 à 44 ans,False,1,Bas-Saint-Laurent,P23L01C05,209
effectifs_population_historique,2017-2018,nouveau,DI,45 à 64 ans,False,1,Bas-Saint-Laurent,P23L01C06,259
effectifs_population_historique,2017-2018,nouveau,DI,5 à 11 ans,False,1,Bas-Saint-Laurent,P23L01C02,58
effectifs_population_historique,2017-2018,nouveau,DI,65 à 74 ans,False,1,Bas-Saint-Laurent,P23L01C07,23
effectifs_population_historique,2017-2018,nouveau,DI,75 ans et plus,False,1,Bas-Saint-Laurent,P23L01C08,4
effectifs_population_historique,2017-2018,nouveau,DI,Total,True,1,Bas-Saint-Laurent,P23L01C09,683
effectifs_population_historique,2017-2018,nouveau,DI,0 à 4 ans,False,2,Saguenay–Lac-Saint-Jean,P23L01C01,70
effectifs_population_historique,2017-2018,nouveau,DI,12 à 17 ans,False,2,Saguenay–Lac-Saint-Jean,P23L01C03,64
effectifs_population_historique,2017-2018,nouveau,DI,18 à 21 ans,False,2,Saguenay–Lac-Saint-Jean,P23L01C04,53
effectifs_population_historique,2017-2018,nouveau,DI,22 à 44 ans,False,2,Saguenay–Lac-Saint-Jean,P23L01C05,379
effectifs_population_historique,2017-2018,nouveau,DI,45 à 64 ans,False,2,Saguenay–Lac-Saint-Jean,P23L01C06,356
effectifs_population_historique,2017-2018,nouveau,DI,5 à 11 ans,False,2,Saguenay–Lac-Saint-Jean,P23L01C02,67
effectifs_population_historique,2017-2018,nouveau,DI,65 à 74 ans,False,2,Saguenay–Lac-Saint-Jean,P23L01C07,79
effectifs_population_historique,2017-2018,nouveau,DI,75 ans et plus,False,2,Saguenay–Lac-Saint-Jean,P23L01C08,23
effectifs_population_historique,2017-2018,nouveau,DI,Total,True,2,Saguenay–Lac-Saint-Jean,P23L01C09,1091
effectifs_population_historique,2017-2018,nouveau,DI,0 à 4 ans,False,3,Capitale-Nationale,P23L01C01,66
effectifs_population_historique,2017-2018,nouveau,DI,12 à 17 ans,False,3,Capitale-Nationale,P23L01C03,124
effectifs_population_historique,2017-2018,nouveau,DI,18 à 21 ans,False,3,Capitale-Nationale,P23L01C04,115
effectifs_population_historique,2017-2018,nouveau,DI,22 à 44 ans,False,3,Capitale-Nationale,P23L01C05,733
effectifs_population_historique,2017-2018,nouveau,DI,45 à 64 ans,False,3,Capitale-Nationale,P23L01C06,723
effectifs_population_historique,2017-2018,nouveau,DI,5 à 11 ans,False,3,Capitale-Nationale,P23L01C02,118
effectifs_population_historique,2017-2018,nouveau,DI,65 à 74 ans,False,3,Capitale-Nationale,P23L01C07,243
effectifs_population_historique,2017-2018,nouveau,DI,75 ans et plus,False,3,Capitale-Nationale,P23L01C08,88
effectifs_population_historique,2017-2018,nouveau,DI,Total,True,3,Capitale-Nationale,P23L01C09,2210
effectifs_population_historique,2017-2018,nouveau,DI,0 à 4 ans,False,4,Mauricie et Centre-du-Québec,P23L01C01,96
effectifs_population_historique,2017-2018,nouveau,DI,12 à 17 ans,False,4,Mauricie et Centre-du-Québec,P23L01C03,80
effectifs_population_historique,2017-2018,nouveau,DI,18 à 21 ans,False,4,Mauricie et Centre-du-Québec,P23L01C04,75
effectifs_population_historique,2017-2018,nouveau,DI,22 à 44 ans,False,4,Mauricie et Centre-du-Québec,P23L01C05,559
effectifs_population_historique,2017-2018,nouveau,DI,45 à 64 ans,False,4,Mauricie et Centre-du-Québec,P23L01C06,494
effectifs_population_historique,2017-2018,nouveau,DI,5 à 11 ans,False,4,Mauricie et Centre-du-Québec,P23L01C02,114
effectifs_population_historique,2017-2018,nouveau,DI,65 à 74 ans,False,4,Mauricie et Centre-du-Québec,P23L01C07,134
effectifs_population_historique,2017-2018,nouveau,DI,75 ans et plus,False,4,Mauricie et Centre-du-Québec,P23L01C08,49
effectifs_population_historique,2017-2018,nouveau,DI,Total,True,4,Mauricie et Centre-du-Québec,P23L01C09,1601
effectifs_population_historique,2017-2018,nouveau,DI,0 à 4 ans,False,5,Estrie,P23L01C01,34
effectifs_population_historique,2017-2018,nouveau,DI,12 à 17 ans,False,5,Estrie,P23L01C03,48
effectifs_population_historique,2017-2018,nouveau,DI,18 à 21 ans,False,5,Estrie,P23L01C04,68
effectifs_population_historique,2017-2018,nouveau,DI,22 à 44 ans,False,5,Estrie,P23L01C05,362
effectifs_population_historique,2017-2018,nouveau,DI,45 à 64 ans,False,5,Estrie,P23L01C06,325
effectifs_population_historique,2017-2018,nouveau,DI,5 à 11 ans,False,5,Estrie,P23L01C02,36
effectifs_population_historique,2017-2018,nouveau,DI,65 à 74 ans,False,5,Estrie,P23L01C07,92
effectifs_population_historique,2017-2018,nouveau,DI,75 ans et plus,False,5,Estrie,P23L01C08,12
effectifs_population_historique,2017-2018,nouveau,DI,Total,True,5,Estrie,P23L01C09,977
effectifs_population_historique,2017-2018,nouveau,DI,0 à 4 ans,False,6,Montréal,P23L01C01,253
effectifs_population_historique,2017-2018,nouveau,DI,12 à 17 ans,False,6,Montréal,P23L01C03,325
effectifs_population_historique,2017-2018,nouveau,DI,18 à 21 ans,False,6,Montréal,P23L01C04,302
effectifs_population_historique,2017-2018,nouveau,DI,22 à 44 ans,False,6,Montréal,P23L01C05,1629
effectifs_population_historique,2017-2018,nouveau,DI,45 à 64 ans,False,6,Montréal,P23L01C06,1656
effectifs_population_historique,2017-2018,nouveau,DI,5 à 11 ans,False,6,Montréal,P23L01C02,322
effectifs_population_historique,2017-2018,nouveau,DI,65 à 74 ans,False,6,Montréal,P23L01C07,296
effectifs_population_historique,2017-2018,nouveau,DI,75 ans et plus,False,6,Montréal,P23L01C08,45
effectifs_population_historique,2017-2018,nouveau,DI,Total,True,6,Montréal,P23L01C09,4828
effectifs_population_historique,2017-2018,nouveau,DI,0 à 4 ans,False,7,Outaouais,P23L01C01,64
effectifs_population_historique,2017-2018,nouveau,DI,12 à 17 ans,False,7,Outaouais,P23L01C03,62
effectifs_population_historique,2017-2018,nouveau,DI,18 à 21 ans,False,7,Outaouais,P23L01C04,49
effectifs_population_historique,2017-2018,nouveau,DI,22 à 44 ans,False,7,Outaouais,P23L01C05,193
effectifs_population_historique,2017-2018,nouveau,DI,45 à 64 ans,False,7,Outaouais,P23L01C06,222
effectifs_population_historique,2017-2018,nouveau,DI,5 à 11 ans,False,7,Outaouais,P23L01C02,90
effectifs_population_historique,2017-2018,nouveau,DI,65 à 74 ans,False,7,Outaouais,P23L01C07,40
effectifs_population_historique,2017-2018,nouveau,DI,75 ans et plus,False,7,Outaouais,P23L01C08,9
effectifs_population_historique,2017-2018,nouveau,DI,Total,True,7,Outaouais,P23L01C09,729
effectifs_population_historique,2017-2018,nouveau,DI,0 à 4 ans,False,8,Abitibi-Témiscamingue,P23L01C01,24
effectifs_population_historique,2017-2018,nouveau,DI,12 à 17 ans,False,8,Abitibi-Témiscamingue,P23L01C03,55
effectifs_population_historique,2017-2018,nouveau,DI,18 à 21 ans,False,8,Abitibi-Témiscamingue,P23L01C04,54
effectifs_population_historique,2017-2018,nouveau,DI,22 à 44 ans,False,8,Abitibi-Témiscamingue,P23L01C05,178
effectifs_population_historique,2017-2018,nouveau,DI,45 à 64 ans,False,8,Abitibi-Témiscamingue,P23L01C06,156
effectifs_population_historique,2017-2018,nouveau,DI,5 à 11 ans,False,8,Abitibi-Témiscamingue,P23L01C02,82
effectifs_population_historique,2017-2018,nouveau,DI,65 à 74 ans,False,8,Abitibi-Témiscamingue,P23L01C07,21
effectifs_population_historique,2017-2018,nouveau,DI,75 ans et plus,False,8,Abitibi-Témiscamingue,P23L01C08,3
effectifs_population_historique,2017-2018,nouveau,DI,Total,True,8,Abitibi-Témiscamingue,P23L01C09,573
effectifs_population_historique,2017-2018,nouveau,DI,0 à 4 ans,False,9,Côte-Nord,P23L01C01,14
effectifs_population_historique,2017-2018,nouveau,DI,12 à 17 ans,False,9,Côte-Nord,P23L01C03,13
effectifs_population_historique,2017-2018,nouveau,DI,18 à 21 ans,False,9,Côte-Nord,P23L01C04,11
effectifs_population_historique,2017-2018,nouveau,DI,22 à 44 ans,False,9,Côte-Nord,P23L01C05,55
effectifs_population_historique,2017-2018,nouveau,DI,45 à 64 ans,False,9,Côte-Nord,P23L01C06,112
effectifs_population_historique,2017-2018,nouveau,DI,5 à 11 ans,False,9,Côte-Nord,P23L01C02,21
effectifs_population_historique,2017-2018,nouveau,DI,65 à 74 ans,False,9,Côte-Nord,P23L01C07,13
effectifs_population_historique,2017-2018,nouveau,DI,75 ans et plus,False,9,Côte-Nord,P23L01C08,5
effectifs_population_historique,2017-2018,nouveau,DI,Total,True,9,Côte-Nord,P23L01C09,244
effectifs_population_historique,2017-2018,nouveau,DI,0 à 4 ans,False,11,Gaspésie–Îles-de-la-Madeleine,P23L01C01,7
effectifs_population_historique,2017-2018,nouveau,DI,12 à 17 ans,False,11,Gaspésie–Îles-de-la-Madeleine,P23L01C03,22
effectifs_population_historique,2017-2018,nouveau,DI,18 à 21 ans,False,11,Gaspésie–Îles-de-la-Madeleine,P23L01C04,17
effectifs_population_historique,2017-2018,nouveau,DI,22 à 44 ans,False,11,Gaspésie–Îles-de-la-Madeleine,P23L01C05,85
effectifs_population_historique,2017-2018,nouveau,DI,45 à 64 ans,False,11,Gaspésie–Îles-de-la-Madeleine,P23L01C06,132
effectifs_population_historique,2017-2018,nouveau,DI,5 à 11 ans,False,11,Gaspésie–Îles-de-la-Madeleine,P23L01C02,19
effectifs_population_historique,2017-2018,nouveau,DI,65 à 74 ans,False,11,Gaspésie–Îles-de-la-Madeleine,P23L01C07,30
effectifs_population_historique,2017-2018,nouveau,DI,75 ans et plus,False,11,Gaspésie–Îles-de-la-Madeleine,P23L01C08,13
effectifs_population_historique,2017-2018,nouveau,DI,Total,True,11,Gaspésie–Îles-de-la-Madeleine,P23L01C09,325
effectifs_population_historique,2017-2018,nouveau,DI,0 à 4 ans,False,12,Chaudière-Appalaches,P23L01C01,88
effectifs_population_historique,2017-2018,nouveau,DI,12 à 17 ans,False,12,Chaudière-Appalaches,P23L01C03,59
effectifs_population_historique,2017-2018,nouveau,DI,18 à 21 ans,False,12,Chaudière-Appalaches,P23L01C04,76
effectifs_population_historique,2017-2018,nouveau,DI,22 à 44 ans,False,12,Chaudière-Appalaches,P23L01C05,436
effectifs_population_historique,2017-2018,nouveau,DI,45 à 64 ans,False,12,Chaudière-Appalaches,P23L01C06,334
effectifs_population_historique,2017-2018,nouveau,DI,5 à 11 ans,False,12,Chaudière-Appalaches,P23L01C02,81
effectifs_population_historique,2017-2018,nouveau,DI,65 à 74 ans,False,12,Chaudière-Appalaches,P23L01C07,62
effectifs_population_historique,2017-2018,nouveau,DI,75 ans et plus,False,12,Chaudière-Appalaches,P23L01C08,26
effectifs_population_historique,2017-2018,nouveau,DI,Total,True,12,Chaudière-Appalaches,P23L01C09,1162
effectifs_population_historique,2017-2018,nouveau,DI,0 à 4 ans,False,13,Laval,P23L01C01,51
effectifs_population_historique,2017-2018,nouveau,DI,12 à 17 ans,False,13,Laval,P23L01C03,62
effectifs_population_historique,2017-2018,nouveau,DI,18 à 21 ans,False,13,Laval,P23L01C04,62
effectifs_population_historique,2017-2018,nouveau,DI,22 à 44 ans,False,13,Laval,P23L01C05,299
effectifs_population_historique,2017-2018,nouveau,DI,45 à 64 ans,False,13,Laval,P23L01C06,232
effectifs_population_historique,2017-2018,nouveau,DI,5 à 11 ans,False,13,Laval,P23L01C02,62
effectifs_population_historique,2017-2018,nouveau,DI,65 à 74 ans,False,13,Laval,P23L01C07,39
effectifs_population_historique,2017-2018,nouveau,DI,75 ans et plus,False,13,Laval,P23L01C08,13
effectifs_population_historique,2017-2018,nouveau,DI,Total,True,13,Laval,P23L01C09,820
effectifs_population_historique,2017-2018,nouveau,DI,0 à 4 ans,False,14,Lanaudière,P23L01C01,67
effectifs_population_historique,2017-2018,nouveau,DI,12 à 17 ans,False,14,Lanaudière,P23L01C03,86
effectifs_population_historique,2017-2018,nouveau,DI,18 à 21 ans,False,14,Lanaudière,P23L01C04,72
effectifs_population_historique,2017-2018,nouveau,DI,22 à 44 ans,False,14,Lanaudière,P23L01C05,337
effectifs_population_historique,2017-2018,nouveau,DI,45 à 64 ans,False,14,Lanaudière,P23L01C06,254
effectifs_population_historique,2017-2018,nouveau,DI,5 à 11 ans,False,14,Lanaudière,P23L01C02,86
effectifs_population_historique,2017-2018,nouveau,DI,65 à 74 ans,False,14,Lanaudière,P23L01C07,40
effectifs_population_historique,2017-2018,nouveau,DI,75 ans et plus,False,14,Lanaudière,P23L01C08,9
effectifs_population_historique,2017-2018,nouveau,DI,Total,True,14,Lanaudière,P23L01C09,951
effectifs_population_historique,2017-2018,nouveau,DI,0 à 4 ans,False,15,Laurentides,P23L01C01,47
effectifs_population_historique,2017-2018,nouveau,DI,12 à 17 ans,False,15,Laurentides,P23L01C03,80
effectifs_population_historique,2017-2018,nouveau,DI,18 à 21 ans,False,15,Laurentides,P23L01C04,100
effectifs_population_historique,2017-2018,nouveau,DI,22 à 44 ans,False,15,Laurentides,P23L01C05,516
effectifs_population_historique,2017-2018,nouveau,DI,45 à 64 ans,False,15,Laurentides,P23L01C06,376
effectifs_population_historique,2017-2018,nouveau,DI,5 à 11 ans,False,15,Laurentides,P23L01C02,97
effectifs_population_historique,2017-2018,nouveau,DI,65 à 74 ans,False,15,Laurentides,P23L01C07,68
effectifs_population_historique,2017-2018,nouveau,DI,75 ans et plus,False,15,Laurentides,P23L01C08,15
effectifs_population_historique,2017-2018,nouveau,DI,Total,True,15,Laurentides,P23L01C09,1299
effectifs_population_historique,2017-2018,nouveau,DI,0 à 4 ans,False,16,Montérégie,P23L01C01,104
effectifs_population_historique,2017-2018,nouveau,DI,12 à 17 ans,False,16,Montérégie,P23L01C03,178
effectifs_population_historique,2017-2018,nouveau,DI,18 à 21 ans,False,16,Montérégie,P23L01C04,195
effectifs_population_historique,2017-2018,nouveau,DI,22 à 44 ans,False,16,Montérégie,P23L01C05,1082
effectifs_population_historique,2017-2018,nouveau,DI,45 à 64 ans,False,16,Montérégie,P23L01C06,903
effectifs_population_historique,2017-2018,nouveau,DI,5 à 11 ans,False,16,Montérégie,P23L01C02,174
effectifs_population_historique,2017-2018,nouveau,DI,65 à 74 ans,False,16,Montérégie,P23L01C07,146
effectifs_population_historique,2017-2018,nouveau,DI,75 ans et plus,False,16,Montérégie,P23L01C08,17
effectifs_population_historique,2017-2018,nouveau,DI,Total,True,16,Montérégie,P23L01C09,2799
effectifs_population_historique,2018-2019,nouveau,DI,0 à 4 ans,False,1,Bas-Saint-Laurent,P23L01C01,36
effectifs_population_historique,2018-2019,nouveau,DI,12 à 17 ans,False,1,Bas-Saint-Laurent,P23L01C03,53
effectifs_population_historique,2018-2019,nouveau,DI,18 à 21 ans,False,1,Bas-Saint-Laurent,P23L01C04,37
effectifs_population_historique,2018-2019,nouveau,DI,22 à 44 ans,False,1,Bas-Saint-Laurent,P23L01C05,196
effectifs_population_historique,2018-2019,nouveau,DI,45 à 64 ans,False,1,Bas-Saint-Laurent,P23L01C06,234
effectifs_population_historique,2018-2019,nouveau,DI,5 à 11 ans,False,1,Bas-Saint-Laurent,P23L01C02,65
effectifs_population_historique,2018-2019,nouveau,DI,65 à 74 ans,False,1,Bas-Saint-Laurent,P23L01C07,24
effectifs_population_historique,2018-2019,nouveau,DI,75 ans et plus,False,1,Bas-Saint-Laurent,P23L01C08,4
effectifs_population_historique,2018-2019,nouveau,DI,Total,True,1,Bas-Saint-Laurent,P23L01C09,649
effectifs_population_historique,2018-2019,nouveau,DI,0 à 4 ans,False,2,Saguenay–Lac-Saint-Jean,P23L01C01,72
effectifs_population_historique,2018-2019,nouveau,DI,12 à 17 ans,False,2,Saguenay–Lac-Saint-Jean,P23L01C03,63
effectifs_population_historique,2018-2019,nouveau,DI,18 à 21 ans,False,2,Saguenay–Lac-Saint-Jean,P23L01C04,47
effectifs_population_historique,2018-2019,nouveau,DI,22 à 44 ans,False,2,Saguenay–Lac-Saint-Jean,P23L01C05,372
effectifs_population_historique,2018-2019,nouveau,DI,45 à 64 ans,False,2,Saguenay–Lac-Saint-Jean,P23L01C06,334
effectifs_population_historique,2018-2019,nouveau,DI,5 à 11 ans,False,2,Saguenay–Lac-Saint-Jean,P23L01C02,68
effectifs_population_historique,2018-2019,nouveau,DI,65 à 74 ans,False,2,Saguenay–Lac-Saint-Jean,P23L01C07,89
effectifs_population_historique,2018-2019,nouveau,DI,75 ans et plus,False,2,Saguenay–Lac-Saint-Jean,P23L01C08,25
effectifs_population_historique,2018-2019,nouveau,DI,Total,True,2,Saguenay–Lac-Saint-Jean,P23L01C09,1070
effectifs_population_historique,2018-2019,nouveau,DI,0 à 4 ans,False,3,Capitale-Nationale,P23L01C01,51
effectifs_population_historique,2018-2019,nouveau,DI,12 à 17 ans,False,3,Capitale-Nationale,P23L01C03,103
effectifs_population_historique,2018-2019,nouveau,DI,18 à 21 ans,False,3,Capitale-Nationale,P23L01C04,109
effectifs_population_historique,2018-2019,nouveau,DI,22 à 44 ans,False,3,Capitale-Nationale,P23L01C05,751
effectifs_population_historique,2018-2019,nouveau,DI,45 à 64 ans,False,3,Capitale-Nationale,P23L01C06,702
effectifs_population_historique,2018-2019,nouveau,DI,5 à 11 ans,False,3,Capitale-Nationale,P23L01C02,108
effectifs_population_historique,2018-2019,nouveau,DI,65 à 74 ans,False,3,Capitale-Nationale,P23L01C07,239
effectifs_population_historique,2018-2019,nouveau,DI,75 ans et plus,False,3,Capitale-Nationale,P23L01C08,93
effectifs_population_historique,2018-2019,nouveau,DI,Total,True,3,Capitale-Nationale,P23L01C09,2156
effectifs_population_historique,2018-2019,nouveau,DI,0 à 4 ans,False,4,Mauricie et Centre-du-Québec,P23L01C01,82
effectifs_population_historique,2018-2019,nouveau,DI,12 à 17 ans,False,4,Mauricie et Centre-du-Québec,P23L01C03,87
effectifs_population_historique,2018-2019,nouveau,DI,18 à 21 ans,False,4,Mauricie et Centre-du-Québec,P23L01C04,97
effectifs_population_historique,2018-2019,nouveau,DI,22 à 44 ans,False,4,Mauricie et Centre-du-Québec,P23L01C05,545
effectifs_population_historique,2018-2019,nouveau,DI,45 à 64 ans,False,4,Mauricie et Centre-du-Québec,P23L01C06,381
effectifs_population_historique,2018-2019,nouveau,DI,5 à 11 ans,False,4,Mauricie et Centre-du-Québec,P23L01C02,136
effectifs_population_historique,2018-2019,nouveau,DI,65 à 74 ans,False,4,Mauricie et Centre-du-Québec,P23L01C07,73
effectifs_population_historique,2018-2019,nouveau,DI,75 ans et plus,False,4,Mauricie et Centre-du-Québec,P23L01C08,24
effectifs_population_historique,2018-2019,nouveau,DI,Total,True,4,Mauricie et Centre-du-Québec,P23L01C09,1425
effectifs_population_historique,2018-2019,nouveau,DI,0 à 4 ans,False,5,Estrie,P23L01C01,30
effectifs_population_historique,2018-2019,nouveau,DI,12 à 17 ans,False,5,Estrie,P23L01C03,54
effectifs_population_historique,2018-2019,nouveau,DI,18 à 21 ans,False,5,Estrie,P23L01C04,68
effectifs_population_historique,2018-2019,nouveau,DI,22 à 44 ans,False,5,Estrie,P23L01C05,360
effectifs_population_historique,2018-2019,nouveau,DI,45 à 64 ans,False,5,Estrie,P23L01C06,320
effectifs_population_historique,2018-2019,nouveau,DI,5 à 11 ans,False,5,Estrie,P23L01C02,36
effectifs_population_historique,2018-2019,nouveau,DI,65 à 74 ans,False,5,Estrie,P23L01C07,98
effectifs_population_historique,2018-2019,nouveau,DI,75 ans et plus,False,5,Estrie,P23L01C08,12
effectifs_population_historique,2018-2019,nouveau,DI,Total,True,5,Estrie,P23L01C09,978
effectifs_population_historique,2018-2019,nouveau,DI,0 à 4 ans,False,6,Montréal,P23L01C01,248
effectifs_population_historique,2018-2019,nouveau,DI,12 à 17 ans,False,6,Montréal,P23L01C03,311
effectifs_population_historique,2018-2019,nouveau,DI,18 à 21 ans,False,6,Montréal,P23L01C04,283
effectifs_population_historique,2018-2019,nouveau,DI,22 à 44 ans,False,6,Montréal,P23L01C05,1658
effectifs_population_historique,2018-2019,nouveau,DI,45 à 64 ans,False,6,Montréal,P23L01C06,1598
effectifs_population_historique,2018-2019,nouveau,DI,5 à 11 ans,False,6,Montréal,P23L01C02,320
effectifs_population_historique,2018-2019,nouveau,DI,65 à 74 ans,False,6,Montréal,P23L01C07,324
effectifs_population_historique,2018-2019,nouveau,DI,75 ans et plus,False,6,Montréal,P23L01C08,48
effectifs_population_historique,2018-2019,nouveau,DI,Total,True,6,Montréal,P23L01C09,4790
effectifs_population_historique,2018-2019,nouveau,DI,0 à 4 ans,False,7,Outaouais,P23L01C01,63
effectifs_population_historique,2018-2019,nouveau,DI,12 à 17 ans,False,7,Outaouais,P23L01C03,66
effectifs_population_historique,2018-2019,nouveau,DI,18 à 21 ans,False,7,Outaouais,P23L01C04,44
effectifs_population_historique,2018-2019,nouveau,DI,22 à 44 ans,False,7,Outaouais,P23L01C05,184
effectifs_population_historique,2018-2019,nouveau,DI,45 à 64 ans,False,7,Outaouais,P23L01C06,118
effectifs_population_historique,2018-2019,nouveau,DI,5 à 11 ans,False,7,Outaouais,P23L01C02,88
effectifs_population_historique,2018-2019,nouveau,DI,65 à 74 ans,False,7,Outaouais,P23L01C07,11
effectifs_population_historique,2018-2019,nouveau,DI,75 ans et plus,False,7,Outaouais,P23L01C08,1
effectifs_population_historique,2018-2019,nouveau,DI,Total,True,7,Outaouais,P23L01C09,575
effectifs_population_historique,2018-2019,nouveau,DI,0 à 4 ans,False,8,Abitibi-Témiscamingue,P23L01C01,26
effectifs_population_historique,2018-2019,nouveau,DI,12 à 17 ans,False,8,Abitibi-Témiscamingue,P23L01C03,43
effectifs_population_historique,2018-2019,nouveau,DI,18 à 21 ans,False,8,Abitibi-Témiscamingue,P23L01C04,50
effectifs_population_historique,2018-2019,nouveau,DI,22 à 44 ans,False,8,Abitibi-Témiscamingue,P23L01C05,170
effectifs_population_historique,2018-2019,nouveau,DI,45 à 64 ans,False,8,Abitibi-Témiscamingue,P23L01C06,157
effectifs_population_historique,2018-2019,nouveau,DI,5 à 11 ans,False,8,Abitibi-Témiscamingue,P23L01C02,84
effectifs_population_historique,2018-2019,nouveau,DI,65 à 74 ans,False,8,Abitibi-Témiscamingue,P23L01C07,23
effectifs_population_historique,2018-2019,nouveau,DI,75 ans et plus,False,8,Abitibi-Témiscamingue,P23L01C08,4
effectifs_population_historique,2018-2019,nouveau,DI,Total,True,8,Abitibi-Témiscamingue,P23L01C09,557
effectifs_population_historique,2018-2019,nouveau,DI,0 à 4 ans,False,9,Côte-Nord,P23L01C01,9
effectifs_population_historique,2018-2019,nouveau,DI,12 à 17 ans,False,9,Côte-Nord,P23L01C03,15
effectifs_population_historique,2018-2019,nouveau,DI,18 à 21 ans,False,9,Côte-Nord,P23L01C04,12
effectifs_population_historique,2018-2019,nouveau,DI,22 à 44 ans,False,9,Côte-Nord,P23L01C05,55
effectifs_population_historique,2018-2019,nouveau,DI,45 à 64 ans,False,9,Côte-Nord,P23L01C06,111
effectifs_population_historique,2018-2019,nouveau,DI,5 à 11 ans,False,9,Côte-Nord,P23L01C02,23
effectifs_population_historique,2018-2019,nouveau,DI,65 à 74 ans,False,9,Côte-Nord,P23L01C07,16
effectifs_population_historique,2018-2019,nouveau,DI,75 ans et plus,False,9,Côte-Nord,P23L01C08,4
effectifs_population_historique,2018-2019,nouveau,DI,Total,True,9,Côte-Nord,P23L01C09,245
effectifs_population_historique,2018-2019,nouveau,DI,0 à 4 ans,False,11,Gaspésie–Îles-de-la-Madeleine,P23L01C01,5
effectifs_population_historique,2018-2019,nouveau,DI,12 à 17 ans,False,11,Gaspésie–Îles-de-la-Madeleine,P23L01C03,21
effectifs_population_historique,2018-2019,nouveau,DI,18 à 21 ans,False,11,Gaspésie–Îles-de-la-Madeleine,P23L01C04,17
effectifs_population_historique,2018-2019,nouveau,DI,22 à 44 ans,False,11,Gaspésie–Îles-de-la-Madeleine,P23L01C05,75
effectifs_population_historique,2018-2019,nouveau,DI,45 à 64 ans,False,11,Gaspésie–Îles-de-la-Madeleine,P23L01C06,115
effectifs_population_historique,2018-2019,nouveau,DI,5 à 11 ans,False,11,Gaspésie–Îles-de-la-Madeleine,P23L01C02,21
effectifs_population_historique,2018-2019,nouveau,DI,65 à 74 ans,False,11,Gaspésie–Îles-de-la-Madeleine,P23L01C07,28
effectifs_population_historique,2018-2019,nouveau,DI,75 ans et plus,False,11,Gaspésie–Îles-de-la-Madeleine,P23L01C08,12
effectifs_population_historique,2018-2019,nouveau,DI,Total,True,11,Gaspésie–Îles-de-la-Madeleine,P23L01C09,294
effectifs_population_historique,2018-2019,nouveau,DI,0 à 4 ans,False,12,Chaudière-Appalaches,P23L01C01,85
effectifs_population_historique,2018-2019,nouveau,DI,12 à 17 ans,False,12,Chaudière-Appalaches,P23L01C03,66
effectifs_population_historique,2018-2019,nouveau,DI,18 à 21 ans,False,12,Chaudière-Appalaches,P23L01C04,67
effectifs_population_historique,2018-2019,nouveau,DI,22 à 44 ans,False,12,Chaudière-Appalaches,P23L01C05,438
effectifs_population_historique,2018-2019,nouveau,DI,45 à 64 ans,False,12,Chaudière-Appalaches,P23L01C06,321
effectifs_population_historique,2018-2019,nouveau,DI,5 à 11 ans,False,12,Chaudière-Appalaches,P23L01C02,82
effectifs_population_historique,2018-2019,nouveau,DI,65 à 74 ans,False,12,Chaudière-Appalaches,P23L01C07,58
effectifs_population_historique,2018-2019,nouveau,DI,75 ans et plus,False,12,Chaudière-Appalaches,P23L01C08,28
effectifs_population_historique,2018-2019,nouveau,DI,Total,True,12,Chaudière-Appalaches,P23L01C09,1145
effectifs_population_historique,2018-2019,nouveau,DI,0 à 4 ans,False,13,Laval,P23L01C01,54
effectifs_population_historique,2018-2019,nouveau,DI,12 à 17 ans,False,13,Laval,P23L01C03,55
effectifs_population_historique,2018-2019,nouveau,DI,18 à 21 ans,False,13,Laval,P23L01C04,55
effectifs_population_historique,2018-2019,nouveau,DI,22 à 44 ans,False,13,Laval,P23L01C05,247
effectifs_population_historique,2018-2019,nouveau,DI,45 à 64 ans,False,13,Laval,P23L01C06,191
effectifs_population_historique,2018-2019,nouveau,DI,5 à 11 ans,False,13,Laval,P23L01C02,56
effectifs_population_historique,2018-2019,nouveau,DI,65 à 74 ans,False,13,Laval,P23L01C07,35
effectifs_population_historique,2018-2019,nouveau,DI,75 ans et plus,False,13,Laval,P23L01C08,14
effectifs_population_historique,2018-2019,nouveau,DI,Total,True,13,Laval,P23L01C09,707
effectifs_population_historique,2018-2019,nouveau,DI,0 à 4 ans,False,14,Lanaudière,P23L01C01,65
effectifs_population_historique,2018-2019,nouveau,DI,12 à 17 ans,False,14,Lanaudière,P23L01C03,76
effectifs_population_historique,2018-2019,nouveau,DI,18 à 21 ans,False,14,Lanaudière,P23L01C04,63
effectifs_population_historique,2018-2019,nouveau,DI,22 à 44 ans,False,14,Lanaudière,P23L01C05,267
effectifs_population_historique,2018-2019,nouveau,DI,45 à 64 ans,False,14,Lanaudière,P23L01C06,141
effectifs_population_historique,2018-2019,nouveau,DI,5 à 11 ans,False,14,Lanaudière,P23L01C02,108
effectifs_population_historique,2018-2019,nouveau,DI,65 à 74 ans,False,14,Lanaudière,P23L01C07,23
effectifs_population_historique,2018-2019,nouveau,DI,75 ans et plus,False,14,Lanaudière,P23L01C08,5
effectifs_population_historique,2018-2019,nouveau,DI,Total,True,14,Lanaudière,P23L01C09,748
effectifs_population_historique,2018-2019,nouveau,DI,0 à 4 ans,False,15,Laurentides,P23L01C01,49
effectifs_population_historique,2018-2019,nouveau,DI,12 à 17 ans,False,15,Laurentides,P23L01C03,79
effectifs_population_historique,2018-2019,nouveau,DI,18 à 21 ans,False,15,Laurentides,P23L01C04,102
effectifs_population_historique,2018-2019,nouveau,DI,22 à 44 ans,False,15,Laurentides,P23L01C05,520
effectifs_population_historique,2018-2019,nouveau,DI,45 à 64 ans,False,15,Laurentides,P23L01C06,373
effectifs_population_historique,2018-2019,nouveau,DI,5 à 11 ans,False,15,Laurentides,P23L01C02,82
effectifs_population_historique,2018-2019,nouveau,DI,65 à 74 ans,False,15,Laurentides,P23L01C07,71
effectifs_population_historique,2018-2019,nouveau,DI,75 ans et plus,False,15,Laurentides,P23L01C08,17
effectifs_population_historique,2018-2019,nouveau,DI,Total,True,15,Laurentides,P23L01C09,1293
effectifs_population_historique,2018-2019,nouveau,DI,0 à 4 ans,False,16,Montérégie,P23L01C01,123
effectifs_population_historique,2018-2019,nouveau,DI,12 à 17 ans,False,16,Montérégie,P23L01C03,183
effectifs_population_historique,2018-2019,nouveau,DI,18 à 21 ans,False,16,Montérégie,P23L01C04,183
effectifs_population_historique,2018-2019,nouveau,DI,22 à 44 ans,False,16,Montérégie,P23L01C05,1060
effectifs_population_historique,2018-2019,nouveau,DI,45 à 64 ans,False,16,Montérégie,P23L01C06,859
effectifs_population_historique,2018-2019,nouveau,DI,5 à 11 ans,False,16,Montérégie,P23L01C02,152
effectifs_population_historique,2018-2019,nouveau,DI,65 à 74 ans,False,16,Montérégie,P23L01C07,163
effectifs_population_historique,2018-2019,nouveau,DI,75 ans et plus,False,16,Montérégie,P23L01C08,18
effectifs_population_historique,2018-2019,nouveau,DI,Total,True,16,Montérégie,P23L01C09,2741
effectifs_population_historique,2019-2020,nouveau,DI,0 à 4 ans,False,1,Bas-Saint-Laurent,P23L01C01,41
effectifs_population_historique,2019-2020,nouveau,DI,12 à 17 ans,False,1,Bas-Saint-Laurent,P23L01C03,51
effectifs_population_historique,2019-2020,nouveau,DI,18 à 21 ans,False,1,Bas-Saint-Laurent,P23L01C04,38
effectifs_population_historique,2019-2020,nouveau,DI,22 à 44 ans,False,1,Bas-Saint-Laurent,P23L01C05,197
effectifs_population_historique,2019-2020,nouveau,DI,45 à 64 ans,False,1,Bas-Saint-Laurent,P23L01C06,227
effectifs_population_historique,2019-2020,nouveau,DI,5 à 11 ans,False,1,Bas-Saint-Laurent,P23L01C02,63
effectifs_population_historique,2019-2020,nouveau,DI,65 à 74 ans,False,1,Bas-Saint-Laurent,P23L01C07,12
effectifs_population_historique,2019-2020,nouveau,DI,75 ans et plus,False,1,Bas-Saint-Laurent,P23L01C08,4
effectifs_population_historique,2019-2020,nouveau,DI,Total,True,1,Bas-Saint-Laurent,P23L01C09,633
effectifs_population_historique,2019-2020,nouveau,DI,0 à 4 ans,False,2,Saguenay–Lac-Saint-Jean,P23L01C01,80
effectifs_population_historique,2019-2020,nouveau,DI,12 à 17 ans,False,2,Saguenay–Lac-Saint-Jean,P23L01C03,47
effectifs_population_historique,2019-2020,nouveau,DI,18 à 21 ans,False,2,Saguenay–Lac-Saint-Jean,P23L01C04,56
effectifs_population_historique,2019-2020,nouveau,DI,22 à 44 ans,False,2,Saguenay–Lac-Saint-Jean,P23L01C05,358
effectifs_population_historique,2019-2020,nouveau,DI,45 à 64 ans,False,2,Saguenay–Lac-Saint-Jean,P23L01C06,323
effectifs_population_historique,2019-2020,nouveau,DI,5 à 11 ans,False,2,Saguenay–Lac-Saint-Jean,P23L01C02,67
effectifs_population_historique,2019-2020,nouveau,DI,65 à 74 ans,False,2,Saguenay–Lac-Saint-Jean,P23L01C07,87
effectifs_population_historique,2019-2020,nouveau,DI,75 ans et plus,False,2,Saguenay–Lac-Saint-Jean,P23L01C08,27
effectifs_population_historique,2019-2020,nouveau,DI,Total,True,2,Saguenay–Lac-Saint-Jean,P23L01C09,1045
effectifs_population_historique,2019-2020,nouveau,DI,0 à 4 ans,False,3,Capitale-Nationale,P23L01C01,4
effectifs_population_historique,2019-2020,nouveau,DI,12 à 17 ans,False,3,Capitale-Nationale,P23L01C03,88
effectifs_population_historique,2019-2020,nouveau,DI,18 à 21 ans,False,3,Capitale-Nationale,P23L01C04,104
effectifs_population_historique,2019-2020,nouveau,DI,22 à 44 ans,False,3,Capitale-Nationale,P23L01C05,732
effectifs_population_historique,2019-2020,nouveau,DI,45 à 64 ans,False,3,Capitale-Nationale,P23L01C06,672
effectifs_population_historique,2019-2020,nouveau,DI,5 à 11 ans,False,3,Capitale-Nationale,P23L01C02,69
effectifs_population_historique,2019-2020,nouveau,DI,65 à 74 ans,False,3,Capitale-Nationale,P23L01C07,234
effectifs_population_historique,2019-2020,nouveau,DI,75 ans et plus,False,3,Capitale-Nationale,P23L01C08,89
effectifs_population_historique,2019-2020,nouveau,DI,Total,True,3,Capitale-Nationale,P23L01C09,1992
effectifs_population_historique,2019-2020,nouveau,DI,0 à 4 ans,False,4,Mauricie et Centre-du-Québec,P23L01C01,86
effectifs_population_historique,2019-2020,nouveau,DI,12 à 17 ans,False,4,Mauricie et Centre-du-Québec,P23L01C03,100
effectifs_population_historique,2019-2020,nouveau,DI,18 à 21 ans,False,4,Mauricie et Centre-du-Québec,P23L01C04,94
effectifs_population_historique,2019-2020,nouveau,DI,22 à 44 ans,False,4,Mauricie et Centre-du-Québec,P23L01C05,573
effectifs_population_historique,2019-2020,nouveau,DI,45 à 64 ans,False,4,Mauricie et Centre-du-Québec,P23L01C06,363
effectifs_population_historique,2019-2020,nouveau,DI,5 à 11 ans,False,4,Mauricie et Centre-du-Québec,P23L01C02,137
effectifs_population_historique,2019-2020,nouveau,DI,65 à 74 ans,False,4,Mauricie et Centre-du-Québec,P23L01C07,77
effectifs_population_historique,2019-2020,nouveau,DI,75 ans et plus,False,4,Mauricie et Centre-du-Québec,P23L01C08,20
effectifs_population_historique,2019-2020,nouveau,DI,Total,True,4,Mauricie et Centre-du-Québec,P23L01C09,1450
effectifs_population_historique,2019-2020,nouveau,DI,0 à 4 ans,False,5,Estrie,P23L01C01,26
effectifs_population_historique,2019-2020,nouveau,DI,12 à 17 ans,False,5,Estrie,P23L01C03,42
effectifs_population_historique,2019-2020,nouveau,DI,18 à 21 ans,False,5,Estrie,P23L01C04,59
effectifs_population_historique,2019-2020,nouveau,DI,22 à 44 ans,False,5,Estrie,P23L01C05,346
effectifs_population_historique,2019-2020,nouveau,DI,45 à 64 ans,False,5,Estrie,P23L01C06,313
effectifs_population_historique,2019-2020,nouveau,DI,5 à 11 ans,False,5,Estrie,P23L01C02,39
effectifs_population_historique,2019-2020,nouveau,DI,65 à 74 ans,False,5,Estrie,P23L01C07,98
effectifs_population_historique,2019-2020,nouveau,DI,75 ans et plus,False,5,Estrie,P23L01C08,18
effectifs_population_historique,2019-2020,nouveau,DI,Total,True,5,Estrie,P23L01C09,941
effectifs_population_historique,2019-2020,nouveau,DI,0 à 4 ans,False,6,Montréal,P23L01C01,261
effectifs_population_historique,2019-2020,nouveau,DI,12 à 17 ans,False,6,Montréal,P23L01C03,275
effectifs_population_historique,2019-2020,nouveau,DI,18 à 21 ans,False,6,Montréal,P23L01C04,238
effectifs_population_historique,2019-2020,nouveau,DI,22 à 44 ans,False,6,Montréal,P23L01C05,1670
effectifs_population_historique,2019-2020,nouveau,DI,45 à 64 ans,False,6,Montréal,P23L01C06,1534
effectifs_population_historique,2019-2020,nouveau,DI,5 à 11 ans,False,6,Montréal,P23L01C02,308
effectifs_population_historique,2019-2020,nouveau,DI,65 à 74 ans,False,6,Montréal,P23L01C07,327
effectifs_population_historique,2019-2020,nouveau,DI,75 ans et plus,False,6,Montréal,P23L01C08,51
effectifs_population_historique,2019-2020,nouveau,DI,Total,True,6,Montréal,P23L01C09,4664
effectifs_population_historique,2019-2020,nouveau,DI,0 à 4 ans,False,7,Outaouais,P23L01C01,73
effectifs_population_historique,2019-2020,nouveau,DI,12 à 17 ans,False,7,Outaouais,P23L01C03,67
effectifs_population_historique,2019-2020,nouveau,DI,18 à 21 ans,False,7,Outaouais,P23L01C04,47
effectifs_population_historique,2019-2020,nouveau,DI,22 à 44 ans,False,7,Outaouais,P23L01C05,175
effectifs_population_historique,2019-2020,nouveau,DI,45 à 64 ans,False,7,Outaouais,P23L01C06,107
effectifs_population_historique,2019-2020,nouveau,DI,5 à 11 ans,False,7,Outaouais,P23L01C02,92
effectifs_population_historique,2019-2020,nouveau,DI,65 à 74 ans,False,7,Outaouais,P23L01C07,7
effectifs_population_historique,2019-2020,nouveau,DI,75 ans et plus,False,7,Outaouais,P23L01C08,2
effectifs_population_historique,2019-2020,nouveau,DI,Total,True,7,Outaouais,P23L01C09,570
effectifs_population_historique,2019-2020,nouveau,DI,0 à 4 ans,False,8,Abitibi-Témiscamingue,P23L01C01,24
effectifs_population_historique,2019-2020,nouveau,DI,12 à 17 ans,False,8,Abitibi-Témiscamingue,P23L01C03,45
effectifs_population_historique,2019-2020,nouveau,DI,18 à 21 ans,False,8,Abitibi-Témiscamingue,P23L01C04,37
effectifs_population_historique,2019-2020,nouveau,DI,22 à 44 ans,False,8,Abitibi-Témiscamingue,P23L01C05,187
effectifs_population_historique,2019-2020,nouveau,DI,45 à 64 ans,False,8,Abitibi-Témiscamingue,P23L01C06,152
effectifs_population_historique,2019-2020,nouveau,DI,5 à 11 ans,False,8,Abitibi-Témiscamingue,P23L01C02,76
effectifs_population_historique,2019-2020,nouveau,DI,65 à 74 ans,False,8,Abitibi-Témiscamingue,P23L01C07,22
effectifs_population_historique,2019-2020,nouveau,DI,75 ans et plus,False,8,Abitibi-Témiscamingue,P23L01C08,6
effectifs_population_historique,2019-2020,nouveau,DI,Total,True,8,Abitibi-Témiscamingue,P23L01C09,549
effectifs_population_historique,2019-2020,nouveau,DI,0 à 4 ans,False,9,Côte-Nord,P23L01C01,12
effectifs_population_historique,2019-2020,nouveau,DI,12 à 17 ans,False,9,Côte-Nord,P23L01C03,9
effectifs_population_historique,2019-2020,nouveau,DI,18 à 21 ans,False,9,Côte-Nord,P23L01C04,8
effectifs_population_historique,2019-2020,nouveau,DI,22 à 44 ans,False,9,Côte-Nord,P23L01C05,59
effectifs_population_historique,2019-2020,nouveau,DI,45 à 64 ans,False,9,Côte-Nord,P23L01C06,98
effectifs_population_historique,2019-2020,nouveau,DI,5 à 11 ans,False,9,Côte-Nord,P23L01C02,17
effectifs_population_historique,2019-2020,nouveau,DI,65 à 74 ans,False,9,Côte-Nord,P23L01C07,18
effectifs_population_historique,2019-2020,nouveau,DI,75 ans et plus,False,9,Côte-Nord,P23L01C08,4
effectifs_population_historique,2019-2020,nouveau,DI,Total,True,9,Côte-Nord,P23L01C09,225
effectifs_population_historique,2019-2020,nouveau,DI,0 à 4 ans,False,11,Gaspésie–Îles-de-la-Madeleine,P23L01C01,4
effectifs_population_historique,2019-2020,nouveau,DI,12 à 17 ans,False,11,Gaspésie–Îles-de-la-Madeleine,P23L01C03,21
effectifs_population_historique,2019-2020,nouveau,DI,18 à 21 ans,False,11,Gaspésie–Îles-de-la-Madeleine,P23L01C04,21
effectifs_population_historique,2019-2020,nouveau,DI,22 à 44 ans,False,11,Gaspésie–Îles-de-la-Madeleine,P23L01C05,54
effectifs_population_historique,2019-2020,nouveau,DI,45 à 64 ans,False,11,Gaspésie–Îles-de-la-Madeleine,P23L01C06,64
effectifs_population_historique,2019-2020,nouveau,DI,5 à 11 ans,False,11,Gaspésie–Îles-de-la-Madeleine,P23L01C02,23
effectifs_population_historique,2019-2020,nouveau,DI,65 à 74 ans,False,11,Gaspésie–Îles-de-la-Madeleine,P23L01C07,15
effectifs_population_historique,2019-2020,nouveau,DI,75 ans et plus,False,11,Gaspésie–Îles-de-la-Madeleine,P23L01C08,4
effectifs_population_historique,2019-2020,nouveau,DI,Total,True,11,Gaspésie–Îles-de-la-Madeleine,P23L01C09,206
effectifs_population_historique,2019-2020,nouveau,DI,0 à 4 ans,False,12,Chaudière-Appalaches,P23L01C01,82
effectifs_population_historique,2019-2020,nouveau,DI,12 à 17 ans,False,12,Chaudière-Appalaches,P23L01C03,67
effectifs_population_historique,2019-2020,nouveau,DI,18 à 21 ans,False,12,Chaudière-Appalaches,P23L01C04,77
effectifs_population_historique,2019-2020,nouveau,DI,22 à 44 ans,False,12,Chaudière-Appalaches,P23L01C05,434
effectifs_population_historique,2019-2020,nouveau,DI,45 à 64 ans,False,12,Chaudière-Appalaches,P23L01C06,316
effectifs_population_historique,2019-2020,nouveau,DI,5 à 11 ans,False,12,Chaudière-Appalaches,P23L01C02,107
effectifs_population_historique,2019-2020,nouveau,DI,65 à 74 ans,False,12,Chaudière-Appalaches,P23L01C07,61
effectifs_population_historique,2019-2020,nouveau,DI,75 ans et plus,False,12,Chaudière-Appalaches,P23L01C08,37
effectifs_population_historique,2019-2020,nouveau,DI,Total,True,12,Chaudière-Appalaches,P23L01C09,1181
effectifs_population_historique,2019-2020,nouveau,DI,0 à 4 ans,False,13,Laval,P23L01C01,59
effectifs_population_historique,2019-2020,nouveau,DI,12 à 17 ans,False,13,Laval,P23L01C03,49
effectifs_population_historique,2019-2020,nouveau,DI,18 à 21 ans,False,13,Laval,P23L01C04,49
effectifs_population_historique,2019-2020,nouveau,DI,22 à 44 ans,False,13,Laval,P23L01C05,218
effectifs_population_historique,2019-2020,nouveau,DI,45 à 64 ans,False,13,Laval,P23L01C06,142
effectifs_population_historique,2019-2020,nouveau,DI,5 à 11 ans,False,13,Laval,P23L01C02,46
effectifs_population_historique,2019-2020,nouveau,DI,65 à 74 ans,False,13,Laval,P23L01C07,23
effectifs_population_historique,2019-2020,nouveau,DI,75 ans et plus,False,13,Laval,P23L01C08,6
effectifs_population_historique,2019-2020,nouveau,DI,Total,True,13,Laval,P23L01C09,592
effectifs_population_historique,2019-2020,nouveau,DI,0 à 4 ans,False,14,Lanaudière,P23L01C01,81
effectifs_population_historique,2019-2020,nouveau,DI,12 à 17 ans,False,14,Lanaudière,P23L01C03,84
effectifs_population_historique,2019-2020,nouveau,DI,18 à 21 ans,False,14,Lanaudière,P23L01C04,64
effectifs_population_historique,2019-2020,nouveau,DI,22 à 44 ans,False,14,Lanaudière,P23L01C05,241
effectifs_population_historique,2019-2020,nouveau,DI,45 à 64 ans,False,14,Lanaudière,P23L01C06,111
effectifs_population_historique,2019-2020,nouveau,DI,5 à 11 ans,False,14,Lanaudière,P23L01C02,101
effectifs_population_historique,2019-2020,nouveau,DI,65 à 74 ans,False,14,Lanaudière,P23L01C07,19
effectifs_population_historique,2019-2020,nouveau,DI,75 ans et plus,False,14,Lanaudière,P23L01C08,9
effectifs_population_historique,2019-2020,nouveau,DI,Total,True,14,Lanaudière,P23L01C09,710
effectifs_population_historique,2019-2020,nouveau,DI,0 à 4 ans,False,15,Laurentides,P23L01C01,52
effectifs_population_historique,2019-2020,nouveau,DI,12 à 17 ans,False,15,Laurentides,P23L01C03,72
effectifs_population_historique,2019-2020,nouveau,DI,18 à 21 ans,False,15,Laurentides,P23L01C04,94
effectifs_population_historique,2019-2020,nouveau,DI,22 à 44 ans,False,15,Laurentides,P23L01C05,528
effectifs_population_historique,2019-2020,nouveau,DI,45 à 64 ans,False,15,Laurentides,P23L01C06,353
effectifs_population_historique,2019-2020,nouveau,DI,5 à 11 ans,False,15,Laurentides,P23L01C02,93
effectifs_population_historique,2019-2020,nouveau,DI,65 à 74 ans,False,15,Laurentides,P23L01C07,72
effectifs_population_historique,2019-2020,nouveau,DI,75 ans et plus,False,15,Laurentides,P23L01C08,17
effectifs_population_historique,2019-2020,nouveau,DI,Total,True,15,Laurentides,P23L01C09,1281
effectifs_population_historique,2019-2020,nouveau,DI,0 à 4 ans,False,16,Montérégie,P23L01C01,165
effectifs_population_historique,2019-2020,nouveau,DI,12 à 17 ans,False,16,Montérégie,P23L01C03,206
effectifs_population_historique,2019-2020,nouveau,DI,18 à 21 ans,False,16,Montérégie,P23L01C04,166
effectifs_population_historique,2019-2020,nouveau,DI,22 à 44 ans,False,16,Montérégie,P23L01C05,1046
effectifs_population_historique,2019-2020,nouveau,DI,45 à 64 ans,False,16,Montérégie,P23L01C06,837
effectifs_population_historique,2019-2020,nouveau,DI,5 à 11 ans,False,16,Montérégie,P23L01C02,213
effectifs_population_historique,2019-2020,nouveau,DI,65 à 74 ans,False,16,Montérégie,P23L01C07,187
effectifs_population_historique,2019-2020,nouveau,DI,75 ans et plus,False,16,Montérégie,P23L01C08,26
effectifs_population_historique,2019-2020,nouveau,DI,Total,True,16,Montérégie,P23L01C09,2846
effectifs_population_historique,2020-2021,nouveau,DI,0 à 4 ans,False,1,Bas-Saint-Laurent,P23L01C01,41
effectifs_population_historique,2020-2021,nouveau,DI,12 à 17 ans,False,1,Bas-Saint-Laurent,P23L01C03,49
effectifs_population_historique,2020-2021,nouveau,DI,18 à 21 ans,False,1,Bas-Saint-Laurent,P23L01C04,39
effectifs_population_historique,2020-2021,nouveau,DI,22 à 44 ans,False,1,Bas-Saint-Laurent,P23L01C05,188
effectifs_population_historique,2020-2021,nouveau,DI,45 à 64 ans,False,1,Bas-Saint-Laurent,P23L01C06,199
effectifs_population_historique,2020-2021,nouveau,DI,5 à 11 ans,False,1,Bas-Saint-Laurent,P23L01C02,69
effectifs_population_historique,2020-2021,nouveau,DI,65 à 74 ans,False,1,Bas-Saint-Laurent,P23L01C07,17
effectifs_population_historique,2020-2021,nouveau,DI,75 ans et plus,False,1,Bas-Saint-Laurent,P23L01C08,4
effectifs_population_historique,2020-2021,nouveau,DI,Total,True,1,Bas-Saint-Laurent,P23L01C09,606
effectifs_population_historique,2020-2021,nouveau,DI,0 à 4 ans,False,2,Saguenay–Lac-Saint-Jean,P23L01C01,71
effectifs_population_historique,2020-2021,nouveau,DI,12 à 17 ans,False,2,Saguenay–Lac-Saint-Jean,P23L01C03,44
effectifs_population_historique,2020-2021,nouveau,DI,18 à 21 ans,False,2,Saguenay–Lac-Saint-Jean,P23L01C04,51
effectifs_population_historique,2020-2021,nouveau,DI,22 à 44 ans,False,2,Saguenay–Lac-Saint-Jean,P23L01C05,314
effectifs_population_historique,2020-2021,nouveau,DI,45 à 64 ans,False,2,Saguenay–Lac-Saint-Jean,P23L01C06,306
effectifs_population_historique,2020-2021,nouveau,DI,5 à 11 ans,False,2,Saguenay–Lac-Saint-Jean,P23L01C02,63
effectifs_population_historique,2020-2021,nouveau,DI,65 à 74 ans,False,2,Saguenay–Lac-Saint-Jean,P23L01C07,93
effectifs_population_historique,2020-2021,nouveau,DI,75 ans et plus,False,2,Saguenay–Lac-Saint-Jean,P23L01C08,24
effectifs_population_historique,2020-2021,nouveau,DI,Total,True,2,Saguenay–Lac-Saint-Jean,P23L01C09,966
effectifs_population_historique,2020-2021,nouveau,DI,0 à 4 ans,False,3,Capitale-Nationale,P23L01C01,2
effectifs_population_historique,2020-2021,nouveau,DI,12 à 17 ans,False,3,Capitale-Nationale,P23L01C03,22
effectifs_population_historique,2020-2021,nouveau,DI,18 à 21 ans,False,3,Capitale-Nationale,P23L01C04,37
effectifs_population_historique,2020-2021,nouveau,DI,22 à 44 ans,False,3,Capitale-Nationale,P23L01C05,548
effectifs_population_historique,2020-2021,nouveau,DI,45 à 64 ans,False,3,Capitale-Nationale,P23L01C06,430
effectifs_population_historique,2020-2021,nouveau,DI,5 à 11 ans,False,3,Capitale-Nationale,P23L01C02,13
effectifs_population_historique,2020-2021,nouveau,DI,65 à 74 ans,False,3,Capitale-Nationale,P23L01C07,128
effectifs_population_historique,2020-2021,nouveau,DI,75 ans et plus,False,3,Capitale-Nationale,P23L01C08,47
effectifs_population_historique,2020-2021,nouveau,DI,Total,True,3,Capitale-Nationale,P23L01C09,1227
effectifs_population_historique,2020-2021,nouveau,DI,0 à 4 ans,False,4,Mauricie et Centre-du-Québec,P23L01C01,81
effectifs_population_historique,2020-2021,nouveau,DI,12 à 17 ans,False,4,Mauricie et Centre-du-Québec,P23L01C03,99
effectifs_population_historique,2020-2021,nouveau,DI,18 à 21 ans,False,4,Mauricie et Centre-du-Québec,P23L01C04,93
effectifs_population_historique,2020-2021,nouveau,DI,22 à 44 ans,False,4,Mauricie et Centre-du-Québec,P23L01C05,573
effectifs_population_historique,2020-2021,nouveau,DI,45 à 64 ans,False,4,Mauricie et Centre-du-Québec,P23L01C06,348
effectifs_population_historique,2020-2021,nouveau,DI,5 à 11 ans,False,4,Mauricie et Centre-du-Québec,P23L01C02,121
effectifs_population_historique,2020-2021,nouveau,DI,65 à 74 ans,False,4,Mauricie et Centre-du-Québec,P23L01C07,57
effectifs_population_historique,2020-2021,nouveau,DI,75 ans et plus,False,4,Mauricie et Centre-du-Québec,P23L01C08,13
effectifs_population_historique,2020-2021,nouveau,DI,Total,True,4,Mauricie et Centre-du-Québec,P23L01C09,1385
effectifs_population_historique,2020-2021,nouveau,DI,0 à 4 ans,False,5,Estrie,P23L01C01,5
effectifs_population_historique,2020-2021,nouveau,DI,12 à 17 ans,False,5,Estrie,P23L01C03,53
effectifs_population_historique,2020-2021,nouveau,DI,18 à 21 ans,False,5,Estrie,P23L01C04,44
effectifs_population_historique,2020-2021,nouveau,DI,22 à 44 ans,False,5,Estrie,P23L01C05,329
effectifs_population_historique,2020-2021,nouveau,DI,45 à 64 ans,False,5,Estrie,P23L01C06,244
effectifs_population_historique,2020-2021,nouveau,DI,5 à 11 ans,False,5,Estrie,P23L01C02,38
effectifs_population_historique,2020-2021,nouveau,DI,65 à 74 ans,False,5,Estrie,P23L01C07,57
effectifs_population_historique,2020-2021,nouveau,DI,75 ans et plus,False,5,Estrie,P23L01C08,4
effectifs_population_historique,2020-2021,nouveau,DI,Total,True,5,Estrie,P23L01C09,774
effectifs_population_historique,2020-2021,nouveau,DI,0 à 4 ans,False,6,Montréal,P23L01C01,234
effectifs_population_historique,2020-2021,nouveau,DI,12 à 17 ans,False,6,Montréal,P23L01C03,278
effectifs_population_historique,2020-2021,nouveau,DI,18 à 21 ans,False,6,Montréal,P23L01C04,220
effectifs_population_historique,2020-2021,nouveau,DI,22 à 44 ans,False,6,Montréal,P23L01C05,1695
effectifs_population_historique,2020-2021,nouveau,DI,45 à 64 ans,False,6,Montréal,P23L01C06,1474
effectifs_population_historique,2020-2021,nouveau,DI,5 à 11 ans,False,6,Montréal,P23L01C02,313
effectifs_population_historique,2020-2021,nouveau,DI,65 à 74 ans,False,6,Montréal,P23L01C07,333
effectifs_population_historique,2020-2021,nouveau,DI,75 ans et plus,False,6,Montréal,P23L01C08,63
effectifs_population_historique,2020-2021,nouveau,DI,Total,True,6,Montréal,P23L01C09,4610
effectifs_population_historique,2020-2021,nouveau,DI,0 à 4 ans,False,7,Outaouais,P23L01C01,94
effectifs_population_historique,2020-2021,nouveau,DI,12 à 17 ans,False,7,Outaouais,P23L01C03,57
effectifs_population_historique,2020-2021,nouveau,DI,18 à 21 ans,False,7,Outaouais,P23L01C04,58
effectifs_population_historique,2020-2021,nouveau,DI,22 à 44 ans,False,7,Outaouais,P23L01C05,185
effectifs_population_historique,2020-2021,nouveau,DI,45 à 64 ans,False,7,Outaouais,P23L01C06,108
effectifs_population_historique,2020-2021,nouveau,DI,5 à 11 ans,False,7,Outaouais,P23L01C02,112
effectifs_population_historique,2020-2021,nouveau,DI,65 à 74 ans,False,7,Outaouais,P23L01C07,10
effectifs_population_historique,2020-2021,nouveau,DI,75 ans et plus,False,7,Outaouais,P23L01C08,2
effectifs_population_historique,2020-2021,nouveau,DI,Total,True,7,Outaouais,P23L01C09,626
effectifs_population_historique,2020-2021,nouveau,DI,0 à 4 ans,False,8,Abitibi-Témiscamingue,P23L01C01,31
effectifs_population_historique,2020-2021,nouveau,DI,12 à 17 ans,False,8,Abitibi-Témiscamingue,P23L01C03,49
effectifs_population_historique,2020-2021,nouveau,DI,18 à 21 ans,False,8,Abitibi-Témiscamingue,P23L01C04,33
effectifs_population_historique,2020-2021,nouveau,DI,22 à 44 ans,False,8,Abitibi-Témiscamingue,P23L01C05,182
effectifs_population_historique,2020-2021,nouveau,DI,45 à 64 ans,False,8,Abitibi-Témiscamingue,P23L01C06,153
effectifs_population_historique,2020-2021,nouveau,DI,5 à 11 ans,False,8,Abitibi-Témiscamingue,P23L01C02,76
effectifs_population_historique,2020-2021,nouveau,DI,65 à 74 ans,False,8,Abitibi-Témiscamingue,P23L01C07,25
effectifs_population_historique,2020-2021,nouveau,DI,75 ans et plus,False,8,Abitibi-Témiscamingue,P23L01C08,4
effectifs_population_historique,2020-2021,nouveau,DI,Total,True,8,Abitibi-Témiscamingue,P23L01C09,553
effectifs_population_historique,2020-2021,nouveau,DI,0 à 4 ans,False,9,Côte-Nord,P23L01C01,17
effectifs_population_historique,2020-2021,nouveau,DI,12 à 17 ans,False,9,Côte-Nord,P23L01C03,5
effectifs_population_historique,2020-2021,nouveau,DI,18 à 21 ans,False,9,Côte-Nord,P23L01C04,4
effectifs_population_historique,2020-2021,nouveau,DI,22 à 44 ans,False,9,Côte-Nord,P23L01C05,48
effectifs_population_historique,2020-2021,nouveau,DI,45 à 64 ans,False,9,Côte-Nord,P23L01C06,89
effectifs_population_historique,2020-2021,nouveau,DI,5 à 11 ans,False,9,Côte-Nord,P23L01C02,29
effectifs_population_historique,2020-2021,nouveau,DI,65 à 74 ans,False,9,Côte-Nord,P23L01C07,20
effectifs_population_historique,2020-2021,nouveau,DI,75 ans et plus,False,9,Côte-Nord,P23L01C08,4
effectifs_population_historique,2020-2021,nouveau,DI,Total,True,9,Côte-Nord,P23L01C09,216
effectifs_population_historique,2020-2021,nouveau,DI,0 à 4 ans,False,11,Gaspésie–Îles-de-la-Madeleine,P23L01C01,4
effectifs_population_historique,2020-2021,nouveau,DI,12 à 17 ans,False,11,Gaspésie–Îles-de-la-Madeleine,P23L01C03,22
effectifs_population_historique,2020-2021,nouveau,DI,18 à 21 ans,False,11,Gaspésie–Îles-de-la-Madeleine,P23L01C04,13
effectifs_population_historique,2020-2021,nouveau,DI,22 à 44 ans,False,11,Gaspésie–Îles-de-la-Madeleine,P23L01C05,47
effectifs_population_historique,2020-2021,nouveau,DI,45 à 64 ans,False,11,Gaspésie–Îles-de-la-Madeleine,P23L01C06,32
effectifs_population_historique,2020-2021,nouveau,DI,5 à 11 ans,False,11,Gaspésie–Îles-de-la-Madeleine,P23L01C02,21
effectifs_population_historique,2020-2021,nouveau,DI,65 à 74 ans,False,11,Gaspésie–Îles-de-la-Madeleine,P23L01C07,5
effectifs_population_historique,2020-2021,nouveau,DI,Total,True,11,Gaspésie–Îles-de-la-Madeleine,P23L01C09,144
effectifs_population_historique,2020-2021,nouveau,DI,0 à 4 ans,False,12,Chaudière-Appalaches,P23L01C01,83
effectifs_population_historique,2020-2021,nouveau,DI,12 à 17 ans,False,12,Chaudière-Appalaches,P23L01C03,74
effectifs_population_historique,2020-2021,nouveau,DI,18 à 21 ans,False,12,Chaudière-Appalaches,P23L01C04,96
effectifs_population_historique,2020-2021,nouveau,DI,22 à 44 ans,False,12,Chaudière-Appalaches,P23L01C05,435
effectifs_population_historique,2020-2021,nouveau,DI,45 à 64 ans,False,12,Chaudière-Appalaches,P23L01C06,302
effectifs_population_historique,2020-2021,nouveau,DI,5 à 11 ans,False,12,Chaudière-Appalaches,P23L01C02,114
effectifs_population_historique,2020-2021,nouveau,DI,65 à 74 ans,False,12,Chaudière-Appalaches,P23L01C07,66
effectifs_population_historique,2020-2021,nouveau,DI,75 ans et plus,False,12,Chaudière-Appalaches,P23L01C08,26
effectifs_population_historique,2020-2021,nouveau,DI,Total,True,12,Chaudière-Appalaches,P23L01C09,1196
effectifs_population_historique,2020-2021,nouveau,DI,0 à 4 ans,False,13,Laval,P23L01C01,57
effectifs_population_historique,2020-2021,nouveau,DI,12 à 17 ans,False,13,Laval,P23L01C03,50
effectifs_population_historique,2020-2021,nouveau,DI,18 à 21 ans,False,13,Laval,P23L01C04,43
effectifs_population_historique,2020-2021,nouveau,DI,22 à 44 ans,False,13,Laval,P23L01C05,180
effectifs_population_historique,2020-2021,nouveau,DI,45 à 64 ans,False,13,Laval,P23L01C06,125
effectifs_population_historique,2020-2021,nouveau,DI,5 à 11 ans,False,13,Laval,P23L01C02,36
effectifs_population_historique,2020-2021,nouveau,DI,65 à 74 ans,False,13,Laval,P23L01C07,21
effectifs_population_historique,2020-2021,nouveau,DI,75 ans et plus,False,13,Laval,P23L01C08,5
effectifs_population_historique,2020-2021,nouveau,DI,Total,True,13,Laval,P23L01C09,517
effectifs_population_historique,2020-2021,nouveau,DI,0 à 4 ans,False,14,Lanaudière,P23L01C01,83
effectifs_population_historique,2020-2021,nouveau,DI,12 à 17 ans,False,14,Lanaudière,P23L01C03,82
effectifs_population_historique,2020-2021,nouveau,DI,18 à 21 ans,False,14,Lanaudière,P23L01C04,64
effectifs_population_historique,2020-2021,nouveau,DI,22 à 44 ans,False,14,Lanaudière,P23L01C05,215
effectifs_population_historique,2020-2021,nouveau,DI,45 à 64 ans,False,14,Lanaudière,P23L01C06,92
effectifs_population_historique,2020-2021,nouveau,DI,5 à 11 ans,False,14,Lanaudière,P23L01C02,94
effectifs_population_historique,2020-2021,nouveau,DI,65 à 74 ans,False,14,Lanaudière,P23L01C07,17
effectifs_population_historique,2020-2021,nouveau,DI,75 ans et plus,False,14,Lanaudière,P23L01C08,4
effectifs_population_historique,2020-2021,nouveau,DI,Total,True,14,Lanaudière,P23L01C09,651
effectifs_population_historique,2020-2021,nouveau,DI,0 à 4 ans,False,15,Laurentides,P23L01C01,61
effectifs_population_historique,2020-2021,nouveau,DI,12 à 17 ans,False,15,Laurentides,P23L01C03,65
effectifs_population_historique,2020-2021,nouveau,DI,18 à 21 ans,False,15,Laurentides,P23L01C04,71
effectifs_population_historique,2020-2021,nouveau,DI,22 à 44 ans,False,15,Laurentides,P23L01C05,481
effectifs_population_historique,2020-2021,nouveau,DI,45 à 64 ans,False,15,Laurentides,P23L01C06,286
effectifs_population_historique,2020-2021,nouveau,DI,5 à 11 ans,False,15,Laurentides,P23L01C02,69
effectifs_population_historique,2020-2021,nouveau,DI,65 à 74 ans,False,15,Laurentides,P23L01C07,67
effectifs_population_historique,2020-2021,nouveau,DI,75 ans et plus,False,15,Laurentides,P23L01C08,16
effectifs_population_historique,2020-2021,nouveau,DI,Total,True,15,Laurentides,P23L01C09,1116
effectifs_population_historique,2020-2021,nouveau,DI,0 à 4 ans,False,16,Montérégie,P23L01C01,154
effectifs_population_historique,2020-2021,nouveau,DI,12 à 17 ans,False,16,Montérégie,P23L01C03,188
effectifs_population_historique,2020-2021,nouveau,DI,18 à 21 ans,False,16,Montérégie,P23L01C04,141
effectifs_population_historique,2020-2021,nouveau,DI,22 à 44 ans,False,16,Montérégie,P23L01C05,1001
effectifs_population_historique,2020-2021,nouveau,DI,45 à 64 ans,False,16,Montérégie,P23L01C06,824
effectifs_population_historique,2020-2021,nouveau,DI,5 à 11 ans,False,16,Montérégie,P23L01C02,187
effectifs_population_historique,2020-2021,nouveau,DI,65 à 74 ans,False,16,Montérégie,P23L01C07,189
effectifs_population_historique,2020-2021,nouveau,DI,75 ans et plus,False,16,Montérégie,P23L01C08,31
effectifs_population_historique,2020-2021,nouveau,DI,Total,True,16,Montérégie,P23L01C09,2715
effectifs_population_historique,2021-2022,nouveau,DI,0 à 4 ans,False,1,Bas-Saint-Laurent,P23L01C01,34
effectifs_population_historique,2021-2022,nouveau,DI,12 à 17 ans,False,1,Bas-Saint-Laurent,P23L01C03,58
effectifs_population_historique,2021-2022,nouveau,DI,18 à 21 ans,False,1,Bas-Saint-Laurent,P23L01C04,40
effectifs_population_historique,2021-2022,nouveau,DI,22 à 44 ans,False,1,Bas-Saint-Laurent,P23L01C05,213
effectifs_population_historique,2021-2022,nouveau,DI,45 à 64 ans,False,1,Bas-Saint-Laurent,P23L01C06,203
effectifs_population_historique,2021-2022,nouveau,DI,5 à 11 ans,False,1,Bas-Saint-Laurent,P23L01C02,84
effectifs_population_historique,2021-2022,nouveau,DI,65 à 74 ans,False,1,Bas-Saint-Laurent,P23L01C07,40
effectifs_population_historique,2021-2022,nouveau,DI,75 ans et plus,False,1,Bas-Saint-Laurent,P23L01C08,9
effectifs_population_historique,2021-2022,nouveau,DI,Total,True,1,Bas-Saint-Laurent,P23L01C09,681
effectifs_population_historique,2021-2022,nouveau,DI,0 à 4 ans,False,2,Saguenay–Lac-Saint-Jean,P23L01C01,72
effectifs_population_historique,2021-2022,nouveau,DI,12 à 17 ans,False,2,Saguenay–Lac-Saint-Jean,P23L01C03,50
effectifs_population_historique,2021-2022,nouveau,DI,18 à 21 ans,False,2,Saguenay–Lac-Saint-Jean,P23L01C04,50
effectifs_population_historique,2021-2022,nouveau,DI,22 à 44 ans,False,2,Saguenay–Lac-Saint-Jean,P23L01C05,324
effectifs_population_historique,2021-2022,nouveau,DI,45 à 64 ans,False,2,Saguenay–Lac-Saint-Jean,P23L01C06,291
effectifs_population_historique,2021-2022,nouveau,DI,5 à 11 ans,False,2,Saguenay–Lac-Saint-Jean,P23L01C02,76
effectifs_population_historique,2021-2022,nouveau,DI,65 à 74 ans,False,2,Saguenay–Lac-Saint-Jean,P23L01C07,97
effectifs_population_historique,2021-2022,nouveau,DI,75 ans et plus,False,2,Saguenay–Lac-Saint-Jean,P23L01C08,24
effectifs_population_historique,2021-2022,nouveau,DI,Total,True,2,Saguenay–Lac-Saint-Jean,P23L01C09,984
effectifs_population_historique,2021-2022,nouveau,DI,0 à 4 ans,False,3,Capitale-Nationale,P23L01C01,0
effectifs_population_historique,2021-2022,nouveau,DI,12 à 17 ans,False,3,Capitale-Nationale,P23L01C03,18
effectifs_population_historique,2021-2022,nouveau,DI,18 à 21 ans,False,3,Capitale-Nationale,P23L01C04,37
effectifs_population_historique,2021-2022,nouveau,DI,22 à 44 ans,False,3,Capitale-Nationale,P23L01C05,460
effectifs_population_historique,2021-2022,nouveau,DI,45 à 64 ans,False,3,Capitale-Nationale,P23L01C06,349
effectifs_population_historique,2021-2022,nouveau,DI,5 à 11 ans,False,3,Capitale-Nationale,P23L01C02,5
effectifs_population_historique,2021-2022,nouveau,DI,65 à 74 ans,False,3,Capitale-Nationale,P23L01C07,80
effectifs_population_historique,2021-2022,nouveau,DI,75 ans et plus,False,3,Capitale-Nationale,P23L01C08,28
effectifs_population_historique,2021-2022,nouveau,DI,Total,True,3,Capitale-Nationale,P23L01C09,977
effectifs_population_historique,2021-2022,nouveau,DI,0 à 4 ans,False,4,Mauricie et Centre-du-Québec,P23L01C01,91
effectifs_population_historique,2021-2022,nouveau,DI,12 à 17 ans,False,4,Mauricie et Centre-du-Québec,P23L01C03,109
effectifs_population_historique,2021-2022,nouveau,DI,18 à 21 ans,False,4,Mauricie et Centre-du-Québec,P23L01C04,82
effectifs_population_historique,2021-2022,nouveau,DI,22 à 44 ans,False,4,Mauricie et Centre-du-Québec,P23L01C05,592
effectifs_population_historique,2021-2022,nouveau,DI,45 à 64 ans,False,4,Mauricie et Centre-du-Québec,P23L01C06,348
effectifs_population_historique,2021-2022,nouveau,DI,5 à 11 ans,False,4,Mauricie et Centre-du-Québec,P23L01C02,129
effectifs_population_historique,2021-2022,nouveau,DI,65 à 74 ans,False,4,Mauricie et Centre-du-Québec,P23L01C07,52
effectifs_population_historique,2021-2022,nouveau,DI,75 ans et plus,False,4,Mauricie et Centre-du-Québec,P23L01C08,18
effectifs_population_historique,2021-2022,nouveau,DI,Total,True,4,Mauricie et Centre-du-Québec,P23L01C09,1421
effectifs_population_historique,2021-2022,nouveau,DI,0 à 4 ans,False,5,Estrie,P23L01C01,2
effectifs_population_historique,2021-2022,nouveau,DI,12 à 17 ans,False,5,Estrie,P23L01C03,49
effectifs_population_historique,2021-2022,nouveau,DI,18 à 21 ans,False,5,Estrie,P23L01C04,33
effectifs_population_historique,2021-2022,nouveau,DI,22 à 44 ans,False,5,Estrie,P23L01C05,326
effectifs_population_historique,2021-2022,nouveau,DI,45 à 64 ans,False,5,Estrie,P23L01C06,241
effectifs_population_historique,2021-2022,nouveau,DI,5 à 11 ans,False,5,Estrie,P23L01C02,21
effectifs_population_historique,2021-2022,nouveau,DI,65 à 74 ans,False,5,Estrie,P23L01C07,55
effectifs_population_historique,2021-2022,nouveau,DI,75 ans et plus,False,5,Estrie,P23L01C08,5
effectifs_population_historique,2021-2022,nouveau,DI,Total,True,5,Estrie,P23L01C09,732
effectifs_population_historique,2021-2022,nouveau,DI,0 à 4 ans,False,6,Montréal,P23L01C01,180
effectifs_population_historique,2021-2022,nouveau,DI,12 à 17 ans,False,6,Montréal,P23L01C03,265
effectifs_population_historique,2021-2022,nouveau,DI,18 à 21 ans,False,6,Montréal,P23L01C04,198
effectifs_population_historique,2021-2022,nouveau,DI,22 à 44 ans,False,6,Montréal,P23L01C05,1641
effectifs_population_historique,2021-2022,nouveau,DI,45 à 64 ans,False,6,Montréal,P23L01C06,1386
effectifs_population_historique,2021-2022,nouveau,DI,5 à 11 ans,False,6,Montréal,P23L01C02,310
effectifs_population_historique,2021-2022,nouveau,DI,65 à 74 ans,False,6,Montréal,P23L01C07,338
effectifs_population_historique,2021-2022,nouveau,DI,75 ans et plus,False,6,Montréal,P23L01C08,71
effectifs_population_historique,2021-2022,nouveau,DI,Total,True,6,Montréal,P23L01C09,4389
effectifs_population_historique,2021-2022,nouveau,DI,0 à 4 ans,False,7,Outaouais,P23L01C01,90
effectifs_population_historique,2021-2022,nouveau,DI,12 à 17 ans,False,7,Outaouais,P23L01C03,55
effectifs_population_historique,2021-2022,nouveau,DI,18 à 21 ans,False,7,Outaouais,P23L01C04,46
effectifs_population_historique,2021-2022,nouveau,DI,22 à 44 ans,False,7,Outaouais,P23L01C05,176
effectifs_population_historique,2021-2022,nouveau,DI,45 à 64 ans,False,7,Outaouais,P23L01C06,99
effectifs_population_historique,2021-2022,nouveau,DI,5 à 11 ans,False,7,Outaouais,P23L01C02,92
effectifs_population_historique,2021-2022,nouveau,DI,65 à 74 ans,False,7,Outaouais,P23L01C07,12
effectifs_population_historique,2021-2022,nouveau,DI,Total,True,7,Outaouais,P23L01C09,570
effectifs_population_historique,2021-2022,nouveau,DI,0 à 4 ans,False,8,Abitibi-Témiscamingue,P23L01C01,30
effectifs_population_historique,2021-2022,nouveau,DI,12 à 17 ans,False,8,Abitibi-Témiscamingue,P23L01C03,49
effectifs_population_historique,2021-2022,nouveau,DI,18 à 21 ans,False,8,Abitibi-Témiscamingue,P23L01C04,45
effectifs_population_historique,2021-2022,nouveau,DI,22 à 44 ans,False,8,Abitibi-Témiscamingue,P23L01C05,179
effectifs_population_historique,2021-2022,nouveau,DI,45 à 64 ans,False,8,Abitibi-Témiscamingue,P23L01C06,153
effectifs_population_historique,2021-2022,nouveau,DI,5 à 11 ans,False,8,Abitibi-Témiscamingue,P23L01C02,73
effectifs_population_historique,2021-2022,nouveau,DI,65 à 74 ans,False,8,Abitibi-Témiscamingue,P23L01C07,33
effectifs_population_historique,2021-2022,nouveau,DI,75 ans et plus,False,8,Abitibi-Témiscamingue,P23L01C08,5
effectifs_population_historique,2021-2022,nouveau,DI,Total,True,8,Abitibi-Témiscamingue,P23L01C09,567
effectifs_population_historique,2021-2022,nouveau,DI,0 à 4 ans,False,9,Côte-Nord,P23L01C01,17
effectifs_population_historique,2021-2022,nouveau,DI,12 à 17 ans,False,9,Côte-Nord,P23L01C03,4
effectifs_population_historique,2021-2022,nouveau,DI,18 à 21 ans,False,9,Côte-Nord,P23L01C04,3
effectifs_population_historique,2021-2022,nouveau,DI,22 à 44 ans,False,9,Côte-Nord,P23L01C05,40
effectifs_population_historique,2021-2022,nouveau,DI,45 à 64 ans,False,9,Côte-Nord,P23L01C06,85
effectifs_population_historique,2021-2022,nouveau,DI,5 à 11 ans,False,9,Côte-Nord,P23L01C02,24
effectifs_population_historique,2021-2022,nouveau,DI,65 à 74 ans,False,9,Côte-Nord,P23L01C07,21
effectifs_population_historique,2021-2022,nouveau,DI,75 ans et plus,False,9,Côte-Nord,P23L01C08,3
effectifs_population_historique,2021-2022,nouveau,DI,Total,True,9,Côte-Nord,P23L01C09,197
effectifs_population_historique,2021-2022,nouveau,DI,0 à 4 ans,False,11,Gaspésie–Îles-de-la-Madeleine,P23L01C01,3
effectifs_population_historique,2021-2022,nouveau,DI,12 à 17 ans,False,11,Gaspésie–Îles-de-la-Madeleine,P23L01C03,21
effectifs_population_historique,2021-2022,nouveau,DI,18 à 21 ans,False,11,Gaspésie–Îles-de-la-Madeleine,P23L01C04,10
effectifs_population_historique,2021-2022,nouveau,DI,22 à 44 ans,False,11,Gaspésie–Îles-de-la-Madeleine,P23L01C05,38
effectifs_population_historique,2021-2022,nouveau,DI,45 à 64 ans,False,11,Gaspésie–Îles-de-la-Madeleine,P23L01C06,31
effectifs_population_historique,2021-2022,nouveau,DI,5 à 11 ans,False,11,Gaspésie–Îles-de-la-Madeleine,P23L01C02,17
effectifs_population_historique,2021-2022,nouveau,DI,65 à 74 ans,False,11,Gaspésie–Îles-de-la-Madeleine,P23L01C07,3
effectifs_population_historique,2021-2022,nouveau,DI,75 ans et plus,False,11,Gaspésie–Îles-de-la-Madeleine,P23L01C08,0
effectifs_population_historique,2021-2022,nouveau,DI,Total,True,11,Gaspésie–Îles-de-la-Madeleine,P23L01C09,123
effectifs_population_historique,2021-2022,nouveau,DI,0 à 4 ans,False,12,Chaudière-Appalaches,P23L01C01,94
effectifs_population_historique,2021-2022,nouveau,DI,12 à 17 ans,False,12,Chaudière-Appalaches,P23L01C03,93
effectifs_population_historique,2021-2022,nouveau,DI,18 à 21 ans,False,12,Chaudière-Appalaches,P23L01C04,90
effectifs_population_historique,2021-2022,nouveau,DI,22 à 44 ans,False,12,Chaudière-Appalaches,P23L01C05,427
effectifs_population_historique,2021-2022,nouveau,DI,45 à 64 ans,False,12,Chaudière-Appalaches,P23L01C06,281
effectifs_population_historique,2021-2022,nouveau,DI,5 à 11 ans,False,12,Chaudière-Appalaches,P23L01C02,131
effectifs_population_historique,2021-2022,nouveau,DI,65 à 74 ans,False,12,Chaudière-Appalaches,P23L01C07,51
effectifs_population_historique,2021-2022,nouveau,DI,75 ans et plus,False,12,Chaudière-Appalaches,P23L01C08,19
effectifs_population_historique,2021-2022,nouveau,DI,Total,True,12,Chaudière-Appalaches,P23L01C09,1186
effectifs_population_historique,2021-2022,nouveau,DI,0 à 4 ans,False,13,Laval,P23L01C01,58
effectifs_population_historique,2021-2022,nouveau,DI,12 à 17 ans,False,13,Laval,P23L01C03,51
effectifs_population_historique,2021-2022,nouveau,DI,18 à 21 ans,False,13,Laval,P23L01C04,53
effectifs_population_historique,2021-2022,nouveau,DI,22 à 44 ans,False,13,Laval,P23L01C05,171
effectifs_population_historique,2021-2022,nouveau,DI,45 à 64 ans,False,13,Laval,P23L01C06,118
effectifs_population_historique,2021-2022,nouveau,DI,5 à 11 ans,False,13,Laval,P23L01C02,51
effectifs_population_historique,2021-2022,nouveau,DI,65 à 74 ans,False,13,Laval,P23L01C07,23
effectifs_population_historique,2021-2022,nouveau,DI,75 ans et plus,False,13,Laval,P23L01C08,9
effectifs_population_historique,2021-2022,nouveau,DI,Total,True,13,Laval,P23L01C09,534
effectifs_population_historique,2021-2022,nouveau,DI,0 à 4 ans,False,14,Lanaudière,P23L01C01,84
effectifs_population_historique,2021-2022,nouveau,DI,12 à 17 ans,False,14,Lanaudière,P23L01C03,64
effectifs_population_historique,2021-2022,nouveau,DI,18 à 21 ans,False,14,Lanaudière,P23L01C04,67
effectifs_population_historique,2021-2022,nouveau,DI,22 à 44 ans,False,14,Lanaudière,P23L01C05,204
effectifs_population_historique,2021-2022,nouveau,DI,45 à 64 ans,False,14,Lanaudière,P23L01C06,73
effectifs_population_historique,2021-2022,nouveau,DI,5 à 11 ans,False,14,Lanaudière,P23L01C02,90
effectifs_population_historique,2021-2022,nouveau,DI,65 à 74 ans,False,14,Lanaudière,P23L01C07,21
effectifs_population_historique,2021-2022,nouveau,DI,75 ans et plus,False,14,Lanaudière,P23L01C08,2
effectifs_population_historique,2021-2022,nouveau,DI,Total,True,14,Lanaudière,P23L01C09,605
effectifs_population_historique,2021-2022,nouveau,DI,0 à 4 ans,False,15,Laurentides,P23L01C01,74
effectifs_population_historique,2021-2022,nouveau,DI,12 à 17 ans,False,15,Laurentides,P23L01C03,50
effectifs_population_historique,2021-2022,nouveau,DI,18 à 21 ans,False,15,Laurentides,P23L01C04,65
effectifs_population_historique,2021-2022,nouveau,DI,22 à 44 ans,False,15,Laurentides,P23L01C05,444
effectifs_population_historique,2021-2022,nouveau,DI,45 à 64 ans,False,15,Laurentides,P23L01C06,223
effectifs_population_historique,2021-2022,nouveau,DI,5 à 11 ans,False,15,Laurentides,P23L01C02,66
effectifs_population_historique,2021-2022,nouveau,DI,65 à 74 ans,False,15,Laurentides,P23L01C07,48
effectifs_population_historique,2021-2022,nouveau,DI,75 ans et plus,False,15,Laurentides,P23L01C08,9
effectifs_population_historique,2021-2022,nouveau,DI,Total,True,15,Laurentides,P23L01C09,979
effectifs_population_historique,2021-2022,nouveau,DI,0 à 4 ans,False,16,Montérégie,P23L01C01,158
effectifs_population_historique,2021-2022,nouveau,DI,12 à 17 ans,False,16,Montérégie,P23L01C03,210
effectifs_population_historique,2021-2022,nouveau,DI,18 à 21 ans,False,16,Montérégie,P23L01C04,153
effectifs_population_historique,2021-2022,nouveau,DI,22 à 44 ans,False,16,Montérégie,P23L01C05,972
effectifs_population_historique,2021-2022,nouveau,DI,45 à 64 ans,False,16,Montérégie,P23L01C06,789
effectifs_population_historique,2021-2022,nouveau,DI,5 à 11 ans,False,16,Montérégie,P23L01C02,263
effectifs_population_historique,2021-2022,nouveau,DI,65 à 74 ans,False,16,Montérégie,P23L01C07,213
effectifs_population_historique,2021-2022,nouveau,DI,75 ans et plus,False,16,Montérégie,P23L01C08,36
effectifs_population_historique,2021-2022,nouveau,DI,Total,True,16,Montérégie,P23L01C09,2794
effectifs_population_historique,2022-2023,nouveau,DI,0 à 4 ans,False,1,Bas-Saint-Laurent,P23L01C01,63
effectifs_population_historique,2022-2023,nouveau,DI,12 à 17 ans,False,1,Bas-Saint-Laurent,P23L01C03,65
effectifs_population_historique,2022-2023,nouveau,DI,18 à 21 ans,False,1,Bas-Saint-Laurent,P23L01C04,40
effectifs_population_historique,2022-2023,nouveau,DI,22 à 44 ans,False,1,Bas-Saint-Laurent,P23L01C05,202
effectifs_population_historique,2022-2023,nouveau,DI,45 à 64 ans,False,1,Bas-Saint-Laurent,P23L01C06,206
effectifs_population_historique,2022-2023,nouveau,DI,5 à 11 ans,False,1,Bas-Saint-Laurent,P23L01C02,81
effectifs_population_historique,2022-2023,nouveau,DI,65 à 74 ans,False,1,Bas-Saint-Laurent,P23L01C07,42
effectifs_population_historique,2022-2023,nouveau,DI,75 ans et plus,False,1,Bas-Saint-Laurent,P23L01C08,7
effectifs_population_historique,2022-2023,nouveau,DI,Total,True,1,Bas-Saint-Laurent,P23L01C09,706
effectifs_population_historique,2022-2023,nouveau,DI,0 à 4 ans,False,2,Saguenay–Lac-Saint-Jean,P23L01C01,77
effectifs_population_historique,2022-2023,nouveau,DI,12 à 17 ans,False,2,Saguenay–Lac-Saint-Jean,P23L01C03,43
effectifs_population_historique,2022-2023,nouveau,DI,18 à 21 ans,False,2,Saguenay–Lac-Saint-Jean,P23L01C04,50
effectifs_population_historique,2022-2023,nouveau,DI,22 à 44 ans,False,2,Saguenay–Lac-Saint-Jean,P23L01C05,310
effectifs_population_historique,2022-2023,nouveau,DI,45 à 64 ans,False,2,Saguenay–Lac-Saint-Jean,P23L01C06,296
effectifs_population_historique,2022-2023,nouveau,DI,5 à 11 ans,False,2,Saguenay–Lac-Saint-Jean,P23L01C02,78
effectifs_population_historique,2022-2023,nouveau,DI,65 à 74 ans,False,2,Saguenay–Lac-Saint-Jean,P23L01C07,88
effectifs_population_historique,2022-2023,nouveau,DI,75 ans et plus,False,2,Saguenay–Lac-Saint-Jean,P23L01C08,23
effectifs_population_historique,2022-2023,nouveau,DI,Total,True,2,Saguenay–Lac-Saint-Jean,P23L01C09,965
effectifs_population_historique,2022-2023,nouveau,DI,12 à 17 ans,False,3,Capitale-Nationale,P23L01C03,13
effectifs_population_historique,2022-2023,nouveau,DI,18 à 21 ans,False,3,Capitale-Nationale,P23L01C04,25
effectifs_population_historique,2022-2023,nouveau,DI,22 à 44 ans,False,3,Capitale-Nationale,P23L01C05,445
effectifs_population_historique,2022-2023,nouveau,DI,45 à 64 ans,False,3,Capitale-Nationale,P23L01C06,284
effectifs_population_historique,2022-2023,nouveau,DI,5 à 11 ans,False,3,Capitale-Nationale,P23L01C02,9
effectifs_population_historique,2022-2023,nouveau,DI,65 à 74 ans,False,3,Capitale-Nationale,P23L01C07,58
effectifs_population_historique,2022-2023,nouveau,DI,75 ans et plus,False,3,Capitale-Nationale,P23L01C08,21
effectifs_population_historique,2022-2023,nouveau,DI,Total,True,3,Capitale-Nationale,P23L01C09,855
effectifs_population_historique,2022-2023,nouveau,DI,0 à 4 ans,False,4,Mauricie et Centre-du-Québec,P23L01C01,87
effectifs_population_historique,2022-2023,nouveau,DI,12 à 17 ans,False,4,Mauricie et Centre-du-Québec,P23L01C03,101
effectifs_population_historique,2022-2023,nouveau,DI,18 à 21 ans,False,4,Mauricie et Centre-du-Québec,P23L01C04,92
effectifs_population_historique,2022-2023,nouveau,DI,22 à 44 ans,False,4,Mauricie et Centre-du-Québec,P23L01C05,589
effectifs_population_historique,2022-2023,nouveau,DI,45 à 64 ans,False,4,Mauricie et Centre-du-Québec,P23L01C06,347
effectifs_population_historique,2022-2023,nouveau,DI,5 à 11 ans,False,4,Mauricie et Centre-du-Québec,P23L01C02,130
effectifs_population_historique,2022-2023,nouveau,DI,65 à 74 ans,False,4,Mauricie et Centre-du-Québec,P23L01C07,37
effectifs_population_historique,2022-2023,nouveau,DI,75 ans et plus,False,4,Mauricie et Centre-du-Québec,P23L01C08,14
effectifs_population_historique,2022-2023,nouveau,DI,Total,True,4,Mauricie et Centre-du-Québec,P23L01C09,1397
effectifs_population_historique,2022-2023,nouveau,DI,0 à 4 ans,False,5,Estrie,P23L01C01,0
effectifs_population_historique,2022-2023,nouveau,DI,12 à 17 ans,False,5,Estrie,P23L01C03,45
effectifs_population_historique,2022-2023,nouveau,DI,18 à 21 ans,False,5,Estrie,P23L01C04,41
effectifs_population_historique,2022-2023,nouveau,DI,22 à 44 ans,False,5,Estrie,P23L01C05,321
effectifs_population_historique,2022-2023,nouveau,DI,45 à 64 ans,False,5,Estrie,P23L01C06,228
effectifs_population_historique,2022-2023,nouveau,DI,5 à 11 ans,False,5,Estrie,P23L01C02,26
effectifs_population_historique,2022-2023,nouveau,DI,65 à 74 ans,False,5,Estrie,P23L01C07,44
effectifs_population_historique,2022-2023,nouveau,DI,75 ans et plus,False,5,Estrie,P23L01C08,2
effectifs_population_historique,2022-2023,nouveau,DI,Total,True,5,Estrie,P23L01C09,707
effectifs_population_historique,2022-2023,nouveau,DI,0 à 4 ans,False,6,Montréal,P23L01C01,177
effectifs_population_historique,2022-2023,nouveau,DI,12 à 17 ans,False,6,Montréal,P23L01C03,221
effectifs_population_historique,2022-2023,nouveau,DI,18 à 21 ans,False,6,Montréal,P23L01C04,188
effectifs_population_historique,2022-2023,nouveau,DI,22 à 44 ans,False,6,Montréal,P23L01C05,1580
effectifs_population_historique,2022-2023,nouveau,DI,45 à 64 ans,False,6,Montréal,P23L01C06,1330
effectifs_population_historique,2022-2023,nouveau,DI,5 à 11 ans,False,6,Montréal,P23L01C02,267
effectifs_population_historique,2022-2023,nouveau,DI,65 à 74 ans,False,6,Montréal,P23L01C07,348
effectifs_population_historique,2022-2023,nouveau,DI,75 ans et plus,False,6,Montréal,P23L01C08,77
effectifs_population_historique,2022-2023,nouveau,DI,Total,True,6,Montréal,P23L01C09,4188
effectifs_population_historique,2022-2023,nouveau,DI,0 à 4 ans,False,7,Outaouais,P23L01C01,86
effectifs_population_historique,2022-2023,nouveau,DI,12 à 17 ans,False,7,Outaouais,P23L01C03,51
effectifs_population_historique,2022-2023,nouveau,DI,18 à 21 ans,False,7,Outaouais,P23L01C04,46
effectifs_population_historique,2022-2023,nouveau,DI,22 à 44 ans,False,7,Outaouais,P23L01C05,186
effectifs_population_historique,2022-2023,nouveau,DI,45 à 64 ans,False,7,Outaouais,P23L01C06,97
effectifs_population_historique,2022-2023,nouveau,DI,5 à 11 ans,False,7,Outaouais,P23L01C02,94
effectifs_population_historique,2022-2023,nouveau,DI,65 à 74 ans,False,7,Outaouais,P23L01C07,11
effectifs_population_historique,2022-2023,nouveau,DI,75 ans et plus,False,7,Outaouais,P23L01C08,2
effectifs_population_historique,2022-2023,nouveau,DI,Total,True,7,Outaouais,P23L01C09,573
effectifs_population_historique,2022-2023,nouveau,DI,0 à 4 ans,False,8,Abitibi-Témiscamingue,P23L01C01,29
effectifs_population_historique,2022-2023,nouveau,DI,12 à 17 ans,False,8,Abitibi-Témiscamingue,P23L01C03,48
effectifs_population_historique,2022-2023,nouveau,DI,18 à 21 ans,False,8,Abitibi-Témiscamingue,P23L01C04,31
effectifs_population_historique,2022-2023,nouveau,DI,22 à 44 ans,False,8,Abitibi-Témiscamingue,P23L01C05,179
effectifs_population_historique,2022-2023,nouveau,DI,45 à 64 ans,False,8,Abitibi-Témiscamingue,P23L01C06,153
effectifs_population_historique,2022-2023,nouveau,DI,5 à 11 ans,False,8,Abitibi-Témiscamingue,P23L01C02,65
effectifs_population_historique,2022-2023,nouveau,DI,65 à 74 ans,False,8,Abitibi-Témiscamingue,P23L01C07,36
effectifs_population_historique,2022-2023,nouveau,DI,75 ans et plus,False,8,Abitibi-Témiscamingue,P23L01C08,5
effectifs_population_historique,2022-2023,nouveau,DI,Total,True,8,Abitibi-Témiscamingue,P23L01C09,546
effectifs_population_historique,2022-2023,nouveau,DI,0 à 4 ans,False,9,Côte-Nord,P23L01C01,14
effectifs_population_historique,2022-2023,nouveau,DI,12 à 17 ans,False,9,Côte-Nord,P23L01C03,8
effectifs_population_historique,2022-2023,nouveau,DI,18 à 21 ans,False,9,Côte-Nord,P23L01C04,4
effectifs_population_historique,2022-2023,nouveau,DI,22 à 44 ans,False,9,Côte-Nord,P23L01C05,54
effectifs_population_historique,2022-2023,nouveau,DI,45 à 64 ans,False,9,Côte-Nord,P23L01C06,92
effectifs_population_historique,2022-2023,nouveau,DI,5 à 11 ans,False,9,Côte-Nord,P23L01C02,26
effectifs_population_historique,2022-2023,nouveau,DI,65 à 74 ans,False,9,Côte-Nord,P23L01C07,22
effectifs_population_historique,2022-2023,nouveau,DI,75 ans et plus,False,9,Côte-Nord,P23L01C08,3
effectifs_population_historique,2022-2023,nouveau,DI,Total,True,9,Côte-Nord,P23L01C09,223
effectifs_population_historique,2022-2023,nouveau,DI,0 à 4 ans,False,11,Gaspésie–Îles-de-la-Madeleine,P23L01C01,2
effectifs_population_historique,2022-2023,nouveau,DI,12 à 17 ans,False,11,Gaspésie–Îles-de-la-Madeleine,P23L01C03,26
effectifs_population_historique,2022-2023,nouveau,DI,18 à 21 ans,False,11,Gaspésie–Îles-de-la-Madeleine,P23L01C04,11
effectifs_population_historique,2022-2023,nouveau,DI,22 à 44 ans,False,11,Gaspésie–Îles-de-la-Madeleine,P23L01C05,35
effectifs_population_historique,2022-2023,nouveau,DI,45 à 64 ans,False,11,Gaspésie–Îles-de-la-Madeleine,P23L01C06,45
effectifs_population_historique,2022-2023,nouveau,DI,5 à 11 ans,False,11,Gaspésie–Îles-de-la-Madeleine,P23L01C02,15
effectifs_population_historique,2022-2023,nouveau,DI,65 à 74 ans,False,11,Gaspésie–Îles-de-la-Madeleine,P23L01C07,11
effectifs_population_historique,2022-2023,nouveau,DI,75 ans et plus,False,11,Gaspésie–Îles-de-la-Madeleine,P23L01C08,2
effectifs_population_historique,2022-2023,nouveau,DI,Total,True,11,Gaspésie–Îles-de-la-Madeleine,P23L01C09,147
effectifs_population_historique,2022-2023,nouveau,DI,0 à 4 ans,False,12,Chaudière-Appalaches,P23L01C01,92
effectifs_population_historique,2022-2023,nouveau,DI,12 à 17 ans,False,12,Chaudière-Appalaches,P23L01C03,79
effectifs_population_historique,2022-2023,nouveau,DI,18 à 21 ans,False,12,Chaudière-Appalaches,P23L01C04,79
effectifs_population_historique,2022-2023,nouveau,DI,22 à 44 ans,False,12,Chaudière-Appalaches,P23L01C05,434
effectifs_population_historique,2022-2023,nouveau,DI,45 à 64 ans,False,12,Chaudière-Appalaches,P23L01C06,274
effectifs_population_historique,2022-2023,nouveau,DI,5 à 11 ans,False,12,Chaudière-Appalaches,P23L01C02,114
effectifs_population_historique,2022-2023,nouveau,DI,65 à 74 ans,False,12,Chaudière-Appalaches,P23L01C07,63
effectifs_population_historique,2022-2023,nouveau,DI,75 ans et plus,False,12,Chaudière-Appalaches,P23L01C08,19
effectifs_population_historique,2022-2023,nouveau,DI,Total,True,12,Chaudière-Appalaches,P23L01C09,1154
effectifs_population_historique,2022-2023,nouveau,DI,0 à 4 ans,False,13,Laval,P23L01C01,47
effectifs_population_historique,2022-2023,nouveau,DI,12 à 17 ans,False,13,Laval,P23L01C03,50
effectifs_population_historique,2022-2023,nouveau,DI,18 à 21 ans,False,13,Laval,P23L01C04,46
effectifs_population_historique,2022-2023,nouveau,DI,22 à 44 ans,False,13,Laval,P23L01C05,157
effectifs_population_historique,2022-2023,nouveau,DI,45 à 64 ans,False,13,Laval,P23L01C06,108
effectifs_population_historique,2022-2023,nouveau,DI,5 à 11 ans,False,13,Laval,P23L01C02,58
effectifs_population_historique,2022-2023,nouveau,DI,65 à 74 ans,False,13,Laval,P23L01C07,23
effectifs_population_historique,2022-2023,nouveau,DI,75 ans et plus,False,13,Laval,P23L01C08,9
effectifs_population_historique,2022-2023,nouveau,DI,Total,True,13,Laval,P23L01C09,498
effectifs_population_historique,2022-2023,nouveau,DI,0 à 4 ans,False,14,Lanaudière,P23L01C01,80
effectifs_population_historique,2022-2023,nouveau,DI,12 à 17 ans,False,14,Lanaudière,P23L01C03,76
effectifs_population_historique,2022-2023,nouveau,DI,18 à 21 ans,False,14,Lanaudière,P23L01C04,53
effectifs_population_historique,2022-2023,nouveau,DI,22 à 44 ans,False,14,Lanaudière,P23L01C05,254
effectifs_population_historique,2022-2023,nouveau,DI,45 à 64 ans,False,14,Lanaudière,P23L01C06,91
effectifs_population_historique,2022-2023,nouveau,DI,5 à 11 ans,False,14,Lanaudière,P23L01C02,86
effectifs_population_historique,2022-2023,nouveau,DI,65 à 74 ans,False,14,Lanaudière,P23L01C07,25
effectifs_population_historique,2022-2023,nouveau,DI,75 ans et plus,False,14,Lanaudière,P23L01C08,4
effectifs_population_historique,2022-2023,nouveau,DI,Total,True,14,Lanaudière,P23L01C09,669
effectifs_population_historique,2022-2023,nouveau,DI,0 à 4 ans,False,15,Laurentides,P23L01C01,81
effectifs_population_historique,2022-2023,nouveau,DI,12 à 17 ans,False,15,Laurentides,P23L01C03,38
effectifs_population_historique,2022-2023,nouveau,DI,18 à 21 ans,False,15,Laurentides,P23L01C04,59
effectifs_population_historique,2022-2023,nouveau,DI,22 à 44 ans,False,15,Laurentides,P23L01C05,383
effectifs_population_historique,2022-2023,nouveau,DI,45 à 64 ans,False,15,Laurentides,P23L01C06,198
effectifs_population_historique,2022-2023,nouveau,DI,5 à 11 ans,False,15,Laurentides,P23L01C02,62
effectifs_population_historique,2022-2023,nouveau,DI,65 à 74 ans,False,15,Laurentides,P23L01C07,34
effectifs_population_historique,2022-2023,nouveau,DI,75 ans et plus,False,15,Laurentides,P23L01C08,7
effectifs_population_historique,2022-2023,nouveau,DI,Total,True,15,Laurentides,P23L01C09,862
effectifs_population_historique,2022-2023,nouveau,DI,0 à 4 ans,False,16,Montérégie,P23L01C01,167
effectifs_population_historique,2022-2023,nouveau,DI,12 à 17 ans,False,16,Montérégie,P23L01C03,237
effectifs_population_historique,2022-2023,nouveau,DI,18 à 21 ans,False,16,Montérégie,P23L01C04,144
effectifs_population_historique,2022-2023,nouveau,DI,22 à 44 ans,False,16,Montérégie,P23L01C05,948
effectifs_population_historique,2022-2023,nouveau,DI,45 à 64 ans,False,16,Montérégie,P23L01C06,773
effectifs_population_historique,2022-2023,nouveau,DI,5 à 11 ans,False,16,Montérégie,P23L01C02,258
effectifs_population_historique,2022-2023,nouveau,DI,65 à 74 ans,False,16,Montérégie,P23L01C07,209
effectifs_population_historique,2022-2023,nouveau,DI,75 ans et plus,False,16,Montérégie,P23L01C08,37
effectifs_population_historique,2022-2023,nouveau,DI,Total,True,16,Montérégie,P23L01C09,2773
effectifs_population_historique,2010-2011,ancien,TSA,0 à 4 ans,False,1,Bas-Saint-Laurent,P04BL08C01,25
effectifs_population_historique,2010-2011,ancien,TSA,18 à 21 ans,False,1,Bas-Saint-Laurent,P04BL08C03,31
effectifs_population_historique,2010-2011,ancien,TSA,22 à 44 ans,False,1,Bas-Saint-Laurent,P04BL08C04,61
effectifs_population_historique,2010-2011,ancien,TSA,45 à 64 ans,False,1,Bas-Saint-Laurent,P04BL08C05,14
effectifs_population_historique,2010-2011,ancien,TSA,5 à 17 ans,False,1,Bas-Saint-Laurent,P04BL08C02,119
effectifs_population_historique,2010-2011,ancien,TSA,Total,True,1,Bas-Saint-Laurent,P04BL08C07,250
effectifs_population_historique,2010-2011,ancien,TSA,0 à 4 ans,False,2,Saguenay–Lac-Saint-Jean,P04BL08C01,33
effectifs_population_historique,2010-2011,ancien,TSA,18 à 21 ans,False,2,Saguenay–Lac-Saint-Jean,P04BL08C03,26
effectifs_population_historique,2010-2011,ancien,TSA,22 à 44 ans,False,2,Saguenay–Lac-Saint-Jean,P04BL08C04,47
effectifs_population_historique,2010-2011,ancien,TSA,45 à 64 ans,False,2,Saguenay–Lac-Saint-Jean,P04BL08C05,10
effectifs_population_historique,2010-2011,ancien,TSA,5 à 17 ans,False,2,Saguenay–Lac-Saint-Jean,P04BL08C02,158
effectifs_population_historique,2010-2011,ancien,TSA,65 ans et plus,False,2,Saguenay–Lac-Saint-Jean,P04BL08C06,0
effectifs_population_historique,2010-2011,ancien,TSA,Total,True,2,Saguenay–Lac-Saint-Jean,P04BL08C07,274
effectifs_population_historique,2010-2011,ancien,TSA,0 à 4 ans,False,3,Capitale-Nationale,P04BL08C01,81
effectifs_population_historique,2010-2011,ancien,TSA,18 à 21 ans,False,3,Capitale-Nationale,P04BL08C03,52
effectifs_population_historique,2010-2011,ancien,TSA,22 à 44 ans,False,3,Capitale-Nationale,P04BL08C04,153
effectifs_population_historique,2010-2011,ancien,TSA,45 à 64 ans,False,3,Capitale-Nationale,P04BL08C05,44
effectifs_population_historique,2010-2011,ancien,TSA,5 à 17 ans,False,3,Capitale-Nationale,P04BL08C02,321
effectifs_population_historique,2010-2011,ancien,TSA,65 ans et plus,False,3,Capitale-Nationale,P04BL08C06,1
effectifs_population_historique,2010-2011,ancien,TSA,Total,True,3,Capitale-Nationale,P04BL08C07,652
effectifs_population_historique,2010-2011,ancien,TSA,0 à 4 ans,False,4,Mauricie et Centre-du-Québec,P04BL08C01,42
effectifs_population_historique,2010-2011,ancien,TSA,18 à 21 ans,False,4,Mauricie et Centre-du-Québec,P04BL08C03,44
effectifs_population_historique,2010-2011,ancien,TSA,22 à 44 ans,False,4,Mauricie et Centre-du-Québec,P04BL08C04,85
effectifs_population_historique,2010-2011,ancien,TSA,45 à 64 ans,False,4,Mauricie et Centre-du-Québec,P04BL08C05,15
effectifs_population_historique,2010-2011,ancien,TSA,5 à 17 ans,False,4,Mauricie et Centre-du-Québec,P04BL08C02,301
effectifs_population_historique,2010-2011,ancien,TSA,65 ans et plus,False,4,Mauricie et Centre-du-Québec,P04BL08C06,2
effectifs_population_historique,2010-2011,ancien,TSA,Total,True,4,Mauricie et Centre-du-Québec,P04BL08C07,489
effectifs_population_historique,2010-2011,ancien,TSA,0 à 4 ans,False,5,Estrie,P04BL08C01,16
effectifs_population_historique,2010-2011,ancien,TSA,18 à 21 ans,False,5,Estrie,P04BL08C03,21
effectifs_population_historique,2010-2011,ancien,TSA,22 à 44 ans,False,5,Estrie,P04BL08C04,40
effectifs_population_historique,2010-2011,ancien,TSA,45 à 64 ans,False,5,Estrie,P04BL08C05,13
effectifs_population_historique,2010-2011,ancien,TSA,5 à 17 ans,False,5,Estrie,P04BL08C02,113
effectifs_population_historique,2010-2011,ancien,TSA,65 ans et plus,False,5,Estrie,P04BL08C06,0
effectifs_population_historique,2010-2011,ancien,TSA,Total,True,5,Estrie,P04BL08C07,203
effectifs_population_historique,2010-2011,ancien,TSA,0 à 4 ans,False,6,Montréal,P04BL08C01,216
effectifs_population_historique,2010-2011,ancien,TSA,18 à 21 ans,False,6,Montréal,P04BL08C03,127
effectifs_population_historique,2010-2011,ancien,TSA,22 à 44 ans,False,6,Montréal,P04BL08C04,386
effectifs_population_historique,2010-2011,ancien,TSA,45 à 64 ans,False,6,Montréal,P04BL08C05,154
effectifs_population_historique,2010-2011,ancien,TSA,5 à 17 ans,False,6,Montréal,P04BL08C02,1181
effectifs_population_historique,2010-2011,ancien,TSA,65 ans et plus,False,6,Montréal,P04BL08C06,2
effectifs_population_historique,2010-2011,ancien,TSA,Total,True,6,Montréal,P04BL08C07,2066
effectifs_population_historique,2010-2011,ancien,TSA,0 à 4 ans,False,7,Outaouais,P04BL08C01,27
effectifs_population_historique,2010-2011,ancien,TSA,18 à 21 ans,False,7,Outaouais,P04BL08C03,12
effectifs_population_historique,2010-2011,ancien,TSA,22 à 44 ans,False,7,Outaouais,P04BL08C04,29
effectifs_population_historique,2010-2011,ancien,TSA,45 à 64 ans,False,7,Outaouais,P04BL08C05,3
effectifs_population_historique,2010-2011,ancien,TSA,5 à 17 ans,False,7,Outaouais,P04BL08C02,140
effectifs_population_historique,2010-2011,ancien,TSA,Total,True,7,Outaouais,P04BL08C07,211
effectifs_population_historique,2010-2011,ancien,TSA,0 à 4 ans,False,8,Abitibi-Témiscamingue,P04BL08C01,17
effectifs_population_historique,2010-2011,ancien,TSA,18 à 21 ans,False,8,Abitibi-Témiscamingue,P04BL08C03,7
effectifs_population_historique,2010-2011,ancien,TSA,22 à 44 ans,False,8,Abitibi-Témiscamingue,P04BL08C04,14
effectifs_population_historique,2010-2011,ancien,TSA,45 à 64 ans,False,8,Abitibi-Témiscamingue,P04BL08C05,3
effectifs_population_historique,2010-2011,ancien,TSA,5 à 17 ans,False,8,Abitibi-Témiscamingue,P04BL08C02,89
effectifs_population_historique,2010-2011,ancien,TSA,Total,True,8,Abitibi-Témiscamingue,P04BL08C07,130
effectifs_population_historique,2010-2011,ancien,TSA,0 à 4 ans,False,9,Côte-Nord,P04BL08C01,8
effectifs_population_historique,2010-2011,ancien,TSA,18 à 21 ans,False,9,Côte-Nord,P04BL08C03,7
effectifs_population_historique,2010-2011,ancien,TSA,22 à 44 ans,False,9,Côte-Nord,P04BL08C04,10
effectifs_population_historique,2010-2011,ancien,TSA,45 à 64 ans,False,9,Côte-Nord,P04BL08C05,0
effectifs_population_historique,2010-2011,ancien,TSA,5 à 17 ans,False,9,Côte-Nord,P04BL08C02,75
effectifs_population_historique,2010-2011,ancien,TSA,65 ans et plus,False,9,Côte-Nord,P04BL08C06,0
effectifs_population_historique,2010-2011,ancien,TSA,Total,True,9,Côte-Nord,P04BL08C07,100
effectifs_population_historique,2010-2011,ancien,TSA,0 à 4 ans,False,11,Gaspésie–Îles-de-la-Madeleine,P04BL08C01,10
effectifs_population_historique,2010-2011,ancien,TSA,18 à 21 ans,False,11,Gaspésie–Îles-de-la-Madeleine,P04BL08C03,12
effectifs_population_historique,2010-2011,ancien,TSA,22 à 44 ans,False,11,Gaspésie–Îles-de-la-Madeleine,P04BL08C04,24
effectifs_population_historique,2010-2011,ancien,TSA,45 à 64 ans,False,11,Gaspésie–Îles-de-la-Madeleine,P04BL08C05,8
effectifs_population_historique,2010-2011,ancien,TSA,5 à 17 ans,False,11,Gaspésie–Îles-de-la-Madeleine,P04BL08C02,65
effectifs_population_historique,2010-2011,ancien,TSA,65 ans et plus,False,11,Gaspésie–Îles-de-la-Madeleine,P04BL08C06,1
effectifs_population_historique,2010-2011,ancien,TSA,Total,True,11,Gaspésie–Îles-de-la-Madeleine,P04BL08C07,120
effectifs_population_historique,2010-2011,ancien,TSA,0 à 4 ans,False,12,Chaudière-Appalaches,P04BL08C01,50
effectifs_population_historique,2010-2011,ancien,TSA,18 à 21 ans,False,12,Chaudière-Appalaches,P04BL08C03,30
effectifs_population_historique,2010-2011,ancien,TSA,22 à 44 ans,False,12,Chaudière-Appalaches,P04BL08C04,46
effectifs_population_historique,2010-2011,ancien,TSA,45 à 64 ans,False,12,Chaudière-Appalaches,P04BL08C05,7
effectifs_population_historique,2010-2011,ancien,TSA,5 à 17 ans,False,12,Chaudière-Appalaches,P04BL08C02,218
effectifs_population_historique,2010-2011,ancien,TSA,Total,True,12,Chaudière-Appalaches,P04BL08C07,351
effectifs_population_historique,2010-2011,ancien,TSA,0 à 4 ans,False,13,Laval,P04BL08C01,75
effectifs_population_historique,2010-2011,ancien,TSA,18 à 21 ans,False,13,Laval,P04BL08C03,45
effectifs_population_historique,2010-2011,ancien,TSA,22 à 44 ans,False,13,Laval,P04BL08C04,61
effectifs_population_historique,2010-2011,ancien,TSA,45 à 64 ans,False,13,Laval,P04BL08C05,12
effectifs_population_historique,2010-2011,ancien,TSA,5 à 17 ans,False,13,Laval,P04BL08C02,374
effectifs_population_historique,2010-2011,ancien,TSA,65 ans et plus,False,13,Laval,P04BL08C06,2
effectifs_population_historique,2010-2011,ancien,TSA,Total,True,13,Laval,P04BL08C07,569
effectifs_population_historique,2010-2011,ancien,TSA,0 à 4 ans,False,14,Lanaudière,P04BL08C01,63
effectifs_population_historique,2010-2011,ancien,TSA,18 à 21 ans,False,14,Lanaudière,P04BL08C03,8
effectifs_population_historique,2010-2011,ancien,TSA,22 à 44 ans,False,14,Lanaudière,P04BL08C04,3
effectifs_population_historique,2010-2011,ancien,TSA,45 à 64 ans,False,14,Lanaudière,P04BL08C05,0
effectifs_population_historique,2010-2011,ancien,TSA,5 à 17 ans,False,14,Lanaudière,P04BL08C02,161
effectifs_population_historique,2010-2011,ancien,TSA,65 ans et plus,False,14,Lanaudière,P04BL08C06,0
effectifs_population_historique,2010-2011,ancien,TSA,Total,True,14,Lanaudière,P04BL08C07,235
effectifs_population_historique,2010-2011,ancien,TSA,0 à 4 ans,False,15,Laurentides,P04BL08C01,83
effectifs_population_historique,2010-2011,ancien,TSA,18 à 21 ans,False,15,Laurentides,P04BL08C03,56
effectifs_population_historique,2010-2011,ancien,TSA,22 à 44 ans,False,15,Laurentides,P04BL08C04,56
effectifs_population_historique,2010-2011,ancien,TSA,45 à 64 ans,False,15,Laurentides,P04BL08C05,10
effectifs_population_historique,2010-2011,ancien,TSA,5 à 17 ans,False,15,Laurentides,P04BL08C02,370
effectifs_population_historique,2010-2011,ancien,TSA,Total,True,15,Laurentides,P04BL08C07,575
effectifs_population_historique,2010-2011,ancien,TSA,0 à 4 ans,False,16,Montérégie,P04BL08C01,417
effectifs_population_historique,2010-2011,ancien,TSA,18 à 21 ans,False,16,Montérégie,P04BL08C03,144
effectifs_population_historique,2010-2011,ancien,TSA,22 à 44 ans,False,16,Montérégie,P04BL08C04,200
effectifs_population_historique,2010-2011,ancien,TSA,45 à 64 ans,False,16,Montérégie,P04BL08C05,37
effectifs_population_historique,2010-2011,ancien,TSA,5 à 17 ans,False,16,Montérégie,P04BL08C02,1616
effectifs_population_historique,2010-2011,ancien,TSA,Total,True,16,Montérégie,P04BL08C07,2414
effectifs_population_historique,2011-2012,ancien,TSA,0 à 4 ans,False,1,Bas-Saint-Laurent,P04BL08C01,19
effectifs_population_historique,2011-2012,ancien,TSA,18 à 21 ans,False,1,Bas-Saint-Laurent,P04BL08C03,37
effectifs_population_historique,2011-2012,ancien,TSA,22 à 44 ans,False,1,Bas-Saint-Laurent,P04BL08C04,66
effectifs_population_historique,2011-2012,ancien,TSA,45 à 64 ans,False,1,Bas-Saint-Laurent,P04BL08C05,16
effectifs_population_historique,2011-2012,ancien,TSA,5 à 17 ans,False,1,Bas-Saint-Laurent,P04BL08C02,132
effectifs_population_historique,2011-2012,ancien,TSA,65 ans et plus,False,1,Bas-Saint-Laurent,P04BL08C06,1
effectifs_population_historique,2011-2012,ancien,TSA,Total,True,1,Bas-Saint-Laurent,P04BL08C07,271
effectifs_population_historique,2011-2012,ancien,TSA,0 à 4 ans,False,2,Saguenay–Lac-Saint-Jean,P04BL08C01,46
effectifs_population_historique,2011-2012,ancien,TSA,18 à 21 ans,False,2,Saguenay–Lac-Saint-Jean,P04BL08C03,28
effectifs_population_historique,2011-2012,ancien,TSA,22 à 44 ans,False,2,Saguenay–Lac-Saint-Jean,P04BL08C04,49
effectifs_population_historique,2011-2012,ancien,TSA,45 à 64 ans,False,2,Saguenay–Lac-Saint-Jean,P04BL08C05,12
effectifs_population_historique,2011-2012,ancien,TSA,5 à 17 ans,False,2,Saguenay–Lac-Saint-Jean,P04BL08C02,173
effectifs_population_historique,2011-2012,ancien,TSA,65 ans et plus,False,2,Saguenay–Lac-Saint-Jean,P04BL08C06,0
effectifs_population_historique,2011-2012,ancien,TSA,Total,True,2,Saguenay–Lac-Saint-Jean,P04BL08C07,308
effectifs_population_historique,2011-2012,ancien,TSA,0 à 4 ans,False,3,Capitale-Nationale,P04BL08C01,72
effectifs_population_historique,2011-2012,ancien,TSA,18 à 21 ans,False,3,Capitale-Nationale,P04BL08C03,67
effectifs_population_historique,2011-2012,ancien,TSA,22 à 44 ans,False,3,Capitale-Nationale,P04BL08C04,144
effectifs_population_historique,2011-2012,ancien,TSA,45 à 64 ans,False,3,Capitale-Nationale,P04BL08C05,39
effectifs_population_historique,2011-2012,ancien,TSA,5 à 17 ans,False,3,Capitale-Nationale,P04BL08C02,379
effectifs_population_historique,2011-2012,ancien,TSA,65 ans et plus,False,3,Capitale-Nationale,P04BL08C06,2
effectifs_population_historique,2011-2012,ancien,TSA,Total,True,3,Capitale-Nationale,P04BL08C07,703
effectifs_population_historique,2011-2012,ancien,TSA,0 à 4 ans,False,4,Mauricie et Centre-du-Québec,P04BL08C01,44
effectifs_population_historique,2011-2012,ancien,TSA,18 à 21 ans,False,4,Mauricie et Centre-du-Québec,P04BL08C03,50
effectifs_population_historique,2011-2012,ancien,TSA,22 à 44 ans,False,4,Mauricie et Centre-du-Québec,P04BL08C04,91
effectifs_population_historique,2011-2012,ancien,TSA,45 à 64 ans,False,4,Mauricie et Centre-du-Québec,P04BL08C05,16
effectifs_population_historique,2011-2012,ancien,TSA,5 à 17 ans,False,4,Mauricie et Centre-du-Québec,P04BL08C02,296
effectifs_population_historique,2011-2012,ancien,TSA,Total,True,4,Mauricie et Centre-du-Québec,P04BL08C07,497
effectifs_population_historique,2011-2012,ancien,TSA,0 à 4 ans,False,5,Estrie,P04BL08C01,25
effectifs_population_historique,2011-2012,ancien,TSA,18 à 21 ans,False,5,Estrie,P04BL08C03,16
effectifs_population_historique,2011-2012,ancien,TSA,22 à 44 ans,False,5,Estrie,P04BL08C04,40
effectifs_population_historique,2011-2012,ancien,TSA,45 à 64 ans,False,5,Estrie,P04BL08C05,10
effectifs_population_historique,2011-2012,ancien,TSA,5 à 17 ans,False,5,Estrie,P04BL08C02,123
effectifs_population_historique,2011-2012,ancien,TSA,65 ans et plus,False,5,Estrie,P04BL08C06,0
effectifs_population_historique,2011-2012,ancien,TSA,Total,True,5,Estrie,P04BL08C07,214
effectifs_population_historique,2011-2012,ancien,TSA,0 à 4 ans,False,6,Montréal,P04BL08C01,216
effectifs_population_historique,2011-2012,ancien,TSA,18 à 21 ans,False,6,Montréal,P04BL08C03,161
effectifs_population_historique,2011-2012,ancien,TSA,22 à 44 ans,False,6,Montréal,P04BL08C04,412
effectifs_population_historique,2011-2012,ancien,TSA,45 à 64 ans,False,6,Montréal,P04BL08C05,179
effectifs_population_historique,2011-2012,ancien,TSA,5 à 17 ans,False,6,Montréal,P04BL08C02,1425
effectifs_population_historique,2011-2012,ancien,TSA,65 ans et plus,False,6,Montréal,P04BL08C06,5
effectifs_population_historique,2011-2012,ancien,TSA,Total,True,6,Montréal,P04BL08C07,2398
effectifs_population_historique,2011-2012,ancien,TSA,0 à 4 ans,False,7,Outaouais,P04BL08C01,44
effectifs_population_historique,2011-2012,ancien,TSA,18 à 21 ans,False,7,Outaouais,P04BL08C03,16
effectifs_population_historique,2011-2012,ancien,TSA,22 à 44 ans,False,7,Outaouais,P04BL08C04,33
effectifs_population_historique,2011-2012,ancien,TSA,45 à 64 ans,False,7,Outaouais,P04BL08C05,4
effectifs_population_historique,2011-2012,ancien,TSA,5 à 17 ans,False,7,Outaouais,P04BL08C02,132
effectifs_population_historique,2011-2012,ancien,TSA,Total,True,7,Outaouais,P04BL08C07,229
effectifs_population_historique,2011-2012,ancien,TSA,0 à 4 ans,False,8,Abitibi-Témiscamingue,P04BL08C01,15
effectifs_population_historique,2011-2012,ancien,TSA,18 à 21 ans,False,8,Abitibi-Témiscamingue,P04BL08C03,9
effectifs_population_historique,2011-2012,ancien,TSA,22 à 44 ans,False,8,Abitibi-Témiscamingue,P04BL08C04,11
effectifs_population_historique,2011-2012,ancien,TSA,45 à 64 ans,False,8,Abitibi-Témiscamingue,P04BL08C05,3
effectifs_population_historique,2011-2012,ancien,TSA,5 à 17 ans,False,8,Abitibi-Témiscamingue,P04BL08C02,93
effectifs_population_historique,2011-2012,ancien,TSA,Total,True,8,Abitibi-Témiscamingue,P04BL08C07,131
effectifs_population_historique,2011-2012,ancien,TSA,0 à 4 ans,False,9,Côte-Nord,P04BL08C01,12
effectifs_population_historique,2011-2012,ancien,TSA,18 à 21 ans,False,9,Côte-Nord,P04BL08C03,7
effectifs_population_historique,2011-2012,ancien,TSA,22 à 44 ans,False,9,Côte-Nord,P04BL08C04,13
effectifs_population_historique,2011-2012,ancien,TSA,5 à 17 ans,False,9,Côte-Nord,P04BL08C02,82
effectifs_population_historique,2011-2012,ancien,TSA,Total,True,9,Côte-Nord,P04BL08C07,114
effectifs_population_historique,2011-2012,ancien,TSA,0 à 4 ans,False,11,Gaspésie–Îles-de-la-Madeleine,P04BL08C01,8
effectifs_population_historique,2011-2012,ancien,TSA,18 à 21 ans,False,11,Gaspésie–Îles-de-la-Madeleine,P04BL08C03,13
effectifs_population_historique,2011-2012,ancien,TSA,22 à 44 ans,False,11,Gaspésie–Îles-de-la-Madeleine,P04BL08C04,27
effectifs_population_historique,2011-2012,ancien,TSA,45 à 64 ans,False,11,Gaspésie–Îles-de-la-Madeleine,P04BL08C05,9
effectifs_population_historique,2011-2012,ancien,TSA,5 à 17 ans,False,11,Gaspésie–Îles-de-la-Madeleine,P04BL08C02,69
effectifs_population_historique,2011-2012,ancien,TSA,65 ans et plus,False,11,Gaspésie–Îles-de-la-Madeleine,P04BL08C06,1
effectifs_population_historique,2011-2012,ancien,TSA,Total,True,11,Gaspésie–Îles-de-la-Madeleine,P04BL08C07,127
effectifs_population_historique,2011-2012,ancien,TSA,0 à 4 ans,False,12,Chaudière-Appalaches,P04BL08C01,50
effectifs_population_historique,2011-2012,ancien,TSA,18 à 21 ans,False,12,Chaudière-Appalaches,P04BL08C03,27
effectifs_population_historique,2011-2012,ancien,TSA,22 à 44 ans,False,12,Chaudière-Appalaches,P04BL08C04,54
effectifs_population_historique,2011-2012,ancien,TSA,45 à 64 ans,False,12,Chaudière-Appalaches,P04BL08C05,9
effectifs_population_historique,2011-2012,ancien,TSA,5 à 17 ans,False,12,Chaudière-Appalaches,P04BL08C02,244
effectifs_population_historique,2011-2012,ancien,TSA,65 ans et plus,False,12,Chaudière-Appalaches,P04BL08C06,0
effectifs_population_historique,2011-2012,ancien,TSA,Total,True,12,Chaudière-Appalaches,P04BL08C07,384
effectifs_population_historique,2011-2012,ancien,TSA,0 à 4 ans,False,13,Laval,P04BL08C01,87
effectifs_population_historique,2011-2012,ancien,TSA,18 à 21 ans,False,13,Laval,P04BL08C03,61
effectifs_population_historique,2011-2012,ancien,TSA,22 à 44 ans,False,13,Laval,P04BL08C04,65
effectifs_population_historique,2011-2012,ancien,TSA,45 à 64 ans,False,13,Laval,P04BL08C05,12
effectifs_population_historique,2011-2012,ancien,TSA,5 à 17 ans,False,13,Laval,P04BL08C02,433
effectifs_population_historique,2011-2012,ancien,TSA,65 ans et plus,False,13,Laval,P04BL08C06,3
effectifs_population_historique,2011-2012,ancien,TSA,Total,True,13,Laval,P04BL08C07,661
effectifs_population_historique,2011-2012,ancien,TSA,0 à 4 ans,False,14,Lanaudière,P04BL08C01,60
effectifs_population_historique,2011-2012,ancien,TSA,18 à 21 ans,False,14,Lanaudière,P04BL08C03,3
effectifs_population_historique,2011-2012,ancien,TSA,22 à 44 ans,False,14,Lanaudière,P04BL08C04,2
effectifs_population_historique,2011-2012,ancien,TSA,5 à 17 ans,False,14,Lanaudière,P04BL08C02,176
effectifs_population_historique,2011-2012,ancien,TSA,Total,True,14,Lanaudière,P04BL08C07,241
effectifs_population_historique,2011-2012,ancien,TSA,0 à 4 ans,False,15,Laurentides,P04BL08C01,96
effectifs_population_historique,2011-2012,ancien,TSA,18 à 21 ans,False,15,Laurentides,P04BL08C03,67
effectifs_population_historique,2011-2012,ancien,TSA,22 à 44 ans,False,15,Laurentides,P04BL08C04,64
effectifs_population_historique,2011-2012,ancien,TSA,45 à 64 ans,False,15,Laurentides,P04BL08C05,10
effectifs_population_historique,2011-2012,ancien,TSA,5 à 17 ans,False,15,Laurentides,P04BL08C02,390
effectifs_population_historique,2011-2012,ancien,TSA,Total,True,15,Laurentides,P04BL08C07,627
effectifs_population_historique,2011-2012,ancien,TSA,0 à 4 ans,False,16,Montérégie,P04BL08C01,486
effectifs_population_historique,2011-2012,ancien,TSA,18 à 21 ans,False,16,Montérégie,P04BL08C03,181
effectifs_population_historique,2011-2012,ancien,TSA,22 à 44 ans,False,16,Montérégie,P04BL08C04,233
effectifs_population_historique,2011-2012,ancien,TSA,45 à 64 ans,False,16,Montérégie,P04BL08C05,40
effectifs_population_historique,2011-2012,ancien,TSA,5 à 17 ans,False,16,Montérégie,P04BL08C02,1968
effectifs_population_historique,2011-2012,ancien,TSA,Total,True,16,Montérégie,P04BL08C07,2908
effectifs_population_historique,2012-2013,ancien,TSA,0 à 4 ans,False,1,Bas-Saint-Laurent,P04BL08C01,27
effectifs_population_historique,2012-2013,ancien,TSA,18 à 21 ans,False,1,Bas-Saint-Laurent,P04BL08C03,38
effectifs_population_historique,2012-2013,ancien,TSA,22 à 44 ans,False,1,Bas-Saint-Laurent,P04BL08C04,69
effectifs_population_historique,2012-2013,ancien,TSA,45 à 64 ans,False,1,Bas-Saint-Laurent,P04BL08C05,17
effectifs_population_historique,2012-2013,ancien,TSA,5 à 17 ans,False,1,Bas-Saint-Laurent,P04BL08C02,150
effectifs_population_historique,2012-2013,ancien,TSA,65 ans et plus,False,1,Bas-Saint-Laurent,P04BL08C06,2
effectifs_population_historique,2012-2013,ancien,TSA,Total,True,1,Bas-Saint-Laurent,P04BL08C07,303
effectifs_population_historique,2012-2013,ancien,TSA,0 à 4 ans,False,2,Saguenay–Lac-Saint-Jean,P04BL08C01,51
effectifs_population_historique,2012-2013,ancien,TSA,18 à 21 ans,False,2,Saguenay–Lac-Saint-Jean,P04BL08C03,46
effectifs_population_historique,2012-2013,ancien,TSA,22 à 44 ans,False,2,Saguenay–Lac-Saint-Jean,P04BL08C04,54
effectifs_population_historique,2012-2013,ancien,TSA,45 à 64 ans,False,2,Saguenay–Lac-Saint-Jean,P04BL08C05,12
effectifs_population_historique,2012-2013,ancien,TSA,5 à 17 ans,False,2,Saguenay–Lac-Saint-Jean,P04BL08C02,176
effectifs_population_historique,2012-2013,ancien,TSA,65 ans et plus,False,2,Saguenay–Lac-Saint-Jean,P04BL08C06,0
effectifs_population_historique,2012-2013,ancien,TSA,Total,True,2,Saguenay–Lac-Saint-Jean,P04BL08C07,339
effectifs_population_historique,2012-2013,ancien,TSA,0 à 4 ans,False,3,Capitale-Nationale,P04BL08C01,72
effectifs_population_historique,2012-2013,ancien,TSA,18 à 21 ans,False,3,Capitale-Nationale,P04BL08C03,78
effectifs_population_historique,2012-2013,ancien,TSA,22 à 44 ans,False,3,Capitale-Nationale,P04BL08C04,152
effectifs_population_historique,2012-2013,ancien,TSA,45 à 64 ans,False,3,Capitale-Nationale,P04BL08C05,40
effectifs_population_historique,2012-2013,ancien,TSA,5 à 17 ans,False,3,Capitale-Nationale,P04BL08C02,427
effectifs_population_historique,2012-2013,ancien,TSA,65 ans et plus,False,3,Capitale-Nationale,P04BL08C06,2
effectifs_population_historique,2012-2013,ancien,TSA,Total,True,3,Capitale-Nationale,P04BL08C07,771
effectifs_population_historique,2012-2013,ancien,TSA,0 à 4 ans,False,4,Mauricie et Centre-du-Québec,P04BL08C01,54
effectifs_population_historique,2012-2013,ancien,TSA,18 à 21 ans,False,4,Mauricie et Centre-du-Québec,P04BL08C03,64
effectifs_population_historique,2012-2013,ancien,TSA,22 à 44 ans,False,4,Mauricie et Centre-du-Québec,P04BL08C04,82
effectifs_population_historique,2012-2013,ancien,TSA,45 à 64 ans,False,4,Mauricie et Centre-du-Québec,P04BL08C05,18
effectifs_population_historique,2012-2013,ancien,TSA,5 à 17 ans,False,4,Mauricie et Centre-du-Québec,P04BL08C02,346
effectifs_population_historique,2012-2013,ancien,TSA,65 ans et plus,False,4,Mauricie et Centre-du-Québec,P04BL08C06,1
effectifs_population_historique,2012-2013,ancien,TSA,Total,True,4,Mauricie et Centre-du-Québec,P04BL08C07,565
effectifs_population_historique,2012-2013,ancien,TSA,0 à 4 ans,False,5,Estrie,P04BL08C01,29
effectifs_population_historique,2012-2013,ancien,TSA,18 à 21 ans,False,5,Estrie,P04BL08C03,17
effectifs_population_historique,2012-2013,ancien,TSA,22 à 44 ans,False,5,Estrie,P04BL08C04,49
effectifs_population_historique,2012-2013,ancien,TSA,45 à 64 ans,False,5,Estrie,P04BL08C05,12
effectifs_population_historique,2012-2013,ancien,TSA,5 à 17 ans,False,5,Estrie,P04BL08C02,134
effectifs_population_historique,2012-2013,ancien,TSA,65 ans et plus,False,5,Estrie,P04BL08C06,0
effectifs_population_historique,2012-2013,ancien,TSA,Total,True,5,Estrie,P04BL08C07,241
effectifs_population_historique,2012-2013,ancien,TSA,0 à 4 ans,False,6,Montréal,P04BL08C01,243
effectifs_population_historique,2012-2013,ancien,TSA,18 à 21 ans,False,6,Montréal,P04BL08C03,179
effectifs_population_historique,2012-2013,ancien,TSA,22 à 44 ans,False,6,Montréal,P04BL08C04,427
effectifs_population_historique,2012-2013,ancien,TSA,45 à 64 ans,False,6,Montréal,P04BL08C05,188
effectifs_population_historique,2012-2013,ancien,TSA,5 à 17 ans,False,6,Montréal,P04BL08C02,1488
effectifs_population_historique,2012-2013,ancien,TSA,65 ans et plus,False,6,Montréal,P04BL08C06,5
effectifs_population_historique,2012-2013,ancien,TSA,Total,True,6,Montréal,P04BL08C07,2530
effectifs_population_historique,2012-2013,ancien,TSA,0 à 4 ans,False,7,Outaouais,P04BL08C01,43
effectifs_population_historique,2012-2013,ancien,TSA,18 à 21 ans,False,7,Outaouais,P04BL08C03,15
effectifs_population_historique,2012-2013,ancien,TSA,22 à 44 ans,False,7,Outaouais,P04BL08C04,33
effectifs_population_historique,2012-2013,ancien,TSA,45 à 64 ans,False,7,Outaouais,P04BL08C05,4
effectifs_population_historique,2012-2013,ancien,TSA,5 à 17 ans,False,7,Outaouais,P04BL08C02,157
effectifs_population_historique,2012-2013,ancien,TSA,Total,True,7,Outaouais,P04BL08C07,252
effectifs_population_historique,2012-2013,ancien,TSA,0 à 4 ans,False,8,Abitibi-Témiscamingue,P04BL08C01,18
effectifs_population_historique,2012-2013,ancien,TSA,18 à 21 ans,False,8,Abitibi-Témiscamingue,P04BL08C03,13
effectifs_population_historique,2012-2013,ancien,TSA,22 à 44 ans,False,8,Abitibi-Témiscamingue,P04BL08C04,11
effectifs_population_historique,2012-2013,ancien,TSA,45 à 64 ans,False,8,Abitibi-Témiscamingue,P04BL08C05,5
effectifs_population_historique,2012-2013,ancien,TSA,5 à 17 ans,False,8,Abitibi-Témiscamingue,P04BL08C02,99
effectifs_population_historique,2012-2013,ancien,TSA,Total,True,8,Abitibi-Témiscamingue,P04BL08C07,146
effectifs_population_historique,2012-2013,ancien,TSA,0 à 4 ans,False,9,Côte-Nord,P04BL08C01,12
effectifs_population_historique,2012-2013,ancien,TSA,18 à 21 ans,False,9,Côte-Nord,P04BL08C03,7
effectifs_population_historique,2012-2013,ancien,TSA,22 à 44 ans,False,9,Côte-Nord,P04BL08C04,13
effectifs_population_historique,2012-2013,ancien,TSA,5 à 17 ans,False,9,Côte-Nord,P04BL08C02,88
effectifs_population_historique,2012-2013,ancien,TSA,Total,True,9,Côte-Nord,P04BL08C07,120
effectifs_population_historique,2012-2013,ancien,TSA,0 à 4 ans,False,11,Gaspésie–Îles-de-la-Madeleine,P04BL08C01,10
effectifs_population_historique,2012-2013,ancien,TSA,18 à 21 ans,False,11,Gaspésie–Îles-de-la-Madeleine,P04BL08C03,12
effectifs_population_historique,2012-2013,ancien,TSA,22 à 44 ans,False,11,Gaspésie–Îles-de-la-Madeleine,P04BL08C04,28
effectifs_population_historique,2012-2013,ancien,TSA,45 à 64 ans,False,11,Gaspésie–Îles-de-la-Madeleine,P04BL08C05,11
effectifs_population_historique,2012-2013,ancien,TSA,5 à 17 ans,False,11,Gaspésie–Îles-de-la-Madeleine,P04BL08C02,79
effectifs_population_historique,2012-2013,ancien,TSA,65 ans et plus,False,11,Gaspésie–Îles-de-la-Madeleine,P04BL08C06,1
effectifs_population_historique,2012-2013,ancien,TSA,Total,True,11,Gaspésie–Îles-de-la-Madeleine,P04BL08C07,141
effectifs_population_historique,2012-2013,ancien,TSA,0 à 4 ans,False,12,Chaudière-Appalaches,P04BL08C01,54
effectifs_population_historique,2012-2013,ancien,TSA,18 à 21 ans,False,12,Chaudière-Appalaches,P04BL08C03,37
effectifs_population_historique,2012-2013,ancien,TSA,22 à 44 ans,False,12,Chaudière-Appalaches,P04BL08C04,51
effectifs_population_historique,2012-2013,ancien,TSA,45 à 64 ans,False,12,Chaudière-Appalaches,P04BL08C05,11
effectifs_population_historique,2012-2013,ancien,TSA,5 à 17 ans,False,12,Chaudière-Appalaches,P04BL08C02,253
effectifs_population_historique,2012-2013,ancien,TSA,Total,True,12,Chaudière-Appalaches,P04BL08C07,406
effectifs_population_historique,2012-2013,ancien,TSA,0 à 4 ans,False,13,Laval,P04BL08C01,74
effectifs_population_historique,2012-2013,ancien,TSA,18 à 21 ans,False,13,Laval,P04BL08C03,75
effectifs_population_historique,2012-2013,ancien,TSA,22 à 44 ans,False,13,Laval,P04BL08C04,72
effectifs_population_historique,2012-2013,ancien,TSA,45 à 64 ans,False,13,Laval,P04BL08C05,8
effectifs_population_historique,2012-2013,ancien,TSA,5 à 17 ans,False,13,Laval,P04BL08C02,448
effectifs_population_historique,2012-2013,ancien,TSA,65 ans et plus,False,13,Laval,P04BL08C06,3
effectifs_population_historique,2012-2013,ancien,TSA,Total,True,13,Laval,P04BL08C07,680
effectifs_population_historique,2012-2013,ancien,TSA,0 à 4 ans,False,14,Lanaudière,P04BL08C01,71
effectifs_population_historique,2012-2013,ancien,TSA,18 à 21 ans,False,14,Lanaudière,P04BL08C03,4
effectifs_population_historique,2012-2013,ancien,TSA,22 à 44 ans,False,14,Lanaudière,P04BL08C04,3
effectifs_population_historique,2012-2013,ancien,TSA,45 à 64 ans,False,14,Lanaudière,P04BL08C05,0
effectifs_population_historique,2012-2013,ancien,TSA,5 à 17 ans,False,14,Lanaudière,P04BL08C02,178
effectifs_population_historique,2012-2013,ancien,TSA,65 ans et plus,False,14,Lanaudière,P04BL08C06,0
effectifs_population_historique,2012-2013,ancien,TSA,Total,True,14,Lanaudière,P04BL08C07,256
effectifs_population_historique,2012-2013,ancien,TSA,0 à 4 ans,False,15,Laurentides,P04BL08C01,72
effectifs_population_historique,2012-2013,ancien,TSA,18 à 21 ans,False,15,Laurentides,P04BL08C03,67
effectifs_population_historique,2012-2013,ancien,TSA,22 à 44 ans,False,15,Laurentides,P04BL08C04,71
effectifs_population_historique,2012-2013,ancien,TSA,45 à 64 ans,False,15,Laurentides,P04BL08C05,11
effectifs_population_historique,2012-2013,ancien,TSA,5 à 17 ans,False,15,Laurentides,P04BL08C02,406
effectifs_population_historique,2012-2013,ancien,TSA,Total,True,15,Laurentides,P04BL08C07,627
effectifs_population_historique,2012-2013,ancien,TSA,0 à 4 ans,False,16,Montérégie,P04BL08C01,543
effectifs_population_historique,2012-2013,ancien,TSA,18 à 21 ans,False,16,Montérégie,P04BL08C03,192
effectifs_population_historique,2012-2013,ancien,TSA,22 à 44 ans,False,16,Montérégie,P04BL08C04,272
effectifs_population_historique,2012-2013,ancien,TSA,45 à 64 ans,False,16,Montérégie,P04BL08C05,53
effectifs_population_historique,2012-2013,ancien,TSA,5 à 17 ans,False,16,Montérégie,P04BL08C02,2219
effectifs_population_historique,2012-2013,ancien,TSA,65 ans et plus,False,16,Montérégie,P04BL08C06,0
effectifs_population_historique,2012-2013,ancien,TSA,Total,True,16,Montérégie,P04BL08C07,3279
effectifs_population_historique,2013-2014,nouveau,TSA,0 à 4 ans,False,1,Bas-Saint-Laurent,P23L02C01,39
effectifs_population_historique,2013-2014,nouveau,TSA,12 à 17 ans,False,1,Bas-Saint-Laurent,P23L02C03,70
effectifs_population_historique,2013-2014,nouveau,TSA,18 à 21 ans,False,1,Bas-Saint-Laurent,P23L02C04,43
effectifs_population_historique,2013-2014,nouveau,TSA,22 à 44 ans,False,1,Bas-Saint-Laurent,P23L02C05,73
effectifs_population_historique,2013-2014,nouveau,TSA,45 à 64 ans,False,1,Bas-Saint-Laurent,P23L02C06,18
effectifs_population_historique,2013-2014,nouveau,TSA,5 à 11 ans,False,1,Bas-Saint-Laurent,P23L02C02,95
effectifs_population_historique,2013-2014,nouveau,TSA,65 à 74 ans,False,1,Bas-Saint-Laurent,P23L02C07,1
effectifs_population_historique,2013-2014,nouveau,TSA,Total,True,1,Bas-Saint-Laurent,P23L02C09,339
effectifs_population_historique,2013-2014,nouveau,TSA,0 à 4 ans,False,2,Saguenay–Lac-Saint-Jean,P23L02C01,42
effectifs_population_historique,2013-2014,nouveau,TSA,12 à 17 ans,False,2,Saguenay–Lac-Saint-Jean,P23L02C03,71
effectifs_population_historique,2013-2014,nouveau,TSA,18 à 21 ans,False,2,Saguenay–Lac-Saint-Jean,P23L02C04,43
effectifs_population_historique,2013-2014,nouveau,TSA,22 à 44 ans,False,2,Saguenay–Lac-Saint-Jean,P23L02C05,60
effectifs_population_historique,2013-2014,nouveau,TSA,45 à 64 ans,False,2,Saguenay–Lac-Saint-Jean,P23L02C06,13
effectifs_population_historique,2013-2014,nouveau,TSA,5 à 11 ans,False,2,Saguenay–Lac-Saint-Jean,P23L02C02,105
effectifs_population_historique,2013-2014,nouveau,TSA,65 à 74 ans,False,2,Saguenay–Lac-Saint-Jean,P23L02C07,0
effectifs_population_historique,2013-2014,nouveau,TSA,75 ans et plus,False,2,Saguenay–Lac-Saint-Jean,P23L02C08,0
effectifs_population_historique,2013-2014,nouveau,TSA,Total,True,2,Saguenay–Lac-Saint-Jean,P23L02C09,334
effectifs_population_historique,2013-2014,nouveau,TSA,0 à 4 ans,False,3,Capitale-Nationale,P23L02C01,71
effectifs_population_historique,2013-2014,nouveau,TSA,12 à 17 ans,False,3,Capitale-Nationale,P23L02C03,208
effectifs_population_historique,2013-2014,nouveau,TSA,18 à 21 ans,False,3,Capitale-Nationale,P23L02C04,76
effectifs_population_historique,2013-2014,nouveau,TSA,22 à 44 ans,False,3,Capitale-Nationale,P23L02C05,163
effectifs_population_historique,2013-2014,nouveau,TSA,45 à 64 ans,False,3,Capitale-Nationale,P23L02C06,49
effectifs_population_historique,2013-2014,nouveau,TSA,5 à 11 ans,False,3,Capitale-Nationale,P23L02C02,253
effectifs_population_historique,2013-2014,nouveau,TSA,65 à 74 ans,False,3,Capitale-Nationale,P23L02C07,2
effectifs_population_historique,2013-2014,nouveau,TSA,75 ans et plus,False,3,Capitale-Nationale,P23L02C08,0
effectifs_population_historique,2013-2014,nouveau,TSA,Total,True,3,Capitale-Nationale,P23L02C09,822
effectifs_population_historique,2013-2014,nouveau,TSA,0 à 4 ans,False,4,Mauricie et Centre-du-Québec,P23L02C01,63
effectifs_population_historique,2013-2014,nouveau,TSA,12 à 17 ans,False,4,Mauricie et Centre-du-Québec,P23L02C03,170
effectifs_population_historique,2013-2014,nouveau,TSA,18 à 21 ans,False,4,Mauricie et Centre-du-Québec,P23L02C04,65
effectifs_population_historique,2013-2014,nouveau,TSA,22 à 44 ans,False,4,Mauricie et Centre-du-Québec,P23L02C05,94
effectifs_population_historique,2013-2014,nouveau,TSA,45 à 64 ans,False,4,Mauricie et Centre-du-Québec,P23L02C06,20
effectifs_population_historique,2013-2014,nouveau,TSA,5 à 11 ans,False,4,Mauricie et Centre-du-Québec,P23L02C02,238
effectifs_population_historique,2013-2014,nouveau,TSA,Total,True,4,Mauricie et Centre-du-Québec,P23L02C09,650
effectifs_population_historique,2013-2014,nouveau,TSA,0 à 4 ans,False,5,Estrie,P23L02C01,37
effectifs_population_historique,2013-2014,nouveau,TSA,12 à 17 ans,False,5,Estrie,P23L02C03,39
effectifs_population_historique,2013-2014,nouveau,TSA,18 à 21 ans,False,5,Estrie,P23L02C04,22
effectifs_population_historique,2013-2014,nouveau,TSA,22 à 44 ans,False,5,Estrie,P23L02C05,51
effectifs_population_historique,2013-2014,nouveau,TSA,45 à 64 ans,False,5,Estrie,P23L02C06,12
effectifs_population_historique,2013-2014,nouveau,TSA,5 à 11 ans,False,5,Estrie,P23L02C02,71
effectifs_population_historique,2013-2014,nouveau,TSA,65 à 74 ans,False,5,Estrie,P23L02C07,0
effectifs_population_historique,2013-2014,nouveau,TSA,75 ans et plus,False,5,Estrie,P23L02C08,0
effectifs_population_historique,2013-2014,nouveau,TSA,Total,True,5,Estrie,P23L02C09,232
effectifs_population_historique,2013-2014,nouveau,TSA,0 à 4 ans,False,6,Montréal,P23L02C01,317
effectifs_population_historique,2013-2014,nouveau,TSA,12 à 17 ans,False,6,Montréal,P23L02C03,524
effectifs_population_historique,2013-2014,nouveau,TSA,18 à 21 ans,False,6,Montréal,P23L02C04,174
effectifs_population_historique,2013-2014,nouveau,TSA,22 à 44 ans,False,6,Montréal,P23L02C05,444
effectifs_population_historique,2013-2014,nouveau,TSA,45 à 64 ans,False,6,Montréal,P23L02C06,198
effectifs_population_historique,2013-2014,nouveau,TSA,5 à 11 ans,False,6,Montréal,P23L02C02,784
effectifs_population_historique,2013-2014,nouveau,TSA,65 à 74 ans,False,6,Montréal,P23L02C07,4
effectifs_population_historique,2013-2014,nouveau,TSA,75 ans et plus,False,6,Montréal,P23L02C08,1
effectifs_population_historique,2013-2014,nouveau,TSA,Total,True,6,Montréal,P23L02C09,2446
effectifs_population_historique,2013-2014,nouveau,TSA,0 à 4 ans,False,7,Outaouais,P23L02C01,36
effectifs_population_historique,2013-2014,nouveau,TSA,12 à 17 ans,False,7,Outaouais,P23L02C03,53
effectifs_population_historique,2013-2014,nouveau,TSA,18 à 21 ans,False,7,Outaouais,P23L02C04,16
effectifs_population_historique,2013-2014,nouveau,TSA,22 à 44 ans,False,7,Outaouais,P23L02C05,31
effectifs_population_historique,2013-2014,nouveau,TSA,45 à 64 ans,False,7,Outaouais,P23L02C06,5
effectifs_population_historique,2013-2014,nouveau,TSA,5 à 11 ans,False,7,Outaouais,P23L02C02,113
effectifs_population_historique,2013-2014,nouveau,TSA,Total,True,7,Outaouais,P23L02C09,254
effectifs_population_historique,2013-2014,nouveau,TSA,0 à 4 ans,False,8,Abitibi-Témiscamingue,P23L02C01,17
effectifs_population_historique,2013-2014,nouveau,TSA,12 à 17 ans,False,8,Abitibi-Témiscamingue,P23L02C03,38
effectifs_population_historique,2013-2014,nouveau,TSA,18 à 21 ans,False,8,Abitibi-Témiscamingue,P23L02C04,13
effectifs_population_historique,2013-2014,nouveau,TSA,22 à 44 ans,False,8,Abitibi-Témiscamingue,P23L02C05,11
effectifs_population_historique,2013-2014,nouveau,TSA,45 à 64 ans,False,8,Abitibi-Témiscamingue,P23L02C06,5
effectifs_population_historique,2013-2014,nouveau,TSA,5 à 11 ans,False,8,Abitibi-Témiscamingue,P23L02C02,63
effectifs_population_historique,2013-2014,nouveau,TSA,65 à 74 ans,False,8,Abitibi-Témiscamingue,P23L02C07,0
effectifs_population_historique,2013-2014,nouveau,TSA,75 ans et plus,False,8,Abitibi-Témiscamingue,P23L02C08,0
effectifs_population_historique,2013-2014,nouveau,TSA,Total,True,8,Abitibi-Témiscamingue,P23L02C09,147
effectifs_population_historique,2013-2014,nouveau,TSA,0 à 4 ans,False,9,Côte-Nord,P23L02C01,12
effectifs_population_historique,2013-2014,nouveau,TSA,12 à 17 ans,False,9,Côte-Nord,P23L02C03,41
effectifs_population_historique,2013-2014,nouveau,TSA,18 à 21 ans,False,9,Côte-Nord,P23L02C04,9
effectifs_population_historique,2013-2014,nouveau,TSA,22 à 44 ans,False,9,Côte-Nord,P23L02C05,14
effectifs_population_historique,2013-2014,nouveau,TSA,5 à 11 ans,False,9,Côte-Nord,P23L02C02,50
effectifs_population_historique,2013-2014,nouveau,TSA,Total,True,9,Côte-Nord,P23L02C09,126
effectifs_population_historique,2013-2014,nouveau,TSA,0 à 4 ans,False,11,Gaspésie–Îles-de-la-Madeleine,P23L02C01,13
effectifs_population_historique,2013-2014,nouveau,TSA,12 à 17 ans,False,11,Gaspésie–Îles-de-la-Madeleine,P23L02C03,34
effectifs_population_historique,2013-2014,nouveau,TSA,18 à 21 ans,False,11,Gaspésie–Îles-de-la-Madeleine,P23L02C04,11
effectifs_population_historique,2013-2014,nouveau,TSA,22 à 44 ans,False,11,Gaspésie–Îles-de-la-Madeleine,P23L02C05,29
effectifs_population_historique,2013-2014,nouveau,TSA,45 à 64 ans,False,11,Gaspésie–Îles-de-la-Madeleine,P23L02C06,10
effectifs_population_historique,2013-2014,nouveau,TSA,5 à 11 ans,False,11,Gaspésie–Îles-de-la-Madeleine,P23L02C02,44
effectifs_population_historique,2013-2014,nouveau,TSA,65 à 74 ans,False,11,Gaspésie–Îles-de-la-Madeleine,P23L02C07,1
effectifs_population_historique,2013-2014,nouveau,TSA,75 ans et plus,False,11,Gaspésie–Îles-de-la-Madeleine,P23L02C08,0
effectifs_population_historique,2013-2014,nouveau,TSA,Total,True,11,Gaspésie–Îles-de-la-Madeleine,P23L02C09,142
effectifs_population_historique,2013-2014,nouveau,TSA,0 à 4 ans,False,12,Chaudière-Appalaches,P23L02C01,62
effectifs_population_historique,2013-2014,nouveau,TSA,12 à 17 ans,False,12,Chaudière-Appalaches,P23L02C03,86
effectifs_population_historique,2013-2014,nouveau,TSA,18 à 21 ans,False,12,Chaudière-Appalaches,P23L02C04,41
effectifs_population_historique,2013-2014,nouveau,TSA,22 à 44 ans,False,12,Chaudière-Appalaches,P23L02C05,57
effectifs_population_historique,2013-2014,nouveau,TSA,45 à 64 ans,False,12,Chaudière-Appalaches,P23L02C06,12
effectifs_population_historique,2013-2014,nouveau,TSA,5 à 11 ans,False,12,Chaudière-Appalaches,P23L02C02,161
effectifs_population_historique,2013-2014,nouveau,TSA,65 à 74 ans,False,12,Chaudière-Appalaches,P23L02C07,0
effectifs_population_historique,2013-2014,nouveau,TSA,75 ans et plus,False,12,Chaudière-Appalaches,P23L02C08,0
effectifs_population_historique,2013-2014,nouveau,TSA,Total,True,12,Chaudière-Appalaches,P23L02C09,419
effectifs_population_historique,2013-2014,nouveau,TSA,0 à 4 ans,False,13,Laval,P23L02C01,70
effectifs_population_historique,2013-2014,nouveau,TSA,12 à 17 ans,False,13,Laval,P23L02C03,162
effectifs_population_historique,2013-2014,nouveau,TSA,18 à 21 ans,False,13,Laval,P23L02C04,79
effectifs_population_historique,2013-2014,nouveau,TSA,22 à 44 ans,False,13,Laval,P23L02C05,91
effectifs_population_historique,2013-2014,nouveau,TSA,45 à 64 ans,False,13,Laval,P23L02C06,10
effectifs_population_historique,2013-2014,nouveau,TSA,5 à 11 ans,False,13,Laval,P23L02C02,283
effectifs_population_historique,2013-2014,nouveau,TSA,65 à 74 ans,False,13,Laval,P23L02C07,2
effectifs_population_historique,2013-2014,nouveau,TSA,75 ans et plus,False,13,Laval,P23L02C08,1
effectifs_population_historique,2013-2014,nouveau,TSA,Total,True,13,Laval,P23L02C09,698
effectifs_population_historique,2013-2014,nouveau,TSA,0 à 4 ans,False,14,Lanaudière,P23L02C01,52
effectifs_population_historique,2013-2014,nouveau,TSA,12 à 17 ans,False,14,Lanaudière,P23L02C03,36
effectifs_population_historique,2013-2014,nouveau,TSA,18 à 21 ans,False,14,Lanaudière,P23L02C04,8
effectifs_population_historique,2013-2014,nouveau,TSA,22 à 44 ans,False,14,Lanaudière,P23L02C05,6
effectifs_population_historique,2013-2014,nouveau,TSA,45 à 64 ans,False,14,Lanaudière,P23L02C06,0
effectifs_population_historique,2013-2014,nouveau,TSA,5 à 11 ans,False,14,Lanaudière,P23L02C02,202
effectifs_population_historique,2013-2014,nouveau,TSA,65 à 74 ans,False,14,Lanaudière,P23L02C07,0
effectifs_population_historique,2013-2014,nouveau,TSA,75 ans et plus,False,14,Lanaudière,P23L02C08,0
effectifs_population_historique,2013-2014,nouveau,TSA,Total,True,14,Lanaudière,P23L02C09,304
effectifs_population_historique,2013-2014,nouveau,TSA,0 à 4 ans,False,15,Laurentides,P23L02C01,70
effectifs_population_historique,2013-2014,nouveau,TSA,12 à 17 ans,False,15,Laurentides,P23L02C03,147
effectifs_population_historique,2013-2014,nouveau,TSA,18 à 21 ans,False,15,Laurentides,P23L02C04,62
effectifs_population_historique,2013-2014,nouveau,TSA,22 à 44 ans,False,15,Laurentides,P23L02C05,97
effectifs_population_historique,2013-2014,nouveau,TSA,45 à 64 ans,False,15,Laurentides,P23L02C06,18
effectifs_population_historique,2013-2014,nouveau,TSA,5 à 11 ans,False,15,Laurentides,P23L02C02,254
effectifs_population_historique,2013-2014,nouveau,TSA,Total,True,15,Laurentides,P23L02C09,648
effectifs_population_historique,2013-2014,nouveau,TSA,0 à 4 ans,False,16,Montérégie,P23L02C01,552
effectifs_population_historique,2013-2014,nouveau,TSA,12 à 17 ans,False,16,Montérégie,P23L02C03,626
effectifs_population_historique,2013-2014,nouveau,TSA,18 à 21 ans,False,16,Montérégie,P23L02C04,197
effectifs_population_historique,2013-2014,nouveau,TSA,22 à 44 ans,False,16,Montérégie,P23L02C05,306
effectifs_population_historique,2013-2014,nouveau,TSA,45 à 64 ans,False,16,Montérégie,P23L02C06,58
effectifs_population_historique,2013-2014,nouveau,TSA,5 à 11 ans,False,16,Montérégie,P23L02C02,1701
effectifs_population_historique,2013-2014,nouveau,TSA,65 à 74 ans,False,16,Montérégie,P23L02C07,1
effectifs_population_historique,2013-2014,nouveau,TSA,75 ans et plus,False,16,Montérégie,P23L02C08,0
effectifs_population_historique,2013-2014,nouveau,TSA,Total,True,16,Montérégie,P23L02C09,3441
effectifs_population_historique,2014-2015,nouveau,TSA,0 à 4 ans,False,1,Bas-Saint-Laurent,P23L02C01,39
effectifs_population_historique,2014-2015,nouveau,TSA,12 à 17 ans,False,1,Bas-Saint-Laurent,P23L02C03,79
effectifs_population_historique,2014-2015,nouveau,TSA,18 à 21 ans,False,1,Bas-Saint-Laurent,P23L02C04,36
effectifs_population_historique,2014-2015,nouveau,TSA,22 à 44 ans,False,1,Bas-Saint-Laurent,P23L02C05,78
effectifs_population_historique,2014-2015,nouveau,TSA,45 à 64 ans,False,1,Bas-Saint-Laurent,P23L02C06,21
effectifs_population_historique,2014-2015,nouveau,TSA,5 à 11 ans,False,1,Bas-Saint-Laurent,P23L02C02,117
effectifs_population_historique,2014-2015,nouveau,TSA,65 à 74 ans,False,1,Bas-Saint-Laurent,P23L02C07,1
effectifs_population_historique,2014-2015,nouveau,TSA,75 ans et plus,False,1,Bas-Saint-Laurent,P23L02C08,0
effectifs_population_historique,2014-2015,nouveau,TSA,Total,True,1,Bas-Saint-Laurent,P23L02C09,371
effectifs_population_historique,2014-2015,nouveau,TSA,0 à 4 ans,False,2,Saguenay–Lac-Saint-Jean,P23L02C01,34
effectifs_population_historique,2014-2015,nouveau,TSA,12 à 17 ans,False,2,Saguenay–Lac-Saint-Jean,P23L02C03,85
effectifs_population_historique,2014-2015,nouveau,TSA,18 à 21 ans,False,2,Saguenay–Lac-Saint-Jean,P23L02C04,40
effectifs_population_historique,2014-2015,nouveau,TSA,22 à 44 ans,False,2,Saguenay–Lac-Saint-Jean,P23L02C05,64
effectifs_population_historique,2014-2015,nouveau,TSA,45 à 64 ans,False,2,Saguenay–Lac-Saint-Jean,P23L02C06,14
effectifs_population_historique,2014-2015,nouveau,TSA,5 à 11 ans,False,2,Saguenay–Lac-Saint-Jean,P23L02C02,93
effectifs_population_historique,2014-2015,nouveau,TSA,65 à 74 ans,False,2,Saguenay–Lac-Saint-Jean,P23L02C07,0
effectifs_population_historique,2014-2015,nouveau,TSA,75 ans et plus,False,2,Saguenay–Lac-Saint-Jean,P23L02C08,0
effectifs_population_historique,2014-2015,nouveau,TSA,Total,True,2,Saguenay–Lac-Saint-Jean,P23L02C09,330
effectifs_population_historique,2014-2015,nouveau,TSA,0 à 4 ans,False,3,Capitale-Nationale,P23L02C01,92
effectifs_population_historique,2014-2015,nouveau,TSA,12 à 17 ans,False,3,Capitale-Nationale,P23L02C03,229
effectifs_population_historique,2014-2015,nouveau,TSA,18 à 21 ans,False,3,Capitale-Nationale,P23L02C04,84
effectifs_population_historique,2014-2015,nouveau,TSA,22 à 44 ans,False,3,Capitale-Nationale,P23L02C05,177
effectifs_population_historique,2014-2015,nouveau,TSA,45 à 64 ans,False,3,Capitale-Nationale,P23L02C06,54
effectifs_population_historique,2014-2015,nouveau,TSA,5 à 11 ans,False,3,Capitale-Nationale,P23L02C02,271
effectifs_population_historique,2014-2015,nouveau,TSA,65 à 74 ans,False,3,Capitale-Nationale,P23L02C07,1
effectifs_population_historique,2014-2015,nouveau,TSA,75 ans et plus,False,3,Capitale-Nationale,P23L02C08,0
effectifs_population_historique,2014-2015,nouveau,TSA,Total,True,3,Capitale-Nationale,P23L02C09,908
effectifs_population_historique,2014-2015,nouveau,TSA,0 à 4 ans,False,4,Mauricie et Centre-du-Québec,P23L02C01,55
effectifs_population_historique,2014-2015,nouveau,TSA,12 à 17 ans,False,4,Mauricie et Centre-du-Québec,P23L02C03,137
effectifs_population_historique,2014-2015,nouveau,TSA,18 à 21 ans,False,4,Mauricie et Centre-du-Québec,P23L02C04,64
effectifs_population_historique,2014-2015,nouveau,TSA,22 à 44 ans,False,4,Mauricie et Centre-du-Québec,P23L02C05,103
effectifs_population_historique,2014-2015,nouveau,TSA,45 à 64 ans,False,4,Mauricie et Centre-du-Québec,P23L02C06,21
effectifs_population_historique,2014-2015,nouveau,TSA,5 à 11 ans,False,4,Mauricie et Centre-du-Québec,P23L02C02,210
effectifs_population_historique,2014-2015,nouveau,TSA,65 à 74 ans,False,4,Mauricie et Centre-du-Québec,P23L02C07,1
effectifs_population_historique,2014-2015,nouveau,TSA,Total,True,4,Mauricie et Centre-du-Québec,P23L02C09,591
effectifs_population_historique,2014-2015,nouveau,TSA,0 à 4 ans,False,5,Estrie,P23L02C01,43
effectifs_population_historique,2014-2015,nouveau,TSA,12 à 17 ans,False,5,Estrie,P23L02C03,47
effectifs_population_historique,2014-2015,nouveau,TSA,18 à 21 ans,False,5,Estrie,P23L02C04,20
effectifs_population_historique,2014-2015,nouveau,TSA,22 à 44 ans,False,5,Estrie,P23L02C05,55
effectifs_population_historique,2014-2015,nouveau,TSA,45 à 64 ans,False,5,Estrie,P23L02C06,12
effectifs_population_historique,2014-2015,nouveau,TSA,5 à 11 ans,False,5,Estrie,P23L02C02,90
effectifs_population_historique,2014-2015,nouveau,TSA,65 à 74 ans,False,5,Estrie,P23L02C07,0
effectifs_population_historique,2014-2015,nouveau,TSA,75 ans et plus,False,5,Estrie,P23L02C08,0
effectifs_population_historique,2014-2015,nouveau,TSA,Total,True,5,Estrie,P23L02C09,267
effectifs_population_historique,2014-2015,nouveau,TSA,0 à 4 ans,False,6,Montréal,P23L02C01,298
effectifs_population_historique,2014-2015,nouveau,TSA,12 à 17 ans,False,6,Montréal,P23L02C03,559
effectifs_population_historique,2014-2015,nouveau,TSA,18 à 21 ans,False,6,Montréal,P23L02C04,226
effectifs_population_historique,2014-2015,nouveau,TSA,22 à 44 ans,False,6,Montréal,P23L02C05,461
effectifs_population_historique,2014-2015,nouveau,TSA,45 à 64 ans,False,6,Montréal,P23L02C06,202
effectifs_population_historique,2014-2015,nouveau,TSA,5 à 11 ans,False,6,Montréal,P23L02C02,875
effectifs_population_historique,2014-2015,nouveau,TSA,65 à 74 ans,False,6,Montréal,P23L02C07,6
effectifs_population_historique,2014-2015,nouveau,TSA,75 ans et plus,False,6,Montréal,P23L02C08,1
effectifs_population_historique,2014-2015,nouveau,TSA,Total,True,6,Montréal,P23L02C09,2628
effectifs_population_historique,2014-2015,nouveau,TSA,0 à 4 ans,False,7,Outaouais,P23L02C01,30
effectifs_population_historique,2014-2015,nouveau,TSA,12 à 17 ans,False,7,Outaouais,P23L02C03,52
effectifs_population_historique,2014-2015,nouveau,TSA,18 à 21 ans,False,7,Outaouais,P23L02C04,26
effectifs_population_historique,2014-2015,nouveau,TSA,22 à 44 ans,False,7,Outaouais,P23L02C05,32
effectifs_population_historique,2014-2015,nouveau,TSA,45 à 64 ans,False,7,Outaouais,P23L02C06,6
effectifs_population_historique,2014-2015,nouveau,TSA,5 à 11 ans,False,7,Outaouais,P23L02C02,116
effectifs_population_historique,2014-2015,nouveau,TSA,65 à 74 ans,False,7,Outaouais,P23L02C07,0
effectifs_population_historique,2014-2015,nouveau,TSA,75 ans et plus,False,7,Outaouais,P23L02C08,0
effectifs_population_historique,2014-2015,nouveau,TSA,Total,True,7,Outaouais,P23L02C09,262
effectifs_population_historique,2014-2015,nouveau,TSA,0 à 4 ans,False,8,Abitibi-Témiscamingue,P23L02C01,19
effectifs_population_historique,2014-2015,nouveau,TSA,12 à 17 ans,False,8,Abitibi-Témiscamingue,P23L02C03,34
effectifs_population_historique,2014-2015,nouveau,TSA,18 à 21 ans,False,8,Abitibi-Témiscamingue,P23L02C04,13
effectifs_population_historique,2014-2015,nouveau,TSA,22 à 44 ans,False,8,Abitibi-Témiscamingue,P23L02C05,14
effectifs_population_historique,2014-2015,nouveau,TSA,45 à 64 ans,False,8,Abitibi-Témiscamingue,P23L02C06,5
effectifs_population_historique,2014-2015,nouveau,TSA,5 à 11 ans,False,8,Abitibi-Témiscamingue,P23L02C02,73
effectifs_population_historique,2014-2015,nouveau,TSA,Total,True,8,Abitibi-Témiscamingue,P23L02C09,158
effectifs_population_historique,2014-2015,nouveau,TSA,0 à 4 ans,False,9,Côte-Nord,P23L02C01,18
effectifs_population_historique,2014-2015,nouveau,TSA,12 à 17 ans,False,9,Côte-Nord,P23L02C03,37
effectifs_population_historique,2014-2015,nouveau,TSA,18 à 21 ans,False,9,Côte-Nord,P23L02C04,12
effectifs_population_historique,2014-2015,nouveau,TSA,22 à 44 ans,False,9,Côte-Nord,P23L02C05,12
effectifs_population_historique,2014-2015,nouveau,TSA,45 à 64 ans,False,9,Côte-Nord,P23L02C06,0
effectifs_population_historique,2014-2015,nouveau,TSA,5 à 11 ans,False,9,Côte-Nord,P23L02C02,52
effectifs_population_historique,2014-2015,nouveau,TSA,65 à 74 ans,False,9,Côte-Nord,P23L02C07,0
effectifs_population_historique,2014-2015,nouveau,TSA,75 ans et plus,False,9,Côte-Nord,P23L02C08,0
effectifs_population_historique,2014-2015,nouveau,TSA,Total,True,9,Côte-Nord,P23L02C09,131
effectifs_population_historique,2014-2015,nouveau,TSA,0 à 4 ans,False,11,Gaspésie–Îles-de-la-Madeleine,P23L02C01,19
effectifs_population_historique,2014-2015,nouveau,TSA,12 à 17 ans,False,11,Gaspésie–Îles-de-la-Madeleine,P23L02C03,42
effectifs_population_historique,2014-2015,nouveau,TSA,18 à 21 ans,False,11,Gaspésie–Îles-de-la-Madeleine,P23L02C04,13
effectifs_population_historique,2014-2015,nouveau,TSA,22 à 44 ans,False,11,Gaspésie–Îles-de-la-Madeleine,P23L02C05,27
effectifs_population_historique,2014-2015,nouveau,TSA,45 à 64 ans,False,11,Gaspésie–Îles-de-la-Madeleine,P23L02C06,12
effectifs_population_historique,2014-2015,nouveau,TSA,5 à 11 ans,False,11,Gaspésie–Îles-de-la-Madeleine,P23L02C02,42
effectifs_population_historique,2014-2015,nouveau,TSA,65 à 74 ans,False,11,Gaspésie–Îles-de-la-Madeleine,P23L02C07,1
effectifs_population_historique,2014-2015,nouveau,TSA,75 ans et plus,False,11,Gaspésie–Îles-de-la-Madeleine,P23L02C08,0
effectifs_population_historique,2014-2015,nouveau,TSA,Total,True,11,Gaspésie–Îles-de-la-Madeleine,P23L02C09,156
effectifs_population_historique,2014-2015,nouveau,TSA,0 à 4 ans,False,12,Chaudière-Appalaches,P23L02C01,63
effectifs_population_historique,2014-2015,nouveau,TSA,12 à 17 ans,False,12,Chaudière-Appalaches,P23L02C03,90
effectifs_population_historique,2014-2015,nouveau,TSA,18 à 21 ans,False,12,Chaudière-Appalaches,P23L02C04,46
effectifs_population_historique,2014-2015,nouveau,TSA,22 à 44 ans,False,12,Chaudière-Appalaches,P23L02C05,67
effectifs_population_historique,2014-2015,nouveau,TSA,45 à 64 ans,False,12,Chaudière-Appalaches,P23L02C06,11
effectifs_population_historique,2014-2015,nouveau,TSA,5 à 11 ans,False,12,Chaudière-Appalaches,P23L02C02,167
effectifs_population_historique,2014-2015,nouveau,TSA,65 à 74 ans,False,12,Chaudière-Appalaches,P23L02C07,0
effectifs_population_historique,2014-2015,nouveau,TSA,75 ans et plus,False,12,Chaudière-Appalaches,P23L02C08,0
effectifs_population_historique,2014-2015,nouveau,TSA,Total,True,12,Chaudière-Appalaches,P23L02C09,444
effectifs_population_historique,2014-2015,nouveau,TSA,0 à 4 ans,False,13,Laval,P23L02C01,93
effectifs_population_historique,2014-2015,nouveau,TSA,12 à 17 ans,False,13,Laval,P23L02C03,158
effectifs_population_historique,2014-2015,nouveau,TSA,18 à 21 ans,False,13,Laval,P23L02C04,93
effectifs_population_historique,2014-2015,nouveau,TSA,22 à 44 ans,False,13,Laval,P23L02C05,103
effectifs_population_historique,2014-2015,nouveau,TSA,45 à 64 ans,False,13,Laval,P23L02C06,10
effectifs_population_historique,2014-2015,nouveau,TSA,5 à 11 ans,False,13,Laval,P23L02C02,341
effectifs_population_historique,2014-2015,nouveau,TSA,65 à 74 ans,False,13,Laval,P23L02C07,1
effectifs_population_historique,2014-2015,nouveau,TSA,75 ans et plus,False,13,Laval,P23L02C08,1
effectifs_population_historique,2014-2015,nouveau,TSA,Total,True,13,Laval,P23L02C09,800
effectifs_population_historique,2014-2015,nouveau,TSA,0 à 4 ans,False,14,Lanaudière,P23L02C01,112
effectifs_population_historique,2014-2015,nouveau,TSA,12 à 17 ans,False,14,Lanaudière,P23L02C03,121
effectifs_population_historique,2014-2015,nouveau,TSA,18 à 21 ans,False,14,Lanaudière,P23L02C04,28
effectifs_population_historique,2014-2015,nouveau,TSA,22 à 44 ans,False,14,Lanaudière,P23L02C05,28
effectifs_population_historique,2014-2015,nouveau,TSA,45 à 64 ans,False,14,Lanaudière,P23L02C06,2
effectifs_population_historique,2014-2015,nouveau,TSA,5 à 11 ans,False,14,Lanaudière,P23L02C02,292
effectifs_population_historique,2014-2015,nouveau,TSA,65 à 74 ans,False,14,Lanaudière,P23L02C07,0
effectifs_population_historique,2014-2015,nouveau,TSA,75 ans et plus,False,14,Lanaudière,P23L02C08,0
effectifs_population_historique,2014-2015,nouveau,TSA,Total,True,14,Lanaudière,P23L02C09,583
effectifs_population_historique,2014-2015,nouveau,TSA,0 à 4 ans,False,15,Laurentides,P23L02C01,68
effectifs_population_historique,2014-2015,nouveau,TSA,12 à 17 ans,False,15,Laurentides,P23L02C03,139
effectifs_population_historique,2014-2015,nouveau,TSA,18 à 21 ans,False,15,Laurentides,P23L02C04,71
effectifs_population_historique,2014-2015,nouveau,TSA,22 à 44 ans,False,15,Laurentides,P23L02C05,104
effectifs_population_historique,2014-2015,nouveau,TSA,45 à 64 ans,False,15,Laurentides,P23L02C06,19
effectifs_population_historique,2014-2015,nouveau,TSA,5 à 11 ans,False,15,Laurentides,P23L02C02,262
effectifs_population_historique,2014-2015,nouveau,TSA,Total,True,15,Laurentides,P23L02C09,663
effectifs_population_historique,2014-2015,nouveau,TSA,0 à 4 ans,False,16,Montérégie,P23L02C01,561
effectifs_population_historique,2014-2015,nouveau,TSA,12 à 17 ans,False,16,Montérégie,P23L02C03,586
effectifs_population_historique,2014-2015,nouveau,TSA,18 à 21 ans,False,16,Montérégie,P23L02C04,201
effectifs_population_historique,2014-2015,nouveau,TSA,22 à 44 ans,False,16,Montérégie,P23L02C05,311
effectifs_population_historique,2014-2015,nouveau,TSA,45 à 64 ans,False,16,Montérégie,P23L02C06,61
effectifs_population_historique,2014-2015,nouveau,TSA,5 à 11 ans,False,16,Montérégie,P23L02C02,1764
effectifs_population_historique,2014-2015,nouveau,TSA,65 à 74 ans,False,16,Montérégie,P23L02C07,2
effectifs_population_historique,2014-2015,nouveau,TSA,75 ans et plus,False,16,Montérégie,P23L02C08,0
effectifs_population_historique,2014-2015,nouveau,TSA,Total,True,16,Montérégie,P23L02C09,3486
effectifs_population_historique,2015-2016,nouveau,TSA,0 à 4 ans,False,1,Bas-Saint-Laurent,P23L02C01,41
effectifs_population_historique,2015-2016,nouveau,TSA,12 à 17 ans,False,1,Bas-Saint-Laurent,P23L02C03,89
effectifs_population_historique,2015-2016,nouveau,TSA,18 à 21 ans,False,1,Bas-Saint-Laurent,P23L02C04,34
effectifs_population_historique,2015-2016,nouveau,TSA,22 à 44 ans,False,1,Bas-Saint-Laurent,P23L02C05,85
effectifs_population_historique,2015-2016,nouveau,TSA,45 à 64 ans,False,1,Bas-Saint-Laurent,P23L02C06,22
effectifs_population_historique,2015-2016,nouveau,TSA,5 à 11 ans,False,1,Bas-Saint-Laurent,P23L02C02,143
effectifs_population_historique,2015-2016,nouveau,TSA,65 à 74 ans,False,1,Bas-Saint-Laurent,P23L02C07,1
effectifs_population_historique,2015-2016,nouveau,TSA,75 ans et plus,False,1,Bas-Saint-Laurent,P23L02C08,0
effectifs_population_historique,2015-2016,nouveau,TSA,Total,True,1,Bas-Saint-Laurent,P23L02C09,415
effectifs_population_historique,2015-2016,nouveau,TSA,0 à 4 ans,False,2,Saguenay–Lac-Saint-Jean,P23L02C01,47
effectifs_population_historique,2015-2016,nouveau,TSA,12 à 17 ans,False,2,Saguenay–Lac-Saint-Jean,P23L02C03,74
effectifs_population_historique,2015-2016,nouveau,TSA,18 à 21 ans,False,2,Saguenay–Lac-Saint-Jean,P23L02C04,40
effectifs_population_historique,2015-2016,nouveau,TSA,22 à 44 ans,False,2,Saguenay–Lac-Saint-Jean,P23L02C05,69
effectifs_population_historique,2015-2016,nouveau,TSA,45 à 64 ans,False,2,Saguenay–Lac-Saint-Jean,P23L02C06,14
effectifs_population_historique,2015-2016,nouveau,TSA,5 à 11 ans,False,2,Saguenay–Lac-Saint-Jean,P23L02C02,109
effectifs_population_historique,2015-2016,nouveau,TSA,65 à 74 ans,False,2,Saguenay–Lac-Saint-Jean,P23L02C07,0
effectifs_population_historique,2015-2016,nouveau,TSA,75 ans et plus,False,2,Saguenay–Lac-Saint-Jean,P23L02C08,0
effectifs_population_historique,2015-2016,nouveau,TSA,Total,True,2,Saguenay–Lac-Saint-Jean,P23L02C09,353
effectifs_population_historique,2015-2016,nouveau,TSA,0 à 4 ans,False,3,Capitale-Nationale,P23L02C01,109
effectifs_population_historique,2015-2016,nouveau,TSA,12 à 17 ans,False,3,Capitale-Nationale,P23L02C03,298
effectifs_population_historique,2015-2016,nouveau,TSA,18 à 21 ans,False,3,Capitale-Nationale,P23L02C04,103
effectifs_population_historique,2015-2016,nouveau,TSA,22 à 44 ans,False,3,Capitale-Nationale,P23L02C05,193
effectifs_population_historique,2015-2016,nouveau,TSA,45 à 64 ans,False,3,Capitale-Nationale,P23L02C06,57
effectifs_population_historique,2015-2016,nouveau,TSA,5 à 11 ans,False,3,Capitale-Nationale,P23L02C02,414
effectifs_population_historique,2015-2016,nouveau,TSA,65 à 74 ans,False,3,Capitale-Nationale,P23L02C07,2
effectifs_population_historique,2015-2016,nouveau,TSA,75 ans et plus,False,3,Capitale-Nationale,P23L02C08,0
effectifs_population_historique,2015-2016,nouveau,TSA,Total,True,3,Capitale-Nationale,P23L02C09,1176
effectifs_population_historique,2015-2016,nouveau,TSA,0 à 4 ans,False,4,Mauricie et Centre-du-Québec,P23L02C01,80
effectifs_population_historique,2015-2016,nouveau,TSA,12 à 17 ans,False,4,Mauricie et Centre-du-Québec,P23L02C03,138
effectifs_population_historique,2015-2016,nouveau,TSA,18 à 21 ans,False,4,Mauricie et Centre-du-Québec,P23L02C04,69
effectifs_population_historique,2015-2016,nouveau,TSA,22 à 44 ans,False,4,Mauricie et Centre-du-Québec,P23L02C05,120
effectifs_population_historique,2015-2016,nouveau,TSA,45 à 64 ans,False,4,Mauricie et Centre-du-Québec,P23L02C06,26
effectifs_population_historique,2015-2016,nouveau,TSA,5 à 11 ans,False,4,Mauricie et Centre-du-Québec,P23L02C02,224
effectifs_population_historique,2015-2016,nouveau,TSA,65 à 74 ans,False,4,Mauricie et Centre-du-Québec,P23L02C07,2
effectifs_population_historique,2015-2016,nouveau,TSA,Total,True,4,Mauricie et Centre-du-Québec,P23L02C09,659
effectifs_population_historique,2015-2016,nouveau,TSA,0 à 4 ans,False,5,Estrie,P23L02C01,36
effectifs_population_historique,2015-2016,nouveau,TSA,12 à 17 ans,False,5,Estrie,P23L02C03,38
effectifs_population_historique,2015-2016,nouveau,TSA,18 à 21 ans,False,5,Estrie,P23L02C04,19
effectifs_population_historique,2015-2016,nouveau,TSA,22 à 44 ans,False,5,Estrie,P23L02C05,61
effectifs_population_historique,2015-2016,nouveau,TSA,45 à 64 ans,False,5,Estrie,P23L02C06,14
effectifs_population_historique,2015-2016,nouveau,TSA,5 à 11 ans,False,5,Estrie,P23L02C02,98
effectifs_population_historique,2015-2016,nouveau,TSA,65 à 74 ans,False,5,Estrie,P23L02C07,0
effectifs_population_historique,2015-2016,nouveau,TSA,75 ans et plus,False,5,Estrie,P23L02C08,0
effectifs_population_historique,2015-2016,nouveau,TSA,Total,True,5,Estrie,P23L02C09,266
effectifs_population_historique,2015-2016,nouveau,TSA,0 à 4 ans,False,6,Montréal,P23L02C01,242
effectifs_population_historique,2015-2016,nouveau,TSA,12 à 17 ans,False,6,Montréal,P23L02C03,556
effectifs_population_historique,2015-2016,nouveau,TSA,18 à 21 ans,False,6,Montréal,P23L02C04,249
effectifs_population_historique,2015-2016,nouveau,TSA,22 à 44 ans,False,6,Montréal,P23L02C05,498
effectifs_population_historique,2015-2016,nouveau,TSA,45 à 64 ans,False,6,Montréal,P23L02C06,210
effectifs_population_historique,2015-2016,nouveau,TSA,5 à 11 ans,False,6,Montréal,P23L02C02,900
effectifs_population_historique,2015-2016,nouveau,TSA,65 à 74 ans,False,6,Montréal,P23L02C07,11
effectifs_population_historique,2015-2016,nouveau,TSA,75 ans et plus,False,6,Montréal,P23L02C08,1
effectifs_population_historique,2015-2016,nouveau,TSA,Total,True,6,Montréal,P23L02C09,2667
effectifs_population_historique,2015-2016,nouveau,TSA,0 à 4 ans,False,7,Outaouais,P23L02C01,45
effectifs_population_historique,2015-2016,nouveau,TSA,12 à 17 ans,False,7,Outaouais,P23L02C03,63
effectifs_population_historique,2015-2016,nouveau,TSA,18 à 21 ans,False,7,Outaouais,P23L02C04,27
effectifs_population_historique,2015-2016,nouveau,TSA,22 à 44 ans,False,7,Outaouais,P23L02C05,35
effectifs_population_historique,2015-2016,nouveau,TSA,45 à 64 ans,False,7,Outaouais,P23L02C06,7
effectifs_population_historique,2015-2016,nouveau,TSA,5 à 11 ans,False,7,Outaouais,P23L02C02,139
effectifs_population_historique,2015-2016,nouveau,TSA,Total,True,7,Outaouais,P23L02C09,316
effectifs_population_historique,2015-2016,nouveau,TSA,0 à 4 ans,False,8,Abitibi-Témiscamingue,P23L02C01,24
effectifs_population_historique,2015-2016,nouveau,TSA,12 à 17 ans,False,8,Abitibi-Témiscamingue,P23L02C03,28
effectifs_population_historique,2015-2016,nouveau,TSA,18 à 21 ans,False,8,Abitibi-Témiscamingue,P23L02C04,10
effectifs_population_historique,2015-2016,nouveau,TSA,22 à 44 ans,False,8,Abitibi-Témiscamingue,P23L02C05,17
effectifs_population_historique,2015-2016,nouveau,TSA,45 à 64 ans,False,8,Abitibi-Témiscamingue,P23L02C06,7
effectifs_population_historique,2015-2016,nouveau,TSA,5 à 11 ans,False,8,Abitibi-Témiscamingue,P23L02C02,75
effectifs_population_historique,2015-2016,nouveau,TSA,65 à 74 ans,False,8,Abitibi-Témiscamingue,P23L02C07,0
effectifs_population_historique,2015-2016,nouveau,TSA,75 ans et plus,False,8,Abitibi-Témiscamingue,P23L02C08,0
effectifs_population_historique,2015-2016,nouveau,TSA,Total,True,8,Abitibi-Témiscamingue,P23L02C09,161
effectifs_population_historique,2015-2016,nouveau,TSA,0 à 4 ans,False,9,Côte-Nord,P23L02C01,22
effectifs_population_historique,2015-2016,nouveau,TSA,12 à 17 ans,False,9,Côte-Nord,P23L02C03,35
effectifs_population_historique,2015-2016,nouveau,TSA,18 à 21 ans,False,9,Côte-Nord,P23L02C04,9
effectifs_population_historique,2015-2016,nouveau,TSA,22 à 44 ans,False,9,Côte-Nord,P23L02C05,12
effectifs_population_historique,2015-2016,nouveau,TSA,45 à 64 ans,False,9,Côte-Nord,P23L02C06,1
effectifs_population_historique,2015-2016,nouveau,TSA,5 à 11 ans,False,9,Côte-Nord,P23L02C02,58
effectifs_population_historique,2015-2016,nouveau,TSA,Total,True,9,Côte-Nord,P23L02C09,137
effectifs_population_historique,2015-2016,nouveau,TSA,0 à 4 ans,False,11,Gaspésie–Îles-de-la-Madeleine,P23L02C01,29
effectifs_population_historique,2015-2016,nouveau,TSA,12 à 17 ans,False,11,Gaspésie–Îles-de-la-Madeleine,P23L02C03,49
effectifs_population_historique,2015-2016,nouveau,TSA,18 à 21 ans,False,11,Gaspésie–Îles-de-la-Madeleine,P23L02C04,15
effectifs_population_historique,2015-2016,nouveau,TSA,22 à 44 ans,False,11,Gaspésie–Îles-de-la-Madeleine,P23L02C05,30
effectifs_population_historique,2015-2016,nouveau,TSA,45 à 64 ans,False,11,Gaspésie–Îles-de-la-Madeleine,P23L02C06,13
effectifs_population_historique,2015-2016,nouveau,TSA,5 à 11 ans,False,11,Gaspésie–Îles-de-la-Madeleine,P23L02C02,53
effectifs_population_historique,2015-2016,nouveau,TSA,65 à 74 ans,False,11,Gaspésie–Îles-de-la-Madeleine,P23L02C07,1
effectifs_population_historique,2015-2016,nouveau,TSA,75 ans et plus,False,11,Gaspésie–Îles-de-la-Madeleine,P23L02C08,0
effectifs_population_historique,2015-2016,nouveau,TSA,Total,True,11,Gaspésie–Îles-de-la-Madeleine,P23L02C09,190
effectifs_population_historique,2015-2016,nouveau,TSA,0 à 4 ans,False,12,Chaudière-Appalaches,P23L02C01,76
effectifs_population_historique,2015-2016,nouveau,TSA,12 à 17 ans,False,12,Chaudière-Appalaches,P23L02C03,85
effectifs_population_historique,2015-2016,nouveau,TSA,18 à 21 ans,False,12,Chaudière-Appalaches,P23L02C04,52
effectifs_population_historique,2015-2016,nouveau,TSA,22 à 44 ans,False,12,Chaudière-Appalaches,P23L02C05,81
effectifs_population_historique,2015-2016,nouveau,TSA,45 à 64 ans,False,12,Chaudière-Appalaches,P23L02C06,11
effectifs_population_historique,2015-2016,nouveau,TSA,5 à 11 ans,False,12,Chaudière-Appalaches,P23L02C02,191
effectifs_population_historique,2015-2016,nouveau,TSA,65 à 74 ans,False,12,Chaudière-Appalaches,P23L02C07,0
effectifs_population_historique,2015-2016,nouveau,TSA,75 ans et plus,False,12,Chaudière-Appalaches,P23L02C08,0
effectifs_population_historique,2015-2016,nouveau,TSA,Total,True,12,Chaudière-Appalaches,P23L02C09,496
effectifs_population_historique,2015-2016,nouveau,TSA,0 à 4 ans,False,13,Laval,P23L02C01,85
effectifs_population_historique,2015-2016,nouveau,TSA,12 à 17 ans,False,13,Laval,P23L02C03,123
effectifs_population_historique,2015-2016,nouveau,TSA,18 à 21 ans,False,13,Laval,P23L02C04,88
effectifs_population_historique,2015-2016,nouveau,TSA,22 à 44 ans,False,13,Laval,P23L02C05,109
effectifs_population_historique,2015-2016,nouveau,TSA,45 à 64 ans,False,13,Laval,P23L02C06,8
effectifs_population_historique,2015-2016,nouveau,TSA,5 à 11 ans,False,13,Laval,P23L02C02,253
effectifs_population_historique,2015-2016,nouveau,TSA,65 à 74 ans,False,13,Laval,P23L02C07,1
effectifs_population_historique,2015-2016,nouveau,TSA,75 ans et plus,False,13,Laval,P23L02C08,1
effectifs_population_historique,2015-2016,nouveau,TSA,Total,True,13,Laval,P23L02C09,668
effectifs_population_historique,2015-2016,nouveau,TSA,0 à 4 ans,False,14,Lanaudière,P23L02C01,92
effectifs_population_historique,2015-2016,nouveau,TSA,12 à 17 ans,False,14,Lanaudière,P23L02C03,139
effectifs_population_historique,2015-2016,nouveau,TSA,18 à 21 ans,False,14,Lanaudière,P23L02C04,40
effectifs_population_historique,2015-2016,nouveau,TSA,22 à 44 ans,False,14,Lanaudière,P23L02C05,28
effectifs_population_historique,2015-2016,nouveau,TSA,45 à 64 ans,False,14,Lanaudière,P23L02C06,1
effectifs_population_historique,2015-2016,nouveau,TSA,5 à 11 ans,False,14,Lanaudière,P23L02C02,296
effectifs_population_historique,2015-2016,nouveau,TSA,65 à 74 ans,False,14,Lanaudière,P23L02C07,0
effectifs_population_historique,2015-2016,nouveau,TSA,75 ans et plus,False,14,Lanaudière,P23L02C08,0
effectifs_population_historique,2015-2016,nouveau,TSA,Total,True,14,Lanaudière,P23L02C09,596
effectifs_population_historique,2015-2016,nouveau,TSA,0 à 4 ans,False,15,Laurentides,P23L02C01,74
effectifs_population_historique,2015-2016,nouveau,TSA,12 à 17 ans,False,15,Laurentides,P23L02C03,143
effectifs_population_historique,2015-2016,nouveau,TSA,18 à 21 ans,False,15,Laurentides,P23L02C04,73
effectifs_population_historique,2015-2016,nouveau,TSA,22 à 44 ans,False,15,Laurentides,P23L02C05,122
effectifs_population_historique,2015-2016,nouveau,TSA,45 à 64 ans,False,15,Laurentides,P23L02C06,15
effectifs_population_historique,2015-2016,nouveau,TSA,5 à 11 ans,False,15,Laurentides,P23L02C02,282
effectifs_population_historique,2015-2016,nouveau,TSA,65 à 74 ans,False,15,Laurentides,P23L02C07,3
effectifs_population_historique,2015-2016,nouveau,TSA,Total,True,15,Laurentides,P23L02C09,712
effectifs_population_historique,2015-2016,nouveau,TSA,0 à 4 ans,False,16,Montérégie,P23L02C01,603
effectifs_population_historique,2015-2016,nouveau,TSA,12 à 17 ans,False,16,Montérégie,P23L02C03,586
effectifs_population_historique,2015-2016,nouveau,TSA,18 à 21 ans,False,16,Montérégie,P23L02C04,207
effectifs_population_historique,2015-2016,nouveau,TSA,22 à 44 ans,False,16,Montérégie,P23L02C05,329
effectifs_population_historique,2015-2016,nouveau,TSA,45 à 64 ans,False,16,Montérégie,P23L02C06,59
effectifs_population_historique,2015-2016,nouveau,TSA,5 à 11 ans,False,16,Montérégie,P23L02C02,1730
effectifs_population_historique,2015-2016,nouveau,TSA,65 à 74 ans,False,16,Montérégie,P23L02C07,3
effectifs_population_historique,2015-2016,nouveau,TSA,75 ans et plus,False,16,Montérégie,P23L02C08,0
effectifs_population_historique,2015-2016,nouveau,TSA,Total,True,16,Montérégie,P23L02C09,3517
effectifs_population_historique,2016-2017,nouveau,TSA,0 à 4 ans,False,1,Bas-Saint-Laurent,P23L02C01,33
effectifs_population_historique,2016-2017,nouveau,TSA,12 à 17 ans,False,1,Bas-Saint-Laurent,P23L02C03,112
effectifs_population_historique,2016-2017,nouveau,TSA,18 à 21 ans,False,1,Bas-Saint-Laurent,P23L02C04,43
effectifs_population_historique,2016-2017,nouveau,TSA,22 à 44 ans,False,1,Bas-Saint-Laurent,P23L02C05,91
effectifs_population_historique,2016-2017,nouveau,TSA,45 à 64 ans,False,1,Bas-Saint-Laurent,P23L02C06,22
effectifs_population_historique,2016-2017,nouveau,TSA,5 à 11 ans,False,1,Bas-Saint-Laurent,P23L02C02,167
effectifs_population_historique,2016-2017,nouveau,TSA,65 à 74 ans,False,1,Bas-Saint-Laurent,P23L02C07,1
effectifs_population_historique,2016-2017,nouveau,TSA,Total,True,1,Bas-Saint-Laurent,P23L02C09,469
effectifs_population_historique,2016-2017,nouveau,TSA,0 à 4 ans,False,2,Saguenay–Lac-Saint-Jean,P23L02C01,36
effectifs_population_historique,2016-2017,nouveau,TSA,12 à 17 ans,False,2,Saguenay–Lac-Saint-Jean,P23L02C03,58
effectifs_population_historique,2016-2017,nouveau,TSA,18 à 21 ans,False,2,Saguenay–Lac-Saint-Jean,P23L02C04,36
effectifs_population_historique,2016-2017,nouveau,TSA,22 à 44 ans,False,2,Saguenay–Lac-Saint-Jean,P23L02C05,82
effectifs_population_historique,2016-2017,nouveau,TSA,45 à 64 ans,False,2,Saguenay–Lac-Saint-Jean,P23L02C06,15
effectifs_population_historique,2016-2017,nouveau,TSA,5 à 11 ans,False,2,Saguenay–Lac-Saint-Jean,P23L02C02,113
effectifs_population_historique,2016-2017,nouveau,TSA,65 à 74 ans,False,2,Saguenay–Lac-Saint-Jean,P23L02C07,0
effectifs_population_historique,2016-2017,nouveau,TSA,75 ans et plus,False,2,Saguenay–Lac-Saint-Jean,P23L02C08,0
effectifs_population_historique,2016-2017,nouveau,TSA,Total,True,2,Saguenay–Lac-Saint-Jean,P23L02C09,340
effectifs_population_historique,2016-2017,nouveau,TSA,0 à 4 ans,False,3,Capitale-Nationale,P23L02C01,119
effectifs_population_historique,2016-2017,nouveau,TSA,12 à 17 ans,False,3,Capitale-Nationale,P23L02C03,305
effectifs_population_historique,2016-2017,nouveau,TSA,18 à 21 ans,False,3,Capitale-Nationale,P23L02C04,145
effectifs_population_historique,2016-2017,nouveau,TSA,22 à 44 ans,False,3,Capitale-Nationale,P23L02C05,218
effectifs_population_historique,2016-2017,nouveau,TSA,45 à 64 ans,False,3,Capitale-Nationale,P23L02C06,62
effectifs_population_historique,2016-2017,nouveau,TSA,5 à 11 ans,False,3,Capitale-Nationale,P23L02C02,429
effectifs_population_historique,2016-2017,nouveau,TSA,65 à 74 ans,False,3,Capitale-Nationale,P23L02C07,4
effectifs_population_historique,2016-2017,nouveau,TSA,Total,True,3,Capitale-Nationale,P23L02C09,1282
effectifs_population_historique,2016-2017,nouveau,TSA,0 à 4 ans,False,4,Mauricie et Centre-du-Québec,P23L02C01,83
effectifs_population_historique,2016-2017,nouveau,TSA,12 à 17 ans,False,4,Mauricie et Centre-du-Québec,P23L02C03,140
effectifs_population_historique,2016-2017,nouveau,TSA,18 à 21 ans,False,4,Mauricie et Centre-du-Québec,P23L02C04,63
effectifs_population_historique,2016-2017,nouveau,TSA,22 à 44 ans,False,4,Mauricie et Centre-du-Québec,P23L02C05,126
effectifs_population_historique,2016-2017,nouveau,TSA,45 à 64 ans,False,4,Mauricie et Centre-du-Québec,P23L02C06,26
effectifs_population_historique,2016-2017,nouveau,TSA,5 à 11 ans,False,4,Mauricie et Centre-du-Québec,P23L02C02,239
effectifs_population_historique,2016-2017,nouveau,TSA,65 à 74 ans,False,4,Mauricie et Centre-du-Québec,P23L02C07,2
effectifs_population_historique,2016-2017,nouveau,TSA,Total,True,4,Mauricie et Centre-du-Québec,P23L02C09,679
effectifs_population_historique,2016-2017,nouveau,TSA,0 à 4 ans,False,5,Estrie,P23L02C01,36
effectifs_population_historique,2016-2017,nouveau,TSA,12 à 17 ans,False,5,Estrie,P23L02C03,36
effectifs_population_historique,2016-2017,nouveau,TSA,18 à 21 ans,False,5,Estrie,P23L02C04,17
effectifs_population_historique,2016-2017,nouveau,TSA,22 à 44 ans,False,5,Estrie,P23L02C05,61
effectifs_population_historique,2016-2017,nouveau,TSA,45 à 64 ans,False,5,Estrie,P23L02C06,16
effectifs_population_historique,2016-2017,nouveau,TSA,5 à 11 ans,False,5,Estrie,P23L02C02,111
effectifs_population_historique,2016-2017,nouveau,TSA,65 à 74 ans,False,5,Estrie,P23L02C07,0
effectifs_population_historique,2016-2017,nouveau,TSA,75 ans et plus,False,5,Estrie,P23L02C08,0
effectifs_population_historique,2016-2017,nouveau,TSA,Total,True,5,Estrie,P23L02C09,277
effectifs_population_historique,2016-2017,nouveau,TSA,0 à 4 ans,False,6,Montréal,P23L02C01,335
effectifs_population_historique,2016-2017,nouveau,TSA,12 à 17 ans,False,6,Montréal,P23L02C03,554
effectifs_population_historique,2016-2017,nouveau,TSA,18 à 21 ans,False,6,Montréal,P23L02C04,270
effectifs_population_historique,2016-2017,nouveau,TSA,22 à 44 ans,False,6,Montréal,P23L02C05,520
effectifs_population_historique,2016-2017,nouveau,TSA,45 à 64 ans,False,6,Montréal,P23L02C06,226
effectifs_population_historique,2016-2017,nouveau,TSA,5 à 11 ans,False,6,Montréal,P23L02C02,909
effectifs_population_historique,2016-2017,nouveau,TSA,65 à 74 ans,False,6,Montréal,P23L02C07,14
effectifs_population_historique,2016-2017,nouveau,TSA,75 ans et plus,False,6,Montréal,P23L02C08,0
effectifs_population_historique,2016-2017,nouveau,TSA,Total,True,6,Montréal,P23L02C09,2828
effectifs_population_historique,2016-2017,nouveau,TSA,0 à 4 ans,False,7,Outaouais,P23L02C01,63
effectifs_population_historique,2016-2017,nouveau,TSA,12 à 17 ans,False,7,Outaouais,P23L02C03,63
effectifs_population_historique,2016-2017,nouveau,TSA,18 à 21 ans,False,7,Outaouais,P23L02C04,27
effectifs_population_historique,2016-2017,nouveau,TSA,22 à 44 ans,False,7,Outaouais,P23L02C05,36
effectifs_population_historique,2016-2017,nouveau,TSA,45 à 64 ans,False,7,Outaouais,P23L02C06,7
effectifs_population_historique,2016-2017,nouveau,TSA,5 à 11 ans,False,7,Outaouais,P23L02C02,180
effectifs_population_historique,2016-2017,nouveau,TSA,Total,True,7,Outaouais,P23L02C09,376
effectifs_population_historique,2016-2017,nouveau,TSA,0 à 4 ans,False,8,Abitibi-Témiscamingue,P23L02C01,28
effectifs_population_historique,2016-2017,nouveau,TSA,12 à 17 ans,False,8,Abitibi-Témiscamingue,P23L02C03,25
effectifs_population_historique,2016-2017,nouveau,TSA,18 à 21 ans,False,8,Abitibi-Témiscamingue,P23L02C04,12
effectifs_population_historique,2016-2017,nouveau,TSA,22 à 44 ans,False,8,Abitibi-Témiscamingue,P23L02C05,17
effectifs_population_historique,2016-2017,nouveau,TSA,45 à 64 ans,False,8,Abitibi-Témiscamingue,P23L02C06,7
effectifs_population_historique,2016-2017,nouveau,TSA,5 à 11 ans,False,8,Abitibi-Témiscamingue,P23L02C02,95
effectifs_population_historique,2016-2017,nouveau,TSA,65 à 74 ans,False,8,Abitibi-Témiscamingue,P23L02C07,0
effectifs_population_historique,2016-2017,nouveau,TSA,75 ans et plus,False,8,Abitibi-Témiscamingue,P23L02C08,0
effectifs_population_historique,2016-2017,nouveau,TSA,Total,True,8,Abitibi-Témiscamingue,P23L02C09,184
effectifs_population_historique,2016-2017,nouveau,TSA,0 à 4 ans,False,9,Côte-Nord,P23L02C01,17
effectifs_population_historique,2016-2017,nouveau,TSA,12 à 17 ans,False,9,Côte-Nord,P23L02C03,28
effectifs_population_historique,2016-2017,nouveau,TSA,18 à 21 ans,False,9,Côte-Nord,P23L02C04,7
effectifs_population_historique,2016-2017,nouveau,TSA,22 à 44 ans,False,9,Côte-Nord,P23L02C05,16
effectifs_population_historique,2016-2017,nouveau,TSA,45 à 64 ans,False,9,Côte-Nord,P23L02C06,2
effectifs_population_historique,2016-2017,nouveau,TSA,5 à 11 ans,False,9,Côte-Nord,P23L02C02,65
effectifs_population_historique,2016-2017,nouveau,TSA,Total,True,9,Côte-Nord,P23L02C09,135
effectifs_population_historique,2016-2017,nouveau,TSA,0 à 4 ans,False,11,Gaspésie–Îles-de-la-Madeleine,P23L02C01,23
effectifs_population_historique,2016-2017,nouveau,TSA,12 à 17 ans,False,11,Gaspésie–Îles-de-la-Madeleine,P23L02C03,57
effectifs_population_historique,2016-2017,nouveau,TSA,18 à 21 ans,False,11,Gaspésie–Îles-de-la-Madeleine,P23L02C04,15
effectifs_population_historique,2016-2017,nouveau,TSA,22 à 44 ans,False,11,Gaspésie–Îles-de-la-Madeleine,P23L02C05,29
effectifs_population_historique,2016-2017,nouveau,TSA,45 à 64 ans,False,11,Gaspésie–Îles-de-la-Madeleine,P23L02C06,14
effectifs_population_historique,2016-2017,nouveau,TSA,5 à 11 ans,False,11,Gaspésie–Îles-de-la-Madeleine,P23L02C02,57
effectifs_population_historique,2016-2017,nouveau,TSA,65 à 74 ans,False,11,Gaspésie–Îles-de-la-Madeleine,P23L02C07,1
effectifs_population_historique,2016-2017,nouveau,TSA,75 ans et plus,False,11,Gaspésie–Îles-de-la-Madeleine,P23L02C08,0
effectifs_population_historique,2016-2017,nouveau,TSA,Total,True,11,Gaspésie–Îles-de-la-Madeleine,P23L02C09,196
effectifs_population_historique,2016-2017,nouveau,TSA,0 à 4 ans,False,12,Chaudière-Appalaches,P23L02C01,82
effectifs_population_historique,2016-2017,nouveau,TSA,12 à 17 ans,False,12,Chaudière-Appalaches,P23L02C03,77
effectifs_population_historique,2016-2017,nouveau,TSA,18 à 21 ans,False,12,Chaudière-Appalaches,P23L02C04,54
effectifs_population_historique,2016-2017,nouveau,TSA,22 à 44 ans,False,12,Chaudière-Appalaches,P23L02C05,92
effectifs_population_historique,2016-2017,nouveau,TSA,45 à 64 ans,False,12,Chaudière-Appalaches,P23L02C06,15
effectifs_population_historique,2016-2017,nouveau,TSA,5 à 11 ans,False,12,Chaudière-Appalaches,P23L02C02,207
effectifs_population_historique,2016-2017,nouveau,TSA,65 à 74 ans,False,12,Chaudière-Appalaches,P23L02C07,0
effectifs_population_historique,2016-2017,nouveau,TSA,75 ans et plus,False,12,Chaudière-Appalaches,P23L02C08,0
effectifs_population_historique,2016-2017,nouveau,TSA,Total,True,12,Chaudière-Appalaches,P23L02C09,527
effectifs_population_historique,2016-2017,nouveau,TSA,0 à 4 ans,False,13,Laval,P23L02C01,98
effectifs_population_historique,2016-2017,nouveau,TSA,12 à 17 ans,False,13,Laval,P23L02C03,98
effectifs_population_historique,2016-2017,nouveau,TSA,18 à 21 ans,False,13,Laval,P23L02C04,84
effectifs_population_historique,2016-2017,nouveau,TSA,22 à 44 ans,False,13,Laval,P23L02C05,126
effectifs_population_historique,2016-2017,nouveau,TSA,45 à 64 ans,False,13,Laval,P23L02C06,13
effectifs_population_historique,2016-2017,nouveau,TSA,5 à 11 ans,False,13,Laval,P23L02C02,241
effectifs_population_historique,2016-2017,nouveau,TSA,65 à 74 ans,False,13,Laval,P23L02C07,1
effectifs_population_historique,2016-2017,nouveau,TSA,75 ans et plus,False,13,Laval,P23L02C08,1
effectifs_population_historique,2016-2017,nouveau,TSA,Total,True,13,Laval,P23L02C09,662
effectifs_population_historique,2016-2017,nouveau,TSA,0 à 4 ans,False,14,Lanaudière,P23L02C01,105
effectifs_population_historique,2016-2017,nouveau,TSA,12 à 17 ans,False,14,Lanaudière,P23L02C03,144
effectifs_population_historique,2016-2017,nouveau,TSA,18 à 21 ans,False,14,Lanaudière,P23L02C04,45
effectifs_population_historique,2016-2017,nouveau,TSA,22 à 44 ans,False,14,Lanaudière,P23L02C05,37
effectifs_population_historique,2016-2017,nouveau,TSA,45 à 64 ans,False,14,Lanaudière,P23L02C06,2
effectifs_population_historique,2016-2017,nouveau,TSA,5 à 11 ans,False,14,Lanaudière,P23L02C02,287
effectifs_population_historique,2016-2017,nouveau,TSA,65 à 74 ans,False,14,Lanaudière,P23L02C07,0
effectifs_population_historique,2016-2017,nouveau,TSA,75 ans et plus,False,14,Lanaudière,P23L02C08,0
effectifs_population_historique,2016-2017,nouveau,TSA,Total,True,14,Lanaudière,P23L02C09,620
effectifs_population_historique,2016-2017,nouveau,TSA,0 à 4 ans,False,15,Laurentides,P23L02C01,76
effectifs_population_historique,2016-2017,nouveau,TSA,12 à 17 ans,False,15,Laurentides,P23L02C03,151
effectifs_population_historique,2016-2017,nouveau,TSA,18 à 21 ans,False,15,Laurentides,P23L02C04,80
effectifs_population_historique,2016-2017,nouveau,TSA,22 à 44 ans,False,15,Laurentides,P23L02C05,128
effectifs_population_historique,2016-2017,nouveau,TSA,45 à 64 ans,False,15,Laurentides,P23L02C06,12
effectifs_population_historique,2016-2017,nouveau,TSA,5 à 11 ans,False,15,Laurentides,P23L02C02,292
effectifs_population_historique,2016-2017,nouveau,TSA,65 à 74 ans,False,15,Laurentides,P23L02C07,2
effectifs_population_historique,2016-2017,nouveau,TSA,75 ans et plus,False,15,Laurentides,P23L02C08,0
effectifs_population_historique,2016-2017,nouveau,TSA,Total,True,15,Laurentides,P23L02C09,741
effectifs_population_historique,2016-2017,nouveau,TSA,0 à 4 ans,False,16,Montérégie,P23L02C01,736
effectifs_population_historique,2016-2017,nouveau,TSA,12 à 17 ans,False,16,Montérégie,P23L02C03,636
effectifs_population_historique,2016-2017,nouveau,TSA,18 à 21 ans,False,16,Montérégie,P23L02C04,210
effectifs_population_historique,2016-2017,nouveau,TSA,22 à 44 ans,False,16,Montérégie,P23L02C05,349
effectifs_population_historique,2016-2017,nouveau,TSA,45 à 64 ans,False,16,Montérégie,P23L02C06,60
effectifs_population_historique,2016-2017,nouveau,TSA,5 à 11 ans,False,16,Montérégie,P23L02C02,1874
effectifs_population_historique,2016-2017,nouveau,TSA,65 à 74 ans,False,16,Montérégie,P23L02C07,5
effectifs_population_historique,2016-2017,nouveau,TSA,75 ans et plus,False,16,Montérégie,P23L02C08,0
effectifs_population_historique,2016-2017,nouveau,TSA,Total,True,16,Montérégie,P23L02C09,3870
effectifs_population_historique,2017-2018,nouveau,TSA,0 à 4 ans,False,1,Bas-Saint-Laurent,P23L02C01,27
effectifs_population_historique,2017-2018,nouveau,TSA,12 à 17 ans,False,1,Bas-Saint-Laurent,P23L02C03,123
effectifs_population_historique,2017-2018,nouveau,TSA,18 à 21 ans,False,1,Bas-Saint-Laurent,P23L02C04,44
effectifs_population_historique,2017-2018,nouveau,TSA,22 à 44 ans,False,1,Bas-Saint-Laurent,P23L02C05,94
effectifs_population_historique,2017-2018,nouveau,TSA,45 à 64 ans,False,1,Bas-Saint-Laurent,P23L02C06,20
effectifs_population_historique,2017-2018,nouveau,TSA,5 à 11 ans,False,1,Bas-Saint-Laurent,P23L02C02,182
effectifs_population_historique,2017-2018,nouveau,TSA,65 à 74 ans,False,1,Bas-Saint-Laurent,P23L02C07,1
effectifs_population_historique,2017-2018,nouveau,TSA,75 ans et plus,False,1,Bas-Saint-Laurent,P23L02C08,0
effectifs_population_historique,2017-2018,nouveau,TSA,Total,True,1,Bas-Saint-Laurent,P23L02C09,491
effectifs_population_historique,2017-2018,nouveau,TSA,0 à 4 ans,False,2,Saguenay–Lac-Saint-Jean,P23L02C01,44
effectifs_population_historique,2017-2018,nouveau,TSA,12 à 17 ans,False,2,Saguenay–Lac-Saint-Jean,P23L02C03,61
effectifs_population_historique,2017-2018,nouveau,TSA,18 à 21 ans,False,2,Saguenay–Lac-Saint-Jean,P23L02C04,47
effectifs_population_historique,2017-2018,nouveau,TSA,22 à 44 ans,False,2,Saguenay–Lac-Saint-Jean,P23L02C05,88
effectifs_population_historique,2017-2018,nouveau,TSA,45 à 64 ans,False,2,Saguenay–Lac-Saint-Jean,P23L02C06,14
effectifs_population_historique,2017-2018,nouveau,TSA,5 à 11 ans,False,2,Saguenay–Lac-Saint-Jean,P23L02C02,115
effectifs_population_historique,2017-2018,nouveau,TSA,65 à 74 ans,False,2,Saguenay–Lac-Saint-Jean,P23L02C07,0
effectifs_population_historique,2017-2018,nouveau,TSA,75 ans et plus,False,2,Saguenay–Lac-Saint-Jean,P23L02C08,0
effectifs_population_historique,2017-2018,nouveau,TSA,Total,True,2,Saguenay–Lac-Saint-Jean,P23L02C09,369
effectifs_population_historique,2017-2018,nouveau,TSA,0 à 4 ans,False,3,Capitale-Nationale,P23L02C01,146
effectifs_population_historique,2017-2018,nouveau,TSA,12 à 17 ans,False,3,Capitale-Nationale,P23L02C03,326
effectifs_population_historique,2017-2018,nouveau,TSA,18 à 21 ans,False,3,Capitale-Nationale,P23L02C04,168
effectifs_population_historique,2017-2018,nouveau,TSA,22 à 44 ans,False,3,Capitale-Nationale,P23L02C05,246
effectifs_population_historique,2017-2018,nouveau,TSA,45 à 64 ans,False,3,Capitale-Nationale,P23L02C06,69
effectifs_population_historique,2017-2018,nouveau,TSA,5 à 11 ans,False,3,Capitale-Nationale,P23L02C02,436
effectifs_population_historique,2017-2018,nouveau,TSA,65 à 74 ans,False,3,Capitale-Nationale,P23L02C07,4
effectifs_population_historique,2017-2018,nouveau,TSA,75 ans et plus,False,3,Capitale-Nationale,P23L02C08,1
effectifs_population_historique,2017-2018,nouveau,TSA,Total,True,3,Capitale-Nationale,P23L02C09,1396
effectifs_population_historique,2017-2018,nouveau,TSA,0 à 4 ans,False,4,Mauricie et Centre-du-Québec,P23L02C01,99
effectifs_population_historique,2017-2018,nouveau,TSA,12 à 17 ans,False,4,Mauricie et Centre-du-Québec,P23L02C03,147
effectifs_population_historique,2017-2018,nouveau,TSA,18 à 21 ans,False,4,Mauricie et Centre-du-Québec,P23L02C04,77
effectifs_population_historique,2017-2018,nouveau,TSA,22 à 44 ans,False,4,Mauricie et Centre-du-Québec,P23L02C05,151
effectifs_population_historique,2017-2018,nouveau,TSA,45 à 64 ans,False,4,Mauricie et Centre-du-Québec,P23L02C06,30
effectifs_population_historique,2017-2018,nouveau,TSA,5 à 11 ans,False,4,Mauricie et Centre-du-Québec,P23L02C02,279
effectifs_population_historique,2017-2018,nouveau,TSA,65 à 74 ans,False,4,Mauricie et Centre-du-Québec,P23L02C07,2
effectifs_population_historique,2017-2018,nouveau,TSA,75 ans et plus,False,4,Mauricie et Centre-du-Québec,P23L02C08,0
effectifs_population_historique,2017-2018,nouveau,TSA,Total,True,4,Mauricie et Centre-du-Québec,P23L02C09,785
effectifs_population_historique,2017-2018,nouveau,TSA,0 à 4 ans,False,5,Estrie,P23L02C01,43
effectifs_population_historique,2017-2018,nouveau,TSA,12 à 17 ans,False,5,Estrie,P23L02C03,44
effectifs_population_historique,2017-2018,nouveau,TSA,18 à 21 ans,False,5,Estrie,P23L02C04,23
effectifs_population_historique,2017-2018,nouveau,TSA,22 à 44 ans,False,5,Estrie,P23L02C05,68
effectifs_population_historique,2017-2018,nouveau,TSA,45 à 64 ans,False,5,Estrie,P23L02C06,15
effectifs_population_historique,2017-2018,nouveau,TSA,5 à 11 ans,False,5,Estrie,P23L02C02,102
effectifs_population_historique,2017-2018,nouveau,TSA,65 à 74 ans,False,5,Estrie,P23L02C07,0
effectifs_population_historique,2017-2018,nouveau,TSA,75 ans et plus,False,5,Estrie,P23L02C08,0
effectifs_population_historique,2017-2018,nouveau,TSA,Total,True,5,Estrie,P23L02C09,295
effectifs_population_historique,2017-2018,nouveau,TSA,0 à 4 ans,False,6,Montréal,P23L02C01,418
effectifs_population_historique,2017-2018,nouveau,TSA,12 à 17 ans,False,6,Montréal,P23L02C03,541
effectifs_population_historique,2017-2018,nouveau,TSA,18 à 21 ans,False,6,Montréal,P23L02C04,325
effectifs_population_historique,2017-2018,nouveau,TSA,22 à 44 ans,False,6,Montréal,P23L02C05,593
effectifs_population_historique,2017-2018,nouveau,TSA,45 à 64 ans,False,6,Montréal,P23L02C06,228
effectifs_population_historique,2017-2018,nouveau,TSA,5 à 11 ans,False,6,Montréal,P23L02C02,1029
effectifs_population_historique,2017-2018,nouveau,TSA,65 à 74 ans,False,6,Montréal,P23L02C07,18
effectifs_population_historique,2017-2018,nouveau,TSA,75 ans et plus,False,6,Montréal,P23L02C08,0
effectifs_population_historique,2017-2018,nouveau,TSA,Total,True,6,Montréal,P23L02C09,3152
effectifs_population_historique,2017-2018,nouveau,TSA,0 à 4 ans,False,7,Outaouais,P23L02C01,91
effectifs_population_historique,2017-2018,nouveau,TSA,12 à 17 ans,False,7,Outaouais,P23L02C03,71
effectifs_population_historique,2017-2018,nouveau,TSA,18 à 21 ans,False,7,Outaouais,P23L02C04,26
effectifs_population_historique,2017-2018,nouveau,TSA,22 à 44 ans,False,7,Outaouais,P23L02C05,44
effectifs_population_historique,2017-2018,nouveau,TSA,45 à 64 ans,False,7,Outaouais,P23L02C06,8
effectifs_population_historique,2017-2018,nouveau,TSA,5 à 11 ans,False,7,Outaouais,P23L02C02,238
effectifs_population_historique,2017-2018,nouveau,TSA,Total,True,7,Outaouais,P23L02C09,478
effectifs_population_historique,2017-2018,nouveau,TSA,0 à 4 ans,False,8,Abitibi-Témiscamingue,P23L02C01,42
effectifs_population_historique,2017-2018,nouveau,TSA,12 à 17 ans,False,8,Abitibi-Témiscamingue,P23L02C03,33
effectifs_population_historique,2017-2018,nouveau,TSA,18 à 21 ans,False,8,Abitibi-Témiscamingue,P23L02C04,12
effectifs_population_historique,2017-2018,nouveau,TSA,22 à 44 ans,False,8,Abitibi-Témiscamingue,P23L02C05,23
effectifs_population_historique,2017-2018,nouveau,TSA,45 à 64 ans,False,8,Abitibi-Témiscamingue,P23L02C06,9
effectifs_population_historique,2017-2018,nouveau,TSA,5 à 11 ans,False,8,Abitibi-Témiscamingue,P23L02C02,116
effectifs_population_historique,2017-2018,nouveau,TSA,65 à 74 ans,False,8,Abitibi-Témiscamingue,P23L02C07,0
effectifs_population_historique,2017-2018,nouveau,TSA,75 ans et plus,False,8,Abitibi-Témiscamingue,P23L02C08,0
effectifs_population_historique,2017-2018,nouveau,TSA,Total,True,8,Abitibi-Témiscamingue,P23L02C09,235
effectifs_population_historique,2017-2018,nouveau,TSA,0 à 4 ans,False,9,Côte-Nord,P23L02C01,24
effectifs_population_historique,2017-2018,nouveau,TSA,12 à 17 ans,False,9,Côte-Nord,P23L02C03,28
effectifs_population_historique,2017-2018,nouveau,TSA,18 à 21 ans,False,9,Côte-Nord,P23L02C04,14
effectifs_population_historique,2017-2018,nouveau,TSA,22 à 44 ans,False,9,Côte-Nord,P23L02C05,20
effectifs_population_historique,2017-2018,nouveau,TSA,45 à 64 ans,False,9,Côte-Nord,P23L02C06,2
effectifs_population_historique,2017-2018,nouveau,TSA,5 à 11 ans,False,9,Côte-Nord,P23L02C02,78
effectifs_population_historique,2017-2018,nouveau,TSA,65 à 74 ans,False,9,Côte-Nord,P23L02C07,0
effectifs_population_historique,2017-2018,nouveau,TSA,75 ans et plus,False,9,Côte-Nord,P23L02C08,0
effectifs_population_historique,2017-2018,nouveau,TSA,Total,True,9,Côte-Nord,P23L02C09,166
effectifs_population_historique,2017-2018,nouveau,TSA,0 à 4 ans,False,11,Gaspésie–Îles-de-la-Madeleine,P23L02C01,30
effectifs_population_historique,2017-2018,nouveau,TSA,12 à 17 ans,False,11,Gaspésie–Îles-de-la-Madeleine,P23L02C03,48
effectifs_population_historique,2017-2018,nouveau,TSA,18 à 21 ans,False,11,Gaspésie–Îles-de-la-Madeleine,P23L02C04,21
effectifs_population_historique,2017-2018,nouveau,TSA,22 à 44 ans,False,11,Gaspésie–Îles-de-la-Madeleine,P23L02C05,29
effectifs_population_historique,2017-2018,nouveau,TSA,45 à 64 ans,False,11,Gaspésie–Îles-de-la-Madeleine,P23L02C06,13
effectifs_population_historique,2017-2018,nouveau,TSA,5 à 11 ans,False,11,Gaspésie–Îles-de-la-Madeleine,P23L02C02,63
effectifs_population_historique,2017-2018,nouveau,TSA,65 à 74 ans,False,11,Gaspésie–Îles-de-la-Madeleine,P23L02C07,0
effectifs_population_historique,2017-2018,nouveau,TSA,75 ans et plus,False,11,Gaspésie–Îles-de-la-Madeleine,P23L02C08,1
effectifs_population_historique,2017-2018,nouveau,TSA,Total,True,11,Gaspésie–Îles-de-la-Madeleine,P23L02C09,205
effectifs_population_historique,2017-2018,nouveau,TSA,0 à 4 ans,False,12,Chaudière-Appalaches,P23L02C01,100
effectifs_population_historique,2017-2018,nouveau,TSA,12 à 17 ans,False,12,Chaudière-Appalaches,P23L02C03,111
effectifs_population_historique,2017-2018,nouveau,TSA,18 à 21 ans,False,12,Chaudière-Appalaches,P23L02C04,54
effectifs_population_historique,2017-2018,nouveau,TSA,22 à 44 ans,False,12,Chaudière-Appalaches,P23L02C05,107
effectifs_population_historique,2017-2018,nouveau,TSA,45 à 64 ans,False,12,Chaudière-Appalaches,P23L02C06,19
effectifs_population_historique,2017-2018,nouveau,TSA,5 à 11 ans,False,12,Chaudière-Appalaches,P23L02C02,263
effectifs_population_historique,2017-2018,nouveau,TSA,65 à 74 ans,False,12,Chaudière-Appalaches,P23L02C07,0
effectifs_population_historique,2017-2018,nouveau,TSA,75 ans et plus,False,12,Chaudière-Appalaches,P23L02C08,0
effectifs_population_historique,2017-2018,nouveau,TSA,Total,True,12,Chaudière-Appalaches,P23L02C09,654
effectifs_population_historique,2017-2018,nouveau,TSA,0 à 4 ans,False,13,Laval,P23L02C01,143
effectifs_population_historique,2017-2018,nouveau,TSA,12 à 17 ans,False,13,Laval,P23L02C03,99
effectifs_population_historique,2017-2018,nouveau,TSA,18 à 21 ans,False,13,Laval,P23L02C04,82
effectifs_population_historique,2017-2018,nouveau,TSA,22 à 44 ans,False,13,Laval,P23L02C05,150
effectifs_population_historique,2017-2018,nouveau,TSA,45 à 64 ans,False,13,Laval,P23L02C06,16
effectifs_population_historique,2017-2018,nouveau,TSA,5 à 11 ans,False,13,Laval,P23L02C02,271
effectifs_population_historique,2017-2018,nouveau,TSA,65 à 74 ans,False,13,Laval,P23L02C07,2
effectifs_population_historique,2017-2018,nouveau,TSA,75 ans et plus,False,13,Laval,P23L02C08,1
effectifs_population_historique,2017-2018,nouveau,TSA,Total,True,13,Laval,P23L02C09,764
effectifs_population_historique,2017-2018,nouveau,TSA,0 à 4 ans,False,14,Lanaudière,P23L02C01,182
effectifs_population_historique,2017-2018,nouveau,TSA,12 à 17 ans,False,14,Lanaudière,P23L02C03,167
effectifs_population_historique,2017-2018,nouveau,TSA,18 à 21 ans,False,14,Lanaudière,P23L02C04,62
effectifs_population_historique,2017-2018,nouveau,TSA,22 à 44 ans,False,14,Lanaudière,P23L02C05,51
effectifs_population_historique,2017-2018,nouveau,TSA,45 à 64 ans,False,14,Lanaudière,P23L02C06,5
effectifs_population_historique,2017-2018,nouveau,TSA,5 à 11 ans,False,14,Lanaudière,P23L02C02,390
effectifs_population_historique,2017-2018,nouveau,TSA,65 à 74 ans,False,14,Lanaudière,P23L02C07,0
effectifs_population_historique,2017-2018,nouveau,TSA,75 ans et plus,False,14,Lanaudière,P23L02C08,0
effectifs_population_historique,2017-2018,nouveau,TSA,Total,True,14,Lanaudière,P23L02C09,857
effectifs_population_historique,2017-2018,nouveau,TSA,0 à 4 ans,False,15,Laurentides,P23L02C01,87
effectifs_population_historique,2017-2018,nouveau,TSA,12 à 17 ans,False,15,Laurentides,P23L02C03,163
effectifs_population_historique,2017-2018,nouveau,TSA,18 à 21 ans,False,15,Laurentides,P23L02C04,93
effectifs_population_historique,2017-2018,nouveau,TSA,22 à 44 ans,False,15,Laurentides,P23L02C05,152
effectifs_population_historique,2017-2018,nouveau,TSA,45 à 64 ans,False,15,Laurentides,P23L02C06,15
effectifs_population_historique,2017-2018,nouveau,TSA,5 à 11 ans,False,15,Laurentides,P23L02C02,306
effectifs_population_historique,2017-2018,nouveau,TSA,65 à 74 ans,False,15,Laurentides,P23L02C07,2
effectifs_population_historique,2017-2018,nouveau,TSA,Total,True,15,Laurentides,P23L02C09,818
effectifs_population_historique,2017-2018,nouveau,TSA,0 à 4 ans,False,16,Montérégie,P23L02C01,873
effectifs_population_historique,2017-2018,nouveau,TSA,12 à 17 ans,False,16,Montérégie,P23L02C03,687
effectifs_population_historique,2017-2018,nouveau,TSA,18 à 21 ans,False,16,Montérégie,P23L02C04,233
effectifs_population_historique,2017-2018,nouveau,TSA,22 à 44 ans,False,16,Montérégie,P23L02C05,367
effectifs_population_historique,2017-2018,nouveau,TSA,45 à 64 ans,False,16,Montérégie,P23L02C06,71
effectifs_population_historique,2017-2018,nouveau,TSA,5 à 11 ans,False,16,Montérégie,P23L02C02,2026
effectifs_population_historique,2017-2018,nouveau,TSA,65 à 74 ans,False,16,Montérégie,P23L02C07,4
effectifs_population_historique,2017-2018,nouveau,TSA,Total,True,16,Montérégie,P23L02C09,4261
effectifs_population_historique,2018-2019,nouveau,TSA,0 à 4 ans,False,1,Bas-Saint-Laurent,P23L02C01,28
effectifs_population_historique,2018-2019,nouveau,TSA,12 à 17 ans,False,1,Bas-Saint-Laurent,P23L02C03,147
effectifs_population_historique,2018-2019,nouveau,TSA,18 à 21 ans,False,1,Bas-Saint-Laurent,P23L02C04,44
effectifs_population_historique,2018-2019,nouveau,TSA,22 à 44 ans,False,1,Bas-Saint-Laurent,P23L02C05,85
effectifs_population_historique,2018-2019,nouveau,TSA,45 à 64 ans,False,1,Bas-Saint-Laurent,P23L02C06,23
effectifs_population_historique,2018-2019,nouveau,TSA,5 à 11 ans,False,1,Bas-Saint-Laurent,P23L02C02,187
effectifs_population_historique,2018-2019,nouveau,TSA,Total,True,1,Bas-Saint-Laurent,P23L02C09,514
effectifs_population_historique,2018-2019,nouveau,TSA,0 à 4 ans,False,2,Saguenay–Lac-Saint-Jean,P23L02C01,46
effectifs_population_historique,2018-2019,nouveau,TSA,12 à 17 ans,False,2,Saguenay–Lac-Saint-Jean,P23L02C03,69
effectifs_population_historique,2018-2019,nouveau,TSA,18 à 21 ans,False,2,Saguenay–Lac-Saint-Jean,P23L02C04,48
effectifs_population_historique,2018-2019,nouveau,TSA,22 à 44 ans,False,2,Saguenay–Lac-Saint-Jean,P23L02C05,95
effectifs_population_historique,2018-2019,nouveau,TSA,45 à 64 ans,False,2,Saguenay–Lac-Saint-Jean,P23L02C06,13
effectifs_population_historique,2018-2019,nouveau,TSA,5 à 11 ans,False,2,Saguenay–Lac-Saint-Jean,P23L02C02,124
effectifs_population_historique,2018-2019,nouveau,TSA,65 à 74 ans,False,2,Saguenay–Lac-Saint-Jean,P23L02C07,0
effectifs_population_historique,2018-2019,nouveau,TSA,75 ans et plus,False,2,Saguenay–Lac-Saint-Jean,P23L02C08,0
effectifs_population_historique,2018-2019,nouveau,TSA,Total,True,2,Saguenay–Lac-Saint-Jean,P23L02C09,395
effectifs_population_historique,2018-2019,nouveau,TSA,0 à 4 ans,False,3,Capitale-Nationale,P23L02C01,143
effectifs_population_historique,2018-2019,nouveau,TSA,12 à 17 ans,False,3,Capitale-Nationale,P23L02C03,309
effectifs_population_historique,2018-2019,nouveau,TSA,18 à 21 ans,False,3,Capitale-Nationale,P23L02C04,158
effectifs_population_historique,2018-2019,nouveau,TSA,22 à 44 ans,False,3,Capitale-Nationale,P23L02C05,262
effectifs_population_historique,2018-2019,nouveau,TSA,45 à 64 ans,False,3,Capitale-Nationale,P23L02C06,71
effectifs_population_historique,2018-2019,nouveau,TSA,5 à 11 ans,False,3,Capitale-Nationale,P23L02C02,458
effectifs_population_historique,2018-2019,nouveau,TSA,65 à 74 ans,False,3,Capitale-Nationale,P23L02C07,6
effectifs_population_historique,2018-2019,nouveau,TSA,75 ans et plus,False,3,Capitale-Nationale,P23L02C08,1
effectifs_population_historique,2018-2019,nouveau,TSA,Total,True,3,Capitale-Nationale,P23L02C09,1408
effectifs_population_historique,2018-2019,nouveau,TSA,0 à 4 ans,False,4,Mauricie et Centre-du-Québec,P23L02C01,139
effectifs_population_historique,2018-2019,nouveau,TSA,12 à 17 ans,False,4,Mauricie et Centre-du-Québec,P23L02C03,178
effectifs_population_historique,2018-2019,nouveau,TSA,18 à 21 ans,False,4,Mauricie et Centre-du-Québec,P23L02C04,87
effectifs_population_historique,2018-2019,nouveau,TSA,22 à 44 ans,False,4,Mauricie et Centre-du-Québec,P23L02C05,183
effectifs_population_historique,2018-2019,nouveau,TSA,45 à 64 ans,False,4,Mauricie et Centre-du-Québec,P23L02C06,33
effectifs_population_historique,2018-2019,nouveau,TSA,5 à 11 ans,False,4,Mauricie et Centre-du-Québec,P23L02C02,343
effectifs_population_historique,2018-2019,nouveau,TSA,65 à 74 ans,False,4,Mauricie et Centre-du-Québec,P23L02C07,2
effectifs_population_historique,2018-2019,nouveau,TSA,75 ans et plus,False,4,Mauricie et Centre-du-Québec,P23L02C08,0
effectifs_population_historique,2018-2019,nouveau,TSA,Total,True,4,Mauricie et Centre-du-Québec,P23L02C09,965
effectifs_population_historique,2018-2019,nouveau,TSA,0 à 4 ans,False,5,Estrie,P23L02C01,55
effectifs_population_historique,2018-2019,nouveau,TSA,12 à 17 ans,False,5,Estrie,P23L02C03,47
effectifs_population_historique,2018-2019,nouveau,TSA,18 à 21 ans,False,5,Estrie,P23L02C04,25
effectifs_population_historique,2018-2019,nouveau,TSA,22 à 44 ans,False,5,Estrie,P23L02C05,74
effectifs_population_historique,2018-2019,nouveau,TSA,45 à 64 ans,False,5,Estrie,P23L02C06,15
effectifs_population_historique,2018-2019,nouveau,TSA,5 à 11 ans,False,5,Estrie,P23L02C02,96
effectifs_population_historique,2018-2019,nouveau,TSA,65 à 74 ans,False,5,Estrie,P23L02C07,0
effectifs_population_historique,2018-2019,nouveau,TSA,75 ans et plus,False,5,Estrie,P23L02C08,0
effectifs_population_historique,2018-2019,nouveau,TSA,Total,True,5,Estrie,P23L02C09,312
effectifs_population_historique,2018-2019,nouveau,TSA,0 à 4 ans,False,6,Montréal,P23L02C01,629
effectifs_population_historique,2018-2019,nouveau,TSA,12 à 17 ans,False,6,Montréal,P23L02C03,512
effectifs_population_historique,2018-2019,nouveau,TSA,18 à 21 ans,False,6,Montréal,P23L02C04,325
effectifs_population_historique,2018-2019,nouveau,TSA,22 à 44 ans,False,6,Montréal,P23L02C05,669
effectifs_population_historique,2018-2019,nouveau,TSA,45 à 64 ans,False,6,Montréal,P23L02C06,225
effectifs_population_historique,2018-2019,nouveau,TSA,5 à 11 ans,False,6,Montréal,P23L02C02,1095
effectifs_population_historique,2018-2019,nouveau,TSA,65 à 74 ans,False,6,Montréal,P23L02C07,26
effectifs_population_historique,2018-2019,nouveau,TSA,75 ans et plus,False,6,Montréal,P23L02C08,0
effectifs_population_historique,2018-2019,nouveau,TSA,Total,True,6,Montréal,P23L02C09,3481
effectifs_population_historique,2018-2019,nouveau,TSA,0 à 4 ans,False,7,Outaouais,P23L02C01,112
effectifs_population_historique,2018-2019,nouveau,TSA,12 à 17 ans,False,7,Outaouais,P23L02C03,78
effectifs_population_historique,2018-2019,nouveau,TSA,18 à 21 ans,False,7,Outaouais,P23L02C04,32
effectifs_population_historique,2018-2019,nouveau,TSA,22 à 44 ans,False,7,Outaouais,P23L02C05,57
effectifs_population_historique,2018-2019,nouveau,TSA,45 à 64 ans,False,7,Outaouais,P23L02C06,9
effectifs_population_historique,2018-2019,nouveau,TSA,5 à 11 ans,False,7,Outaouais,P23L02C02,285
effectifs_population_historique,2018-2019,nouveau,TSA,Total,True,7,Outaouais,P23L02C09,573
effectifs_population_historique,2018-2019,nouveau,TSA,0 à 4 ans,False,8,Abitibi-Témiscamingue,P23L02C01,52
effectifs_population_historique,2018-2019,nouveau,TSA,12 à 17 ans,False,8,Abitibi-Témiscamingue,P23L02C03,61
effectifs_population_historique,2018-2019,nouveau,TSA,18 à 21 ans,False,8,Abitibi-Témiscamingue,P23L02C04,15
effectifs_population_historique,2018-2019,nouveau,TSA,22 à 44 ans,False,8,Abitibi-Témiscamingue,P23L02C05,27
effectifs_population_historique,2018-2019,nouveau,TSA,45 à 64 ans,False,8,Abitibi-Témiscamingue,P23L02C06,10
effectifs_population_historique,2018-2019,nouveau,TSA,5 à 11 ans,False,8,Abitibi-Témiscamingue,P23L02C02,134
effectifs_population_historique,2018-2019,nouveau,TSA,65 à 74 ans,False,8,Abitibi-Témiscamingue,P23L02C07,0
effectifs_population_historique,2018-2019,nouveau,TSA,75 ans et plus,False,8,Abitibi-Témiscamingue,P23L02C08,0
effectifs_population_historique,2018-2019,nouveau,TSA,Total,True,8,Abitibi-Témiscamingue,P23L02C09,299
effectifs_population_historique,2018-2019,nouveau,TSA,0 à 4 ans,False,9,Côte-Nord,P23L02C01,30
effectifs_population_historique,2018-2019,nouveau,TSA,12 à 17 ans,False,9,Côte-Nord,P23L02C03,35
effectifs_population_historique,2018-2019,nouveau,TSA,18 à 21 ans,False,9,Côte-Nord,P23L02C04,19
effectifs_population_historique,2018-2019,nouveau,TSA,22 à 44 ans,False,9,Côte-Nord,P23L02C05,22
effectifs_population_historique,2018-2019,nouveau,TSA,45 à 64 ans,False,9,Côte-Nord,P23L02C06,3
effectifs_population_historique,2018-2019,nouveau,TSA,5 à 11 ans,False,9,Côte-Nord,P23L02C02,96
effectifs_population_historique,2018-2019,nouveau,TSA,65 à 74 ans,False,9,Côte-Nord,P23L02C07,0
effectifs_population_historique,2018-2019,nouveau,TSA,75 ans et plus,False,9,Côte-Nord,P23L02C08,0
effectifs_population_historique,2018-2019,nouveau,TSA,Total,True,9,Côte-Nord,P23L02C09,205
effectifs_population_historique,2018-2019,nouveau,TSA,0 à 4 ans,False,11,Gaspésie–Îles-de-la-Madeleine,P23L02C01,33
effectifs_population_historique,2018-2019,nouveau,TSA,12 à 17 ans,False,11,Gaspésie–Îles-de-la-Madeleine,P23L02C03,54
effectifs_population_historique,2018-2019,nouveau,TSA,18 à 21 ans,False,11,Gaspésie–Îles-de-la-Madeleine,P23L02C04,23
effectifs_population_historique,2018-2019,nouveau,TSA,22 à 44 ans,False,11,Gaspésie–Îles-de-la-Madeleine,P23L02C05,31
effectifs_population_historique,2018-2019,nouveau,TSA,45 à 64 ans,False,11,Gaspésie–Îles-de-la-Madeleine,P23L02C06,13
effectifs_population_historique,2018-2019,nouveau,TSA,5 à 11 ans,False,11,Gaspésie–Îles-de-la-Madeleine,P23L02C02,80
effectifs_population_historique,2018-2019,nouveau,TSA,65 à 74 ans,False,11,Gaspésie–Îles-de-la-Madeleine,P23L02C07,0
effectifs_population_historique,2018-2019,nouveau,TSA,75 ans et plus,False,11,Gaspésie–Îles-de-la-Madeleine,P23L02C08,1
effectifs_population_historique,2018-2019,nouveau,TSA,Total,True,11,Gaspésie–Îles-de-la-Madeleine,P23L02C09,235
effectifs_population_historique,2018-2019,nouveau,TSA,0 à 4 ans,False,12,Chaudière-Appalaches,P23L02C01,100
effectifs_population_historique,2018-2019,nouveau,TSA,12 à 17 ans,False,12,Chaudière-Appalaches,P23L02C03,121
effectifs_population_historique,2018-2019,nouveau,TSA,18 à 21 ans,False,12,Chaudière-Appalaches,P23L02C04,71
effectifs_population_historique,2018-2019,nouveau,TSA,22 à 44 ans,False,12,Chaudière-Appalaches,P23L02C05,119
effectifs_population_historique,2018-2019,nouveau,TSA,45 à 64 ans,False,12,Chaudière-Appalaches,P23L02C06,22
effectifs_population_historique,2018-2019,nouveau,TSA,5 à 11 ans,False,12,Chaudière-Appalaches,P23L02C02,290
effectifs_population_historique,2018-2019,nouveau,TSA,65 à 74 ans,False,12,Chaudière-Appalaches,P23L02C07,1
effectifs_population_historique,2018-2019,nouveau,TSA,75 ans et plus,False,12,Chaudière-Appalaches,P23L02C08,0
effectifs_population_historique,2018-2019,nouveau,TSA,Total,True,12,Chaudière-Appalaches,P23L02C09,724
effectifs_population_historique,2018-2019,nouveau,TSA,0 à 4 ans,False,13,Laval,P23L02C01,169
effectifs_population_historique,2018-2019,nouveau,TSA,12 à 17 ans,False,13,Laval,P23L02C03,115
effectifs_population_historique,2018-2019,nouveau,TSA,18 à 21 ans,False,13,Laval,P23L02C04,86
effectifs_population_historique,2018-2019,nouveau,TSA,22 à 44 ans,False,13,Laval,P23L02C05,152
effectifs_population_historique,2018-2019,nouveau,TSA,45 à 64 ans,False,13,Laval,P23L02C06,17
effectifs_population_historique,2018-2019,nouveau,TSA,5 à 11 ans,False,13,Laval,P23L02C02,282
effectifs_population_historique,2018-2019,nouveau,TSA,65 à 74 ans,False,13,Laval,P23L02C07,4
effectifs_population_historique,2018-2019,nouveau,TSA,75 ans et plus,False,13,Laval,P23L02C08,2
effectifs_population_historique,2018-2019,nouveau,TSA,Total,True,13,Laval,P23L02C09,827
effectifs_population_historique,2018-2019,nouveau,TSA,0 à 4 ans,False,14,Lanaudière,P23L02C01,240
effectifs_population_historique,2018-2019,nouveau,TSA,12 à 17 ans,False,14,Lanaudière,P23L02C03,209
effectifs_population_historique,2018-2019,nouveau,TSA,18 à 21 ans,False,14,Lanaudière,P23L02C04,74
effectifs_population_historique,2018-2019,nouveau,TSA,22 à 44 ans,False,14,Lanaudière,P23L02C05,89
effectifs_population_historique,2018-2019,nouveau,TSA,45 à 64 ans,False,14,Lanaudière,P23L02C06,6
effectifs_population_historique,2018-2019,nouveau,TSA,5 à 11 ans,False,14,Lanaudière,P23L02C02,537
effectifs_population_historique,2018-2019,nouveau,TSA,65 à 74 ans,False,14,Lanaudière,P23L02C07,0
effectifs_population_historique,2018-2019,nouveau,TSA,75 ans et plus,False,14,Lanaudière,P23L02C08,0
effectifs_population_historique,2018-2019,nouveau,TSA,Total,True,14,Lanaudière,P23L02C09,1155
effectifs_population_historique,2018-2019,nouveau,TSA,0 à 4 ans,False,15,Laurentides,P23L02C01,137
effectifs_population_historique,2018-2019,nouveau,TSA,12 à 17 ans,False,15,Laurentides,P23L02C03,177
effectifs_population_historique,2018-2019,nouveau,TSA,18 à 21 ans,False,15,Laurentides,P23L02C04,83
effectifs_population_historique,2018-2019,nouveau,TSA,22 à 44 ans,False,15,Laurentides,P23L02C05,177
effectifs_population_historique,2018-2019,nouveau,TSA,45 à 64 ans,False,15,Laurentides,P23L02C06,16
effectifs_population_historique,2018-2019,nouveau,TSA,5 à 11 ans,False,15,Laurentides,P23L02C02,339
effectifs_population_historique,2018-2019,nouveau,TSA,65 à 74 ans,False,15,Laurentides,P23L02C07,3
effectifs_population_historique,2018-2019,nouveau,TSA,75 ans et plus,False,15,Laurentides,P23L02C08,0
effectifs_population_historique,2018-2019,nouveau,TSA,Total,True,15,Laurentides,P23L02C09,932
effectifs_population_historique,2018-2019,nouveau,TSA,0 à 4 ans,False,16,Montérégie,P23L02C01,1002
effectifs_population_historique,2018-2019,nouveau,TSA,12 à 17 ans,False,16,Montérégie,P23L02C03,774
effectifs_population_historique,2018-2019,nouveau,TSA,18 à 21 ans,False,16,Montérégie,P23L02C04,253
effectifs_population_historique,2018-2019,nouveau,TSA,22 à 44 ans,False,16,Montérégie,P23L02C05,406
effectifs_population_historique,2018-2019,nouveau,TSA,45 à 64 ans,False,16,Montérégie,P23L02C06,81
effectifs_population_historique,2018-2019,nouveau,TSA,5 à 11 ans,False,16,Montérégie,P23L02C02,2122
effectifs_population_historique,2018-2019,nouveau,TSA,65 à 74 ans,False,16,Montérégie,P23L02C07,4
effectifs_population_historique,2018-2019,nouveau,TSA,Total,True,16,Montérégie,P23L02C09,4642
effectifs_population_historique,2019-2020,nouveau,TSA,0 à 4 ans,False,1,Bas-Saint-Laurent,P23L02C01,36
effectifs_population_historique,2019-2020,nouveau,TSA,12 à 17 ans,False,1,Bas-Saint-Laurent,P23L02C03,163
effectifs_population_historique,2019-2020,nouveau,TSA,18 à 21 ans,False,1,Bas-Saint-Laurent,P23L02C04,47
effectifs_population_historique,2019-2020,nouveau,TSA,22 à 44 ans,False,1,Bas-Saint-Laurent,P23L02C05,78
effectifs_population_historique,2019-2020,nouveau,TSA,45 à 64 ans,False,1,Bas-Saint-Laurent,P23L02C06,19
effectifs_population_historique,2019-2020,nouveau,TSA,5 à 11 ans,False,1,Bas-Saint-Laurent,P23L02C02,174
effectifs_population_historique,2019-2020,nouveau,TSA,65 à 74 ans,False,1,Bas-Saint-Laurent,P23L02C07,3
effectifs_population_historique,2019-2020,nouveau,TSA,75 ans et plus,False,1,Bas-Saint-Laurent,P23L02C08,0
effectifs_population_historique,2019-2020,nouveau,TSA,Total,True,1,Bas-Saint-Laurent,P23L02C09,520
effectifs_population_historique,2019-2020,nouveau,TSA,0 à 4 ans,False,2,Saguenay–Lac-Saint-Jean,P23L02C01,59
effectifs_population_historique,2019-2020,nouveau,TSA,12 à 17 ans,False,2,Saguenay–Lac-Saint-Jean,P23L02C03,74
effectifs_population_historique,2019-2020,nouveau,TSA,18 à 21 ans,False,2,Saguenay–Lac-Saint-Jean,P23L02C04,51
effectifs_population_historique,2019-2020,nouveau,TSA,22 à 44 ans,False,2,Saguenay–Lac-Saint-Jean,P23L02C05,108
effectifs_population_historique,2019-2020,nouveau,TSA,45 à 64 ans,False,2,Saguenay–Lac-Saint-Jean,P23L02C06,13
effectifs_population_historique,2019-2020,nouveau,TSA,5 à 11 ans,False,2,Saguenay–Lac-Saint-Jean,P23L02C02,134
effectifs_population_historique,2019-2020,nouveau,TSA,65 à 74 ans,False,2,Saguenay–Lac-Saint-Jean,P23L02C07,0
effectifs_population_historique,2019-2020,nouveau,TSA,75 ans et plus,False,2,Saguenay–Lac-Saint-Jean,P23L02C08,0
effectifs_population_historique,2019-2020,nouveau,TSA,Total,True,2,Saguenay–Lac-Saint-Jean,P23L02C09,439
effectifs_population_historique,2019-2020,nouveau,TSA,0 à 4 ans,False,3,Capitale-Nationale,P23L02C01,163
effectifs_population_historique,2019-2020,nouveau,TSA,12 à 17 ans,False,3,Capitale-Nationale,P23L02C03,318
effectifs_population_historique,2019-2020,nouveau,TSA,18 à 21 ans,False,3,Capitale-Nationale,P23L02C04,160
effectifs_population_historique,2019-2020,nouveau,TSA,22 à 44 ans,False,3,Capitale-Nationale,P23L02C05,300
effectifs_population_historique,2019-2020,nouveau,TSA,45 à 64 ans,False,3,Capitale-Nationale,P23L02C06,79
effectifs_population_historique,2019-2020,nouveau,TSA,5 à 11 ans,False,3,Capitale-Nationale,P23L02C02,479
effectifs_population_historique,2019-2020,nouveau,TSA,65 à 74 ans,False,3,Capitale-Nationale,P23L02C07,7
effectifs_population_historique,2019-2020,nouveau,TSA,75 ans et plus,False,3,Capitale-Nationale,P23L02C08,1
effectifs_population_historique,2019-2020,nouveau,TSA,Total,True,3,Capitale-Nationale,P23L02C09,1507
effectifs_population_historique,2019-2020,nouveau,TSA,0 à 4 ans,False,4,Mauricie et Centre-du-Québec,P23L02C01,155
effectifs_population_historique,2019-2020,nouveau,TSA,12 à 17 ans,False,4,Mauricie et Centre-du-Québec,P23L02C03,205
effectifs_population_historique,2019-2020,nouveau,TSA,18 à 21 ans,False,4,Mauricie et Centre-du-Québec,P23L02C04,78
effectifs_population_historique,2019-2020,nouveau,TSA,22 à 44 ans,False,4,Mauricie et Centre-du-Québec,P23L02C05,210
effectifs_population_historique,2019-2020,nouveau,TSA,45 à 64 ans,False,4,Mauricie et Centre-du-Québec,P23L02C06,30
effectifs_population_historique,2019-2020,nouveau,TSA,5 à 11 ans,False,4,Mauricie et Centre-du-Québec,P23L02C02,398
effectifs_population_historique,2019-2020,nouveau,TSA,65 à 74 ans,False,4,Mauricie et Centre-du-Québec,P23L02C07,4
effectifs_population_historique,2019-2020,nouveau,TSA,Total,True,4,Mauricie et Centre-du-Québec,P23L02C09,1080
effectifs_population_historique,2019-2020,nouveau,TSA,0 à 4 ans,False,5,Estrie,P23L02C01,56
effectifs_population_historique,2019-2020,nouveau,TSA,12 à 17 ans,False,5,Estrie,P23L02C03,45
effectifs_population_historique,2019-2020,nouveau,TSA,18 à 21 ans,False,5,Estrie,P23L02C04,23
effectifs_population_historique,2019-2020,nouveau,TSA,22 à 44 ans,False,5,Estrie,P23L02C05,90
effectifs_population_historique,2019-2020,nouveau,TSA,45 à 64 ans,False,5,Estrie,P23L02C06,17
effectifs_population_historique,2019-2020,nouveau,TSA,5 à 11 ans,False,5,Estrie,P23L02C02,123
effectifs_population_historique,2019-2020,nouveau,TSA,65 à 74 ans,False,5,Estrie,P23L02C07,0
effectifs_population_historique,2019-2020,nouveau,TSA,75 ans et plus,False,5,Estrie,P23L02C08,0
effectifs_population_historique,2019-2020,nouveau,TSA,Total,True,5,Estrie,P23L02C09,354
effectifs_population_historique,2019-2020,nouveau,TSA,0 à 4 ans,False,6,Montréal,P23L02C01,821
effectifs_population_historique,2019-2020,nouveau,TSA,12 à 17 ans,False,6,Montréal,P23L02C03,558
effectifs_population_historique,2019-2020,nouveau,TSA,18 à 21 ans,False,6,Montréal,P23L02C04,320
effectifs_population_historique,2019-2020,nouveau,TSA,22 à 44 ans,False,6,Montréal,P23L02C05,727
effectifs_population_historique,2019-2020,nouveau,TSA,45 à 64 ans,False,6,Montréal,P23L02C06,228
effectifs_population_historique,2019-2020,nouveau,TSA,5 à 11 ans,False,6,Montréal,P23L02C02,1304
effectifs_population_historique,2019-2020,nouveau,TSA,65 à 74 ans,False,6,Montréal,P23L02C07,26
effectifs_population_historique,2019-2020,nouveau,TSA,75 ans et plus,False,6,Montréal,P23L02C08,1
effectifs_population_historique,2019-2020,nouveau,TSA,Total,True,6,Montréal,P23L02C09,3985
effectifs_population_historique,2019-2020,nouveau,TSA,0 à 4 ans,False,7,Outaouais,P23L02C01,159
effectifs_population_historique,2019-2020,nouveau,TSA,12 à 17 ans,False,7,Outaouais,P23L02C03,80
effectifs_population_historique,2019-2020,nouveau,TSA,18 à 21 ans,False,7,Outaouais,P23L02C04,32
effectifs_population_historique,2019-2020,nouveau,TSA,22 à 44 ans,False,7,Outaouais,P23L02C05,71
effectifs_population_historique,2019-2020,nouveau,TSA,45 à 64 ans,False,7,Outaouais,P23L02C06,10
effectifs_population_historique,2019-2020,nouveau,TSA,5 à 11 ans,False,7,Outaouais,P23L02C02,322
effectifs_population_historique,2019-2020,nouveau,TSA,Total,True,7,Outaouais,P23L02C09,674
effectifs_population_historique,2019-2020,nouveau,TSA,0 à 4 ans,False,8,Abitibi-Témiscamingue,P23L02C01,57
effectifs_population_historique,2019-2020,nouveau,TSA,12 à 17 ans,False,8,Abitibi-Témiscamingue,P23L02C03,69
effectifs_population_historique,2019-2020,nouveau,TSA,18 à 21 ans,False,8,Abitibi-Témiscamingue,P23L02C04,17
effectifs_population_historique,2019-2020,nouveau,TSA,22 à 44 ans,False,8,Abitibi-Témiscamingue,P23L02C05,34
effectifs_population_historique,2019-2020,nouveau,TSA,45 à 64 ans,False,8,Abitibi-Témiscamingue,P23L02C06,10
effectifs_population_historique,2019-2020,nouveau,TSA,5 à 11 ans,False,8,Abitibi-Témiscamingue,P23L02C02,148
effectifs_population_historique,2019-2020,nouveau,TSA,65 à 74 ans,False,8,Abitibi-Témiscamingue,P23L02C07,1
effectifs_population_historique,2019-2020,nouveau,TSA,75 ans et plus,False,8,Abitibi-Témiscamingue,P23L02C08,0
effectifs_population_historique,2019-2020,nouveau,TSA,Total,True,8,Abitibi-Témiscamingue,P23L02C09,336
effectifs_population_historique,2019-2020,nouveau,TSA,0 à 4 ans,False,9,Côte-Nord,P23L02C01,27
effectifs_population_historique,2019-2020,nouveau,TSA,12 à 17 ans,False,9,Côte-Nord,P23L02C03,54
effectifs_population_historique,2019-2020,nouveau,TSA,18 à 21 ans,False,9,Côte-Nord,P23L02C04,19
effectifs_population_historique,2019-2020,nouveau,TSA,22 à 44 ans,False,9,Côte-Nord,P23L02C05,23
effectifs_population_historique,2019-2020,nouveau,TSA,45 à 64 ans,False,9,Côte-Nord,P23L02C06,2
effectifs_population_historique,2019-2020,nouveau,TSA,5 à 11 ans,False,9,Côte-Nord,P23L02C02,101
effectifs_population_historique,2019-2020,nouveau,TSA,65 à 74 ans,False,9,Côte-Nord,P23L02C07,1
effectifs_population_historique,2019-2020,nouveau,TSA,75 ans et plus,False,9,Côte-Nord,P23L02C08,0
effectifs_population_historique,2019-2020,nouveau,TSA,Total,True,9,Côte-Nord,P23L02C09,227
effectifs_population_historique,2019-2020,nouveau,TSA,0 à 4 ans,False,11,Gaspésie–Îles-de-la-Madeleine,P23L02C01,31
effectifs_population_historique,2019-2020,nouveau,TSA,12 à 17 ans,False,11,Gaspésie–Îles-de-la-Madeleine,P23L02C03,55
effectifs_population_historique,2019-2020,nouveau,TSA,18 à 21 ans,False,11,Gaspésie–Îles-de-la-Madeleine,P23L02C04,26
effectifs_population_historique,2019-2020,nouveau,TSA,22 à 44 ans,False,11,Gaspésie–Îles-de-la-Madeleine,P23L02C05,31
effectifs_population_historique,2019-2020,nouveau,TSA,45 à 64 ans,False,11,Gaspésie–Îles-de-la-Madeleine,P23L02C06,10
effectifs_population_historique,2019-2020,nouveau,TSA,5 à 11 ans,False,11,Gaspésie–Îles-de-la-Madeleine,P23L02C02,86
effectifs_population_historique,2019-2020,nouveau,TSA,65 à 74 ans,False,11,Gaspésie–Îles-de-la-Madeleine,P23L02C07,1
effectifs_population_historique,2019-2020,nouveau,TSA,75 ans et plus,False,11,Gaspésie–Îles-de-la-Madeleine,P23L02C08,0
effectifs_population_historique,2019-2020,nouveau,TSA,Total,True,11,Gaspésie–Îles-de-la-Madeleine,P23L02C09,240
effectifs_population_historique,2019-2020,nouveau,TSA,0 à 4 ans,False,12,Chaudière-Appalaches,P23L02C01,110
effectifs_population_historique,2019-2020,nouveau,TSA,12 à 17 ans,False,12,Chaudière-Appalaches,P23L02C03,144
effectifs_population_historique,2019-2020,nouveau,TSA,18 à 21 ans,False,12,Chaudière-Appalaches,P23L02C04,87
effectifs_population_historique,2019-2020,nouveau,TSA,22 à 44 ans,False,12,Chaudière-Appalaches,P23L02C05,133
effectifs_population_historique,2019-2020,nouveau,TSA,45 à 64 ans,False,12,Chaudière-Appalaches,P23L02C06,18
effectifs_population_historique,2019-2020,nouveau,TSA,5 à 11 ans,False,12,Chaudière-Appalaches,P23L02C02,302
effectifs_population_historique,2019-2020,nouveau,TSA,65 à 74 ans,False,12,Chaudière-Appalaches,P23L02C07,0
effectifs_population_historique,2019-2020,nouveau,TSA,75 ans et plus,False,12,Chaudière-Appalaches,P23L02C08,0
effectifs_population_historique,2019-2020,nouveau,TSA,Total,True,12,Chaudière-Appalaches,P23L02C09,794
effectifs_population_historique,2019-2020,nouveau,TSA,0 à 4 ans,False,13,Laval,P23L02C01,168
effectifs_population_historique,2019-2020,nouveau,TSA,12 à 17 ans,False,13,Laval,P23L02C03,88
effectifs_population_historique,2019-2020,nouveau,TSA,18 à 21 ans,False,13,Laval,P23L02C04,81
effectifs_population_historique,2019-2020,nouveau,TSA,22 à 44 ans,False,13,Laval,P23L02C05,138
effectifs_population_historique,2019-2020,nouveau,TSA,45 à 64 ans,False,13,Laval,P23L02C06,14
effectifs_population_historique,2019-2020,nouveau,TSA,5 à 11 ans,False,13,Laval,P23L02C02,254
effectifs_population_historique,2019-2020,nouveau,TSA,65 à 74 ans,False,13,Laval,P23L02C07,1
effectifs_population_historique,2019-2020,nouveau,TSA,75 ans et plus,False,13,Laval,P23L02C08,1
effectifs_population_historique,2019-2020,nouveau,TSA,Total,True,13,Laval,P23L02C09,745
effectifs_population_historique,2019-2020,nouveau,TSA,0 à 4 ans,False,14,Lanaudière,P23L02C01,348
effectifs_population_historique,2019-2020,nouveau,TSA,12 à 17 ans,False,14,Lanaudière,P23L02C03,241
effectifs_population_historique,2019-2020,nouveau,TSA,18 à 21 ans,False,14,Lanaudière,P23L02C04,102
effectifs_population_historique,2019-2020,nouveau,TSA,22 à 44 ans,False,14,Lanaudière,P23L02C05,96
effectifs_population_historique,2019-2020,nouveau,TSA,45 à 64 ans,False,14,Lanaudière,P23L02C06,5
effectifs_population_historique,2019-2020,nouveau,TSA,5 à 11 ans,False,14,Lanaudière,P23L02C02,693
effectifs_population_historique,2019-2020,nouveau,TSA,65 à 74 ans,False,14,Lanaudière,P23L02C07,0
effectifs_population_historique,2019-2020,nouveau,TSA,75 ans et plus,False,14,Lanaudière,P23L02C08,0
effectifs_population_historique,2019-2020,nouveau,TSA,Total,True,14,Lanaudière,P23L02C09,1485
effectifs_population_historique,2019-2020,nouveau,TSA,0 à 4 ans,False,15,Laurentides,P23L02C01,160
effectifs_population_historique,2019-2020,nouveau,TSA,12 à 17 ans,False,15,Laurentides,P23L02C03,187
effectifs_population_historique,2019-2020,nouveau,TSA,18 à 21 ans,False,15,Laurentides,P23L02C04,78
effectifs_population_historique,2019-2020,nouveau,TSA,22 à 44 ans,False,15,Laurentides,P23L02C05,194
effectifs_population_historique,2019-2020,nouveau,TSA,45 à 64 ans,False,15,Laurentides,P23L02C06,19
effectifs_population_historique,2019-2020,nouveau,TSA,5 à 11 ans,False,15,Laurentides,P23L02C02,395
effectifs_population_historique,2019-2020,nouveau,TSA,65 à 74 ans,False,15,Laurentides,P23L02C07,2
effectifs_population_historique,2019-2020,nouveau,TSA,75 ans et plus,False,15,Laurentides,P23L02C08,0
effectifs_population_historique,2019-2020,nouveau,TSA,Total,True,15,Laurentides,P23L02C09,1035
effectifs_population_historique,2019-2020,nouveau,TSA,0 à 4 ans,False,16,Montérégie,P23L02C01,1114
effectifs_population_historique,2019-2020,nouveau,TSA,12 à 17 ans,False,16,Montérégie,P23L02C03,891
effectifs_population_historique,2019-2020,nouveau,TSA,18 à 21 ans,False,16,Montérégie,P23L02C04,262
effectifs_population_historique,2019-2020,nouveau,TSA,22 à 44 ans,False,16,Montérégie,P23L02C05,435
effectifs_population_historique,2019-2020,nouveau,TSA,45 à 64 ans,False,16,Montérégie,P23L02C06,89
effectifs_population_historique,2019-2020,nouveau,TSA,5 à 11 ans,False,16,Montérégie,P23L02C02,2308
effectifs_population_historique,2019-2020,nouveau,TSA,65 à 74 ans,False,16,Montérégie,P23L02C07,8
effectifs_population_historique,2019-2020,nouveau,TSA,Total,True,16,Montérégie,P23L02C09,5107
effectifs_population_historique,2020-2021,nouveau,TSA,0 à 4 ans,False,1,Bas-Saint-Laurent,P23L02C01,35
effectifs_population_historique,2020-2021,nouveau,TSA,12 à 17 ans,False,1,Bas-Saint-Laurent,P23L02C03,188
effectifs_population_historique,2020-2021,nouveau,TSA,18 à 21 ans,False,1,Bas-Saint-Laurent,P23L02C04,43
effectifs_population_historique,2020-2021,nouveau,TSA,22 à 44 ans,False,1,Bas-Saint-Laurent,P23L02C05,90
effectifs_population_historique,2020-2021,nouveau,TSA,45 à 64 ans,False,1,Bas-Saint-Laurent,P23L02C06,19
effectifs_population_historique,2020-2021,nouveau,TSA,5 à 11 ans,False,1,Bas-Saint-Laurent,P23L02C02,171
effectifs_population_historique,2020-2021,nouveau,TSA,65 à 74 ans,False,1,Bas-Saint-Laurent,P23L02C07,3
effectifs_population_historique,2020-2021,nouveau,TSA,75 ans et plus,False,1,Bas-Saint-Laurent,P23L02C08,0
effectifs_population_historique,2020-2021,nouveau,TSA,Total,True,1,Bas-Saint-Laurent,P23L02C09,549
effectifs_population_historique,2020-2021,nouveau,TSA,0 à 4 ans,False,2,Saguenay–Lac-Saint-Jean,P23L02C01,67
effectifs_population_historique,2020-2021,nouveau,TSA,12 à 17 ans,False,2,Saguenay–Lac-Saint-Jean,P23L02C03,70
effectifs_population_historique,2020-2021,nouveau,TSA,18 à 21 ans,False,2,Saguenay–Lac-Saint-Jean,P23L02C04,41
effectifs_population_historique,2020-2021,nouveau,TSA,22 à 44 ans,False,2,Saguenay–Lac-Saint-Jean,P23L02C05,111
effectifs_population_historique,2020-2021,nouveau,TSA,45 à 64 ans,False,2,Saguenay–Lac-Saint-Jean,P23L02C06,12
effectifs_population_historique,2020-2021,nouveau,TSA,5 à 11 ans,False,2,Saguenay–Lac-Saint-Jean,P23L02C02,135
effectifs_population_historique,2020-2021,nouveau,TSA,65 à 74 ans,False,2,Saguenay–Lac-Saint-Jean,P23L02C07,0
effectifs_population_historique,2020-2021,nouveau,TSA,75 ans et plus,False,2,Saguenay–Lac-Saint-Jean,P23L02C08,0
effectifs_population_historique,2020-2021,nouveau,TSA,Total,True,2,Saguenay–Lac-Saint-Jean,P23L02C09,436
effectifs_population_historique,2020-2021,nouveau,TSA,0 à 4 ans,False,3,Capitale-Nationale,P23L02C01,187
effectifs_population_historique,2020-2021,nouveau,TSA,12 à 17 ans,False,3,Capitale-Nationale,P23L02C03,40
effectifs_population_historique,2020-2021,nouveau,TSA,18 à 21 ans,False,3,Capitale-Nationale,P23L02C04,32
effectifs_population_historique,2020-2021,nouveau,TSA,22 à 44 ans,False,3,Capitale-Nationale,P23L02C05,156
effectifs_population_historique,2020-2021,nouveau,TSA,45 à 64 ans,False,3,Capitale-Nationale,P23L02C06,56
effectifs_population_historique,2020-2021,nouveau,TSA,5 à 11 ans,False,3,Capitale-Nationale,P23L02C02,183
effectifs_population_historique,2020-2021,nouveau,TSA,65 à 74 ans,False,3,Capitale-Nationale,P23L02C07,3
effectifs_population_historique,2020-2021,nouveau,TSA,75 ans et plus,False,3,Capitale-Nationale,P23L02C08,0
effectifs_population_historique,2020-2021,nouveau,TSA,Total,True,3,Capitale-Nationale,P23L02C09,657
effectifs_population_historique,2020-2021,nouveau,TSA,0 à 4 ans,False,4,Mauricie et Centre-du-Québec,P23L02C01,141
effectifs_population_historique,2020-2021,nouveau,TSA,12 à 17 ans,False,4,Mauricie et Centre-du-Québec,P23L02C03,224
effectifs_population_historique,2020-2021,nouveau,TSA,18 à 21 ans,False,4,Mauricie et Centre-du-Québec,P23L02C04,92
effectifs_population_historique,2020-2021,nouveau,TSA,22 à 44 ans,False,4,Mauricie et Centre-du-Québec,P23L02C05,240
effectifs_population_historique,2020-2021,nouveau,TSA,45 à 64 ans,False,4,Mauricie et Centre-du-Québec,P23L02C06,24
effectifs_population_historique,2020-2021,nouveau,TSA,5 à 11 ans,False,4,Mauricie et Centre-du-Québec,P23L02C02,413
effectifs_population_historique,2020-2021,nouveau,TSA,65 à 74 ans,False,4,Mauricie et Centre-du-Québec,P23L02C07,3
effectifs_population_historique,2020-2021,nouveau,TSA,Total,True,4,Mauricie et Centre-du-Québec,P23L02C09,1137
effectifs_population_historique,2020-2021,nouveau,TSA,0 à 4 ans,False,5,Estrie,P23L02C01,42
effectifs_population_historique,2020-2021,nouveau,TSA,12 à 17 ans,False,5,Estrie,P23L02C03,42
effectifs_population_historique,2020-2021,nouveau,TSA,18 à 21 ans,False,5,Estrie,P23L02C04,18
effectifs_population_historique,2020-2021,nouveau,TSA,22 à 44 ans,False,5,Estrie,P23L02C05,74
effectifs_population_historique,2020-2021,nouveau,TSA,45 à 64 ans,False,5,Estrie,P23L02C06,12
effectifs_population_historique,2020-2021,nouveau,TSA,5 à 11 ans,False,5,Estrie,P23L02C02,138
effectifs_population_historique,2020-2021,nouveau,TSA,Total,True,5,Estrie,P23L02C09,326
effectifs_population_historique,2020-2021,nouveau,TSA,0 à 4 ans,False,6,Montréal,P23L02C01,719
effectifs_population_historique,2020-2021,nouveau,TSA,12 à 17 ans,False,6,Montréal,P23L02C03,579
effectifs_population_historique,2020-2021,nouveau,TSA,18 à 21 ans,False,6,Montréal,P23L02C04,345
effectifs_population_historique,2020-2021,nouveau,TSA,22 à 44 ans,False,6,Montréal,P23L02C05,833
effectifs_population_historique,2020-2021,nouveau,TSA,45 à 64 ans,False,6,Montréal,P23L02C06,243
effectifs_population_historique,2020-2021,nouveau,TSA,5 à 11 ans,False,6,Montréal,P23L02C02,1299
effectifs_population_historique,2020-2021,nouveau,TSA,65 à 74 ans,False,6,Montréal,P23L02C07,29
effectifs_population_historique,2020-2021,nouveau,TSA,75 ans et plus,False,6,Montréal,P23L02C08,1
effectifs_population_historique,2020-2021,nouveau,TSA,Total,True,6,Montréal,P23L02C09,4048
effectifs_population_historique,2020-2021,nouveau,TSA,0 à 4 ans,False,7,Outaouais,P23L02C01,194
effectifs_population_historique,2020-2021,nouveau,TSA,12 à 17 ans,False,7,Outaouais,P23L02C03,104
effectifs_population_historique,2020-2021,nouveau,TSA,18 à 21 ans,False,7,Outaouais,P23L02C04,40
effectifs_population_historique,2020-2021,nouveau,TSA,22 à 44 ans,False,7,Outaouais,P23L02C05,90
effectifs_population_historique,2020-2021,nouveau,TSA,45 à 64 ans,False,7,Outaouais,P23L02C06,9
effectifs_population_historique,2020-2021,nouveau,TSA,5 à 11 ans,False,7,Outaouais,P23L02C02,357
effectifs_population_historique,2020-2021,nouveau,TSA,Total,True,7,Outaouais,P23L02C09,794
effectifs_population_historique,2020-2021,nouveau,TSA,0 à 4 ans,False,8,Abitibi-Témiscamingue,P23L02C01,76
effectifs_population_historique,2020-2021,nouveau,TSA,12 à 17 ans,False,8,Abitibi-Témiscamingue,P23L02C03,87
effectifs_population_historique,2020-2021,nouveau,TSA,18 à 21 ans,False,8,Abitibi-Témiscamingue,P23L02C04,20
effectifs_population_historique,2020-2021,nouveau,TSA,22 à 44 ans,False,8,Abitibi-Témiscamingue,P23L02C05,39
effectifs_population_historique,2020-2021,nouveau,TSA,45 à 64 ans,False,8,Abitibi-Témiscamingue,P23L02C06,10
effectifs_population_historique,2020-2021,nouveau,TSA,5 à 11 ans,False,8,Abitibi-Témiscamingue,P23L02C02,176
effectifs_population_historique,2020-2021,nouveau,TSA,65 à 74 ans,False,8,Abitibi-Témiscamingue,P23L02C07,0
effectifs_population_historique,2020-2021,nouveau,TSA,75 ans et plus,False,8,Abitibi-Témiscamingue,P23L02C08,0
effectifs_population_historique,2020-2021,nouveau,TSA,Total,True,8,Abitibi-Témiscamingue,P23L02C09,408
effectifs_population_historique,2020-2021,nouveau,TSA,0 à 4 ans,False,9,Côte-Nord,P23L02C01,22
effectifs_population_historique,2020-2021,nouveau,TSA,12 à 17 ans,False,9,Côte-Nord,P23L02C03,59
effectifs_population_historique,2020-2021,nouveau,TSA,18 à 21 ans,False,9,Côte-Nord,P23L02C04,15
effectifs_population_historique,2020-2021,nouveau,TSA,22 à 44 ans,False,9,Côte-Nord,P23L02C05,24
effectifs_population_historique,2020-2021,nouveau,TSA,45 à 64 ans,False,9,Côte-Nord,P23L02C06,2
effectifs_population_historique,2020-2021,nouveau,TSA,5 à 11 ans,False,9,Côte-Nord,P23L02C02,117
effectifs_population_historique,2020-2021,nouveau,TSA,65 à 74 ans,False,9,Côte-Nord,P23L02C07,0
effectifs_population_historique,2020-2021,nouveau,TSA,75 ans et plus,False,9,Côte-Nord,P23L02C08,0
effectifs_population_historique,2020-2021,nouveau,TSA,Total,True,9,Côte-Nord,P23L02C09,239
effectifs_population_historique,2020-2021,nouveau,TSA,0 à 4 ans,False,11,Gaspésie–Îles-de-la-Madeleine,P23L02C01,39
effectifs_population_historique,2020-2021,nouveau,TSA,12 à 17 ans,False,11,Gaspésie–Îles-de-la-Madeleine,P23L02C03,62
effectifs_population_historique,2020-2021,nouveau,TSA,18 à 21 ans,False,11,Gaspésie–Îles-de-la-Madeleine,P23L02C04,30
effectifs_population_historique,2020-2021,nouveau,TSA,22 à 44 ans,False,11,Gaspésie–Îles-de-la-Madeleine,P23L02C05,26
effectifs_population_historique,2020-2021,nouveau,TSA,45 à 64 ans,False,11,Gaspésie–Îles-de-la-Madeleine,P23L02C06,12
effectifs_population_historique,2020-2021,nouveau,TSA,5 à 11 ans,False,11,Gaspésie–Îles-de-la-Madeleine,P23L02C02,100
effectifs_population_historique,2020-2021,nouveau,TSA,Total,True,11,Gaspésie–Îles-de-la-Madeleine,P23L02C09,269
effectifs_population_historique,2020-2021,nouveau,TSA,0 à 4 ans,False,12,Chaudière-Appalaches,P23L02C01,120
effectifs_population_historique,2020-2021,nouveau,TSA,12 à 17 ans,False,12,Chaudière-Appalaches,P23L02C03,163
effectifs_population_historique,2020-2021,nouveau,TSA,18 à 21 ans,False,12,Chaudière-Appalaches,P23L02C04,86
effectifs_population_historique,2020-2021,nouveau,TSA,22 à 44 ans,False,12,Chaudière-Appalaches,P23L02C05,148
effectifs_population_historique,2020-2021,nouveau,TSA,45 à 64 ans,False,12,Chaudière-Appalaches,P23L02C06,19
effectifs_population_historique,2020-2021,nouveau,TSA,5 à 11 ans,False,12,Chaudière-Appalaches,P23L02C02,331
effectifs_population_historique,2020-2021,nouveau,TSA,65 à 74 ans,False,12,Chaudière-Appalaches,P23L02C07,0
effectifs_population_historique,2020-2021,nouveau,TSA,75 ans et plus,False,12,Chaudière-Appalaches,P23L02C08,0
effectifs_population_historique,2020-2021,nouveau,TSA,Total,True,12,Chaudière-Appalaches,P23L02C09,867
effectifs_population_historique,2020-2021,nouveau,TSA,0 à 4 ans,False,13,Laval,P23L02C01,160
effectifs_population_historique,2020-2021,nouveau,TSA,12 à 17 ans,False,13,Laval,P23L02C03,86
effectifs_population_historique,2020-2021,nouveau,TSA,18 à 21 ans,False,13,Laval,P23L02C04,57
effectifs_population_historique,2020-2021,nouveau,TSA,22 à 44 ans,False,13,Laval,P23L02C05,143
effectifs_population_historique,2020-2021,nouveau,TSA,45 à 64 ans,False,13,Laval,P23L02C06,10
effectifs_population_historique,2020-2021,nouveau,TSA,5 à 11 ans,False,13,Laval,P23L02C02,226
effectifs_population_historique,2020-2021,nouveau,TSA,65 à 74 ans,False,13,Laval,P23L02C07,1
effectifs_population_historique,2020-2021,nouveau,TSA,75 ans et plus,False,13,Laval,P23L02C08,1
effectifs_population_historique,2020-2021,nouveau,TSA,Total,True,13,Laval,P23L02C09,684
effectifs_population_historique,2020-2021,nouveau,TSA,0 à 4 ans,False,14,Lanaudière,P23L02C01,379
effectifs_population_historique,2020-2021,nouveau,TSA,12 à 17 ans,False,14,Lanaudière,P23L02C03,263
effectifs_population_historique,2020-2021,nouveau,TSA,18 à 21 ans,False,14,Lanaudière,P23L02C04,103
effectifs_population_historique,2020-2021,nouveau,TSA,22 à 44 ans,False,14,Lanaudière,P23L02C05,97
effectifs_population_historique,2020-2021,nouveau,TSA,45 à 64 ans,False,14,Lanaudière,P23L02C06,10
effectifs_population_historique,2020-2021,nouveau,TSA,5 à 11 ans,False,14,Lanaudière,P23L02C02,756
effectifs_population_historique,2020-2021,nouveau,TSA,65 à 74 ans,False,14,Lanaudière,P23L02C07,2
effectifs_population_historique,2020-2021,nouveau,TSA,75 ans et plus,False,14,Lanaudière,P23L02C08,1
effectifs_population_historique,2020-2021,nouveau,TSA,Total,True,14,Lanaudière,P23L02C09,1611
effectifs_population_historique,2020-2021,nouveau,TSA,0 à 4 ans,False,15,Laurentides,P23L02C01,151
effectifs_population_historique,2020-2021,nouveau,TSA,12 à 17 ans,False,15,Laurentides,P23L02C03,170
effectifs_population_historique,2020-2021,nouveau,TSA,18 à 21 ans,False,15,Laurentides,P23L02C04,92
effectifs_population_historique,2020-2021,nouveau,TSA,22 à 44 ans,False,15,Laurentides,P23L02C05,190
effectifs_population_historique,2020-2021,nouveau,TSA,45 à 64 ans,False,15,Laurentides,P23L02C06,23
effectifs_population_historique,2020-2021,nouveau,TSA,5 à 11 ans,False,15,Laurentides,P23L02C02,378
effectifs_population_historique,2020-2021,nouveau,TSA,65 à 74 ans,False,15,Laurentides,P23L02C07,1
effectifs_population_historique,2020-2021,nouveau,TSA,75 ans et plus,False,15,Laurentides,P23L02C08,0
effectifs_population_historique,2020-2021,nouveau,TSA,Total,True,15,Laurentides,P23L02C09,1005
effectifs_population_historique,2020-2021,nouveau,TSA,0 à 4 ans,False,16,Montérégie,P23L02C01,955
effectifs_population_historique,2020-2021,nouveau,TSA,12 à 17 ans,False,16,Montérégie,P23L02C03,842
effectifs_population_historique,2020-2021,nouveau,TSA,18 à 21 ans,False,16,Montérégie,P23L02C04,259
effectifs_population_historique,2020-2021,nouveau,TSA,22 à 44 ans,False,16,Montérégie,P23L02C05,438
effectifs_population_historique,2020-2021,nouveau,TSA,45 à 64 ans,False,16,Montérégie,P23L02C06,85
effectifs_population_historique,2020-2021,nouveau,TSA,5 à 11 ans,False,16,Montérégie,P23L02C02,2078
effectifs_population_historique,2020-2021,nouveau,TSA,65 à 74 ans,False,16,Montérégie,P23L02C07,9
effectifs_population_historique,2020-2021,nouveau,TSA,Total,True,16,Montérégie,P23L02C09,4666
effectifs_population_historique,2021-2022,nouveau,TSA,0 à 4 ans,False,1,Bas-Saint-Laurent,P23L02C01,27
effectifs_population_historique,2021-2022,nouveau,TSA,12 à 17 ans,False,1,Bas-Saint-Laurent,P23L02C03,239
effectifs_population_historique,2021-2022,nouveau,TSA,18 à 21 ans,False,1,Bas-Saint-Laurent,P23L02C04,63
effectifs_population_historique,2021-2022,nouveau,TSA,22 à 44 ans,False,1,Bas-Saint-Laurent,P23L02C05,97
effectifs_population_historique,2021-2022,nouveau,TSA,45 à 64 ans,False,1,Bas-Saint-Laurent,P23L02C06,23
effectifs_population_historique,2021-2022,nouveau,TSA,5 à 11 ans,False,1,Bas-Saint-Laurent,P23L02C02,171
effectifs_population_historique,2021-2022,nouveau,TSA,65 à 74 ans,False,1,Bas-Saint-Laurent,P23L02C07,3
effectifs_population_historique,2021-2022,nouveau,TSA,Total,True,1,Bas-Saint-Laurent,P23L02C09,623
effectifs_population_historique,2021-2022,nouveau,TSA,0 à 4 ans,False,2,Saguenay–Lac-Saint-Jean,P23L02C01,73
effectifs_population_historique,2021-2022,nouveau,TSA,12 à 17 ans,False,2,Saguenay–Lac-Saint-Jean,P23L02C03,79
effectifs_population_historique,2021-2022,nouveau,TSA,18 à 21 ans,False,2,Saguenay–Lac-Saint-Jean,P23L02C04,35
effectifs_population_historique,2021-2022,nouveau,TSA,22 à 44 ans,False,2,Saguenay–Lac-Saint-Jean,P23L02C05,126
effectifs_population_historique,2021-2022,nouveau,TSA,45 à 64 ans,False,2,Saguenay–Lac-Saint-Jean,P23L02C06,12
effectifs_population_historique,2021-2022,nouveau,TSA,5 à 11 ans,False,2,Saguenay–Lac-Saint-Jean,P23L02C02,166
effectifs_population_historique,2021-2022,nouveau,TSA,65 à 74 ans,False,2,Saguenay–Lac-Saint-Jean,P23L02C07,0
effectifs_population_historique,2021-2022,nouveau,TSA,75 ans et plus,False,2,Saguenay–Lac-Saint-Jean,P23L02C08,0
effectifs_population_historique,2021-2022,nouveau,TSA,Total,True,2,Saguenay–Lac-Saint-Jean,P23L02C09,491
effectifs_population_historique,2021-2022,nouveau,TSA,0 à 4 ans,False,3,Capitale-Nationale,P23L02C01,222
effectifs_population_historique,2021-2022,nouveau,TSA,12 à 17 ans,False,3,Capitale-Nationale,P23L02C03,48
effectifs_population_historique,2021-2022,nouveau,TSA,18 à 21 ans,False,3,Capitale-Nationale,P23L02C04,23
effectifs_population_historique,2021-2022,nouveau,TSA,22 à 44 ans,False,3,Capitale-Nationale,P23L02C05,155
effectifs_population_historique,2021-2022,nouveau,TSA,45 à 64 ans,False,3,Capitale-Nationale,P23L02C06,49
effectifs_population_historique,2021-2022,nouveau,TSA,5 à 11 ans,False,3,Capitale-Nationale,P23L02C02,167
effectifs_population_historique,2021-2022,nouveau,TSA,65 à 74 ans,False,3,Capitale-Nationale,P23L02C07,5
effectifs_population_historique,2021-2022,nouveau,TSA,75 ans et plus,False,3,Capitale-Nationale,P23L02C08,0
effectifs_population_historique,2021-2022,nouveau,TSA,Total,True,3,Capitale-Nationale,P23L02C09,669
effectifs_population_historique,2021-2022,nouveau,TSA,0 à 4 ans,False,4,Mauricie et Centre-du-Québec,P23L02C01,144
effectifs_population_historique,2021-2022,nouveau,TSA,12 à 17 ans,False,4,Mauricie et Centre-du-Québec,P23L02C03,264
effectifs_population_historique,2021-2022,nouveau,TSA,18 à 21 ans,False,4,Mauricie et Centre-du-Québec,P23L02C04,96
effectifs_population_historique,2021-2022,nouveau,TSA,22 à 44 ans,False,4,Mauricie et Centre-du-Québec,P23L02C05,265
effectifs_population_historique,2021-2022,nouveau,TSA,45 à 64 ans,False,4,Mauricie et Centre-du-Québec,P23L02C06,26
effectifs_population_historique,2021-2022,nouveau,TSA,5 à 11 ans,False,4,Mauricie et Centre-du-Québec,P23L02C02,506
effectifs_population_historique,2021-2022,nouveau,TSA,65 à 74 ans,False,4,Mauricie et Centre-du-Québec,P23L02C07,4
effectifs_population_historique,2021-2022,nouveau,TSA,Total,True,4,Mauricie et Centre-du-Québec,P23L02C09,1305
effectifs_population_historique,2021-2022,nouveau,TSA,0 à 4 ans,False,5,Estrie,P23L02C01,37
effectifs_population_historique,2021-2022,nouveau,TSA,12 à 17 ans,False,5,Estrie,P23L02C03,40
effectifs_population_historique,2021-2022,nouveau,TSA,18 à 21 ans,False,5,Estrie,P23L02C04,21
effectifs_population_historique,2021-2022,nouveau,TSA,22 à 44 ans,False,5,Estrie,P23L02C05,75
effectifs_population_historique,2021-2022,nouveau,TSA,45 à 64 ans,False,5,Estrie,P23L02C06,13
effectifs_population_historique,2021-2022,nouveau,TSA,5 à 11 ans,False,5,Estrie,P23L02C02,101
effectifs_population_historique,2021-2022,nouveau,TSA,Total,True,5,Estrie,P23L02C09,287
effectifs_population_historique,2021-2022,nouveau,TSA,0 à 4 ans,False,6,Montréal,P23L02C01,769
effectifs_population_historique,2021-2022,nouveau,TSA,12 à 17 ans,False,6,Montréal,P23L02C03,616
effectifs_population_historique,2021-2022,nouveau,TSA,18 à 21 ans,False,6,Montréal,P23L02C04,326
effectifs_population_historique,2021-2022,nouveau,TSA,22 à 44 ans,False,6,Montréal,P23L02C05,871
effectifs_population_historique,2021-2022,nouveau,TSA,45 à 64 ans,False,6,Montréal,P23L02C06,238
effectifs_population_historique,2021-2022,nouveau,TSA,5 à 11 ans,False,6,Montréal,P23L02C02,1353
effectifs_population_historique,2021-2022,nouveau,TSA,65 à 74 ans,False,6,Montréal,P23L02C07,30
effectifs_population_historique,2021-2022,nouveau,TSA,75 ans et plus,False,6,Montréal,P23L02C08,1
effectifs_population_historique,2021-2022,nouveau,TSA,Total,True,6,Montréal,P23L02C09,4204
effectifs_population_historique,2021-2022,nouveau,TSA,0 à 4 ans,False,7,Outaouais,P23L02C01,231
effectifs_population_historique,2021-2022,nouveau,TSA,12 à 17 ans,False,7,Outaouais,P23L02C03,124
effectifs_population_historique,2021-2022,nouveau,TSA,18 à 21 ans,False,7,Outaouais,P23L02C04,48
effectifs_population_historique,2021-2022,nouveau,TSA,22 à 44 ans,False,7,Outaouais,P23L02C05,83
effectifs_population_historique,2021-2022,nouveau,TSA,45 à 64 ans,False,7,Outaouais,P23L02C06,15
effectifs_population_historique,2021-2022,nouveau,TSA,5 à 11 ans,False,7,Outaouais,P23L02C02,315
effectifs_population_historique,2021-2022,nouveau,TSA,Total,True,7,Outaouais,P23L02C09,816
effectifs_population_historique,2021-2022,nouveau,TSA,0 à 4 ans,False,8,Abitibi-Témiscamingue,P23L02C01,76
effectifs_population_historique,2021-2022,nouveau,TSA,12 à 17 ans,False,8,Abitibi-Témiscamingue,P23L02C03,92
effectifs_population_historique,2021-2022,nouveau,TSA,18 à 21 ans,False,8,Abitibi-Témiscamingue,P23L02C04,18
effectifs_population_historique,2021-2022,nouveau,TSA,22 à 44 ans,False,8,Abitibi-Témiscamingue,P23L02C05,42
effectifs_population_historique,2021-2022,nouveau,TSA,45 à 64 ans,False,8,Abitibi-Témiscamingue,P23L02C06,13
effectifs_population_historique,2021-2022,nouveau,TSA,5 à 11 ans,False,8,Abitibi-Témiscamingue,P23L02C02,179
effectifs_population_historique,2021-2022,nouveau,TSA,65 à 74 ans,False,8,Abitibi-Témiscamingue,P23L02C07,0
effectifs_population_historique,2021-2022,nouveau,TSA,75 ans et plus,False,8,Abitibi-Témiscamingue,P23L02C08,0
effectifs_population_historique,2021-2022,nouveau,TSA,Total,True,8,Abitibi-Témiscamingue,P23L02C09,420
effectifs_population_historique,2021-2022,nouveau,TSA,0 à 4 ans,False,9,Côte-Nord,P23L02C01,9
effectifs_population_historique,2021-2022,nouveau,TSA,12 à 17 ans,False,9,Côte-Nord,P23L02C03,59
effectifs_population_historique,2021-2022,nouveau,TSA,18 à 21 ans,False,9,Côte-Nord,P23L02C04,12
effectifs_population_historique,2021-2022,nouveau,TSA,22 à 44 ans,False,9,Côte-Nord,P23L02C05,24
effectifs_population_historique,2021-2022,nouveau,TSA,45 à 64 ans,False,9,Côte-Nord,P23L02C06,4
effectifs_population_historique,2021-2022,nouveau,TSA,5 à 11 ans,False,9,Côte-Nord,P23L02C02,112
effectifs_population_historique,2021-2022,nouveau,TSA,65 à 74 ans,False,9,Côte-Nord,P23L02C07,0
effectifs_population_historique,2021-2022,nouveau,TSA,75 ans et plus,False,9,Côte-Nord,P23L02C08,0
effectifs_population_historique,2021-2022,nouveau,TSA,Total,True,9,Côte-Nord,P23L02C09,220
effectifs_population_historique,2021-2022,nouveau,TSA,0 à 4 ans,False,11,Gaspésie–Îles-de-la-Madeleine,P23L02C01,52
effectifs_population_historique,2021-2022,nouveau,TSA,12 à 17 ans,False,11,Gaspésie–Îles-de-la-Madeleine,P23L02C03,65
effectifs_population_historique,2021-2022,nouveau,TSA,18 à 21 ans,False,11,Gaspésie–Îles-de-la-Madeleine,P23L02C04,24
effectifs_population_historique,2021-2022,nouveau,TSA,22 à 44 ans,False,11,Gaspésie–Îles-de-la-Madeleine,P23L02C05,35
effectifs_population_historique,2021-2022,nouveau,TSA,45 à 64 ans,False,11,Gaspésie–Îles-de-la-Madeleine,P23L02C06,11
effectifs_population_historique,2021-2022,nouveau,TSA,5 à 11 ans,False,11,Gaspésie–Îles-de-la-Madeleine,P23L02C02,106
effectifs_population_historique,2021-2022,nouveau,TSA,65 à 74 ans,False,11,Gaspésie–Îles-de-la-Madeleine,P23L02C07,0
effectifs_population_historique,2021-2022,nouveau,TSA,75 ans et plus,False,11,Gaspésie–Îles-de-la-Madeleine,P23L02C08,0
effectifs_population_historique,2021-2022,nouveau,TSA,Total,True,11,Gaspésie–Îles-de-la-Madeleine,P23L02C09,293
effectifs_population_historique,2021-2022,nouveau,TSA,0 à 4 ans,False,12,Chaudière-Appalaches,P23L02C01,118
effectifs_population_historique,2021-2022,nouveau,TSA,12 à 17 ans,False,12,Chaudière-Appalaches,P23L02C03,202
effectifs_population_historique,2021-2022,nouveau,TSA,18 à 21 ans,False,12,Chaudière-Appalaches,P23L02C04,83
effectifs_population_historique,2021-2022,nouveau,TSA,22 à 44 ans,False,12,Chaudière-Appalaches,P23L02C05,166
effectifs_population_historique,2021-2022,nouveau,TSA,45 à 64 ans,False,12,Chaudière-Appalaches,P23L02C06,18
effectifs_population_historique,2021-2022,nouveau,TSA,5 à 11 ans,False,12,Chaudière-Appalaches,P23L02C02,382
effectifs_population_historique,2021-2022,nouveau,TSA,65 à 74 ans,False,12,Chaudière-Appalaches,P23L02C07,1
effectifs_population_historique,2021-2022,nouveau,TSA,75 ans et plus,False,12,Chaudière-Appalaches,P23L02C08,0
effectifs_population_historique,2021-2022,nouveau,TSA,Total,True,12,Chaudière-Appalaches,P23L02C09,970
effectifs_population_historique,2021-2022,nouveau,TSA,0 à 4 ans,False,13,Laval,P23L02C01,188
effectifs_population_historique,2021-2022,nouveau,TSA,12 à 17 ans,False,13,Laval,P23L02C03,129
effectifs_population_historique,2021-2022,nouveau,TSA,18 à 21 ans,False,13,Laval,P23L02C04,59
effectifs_population_historique,2021-2022,nouveau,TSA,22 à 44 ans,False,13,Laval,P23L02C05,152
effectifs_population_historique,2021-2022,nouveau,TSA,45 à 64 ans,False,13,Laval,P23L02C06,12
effectifs_population_historique,2021-2022,nouveau,TSA,5 à 11 ans,False,13,Laval,P23L02C02,273
effectifs_population_historique,2021-2022,nouveau,TSA,65 à 74 ans,False,13,Laval,P23L02C07,1
effectifs_population_historique,2021-2022,nouveau,TSA,75 ans et plus,False,13,Laval,P23L02C08,0
effectifs_population_historique,2021-2022,nouveau,TSA,Total,True,13,Laval,P23L02C09,814
effectifs_population_historique,2021-2022,nouveau,TSA,0 à 4 ans,False,14,Lanaudière,P23L02C01,401
effectifs_population_historique,2021-2022,nouveau,TSA,12 à 17 ans,False,14,Lanaudière,P23L02C03,299
effectifs_population_historique,2021-2022,nouveau,TSA,18 à 21 ans,False,14,Lanaudière,P23L02C04,90
effectifs_population_historique,2021-2022,nouveau,TSA,22 à 44 ans,False,14,Lanaudière,P23L02C05,112
effectifs_population_historique,2021-2022,nouveau,TSA,45 à 64 ans,False,14,Lanaudière,P23L02C06,10
effectifs_population_historique,2021-2022,nouveau,TSA,5 à 11 ans,False,14,Lanaudière,P23L02C02,780
effectifs_population_historique,2021-2022,nouveau,TSA,65 à 74 ans,False,14,Lanaudière,P23L02C07,2
effectifs_population_historique,2021-2022,nouveau,TSA,Total,True,14,Lanaudière,P23L02C09,1694
effectifs_population_historique,2021-2022,nouveau,TSA,0 à 4 ans,False,15,Laurentides,P23L02C01,172
effectifs_population_historique,2021-2022,nouveau,TSA,12 à 17 ans,False,15,Laurentides,P23L02C03,167
effectifs_population_historique,2021-2022,nouveau,TSA,18 à 21 ans,False,15,Laurentides,P23L02C04,81
effectifs_population_historique,2021-2022,nouveau,TSA,22 à 44 ans,False,15,Laurentides,P23L02C05,182
effectifs_population_historique,2021-2022,nouveau,TSA,45 à 64 ans,False,15,Laurentides,P23L02C06,26
effectifs_population_historique,2021-2022,nouveau,TSA,5 à 11 ans,False,15,Laurentides,P23L02C02,348
effectifs_population_historique,2021-2022,nouveau,TSA,65 à 74 ans,False,15,Laurentides,P23L02C07,1
effectifs_population_historique,2021-2022,nouveau,TSA,75 ans et plus,False,15,Laurentides,P23L02C08,0
effectifs_population_historique,2021-2022,nouveau,TSA,Total,True,15,Laurentides,P23L02C09,977
effectifs_population_historique,2021-2022,nouveau,TSA,0 à 4 ans,False,16,Montérégie,P23L02C01,1137
effectifs_population_historique,2021-2022,nouveau,TSA,12 à 17 ans,False,16,Montérégie,P23L02C03,969
effectifs_population_historique,2021-2022,nouveau,TSA,18 à 21 ans,False,16,Montérégie,P23L02C04,266
effectifs_population_historique,2021-2022,nouveau,TSA,22 à 44 ans,False,16,Montérégie,P23L02C05,487
effectifs_population_historique,2021-2022,nouveau,TSA,45 à 64 ans,False,16,Montérégie,P23L02C06,88
effectifs_population_historique,2021-2022,nouveau,TSA,5 à 11 ans,False,16,Montérégie,P23L02C02,2161
effectifs_population_historique,2021-2022,nouveau,TSA,65 à 74 ans,False,16,Montérégie,P23L02C07,8
effectifs_population_historique,2021-2022,nouveau,TSA,Total,True,16,Montérégie,P23L02C09,5116
effectifs_population_historique,2022-2023,nouveau,TSA,0 à 4 ans,False,1,Bas-Saint-Laurent,P23L02C01,60
effectifs_population_historique,2022-2023,nouveau,TSA,12 à 17 ans,False,1,Bas-Saint-Laurent,P23L02C03,231
effectifs_population_historique,2022-2023,nouveau,TSA,18 à 21 ans,False,1,Bas-Saint-Laurent,P23L02C04,51
effectifs_population_historique,2022-2023,nouveau,TSA,22 à 44 ans,False,1,Bas-Saint-Laurent,P23L02C05,93
effectifs_population_historique,2022-2023,nouveau,TSA,45 à 64 ans,False,1,Bas-Saint-Laurent,P23L02C06,22
effectifs_population_historique,2022-2023,nouveau,TSA,5 à 11 ans,False,1,Bas-Saint-Laurent,P23L02C02,192
effectifs_population_historique,2022-2023,nouveau,TSA,65 à 74 ans,False,1,Bas-Saint-Laurent,P23L02C07,2
effectifs_population_historique,2022-2023,nouveau,TSA,Total,True,1,Bas-Saint-Laurent,P23L02C09,651
effectifs_population_historique,2022-2023,nouveau,TSA,0 à 4 ans,False,2,Saguenay–Lac-Saint-Jean,P23L02C01,76
effectifs_population_historique,2022-2023,nouveau,TSA,12 à 17 ans,False,2,Saguenay–Lac-Saint-Jean,P23L02C03,97
effectifs_population_historique,2022-2023,nouveau,TSA,18 à 21 ans,False,2,Saguenay–Lac-Saint-Jean,P23L02C04,39
effectifs_population_historique,2022-2023,nouveau,TSA,22 à 44 ans,False,2,Saguenay–Lac-Saint-Jean,P23L02C05,131
effectifs_population_historique,2022-2023,nouveau,TSA,45 à 64 ans,False,2,Saguenay–Lac-Saint-Jean,P23L02C06,14
effectifs_population_historique,2022-2023,nouveau,TSA,5 à 11 ans,False,2,Saguenay–Lac-Saint-Jean,P23L02C02,175
effectifs_population_historique,2022-2023,nouveau,TSA,65 à 74 ans,False,2,Saguenay–Lac-Saint-Jean,P23L02C07,0
effectifs_population_historique,2022-2023,nouveau,TSA,75 ans et plus,False,2,Saguenay–Lac-Saint-Jean,P23L02C08,0
effectifs_population_historique,2022-2023,nouveau,TSA,Total,True,2,Saguenay–Lac-Saint-Jean,P23L02C09,532
effectifs_population_historique,2022-2023,nouveau,TSA,0 à 4 ans,False,3,Capitale-Nationale,P23L02C01,325
effectifs_population_historique,2022-2023,nouveau,TSA,12 à 17 ans,False,3,Capitale-Nationale,P23L02C03,37
effectifs_population_historique,2022-2023,nouveau,TSA,18 à 21 ans,False,3,Capitale-Nationale,P23L02C04,17
effectifs_population_historique,2022-2023,nouveau,TSA,22 à 44 ans,False,3,Capitale-Nationale,P23L02C05,150
effectifs_population_historique,2022-2023,nouveau,TSA,45 à 64 ans,False,3,Capitale-Nationale,P23L02C06,47
effectifs_population_historique,2022-2023,nouveau,TSA,5 à 11 ans,False,3,Capitale-Nationale,P23L02C02,132
effectifs_population_historique,2022-2023,nouveau,TSA,65 à 74 ans,False,3,Capitale-Nationale,P23L02C07,1
effectifs_population_historique,2022-2023,nouveau,TSA,Total,True,3,Capitale-Nationale,P23L02C09,709
effectifs_population_historique,2022-2023,nouveau,TSA,0 à 4 ans,False,4,Mauricie et Centre-du-Québec,P23L02C01,172
effectifs_population_historique,2022-2023,nouveau,TSA,12 à 17 ans,False,4,Mauricie et Centre-du-Québec,P23L02C03,328
effectifs_population_historique,2022-2023,nouveau,TSA,18 à 21 ans,False,4,Mauricie et Centre-du-Québec,P23L02C04,117
effectifs_population_historique,2022-2023,nouveau,TSA,22 à 44 ans,False,4,Mauricie et Centre-du-Québec,P23L02C05,298
effectifs_population_historique,2022-2023,nouveau,TSA,45 à 64 ans,False,4,Mauricie et Centre-du-Québec,P23L02C06,33
effectifs_population_historique,2022-2023,nouveau,TSA,5 à 11 ans,False,4,Mauricie et Centre-du-Québec,P23L02C02,586
effectifs_population_historique,2022-2023,nouveau,TSA,65 à 74 ans,False,4,Mauricie et Centre-du-Québec,P23L02C07,2
effectifs_population_historique,2022-2023,nouveau,TSA,Total,True,4,Mauricie et Centre-du-Québec,P23L02C09,1536
effectifs_population_historique,2022-2023,nouveau,TSA,0 à 4 ans,False,5,Estrie,P23L02C01,27
effectifs_population_historique,2022-2023,nouveau,TSA,12 à 17 ans,False,5,Estrie,P23L02C03,54
effectifs_population_historique,2022-2023,nouveau,TSA,18 à 21 ans,False,5,Estrie,P23L02C04,17
effectifs_population_historique,2022-2023,nouveau,TSA,22 à 44 ans,False,5,Estrie,P23L02C05,80
effectifs_population_historique,2022-2023,nouveau,TSA,45 à 64 ans,False,5,Estrie,P23L02C06,12
effectifs_population_historique,2022-2023,nouveau,TSA,5 à 11 ans,False,5,Estrie,P23L02C02,93
effectifs_population_historique,2022-2023,nouveau,TSA,65 à 74 ans,False,5,Estrie,P23L02C07,1
effectifs_population_historique,2022-2023,nouveau,TSA,75 ans et plus,False,5,Estrie,P23L02C08,0
effectifs_population_historique,2022-2023,nouveau,TSA,Total,True,5,Estrie,P23L02C09,284
effectifs_population_historique,2022-2023,nouveau,TSA,0 à 4 ans,False,6,Montréal,P23L02C01,853
effectifs_population_historique,2022-2023,nouveau,TSA,12 à 17 ans,False,6,Montréal,P23L02C03,619
effectifs_population_historique,2022-2023,nouveau,TSA,18 à 21 ans,False,6,Montréal,P23L02C04,281
effectifs_population_historique,2022-2023,nouveau,TSA,22 à 44 ans,False,6,Montréal,P23L02C05,933
effectifs_population_historique,2022-2023,nouveau,TSA,45 à 64 ans,False,6,Montréal,P23L02C06,230
effectifs_population_historique,2022-2023,nouveau,TSA,5 à 11 ans,False,6,Montréal,P23L02C02,1267
effectifs_population_historique,2022-2023,nouveau,TSA,65 à 74 ans,False,6,Montréal,P23L02C07,44
effectifs_population_historique,2022-2023,nouveau,TSA,75 ans et plus,False,6,Montréal,P23L02C08,1
effectifs_population_historique,2022-2023,nouveau,TSA,Total,True,6,Montréal,P23L02C09,4228
effectifs_population_historique,2022-2023,nouveau,TSA,0 à 4 ans,False,7,Outaouais,P23L02C01,271
effectifs_population_historique,2022-2023,nouveau,TSA,12 à 17 ans,False,7,Outaouais,P23L02C03,110
effectifs_population_historique,2022-2023,nouveau,TSA,18 à 21 ans,False,7,Outaouais,P23L02C04,40
effectifs_population_historique,2022-2023,nouveau,TSA,22 à 44 ans,False,7,Outaouais,P23L02C05,99
effectifs_population_historique,2022-2023,nouveau,TSA,45 à 64 ans,False,7,Outaouais,P23L02C06,15
effectifs_population_historique,2022-2023,nouveau,TSA,5 à 11 ans,False,7,Outaouais,P23L02C02,366
effectifs_population_historique,2022-2023,nouveau,TSA,Total,True,7,Outaouais,P23L02C09,901
effectifs_population_historique,2022-2023,nouveau,TSA,0 à 4 ans,False,8,Abitibi-Témiscamingue,P23L02C01,75
effectifs_population_historique,2022-2023,nouveau,TSA,12 à 17 ans,False,8,Abitibi-Témiscamingue,P23L02C03,87
effectifs_population_historique,2022-2023,nouveau,TSA,18 à 21 ans,False,8,Abitibi-Témiscamingue,P23L02C04,25
effectifs_population_historique,2022-2023,nouveau,TSA,22 à 44 ans,False,8,Abitibi-Témiscamingue,P23L02C05,49
effectifs_population_historique,2022-2023,nouveau,TSA,45 à 64 ans,False,8,Abitibi-Témiscamingue,P23L02C06,14
effectifs_population_historique,2022-2023,nouveau,TSA,5 à 11 ans,False,8,Abitibi-Témiscamingue,P23L02C02,213
effectifs_population_historique,2022-2023,nouveau,TSA,65 à 74 ans,False,8,Abitibi-Témiscamingue,P23L02C07,1
effectifs_population_historique,2022-2023,nouveau,TSA,75 ans et plus,False,8,Abitibi-Témiscamingue,P23L02C08,0
effectifs_population_historique,2022-2023,nouveau,TSA,Total,True,8,Abitibi-Témiscamingue,P23L02C09,464
effectifs_population_historique,2022-2023,nouveau,TSA,0 à 4 ans,False,9,Côte-Nord,P23L02C01,24
effectifs_population_historique,2022-2023,nouveau,TSA,12 à 17 ans,False,9,Côte-Nord,P23L02C03,69
effectifs_population_historique,2022-2023,nouveau,TSA,18 à 21 ans,False,9,Côte-Nord,P23L02C04,11
effectifs_population_historique,2022-2023,nouveau,TSA,22 à 44 ans,False,9,Côte-Nord,P23L02C05,26
effectifs_population_historique,2022-2023,nouveau,TSA,45 à 64 ans,False,9,Côte-Nord,P23L02C06,5
effectifs_population_historique,2022-2023,nouveau,TSA,5 à 11 ans,False,9,Côte-Nord,P23L02C02,111
effectifs_population_historique,2022-2023,nouveau,TSA,Total,True,9,Côte-Nord,P23L02C09,246
effectifs_population_historique,2022-2023,nouveau,TSA,0 à 4 ans,False,11,Gaspésie–Îles-de-la-Madeleine,P23L02C01,47
effectifs_population_historique,2022-2023,nouveau,TSA,12 à 17 ans,False,11,Gaspésie–Îles-de-la-Madeleine,P23L02C03,94
effectifs_population_historique,2022-2023,nouveau,TSA,18 à 21 ans,False,11,Gaspésie–Îles-de-la-Madeleine,P23L02C04,28
effectifs_population_historique,2022-2023,nouveau,TSA,22 à 44 ans,False,11,Gaspésie–Îles-de-la-Madeleine,P23L02C05,41
effectifs_population_historique,2022-2023,nouveau,TSA,45 à 64 ans,False,11,Gaspésie–Îles-de-la-Madeleine,P23L02C06,9
effectifs_population_historique,2022-2023,nouveau,TSA,5 à 11 ans,False,11,Gaspésie–Îles-de-la-Madeleine,P23L02C02,118
effectifs_population_historique,2022-2023,nouveau,TSA,65 à 74 ans,False,11,Gaspésie–Îles-de-la-Madeleine,P23L02C07,0
effectifs_population_historique,2022-2023,nouveau,TSA,75 ans et plus,False,11,Gaspésie–Îles-de-la-Madeleine,P23L02C08,0
effectifs_population_historique,2022-2023,nouveau,TSA,Total,True,11,Gaspésie–Îles-de-la-Madeleine,P23L02C09,337
effectifs_population_historique,2022-2023,nouveau,TSA,0 à 4 ans,False,12,Chaudière-Appalaches,P23L02C01,137
effectifs_population_historique,2022-2023,nouveau,TSA,12 à 17 ans,False,12,Chaudière-Appalaches,P23L02C03,196
effectifs_population_historique,2022-2023,nouveau,TSA,18 à 21 ans,False,12,Chaudière-Appalaches,P23L02C04,89
effectifs_population_historique,2022-2023,nouveau,TSA,22 à 44 ans,False,12,Chaudière-Appalaches,P23L02C05,185
effectifs_population_historique,2022-2023,nouveau,TSA,45 à 64 ans,False,12,Chaudière-Appalaches,P23L02C06,20
effectifs_population_historique,2022-2023,nouveau,TSA,5 à 11 ans,False,12,Chaudière-Appalaches,P23L02C02,362
effectifs_population_historique,2022-2023,nouveau,TSA,65 à 74 ans,False,12,Chaudière-Appalaches,P23L02C07,2
effectifs_population_historique,2022-2023,nouveau,TSA,75 ans et plus,False,12,Chaudière-Appalaches,P23L02C08,0
effectifs_population_historique,2022-2023,nouveau,TSA,Total,True,12,Chaudière-Appalaches,P23L02C09,991
effectifs_population_historique,2022-2023,nouveau,TSA,0 à 4 ans,False,13,Laval,P23L02C01,252
effectifs_population_historique,2022-2023,nouveau,TSA,12 à 17 ans,False,13,Laval,P23L02C03,178
effectifs_population_historique,2022-2023,nouveau,TSA,18 à 21 ans,False,13,Laval,P23L02C04,56
effectifs_population_historique,2022-2023,nouveau,TSA,22 à 44 ans,False,13,Laval,P23L02C05,138
effectifs_population_historique,2022-2023,nouveau,TSA,45 à 64 ans,False,13,Laval,P23L02C06,14
effectifs_population_historique,2022-2023,nouveau,TSA,5 à 11 ans,False,13,Laval,P23L02C02,324
effectifs_population_historique,2022-2023,nouveau,TSA,65 à 74 ans,False,13,Laval,P23L02C07,1
effectifs_population_historique,2022-2023,nouveau,TSA,Total,True,13,Laval,P23L02C09,963
effectifs_population_historique,2022-2023,nouveau,TSA,0 à 4 ans,False,14,Lanaudière,P23L02C01,428
effectifs_population_historique,2022-2023,nouveau,TSA,12 à 17 ans,False,14,Lanaudière,P23L02C03,339
effectifs_population_historique,2022-2023,nouveau,TSA,18 à 21 ans,False,14,Lanaudière,P23L02C04,91
effectifs_population_historique,2022-2023,nouveau,TSA,22 à 44 ans,False,14,Lanaudière,P23L02C05,128
effectifs_population_historique,2022-2023,nouveau,TSA,45 à 64 ans,False,14,Lanaudière,P23L02C06,6
effectifs_population_historique,2022-2023,nouveau,TSA,5 à 11 ans,False,14,Lanaudière,P23L02C02,790
effectifs_population_historique,2022-2023,nouveau,TSA,65 à 74 ans,False,14,Lanaudière,P23L02C07,1
effectifs_population_historique,2022-2023,nouveau,TSA,Total,True,14,Lanaudière,P23L02C09,1783
effectifs_population_historique,2022-2023,nouveau,TSA,0 à 4 ans,False,15,Laurentides,P23L02C01,255
effectifs_population_historique,2022-2023,nouveau,TSA,12 à 17 ans,False,15,Laurentides,P23L02C03,175
effectifs_population_historique,2022-2023,nouveau,TSA,18 à 21 ans,False,15,Laurentides,P23L02C04,63
effectifs_population_historique,2022-2023,nouveau,TSA,22 à 44 ans,False,15,Laurentides,P23L02C05,170
effectifs_population_historique,2022-2023,nouveau,TSA,45 à 64 ans,False,15,Laurentides,P23L02C06,26
effectifs_population_historique,2022-2023,nouveau,TSA,5 à 11 ans,False,15,Laurentides,P23L02C02,376
effectifs_population_historique,2022-2023,nouveau,TSA,65 à 74 ans,False,15,Laurentides,P23L02C07,1
effectifs_population_historique,2022-2023,nouveau,TSA,75 ans et plus,False,15,Laurentides,P23L02C08,1
effectifs_population_historique,2022-2023,nouveau,TSA,Total,True,15,Laurentides,P23L02C09,1067
effectifs_population_historique,2022-2023,nouveau,TSA,0 à 4 ans,False,16,Montérégie,P23L02C01,1189
effectifs_population_historique,2022-2023,nouveau,TSA,12 à 17 ans,False,16,Montérégie,P23L02C03,1050
effectifs_population_historique,2022-2023,nouveau,TSA,18 à 21 ans,False,16,Montérégie,P23L02C04,297
effectifs_population_historique,2022-2023,nouveau,TSA,22 à 44 ans,False,16,Montérégie,P23L02C05,522
effectifs_population_historique,2022-2023,nouveau,TSA,45 à 64 ans,False,16,Montérégie,P23L02C06,100
effectifs_population_historique,2022-2023,nouveau,TSA,5 à 11 ans,False,16,Montérégie,P23L02C02,2110
effectifs_population_historique,2022-2023,nouveau,TSA,65 à 74 ans,False,16,Montérégie,P23L02C07,8
effectifs_population_historique,2022-2023,nouveau,TSA,Total,True,16,Montérégie,P23L02C09,5276
