Annee,NomEtablissement,Ligne,Colonne,Chiffre
2010-2011,CENTRE D'ACCUEIL DIXVILLE INC.,1,1,1.0
2010-2011,CENTRE D'ACCUEIL DIXVILLE INC.,1,2,0.0
2010-2011,CENTRE D'ACCUEIL DIXVILLE INC.,1,3,0.0
2010-2011,CENTRE D'ACCUEIL DIXVILLE INC.,1,4,0.0
2010-2011,CENTRE D'ACCUEIL DIXVILLE INC.,1,5,1.0
2010-2011,CENTRE D'ACCUEIL DIXVILLE INC.,2,1,3.0
2010-2011,CENTRE D'ACCUEIL DIXVILLE INC.,2,2,0.0
2010-2011,CENTRE D'ACCUEIL DIXVILLE INC.,2,3,4.0
2010-2011,CENTRE D'ACCUEIL DIXVILLE INC.,2,4,0.0
2010-2011,CENTRE D'ACCUEIL DIXVILLE INC.,2,5,7.0
2010-2011,CENTRE D'ACCUEIL DIXVILLE INC.,3,1,8.0
2010-2011,CENTRE D'ACCUEIL DIXVILLE INC.,3,2,0.0
2010-2011,CENTRE D'ACCUEIL DIXVILLE INC.,3,3,4.0
2010-2011,CENTRE D'ACCUEIL DIXVILLE INC.,3,4,0.0
2010-2011,CENTRE D'ACCUEIL DIXVILLE INC.,3,5,12.0
2010-2011,CENTRE D'ACCUEIL DIXVILLE INC.,4,1,20.0
2010-2011,CENTRE D'ACCUEIL DIXVILLE INC.,4,2,0.0
2010-2011,CENTRE D'ACCUEIL DIXVILLE INC.,4,3,13.0
2010-2011,CENTRE D'ACCUEIL DIXVILLE INC.,4,4,0.0
2010-2011,CENTRE D'ACCUEIL DIXVILLE INC.,4,5,33.0
2010-2011,CENTRE D'ACCUEIL DIXVILLE INC.,5,1,11.0
2010-2011,CENTRE D'ACCUEIL DIXVILLE INC.,5,2,0.0
2010-2011,CENTRE D'ACCUEIL DIXVILLE INC.,5,3,2.0
2010-2011,CENTRE D'ACCUEIL DIXVILLE INC.,5,4,0.0
2010-2011,CENTRE D'ACCUEIL DIXVILLE INC.,5,5,13.0
2010-2011,CENTRE D'ACCUEIL DIXVILLE INC.,6,1,1.0
2010-2011,CENTRE D'ACCUEIL DIXVILLE INC.,6,2,0.0
2010-2011,CENTRE D'ACCUEIL DIXVILLE INC.,6,3,0.0
2010-2011,CENTRE D'ACCUEIL DIXVILLE INC.,6,4,0.0
2010-2011,CENTRE D'ACCUEIL DIXVILLE INC.,6,5,1.0
2010-2011,CENTRE D'ACCUEIL DIXVILLE INC.,7,1,0.0
2010-2011,CENTRE D'ACCUEIL DIXVILLE INC.,7,2,0.0
2010-2011,CENTRE D'ACCUEIL DIXVILLE INC.,7,3,0.0
2010-2011,CENTRE D'ACCUEIL DIXVILLE INC.,7,4,0.0
2010-2011,CENTRE D'ACCUEIL DIXVILLE INC.,7,5,0.0
2010-2011,CENTRE D'ACCUEIL DIXVILLE INC.,8,1,44.0
2010-2011,CENTRE D'ACCUEIL DIXVILLE INC.,8,2,0.0
2010-2011,CENTRE D'ACCUEIL DIXVILLE INC.,8,3,23.0
2010-2011,CENTRE D'ACCUEIL DIXVILLE INC.,8,4,0.0
2010-2011,CENTRE D'ACCUEIL DIXVILLE INC.,8,5,67.0
2010-2011,CENTRE DE PROTECTION ET DE READAPTATION DE LA COTE-NORD,1,1,0.0
2010-2011,CENTRE DE PROTECTION ET DE READAPTATION DE LA COTE-NORD,1,2,1.0
2010-2011,CENTRE DE PROTECTION ET DE READAPTATION DE LA COTE-NORD,1,3,1.0
2010-2011,CENTRE DE PROTECTION ET DE READAPTATION DE LA COTE-NORD,1,4,0.0
2010-2011,CENTRE DE PROTECTION ET DE READAPTATION DE LA COTE-NORD,1,5,2.0
2010-2011,CENTRE DE PROTECTION ET DE READAPTATION DE LA COTE-NORD,2,1,2.0
2010-2011,CENTRE DE PROTECTION ET DE READAPTATION DE LA COTE-NORD,2,2,13.0
2010-2011,CENTRE DE PROTECTION ET DE READAPTATION DE LA COTE-NORD,2,3,3.0
2010-2011,CENTRE DE PROTECTION ET DE READAPTATION DE LA COTE-NORD,2,4,0.0
2010-2011,CENTRE DE PROTECTION ET DE READAPTATION DE LA COTE-NORD,2,5,18.0
2010-2011,CENTRE DE PROTECTION ET DE READAPTATION DE LA COTE-NORD,3,1,8.0
2010-2011,CENTRE DE PROTECTION ET DE READAPTATION DE LA COTE-NORD,3,2,15.0
2010-2011,CENTRE DE PROTECTION ET DE READAPTATION DE LA COTE-NORD,3,3,6.0
2010-2011,CENTRE DE PROTECTION ET DE READAPTATION DE LA COTE-NORD,3,4,1.0
2010-2011,CENTRE DE PROTECTION ET DE READAPTATION DE LA COTE-NORD,3,5,30.0
2010-2011,CENTRE DE PROTECTION ET DE READAPTATION DE LA COTE-NORD,4,1,2.0
2010-2011,CENTRE DE PROTECTION ET DE READAPTATION DE LA COTE-NORD,4,2,1.0
2010-2011,CENTRE DE PROTECTION ET DE READAPTATION DE LA COTE-NORD,4,3,0.0
2010-2011,CENTRE DE PROTECTION ET DE READAPTATION DE LA COTE-NORD,4,4,0.0
2010-2011,CENTRE DE PROTECTION ET DE READAPTATION DE LA COTE-NORD,4,5,3.0
2010-2011,CENTRE DE PROTECTION ET DE READAPTATION DE LA COTE-NORD,5,1,1.0
2010-2011,CENTRE DE PROTECTION ET DE READAPTATION DE LA COTE-NORD,5,2,0.0
2010-2011,CENTRE DE PROTECTION ET DE READAPTATION DE LA COTE-NORD,5,3,0.0
2010-2011,CENTRE DE PROTECTION ET DE READAPTATION DE LA COTE-NORD,5,4,0.0
2010-2011,CENTRE DE PROTECTION ET DE READAPTATION DE LA COTE-NORD,5,5,1.0
2010-2011,CENTRE DE PROTECTION ET DE READAPTATION DE LA COTE-NORD,6,1,0.0
2010-2011,CENTRE DE PROTECTION ET DE READAPTATION DE LA COTE-NORD,6,2,0.0
2010-2011,CENTRE DE PROTECTION ET DE READAPTATION DE LA COTE-NORD,6,3,0.0
2010-2011,CENTRE DE PROTECTION ET DE READAPTATION DE LA COTE-NORD,6,4,0.0
2010-2011,CENTRE DE PROTECTION ET DE READAPTATION DE LA COTE-NORD,6,5,0.0
2010-2011,CENTRE DE PROTECTION ET DE READAPTATION DE LA COTE-NORD,7,1,0.0
2010-2011,CENTRE DE PROTECTION ET DE READAPTATION DE LA COTE-NORD,7,2,0.0
2010-2011,CENTRE DE PROTECTION ET DE READAPTATION DE LA COTE-NORD,7,3,0.0
2010-2011,CENTRE DE PROTECTION ET DE READAPTATION DE LA COTE-NORD,7,4,0.0
2010-2011,CENTRE DE PROTECTION ET DE READAPTATION DE LA COTE-NORD,7,5,0.0
2010-2011,CENTRE DE PROTECTION ET DE READAPTATION DE LA COTE-NORD,8,1,13.0
2010-2011,CENTRE DE PROTECTION ET DE READAPTATION DE LA COTE-NORD,8,2,30.0
2010-2011,CENTRE DE PROTECTION ET DE READAPTATION DE LA COTE-NORD,8,3,10.0
2010-2011,CENTRE DE PROTECTION ET DE READAPTATION DE LA COTE-NORD,8,4,1.0
2010-2011,CENTRE DE PROTECTION ET DE READAPTATION DE LA COTE-NORD,8,5,54.0
2010-2011,CENTRE DE READAPTATION DE L'OUEST DE MONTREAL,1,1,1.0
2010-2011,CENTRE DE READAPTATION DE L'OUEST DE MONTREAL,1,2,4.0
2010-2011,CENTRE DE READAPTATION DE L'OUEST DE MONTREAL,1,3,0.0
2010-2011,CENTRE DE READAPTATION DE L'OUEST DE MONTREAL,1,4,0.0
2010-2011,CENTRE DE READAPTATION DE L'OUEST DE MONTREAL,1,5,5.0
2010-2011,CENTRE DE READAPTATION DE L'OUEST DE MONTREAL,2,1,2.0
2010-2011,CENTRE DE READAPTATION DE L'OUEST DE MONTREAL,2,2,29.0
2010-2011,CENTRE DE READAPTATION DE L'OUEST DE MONTREAL,2,3,2.0
2010-2011,CENTRE DE READAPTATION DE L'OUEST DE MONTREAL,2,4,0.0
2010-2011,CENTRE DE READAPTATION DE L'OUEST DE MONTREAL,2,5,33.0
2010-2011,CENTRE DE READAPTATION DE L'OUEST DE MONTREAL,3,1,12.0
2010-2011,CENTRE DE READAPTATION DE L'OUEST DE MONTREAL,3,2,84.0
2010-2011,CENTRE DE READAPTATION DE L'OUEST DE MONTREAL,3,3,10.0
2010-2011,CENTRE DE READAPTATION DE L'OUEST DE MONTREAL,3,4,0.0
2010-2011,CENTRE DE READAPTATION DE L'OUEST DE MONTREAL,3,5,106.0
2010-2011,CENTRE DE READAPTATION DE L'OUEST DE MONTREAL,4,1,8.0
2010-2011,CENTRE DE READAPTATION DE L'OUEST DE MONTREAL,4,2,24.0
2010-2011,CENTRE DE READAPTATION DE L'OUEST DE MONTREAL,4,3,0.0
2010-2011,CENTRE DE READAPTATION DE L'OUEST DE MONTREAL,4,4,0.0
2010-2011,CENTRE DE READAPTATION DE L'OUEST DE MONTREAL,4,5,32.0
2010-2011,CENTRE DE READAPTATION DE L'OUEST DE MONTREAL,5,1,1.0
2010-2011,CENTRE DE READAPTATION DE L'OUEST DE MONTREAL,5,2,12.0
2010-2011,CENTRE DE READAPTATION DE L'OUEST DE MONTREAL,5,3,0.0
2010-2011,CENTRE DE READAPTATION DE L'OUEST DE MONTREAL,5,4,0.0
2010-2011,CENTRE DE READAPTATION DE L'OUEST DE MONTREAL,5,5,13.0
2010-2011,CENTRE DE READAPTATION DE L'OUEST DE MONTREAL,6,1,0.0
2010-2011,CENTRE DE READAPTATION DE L'OUEST DE MONTREAL,6,2,7.0
2010-2011,CENTRE DE READAPTATION DE L'OUEST DE MONTREAL,6,3,0.0
2010-2011,CENTRE DE READAPTATION DE L'OUEST DE MONTREAL,6,4,0.0
2010-2011,CENTRE DE READAPTATION DE L'OUEST DE MONTREAL,6,5,7.0
2010-2011,CENTRE DE READAPTATION DE L'OUEST DE MONTREAL,7,1,0.0
2010-2011,CENTRE DE READAPTATION DE L'OUEST DE MONTREAL,7,2,0.0
2010-2011,CENTRE DE READAPTATION DE L'OUEST DE MONTREAL,7,3,0.0
2010-2011,CENTRE DE READAPTATION DE L'OUEST DE MONTREAL,7,4,0.0
2010-2011,CENTRE DE READAPTATION DE L'OUEST DE MONTREAL,7,5,0.0
2010-2011,CENTRE DE READAPTATION DE L'OUEST DE MONTREAL,8,1,24.0
2010-2011,CENTRE DE READAPTATION DE L'OUEST DE MONTREAL,8,2,160.0
2010-2011,CENTRE DE READAPTATION DE L'OUEST DE MONTREAL,8,3,12.0
2010-2011,CENTRE DE READAPTATION DE L'OUEST DE MONTREAL,8,4,0.0
2010-2011,CENTRE DE READAPTATION DE L'OUEST DE MONTREAL,8,5,196.0
2010-2011,CENTRE DE READAPTATION LA MAISON,2,4,1.0
2010-2011,CENTRE DE READAPTATION LA MAISON,2,5,1.0
2010-2011,CENTRE DE READAPTATION LA MAISON,3,4,1.0
2010-2011,CENTRE DE READAPTATION LA MAISON,3,5,1.0
2010-2011,CENTRE DE READAPTATION LA MAISON,8,4,2.0
2010-2011,CENTRE DE READAPTATION LA MAISON,8,5,2.0
2010-2011,CENTRE DE READAPTATION LA MYRIADE,1,1,4.0
2010-2011,CENTRE DE READAPTATION LA MYRIADE,1,2,0.0
2010-2011,CENTRE DE READAPTATION LA MYRIADE,1,3,0.0
2010-2011,CENTRE DE READAPTATION LA MYRIADE,1,4,0.0
2010-2011,CENTRE DE READAPTATION LA MYRIADE,1,5,4.0
2010-2011,CENTRE DE READAPTATION LA MYRIADE,2,1,4.0
2010-2011,CENTRE DE READAPTATION LA MYRIADE,2,2,13.0
2010-2011,CENTRE DE READAPTATION LA MYRIADE,2,3,0.0
2010-2011,CENTRE DE READAPTATION LA MYRIADE,2,4,0.0
2010-2011,CENTRE DE READAPTATION LA MYRIADE,2,5,17.0
2010-2011,CENTRE DE READAPTATION LA MYRIADE,3,1,12.0
2010-2011,CENTRE DE READAPTATION LA MYRIADE,3,2,31.0
2010-2011,CENTRE DE READAPTATION LA MYRIADE,3,3,0.0
2010-2011,CENTRE DE READAPTATION LA MYRIADE,3,4,0.0
2010-2011,CENTRE DE READAPTATION LA MYRIADE,3,5,43.0
2010-2011,CENTRE DE READAPTATION LA MYRIADE,4,1,32.0
2010-2011,CENTRE DE READAPTATION LA MYRIADE,4,2,25.0
2010-2011,CENTRE DE READAPTATION LA MYRIADE,4,3,0.0
2010-2011,CENTRE DE READAPTATION LA MYRIADE,4,4,0.0
2010-2011,CENTRE DE READAPTATION LA MYRIADE,4,5,57.0
2010-2011,CENTRE DE READAPTATION LA MYRIADE,5,1,13.0
2010-2011,CENTRE DE READAPTATION LA MYRIADE,5,2,7.0
2010-2011,CENTRE DE READAPTATION LA MYRIADE,5,3,0.0
2010-2011,CENTRE DE READAPTATION LA MYRIADE,5,4,0.0
2010-2011,CENTRE DE READAPTATION LA MYRIADE,5,5,20.0
2010-2011,CENTRE DE READAPTATION LA MYRIADE,6,1,4.0
2010-2011,CENTRE DE READAPTATION LA MYRIADE,6,2,0.0
2010-2011,CENTRE DE READAPTATION LA MYRIADE,6,3,0.0
2010-2011,CENTRE DE READAPTATION LA MYRIADE,6,4,0.0
2010-2011,CENTRE DE READAPTATION LA MYRIADE,6,5,4.0
2010-2011,CENTRE DE READAPTATION LA MYRIADE,7,1,0.0
2010-2011,CENTRE DE READAPTATION LA MYRIADE,7,2,0.0
2010-2011,CENTRE DE READAPTATION LA MYRIADE,7,3,0.0
2010-2011,CENTRE DE READAPTATION LA MYRIADE,7,4,0.0
2010-2011,CENTRE DE READAPTATION LA MYRIADE,7,5,0.0
2010-2011,CENTRE DE READAPTATION LA MYRIADE,8,1,69.0
2010-2011,CENTRE DE READAPTATION LA MYRIADE,8,2,76.0
2010-2011,CENTRE DE READAPTATION LA MYRIADE,8,3,0.0
2010-2011,CENTRE DE READAPTATION LA MYRIADE,8,4,0.0
2010-2011,CENTRE DE READAPTATION LA MYRIADE,8,5,145.0
2010-2011,CENTRE DE READAPTATION LISETTE-DUPRAS,1,1,0.0
2010-2011,CENTRE DE READAPTATION LISETTE-DUPRAS,1,2,1.0
2010-2011,CENTRE DE READAPTATION LISETTE-DUPRAS,1,3,0.0
2010-2011,CENTRE DE READAPTATION LISETTE-DUPRAS,1,4,0.0
2010-2011,CENTRE DE READAPTATION LISETTE-DUPRAS,1,5,1.0
2010-2011,CENTRE DE READAPTATION LISETTE-DUPRAS,2,1,1.0
2010-2011,CENTRE DE READAPTATION LISETTE-DUPRAS,2,2,53.0
2010-2011,CENTRE DE READAPTATION LISETTE-DUPRAS,2,3,10.0
2010-2011,CENTRE DE READAPTATION LISETTE-DUPRAS,2,4,5.0
2010-2011,CENTRE DE READAPTATION LISETTE-DUPRAS,2,5,69.0
2010-2011,CENTRE DE READAPTATION LISETTE-DUPRAS,3,1,3.0
2010-2011,CENTRE DE READAPTATION LISETTE-DUPRAS,3,2,156.0
2010-2011,CENTRE DE READAPTATION LISETTE-DUPRAS,3,3,13.0
2010-2011,CENTRE DE READAPTATION LISETTE-DUPRAS,3,4,29.0
2010-2011,CENTRE DE READAPTATION LISETTE-DUPRAS,3,5,201.0
2010-2011,CENTRE DE READAPTATION LISETTE-DUPRAS,4,1,6.0
2010-2011,CENTRE DE READAPTATION LISETTE-DUPRAS,4,2,89.0
2010-2011,CENTRE DE READAPTATION LISETTE-DUPRAS,4,3,20.0
2010-2011,CENTRE DE READAPTATION LISETTE-DUPRAS,4,4,13.0
2010-2011,CENTRE DE READAPTATION LISETTE-DUPRAS,4,5,128.0
2010-2011,CENTRE DE READAPTATION LISETTE-DUPRAS,5,1,0.0
2010-2011,CENTRE DE READAPTATION LISETTE-DUPRAS,5,2,20.0
2010-2011,CENTRE DE READAPTATION LISETTE-DUPRAS,5,3,13.0
2010-2011,CENTRE DE READAPTATION LISETTE-DUPRAS,5,4,3.0
2010-2011,CENTRE DE READAPTATION LISETTE-DUPRAS,5,5,36.0
2010-2011,CENTRE DE READAPTATION LISETTE-DUPRAS,6,1,0.0
2010-2011,CENTRE DE READAPTATION LISETTE-DUPRAS,6,2,0.0
2010-2011,CENTRE DE READAPTATION LISETTE-DUPRAS,6,3,2.0
2010-2011,CENTRE DE READAPTATION LISETTE-DUPRAS,6,4,1.0
2010-2011,CENTRE DE READAPTATION LISETTE-DUPRAS,6,5,3.0
2010-2011,CENTRE DE READAPTATION LISETTE-DUPRAS,7,1,0.0
2010-2011,CENTRE DE READAPTATION LISETTE-DUPRAS,7,2,1.0
2010-2011,CENTRE DE READAPTATION LISETTE-DUPRAS,7,3,0.0
2010-2011,CENTRE DE READAPTATION LISETTE-DUPRAS,7,4,0.0
2010-2011,CENTRE DE READAPTATION LISETTE-DUPRAS,7,5,1.0
2010-2011,CENTRE DE READAPTATION LISETTE-DUPRAS,8,1,10.0
2010-2011,CENTRE DE READAPTATION LISETTE-DUPRAS,8,2,320.0
2010-2011,CENTRE DE READAPTATION LISETTE-DUPRAS,8,3,58.0
2010-2011,CENTRE DE READAPTATION LISETTE-DUPRAS,8,4,51.0
2010-2011,CENTRE DE READAPTATION LISETTE-DUPRAS,8,5,439.0
2010-2011,CENTRE DU FLORES,1,1,1.0
2010-2011,CENTRE DU FLORES,1,2,4.0
2010-2011,CENTRE DU FLORES,1,5,5.0
2010-2011,CENTRE DU FLORES,2,1,1.0
2010-2011,CENTRE DU FLORES,2,2,5.0
2010-2011,CENTRE DU FLORES,2,5,6.0
2010-2011,CENTRE DU FLORES,3,1,23.0
2010-2011,CENTRE DU FLORES,3,2,40.0
2010-2011,CENTRE DU FLORES,3,5,63.0
2010-2011,CENTRE DU FLORES,4,1,11.0
2010-2011,CENTRE DU FLORES,4,2,71.0
2010-2011,CENTRE DU FLORES,4,3,1.0
2010-2011,CENTRE DU FLORES,4,5,83.0
2010-2011,CENTRE DU FLORES,5,1,7.0
2010-2011,CENTRE DU FLORES,5,2,13.0
2010-2011,CENTRE DU FLORES,5,5,20.0
2010-2011,CENTRE DU FLORES,6,1,1.0
2010-2011,CENTRE DU FLORES,6,2,2.0
2010-2011,CENTRE DU FLORES,6,5,3.0
2010-2011,CENTRE DU FLORES,8,1,44.0
2010-2011,CENTRE DU FLORES,8,2,135.0
2010-2011,CENTRE DU FLORES,8,3,1.0
2010-2011,CENTRE DU FLORES,8,5,180.0
2010-2011,CENTRE MIRIAM,1,1,0.0
2010-2011,CENTRE MIRIAM,1,2,0.0
2010-2011,CENTRE MIRIAM,1,3,3.0
2010-2011,CENTRE MIRIAM,1,4,0.0
2010-2011,CENTRE MIRIAM,1,5,3.0
2010-2011,CENTRE MIRIAM,2,1,2.0
2010-2011,CENTRE MIRIAM,2,2,7.0
2010-2011,CENTRE MIRIAM,2,3,7.0
2010-2011,CENTRE MIRIAM,2,4,0.0
2010-2011,CENTRE MIRIAM,2,5,16.0
2010-2011,CENTRE MIRIAM,3,1,4.0
2010-2011,CENTRE MIRIAM,3,2,21.0
2010-2011,CENTRE MIRIAM,3,3,16.0
2010-2011,CENTRE MIRIAM,3,4,0.0
2010-2011,CENTRE MIRIAM,3,5,41.0
2010-2011,CENTRE MIRIAM,4,1,8.0
2010-2011,CENTRE MIRIAM,4,2,26.0
2010-2011,CENTRE MIRIAM,4,3,11.0
2010-2011,CENTRE MIRIAM,4,4,0.0
2010-2011,CENTRE MIRIAM,4,5,45.0
2010-2011,CENTRE MIRIAM,5,1,5.0
2010-2011,CENTRE MIRIAM,5,2,11.0
2010-2011,CENTRE MIRIAM,5,3,1.0
2010-2011,CENTRE MIRIAM,5,4,0.0
2010-2011,CENTRE MIRIAM,5,5,17.0
2010-2011,CENTRE MIRIAM,6,1,0.0
2010-2011,CENTRE MIRIAM,6,2,4.0
2010-2011,CENTRE MIRIAM,6,3,0.0
2010-2011,CENTRE MIRIAM,6,4,0.0
2010-2011,CENTRE MIRIAM,6,5,4.0
2010-2011,CENTRE MIRIAM,7,1,0.0
2010-2011,CENTRE MIRIAM,7,2,0.0
2010-2011,CENTRE MIRIAM,7,3,0.0
2010-2011,CENTRE MIRIAM,7,4,0.0
2010-2011,CENTRE MIRIAM,7,5,0.0
2010-2011,CENTRE MIRIAM,8,1,19.0
2010-2011,CENTRE MIRIAM,8,2,69.0
2010-2011,CENTRE MIRIAM,8,3,38.0
2010-2011,CENTRE MIRIAM,8,4,0.0
2010-2011,CENTRE MIRIAM,8,5,126.0
2010-2011,CENTRE NOTRE-DAME DE L'ENFANT (SHERBROOKE) INC.,2,1,5.0
2010-2011,CENTRE NOTRE-DAME DE L'ENFANT (SHERBROOKE) INC.,2,3,2.0
2010-2011,CENTRE NOTRE-DAME DE L'ENFANT (SHERBROOKE) INC.,2,5,7.0
2010-2011,CENTRE NOTRE-DAME DE L'ENFANT (SHERBROOKE) INC.,3,1,19.0
2010-2011,CENTRE NOTRE-DAME DE L'ENFANT (SHERBROOKE) INC.,3,2,2.0
2010-2011,CENTRE NOTRE-DAME DE L'ENFANT (SHERBROOKE) INC.,3,3,2.0
2010-2011,CENTRE NOTRE-DAME DE L'ENFANT (SHERBROOKE) INC.,3,5,23.0
2010-2011,CENTRE NOTRE-DAME DE L'ENFANT (SHERBROOKE) INC.,4,1,6.0
2010-2011,CENTRE NOTRE-DAME DE L'ENFANT (SHERBROOKE) INC.,4,5,6.0
2010-2011,CENTRE NOTRE-DAME DE L'ENFANT (SHERBROOKE) INC.,8,1,30.0
2010-2011,CENTRE NOTRE-DAME DE L'ENFANT (SHERBROOKE) INC.,8,2,2.0
2010-2011,CENTRE NOTRE-DAME DE L'ENFANT (SHERBROOKE) INC.,8,3,4.0
2010-2011,CENTRE NOTRE-DAME DE L'ENFANT (SHERBROOKE) INC.,8,5,36.0
2010-2011,CLAIR FOYER INC.,1,1,1.0
2010-2011,CLAIR FOYER INC.,1,5,1.0
2010-2011,CLAIR FOYER INC.,2,1,3.0
2010-2011,CLAIR FOYER INC.,2,2,2.0
2010-2011,CLAIR FOYER INC.,2,3,1.0
2010-2011,CLAIR FOYER INC.,2,4,3.0
2010-2011,CLAIR FOYER INC.,2,5,9.0
2010-2011,CLAIR FOYER INC.,3,1,18.0
2010-2011,CLAIR FOYER INC.,3,2,2.0
2010-2011,CLAIR FOYER INC.,3,3,1.0
2010-2011,CLAIR FOYER INC.,3,4,3.0
2010-2011,CLAIR FOYER INC.,3,5,24.0
2010-2011,CLAIR FOYER INC.,4,1,10.0
2010-2011,CLAIR FOYER INC.,4,2,2.0
2010-2011,CLAIR FOYER INC.,4,4,2.0
2010-2011,CLAIR FOYER INC.,4,5,14.0
2010-2011,CLAIR FOYER INC.,5,1,5.0
2010-2011,CLAIR FOYER INC.,5,2,2.0
2010-2011,CLAIR FOYER INC.,5,3,1.0
2010-2011,CLAIR FOYER INC.,5,4,2.0
2010-2011,CLAIR FOYER INC.,5,5,10.0
2010-2011,CLAIR FOYER INC.,6,2,2.0
2010-2011,CLAIR FOYER INC.,6,5,2.0
2010-2011,CLAIR FOYER INC.,8,1,37.0
2010-2011,CLAIR FOYER INC.,8,2,10.0
2010-2011,CLAIR FOYER INC.,8,3,3.0
2010-2011,CLAIR FOYER INC.,8,4,10.0
2010-2011,CLAIR FOYER INC.,8,5,60.0
2010-2011,CR EN DEFICIENCE INTELLECTUELLE CHAUDIERE-APPALACHES,1,1,2.0
2010-2011,CR EN DEFICIENCE INTELLECTUELLE CHAUDIERE-APPALACHES,1,2,1.0
2010-2011,CR EN DEFICIENCE INTELLECTUELLE CHAUDIERE-APPALACHES,1,5,3.0
2010-2011,CR EN DEFICIENCE INTELLECTUELLE CHAUDIERE-APPALACHES,2,1,11.0
2010-2011,CR EN DEFICIENCE INTELLECTUELLE CHAUDIERE-APPALACHES,2,2,18.0
2010-2011,CR EN DEFICIENCE INTELLECTUELLE CHAUDIERE-APPALACHES,2,3,1.0
2010-2011,CR EN DEFICIENCE INTELLECTUELLE CHAUDIERE-APPALACHES,2,5,30.0
2010-2011,CR EN DEFICIENCE INTELLECTUELLE CHAUDIERE-APPALACHES,3,1,33.0
2010-2011,CR EN DEFICIENCE INTELLECTUELLE CHAUDIERE-APPALACHES,3,2,72.0
2010-2011,CR EN DEFICIENCE INTELLECTUELLE CHAUDIERE-APPALACHES,3,3,10.0
2010-2011,CR EN DEFICIENCE INTELLECTUELLE CHAUDIERE-APPALACHES,3,4,1.0
2010-2011,CR EN DEFICIENCE INTELLECTUELLE CHAUDIERE-APPALACHES,3,5,116.0
2010-2011,CR EN DEFICIENCE INTELLECTUELLE CHAUDIERE-APPALACHES,4,1,22.0
2010-2011,CR EN DEFICIENCE INTELLECTUELLE CHAUDIERE-APPALACHES,4,2,48.0
2010-2011,CR EN DEFICIENCE INTELLECTUELLE CHAUDIERE-APPALACHES,4,3,6.0
2010-2011,CR EN DEFICIENCE INTELLECTUELLE CHAUDIERE-APPALACHES,4,4,1.0
2010-2011,CR EN DEFICIENCE INTELLECTUELLE CHAUDIERE-APPALACHES,4,5,77.0
2010-2011,CR EN DEFICIENCE INTELLECTUELLE CHAUDIERE-APPALACHES,5,1,12.0
2010-2011,CR EN DEFICIENCE INTELLECTUELLE CHAUDIERE-APPALACHES,5,2,16.0
2010-2011,CR EN DEFICIENCE INTELLECTUELLE CHAUDIERE-APPALACHES,5,5,28.0
2010-2011,CR EN DEFICIENCE INTELLECTUELLE CHAUDIERE-APPALACHES,6,1,4.0
2010-2011,CR EN DEFICIENCE INTELLECTUELLE CHAUDIERE-APPALACHES,6,2,4.0
2010-2011,CR EN DEFICIENCE INTELLECTUELLE CHAUDIERE-APPALACHES,6,5,8.0
2010-2011,CR EN DEFICIENCE INTELLECTUELLE CHAUDIERE-APPALACHES,7,3,1.0
2010-2011,CR EN DEFICIENCE INTELLECTUELLE CHAUDIERE-APPALACHES,7,5,1.0
2010-2011,CR EN DEFICIENCE INTELLECTUELLE CHAUDIERE-APPALACHES,8,1,84.0
2010-2011,CR EN DEFICIENCE INTELLECTUELLE CHAUDIERE-APPALACHES,8,2,159.0
2010-2011,CR EN DEFICIENCE INTELLECTUELLE CHAUDIERE-APPALACHES,8,3,18.0
2010-2011,CR EN DEFICIENCE INTELLECTUELLE CHAUDIERE-APPALACHES,8,4,2.0
2010-2011,CR EN DEFICIENCE INTELLECTUELLE CHAUDIERE-APPALACHES,8,5,263.0
2010-2011,CR EN DEFICIENCE INTELLECTUELLE DE QUEBEC,1,1,2.0
2010-2011,CR EN DEFICIENCE INTELLECTUELLE DE QUEBEC,1,2,3.0
2010-2011,CR EN DEFICIENCE INTELLECTUELLE DE QUEBEC,1,5,5.0
2010-2011,CR EN DEFICIENCE INTELLECTUELLE DE QUEBEC,2,1,7.0
2010-2011,CR EN DEFICIENCE INTELLECTUELLE DE QUEBEC,2,2,31.0
2010-2011,CR EN DEFICIENCE INTELLECTUELLE DE QUEBEC,2,3,4.0
2010-2011,CR EN DEFICIENCE INTELLECTUELLE DE QUEBEC,2,5,42.0
2010-2011,CR EN DEFICIENCE INTELLECTUELLE DE QUEBEC,3,1,43.0
2010-2011,CR EN DEFICIENCE INTELLECTUELLE DE QUEBEC,3,2,84.0
2010-2011,CR EN DEFICIENCE INTELLECTUELLE DE QUEBEC,3,3,8.0
2010-2011,CR EN DEFICIENCE INTELLECTUELLE DE QUEBEC,3,5,135.0
2010-2011,CR EN DEFICIENCE INTELLECTUELLE DE QUEBEC,4,1,26.0
2010-2011,CR EN DEFICIENCE INTELLECTUELLE DE QUEBEC,4,2,71.0
2010-2011,CR EN DEFICIENCE INTELLECTUELLE DE QUEBEC,4,3,5.0
2010-2011,CR EN DEFICIENCE INTELLECTUELLE DE QUEBEC,4,5,102.0
2010-2011,CR EN DEFICIENCE INTELLECTUELLE DE QUEBEC,5,1,16.0
2010-2011,CR EN DEFICIENCE INTELLECTUELLE DE QUEBEC,5,2,41.0
2010-2011,CR EN DEFICIENCE INTELLECTUELLE DE QUEBEC,5,3,1.0
2010-2011,CR EN DEFICIENCE INTELLECTUELLE DE QUEBEC,5,5,58.0
2010-2011,CR EN DEFICIENCE INTELLECTUELLE DE QUEBEC,6,1,7.0
2010-2011,CR EN DEFICIENCE INTELLECTUELLE DE QUEBEC,6,2,22.0
2010-2011,CR EN DEFICIENCE INTELLECTUELLE DE QUEBEC,6,5,29.0
2010-2011,CR EN DEFICIENCE INTELLECTUELLE DE QUEBEC,7,2,2.0
2010-2011,CR EN DEFICIENCE INTELLECTUELLE DE QUEBEC,7,5,2.0
2010-2011,CR EN DEFICIENCE INTELLECTUELLE DE QUEBEC,8,1,101.0
2010-2011,CR EN DEFICIENCE INTELLECTUELLE DE QUEBEC,8,2,254.0
2010-2011,CR EN DEFICIENCE INTELLECTUELLE DE QUEBEC,8,3,18.0
2010-2011,CR EN DEFICIENCE INTELLECTUELLE DE QUEBEC,8,5,373.0
2010-2011,CR EN DEFICIENCE INTELLECTUELLE DU BAS-SAINT-LAURENT,1,1,1.0
2010-2011,CR EN DEFICIENCE INTELLECTUELLE DU BAS-SAINT-LAURENT,1,5,1.0
2010-2011,CR EN DEFICIENCE INTELLECTUELLE DU BAS-SAINT-LAURENT,2,1,24.0
2010-2011,CR EN DEFICIENCE INTELLECTUELLE DU BAS-SAINT-LAURENT,2,2,4.0
2010-2011,CR EN DEFICIENCE INTELLECTUELLE DU BAS-SAINT-LAURENT,2,3,5.0
2010-2011,CR EN DEFICIENCE INTELLECTUELLE DU BAS-SAINT-LAURENT,2,4,1.0
2010-2011,CR EN DEFICIENCE INTELLECTUELLE DU BAS-SAINT-LAURENT,2,5,34.0
2010-2011,CR EN DEFICIENCE INTELLECTUELLE DU BAS-SAINT-LAURENT,3,1,37.0
2010-2011,CR EN DEFICIENCE INTELLECTUELLE DU BAS-SAINT-LAURENT,3,2,16.0
2010-2011,CR EN DEFICIENCE INTELLECTUELLE DU BAS-SAINT-LAURENT,3,3,11.0
2010-2011,CR EN DEFICIENCE INTELLECTUELLE DU BAS-SAINT-LAURENT,3,4,1.0
2010-2011,CR EN DEFICIENCE INTELLECTUELLE DU BAS-SAINT-LAURENT,3,5,65.0
2010-2011,CR EN DEFICIENCE INTELLECTUELLE DU BAS-SAINT-LAURENT,4,1,31.0
2010-2011,CR EN DEFICIENCE INTELLECTUELLE DU BAS-SAINT-LAURENT,4,2,15.0
2010-2011,CR EN DEFICIENCE INTELLECTUELLE DU BAS-SAINT-LAURENT,4,3,4.0
2010-2011,CR EN DEFICIENCE INTELLECTUELLE DU BAS-SAINT-LAURENT,4,5,50.0
2010-2011,CR EN DEFICIENCE INTELLECTUELLE DU BAS-SAINT-LAURENT,5,1,4.0
2010-2011,CR EN DEFICIENCE INTELLECTUELLE DU BAS-SAINT-LAURENT,5,2,3.0
2010-2011,CR EN DEFICIENCE INTELLECTUELLE DU BAS-SAINT-LAURENT,5,3,1.0
2010-2011,CR EN DEFICIENCE INTELLECTUELLE DU BAS-SAINT-LAURENT,5,5,8.0
2010-2011,CR EN DEFICIENCE INTELLECTUELLE DU BAS-SAINT-LAURENT,6,1,3.0
2010-2011,CR EN DEFICIENCE INTELLECTUELLE DU BAS-SAINT-LAURENT,6,5,3.0
2010-2011,CR EN DEFICIENCE INTELLECTUELLE DU BAS-SAINT-LAURENT,8,1,100.0
2010-2011,CR EN DEFICIENCE INTELLECTUELLE DU BAS-SAINT-LAURENT,8,2,38.0
2010-2011,CR EN DEFICIENCE INTELLECTUELLE DU BAS-SAINT-LAURENT,8,3,21.0
2010-2011,CR EN DEFICIENCE INTELLECTUELLE DU BAS-SAINT-LAURENT,8,4,2.0
2010-2011,CR EN DEFICIENCE INTELLECTUELLE DU BAS-SAINT-LAURENT,8,5,161.0
2010-2011,CR EN DEFICIENCE INTELLECTUELLE GABRIELLE-MAJOR,1,1,1.0
2010-2011,CR EN DEFICIENCE INTELLECTUELLE GABRIELLE-MAJOR,1,5,1.0
2010-2011,CR EN DEFICIENCE INTELLECTUELLE GABRIELLE-MAJOR,2,1,2.0
2010-2011,CR EN DEFICIENCE INTELLECTUELLE GABRIELLE-MAJOR,2,2,12.0
2010-2011,CR EN DEFICIENCE INTELLECTUELLE GABRIELLE-MAJOR,2,3,1.0
2010-2011,CR EN DEFICIENCE INTELLECTUELLE GABRIELLE-MAJOR,2,4,1.0
2010-2011,CR EN DEFICIENCE INTELLECTUELLE GABRIELLE-MAJOR,2,5,16.0
2010-2011,CR EN DEFICIENCE INTELLECTUELLE GABRIELLE-MAJOR,3,1,12.0
2010-2011,CR EN DEFICIENCE INTELLECTUELLE GABRIELLE-MAJOR,3,2,68.0
2010-2011,CR EN DEFICIENCE INTELLECTUELLE GABRIELLE-MAJOR,3,3,6.0
2010-2011,CR EN DEFICIENCE INTELLECTUELLE GABRIELLE-MAJOR,3,4,1.0
2010-2011,CR EN DEFICIENCE INTELLECTUELLE GABRIELLE-MAJOR,3,5,87.0
2010-2011,CR EN DEFICIENCE INTELLECTUELLE GABRIELLE-MAJOR,4,1,14.0
2010-2011,CR EN DEFICIENCE INTELLECTUELLE GABRIELLE-MAJOR,4,2,87.0
2010-2011,CR EN DEFICIENCE INTELLECTUELLE GABRIELLE-MAJOR,4,3,3.0
2010-2011,CR EN DEFICIENCE INTELLECTUELLE GABRIELLE-MAJOR,4,5,104.0
2010-2011,CR EN DEFICIENCE INTELLECTUELLE GABRIELLE-MAJOR,5,1,9.0
2010-2011,CR EN DEFICIENCE INTELLECTUELLE GABRIELLE-MAJOR,5,2,38.0
2010-2011,CR EN DEFICIENCE INTELLECTUELLE GABRIELLE-MAJOR,5,3,2.0
2010-2011,CR EN DEFICIENCE INTELLECTUELLE GABRIELLE-MAJOR,5,4,1.0
2010-2011,CR EN DEFICIENCE INTELLECTUELLE GABRIELLE-MAJOR,5,5,50.0
2010-2011,CR EN DEFICIENCE INTELLECTUELLE GABRIELLE-MAJOR,6,1,2.0
2010-2011,CR EN DEFICIENCE INTELLECTUELLE GABRIELLE-MAJOR,6,2,11.0
2010-2011,CR EN DEFICIENCE INTELLECTUELLE GABRIELLE-MAJOR,6,4,1.0
2010-2011,CR EN DEFICIENCE INTELLECTUELLE GABRIELLE-MAJOR,6,5,14.0
2010-2011,CR EN DEFICIENCE INTELLECTUELLE GABRIELLE-MAJOR,8,1,40.0
2010-2011,CR EN DEFICIENCE INTELLECTUELLE GABRIELLE-MAJOR,8,2,216.0
2010-2011,CR EN DEFICIENCE INTELLECTUELLE GABRIELLE-MAJOR,8,3,12.0
2010-2011,CR EN DEFICIENCE INTELLECTUELLE GABRIELLE-MAJOR,8,4,4.0
2010-2011,CR EN DEFICIENCE INTELLECTUELLE GABRIELLE-MAJOR,8,5,272.0
2010-2011,CR EN DEFICIENCE INTELLECTUELLE MONTEREGIE-EST,1,2,1.0
2010-2011,CR EN DEFICIENCE INTELLECTUELLE MONTEREGIE-EST,1,5,1.0
2010-2011,CR EN DEFICIENCE INTELLECTUELLE MONTEREGIE-EST,2,1,4.0
2010-2011,CR EN DEFICIENCE INTELLECTUELLE MONTEREGIE-EST,2,2,5.0
2010-2011,CR EN DEFICIENCE INTELLECTUELLE MONTEREGIE-EST,2,5,9.0
2010-2011,CR EN DEFICIENCE INTELLECTUELLE MONTEREGIE-EST,3,1,51.0
2010-2011,CR EN DEFICIENCE INTELLECTUELLE MONTEREGIE-EST,3,2,31.0
2010-2011,CR EN DEFICIENCE INTELLECTUELLE MONTEREGIE-EST,3,3,7.0
2010-2011,CR EN DEFICIENCE INTELLECTUELLE MONTEREGIE-EST,3,4,1.0
2010-2011,CR EN DEFICIENCE INTELLECTUELLE MONTEREGIE-EST,3,5,90.0
2010-2011,CR EN DEFICIENCE INTELLECTUELLE MONTEREGIE-EST,4,1,79.0
2010-2011,CR EN DEFICIENCE INTELLECTUELLE MONTEREGIE-EST,4,2,31.0
2010-2011,CR EN DEFICIENCE INTELLECTUELLE MONTEREGIE-EST,4,3,7.0
2010-2011,CR EN DEFICIENCE INTELLECTUELLE MONTEREGIE-EST,4,4,1.0
2010-2011,CR EN DEFICIENCE INTELLECTUELLE MONTEREGIE-EST,4,5,118.0
2010-2011,CR EN DEFICIENCE INTELLECTUELLE MONTEREGIE-EST,5,1,17.0
2010-2011,CR EN DEFICIENCE INTELLECTUELLE MONTEREGIE-EST,5,2,8.0
2010-2011,CR EN DEFICIENCE INTELLECTUELLE MONTEREGIE-EST,5,3,1.0
2010-2011,CR EN DEFICIENCE INTELLECTUELLE MONTEREGIE-EST,5,5,26.0
2010-2011,CR EN DEFICIENCE INTELLECTUELLE MONTEREGIE-EST,6,1,3.0
2010-2011,CR EN DEFICIENCE INTELLECTUELLE MONTEREGIE-EST,6,2,1.0
2010-2011,CR EN DEFICIENCE INTELLECTUELLE MONTEREGIE-EST,6,5,4.0
2010-2011,CR EN DEFICIENCE INTELLECTUELLE MONTEREGIE-EST,8,1,154.0
2010-2011,CR EN DEFICIENCE INTELLECTUELLE MONTEREGIE-EST,8,2,77.0
2010-2011,CR EN DEFICIENCE INTELLECTUELLE MONTEREGIE-EST,8,3,15.0
2010-2011,CR EN DEFICIENCE INTELLECTUELLE MONTEREGIE-EST,8,4,2.0
2010-2011,CR EN DEFICIENCE INTELLECTUELLE MONTEREGIE-EST,8,5,248.0
2010-2011,CRDI NORMAND-LARAMEE,1,1,0.0
2010-2011,CRDI NORMAND-LARAMEE,1,2,1.0
2010-2011,CRDI NORMAND-LARAMEE,1,3,0.0
2010-2011,CRDI NORMAND-LARAMEE,1,4,2.0
2010-2011,CRDI NORMAND-LARAMEE,1,5,3.0
2010-2011,CRDI NORMAND-LARAMEE,2,1,1.0
2010-2011,CRDI NORMAND-LARAMEE,2,2,14.0
2010-2011,CRDI NORMAND-LARAMEE,2,3,0.0
2010-2011,CRDI NORMAND-LARAMEE,2,4,9.0
2010-2011,CRDI NORMAND-LARAMEE,2,5,24.0
2010-2011,CRDI NORMAND-LARAMEE,3,1,7.0
2010-2011,CRDI NORMAND-LARAMEE,3,2,35.0
2010-2011,CRDI NORMAND-LARAMEE,3,3,0.0
2010-2011,CRDI NORMAND-LARAMEE,3,4,13.0
2010-2011,CRDI NORMAND-LARAMEE,3,5,55.0
2010-2011,CRDI NORMAND-LARAMEE,4,1,8.0
2010-2011,CRDI NORMAND-LARAMEE,4,2,35.0
2010-2011,CRDI NORMAND-LARAMEE,4,3,0.0
2010-2011,CRDI NORMAND-LARAMEE,4,4,2.0
2010-2011,CRDI NORMAND-LARAMEE,4,5,45.0
2010-2011,CRDI NORMAND-LARAMEE,5,1,4.0
2010-2011,CRDI NORMAND-LARAMEE,5,2,20.0
2010-2011,CRDI NORMAND-LARAMEE,5,3,0.0
2010-2011,CRDI NORMAND-LARAMEE,5,4,5.0
2010-2011,CRDI NORMAND-LARAMEE,5,5,29.0
2010-2011,CRDI NORMAND-LARAMEE,6,1,0.0
2010-2011,CRDI NORMAND-LARAMEE,6,2,8.0
2010-2011,CRDI NORMAND-LARAMEE,6,3,0.0
2010-2011,CRDI NORMAND-LARAMEE,6,4,3.0
2010-2011,CRDI NORMAND-LARAMEE,6,5,11.0
2010-2011,CRDI NORMAND-LARAMEE,7,1,0.0
2010-2011,CRDI NORMAND-LARAMEE,7,2,0.0
2010-2011,CRDI NORMAND-LARAMEE,7,3,0.0
2010-2011,CRDI NORMAND-LARAMEE,7,4,0.0
2010-2011,CRDI NORMAND-LARAMEE,7,5,0.0
2010-2011,CRDI NORMAND-LARAMEE,8,1,20.0
2010-2011,CRDI NORMAND-LARAMEE,8,2,113.0
2010-2011,CRDI NORMAND-LARAMEE,8,3,0.0
2010-2011,CRDI NORMAND-LARAMEE,8,4,34.0
2010-2011,CRDI NORMAND-LARAMEE,8,5,167.0
2010-2011,CRDITED DE LA MAURICIE-ET-DU-CENTRE-DU-QUEBEC - IU,1,1,1.0
2010-2011,CRDITED DE LA MAURICIE-ET-DU-CENTRE-DU-QUEBEC - IU,1,5,1.0
2010-2011,CRDITED DE LA MAURICIE-ET-DU-CENTRE-DU-QUEBEC - IU,2,1,14.0
2010-2011,CRDITED DE LA MAURICIE-ET-DU-CENTRE-DU-QUEBEC - IU,2,2,11.0
2010-2011,CRDITED DE LA MAURICIE-ET-DU-CENTRE-DU-QUEBEC - IU,2,3,1.0
2010-2011,CRDITED DE LA MAURICIE-ET-DU-CENTRE-DU-QUEBEC - IU,2,5,26.0
2010-2011,CRDITED DE LA MAURICIE-ET-DU-CENTRE-DU-QUEBEC - IU,3,1,50.0
2010-2011,CRDITED DE LA MAURICIE-ET-DU-CENTRE-DU-QUEBEC - IU,3,2,58.0
2010-2011,CRDITED DE LA MAURICIE-ET-DU-CENTRE-DU-QUEBEC - IU,3,3,3.0
2010-2011,CRDITED DE LA MAURICIE-ET-DU-CENTRE-DU-QUEBEC - IU,3,5,111.0
2010-2011,CRDITED DE LA MAURICIE-ET-DU-CENTRE-DU-QUEBEC - IU,4,1,44.0
2010-2011,CRDITED DE LA MAURICIE-ET-DU-CENTRE-DU-QUEBEC - IU,4,2,51.0
2010-2011,CRDITED DE LA MAURICIE-ET-DU-CENTRE-DU-QUEBEC - IU,4,3,6.0
2010-2011,CRDITED DE LA MAURICIE-ET-DU-CENTRE-DU-QUEBEC - IU,4,5,101.0
2010-2011,CRDITED DE LA MAURICIE-ET-DU-CENTRE-DU-QUEBEC - IU,5,1,21.0
2010-2011,CRDITED DE LA MAURICIE-ET-DU-CENTRE-DU-QUEBEC - IU,5,2,34.0
2010-2011,CRDITED DE LA MAURICIE-ET-DU-CENTRE-DU-QUEBEC - IU,5,3,2.0
2010-2011,CRDITED DE LA MAURICIE-ET-DU-CENTRE-DU-QUEBEC - IU,5,5,57.0
2010-2011,CRDITED DE LA MAURICIE-ET-DU-CENTRE-DU-QUEBEC - IU,6,1,33.0
2010-2011,CRDITED DE LA MAURICIE-ET-DU-CENTRE-DU-QUEBEC - IU,6,2,13.0
2010-2011,CRDITED DE LA MAURICIE-ET-DU-CENTRE-DU-QUEBEC - IU,6,5,46.0
2010-2011,CRDITED DE LA MAURICIE-ET-DU-CENTRE-DU-QUEBEC - IU,7,1,1.0
2010-2011,CRDITED DE LA MAURICIE-ET-DU-CENTRE-DU-QUEBEC - IU,7,2,1.0
2010-2011,CRDITED DE LA MAURICIE-ET-DU-CENTRE-DU-QUEBEC - IU,7,5,2.0
2010-2011,CRDITED DE LA MAURICIE-ET-DU-CENTRE-DU-QUEBEC - IU,8,1,164.0
2010-2011,CRDITED DE LA MAURICIE-ET-DU-CENTRE-DU-QUEBEC - IU,8,2,168.0
2010-2011,CRDITED DE LA MAURICIE-ET-DU-CENTRE-DU-QUEBEC - IU,8,3,12.0
2010-2011,CRDITED DE LA MAURICIE-ET-DU-CENTRE-DU-QUEBEC - IU,8,5,344.0
2010-2011,CRDITED DU SAGUENAY - LAC-SAINT-JEAN,1,1,2.0
2010-2011,CRDITED DU SAGUENAY - LAC-SAINT-JEAN,1,2,0.0
2010-2011,CRDITED DU SAGUENAY - LAC-SAINT-JEAN,1,3,2.0
2010-2011,CRDITED DU SAGUENAY - LAC-SAINT-JEAN,1,4,0.0
2010-2011,CRDITED DU SAGUENAY - LAC-SAINT-JEAN,1,5,4.0
2010-2011,CRDITED DU SAGUENAY - LAC-SAINT-JEAN,2,1,9.0
2010-2011,CRDITED DU SAGUENAY - LAC-SAINT-JEAN,2,2,7.0
2010-2011,CRDITED DU SAGUENAY - LAC-SAINT-JEAN,2,3,12.0
2010-2011,CRDITED DU SAGUENAY - LAC-SAINT-JEAN,2,4,0.0
2010-2011,CRDITED DU SAGUENAY - LAC-SAINT-JEAN,2,5,28.0
2010-2011,CRDITED DU SAGUENAY - LAC-SAINT-JEAN,3,1,34.0
2010-2011,CRDITED DU SAGUENAY - LAC-SAINT-JEAN,3,2,27.0
2010-2011,CRDITED DU SAGUENAY - LAC-SAINT-JEAN,3,3,35.0
2010-2011,CRDITED DU SAGUENAY - LAC-SAINT-JEAN,3,4,0.0
2010-2011,CRDITED DU SAGUENAY - LAC-SAINT-JEAN,3,5,96.0
2010-2011,CRDITED DU SAGUENAY - LAC-SAINT-JEAN,4,1,57.0
2010-2011,CRDITED DU SAGUENAY - LAC-SAINT-JEAN,4,2,14.0
2010-2011,CRDITED DU SAGUENAY - LAC-SAINT-JEAN,4,3,22.0
2010-2011,CRDITED DU SAGUENAY - LAC-SAINT-JEAN,4,4,1.0
2010-2011,CRDITED DU SAGUENAY - LAC-SAINT-JEAN,4,5,94.0
2010-2011,CRDITED DU SAGUENAY - LAC-SAINT-JEAN,5,1,9.0
2010-2011,CRDITED DU SAGUENAY - LAC-SAINT-JEAN,5,2,13.0
2010-2011,CRDITED DU SAGUENAY - LAC-SAINT-JEAN,5,3,7.0
2010-2011,CRDITED DU SAGUENAY - LAC-SAINT-JEAN,5,4,0.0
2010-2011,CRDITED DU SAGUENAY - LAC-SAINT-JEAN,5,5,29.0
2010-2011,CRDITED DU SAGUENAY - LAC-SAINT-JEAN,6,1,20.0
2010-2011,CRDITED DU SAGUENAY - LAC-SAINT-JEAN,6,2,12.0
2010-2011,CRDITED DU SAGUENAY - LAC-SAINT-JEAN,6,3,6.0
2010-2011,CRDITED DU SAGUENAY - LAC-SAINT-JEAN,6,4,0.0
2010-2011,CRDITED DU SAGUENAY - LAC-SAINT-JEAN,6,5,38.0
2010-2011,CRDITED DU SAGUENAY - LAC-SAINT-JEAN,7,1,2.0
2010-2011,CRDITED DU SAGUENAY - LAC-SAINT-JEAN,7,2,3.0
2010-2011,CRDITED DU SAGUENAY - LAC-SAINT-JEAN,7,3,0.0
2010-2011,CRDITED DU SAGUENAY - LAC-SAINT-JEAN,7,4,0.0
2010-2011,CRDITED DU SAGUENAY - LAC-SAINT-JEAN,7,5,5.0
2010-2011,CRDITED DU SAGUENAY - LAC-SAINT-JEAN,8,1,133.0
2010-2011,CRDITED DU SAGUENAY - LAC-SAINT-JEAN,8,2,76.0
2010-2011,CRDITED DU SAGUENAY - LAC-SAINT-JEAN,8,3,84.0
2010-2011,CRDITED DU SAGUENAY - LAC-SAINT-JEAN,8,4,1.0
2010-2011,CRDITED DU SAGUENAY - LAC-SAINT-JEAN,8,5,294.0
2010-2011,CSSS DE CHARLEVOIX,1,1,0.0
2010-2011,CSSS DE CHARLEVOIX,1,2,0.0
2010-2011,CSSS DE CHARLEVOIX,1,3,0.0
2010-2011,CSSS DE CHARLEVOIX,1,4,0.0
2010-2011,CSSS DE CHARLEVOIX,1,5,0.0
2010-2011,CSSS DE CHARLEVOIX,2,1,1.0
2010-2011,CSSS DE CHARLEVOIX,2,2,1.0
2010-2011,CSSS DE CHARLEVOIX,2,3,0.0
2010-2011,CSSS DE CHARLEVOIX,2,4,0.0
2010-2011,CSSS DE CHARLEVOIX,2,5,2.0
2010-2011,CSSS DE CHARLEVOIX,3,1,7.0
2010-2011,CSSS DE CHARLEVOIX,3,2,14.0
2010-2011,CSSS DE CHARLEVOIX,3,3,7.0
2010-2011,CSSS DE CHARLEVOIX,3,4,0.0
2010-2011,CSSS DE CHARLEVOIX,3,5,28.0
2010-2011,CSSS DE CHARLEVOIX,4,1,40.0
2010-2011,CSSS DE CHARLEVOIX,4,2,54.0
2010-2011,CSSS DE CHARLEVOIX,4,3,17.0
2010-2011,CSSS DE CHARLEVOIX,4,4,0.0
2010-2011,CSSS DE CHARLEVOIX,4,5,111.0
2010-2011,CSSS DE CHARLEVOIX,5,1,44.0
2010-2011,CSSS DE CHARLEVOIX,5,2,45.0
2010-2011,CSSS DE CHARLEVOIX,5,3,12.0
2010-2011,CSSS DE CHARLEVOIX,5,4,0.0
2010-2011,CSSS DE CHARLEVOIX,5,5,101.0
2010-2011,CSSS DE CHARLEVOIX,6,1,11.0
2010-2011,CSSS DE CHARLEVOIX,6,2,13.0
2010-2011,CSSS DE CHARLEVOIX,6,3,2.0
2010-2011,CSSS DE CHARLEVOIX,6,4,1.0
2010-2011,CSSS DE CHARLEVOIX,6,5,27.0
2010-2011,CSSS DE CHARLEVOIX,7,1,4.0
2010-2011,CSSS DE CHARLEVOIX,7,2,4.0
2010-2011,CSSS DE CHARLEVOIX,7,3,0.0
2010-2011,CSSS DE CHARLEVOIX,7,4,0.0
2010-2011,CSSS DE CHARLEVOIX,7,5,8.0
2010-2011,CSSS DE CHARLEVOIX,8,1,107.0
2010-2011,CSSS DE CHARLEVOIX,8,2,131.0
2010-2011,CSSS DE CHARLEVOIX,8,3,38.0
2010-2011,CSSS DE CHARLEVOIX,8,4,1.0
2010-2011,CSSS DE CHARLEVOIX,8,5,277.0
2010-2011,CSSS DES ILES,2,2,1.0
2010-2011,CSSS DES ILES,2,5,1.0
2010-2011,CSSS DES ILES,3,1,2.0
2010-2011,CSSS DES ILES,3,2,2.0
2010-2011,CSSS DES ILES,3,5,4.0
2010-2011,CSSS DES ILES,4,2,2.0
2010-2011,CSSS DES ILES,4,5,2.0
2010-2011,CSSS DES ILES,5,1,1.0
2010-2011,CSSS DES ILES,5,2,1.0
2010-2011,CSSS DES ILES,5,5,2.0
2010-2011,CSSS DES ILES,6,1,1.0
2010-2011,CSSS DES ILES,6,2,1.0
2010-2011,CSSS DES ILES,6,5,2.0
2010-2011,CSSS DES ILES,7,1,1.0
2010-2011,CSSS DES ILES,7,5,1.0
2010-2011,CSSS DES ILES,8,1,5.0
2010-2011,CSSS DES ILES,8,2,7.0
2010-2011,CSSS DES ILES,8,5,12.0
2010-2011,LE CENTRE DE READAPTATION DE LA GASPESIE,1,1,1.0
2010-2011,LE CENTRE DE READAPTATION DE LA GASPESIE,1,5,1.0
2010-2011,LE CENTRE DE READAPTATION DE LA GASPESIE,2,1,5.0
2010-2011,LE CENTRE DE READAPTATION DE LA GASPESIE,2,3,1.0
2010-2011,LE CENTRE DE READAPTATION DE LA GASPESIE,2,5,6.0
2010-2011,LE CENTRE DE READAPTATION DE LA GASPESIE,3,1,18.0
2010-2011,LE CENTRE DE READAPTATION DE LA GASPESIE,3,2,6.0
2010-2011,LE CENTRE DE READAPTATION DE LA GASPESIE,3,3,12.0
2010-2011,LE CENTRE DE READAPTATION DE LA GASPESIE,3,5,36.0
2010-2011,LE CENTRE DE READAPTATION DE LA GASPESIE,4,1,17.0
2010-2011,LE CENTRE DE READAPTATION DE LA GASPESIE,4,2,11.0
2010-2011,LE CENTRE DE READAPTATION DE LA GASPESIE,4,3,4.0
2010-2011,LE CENTRE DE READAPTATION DE LA GASPESIE,4,5,32.0
2010-2011,LE CENTRE DE READAPTATION DE LA GASPESIE,5,1,15.0
2010-2011,LE CENTRE DE READAPTATION DE LA GASPESIE,5,2,3.0
2010-2011,LE CENTRE DE READAPTATION DE LA GASPESIE,5,3,1.0
2010-2011,LE CENTRE DE READAPTATION DE LA GASPESIE,5,5,19.0
2010-2011,LE CENTRE DE READAPTATION DE LA GASPESIE,6,1,3.0
2010-2011,LE CENTRE DE READAPTATION DE LA GASPESIE,6,2,2.0
2010-2011,LE CENTRE DE READAPTATION DE LA GASPESIE,6,5,5.0
2010-2011,LE CENTRE DE READAPTATION DE LA GASPESIE,8,1,59.0
2010-2011,LE CENTRE DE READAPTATION DE LA GASPESIE,8,2,22.0
2010-2011,LE CENTRE DE READAPTATION DE LA GASPESIE,8,3,18.0
2010-2011,LE CENTRE DE READAPTATION DE LA GASPESIE,8,5,99.0
2010-2011,LES SERVICES DE READAPTATION DU SUD-OUEST ET DU RENFORT,1,1,1.0
2010-2011,LES SERVICES DE READAPTATION DU SUD-OUEST ET DU RENFORT,1,2,1.0
2010-2011,LES SERVICES DE READAPTATION DU SUD-OUEST ET DU RENFORT,1,3,3.0
2010-2011,LES SERVICES DE READAPTATION DU SUD-OUEST ET DU RENFORT,1,5,5.0
2010-2011,LES SERVICES DE READAPTATION DU SUD-OUEST ET DU RENFORT,2,1,19.0
2010-2011,LES SERVICES DE READAPTATION DU SUD-OUEST ET DU RENFORT,2,2,18.0
2010-2011,LES SERVICES DE READAPTATION DU SUD-OUEST ET DU RENFORT,2,3,10.0
2010-2011,LES SERVICES DE READAPTATION DU SUD-OUEST ET DU RENFORT,2,5,47.0
2010-2011,LES SERVICES DE READAPTATION DU SUD-OUEST ET DU RENFORT,3,1,63.0
2010-2011,LES SERVICES DE READAPTATION DU SUD-OUEST ET DU RENFORT,3,2,33.0
2010-2011,LES SERVICES DE READAPTATION DU SUD-OUEST ET DU RENFORT,3,3,21.0
2010-2011,LES SERVICES DE READAPTATION DU SUD-OUEST ET DU RENFORT,3,5,117.0
2010-2011,LES SERVICES DE READAPTATION DU SUD-OUEST ET DU RENFORT,4,1,33.0
2010-2011,LES SERVICES DE READAPTATION DU SUD-OUEST ET DU RENFORT,4,2,14.0
2010-2011,LES SERVICES DE READAPTATION DU SUD-OUEST ET DU RENFORT,4,3,6.0
2010-2011,LES SERVICES DE READAPTATION DU SUD-OUEST ET DU RENFORT,4,5,53.0
2010-2011,LES SERVICES DE READAPTATION DU SUD-OUEST ET DU RENFORT,5,1,10.0
2010-2011,LES SERVICES DE READAPTATION DU SUD-OUEST ET DU RENFORT,5,2,1.0
2010-2011,LES SERVICES DE READAPTATION DU SUD-OUEST ET DU RENFORT,5,3,1.0
2010-2011,LES SERVICES DE READAPTATION DU SUD-OUEST ET DU RENFORT,5,5,12.0
2010-2011,LES SERVICES DE READAPTATION DU SUD-OUEST ET DU RENFORT,6,1,1.0
2010-2011,LES SERVICES DE READAPTATION DU SUD-OUEST ET DU RENFORT,6,4,1.0
2010-2011,LES SERVICES DE READAPTATION DU SUD-OUEST ET DU RENFORT,6,5,2.0
2010-2011,LES SERVICES DE READAPTATION DU SUD-OUEST ET DU RENFORT,8,1,127.0
2010-2011,LES SERVICES DE READAPTATION DU SUD-OUEST ET DU RENFORT,8,2,67.0
2010-2011,LES SERVICES DE READAPTATION DU SUD-OUEST ET DU RENFORT,8,3,41.0
2010-2011,LES SERVICES DE READAPTATION DU SUD-OUEST ET DU RENFORT,8,4,1.0
2010-2011,LES SERVICES DE READAPTATION DU SUD-OUEST ET DU RENFORT,8,5,236.0
2010-2011,PAVILLON DU PARC,2,1,1.0
2010-2011,PAVILLON DU PARC,2,2,2.0
2010-2011,PAVILLON DU PARC,2,3,15.0
2010-2011,PAVILLON DU PARC,2,5,18.0
2010-2011,PAVILLON DU PARC,3,1,15.0
2010-2011,PAVILLON DU PARC,3,2,9.0
2010-2011,PAVILLON DU PARC,3,3,35.0
2010-2011,PAVILLON DU PARC,3,5,59.0
2010-2011,PAVILLON DU PARC,4,1,11.0
2010-2011,PAVILLON DU PARC,4,2,6.0
2010-2011,PAVILLON DU PARC,4,3,9.0
2010-2011,PAVILLON DU PARC,4,5,26.0
2010-2011,PAVILLON DU PARC,5,1,1.0
2010-2011,PAVILLON DU PARC,5,2,2.0
2010-2011,PAVILLON DU PARC,5,3,1.0
2010-2011,PAVILLON DU PARC,5,4,1.0
2010-2011,PAVILLON DU PARC,5,5,5.0
2010-2011,PAVILLON DU PARC,6,4,1.0
2010-2011,PAVILLON DU PARC,6,5,1.0
2010-2011,PAVILLON DU PARC,8,1,28.0
2010-2011,PAVILLON DU PARC,8,2,19.0
2010-2011,PAVILLON DU PARC,8,3,60.0
2010-2011,PAVILLON DU PARC,8,4,2.0
2010-2011,PAVILLON DU PARC,8,5,109.0
2010-2011,PAVILLON STE-MARIE INC.,2,3,3.0
2010-2011,PAVILLON STE-MARIE INC.,2,4,19.0
2010-2011,PAVILLON STE-MARIE INC.,2,5,22.0
2010-2011,PAVILLON STE-MARIE INC.,3,4,12.0
2010-2011,PAVILLON STE-MARIE INC.,3,5,12.0
2010-2011,PAVILLON STE-MARIE INC.,4,4,14.0
2010-2011,PAVILLON STE-MARIE INC.,4,5,14.0
2010-2011,PAVILLON STE-MARIE INC.,8,3,3.0
2010-2011,PAVILLON STE-MARIE INC.,8,4,45.0
2010-2011,PAVILLON STE-MARIE INC.,8,5,48.0
2010-2011,SERVICES DE READAPTATION L'INTEGRALE,1,2,2.0
2010-2011,SERVICES DE READAPTATION L'INTEGRALE,1,3,1.0
2010-2011,SERVICES DE READAPTATION L'INTEGRALE,1,5,3.0
2010-2011,SERVICES DE READAPTATION L'INTEGRALE,2,1,3.0
2010-2011,SERVICES DE READAPTATION L'INTEGRALE,2,2,31.0
2010-2011,SERVICES DE READAPTATION L'INTEGRALE,2,3,5.0
2010-2011,SERVICES DE READAPTATION L'INTEGRALE,2,5,39.0
2010-2011,SERVICES DE READAPTATION L'INTEGRALE,3,1,6.0
2010-2011,SERVICES DE READAPTATION L'INTEGRALE,3,2,58.0
2010-2011,SERVICES DE READAPTATION L'INTEGRALE,3,3,2.0
2010-2011,SERVICES DE READAPTATION L'INTEGRALE,3,5,66.0
2010-2011,SERVICES DE READAPTATION L'INTEGRALE,4,1,2.0
2010-2011,SERVICES DE READAPTATION L'INTEGRALE,4,2,33.0
2010-2011,SERVICES DE READAPTATION L'INTEGRALE,4,3,3.0
2010-2011,SERVICES DE READAPTATION L'INTEGRALE,4,5,38.0
2010-2011,SERVICES DE READAPTATION L'INTEGRALE,5,2,8.0
2010-2011,SERVICES DE READAPTATION L'INTEGRALE,5,5,8.0
2010-2011,SERVICES DE READAPTATION L'INTEGRALE,6,1,4.0
2010-2011,SERVICES DE READAPTATION L'INTEGRALE,6,2,2.0
2010-2011,SERVICES DE READAPTATION L'INTEGRALE,6,5,6.0
2010-2011,SERVICES DE READAPTATION L'INTEGRALE,8,1,15.0
2010-2011,SERVICES DE READAPTATION L'INTEGRALE,8,2,134.0
2010-2011,SERVICES DE READAPTATION L'INTEGRALE,8,3,11.0
2010-2011,SERVICES DE READAPTATION L'INTEGRALE,8,5,160.0
2011-2012,CENTRE D'ACCUEIL DIXVILLE INC.,1,1,1.0
2011-2012,CENTRE D'ACCUEIL DIXVILLE INC.,1,2,0.0
2011-2012,CENTRE D'ACCUEIL DIXVILLE INC.,1,3,0.0
2011-2012,CENTRE D'ACCUEIL DIXVILLE INC.,1,4,0.0
2011-2012,CENTRE D'ACCUEIL DIXVILLE INC.,1,5,1.0
2011-2012,CENTRE D'ACCUEIL DIXVILLE INC.,2,1,8.0
2011-2012,CENTRE D'ACCUEIL DIXVILLE INC.,2,2,0.0
2011-2012,CENTRE D'ACCUEIL DIXVILLE INC.,2,3,6.0
2011-2012,CENTRE D'ACCUEIL DIXVILLE INC.,2,4,0.0
2011-2012,CENTRE D'ACCUEIL DIXVILLE INC.,2,5,14.0
2011-2012,CENTRE D'ACCUEIL DIXVILLE INC.,3,1,26.0
2011-2012,CENTRE D'ACCUEIL DIXVILLE INC.,3,2,3.0
2011-2012,CENTRE D'ACCUEIL DIXVILLE INC.,3,3,4.0
2011-2012,CENTRE D'ACCUEIL DIXVILLE INC.,3,4,0.0
2011-2012,CENTRE D'ACCUEIL DIXVILLE INC.,3,5,33.0
2011-2012,CENTRE D'ACCUEIL DIXVILLE INC.,4,1,23.0
2011-2012,CENTRE D'ACCUEIL DIXVILLE INC.,4,2,1.0
2011-2012,CENTRE D'ACCUEIL DIXVILLE INC.,4,3,12.0
2011-2012,CENTRE D'ACCUEIL DIXVILLE INC.,4,4,0.0
2011-2012,CENTRE D'ACCUEIL DIXVILLE INC.,4,5,36.0
2011-2012,CENTRE D'ACCUEIL DIXVILLE INC.,5,1,12.0
2011-2012,CENTRE D'ACCUEIL DIXVILLE INC.,5,2,0.0
2011-2012,CENTRE D'ACCUEIL DIXVILLE INC.,5,3,3.0
2011-2012,CENTRE D'ACCUEIL DIXVILLE INC.,5,4,0.0
2011-2012,CENTRE D'ACCUEIL DIXVILLE INC.,5,5,15.0
2011-2012,CENTRE D'ACCUEIL DIXVILLE INC.,6,1,0.0
2011-2012,CENTRE D'ACCUEIL DIXVILLE INC.,6,2,0.0
2011-2012,CENTRE D'ACCUEIL DIXVILLE INC.,6,3,0.0
2011-2012,CENTRE D'ACCUEIL DIXVILLE INC.,6,4,0.0
2011-2012,CENTRE D'ACCUEIL DIXVILLE INC.,6,5,0.0
2011-2012,CENTRE D'ACCUEIL DIXVILLE INC.,7,1,0.0
2011-2012,CENTRE D'ACCUEIL DIXVILLE INC.,7,2,0.0
2011-2012,CENTRE D'ACCUEIL DIXVILLE INC.,7,3,0.0
2011-2012,CENTRE D'ACCUEIL DIXVILLE INC.,7,4,1.0
2011-2012,CENTRE D'ACCUEIL DIXVILLE INC.,7,5,1.0
2011-2012,CENTRE D'ACCUEIL DIXVILLE INC.,8,1,70.0
2011-2012,CENTRE D'ACCUEIL DIXVILLE INC.,8,2,4.0
2011-2012,CENTRE D'ACCUEIL DIXVILLE INC.,8,3,25.0
2011-2012,CENTRE D'ACCUEIL DIXVILLE INC.,8,4,1.0
2011-2012,CENTRE D'ACCUEIL DIXVILLE INC.,8,5,100.0
2011-2012,CENTRE DE PROTECTION ET DE READAPTATION DE LA COTE-NORD,1,2,1.0
2011-2012,CENTRE DE PROTECTION ET DE READAPTATION DE LA COTE-NORD,1,5,1.0
2011-2012,CENTRE DE PROTECTION ET DE READAPTATION DE LA COTE-NORD,2,1,1.0
2011-2012,CENTRE DE PROTECTION ET DE READAPTATION DE LA COTE-NORD,2,2,12.0
2011-2012,CENTRE DE PROTECTION ET DE READAPTATION DE LA COTE-NORD,2,3,1.0
2011-2012,CENTRE DE PROTECTION ET DE READAPTATION DE LA COTE-NORD,2,5,14.0
2011-2012,CENTRE DE PROTECTION ET DE READAPTATION DE LA COTE-NORD,3,1,7.0
2011-2012,CENTRE DE PROTECTION ET DE READAPTATION DE LA COTE-NORD,3,2,23.0
2011-2012,CENTRE DE PROTECTION ET DE READAPTATION DE LA COTE-NORD,3,3,1.0
2011-2012,CENTRE DE PROTECTION ET DE READAPTATION DE LA COTE-NORD,3,5,31.0
2011-2012,CENTRE DE PROTECTION ET DE READAPTATION DE LA COTE-NORD,4,1,2.0
2011-2012,CENTRE DE PROTECTION ET DE READAPTATION DE LA COTE-NORD,4,2,2.0
2011-2012,CENTRE DE PROTECTION ET DE READAPTATION DE LA COTE-NORD,4,5,4.0
2011-2012,CENTRE DE PROTECTION ET DE READAPTATION DE LA COTE-NORD,8,1,10.0
2011-2012,CENTRE DE PROTECTION ET DE READAPTATION DE LA COTE-NORD,8,2,38.0
2011-2012,CENTRE DE PROTECTION ET DE READAPTATION DE LA COTE-NORD,8,3,2.0
2011-2012,CENTRE DE PROTECTION ET DE READAPTATION DE LA COTE-NORD,8,5,50.0
2011-2012,CENTRE DE READAPTATION DE L'OUEST DE MONTREAL,1,1,0.0
2011-2012,CENTRE DE READAPTATION DE L'OUEST DE MONTREAL,1,2,3.0
2011-2012,CENTRE DE READAPTATION DE L'OUEST DE MONTREAL,1,3,0.0
2011-2012,CENTRE DE READAPTATION DE L'OUEST DE MONTREAL,1,4,0.0
2011-2012,CENTRE DE READAPTATION DE L'OUEST DE MONTREAL,1,5,3.0
2011-2012,CENTRE DE READAPTATION DE L'OUEST DE MONTREAL,2,1,3.0
2011-2012,CENTRE DE READAPTATION DE L'OUEST DE MONTREAL,2,2,22.0
2011-2012,CENTRE DE READAPTATION DE L'OUEST DE MONTREAL,2,3,1.0
2011-2012,CENTRE DE READAPTATION DE L'OUEST DE MONTREAL,2,4,0.0
2011-2012,CENTRE DE READAPTATION DE L'OUEST DE MONTREAL,2,5,26.0
2011-2012,CENTRE DE READAPTATION DE L'OUEST DE MONTREAL,3,1,11.0
2011-2012,CENTRE DE READAPTATION DE L'OUEST DE MONTREAL,3,2,86.0
2011-2012,CENTRE DE READAPTATION DE L'OUEST DE MONTREAL,3,3,8.0
2011-2012,CENTRE DE READAPTATION DE L'OUEST DE MONTREAL,3,4,0.0
2011-2012,CENTRE DE READAPTATION DE L'OUEST DE MONTREAL,3,5,105.0
2011-2012,CENTRE DE READAPTATION DE L'OUEST DE MONTREAL,4,1,8.0
2011-2012,CENTRE DE READAPTATION DE L'OUEST DE MONTREAL,4,2,28.0
2011-2012,CENTRE DE READAPTATION DE L'OUEST DE MONTREAL,4,3,1.0
2011-2012,CENTRE DE READAPTATION DE L'OUEST DE MONTREAL,4,4,0.0
2011-2012,CENTRE DE READAPTATION DE L'OUEST DE MONTREAL,4,5,37.0
2011-2012,CENTRE DE READAPTATION DE L'OUEST DE MONTREAL,5,1,2.0
2011-2012,CENTRE DE READAPTATION DE L'OUEST DE MONTREAL,5,2,12.0
2011-2012,CENTRE DE READAPTATION DE L'OUEST DE MONTREAL,5,3,0.0
2011-2012,CENTRE DE READAPTATION DE L'OUEST DE MONTREAL,5,4,0.0
2011-2012,CENTRE DE READAPTATION DE L'OUEST DE MONTREAL,5,5,14.0
2011-2012,CENTRE DE READAPTATION DE L'OUEST DE MONTREAL,6,1,0.0
2011-2012,CENTRE DE READAPTATION DE L'OUEST DE MONTREAL,6,2,5.0
2011-2012,CENTRE DE READAPTATION DE L'OUEST DE MONTREAL,6,3,0.0
2011-2012,CENTRE DE READAPTATION DE L'OUEST DE MONTREAL,6,4,0.0
2011-2012,CENTRE DE READAPTATION DE L'OUEST DE MONTREAL,6,5,5.0
2011-2012,CENTRE DE READAPTATION DE L'OUEST DE MONTREAL,7,1,0.0
2011-2012,CENTRE DE READAPTATION DE L'OUEST DE MONTREAL,7,2,2.0
2011-2012,CENTRE DE READAPTATION DE L'OUEST DE MONTREAL,7,3,0.0
2011-2012,CENTRE DE READAPTATION DE L'OUEST DE MONTREAL,7,4,0.0
2011-2012,CENTRE DE READAPTATION DE L'OUEST DE MONTREAL,7,5,2.0
2011-2012,CENTRE DE READAPTATION DE L'OUEST DE MONTREAL,8,1,24.0
2011-2012,CENTRE DE READAPTATION DE L'OUEST DE MONTREAL,8,2,158.0
2011-2012,CENTRE DE READAPTATION DE L'OUEST DE MONTREAL,8,3,10.0
2011-2012,CENTRE DE READAPTATION DE L'OUEST DE MONTREAL,8,4,0.0
2011-2012,CENTRE DE READAPTATION DE L'OUEST DE MONTREAL,8,5,192.0
2011-2012,CENTRE DE READAPTATION LA MAISON,2,4,1.0
2011-2012,CENTRE DE READAPTATION LA MAISON,2,5,1.0
2011-2012,CENTRE DE READAPTATION LA MAISON,3,4,1.0
2011-2012,CENTRE DE READAPTATION LA MAISON,3,5,1.0
2011-2012,CENTRE DE READAPTATION LA MAISON,8,4,2.0
2011-2012,CENTRE DE READAPTATION LA MAISON,8,5,2.0
2011-2012,CENTRE DE READAPTATION LA MYRIADE,1,1,3.0
2011-2012,CENTRE DE READAPTATION LA MYRIADE,1,5,3.0
2011-2012,CENTRE DE READAPTATION LA MYRIADE,2,1,5.0
2011-2012,CENTRE DE READAPTATION LA MYRIADE,2,2,13.0
2011-2012,CENTRE DE READAPTATION LA MYRIADE,2,5,18.0
2011-2012,CENTRE DE READAPTATION LA MYRIADE,3,1,11.0
2011-2012,CENTRE DE READAPTATION LA MYRIADE,3,2,30.0
2011-2012,CENTRE DE READAPTATION LA MYRIADE,3,5,41.0
2011-2012,CENTRE DE READAPTATION LA MYRIADE,4,1,24.0
2011-2012,CENTRE DE READAPTATION LA MYRIADE,4,2,28.0
2011-2012,CENTRE DE READAPTATION LA MYRIADE,4,5,52.0
2011-2012,CENTRE DE READAPTATION LA MYRIADE,5,1,13.0
2011-2012,CENTRE DE READAPTATION LA MYRIADE,5,2,6.0
2011-2012,CENTRE DE READAPTATION LA MYRIADE,5,5,19.0
2011-2012,CENTRE DE READAPTATION LA MYRIADE,6,1,5.0
2011-2012,CENTRE DE READAPTATION LA MYRIADE,6,2,1.0
2011-2012,CENTRE DE READAPTATION LA MYRIADE,6,5,6.0
2011-2012,CENTRE DE READAPTATION LA MYRIADE,8,1,61.0
2011-2012,CENTRE DE READAPTATION LA MYRIADE,8,2,78.0
2011-2012,CENTRE DE READAPTATION LA MYRIADE,8,5,139.0
2011-2012,CENTRE DU FLORES,1,2,2.0
2011-2012,CENTRE DU FLORES,1,5,2.0
2011-2012,CENTRE DU FLORES,2,1,2.0
2011-2012,CENTRE DU FLORES,2,2,6.0
2011-2012,CENTRE DU FLORES,2,5,8.0
2011-2012,CENTRE DU FLORES,3,1,19.0
2011-2012,CENTRE DU FLORES,3,2,39.0
2011-2012,CENTRE DU FLORES,3,5,58.0
2011-2012,CENTRE DU FLORES,4,1,12.0
2011-2012,CENTRE DU FLORES,4,2,65.0
2011-2012,CENTRE DU FLORES,4,3,1.0
2011-2012,CENTRE DU FLORES,4,5,78.0
2011-2012,CENTRE DU FLORES,5,1,6.0
2011-2012,CENTRE DU FLORES,5,2,16.0
2011-2012,CENTRE DU FLORES,5,5,22.0
2011-2012,CENTRE DU FLORES,6,1,3.0
2011-2012,CENTRE DU FLORES,6,2,2.0
2011-2012,CENTRE DU FLORES,6,5,5.0
2011-2012,CENTRE DU FLORES,8,1,42.0
2011-2012,CENTRE DU FLORES,8,2,130.0
2011-2012,CENTRE DU FLORES,8,3,1.0
2011-2012,CENTRE DU FLORES,8,5,173.0
2011-2012,CENTRE MIRIAM,1,1,0.0
2011-2012,CENTRE MIRIAM,1,2,0.0
2011-2012,CENTRE MIRIAM,1,3,2.0
2011-2012,CENTRE MIRIAM,1,4,0.0
2011-2012,CENTRE MIRIAM,1,5,2.0
2011-2012,CENTRE MIRIAM,2,1,2.0
2011-2012,CENTRE MIRIAM,2,2,6.0
2011-2012,CENTRE MIRIAM,2,3,7.0
2011-2012,CENTRE MIRIAM,2,4,0.0
2011-2012,CENTRE MIRIAM,2,5,15.0
2011-2012,CENTRE MIRIAM,3,1,2.0
2011-2012,CENTRE MIRIAM,3,2,22.0
2011-2012,CENTRE MIRIAM,3,3,15.0
2011-2012,CENTRE MIRIAM,3,4,1.0
2011-2012,CENTRE MIRIAM,3,5,40.0
2011-2012,CENTRE MIRIAM,4,1,6.0
2011-2012,CENTRE MIRIAM,4,2,26.0
2011-2012,CENTRE MIRIAM,4,3,13.0
2011-2012,CENTRE MIRIAM,4,4,0.0
2011-2012,CENTRE MIRIAM,4,5,45.0
2011-2012,CENTRE MIRIAM,5,1,4.0
2011-2012,CENTRE MIRIAM,5,2,15.0
2011-2012,CENTRE MIRIAM,5,3,1.0
2011-2012,CENTRE MIRIAM,5,4,0.0
2011-2012,CENTRE MIRIAM,5,5,20.0
2011-2012,CENTRE MIRIAM,6,1,1.0
2011-2012,CENTRE MIRIAM,6,2,3.0
2011-2012,CENTRE MIRIAM,6,3,0.0
2011-2012,CENTRE MIRIAM,6,4,0.0
2011-2012,CENTRE MIRIAM,6,5,4.0
2011-2012,CENTRE MIRIAM,7,1,0.0
2011-2012,CENTRE MIRIAM,7,2,0.0
2011-2012,CENTRE MIRIAM,7,3,0.0
2011-2012,CENTRE MIRIAM,7,4,0.0
2011-2012,CENTRE MIRIAM,7,5,0.0
2011-2012,CENTRE MIRIAM,8,1,15.0
2011-2012,CENTRE MIRIAM,8,2,72.0
2011-2012,CENTRE MIRIAM,8,3,38.0
2011-2012,CENTRE MIRIAM,8,4,1.0
2011-2012,CENTRE MIRIAM,8,5,126.0
2011-2012,CLAIR FOYER INC.,1,1,1.0
2011-2012,CLAIR FOYER INC.,1,2,0.0
2011-2012,CLAIR FOYER INC.,1,3,0.0
2011-2012,CLAIR FOYER INC.,1,4,0.0
2011-2012,CLAIR FOYER INC.,1,5,1.0
2011-2012,CLAIR FOYER INC.,2,1,3.0
2011-2012,CLAIR FOYER INC.,2,2,1.0
2011-2012,CLAIR FOYER INC.,2,3,1.0
2011-2012,CLAIR FOYER INC.,2,4,3.0
2011-2012,CLAIR FOYER INC.,2,5,8.0
2011-2012,CLAIR FOYER INC.,3,1,16.0
2011-2012,CLAIR FOYER INC.,3,2,4.0
2011-2012,CLAIR FOYER INC.,3,3,0.0
2011-2012,CLAIR FOYER INC.,3,4,2.0
2011-2012,CLAIR FOYER INC.,3,5,22.0
2011-2012,CLAIR FOYER INC.,4,1,9.0
2011-2012,CLAIR FOYER INC.,4,2,1.0
2011-2012,CLAIR FOYER INC.,4,3,0.0
2011-2012,CLAIR FOYER INC.,4,4,2.0
2011-2012,CLAIR FOYER INC.,4,5,12.0
2011-2012,CLAIR FOYER INC.,5,1,5.0
2011-2012,CLAIR FOYER INC.,5,2,1.0
2011-2012,CLAIR FOYER INC.,5,3,1.0
2011-2012,CLAIR FOYER INC.,5,4,1.0
2011-2012,CLAIR FOYER INC.,5,5,8.0
2011-2012,CLAIR FOYER INC.,6,1,0.0
2011-2012,CLAIR FOYER INC.,6,2,1.0
2011-2012,CLAIR FOYER INC.,6,3,0.0
2011-2012,CLAIR FOYER INC.,6,4,0.0
2011-2012,CLAIR FOYER INC.,6,5,1.0
2011-2012,CLAIR FOYER INC.,7,1,0.0
2011-2012,CLAIR FOYER INC.,7,2,0.0
2011-2012,CLAIR FOYER INC.,7,3,0.0
2011-2012,CLAIR FOYER INC.,7,4,0.0
2011-2012,CLAIR FOYER INC.,7,5,0.0
2011-2012,CLAIR FOYER INC.,8,1,34.0
2011-2012,CLAIR FOYER INC.,8,2,8.0
2011-2012,CLAIR FOYER INC.,8,3,2.0
2011-2012,CLAIR FOYER INC.,8,4,8.0
2011-2012,CLAIR FOYER INC.,8,5,52.0
2011-2012,CR EN DEFICIENCE INTELLECTUELLE DE QUEBEC,1,1,2.0
2011-2012,CR EN DEFICIENCE INTELLECTUELLE DE QUEBEC,1,2,1.0
2011-2012,CR EN DEFICIENCE INTELLECTUELLE DE QUEBEC,1,5,3.0
2011-2012,CR EN DEFICIENCE INTELLECTUELLE DE QUEBEC,2,1,6.0
2011-2012,CR EN DEFICIENCE INTELLECTUELLE DE QUEBEC,2,2,25.0
2011-2012,CR EN DEFICIENCE INTELLECTUELLE DE QUEBEC,2,3,4.0
2011-2012,CR EN DEFICIENCE INTELLECTUELLE DE QUEBEC,2,5,35.0
2011-2012,CR EN DEFICIENCE INTELLECTUELLE DE QUEBEC,3,1,39.0
2011-2012,CR EN DEFICIENCE INTELLECTUELLE DE QUEBEC,3,2,82.0
2011-2012,CR EN DEFICIENCE INTELLECTUELLE DE QUEBEC,3,3,7.0
2011-2012,CR EN DEFICIENCE INTELLECTUELLE DE QUEBEC,3,5,128.0
2011-2012,CR EN DEFICIENCE INTELLECTUELLE DE QUEBEC,4,1,27.0
2011-2012,CR EN DEFICIENCE INTELLECTUELLE DE QUEBEC,4,2,69.0
2011-2012,CR EN DEFICIENCE INTELLECTUELLE DE QUEBEC,4,3,4.0
2011-2012,CR EN DEFICIENCE INTELLECTUELLE DE QUEBEC,4,4,3.0
2011-2012,CR EN DEFICIENCE INTELLECTUELLE DE QUEBEC,4,5,103.0
2011-2012,CR EN DEFICIENCE INTELLECTUELLE DE QUEBEC,5,1,17.0
2011-2012,CR EN DEFICIENCE INTELLECTUELLE DE QUEBEC,5,2,40.0
2011-2012,CR EN DEFICIENCE INTELLECTUELLE DE QUEBEC,5,3,3.0
2011-2012,CR EN DEFICIENCE INTELLECTUELLE DE QUEBEC,5,5,60.0
2011-2012,CR EN DEFICIENCE INTELLECTUELLE DE QUEBEC,6,1,7.0
2011-2012,CR EN DEFICIENCE INTELLECTUELLE DE QUEBEC,6,2,21.0
2011-2012,CR EN DEFICIENCE INTELLECTUELLE DE QUEBEC,6,4,2.0
2011-2012,CR EN DEFICIENCE INTELLECTUELLE DE QUEBEC,6,5,30.0
2011-2012,CR EN DEFICIENCE INTELLECTUELLE DE QUEBEC,7,2,4.0
2011-2012,CR EN DEFICIENCE INTELLECTUELLE DE QUEBEC,7,5,4.0
2011-2012,CR EN DEFICIENCE INTELLECTUELLE DE QUEBEC,8,1,98.0
2011-2012,CR EN DEFICIENCE INTELLECTUELLE DE QUEBEC,8,2,242.0
2011-2012,CR EN DEFICIENCE INTELLECTUELLE DE QUEBEC,8,3,18.0
2011-2012,CR EN DEFICIENCE INTELLECTUELLE DE QUEBEC,8,4,5.0
2011-2012,CR EN DEFICIENCE INTELLECTUELLE DE QUEBEC,8,5,363.0
2011-2012,CRDITED DE CHAUDIERE-APPALACHES,1,2,1.0
2011-2012,CRDITED DE CHAUDIERE-APPALACHES,1,5,1.0
2011-2012,CRDITED DE CHAUDIERE-APPALACHES,2,1,11.0
2011-2012,CRDITED DE CHAUDIERE-APPALACHES,2,2,17.0
2011-2012,CRDITED DE CHAUDIERE-APPALACHES,2,5,28.0
2011-2012,CRDITED DE CHAUDIERE-APPALACHES,3,1,25.0
2011-2012,CRDITED DE CHAUDIERE-APPALACHES,3,2,58.0
2011-2012,CRDITED DE CHAUDIERE-APPALACHES,3,3,8.0
2011-2012,CRDITED DE CHAUDIERE-APPALACHES,3,4,1.0
2011-2012,CRDITED DE CHAUDIERE-APPALACHES,3,5,92.0
2011-2012,CRDITED DE CHAUDIERE-APPALACHES,4,1,25.0
2011-2012,CRDITED DE CHAUDIERE-APPALACHES,4,2,58.0
2011-2012,CRDITED DE CHAUDIERE-APPALACHES,4,3,5.0
2011-2012,CRDITED DE CHAUDIERE-APPALACHES,4,5,88.0
2011-2012,CRDITED DE CHAUDIERE-APPALACHES,5,1,9.0
2011-2012,CRDITED DE CHAUDIERE-APPALACHES,5,2,16.0
2011-2012,CRDITED DE CHAUDIERE-APPALACHES,5,5,25.0
2011-2012,CRDITED DE CHAUDIERE-APPALACHES,6,1,3.0
2011-2012,CRDITED DE CHAUDIERE-APPALACHES,6,2,6.0
2011-2012,CRDITED DE CHAUDIERE-APPALACHES,6,5,9.0
2011-2012,CRDITED DE CHAUDIERE-APPALACHES,8,1,73.0
2011-2012,CRDITED DE CHAUDIERE-APPALACHES,8,2,156.0
2011-2012,CRDITED DE CHAUDIERE-APPALACHES,8,3,13.0
2011-2012,CRDITED DE CHAUDIERE-APPALACHES,8,4,1.0
2011-2012,CRDITED DE CHAUDIERE-APPALACHES,8,5,243.0
2011-2012,CRDITED DE LA MAURICIE-ET-DU-CENTRE-DU-QUEBEC - IU,1,1,1.0
2011-2012,CRDITED DE LA MAURICIE-ET-DU-CENTRE-DU-QUEBEC - IU,1,5,1.0
2011-2012,CRDITED DE LA MAURICIE-ET-DU-CENTRE-DU-QUEBEC - IU,2,1,9.0
2011-2012,CRDITED DE LA MAURICIE-ET-DU-CENTRE-DU-QUEBEC - IU,2,2,8.0
2011-2012,CRDITED DE LA MAURICIE-ET-DU-CENTRE-DU-QUEBEC - IU,2,3,1.0
2011-2012,CRDITED DE LA MAURICIE-ET-DU-CENTRE-DU-QUEBEC - IU,2,5,18.0
2011-2012,CRDITED DE LA MAURICIE-ET-DU-CENTRE-DU-QUEBEC - IU,3,1,46.0
2011-2012,CRDITED DE LA MAURICIE-ET-DU-CENTRE-DU-QUEBEC - IU,3,2,55.0
2011-2012,CRDITED DE LA MAURICIE-ET-DU-CENTRE-DU-QUEBEC - IU,3,3,1.0
2011-2012,CRDITED DE LA MAURICIE-ET-DU-CENTRE-DU-QUEBEC - IU,3,5,102.0
2011-2012,CRDITED DE LA MAURICIE-ET-DU-CENTRE-DU-QUEBEC - IU,4,1,45.0
2011-2012,CRDITED DE LA MAURICIE-ET-DU-CENTRE-DU-QUEBEC - IU,4,2,55.0
2011-2012,CRDITED DE LA MAURICIE-ET-DU-CENTRE-DU-QUEBEC - IU,4,3,4.0
2011-2012,CRDITED DE LA MAURICIE-ET-DU-CENTRE-DU-QUEBEC - IU,4,5,104.0
2011-2012,CRDITED DE LA MAURICIE-ET-DU-CENTRE-DU-QUEBEC - IU,5,1,21.0
2011-2012,CRDITED DE LA MAURICIE-ET-DU-CENTRE-DU-QUEBEC - IU,5,2,34.0
2011-2012,CRDITED DE LA MAURICIE-ET-DU-CENTRE-DU-QUEBEC - IU,5,5,55.0
2011-2012,CRDITED DE LA MAURICIE-ET-DU-CENTRE-DU-QUEBEC - IU,6,1,29.0
2011-2012,CRDITED DE LA MAURICIE-ET-DU-CENTRE-DU-QUEBEC - IU,6,2,15.0
2011-2012,CRDITED DE LA MAURICIE-ET-DU-CENTRE-DU-QUEBEC - IU,6,3,1.0
2011-2012,CRDITED DE LA MAURICIE-ET-DU-CENTRE-DU-QUEBEC - IU,6,5,45.0
2011-2012,CRDITED DE LA MAURICIE-ET-DU-CENTRE-DU-QUEBEC - IU,7,1,1.0
2011-2012,CRDITED DE LA MAURICIE-ET-DU-CENTRE-DU-QUEBEC - IU,7,2,3.0
2011-2012,CRDITED DE LA MAURICIE-ET-DU-CENTRE-DU-QUEBEC - IU,7,5,4.0
2011-2012,CRDITED DE LA MAURICIE-ET-DU-CENTRE-DU-QUEBEC - IU,8,1,152.0
2011-2012,CRDITED DE LA MAURICIE-ET-DU-CENTRE-DU-QUEBEC - IU,8,2,170.0
2011-2012,CRDITED DE LA MAURICIE-ET-DU-CENTRE-DU-QUEBEC - IU,8,3,7.0
2011-2012,CRDITED DE LA MAURICIE-ET-DU-CENTRE-DU-QUEBEC - IU,8,5,329.0
2011-2012,CRDITED DE LA MONTEREGIE-EST,2,1,3.0
2011-2012,CRDITED DE LA MONTEREGIE-EST,2,2,6.0
2011-2012,CRDITED DE LA MONTEREGIE-EST,2,5,9.0
2011-2012,CRDITED DE LA MONTEREGIE-EST,3,1,37.0
2011-2012,CRDITED DE LA MONTEREGIE-EST,3,2,21.0
2011-2012,CRDITED DE LA MONTEREGIE-EST,3,3,5.0
2011-2012,CRDITED DE LA MONTEREGIE-EST,3,4,1.0
2011-2012,CRDITED DE LA MONTEREGIE-EST,3,5,64.0
2011-2012,CRDITED DE LA MONTEREGIE-EST,4,1,79.0
2011-2012,CRDITED DE LA MONTEREGIE-EST,4,2,33.0
2011-2012,CRDITED DE LA MONTEREGIE-EST,4,3,6.0
2011-2012,CRDITED DE LA MONTEREGIE-EST,4,5,118.0
2011-2012,CRDITED DE LA MONTEREGIE-EST,5,1,22.0
2011-2012,CRDITED DE LA MONTEREGIE-EST,5,2,8.0
2011-2012,CRDITED DE LA MONTEREGIE-EST,5,5,30.0
2011-2012,CRDITED DE LA MONTEREGIE-EST,6,1,3.0
2011-2012,CRDITED DE LA MONTEREGIE-EST,6,5,3.0
2011-2012,CRDITED DE LA MONTEREGIE-EST,8,1,144.0
2011-2012,CRDITED DE LA MONTEREGIE-EST,8,2,68.0
2011-2012,CRDITED DE LA MONTEREGIE-EST,8,3,11.0
2011-2012,CRDITED DE LA MONTEREGIE-EST,8,4,1.0
2011-2012,CRDITED DE LA MONTEREGIE-EST,8,5,224.0
2011-2012,CRDITED DE LAVAL,1,1,0.0
2011-2012,CRDITED DE LAVAL,1,2,1.0
2011-2012,CRDITED DE LAVAL,1,3,0.0
2011-2012,CRDITED DE LAVAL,1,4,1.0
2011-2012,CRDITED DE LAVAL,1,5,2.0
2011-2012,CRDITED DE LAVAL,2,1,1.0
2011-2012,CRDITED DE LAVAL,2,2,14.0
2011-2012,CRDITED DE LAVAL,2,3,0.0
2011-2012,CRDITED DE LAVAL,2,4,10.0
2011-2012,CRDITED DE LAVAL,2,5,25.0
2011-2012,CRDITED DE LAVAL,3,1,7.0
2011-2012,CRDITED DE LAVAL,3,2,29.0
2011-2012,CRDITED DE LAVAL,3,3,0.0
2011-2012,CRDITED DE LAVAL,3,4,12.0
2011-2012,CRDITED DE LAVAL,3,5,48.0
2011-2012,CRDITED DE LAVAL,4,1,8.0
2011-2012,CRDITED DE LAVAL,4,2,35.0
2011-2012,CRDITED DE LAVAL,4,3,0.0
2011-2012,CRDITED DE LAVAL,4,4,2.0
2011-2012,CRDITED DE LAVAL,4,5,45.0
2011-2012,CRDITED DE LAVAL,5,1,4.0
2011-2012,CRDITED DE LAVAL,5,2,21.0
2011-2012,CRDITED DE LAVAL,5,3,0.0
2011-2012,CRDITED DE LAVAL,5,4,4.0
2011-2012,CRDITED DE LAVAL,5,5,29.0
2011-2012,CRDITED DE LAVAL,6,1,0.0
2011-2012,CRDITED DE LAVAL,6,2,9.0
2011-2012,CRDITED DE LAVAL,6,3,0.0
2011-2012,CRDITED DE LAVAL,6,4,4.0
2011-2012,CRDITED DE LAVAL,6,5,13.0
2011-2012,CRDITED DE LAVAL,7,1,0.0
2011-2012,CRDITED DE LAVAL,7,2,0.0
2011-2012,CRDITED DE LAVAL,7,3,0.0
2011-2012,CRDITED DE LAVAL,7,4,0.0
2011-2012,CRDITED DE LAVAL,7,5,0.0
2011-2012,CRDITED DE LAVAL,8,1,20.0
2011-2012,CRDITED DE LAVAL,8,2,109.0
2011-2012,CRDITED DE LAVAL,8,3,0.0
2011-2012,CRDITED DE LAVAL,8,4,33.0
2011-2012,CRDITED DE LAVAL,8,5,162.0
2011-2012,CRDITED DE MONTREAL,1,1,1.0
2011-2012,CRDITED DE MONTREAL,1,2,3.0
2011-2012,CRDITED DE MONTREAL,1,3,1.0
2011-2012,CRDITED DE MONTREAL,1,5,5.0
2011-2012,CRDITED DE MONTREAL,2,1,2.0
2011-2012,CRDITED DE MONTREAL,2,2,73.0
2011-2012,CRDITED DE MONTREAL,2,3,10.0
2011-2012,CRDITED DE MONTREAL,2,4,6.0
2011-2012,CRDITED DE MONTREAL,2,5,91.0
2011-2012,CRDITED DE MONTREAL,3,1,20.0
2011-2012,CRDITED DE MONTREAL,3,2,266.0
2011-2012,CRDITED DE MONTREAL,3,3,22.0
2011-2012,CRDITED DE MONTREAL,3,4,29.0
2011-2012,CRDITED DE MONTREAL,3,5,337.0
2011-2012,CRDITED DE MONTREAL,4,1,22.0
2011-2012,CRDITED DE MONTREAL,4,2,218.0
2011-2012,CRDITED DE MONTREAL,4,3,24.0
2011-2012,CRDITED DE MONTREAL,4,4,13.0
2011-2012,CRDITED DE MONTREAL,4,5,277.0
2011-2012,CRDITED DE MONTREAL,5,1,10.0
2011-2012,CRDITED DE MONTREAL,5,2,70.0
2011-2012,CRDITED DE MONTREAL,5,3,15.0
2011-2012,CRDITED DE MONTREAL,5,4,6.0
2011-2012,CRDITED DE MONTREAL,5,5,101.0
2011-2012,CRDITED DE MONTREAL,6,1,5.0
2011-2012,CRDITED DE MONTREAL,6,2,13.0
2011-2012,CRDITED DE MONTREAL,6,3,3.0
2011-2012,CRDITED DE MONTREAL,6,4,1.0
2011-2012,CRDITED DE MONTREAL,6,5,22.0
2011-2012,CRDITED DE MONTREAL,7,2,1.0
2011-2012,CRDITED DE MONTREAL,7,5,1.0
2011-2012,CRDITED DE MONTREAL,8,1,60.0
2011-2012,CRDITED DE MONTREAL,8,2,644.0
2011-2012,CRDITED DE MONTREAL,8,3,75.0
2011-2012,CRDITED DE MONTREAL,8,4,55.0
2011-2012,CRDITED DE MONTREAL,8,5,834.0
2011-2012,CRDITED DU BAS-SAINT-LAURENT,1,1,1.0
2011-2012,CRDITED DU BAS-SAINT-LAURENT,1,5,1.0
2011-2012,CRDITED DU BAS-SAINT-LAURENT,2,1,22.0
2011-2012,CRDITED DU BAS-SAINT-LAURENT,2,2,5.0
2011-2012,CRDITED DU BAS-SAINT-LAURENT,2,3,3.0
2011-2012,CRDITED DU BAS-SAINT-LAURENT,2,4,1.0
2011-2012,CRDITED DU BAS-SAINT-LAURENT,2,5,31.0
2011-2012,CRDITED DU BAS-SAINT-LAURENT,3,1,31.0
2011-2012,CRDITED DU BAS-SAINT-LAURENT,3,2,14.0
2011-2012,CRDITED DU BAS-SAINT-LAURENT,3,3,11.0
2011-2012,CRDITED DU BAS-SAINT-LAURENT,3,4,1.0
2011-2012,CRDITED DU BAS-SAINT-LAURENT,3,5,57.0
2011-2012,CRDITED DU BAS-SAINT-LAURENT,4,1,33.0
2011-2012,CRDITED DU BAS-SAINT-LAURENT,4,2,19.0
2011-2012,CRDITED DU BAS-SAINT-LAURENT,4,3,5.0
2011-2012,CRDITED DU BAS-SAINT-LAURENT,4,4,1.0
2011-2012,CRDITED DU BAS-SAINT-LAURENT,4,5,58.0
2011-2012,CRDITED DU BAS-SAINT-LAURENT,5,1,4.0
2011-2012,CRDITED DU BAS-SAINT-LAURENT,5,2,3.0
2011-2012,CRDITED DU BAS-SAINT-LAURENT,5,3,1.0
2011-2012,CRDITED DU BAS-SAINT-LAURENT,5,5,8.0
2011-2012,CRDITED DU BAS-SAINT-LAURENT,6,1,1.0
2011-2012,CRDITED DU BAS-SAINT-LAURENT,6,2,3.0
2011-2012,CRDITED DU BAS-SAINT-LAURENT,6,5,4.0
2011-2012,CRDITED DU BAS-SAINT-LAURENT,8,1,92.0
2011-2012,CRDITED DU BAS-SAINT-LAURENT,8,2,44.0
2011-2012,CRDITED DU BAS-SAINT-LAURENT,8,3,20.0
2011-2012,CRDITED DU BAS-SAINT-LAURENT,8,4,3.0
2011-2012,CRDITED DU BAS-SAINT-LAURENT,8,5,159.0
2011-2012,CRDITED DU SAGUENAY - LAC-SAINT-JEAN,1,1,1.0
2011-2012,CRDITED DU SAGUENAY - LAC-SAINT-JEAN,1,2,0.0
2011-2012,CRDITED DU SAGUENAY - LAC-SAINT-JEAN,1,3,2.0
2011-2012,CRDITED DU SAGUENAY - LAC-SAINT-JEAN,1,4,0.0
2011-2012,CRDITED DU SAGUENAY - LAC-SAINT-JEAN,1,5,3.0
2011-2012,CRDITED DU SAGUENAY - LAC-SAINT-JEAN,2,1,12.0
2011-2012,CRDITED DU SAGUENAY - LAC-SAINT-JEAN,2,2,7.0
2011-2012,CRDITED DU SAGUENAY - LAC-SAINT-JEAN,2,3,9.0
2011-2012,CRDITED DU SAGUENAY - LAC-SAINT-JEAN,2,4,0.0
2011-2012,CRDITED DU SAGUENAY - LAC-SAINT-JEAN,2,5,28.0
2011-2012,CRDITED DU SAGUENAY - LAC-SAINT-JEAN,3,1,33.0
2011-2012,CRDITED DU SAGUENAY - LAC-SAINT-JEAN,3,2,27.0
2011-2012,CRDITED DU SAGUENAY - LAC-SAINT-JEAN,3,3,23.0
2011-2012,CRDITED DU SAGUENAY - LAC-SAINT-JEAN,3,4,0.0
2011-2012,CRDITED DU SAGUENAY - LAC-SAINT-JEAN,3,5,83.0
2011-2012,CRDITED DU SAGUENAY - LAC-SAINT-JEAN,4,1,59.0
2011-2012,CRDITED DU SAGUENAY - LAC-SAINT-JEAN,4,2,15.0
2011-2012,CRDITED DU SAGUENAY - LAC-SAINT-JEAN,4,3,21.0
2011-2012,CRDITED DU SAGUENAY - LAC-SAINT-JEAN,4,4,0.0
2011-2012,CRDITED DU SAGUENAY - LAC-SAINT-JEAN,4,5,95.0
2011-2012,CRDITED DU SAGUENAY - LAC-SAINT-JEAN,5,1,16.0
2011-2012,CRDITED DU SAGUENAY - LAC-SAINT-JEAN,5,2,10.0
2011-2012,CRDITED DU SAGUENAY - LAC-SAINT-JEAN,5,3,5.0
2011-2012,CRDITED DU SAGUENAY - LAC-SAINT-JEAN,5,4,0.0
2011-2012,CRDITED DU SAGUENAY - LAC-SAINT-JEAN,5,5,31.0
2011-2012,CRDITED DU SAGUENAY - LAC-SAINT-JEAN,6,1,22.0
2011-2012,CRDITED DU SAGUENAY - LAC-SAINT-JEAN,6,2,11.0
2011-2012,CRDITED DU SAGUENAY - LAC-SAINT-JEAN,6,3,3.0
2011-2012,CRDITED DU SAGUENAY - LAC-SAINT-JEAN,6,4,0.0
2011-2012,CRDITED DU SAGUENAY - LAC-SAINT-JEAN,6,5,36.0
2011-2012,CRDITED DU SAGUENAY - LAC-SAINT-JEAN,7,1,3.0
2011-2012,CRDITED DU SAGUENAY - LAC-SAINT-JEAN,7,2,1.0
2011-2012,CRDITED DU SAGUENAY - LAC-SAINT-JEAN,7,3,0.0
2011-2012,CRDITED DU SAGUENAY - LAC-SAINT-JEAN,7,4,0.0
2011-2012,CRDITED DU SAGUENAY - LAC-SAINT-JEAN,7,5,4.0
2011-2012,CRDITED DU SAGUENAY - LAC-SAINT-JEAN,8,1,146.0
2011-2012,CRDITED DU SAGUENAY - LAC-SAINT-JEAN,8,2,71.0
2011-2012,CRDITED DU SAGUENAY - LAC-SAINT-JEAN,8,3,63.0
2011-2012,CRDITED DU SAGUENAY - LAC-SAINT-JEAN,8,4,0.0
2011-2012,CRDITED DU SAGUENAY - LAC-SAINT-JEAN,8,5,280.0
2011-2012,CSSS DE CHARLEVOIX,1,1,0.0
2011-2012,CSSS DE CHARLEVOIX,1,2,0.0
2011-2012,CSSS DE CHARLEVOIX,1,3,0.0
2011-2012,CSSS DE CHARLEVOIX,1,4,0.0
2011-2012,CSSS DE CHARLEVOIX,1,5,0.0
2011-2012,CSSS DE CHARLEVOIX,2,1,0.0
2011-2012,CSSS DE CHARLEVOIX,2,2,0.0
2011-2012,CSSS DE CHARLEVOIX,2,3,0.0
2011-2012,CSSS DE CHARLEVOIX,2,4,0.0
2011-2012,CSSS DE CHARLEVOIX,2,5,0.0
2011-2012,CSSS DE CHARLEVOIX,3,1,5.0
2011-2012,CSSS DE CHARLEVOIX,3,2,10.0
2011-2012,CSSS DE CHARLEVOIX,3,3,4.0
2011-2012,CSSS DE CHARLEVOIX,3,4,0.0
2011-2012,CSSS DE CHARLEVOIX,3,5,19.0
2011-2012,CSSS DE CHARLEVOIX,4,1,35.0
2011-2012,CSSS DE CHARLEVOIX,4,2,51.0
2011-2012,CSSS DE CHARLEVOIX,4,3,12.0
2011-2012,CSSS DE CHARLEVOIX,4,4,0.0
2011-2012,CSSS DE CHARLEVOIX,4,5,98.0
2011-2012,CSSS DE CHARLEVOIX,5,1,43.0
2011-2012,CSSS DE CHARLEVOIX,5,2,52.0
2011-2012,CSSS DE CHARLEVOIX,5,3,13.0
2011-2012,CSSS DE CHARLEVOIX,5,4,0.0
2011-2012,CSSS DE CHARLEVOIX,5,5,108.0
2011-2012,CSSS DE CHARLEVOIX,6,1,11.0
2011-2012,CSSS DE CHARLEVOIX,6,2,14.0
2011-2012,CSSS DE CHARLEVOIX,6,3,3.0
2011-2012,CSSS DE CHARLEVOIX,6,4,0.0
2011-2012,CSSS DE CHARLEVOIX,6,5,28.0
2011-2012,CSSS DE CHARLEVOIX,7,1,1.0
2011-2012,CSSS DE CHARLEVOIX,7,2,6.0
2011-2012,CSSS DE CHARLEVOIX,7,3,0.0
2011-2012,CSSS DE CHARLEVOIX,7,4,0.0
2011-2012,CSSS DE CHARLEVOIX,7,5,7.0
2011-2012,CSSS DE CHARLEVOIX,8,1,95.0
2011-2012,CSSS DE CHARLEVOIX,8,2,133.0
2011-2012,CSSS DE CHARLEVOIX,8,3,32.0
2011-2012,CSSS DE CHARLEVOIX,8,4,0.0
2011-2012,CSSS DE CHARLEVOIX,8,5,260.0
2011-2012,CSSS DES ILES,2,2,1.0
2011-2012,CSSS DES ILES,2,5,1.0
2011-2012,CSSS DES ILES,3,1,2.0
2011-2012,CSSS DES ILES,3,2,2.0
2011-2012,CSSS DES ILES,3,5,4.0
2011-2012,CSSS DES ILES,4,2,2.0
2011-2012,CSSS DES ILES,4,5,2.0
2011-2012,CSSS DES ILES,5,2,1.0
2011-2012,CSSS DES ILES,5,5,1.0
2011-2012,CSSS DES ILES,6,1,2.0
2011-2012,CSSS DES ILES,6,2,1.0
2011-2012,CSSS DES ILES,6,5,3.0
2011-2012,CSSS DES ILES,7,1,1.0
2011-2012,CSSS DES ILES,7,5,1.0
2011-2012,CSSS DES ILES,8,1,5.0
2011-2012,CSSS DES ILES,8,2,7.0
2011-2012,CSSS DES ILES,8,5,12.0
2011-2012,LE CENTRE DE READAPTATION DE LA GASPESIE,1,2,1.0
2011-2012,LE CENTRE DE READAPTATION DE LA GASPESIE,1,5,1.0
2011-2012,LE CENTRE DE READAPTATION DE LA GASPESIE,2,1,4.0
2011-2012,LE CENTRE DE READAPTATION DE LA GASPESIE,2,3,1.0
2011-2012,LE CENTRE DE READAPTATION DE LA GASPESIE,2,5,5.0
2011-2012,LE CENTRE DE READAPTATION DE LA GASPESIE,3,1,13.0
2011-2012,LE CENTRE DE READAPTATION DE LA GASPESIE,3,2,4.0
2011-2012,LE CENTRE DE READAPTATION DE LA GASPESIE,3,3,12.0
2011-2012,LE CENTRE DE READAPTATION DE LA GASPESIE,3,5,29.0
2011-2012,LE CENTRE DE READAPTATION DE LA GASPESIE,4,1,22.0
2011-2012,LE CENTRE DE READAPTATION DE LA GASPESIE,4,2,11.0
2011-2012,LE CENTRE DE READAPTATION DE LA GASPESIE,4,3,4.0
2011-2012,LE CENTRE DE READAPTATION DE LA GASPESIE,4,5,37.0
2011-2012,LE CENTRE DE READAPTATION DE LA GASPESIE,5,1,13.0
2011-2012,LE CENTRE DE READAPTATION DE LA GASPESIE,5,2,3.0
2011-2012,LE CENTRE DE READAPTATION DE LA GASPESIE,5,3,1.0
2011-2012,LE CENTRE DE READAPTATION DE LA GASPESIE,5,5,17.0
2011-2012,LE CENTRE DE READAPTATION DE LA GASPESIE,6,1,3.0
2011-2012,LE CENTRE DE READAPTATION DE LA GASPESIE,6,2,2.0
2011-2012,LE CENTRE DE READAPTATION DE LA GASPESIE,6,3,2.0
2011-2012,LE CENTRE DE READAPTATION DE LA GASPESIE,6,5,7.0
2011-2012,LE CENTRE DE READAPTATION DE LA GASPESIE,8,1,55.0
2011-2012,LE CENTRE DE READAPTATION DE LA GASPESIE,8,2,21.0
2011-2012,LE CENTRE DE READAPTATION DE LA GASPESIE,8,3,20.0
2011-2012,LE CENTRE DE READAPTATION DE LA GASPESIE,8,5,96.0
2011-2012,LES SERVICES DE READAPTATION DU SUD-OUEST ET DU RENFORT,1,3,1.0
2011-2012,LES SERVICES DE READAPTATION DU SUD-OUEST ET DU RENFORT,1,5,1.0
2011-2012,LES SERVICES DE READAPTATION DU SUD-OUEST ET DU RENFORT,2,1,16.0
2011-2012,LES SERVICES DE READAPTATION DU SUD-OUEST ET DU RENFORT,2,2,17.0
2011-2012,LES SERVICES DE READAPTATION DU SUD-OUEST ET DU RENFORT,2,3,11.0
2011-2012,LES SERVICES DE READAPTATION DU SUD-OUEST ET DU RENFORT,2,5,44.0
2011-2012,LES SERVICES DE READAPTATION DU SUD-OUEST ET DU RENFORT,3,1,59.0
2011-2012,LES SERVICES DE READAPTATION DU SUD-OUEST ET DU RENFORT,3,2,32.0
2011-2012,LES SERVICES DE READAPTATION DU SUD-OUEST ET DU RENFORT,3,3,21.0
2011-2012,LES SERVICES DE READAPTATION DU SUD-OUEST ET DU RENFORT,3,4,4.0
2011-2012,LES SERVICES DE READAPTATION DU SUD-OUEST ET DU RENFORT,3,5,116.0
2011-2012,LES SERVICES DE READAPTATION DU SUD-OUEST ET DU RENFORT,4,1,32.0
2011-2012,LES SERVICES DE READAPTATION DU SUD-OUEST ET DU RENFORT,4,2,15.0
2011-2012,LES SERVICES DE READAPTATION DU SUD-OUEST ET DU RENFORT,4,3,6.0
2011-2012,LES SERVICES DE READAPTATION DU SUD-OUEST ET DU RENFORT,4,4,1.0
2011-2012,LES SERVICES DE READAPTATION DU SUD-OUEST ET DU RENFORT,4,5,54.0
2011-2012,LES SERVICES DE READAPTATION DU SUD-OUEST ET DU RENFORT,5,1,8.0
2011-2012,LES SERVICES DE READAPTATION DU SUD-OUEST ET DU RENFORT,5,2,1.0
2011-2012,LES SERVICES DE READAPTATION DU SUD-OUEST ET DU RENFORT,5,3,2.0
2011-2012,LES SERVICES DE READAPTATION DU SUD-OUEST ET DU RENFORT,5,4,3.0
2011-2012,LES SERVICES DE READAPTATION DU SUD-OUEST ET DU RENFORT,5,5,14.0
2011-2012,LES SERVICES DE READAPTATION DU SUD-OUEST ET DU RENFORT,6,4,1.0
2011-2012,LES SERVICES DE READAPTATION DU SUD-OUEST ET DU RENFORT,6,5,1.0
2011-2012,LES SERVICES DE READAPTATION DU SUD-OUEST ET DU RENFORT,7,1,1.0
2011-2012,LES SERVICES DE READAPTATION DU SUD-OUEST ET DU RENFORT,7,5,1.0
2011-2012,LES SERVICES DE READAPTATION DU SUD-OUEST ET DU RENFORT,8,1,116.0
2011-2012,LES SERVICES DE READAPTATION DU SUD-OUEST ET DU RENFORT,8,2,65.0
2011-2012,LES SERVICES DE READAPTATION DU SUD-OUEST ET DU RENFORT,8,3,41.0
2011-2012,LES SERVICES DE READAPTATION DU SUD-OUEST ET DU RENFORT,8,4,9.0
2011-2012,LES SERVICES DE READAPTATION DU SUD-OUEST ET DU RENFORT,8,5,231.0
2011-2012,PAVILLON DU PARC,2,2,2.0
2011-2012,PAVILLON DU PARC,2,3,12.0
2011-2012,PAVILLON DU PARC,2,5,14.0
2011-2012,PAVILLON DU PARC,3,1,12.0
2011-2012,PAVILLON DU PARC,3,2,12.0
2011-2012,PAVILLON DU PARC,3,3,33.0
2011-2012,PAVILLON DU PARC,3,5,57.0
2011-2012,PAVILLON DU PARC,4,1,11.0
2011-2012,PAVILLON DU PARC,4,2,6.0
2011-2012,PAVILLON DU PARC,4,3,12.0
2011-2012,PAVILLON DU PARC,4,4,1.0
2011-2012,PAVILLON DU PARC,4,5,30.0
2011-2012,PAVILLON DU PARC,5,1,2.0
2011-2012,PAVILLON DU PARC,5,2,2.0
2011-2012,PAVILLON DU PARC,5,3,1.0
2011-2012,PAVILLON DU PARC,5,5,5.0
2011-2012,PAVILLON DU PARC,6,2,1.0
2011-2012,PAVILLON DU PARC,6,5,1.0
2011-2012,PAVILLON DU PARC,8,1,25.0
2011-2012,PAVILLON DU PARC,8,2,23.0
2011-2012,PAVILLON DU PARC,8,3,58.0
2011-2012,PAVILLON DU PARC,8,4,1.0
2011-2012,PAVILLON DU PARC,8,5,107.0
2011-2012,PAVILLON STE-MARIE INC.,2,3,3.0
2011-2012,PAVILLON STE-MARIE INC.,2,4,18.0
2011-2012,PAVILLON STE-MARIE INC.,2,5,21.0
2011-2012,PAVILLON STE-MARIE INC.,3,4,13.0
2011-2012,PAVILLON STE-MARIE INC.,3,5,13.0
2011-2012,PAVILLON STE-MARIE INC.,4,4,13.0
2011-2012,PAVILLON STE-MARIE INC.,4,5,13.0
2011-2012,PAVILLON STE-MARIE INC.,8,3,3.0
2011-2012,PAVILLON STE-MARIE INC.,8,4,44.0
2011-2012,PAVILLON STE-MARIE INC.,8,5,47.0
2012-2013,CENTRE D'ACCUEIL DIXVILLE INC.,1,1,1.0
2012-2013,CENTRE D'ACCUEIL DIXVILLE INC.,1,2,0.0
2012-2013,CENTRE D'ACCUEIL DIXVILLE INC.,1,3,0.0
2012-2013,CENTRE D'ACCUEIL DIXVILLE INC.,1,4,0.0
2012-2013,CENTRE D'ACCUEIL DIXVILLE INC.,1,5,1.0
2012-2013,CENTRE D'ACCUEIL DIXVILLE INC.,2,1,7.0
2012-2013,CENTRE D'ACCUEIL DIXVILLE INC.,2,2,1.0
2012-2013,CENTRE D'ACCUEIL DIXVILLE INC.,2,3,4.0
2012-2013,CENTRE D'ACCUEIL DIXVILLE INC.,2,4,0.0
2012-2013,CENTRE D'ACCUEIL DIXVILLE INC.,2,5,12.0
2012-2013,CENTRE D'ACCUEIL DIXVILLE INC.,3,1,24.0
2012-2013,CENTRE D'ACCUEIL DIXVILLE INC.,3,2,4.0
2012-2013,CENTRE D'ACCUEIL DIXVILLE INC.,3,3,2.0
2012-2013,CENTRE D'ACCUEIL DIXVILLE INC.,3,4,0.0
2012-2013,CENTRE D'ACCUEIL DIXVILLE INC.,3,5,30.0
2012-2013,CENTRE D'ACCUEIL DIXVILLE INC.,4,1,27.0
2012-2013,CENTRE D'ACCUEIL DIXVILLE INC.,4,2,5.0
2012-2013,CENTRE D'ACCUEIL DIXVILLE INC.,4,3,6.0
2012-2013,CENTRE D'ACCUEIL DIXVILLE INC.,4,4,0.0
2012-2013,CENTRE D'ACCUEIL DIXVILLE INC.,4,5,38.0
2012-2013,CENTRE D'ACCUEIL DIXVILLE INC.,5,1,13.0
2012-2013,CENTRE D'ACCUEIL DIXVILLE INC.,5,2,0.0
2012-2013,CENTRE D'ACCUEIL DIXVILLE INC.,5,3,2.0
2012-2013,CENTRE D'ACCUEIL DIXVILLE INC.,5,4,1.0
2012-2013,CENTRE D'ACCUEIL DIXVILLE INC.,5,5,16.0
2012-2013,CENTRE D'ACCUEIL DIXVILLE INC.,6,1,0.0
2012-2013,CENTRE D'ACCUEIL DIXVILLE INC.,6,2,0.0
2012-2013,CENTRE D'ACCUEIL DIXVILLE INC.,6,3,0.0
2012-2013,CENTRE D'ACCUEIL DIXVILLE INC.,6,4,0.0
2012-2013,CENTRE D'ACCUEIL DIXVILLE INC.,6,5,0.0
2012-2013,CENTRE D'ACCUEIL DIXVILLE INC.,7,1,0.0
2012-2013,CENTRE D'ACCUEIL DIXVILLE INC.,7,2,0.0
2012-2013,CENTRE D'ACCUEIL DIXVILLE INC.,7,3,0.0
2012-2013,CENTRE D'ACCUEIL DIXVILLE INC.,7,4,0.0
2012-2013,CENTRE D'ACCUEIL DIXVILLE INC.,7,5,0.0
2012-2013,CENTRE D'ACCUEIL DIXVILLE INC.,8,1,72.0
2012-2013,CENTRE D'ACCUEIL DIXVILLE INC.,8,2,10.0
2012-2013,CENTRE D'ACCUEIL DIXVILLE INC.,8,3,14.0
2012-2013,CENTRE D'ACCUEIL DIXVILLE INC.,8,4,1.0
2012-2013,CENTRE D'ACCUEIL DIXVILLE INC.,8,5,97.0
2012-2013,CENTRE DE PROTECTION ET DE READAPTATION DE LA COTE-NORD,1,2,1.0
2012-2013,CENTRE DE PROTECTION ET DE READAPTATION DE LA COTE-NORD,1,5,1.0
2012-2013,CENTRE DE PROTECTION ET DE READAPTATION DE LA COTE-NORD,2,1,1.0
2012-2013,CENTRE DE PROTECTION ET DE READAPTATION DE LA COTE-NORD,2,2,8.0
2012-2013,CENTRE DE PROTECTION ET DE READAPTATION DE LA COTE-NORD,2,3,1.0
2012-2013,CENTRE DE PROTECTION ET DE READAPTATION DE LA COTE-NORD,2,5,10.0
2012-2013,CENTRE DE PROTECTION ET DE READAPTATION DE LA COTE-NORD,3,1,7.0
2012-2013,CENTRE DE PROTECTION ET DE READAPTATION DE LA COTE-NORD,3,2,25.0
2012-2013,CENTRE DE PROTECTION ET DE READAPTATION DE LA COTE-NORD,3,3,2.0
2012-2013,CENTRE DE PROTECTION ET DE READAPTATION DE LA COTE-NORD,3,5,34.0
2012-2013,CENTRE DE PROTECTION ET DE READAPTATION DE LA COTE-NORD,4,1,2.0
2012-2013,CENTRE DE PROTECTION ET DE READAPTATION DE LA COTE-NORD,4,2,3.0
2012-2013,CENTRE DE PROTECTION ET DE READAPTATION DE LA COTE-NORD,4,5,5.0
2012-2013,CENTRE DE PROTECTION ET DE READAPTATION DE LA COTE-NORD,8,1,10.0
2012-2013,CENTRE DE PROTECTION ET DE READAPTATION DE LA COTE-NORD,8,2,37.0
2012-2013,CENTRE DE PROTECTION ET DE READAPTATION DE LA COTE-NORD,8,3,3.0
2012-2013,CENTRE DE PROTECTION ET DE READAPTATION DE LA COTE-NORD,8,5,50.0
2012-2013,CENTRE DE READAPTATION DE L'OUEST DE MONTREAL,1,1,0.0
2012-2013,CENTRE DE READAPTATION DE L'OUEST DE MONTREAL,1,2,3.0
2012-2013,CENTRE DE READAPTATION DE L'OUEST DE MONTREAL,1,3,0.0
2012-2013,CENTRE DE READAPTATION DE L'OUEST DE MONTREAL,1,4,0.0
2012-2013,CENTRE DE READAPTATION DE L'OUEST DE MONTREAL,1,5,3.0
2012-2013,CENTRE DE READAPTATION DE L'OUEST DE MONTREAL,2,1,2.0
2012-2013,CENTRE DE READAPTATION DE L'OUEST DE MONTREAL,2,2,20.0
2012-2013,CENTRE DE READAPTATION DE L'OUEST DE MONTREAL,2,3,0.0
2012-2013,CENTRE DE READAPTATION DE L'OUEST DE MONTREAL,2,4,0.0
2012-2013,CENTRE DE READAPTATION DE L'OUEST DE MONTREAL,2,5,22.0
2012-2013,CENTRE DE READAPTATION DE L'OUEST DE MONTREAL,3,1,8.0
2012-2013,CENTRE DE READAPTATION DE L'OUEST DE MONTREAL,3,2,84.0
2012-2013,CENTRE DE READAPTATION DE L'OUEST DE MONTREAL,3,3,4.0
2012-2013,CENTRE DE READAPTATION DE L'OUEST DE MONTREAL,3,4,0.0
2012-2013,CENTRE DE READAPTATION DE L'OUEST DE MONTREAL,3,5,96.0
2012-2013,CENTRE DE READAPTATION DE L'OUEST DE MONTREAL,4,1,9.0
2012-2013,CENTRE DE READAPTATION DE L'OUEST DE MONTREAL,4,2,28.0
2012-2013,CENTRE DE READAPTATION DE L'OUEST DE MONTREAL,4,3,2.0
2012-2013,CENTRE DE READAPTATION DE L'OUEST DE MONTREAL,4,4,0.0
2012-2013,CENTRE DE READAPTATION DE L'OUEST DE MONTREAL,4,5,39.0
2012-2013,CENTRE DE READAPTATION DE L'OUEST DE MONTREAL,5,1,1.0
2012-2013,CENTRE DE READAPTATION DE L'OUEST DE MONTREAL,5,2,15.0
2012-2013,CENTRE DE READAPTATION DE L'OUEST DE MONTREAL,5,3,0.0
2012-2013,CENTRE DE READAPTATION DE L'OUEST DE MONTREAL,5,4,0.0
2012-2013,CENTRE DE READAPTATION DE L'OUEST DE MONTREAL,5,5,16.0
2012-2013,CENTRE DE READAPTATION DE L'OUEST DE MONTREAL,6,1,0.0
2012-2013,CENTRE DE READAPTATION DE L'OUEST DE MONTREAL,6,2,4.0
2012-2013,CENTRE DE READAPTATION DE L'OUEST DE MONTREAL,6,3,0.0
2012-2013,CENTRE DE READAPTATION DE L'OUEST DE MONTREAL,6,4,0.0
2012-2013,CENTRE DE READAPTATION DE L'OUEST DE MONTREAL,6,5,4.0
2012-2013,CENTRE DE READAPTATION DE L'OUEST DE MONTREAL,7,1,0.0
2012-2013,CENTRE DE READAPTATION DE L'OUEST DE MONTREAL,7,2,2.0
2012-2013,CENTRE DE READAPTATION DE L'OUEST DE MONTREAL,7,3,0.0
2012-2013,CENTRE DE READAPTATION DE L'OUEST DE MONTREAL,7,4,0.0
2012-2013,CENTRE DE READAPTATION DE L'OUEST DE MONTREAL,7,5,2.0
2012-2013,CENTRE DE READAPTATION DE L'OUEST DE MONTREAL,8,1,20.0
2012-2013,CENTRE DE READAPTATION DE L'OUEST DE MONTREAL,8,2,156.0
2012-2013,CENTRE DE READAPTATION DE L'OUEST DE MONTREAL,8,3,6.0
2012-2013,CENTRE DE READAPTATION DE L'OUEST DE MONTREAL,8,4,0.0
2012-2013,CENTRE DE READAPTATION DE L'OUEST DE MONTREAL,8,5,182.0
2012-2013,CENTRE DE READAPTATION LA MAISON,3,4,2.0
2012-2013,CENTRE DE READAPTATION LA MAISON,3,5,2.0
2012-2013,CENTRE DE READAPTATION LA MAISON,8,4,2.0
2012-2013,CENTRE DE READAPTATION LA MAISON,8,5,2.0
2012-2013,CENTRE DE READAPTATION LA MYRIADE,1,1,3.0
2012-2013,CENTRE DE READAPTATION LA MYRIADE,1,2,0.0
2012-2013,CENTRE DE READAPTATION LA MYRIADE,1,3,0.0
2012-2013,CENTRE DE READAPTATION LA MYRIADE,1,4,0.0
2012-2013,CENTRE DE READAPTATION LA MYRIADE,1,5,3.0
2012-2013,CENTRE DE READAPTATION LA MYRIADE,2,1,4.0
2012-2013,CENTRE DE READAPTATION LA MYRIADE,2,2,10.0
2012-2013,CENTRE DE READAPTATION LA MYRIADE,2,3,0.0
2012-2013,CENTRE DE READAPTATION LA MYRIADE,2,4,0.0
2012-2013,CENTRE DE READAPTATION LA MYRIADE,2,5,14.0
2012-2013,CENTRE DE READAPTATION LA MYRIADE,3,1,13.0
2012-2013,CENTRE DE READAPTATION LA MYRIADE,3,2,20.0
2012-2013,CENTRE DE READAPTATION LA MYRIADE,3,3,0.0
2012-2013,CENTRE DE READAPTATION LA MYRIADE,3,4,0.0
2012-2013,CENTRE DE READAPTATION LA MYRIADE,3,5,33.0
2012-2013,CENTRE DE READAPTATION LA MYRIADE,4,1,21.0
2012-2013,CENTRE DE READAPTATION LA MYRIADE,4,2,28.0
2012-2013,CENTRE DE READAPTATION LA MYRIADE,4,3,0.0
2012-2013,CENTRE DE READAPTATION LA MYRIADE,4,4,0.0
2012-2013,CENTRE DE READAPTATION LA MYRIADE,4,5,49.0
2012-2013,CENTRE DE READAPTATION LA MYRIADE,5,1,16.0
2012-2013,CENTRE DE READAPTATION LA MYRIADE,5,2,9.0
2012-2013,CENTRE DE READAPTATION LA MYRIADE,5,3,0.0
2012-2013,CENTRE DE READAPTATION LA MYRIADE,5,4,0.0
2012-2013,CENTRE DE READAPTATION LA MYRIADE,5,5,25.0
2012-2013,CENTRE DE READAPTATION LA MYRIADE,6,1,7.0
2012-2013,CENTRE DE READAPTATION LA MYRIADE,6,2,2.0
2012-2013,CENTRE DE READAPTATION LA MYRIADE,6,3,0.0
2012-2013,CENTRE DE READAPTATION LA MYRIADE,6,4,0.0
2012-2013,CENTRE DE READAPTATION LA MYRIADE,6,5,9.0
2012-2013,CENTRE DE READAPTATION LA MYRIADE,7,1,0.0
2012-2013,CENTRE DE READAPTATION LA MYRIADE,7,2,0.0
2012-2013,CENTRE DE READAPTATION LA MYRIADE,7,3,0.0
2012-2013,CENTRE DE READAPTATION LA MYRIADE,7,4,0.0
2012-2013,CENTRE DE READAPTATION LA MYRIADE,7,5,0.0
2012-2013,CENTRE DE READAPTATION LA MYRIADE,8,1,64.0
2012-2013,CENTRE DE READAPTATION LA MYRIADE,8,2,69.0
2012-2013,CENTRE DE READAPTATION LA MYRIADE,8,3,0.0
2012-2013,CENTRE DE READAPTATION LA MYRIADE,8,4,0.0
2012-2013,CENTRE DE READAPTATION LA MYRIADE,8,5,133.0
2012-2013,CENTRE DU FLORES,1,2,1.0
2012-2013,CENTRE DU FLORES,1,5,1.0
2012-2013,CENTRE DU FLORES,2,1,2.0
2012-2013,CENTRE DU FLORES,2,2,6.0
2012-2013,CENTRE DU FLORES,2,5,8.0
2012-2013,CENTRE DU FLORES,3,1,13.0
2012-2013,CENTRE DU FLORES,3,2,31.0
2012-2013,CENTRE DU FLORES,3,5,44.0
2012-2013,CENTRE DU FLORES,4,1,16.0
2012-2013,CENTRE DU FLORES,4,2,67.0
2012-2013,CENTRE DU FLORES,4,5,83.0
2012-2013,CENTRE DU FLORES,5,1,5.0
2012-2013,CENTRE DU FLORES,5,2,18.0
2012-2013,CENTRE DU FLORES,5,5,23.0
2012-2013,CENTRE DU FLORES,6,1,3.0
2012-2013,CENTRE DU FLORES,6,2,2.0
2012-2013,CENTRE DU FLORES,6,5,5.0
2012-2013,CENTRE DU FLORES,8,1,39.0
2012-2013,CENTRE DU FLORES,8,2,125.0
2012-2013,CENTRE DU FLORES,8,5,164.0
2012-2013,CENTRE MIRIAM,1,3,2.0
2012-2013,CENTRE MIRIAM,1,5,2.0
2012-2013,CENTRE MIRIAM,2,1,2.0
2012-2013,CENTRE MIRIAM,2,2,6.0
2012-2013,CENTRE MIRIAM,2,3,6.0
2012-2013,CENTRE MIRIAM,2,5,14.0
2012-2013,CENTRE MIRIAM,3,1,2.0
2012-2013,CENTRE MIRIAM,3,2,16.0
2012-2013,CENTRE MIRIAM,3,3,14.0
2012-2013,CENTRE MIRIAM,3,4,2.0
2012-2013,CENTRE MIRIAM,3,5,34.0
2012-2013,CENTRE MIRIAM,4,1,5.0
2012-2013,CENTRE MIRIAM,4,2,30.0
2012-2013,CENTRE MIRIAM,4,3,11.0
2012-2013,CENTRE MIRIAM,4,4,1.0
2012-2013,CENTRE MIRIAM,4,5,47.0
2012-2013,CENTRE MIRIAM,5,1,3.0
2012-2013,CENTRE MIRIAM,5,2,15.0
2012-2013,CENTRE MIRIAM,5,3,2.0
2012-2013,CENTRE MIRIAM,5,4,1.0
2012-2013,CENTRE MIRIAM,5,5,21.0
2012-2013,CENTRE MIRIAM,6,1,0.0
2012-2013,CENTRE MIRIAM,6,2,3.0
2012-2013,CENTRE MIRIAM,6,3,0.0
2012-2013,CENTRE MIRIAM,6,4,0.0
2012-2013,CENTRE MIRIAM,6,5,3.0
2012-2013,CENTRE MIRIAM,7,1,0.0
2012-2013,CENTRE MIRIAM,7,2,0.0
2012-2013,CENTRE MIRIAM,7,3,0.0
2012-2013,CENTRE MIRIAM,7,4,0.0
2012-2013,CENTRE MIRIAM,7,5,0.0
2012-2013,CENTRE MIRIAM,8,1,12.0
2012-2013,CENTRE MIRIAM,8,2,70.0
2012-2013,CENTRE MIRIAM,8,3,35.0
2012-2013,CENTRE MIRIAM,8,4,4.0
2012-2013,CENTRE MIRIAM,8,5,121.0
2012-2013,CLAIR FOYER INC.,1,1,1.0
2012-2013,CLAIR FOYER INC.,1,5,1.0
2012-2013,CLAIR FOYER INC.,2,1,3.0
2012-2013,CLAIR FOYER INC.,2,2,1.0
2012-2013,CLAIR FOYER INC.,2,3,1.0
2012-2013,CLAIR FOYER INC.,2,4,1.0
2012-2013,CLAIR FOYER INC.,2,5,6.0
2012-2013,CLAIR FOYER INC.,3,1,15.0
2012-2013,CLAIR FOYER INC.,3,2,3.0
2012-2013,CLAIR FOYER INC.,3,4,2.0
2012-2013,CLAIR FOYER INC.,3,5,20.0
2012-2013,CLAIR FOYER INC.,4,1,10.0
2012-2013,CLAIR FOYER INC.,4,2,2.0
2012-2013,CLAIR FOYER INC.,4,4,1.0
2012-2013,CLAIR FOYER INC.,4,5,13.0
2012-2013,CLAIR FOYER INC.,5,1,4.0
2012-2013,CLAIR FOYER INC.,5,2,1.0
2012-2013,CLAIR FOYER INC.,5,3,1.0
2012-2013,CLAIR FOYER INC.,5,4,1.0
2012-2013,CLAIR FOYER INC.,5,5,7.0
2012-2013,CLAIR FOYER INC.,7,2,1.0
2012-2013,CLAIR FOYER INC.,7,5,1.0
2012-2013,CLAIR FOYER INC.,8,1,33.0
2012-2013,CLAIR FOYER INC.,8,2,8.0
2012-2013,CLAIR FOYER INC.,8,3,2.0
2012-2013,CLAIR FOYER INC.,8,4,5.0
2012-2013,CLAIR FOYER INC.,8,5,48.0
2012-2013,CR EN DEFICIENCE INTELLECTUELLE DE QUEBEC,1,1,2.0
2012-2013,CR EN DEFICIENCE INTELLECTUELLE DE QUEBEC,1,2,1.0
2012-2013,CR EN DEFICIENCE INTELLECTUELLE DE QUEBEC,1,5,3.0
2012-2013,CR EN DEFICIENCE INTELLECTUELLE DE QUEBEC,2,1,6.0
2012-2013,CR EN DEFICIENCE INTELLECTUELLE DE QUEBEC,2,2,20.0
2012-2013,CR EN DEFICIENCE INTELLECTUELLE DE QUEBEC,2,3,3.0
2012-2013,CR EN DEFICIENCE INTELLECTUELLE DE QUEBEC,2,4,1.0
2012-2013,CR EN DEFICIENCE INTELLECTUELLE DE QUEBEC,2,5,30.0
2012-2013,CR EN DEFICIENCE INTELLECTUELLE DE QUEBEC,3,1,34.0
2012-2013,CR EN DEFICIENCE INTELLECTUELLE DE QUEBEC,3,2,77.0
2012-2013,CR EN DEFICIENCE INTELLECTUELLE DE QUEBEC,3,3,7.0
2012-2013,CR EN DEFICIENCE INTELLECTUELLE DE QUEBEC,3,4,1.0
2012-2013,CR EN DEFICIENCE INTELLECTUELLE DE QUEBEC,3,5,119.0
2012-2013,CR EN DEFICIENCE INTELLECTUELLE DE QUEBEC,4,1,26.0
2012-2013,CR EN DEFICIENCE INTELLECTUELLE DE QUEBEC,4,2,67.0
2012-2013,CR EN DEFICIENCE INTELLECTUELLE DE QUEBEC,4,3,5.0
2012-2013,CR EN DEFICIENCE INTELLECTUELLE DE QUEBEC,4,4,2.0
2012-2013,CR EN DEFICIENCE INTELLECTUELLE DE QUEBEC,4,5,100.0
2012-2013,CR EN DEFICIENCE INTELLECTUELLE DE QUEBEC,5,1,18.0
2012-2013,CR EN DEFICIENCE INTELLECTUELLE DE QUEBEC,5,2,38.0
2012-2013,CR EN DEFICIENCE INTELLECTUELLE DE QUEBEC,5,3,2.0
2012-2013,CR EN DEFICIENCE INTELLECTUELLE DE QUEBEC,5,4,1.0
2012-2013,CR EN DEFICIENCE INTELLECTUELLE DE QUEBEC,5,5,59.0
2012-2013,CR EN DEFICIENCE INTELLECTUELLE DE QUEBEC,6,1,8.0
2012-2013,CR EN DEFICIENCE INTELLECTUELLE DE QUEBEC,6,2,23.0
2012-2013,CR EN DEFICIENCE INTELLECTUELLE DE QUEBEC,6,3,1.0
2012-2013,CR EN DEFICIENCE INTELLECTUELLE DE QUEBEC,6,5,32.0
2012-2013,CR EN DEFICIENCE INTELLECTUELLE DE QUEBEC,7,2,3.0
2012-2013,CR EN DEFICIENCE INTELLECTUELLE DE QUEBEC,7,4,1.0
2012-2013,CR EN DEFICIENCE INTELLECTUELLE DE QUEBEC,7,5,4.0
2012-2013,CR EN DEFICIENCE INTELLECTUELLE DE QUEBEC,8,1,94.0
2012-2013,CR EN DEFICIENCE INTELLECTUELLE DE QUEBEC,8,2,229.0
2012-2013,CR EN DEFICIENCE INTELLECTUELLE DE QUEBEC,8,3,18.0
2012-2013,CR EN DEFICIENCE INTELLECTUELLE DE QUEBEC,8,4,6.0
2012-2013,CR EN DEFICIENCE INTELLECTUELLE DE QUEBEC,8,5,347.0
2012-2013,CRDITED DE CHAUDIERE-APPALACHES,1,2,1.0
2012-2013,CRDITED DE CHAUDIERE-APPALACHES,1,5,1.0
2012-2013,CRDITED DE CHAUDIERE-APPALACHES,2,1,7.0
2012-2013,CRDITED DE CHAUDIERE-APPALACHES,2,2,15.0
2012-2013,CRDITED DE CHAUDIERE-APPALACHES,2,5,22.0
2012-2013,CRDITED DE CHAUDIERE-APPALACHES,3,1,26.0
2012-2013,CRDITED DE CHAUDIERE-APPALACHES,3,2,51.0
2012-2013,CRDITED DE CHAUDIERE-APPALACHES,3,3,6.0
2012-2013,CRDITED DE CHAUDIERE-APPALACHES,3,4,1.0
2012-2013,CRDITED DE CHAUDIERE-APPALACHES,3,5,84.0
2012-2013,CRDITED DE CHAUDIERE-APPALACHES,4,1,19.0
2012-2013,CRDITED DE CHAUDIERE-APPALACHES,4,2,60.0
2012-2013,CRDITED DE CHAUDIERE-APPALACHES,4,3,7.0
2012-2013,CRDITED DE CHAUDIERE-APPALACHES,4,5,86.0
2012-2013,CRDITED DE CHAUDIERE-APPALACHES,5,1,9.0
2012-2013,CRDITED DE CHAUDIERE-APPALACHES,5,2,17.0
2012-2013,CRDITED DE CHAUDIERE-APPALACHES,5,3,1.0
2012-2013,CRDITED DE CHAUDIERE-APPALACHES,5,4,1.0
2012-2013,CRDITED DE CHAUDIERE-APPALACHES,5,5,28.0
2012-2013,CRDITED DE CHAUDIERE-APPALACHES,6,1,4.0
2012-2013,CRDITED DE CHAUDIERE-APPALACHES,6,2,6.0
2012-2013,CRDITED DE CHAUDIERE-APPALACHES,6,5,10.0
2012-2013,CRDITED DE CHAUDIERE-APPALACHES,8,1,65.0
2012-2013,CRDITED DE CHAUDIERE-APPALACHES,8,2,150.0
2012-2013,CRDITED DE CHAUDIERE-APPALACHES,8,3,14.0
2012-2013,CRDITED DE CHAUDIERE-APPALACHES,8,4,2.0
2012-2013,CRDITED DE CHAUDIERE-APPALACHES,8,5,231.0
2012-2013,CRDITED DE LA MAURICIE-ET-DU-CENTRE-DU-QUEBEC - IU,1,1,1.0
2012-2013,CRDITED DE LA MAURICIE-ET-DU-CENTRE-DU-QUEBEC - IU,1,5,1.0
2012-2013,CRDITED DE LA MAURICIE-ET-DU-CENTRE-DU-QUEBEC - IU,2,1,7.0
2012-2013,CRDITED DE LA MAURICIE-ET-DU-CENTRE-DU-QUEBEC - IU,2,2,3.0
2012-2013,CRDITED DE LA MAURICIE-ET-DU-CENTRE-DU-QUEBEC - IU,2,3,1.0
2012-2013,CRDITED DE LA MAURICIE-ET-DU-CENTRE-DU-QUEBEC - IU,2,5,11.0
2012-2013,CRDITED DE LA MAURICIE-ET-DU-CENTRE-DU-QUEBEC - IU,3,1,41.0
2012-2013,CRDITED DE LA MAURICIE-ET-DU-CENTRE-DU-QUEBEC - IU,3,2,52.0
2012-2013,CRDITED DE LA MAURICIE-ET-DU-CENTRE-DU-QUEBEC - IU,3,3,1.0
2012-2013,CRDITED DE LA MAURICIE-ET-DU-CENTRE-DU-QUEBEC - IU,3,5,94.0
2012-2013,CRDITED DE LA MAURICIE-ET-DU-CENTRE-DU-QUEBEC - IU,4,1,43.0
2012-2013,CRDITED DE LA MAURICIE-ET-DU-CENTRE-DU-QUEBEC - IU,4,2,56.0
2012-2013,CRDITED DE LA MAURICIE-ET-DU-CENTRE-DU-QUEBEC - IU,4,3,4.0
2012-2013,CRDITED DE LA MAURICIE-ET-DU-CENTRE-DU-QUEBEC - IU,4,5,103.0
2012-2013,CRDITED DE LA MAURICIE-ET-DU-CENTRE-DU-QUEBEC - IU,5,1,22.0
2012-2013,CRDITED DE LA MAURICIE-ET-DU-CENTRE-DU-QUEBEC - IU,5,2,31.0
2012-2013,CRDITED DE LA MAURICIE-ET-DU-CENTRE-DU-QUEBEC - IU,5,4,1.0
2012-2013,CRDITED DE LA MAURICIE-ET-DU-CENTRE-DU-QUEBEC - IU,5,5,54.0
2012-2013,CRDITED DE LA MAURICIE-ET-DU-CENTRE-DU-QUEBEC - IU,6,1,28.0
2012-2013,CRDITED DE LA MAURICIE-ET-DU-CENTRE-DU-QUEBEC - IU,6,2,14.0
2012-2013,CRDITED DE LA MAURICIE-ET-DU-CENTRE-DU-QUEBEC - IU,6,3,1.0
2012-2013,CRDITED DE LA MAURICIE-ET-DU-CENTRE-DU-QUEBEC - IU,6,5,43.0
2012-2013,CRDITED DE LA MAURICIE-ET-DU-CENTRE-DU-QUEBEC - IU,7,1,1.0
2012-2013,CRDITED DE LA MAURICIE-ET-DU-CENTRE-DU-QUEBEC - IU,7,2,6.0
2012-2013,CRDITED DE LA MAURICIE-ET-DU-CENTRE-DU-QUEBEC - IU,7,5,7.0
2012-2013,CRDITED DE LA MAURICIE-ET-DU-CENTRE-DU-QUEBEC - IU,8,1,143.0
2012-2013,CRDITED DE LA MAURICIE-ET-DU-CENTRE-DU-QUEBEC - IU,8,2,162.0
2012-2013,CRDITED DE LA MAURICIE-ET-DU-CENTRE-DU-QUEBEC - IU,8,3,7.0
2012-2013,CRDITED DE LA MAURICIE-ET-DU-CENTRE-DU-QUEBEC - IU,8,4,1.0
2012-2013,CRDITED DE LA MAURICIE-ET-DU-CENTRE-DU-QUEBEC - IU,8,5,313.0
2012-2013,CRDITED DE LA MONTEREGIE-EST,1,1,0.0
2012-2013,CRDITED DE LA MONTEREGIE-EST,1,2,0.0
2012-2013,CRDITED DE LA MONTEREGIE-EST,1,3,0.0
2012-2013,CRDITED DE LA MONTEREGIE-EST,1,4,0.0
2012-2013,CRDITED DE LA MONTEREGIE-EST,1,5,0.0
2012-2013,CRDITED DE LA MONTEREGIE-EST,2,1,3.0
2012-2013,CRDITED DE LA MONTEREGIE-EST,2,2,5.0
2012-2013,CRDITED DE LA MONTEREGIE-EST,2,3,0.0
2012-2013,CRDITED DE LA MONTEREGIE-EST,2,4,0.0
2012-2013,CRDITED DE LA MONTEREGIE-EST,2,5,8.0
2012-2013,CRDITED DE LA MONTEREGIE-EST,3,1,26.0
2012-2013,CRDITED DE LA MONTEREGIE-EST,3,2,14.0
2012-2013,CRDITED DE LA MONTEREGIE-EST,3,3,5.0
2012-2013,CRDITED DE LA MONTEREGIE-EST,3,4,1.0
2012-2013,CRDITED DE LA MONTEREGIE-EST,3,5,46.0
2012-2013,CRDITED DE LA MONTEREGIE-EST,4,1,78.0
2012-2013,CRDITED DE LA MONTEREGIE-EST,4,2,36.0
2012-2013,CRDITED DE LA MONTEREGIE-EST,4,3,4.0
2012-2013,CRDITED DE LA MONTEREGIE-EST,4,4,0.0
2012-2013,CRDITED DE LA MONTEREGIE-EST,4,5,118.0
2012-2013,CRDITED DE LA MONTEREGIE-EST,5,1,25.0
2012-2013,CRDITED DE LA MONTEREGIE-EST,5,2,8.0
2012-2013,CRDITED DE LA MONTEREGIE-EST,5,3,0.0
2012-2013,CRDITED DE LA MONTEREGIE-EST,5,4,0.0
2012-2013,CRDITED DE LA MONTEREGIE-EST,5,5,33.0
2012-2013,CRDITED DE LA MONTEREGIE-EST,6,1,4.0
2012-2013,CRDITED DE LA MONTEREGIE-EST,6,2,1.0
2012-2013,CRDITED DE LA MONTEREGIE-EST,6,3,0.0
2012-2013,CRDITED DE LA MONTEREGIE-EST,6,4,0.0
2012-2013,CRDITED DE LA MONTEREGIE-EST,6,5,5.0
2012-2013,CRDITED DE LA MONTEREGIE-EST,7,1,0.0
2012-2013,CRDITED DE LA MONTEREGIE-EST,7,2,0.0
2012-2013,CRDITED DE LA MONTEREGIE-EST,7,3,0.0
2012-2013,CRDITED DE LA MONTEREGIE-EST,7,4,0.0
2012-2013,CRDITED DE LA MONTEREGIE-EST,7,5,0.0
2012-2013,CRDITED DE LA MONTEREGIE-EST,8,1,136.0
2012-2013,CRDITED DE LA MONTEREGIE-EST,8,2,64.0
2012-2013,CRDITED DE LA MONTEREGIE-EST,8,3,9.0
2012-2013,CRDITED DE LA MONTEREGIE-EST,8,4,1.0
2012-2013,CRDITED DE LA MONTEREGIE-EST,8,5,210.0
2012-2013,CRDITED DE LAVAL,1,1,0.0
2012-2013,CRDITED DE LAVAL,1,2,1.0
2012-2013,CRDITED DE LAVAL,1,3,0.0
2012-2013,CRDITED DE LAVAL,1,4,0.0
2012-2013,CRDITED DE LAVAL,1,5,1.0
2012-2013,CRDITED DE LAVAL,2,1,1.0
2012-2013,CRDITED DE LAVAL,2,2,11.0
2012-2013,CRDITED DE LAVAL,2,3,0.0
2012-2013,CRDITED DE LAVAL,2,4,10.0
2012-2013,CRDITED DE LAVAL,2,5,22.0
2012-2013,CRDITED DE LAVAL,3,1,6.0
2012-2013,CRDITED DE LAVAL,3,2,25.0
2012-2013,CRDITED DE LAVAL,3,3,0.0
2012-2013,CRDITED DE LAVAL,3,4,12.0
2012-2013,CRDITED DE LAVAL,3,5,43.0
2012-2013,CRDITED DE LAVAL,4,1,7.0
2012-2013,CRDITED DE LAVAL,4,2,35.0
2012-2013,CRDITED DE LAVAL,4,3,0.0
2012-2013,CRDITED DE LAVAL,4,4,3.0
2012-2013,CRDITED DE LAVAL,4,5,45.0
2012-2013,CRDITED DE LAVAL,5,1,6.0
2012-2013,CRDITED DE LAVAL,5,2,23.0
2012-2013,CRDITED DE LAVAL,5,3,0.0
2012-2013,CRDITED DE LAVAL,5,4,3.0
2012-2013,CRDITED DE LAVAL,5,5,32.0
2012-2013,CRDITED DE LAVAL,6,1,0.0
2012-2013,CRDITED DE LAVAL,6,2,6.0
2012-2013,CRDITED DE LAVAL,6,3,0.0
2012-2013,CRDITED DE LAVAL,6,4,3.0
2012-2013,CRDITED DE LAVAL,6,5,9.0
2012-2013,CRDITED DE LAVAL,7,1,0.0
2012-2013,CRDITED DE LAVAL,7,2,2.0
2012-2013,CRDITED DE LAVAL,7,3,0.0
2012-2013,CRDITED DE LAVAL,7,4,0.0
2012-2013,CRDITED DE LAVAL,7,5,2.0
2012-2013,CRDITED DE LAVAL,8,1,20.0
2012-2013,CRDITED DE LAVAL,8,2,103.0
2012-2013,CRDITED DE LAVAL,8,3,0.0
2012-2013,CRDITED DE LAVAL,8,4,31.0
2012-2013,CRDITED DE LAVAL,8,5,154.0
2012-2013,CRDITED DE MONTREAL,1,1,1.0
2012-2013,CRDITED DE MONTREAL,1,3,1.0
2012-2013,CRDITED DE MONTREAL,1,5,2.0
2012-2013,CRDITED DE MONTREAL,2,1,3.0
2012-2013,CRDITED DE MONTREAL,2,2,46.0
2012-2013,CRDITED DE MONTREAL,2,3,7.0
2012-2013,CRDITED DE MONTREAL,2,4,5.0
2012-2013,CRDITED DE MONTREAL,2,5,61.0
2012-2013,CRDITED DE MONTREAL,3,1,16.0
2012-2013,CRDITED DE MONTREAL,3,2,253.0
2012-2013,CRDITED DE MONTREAL,3,3,23.0
2012-2013,CRDITED DE MONTREAL,3,4,25.0
2012-2013,CRDITED DE MONTREAL,3,5,317.0
2012-2013,CRDITED DE MONTREAL,4,1,24.0
2012-2013,CRDITED DE MONTREAL,4,2,229.0
2012-2013,CRDITED DE MONTREAL,4,3,23.0
2012-2013,CRDITED DE MONTREAL,4,4,18.0
2012-2013,CRDITED DE MONTREAL,4,5,294.0
2012-2013,CRDITED DE MONTREAL,5,1,10.0
2012-2013,CRDITED DE MONTREAL,5,2,75.0
2012-2013,CRDITED DE MONTREAL,5,3,15.0
2012-2013,CRDITED DE MONTREAL,5,4,5.0
2012-2013,CRDITED DE MONTREAL,5,5,105.0
2012-2013,CRDITED DE MONTREAL,6,1,4.0
2012-2013,CRDITED DE MONTREAL,6,2,16.0
2012-2013,CRDITED DE MONTREAL,6,3,4.0
2012-2013,CRDITED DE MONTREAL,6,4,1.0
2012-2013,CRDITED DE MONTREAL,6,5,25.0
2012-2013,CRDITED DE MONTREAL,7,2,1.0
2012-2013,CRDITED DE MONTREAL,7,5,1.0
2012-2013,CRDITED DE MONTREAL,8,1,58.0
2012-2013,CRDITED DE MONTREAL,8,2,620.0
2012-2013,CRDITED DE MONTREAL,8,3,73.0
2012-2013,CRDITED DE MONTREAL,8,4,54.0
2012-2013,CRDITED DE MONTREAL,8,5,805.0
2012-2013,CRDITED DU BAS-SAINT-LAURENT,2,1,17.0
2012-2013,CRDITED DU BAS-SAINT-LAURENT,2,2,5.0
2012-2013,CRDITED DU BAS-SAINT-LAURENT,2,3,3.0
2012-2013,CRDITED DU BAS-SAINT-LAURENT,2,4,1.0
2012-2013,CRDITED DU BAS-SAINT-LAURENT,2,5,26.0
2012-2013,CRDITED DU BAS-SAINT-LAURENT,3,1,34.0
2012-2013,CRDITED DU BAS-SAINT-LAURENT,3,2,17.0
2012-2013,CRDITED DU BAS-SAINT-LAURENT,3,3,7.0
2012-2013,CRDITED DU BAS-SAINT-LAURENT,3,4,1.0
2012-2013,CRDITED DU BAS-SAINT-LAURENT,3,5,59.0
2012-2013,CRDITED DU BAS-SAINT-LAURENT,4,1,33.0
2012-2013,CRDITED DU BAS-SAINT-LAURENT,4,2,18.0
2012-2013,CRDITED DU BAS-SAINT-LAURENT,4,3,4.0
2012-2013,CRDITED DU BAS-SAINT-LAURENT,4,4,1.0
2012-2013,CRDITED DU BAS-SAINT-LAURENT,4,5,56.0
2012-2013,CRDITED DU BAS-SAINT-LAURENT,5,1,4.0
2012-2013,CRDITED DU BAS-SAINT-LAURENT,5,2,4.0
2012-2013,CRDITED DU BAS-SAINT-LAURENT,5,5,8.0
2012-2013,CRDITED DU BAS-SAINT-LAURENT,6,1,2.0
2012-2013,CRDITED DU BAS-SAINT-LAURENT,6,2,3.0
2012-2013,CRDITED DU BAS-SAINT-LAURENT,6,5,5.0
2012-2013,CRDITED DU BAS-SAINT-LAURENT,8,1,90.0
2012-2013,CRDITED DU BAS-SAINT-LAURENT,8,2,47.0
2012-2013,CRDITED DU BAS-SAINT-LAURENT,8,3,14.0
2012-2013,CRDITED DU BAS-SAINT-LAURENT,8,4,3.0
2012-2013,CRDITED DU BAS-SAINT-LAURENT,8,5,154.0
2012-2013,CRDITED DU SAGUENAY - LAC-SAINT-JEAN,1,1,1.0
2012-2013,CRDITED DU SAGUENAY - LAC-SAINT-JEAN,1,2,0.0
2012-2013,CRDITED DU SAGUENAY - LAC-SAINT-JEAN,1,3,1.0
2012-2013,CRDITED DU SAGUENAY - LAC-SAINT-JEAN,1,4,0.0
2012-2013,CRDITED DU SAGUENAY - LAC-SAINT-JEAN,1,5,2.0
2012-2013,CRDITED DU SAGUENAY - LAC-SAINT-JEAN,2,1,10.0
2012-2013,CRDITED DU SAGUENAY - LAC-SAINT-JEAN,2,2,8.0
2012-2013,CRDITED DU SAGUENAY - LAC-SAINT-JEAN,2,3,9.0
2012-2013,CRDITED DU SAGUENAY - LAC-SAINT-JEAN,2,4,0.0
2012-2013,CRDITED DU SAGUENAY - LAC-SAINT-JEAN,2,5,27.0
2012-2013,CRDITED DU SAGUENAY - LAC-SAINT-JEAN,3,1,26.0
2012-2013,CRDITED DU SAGUENAY - LAC-SAINT-JEAN,3,2,27.0
2012-2013,CRDITED DU SAGUENAY - LAC-SAINT-JEAN,3,3,17.0
2012-2013,CRDITED DU SAGUENAY - LAC-SAINT-JEAN,3,4,0.0
2012-2013,CRDITED DU SAGUENAY - LAC-SAINT-JEAN,3,5,70.0
2012-2013,CRDITED DU SAGUENAY - LAC-SAINT-JEAN,4,1,58.0
2012-2013,CRDITED DU SAGUENAY - LAC-SAINT-JEAN,4,2,16.0
2012-2013,CRDITED DU SAGUENAY - LAC-SAINT-JEAN,4,3,19.0
2012-2013,CRDITED DU SAGUENAY - LAC-SAINT-JEAN,4,4,0.0
2012-2013,CRDITED DU SAGUENAY - LAC-SAINT-JEAN,4,5,93.0
2012-2013,CRDITED DU SAGUENAY - LAC-SAINT-JEAN,5,1,18.0
2012-2013,CRDITED DU SAGUENAY - LAC-SAINT-JEAN,5,2,10.0
2012-2013,CRDITED DU SAGUENAY - LAC-SAINT-JEAN,5,3,5.0
2012-2013,CRDITED DU SAGUENAY - LAC-SAINT-JEAN,5,4,0.0
2012-2013,CRDITED DU SAGUENAY - LAC-SAINT-JEAN,5,5,33.0
2012-2013,CRDITED DU SAGUENAY - LAC-SAINT-JEAN,6,1,18.0
2012-2013,CRDITED DU SAGUENAY - LAC-SAINT-JEAN,6,2,10.0
2012-2013,CRDITED DU SAGUENAY - LAC-SAINT-JEAN,6,3,0.0
2012-2013,CRDITED DU SAGUENAY - LAC-SAINT-JEAN,6,4,0.0
2012-2013,CRDITED DU SAGUENAY - LAC-SAINT-JEAN,6,5,28.0
2012-2013,CRDITED DU SAGUENAY - LAC-SAINT-JEAN,7,1,4.0
2012-2013,CRDITED DU SAGUENAY - LAC-SAINT-JEAN,7,2,1.0
2012-2013,CRDITED DU SAGUENAY - LAC-SAINT-JEAN,7,3,0.0
2012-2013,CRDITED DU SAGUENAY - LAC-SAINT-JEAN,7,4,0.0
2012-2013,CRDITED DU SAGUENAY - LAC-SAINT-JEAN,7,5,5.0
2012-2013,CRDITED DU SAGUENAY - LAC-SAINT-JEAN,8,1,135.0
2012-2013,CRDITED DU SAGUENAY - LAC-SAINT-JEAN,8,2,72.0
2012-2013,CRDITED DU SAGUENAY - LAC-SAINT-JEAN,8,3,51.0
2012-2013,CRDITED DU SAGUENAY - LAC-SAINT-JEAN,8,4,0.0
2012-2013,CRDITED DU SAGUENAY - LAC-SAINT-JEAN,8,5,258.0
2012-2013,CSSS DE CHARLEVOIX,1,1,0.0
2012-2013,CSSS DE CHARLEVOIX,1,2,0.0
2012-2013,CSSS DE CHARLEVOIX,1,3,0.0
2012-2013,CSSS DE CHARLEVOIX,1,4,0.0
2012-2013,CSSS DE CHARLEVOIX,1,5,0.0
2012-2013,CSSS DE CHARLEVOIX,2,1,0.0
2012-2013,CSSS DE CHARLEVOIX,2,2,0.0
2012-2013,CSSS DE CHARLEVOIX,2,3,0.0
2012-2013,CSSS DE CHARLEVOIX,2,4,0.0
2012-2013,CSSS DE CHARLEVOIX,2,5,0.0
2012-2013,CSSS DE CHARLEVOIX,3,1,4.0
2012-2013,CSSS DE CHARLEVOIX,3,2,9.0
2012-2013,CSSS DE CHARLEVOIX,3,3,2.0
2012-2013,CSSS DE CHARLEVOIX,3,4,0.0
2012-2013,CSSS DE CHARLEVOIX,3,5,15.0
2012-2013,CSSS DE CHARLEVOIX,4,1,25.0
2012-2013,CSSS DE CHARLEVOIX,4,2,50.0
2012-2013,CSSS DE CHARLEVOIX,4,3,9.0
2012-2013,CSSS DE CHARLEVOIX,4,4,0.0
2012-2013,CSSS DE CHARLEVOIX,4,5,84.0
2012-2013,CSSS DE CHARLEVOIX,5,1,45.0
2012-2013,CSSS DE CHARLEVOIX,5,2,51.0
2012-2013,CSSS DE CHARLEVOIX,5,3,12.0
2012-2013,CSSS DE CHARLEVOIX,5,4,0.0
2012-2013,CSSS DE CHARLEVOIX,5,5,108.0
2012-2013,CSSS DE CHARLEVOIX,6,1,13.0
2012-2013,CSSS DE CHARLEVOIX,6,2,14.0
2012-2013,CSSS DE CHARLEVOIX,6,3,1.0
2012-2013,CSSS DE CHARLEVOIX,6,4,0.0
2012-2013,CSSS DE CHARLEVOIX,6,5,28.0
2012-2013,CSSS DE CHARLEVOIX,7,1,2.0
2012-2013,CSSS DE CHARLEVOIX,7,2,7.0
2012-2013,CSSS DE CHARLEVOIX,7,3,0.0
2012-2013,CSSS DE CHARLEVOIX,7,4,0.0
2012-2013,CSSS DE CHARLEVOIX,7,5,9.0
2012-2013,CSSS DE CHARLEVOIX,8,1,89.0
2012-2013,CSSS DE CHARLEVOIX,8,2,131.0
2012-2013,CSSS DE CHARLEVOIX,8,3,24.0
2012-2013,CSSS DE CHARLEVOIX,8,4,0.0
2012-2013,CSSS DE CHARLEVOIX,8,5,244.0
2012-2013,CSSS DES ILES,2,2,1.0
2012-2013,CSSS DES ILES,2,5,1.0
2012-2013,CSSS DES ILES,3,1,2.0
2012-2013,CSSS DES ILES,3,2,2.0
2012-2013,CSSS DES ILES,3,5,4.0
2012-2013,CSSS DES ILES,4,2,2.0
2012-2013,CSSS DES ILES,4,5,2.0
2012-2013,CSSS DES ILES,5,2,1.0
2012-2013,CSSS DES ILES,5,5,1.0
2012-2013,CSSS DES ILES,6,1,2.0
2012-2013,CSSS DES ILES,6,2,1.0
2012-2013,CSSS DES ILES,6,5,3.0
2012-2013,CSSS DES ILES,7,1,1.0
2012-2013,CSSS DES ILES,7,5,1.0
2012-2013,CSSS DES ILES,8,1,5.0
2012-2013,CSSS DES ILES,8,2,7.0
2012-2013,CSSS DES ILES,8,5,12.0
2012-2013,LE CENTRE DE READAPTATION DE LA GASPESIE,1,1,1.0
2012-2013,LE CENTRE DE READAPTATION DE LA GASPESIE,1,5,1.0
2012-2013,LE CENTRE DE READAPTATION DE LA GASPESIE,2,1,3.0
2012-2013,LE CENTRE DE READAPTATION DE LA GASPESIE,2,5,3.0
2012-2013,LE CENTRE DE READAPTATION DE LA GASPESIE,3,1,12.0
2012-2013,LE CENTRE DE READAPTATION DE LA GASPESIE,3,2,4.0
2012-2013,LE CENTRE DE READAPTATION DE LA GASPESIE,3,3,13.0
2012-2013,LE CENTRE DE READAPTATION DE LA GASPESIE,3,5,29.0
2012-2013,LE CENTRE DE READAPTATION DE LA GASPESIE,4,1,26.0
2012-2013,LE CENTRE DE READAPTATION DE LA GASPESIE,4,2,5.0
2012-2013,LE CENTRE DE READAPTATION DE LA GASPESIE,4,3,4.0
2012-2013,LE CENTRE DE READAPTATION DE LA GASPESIE,4,5,35.0
2012-2013,LE CENTRE DE READAPTATION DE LA GASPESIE,5,1,5.0
2012-2013,LE CENTRE DE READAPTATION DE LA GASPESIE,5,2,4.0
2012-2013,LE CENTRE DE READAPTATION DE LA GASPESIE,5,3,1.0
2012-2013,LE CENTRE DE READAPTATION DE LA GASPESIE,5,5,10.0
2012-2013,LE CENTRE DE READAPTATION DE LA GASPESIE,6,1,9.0
2012-2013,LE CENTRE DE READAPTATION DE LA GASPESIE,6,2,2.0
2012-2013,LE CENTRE DE READAPTATION DE LA GASPESIE,6,3,1.0
2012-2013,LE CENTRE DE READAPTATION DE LA GASPESIE,6,5,12.0
2012-2013,LE CENTRE DE READAPTATION DE LA GASPESIE,8,1,56.0
2012-2013,LE CENTRE DE READAPTATION DE LA GASPESIE,8,2,15.0
2012-2013,LE CENTRE DE READAPTATION DE LA GASPESIE,8,3,19.0
2012-2013,LE CENTRE DE READAPTATION DE LA GASPESIE,8,5,90.0
2012-2013,LES SERVICES DE READAPTATION DU SUD-OUEST ET DU RENFORT,2,1,11.0
2012-2013,LES SERVICES DE READAPTATION DU SUD-OUEST ET DU RENFORT,2,2,16.0
2012-2013,LES SERVICES DE READAPTATION DU SUD-OUEST ET DU RENFORT,2,3,9.0
2012-2013,LES SERVICES DE READAPTATION DU SUD-OUEST ET DU RENFORT,2,4,1.0
2012-2013,LES SERVICES DE READAPTATION DU SUD-OUEST ET DU RENFORT,2,5,37.0
2012-2013,LES SERVICES DE READAPTATION DU SUD-OUEST ET DU RENFORT,3,1,52.0
2012-2013,LES SERVICES DE READAPTATION DU SUD-OUEST ET DU RENFORT,3,2,31.0
2012-2013,LES SERVICES DE READAPTATION DU SUD-OUEST ET DU RENFORT,3,3,18.0
2012-2013,LES SERVICES DE READAPTATION DU SUD-OUEST ET DU RENFORT,3,5,101.0
2012-2013,LES SERVICES DE READAPTATION DU SUD-OUEST ET DU RENFORT,4,1,38.0
2012-2013,LES SERVICES DE READAPTATION DU SUD-OUEST ET DU RENFORT,4,2,22.0
2012-2013,LES SERVICES DE READAPTATION DU SUD-OUEST ET DU RENFORT,4,3,5.0
2012-2013,LES SERVICES DE READAPTATION DU SUD-OUEST ET DU RENFORT,4,5,65.0
2012-2013,LES SERVICES DE READAPTATION DU SUD-OUEST ET DU RENFORT,5,1,8.0
2012-2013,LES SERVICES DE READAPTATION DU SUD-OUEST ET DU RENFORT,5,2,2.0
2012-2013,LES SERVICES DE READAPTATION DU SUD-OUEST ET DU RENFORT,5,3,2.0
2012-2013,LES SERVICES DE READAPTATION DU SUD-OUEST ET DU RENFORT,5,5,12.0
2012-2013,LES SERVICES DE READAPTATION DU SUD-OUEST ET DU RENFORT,6,2,1.0
2012-2013,LES SERVICES DE READAPTATION DU SUD-OUEST ET DU RENFORT,6,5,1.0
2012-2013,LES SERVICES DE READAPTATION DU SUD-OUEST ET DU RENFORT,7,1,1.0
2012-2013,LES SERVICES DE READAPTATION DU SUD-OUEST ET DU RENFORT,7,5,1.0
2012-2013,LES SERVICES DE READAPTATION DU SUD-OUEST ET DU RENFORT,8,1,110.0
2012-2013,LES SERVICES DE READAPTATION DU SUD-OUEST ET DU RENFORT,8,2,72.0
2012-2013,LES SERVICES DE READAPTATION DU SUD-OUEST ET DU RENFORT,8,3,34.0
2012-2013,LES SERVICES DE READAPTATION DU SUD-OUEST ET DU RENFORT,8,4,1.0
2012-2013,LES SERVICES DE READAPTATION DU SUD-OUEST ET DU RENFORT,8,5,217.0
2012-2013,PAVILLON DU PARC,2,2,4.0
2012-2013,PAVILLON DU PARC,2,3,7.0
2012-2013,PAVILLON DU PARC,2,5,11.0
2012-2013,PAVILLON DU PARC,3,1,12.0
2012-2013,PAVILLON DU PARC,3,2,14.0
2012-2013,PAVILLON DU PARC,3,3,29.0
2012-2013,PAVILLON DU PARC,3,5,55.0
2012-2013,PAVILLON DU PARC,4,1,10.0
2012-2013,PAVILLON DU PARC,4,2,11.0
2012-2013,PAVILLON DU PARC,4,3,12.0
2012-2013,PAVILLON DU PARC,4,4,1.0
2012-2013,PAVILLON DU PARC,4,5,34.0
2012-2013,PAVILLON DU PARC,5,1,3.0
2012-2013,PAVILLON DU PARC,5,2,4.0
2012-2013,PAVILLON DU PARC,5,5,7.0
2012-2013,PAVILLON DU PARC,6,2,1.0
2012-2013,PAVILLON DU PARC,6,5,1.0
2012-2013,PAVILLON DU PARC,8,1,25.0
2012-2013,PAVILLON DU PARC,8,2,34.0
2012-2013,PAVILLON DU PARC,8,3,48.0
2012-2013,PAVILLON DU PARC,8,4,1.0
2012-2013,PAVILLON DU PARC,8,5,108.0
2012-2013,PAVILLON STE-MARIE INC.,1,3,3.0
2012-2013,PAVILLON STE-MARIE INC.,1,4,17.0
2012-2013,PAVILLON STE-MARIE INC.,1,5,20.0
2012-2013,PAVILLON STE-MARIE INC.,2,4,10.0
2012-2013,PAVILLON STE-MARIE INC.,2,5,10.0
2012-2013,PAVILLON STE-MARIE INC.,3,4,12.0
2012-2013,PAVILLON STE-MARIE INC.,3,5,12.0
2012-2013,PAVILLON STE-MARIE INC.,8,3,3.0
2012-2013,PAVILLON STE-MARIE INC.,8,4,39.0
2012-2013,PAVILLON STE-MARIE INC.,8,5,42.0
2013-2014,Atelier Le Fil d'Ariane Inc.,1,5,4.0
2013-2014,Atelier Le Fil d'Ariane Inc.,1,6,1.0
2013-2014,Atelier Le Fil d'Ariane Inc.,1,9,5.0
2013-2014,Atelier Le Fil d'Ariane Inc.,2,6,1.0
2013-2014,Atelier Le Fil d'Ariane Inc.,2,9,1.0
2013-2014,Atelier Le Fil d'Ariane Inc.,3,5,4.0
2013-2014,Atelier Le Fil d'Ariane Inc.,3,6,2.0
2013-2014,Atelier Le Fil d'Ariane Inc.,3,9,6.0
2013-2014,Atelier Le Fil d'Ariane Inc.,9,5,4.0
2013-2014,Atelier Le Fil d'Ariane Inc.,9,6,2.0
2013-2014,Atelier Le Fil d'Ariane Inc.,9,9,6.0
2013-2014,Atelier Le Fil d'Ariane Inc.,13,5,12.0
2013-2014,Atelier Le Fil d'Ariane Inc.,13,6,6.0
2013-2014,Atelier Le Fil d'Ariane Inc.,13,9,18.0
2013-2014,CPR de la Côte-Nord,1,1,28.0
2013-2014,CPR de la Côte-Nord,1,2,53.0
2013-2014,CPR de la Côte-Nord,1,3,39.0
2013-2014,CPR de la Côte-Nord,1,4,11.0
2013-2014,CPR de la Côte-Nord,1,5,28.0
2013-2014,CPR de la Côte-Nord,1,6,9.0
2013-2014,CPR de la Côte-Nord,1,7,2.0
2013-2014,CPR de la Côte-Nord,1,9,170.0
2013-2014,CPR de la Côte-Nord,2,1,2.0
2013-2014,CPR de la Côte-Nord,2,2,2.0
2013-2014,CPR de la Côte-Nord,2,3,1.0
2013-2014,CPR de la Côte-Nord,2,5,2.0
2013-2014,CPR de la Côte-Nord,2,6,5.0
2013-2014,CPR de la Côte-Nord,2,9,12.0
2013-2014,CPR de la Côte-Nord,5,2,1.0
2013-2014,CPR de la Côte-Nord,5,3,1.0
2013-2014,CPR de la Côte-Nord,5,5,6.0
2013-2014,CPR de la Côte-Nord,5,6,3.0
2013-2014,CPR de la Côte-Nord,5,9,11.0
2013-2014,CPR de la Côte-Nord,6,6,1.0
2013-2014,CPR de la Côte-Nord,6,9,1.0
2013-2014,CPR de la Côte-Nord,7,5,1.0
2013-2014,CPR de la Côte-Nord,7,7,1.0
2013-2014,CPR de la Côte-Nord,7,9,2.0
2013-2014,CPR de la Côte-Nord,8,3,1.0
2013-2014,CPR de la Côte-Nord,8,4,3.0
2013-2014,CPR de la Côte-Nord,8,5,33.0
2013-2014,CPR de la Côte-Nord,8,6,44.0
2013-2014,CPR de la Côte-Nord,8,7,3.0
2013-2014,CPR de la Côte-Nord,8,9,84.0
2013-2014,CPR de la Côte-Nord,9,2,1.0
2013-2014,CPR de la Côte-Nord,9,3,3.0
2013-2014,CPR de la Côte-Nord,9,4,3.0
2013-2014,CPR de la Côte-Nord,9,5,17.0
2013-2014,CPR de la Côte-Nord,9,6,49.0
2013-2014,CPR de la Côte-Nord,9,7,6.0
2013-2014,CPR de la Côte-Nord,9,8,1.0
2013-2014,CPR de la Côte-Nord,9,9,80.0
2013-2014,CPR de la Côte-Nord,11,2,1.0
2013-2014,CPR de la Côte-Nord,11,5,1.0
2013-2014,CPR de la Côte-Nord,11,6,1.0
2013-2014,CPR de la Côte-Nord,11,7,1.0
2013-2014,CPR de la Côte-Nord,11,9,4.0
2013-2014,CPR de la Côte-Nord,12,3,1.0
2013-2014,CPR de la Côte-Nord,12,9,1.0
2013-2014,CPR de la Côte-Nord,13,1,30.0
2013-2014,CPR de la Côte-Nord,13,2,58.0
2013-2014,CPR de la Côte-Nord,13,3,46.0
2013-2014,CPR de la Côte-Nord,13,4,17.0
2013-2014,CPR de la Côte-Nord,13,5,88.0
2013-2014,CPR de la Côte-Nord,13,6,112.0
2013-2014,CPR de la Côte-Nord,13,7,13.0
2013-2014,CPR de la Côte-Nord,13,8,1.0
2013-2014,CPR de la Côte-Nord,13,9,365.0
2013-2014,CR Estrie Inc.,1,1,8.0
2013-2014,CR Estrie Inc.,1,2,5.0
2013-2014,CR Estrie Inc.,1,3,1.0
2013-2014,CR Estrie Inc.,1,4,0.0
2013-2014,CR Estrie Inc.,1,5,0.0
2013-2014,CR Estrie Inc.,1,6,0.0
2013-2014,CR Estrie Inc.,1,7,0.0
2013-2014,CR Estrie Inc.,1,8,0.0
2013-2014,CR Estrie Inc.,1,9,14.0
2013-2014,CR Estrie Inc.,2,4,2.0
2013-2014,CR Estrie Inc.,2,5,5.0
2013-2014,CR Estrie Inc.,2,6,1.0
2013-2014,CR Estrie Inc.,2,7,0.0
2013-2014,CR Estrie Inc.,2,8,0.0
2013-2014,CR Estrie Inc.,2,9,8.0
2013-2014,CR Estrie Inc.,9,1,1.0
2013-2014,CR Estrie Inc.,9,2,0.0
2013-2014,CR Estrie Inc.,9,3,1.0
2013-2014,CR Estrie Inc.,9,4,1.0
2013-2014,CR Estrie Inc.,9,5,0.0
2013-2014,CR Estrie Inc.,9,6,1.0
2013-2014,CR Estrie Inc.,9,7,0.0
2013-2014,CR Estrie Inc.,9,8,0.0
2013-2014,CR Estrie Inc.,9,9,4.0
2013-2014,CR Estrie Inc.,13,1,9.0
2013-2014,CR Estrie Inc.,13,2,5.0
2013-2014,CR Estrie Inc.,13,3,2.0
2013-2014,CR Estrie Inc.,13,4,3.0
2013-2014,CR Estrie Inc.,13,5,5.0
2013-2014,CR Estrie Inc.,13,6,2.0
2013-2014,CR Estrie Inc.,13,7,0.0
2013-2014,CR Estrie Inc.,13,8,0.0
2013-2014,CR Estrie Inc.,13,9,26.0
2013-2014,CR La Maison,1,1,17.0
2013-2014,CR La Maison,1,2,58.0
2013-2014,CR La Maison,1,3,29.0
2013-2014,CR La Maison,1,4,11.0
2013-2014,CR La Maison,1,5,4.0
2013-2014,CR La Maison,1,6,0.0
2013-2014,CR La Maison,1,7,0.0
2013-2014,CR La Maison,1,8,0.0
2013-2014,CR La Maison,1,9,119.0
2013-2014,CR La Maison,2,1,0.0
2013-2014,CR La Maison,2,4,0.0
2013-2014,CR La Maison,2,5,1.0
2013-2014,CR La Maison,2,6,0.0
2013-2014,CR La Maison,2,7,0.0
2013-2014,CR La Maison,2,8,0.0
2013-2014,CR La Maison,2,9,1.0
2013-2014,CR La Maison,8,1,0.0
2013-2014,CR La Maison,8,2,0.0
2013-2014,CR La Maison,8,3,0.0
2013-2014,CR La Maison,8,4,0.0
2013-2014,CR La Maison,8,5,2.0
2013-2014,CR La Maison,8,6,2.0
2013-2014,CR La Maison,8,7,0.0
2013-2014,CR La Maison,8,8,0.0
2013-2014,CR La Maison,8,9,4.0
2013-2014,CR La Maison,9,1,0.0
2013-2014,CR La Maison,9,2,2.0
2013-2014,CR La Maison,9,3,2.0
2013-2014,CR La Maison,9,4,0.0
2013-2014,CR La Maison,9,5,2.0
2013-2014,CR La Maison,9,6,3.0
2013-2014,CR La Maison,9,7,0.0
2013-2014,CR La Maison,9,8,0.0
2013-2014,CR La Maison,9,9,9.0
2013-2014,CR La Maison,10,1,0.0
2013-2014,CR La Maison,10,2,1.0
2013-2014,CR La Maison,10,3,2.0
2013-2014,CR La Maison,10,4,0.0
2013-2014,CR La Maison,10,5,2.0
2013-2014,CR La Maison,10,6,0.0
2013-2014,CR La Maison,10,7,0.0
2013-2014,CR La Maison,10,8,0.0
2013-2014,CR La Maison,10,9,5.0
2013-2014,CR La Maison,12,1,0.0
2013-2014,CR La Maison,12,2,0.0
2013-2014,CR La Maison,12,3,1.0
2013-2014,CR La Maison,12,4,0.0
2013-2014,CR La Maison,12,5,0.0
2013-2014,CR La Maison,12,6,0.0
2013-2014,CR La Maison,12,7,0.0
2013-2014,CR La Maison,12,8,0.0
2013-2014,CR La Maison,12,9,1.0
2013-2014,CR La Maison,13,1,17.0
2013-2014,CR La Maison,13,2,61.0
2013-2014,CR La Maison,13,3,34.0
2013-2014,CR La Maison,13,4,11.0
2013-2014,CR La Maison,13,5,11.0
2013-2014,CR La Maison,13,6,5.0
2013-2014,CR La Maison,13,7,0.0
2013-2014,CR La Maison,13,8,0.0
2013-2014,CR La Maison,13,9,139.0
2013-2014,CR La Myriade,1,1,90.0
2013-2014,CR La Myriade,1,2,180.0
2013-2014,CR La Myriade,1,3,70.0
2013-2014,CR La Myriade,1,4,57.0
2013-2014,CR La Myriade,1,5,76.0
2013-2014,CR La Myriade,1,6,8.0
2013-2014,CR La Myriade,1,7,0.0
2013-2014,CR La Myriade,1,8,0.0
2013-2014,CR La Myriade,1,9,481.0
2013-2014,CR La Myriade,2,1,0.0
2013-2014,CR La Myriade,2,2,0.0
2013-2014,CR La Myriade,2,3,0.0
2013-2014,CR La Myriade,2,4,2.0
2013-2014,CR La Myriade,2,5,26.0
2013-2014,CR La Myriade,2,6,20.0
2013-2014,CR La Myriade,2,7,2.0
2013-2014,CR La Myriade,2,9,50.0
2013-2014,CR La Myriade,3,1,0.0
2013-2014,CR La Myriade,3,2,3.0
2013-2014,CR La Myriade,3,3,6.0
2013-2014,CR La Myriade,3,4,0.0
2013-2014,CR La Myriade,3,5,1.0
2013-2014,CR La Myriade,3,6,1.0
2013-2014,CR La Myriade,3,7,0.0
2013-2014,CR La Myriade,3,8,0.0
2013-2014,CR La Myriade,3,9,11.0
2013-2014,CR La Myriade,4,1,0.0
2013-2014,CR La Myriade,4,2,0.0
2013-2014,CR La Myriade,4,3,0.0
2013-2014,CR La Myriade,4,4,0.0
2013-2014,CR La Myriade,4,5,1.0
2013-2014,CR La Myriade,4,6,2.0
2013-2014,CR La Myriade,4,7,0.0
2013-2014,CR La Myriade,4,8,0.0
2013-2014,CR La Myriade,4,9,3.0
2013-2014,CR La Myriade,7,1,0.0
2013-2014,CR La Myriade,7,2,0.0
2013-2014,CR La Myriade,7,3,0.0
2013-2014,CR La Myriade,7,4,0.0
2013-2014,CR La Myriade,7,5,1.0
2013-2014,CR La Myriade,7,6,4.0
2013-2014,CR La Myriade,7,7,1.0
2013-2014,CR La Myriade,7,8,0.0
2013-2014,CR La Myriade,7,9,6.0
2013-2014,CR La Myriade,8,1,0.0
2013-2014,CR La Myriade,8,2,11.0
2013-2014,CR La Myriade,8,3,22.0
2013-2014,CR La Myriade,8,4,30.0
2013-2014,CR La Myriade,8,5,107.0
2013-2014,CR La Myriade,8,6,100.0
2013-2014,CR La Myriade,8,7,4.0
2013-2014,CR La Myriade,8,8,1.0
2013-2014,CR La Myriade,8,9,275.0
2013-2014,CR La Myriade,9,1,0.0
2013-2014,CR La Myriade,9,2,5.0
2013-2014,CR La Myriade,9,3,8.0
2013-2014,CR La Myriade,9,4,12.0
2013-2014,CR La Myriade,9,5,87.0
2013-2014,CR La Myriade,9,6,122.0
2013-2014,CR La Myriade,9,7,32.0
2013-2014,CR La Myriade,9,8,3.0
2013-2014,CR La Myriade,9,9,269.0
2013-2014,CR La Myriade,12,1,0.0
2013-2014,CR La Myriade,12,2,0.0
2013-2014,CR La Myriade,12,3,1.0
2013-2014,CR La Myriade,12,4,0.0
2013-2014,CR La Myriade,12,5,4.0
2013-2014,CR La Myriade,12,6,3.0
2013-2014,CR La Myriade,12,7,2.0
2013-2014,CR La Myriade,12,8,0.0
2013-2014,CR La Myriade,12,9,10.0
2013-2014,CR La Myriade,13,1,90.0
2013-2014,CR La Myriade,13,2,199.0
2013-2014,CR La Myriade,13,3,107.0
2013-2014,CR La Myriade,13,4,101.0
2013-2014,CR La Myriade,13,5,303.0
2013-2014,CR La Myriade,13,6,260.0
2013-2014,CR La Myriade,13,7,41.0
2013-2014,CR La Myriade,13,8,4.0
2013-2014,CR La Myriade,13,9,1105.0
2013-2014,CR de l'Ouest de Montréal,1,1,228.0
2013-2014,CR de l'Ouest de Montréal,1,2,294.0
2013-2014,CR de l'Ouest de Montréal,1,3,220.0
2013-2014,CR de l'Ouest de Montréal,1,4,106.0
2013-2014,CR de l'Ouest de Montréal,1,5,272.0
2013-2014,CR de l'Ouest de Montréal,1,6,45.0
2013-2014,CR de l'Ouest de Montréal,1,7,1.0
2013-2014,CR de l'Ouest de Montréal,1,8,0.0
2013-2014,CR de l'Ouest de Montréal,1,9,1166.0
2013-2014,CR de l'Ouest de Montréal,2,1,0.0
2013-2014,CR de l'Ouest de Montréal,2,2,0.0
2013-2014,CR de l'Ouest de Montréal,2,3,0.0
2013-2014,CR de l'Ouest de Montréal,2,4,3.0
2013-2014,CR de l'Ouest de Montréal,2,5,61.0
2013-2014,CR de l'Ouest de Montréal,2,6,78.0
2013-2014,CR de l'Ouest de Montréal,2,7,10.0
2013-2014,CR de l'Ouest de Montréal,2,8,0.0
2013-2014,CR de l'Ouest de Montréal,2,9,152.0
2013-2014,CR de l'Ouest de Montréal,3,1,0.0
2013-2014,CR de l'Ouest de Montréal,3,2,0.0
2013-2014,CR de l'Ouest de Montréal,3,3,0.0
2013-2014,CR de l'Ouest de Montréal,3,4,0.0
2013-2014,CR de l'Ouest de Montréal,3,5,0.0
2013-2014,CR de l'Ouest de Montréal,3,6,0.0
2013-2014,CR de l'Ouest de Montréal,3,7,0.0
2013-2014,CR de l'Ouest de Montréal,3,8,0.0
2013-2014,CR de l'Ouest de Montréal,3,9,0.0
2013-2014,CR de l'Ouest de Montréal,4,1,0.0
2013-2014,CR de l'Ouest de Montréal,4,2,0.0
2013-2014,CR de l'Ouest de Montréal,4,3,0.0
2013-2014,CR de l'Ouest de Montréal,4,4,0.0
2013-2014,CR de l'Ouest de Montréal,4,5,0.0
2013-2014,CR de l'Ouest de Montréal,4,6,0.0
2013-2014,CR de l'Ouest de Montréal,4,7,0.0
2013-2014,CR de l'Ouest de Montréal,4,8,0.0
2013-2014,CR de l'Ouest de Montréal,4,9,0.0
2013-2014,CR de l'Ouest de Montréal,5,1,0.0
2013-2014,CR de l'Ouest de Montréal,5,2,0.0
2013-2014,CR de l'Ouest de Montréal,5,3,0.0
2013-2014,CR de l'Ouest de Montréal,5,4,1.0
2013-2014,CR de l'Ouest de Montréal,5,5,6.0
2013-2014,CR de l'Ouest de Montréal,5,6,7.0
2013-2014,CR de l'Ouest de Montréal,5,7,0.0
2013-2014,CR de l'Ouest de Montréal,5,8,0.0
2013-2014,CR de l'Ouest de Montréal,5,9,14.0
2013-2014,CR de l'Ouest de Montréal,6,1,0.0
2013-2014,CR de l'Ouest de Montréal,6,2,0.0
2013-2014,CR de l'Ouest de Montréal,6,3,0.0
2013-2014,CR de l'Ouest de Montréal,6,4,0.0
2013-2014,CR de l'Ouest de Montréal,6,5,0.0
2013-2014,CR de l'Ouest de Montréal,6,6,0.0
2013-2014,CR de l'Ouest de Montréal,6,7,0.0
2013-2014,CR de l'Ouest de Montréal,6,8,0.0
2013-2014,CR de l'Ouest de Montréal,6,9,0.0
2013-2014,CR de l'Ouest de Montréal,7,1,0.0
2013-2014,CR de l'Ouest de Montréal,7,2,0.0
2013-2014,CR de l'Ouest de Montréal,7,3,0.0
2013-2014,CR de l'Ouest de Montréal,7,4,0.0
2013-2014,CR de l'Ouest de Montréal,7,5,0.0
2013-2014,CR de l'Ouest de Montréal,7,6,3.0
2013-2014,CR de l'Ouest de Montréal,7,7,0.0
2013-2014,CR de l'Ouest de Montréal,7,8,0.0
2013-2014,CR de l'Ouest de Montréal,7,9,3.0
2013-2014,CR de l'Ouest de Montréal,8,1,1.0
2013-2014,CR de l'Ouest de Montréal,8,2,14.0
2013-2014,CR de l'Ouest de Montréal,8,3,47.0
2013-2014,CR de l'Ouest de Montréal,8,4,27.0
2013-2014,CR de l'Ouest de Montréal,8,5,179.0
2013-2014,CR de l'Ouest de Montréal,8,6,167.0
2013-2014,CR de l'Ouest de Montréal,8,7,28.0
2013-2014,CR de l'Ouest de Montréal,8,8,3.0
2013-2014,CR de l'Ouest de Montréal,8,9,466.0
2013-2014,CR de l'Ouest de Montréal,9,1,3.0
2013-2014,CR de l'Ouest de Montréal,9,2,6.0
2013-2014,CR de l'Ouest de Montréal,9,3,11.0
2013-2014,CR de l'Ouest de Montréal,9,4,7.0
2013-2014,CR de l'Ouest de Montréal,9,5,45.0
2013-2014,CR de l'Ouest de Montréal,9,6,43.0
2013-2014,CR de l'Ouest de Montréal,9,7,8.0
2013-2014,CR de l'Ouest de Montréal,9,8,1.0
2013-2014,CR de l'Ouest de Montréal,9,9,124.0
2013-2014,CR de l'Ouest de Montréal,10,1,0.0
2013-2014,CR de l'Ouest de Montréal,10,2,0.0
2013-2014,CR de l'Ouest de Montréal,10,3,0.0
2013-2014,CR de l'Ouest de Montréal,10,4,0.0
2013-2014,CR de l'Ouest de Montréal,10,5,0.0
2013-2014,CR de l'Ouest de Montréal,10,6,0.0
2013-2014,CR de l'Ouest de Montréal,10,7,0.0
2013-2014,CR de l'Ouest de Montréal,10,8,0.0
2013-2014,CR de l'Ouest de Montréal,10,9,0.0
2013-2014,CR de l'Ouest de Montréal,11,1,0.0
2013-2014,CR de l'Ouest de Montréal,11,2,0.0
2013-2014,CR de l'Ouest de Montréal,11,3,0.0
2013-2014,CR de l'Ouest de Montréal,11,4,0.0
2013-2014,CR de l'Ouest de Montréal,11,5,0.0
2013-2014,CR de l'Ouest de Montréal,11,6,0.0
2013-2014,CR de l'Ouest de Montréal,11,7,0.0
2013-2014,CR de l'Ouest de Montréal,11,8,0.0
2013-2014,CR de l'Ouest de Montréal,11,9,0.0
2013-2014,CR de l'Ouest de Montréal,12,1,0.0
2013-2014,CR de l'Ouest de Montréal,12,2,0.0
2013-2014,CR de l'Ouest de Montréal,12,3,3.0
2013-2014,CR de l'Ouest de Montréal,12,4,2.0
2013-2014,CR de l'Ouest de Montréal,12,5,5.0
2013-2014,CR de l'Ouest de Montréal,12,6,9.0
2013-2014,CR de l'Ouest de Montréal,12,7,2.0
2013-2014,CR de l'Ouest de Montréal,12,8,0.0
2013-2014,CR de l'Ouest de Montréal,12,9,21.0
2013-2014,CR de l'Ouest de Montréal,13,1,232.0
2013-2014,CR de l'Ouest de Montréal,13,2,314.0
2013-2014,CR de l'Ouest de Montréal,13,3,281.0
2013-2014,CR de l'Ouest de Montréal,13,4,146.0
2013-2014,CR de l'Ouest de Montréal,13,5,568.0
2013-2014,CR de l'Ouest de Montréal,13,6,352.0
2013-2014,CR de l'Ouest de Montréal,13,7,49.0
2013-2014,CR de l'Ouest de Montréal,13,8,4.0
2013-2014,CR de l'Ouest de Montréal,13,9,1946.0
2013-2014,CR de la Gaspésie,1,1,14.0
2013-2014,CR de la Gaspésie,1,2,48.0
2013-2014,CR de la Gaspésie,1,3,35.0
2013-2014,CR de la Gaspésie,1,4,18.0
2013-2014,CR de la Gaspésie,1,5,61.0
2013-2014,CR de la Gaspésie,1,6,8.0
2013-2014,CR de la Gaspésie,1,7,3.0
2013-2014,CR de la Gaspésie,1,8,0.0
2013-2014,CR de la Gaspésie,1,9,187.0
2013-2014,CR de la Gaspésie,2,1,0.0
2013-2014,CR de la Gaspésie,2,2,0.0
2013-2014,CR de la Gaspésie,2,3,1.0
2013-2014,CR de la Gaspésie,2,4,1.0
2013-2014,CR de la Gaspésie,2,5,5.0
2013-2014,CR de la Gaspésie,2,6,6.0
2013-2014,CR de la Gaspésie,2,7,1.0
2013-2014,CR de la Gaspésie,2,8,0.0
2013-2014,CR de la Gaspésie,2,9,14.0
2013-2014,CR de la Gaspésie,5,1,0.0
2013-2014,CR de la Gaspésie,5,2,0.0
2013-2014,CR de la Gaspésie,5,3,1.0
2013-2014,CR de la Gaspésie,5,4,0.0
2013-2014,CR de la Gaspésie,5,5,5.0
2013-2014,CR de la Gaspésie,5,6,20.0
2013-2014,CR de la Gaspésie,5,7,3.0
2013-2014,CR de la Gaspésie,5,8,0.0
2013-2014,CR de la Gaspésie,5,9,29.0
2013-2014,CR de la Gaspésie,8,1,0.0
2013-2014,CR de la Gaspésie,8,2,0.0
2013-2014,CR de la Gaspésie,8,3,1.0
2013-2014,CR de la Gaspésie,8,4,0.0
2013-2014,CR de la Gaspésie,8,5,10.0
2013-2014,CR de la Gaspésie,8,6,15.0
2013-2014,CR de la Gaspésie,8,7,4.0
2013-2014,CR de la Gaspésie,8,8,0.0
2013-2014,CR de la Gaspésie,8,9,30.0
2013-2014,CR de la Gaspésie,9,1,0.0
2013-2014,CR de la Gaspésie,9,2,4.0
2013-2014,CR de la Gaspésie,9,3,5.0
2013-2014,CR de la Gaspésie,9,4,2.0
2013-2014,CR de la Gaspésie,9,5,32.0
2013-2014,CR de la Gaspésie,9,6,82.0
2013-2014,CR de la Gaspésie,9,7,19.0
2013-2014,CR de la Gaspésie,9,8,6.0
2013-2014,CR de la Gaspésie,9,9,150.0
2013-2014,CR de la Gaspésie,12,1,0.0
2013-2014,CR de la Gaspésie,12,2,0.0
2013-2014,CR de la Gaspésie,12,3,1.0
2013-2014,CR de la Gaspésie,12,4,0.0
2013-2014,CR de la Gaspésie,12,5,2.0
2013-2014,CR de la Gaspésie,12,6,1.0
2013-2014,CR de la Gaspésie,12,7,1.0
2013-2014,CR de la Gaspésie,12,8,0.0
2013-2014,CR de la Gaspésie,12,9,5.0
2013-2014,CR de la Gaspésie,13,1,14.0
2013-2014,CR de la Gaspésie,13,2,52.0
2013-2014,CR de la Gaspésie,13,3,44.0
2013-2014,CR de la Gaspésie,13,4,21.0
2013-2014,CR de la Gaspésie,13,5,115.0
2013-2014,CR de la Gaspésie,13,6,132.0
2013-2014,CR de la Gaspésie,13,7,31.0
2013-2014,CR de la Gaspésie,13,8,6.0
2013-2014,CR de la Gaspésie,13,9,415.0
2013-2014,CR de la Gaspésie,16,1,11.0
2013-2014,CR de la Gaspésie,17,1,104.0
2013-2014,CRDI de Québec,1,1,108.0
2013-2014,CRDI de Québec,1,2,288.0
2013-2014,CRDI de Québec,1,3,238.0
2013-2014,CRDI de Québec,1,4,128.0
2013-2014,CRDI de Québec,1,5,341.0
2013-2014,CRDI de Québec,1,6,77.0
2013-2014,CRDI de Québec,1,7,7.0
2013-2014,CRDI de Québec,1,9,1187.0
2013-2014,CRDI de Québec,2,4,5.0
2013-2014,CRDI de Québec,2,5,127.0
2013-2014,CRDI de Québec,2,6,98.0
2013-2014,CRDI de Québec,2,7,10.0
2013-2014,CRDI de Québec,2,8,1.0
2013-2014,CRDI de Québec,2,9,241.0
2013-2014,CRDI de Québec,3,1,1.0
2013-2014,CRDI de Québec,3,2,1.0
2013-2014,CRDI de Québec,3,3,1.0
2013-2014,CRDI de Québec,3,4,2.0
2013-2014,CRDI de Québec,3,6,2.0
2013-2014,CRDI de Québec,3,7,1.0
2013-2014,CRDI de Québec,3,9,8.0
2013-2014,CRDI de Québec,5,2,1.0
2013-2014,CRDI de Québec,5,3,9.0
2013-2014,CRDI de Québec,5,4,7.0
2013-2014,CRDI de Québec,5,5,30.0
2013-2014,CRDI de Québec,5,6,15.0
2013-2014,CRDI de Québec,5,7,1.0
2013-2014,CRDI de Québec,5,9,63.0
2013-2014,CRDI de Québec,7,7,1.0
2013-2014,CRDI de Québec,7,9,1.0
2013-2014,CRDI de Québec,8,2,5.0
2013-2014,CRDI de Québec,8,3,41.0
2013-2014,CRDI de Québec,8,4,33.0
2013-2014,CRDI de Québec,8,5,215.0
2013-2014,CRDI de Québec,8,6,271.0
2013-2014,CRDI de Québec,8,7,60.0
2013-2014,CRDI de Québec,8,8,21.0
2013-2014,CRDI de Québec,8,9,646.0
2013-2014,CRDI de Québec,9,1,1.0
2013-2014,CRDI de Québec,9,2,6.0
2013-2014,CRDI de Québec,9,3,7.0
2013-2014,CRDI de Québec,9,4,12.0
2013-2014,CRDI de Québec,9,5,84.0
2013-2014,CRDI de Québec,9,6,125.0
2013-2014,CRDI de Québec,9,7,32.0
2013-2014,CRDI de Québec,9,8,8.0
2013-2014,CRDI de Québec,9,9,275.0
2013-2014,CRDI de Québec,11,2,1.0
2013-2014,CRDI de Québec,11,6,1.0
2013-2014,CRDI de Québec,11,9,2.0
2013-2014,CRDI de Québec,12,2,1.0
2013-2014,CRDI de Québec,12,3,1.0
2013-2014,CRDI de Québec,12,4,1.0
2013-2014,CRDI de Québec,12,5,9.0
2013-2014,CRDI de Québec,12,6,18.0
2013-2014,CRDI de Québec,12,7,7.0
2013-2014,CRDI de Québec,12,8,2.0
2013-2014,CRDI de Québec,12,9,39.0
2013-2014,CRDI de Québec,13,1,110.0
2013-2014,CRDI de Québec,13,2,303.0
2013-2014,CRDI de Québec,13,3,297.0
2013-2014,CRDI de Québec,13,4,188.0
2013-2014,CRDI de Québec,13,5,806.0
2013-2014,CRDI de Québec,13,6,607.0
2013-2014,CRDI de Québec,13,7,119.0
2013-2014,CRDI de Québec,13,8,32.0
2013-2014,CRDI de Québec,13,9,2462.0
2013-2014,CRDITED Chaudière-Appalaches,1,1,103.0
2013-2014,CRDITED Chaudière-Appalaches,1,2,166.0
2013-2014,CRDITED Chaudière-Appalaches,1,3,81.0
2013-2014,CRDITED Chaudière-Appalaches,1,4,50.0
2013-2014,CRDITED Chaudière-Appalaches,1,5,214.0
2013-2014,CRDITED Chaudière-Appalaches,1,6,32.0
2013-2014,CRDITED Chaudière-Appalaches,1,7,1.0
2013-2014,CRDITED Chaudière-Appalaches,1,8,1.0
2013-2014,CRDITED Chaudière-Appalaches,1,9,648.0
2013-2014,CRDITED Chaudière-Appalaches,2,1,2.0
2013-2014,CRDITED Chaudière-Appalaches,2,2,0.0
2013-2014,CRDITED Chaudière-Appalaches,2,3,0.0
2013-2014,CRDITED Chaudière-Appalaches,2,4,6.0
2013-2014,CRDITED Chaudière-Appalaches,2,5,41.0
2013-2014,CRDITED Chaudière-Appalaches,2,6,34.0
2013-2014,CRDITED Chaudière-Appalaches,2,7,0.0
2013-2014,CRDITED Chaudière-Appalaches,2,8,1.0
2013-2014,CRDITED Chaudière-Appalaches,2,9,84.0
2013-2014,CRDITED Chaudière-Appalaches,3,1,0.0
2013-2014,CRDITED Chaudière-Appalaches,3,2,0.0
2013-2014,CRDITED Chaudière-Appalaches,3,3,0.0
2013-2014,CRDITED Chaudière-Appalaches,3,4,0.0
2013-2014,CRDITED Chaudière-Appalaches,3,5,24.0
2013-2014,CRDITED Chaudière-Appalaches,3,6,36.0
2013-2014,CRDITED Chaudière-Appalaches,3,7,3.0
2013-2014,CRDITED Chaudière-Appalaches,3,8,0.0
2013-2014,CRDITED Chaudière-Appalaches,3,9,63.0
2013-2014,CRDITED Chaudière-Appalaches,5,1,0.0
2013-2014,CRDITED Chaudière-Appalaches,5,2,2.0
2013-2014,CRDITED Chaudière-Appalaches,5,3,2.0
2013-2014,CRDITED Chaudière-Appalaches,5,4,5.0
2013-2014,CRDITED Chaudière-Appalaches,5,5,18.0
2013-2014,CRDITED Chaudière-Appalaches,5,6,18.0
2013-2014,CRDITED Chaudière-Appalaches,5,7,0.0
2013-2014,CRDITED Chaudière-Appalaches,5,8,0.0
2013-2014,CRDITED Chaudière-Appalaches,5,9,45.0
2013-2014,CRDITED Chaudière-Appalaches,7,1,0.0
2013-2014,CRDITED Chaudière-Appalaches,7,2,0.0
2013-2014,CRDITED Chaudière-Appalaches,7,3,0.0
2013-2014,CRDITED Chaudière-Appalaches,7,4,0.0
2013-2014,CRDITED Chaudière-Appalaches,7,5,0.0
2013-2014,CRDITED Chaudière-Appalaches,7,6,3.0
2013-2014,CRDITED Chaudière-Appalaches,7,7,2.0
2013-2014,CRDITED Chaudière-Appalaches,7,8,0.0
2013-2014,CRDITED Chaudière-Appalaches,7,9,5.0
2013-2014,CRDITED Chaudière-Appalaches,8,1,0.0
2013-2014,CRDITED Chaudière-Appalaches,8,2,5.0
2013-2014,CRDITED Chaudière-Appalaches,8,3,14.0
2013-2014,CRDITED Chaudière-Appalaches,8,4,12.0
2013-2014,CRDITED Chaudière-Appalaches,8,5,83.0
2013-2014,CRDITED Chaudière-Appalaches,8,6,147.0
2013-2014,CRDITED Chaudière-Appalaches,8,7,24.0
2013-2014,CRDITED Chaudière-Appalaches,8,8,10.0
2013-2014,CRDITED Chaudière-Appalaches,8,9,295.0
2013-2014,CRDITED Chaudière-Appalaches,9,1,1.0
2013-2014,CRDITED Chaudière-Appalaches,9,2,2.0
2013-2014,CRDITED Chaudière-Appalaches,9,3,11.0
2013-2014,CRDITED Chaudière-Appalaches,9,4,19.0
2013-2014,CRDITED Chaudière-Appalaches,9,5,104.0
2013-2014,CRDITED Chaudière-Appalaches,9,6,140.0
2013-2014,CRDITED Chaudière-Appalaches,9,7,21.0
2013-2014,CRDITED Chaudière-Appalaches,9,8,3.0
2013-2014,CRDITED Chaudière-Appalaches,9,9,301.0
2013-2014,CRDITED Chaudière-Appalaches,12,5,2.0
2013-2014,CRDITED Chaudière-Appalaches,12,6,2.0
2013-2014,CRDITED Chaudière-Appalaches,12,9,4.0
2013-2014,CRDITED Chaudière-Appalaches,13,1,106.0
2013-2014,CRDITED Chaudière-Appalaches,13,2,175.0
2013-2014,CRDITED Chaudière-Appalaches,13,3,108.0
2013-2014,CRDITED Chaudière-Appalaches,13,4,92.0
2013-2014,CRDITED Chaudière-Appalaches,13,5,486.0
2013-2014,CRDITED Chaudière-Appalaches,13,6,412.0
2013-2014,CRDITED Chaudière-Appalaches,13,7,51.0
2013-2014,CRDITED Chaudière-Appalaches,13,8,15.0
2013-2014,CRDITED Chaudière-Appalaches,13,9,1445.0
2013-2014,CRDITED Chaudière-Appalaches,14,1,1.0
2013-2014,CRDITED Chaudière-Appalaches,15,1,0.0
2013-2014,CRDITED Chaudière-Appalaches,16,1,35.0
2013-2014,CRDITED Chaudière-Appalaches,17,1,819.0
2013-2014,CRDITED Mauricie et Centre-du-Québec,1,1,108.0
2013-2014,CRDITED Mauricie et Centre-du-Québec,1,2,242.0
2013-2014,CRDITED Mauricie et Centre-du-Québec,1,3,156.0
2013-2014,CRDITED Mauricie et Centre-du-Québec,1,4,104.0
2013-2014,CRDITED Mauricie et Centre-du-Québec,1,5,297.0
2013-2014,CRDITED Mauricie et Centre-du-Québec,1,6,50.0
2013-2014,CRDITED Mauricie et Centre-du-Québec,1,7,1.0
2013-2014,CRDITED Mauricie et Centre-du-Québec,1,9,958.0
2013-2014,CRDITED Mauricie et Centre-du-Québec,2,4,7.0
2013-2014,CRDITED Mauricie et Centre-du-Québec,2,5,63.0
2013-2014,CRDITED Mauricie et Centre-du-Québec,2,6,46.0
2013-2014,CRDITED Mauricie et Centre-du-Québec,2,7,4.0
2013-2014,CRDITED Mauricie et Centre-du-Québec,2,8,1.0
2013-2014,CRDITED Mauricie et Centre-du-Québec,2,9,121.0
2013-2014,CRDITED Mauricie et Centre-du-Québec,3,1,1.0
2013-2014,CRDITED Mauricie et Centre-du-Québec,3,2,2.0
2013-2014,CRDITED Mauricie et Centre-du-Québec,3,3,8.0
2013-2014,CRDITED Mauricie et Centre-du-Québec,3,4,2.0
2013-2014,CRDITED Mauricie et Centre-du-Québec,3,5,7.0
2013-2014,CRDITED Mauricie et Centre-du-Québec,3,6,10.0
2013-2014,CRDITED Mauricie et Centre-du-Québec,3,7,2.0
2013-2014,CRDITED Mauricie et Centre-du-Québec,3,8,1.0
2013-2014,CRDITED Mauricie et Centre-du-Québec,3,9,33.0
2013-2014,CRDITED Mauricie et Centre-du-Québec,5,3,2.0
2013-2014,CRDITED Mauricie et Centre-du-Québec,5,4,2.0
2013-2014,CRDITED Mauricie et Centre-du-Québec,5,5,9.0
2013-2014,CRDITED Mauricie et Centre-du-Québec,5,6,7.0
2013-2014,CRDITED Mauricie et Centre-du-Québec,5,9,20.0
2013-2014,CRDITED Mauricie et Centre-du-Québec,7,7,1.0
2013-2014,CRDITED Mauricie et Centre-du-Québec,7,9,1.0
2013-2014,CRDITED Mauricie et Centre-du-Québec,8,2,9.0
2013-2014,CRDITED Mauricie et Centre-du-Québec,8,3,18.0
2013-2014,CRDITED Mauricie et Centre-du-Québec,8,4,13.0
2013-2014,CRDITED Mauricie et Centre-du-Québec,8,5,100.0
2013-2014,CRDITED Mauricie et Centre-du-Québec,8,6,167.0
2013-2014,CRDITED Mauricie et Centre-du-Québec,8,7,35.0
2013-2014,CRDITED Mauricie et Centre-du-Québec,8,8,11.0
2013-2014,CRDITED Mauricie et Centre-du-Québec,8,9,353.0
2013-2014,CRDITED Mauricie et Centre-du-Québec,9,1,1.0
2013-2014,CRDITED Mauricie et Centre-du-Québec,9,2,4.0
2013-2014,CRDITED Mauricie et Centre-du-Québec,9,3,14.0
2013-2014,CRDITED Mauricie et Centre-du-Québec,9,4,17.0
2013-2014,CRDITED Mauricie et Centre-du-Québec,9,5,120.0
2013-2014,CRDITED Mauricie et Centre-du-Québec,9,6,237.0
2013-2014,CRDITED Mauricie et Centre-du-Québec,9,7,73.0
2013-2014,CRDITED Mauricie et Centre-du-Québec,9,8,25.0
2013-2014,CRDITED Mauricie et Centre-du-Québec,9,9,491.0
2013-2014,CRDITED Mauricie et Centre-du-Québec,12,2,2.0
2013-2014,CRDITED Mauricie et Centre-du-Québec,12,3,3.0
2013-2014,CRDITED Mauricie et Centre-du-Québec,12,5,12.0
2013-2014,CRDITED Mauricie et Centre-du-Québec,12,6,20.0
2013-2014,CRDITED Mauricie et Centre-du-Québec,12,7,1.0
2013-2014,CRDITED Mauricie et Centre-du-Québec,12,9,38.0
2013-2014,CRDITED Mauricie et Centre-du-Québec,13,1,110.0
2013-2014,CRDITED Mauricie et Centre-du-Québec,13,2,259.0
2013-2014,CRDITED Mauricie et Centre-du-Québec,13,3,201.0
2013-2014,CRDITED Mauricie et Centre-du-Québec,13,4,145.0
2013-2014,CRDITED Mauricie et Centre-du-Québec,13,5,608.0
2013-2014,CRDITED Mauricie et Centre-du-Québec,13,6,537.0
2013-2014,CRDITED Mauricie et Centre-du-Québec,13,7,117.0
2013-2014,CRDITED Mauricie et Centre-du-Québec,13,8,38.0
2013-2014,CRDITED Mauricie et Centre-du-Québec,13,9,2015.0
2013-2014,CRDITED de Laval,1,1,175.0
2013-2014,CRDITED de Laval,1,2,281.0
2013-2014,CRDITED de Laval,1,3,188.0
2013-2014,CRDITED de Laval,1,4,117.0
2013-2014,CRDITED de Laval,1,5,168.0
2013-2014,CRDITED de Laval,1,6,27.0
2013-2014,CRDITED de Laval,1,7,0.0
2013-2014,CRDITED de Laval,1,8,0.0
2013-2014,CRDITED de Laval,1,9,956.0
2013-2014,CRDITED de Laval,2,1,0.0
2013-2014,CRDITED de Laval,2,2,0.0
2013-2014,CRDITED de Laval,2,3,0.0
2013-2014,CRDITED de Laval,2,4,4.0
2013-2014,CRDITED de Laval,2,5,38.0
2013-2014,CRDITED de Laval,2,6,26.0
2013-2014,CRDITED de Laval,2,7,2.0
2013-2014,CRDITED de Laval,2,8,0.0
2013-2014,CRDITED de Laval,2,9,70.0
2013-2014,CRDITED de Laval,3,1,0.0
2013-2014,CRDITED de Laval,3,2,0.0
2013-2014,CRDITED de Laval,3,3,0.0
2013-2014,CRDITED de Laval,3,4,0.0
2013-2014,CRDITED de Laval,3,5,1.0
2013-2014,CRDITED de Laval,3,6,0.0
2013-2014,CRDITED de Laval,3,7,0.0
2013-2014,CRDITED de Laval,3,8,0.0
2013-2014,CRDITED de Laval,3,9,1.0
2013-2014,CRDITED de Laval,4,1,0.0
2013-2014,CRDITED de Laval,4,2,0.0
2013-2014,CRDITED de Laval,4,3,0.0
2013-2014,CRDITED de Laval,4,4,0.0
2013-2014,CRDITED de Laval,4,5,3.0
2013-2014,CRDITED de Laval,4,6,0.0
2013-2014,CRDITED de Laval,4,7,0.0
2013-2014,CRDITED de Laval,4,8,0.0
2013-2014,CRDITED de Laval,4,9,3.0
2013-2014,CRDITED de Laval,5,1,0.0
2013-2014,CRDITED de Laval,5,2,0.0
2013-2014,CRDITED de Laval,5,3,0.0
2013-2014,CRDITED de Laval,5,4,0.0
2013-2014,CRDITED de Laval,5,5,0.0
2013-2014,CRDITED de Laval,5,6,0.0
2013-2014,CRDITED de Laval,5,7,0.0
2013-2014,CRDITED de Laval,5,8,0.0
2013-2014,CRDITED de Laval,5,9,0.0
2013-2014,CRDITED de Laval,6,1,0.0
2013-2014,CRDITED de Laval,6,2,0.0
2013-2014,CRDITED de Laval,6,3,0.0
2013-2014,CRDITED de Laval,6,4,1.0
2013-2014,CRDITED de Laval,6,5,12.0
2013-2014,CRDITED de Laval,6,6,5.0
2013-2014,CRDITED de Laval,6,7,0.0
2013-2014,CRDITED de Laval,6,8,0.0
2013-2014,CRDITED de Laval,6,9,18.0
2013-2014,CRDITED de Laval,7,1,0.0
2013-2014,CRDITED de Laval,7,2,0.0
2013-2014,CRDITED de Laval,7,3,0.0
2013-2014,CRDITED de Laval,7,4,0.0
2013-2014,CRDITED de Laval,7,5,0.0
2013-2014,CRDITED de Laval,7,6,1.0
2013-2014,CRDITED de Laval,7,7,0.0
2013-2014,CRDITED de Laval,7,8,0.0
2013-2014,CRDITED de Laval,7,9,1.0
2013-2014,CRDITED de Laval,8,1,0.0
2013-2014,CRDITED de Laval,8,2,4.0
2013-2014,CRDITED de Laval,8,3,26.0
2013-2014,CRDITED de Laval,8,4,29.0
2013-2014,CRDITED de Laval,8,5,138.0
2013-2014,CRDITED de Laval,8,6,114.0
2013-2014,CRDITED de Laval,8,7,21.0
2013-2014,CRDITED de Laval,8,8,3.0
2013-2014,CRDITED de Laval,8,9,335.0
2013-2014,CRDITED de Laval,9,1,1.0
2013-2014,CRDITED de Laval,9,2,2.0
2013-2014,CRDITED de Laval,9,3,4.0
2013-2014,CRDITED de Laval,9,4,2.0
2013-2014,CRDITED de Laval,9,5,11.0
2013-2014,CRDITED de Laval,9,6,43.0
2013-2014,CRDITED de Laval,9,7,10.0
2013-2014,CRDITED de Laval,9,8,1.0
2013-2014,CRDITED de Laval,9,9,74.0
2013-2014,CRDITED de Laval,10,1,0.0
2013-2014,CRDITED de Laval,10,2,0.0
2013-2014,CRDITED de Laval,10,3,6.0
2013-2014,CRDITED de Laval,10,4,0.0
2013-2014,CRDITED de Laval,10,5,24.0
2013-2014,CRDITED de Laval,10,6,21.0
2013-2014,CRDITED de Laval,10,7,6.0
2013-2014,CRDITED de Laval,10,8,1.0
2013-2014,CRDITED de Laval,10,9,58.0
2013-2014,CRDITED de Laval,11,1,0.0
2013-2014,CRDITED de Laval,11,2,2.0
2013-2014,CRDITED de Laval,11,3,5.0
2013-2014,CRDITED de Laval,11,4,0.0
2013-2014,CRDITED de Laval,11,5,0.0
2013-2014,CRDITED de Laval,11,6,0.0
2013-2014,CRDITED de Laval,11,7,0.0
2013-2014,CRDITED de Laval,11,8,0.0
2013-2014,CRDITED de Laval,11,9,7.0
2013-2014,CRDITED de Laval,12,1,0.0
2013-2014,CRDITED de Laval,12,2,0.0
2013-2014,CRDITED de Laval,12,3,1.0
2013-2014,CRDITED de Laval,12,4,1.0
2013-2014,CRDITED de Laval,12,5,1.0
2013-2014,CRDITED de Laval,12,6,0.0
2013-2014,CRDITED de Laval,12,7,0.0
2013-2014,CRDITED de Laval,12,8,0.0
2013-2014,CRDITED de Laval,12,9,3.0
2013-2014,CRDITED de Laval,13,1,176.0
2013-2014,CRDITED de Laval,13,2,289.0
2013-2014,CRDITED de Laval,13,3,230.0
2013-2014,CRDITED de Laval,13,4,154.0
2013-2014,CRDITED de Laval,13,5,396.0
2013-2014,CRDITED de Laval,13,6,237.0
2013-2014,CRDITED de Laval,13,7,39.0
2013-2014,CRDITED de Laval,13,8,5.0
2013-2014,CRDITED de Laval,13,9,1526.0
2013-2014,CRDITED de Montréal,1,1,249.0
2013-2014,CRDITED de Montréal,1,2,474.0
2013-2014,CRDITED de Montréal,1,3,337.0
2013-2014,CRDITED de Montréal,1,4,144.0
2013-2014,CRDITED de Montréal,1,5,587.0
2013-2014,CRDITED de Montréal,1,6,125.0
2013-2014,CRDITED de Montréal,1,7,3.0
2013-2014,CRDITED de Montréal,1,8,0.0
2013-2014,CRDITED de Montréal,1,9,1919.0
2013-2014,CRDITED de Montréal,2,1,1.0
2013-2014,CRDITED de Montréal,2,2,4.0
2013-2014,CRDITED de Montréal,2,3,2.0
2013-2014,CRDITED de Montréal,2,4,8.0
2013-2014,CRDITED de Montréal,2,5,116.0
2013-2014,CRDITED de Montréal,2,6,116.0
2013-2014,CRDITED de Montréal,2,7,8.0
2013-2014,CRDITED de Montréal,2,8,0.0
2013-2014,CRDITED de Montréal,2,9,255.0
2013-2014,CRDITED de Montréal,3,1,1.0
2013-2014,CRDITED de Montréal,3,2,1.0
2013-2014,CRDITED de Montréal,3,3,5.0
2013-2014,CRDITED de Montréal,3,4,0.0
2013-2014,CRDITED de Montréal,3,5,8.0
2013-2014,CRDITED de Montréal,3,6,5.0
2013-2014,CRDITED de Montréal,3,7,1.0
2013-2014,CRDITED de Montréal,3,8,0.0
2013-2014,CRDITED de Montréal,3,9,21.0
2013-2014,CRDITED de Montréal,4,1,1.0
2013-2014,CRDITED de Montréal,4,2,3.0
2013-2014,CRDITED de Montréal,4,3,7.0
2013-2014,CRDITED de Montréal,4,4,13.0
2013-2014,CRDITED de Montréal,4,5,32.0
2013-2014,CRDITED de Montréal,4,6,32.0
2013-2014,CRDITED de Montréal,4,7,4.0
2013-2014,CRDITED de Montréal,4,8,0.0
2013-2014,CRDITED de Montréal,4,9,92.0
2013-2014,CRDITED de Montréal,5,1,0.0
2013-2014,CRDITED de Montréal,5,2,0.0
2013-2014,CRDITED de Montréal,5,3,3.0
2013-2014,CRDITED de Montréal,5,4,10.0
2013-2014,CRDITED de Montréal,5,5,65.0
2013-2014,CRDITED de Montréal,5,6,63.0
2013-2014,CRDITED de Montréal,5,7,7.0
2013-2014,CRDITED de Montréal,5,8,2.0
2013-2014,CRDITED de Montréal,5,9,150.0
2013-2014,CRDITED de Montréal,7,1,0.0
2013-2014,CRDITED de Montréal,7,2,0.0
2013-2014,CRDITED de Montréal,7,3,1.0
2013-2014,CRDITED de Montréal,7,4,0.0
2013-2014,CRDITED de Montréal,7,5,2.0
2013-2014,CRDITED de Montréal,7,6,4.0
2013-2014,CRDITED de Montréal,7,7,2.0
2013-2014,CRDITED de Montréal,7,8,0.0
2013-2014,CRDITED de Montréal,7,9,9.0
2013-2014,CRDITED de Montréal,8,1,4.0
2013-2014,CRDITED de Montréal,8,2,27.0
2013-2014,CRDITED de Montréal,8,3,74.0
2013-2014,CRDITED de Montréal,8,4,59.0
2013-2014,CRDITED de Montréal,8,5,439.0
2013-2014,CRDITED de Montréal,8,6,773.0
2013-2014,CRDITED de Montréal,8,7,79.0
2013-2014,CRDITED de Montréal,8,8,13.0
2013-2014,CRDITED de Montréal,8,9,1468.0
2013-2014,CRDITED de Montréal,9,1,5.0
2013-2014,CRDITED de Montréal,9,2,18.0
2013-2014,CRDITED de Montréal,9,3,24.0
2013-2014,CRDITED de Montréal,9,4,10.0
2013-2014,CRDITED de Montréal,9,5,88.0
2013-2014,CRDITED de Montréal,9,6,155.0
2013-2014,CRDITED de Montréal,9,7,35.0
2013-2014,CRDITED de Montréal,9,8,1.0
2013-2014,CRDITED de Montréal,9,9,336.0
2013-2014,CRDITED de Montréal,10,1,0.0
2013-2014,CRDITED de Montréal,10,2,0.0
2013-2014,CRDITED de Montréal,10,3,1.0
2013-2014,CRDITED de Montréal,10,4,2.0
2013-2014,CRDITED de Montréal,10,5,11.0
2013-2014,CRDITED de Montréal,10,6,44.0
2013-2014,CRDITED de Montréal,10,7,4.0
2013-2014,CRDITED de Montréal,10,8,1.0
2013-2014,CRDITED de Montréal,10,9,63.0
2013-2014,CRDITED de Montréal,11,1,0.0
2013-2014,CRDITED de Montréal,11,2,1.0
2013-2014,CRDITED de Montréal,11,3,3.0
2013-2014,CRDITED de Montréal,11,4,0.0
2013-2014,CRDITED de Montréal,11,5,0.0
2013-2014,CRDITED de Montréal,11,6,2.0
2013-2014,CRDITED de Montréal,11,7,0.0
2013-2014,CRDITED de Montréal,11,8,0.0
2013-2014,CRDITED de Montréal,11,9,6.0
2013-2014,CRDITED de Montréal,12,1,0.0
2013-2014,CRDITED de Montréal,12,2,1.0
2013-2014,CRDITED de Montréal,12,3,11.0
2013-2014,CRDITED de Montréal,12,4,3.0
2013-2014,CRDITED de Montréal,12,5,21.0
2013-2014,CRDITED de Montréal,12,6,26.0
2013-2014,CRDITED de Montréal,12,7,4.0
2013-2014,CRDITED de Montréal,12,8,1.0
2013-2014,CRDITED de Montréal,12,9,67.0
2013-2014,CRDITED de Montréal,13,1,261.0
2013-2014,CRDITED de Montréal,13,2,529.0
2013-2014,CRDITED de Montréal,13,3,468.0
2013-2014,CRDITED de Montréal,13,4,249.0
2013-2014,CRDITED de Montréal,13,5,1369.0
2013-2014,CRDITED de Montréal,13,6,1345.0
2013-2014,CRDITED de Montréal,13,7,147.0
2013-2014,CRDITED de Montréal,13,8,18.0
2013-2014,CRDITED de Montréal,13,9,4386.0
2013-2014,CRDITED de Montréal,14,1,46.0
2013-2014,CRDITED de Montréal,15,1,137.0
2013-2014,CRDITED de l'Estrie,1,1,57.0
2013-2014,CRDITED de l'Estrie,1,2,58.0
2013-2014,CRDITED de l'Estrie,1,3,35.0
2013-2014,CRDITED de l'Estrie,1,4,31.0
2013-2014,CRDITED de l'Estrie,1,5,171.0
2013-2014,CRDITED de l'Estrie,1,6,29.0
2013-2014,CRDITED de l'Estrie,1,7,0.0
2013-2014,CRDITED de l'Estrie,1,8,0.0
2013-2014,CRDITED de l'Estrie,1,9,381.0
2013-2014,CRDITED de l'Estrie,2,1,0.0
2013-2014,CRDITED de l'Estrie,2,2,0.0
2013-2014,CRDITED de l'Estrie,2,3,0.0
2013-2014,CRDITED de l'Estrie,2,4,3.0
2013-2014,CRDITED de l'Estrie,2,5,26.0
2013-2014,CRDITED de l'Estrie,2,6,24.0
2013-2014,CRDITED de l'Estrie,2,7,2.0
2013-2014,CRDITED de l'Estrie,2,8,0.0
2013-2014,CRDITED de l'Estrie,2,9,55.0
2013-2014,CRDITED de l'Estrie,3,1,0.0
2013-2014,CRDITED de l'Estrie,3,2,1.0
2013-2014,CRDITED de l'Estrie,3,3,6.0
2013-2014,CRDITED de l'Estrie,3,4,0.0
2013-2014,CRDITED de l'Estrie,3,5,2.0
2013-2014,CRDITED de l'Estrie,3,6,11.0
2013-2014,CRDITED de l'Estrie,3,7,1.0
2013-2014,CRDITED de l'Estrie,3,8,0.0
2013-2014,CRDITED de l'Estrie,3,9,21.0
2013-2014,CRDITED de l'Estrie,4,1,0.0
2013-2014,CRDITED de l'Estrie,4,2,0.0
2013-2014,CRDITED de l'Estrie,4,3,0.0
2013-2014,CRDITED de l'Estrie,4,4,0.0
2013-2014,CRDITED de l'Estrie,4,5,0.0
2013-2014,CRDITED de l'Estrie,4,6,0.0
2013-2014,CRDITED de l'Estrie,4,7,0.0
2013-2014,CRDITED de l'Estrie,4,8,0.0
2013-2014,CRDITED de l'Estrie,4,9,0.0
2013-2014,CRDITED de l'Estrie,5,1,0.0
2013-2014,CRDITED de l'Estrie,5,2,0.0
2013-2014,CRDITED de l'Estrie,5,3,5.0
2013-2014,CRDITED de l'Estrie,5,4,3.0
2013-2014,CRDITED de l'Estrie,5,5,13.0
2013-2014,CRDITED de l'Estrie,5,6,17.0
2013-2014,CRDITED de l'Estrie,5,7,2.0
2013-2014,CRDITED de l'Estrie,5,8,0.0
2013-2014,CRDITED de l'Estrie,5,9,40.0
2013-2014,CRDITED de l'Estrie,6,1,0.0
2013-2014,CRDITED de l'Estrie,6,2,0.0
2013-2014,CRDITED de l'Estrie,6,3,0.0
2013-2014,CRDITED de l'Estrie,6,4,0.0
2013-2014,CRDITED de l'Estrie,6,5,2.0
2013-2014,CRDITED de l'Estrie,6,6,15.0
2013-2014,CRDITED de l'Estrie,6,7,1.0
2013-2014,CRDITED de l'Estrie,6,8,0.0
2013-2014,CRDITED de l'Estrie,6,9,18.0
2013-2014,CRDITED de l'Estrie,7,1,0.0
2013-2014,CRDITED de l'Estrie,7,2,0.0
2013-2014,CRDITED de l'Estrie,7,3,0.0
2013-2014,CRDITED de l'Estrie,7,4,0.0
2013-2014,CRDITED de l'Estrie,7,5,1.0
2013-2014,CRDITED de l'Estrie,7,6,4.0
2013-2014,CRDITED de l'Estrie,7,7,0.0
2013-2014,CRDITED de l'Estrie,7,8,2.0
2013-2014,CRDITED de l'Estrie,7,9,7.0
2013-2014,CRDITED de l'Estrie,8,1,0.0
2013-2014,CRDITED de l'Estrie,8,2,2.0
2013-2014,CRDITED de l'Estrie,8,3,2.0
2013-2014,CRDITED de l'Estrie,8,4,6.0
2013-2014,CRDITED de l'Estrie,8,5,27.0
2013-2014,CRDITED de l'Estrie,8,6,22.0
2013-2014,CRDITED de l'Estrie,8,7,2.0
2013-2014,CRDITED de l'Estrie,8,8,0.0
2013-2014,CRDITED de l'Estrie,8,9,61.0
2013-2014,CRDITED de l'Estrie,9,1,0.0
2013-2014,CRDITED de l'Estrie,9,2,2.0
2013-2014,CRDITED de l'Estrie,9,3,18.0
2013-2014,CRDITED de l'Estrie,9,4,25.0
2013-2014,CRDITED de l'Estrie,9,5,118.0
2013-2014,CRDITED de l'Estrie,9,6,225.0
2013-2014,CRDITED de l'Estrie,9,7,49.0
2013-2014,CRDITED de l'Estrie,9,8,3.0
2013-2014,CRDITED de l'Estrie,9,9,440.0
2013-2014,CRDITED de l'Estrie,10,1,0.0
2013-2014,CRDITED de l'Estrie,10,2,0.0
2013-2014,CRDITED de l'Estrie,10,3,0.0
2013-2014,CRDITED de l'Estrie,10,4,0.0
2013-2014,CRDITED de l'Estrie,10,5,0.0
2013-2014,CRDITED de l'Estrie,10,6,0.0
2013-2014,CRDITED de l'Estrie,10,7,0.0
2013-2014,CRDITED de l'Estrie,10,8,0.0
2013-2014,CRDITED de l'Estrie,10,9,0.0
2013-2014,CRDITED de l'Estrie,11,1,0.0
2013-2014,CRDITED de l'Estrie,11,2,0.0
2013-2014,CRDITED de l'Estrie,11,3,0.0
2013-2014,CRDITED de l'Estrie,11,4,0.0
2013-2014,CRDITED de l'Estrie,11,5,0.0
2013-2014,CRDITED de l'Estrie,11,6,0.0
2013-2014,CRDITED de l'Estrie,11,7,0.0
2013-2014,CRDITED de l'Estrie,11,8,0.0
2013-2014,CRDITED de l'Estrie,11,9,0.0
2013-2014,CRDITED de l'Estrie,12,1,0.0
2013-2014,CRDITED de l'Estrie,12,2,0.0
2013-2014,CRDITED de l'Estrie,12,3,1.0
2013-2014,CRDITED de l'Estrie,12,4,1.0
2013-2014,CRDITED de l'Estrie,12,5,11.0
2013-2014,CRDITED de l'Estrie,12,6,27.0
2013-2014,CRDITED de l'Estrie,12,7,11.0
2013-2014,CRDITED de l'Estrie,12,8,1.0
2013-2014,CRDITED de l'Estrie,12,9,52.0
2013-2014,CRDITED de l'Estrie,13,1,57.0
2013-2014,CRDITED de l'Estrie,13,2,63.0
2013-2014,CRDITED de l'Estrie,13,3,67.0
2013-2014,CRDITED de l'Estrie,13,4,69.0
2013-2014,CRDITED de l'Estrie,13,5,371.0
2013-2014,CRDITED de l'Estrie,13,6,374.0
2013-2014,CRDITED de l'Estrie,13,7,68.0
2013-2014,CRDITED de l'Estrie,13,8,6.0
2013-2014,CRDITED de l'Estrie,13,9,1075.0
2013-2014,CRDITED de l'Estrie,14,1,2.0
2013-2014,CRDITED de l'Estrie,15,1,37.0
2013-2014,CRDITED de l'Estrie,16,1,5.0
2013-2014,CRDITED de l'Estrie,17,1,36.0
2013-2014,CRDITED de la Montérégie-Est,1,1,261.0
2013-2014,CRDITED de la Montérégie-Est,1,2,756.0
2013-2014,CRDITED de la Montérégie-Est,1,3,340.0
2013-2014,CRDITED de la Montérégie-Est,1,4,178.0
2013-2014,CRDITED de la Montérégie-Est,1,5,483.0
2013-2014,CRDITED de la Montérégie-Est,1,6,97.0
2013-2014,CRDITED de la Montérégie-Est,1,7,1.0
2013-2014,CRDITED de la Montérégie-Est,1,8,0.0
2013-2014,CRDITED de la Montérégie-Est,1,9,2116.0
2013-2014,CRDITED de la Montérégie-Est,2,1,1.0
2013-2014,CRDITED de la Montérégie-Est,2,2,2.0
2013-2014,CRDITED de la Montérégie-Est,2,3,1.0
2013-2014,CRDITED de la Montérégie-Est,2,4,10.0
2013-2014,CRDITED de la Montérégie-Est,2,5,119.0
2013-2014,CRDITED de la Montérégie-Est,2,6,92.0
2013-2014,CRDITED de la Montérégie-Est,2,7,6.0
2013-2014,CRDITED de la Montérégie-Est,2,8,1.0
2013-2014,CRDITED de la Montérégie-Est,2,9,232.0
2013-2014,CRDITED de la Montérégie-Est,3,1,2.0
2013-2014,CRDITED de la Montérégie-Est,3,2,11.0
2013-2014,CRDITED de la Montérégie-Est,3,3,21.0
2013-2014,CRDITED de la Montérégie-Est,3,4,1.0
2013-2014,CRDITED de la Montérégie-Est,3,5,3.0
2013-2014,CRDITED de la Montérégie-Est,3,6,3.0
2013-2014,CRDITED de la Montérégie-Est,3,7,0.0
2013-2014,CRDITED de la Montérégie-Est,3,8,0.0
2013-2014,CRDITED de la Montérégie-Est,3,9,41.0
2013-2014,CRDITED de la Montérégie-Est,4,1,0.0
2013-2014,CRDITED de la Montérégie-Est,4,2,0.0
2013-2014,CRDITED de la Montérégie-Est,4,3,0.0
2013-2014,CRDITED de la Montérégie-Est,4,4,0.0
2013-2014,CRDITED de la Montérégie-Est,4,5,2.0
2013-2014,CRDITED de la Montérégie-Est,4,6,41.0
2013-2014,CRDITED de la Montérégie-Est,4,7,7.0
2013-2014,CRDITED de la Montérégie-Est,4,8,2.0
2013-2014,CRDITED de la Montérégie-Est,4,9,52.0
2013-2014,CRDITED de la Montérégie-Est,5,1,0.0
2013-2014,CRDITED de la Montérégie-Est,5,2,3.0
2013-2014,CRDITED de la Montérégie-Est,5,3,28.0
2013-2014,CRDITED de la Montérégie-Est,5,4,7.0
2013-2014,CRDITED de la Montérégie-Est,5,5,21.0
2013-2014,CRDITED de la Montérégie-Est,5,6,3.0
2013-2014,CRDITED de la Montérégie-Est,5,7,0.0
2013-2014,CRDITED de la Montérégie-Est,5,8,0.0
2013-2014,CRDITED de la Montérégie-Est,5,9,62.0
2013-2014,CRDITED de la Montérégie-Est,7,1,0.0
2013-2014,CRDITED de la Montérégie-Est,7,2,0.0
2013-2014,CRDITED de la Montérégie-Est,7,3,0.0
2013-2014,CRDITED de la Montérégie-Est,7,4,1.0
2013-2014,CRDITED de la Montérégie-Est,7,5,3.0
2013-2014,CRDITED de la Montérégie-Est,7,6,3.0
2013-2014,CRDITED de la Montérégie-Est,7,7,1.0
2013-2014,CRDITED de la Montérégie-Est,7,8,0.0
2013-2014,CRDITED de la Montérégie-Est,7,9,8.0
2013-2014,CRDITED de la Montérégie-Est,8,1,0.0
2013-2014,CRDITED de la Montérégie-Est,8,2,4.0
2013-2014,CRDITED de la Montérégie-Est,8,3,20.0
2013-2014,CRDITED de la Montérégie-Est,8,4,16.0
2013-2014,CRDITED de la Montérégie-Est,8,5,96.0
2013-2014,CRDITED de la Montérégie-Est,8,6,144.0
2013-2014,CRDITED de la Montérégie-Est,8,7,13.0
2013-2014,CRDITED de la Montérégie-Est,8,8,0.0
2013-2014,CRDITED de la Montérégie-Est,8,9,293.0
2013-2014,CRDITED de la Montérégie-Est,9,1,3.0
2013-2014,CRDITED de la Montérégie-Est,9,2,23.0
2013-2014,CRDITED de la Montérégie-Est,9,3,33.0
2013-2014,CRDITED de la Montérégie-Est,9,4,19.0
2013-2014,CRDITED de la Montérégie-Est,9,5,169.0
2013-2014,CRDITED de la Montérégie-Est,9,6,308.0
2013-2014,CRDITED de la Montérégie-Est,9,7,46.0
2013-2014,CRDITED de la Montérégie-Est,9,8,5.0
2013-2014,CRDITED de la Montérégie-Est,9,9,606.0
2013-2014,CRDITED de la Montérégie-Est,10,1,0.0
2013-2014,CRDITED de la Montérégie-Est,10,2,0.0
2013-2014,CRDITED de la Montérégie-Est,10,3,1.0
2013-2014,CRDITED de la Montérégie-Est,10,4,7.0
2013-2014,CRDITED de la Montérégie-Est,10,5,10.0
2013-2014,CRDITED de la Montérégie-Est,10,6,2.0
2013-2014,CRDITED de la Montérégie-Est,10,7,0.0
2013-2014,CRDITED de la Montérégie-Est,10,8,0.0
2013-2014,CRDITED de la Montérégie-Est,10,9,20.0
2013-2014,CRDITED de la Montérégie-Est,12,1,0.0
2013-2014,CRDITED de la Montérégie-Est,12,2,0.0
2013-2014,CRDITED de la Montérégie-Est,12,3,0.0
2013-2014,CRDITED de la Montérégie-Est,12,4,3.0
2013-2014,CRDITED de la Montérégie-Est,12,5,19.0
2013-2014,CRDITED de la Montérégie-Est,12,6,19.0
2013-2014,CRDITED de la Montérégie-Est,12,7,3.0
2013-2014,CRDITED de la Montérégie-Est,12,8,0.0
2013-2014,CRDITED de la Montérégie-Est,12,9,44.0
2013-2014,CRDITED de la Montérégie-Est,13,1,267.0
2013-2014,CRDITED de la Montérégie-Est,13,2,799.0
2013-2014,CRDITED de la Montérégie-Est,13,3,444.0
2013-2014,CRDITED de la Montérégie-Est,13,4,242.0
2013-2014,CRDITED de la Montérégie-Est,13,5,925.0
2013-2014,CRDITED de la Montérégie-Est,13,6,712.0
2013-2014,CRDITED de la Montérégie-Est,13,7,77.0
2013-2014,CRDITED de la Montérégie-Est,13,8,8.0
2013-2014,CRDITED de la Montérégie-Est,13,9,3474.0
2013-2014,CRDITED de la Montérégie-Est,16,1,7.0
2013-2014,CRDITED de la Montérégie-Est,17,1,66.0
2013-2014,CRDITED du Bas-St-Laurent,1,1,64.0
2013-2014,CRDITED du Bas-St-Laurent,1,2,126.0
2013-2014,CRDITED du Bas-St-Laurent,1,3,88.0
2013-2014,CRDITED du Bas-St-Laurent,1,4,45.0
2013-2014,CRDITED du Bas-St-Laurent,1,5,95.0
2013-2014,CRDITED du Bas-St-Laurent,1,6,17.0
2013-2014,CRDITED du Bas-St-Laurent,1,7,0.0
2013-2014,CRDITED du Bas-St-Laurent,1,8,0.0
2013-2014,CRDITED du Bas-St-Laurent,1,9,435.0
2013-2014,CRDITED du Bas-St-Laurent,2,1,2.0
2013-2014,CRDITED du Bas-St-Laurent,2,2,0.0
2013-2014,CRDITED du Bas-St-Laurent,2,3,1.0
2013-2014,CRDITED du Bas-St-Laurent,2,4,5.0
2013-2014,CRDITED du Bas-St-Laurent,2,5,15.0
2013-2014,CRDITED du Bas-St-Laurent,2,6,11.0
2013-2014,CRDITED du Bas-St-Laurent,2,7,1.0
2013-2014,CRDITED du Bas-St-Laurent,2,8,0.0
2013-2014,CRDITED du Bas-St-Laurent,2,9,35.0
2013-2014,CRDITED du Bas-St-Laurent,3,1,1.0
2013-2014,CRDITED du Bas-St-Laurent,3,2,1.0
2013-2014,CRDITED du Bas-St-Laurent,3,3,3.0
2013-2014,CRDITED du Bas-St-Laurent,3,4,0.0
2013-2014,CRDITED du Bas-St-Laurent,3,5,1.0
2013-2014,CRDITED du Bas-St-Laurent,3,6,4.0
2013-2014,CRDITED du Bas-St-Laurent,3,7,1.0
2013-2014,CRDITED du Bas-St-Laurent,3,8,0.0
2013-2014,CRDITED du Bas-St-Laurent,3,9,11.0
2013-2014,CRDITED du Bas-St-Laurent,4,1,0.0
2013-2014,CRDITED du Bas-St-Laurent,4,2,0.0
2013-2014,CRDITED du Bas-St-Laurent,4,3,3.0
2013-2014,CRDITED du Bas-St-Laurent,4,4,4.0
2013-2014,CRDITED du Bas-St-Laurent,4,5,12.0
2013-2014,CRDITED du Bas-St-Laurent,4,6,21.0
2013-2014,CRDITED du Bas-St-Laurent,4,7,0.0
2013-2014,CRDITED du Bas-St-Laurent,4,8,0.0
2013-2014,CRDITED du Bas-St-Laurent,4,9,40.0
2013-2014,CRDITED du Bas-St-Laurent,5,1,0.0
2013-2014,CRDITED du Bas-St-Laurent,5,2,1.0
2013-2014,CRDITED du Bas-St-Laurent,5,3,1.0
2013-2014,CRDITED du Bas-St-Laurent,5,4,0.0
2013-2014,CRDITED du Bas-St-Laurent,5,5,17.0
2013-2014,CRDITED du Bas-St-Laurent,5,6,12.0
2013-2014,CRDITED du Bas-St-Laurent,5,7,0.0
2013-2014,CRDITED du Bas-St-Laurent,5,8,0.0
2013-2014,CRDITED du Bas-St-Laurent,5,9,31.0
2013-2014,CRDITED du Bas-St-Laurent,7,1,0.0
2013-2014,CRDITED du Bas-St-Laurent,7,2,0.0
2013-2014,CRDITED du Bas-St-Laurent,7,3,0.0
2013-2014,CRDITED du Bas-St-Laurent,7,4,0.0
2013-2014,CRDITED du Bas-St-Laurent,7,5,4.0
2013-2014,CRDITED du Bas-St-Laurent,7,6,3.0
2013-2014,CRDITED du Bas-St-Laurent,7,7,0.0
2013-2014,CRDITED du Bas-St-Laurent,7,8,0.0
2013-2014,CRDITED du Bas-St-Laurent,7,9,7.0
2013-2014,CRDITED du Bas-St-Laurent,8,1,0.0
2013-2014,CRDITED du Bas-St-Laurent,8,2,1.0
2013-2014,CRDITED du Bas-St-Laurent,8,3,7.0
2013-2014,CRDITED du Bas-St-Laurent,8,4,6.0
2013-2014,CRDITED du Bas-St-Laurent,8,5,29.0
2013-2014,CRDITED du Bas-St-Laurent,8,6,57.0
2013-2014,CRDITED du Bas-St-Laurent,8,7,5.0
2013-2014,CRDITED du Bas-St-Laurent,8,8,0.0
2013-2014,CRDITED du Bas-St-Laurent,8,9,105.0
2013-2014,CRDITED du Bas-St-Laurent,9,1,1.0
2013-2014,CRDITED du Bas-St-Laurent,9,2,7.0
2013-2014,CRDITED du Bas-St-Laurent,9,3,10.0
2013-2014,CRDITED du Bas-St-Laurent,9,4,8.0
2013-2014,CRDITED du Bas-St-Laurent,9,5,90.0
2013-2014,CRDITED du Bas-St-Laurent,9,6,154.0
2013-2014,CRDITED du Bas-St-Laurent,9,7,22.0
2013-2014,CRDITED du Bas-St-Laurent,9,8,3.0
2013-2014,CRDITED du Bas-St-Laurent,9,9,295.0
2013-2014,CRDITED du Bas-St-Laurent,12,1,0.0
2013-2014,CRDITED du Bas-St-Laurent,12,2,2.0
2013-2014,CRDITED du Bas-St-Laurent,12,3,4.0
2013-2014,CRDITED du Bas-St-Laurent,12,4,1.0
2013-2014,CRDITED du Bas-St-Laurent,12,5,13.0
2013-2014,CRDITED du Bas-St-Laurent,12,6,7.0
2013-2014,CRDITED du Bas-St-Laurent,12,7,0.0
2013-2014,CRDITED du Bas-St-Laurent,12,8,0.0
2013-2014,CRDITED du Bas-St-Laurent,12,9,27.0
2013-2014,CRDITED du Bas-St-Laurent,13,1,68.0
2013-2014,CRDITED du Bas-St-Laurent,13,2,138.0
2013-2014,CRDITED du Bas-St-Laurent,13,3,117.0
2013-2014,CRDITED du Bas-St-Laurent,13,4,69.0
2013-2014,CRDITED du Bas-St-Laurent,13,5,276.0
2013-2014,CRDITED du Bas-St-Laurent,13,6,286.0
2013-2014,CRDITED du Bas-St-Laurent,13,7,29.0
2013-2014,CRDITED du Bas-St-Laurent,13,8,3.0
2013-2014,CRDITED du Bas-St-Laurent,13,9,986.0
2013-2014,CRDITED du Bas-St-Laurent,14,1,0.0
2013-2014,CRDITED du Bas-St-Laurent,15,1,0.0
2013-2014,CRDITED du Bas-St-Laurent,16,1,1.0
2013-2014,CRDITED du Bas-St-Laurent,17,1,33.0
2013-2014,CRDITED du SaguenayLac-St-Jean,1,1,92.0
2013-2014,CRDITED du SaguenayLac-St-Jean,1,2,155.0
2013-2014,CRDITED du SaguenayLac-St-Jean,1,3,107.0
2013-2014,CRDITED du SaguenayLac-St-Jean,1,4,62.0
2013-2014,CRDITED du SaguenayLac-St-Jean,1,5,191.0
2013-2014,CRDITED du SaguenayLac-St-Jean,1,6,45.0
2013-2014,CRDITED du SaguenayLac-St-Jean,1,7,1.0
2013-2014,CRDITED du SaguenayLac-St-Jean,1,8,0.0
2013-2014,CRDITED du SaguenayLac-St-Jean,1,9,653.0
2013-2014,CRDITED du SaguenayLac-St-Jean,2,1,0.0
2013-2014,CRDITED du SaguenayLac-St-Jean,2,2,0.0
2013-2014,CRDITED du SaguenayLac-St-Jean,2,3,2.0
2013-2014,CRDITED du SaguenayLac-St-Jean,2,4,6.0
2013-2014,CRDITED du SaguenayLac-St-Jean,2,5,59.0
2013-2014,CRDITED du SaguenayLac-St-Jean,2,6,40.0
2013-2014,CRDITED du SaguenayLac-St-Jean,2,7,3.0
2013-2014,CRDITED du SaguenayLac-St-Jean,2,8,1.0
2013-2014,CRDITED du SaguenayLac-St-Jean,2,9,111.0
2013-2014,CRDITED du SaguenayLac-St-Jean,3,1,3.0
2013-2014,CRDITED du SaguenayLac-St-Jean,3,2,7.0
2013-2014,CRDITED du SaguenayLac-St-Jean,3,3,7.0
2013-2014,CRDITED du SaguenayLac-St-Jean,3,4,4.0
2013-2014,CRDITED du SaguenayLac-St-Jean,3,5,5.0
2013-2014,CRDITED du SaguenayLac-St-Jean,3,6,3.0
2013-2014,CRDITED du SaguenayLac-St-Jean,3,7,2.0
2013-2014,CRDITED du SaguenayLac-St-Jean,3,8,0.0
2013-2014,CRDITED du SaguenayLac-St-Jean,3,9,31.0
2013-2014,CRDITED du SaguenayLac-St-Jean,4,1,0.0
2013-2014,CRDITED du SaguenayLac-St-Jean,4,2,0.0
2013-2014,CRDITED du SaguenayLac-St-Jean,4,3,0.0
2013-2014,CRDITED du SaguenayLac-St-Jean,4,4,0.0
2013-2014,CRDITED du SaguenayLac-St-Jean,4,5,0.0
2013-2014,CRDITED du SaguenayLac-St-Jean,4,6,0.0
2013-2014,CRDITED du SaguenayLac-St-Jean,4,7,0.0
2013-2014,CRDITED du SaguenayLac-St-Jean,4,8,0.0
2013-2014,CRDITED du SaguenayLac-St-Jean,4,9,0.0
2013-2014,CRDITED du SaguenayLac-St-Jean,5,1,0.0
2013-2014,CRDITED du SaguenayLac-St-Jean,5,2,0.0
2013-2014,CRDITED du SaguenayLac-St-Jean,5,3,2.0
2013-2014,CRDITED du SaguenayLac-St-Jean,5,4,6.0
2013-2014,CRDITED du SaguenayLac-St-Jean,5,5,27.0
2013-2014,CRDITED du SaguenayLac-St-Jean,5,6,38.0
2013-2014,CRDITED du SaguenayLac-St-Jean,5,7,1.0
2013-2014,CRDITED du SaguenayLac-St-Jean,5,8,0.0
2013-2014,CRDITED du SaguenayLac-St-Jean,5,9,74.0
2013-2014,CRDITED du SaguenayLac-St-Jean,6,1,0.0
2013-2014,CRDITED du SaguenayLac-St-Jean,6,2,0.0
2013-2014,CRDITED du SaguenayLac-St-Jean,6,3,0.0
2013-2014,CRDITED du SaguenayLac-St-Jean,6,4,0.0
2013-2014,CRDITED du SaguenayLac-St-Jean,6,5,0.0
2013-2014,CRDITED du SaguenayLac-St-Jean,6,6,0.0
2013-2014,CRDITED du SaguenayLac-St-Jean,6,7,0.0
2013-2014,CRDITED du SaguenayLac-St-Jean,6,8,0.0
2013-2014,CRDITED du SaguenayLac-St-Jean,6,9,0.0
2013-2014,CRDITED du SaguenayLac-St-Jean,7,1,0.0
2013-2014,CRDITED du SaguenayLac-St-Jean,7,2,0.0
2013-2014,CRDITED du SaguenayLac-St-Jean,7,3,0.0
2013-2014,CRDITED du SaguenayLac-St-Jean,7,4,0.0
2013-2014,CRDITED du SaguenayLac-St-Jean,7,5,0.0
2013-2014,CRDITED du SaguenayLac-St-Jean,7,6,2.0
2013-2014,CRDITED du SaguenayLac-St-Jean,7,7,0.0
2013-2014,CRDITED du SaguenayLac-St-Jean,7,8,0.0
2013-2014,CRDITED du SaguenayLac-St-Jean,7,9,2.0
2013-2014,CRDITED du SaguenayLac-St-Jean,8,1,1.0
2013-2014,CRDITED du SaguenayLac-St-Jean,8,2,3.0
2013-2014,CRDITED du SaguenayLac-St-Jean,8,3,10.0
2013-2014,CRDITED du SaguenayLac-St-Jean,8,4,7.0
2013-2014,CRDITED du SaguenayLac-St-Jean,8,5,46.0
2013-2014,CRDITED du SaguenayLac-St-Jean,8,6,78.0
2013-2014,CRDITED du SaguenayLac-St-Jean,8,7,16.0
2013-2014,CRDITED du SaguenayLac-St-Jean,8,8,8.0
2013-2014,CRDITED du SaguenayLac-St-Jean,8,9,169.0
2013-2014,CRDITED du SaguenayLac-St-Jean,9,1,0.0
2013-2014,CRDITED du SaguenayLac-St-Jean,9,2,4.0
2013-2014,CRDITED du SaguenayLac-St-Jean,9,3,12.0
2013-2014,CRDITED du SaguenayLac-St-Jean,9,4,19.0
2013-2014,CRDITED du SaguenayLac-St-Jean,9,5,91.0
2013-2014,CRDITED du SaguenayLac-St-Jean,9,6,192.0
2013-2014,CRDITED du SaguenayLac-St-Jean,9,7,28.0
2013-2014,CRDITED du SaguenayLac-St-Jean,9,8,20.0
2013-2014,CRDITED du SaguenayLac-St-Jean,9,9,366.0
2013-2014,CRDITED du SaguenayLac-St-Jean,10,1,0.0
2013-2014,CRDITED du SaguenayLac-St-Jean,10,2,0.0
2013-2014,CRDITED du SaguenayLac-St-Jean,10,3,0.0
2013-2014,CRDITED du SaguenayLac-St-Jean,10,4,0.0
2013-2014,CRDITED du SaguenayLac-St-Jean,10,5,0.0
2013-2014,CRDITED du SaguenayLac-St-Jean,10,6,0.0
2013-2014,CRDITED du SaguenayLac-St-Jean,10,7,0.0
2013-2014,CRDITED du SaguenayLac-St-Jean,10,8,0.0
2013-2014,CRDITED du SaguenayLac-St-Jean,10,9,0.0
2013-2014,CRDITED du SaguenayLac-St-Jean,11,1,0.0
2013-2014,CRDITED du SaguenayLac-St-Jean,11,2,0.0
2013-2014,CRDITED du SaguenayLac-St-Jean,11,3,0.0
2013-2014,CRDITED du SaguenayLac-St-Jean,11,4,0.0
2013-2014,CRDITED du SaguenayLac-St-Jean,11,5,0.0
2013-2014,CRDITED du SaguenayLac-St-Jean,11,6,0.0
2013-2014,CRDITED du SaguenayLac-St-Jean,11,7,0.0
2013-2014,CRDITED du SaguenayLac-St-Jean,11,8,0.0
2013-2014,CRDITED du SaguenayLac-St-Jean,11,9,0.0
2013-2014,CRDITED du SaguenayLac-St-Jean,12,1,0.0
2013-2014,CRDITED du SaguenayLac-St-Jean,12,2,0.0
2013-2014,CRDITED du SaguenayLac-St-Jean,12,3,0.0
2013-2014,CRDITED du SaguenayLac-St-Jean,12,4,0.0
2013-2014,CRDITED du SaguenayLac-St-Jean,12,5,1.0
2013-2014,CRDITED du SaguenayLac-St-Jean,12,6,0.0
2013-2014,CRDITED du SaguenayLac-St-Jean,12,7,0.0
2013-2014,CRDITED du SaguenayLac-St-Jean,12,8,0.0
2013-2014,CRDITED du SaguenayLac-St-Jean,12,9,1.0
2013-2014,CRDITED du SaguenayLac-St-Jean,13,1,96.0
2013-2014,CRDITED du SaguenayLac-St-Jean,13,2,169.0
2013-2014,CRDITED du SaguenayLac-St-Jean,13,3,140.0
2013-2014,CRDITED du SaguenayLac-St-Jean,13,4,104.0
2013-2014,CRDITED du SaguenayLac-St-Jean,13,5,420.0
2013-2014,CRDITED du SaguenayLac-St-Jean,13,6,398.0
2013-2014,CRDITED du SaguenayLac-St-Jean,13,7,51.0
2013-2014,CRDITED du SaguenayLac-St-Jean,13,8,29.0
2013-2014,CRDITED du SaguenayLac-St-Jean,13,9,1407.0
2013-2014,CRDITED du SaguenayLac-St-Jean,14,1,0.0
2013-2014,CRDITED du SaguenayLac-St-Jean,15,1,0.0
2013-2014,CRDITED du SaguenayLac-St-Jean,16,1,21.0
2013-2014,CRDITED du SaguenayLac-St-Jean,17,1,210.0
2013-2014,CSSS de Charlevoix,1,1,4.0
2013-2014,CSSS de Charlevoix,1,2,23.0
2013-2014,CSSS de Charlevoix,1,3,23.0
2013-2014,CSSS de Charlevoix,1,4,6.0
2013-2014,CSSS de Charlevoix,1,5,28.0
2013-2014,CSSS de Charlevoix,1,6,9.0
2013-2014,CSSS de Charlevoix,1,7,2.0
2013-2014,CSSS de Charlevoix,1,8,0.0
2013-2014,CSSS de Charlevoix,1,9,95.0
2013-2014,CSSS de Charlevoix,2,1,0.0
2013-2014,CSSS de Charlevoix,2,2,0.0
2013-2014,CSSS de Charlevoix,2,3,0.0
2013-2014,CSSS de Charlevoix,2,4,0.0
2013-2014,CSSS de Charlevoix,2,5,3.0
2013-2014,CSSS de Charlevoix,2,6,16.0
2013-2014,CSSS de Charlevoix,2,7,8.0
2013-2014,CSSS de Charlevoix,2,8,3.0
2013-2014,CSSS de Charlevoix,2,9,30.0
2013-2014,CSSS de Charlevoix,4,1,0.0
2013-2014,CSSS de Charlevoix,4,2,0.0
2013-2014,CSSS de Charlevoix,4,3,1.0
2013-2014,CSSS de Charlevoix,4,4,0.0
2013-2014,CSSS de Charlevoix,4,5,0.0
2013-2014,CSSS de Charlevoix,4,6,0.0
2013-2014,CSSS de Charlevoix,4,7,0.0
2013-2014,CSSS de Charlevoix,4,8,0.0
2013-2014,CSSS de Charlevoix,4,9,1.0
2013-2014,CSSS de Charlevoix,5,1,0.0
2013-2014,CSSS de Charlevoix,5,2,0.0
2013-2014,CSSS de Charlevoix,5,3,2.0
2013-2014,CSSS de Charlevoix,5,4,2.0
2013-2014,CSSS de Charlevoix,5,5,9.0
2013-2014,CSSS de Charlevoix,5,6,28.0
2013-2014,CSSS de Charlevoix,5,7,10.0
2013-2014,CSSS de Charlevoix,5,8,1.0
2013-2014,CSSS de Charlevoix,5,9,52.0
2013-2014,CSSS de Charlevoix,7,1,0.0
2013-2014,CSSS de Charlevoix,7,2,0.0
2013-2014,CSSS de Charlevoix,7,3,0.0
2013-2014,CSSS de Charlevoix,7,4,0.0
2013-2014,CSSS de Charlevoix,7,5,0.0
2013-2014,CSSS de Charlevoix,7,6,1.0
2013-2014,CSSS de Charlevoix,7,7,2.0
2013-2014,CSSS de Charlevoix,7,8,0.0
2013-2014,CSSS de Charlevoix,7,9,3.0
2013-2014,CSSS de Charlevoix,8,1,0.0
2013-2014,CSSS de Charlevoix,8,2,0.0
2013-2014,CSSS de Charlevoix,8,3,1.0
2013-2014,CSSS de Charlevoix,8,4,1.0
2013-2014,CSSS de Charlevoix,8,5,5.0
2013-2014,CSSS de Charlevoix,8,6,92.0
2013-2014,CSSS de Charlevoix,8,7,47.0
2013-2014,CSSS de Charlevoix,8,8,19.0
2013-2014,CSSS de Charlevoix,8,9,165.0
2013-2014,CSSS de Charlevoix,9,1,0.0
2013-2014,CSSS de Charlevoix,9,2,2.0
2013-2014,CSSS de Charlevoix,9,3,2.0
2013-2014,CSSS de Charlevoix,9,4,1.0
2013-2014,CSSS de Charlevoix,9,5,9.0
2013-2014,CSSS de Charlevoix,9,6,66.0
2013-2014,CSSS de Charlevoix,9,7,33.0
2013-2014,CSSS de Charlevoix,9,8,9.0
2013-2014,CSSS de Charlevoix,9,9,122.0
2013-2014,CSSS de Charlevoix,12,1,0.0
2013-2014,CSSS de Charlevoix,12,2,0.0
2013-2014,CSSS de Charlevoix,12,3,0.0
2013-2014,CSSS de Charlevoix,12,4,0.0
2013-2014,CSSS de Charlevoix,12,5,0.0
2013-2014,CSSS de Charlevoix,12,6,0.0
2013-2014,CSSS de Charlevoix,12,7,1.0
2013-2014,CSSS de Charlevoix,12,8,1.0
2013-2014,CSSS de Charlevoix,12,9,2.0
2013-2014,CSSS de Charlevoix,13,1,4.0
2013-2014,CSSS de Charlevoix,13,2,25.0
2013-2014,CSSS de Charlevoix,13,3,29.0
2013-2014,CSSS de Charlevoix,13,4,10.0
2013-2014,CSSS de Charlevoix,13,5,54.0
2013-2014,CSSS de Charlevoix,13,6,212.0
2013-2014,CSSS de Charlevoix,13,7,103.0
2013-2014,CSSS de Charlevoix,13,8,33.0
2013-2014,CSSS de Charlevoix,13,9,470.0
2013-2014,CSSS de Charlevoix,16,1,1.0
2013-2014,CSSS de Charlevoix,17,1,15.0
2013-2014,CSSS des Îles,1,1,3.0
2013-2014,CSSS des Îles,1,2,7.0
2013-2014,CSSS des Îles,1,3,10.0
2013-2014,CSSS des Îles,1,4,4.0
2013-2014,CSSS des Îles,1,5,11.0
2013-2014,CSSS des Îles,1,6,3.0
2013-2014,CSSS des Îles,1,7,0.0
2013-2014,CSSS des Îles,1,8,0.0
2013-2014,CSSS des Îles,1,9,38.0
2013-2014,CSSS des Îles,2,1,0.0
2013-2014,CSSS des Îles,2,2,0.0
2013-2014,CSSS des Îles,2,3,0.0
2013-2014,CSSS des Îles,2,4,0.0
2013-2014,CSSS des Îles,2,5,0.0
2013-2014,CSSS des Îles,2,6,1.0
2013-2014,CSSS des Îles,2,7,0.0
2013-2014,CSSS des Îles,2,8,0.0
2013-2014,CSSS des Îles,2,9,1.0
2013-2014,CSSS des Îles,8,1,0.0
2013-2014,CSSS des Îles,8,2,0.0
2013-2014,CSSS des Îles,8,3,0.0
2013-2014,CSSS des Îles,8,4,0.0
2013-2014,CSSS des Îles,8,5,5.0
2013-2014,CSSS des Îles,8,6,7.0
2013-2014,CSSS des Îles,8,7,1.0
2013-2014,CSSS des Îles,8,8,0.0
2013-2014,CSSS des Îles,8,9,13.0
2013-2014,CSSS des Îles,12,1,0.0
2013-2014,CSSS des Îles,12,2,0.0
2013-2014,CSSS des Îles,12,3,0.0
2013-2014,CSSS des Îles,12,4,0.0
2013-2014,CSSS des Îles,12,5,0.0
2013-2014,CSSS des Îles,12,6,1.0
2013-2014,CSSS des Îles,12,7,0.0
2013-2014,CSSS des Îles,12,8,0.0
2013-2014,CSSS des Îles,12,9,1.0
2013-2014,CSSS des Îles,13,1,3.0
2013-2014,CSSS des Îles,13,2,7.0
2013-2014,CSSS des Îles,13,3,10.0
2013-2014,CSSS des Îles,13,4,4.0
2013-2014,CSSS des Îles,13,5,16.0
2013-2014,CSSS des Îles,13,6,12.0
2013-2014,CSSS des Îles,13,7,1.0
2013-2014,CSSS des Îles,13,8,0.0
2013-2014,CSSS des Îles,13,9,53.0
2013-2014,CSSS des Îles,16,1,1.0
2013-2014,Centre Miriam,1,1,68.0
2013-2014,Centre Miriam,1,2,149.0
2013-2014,Centre Miriam,1,3,89.0
2013-2014,Centre Miriam,1,4,31.0
2013-2014,Centre Miriam,1,5,82.0
2013-2014,Centre Miriam,1,6,16.0
2013-2014,Centre Miriam,1,7,1.0
2013-2014,Centre Miriam,1,8,0.0
2013-2014,Centre Miriam,1,9,436.0
2013-2014,Centre Miriam,2,1,1.0
2013-2014,Centre Miriam,2,2,2.0
2013-2014,Centre Miriam,2,3,0.0
2013-2014,Centre Miriam,2,4,1.0
2013-2014,Centre Miriam,2,5,9.0
2013-2014,Centre Miriam,2,6,17.0
2013-2014,Centre Miriam,2,7,2.0
2013-2014,Centre Miriam,2,8,0.0
2013-2014,Centre Miriam,2,9,32.0
2013-2014,Centre Miriam,4,1,0.0
2013-2014,Centre Miriam,4,2,0.0
2013-2014,Centre Miriam,4,3,0.0
2013-2014,Centre Miriam,4,4,0.0
2013-2014,Centre Miriam,4,5,2.0
2013-2014,Centre Miriam,4,6,8.0
2013-2014,Centre Miriam,4,7,3.0
2013-2014,Centre Miriam,4,8,0.0
2013-2014,Centre Miriam,4,9,13.0
2013-2014,Centre Miriam,5,1,0.0
2013-2014,Centre Miriam,5,2,0.0
2013-2014,Centre Miriam,5,3,0.0
2013-2014,Centre Miriam,5,4,0.0
2013-2014,Centre Miriam,5,5,22.0
2013-2014,Centre Miriam,5,6,25.0
2013-2014,Centre Miriam,5,7,0.0
2013-2014,Centre Miriam,5,8,0.0
2013-2014,Centre Miriam,5,9,47.0
2013-2014,Centre Miriam,7,1,0.0
2013-2014,Centre Miriam,7,2,0.0
2013-2014,Centre Miriam,7,3,0.0
2013-2014,Centre Miriam,7,4,0.0
2013-2014,Centre Miriam,7,5,1.0
2013-2014,Centre Miriam,7,6,1.0
2013-2014,Centre Miriam,7,7,1.0
2013-2014,Centre Miriam,7,8,1.0
2013-2014,Centre Miriam,7,9,4.0
2013-2014,Centre Miriam,8,1,0.0
2013-2014,Centre Miriam,8,2,3.0
2013-2014,Centre Miriam,8,3,9.0
2013-2014,Centre Miriam,8,4,5.0
2013-2014,Centre Miriam,8,5,59.0
2013-2014,Centre Miriam,8,6,95.0
2013-2014,Centre Miriam,8,7,13.0
2013-2014,Centre Miriam,8,8,2.0
2013-2014,Centre Miriam,8,9,186.0
2013-2014,Centre Miriam,9,1,0.0
2013-2014,Centre Miriam,9,2,0.0
2013-2014,Centre Miriam,9,3,2.0
2013-2014,Centre Miriam,9,4,0.0
2013-2014,Centre Miriam,9,5,16.0
2013-2014,Centre Miriam,9,6,15.0
2013-2014,Centre Miriam,9,7,3.0
2013-2014,Centre Miriam,9,8,0.0
2013-2014,Centre Miriam,9,9,36.0
2013-2014,Centre Miriam,11,1,0.0
2013-2014,Centre Miriam,11,2,0.0
2013-2014,Centre Miriam,11,3,1.0
2013-2014,Centre Miriam,11,4,0.0
2013-2014,Centre Miriam,11,5,0.0
2013-2014,Centre Miriam,11,6,1.0
2013-2014,Centre Miriam,11,7,0.0
2013-2014,Centre Miriam,11,8,0.0
2013-2014,Centre Miriam,11,9,2.0
2013-2014,Centre Miriam,12,1,0.0
2013-2014,Centre Miriam,12,2,0.0
2013-2014,Centre Miriam,12,3,0.0
2013-2014,Centre Miriam,12,4,1.0
2013-2014,Centre Miriam,12,5,2.0
2013-2014,Centre Miriam,12,6,2.0
2013-2014,Centre Miriam,12,7,0.0
2013-2014,Centre Miriam,12,8,0.0
2013-2014,Centre Miriam,12,9,5.0
2013-2014,Centre Miriam,13,1,69.0
2013-2014,Centre Miriam,13,2,154.0
2013-2014,Centre Miriam,13,3,101.0
2013-2014,Centre Miriam,13,4,38.0
2013-2014,Centre Miriam,13,5,193.0
2013-2014,Centre Miriam,13,6,180.0
2013-2014,Centre Miriam,13,7,23.0
2013-2014,Centre Miriam,13,8,3.0
2013-2014,Centre Miriam,13,9,761.0
2013-2014,Centre Miriam,14,1,2.0
2013-2014,Centre Miriam,15,1,3.0
2013-2014,Centre Miriam,16,1,3.0
2013-2014,Centre Miriam,17,1,18.0
2013-2014,Centre du Florès,1,1,99.0
2013-2014,Centre du Florès,1,2,229.0
2013-2014,Centre du Florès,1,3,146.0
2013-2014,Centre du Florès,1,4,99.0
2013-2014,Centre du Florès,1,5,257.0
2013-2014,Centre du Florès,1,6,49.0
2013-2014,Centre du Florès,1,7,1.0
2013-2014,Centre du Florès,1,8,1.0
2013-2014,Centre du Florès,1,9,881.0
2013-2014,Centre du Florès,2,2,1.0
2013-2014,Centre du Florès,2,4,2.0
2013-2014,Centre du Florès,2,5,58.0
2013-2014,Centre du Florès,2,6,53.0
2013-2014,Centre du Florès,2,7,4.0
2013-2014,Centre du Florès,2,8,1.0
2013-2014,Centre du Florès,2,9,119.0
2013-2014,Centre du Florès,3,3,2.0
2013-2014,Centre du Florès,3,5,1.0
2013-2014,Centre du Florès,3,9,3.0
2013-2014,Centre du Florès,4,2,4.0
2013-2014,Centre du Florès,4,3,9.0
2013-2014,Centre du Florès,4,4,6.0
2013-2014,Centre du Florès,4,5,14.0
2013-2014,Centre du Florès,4,6,4.0
2013-2014,Centre du Florès,4,7,1.0
2013-2014,Centre du Florès,4,9,38.0
2013-2014,Centre du Florès,5,4,1.0
2013-2014,Centre du Florès,5,5,3.0
2013-2014,Centre du Florès,5,6,1.0
2013-2014,Centre du Florès,5,9,5.0
2013-2014,Centre du Florès,6,4,2.0
2013-2014,Centre du Florès,6,5,13.0
2013-2014,Centre du Florès,6,6,1.0
2013-2014,Centre du Florès,6,9,16.0
2013-2014,Centre du Florès,7,5,1.0
2013-2014,Centre du Florès,7,9,1.0
2013-2014,Centre du Florès,8,1,2.0
2013-2014,Centre du Florès,8,2,11.0
2013-2014,Centre du Florès,8,3,37.0
2013-2014,Centre du Florès,8,4,24.0
2013-2014,Centre du Florès,8,5,125.0
2013-2014,Centre du Florès,8,6,202.0
2013-2014,Centre du Florès,8,7,27.0
2013-2014,Centre du Florès,8,8,3.0
2013-2014,Centre du Florès,8,9,431.0
2013-2014,Centre du Florès,9,1,2.0
2013-2014,Centre du Florès,9,2,6.0
2013-2014,Centre du Florès,9,3,8.0
2013-2014,Centre du Florès,9,4,3.0
2013-2014,Centre du Florès,9,5,52.0
2013-2014,Centre du Florès,9,6,77.0
2013-2014,Centre du Florès,9,7,16.0
2013-2014,Centre du Florès,9,8,3.0
2013-2014,Centre du Florès,9,9,167.0
2013-2014,Centre du Florès,10,3,6.0
2013-2014,Centre du Florès,10,5,1.0
2013-2014,Centre du Florès,10,9,7.0
2013-2014,Centre du Florès,12,3,1.0
2013-2014,Centre du Florès,12,4,2.0
2013-2014,Centre du Florès,12,5,2.0
2013-2014,Centre du Florès,12,6,12.0
2013-2014,Centre du Florès,12,9,17.0
2013-2014,Centre du Florès,13,1,103.0
2013-2014,Centre du Florès,13,2,251.0
2013-2014,Centre du Florès,13,3,209.0
2013-2014,Centre du Florès,13,4,139.0
2013-2014,Centre du Florès,13,5,527.0
2013-2014,Centre du Florès,13,6,399.0
2013-2014,Centre du Florès,13,7,49.0
2013-2014,Centre du Florès,13,8,8.0
2013-2014,Centre du Florès,13,9,1685.0
2013-2014,Clair Foyer Inc.,1,1,28.0
2013-2014,Clair Foyer Inc.,1,2,37.0
2013-2014,Clair Foyer Inc.,1,3,51.0
2013-2014,Clair Foyer Inc.,1,4,22.0
2013-2014,Clair Foyer Inc.,1,5,50.0
2013-2014,Clair Foyer Inc.,1,6,11.0
2013-2014,Clair Foyer Inc.,1,9,199.0
2013-2014,Clair Foyer Inc.,2,1,1.0
2013-2014,Clair Foyer Inc.,2,4,2.0
2013-2014,Clair Foyer Inc.,2,5,27.0
2013-2014,Clair Foyer Inc.,2,6,14.0
2013-2014,Clair Foyer Inc.,2,9,44.0
2013-2014,Clair Foyer Inc.,4,4,1.0
2013-2014,Clair Foyer Inc.,4,5,5.0
2013-2014,Clair Foyer Inc.,4,6,6.0
2013-2014,Clair Foyer Inc.,4,7,2.0
2013-2014,Clair Foyer Inc.,4,9,14.0
2013-2014,Clair Foyer Inc.,5,5,8.0
2013-2014,Clair Foyer Inc.,5,6,3.0
2013-2014,Clair Foyer Inc.,5,7,1.0
2013-2014,Clair Foyer Inc.,5,9,12.0
2013-2014,Clair Foyer Inc.,7,2,1.0
2013-2014,Clair Foyer Inc.,7,3,1.0
2013-2014,Clair Foyer Inc.,7,5,1.0
2013-2014,Clair Foyer Inc.,7,6,2.0
2013-2014,Clair Foyer Inc.,7,7,1.0
2013-2014,Clair Foyer Inc.,7,9,6.0
2013-2014,Clair Foyer Inc.,8,3,5.0
2013-2014,Clair Foyer Inc.,8,5,8.0
2013-2014,Clair Foyer Inc.,8,6,6.0
2013-2014,Clair Foyer Inc.,8,7,3.0
2013-2014,Clair Foyer Inc.,8,9,22.0
2013-2014,Clair Foyer Inc.,9,1,3.0
2013-2014,Clair Foyer Inc.,9,2,7.0
2013-2014,Clair Foyer Inc.,9,3,19.0
2013-2014,Clair Foyer Inc.,9,4,13.0
2013-2014,Clair Foyer Inc.,9,5,77.0
2013-2014,Clair Foyer Inc.,9,6,86.0
2013-2014,Clair Foyer Inc.,9,7,6.0
2013-2014,Clair Foyer Inc.,9,8,3.0
2013-2014,Clair Foyer Inc.,9,9,214.0
2013-2014,Clair Foyer Inc.,10,3,2.0
2013-2014,Clair Foyer Inc.,10,4,5.0
2013-2014,Clair Foyer Inc.,10,5,12.0
2013-2014,Clair Foyer Inc.,10,6,5.0
2013-2014,Clair Foyer Inc.,10,7,1.0
2013-2014,Clair Foyer Inc.,10,9,25.0
2013-2014,Clair Foyer Inc.,12,4,1.0
2013-2014,Clair Foyer Inc.,12,5,2.0
2013-2014,Clair Foyer Inc.,12,6,5.0
2013-2014,Clair Foyer Inc.,12,9,8.0
2013-2014,Clair Foyer Inc.,13,1,32.0
2013-2014,Clair Foyer Inc.,13,2,45.0
2013-2014,Clair Foyer Inc.,13,3,78.0
2013-2014,Clair Foyer Inc.,13,4,44.0
2013-2014,Clair Foyer Inc.,13,5,190.0
2013-2014,Clair Foyer Inc.,13,6,138.0
2013-2014,Clair Foyer Inc.,13,7,14.0
2013-2014,Clair Foyer Inc.,13,8,3.0
2013-2014,Clair Foyer Inc.,13,9,544.0
2013-2014,Clair Foyer Inc.,16,1,2.0
2013-2014,Clair Foyer Inc.,17,1,28.0
2013-2014,Pavillon Ste-Marie Inc.,10,3,3.0
2013-2014,Pavillon Ste-Marie Inc.,10,4,3.0
2013-2014,Pavillon Ste-Marie Inc.,10,5,32.0
2013-2014,Pavillon Ste-Marie Inc.,10,6,29.0
2013-2014,Pavillon Ste-Marie Inc.,10,9,67.0
2013-2014,Pavillon Ste-Marie Inc.,11,5,8.0
2013-2014,Pavillon Ste-Marie Inc.,11,6,1.0
2013-2014,Pavillon Ste-Marie Inc.,11,9,9.0
2013-2014,Pavillon Ste-Marie Inc.,13,3,3.0
2013-2014,Pavillon Ste-Marie Inc.,13,4,3.0
2013-2014,Pavillon Ste-Marie Inc.,13,5,40.0
2013-2014,Pavillon Ste-Marie Inc.,13,6,30.0
2013-2014,Pavillon Ste-Marie Inc.,13,9,76.0
2013-2014,Pavillon du Parc,1,1,82.0
2013-2014,Pavillon du Parc,1,2,157.0
2013-2014,Pavillon du Parc,1,3,100.0
2013-2014,Pavillon du Parc,1,4,60.0
2013-2014,Pavillon du Parc,1,5,74.0
2013-2014,Pavillon du Parc,1,6,3.0
2013-2014,Pavillon du Parc,1,9,476.0
2013-2014,Pavillon du Parc,2,3,1.0
2013-2014,Pavillon du Parc,2,4,2.0
2013-2014,Pavillon du Parc,2,5,11.0
2013-2014,Pavillon du Parc,2,6,6.0
2013-2014,Pavillon du Parc,2,9,20.0
2013-2014,Pavillon du Parc,3,6,2.0
2013-2014,Pavillon du Parc,3,9,2.0
2013-2014,Pavillon du Parc,4,2,2.0
2013-2014,Pavillon du Parc,4,3,4.0
2013-2014,Pavillon du Parc,4,5,2.0
2013-2014,Pavillon du Parc,4,6,3.0
2013-2014,Pavillon du Parc,4,9,11.0
2013-2014,Pavillon du Parc,5,3,2.0
2013-2014,Pavillon du Parc,5,4,4.0
2013-2014,Pavillon du Parc,5,5,22.0
2013-2014,Pavillon du Parc,5,6,33.0
2013-2014,Pavillon du Parc,5,9,61.0
2013-2014,Pavillon du Parc,7,6,1.0
2013-2014,Pavillon du Parc,7,9,1.0
2013-2014,Pavillon du Parc,8,3,1.0
2013-2014,Pavillon du Parc,8,4,8.0
2013-2014,Pavillon du Parc,8,5,45.0
2013-2014,Pavillon du Parc,8,6,53.0
2013-2014,Pavillon du Parc,8,7,10.0
2013-2014,Pavillon du Parc,8,9,117.0
2013-2014,Pavillon du Parc,9,2,3.0
2013-2014,Pavillon du Parc,9,3,18.0
2013-2014,Pavillon du Parc,9,4,6.0
2013-2014,Pavillon du Parc,9,5,72.0
2013-2014,Pavillon du Parc,9,6,116.0
2013-2014,Pavillon du Parc,9,7,17.0
2013-2014,Pavillon du Parc,9,8,2.0
2013-2014,Pavillon du Parc,9,9,234.0
2013-2014,Pavillon du Parc,12,3,2.0
2013-2014,Pavillon du Parc,12,5,4.0
2013-2014,Pavillon du Parc,12,6,3.0
2013-2014,Pavillon du Parc,12,9,9.0
2013-2014,Pavillon du Parc,13,1,82.0
2013-2014,Pavillon du Parc,13,2,162.0
2013-2014,Pavillon du Parc,13,3,128.0
2013-2014,Pavillon du Parc,13,4,80.0
2013-2014,Pavillon du Parc,13,5,230.0
2013-2014,Pavillon du Parc,13,6,220.0
2013-2014,Pavillon du Parc,13,7,27.0
2013-2014,Pavillon du Parc,13,8,2.0
2013-2014,Pavillon du Parc,13,9,931.0
2013-2014,Pavillon du Parc,16,1,19.0
2013-2014,Pavillon du Parc,17,1,911.0
2013-2014,Réadaptation du Sud-Ouest et du Renfort,1,1,225.0
2013-2014,Réadaptation du Sud-Ouest et du Renfort,1,2,503.0
2013-2014,Réadaptation du Sud-Ouest et du Renfort,1,3,190.0
2013-2014,Réadaptation du Sud-Ouest et du Renfort,1,4,119.0
2013-2014,Réadaptation du Sud-Ouest et du Renfort,1,5,325.0
2013-2014,Réadaptation du Sud-Ouest et du Renfort,1,6,56.0
2013-2014,Réadaptation du Sud-Ouest et du Renfort,1,9,1418.0
2013-2014,Réadaptation du Sud-Ouest et du Renfort,2,3,1.0
2013-2014,Réadaptation du Sud-Ouest et du Renfort,2,4,4.0
2013-2014,Réadaptation du Sud-Ouest et du Renfort,2,5,64.0
2013-2014,Réadaptation du Sud-Ouest et du Renfort,2,6,63.0
2013-2014,Réadaptation du Sud-Ouest et du Renfort,2,7,2.0
2013-2014,Réadaptation du Sud-Ouest et du Renfort,2,9,134.0
2013-2014,Réadaptation du Sud-Ouest et du Renfort,3,2,5.0
2013-2014,Réadaptation du Sud-Ouest et du Renfort,3,3,15.0
2013-2014,Réadaptation du Sud-Ouest et du Renfort,3,4,4.0
2013-2014,Réadaptation du Sud-Ouest et du Renfort,3,5,3.0
2013-2014,Réadaptation du Sud-Ouest et du Renfort,3,6,7.0
2013-2014,Réadaptation du Sud-Ouest et du Renfort,3,7,1.0
2013-2014,Réadaptation du Sud-Ouest et du Renfort,3,9,35.0
2013-2014,Réadaptation du Sud-Ouest et du Renfort,4,5,2.0
2013-2014,Réadaptation du Sud-Ouest et du Renfort,4,6,9.0
2013-2014,Réadaptation du Sud-Ouest et du Renfort,4,7,1.0
2013-2014,Réadaptation du Sud-Ouest et du Renfort,4,9,12.0
2013-2014,Réadaptation du Sud-Ouest et du Renfort,5,2,3.0
2013-2014,Réadaptation du Sud-Ouest et du Renfort,5,3,5.0
2013-2014,Réadaptation du Sud-Ouest et du Renfort,5,4,4.0
2013-2014,Réadaptation du Sud-Ouest et du Renfort,5,5,29.0
2013-2014,Réadaptation du Sud-Ouest et du Renfort,5,6,13.0
2013-2014,Réadaptation du Sud-Ouest et du Renfort,5,7,1.0
2013-2014,Réadaptation du Sud-Ouest et du Renfort,5,9,55.0
2013-2014,Réadaptation du Sud-Ouest et du Renfort,7,5,4.0
2013-2014,Réadaptation du Sud-Ouest et du Renfort,7,6,3.0
2013-2014,Réadaptation du Sud-Ouest et du Renfort,7,9,7.0
2013-2014,Réadaptation du Sud-Ouest et du Renfort,8,1,1.0
2013-2014,Réadaptation du Sud-Ouest et du Renfort,8,2,5.0
2013-2014,Réadaptation du Sud-Ouest et du Renfort,8,3,19.0
2013-2014,Réadaptation du Sud-Ouest et du Renfort,8,4,12.0
2013-2014,Réadaptation du Sud-Ouest et du Renfort,8,5,74.0
2013-2014,Réadaptation du Sud-Ouest et du Renfort,8,6,66.0
2013-2014,Réadaptation du Sud-Ouest et du Renfort,8,7,1.0
2013-2014,Réadaptation du Sud-Ouest et du Renfort,8,9,178.0
2013-2014,Réadaptation du Sud-Ouest et du Renfort,9,1,1.0
2013-2014,Réadaptation du Sud-Ouest et du Renfort,9,2,1.0
2013-2014,Réadaptation du Sud-Ouest et du Renfort,9,3,9.0
2013-2014,Réadaptation du Sud-Ouest et du Renfort,9,4,9.0
2013-2014,Réadaptation du Sud-Ouest et du Renfort,9,5,111.0
2013-2014,Réadaptation du Sud-Ouest et du Renfort,9,6,157.0
2013-2014,Réadaptation du Sud-Ouest et du Renfort,9,7,14.0
2013-2014,Réadaptation du Sud-Ouest et du Renfort,9,9,302.0
2013-2014,Réadaptation du Sud-Ouest et du Renfort,12,5,4.0
2013-2014,Réadaptation du Sud-Ouest et du Renfort,12,9,4.0
2013-2014,Réadaptation du Sud-Ouest et du Renfort,13,1,227.0
2013-2014,Réadaptation du Sud-Ouest et du Renfort,13,2,517.0
2013-2014,Réadaptation du Sud-Ouest et du Renfort,13,3,239.0
2013-2014,Réadaptation du Sud-Ouest et du Renfort,13,4,152.0
2013-2014,Réadaptation du Sud-Ouest et du Renfort,13,5,616.0
2013-2014,Réadaptation du Sud-Ouest et du Renfort,13,6,374.0
2013-2014,Réadaptation du Sud-Ouest et du Renfort,13,7,20.0
2013-2014,Réadaptation du Sud-Ouest et du Renfort,13,9,2145.0
2014-2015,Atelier Le Fil d'Ariane Inc.,1,5,8.0
2014-2015,Atelier Le Fil d'Ariane Inc.,1,9,8.0
2014-2015,Atelier Le Fil d'Ariane Inc.,2,6,1.0
2014-2015,Atelier Le Fil d'Ariane Inc.,2,9,1.0
2014-2015,Atelier Le Fil d'Ariane Inc.,3,5,5.0
2014-2015,Atelier Le Fil d'Ariane Inc.,3,6,2.0
2014-2015,Atelier Le Fil d'Ariane Inc.,3,9,7.0
2014-2015,Atelier Le Fil d'Ariane Inc.,9,5,2.0
2014-2015,Atelier Le Fil d'Ariane Inc.,9,6,2.0
2014-2015,Atelier Le Fil d'Ariane Inc.,9,9,4.0
2014-2015,Atelier Le Fil d'Ariane Inc.,13,5,15.0
2014-2015,Atelier Le Fil d'Ariane Inc.,13,6,5.0
2014-2015,Atelier Le Fil d'Ariane Inc.,13,9,20.0
2014-2015,CPR de la Côte-Nord,1,1,29.0
2014-2015,CPR de la Côte-Nord,1,2,46.0
2014-2015,CPR de la Côte-Nord,1,3,30.0
2014-2015,CPR de la Côte-Nord,1,4,18.0
2014-2015,CPR de la Côte-Nord,1,5,26.0
2014-2015,CPR de la Côte-Nord,1,6,8.0
2014-2015,CPR de la Côte-Nord,1,7,2.0
2014-2015,CPR de la Côte-Nord,1,8,0.0
2014-2015,CPR de la Côte-Nord,1,9,159.0
2014-2015,CPR de la Côte-Nord,2,1,3.0
2014-2015,CPR de la Côte-Nord,2,2,5.0
2014-2015,CPR de la Côte-Nord,2,3,1.0
2014-2015,CPR de la Côte-Nord,2,6,4.0
2014-2015,CPR de la Côte-Nord,2,9,13.0
2014-2015,CPR de la Côte-Nord,5,2,1.0
2014-2015,CPR de la Côte-Nord,5,3,2.0
2014-2015,CPR de la Côte-Nord,5,4,1.0
2014-2015,CPR de la Côte-Nord,5,5,6.0
2014-2015,CPR de la Côte-Nord,5,6,3.0
2014-2015,CPR de la Côte-Nord,5,9,13.0
2014-2015,CPR de la Côte-Nord,7,6,1.0
2014-2015,CPR de la Côte-Nord,7,7,1.0
2014-2015,CPR de la Côte-Nord,7,9,2.0
2014-2015,CPR de la Côte-Nord,8,4,1.0
2014-2015,CPR de la Côte-Nord,8,5,31.0
2014-2015,CPR de la Côte-Nord,8,6,45.0
2014-2015,CPR de la Côte-Nord,8,7,4.0
2014-2015,CPR de la Côte-Nord,8,8,1.0
2014-2015,CPR de la Côte-Nord,8,9,82.0
2014-2015,CPR de la Côte-Nord,9,2,2.0
2014-2015,CPR de la Côte-Nord,9,3,4.0
2014-2015,CPR de la Côte-Nord,9,4,3.0
2014-2015,CPR de la Côte-Nord,9,5,17.0
2014-2015,CPR de la Côte-Nord,9,6,48.0
2014-2015,CPR de la Côte-Nord,9,7,6.0
2014-2015,CPR de la Côte-Nord,9,8,1.0
2014-2015,CPR de la Côte-Nord,9,9,81.0
2014-2015,CPR de la Côte-Nord,11,5,1.0
2014-2015,CPR de la Côte-Nord,11,7,1.0
2014-2015,CPR de la Côte-Nord,11,9,2.0
2014-2015,CPR de la Côte-Nord,12,6,1.0
2014-2015,CPR de la Côte-Nord,12,9,1.0
2014-2015,CPR de la Côte-Nord,13,1,32.0
2014-2015,CPR de la Côte-Nord,13,2,54.0
2014-2015,CPR de la Côte-Nord,13,3,37.0
2014-2015,CPR de la Côte-Nord,13,4,23.0
2014-2015,CPR de la Côte-Nord,13,5,81.0
2014-2015,CPR de la Côte-Nord,13,6,110.0
2014-2015,CPR de la Côte-Nord,13,7,14.0
2014-2015,CPR de la Côte-Nord,13,8,2.0
2014-2015,CPR de la Côte-Nord,13,9,353.0
2014-2015,CR Estrie Inc.,1,1,6.0
2014-2015,CR Estrie Inc.,1,2,0.0
2014-2015,CR Estrie Inc.,1,3,5.0
2014-2015,CR Estrie Inc.,1,4,0.0
2014-2015,CR Estrie Inc.,1,5,0.0
2014-2015,CR Estrie Inc.,1,6,0.0
2014-2015,CR Estrie Inc.,1,7,0.0
2014-2015,CR Estrie Inc.,1,8,0.0
2014-2015,CR Estrie Inc.,1,9,11.0
2014-2015,CR Estrie Inc.,2,1,0.0
2014-2015,CR Estrie Inc.,2,2,0.0
2014-2015,CR Estrie Inc.,2,3,0.0
2014-2015,CR Estrie Inc.,2,4,1.0
2014-2015,CR Estrie Inc.,2,5,5.0
2014-2015,CR Estrie Inc.,2,6,2.0
2014-2015,CR Estrie Inc.,2,7,0.0
2014-2015,CR Estrie Inc.,2,8,0.0
2014-2015,CR Estrie Inc.,2,9,8.0
2014-2015,CR Estrie Inc.,9,1,0.0
2014-2015,CR Estrie Inc.,9,2,0.0
2014-2015,CR Estrie Inc.,9,3,1.0
2014-2015,CR Estrie Inc.,9,4,0.0
2014-2015,CR Estrie Inc.,9,5,0.0
2014-2015,CR Estrie Inc.,9,6,1.0
2014-2015,CR Estrie Inc.,9,7,0.0
2014-2015,CR Estrie Inc.,9,8,0.0
2014-2015,CR Estrie Inc.,9,9,2.0
2014-2015,CR Estrie Inc.,13,1,6.0
2014-2015,CR Estrie Inc.,13,2,0.0
2014-2015,CR Estrie Inc.,13,3,6.0
2014-2015,CR Estrie Inc.,13,4,1.0
2014-2015,CR Estrie Inc.,13,5,5.0
2014-2015,CR Estrie Inc.,13,6,3.0
2014-2015,CR Estrie Inc.,13,7,0.0
2014-2015,CR Estrie Inc.,13,8,0.0
2014-2015,CR Estrie Inc.,13,9,21.0
2014-2015,CR La Maison,1,1,18.0
2014-2015,CR La Maison,1,2,61.0
2014-2015,CR La Maison,1,3,22.0
2014-2015,CR La Maison,1,4,9.0
2014-2015,CR La Maison,1,5,4.0
2014-2015,CR La Maison,1,9,114.0
2014-2015,CR La Maison,2,2,2.0
2014-2015,CR La Maison,2,5,2.0
2014-2015,CR La Maison,2,9,4.0
2014-2015,CR La Maison,8,5,2.0
2014-2015,CR La Maison,8,6,2.0
2014-2015,CR La Maison,8,9,4.0
2014-2015,CR La Maison,9,1,1.0
2014-2015,CR La Maison,9,2,3.0
2014-2015,CR La Maison,9,4,1.0
2014-2015,CR La Maison,9,5,2.0
2014-2015,CR La Maison,9,6,3.0
2014-2015,CR La Maison,9,9,10.0
2014-2015,CR La Maison,10,2,1.0
2014-2015,CR La Maison,10,3,2.0
2014-2015,CR La Maison,10,4,2.0
2014-2015,CR La Maison,10,5,2.0
2014-2015,CR La Maison,10,9,7.0
2014-2015,CR La Maison,13,1,19.0
2014-2015,CR La Maison,13,2,67.0
2014-2015,CR La Maison,13,3,24.0
2014-2015,CR La Maison,13,4,12.0
2014-2015,CR La Maison,13,5,12.0
2014-2015,CR La Maison,13,6,5.0
2014-2015,CR La Maison,13,9,139.0
2014-2015,CR La Myriade,1,1,151.0
2014-2015,CR La Myriade,1,2,240.0
2014-2015,CR La Myriade,1,3,132.0
2014-2015,CR La Myriade,1,4,63.0
2014-2015,CR La Myriade,1,5,65.0
2014-2015,CR La Myriade,1,6,6.0
2014-2015,CR La Myriade,1,7,0.0
2014-2015,CR La Myriade,1,8,0.0
2014-2015,CR La Myriade,1,9,657.0
2014-2015,CR La Myriade,2,1,0.0
2014-2015,CR La Myriade,2,2,0.0
2014-2015,CR La Myriade,2,3,0.0
2014-2015,CR La Myriade,2,4,2.0
2014-2015,CR La Myriade,2,5,16.0
2014-2015,CR La Myriade,2,6,13.0
2014-2015,CR La Myriade,2,7,2.0
2014-2015,CR La Myriade,2,8,0.0
2014-2015,CR La Myriade,2,9,33.0
2014-2015,CR La Myriade,3,1,1.0
2014-2015,CR La Myriade,3,2,2.0
2014-2015,CR La Myriade,3,3,6.0
2014-2015,CR La Myriade,3,4,1.0
2014-2015,CR La Myriade,3,5,0.0
2014-2015,CR La Myriade,3,6,0.0
2014-2015,CR La Myriade,3,7,0.0
2014-2015,CR La Myriade,3,8,0.0
2014-2015,CR La Myriade,3,9,10.0
2014-2015,CR La Myriade,4,1,0.0
2014-2015,CR La Myriade,4,2,0.0
2014-2015,CR La Myriade,4,3,1.0
2014-2015,CR La Myriade,4,4,0.0
2014-2015,CR La Myriade,4,5,1.0
2014-2015,CR La Myriade,4,6,2.0
2014-2015,CR La Myriade,4,7,0.0
2014-2015,CR La Myriade,4,8,0.0
2014-2015,CR La Myriade,4,9,4.0
2014-2015,CR La Myriade,7,1,0.0
2014-2015,CR La Myriade,7,2,0.0
2014-2015,CR La Myriade,7,3,0.0
2014-2015,CR La Myriade,7,4,0.0
2014-2015,CR La Myriade,7,5,0.0
2014-2015,CR La Myriade,7,6,2.0
2014-2015,CR La Myriade,7,7,1.0
2014-2015,CR La Myriade,7,8,0.0
2014-2015,CR La Myriade,7,9,3.0
2014-2015,CR La Myriade,8,1,1.0
2014-2015,CR La Myriade,8,2,8.0
2014-2015,CR La Myriade,8,3,15.0
2014-2015,CR La Myriade,8,4,31.0
2014-2015,CR La Myriade,8,5,108.0
2014-2015,CR La Myriade,8,6,88.0
2014-2015,CR La Myriade,8,7,6.0
2014-2015,CR La Myriade,8,8,0.0
2014-2015,CR La Myriade,8,9,257.0
2014-2015,CR La Myriade,9,1,3.0
2014-2015,CR La Myriade,9,2,9.0
2014-2015,CR La Myriade,9,3,12.0
2014-2015,CR La Myriade,9,4,10.0
2014-2015,CR La Myriade,9,5,86.0
2014-2015,CR La Myriade,9,6,116.0
2014-2015,CR La Myriade,9,7,27.0
2014-2015,CR La Myriade,9,8,5.0
2014-2015,CR La Myriade,9,9,268.0
2014-2015,CR La Myriade,12,1,0.0
2014-2015,CR La Myriade,12,2,0.0
2014-2015,CR La Myriade,12,3,0.0
2014-2015,CR La Myriade,12,4,4.0
2014-2015,CR La Myriade,12,5,6.0
2014-2015,CR La Myriade,12,6,4.0
2014-2015,CR La Myriade,12,7,0.0
2014-2015,CR La Myriade,12,8,0.0
2014-2015,CR La Myriade,12,9,14.0
2014-2015,CR La Myriade,13,1,156.0
2014-2015,CR La Myriade,13,2,259.0
2014-2015,CR La Myriade,13,3,166.0
2014-2015,CR La Myriade,13,4,111.0
2014-2015,CR La Myriade,13,5,282.0
2014-2015,CR La Myriade,13,6,231.0
2014-2015,CR La Myriade,13,7,36.0
2014-2015,CR La Myriade,13,8,5.0
2014-2015,CR La Myriade,13,9,1246.0
2014-2015,CR La Myriade,14,1,0.0
2014-2015,CR La Myriade,15,1,0.0
2014-2015,CR La Myriade,16,1,0.0
2014-2015,CR La Myriade,17,1,0.0
2014-2015,CR de l'Ouest de Montréal,1,1,200.0
2014-2015,CR de l'Ouest de Montréal,1,2,338.0
2014-2015,CR de l'Ouest de Montréal,1,3,222.0
2014-2015,CR de l'Ouest de Montréal,1,4,115.0
2014-2015,CR de l'Ouest de Montréal,1,5,292.0
2014-2015,CR de l'Ouest de Montréal,1,6,53.0
2014-2015,CR de l'Ouest de Montréal,1,7,1.0
2014-2015,CR de l'Ouest de Montréal,1,8,0.0
2014-2015,CR de l'Ouest de Montréal,1,9,1221.0
2014-2015,CR de l'Ouest de Montréal,2,1,0.0
2014-2015,CR de l'Ouest de Montréal,2,2,0.0
2014-2015,CR de l'Ouest de Montréal,2,3,1.0
2014-2015,CR de l'Ouest de Montréal,2,4,2.0
2014-2015,CR de l'Ouest de Montréal,2,5,67.0
2014-2015,CR de l'Ouest de Montréal,2,6,80.0
2014-2015,CR de l'Ouest de Montréal,2,7,11.0
2014-2015,CR de l'Ouest de Montréal,2,9,161.0
2014-2015,CR de l'Ouest de Montréal,3,1,0.0
2014-2015,CR de l'Ouest de Montréal,3,2,0.0
2014-2015,CR de l'Ouest de Montréal,3,3,2.0
2014-2015,CR de l'Ouest de Montréal,3,4,0.0
2014-2015,CR de l'Ouest de Montréal,3,5,0.0
2014-2015,CR de l'Ouest de Montréal,3,6,2.0
2014-2015,CR de l'Ouest de Montréal,3,7,0.0
2014-2015,CR de l'Ouest de Montréal,3,8,0.0
2014-2015,CR de l'Ouest de Montréal,3,9,4.0
2014-2015,CR de l'Ouest de Montréal,4,1,0.0
2014-2015,CR de l'Ouest de Montréal,4,2,0.0
2014-2015,CR de l'Ouest de Montréal,4,3,0.0
2014-2015,CR de l'Ouest de Montréal,4,4,0.0
2014-2015,CR de l'Ouest de Montréal,4,5,0.0
2014-2015,CR de l'Ouest de Montréal,4,6,1.0
2014-2015,CR de l'Ouest de Montréal,4,7,0.0
2014-2015,CR de l'Ouest de Montréal,4,8,0.0
2014-2015,CR de l'Ouest de Montréal,4,9,1.0
2014-2015,CR de l'Ouest de Montréal,5,1,0.0
2014-2015,CR de l'Ouest de Montréal,5,2,0.0
2014-2015,CR de l'Ouest de Montréal,5,3,0.0
2014-2015,CR de l'Ouest de Montréal,5,4,2.0
2014-2015,CR de l'Ouest de Montréal,5,5,4.0
2014-2015,CR de l'Ouest de Montréal,5,6,7.0
2014-2015,CR de l'Ouest de Montréal,5,7,0.0
2014-2015,CR de l'Ouest de Montréal,5,8,0.0
2014-2015,CR de l'Ouest de Montréal,5,9,13.0
2014-2015,CR de l'Ouest de Montréal,6,1,0.0
2014-2015,CR de l'Ouest de Montréal,6,2,0.0
2014-2015,CR de l'Ouest de Montréal,6,3,0.0
2014-2015,CR de l'Ouest de Montréal,6,4,0.0
2014-2015,CR de l'Ouest de Montréal,6,5,0.0
2014-2015,CR de l'Ouest de Montréal,6,6,0.0
2014-2015,CR de l'Ouest de Montréal,6,7,0.0
2014-2015,CR de l'Ouest de Montréal,6,8,0.0
2014-2015,CR de l'Ouest de Montréal,6,9,0.0
2014-2015,CR de l'Ouest de Montréal,7,1,0.0
2014-2015,CR de l'Ouest de Montréal,7,2,0.0
2014-2015,CR de l'Ouest de Montréal,7,3,0.0
2014-2015,CR de l'Ouest de Montréal,7,4,0.0
2014-2015,CR de l'Ouest de Montréal,7,5,0.0
2014-2015,CR de l'Ouest de Montréal,7,6,0.0
2014-2015,CR de l'Ouest de Montréal,7,7,0.0
2014-2015,CR de l'Ouest de Montréal,7,8,0.0
2014-2015,CR de l'Ouest de Montréal,7,9,0.0
2014-2015,CR de l'Ouest de Montréal,8,1,0.0
2014-2015,CR de l'Ouest de Montréal,8,2,12.0
2014-2015,CR de l'Ouest de Montréal,8,3,48.0
2014-2015,CR de l'Ouest de Montréal,8,4,30.0
2014-2015,CR de l'Ouest de Montréal,8,5,171.0
2014-2015,CR de l'Ouest de Montréal,8,6,173.0
2014-2015,CR de l'Ouest de Montréal,8,7,27.0
2014-2015,CR de l'Ouest de Montréal,8,8,4.0
2014-2015,CR de l'Ouest de Montréal,8,9,465.0
2014-2015,CR de l'Ouest de Montréal,9,1,1.0
2014-2015,CR de l'Ouest de Montréal,9,2,8.0
2014-2015,CR de l'Ouest de Montréal,9,3,14.0
2014-2015,CR de l'Ouest de Montréal,9,4,5.0
2014-2015,CR de l'Ouest de Montréal,9,5,52.0
2014-2015,CR de l'Ouest de Montréal,9,6,46.0
2014-2015,CR de l'Ouest de Montréal,9,7,9.0
2014-2015,CR de l'Ouest de Montréal,9,8,2.0
2014-2015,CR de l'Ouest de Montréal,9,9,137.0
2014-2015,CR de l'Ouest de Montréal,10,1,0.0
2014-2015,CR de l'Ouest de Montréal,10,2,0.0
2014-2015,CR de l'Ouest de Montréal,10,3,0.0
2014-2015,CR de l'Ouest de Montréal,10,4,0.0
2014-2015,CR de l'Ouest de Montréal,10,5,0.0
2014-2015,CR de l'Ouest de Montréal,10,6,0.0
2014-2015,CR de l'Ouest de Montréal,10,7,0.0
2014-2015,CR de l'Ouest de Montréal,10,8,0.0
2014-2015,CR de l'Ouest de Montréal,10,9,0.0
2014-2015,CR de l'Ouest de Montréal,11,1,0.0
2014-2015,CR de l'Ouest de Montréal,11,2,0.0
2014-2015,CR de l'Ouest de Montréal,11,3,1.0
2014-2015,CR de l'Ouest de Montréal,11,4,0.0
2014-2015,CR de l'Ouest de Montréal,11,5,0.0
2014-2015,CR de l'Ouest de Montréal,11,6,0.0
2014-2015,CR de l'Ouest de Montréal,11,7,0.0
2014-2015,CR de l'Ouest de Montréal,11,8,0.0
2014-2015,CR de l'Ouest de Montréal,11,9,1.0
2014-2015,CR de l'Ouest de Montréal,12,1,0.0
2014-2015,CR de l'Ouest de Montréal,12,2,0.0
2014-2015,CR de l'Ouest de Montréal,12,3,0.0
2014-2015,CR de l'Ouest de Montréal,12,4,0.0
2014-2015,CR de l'Ouest de Montréal,12,5,2.0
2014-2015,CR de l'Ouest de Montréal,12,6,12.0
2014-2015,CR de l'Ouest de Montréal,12,7,1.0
2014-2015,CR de l'Ouest de Montréal,12,8,0.0
2014-2015,CR de l'Ouest de Montréal,12,9,15.0
2014-2015,CR de l'Ouest de Montréal,13,1,201.0
2014-2015,CR de l'Ouest de Montréal,13,2,358.0
2014-2015,CR de l'Ouest de Montréal,13,3,288.0
2014-2015,CR de l'Ouest de Montréal,13,4,154.0
2014-2015,CR de l'Ouest de Montréal,13,5,588.0
2014-2015,CR de l'Ouest de Montréal,13,6,374.0
2014-2015,CR de l'Ouest de Montréal,13,7,49.0
2014-2015,CR de l'Ouest de Montréal,13,8,6.0
2014-2015,CR de l'Ouest de Montréal,13,9,2018.0
2014-2015,CR de la Gaspésie,1,1,19.0
2014-2015,CR de la Gaspésie,1,2,40.0
2014-2015,CR de la Gaspésie,1,3,41.0
2014-2015,CR de la Gaspésie,1,4,16.0
2014-2015,CR de la Gaspésie,1,5,55.0
2014-2015,CR de la Gaspésie,1,6,5.0
2014-2015,CR de la Gaspésie,1,7,2.0
2014-2015,CR de la Gaspésie,1,8,0.0
2014-2015,CR de la Gaspésie,1,9,178.0
2014-2015,CR de la Gaspésie,2,1,0.0
2014-2015,CR de la Gaspésie,2,2,0.0
2014-2015,CR de la Gaspésie,2,3,2.0
2014-2015,CR de la Gaspésie,2,4,0.0
2014-2015,CR de la Gaspésie,2,5,3.0
2014-2015,CR de la Gaspésie,2,6,4.0
2014-2015,CR de la Gaspésie,2,7,1.0
2014-2015,CR de la Gaspésie,2,9,10.0
2014-2015,CR de la Gaspésie,5,1,0.0
2014-2015,CR de la Gaspésie,5,2,0.0
2014-2015,CR de la Gaspésie,5,3,0.0
2014-2015,CR de la Gaspésie,5,4,2.0
2014-2015,CR de la Gaspésie,5,5,5.0
2014-2015,CR de la Gaspésie,5,6,18.0
2014-2015,CR de la Gaspésie,5,7,4.0
2014-2015,CR de la Gaspésie,5,8,0.0
2014-2015,CR de la Gaspésie,5,9,29.0
2014-2015,CR de la Gaspésie,8,1,0.0
2014-2015,CR de la Gaspésie,8,2,0.0
2014-2015,CR de la Gaspésie,8,3,0.0
2014-2015,CR de la Gaspésie,8,4,1.0
2014-2015,CR de la Gaspésie,8,5,8.0
2014-2015,CR de la Gaspésie,8,6,14.0
2014-2015,CR de la Gaspésie,8,7,4.0
2014-2015,CR de la Gaspésie,8,8,2.0
2014-2015,CR de la Gaspésie,8,9,29.0
2014-2015,CR de la Gaspésie,9,1,1.0
2014-2015,CR de la Gaspésie,9,2,5.0
2014-2015,CR de la Gaspésie,9,3,5.0
2014-2015,CR de la Gaspésie,9,4,4.0
2014-2015,CR de la Gaspésie,9,5,32.0
2014-2015,CR de la Gaspésie,9,6,84.0
2014-2015,CR de la Gaspésie,9,7,19.0
2014-2015,CR de la Gaspésie,9,8,3.0
2014-2015,CR de la Gaspésie,9,9,153.0
2014-2015,CR de la Gaspésie,12,1,0.0
2014-2015,CR de la Gaspésie,12,2,0.0
2014-2015,CR de la Gaspésie,12,3,0.0
2014-2015,CR de la Gaspésie,12,4,0.0
2014-2015,CR de la Gaspésie,12,5,0.0
2014-2015,CR de la Gaspésie,12,6,1.0
2014-2015,CR de la Gaspésie,12,7,0.0
2014-2015,CR de la Gaspésie,12,8,0.0
2014-2015,CR de la Gaspésie,12,9,1.0
2014-2015,CR de la Gaspésie,13,1,20.0
2014-2015,CR de la Gaspésie,13,2,45.0
2014-2015,CR de la Gaspésie,13,3,48.0
2014-2015,CR de la Gaspésie,13,4,23.0
2014-2015,CR de la Gaspésie,13,5,103.0
2014-2015,CR de la Gaspésie,13,6,126.0
2014-2015,CR de la Gaspésie,13,7,30.0
2014-2015,CR de la Gaspésie,13,8,5.0
2014-2015,CR de la Gaspésie,13,9,400.0
2014-2015,CR de la Gaspésie,16,1,8.0
2014-2015,CR de la Gaspésie,17,1,64.0
2014-2015,CRDI de Québec,1,1,127.0
2014-2015,CRDI de Québec,1,2,316.0
2014-2015,CRDI de Québec,1,3,245.0
2014-2015,CRDI de Québec,1,4,137.0
2014-2015,CRDI de Québec,1,5,365.0
2014-2015,CRDI de Québec,1,6,77.0
2014-2015,CRDI de Québec,1,7,5.0
2014-2015,CRDI de Québec,1,8,1.0
2014-2015,CRDI de Québec,1,9,1273.0
2014-2015,CRDI de Québec,2,4,6.0
2014-2015,CRDI de Québec,2,5,125.0
2014-2015,CRDI de Québec,2,6,101.0
2014-2015,CRDI de Québec,2,7,12.0
2014-2015,CRDI de Québec,2,8,2.0
2014-2015,CRDI de Québec,2,9,246.0
2014-2015,CRDI de Québec,3,1,1.0
2014-2015,CRDI de Québec,3,2,4.0
2014-2015,CRDI de Québec,3,3,3.0
2014-2015,CRDI de Québec,3,4,1.0
2014-2015,CRDI de Québec,3,6,1.0
2014-2015,CRDI de Québec,3,9,10.0
2014-2015,CRDI de Québec,5,3,9.0
2014-2015,CRDI de Québec,5,4,6.0
2014-2015,CRDI de Québec,5,5,30.0
2014-2015,CRDI de Québec,5,6,20.0
2014-2015,CRDI de Québec,5,7,1.0
2014-2015,CRDI de Québec,5,9,66.0
2014-2015,CRDI de Québec,7,5,1.0
2014-2015,CRDI de Québec,7,6,1.0
2014-2015,CRDI de Québec,7,7,1.0
2014-2015,CRDI de Québec,7,8,1.0
2014-2015,CRDI de Québec,7,9,4.0
2014-2015,CRDI de Québec,8,2,5.0
2014-2015,CRDI de Québec,8,3,33.0
2014-2015,CRDI de Québec,8,4,33.0
2014-2015,CRDI de Québec,8,5,211.0
2014-2015,CRDI de Québec,8,6,273.0
2014-2015,CRDI de Québec,8,7,54.0
2014-2015,CRDI de Québec,8,8,20.0
2014-2015,CRDI de Québec,8,9,629.0
2014-2015,CRDI de Québec,9,2,7.0
2014-2015,CRDI de Québec,9,3,10.0
2014-2015,CRDI de Québec,9,4,12.0
2014-2015,CRDI de Québec,9,5,82.0
2014-2015,CRDI de Québec,9,6,121.0
2014-2015,CRDI de Québec,9,7,36.0
2014-2015,CRDI de Québec,9,8,5.0
2014-2015,CRDI de Québec,9,9,273.0
2014-2015,CRDI de Québec,10,6,1.0
2014-2015,CRDI de Québec,10,9,1.0
2014-2015,CRDI de Québec,11,2,1.0
2014-2015,CRDI de Québec,11,3,1.0
2014-2015,CRDI de Québec,11,6,1.0
2014-2015,CRDI de Québec,11,9,3.0
2014-2015,CRDI de Québec,12,2,1.0
2014-2015,CRDI de Québec,12,4,1.0
2014-2015,CRDI de Québec,12,5,9.0
2014-2015,CRDI de Québec,12,6,25.0
2014-2015,CRDI de Québec,12,7,7.0
2014-2015,CRDI de Québec,12,8,3.0
2014-2015,CRDI de Québec,12,9,46.0
2014-2015,CRDI de Québec,13,1,128.0
2014-2015,CRDI de Québec,13,2,334.0
2014-2015,CRDI de Québec,13,3,301.0
2014-2015,CRDI de Québec,13,4,196.0
2014-2015,CRDI de Québec,13,5,823.0
2014-2015,CRDI de Québec,13,6,621.0
2014-2015,CRDI de Québec,13,7,116.0
2014-2015,CRDI de Québec,13,8,32.0
2014-2015,CRDI de Québec,13,9,2551.0
2014-2015,CRDITED Chaudière-Appalaches,1,1,102.0
2014-2015,CRDITED Chaudière-Appalaches,1,2,168.0
2014-2015,CRDITED Chaudière-Appalaches,1,3,80.0
2014-2015,CRDITED Chaudière-Appalaches,1,4,56.0
2014-2015,CRDITED Chaudière-Appalaches,1,5,215.0
2014-2015,CRDITED Chaudière-Appalaches,1,6,30.0
2014-2015,CRDITED Chaudière-Appalaches,1,7,1.0
2014-2015,CRDITED Chaudière-Appalaches,1,8,1.0
2014-2015,CRDITED Chaudière-Appalaches,1,9,653.0
2014-2015,CRDITED Chaudière-Appalaches,2,1,0.0
2014-2015,CRDITED Chaudière-Appalaches,2,2,0.0
2014-2015,CRDITED Chaudière-Appalaches,2,3,0.0
2014-2015,CRDITED Chaudière-Appalaches,2,4,2.0
2014-2015,CRDITED Chaudière-Appalaches,2,5,47.0
2014-2015,CRDITED Chaudière-Appalaches,2,6,27.0
2014-2015,CRDITED Chaudière-Appalaches,2,7,0.0
2014-2015,CRDITED Chaudière-Appalaches,2,8,1.0
2014-2015,CRDITED Chaudière-Appalaches,2,9,77.0
2014-2015,CRDITED Chaudière-Appalaches,3,1,0.0
2014-2015,CRDITED Chaudière-Appalaches,3,2,0.0
2014-2015,CRDITED Chaudière-Appalaches,3,3,0.0
2014-2015,CRDITED Chaudière-Appalaches,3,4,1.0
2014-2015,CRDITED Chaudière-Appalaches,3,5,21.0
2014-2015,CRDITED Chaudière-Appalaches,3,6,39.0
2014-2015,CRDITED Chaudière-Appalaches,3,7,2.0
2014-2015,CRDITED Chaudière-Appalaches,3,8,1.0
2014-2015,CRDITED Chaudière-Appalaches,3,9,64.0
2014-2015,CRDITED Chaudière-Appalaches,5,1,0.0
2014-2015,CRDITED Chaudière-Appalaches,5,2,0.0
2014-2015,CRDITED Chaudière-Appalaches,5,3,3.0
2014-2015,CRDITED Chaudière-Appalaches,5,4,4.0
2014-2015,CRDITED Chaudière-Appalaches,5,5,20.0
2014-2015,CRDITED Chaudière-Appalaches,5,6,18.0
2014-2015,CRDITED Chaudière-Appalaches,5,7,0.0
2014-2015,CRDITED Chaudière-Appalaches,5,8,0.0
2014-2015,CRDITED Chaudière-Appalaches,5,9,45.0
2014-2015,CRDITED Chaudière-Appalaches,7,1,0.0
2014-2015,CRDITED Chaudière-Appalaches,7,2,0.0
2014-2015,CRDITED Chaudière-Appalaches,7,3,1.0
2014-2015,CRDITED Chaudière-Appalaches,7,4,0.0
2014-2015,CRDITED Chaudière-Appalaches,7,5,0.0
2014-2015,CRDITED Chaudière-Appalaches,7,6,2.0
2014-2015,CRDITED Chaudière-Appalaches,7,7,0.0
2014-2015,CRDITED Chaudière-Appalaches,7,8,0.0
2014-2015,CRDITED Chaudière-Appalaches,7,9,3.0
2014-2015,CRDITED Chaudière-Appalaches,8,1,0.0
2014-2015,CRDITED Chaudière-Appalaches,8,2,2.0
2014-2015,CRDITED Chaudière-Appalaches,8,3,16.0
2014-2015,CRDITED Chaudière-Appalaches,8,4,11.0
2014-2015,CRDITED Chaudière-Appalaches,8,5,77.0
2014-2015,CRDITED Chaudière-Appalaches,8,6,133.0
2014-2015,CRDITED Chaudière-Appalaches,8,7,27.0
2014-2015,CRDITED Chaudière-Appalaches,8,8,14.0
2014-2015,CRDITED Chaudière-Appalaches,8,9,280.0
2014-2015,CRDITED Chaudière-Appalaches,9,1,2.0
2014-2015,CRDITED Chaudière-Appalaches,9,2,5.0
2014-2015,CRDITED Chaudière-Appalaches,9,3,10.0
2014-2015,CRDITED Chaudière-Appalaches,9,4,16.0
2014-2015,CRDITED Chaudière-Appalaches,9,5,99.0
2014-2015,CRDITED Chaudière-Appalaches,9,6,131.0
2014-2015,CRDITED Chaudière-Appalaches,9,7,20.0
2014-2015,CRDITED Chaudière-Appalaches,9,8,3.0
2014-2015,CRDITED Chaudière-Appalaches,9,9,286.0
2014-2015,CRDITED Chaudière-Appalaches,12,1,0.0
2014-2015,CRDITED Chaudière-Appalaches,12,2,1.0
2014-2015,CRDITED Chaudière-Appalaches,12,3,0.0
2014-2015,CRDITED Chaudière-Appalaches,12,4,0.0
2014-2015,CRDITED Chaudière-Appalaches,12,5,2.0
2014-2015,CRDITED Chaudière-Appalaches,12,6,3.0
2014-2015,CRDITED Chaudière-Appalaches,12,7,0.0
2014-2015,CRDITED Chaudière-Appalaches,12,8,0.0
2014-2015,CRDITED Chaudière-Appalaches,12,9,6.0
2014-2015,CRDITED Chaudière-Appalaches,13,1,104.0
2014-2015,CRDITED Chaudière-Appalaches,13,2,176.0
2014-2015,CRDITED Chaudière-Appalaches,13,3,110.0
2014-2015,CRDITED Chaudière-Appalaches,13,4,90.0
2014-2015,CRDITED Chaudière-Appalaches,13,5,481.0
2014-2015,CRDITED Chaudière-Appalaches,13,6,383.0
2014-2015,CRDITED Chaudière-Appalaches,13,7,50.0
2014-2015,CRDITED Chaudière-Appalaches,13,8,20.0
2014-2015,CRDITED Chaudière-Appalaches,13,9,1414.0
2014-2015,CRDITED Chaudière-Appalaches,14,1,1.0
2014-2015,CRDITED Chaudière-Appalaches,15,1,62.0
2014-2015,CRDITED Chaudière-Appalaches,16,1,36.0
2014-2015,CRDITED Chaudière-Appalaches,17,1,493.0
2014-2015,CRDITED Mauricie et Centre-du-Québec,1,1,104.0
2014-2015,CRDITED Mauricie et Centre-du-Québec,1,2,220.0
2014-2015,CRDITED Mauricie et Centre-du-Québec,1,3,147.0
2014-2015,CRDITED Mauricie et Centre-du-Québec,1,4,90.0
2014-2015,CRDITED Mauricie et Centre-du-Québec,1,5,298.0
2014-2015,CRDITED Mauricie et Centre-du-Québec,1,6,50.0
2014-2015,CRDITED Mauricie et Centre-du-Québec,1,9,909.0
2014-2015,CRDITED Mauricie et Centre-du-Québec,2,4,9.0
2014-2015,CRDITED Mauricie et Centre-du-Québec,2,5,53.0
2014-2015,CRDITED Mauricie et Centre-du-Québec,2,6,37.0
2014-2015,CRDITED Mauricie et Centre-du-Québec,2,7,1.0
2014-2015,CRDITED Mauricie et Centre-du-Québec,2,8,1.0
2014-2015,CRDITED Mauricie et Centre-du-Québec,2,9,101.0
2014-2015,CRDITED Mauricie et Centre-du-Québec,3,2,3.0
2014-2015,CRDITED Mauricie et Centre-du-Québec,3,3,4.0
2014-2015,CRDITED Mauricie et Centre-du-Québec,3,4,2.0
2014-2015,CRDITED Mauricie et Centre-du-Québec,3,5,6.0
2014-2015,CRDITED Mauricie et Centre-du-Québec,3,6,10.0
2014-2015,CRDITED Mauricie et Centre-du-Québec,3,7,1.0
2014-2015,CRDITED Mauricie et Centre-du-Québec,3,9,26.0
2014-2015,CRDITED Mauricie et Centre-du-Québec,5,3,2.0
2014-2015,CRDITED Mauricie et Centre-du-Québec,5,4,3.0
2014-2015,CRDITED Mauricie et Centre-du-Québec,5,5,7.0
2014-2015,CRDITED Mauricie et Centre-du-Québec,5,6,9.0
2014-2015,CRDITED Mauricie et Centre-du-Québec,5,9,21.0
2014-2015,CRDITED Mauricie et Centre-du-Québec,7,6,1.0
2014-2015,CRDITED Mauricie et Centre-du-Québec,7,9,1.0
2014-2015,CRDITED Mauricie et Centre-du-Québec,8,2,7.0
2014-2015,CRDITED Mauricie et Centre-du-Québec,8,3,14.0
2014-2015,CRDITED Mauricie et Centre-du-Québec,8,4,17.0
2014-2015,CRDITED Mauricie et Centre-du-Québec,8,5,86.0
2014-2015,CRDITED Mauricie et Centre-du-Québec,8,6,162.0
2014-2015,CRDITED Mauricie et Centre-du-Québec,8,7,38.0
2014-2015,CRDITED Mauricie et Centre-du-Québec,8,8,15.0
2014-2015,CRDITED Mauricie et Centre-du-Québec,8,9,339.0
2014-2015,CRDITED Mauricie et Centre-du-Québec,9,1,3.0
2014-2015,CRDITED Mauricie et Centre-du-Québec,9,2,5.0
2014-2015,CRDITED Mauricie et Centre-du-Québec,9,3,17.0
2014-2015,CRDITED Mauricie et Centre-du-Québec,9,4,10.0
2014-2015,CRDITED Mauricie et Centre-du-Québec,9,5,130.0
2014-2015,CRDITED Mauricie et Centre-du-Québec,9,6,237.0
2014-2015,CRDITED Mauricie et Centre-du-Québec,9,7,66.0
2014-2015,CRDITED Mauricie et Centre-du-Québec,9,8,31.0
2014-2015,CRDITED Mauricie et Centre-du-Québec,9,9,499.0
2014-2015,CRDITED Mauricie et Centre-du-Québec,12,2,1.0
2014-2015,CRDITED Mauricie et Centre-du-Québec,12,3,5.0
2014-2015,CRDITED Mauricie et Centre-du-Québec,12,4,1.0
2014-2015,CRDITED Mauricie et Centre-du-Québec,12,5,12.0
2014-2015,CRDITED Mauricie et Centre-du-Québec,12,6,12.0
2014-2015,CRDITED Mauricie et Centre-du-Québec,12,7,1.0
2014-2015,CRDITED Mauricie et Centre-du-Québec,12,8,1.0
2014-2015,CRDITED Mauricie et Centre-du-Québec,12,9,33.0
2014-2015,CRDITED Mauricie et Centre-du-Québec,13,1,107.0
2014-2015,CRDITED Mauricie et Centre-du-Québec,13,2,236.0
2014-2015,CRDITED Mauricie et Centre-du-Québec,13,3,189.0
2014-2015,CRDITED Mauricie et Centre-du-Québec,13,4,132.0
2014-2015,CRDITED Mauricie et Centre-du-Québec,13,5,592.0
2014-2015,CRDITED Mauricie et Centre-du-Québec,13,6,518.0
2014-2015,CRDITED Mauricie et Centre-du-Québec,13,7,107.0
2014-2015,CRDITED Mauricie et Centre-du-Québec,13,8,48.0
2014-2015,CRDITED Mauricie et Centre-du-Québec,13,9,1929.0
2014-2015,CRDITED de Laval,1,1,206.0
2014-2015,CRDITED de Laval,1,2,239.0
2014-2015,CRDITED de Laval,1,3,155.0
2014-2015,CRDITED de Laval,1,4,126.0
2014-2015,CRDITED de Laval,1,5,175.0
2014-2015,CRDITED de Laval,1,6,30.0
2014-2015,CRDITED de Laval,1,7,1.0
2014-2015,CRDITED de Laval,1,8,0.0
2014-2015,CRDITED de Laval,1,9,932.0
2014-2015,CRDITED de Laval,2,1,1.0
2014-2015,CRDITED de Laval,2,2,0.0
2014-2015,CRDITED de Laval,2,3,0.0
2014-2015,CRDITED de Laval,2,4,2.0
2014-2015,CRDITED de Laval,2,5,39.0
2014-2015,CRDITED de Laval,2,6,23.0
2014-2015,CRDITED de Laval,2,7,1.0
2014-2015,CRDITED de Laval,2,8,0.0
2014-2015,CRDITED de Laval,2,9,66.0
2014-2015,CRDITED de Laval,3,1,0.0
2014-2015,CRDITED de Laval,3,2,0.0
2014-2015,CRDITED de Laval,3,3,0.0
2014-2015,CRDITED de Laval,3,4,0.0
2014-2015,CRDITED de Laval,3,5,1.0
2014-2015,CRDITED de Laval,3,6,0.0
2014-2015,CRDITED de Laval,3,7,0.0
2014-2015,CRDITED de Laval,3,8,0.0
2014-2015,CRDITED de Laval,3,9,1.0
2014-2015,CRDITED de Laval,4,1,0.0
2014-2015,CRDITED de Laval,4,2,0.0
2014-2015,CRDITED de Laval,4,3,0.0
2014-2015,CRDITED de Laval,4,4,0.0
2014-2015,CRDITED de Laval,4,5,3.0
2014-2015,CRDITED de Laval,4,6,0.0
2014-2015,CRDITED de Laval,4,7,0.0
2014-2015,CRDITED de Laval,4,8,0.0
2014-2015,CRDITED de Laval,4,9,3.0
2014-2015,CRDITED de Laval,6,1,0.0
2014-2015,CRDITED de Laval,6,2,0.0
2014-2015,CRDITED de Laval,6,3,0.0
2014-2015,CRDITED de Laval,6,4,2.0
2014-2015,CRDITED de Laval,6,5,11.0
2014-2015,CRDITED de Laval,6,6,7.0
2014-2015,CRDITED de Laval,6,7,0.0
2014-2015,CRDITED de Laval,6,8,0.0
2014-2015,CRDITED de Laval,6,9,20.0
2014-2015,CRDITED de Laval,7,1,0.0
2014-2015,CRDITED de Laval,7,2,0.0
2014-2015,CRDITED de Laval,7,3,0.0
2014-2015,CRDITED de Laval,7,4,0.0
2014-2015,CRDITED de Laval,7,5,0.0
2014-2015,CRDITED de Laval,7,6,1.0
2014-2015,CRDITED de Laval,7,7,0.0
2014-2015,CRDITED de Laval,7,8,0.0
2014-2015,CRDITED de Laval,7,9,1.0
2014-2015,CRDITED de Laval,8,1,0.0
2014-2015,CRDITED de Laval,8,2,3.0
2014-2015,CRDITED de Laval,8,3,27.0
2014-2015,CRDITED de Laval,8,4,26.0
2014-2015,CRDITED de Laval,8,5,135.0
2014-2015,CRDITED de Laval,8,6,121.0
2014-2015,CRDITED de Laval,8,7,21.0
2014-2015,CRDITED de Laval,8,8,4.0
2014-2015,CRDITED de Laval,8,9,337.0
2014-2015,CRDITED de Laval,9,1,1.0
2014-2015,CRDITED de Laval,9,2,4.0
2014-2015,CRDITED de Laval,9,3,9.0
2014-2015,CRDITED de Laval,9,4,2.0
2014-2015,CRDITED de Laval,9,5,13.0
2014-2015,CRDITED de Laval,9,6,37.0
2014-2015,CRDITED de Laval,9,7,7.0
2014-2015,CRDITED de Laval,9,8,2.0
2014-2015,CRDITED de Laval,9,9,75.0
2014-2015,CRDITED de Laval,10,1,0.0
2014-2015,CRDITED de Laval,10,2,0.0
2014-2015,CRDITED de Laval,10,3,3.0
2014-2015,CRDITED de Laval,10,4,3.0
2014-2015,CRDITED de Laval,10,5,22.0
2014-2015,CRDITED de Laval,10,6,21.0
2014-2015,CRDITED de Laval,10,7,5.0
2014-2015,CRDITED de Laval,10,8,2.0
2014-2015,CRDITED de Laval,10,9,56.0
2014-2015,CRDITED de Laval,11,1,0.0
2014-2015,CRDITED de Laval,11,2,1.0
2014-2015,CRDITED de Laval,11,3,6.0
2014-2015,CRDITED de Laval,11,4,0.0
2014-2015,CRDITED de Laval,11,5,0.0
2014-2015,CRDITED de Laval,11,6,0.0
2014-2015,CRDITED de Laval,11,7,0.0
2014-2015,CRDITED de Laval,11,8,0.0
2014-2015,CRDITED de Laval,11,9,7.0
2014-2015,CRDITED de Laval,12,1,0.0
2014-2015,CRDITED de Laval,12,2,0.0
2014-2015,CRDITED de Laval,12,3,3.0
2014-2015,CRDITED de Laval,12,4,0.0
2014-2015,CRDITED de Laval,12,5,3.0
2014-2015,CRDITED de Laval,12,6,0.0
2014-2015,CRDITED de Laval,12,7,0.0
2014-2015,CRDITED de Laval,12,8,0.0
2014-2015,CRDITED de Laval,12,9,6.0
2014-2015,CRDITED de Laval,13,1,208.0
2014-2015,CRDITED de Laval,13,2,247.0
2014-2015,CRDITED de Laval,13,3,203.0
2014-2015,CRDITED de Laval,13,4,161.0
2014-2015,CRDITED de Laval,13,5,402.0
2014-2015,CRDITED de Laval,13,6,240.0
2014-2015,CRDITED de Laval,13,7,35.0
2014-2015,CRDITED de Laval,13,8,8.0
2014-2015,CRDITED de Laval,13,9,1504.0
2014-2015,CRDITED de Montréal,1,1,236.0
2014-2015,CRDITED de Montréal,1,2,456.0
2014-2015,CRDITED de Montréal,1,3,306.0
2014-2015,CRDITED de Montréal,1,4,176.0
2014-2015,CRDITED de Montréal,1,5,584.0
2014-2015,CRDITED de Montréal,1,6,129.0
2014-2015,CRDITED de Montréal,1,7,3.0
2014-2015,CRDITED de Montréal,1,8,0.0
2014-2015,CRDITED de Montréal,1,9,1890.0
2014-2015,CRDITED de Montréal,2,1,1.0
2014-2015,CRDITED de Montréal,2,2,3.0
2014-2015,CRDITED de Montréal,2,3,4.0
2014-2015,CRDITED de Montréal,2,4,7.0
2014-2015,CRDITED de Montréal,2,5,106.0
2014-2015,CRDITED de Montréal,2,6,117.0
2014-2015,CRDITED de Montréal,2,7,7.0
2014-2015,CRDITED de Montréal,2,8,0.0
2014-2015,CRDITED de Montréal,2,9,245.0
2014-2015,CRDITED de Montréal,3,1,1.0
2014-2015,CRDITED de Montréal,3,2,1.0
2014-2015,CRDITED de Montréal,3,3,7.0
2014-2015,CRDITED de Montréal,3,4,0.0
2014-2015,CRDITED de Montréal,3,5,8.0
2014-2015,CRDITED de Montréal,3,6,3.0
2014-2015,CRDITED de Montréal,3,7,1.0
2014-2015,CRDITED de Montréal,3,8,0.0
2014-2015,CRDITED de Montréal,3,9,21.0
2014-2015,CRDITED de Montréal,4,1,0.0
2014-2015,CRDITED de Montréal,4,2,5.0
2014-2015,CRDITED de Montréal,4,3,11.0
2014-2015,CRDITED de Montréal,4,4,8.0
2014-2015,CRDITED de Montréal,4,5,27.0
2014-2015,CRDITED de Montréal,4,6,27.0
2014-2015,CRDITED de Montréal,4,7,5.0
2014-2015,CRDITED de Montréal,4,8,0.0
2014-2015,CRDITED de Montréal,4,9,83.0
2014-2015,CRDITED de Montréal,5,1,0.0
2014-2015,CRDITED de Montréal,5,2,0.0
2014-2015,CRDITED de Montréal,5,3,1.0
2014-2015,CRDITED de Montréal,5,4,9.0
2014-2015,CRDITED de Montréal,5,5,58.0
2014-2015,CRDITED de Montréal,5,6,51.0
2014-2015,CRDITED de Montréal,5,7,7.0
2014-2015,CRDITED de Montréal,5,8,2.0
2014-2015,CRDITED de Montréal,5,9,128.0
2014-2015,CRDITED de Montréal,7,1,0.0
2014-2015,CRDITED de Montréal,7,2,0.0
2014-2015,CRDITED de Montréal,7,3,1.0
2014-2015,CRDITED de Montréal,7,4,0.0
2014-2015,CRDITED de Montréal,7,5,1.0
2014-2015,CRDITED de Montréal,7,6,3.0
2014-2015,CRDITED de Montréal,7,7,2.0
2014-2015,CRDITED de Montréal,7,8,0.0
2014-2015,CRDITED de Montréal,7,9,7.0
2014-2015,CRDITED de Montréal,8,1,1.0
2014-2015,CRDITED de Montréal,8,2,13.0
2014-2015,CRDITED de Montréal,8,3,69.0
2014-2015,CRDITED de Montréal,8,4,61.0
2014-2015,CRDITED de Montréal,8,5,399.0
2014-2015,CRDITED de Montréal,8,6,756.0
2014-2015,CRDITED de Montréal,8,7,93.0
2014-2015,CRDITED de Montréal,8,8,13.0
2014-2015,CRDITED de Montréal,8,9,1405.0
2014-2015,CRDITED de Montréal,9,1,3.0
2014-2015,CRDITED de Montréal,9,2,19.0
2014-2015,CRDITED de Montréal,9,3,24.0
2014-2015,CRDITED de Montréal,9,4,13.0
2014-2015,CRDITED de Montréal,9,5,76.0
2014-2015,CRDITED de Montréal,9,6,138.0
2014-2015,CRDITED de Montréal,9,7,26.0
2014-2015,CRDITED de Montréal,9,8,8.0
2014-2015,CRDITED de Montréal,9,9,307.0
2014-2015,CRDITED de Montréal,10,1,0.0
2014-2015,CRDITED de Montréal,10,2,0.0
2014-2015,CRDITED de Montréal,10,3,2.0
2014-2015,CRDITED de Montréal,10,4,0.0
2014-2015,CRDITED de Montréal,10,5,9.0
2014-2015,CRDITED de Montréal,10,6,45.0
2014-2015,CRDITED de Montréal,10,7,5.0
2014-2015,CRDITED de Montréal,10,8,0.0
2014-2015,CRDITED de Montréal,10,9,61.0
2014-2015,CRDITED de Montréal,11,1,0.0
2014-2015,CRDITED de Montréal,11,2,2.0
2014-2015,CRDITED de Montréal,11,3,6.0
2014-2015,CRDITED de Montréal,11,4,0.0
2014-2015,CRDITED de Montréal,11,5,0.0
2014-2015,CRDITED de Montréal,11,6,2.0
2014-2015,CRDITED de Montréal,11,7,0.0
2014-2015,CRDITED de Montréal,11,8,0.0
2014-2015,CRDITED de Montréal,11,9,10.0
2014-2015,CRDITED de Montréal,12,1,1.0
2014-2015,CRDITED de Montréal,12,2,1.0
2014-2015,CRDITED de Montréal,12,3,8.0
2014-2015,CRDITED de Montréal,12,4,2.0
2014-2015,CRDITED de Montréal,12,5,16.0
2014-2015,CRDITED de Montréal,12,6,17.0
2014-2015,CRDITED de Montréal,12,7,4.0
2014-2015,CRDITED de Montréal,12,8,0.0
2014-2015,CRDITED de Montréal,12,9,49.0
2014-2015,CRDITED de Montréal,13,1,243.0
2014-2015,CRDITED de Montréal,13,2,500.0
2014-2015,CRDITED de Montréal,13,3,439.0
2014-2015,CRDITED de Montréal,13,4,276.0
2014-2015,CRDITED de Montréal,13,5,1284.0
2014-2015,CRDITED de Montréal,13,6,1288.0
2014-2015,CRDITED de Montréal,13,7,153.0
2014-2015,CRDITED de Montréal,13,8,23.0
2014-2015,CRDITED de Montréal,13,9,4206.0
2014-2015,CRDITED de Montréal,14,1,113.0
2014-2015,CRDITED de Montréal,15,1,406.0
2014-2015,CRDITED de Montréal,16,1,1.0
2014-2015,CRDITED de Montréal,17,1,11.0
2014-2015,CRDITED de l'Estrie,1,1,58.0
2014-2015,CRDITED de l'Estrie,1,2,66.0
2014-2015,CRDITED de l'Estrie,1,3,36.0
2014-2015,CRDITED de l'Estrie,1,4,29.0
2014-2015,CRDITED de l'Estrie,1,5,166.0
2014-2015,CRDITED de l'Estrie,1,6,34.0
2014-2015,CRDITED de l'Estrie,1,7,0.0
2014-2015,CRDITED de l'Estrie,1,8,0.0
2014-2015,CRDITED de l'Estrie,1,9,389.0
2014-2015,CRDITED de l'Estrie,2,1,0.0
2014-2015,CRDITED de l'Estrie,2,2,0.0
2014-2015,CRDITED de l'Estrie,2,3,0.0
2014-2015,CRDITED de l'Estrie,2,4,3.0
2014-2015,CRDITED de l'Estrie,2,5,26.0
2014-2015,CRDITED de l'Estrie,2,6,21.0
2014-2015,CRDITED de l'Estrie,2,7,0.0
2014-2015,CRDITED de l'Estrie,2,8,0.0
2014-2015,CRDITED de l'Estrie,2,9,50.0
2014-2015,CRDITED de l'Estrie,3,1,0.0
2014-2015,CRDITED de l'Estrie,3,2,1.0
2014-2015,CRDITED de l'Estrie,3,3,4.0
2014-2015,CRDITED de l'Estrie,3,4,1.0
2014-2015,CRDITED de l'Estrie,3,5,2.0
2014-2015,CRDITED de l'Estrie,3,6,5.0
2014-2015,CRDITED de l'Estrie,3,7,1.0
2014-2015,CRDITED de l'Estrie,3,8,0.0
2014-2015,CRDITED de l'Estrie,3,9,14.0
2014-2015,CRDITED de l'Estrie,4,1,0.0
2014-2015,CRDITED de l'Estrie,4,2,0.0
2014-2015,CRDITED de l'Estrie,4,3,0.0
2014-2015,CRDITED de l'Estrie,4,4,0.0
2014-2015,CRDITED de l'Estrie,4,5,0.0
2014-2015,CRDITED de l'Estrie,4,6,0.0
2014-2015,CRDITED de l'Estrie,4,7,0.0
2014-2015,CRDITED de l'Estrie,4,8,0.0
2014-2015,CRDITED de l'Estrie,4,9,0.0
2014-2015,CRDITED de l'Estrie,5,1,0.0
2014-2015,CRDITED de l'Estrie,5,2,0.0
2014-2015,CRDITED de l'Estrie,5,3,5.0
2014-2015,CRDITED de l'Estrie,5,4,1.0
2014-2015,CRDITED de l'Estrie,5,5,12.0
2014-2015,CRDITED de l'Estrie,5,6,14.0
2014-2015,CRDITED de l'Estrie,5,7,0.0
2014-2015,CRDITED de l'Estrie,5,8,0.0
2014-2015,CRDITED de l'Estrie,5,9,32.0
2014-2015,CRDITED de l'Estrie,6,1,0.0
2014-2015,CRDITED de l'Estrie,6,2,0.0
2014-2015,CRDITED de l'Estrie,6,3,0.0
2014-2015,CRDITED de l'Estrie,6,4,0.0
2014-2015,CRDITED de l'Estrie,6,5,2.0
2014-2015,CRDITED de l'Estrie,6,6,11.0
2014-2015,CRDITED de l'Estrie,6,7,3.0
2014-2015,CRDITED de l'Estrie,6,8,0.0
2014-2015,CRDITED de l'Estrie,6,9,16.0
2014-2015,CRDITED de l'Estrie,7,1,0.0
2014-2015,CRDITED de l'Estrie,7,2,0.0
2014-2015,CRDITED de l'Estrie,7,3,1.0
2014-2015,CRDITED de l'Estrie,7,4,0.0
2014-2015,CRDITED de l'Estrie,7,5,2.0
2014-2015,CRDITED de l'Estrie,7,6,3.0
2014-2015,CRDITED de l'Estrie,7,7,0.0
2014-2015,CRDITED de l'Estrie,7,8,0.0
2014-2015,CRDITED de l'Estrie,7,9,6.0
2014-2015,CRDITED de l'Estrie,8,1,0.0
2014-2015,CRDITED de l'Estrie,8,2,2.0
2014-2015,CRDITED de l'Estrie,8,3,1.0
2014-2015,CRDITED de l'Estrie,8,4,6.0
2014-2015,CRDITED de l'Estrie,8,5,22.0
2014-2015,CRDITED de l'Estrie,8,6,37.0
2014-2015,CRDITED de l'Estrie,8,7,6.0
2014-2015,CRDITED de l'Estrie,8,8,0.0
2014-2015,CRDITED de l'Estrie,8,9,74.0
2014-2015,CRDITED de l'Estrie,9,1,0.0
2014-2015,CRDITED de l'Estrie,9,2,5.0
2014-2015,CRDITED de l'Estrie,9,3,20.0
2014-2015,CRDITED de l'Estrie,9,4,26.0
2014-2015,CRDITED de l'Estrie,9,5,134.0
2014-2015,CRDITED de l'Estrie,9,6,224.0
2014-2015,CRDITED de l'Estrie,9,7,54.0
2014-2015,CRDITED de l'Estrie,9,8,3.0
2014-2015,CRDITED de l'Estrie,9,9,466.0
2014-2015,CRDITED de l'Estrie,10,1,0.0
2014-2015,CRDITED de l'Estrie,10,2,0.0
2014-2015,CRDITED de l'Estrie,10,3,0.0
2014-2015,CRDITED de l'Estrie,10,4,0.0
2014-2015,CRDITED de l'Estrie,10,5,0.0
2014-2015,CRDITED de l'Estrie,10,6,0.0
2014-2015,CRDITED de l'Estrie,10,7,0.0
2014-2015,CRDITED de l'Estrie,10,8,0.0
2014-2015,CRDITED de l'Estrie,10,9,0.0
2014-2015,CRDITED de l'Estrie,11,1,0.0
2014-2015,CRDITED de l'Estrie,11,2,0.0
2014-2015,CRDITED de l'Estrie,11,3,0.0
2014-2015,CRDITED de l'Estrie,11,4,0.0
2014-2015,CRDITED de l'Estrie,11,5,0.0
2014-2015,CRDITED de l'Estrie,11,6,0.0
2014-2015,CRDITED de l'Estrie,11,7,0.0
2014-2015,CRDITED de l'Estrie,11,8,0.0
2014-2015,CRDITED de l'Estrie,11,9,0.0
2014-2015,CRDITED de l'Estrie,12,1,0.0
2014-2015,CRDITED de l'Estrie,12,2,0.0
2014-2015,CRDITED de l'Estrie,12,3,1.0
2014-2015,CRDITED de l'Estrie,12,4,0.0
2014-2015,CRDITED de l'Estrie,12,5,12.0
2014-2015,CRDITED de l'Estrie,12,6,10.0
2014-2015,CRDITED de l'Estrie,12,7,7.0
2014-2015,CRDITED de l'Estrie,12,8,2.0
2014-2015,CRDITED de l'Estrie,12,9,32.0
2014-2015,CRDITED de l'Estrie,13,1,58.0
2014-2015,CRDITED de l'Estrie,13,2,74.0
2014-2015,CRDITED de l'Estrie,13,3,68.0
2014-2015,CRDITED de l'Estrie,13,4,66.0
2014-2015,CRDITED de l'Estrie,13,5,378.0
2014-2015,CRDITED de l'Estrie,13,6,359.0
2014-2015,CRDITED de l'Estrie,13,7,71.0
2014-2015,CRDITED de l'Estrie,13,8,5.0
2014-2015,CRDITED de l'Estrie,13,9,1079.0
2014-2015,CRDITED de l'Estrie,14,1,1.0
2014-2015,CRDITED de l'Estrie,15,1,75.0
2014-2015,CRDITED de l'Estrie,16,1,12.0
2014-2015,CRDITED de l'Estrie,17,1,39.0
2014-2015,CRDITED de la Montérégie-Est,1,1,264.0
2014-2015,CRDITED de la Montérégie-Est,1,2,732.0
2014-2015,CRDITED de la Montérégie-Est,1,3,268.0
2014-2015,CRDITED de la Montérégie-Est,1,4,155.0
2014-2015,CRDITED de la Montérégie-Est,1,5,436.0
2014-2015,CRDITED de la Montérégie-Est,1,6,75.0
2014-2015,CRDITED de la Montérégie-Est,1,7,0.0
2014-2015,CRDITED de la Montérégie-Est,1,8,0.0
2014-2015,CRDITED de la Montérégie-Est,1,9,1930.0
2014-2015,CRDITED de la Montérégie-Est,2,1,2.0
2014-2015,CRDITED de la Montérégie-Est,2,2,0.0
2014-2015,CRDITED de la Montérégie-Est,2,3,1.0
2014-2015,CRDITED de la Montérégie-Est,2,4,11.0
2014-2015,CRDITED de la Montérégie-Est,2,5,98.0
2014-2015,CRDITED de la Montérégie-Est,2,6,81.0
2014-2015,CRDITED de la Montérégie-Est,2,7,5.0
2014-2015,CRDITED de la Montérégie-Est,2,8,1.0
2014-2015,CRDITED de la Montérégie-Est,2,9,199.0
2014-2015,CRDITED de la Montérégie-Est,3,1,0.0
2014-2015,CRDITED de la Montérégie-Est,3,2,9.0
2014-2015,CRDITED de la Montérégie-Est,3,3,21.0
2014-2015,CRDITED de la Montérégie-Est,3,4,2.0
2014-2015,CRDITED de la Montérégie-Est,3,5,2.0
2014-2015,CRDITED de la Montérégie-Est,3,6,2.0
2014-2015,CRDITED de la Montérégie-Est,3,7,0.0
2014-2015,CRDITED de la Montérégie-Est,3,8,0.0
2014-2015,CRDITED de la Montérégie-Est,3,9,36.0
2014-2015,CRDITED de la Montérégie-Est,4,1,0.0
2014-2015,CRDITED de la Montérégie-Est,4,2,0.0
2014-2015,CRDITED de la Montérégie-Est,4,3,0.0
2014-2015,CRDITED de la Montérégie-Est,4,4,0.0
2014-2015,CRDITED de la Montérégie-Est,4,5,5.0
2014-2015,CRDITED de la Montérégie-Est,4,6,39.0
2014-2015,CRDITED de la Montérégie-Est,4,7,7.0
2014-2015,CRDITED de la Montérégie-Est,4,8,3.0
2014-2015,CRDITED de la Montérégie-Est,4,9,54.0
2014-2015,CRDITED de la Montérégie-Est,5,1,0.0
2014-2015,CRDITED de la Montérégie-Est,5,2,4.0
2014-2015,CRDITED de la Montérégie-Est,5,3,27.0
2014-2015,CRDITED de la Montérégie-Est,5,4,8.0
2014-2015,CRDITED de la Montérégie-Est,5,5,17.0
2014-2015,CRDITED de la Montérégie-Est,5,6,5.0
2014-2015,CRDITED de la Montérégie-Est,5,7,0.0
2014-2015,CRDITED de la Montérégie-Est,5,8,0.0
2014-2015,CRDITED de la Montérégie-Est,5,9,61.0
2014-2015,CRDITED de la Montérégie-Est,7,1,0.0
2014-2015,CRDITED de la Montérégie-Est,7,2,0.0
2014-2015,CRDITED de la Montérégie-Est,7,3,0.0
2014-2015,CRDITED de la Montérégie-Est,7,4,1.0
2014-2015,CRDITED de la Montérégie-Est,7,5,3.0
2014-2015,CRDITED de la Montérégie-Est,7,6,2.0
2014-2015,CRDITED de la Montérégie-Est,7,7,1.0
2014-2015,CRDITED de la Montérégie-Est,7,8,0.0
2014-2015,CRDITED de la Montérégie-Est,7,9,7.0
2014-2015,CRDITED de la Montérégie-Est,8,1,0.0
2014-2015,CRDITED de la Montérégie-Est,8,2,6.0
2014-2015,CRDITED de la Montérégie-Est,8,3,16.0
2014-2015,CRDITED de la Montérégie-Est,8,4,20.0
2014-2015,CRDITED de la Montérégie-Est,8,5,101.0
2014-2015,CRDITED de la Montérégie-Est,8,6,132.0
2014-2015,CRDITED de la Montérégie-Est,8,7,15.0
2014-2015,CRDITED de la Montérégie-Est,8,8,1.0
2014-2015,CRDITED de la Montérégie-Est,8,9,291.0
2014-2015,CRDITED de la Montérégie-Est,9,1,4.0
2014-2015,CRDITED de la Montérégie-Est,9,2,26.0
2014-2015,CRDITED de la Montérégie-Est,9,3,36.0
2014-2015,CRDITED de la Montérégie-Est,9,4,22.0
2014-2015,CRDITED de la Montérégie-Est,9,5,170.0
2014-2015,CRDITED de la Montérégie-Est,9,6,299.0
2014-2015,CRDITED de la Montérégie-Est,9,7,46.0
2014-2015,CRDITED de la Montérégie-Est,9,8,6.0
2014-2015,CRDITED de la Montérégie-Est,9,9,609.0
2014-2015,CRDITED de la Montérégie-Est,10,1,0.0
2014-2015,CRDITED de la Montérégie-Est,10,2,0.0
2014-2015,CRDITED de la Montérégie-Est,10,3,1.0
2014-2015,CRDITED de la Montérégie-Est,10,4,6.0
2014-2015,CRDITED de la Montérégie-Est,10,5,11.0
2014-2015,CRDITED de la Montérégie-Est,10,6,2.0
2014-2015,CRDITED de la Montérégie-Est,10,7,0.0
2014-2015,CRDITED de la Montérégie-Est,10,8,0.0
2014-2015,CRDITED de la Montérégie-Est,10,9,20.0
2014-2015,CRDITED de la Montérégie-Est,12,1,0.0
2014-2015,CRDITED de la Montérégie-Est,12,2,0.0
2014-2015,CRDITED de la Montérégie-Est,12,3,0.0
2014-2015,CRDITED de la Montérégie-Est,12,4,4.0
2014-2015,CRDITED de la Montérégie-Est,12,5,10.0
2014-2015,CRDITED de la Montérégie-Est,12,6,14.0
2014-2015,CRDITED de la Montérégie-Est,12,7,1.0
2014-2015,CRDITED de la Montérégie-Est,12,8,0.0
2014-2015,CRDITED de la Montérégie-Est,12,9,29.0
2014-2015,CRDITED de la Montérégie-Est,13,1,270.0
2014-2015,CRDITED de la Montérégie-Est,13,2,777.0
2014-2015,CRDITED de la Montérégie-Est,13,3,370.0
2014-2015,CRDITED de la Montérégie-Est,13,4,229.0
2014-2015,CRDITED de la Montérégie-Est,13,5,853.0
2014-2015,CRDITED de la Montérégie-Est,13,6,651.0
2014-2015,CRDITED de la Montérégie-Est,13,7,75.0
2014-2015,CRDITED de la Montérégie-Est,13,8,11.0
2014-2015,CRDITED de la Montérégie-Est,13,9,3236.0
2014-2015,CRDITED de la Montérégie-Est,16,1,24.0
2014-2015,CRDITED de la Montérégie-Est,17,1,517.0
2014-2015,CRDITED du Bas-St-Laurent,1,1,65.0
2014-2015,CRDITED du Bas-St-Laurent,1,2,150.0
2014-2015,CRDITED du Bas-St-Laurent,1,3,92.0
2014-2015,CRDITED du Bas-St-Laurent,1,4,33.0
2014-2015,CRDITED du Bas-St-Laurent,1,5,89.0
2014-2015,CRDITED du Bas-St-Laurent,1,6,16.0
2014-2015,CRDITED du Bas-St-Laurent,1,7,0.0
2014-2015,CRDITED du Bas-St-Laurent,1,8,0.0
2014-2015,CRDITED du Bas-St-Laurent,1,9,445.0
2014-2015,CRDITED du Bas-St-Laurent,2,1,1.0
2014-2015,CRDITED du Bas-St-Laurent,2,2,2.0
2014-2015,CRDITED du Bas-St-Laurent,2,3,0.0
2014-2015,CRDITED du Bas-St-Laurent,2,4,3.0
2014-2015,CRDITED du Bas-St-Laurent,2,5,15.0
2014-2015,CRDITED du Bas-St-Laurent,2,6,13.0
2014-2015,CRDITED du Bas-St-Laurent,2,7,1.0
2014-2015,CRDITED du Bas-St-Laurent,2,8,0.0
2014-2015,CRDITED du Bas-St-Laurent,2,9,35.0
2014-2015,CRDITED du Bas-St-Laurent,3,1,3.0
2014-2015,CRDITED du Bas-St-Laurent,3,2,1.0
2014-2015,CRDITED du Bas-St-Laurent,3,3,3.0
2014-2015,CRDITED du Bas-St-Laurent,3,4,0.0
2014-2015,CRDITED du Bas-St-Laurent,3,5,1.0
2014-2015,CRDITED du Bas-St-Laurent,3,6,3.0
2014-2015,CRDITED du Bas-St-Laurent,3,7,1.0
2014-2015,CRDITED du Bas-St-Laurent,3,8,0.0
2014-2015,CRDITED du Bas-St-Laurent,3,9,12.0
2014-2015,CRDITED du Bas-St-Laurent,4,1,0.0
2014-2015,CRDITED du Bas-St-Laurent,4,2,0.0
2014-2015,CRDITED du Bas-St-Laurent,4,3,0.0
2014-2015,CRDITED du Bas-St-Laurent,4,4,6.0
2014-2015,CRDITED du Bas-St-Laurent,4,5,18.0
2014-2015,CRDITED du Bas-St-Laurent,4,6,18.0
2014-2015,CRDITED du Bas-St-Laurent,4,7,1.0
2014-2015,CRDITED du Bas-St-Laurent,4,8,0.0
2014-2015,CRDITED du Bas-St-Laurent,4,9,43.0
2014-2015,CRDITED du Bas-St-Laurent,5,1,0.0
2014-2015,CRDITED du Bas-St-Laurent,5,2,2.0
2014-2015,CRDITED du Bas-St-Laurent,5,3,1.0
2014-2015,CRDITED du Bas-St-Laurent,5,4,0.0
2014-2015,CRDITED du Bas-St-Laurent,5,5,18.0
2014-2015,CRDITED du Bas-St-Laurent,5,6,13.0
2014-2015,CRDITED du Bas-St-Laurent,5,7,0.0
2014-2015,CRDITED du Bas-St-Laurent,5,8,0.0
2014-2015,CRDITED du Bas-St-Laurent,5,9,34.0
2014-2015,CRDITED du Bas-St-Laurent,7,1,0.0
2014-2015,CRDITED du Bas-St-Laurent,7,2,0.0
2014-2015,CRDITED du Bas-St-Laurent,7,3,0.0
2014-2015,CRDITED du Bas-St-Laurent,7,4,0.0
2014-2015,CRDITED du Bas-St-Laurent,7,5,4.0
2014-2015,CRDITED du Bas-St-Laurent,7,6,2.0
2014-2015,CRDITED du Bas-St-Laurent,7,7,0.0
2014-2015,CRDITED du Bas-St-Laurent,7,8,0.0
2014-2015,CRDITED du Bas-St-Laurent,7,9,6.0
2014-2015,CRDITED du Bas-St-Laurent,8,1,0.0
2014-2015,CRDITED du Bas-St-Laurent,8,2,3.0
2014-2015,CRDITED du Bas-St-Laurent,8,3,4.0
2014-2015,CRDITED du Bas-St-Laurent,8,4,5.0
2014-2015,CRDITED du Bas-St-Laurent,8,5,29.0
2014-2015,CRDITED du Bas-St-Laurent,8,6,51.0
2014-2015,CRDITED du Bas-St-Laurent,8,7,4.0
2014-2015,CRDITED du Bas-St-Laurent,8,8,0.0
2014-2015,CRDITED du Bas-St-Laurent,8,9,96.0
2014-2015,CRDITED du Bas-St-Laurent,9,1,1.0
2014-2015,CRDITED du Bas-St-Laurent,9,2,3.0
2014-2015,CRDITED du Bas-St-Laurent,9,3,11.0
2014-2015,CRDITED du Bas-St-Laurent,9,4,9.0
2014-2015,CRDITED du Bas-St-Laurent,9,5,90.0
2014-2015,CRDITED du Bas-St-Laurent,9,6,141.0
2014-2015,CRDITED du Bas-St-Laurent,9,7,9.0
2014-2015,CRDITED du Bas-St-Laurent,9,8,0.0
2014-2015,CRDITED du Bas-St-Laurent,9,9,264.0
2014-2015,CRDITED du Bas-St-Laurent,12,1,0.0
2014-2015,CRDITED du Bas-St-Laurent,12,2,1.0
2014-2015,CRDITED du Bas-St-Laurent,12,3,4.0
2014-2015,CRDITED du Bas-St-Laurent,12,4,2.0
2014-2015,CRDITED du Bas-St-Laurent,12,5,12.0
2014-2015,CRDITED du Bas-St-Laurent,12,6,6.0
2014-2015,CRDITED du Bas-St-Laurent,12,7,0.0
2014-2015,CRDITED du Bas-St-Laurent,12,8,0.0
2014-2015,CRDITED du Bas-St-Laurent,12,9,25.0
2014-2015,CRDITED du Bas-St-Laurent,13,1,70.0
2014-2015,CRDITED du Bas-St-Laurent,13,2,162.0
2014-2015,CRDITED du Bas-St-Laurent,13,3,115.0
2014-2015,CRDITED du Bas-St-Laurent,13,4,58.0
2014-2015,CRDITED du Bas-St-Laurent,13,5,276.0
2014-2015,CRDITED du Bas-St-Laurent,13,6,263.0
2014-2015,CRDITED du Bas-St-Laurent,13,7,16.0
2014-2015,CRDITED du Bas-St-Laurent,13,8,0.0
2014-2015,CRDITED du Bas-St-Laurent,13,9,960.0
2014-2015,CRDITED du Bas-St-Laurent,16,1,5.0
2014-2015,CRDITED du Bas-St-Laurent,17,1,55.0
2014-2015,CRDITED du SaguenayLac-St-Jean,1,1,94.0
2014-2015,CRDITED du SaguenayLac-St-Jean,1,2,138.0
2014-2015,CRDITED du SaguenayLac-St-Jean,1,3,104.0
2014-2015,CRDITED du SaguenayLac-St-Jean,1,4,65.0
2014-2015,CRDITED du SaguenayLac-St-Jean,1,5,183.0
2014-2015,CRDITED du SaguenayLac-St-Jean,1,6,45.0
2014-2015,CRDITED du SaguenayLac-St-Jean,1,7,1.0
2014-2015,CRDITED du SaguenayLac-St-Jean,1,8,0.0
2014-2015,CRDITED du SaguenayLac-St-Jean,1,9,630.0
2014-2015,CRDITED du SaguenayLac-St-Jean,2,1,0.0
2014-2015,CRDITED du SaguenayLac-St-Jean,2,2,0.0
2014-2015,CRDITED du SaguenayLac-St-Jean,2,3,0.0
2014-2015,CRDITED du SaguenayLac-St-Jean,2,4,6.0
2014-2015,CRDITED du SaguenayLac-St-Jean,2,5,55.0
2014-2015,CRDITED du SaguenayLac-St-Jean,2,6,35.0
2014-2015,CRDITED du SaguenayLac-St-Jean,2,7,2.0
2014-2015,CRDITED du SaguenayLac-St-Jean,2,8,0.0
2014-2015,CRDITED du SaguenayLac-St-Jean,2,9,98.0
2014-2015,CRDITED du SaguenayLac-St-Jean,3,1,2.0
2014-2015,CRDITED du SaguenayLac-St-Jean,3,2,8.0
2014-2015,CRDITED du SaguenayLac-St-Jean,3,3,8.0
2014-2015,CRDITED du SaguenayLac-St-Jean,3,4,3.0
2014-2015,CRDITED du SaguenayLac-St-Jean,3,5,5.0
2014-2015,CRDITED du SaguenayLac-St-Jean,3,6,3.0
2014-2015,CRDITED du SaguenayLac-St-Jean,3,7,1.0
2014-2015,CRDITED du SaguenayLac-St-Jean,3,8,0.0
2014-2015,CRDITED du SaguenayLac-St-Jean,3,9,30.0
2014-2015,CRDITED du SaguenayLac-St-Jean,4,1,0.0
2014-2015,CRDITED du SaguenayLac-St-Jean,4,2,0.0
2014-2015,CRDITED du SaguenayLac-St-Jean,4,3,0.0
2014-2015,CRDITED du SaguenayLac-St-Jean,4,4,0.0
2014-2015,CRDITED du SaguenayLac-St-Jean,4,5,0.0
2014-2015,CRDITED du SaguenayLac-St-Jean,4,6,0.0
2014-2015,CRDITED du SaguenayLac-St-Jean,4,7,0.0
2014-2015,CRDITED du SaguenayLac-St-Jean,4,8,0.0
2014-2015,CRDITED du SaguenayLac-St-Jean,4,9,0.0
2014-2015,CRDITED du SaguenayLac-St-Jean,5,1,0.0
2014-2015,CRDITED du SaguenayLac-St-Jean,5,2,0.0
2014-2015,CRDITED du SaguenayLac-St-Jean,5,3,2.0
2014-2015,CRDITED du SaguenayLac-St-Jean,5,4,5.0
2014-2015,CRDITED du SaguenayLac-St-Jean,5,5,26.0
2014-2015,CRDITED du SaguenayLac-St-Jean,5,6,35.0
2014-2015,CRDITED du SaguenayLac-St-Jean,5,7,1.0
2014-2015,CRDITED du SaguenayLac-St-Jean,5,8,0.0
2014-2015,CRDITED du SaguenayLac-St-Jean,5,9,69.0
2014-2015,CRDITED du SaguenayLac-St-Jean,6,1,0.0
2014-2015,CRDITED du SaguenayLac-St-Jean,6,2,0.0
2014-2015,CRDITED du SaguenayLac-St-Jean,6,3,0.0
2014-2015,CRDITED du SaguenayLac-St-Jean,6,4,0.0
2014-2015,CRDITED du SaguenayLac-St-Jean,6,5,0.0
2014-2015,CRDITED du SaguenayLac-St-Jean,6,6,0.0
2014-2015,CRDITED du SaguenayLac-St-Jean,6,7,0.0
2014-2015,CRDITED du SaguenayLac-St-Jean,6,8,0.0
2014-2015,CRDITED du SaguenayLac-St-Jean,6,9,0.0
2014-2015,CRDITED du SaguenayLac-St-Jean,7,1,0.0
2014-2015,CRDITED du SaguenayLac-St-Jean,7,2,0.0
2014-2015,CRDITED du SaguenayLac-St-Jean,7,3,0.0
2014-2015,CRDITED du SaguenayLac-St-Jean,7,4,0.0
2014-2015,CRDITED du SaguenayLac-St-Jean,7,5,0.0
2014-2015,CRDITED du SaguenayLac-St-Jean,7,6,3.0
2014-2015,CRDITED du SaguenayLac-St-Jean,7,7,0.0
2014-2015,CRDITED du SaguenayLac-St-Jean,7,8,0.0
2014-2015,CRDITED du SaguenayLac-St-Jean,7,9,3.0
2014-2015,CRDITED du SaguenayLac-St-Jean,8,1,0.0
2014-2015,CRDITED du SaguenayLac-St-Jean,8,2,3.0
2014-2015,CRDITED du SaguenayLac-St-Jean,8,3,9.0
2014-2015,CRDITED du SaguenayLac-St-Jean,8,4,11.0
2014-2015,CRDITED du SaguenayLac-St-Jean,8,5,45.0
2014-2015,CRDITED du SaguenayLac-St-Jean,8,6,67.0
2014-2015,CRDITED du SaguenayLac-St-Jean,8,7,14.0
2014-2015,CRDITED du SaguenayLac-St-Jean,8,8,9.0
2014-2015,CRDITED du SaguenayLac-St-Jean,8,9,158.0
2014-2015,CRDITED du SaguenayLac-St-Jean,9,1,1.0
2014-2015,CRDITED du SaguenayLac-St-Jean,9,2,5.0
2014-2015,CRDITED du SaguenayLac-St-Jean,9,3,8.0
2014-2015,CRDITED du SaguenayLac-St-Jean,9,4,18.0
2014-2015,CRDITED du SaguenayLac-St-Jean,9,5,86.0
2014-2015,CRDITED du SaguenayLac-St-Jean,9,6,196.0
2014-2015,CRDITED du SaguenayLac-St-Jean,9,7,32.0
2014-2015,CRDITED du SaguenayLac-St-Jean,9,8,17.0
2014-2015,CRDITED du SaguenayLac-St-Jean,9,9,363.0
2014-2015,CRDITED du SaguenayLac-St-Jean,10,1,0.0
2014-2015,CRDITED du SaguenayLac-St-Jean,10,2,0.0
2014-2015,CRDITED du SaguenayLac-St-Jean,10,3,0.0
2014-2015,CRDITED du SaguenayLac-St-Jean,10,4,0.0
2014-2015,CRDITED du SaguenayLac-St-Jean,10,5,0.0
2014-2015,CRDITED du SaguenayLac-St-Jean,10,6,0.0
2014-2015,CRDITED du SaguenayLac-St-Jean,10,7,0.0
2014-2015,CRDITED du SaguenayLac-St-Jean,10,8,0.0
2014-2015,CRDITED du SaguenayLac-St-Jean,10,9,0.0
2014-2015,CRDITED du SaguenayLac-St-Jean,11,1,0.0
2014-2015,CRDITED du SaguenayLac-St-Jean,11,2,0.0
2014-2015,CRDITED du SaguenayLac-St-Jean,11,3,0.0
2014-2015,CRDITED du SaguenayLac-St-Jean,11,4,0.0
2014-2015,CRDITED du SaguenayLac-St-Jean,11,5,0.0
2014-2015,CRDITED du SaguenayLac-St-Jean,11,6,0.0
2014-2015,CRDITED du SaguenayLac-St-Jean,11,7,0.0
2014-2015,CRDITED du SaguenayLac-St-Jean,11,8,0.0
2014-2015,CRDITED du SaguenayLac-St-Jean,11,9,0.0
2014-2015,CRDITED du SaguenayLac-St-Jean,12,1,0.0
2014-2015,CRDITED du SaguenayLac-St-Jean,12,2,0.0
2014-2015,CRDITED du SaguenayLac-St-Jean,12,3,0.0
2014-2015,CRDITED du SaguenayLac-St-Jean,12,4,1.0
2014-2015,CRDITED du SaguenayLac-St-Jean,12,5,0.0
2014-2015,CRDITED du SaguenayLac-St-Jean,12,6,0.0
2014-2015,CRDITED du SaguenayLac-St-Jean,12,7,0.0
2014-2015,CRDITED du SaguenayLac-St-Jean,12,8,0.0
2014-2015,CRDITED du SaguenayLac-St-Jean,12,9,1.0
2014-2015,CRDITED du SaguenayLac-St-Jean,13,1,97.0
2014-2015,CRDITED du SaguenayLac-St-Jean,13,2,154.0
2014-2015,CRDITED du SaguenayLac-St-Jean,13,3,131.0
2014-2015,CRDITED du SaguenayLac-St-Jean,13,4,109.0
2014-2015,CRDITED du SaguenayLac-St-Jean,13,5,400.0
2014-2015,CRDITED du SaguenayLac-St-Jean,13,6,384.0
2014-2015,CRDITED du SaguenayLac-St-Jean,13,7,51.0
2014-2015,CRDITED du SaguenayLac-St-Jean,13,8,26.0
2014-2015,CRDITED du SaguenayLac-St-Jean,13,9,1352.0
2014-2015,CRDITED du SaguenayLac-St-Jean,14,1,0.0
2014-2015,CRDITED du SaguenayLac-St-Jean,15,1,0.0
2014-2015,CRDITED du SaguenayLac-St-Jean,16,1,19.0
2014-2015,CRDITED du SaguenayLac-St-Jean,17,1,483.0
2014-2015,CSSS de Charlevoix,1,1,5.0
2014-2015,CSSS de Charlevoix,1,2,20.0
2014-2015,CSSS de Charlevoix,1,3,26.0
2014-2015,CSSS de Charlevoix,1,4,8.0
2014-2015,CSSS de Charlevoix,1,5,27.0
2014-2015,CSSS de Charlevoix,1,6,8.0
2014-2015,CSSS de Charlevoix,1,7,2.0
2014-2015,CSSS de Charlevoix,1,9,96.0
2014-2015,CSSS de Charlevoix,2,1,0.0
2014-2015,CSSS de Charlevoix,2,2,0.0
2014-2015,CSSS de Charlevoix,2,3,0.0
2014-2015,CSSS de Charlevoix,2,4,0.0
2014-2015,CSSS de Charlevoix,2,5,3.0
2014-2015,CSSS de Charlevoix,2,6,14.0
2014-2015,CSSS de Charlevoix,2,7,11.0
2014-2015,CSSS de Charlevoix,2,8,3.0
2014-2015,CSSS de Charlevoix,2,9,31.0
2014-2015,CSSS de Charlevoix,3,1,0.0
2014-2015,CSSS de Charlevoix,3,2,0.0
2014-2015,CSSS de Charlevoix,3,3,0.0
2014-2015,CSSS de Charlevoix,3,4,0.0
2014-2015,CSSS de Charlevoix,3,5,0.0
2014-2015,CSSS de Charlevoix,3,6,0.0
2014-2015,CSSS de Charlevoix,3,7,0.0
2014-2015,CSSS de Charlevoix,3,8,0.0
2014-2015,CSSS de Charlevoix,3,9,0.0
2014-2015,CSSS de Charlevoix,4,1,0.0
2014-2015,CSSS de Charlevoix,4,2,0.0
2014-2015,CSSS de Charlevoix,4,3,1.0
2014-2015,CSSS de Charlevoix,4,4,0.0
2014-2015,CSSS de Charlevoix,4,5,0.0
2014-2015,CSSS de Charlevoix,4,6,0.0
2014-2015,CSSS de Charlevoix,4,7,0.0
2014-2015,CSSS de Charlevoix,4,8,0.0
2014-2015,CSSS de Charlevoix,4,9,1.0
2014-2015,CSSS de Charlevoix,5,1,0.0
2014-2015,CSSS de Charlevoix,5,2,0.0
2014-2015,CSSS de Charlevoix,5,3,4.0
2014-2015,CSSS de Charlevoix,5,4,1.0
2014-2015,CSSS de Charlevoix,5,5,10.0
2014-2015,CSSS de Charlevoix,5,6,25.0
2014-2015,CSSS de Charlevoix,5,7,13.0
2014-2015,CSSS de Charlevoix,5,8,2.0
2014-2015,CSSS de Charlevoix,5,9,55.0
2014-2015,CSSS de Charlevoix,6,1,0.0
2014-2015,CSSS de Charlevoix,6,2,0.0
2014-2015,CSSS de Charlevoix,6,3,0.0
2014-2015,CSSS de Charlevoix,6,4,0.0
2014-2015,CSSS de Charlevoix,6,5,0.0
2014-2015,CSSS de Charlevoix,6,6,0.0
2014-2015,CSSS de Charlevoix,6,7,0.0
2014-2015,CSSS de Charlevoix,6,8,0.0
2014-2015,CSSS de Charlevoix,6,9,0.0
2014-2015,CSSS de Charlevoix,7,1,0.0
2014-2015,CSSS de Charlevoix,7,2,0.0
2014-2015,CSSS de Charlevoix,7,3,0.0
2014-2015,CSSS de Charlevoix,7,4,0.0
2014-2015,CSSS de Charlevoix,7,5,0.0
2014-2015,CSSS de Charlevoix,7,6,1.0
2014-2015,CSSS de Charlevoix,7,7,2.0
2014-2015,CSSS de Charlevoix,7,8,1.0
2014-2015,CSSS de Charlevoix,7,9,4.0
2014-2015,CSSS de Charlevoix,8,1,0.0
2014-2015,CSSS de Charlevoix,8,2,0.0
2014-2015,CSSS de Charlevoix,8,3,1.0
2014-2015,CSSS de Charlevoix,8,4,2.0
2014-2015,CSSS de Charlevoix,8,5,6.0
2014-2015,CSSS de Charlevoix,8,6,80.0
2014-2015,CSSS de Charlevoix,8,7,45.0
2014-2015,CSSS de Charlevoix,8,8,17.0
2014-2015,CSSS de Charlevoix,8,9,151.0
2014-2015,CSSS de Charlevoix,9,1,0.0
2014-2015,CSSS de Charlevoix,9,2,2.0
2014-2015,CSSS de Charlevoix,9,3,1.0
2014-2015,CSSS de Charlevoix,9,4,0.0
2014-2015,CSSS de Charlevoix,9,5,7.0
2014-2015,CSSS de Charlevoix,9,6,43.0
2014-2015,CSSS de Charlevoix,9,7,45.0
2014-2015,CSSS de Charlevoix,9,8,12.0
2014-2015,CSSS de Charlevoix,9,9,110.0
2014-2015,CSSS de Charlevoix,10,1,0.0
2014-2015,CSSS de Charlevoix,10,2,0.0
2014-2015,CSSS de Charlevoix,10,3,0.0
2014-2015,CSSS de Charlevoix,10,4,0.0
2014-2015,CSSS de Charlevoix,10,5,0.0
2014-2015,CSSS de Charlevoix,10,6,0.0
2014-2015,CSSS de Charlevoix,10,7,0.0
2014-2015,CSSS de Charlevoix,10,8,0.0
2014-2015,CSSS de Charlevoix,10,9,0.0
2014-2015,CSSS de Charlevoix,11,1,0.0
2014-2015,CSSS de Charlevoix,11,2,0.0
2014-2015,CSSS de Charlevoix,11,3,0.0
2014-2015,CSSS de Charlevoix,11,4,0.0
2014-2015,CSSS de Charlevoix,11,5,0.0
2014-2015,CSSS de Charlevoix,11,6,0.0
2014-2015,CSSS de Charlevoix,11,7,0.0
2014-2015,CSSS de Charlevoix,11,8,0.0
2014-2015,CSSS de Charlevoix,11,9,0.0
2014-2015,CSSS de Charlevoix,12,1,0.0
2014-2015,CSSS de Charlevoix,12,2,0.0
2014-2015,CSSS de Charlevoix,12,3,0.0
2014-2015,CSSS de Charlevoix,12,4,0.0
2014-2015,CSSS de Charlevoix,12,5,0.0
2014-2015,CSSS de Charlevoix,12,6,0.0
2014-2015,CSSS de Charlevoix,12,7,2.0
2014-2015,CSSS de Charlevoix,12,8,0.0
2014-2015,CSSS de Charlevoix,12,9,2.0
2014-2015,CSSS de Charlevoix,13,1,5.0
2014-2015,CSSS de Charlevoix,13,2,22.0
2014-2015,CSSS de Charlevoix,13,3,33.0
2014-2015,CSSS de Charlevoix,13,4,11.0
2014-2015,CSSS de Charlevoix,13,5,53.0
2014-2015,CSSS de Charlevoix,13,6,171.0
2014-2015,CSSS de Charlevoix,13,7,120.0
2014-2015,CSSS de Charlevoix,13,8,35.0
2014-2015,CSSS de Charlevoix,13,9,450.0
2014-2015,CSSS de Charlevoix,14,1,0.0
2014-2015,CSSS de Charlevoix,15,1,0.0
2014-2015,CSSS de Charlevoix,16,1,0.0
2014-2015,CSSS de Charlevoix,17,1,0.0
2014-2015,CSSS des Îles,1,1,3.0
2014-2015,CSSS des Îles,1,2,6.0
2014-2015,CSSS des Îles,1,3,10.0
2014-2015,CSSS des Îles,1,4,5.0
2014-2015,CSSS des Îles,1,5,8.0
2014-2015,CSSS des Îles,1,6,1.0
2014-2015,CSSS des Îles,1,7,0.0
2014-2015,CSSS des Îles,1,8,0.0
2014-2015,CSSS des Îles,1,9,33.0
2014-2015,CSSS des Îles,8,1,0.0
2014-2015,CSSS des Îles,8,2,0.0
2014-2015,CSSS des Îles,8,3,0.0
2014-2015,CSSS des Îles,8,4,0.0
2014-2015,CSSS des Îles,8,5,3.0
2014-2015,CSSS des Îles,8,6,8.0
2014-2015,CSSS des Îles,8,7,1.0
2014-2015,CSSS des Îles,8,8,0.0
2014-2015,CSSS des Îles,8,9,12.0
2014-2015,CSSS des Îles,9,1,0.0
2014-2015,CSSS des Îles,9,2,0.0
2014-2015,CSSS des Îles,9,3,0.0
2014-2015,CSSS des Îles,9,4,0.0
2014-2015,CSSS des Îles,9,5,0.0
2014-2015,CSSS des Îles,9,6,1.0
2014-2015,CSSS des Îles,9,7,0.0
2014-2015,CSSS des Îles,9,8,0.0
2014-2015,CSSS des Îles,9,9,1.0
2014-2015,CSSS des Îles,12,1,0.0
2014-2015,CSSS des Îles,12,2,0.0
2014-2015,CSSS des Îles,12,3,0.0
2014-2015,CSSS des Îles,12,4,0.0
2014-2015,CSSS des Îles,12,5,0.0
2014-2015,CSSS des Îles,12,6,1.0
2014-2015,CSSS des Îles,12,7,0.0
2014-2015,CSSS des Îles,12,8,0.0
2014-2015,CSSS des Îles,12,9,1.0
2014-2015,CSSS des Îles,13,1,3.0
2014-2015,CSSS des Îles,13,2,6.0
2014-2015,CSSS des Îles,13,3,10.0
2014-2015,CSSS des Îles,13,4,5.0
2014-2015,CSSS des Îles,13,5,11.0
2014-2015,CSSS des Îles,13,6,11.0
2014-2015,CSSS des Îles,13,7,1.0
2014-2015,CSSS des Îles,13,8,0.0
2014-2015,CSSS des Îles,13,9,47.0
2014-2015,CSSS des Îles,16,1,2.0
2014-2015,CSSS des Îles,17,1,12.0
2014-2015,Centre Miriam,1,1,77.0
2014-2015,Centre Miriam,1,2,170.0
2014-2015,Centre Miriam,1,3,99.0
2014-2015,Centre Miriam,1,4,40.0
2014-2015,Centre Miriam,1,5,83.0
2014-2015,Centre Miriam,1,6,14.0
2014-2015,Centre Miriam,1,7,1.0
2014-2015,Centre Miriam,1,8,0.0
2014-2015,Centre Miriam,1,9,484.0
2014-2015,Centre Miriam,2,1,1.0
2014-2015,Centre Miriam,2,2,2.0
2014-2015,Centre Miriam,2,3,0.0
2014-2015,Centre Miriam,2,4,0.0
2014-2015,Centre Miriam,2,5,8.0
2014-2015,Centre Miriam,2,6,19.0
2014-2015,Centre Miriam,2,7,2.0
2014-2015,Centre Miriam,2,8,0.0
2014-2015,Centre Miriam,2,9,32.0
2014-2015,Centre Miriam,4,1,0.0
2014-2015,Centre Miriam,4,2,0.0
2014-2015,Centre Miriam,4,3,0.0
2014-2015,Centre Miriam,4,4,0.0
2014-2015,Centre Miriam,4,5,1.0
2014-2015,Centre Miriam,4,6,9.0
2014-2015,Centre Miriam,4,7,3.0
2014-2015,Centre Miriam,4,8,0.0
2014-2015,Centre Miriam,4,9,13.0
2014-2015,Centre Miriam,5,1,0.0
2014-2015,Centre Miriam,5,2,0.0
2014-2015,Centre Miriam,5,3,0.0
2014-2015,Centre Miriam,5,4,0.0
2014-2015,Centre Miriam,5,5,21.0
2014-2015,Centre Miriam,5,6,19.0
2014-2015,Centre Miriam,5,7,1.0
2014-2015,Centre Miriam,5,8,0.0
2014-2015,Centre Miriam,5,9,41.0
2014-2015,Centre Miriam,7,1,0.0
2014-2015,Centre Miriam,7,2,0.0
2014-2015,Centre Miriam,7,3,0.0
2014-2015,Centre Miriam,7,4,0.0
2014-2015,Centre Miriam,7,5,1.0
2014-2015,Centre Miriam,7,6,0.0
2014-2015,Centre Miriam,7,7,1.0
2014-2015,Centre Miriam,7,8,1.0
2014-2015,Centre Miriam,7,9,3.0
2014-2015,Centre Miriam,8,1,0.0
2014-2015,Centre Miriam,8,2,3.0
2014-2015,Centre Miriam,8,3,9.0
2014-2015,Centre Miriam,8,4,7.0
2014-2015,Centre Miriam,8,5,59.0
2014-2015,Centre Miriam,8,6,101.0
2014-2015,Centre Miriam,8,7,18.0
2014-2015,Centre Miriam,8,8,3.0
2014-2015,Centre Miriam,8,9,200.0
2014-2015,Centre Miriam,9,1,0.0
2014-2015,Centre Miriam,9,2,0.0
2014-2015,Centre Miriam,9,3,1.0
2014-2015,Centre Miriam,9,4,1.0
2014-2015,Centre Miriam,9,5,15.0
2014-2015,Centre Miriam,9,6,15.0
2014-2015,Centre Miriam,9,7,2.0
2014-2015,Centre Miriam,9,8,0.0
2014-2015,Centre Miriam,9,9,34.0
2014-2015,Centre Miriam,11,1,0.0
2014-2015,Centre Miriam,11,2,0.0
2014-2015,Centre Miriam,11,3,0.0
2014-2015,Centre Miriam,11,4,0.0
2014-2015,Centre Miriam,11,5,0.0
2014-2015,Centre Miriam,11,6,1.0
2014-2015,Centre Miriam,11,7,0.0
2014-2015,Centre Miriam,11,8,0.0
2014-2015,Centre Miriam,11,9,1.0
2014-2015,Centre Miriam,12,1,0.0
2014-2015,Centre Miriam,12,2,0.0
2014-2015,Centre Miriam,12,3,0.0
2014-2015,Centre Miriam,12,4,0.0
2014-2015,Centre Miriam,12,5,3.0
2014-2015,Centre Miriam,12,6,1.0
2014-2015,Centre Miriam,12,7,1.0
2014-2015,Centre Miriam,12,8,0.0
2014-2015,Centre Miriam,12,9,5.0
2014-2015,Centre Miriam,13,1,78.0
2014-2015,Centre Miriam,13,2,175.0
2014-2015,Centre Miriam,13,3,109.0
2014-2015,Centre Miriam,13,4,48.0
2014-2015,Centre Miriam,13,5,191.0
2014-2015,Centre Miriam,13,6,179.0
2014-2015,Centre Miriam,13,7,29.0
2014-2015,Centre Miriam,13,8,4.0
2014-2015,Centre Miriam,13,9,813.0
2014-2015,Centre Miriam,14,1,2.0
2014-2015,Centre Miriam,15,1,2.0
2014-2015,Centre Miriam,16,1,5.0
2014-2015,Centre Miriam,17,1,82.0
2014-2015,Centre du Florès,1,1,99.0
2014-2015,Centre du Florès,1,2,246.0
2014-2015,Centre du Florès,1,3,126.0
2014-2015,Centre du Florès,1,4,108.0
2014-2015,Centre du Florès,1,5,262.0
2014-2015,Centre du Florès,1,6,45.0
2014-2015,Centre du Florès,1,7,4.0
2014-2015,Centre du Florès,1,9,890.0
2014-2015,Centre du Florès,2,2,1.0
2014-2015,Centre du Florès,2,3,2.0
2014-2015,Centre du Florès,2,4,1.0
2014-2015,Centre du Florès,2,5,55.0
2014-2015,Centre du Florès,2,6,48.0
2014-2015,Centre du Florès,2,7,4.0
2014-2015,Centre du Florès,2,8,1.0
2014-2015,Centre du Florès,2,9,112.0
2014-2015,Centre du Florès,3,3,1.0
2014-2015,Centre du Florès,3,4,1.0
2014-2015,Centre du Florès,3,9,2.0
2014-2015,Centre du Florès,4,2,2.0
2014-2015,Centre du Florès,4,3,8.0
2014-2015,Centre du Florès,4,4,5.0
2014-2015,Centre du Florès,4,5,17.0
2014-2015,Centre du Florès,4,6,5.0
2014-2015,Centre du Florès,4,9,37.0
2014-2015,Centre du Florès,5,3,1.0
2014-2015,Centre du Florès,5,4,1.0
2014-2015,Centre du Florès,5,5,3.0
2014-2015,Centre du Florès,5,6,1.0
2014-2015,Centre du Florès,5,9,6.0
2014-2015,Centre du Florès,6,4,1.0
2014-2015,Centre du Florès,6,5,14.0
2014-2015,Centre du Florès,6,6,1.0
2014-2015,Centre du Florès,6,9,16.0
2014-2015,Centre du Florès,7,3,3.0
2014-2015,Centre du Florès,7,5,1.0
2014-2015,Centre du Florès,7,7,1.0
2014-2015,Centre du Florès,7,9,5.0
2014-2015,Centre du Florès,8,1,2.0
2014-2015,Centre du Florès,8,2,8.0
2014-2015,Centre du Florès,8,3,30.0
2014-2015,Centre du Florès,8,4,21.0
2014-2015,Centre du Florès,8,5,114.0
2014-2015,Centre du Florès,8,6,182.0
2014-2015,Centre du Florès,8,7,29.0
2014-2015,Centre du Florès,8,8,3.0
2014-2015,Centre du Florès,8,9,389.0
2014-2015,Centre du Florès,9,2,10.0
2014-2015,Centre du Florès,9,3,17.0
2014-2015,Centre du Florès,9,4,9.0
2014-2015,Centre du Florès,9,5,56.0
2014-2015,Centre du Florès,9,6,92.0
2014-2015,Centre du Florès,9,7,17.0
2014-2015,Centre du Florès,9,8,2.0
2014-2015,Centre du Florès,9,9,203.0
2014-2015,Centre du Florès,12,3,4.0
2014-2015,Centre du Florès,12,4,2.0
2014-2015,Centre du Florès,12,5,9.0
2014-2015,Centre du Florès,12,6,11.0
2014-2015,Centre du Florès,12,7,1.0
2014-2015,Centre du Florès,12,9,27.0
2014-2015,Centre du Florès,13,1,101.0
2014-2015,Centre du Florès,13,2,267.0
2014-2015,Centre du Florès,13,3,192.0
2014-2015,Centre du Florès,13,4,149.0
2014-2015,Centre du Florès,13,5,531.0
2014-2015,Centre du Florès,13,6,385.0
2014-2015,Centre du Florès,13,7,56.0
2014-2015,Centre du Florès,13,8,6.0
2014-2015,Centre du Florès,13,9,1687.0
2014-2015,Clair Foyer Inc.,1,1,18.0
2014-2015,Clair Foyer Inc.,1,2,47.0
2014-2015,Clair Foyer Inc.,1,3,42.0
2014-2015,Clair Foyer Inc.,1,4,22.0
2014-2015,Clair Foyer Inc.,1,5,51.0
2014-2015,Clair Foyer Inc.,1,6,10.0
2014-2015,Clair Foyer Inc.,1,7,1.0
2014-2015,Clair Foyer Inc.,1,9,191.0
2014-2015,Clair Foyer Inc.,2,1,1.0
2014-2015,Clair Foyer Inc.,2,4,4.0
2014-2015,Clair Foyer Inc.,2,5,21.0
2014-2015,Clair Foyer Inc.,2,6,14.0
2014-2015,Clair Foyer Inc.,2,9,40.0
2014-2015,Clair Foyer Inc.,4,4,1.0
2014-2015,Clair Foyer Inc.,4,5,6.0
2014-2015,Clair Foyer Inc.,4,6,5.0
2014-2015,Clair Foyer Inc.,4,7,2.0
2014-2015,Clair Foyer Inc.,4,9,14.0
2014-2015,Clair Foyer Inc.,5,5,7.0
2014-2015,Clair Foyer Inc.,5,6,5.0
2014-2015,Clair Foyer Inc.,5,9,12.0
2014-2015,Clair Foyer Inc.,7,2,1.0
2014-2015,Clair Foyer Inc.,7,7,2.0
2014-2015,Clair Foyer Inc.,7,9,3.0
2014-2015,Clair Foyer Inc.,8,3,3.0
2014-2015,Clair Foyer Inc.,8,4,3.0
2014-2015,Clair Foyer Inc.,8,5,6.0
2014-2015,Clair Foyer Inc.,8,6,7.0
2014-2015,Clair Foyer Inc.,8,7,1.0
2014-2015,Clair Foyer Inc.,8,8,1.0
2014-2015,Clair Foyer Inc.,8,9,21.0
2014-2015,Clair Foyer Inc.,9,1,1.0
2014-2015,Clair Foyer Inc.,9,2,10.0
2014-2015,Clair Foyer Inc.,9,3,17.0
2014-2015,Clair Foyer Inc.,9,4,15.0
2014-2015,Clair Foyer Inc.,9,5,78.0
2014-2015,Clair Foyer Inc.,9,6,87.0
2014-2015,Clair Foyer Inc.,9,7,8.0
2014-2015,Clair Foyer Inc.,9,8,3.0
2014-2015,Clair Foyer Inc.,9,9,219.0
2014-2015,Clair Foyer Inc.,10,3,4.0
2014-2015,Clair Foyer Inc.,10,4,4.0
2014-2015,Clair Foyer Inc.,10,5,11.0
2014-2015,Clair Foyer Inc.,10,6,5.0
2014-2015,Clair Foyer Inc.,10,7,2.0
2014-2015,Clair Foyer Inc.,10,9,26.0
2014-2015,Clair Foyer Inc.,12,6,2.0
2014-2015,Clair Foyer Inc.,12,9,2.0
2014-2015,Clair Foyer Inc.,13,1,20.0
2014-2015,Clair Foyer Inc.,13,2,58.0
2014-2015,Clair Foyer Inc.,13,3,66.0
2014-2015,Clair Foyer Inc.,13,4,49.0
2014-2015,Clair Foyer Inc.,13,5,180.0
2014-2015,Clair Foyer Inc.,13,6,135.0
2014-2015,Clair Foyer Inc.,13,7,16.0
2014-2015,Clair Foyer Inc.,13,8,4.0
2014-2015,Clair Foyer Inc.,13,9,528.0
2014-2015,Clair Foyer Inc.,16,1,1.0
2014-2015,Clair Foyer Inc.,17,1,4.0
2014-2015,Pavillon du Parc,1,1,70.0
2014-2015,Pavillon du Parc,1,2,157.0
2014-2015,Pavillon du Parc,1,3,101.0
2014-2015,Pavillon du Parc,1,4,69.0
2014-2015,Pavillon du Parc,1,5,67.0
2014-2015,Pavillon du Parc,1,6,4.0
2014-2015,Pavillon du Parc,1,9,468.0
2014-2015,Pavillon du Parc,2,4,2.0
2014-2015,Pavillon du Parc,2,5,9.0
2014-2015,Pavillon du Parc,2,6,6.0
2014-2015,Pavillon du Parc,2,9,17.0
2014-2015,Pavillon du Parc,3,1,1.0
2014-2015,Pavillon du Parc,3,2,3.0
2014-2015,Pavillon du Parc,3,3,7.0
2014-2015,Pavillon du Parc,3,4,2.0
2014-2015,Pavillon du Parc,3,9,13.0
2014-2015,Pavillon du Parc,4,3,5.0
2014-2015,Pavillon du Parc,4,5,2.0
2014-2015,Pavillon du Parc,4,6,3.0
2014-2015,Pavillon du Parc,4,9,10.0
2014-2015,Pavillon du Parc,5,3,2.0
2014-2015,Pavillon du Parc,5,4,5.0
2014-2015,Pavillon du Parc,5,5,23.0
2014-2015,Pavillon du Parc,5,6,36.0
2014-2015,Pavillon du Parc,5,9,66.0
2014-2015,Pavillon du Parc,7,6,2.0
2014-2015,Pavillon du Parc,7,9,2.0
2014-2015,Pavillon du Parc,8,3,3.0
2014-2015,Pavillon du Parc,8,4,4.0
2014-2015,Pavillon du Parc,8,5,49.0
2014-2015,Pavillon du Parc,8,6,56.0
2014-2015,Pavillon du Parc,8,7,9.0
2014-2015,Pavillon du Parc,8,8,1.0
2014-2015,Pavillon du Parc,8,9,122.0
2014-2015,Pavillon du Parc,9,1,1.0
2014-2015,Pavillon du Parc,9,3,6.0
2014-2015,Pavillon du Parc,9,4,6.0
2014-2015,Pavillon du Parc,9,5,62.0
2014-2015,Pavillon du Parc,9,6,117.0
2014-2015,Pavillon du Parc,9,7,21.0
2014-2015,Pavillon du Parc,9,8,3.0
2014-2015,Pavillon du Parc,9,9,216.0
2014-2015,Pavillon du Parc,12,3,4.0
2014-2015,Pavillon du Parc,12,4,1.0
2014-2015,Pavillon du Parc,12,5,3.0
2014-2015,Pavillon du Parc,12,6,3.0
2014-2015,Pavillon du Parc,12,9,11.0
2014-2015,Pavillon du Parc,13,1,72.0
2014-2015,Pavillon du Parc,13,2,160.0
2014-2015,Pavillon du Parc,13,3,128.0
2014-2015,Pavillon du Parc,13,4,89.0
2014-2015,Pavillon du Parc,13,5,215.0
2014-2015,Pavillon du Parc,13,6,227.0
2014-2015,Pavillon du Parc,13,7,30.0
2014-2015,Pavillon du Parc,13,8,4.0
2014-2015,Pavillon du Parc,13,9,925.0
2014-2015,Pavillon du Parc,16,1,23.0
2014-2015,Pavillon du Parc,17,1,614.0
2014-2015,Réadaptation du Sud-Ouest et du Renfort,1,1,181.0
2014-2015,Réadaptation du Sud-Ouest et du Renfort,1,2,536.0
2014-2015,Réadaptation du Sud-Ouest et du Renfort,1,3,181.0
2014-2015,Réadaptation du Sud-Ouest et du Renfort,1,4,112.0
2014-2015,Réadaptation du Sud-Ouest et du Renfort,1,5,342.0
2014-2015,Réadaptation du Sud-Ouest et du Renfort,1,6,53.0
2014-2015,Réadaptation du Sud-Ouest et du Renfort,1,9,1405.0
2014-2015,Réadaptation du Sud-Ouest et du Renfort,2,3,1.0
2014-2015,Réadaptation du Sud-Ouest et du Renfort,2,4,8.0
2014-2015,Réadaptation du Sud-Ouest et du Renfort,2,5,58.0
2014-2015,Réadaptation du Sud-Ouest et du Renfort,2,6,55.0
2014-2015,Réadaptation du Sud-Ouest et du Renfort,2,7,1.0
2014-2015,Réadaptation du Sud-Ouest et du Renfort,2,9,123.0
2014-2015,Réadaptation du Sud-Ouest et du Renfort,3,1,1.0
2014-2015,Réadaptation du Sud-Ouest et du Renfort,3,2,5.0
2014-2015,Réadaptation du Sud-Ouest et du Renfort,3,3,15.0
2014-2015,Réadaptation du Sud-Ouest et du Renfort,3,4,4.0
2014-2015,Réadaptation du Sud-Ouest et du Renfort,3,5,5.0
2014-2015,Réadaptation du Sud-Ouest et du Renfort,3,6,5.0
2014-2015,Réadaptation du Sud-Ouest et du Renfort,3,9,35.0
2014-2015,Réadaptation du Sud-Ouest et du Renfort,4,5,1.0
2014-2015,Réadaptation du Sud-Ouest et du Renfort,4,6,7.0
2014-2015,Réadaptation du Sud-Ouest et du Renfort,4,7,1.0
2014-2015,Réadaptation du Sud-Ouest et du Renfort,4,9,9.0
2014-2015,Réadaptation du Sud-Ouest et du Renfort,5,2,2.0
2014-2015,Réadaptation du Sud-Ouest et du Renfort,5,3,6.0
2014-2015,Réadaptation du Sud-Ouest et du Renfort,5,4,3.0
2014-2015,Réadaptation du Sud-Ouest et du Renfort,5,5,27.0
2014-2015,Réadaptation du Sud-Ouest et du Renfort,5,6,14.0
2014-2015,Réadaptation du Sud-Ouest et du Renfort,5,9,52.0
2014-2015,Réadaptation du Sud-Ouest et du Renfort,7,5,3.0
2014-2015,Réadaptation du Sud-Ouest et du Renfort,7,6,1.0
2014-2015,Réadaptation du Sud-Ouest et du Renfort,7,9,4.0
2014-2015,Réadaptation du Sud-Ouest et du Renfort,8,2,7.0
2014-2015,Réadaptation du Sud-Ouest et du Renfort,8,3,18.0
2014-2015,Réadaptation du Sud-Ouest et du Renfort,8,4,12.0
2014-2015,Réadaptation du Sud-Ouest et du Renfort,8,5,73.0
2014-2015,Réadaptation du Sud-Ouest et du Renfort,8,6,73.0
2014-2015,Réadaptation du Sud-Ouest et du Renfort,8,7,2.0
2014-2015,Réadaptation du Sud-Ouest et du Renfort,8,9,185.0
2014-2015,Réadaptation du Sud-Ouest et du Renfort,9,1,1.0
2014-2015,Réadaptation du Sud-Ouest et du Renfort,9,2,3.0
2014-2015,Réadaptation du Sud-Ouest et du Renfort,9,3,9.0
2014-2015,Réadaptation du Sud-Ouest et du Renfort,9,4,12.0
2014-2015,Réadaptation du Sud-Ouest et du Renfort,9,5,108.0
2014-2015,Réadaptation du Sud-Ouest et du Renfort,9,6,151.0
2014-2015,Réadaptation du Sud-Ouest et du Renfort,9,7,18.0
2014-2015,Réadaptation du Sud-Ouest et du Renfort,9,9,302.0
2014-2015,Réadaptation du Sud-Ouest et du Renfort,12,3,2.0
2014-2015,Réadaptation du Sud-Ouest et du Renfort,12,5,3.0
2014-2015,Réadaptation du Sud-Ouest et du Renfort,12,9,5.0
2014-2015,Réadaptation du Sud-Ouest et du Renfort,13,1,183.0
2014-2015,Réadaptation du Sud-Ouest et du Renfort,13,2,553.0
2014-2015,Réadaptation du Sud-Ouest et du Renfort,13,3,232.0
2014-2015,Réadaptation du Sud-Ouest et du Renfort,13,4,151.0
2014-2015,Réadaptation du Sud-Ouest et du Renfort,13,5,620.0
2014-2015,Réadaptation du Sud-Ouest et du Renfort,13,6,359.0
2014-2015,Réadaptation du Sud-Ouest et du Renfort,13,7,22.0
2014-2015,Réadaptation du Sud-Ouest et du Renfort,13,9,2120.0
2015-2016,Atelier Le Fil d'Ariane Inc.,1,5,5.0
2015-2016,Atelier Le Fil d'Ariane Inc.,1,9,5.0
2015-2016,Atelier Le Fil d'Ariane Inc.,2,6,1.0
2015-2016,Atelier Le Fil d'Ariane Inc.,2,9,1.0
2015-2016,Atelier Le Fil d'Ariane Inc.,3,5,5.0
2015-2016,Atelier Le Fil d'Ariane Inc.,3,6,2.0
2015-2016,Atelier Le Fil d'Ariane Inc.,3,9,7.0
2015-2016,Atelier Le Fil d'Ariane Inc.,9,5,2.0
2015-2016,Atelier Le Fil d'Ariane Inc.,9,6,2.0
2015-2016,Atelier Le Fil d'Ariane Inc.,9,9,4.0
2015-2016,Atelier Le Fil d'Ariane Inc.,13,5,12.0
2015-2016,Atelier Le Fil d'Ariane Inc.,13,6,5.0
2015-2016,Atelier Le Fil d'Ariane Inc.,13,9,17.0
2015-2016,CISSS des Îles,1,1,8.0
2015-2016,CISSS des Îles,1,2,5.0
2015-2016,CISSS des Îles,1,3,11.0
2015-2016,CISSS des Îles,1,4,7.0
2015-2016,CISSS des Îles,1,5,12.0
2015-2016,CISSS des Îles,1,6,4.0
2015-2016,CISSS des Îles,1,7,0.0
2015-2016,CISSS des Îles,1,8,0.0
2015-2016,CISSS des Îles,1,9,47.0
2015-2016,CISSS des Îles,8,1,0.0
2015-2016,CISSS des Îles,8,2,0.0
2015-2016,CISSS des Îles,8,3,0.0
2015-2016,CISSS des Îles,8,4,0.0
2015-2016,CISSS des Îles,8,5,2.0
2015-2016,CISSS des Îles,8,6,6.0
2015-2016,CISSS des Îles,8,7,3.0
2015-2016,CISSS des Îles,8,8,0.0
2015-2016,CISSS des Îles,8,9,11.0
2015-2016,CISSS des Îles,9,1,0.0
2015-2016,CISSS des Îles,9,2,0.0
2015-2016,CISSS des Îles,9,3,0.0
2015-2016,CISSS des Îles,9,4,0.0
2015-2016,CISSS des Îles,9,5,2.0
2015-2016,CISSS des Îles,9,6,4.0
2015-2016,CISSS des Îles,9,7,0.0
2015-2016,CISSS des Îles,9,8,0.0
2015-2016,CISSS des Îles,9,9,6.0
2015-2016,CISSS des Îles,13,1,8.0
2015-2016,CISSS des Îles,13,2,5.0
2015-2016,CISSS des Îles,13,3,11.0
2015-2016,CISSS des Îles,13,4,7.0
2015-2016,CISSS des Îles,13,5,16.0
2015-2016,CISSS des Îles,13,6,14.0
2015-2016,CISSS des Îles,13,7,3.0
2015-2016,CISSS des Îles,13,8,0.0
2015-2016,CISSS des Îles,13,9,64.0
2015-2016,CISSS des Îles,16,1,2.0
2015-2016,CISSS des Îles,17,1,15.0
2015-2016,CPR de la Côte-Nord,1,1,36.0
2015-2016,CPR de la Côte-Nord,1,2,58.0
2015-2016,CPR de la Côte-Nord,1,3,26.0
2015-2016,CPR de la Côte-Nord,1,4,10.0
2015-2016,CPR de la Côte-Nord,1,5,24.0
2015-2016,CPR de la Côte-Nord,1,6,7.0
2015-2016,CPR de la Côte-Nord,1,7,2.0
2015-2016,CPR de la Côte-Nord,1,9,163.0
2015-2016,CPR de la Côte-Nord,2,1,6.0
2015-2016,CPR de la Côte-Nord,2,2,5.0
2015-2016,CPR de la Côte-Nord,2,3,2.0
2015-2016,CPR de la Côte-Nord,2,5,1.0
2015-2016,CPR de la Côte-Nord,2,6,2.0
2015-2016,CPR de la Côte-Nord,2,9,16.0
2015-2016,CPR de la Côte-Nord,5,2,1.0
2015-2016,CPR de la Côte-Nord,5,3,2.0
2015-2016,CPR de la Côte-Nord,5,4,1.0
2015-2016,CPR de la Côte-Nord,5,5,5.0
2015-2016,CPR de la Côte-Nord,5,6,3.0
2015-2016,CPR de la Côte-Nord,5,9,12.0
2015-2016,CPR de la Côte-Nord,8,4,1.0
2015-2016,CPR de la Côte-Nord,8,5,30.0
2015-2016,CPR de la Côte-Nord,8,6,45.0
2015-2016,CPR de la Côte-Nord,8,7,5.0
2015-2016,CPR de la Côte-Nord,8,8,1.0
2015-2016,CPR de la Côte-Nord,8,9,82.0
2015-2016,CPR de la Côte-Nord,9,1,1.0
2015-2016,CPR de la Côte-Nord,9,2,2.0
2015-2016,CPR de la Côte-Nord,9,3,2.0
2015-2016,CPR de la Côte-Nord,9,4,4.0
2015-2016,CPR de la Côte-Nord,9,5,16.0
2015-2016,CPR de la Côte-Nord,9,6,46.0
2015-2016,CPR de la Côte-Nord,9,7,4.0
2015-2016,CPR de la Côte-Nord,9,8,2.0
2015-2016,CPR de la Côte-Nord,9,9,77.0
2015-2016,CPR de la Côte-Nord,13,1,43.0
2015-2016,CPR de la Côte-Nord,13,2,66.0
2015-2016,CPR de la Côte-Nord,13,3,32.0
2015-2016,CPR de la Côte-Nord,13,4,16.0
2015-2016,CPR de la Côte-Nord,13,5,76.0
2015-2016,CPR de la Côte-Nord,13,6,103.0
2015-2016,CPR de la Côte-Nord,13,7,11.0
2015-2016,CPR de la Côte-Nord,13,8,3.0
2015-2016,CPR de la Côte-Nord,13,9,350.0
2015-2016,CR Estrie Inc.,1,1,5.0
2015-2016,CR Estrie Inc.,1,2,1.0
2015-2016,CR Estrie Inc.,1,3,3.0
2015-2016,CR Estrie Inc.,1,9,9.0
2015-2016,CR Estrie Inc.,2,4,1.0
2015-2016,CR Estrie Inc.,2,5,3.0
2015-2016,CR Estrie Inc.,2,6,2.0
2015-2016,CR Estrie Inc.,2,9,6.0
2015-2016,CR Estrie Inc.,9,6,1.0
2015-2016,CR Estrie Inc.,9,9,1.0
2015-2016,CR Estrie Inc.,13,1,5.0
2015-2016,CR Estrie Inc.,13,2,1.0
2015-2016,CR Estrie Inc.,13,3,3.0
2015-2016,CR Estrie Inc.,13,4,1.0
2015-2016,CR Estrie Inc.,13,5,3.0
2015-2016,CR Estrie Inc.,13,6,3.0
2015-2016,CR Estrie Inc.,13,9,16.0
2015-2016,CR La Maison,1,1,22.0
2015-2016,CR La Maison,1,2,58.0
2015-2016,CR La Maison,1,3,17.0
2015-2016,CR La Maison,1,4,4.0
2015-2016,CR La Maison,1,5,1.0
2015-2016,CR La Maison,1,6,0.0
2015-2016,CR La Maison,1,7,0.0
2015-2016,CR La Maison,1,8,0.0
2015-2016,CR La Maison,1,9,102.0
2015-2016,CR La Maison,2,1,0.0
2015-2016,CR La Maison,2,2,2.0
2015-2016,CR La Maison,2,3,0.0
2015-2016,CR La Maison,2,4,1.0
2015-2016,CR La Maison,2,5,2.0
2015-2016,CR La Maison,2,6,0.0
2015-2016,CR La Maison,2,7,0.0
2015-2016,CR La Maison,2,8,0.0
2015-2016,CR La Maison,2,9,5.0
2015-2016,CR La Maison,3,1,0.0
2015-2016,CR La Maison,3,2,1.0
2015-2016,CR La Maison,3,3,0.0
2015-2016,CR La Maison,3,4,0.0
2015-2016,CR La Maison,3,5,0.0
2015-2016,CR La Maison,3,6,0.0
2015-2016,CR La Maison,3,7,0.0
2015-2016,CR La Maison,3,8,0.0
2015-2016,CR La Maison,3,9,1.0
2015-2016,CR La Maison,8,1,0.0
2015-2016,CR La Maison,8,2,0.0
2015-2016,CR La Maison,8,3,0.0
2015-2016,CR La Maison,8,4,0.0
2015-2016,CR La Maison,8,5,2.0
2015-2016,CR La Maison,8,6,2.0
2015-2016,CR La Maison,8,7,0.0
2015-2016,CR La Maison,8,8,0.0
2015-2016,CR La Maison,8,9,4.0
2015-2016,CR La Maison,9,1,1.0
2015-2016,CR La Maison,9,2,1.0
2015-2016,CR La Maison,9,3,1.0
2015-2016,CR La Maison,9,4,1.0
2015-2016,CR La Maison,9,5,3.0
2015-2016,CR La Maison,9,6,4.0
2015-2016,CR La Maison,9,7,0.0
2015-2016,CR La Maison,9,8,0.0
2015-2016,CR La Maison,9,9,11.0
2015-2016,CR La Maison,10,1,0.0
2015-2016,CR La Maison,10,2,1.0
2015-2016,CR La Maison,10,3,1.0
2015-2016,CR La Maison,10,4,4.0
2015-2016,CR La Maison,10,5,4.0
2015-2016,CR La Maison,10,6,1.0
2015-2016,CR La Maison,10,7,0.0
2015-2016,CR La Maison,10,8,0.0
2015-2016,CR La Maison,10,9,11.0
2015-2016,CR La Maison,13,1,23.0
2015-2016,CR La Maison,13,2,63.0
2015-2016,CR La Maison,13,3,19.0
2015-2016,CR La Maison,13,4,10.0
2015-2016,CR La Maison,13,5,12.0
2015-2016,CR La Maison,13,6,7.0
2015-2016,CR La Maison,13,7,0.0
2015-2016,CR La Maison,13,8,0.0
2015-2016,CR La Maison,13,9,134.0
2015-2016,CR La Myriade,1,1,127.0
2015-2016,CR La Myriade,1,2,206.0
2015-2016,CR La Myriade,1,3,116.0
2015-2016,CR La Myriade,1,4,43.0
2015-2016,CR La Myriade,1,5,55.0
2015-2016,CR La Myriade,1,6,8.0
2015-2016,CR La Myriade,1,7,0.0
2015-2016,CR La Myriade,1,8,0.0
2015-2016,CR La Myriade,1,9,555.0
2015-2016,CR La Myriade,2,1,0.0
2015-2016,CR La Myriade,2,2,0.0
2015-2016,CR La Myriade,2,3,0.0
2015-2016,CR La Myriade,2,4,3.0
2015-2016,CR La Myriade,2,5,23.0
2015-2016,CR La Myriade,2,6,14.0
2015-2016,CR La Myriade,2,7,2.0
2015-2016,CR La Myriade,2,8,0.0
2015-2016,CR La Myriade,2,9,42.0
2015-2016,CR La Myriade,3,1,2.0
2015-2016,CR La Myriade,3,2,6.0
2015-2016,CR La Myriade,3,3,8.0
2015-2016,CR La Myriade,3,4,1.0
2015-2016,CR La Myriade,3,5,0.0
2015-2016,CR La Myriade,3,6,0.0
2015-2016,CR La Myriade,3,7,0.0
2015-2016,CR La Myriade,3,8,0.0
2015-2016,CR La Myriade,3,9,17.0
2015-2016,CR La Myriade,4,1,0.0
2015-2016,CR La Myriade,4,2,0.0
2015-2016,CR La Myriade,4,3,1.0
2015-2016,CR La Myriade,4,4,1.0
2015-2016,CR La Myriade,4,5,2.0
2015-2016,CR La Myriade,4,6,2.0
2015-2016,CR La Myriade,4,7,0.0
2015-2016,CR La Myriade,4,8,0.0
2015-2016,CR La Myriade,4,9,6.0
2015-2016,CR La Myriade,7,1,0.0
2015-2016,CR La Myriade,7,2,0.0
2015-2016,CR La Myriade,7,3,1.0
2015-2016,CR La Myriade,7,4,0.0
2015-2016,CR La Myriade,7,5,0.0
2015-2016,CR La Myriade,7,6,0.0
2015-2016,CR La Myriade,7,7,0.0
2015-2016,CR La Myriade,7,8,0.0
2015-2016,CR La Myriade,7,9,1.0
2015-2016,CR La Myriade,8,1,2.0
2015-2016,CR La Myriade,8,2,8.0
2015-2016,CR La Myriade,8,3,17.0
2015-2016,CR La Myriade,8,4,33.0
2015-2016,CR La Myriade,8,5,106.0
2015-2016,CR La Myriade,8,6,86.0
2015-2016,CR La Myriade,8,7,8.0
2015-2016,CR La Myriade,8,8,1.0
2015-2016,CR La Myriade,8,9,261.0
2015-2016,CR La Myriade,9,1,1.0
2015-2016,CR La Myriade,9,2,5.0
2015-2016,CR La Myriade,9,3,12.0
2015-2016,CR La Myriade,9,4,11.0
2015-2016,CR La Myriade,9,5,92.0
2015-2016,CR La Myriade,9,6,119.0
2015-2016,CR La Myriade,9,7,29.0
2015-2016,CR La Myriade,9,8,4.0
2015-2016,CR La Myriade,9,9,273.0
2015-2016,CR La Myriade,12,1,0.0
2015-2016,CR La Myriade,12,2,0.0
2015-2016,CR La Myriade,12,3,0.0
2015-2016,CR La Myriade,12,4,2.0
2015-2016,CR La Myriade,12,5,3.0
2015-2016,CR La Myriade,12,6,3.0
2015-2016,CR La Myriade,12,7,0.0
2015-2016,CR La Myriade,12,8,0.0
2015-2016,CR La Myriade,12,9,8.0
2015-2016,CR La Myriade,13,1,132.0
2015-2016,CR La Myriade,13,2,225.0
2015-2016,CR La Myriade,13,3,155.0
2015-2016,CR La Myriade,13,4,94.0
2015-2016,CR La Myriade,13,5,281.0
2015-2016,CR La Myriade,13,6,232.0
2015-2016,CR La Myriade,13,7,39.0
2015-2016,CR La Myriade,13,8,5.0
2015-2016,CR La Myriade,13,9,1163.0
2015-2016,CR La Myriade,16,1,3.0
2015-2016,CR La Myriade,17,1,262.0
2015-2016,CR de l'Ouest de Montréal,1,1,182.0
2015-2016,CR de l'Ouest de Montréal,1,2,336.0
2015-2016,CR de l'Ouest de Montréal,1,3,210.0
2015-2016,CR de l'Ouest de Montréal,1,4,120.0
2015-2016,CR de l'Ouest de Montréal,1,5,305.0
2015-2016,CR de l'Ouest de Montréal,1,6,52.0
2015-2016,CR de l'Ouest de Montréal,1,7,1.0
2015-2016,CR de l'Ouest de Montréal,1,8,0.0
2015-2016,CR de l'Ouest de Montréal,1,9,1206.0
2015-2016,CR de l'Ouest de Montréal,2,1,0.0
2015-2016,CR de l'Ouest de Montréal,2,2,0.0
2015-2016,CR de l'Ouest de Montréal,2,3,0.0
2015-2016,CR de l'Ouest de Montréal,2,4,2.0
2015-2016,CR de l'Ouest de Montréal,2,5,63.0
2015-2016,CR de l'Ouest de Montréal,2,6,68.0
2015-2016,CR de l'Ouest de Montréal,2,7,5.0
2015-2016,CR de l'Ouest de Montréal,2,8,0.0
2015-2016,CR de l'Ouest de Montréal,2,9,138.0
2015-2016,CR de l'Ouest de Montréal,3,1,0.0
2015-2016,CR de l'Ouest de Montréal,3,2,0.0
2015-2016,CR de l'Ouest de Montréal,3,3,0.0
2015-2016,CR de l'Ouest de Montréal,3,4,1.0
2015-2016,CR de l'Ouest de Montréal,3,5,0.0
2015-2016,CR de l'Ouest de Montréal,3,6,5.0
2015-2016,CR de l'Ouest de Montréal,3,7,0.0
2015-2016,CR de l'Ouest de Montréal,3,8,0.0
2015-2016,CR de l'Ouest de Montréal,3,9,6.0
2015-2016,CR de l'Ouest de Montréal,4,1,0.0
2015-2016,CR de l'Ouest de Montréal,4,2,0.0
2015-2016,CR de l'Ouest de Montréal,4,3,0.0
2015-2016,CR de l'Ouest de Montréal,4,4,0.0
2015-2016,CR de l'Ouest de Montréal,4,5,0.0
2015-2016,CR de l'Ouest de Montréal,4,6,0.0
2015-2016,CR de l'Ouest de Montréal,4,7,0.0
2015-2016,CR de l'Ouest de Montréal,4,8,0.0
2015-2016,CR de l'Ouest de Montréal,4,9,0.0
2015-2016,CR de l'Ouest de Montréal,5,1,0.0
2015-2016,CR de l'Ouest de Montréal,5,2,0.0
2015-2016,CR de l'Ouest de Montréal,5,3,5.0
2015-2016,CR de l'Ouest de Montréal,5,4,1.0
2015-2016,CR de l'Ouest de Montréal,5,5,4.0
2015-2016,CR de l'Ouest de Montréal,5,6,9.0
2015-2016,CR de l'Ouest de Montréal,5,7,0.0
2015-2016,CR de l'Ouest de Montréal,5,8,0.0
2015-2016,CR de l'Ouest de Montréal,5,9,19.0
2015-2016,CR de l'Ouest de Montréal,6,1,0.0
2015-2016,CR de l'Ouest de Montréal,6,2,0.0
2015-2016,CR de l'Ouest de Montréal,6,3,0.0
2015-2016,CR de l'Ouest de Montréal,6,4,0.0
2015-2016,CR de l'Ouest de Montréal,6,5,0.0
2015-2016,CR de l'Ouest de Montréal,6,6,0.0
2015-2016,CR de l'Ouest de Montréal,6,7,0.0
2015-2016,CR de l'Ouest de Montréal,6,8,0.0
2015-2016,CR de l'Ouest de Montréal,6,9,0.0
2015-2016,CR de l'Ouest de Montréal,7,1,0.0
2015-2016,CR de l'Ouest de Montréal,7,2,0.0
2015-2016,CR de l'Ouest de Montréal,7,3,0.0
2015-2016,CR de l'Ouest de Montréal,7,4,0.0
2015-2016,CR de l'Ouest de Montréal,7,5,0.0
2015-2016,CR de l'Ouest de Montréal,7,6,0.0
2015-2016,CR de l'Ouest de Montréal,7,7,0.0
2015-2016,CR de l'Ouest de Montréal,7,8,0.0
2015-2016,CR de l'Ouest de Montréal,7,9,0.0
2015-2016,CR de l'Ouest de Montréal,8,1,0.0
2015-2016,CR de l'Ouest de Montréal,8,2,8.0
2015-2016,CR de l'Ouest de Montréal,8,3,42.0
2015-2016,CR de l'Ouest de Montréal,8,4,34.0
2015-2016,CR de l'Ouest de Montréal,8,5,166.0
2015-2016,CR de l'Ouest de Montréal,8,6,175.0
2015-2016,CR de l'Ouest de Montréal,8,7,28.0
2015-2016,CR de l'Ouest de Montréal,8,8,3.0
2015-2016,CR de l'Ouest de Montréal,8,9,456.0
2015-2016,CR de l'Ouest de Montréal,9,1,0.0
2015-2016,CR de l'Ouest de Montréal,9,2,7.0
2015-2016,CR de l'Ouest de Montréal,9,3,14.0
2015-2016,CR de l'Ouest de Montréal,9,4,7.0
2015-2016,CR de l'Ouest de Montréal,9,5,54.0
2015-2016,CR de l'Ouest de Montréal,9,6,43.0
2015-2016,CR de l'Ouest de Montréal,9,7,9.0
2015-2016,CR de l'Ouest de Montréal,9,8,1.0
2015-2016,CR de l'Ouest de Montréal,9,9,135.0
2015-2016,CR de l'Ouest de Montréal,10,1,0.0
2015-2016,CR de l'Ouest de Montréal,10,2,0.0
2015-2016,CR de l'Ouest de Montréal,10,3,0.0
2015-2016,CR de l'Ouest de Montréal,10,4,0.0
2015-2016,CR de l'Ouest de Montréal,10,5,0.0
2015-2016,CR de l'Ouest de Montréal,10,6,0.0
2015-2016,CR de l'Ouest de Montréal,10,7,0.0
2015-2016,CR de l'Ouest de Montréal,10,8,0.0
2015-2016,CR de l'Ouest de Montréal,10,9,0.0
2015-2016,CR de l'Ouest de Montréal,11,1,0.0
2015-2016,CR de l'Ouest de Montréal,11,2,0.0
2015-2016,CR de l'Ouest de Montréal,11,3,0.0
2015-2016,CR de l'Ouest de Montréal,11,4,0.0
2015-2016,CR de l'Ouest de Montréal,11,5,0.0
2015-2016,CR de l'Ouest de Montréal,11,6,0.0
2015-2016,CR de l'Ouest de Montréal,11,7,0.0
2015-2016,CR de l'Ouest de Montréal,11,8,0.0
2015-2016,CR de l'Ouest de Montréal,11,9,0.0
2015-2016,CR de l'Ouest de Montréal,12,1,2.0
2015-2016,CR de l'Ouest de Montréal,12,2,1.0
2015-2016,CR de l'Ouest de Montréal,12,3,1.0
2015-2016,CR de l'Ouest de Montréal,12,4,0.0
2015-2016,CR de l'Ouest de Montréal,12,5,5.0
2015-2016,CR de l'Ouest de Montréal,12,6,11.0
2015-2016,CR de l'Ouest de Montréal,12,7,1.0
2015-2016,CR de l'Ouest de Montréal,12,8,0.0
2015-2016,CR de l'Ouest de Montréal,12,9,21.0
2015-2016,CR de l'Ouest de Montréal,13,1,184.0
2015-2016,CR de l'Ouest de Montréal,13,2,352.0
2015-2016,CR de l'Ouest de Montréal,13,3,272.0
2015-2016,CR de l'Ouest de Montréal,13,4,165.0
2015-2016,CR de l'Ouest de Montréal,13,5,597.0
2015-2016,CR de l'Ouest de Montréal,13,6,363.0
2015-2016,CR de l'Ouest de Montréal,13,7,44.0
2015-2016,CR de l'Ouest de Montréal,13,8,4.0
2015-2016,CR de l'Ouest de Montréal,13,9,1981.0
2015-2016,CR de la Gaspésie,1,1,24.0
2015-2016,CR de la Gaspésie,1,2,54.0
2015-2016,CR de la Gaspésie,1,3,49.0
2015-2016,CR de la Gaspésie,1,4,14.0
2015-2016,CR de la Gaspésie,1,5,51.0
2015-2016,CR de la Gaspésie,1,6,4.0
2015-2016,CR de la Gaspésie,1,7,3.0
2015-2016,CR de la Gaspésie,1,8,0.0
2015-2016,CR de la Gaspésie,1,9,199.0
2015-2016,CR de la Gaspésie,2,1,0.0
2015-2016,CR de la Gaspésie,2,2,0.0
2015-2016,CR de la Gaspésie,2,3,1.0
2015-2016,CR de la Gaspésie,2,4,2.0
2015-2016,CR de la Gaspésie,2,5,2.0
2015-2016,CR de la Gaspésie,2,6,3.0
2015-2016,CR de la Gaspésie,2,7,0.0
2015-2016,CR de la Gaspésie,2,8,0.0
2015-2016,CR de la Gaspésie,2,9,8.0
2015-2016,CR de la Gaspésie,3,1,0.0
2015-2016,CR de la Gaspésie,3,2,0.0
2015-2016,CR de la Gaspésie,3,3,0.0
2015-2016,CR de la Gaspésie,3,4,0.0
2015-2016,CR de la Gaspésie,3,5,0.0
2015-2016,CR de la Gaspésie,3,6,0.0
2015-2016,CR de la Gaspésie,3,7,0.0
2015-2016,CR de la Gaspésie,3,8,0.0
2015-2016,CR de la Gaspésie,3,9,0.0
2015-2016,CR de la Gaspésie,4,1,0.0
2015-2016,CR de la Gaspésie,4,2,0.0
2015-2016,CR de la Gaspésie,4,3,0.0
2015-2016,CR de la Gaspésie,4,4,0.0
2015-2016,CR de la Gaspésie,4,5,0.0
2015-2016,CR de la Gaspésie,4,6,0.0
2015-2016,CR de la Gaspésie,4,7,0.0
2015-2016,CR de la Gaspésie,4,8,0.0
2015-2016,CR de la Gaspésie,4,9,0.0
2015-2016,CR de la Gaspésie,5,1,0.0
2015-2016,CR de la Gaspésie,5,2,0.0
2015-2016,CR de la Gaspésie,5,3,0.0
2015-2016,CR de la Gaspésie,5,4,1.0
2015-2016,CR de la Gaspésie,5,5,6.0
2015-2016,CR de la Gaspésie,5,6,17.0
2015-2016,CR de la Gaspésie,5,7,3.0
2015-2016,CR de la Gaspésie,5,8,0.0
2015-2016,CR de la Gaspésie,5,9,27.0
2015-2016,CR de la Gaspésie,6,1,0.0
2015-2016,CR de la Gaspésie,6,2,0.0
2015-2016,CR de la Gaspésie,6,3,0.0
2015-2016,CR de la Gaspésie,6,4,0.0
2015-2016,CR de la Gaspésie,6,5,0.0
2015-2016,CR de la Gaspésie,6,6,0.0
2015-2016,CR de la Gaspésie,6,7,0.0
2015-2016,CR de la Gaspésie,6,8,0.0
2015-2016,CR de la Gaspésie,6,9,0.0
2015-2016,CR de la Gaspésie,7,1,0.0
2015-2016,CR de la Gaspésie,7,2,0.0
2015-2016,CR de la Gaspésie,7,3,0.0
2015-2016,CR de la Gaspésie,7,4,0.0
2015-2016,CR de la Gaspésie,7,5,0.0
2015-2016,CR de la Gaspésie,7,6,0.0
2015-2016,CR de la Gaspésie,7,7,0.0
2015-2016,CR de la Gaspésie,7,8,0.0
2015-2016,CR de la Gaspésie,7,9,0.0
2015-2016,CR de la Gaspésie,8,1,0.0
2015-2016,CR de la Gaspésie,8,2,0.0
2015-2016,CR de la Gaspésie,8,3,0.0
2015-2016,CR de la Gaspésie,8,4,1.0
2015-2016,CR de la Gaspésie,8,5,7.0
2015-2016,CR de la Gaspésie,8,6,15.0
2015-2016,CR de la Gaspésie,8,7,3.0
2015-2016,CR de la Gaspésie,8,8,2.0
2015-2016,CR de la Gaspésie,8,9,28.0
2015-2016,CR de la Gaspésie,9,1,0.0
2015-2016,CR de la Gaspésie,9,2,4.0
2015-2016,CR de la Gaspésie,9,3,7.0
2015-2016,CR de la Gaspésie,9,4,5.0
2015-2016,CR de la Gaspésie,9,5,36.0
2015-2016,CR de la Gaspésie,9,6,84.0
2015-2016,CR de la Gaspésie,9,7,17.0
2015-2016,CR de la Gaspésie,9,8,4.0
2015-2016,CR de la Gaspésie,9,9,157.0
2015-2016,CR de la Gaspésie,10,1,0.0
2015-2016,CR de la Gaspésie,10,2,0.0
2015-2016,CR de la Gaspésie,10,3,0.0
2015-2016,CR de la Gaspésie,10,4,0.0
2015-2016,CR de la Gaspésie,10,5,0.0
2015-2016,CR de la Gaspésie,10,6,0.0
2015-2016,CR de la Gaspésie,10,7,0.0
2015-2016,CR de la Gaspésie,10,8,0.0
2015-2016,CR de la Gaspésie,10,9,0.0
2015-2016,CR de la Gaspésie,11,1,0.0
2015-2016,CR de la Gaspésie,11,2,0.0
2015-2016,CR de la Gaspésie,11,3,0.0
2015-2016,CR de la Gaspésie,11,4,0.0
2015-2016,CR de la Gaspésie,11,5,0.0
2015-2016,CR de la Gaspésie,11,6,0.0
2015-2016,CR de la Gaspésie,11,7,0.0
2015-2016,CR de la Gaspésie,11,8,0.0
2015-2016,CR de la Gaspésie,11,9,0.0
2015-2016,CR de la Gaspésie,12,1,0.0
2015-2016,CR de la Gaspésie,12,2,0.0
2015-2016,CR de la Gaspésie,12,3,0.0
2015-2016,CR de la Gaspésie,12,4,0.0
2015-2016,CR de la Gaspésie,12,5,1.0
2015-2016,CR de la Gaspésie,12,6,0.0
2015-2016,CR de la Gaspésie,12,7,0.0
2015-2016,CR de la Gaspésie,12,8,0.0
2015-2016,CR de la Gaspésie,12,9,1.0
2015-2016,CR de la Gaspésie,13,1,24.0
2015-2016,CR de la Gaspésie,13,2,58.0
2015-2016,CR de la Gaspésie,13,3,57.0
2015-2016,CR de la Gaspésie,13,4,23.0
2015-2016,CR de la Gaspésie,13,5,103.0
2015-2016,CR de la Gaspésie,13,6,123.0
2015-2016,CR de la Gaspésie,13,7,26.0
2015-2016,CR de la Gaspésie,13,8,6.0
2015-2016,CR de la Gaspésie,13,9,420.0
2015-2016,CR de la Gaspésie,14,1,0.0
2015-2016,CR de la Gaspésie,15,1,0.0
2015-2016,CR de la Gaspésie,16,1,7.0
2015-2016,CR de la Gaspésie,17,1,61.0
2015-2016,CRDI de Québec,1,1,153.0
2015-2016,CRDI de Québec,1,2,428.0
2015-2016,CRDI de Québec,1,3,286.0
2015-2016,CRDI de Québec,1,4,146.0
2015-2016,CRDI de Québec,1,5,378.0
2015-2016,CRDI de Québec,1,6,81.0
2015-2016,CRDI de Québec,1,7,4.0
2015-2016,CRDI de Québec,1,8,1.0
2015-2016,CRDI de Québec,1,9,1477.0
2015-2016,CRDI de Québec,2,1,0.0
2015-2016,CRDI de Québec,2,2,0.0
2015-2016,CRDI de Québec,2,3,1.0
2015-2016,CRDI de Québec,2,4,10.0
2015-2016,CRDI de Québec,2,5,118.0
2015-2016,CRDI de Québec,2,6,101.0
2015-2016,CRDI de Québec,2,7,16.0
2015-2016,CRDI de Québec,2,8,2.0
2015-2016,CRDI de Québec,2,9,248.0
2015-2016,CRDI de Québec,3,1,1.0
2015-2016,CRDI de Québec,3,2,4.0
2015-2016,CRDI de Québec,3,3,5.0
2015-2016,CRDI de Québec,3,4,0.0
2015-2016,CRDI de Québec,3,5,0.0
2015-2016,CRDI de Québec,3,6,1.0
2015-2016,CRDI de Québec,3,7,0.0
2015-2016,CRDI de Québec,3,8,0.0
2015-2016,CRDI de Québec,3,9,11.0
2015-2016,CRDI de Québec,5,1,0.0
2015-2016,CRDI de Québec,5,2,1.0
2015-2016,CRDI de Québec,5,3,9.0
2015-2016,CRDI de Québec,5,4,9.0
2015-2016,CRDI de Québec,5,5,31.0
2015-2016,CRDI de Québec,5,6,18.0
2015-2016,CRDI de Québec,5,7,2.0
2015-2016,CRDI de Québec,5,8,0.0
2015-2016,CRDI de Québec,5,9,70.0
2015-2016,CRDI de Québec,7,1,0.0
2015-2016,CRDI de Québec,7,2,0.0
2015-2016,CRDI de Québec,7,3,0.0
2015-2016,CRDI de Québec,7,4,0.0
2015-2016,CRDI de Québec,7,5,3.0
2015-2016,CRDI de Québec,7,6,2.0
2015-2016,CRDI de Québec,7,7,1.0
2015-2016,CRDI de Québec,7,8,1.0
2015-2016,CRDI de Québec,7,9,7.0
2015-2016,CRDI de Québec,8,1,0.0
2015-2016,CRDI de Québec,8,2,7.0
2015-2016,CRDI de Québec,8,3,29.0
2015-2016,CRDI de Québec,8,4,29.0
2015-2016,CRDI de Québec,8,5,209.0
2015-2016,CRDI de Québec,8,6,265.0
2015-2016,CRDI de Québec,8,7,56.0
2015-2016,CRDI de Québec,8,8,22.0
2015-2016,CRDI de Québec,8,9,617.0
2015-2016,CRDI de Québec,9,1,2.0
2015-2016,CRDI de Québec,9,2,9.0
2015-2016,CRDI de Québec,9,3,9.0
2015-2016,CRDI de Québec,9,4,13.0
2015-2016,CRDI de Québec,9,5,83.0
2015-2016,CRDI de Québec,9,6,135.0
2015-2016,CRDI de Québec,9,7,38.0
2015-2016,CRDI de Québec,9,8,6.0
2015-2016,CRDI de Québec,9,9,295.0
2015-2016,CRDI de Québec,10,1,0.0
2015-2016,CRDI de Québec,10,2,0.0
2015-2016,CRDI de Québec,10,3,0.0
2015-2016,CRDI de Québec,10,4,0.0
2015-2016,CRDI de Québec,10,5,0.0
2015-2016,CRDI de Québec,10,6,1.0
2015-2016,CRDI de Québec,10,7,0.0
2015-2016,CRDI de Québec,10,8,0.0
2015-2016,CRDI de Québec,10,9,1.0
2015-2016,CRDI de Québec,11,1,0.0
2015-2016,CRDI de Québec,11,2,1.0
2015-2016,CRDI de Québec,11,3,1.0
2015-2016,CRDI de Québec,11,4,0.0
2015-2016,CRDI de Québec,11,5,1.0
2015-2016,CRDI de Québec,11,6,1.0
2015-2016,CRDI de Québec,11,7,0.0
2015-2016,CRDI de Québec,11,8,0.0
2015-2016,CRDI de Québec,11,9,4.0
2015-2016,CRDI de Québec,12,1,0.0
2015-2016,CRDI de Québec,12,2,3.0
2015-2016,CRDI de Québec,12,3,4.0
2015-2016,CRDI de Québec,12,4,2.0
2015-2016,CRDI de Québec,12,5,9.0
2015-2016,CRDI de Québec,12,6,18.0
2015-2016,CRDI de Québec,12,7,8.0
2015-2016,CRDI de Québec,12,8,3.0
2015-2016,CRDI de Québec,12,9,47.0
2015-2016,CRDI de Québec,13,1,156.0
2015-2016,CRDI de Québec,13,2,453.0
2015-2016,CRDI de Québec,13,3,344.0
2015-2016,CRDI de Québec,13,4,209.0
2015-2016,CRDI de Québec,13,5,832.0
2015-2016,CRDI de Québec,13,6,623.0
2015-2016,CRDI de Québec,13,7,125.0
2015-2016,CRDI de Québec,13,8,35.0
2015-2016,CRDI de Québec,13,9,2777.0
2015-2016,CRDITED Chaudière-Appalaches,1,1,129.0
2015-2016,CRDITED Chaudière-Appalaches,1,2,164.0
2015-2016,CRDITED Chaudière-Appalaches,1,3,71.0
2015-2016,CRDITED Chaudière-Appalaches,1,4,61.0
2015-2016,CRDITED Chaudière-Appalaches,1,5,222.0
2015-2016,CRDITED Chaudière-Appalaches,1,6,26.0
2015-2016,CRDITED Chaudière-Appalaches,1,7,1.0
2015-2016,CRDITED Chaudière-Appalaches,1,8,1.0
2015-2016,CRDITED Chaudière-Appalaches,1,9,675.0
2015-2016,CRDITED Chaudière-Appalaches,2,1,0.0
2015-2016,CRDITED Chaudière-Appalaches,2,2,0.0
2015-2016,CRDITED Chaudière-Appalaches,2,3,0.0
2015-2016,CRDITED Chaudière-Appalaches,2,4,4.0
2015-2016,CRDITED Chaudière-Appalaches,2,5,43.0
2015-2016,CRDITED Chaudière-Appalaches,2,6,24.0
2015-2016,CRDITED Chaudière-Appalaches,2,7,0.0
2015-2016,CRDITED Chaudière-Appalaches,2,8,0.0
2015-2016,CRDITED Chaudière-Appalaches,2,9,71.0
2015-2016,CRDITED Chaudière-Appalaches,3,1,0.0
2015-2016,CRDITED Chaudière-Appalaches,3,2,0.0
2015-2016,CRDITED Chaudière-Appalaches,3,3,0.0
2015-2016,CRDITED Chaudière-Appalaches,3,4,0.0
2015-2016,CRDITED Chaudière-Appalaches,3,5,18.0
2015-2016,CRDITED Chaudière-Appalaches,3,6,36.0
2015-2016,CRDITED Chaudière-Appalaches,3,7,1.0
2015-2016,CRDITED Chaudière-Appalaches,3,8,1.0
2015-2016,CRDITED Chaudière-Appalaches,3,9,56.0
2015-2016,CRDITED Chaudière-Appalaches,5,1,0.0
2015-2016,CRDITED Chaudière-Appalaches,5,2,2.0
2015-2016,CRDITED Chaudière-Appalaches,5,3,4.0
2015-2016,CRDITED Chaudière-Appalaches,5,4,3.0
2015-2016,CRDITED Chaudière-Appalaches,5,5,20.0
2015-2016,CRDITED Chaudière-Appalaches,5,6,8.0
2015-2016,CRDITED Chaudière-Appalaches,5,7,0.0
2015-2016,CRDITED Chaudière-Appalaches,5,8,0.0
2015-2016,CRDITED Chaudière-Appalaches,5,9,37.0
2015-2016,CRDITED Chaudière-Appalaches,7,1,0.0
2015-2016,CRDITED Chaudière-Appalaches,7,2,0.0
2015-2016,CRDITED Chaudière-Appalaches,7,3,0.0
2015-2016,CRDITED Chaudière-Appalaches,7,4,0.0
2015-2016,CRDITED Chaudière-Appalaches,7,5,0.0
2015-2016,CRDITED Chaudière-Appalaches,7,6,5.0
2015-2016,CRDITED Chaudière-Appalaches,7,7,0.0
2015-2016,CRDITED Chaudière-Appalaches,7,8,0.0
2015-2016,CRDITED Chaudière-Appalaches,7,9,5.0
2015-2016,CRDITED Chaudière-Appalaches,8,1,0.0
2015-2016,CRDITED Chaudière-Appalaches,8,2,1.0
2015-2016,CRDITED Chaudière-Appalaches,8,3,12.0
2015-2016,CRDITED Chaudière-Appalaches,8,4,13.0
2015-2016,CRDITED Chaudière-Appalaches,8,5,76.0
2015-2016,CRDITED Chaudière-Appalaches,8,6,122.0
2015-2016,CRDITED Chaudière-Appalaches,8,7,25.0
2015-2016,CRDITED Chaudière-Appalaches,8,8,12.0
2015-2016,CRDITED Chaudière-Appalaches,8,9,261.0
2015-2016,CRDITED Chaudière-Appalaches,9,1,2.0
2015-2016,CRDITED Chaudière-Appalaches,9,2,1.0
2015-2016,CRDITED Chaudière-Appalaches,9,3,9.0
2015-2016,CRDITED Chaudière-Appalaches,9,4,17.0
2015-2016,CRDITED Chaudière-Appalaches,9,5,97.0
2015-2016,CRDITED Chaudière-Appalaches,9,6,117.0
2015-2016,CRDITED Chaudière-Appalaches,9,7,19.0
2015-2016,CRDITED Chaudière-Appalaches,9,8,5.0
2015-2016,CRDITED Chaudière-Appalaches,9,9,267.0
2015-2016,CRDITED Chaudière-Appalaches,12,1,0.0
2015-2016,CRDITED Chaudière-Appalaches,12,2,0.0
2015-2016,CRDITED Chaudière-Appalaches,12,3,0.0
2015-2016,CRDITED Chaudière-Appalaches,12,4,0.0
2015-2016,CRDITED Chaudière-Appalaches,12,5,2.0
2015-2016,CRDITED Chaudière-Appalaches,12,6,1.0
2015-2016,CRDITED Chaudière-Appalaches,12,7,0.0
2015-2016,CRDITED Chaudière-Appalaches,12,8,0.0
2015-2016,CRDITED Chaudière-Appalaches,12,9,3.0
2015-2016,CRDITED Chaudière-Appalaches,13,1,131.0
2015-2016,CRDITED Chaudière-Appalaches,13,2,168.0
2015-2016,CRDITED Chaudière-Appalaches,13,3,96.0
2015-2016,CRDITED Chaudière-Appalaches,13,4,98.0
2015-2016,CRDITED Chaudière-Appalaches,13,5,478.0
2015-2016,CRDITED Chaudière-Appalaches,13,6,339.0
2015-2016,CRDITED Chaudière-Appalaches,13,7,46.0
2015-2016,CRDITED Chaudière-Appalaches,13,8,19.0
2015-2016,CRDITED Chaudière-Appalaches,13,9,1375.0
2015-2016,CRDITED Chaudière-Appalaches,14,1,1.0
2015-2016,CRDITED Chaudière-Appalaches,15,1,5.0
2015-2016,CRDITED Chaudière-Appalaches,16,1,45.0
2015-2016,CRDITED Chaudière-Appalaches,17,1,672.0
2015-2016,CRDITED Mauricie et Centre-du-Québec,1,1,141.0
2015-2016,CRDITED Mauricie et Centre-du-Québec,1,2,239.0
2015-2016,CRDITED Mauricie et Centre-du-Québec,1,3,125.0
2015-2016,CRDITED Mauricie et Centre-du-Québec,1,4,86.0
2015-2016,CRDITED Mauricie et Centre-du-Québec,1,5,310.0
2015-2016,CRDITED Mauricie et Centre-du-Québec,1,6,58.0
2015-2016,CRDITED Mauricie et Centre-du-Québec,1,9,959.0
2015-2016,CRDITED Mauricie et Centre-du-Québec,2,4,5.0
2015-2016,CRDITED Mauricie et Centre-du-Québec,2,5,60.0
2015-2016,CRDITED Mauricie et Centre-du-Québec,2,6,39.0
2015-2016,CRDITED Mauricie et Centre-du-Québec,2,7,1.0
2015-2016,CRDITED Mauricie et Centre-du-Québec,2,8,1.0
2015-2016,CRDITED Mauricie et Centre-du-Québec,2,9,106.0
2015-2016,CRDITED Mauricie et Centre-du-Québec,3,1,1.0
2015-2016,CRDITED Mauricie et Centre-du-Québec,3,2,3.0
2015-2016,CRDITED Mauricie et Centre-du-Québec,3,3,5.0
2015-2016,CRDITED Mauricie et Centre-du-Québec,3,4,2.0
2015-2016,CRDITED Mauricie et Centre-du-Québec,3,5,7.0
2015-2016,CRDITED Mauricie et Centre-du-Québec,3,6,8.0
2015-2016,CRDITED Mauricie et Centre-du-Québec,3,7,1.0
2015-2016,CRDITED Mauricie et Centre-du-Québec,3,9,27.0
2015-2016,CRDITED Mauricie et Centre-du-Québec,5,4,4.0
2015-2016,CRDITED Mauricie et Centre-du-Québec,5,5,9.0
2015-2016,CRDITED Mauricie et Centre-du-Québec,5,6,9.0
2015-2016,CRDITED Mauricie et Centre-du-Québec,5,7,1.0
2015-2016,CRDITED Mauricie et Centre-du-Québec,5,9,23.0
2015-2016,CRDITED Mauricie et Centre-du-Québec,7,5,1.0
2015-2016,CRDITED Mauricie et Centre-du-Québec,7,6,1.0
2015-2016,CRDITED Mauricie et Centre-du-Québec,7,7,1.0
2015-2016,CRDITED Mauricie et Centre-du-Québec,7,8,1.0
2015-2016,CRDITED Mauricie et Centre-du-Québec,7,9,4.0
2015-2016,CRDITED Mauricie et Centre-du-Québec,8,2,4.0
2015-2016,CRDITED Mauricie et Centre-du-Québec,8,3,14.0
2015-2016,CRDITED Mauricie et Centre-du-Québec,8,4,13.0
2015-2016,CRDITED Mauricie et Centre-du-Québec,8,5,88.0
2015-2016,CRDITED Mauricie et Centre-du-Québec,8,6,154.0
2015-2016,CRDITED Mauricie et Centre-du-Québec,8,7,39.0
2015-2016,CRDITED Mauricie et Centre-du-Québec,8,8,15.0
2015-2016,CRDITED Mauricie et Centre-du-Québec,8,9,327.0
2015-2016,CRDITED Mauricie et Centre-du-Québec,9,1,6.0
2015-2016,CRDITED Mauricie et Centre-du-Québec,9,2,5.0
2015-2016,CRDITED Mauricie et Centre-du-Québec,9,3,22.0
2015-2016,CRDITED Mauricie et Centre-du-Québec,9,4,16.0
2015-2016,CRDITED Mauricie et Centre-du-Québec,9,5,120.0
2015-2016,CRDITED Mauricie et Centre-du-Québec,9,6,235.0
2015-2016,CRDITED Mauricie et Centre-du-Québec,9,7,66.0
2015-2016,CRDITED Mauricie et Centre-du-Québec,9,8,29.0
2015-2016,CRDITED Mauricie et Centre-du-Québec,9,9,499.0
2015-2016,CRDITED Mauricie et Centre-du-Québec,12,2,3.0
2015-2016,CRDITED Mauricie et Centre-du-Québec,12,3,5.0
2015-2016,CRDITED Mauricie et Centre-du-Québec,12,4,2.0
2015-2016,CRDITED Mauricie et Centre-du-Québec,12,5,12.0
2015-2016,CRDITED Mauricie et Centre-du-Québec,12,6,12.0
2015-2016,CRDITED Mauricie et Centre-du-Québec,12,9,34.0
2015-2016,CRDITED Mauricie et Centre-du-Québec,13,1,148.0
2015-2016,CRDITED Mauricie et Centre-du-Québec,13,2,254.0
2015-2016,CRDITED Mauricie et Centre-du-Québec,13,3,171.0
2015-2016,CRDITED Mauricie et Centre-du-Québec,13,4,128.0
2015-2016,CRDITED Mauricie et Centre-du-Québec,13,5,607.0
2015-2016,CRDITED Mauricie et Centre-du-Québec,13,6,516.0
2015-2016,CRDITED Mauricie et Centre-du-Québec,13,7,109.0
2015-2016,CRDITED Mauricie et Centre-du-Québec,13,8,46.0
2015-2016,CRDITED Mauricie et Centre-du-Québec,13,9,1979.0
2015-2016,CRDITED de Laval,1,1,133.0
2015-2016,CRDITED de Laval,1,2,192.0
2015-2016,CRDITED de Laval,1,3,116.0
2015-2016,CRDITED de Laval,1,4,110.0
2015-2016,CRDITED de Laval,1,5,174.0
2015-2016,CRDITED de Laval,1,6,24.0
2015-2016,CRDITED de Laval,1,9,749.0
2015-2016,CRDITED de Laval,2,4,7.0
2015-2016,CRDITED de Laval,2,5,47.0
2015-2016,CRDITED de Laval,2,6,24.0
2015-2016,CRDITED de Laval,2,9,78.0
2015-2016,CRDITED de Laval,3,3,2.0
2015-2016,CRDITED de Laval,3,5,4.0
2015-2016,CRDITED de Laval,3,6,2.0
2015-2016,CRDITED de Laval,3,9,8.0
2015-2016,CRDITED de Laval,4,3,3.0
2015-2016,CRDITED de Laval,4,5,3.0
2015-2016,CRDITED de Laval,4,9,6.0
2015-2016,CRDITED de Laval,6,4,1.0
2015-2016,CRDITED de Laval,6,5,10.0
2015-2016,CRDITED de Laval,6,6,9.0
2015-2016,CRDITED de Laval,6,9,20.0
2015-2016,CRDITED de Laval,7,3,1.0
2015-2016,CRDITED de Laval,7,6,1.0
2015-2016,CRDITED de Laval,7,9,2.0
2015-2016,CRDITED de Laval,8,2,3.0
2015-2016,CRDITED de Laval,8,3,18.0
2015-2016,CRDITED de Laval,8,4,26.0
2015-2016,CRDITED de Laval,8,5,133.0
2015-2016,CRDITED de Laval,8,6,114.0
2015-2016,CRDITED de Laval,8,7,27.0
2015-2016,CRDITED de Laval,8,8,8.0
2015-2016,CRDITED de Laval,8,9,329.0
2015-2016,CRDITED de Laval,9,1,2.0
2015-2016,CRDITED de Laval,9,2,3.0
2015-2016,CRDITED de Laval,9,3,9.0
2015-2016,CRDITED de Laval,9,4,2.0
2015-2016,CRDITED de Laval,9,5,16.0
2015-2016,CRDITED de Laval,9,6,38.0
2015-2016,CRDITED de Laval,9,7,9.0
2015-2016,CRDITED de Laval,9,8,2.0
2015-2016,CRDITED de Laval,9,9,81.0
2015-2016,CRDITED de Laval,10,3,7.0
2015-2016,CRDITED de Laval,10,4,3.0
2015-2016,CRDITED de Laval,10,5,19.0
2015-2016,CRDITED de Laval,10,6,17.0
2015-2016,CRDITED de Laval,10,7,2.0
2015-2016,CRDITED de Laval,10,8,1.0
2015-2016,CRDITED de Laval,10,9,49.0
2015-2016,CRDITED de Laval,11,2,1.0
2015-2016,CRDITED de Laval,11,3,5.0
2015-2016,CRDITED de Laval,11,9,6.0
2015-2016,CRDITED de Laval,12,4,2.0
2015-2016,CRDITED de Laval,12,5,4.0
2015-2016,CRDITED de Laval,12,6,2.0
2015-2016,CRDITED de Laval,12,9,8.0
2015-2016,CRDITED de Laval,13,1,135.0
2015-2016,CRDITED de Laval,13,2,199.0
2015-2016,CRDITED de Laval,13,3,161.0
2015-2016,CRDITED de Laval,13,4,151.0
2015-2016,CRDITED de Laval,13,5,410.0
2015-2016,CRDITED de Laval,13,6,231.0
2015-2016,CRDITED de Laval,13,7,38.0
2015-2016,CRDITED de Laval,13,8,11.0
2015-2016,CRDITED de Laval,13,9,1336.0
2015-2016,CRDITED de Montréal,1,1,210.0
2015-2016,CRDITED de Montréal,1,2,470.0
2015-2016,CRDITED de Montréal,1,3,318.0
2015-2016,CRDITED de Montréal,1,4,170.0
2015-2016,CRDITED de Montréal,1,5,605.0
2015-2016,CRDITED de Montréal,1,6,129.0
2015-2016,CRDITED de Montréal,1,7,4.0
2015-2016,CRDITED de Montréal,1,8,1.0
2015-2016,CRDITED de Montréal,1,9,1907.0
2015-2016,CRDITED de Montréal,2,1,1.0
2015-2016,CRDITED de Montréal,2,2,3.0
2015-2016,CRDITED de Montréal,2,3,2.0
2015-2016,CRDITED de Montréal,2,4,7.0
2015-2016,CRDITED de Montréal,2,5,115.0
2015-2016,CRDITED de Montréal,2,6,111.0
2015-2016,CRDITED de Montréal,2,7,9.0
2015-2016,CRDITED de Montréal,2,9,248.0
2015-2016,CRDITED de Montréal,3,1,1.0
2015-2016,CRDITED de Montréal,3,2,1.0
2015-2016,CRDITED de Montréal,3,3,3.0
2015-2016,CRDITED de Montréal,3,5,4.0
2015-2016,CRDITED de Montréal,3,6,2.0
2015-2016,CRDITED de Montréal,3,7,1.0
2015-2016,CRDITED de Montréal,3,9,12.0
2015-2016,CRDITED de Montréal,4,2,3.0
2015-2016,CRDITED de Montréal,4,3,5.0
2015-2016,CRDITED de Montréal,4,4,8.0
2015-2016,CRDITED de Montréal,4,5,30.0
2015-2016,CRDITED de Montréal,4,6,31.0
2015-2016,CRDITED de Montréal,4,7,5.0
2015-2016,CRDITED de Montréal,4,9,82.0
2015-2016,CRDITED de Montréal,5,3,5.0
2015-2016,CRDITED de Montréal,5,4,16.0
2015-2016,CRDITED de Montréal,5,5,62.0
2015-2016,CRDITED de Montréal,5,6,48.0
2015-2016,CRDITED de Montréal,5,7,7.0
2015-2016,CRDITED de Montréal,5,8,2.0
2015-2016,CRDITED de Montréal,5,9,140.0
2015-2016,CRDITED de Montréal,7,1,1.0
2015-2016,CRDITED de Montréal,7,2,1.0
2015-2016,CRDITED de Montréal,7,3,2.0
2015-2016,CRDITED de Montréal,7,5,1.0
2015-2016,CRDITED de Montréal,7,6,2.0
2015-2016,CRDITED de Montréal,7,7,1.0
2015-2016,CRDITED de Montréal,7,9,8.0
2015-2016,CRDITED de Montréal,8,2,14.0
2015-2016,CRDITED de Montréal,8,3,76.0
2015-2016,CRDITED de Montréal,8,4,60.0
2015-2016,CRDITED de Montréal,8,5,397.0
2015-2016,CRDITED de Montréal,8,6,773.0
2015-2016,CRDITED de Montréal,8,7,109.0
2015-2016,CRDITED de Montréal,8,8,14.0
2015-2016,CRDITED de Montréal,8,9,1443.0
2015-2016,CRDITED de Montréal,9,1,8.0
2015-2016,CRDITED de Montréal,9,2,25.0
2015-2016,CRDITED de Montréal,9,3,22.0
2015-2016,CRDITED de Montréal,9,4,15.0
2015-2016,CRDITED de Montréal,9,5,77.0
2015-2016,CRDITED de Montréal,9,6,138.0
2015-2016,CRDITED de Montréal,9,7,31.0
2015-2016,CRDITED de Montréal,9,8,8.0
2015-2016,CRDITED de Montréal,9,9,324.0
2015-2016,CRDITED de Montréal,10,4,1.0
2015-2016,CRDITED de Montréal,10,5,7.0
2015-2016,CRDITED de Montréal,10,6,38.0
2015-2016,CRDITED de Montréal,10,7,3.0
2015-2016,CRDITED de Montréal,10,8,1.0
2015-2016,CRDITED de Montréal,10,9,50.0
2015-2016,CRDITED de Montréal,11,2,1.0
2015-2016,CRDITED de Montréal,11,3,5.0
2015-2016,CRDITED de Montréal,11,4,1.0
2015-2016,CRDITED de Montréal,11,6,1.0
2015-2016,CRDITED de Montréal,11,9,8.0
2015-2016,CRDITED de Montréal,12,1,1.0
2015-2016,CRDITED de Montréal,12,2,3.0
2015-2016,CRDITED de Montréal,12,3,5.0
2015-2016,CRDITED de Montréal,12,4,4.0
2015-2016,CRDITED de Montréal,12,5,18.0
2015-2016,CRDITED de Montréal,12,6,18.0
2015-2016,CRDITED de Montréal,12,7,3.0
2015-2016,CRDITED de Montréal,12,9,52.0
2015-2016,CRDITED de Montréal,13,1,222.0
2015-2016,CRDITED de Montréal,13,2,521.0
2015-2016,CRDITED de Montréal,13,3,443.0
2015-2016,CRDITED de Montréal,13,4,282.0
2015-2016,CRDITED de Montréal,13,5,1316.0
2015-2016,CRDITED de Montréal,13,6,1291.0
2015-2016,CRDITED de Montréal,13,7,173.0
2015-2016,CRDITED de Montréal,13,8,26.0
2015-2016,CRDITED de Montréal,13,9,4274.0
2015-2016,CRDITED de Montréal,14,1,36.0
2015-2016,CRDITED de Montréal,15,1,104.0
2015-2016,CRDITED de Montréal,16,1,3.0
2015-2016,CRDITED de Montréal,17,1,40.0
2015-2016,CRDITED de l'Estrie,1,1,58.0
2015-2016,CRDITED de l'Estrie,1,2,66.0
2015-2016,CRDITED de l'Estrie,1,3,33.0
2015-2016,CRDITED de l'Estrie,1,4,28.0
2015-2016,CRDITED de l'Estrie,1,5,170.0
2015-2016,CRDITED de l'Estrie,1,6,34.0
2015-2016,CRDITED de l'Estrie,1,7,0.0
2015-2016,CRDITED de l'Estrie,1,8,0.0
2015-2016,CRDITED de l'Estrie,1,9,389.0
2015-2016,CRDITED de l'Estrie,2,1,0.0
2015-2016,CRDITED de l'Estrie,2,2,0.0
2015-2016,CRDITED de l'Estrie,2,3,0.0
2015-2016,CRDITED de l'Estrie,2,4,1.0
2015-2016,CRDITED de l'Estrie,2,5,26.0
2015-2016,CRDITED de l'Estrie,2,6,24.0
2015-2016,CRDITED de l'Estrie,2,7,2.0
2015-2016,CRDITED de l'Estrie,2,8,0.0
2015-2016,CRDITED de l'Estrie,2,9,53.0
2015-2016,CRDITED de l'Estrie,3,1,0.0
2015-2016,CRDITED de l'Estrie,3,2,2.0
2015-2016,CRDITED de l'Estrie,3,3,6.0
2015-2016,CRDITED de l'Estrie,3,4,1.0
2015-2016,CRDITED de l'Estrie,3,5,5.0
2015-2016,CRDITED de l'Estrie,3,6,8.0
2015-2016,CRDITED de l'Estrie,3,7,1.0
2015-2016,CRDITED de l'Estrie,3,8,0.0
2015-2016,CRDITED de l'Estrie,3,9,23.0
2015-2016,CRDITED de l'Estrie,4,1,0.0
2015-2016,CRDITED de l'Estrie,4,2,0.0
2015-2016,CRDITED de l'Estrie,4,3,0.0
2015-2016,CRDITED de l'Estrie,4,4,0.0
2015-2016,CRDITED de l'Estrie,4,5,0.0
2015-2016,CRDITED de l'Estrie,4,6,0.0
2015-2016,CRDITED de l'Estrie,4,7,0.0
2015-2016,CRDITED de l'Estrie,4,8,0.0
2015-2016,CRDITED de l'Estrie,4,9,0.0
2015-2016,CRDITED de l'Estrie,5,1,0.0
2015-2016,CRDITED de l'Estrie,5,2,0.0
2015-2016,CRDITED de l'Estrie,5,3,7.0
2015-2016,CRDITED de l'Estrie,5,4,3.0
2015-2016,CRDITED de l'Estrie,5,5,10.0
2015-2016,CRDITED de l'Estrie,5,6,11.0
2015-2016,CRDITED de l'Estrie,5,7,0.0
2015-2016,CRDITED de l'Estrie,5,8,0.0
2015-2016,CRDITED de l'Estrie,5,9,31.0
2015-2016,CRDITED de l'Estrie,6,1,0.0
2015-2016,CRDITED de l'Estrie,6,2,0.0
2015-2016,CRDITED de l'Estrie,6,3,0.0
2015-2016,CRDITED de l'Estrie,6,4,0.0
2015-2016,CRDITED de l'Estrie,6,5,0.0
2015-2016,CRDITED de l'Estrie,6,6,7.0
2015-2016,CRDITED de l'Estrie,6,7,3.0
2015-2016,CRDITED de l'Estrie,6,8,0.0
2015-2016,CRDITED de l'Estrie,6,9,10.0
2015-2016,CRDITED de l'Estrie,7,1,0.0
2015-2016,CRDITED de l'Estrie,7,2,0.0
2015-2016,CRDITED de l'Estrie,7,3,0.0
2015-2016,CRDITED de l'Estrie,7,4,1.0
2015-2016,CRDITED de l'Estrie,7,5,0.0
2015-2016,CRDITED de l'Estrie,7,6,2.0
2015-2016,CRDITED de l'Estrie,7,7,0.0
2015-2016,CRDITED de l'Estrie,7,8,0.0
2015-2016,CRDITED de l'Estrie,7,9,3.0
2015-2016,CRDITED de l'Estrie,8,1,0.0
2015-2016,CRDITED de l'Estrie,8,2,3.0
2015-2016,CRDITED de l'Estrie,8,3,1.0
2015-2016,CRDITED de l'Estrie,8,4,1.0
2015-2016,CRDITED de l'Estrie,8,5,29.0
2015-2016,CRDITED de l'Estrie,8,6,35.0
2015-2016,CRDITED de l'Estrie,8,7,9.0
2015-2016,CRDITED de l'Estrie,8,8,0.0
2015-2016,CRDITED de l'Estrie,8,9,78.0
2015-2016,CRDITED de l'Estrie,9,1,0.0
2015-2016,CRDITED de l'Estrie,9,2,5.0
2015-2016,CRDITED de l'Estrie,9,3,18.0
2015-2016,CRDITED de l'Estrie,9,4,24.0
2015-2016,CRDITED de l'Estrie,9,5,138.0
2015-2016,CRDITED de l'Estrie,9,6,212.0
2015-2016,CRDITED de l'Estrie,9,7,57.0
2015-2016,CRDITED de l'Estrie,9,8,3.0
2015-2016,CRDITED de l'Estrie,9,9,457.0
2015-2016,CRDITED de l'Estrie,10,1,0.0
2015-2016,CRDITED de l'Estrie,10,2,0.0
2015-2016,CRDITED de l'Estrie,10,3,0.0
2015-2016,CRDITED de l'Estrie,10,4,0.0
2015-2016,CRDITED de l'Estrie,10,5,0.0
2015-2016,CRDITED de l'Estrie,10,6,0.0
2015-2016,CRDITED de l'Estrie,10,7,0.0
2015-2016,CRDITED de l'Estrie,10,8,0.0
2015-2016,CRDITED de l'Estrie,10,9,0.0
2015-2016,CRDITED de l'Estrie,11,1,0.0
2015-2016,CRDITED de l'Estrie,11,2,0.0
2015-2016,CRDITED de l'Estrie,11,3,0.0
2015-2016,CRDITED de l'Estrie,11,4,0.0
2015-2016,CRDITED de l'Estrie,11,5,0.0
2015-2016,CRDITED de l'Estrie,11,6,0.0
2015-2016,CRDITED de l'Estrie,11,7,0.0
2015-2016,CRDITED de l'Estrie,11,8,0.0
2015-2016,CRDITED de l'Estrie,11,9,0.0
2015-2016,CRDITED de l'Estrie,12,1,0.0
2015-2016,CRDITED de l'Estrie,12,2,0.0
2015-2016,CRDITED de l'Estrie,12,3,1.0
2015-2016,CRDITED de l'Estrie,12,4,1.0
2015-2016,CRDITED de l'Estrie,12,5,12.0
2015-2016,CRDITED de l'Estrie,12,6,11.0
2015-2016,CRDITED de l'Estrie,12,7,7.0
2015-2016,CRDITED de l'Estrie,12,8,1.0
2015-2016,CRDITED de l'Estrie,12,9,33.0
2015-2016,CRDITED de l'Estrie,13,1,58.0
2015-2016,CRDITED de l'Estrie,13,2,76.0
2015-2016,CRDITED de l'Estrie,13,3,66.0
2015-2016,CRDITED de l'Estrie,13,4,60.0
2015-2016,CRDITED de l'Estrie,13,5,390.0
2015-2016,CRDITED de l'Estrie,13,6,344.0
2015-2016,CRDITED de l'Estrie,13,7,79.0
2015-2016,CRDITED de l'Estrie,13,8,4.0
2015-2016,CRDITED de l'Estrie,13,9,1077.0
2015-2016,CRDITED de l'Estrie,14,1,3.0
2015-2016,CRDITED de l'Estrie,15,1,28.0
2015-2016,CRDITED de l'Estrie,16,1,39.0
2015-2016,CRDITED de l'Estrie,17,1,251.0
2015-2016,CRDITED de la Montérégie-Est,1,1,278.0
2015-2016,CRDITED de la Montérégie-Est,1,2,515.0
2015-2016,CRDITED de la Montérégie-Est,1,3,199.0
2015-2016,CRDITED de la Montérégie-Est,1,4,126.0
2015-2016,CRDITED de la Montérégie-Est,1,5,364.0
2015-2016,CRDITED de la Montérégie-Est,1,6,64.0
2015-2016,CRDITED de la Montérégie-Est,1,7,0.0
2015-2016,CRDITED de la Montérégie-Est,1,8,0.0
2015-2016,CRDITED de la Montérégie-Est,1,9,1546.0
2015-2016,CRDITED de la Montérégie-Est,2,1,0.0
2015-2016,CRDITED de la Montérégie-Est,2,2,1.0
2015-2016,CRDITED de la Montérégie-Est,2,3,1.0
2015-2016,CRDITED de la Montérégie-Est,2,4,7.0
2015-2016,CRDITED de la Montérégie-Est,2,5,69.0
2015-2016,CRDITED de la Montérégie-Est,2,6,71.0
2015-2016,CRDITED de la Montérégie-Est,2,7,5.0
2015-2016,CRDITED de la Montérégie-Est,2,8,0.0
2015-2016,CRDITED de la Montérégie-Est,2,9,154.0
2015-2016,CRDITED de la Montérégie-Est,3,1,4.0
2015-2016,CRDITED de la Montérégie-Est,3,2,12.0
2015-2016,CRDITED de la Montérégie-Est,3,3,12.0
2015-2016,CRDITED de la Montérégie-Est,3,4,2.0
2015-2016,CRDITED de la Montérégie-Est,3,5,3.0
2015-2016,CRDITED de la Montérégie-Est,3,6,7.0
2015-2016,CRDITED de la Montérégie-Est,3,7,0.0
2015-2016,CRDITED de la Montérégie-Est,3,8,0.0
2015-2016,CRDITED de la Montérégie-Est,3,9,40.0
2015-2016,CRDITED de la Montérégie-Est,4,1,0.0
2015-2016,CRDITED de la Montérégie-Est,4,2,0.0
2015-2016,CRDITED de la Montérégie-Est,4,3,2.0
2015-2016,CRDITED de la Montérégie-Est,4,4,0.0
2015-2016,CRDITED de la Montérégie-Est,4,5,3.0
2015-2016,CRDITED de la Montérégie-Est,4,6,36.0
2015-2016,CRDITED de la Montérégie-Est,4,7,10.0
2015-2016,CRDITED de la Montérégie-Est,4,8,3.0
2015-2016,CRDITED de la Montérégie-Est,4,9,54.0
2015-2016,CRDITED de la Montérégie-Est,5,1,0.0
2015-2016,CRDITED de la Montérégie-Est,5,2,4.0
2015-2016,CRDITED de la Montérégie-Est,5,3,19.0
2015-2016,CRDITED de la Montérégie-Est,5,4,14.0
2015-2016,CRDITED de la Montérégie-Est,5,5,20.0
2015-2016,CRDITED de la Montérégie-Est,5,6,6.0
2015-2016,CRDITED de la Montérégie-Est,5,7,0.0
2015-2016,CRDITED de la Montérégie-Est,5,8,0.0
2015-2016,CRDITED de la Montérégie-Est,5,9,63.0
2015-2016,CRDITED de la Montérégie-Est,7,1,0.0
2015-2016,CRDITED de la Montérégie-Est,7,2,0.0
2015-2016,CRDITED de la Montérégie-Est,7,3,0.0
2015-2016,CRDITED de la Montérégie-Est,7,4,0.0
2015-2016,CRDITED de la Montérégie-Est,7,5,3.0
2015-2016,CRDITED de la Montérégie-Est,7,6,5.0
2015-2016,CRDITED de la Montérégie-Est,7,7,0.0
2015-2016,CRDITED de la Montérégie-Est,7,8,0.0
2015-2016,CRDITED de la Montérégie-Est,7,9,8.0
2015-2016,CRDITED de la Montérégie-Est,8,1,0.0
2015-2016,CRDITED de la Montérégie-Est,8,2,4.0
2015-2016,CRDITED de la Montérégie-Est,8,3,13.0
2015-2016,CRDITED de la Montérégie-Est,8,4,18.0
2015-2016,CRDITED de la Montérégie-Est,8,5,94.0
2015-2016,CRDITED de la Montérégie-Est,8,6,119.0
2015-2016,CRDITED de la Montérégie-Est,8,7,16.0
2015-2016,CRDITED de la Montérégie-Est,8,8,1.0
2015-2016,CRDITED de la Montérégie-Est,8,9,265.0
2015-2016,CRDITED de la Montérégie-Est,9,1,3.0
2015-2016,CRDITED de la Montérégie-Est,9,2,20.0
2015-2016,CRDITED de la Montérégie-Est,9,3,34.0
2015-2016,CRDITED de la Montérégie-Est,9,4,31.0
2015-2016,CRDITED de la Montérégie-Est,9,5,174.0
2015-2016,CRDITED de la Montérégie-Est,9,6,285.0
2015-2016,CRDITED de la Montérégie-Est,9,7,63.0
2015-2016,CRDITED de la Montérégie-Est,9,8,8.0
2015-2016,CRDITED de la Montérégie-Est,9,9,618.0
2015-2016,CRDITED de la Montérégie-Est,10,1,0.0
2015-2016,CRDITED de la Montérégie-Est,10,2,0.0
2015-2016,CRDITED de la Montérégie-Est,10,3,3.0
2015-2016,CRDITED de la Montérégie-Est,10,4,6.0
2015-2016,CRDITED de la Montérégie-Est,10,5,8.0
2015-2016,CRDITED de la Montérégie-Est,10,6,2.0
2015-2016,CRDITED de la Montérégie-Est,10,7,0.0
2015-2016,CRDITED de la Montérégie-Est,10,8,0.0
2015-2016,CRDITED de la Montérégie-Est,10,9,19.0
2015-2016,CRDITED de la Montérégie-Est,12,1,0.0
2015-2016,CRDITED de la Montérégie-Est,12,2,0.0
2015-2016,CRDITED de la Montérégie-Est,12,3,2.0
2015-2016,CRDITED de la Montérégie-Est,12,4,2.0
2015-2016,CRDITED de la Montérégie-Est,12,5,8.0
2015-2016,CRDITED de la Montérégie-Est,12,6,16.0
2015-2016,CRDITED de la Montérégie-Est,12,7,2.0
2015-2016,CRDITED de la Montérégie-Est,12,8,0.0
2015-2016,CRDITED de la Montérégie-Est,12,9,30.0
2015-2016,CRDITED de la Montérégie-Est,13,1,285.0
2015-2016,CRDITED de la Montérégie-Est,13,2,556.0
2015-2016,CRDITED de la Montérégie-Est,13,3,285.0
2015-2016,CRDITED de la Montérégie-Est,13,4,206.0
2015-2016,CRDITED de la Montérégie-Est,13,5,746.0
2015-2016,CRDITED de la Montérégie-Est,13,6,611.0
2015-2016,CRDITED de la Montérégie-Est,13,7,96.0
2015-2016,CRDITED de la Montérégie-Est,13,8,12.0
2015-2016,CRDITED de la Montérégie-Est,13,9,2797.0
2015-2016,CRDITED de la Montérégie-Est,16,1,15.0
2015-2016,CRDITED de la Montérégie-Est,17,1,394.0
2015-2016,CRDITED du Bas-St-Laurent,1,1,67.0
2015-2016,CRDITED du Bas-St-Laurent,1,2,172.0
2015-2016,CRDITED du Bas-St-Laurent,1,3,99.0
2015-2016,CRDITED du Bas-St-Laurent,1,4,36.0
2015-2016,CRDITED du Bas-St-Laurent,1,5,91.0
2015-2016,CRDITED du Bas-St-Laurent,1,6,19.0
2015-2016,CRDITED du Bas-St-Laurent,1,7,0.0
2015-2016,CRDITED du Bas-St-Laurent,1,8,0.0
2015-2016,CRDITED du Bas-St-Laurent,1,9,484.0
2015-2016,CRDITED du Bas-St-Laurent,2,1,1.0
2015-2016,CRDITED du Bas-St-Laurent,2,2,4.0
2015-2016,CRDITED du Bas-St-Laurent,2,3,1.0
2015-2016,CRDITED du Bas-St-Laurent,2,4,3.0
2015-2016,CRDITED du Bas-St-Laurent,2,5,14.0
2015-2016,CRDITED du Bas-St-Laurent,2,6,12.0
2015-2016,CRDITED du Bas-St-Laurent,2,7,0.0
2015-2016,CRDITED du Bas-St-Laurent,2,8,0.0
2015-2016,CRDITED du Bas-St-Laurent,2,9,35.0
2015-2016,CRDITED du Bas-St-Laurent,3,1,0.0
2015-2016,CRDITED du Bas-St-Laurent,3,2,4.0
2015-2016,CRDITED du Bas-St-Laurent,3,3,5.0
2015-2016,CRDITED du Bas-St-Laurent,3,4,0.0
2015-2016,CRDITED du Bas-St-Laurent,3,5,2.0
2015-2016,CRDITED du Bas-St-Laurent,3,6,3.0
2015-2016,CRDITED du Bas-St-Laurent,3,7,1.0
2015-2016,CRDITED du Bas-St-Laurent,3,8,0.0
2015-2016,CRDITED du Bas-St-Laurent,3,9,15.0
2015-2016,CRDITED du Bas-St-Laurent,4,1,0.0
2015-2016,CRDITED du Bas-St-Laurent,4,2,0.0
2015-2016,CRDITED du Bas-St-Laurent,4,3,0.0
2015-2016,CRDITED du Bas-St-Laurent,4,4,4.0
2015-2016,CRDITED du Bas-St-Laurent,4,5,18.0
2015-2016,CRDITED du Bas-St-Laurent,4,6,18.0
2015-2016,CRDITED du Bas-St-Laurent,4,7,1.0
2015-2016,CRDITED du Bas-St-Laurent,4,8,0.0
2015-2016,CRDITED du Bas-St-Laurent,4,9,41.0
2015-2016,CRDITED du Bas-St-Laurent,5,1,0.0
2015-2016,CRDITED du Bas-St-Laurent,5,2,1.0
2015-2016,CRDITED du Bas-St-Laurent,5,3,0.0
2015-2016,CRDITED du Bas-St-Laurent,5,4,1.0
2015-2016,CRDITED du Bas-St-Laurent,5,5,14.0
2015-2016,CRDITED du Bas-St-Laurent,5,6,15.0
2015-2016,CRDITED du Bas-St-Laurent,5,7,0.0
2015-2016,CRDITED du Bas-St-Laurent,5,8,0.0
2015-2016,CRDITED du Bas-St-Laurent,5,9,31.0
2015-2016,CRDITED du Bas-St-Laurent,7,1,0.0
2015-2016,CRDITED du Bas-St-Laurent,7,2,0.0
2015-2016,CRDITED du Bas-St-Laurent,7,3,0.0
2015-2016,CRDITED du Bas-St-Laurent,7,4,0.0
2015-2016,CRDITED du Bas-St-Laurent,7,5,3.0
2015-2016,CRDITED du Bas-St-Laurent,7,6,2.0
2015-2016,CRDITED du Bas-St-Laurent,7,7,0.0
2015-2016,CRDITED du Bas-St-Laurent,7,8,0.0
2015-2016,CRDITED du Bas-St-Laurent,7,9,5.0
2015-2016,CRDITED du Bas-St-Laurent,8,1,0.0
2015-2016,CRDITED du Bas-St-Laurent,8,2,4.0
2015-2016,CRDITED du Bas-St-Laurent,8,3,2.0
2015-2016,CRDITED du Bas-St-Laurent,8,4,4.0
2015-2016,CRDITED du Bas-St-Laurent,8,5,35.0
2015-2016,CRDITED du Bas-St-Laurent,8,6,47.0
2015-2016,CRDITED du Bas-St-Laurent,8,7,4.0
2015-2016,CRDITED du Bas-St-Laurent,8,8,1.0
2015-2016,CRDITED du Bas-St-Laurent,8,9,97.0
2015-2016,CRDITED du Bas-St-Laurent,9,1,2.0
2015-2016,CRDITED du Bas-St-Laurent,9,2,4.0
2015-2016,CRDITED du Bas-St-Laurent,9,3,6.0
2015-2016,CRDITED du Bas-St-Laurent,9,4,8.0
2015-2016,CRDITED du Bas-St-Laurent,9,5,93.0
2015-2016,CRDITED du Bas-St-Laurent,9,6,143.0
2015-2016,CRDITED du Bas-St-Laurent,9,7,7.0
2015-2016,CRDITED du Bas-St-Laurent,9,9,263.0
2015-2016,CRDITED du Bas-St-Laurent,12,1,0.0
2015-2016,CRDITED du Bas-St-Laurent,12,2,1.0
2015-2016,CRDITED du Bas-St-Laurent,12,3,5.0
2015-2016,CRDITED du Bas-St-Laurent,12,4,0.0
2015-2016,CRDITED du Bas-St-Laurent,12,5,12.0
2015-2016,CRDITED du Bas-St-Laurent,12,6,5.0
2015-2016,CRDITED du Bas-St-Laurent,12,7,0.0
2015-2016,CRDITED du Bas-St-Laurent,12,8,1.0
2015-2016,CRDITED du Bas-St-Laurent,12,9,24.0
2015-2016,CRDITED du Bas-St-Laurent,13,1,70.0
2015-2016,CRDITED du Bas-St-Laurent,13,2,190.0
2015-2016,CRDITED du Bas-St-Laurent,13,3,118.0
2015-2016,CRDITED du Bas-St-Laurent,13,4,56.0
2015-2016,CRDITED du Bas-St-Laurent,13,5,282.0
2015-2016,CRDITED du Bas-St-Laurent,13,6,264.0
2015-2016,CRDITED du Bas-St-Laurent,13,7,13.0
2015-2016,CRDITED du Bas-St-Laurent,13,8,2.0
2015-2016,CRDITED du Bas-St-Laurent,13,9,995.0
2015-2016,CRDITED du Bas-St-Laurent,16,1,10.0
2015-2016,CRDITED du Bas-St-Laurent,17,1,110.0
2015-2016,CRDITED du SaguenayLac-St-Jean,1,1,99.0
2015-2016,CRDITED du SaguenayLac-St-Jean,1,2,134.0
2015-2016,CRDITED du SaguenayLac-St-Jean,1,3,57.0
2015-2016,CRDITED du SaguenayLac-St-Jean,1,4,39.0
2015-2016,CRDITED du SaguenayLac-St-Jean,1,5,194.0
2015-2016,CRDITED du SaguenayLac-St-Jean,1,6,48.0
2015-2016,CRDITED du SaguenayLac-St-Jean,1,7,2.0
2015-2016,CRDITED du SaguenayLac-St-Jean,1,8,0.0
2015-2016,CRDITED du SaguenayLac-St-Jean,1,9,573.0
2015-2016,CRDITED du SaguenayLac-St-Jean,2,1,0.0
2015-2016,CRDITED du SaguenayLac-St-Jean,2,2,0.0
2015-2016,CRDITED du SaguenayLac-St-Jean,2,3,3.0
2015-2016,CRDITED du SaguenayLac-St-Jean,2,4,2.0
2015-2016,CRDITED du SaguenayLac-St-Jean,2,5,53.0
2015-2016,CRDITED du SaguenayLac-St-Jean,2,6,35.0
2015-2016,CRDITED du SaguenayLac-St-Jean,2,7,2.0
2015-2016,CRDITED du SaguenayLac-St-Jean,2,8,0.0
2015-2016,CRDITED du SaguenayLac-St-Jean,2,9,95.0
2015-2016,CRDITED du SaguenayLac-St-Jean,3,1,3.0
2015-2016,CRDITED du SaguenayLac-St-Jean,3,2,7.0
2015-2016,CRDITED du SaguenayLac-St-Jean,3,3,5.0
2015-2016,CRDITED du SaguenayLac-St-Jean,3,4,2.0
2015-2016,CRDITED du SaguenayLac-St-Jean,3,5,5.0
2015-2016,CRDITED du SaguenayLac-St-Jean,3,6,4.0
2015-2016,CRDITED du SaguenayLac-St-Jean,3,7,1.0
2015-2016,CRDITED du SaguenayLac-St-Jean,3,8,0.0
2015-2016,CRDITED du SaguenayLac-St-Jean,3,9,27.0
2015-2016,CRDITED du SaguenayLac-St-Jean,4,1,0.0
2015-2016,CRDITED du SaguenayLac-St-Jean,4,2,0.0
2015-2016,CRDITED du SaguenayLac-St-Jean,4,3,0.0
2015-2016,CRDITED du SaguenayLac-St-Jean,4,4,0.0
2015-2016,CRDITED du SaguenayLac-St-Jean,4,5,0.0
2015-2016,CRDITED du SaguenayLac-St-Jean,4,6,0.0
2015-2016,CRDITED du SaguenayLac-St-Jean,4,7,0.0
2015-2016,CRDITED du SaguenayLac-St-Jean,4,8,0.0
2015-2016,CRDITED du SaguenayLac-St-Jean,4,9,0.0
2015-2016,CRDITED du SaguenayLac-St-Jean,5,1,0.0
2015-2016,CRDITED du SaguenayLac-St-Jean,5,2,0.0
2015-2016,CRDITED du SaguenayLac-St-Jean,5,3,2.0
2015-2016,CRDITED du SaguenayLac-St-Jean,5,4,3.0
2015-2016,CRDITED du SaguenayLac-St-Jean,5,5,28.0
2015-2016,CRDITED du SaguenayLac-St-Jean,5,6,35.0
2015-2016,CRDITED du SaguenayLac-St-Jean,5,7,1.0
2015-2016,CRDITED du SaguenayLac-St-Jean,5,8,0.0
2015-2016,CRDITED du SaguenayLac-St-Jean,5,9,69.0
2015-2016,CRDITED du SaguenayLac-St-Jean,6,1,0.0
2015-2016,CRDITED du SaguenayLac-St-Jean,6,2,0.0
2015-2016,CRDITED du SaguenayLac-St-Jean,6,3,0.0
2015-2016,CRDITED du SaguenayLac-St-Jean,6,4,0.0
2015-2016,CRDITED du SaguenayLac-St-Jean,6,5,0.0
2015-2016,CRDITED du SaguenayLac-St-Jean,6,6,0.0
2015-2016,CRDITED du SaguenayLac-St-Jean,6,7,0.0
2015-2016,CRDITED du SaguenayLac-St-Jean,6,8,0.0
2015-2016,CRDITED du SaguenayLac-St-Jean,6,9,0.0
2015-2016,CRDITED du SaguenayLac-St-Jean,7,1,0.0
2015-2016,CRDITED du SaguenayLac-St-Jean,7,2,0.0
2015-2016,CRDITED du SaguenayLac-St-Jean,7,3,0.0
2015-2016,CRDITED du SaguenayLac-St-Jean,7,4,0.0
2015-2016,CRDITED du SaguenayLac-St-Jean,7,5,1.0
2015-2016,CRDITED du SaguenayLac-St-Jean,7,6,2.0
2015-2016,CRDITED du SaguenayLac-St-Jean,7,7,0.0
2015-2016,CRDITED du SaguenayLac-St-Jean,7,8,0.0
2015-2016,CRDITED du SaguenayLac-St-Jean,7,9,3.0
2015-2016,CRDITED du SaguenayLac-St-Jean,8,1,0.0
2015-2016,CRDITED du SaguenayLac-St-Jean,8,2,2.0
2015-2016,CRDITED du SaguenayLac-St-Jean,8,3,8.0
2015-2016,CRDITED du SaguenayLac-St-Jean,8,4,9.0
2015-2016,CRDITED du SaguenayLac-St-Jean,8,5,51.0
2015-2016,CRDITED du SaguenayLac-St-Jean,8,6,64.0
2015-2016,CRDITED du SaguenayLac-St-Jean,8,7,14.0
2015-2016,CRDITED du SaguenayLac-St-Jean,8,8,8.0
2015-2016,CRDITED du SaguenayLac-St-Jean,8,9,156.0
2015-2016,CRDITED du SaguenayLac-St-Jean,9,1,2.0
2015-2016,CRDITED du SaguenayLac-St-Jean,9,2,6.0
2015-2016,CRDITED du SaguenayLac-St-Jean,9,3,10.0
2015-2016,CRDITED du SaguenayLac-St-Jean,9,4,15.0
2015-2016,CRDITED du SaguenayLac-St-Jean,9,5,89.0
2015-2016,CRDITED du SaguenayLac-St-Jean,9,6,188.0
2015-2016,CRDITED du SaguenayLac-St-Jean,9,7,42.0
2015-2016,CRDITED du SaguenayLac-St-Jean,9,8,16.0
2015-2016,CRDITED du SaguenayLac-St-Jean,9,9,368.0
2015-2016,CRDITED du SaguenayLac-St-Jean,10,1,0.0
2015-2016,CRDITED du SaguenayLac-St-Jean,10,2,0.0
2015-2016,CRDITED du SaguenayLac-St-Jean,10,3,0.0
2015-2016,CRDITED du SaguenayLac-St-Jean,10,4,0.0
2015-2016,CRDITED du SaguenayLac-St-Jean,10,5,0.0
2015-2016,CRDITED du SaguenayLac-St-Jean,10,6,0.0
2015-2016,CRDITED du SaguenayLac-St-Jean,10,7,0.0
2015-2016,CRDITED du SaguenayLac-St-Jean,10,8,0.0
2015-2016,CRDITED du SaguenayLac-St-Jean,10,9,0.0
2015-2016,CRDITED du SaguenayLac-St-Jean,11,1,0.0
2015-2016,CRDITED du SaguenayLac-St-Jean,11,2,0.0
2015-2016,CRDITED du SaguenayLac-St-Jean,11,3,0.0
2015-2016,CRDITED du SaguenayLac-St-Jean,11,4,0.0
2015-2016,CRDITED du SaguenayLac-St-Jean,11,5,0.0
2015-2016,CRDITED du SaguenayLac-St-Jean,11,6,0.0
2015-2016,CRDITED du SaguenayLac-St-Jean,11,7,0.0
2015-2016,CRDITED du SaguenayLac-St-Jean,11,8,0.0
2015-2016,CRDITED du SaguenayLac-St-Jean,11,9,0.0
2015-2016,CRDITED du SaguenayLac-St-Jean,12,1,0.0
2015-2016,CRDITED du SaguenayLac-St-Jean,12,2,0.0
2015-2016,CRDITED du SaguenayLac-St-Jean,12,3,0.0
2015-2016,CRDITED du SaguenayLac-St-Jean,12,4,0.0
2015-2016,CRDITED du SaguenayLac-St-Jean,12,5,0.0
2015-2016,CRDITED du SaguenayLac-St-Jean,12,6,0.0
2015-2016,CRDITED du SaguenayLac-St-Jean,12,7,0.0
2015-2016,CRDITED du SaguenayLac-St-Jean,12,8,0.0
2015-2016,CRDITED du SaguenayLac-St-Jean,12,9,0.0
2015-2016,CRDITED du SaguenayLac-St-Jean,13,1,104.0
2015-2016,CRDITED du SaguenayLac-St-Jean,13,2,149.0
2015-2016,CRDITED du SaguenayLac-St-Jean,13,3,85.0
2015-2016,CRDITED du SaguenayLac-St-Jean,13,4,70.0
2015-2016,CRDITED du SaguenayLac-St-Jean,13,5,421.0
2015-2016,CRDITED du SaguenayLac-St-Jean,13,6,376.0
2015-2016,CRDITED du SaguenayLac-St-Jean,13,7,62.0
2015-2016,CRDITED du SaguenayLac-St-Jean,13,8,24.0
2015-2016,CRDITED du SaguenayLac-St-Jean,13,9,1291.0
2015-2016,CRDITED du SaguenayLac-St-Jean,14,1,0.0
2015-2016,CRDITED du SaguenayLac-St-Jean,15,1,0.0
2015-2016,CRDITED du SaguenayLac-St-Jean,16,1,26.0
2015-2016,CRDITED du SaguenayLac-St-Jean,17,1,292.0
2015-2016,CSSS de Charlevoix,1,1,7.0
2015-2016,CSSS de Charlevoix,1,2,21.0
2015-2016,CSSS de Charlevoix,1,3,21.0
2015-2016,CSSS de Charlevoix,1,4,8.0
2015-2016,CSSS de Charlevoix,1,5,27.0
2015-2016,CSSS de Charlevoix,1,6,8.0
2015-2016,CSSS de Charlevoix,1,7,2.0
2015-2016,CSSS de Charlevoix,1,8,0.0
2015-2016,CSSS de Charlevoix,1,9,94.0
2015-2016,CSSS de Charlevoix,2,1,0.0
2015-2016,CSSS de Charlevoix,2,2,0.0
2015-2016,CSSS de Charlevoix,2,3,0.0
2015-2016,CSSS de Charlevoix,2,4,0.0
2015-2016,CSSS de Charlevoix,2,5,5.0
2015-2016,CSSS de Charlevoix,2,6,13.0
2015-2016,CSSS de Charlevoix,2,7,9.0
2015-2016,CSSS de Charlevoix,2,8,3.0
2015-2016,CSSS de Charlevoix,2,9,30.0
2015-2016,CSSS de Charlevoix,3,1,0.0
2015-2016,CSSS de Charlevoix,3,2,0.0
2015-2016,CSSS de Charlevoix,3,3,0.0
2015-2016,CSSS de Charlevoix,3,4,0.0
2015-2016,CSSS de Charlevoix,3,5,0.0
2015-2016,CSSS de Charlevoix,3,6,0.0
2015-2016,CSSS de Charlevoix,3,7,0.0
2015-2016,CSSS de Charlevoix,3,8,0.0
2015-2016,CSSS de Charlevoix,3,9,0.0
2015-2016,CSSS de Charlevoix,4,1,0.0
2015-2016,CSSS de Charlevoix,4,2,0.0
2015-2016,CSSS de Charlevoix,4,3,0.0
2015-2016,CSSS de Charlevoix,4,4,0.0
2015-2016,CSSS de Charlevoix,4,5,0.0
2015-2016,CSSS de Charlevoix,4,6,0.0
2015-2016,CSSS de Charlevoix,4,7,0.0
2015-2016,CSSS de Charlevoix,4,8,0.0
2015-2016,CSSS de Charlevoix,4,9,0.0
2015-2016,CSSS de Charlevoix,5,1,0.0
2015-2016,CSSS de Charlevoix,5,2,0.0
2015-2016,CSSS de Charlevoix,5,3,4.0
2015-2016,CSSS de Charlevoix,5,4,2.0
2015-2016,CSSS de Charlevoix,5,5,10.0
2015-2016,CSSS de Charlevoix,5,6,24.0
2015-2016,CSSS de Charlevoix,5,7,14.0
2015-2016,CSSS de Charlevoix,5,8,3.0
2015-2016,CSSS de Charlevoix,5,9,57.0
2015-2016,CSSS de Charlevoix,6,1,0.0
2015-2016,CSSS de Charlevoix,6,2,0.0
2015-2016,CSSS de Charlevoix,6,3,0.0
2015-2016,CSSS de Charlevoix,6,4,0.0
2015-2016,CSSS de Charlevoix,6,5,0.0
2015-2016,CSSS de Charlevoix,6,6,0.0
2015-2016,CSSS de Charlevoix,6,7,0.0
2015-2016,CSSS de Charlevoix,6,8,0.0
2015-2016,CSSS de Charlevoix,6,9,0.0
2015-2016,CSSS de Charlevoix,7,1,0.0
2015-2016,CSSS de Charlevoix,7,2,0.0
2015-2016,CSSS de Charlevoix,7,3,0.0
2015-2016,CSSS de Charlevoix,7,4,0.0
2015-2016,CSSS de Charlevoix,7,5,0.0
2015-2016,CSSS de Charlevoix,7,6,1.0
2015-2016,CSSS de Charlevoix,7,7,1.0
2015-2016,CSSS de Charlevoix,7,8,0.0
2015-2016,CSSS de Charlevoix,7,9,2.0
2015-2016,CSSS de Charlevoix,8,1,0.0
2015-2016,CSSS de Charlevoix,8,2,0.0
2015-2016,CSSS de Charlevoix,8,3,2.0
2015-2016,CSSS de Charlevoix,8,4,2.0
2015-2016,CSSS de Charlevoix,8,5,6.0
2015-2016,CSSS de Charlevoix,8,6,70.0
2015-2016,CSSS de Charlevoix,8,7,42.0
2015-2016,CSSS de Charlevoix,8,8,14.0
2015-2016,CSSS de Charlevoix,8,9,136.0
2015-2016,CSSS de Charlevoix,9,1,0.0
2015-2016,CSSS de Charlevoix,9,2,2.0
2015-2016,CSSS de Charlevoix,9,3,1.0
2015-2016,CSSS de Charlevoix,9,4,0.0
2015-2016,CSSS de Charlevoix,9,5,8.0
2015-2016,CSSS de Charlevoix,9,6,45.0
2015-2016,CSSS de Charlevoix,9,7,43.0
2015-2016,CSSS de Charlevoix,9,8,11.0
2015-2016,CSSS de Charlevoix,9,9,110.0
2015-2016,CSSS de Charlevoix,10,1,0.0
2015-2016,CSSS de Charlevoix,10,2,0.0
2015-2016,CSSS de Charlevoix,10,3,0.0
2015-2016,CSSS de Charlevoix,10,4,0.0
2015-2016,CSSS de Charlevoix,10,5,0.0
2015-2016,CSSS de Charlevoix,10,6,0.0
2015-2016,CSSS de Charlevoix,10,7,0.0
2015-2016,CSSS de Charlevoix,10,8,0.0
2015-2016,CSSS de Charlevoix,10,9,0.0
2015-2016,CSSS de Charlevoix,11,1,0.0
2015-2016,CSSS de Charlevoix,11,2,0.0
2015-2016,CSSS de Charlevoix,11,3,0.0
2015-2016,CSSS de Charlevoix,11,4,0.0
2015-2016,CSSS de Charlevoix,11,5,0.0
2015-2016,CSSS de Charlevoix,11,6,0.0
2015-2016,CSSS de Charlevoix,11,7,0.0
2015-2016,CSSS de Charlevoix,11,8,0.0
2015-2016,CSSS de Charlevoix,11,9,0.0
2015-2016,CSSS de Charlevoix,12,1,0.0
2015-2016,CSSS de Charlevoix,12,2,0.0
2015-2016,CSSS de Charlevoix,12,3,0.0
2015-2016,CSSS de Charlevoix,12,4,0.0
2015-2016,CSSS de Charlevoix,12,5,0.0
2015-2016,CSSS de Charlevoix,12,6,0.0
2015-2016,CSSS de Charlevoix,12,7,1.0
2015-2016,CSSS de Charlevoix,12,8,1.0
2015-2016,CSSS de Charlevoix,12,9,2.0
2015-2016,CSSS de Charlevoix,13,1,7.0
2015-2016,CSSS de Charlevoix,13,2,23.0
2015-2016,CSSS de Charlevoix,13,3,28.0
2015-2016,CSSS de Charlevoix,13,4,12.0
2015-2016,CSSS de Charlevoix,13,5,56.0
2015-2016,CSSS de Charlevoix,13,6,161.0
2015-2016,CSSS de Charlevoix,13,7,112.0
2015-2016,CSSS de Charlevoix,13,8,32.0
2015-2016,CSSS de Charlevoix,13,9,431.0
2015-2016,CSSS de Charlevoix,14,1,0.0
2015-2016,CSSS de Charlevoix,15,1,0.0
2015-2016,CSSS de Charlevoix,16,1,0.0
2015-2016,CSSS de Charlevoix,17,1,0.0
2015-2016,Centre Miriam,1,1,69.0
2015-2016,Centre Miriam,1,2,202.0
2015-2016,Centre Miriam,1,3,102.0
2015-2016,Centre Miriam,1,4,37.0
2015-2016,Centre Miriam,1,5,89.0
2015-2016,Centre Miriam,1,6,12.0
2015-2016,Centre Miriam,1,7,0.0
2015-2016,Centre Miriam,1,8,0.0
2015-2016,Centre Miriam,1,9,511.0
2015-2016,Centre Miriam,2,1,0.0
2015-2016,Centre Miriam,2,2,1.0
2015-2016,Centre Miriam,2,3,0.0
2015-2016,Centre Miriam,2,4,0.0
2015-2016,Centre Miriam,2,5,5.0
2015-2016,Centre Miriam,2,6,18.0
2015-2016,Centre Miriam,2,7,3.0
2015-2016,Centre Miriam,2,8,0.0
2015-2016,Centre Miriam,2,9,27.0
2015-2016,Centre Miriam,4,1,0.0
2015-2016,Centre Miriam,4,2,0.0
2015-2016,Centre Miriam,4,3,0.0
2015-2016,Centre Miriam,4,4,0.0
2015-2016,Centre Miriam,4,5,1.0
2015-2016,Centre Miriam,4,6,9.0
2015-2016,Centre Miriam,4,7,3.0
2015-2016,Centre Miriam,4,8,0.0
2015-2016,Centre Miriam,4,9,13.0
2015-2016,Centre Miriam,5,1,0.0
2015-2016,Centre Miriam,5,2,0.0
2015-2016,Centre Miriam,5,3,0.0
2015-2016,Centre Miriam,5,4,1.0
2015-2016,Centre Miriam,5,5,18.0
2015-2016,Centre Miriam,5,6,19.0
2015-2016,Centre Miriam,5,7,1.0
2015-2016,Centre Miriam,5,8,0.0
2015-2016,Centre Miriam,5,9,39.0
2015-2016,Centre Miriam,7,1,0.0
2015-2016,Centre Miriam,7,2,0.0
2015-2016,Centre Miriam,7,3,0.0
2015-2016,Centre Miriam,7,4,0.0
2015-2016,Centre Miriam,7,5,1.0
2015-2016,Centre Miriam,7,6,1.0
2015-2016,Centre Miriam,7,7,1.0
2015-2016,Centre Miriam,7,8,1.0
2015-2016,Centre Miriam,7,9,4.0
2015-2016,Centre Miriam,8,1,0.0
2015-2016,Centre Miriam,8,2,2.0
2015-2016,Centre Miriam,8,3,9.0
2015-2016,Centre Miriam,8,4,8.0
2015-2016,Centre Miriam,8,5,58.0
2015-2016,Centre Miriam,8,6,102.0
2015-2016,Centre Miriam,8,7,19.0
2015-2016,Centre Miriam,8,8,2.0
2015-2016,Centre Miriam,8,9,200.0
2015-2016,Centre Miriam,9,1,1.0
2015-2016,Centre Miriam,9,2,1.0
2015-2016,Centre Miriam,9,3,0.0
2015-2016,Centre Miriam,9,4,1.0
2015-2016,Centre Miriam,9,5,15.0
2015-2016,Centre Miriam,9,6,15.0
2015-2016,Centre Miriam,9,7,1.0
2015-2016,Centre Miriam,9,8,0.0
2015-2016,Centre Miriam,9,9,34.0
2015-2016,Centre Miriam,12,1,0.0
2015-2016,Centre Miriam,12,2,0.0
2015-2016,Centre Miriam,12,3,0.0
2015-2016,Centre Miriam,12,4,0.0
2015-2016,Centre Miriam,12,5,2.0
2015-2016,Centre Miriam,12,6,0.0
2015-2016,Centre Miriam,12,7,2.0
2015-2016,Centre Miriam,12,8,0.0
2015-2016,Centre Miriam,12,9,4.0
2015-2016,Centre Miriam,13,1,70.0
2015-2016,Centre Miriam,13,2,206.0
2015-2016,Centre Miriam,13,3,111.0
2015-2016,Centre Miriam,13,4,47.0
2015-2016,Centre Miriam,13,5,189.0
2015-2016,Centre Miriam,13,6,176.0
2015-2016,Centre Miriam,13,7,30.0
2015-2016,Centre Miriam,13,8,3.0
2015-2016,Centre Miriam,13,9,832.0
2015-2016,Centre Miriam,14,1,2.0
2015-2016,Centre Miriam,15,1,1.0
2015-2016,Centre Miriam,16,1,4.0
2015-2016,Centre Miriam,17,1,75.0
2015-2016,Centre du Florès,1,1,105.0
2015-2016,Centre du Florès,1,2,258.0
2015-2016,Centre du Florès,1,3,130.0
2015-2016,Centre du Florès,1,4,89.0
2015-2016,Centre du Florès,1,5,258.0
2015-2016,Centre du Florès,1,6,38.0
2015-2016,Centre du Florès,1,7,4.0
2015-2016,Centre du Florès,1,9,882.0
2015-2016,Centre du Florès,2,3,1.0
2015-2016,Centre du Florès,2,4,1.0
2015-2016,Centre du Florès,2,5,49.0
2015-2016,Centre du Florès,2,6,34.0
2015-2016,Centre du Florès,2,7,2.0
2015-2016,Centre du Florès,2,8,1.0
2015-2016,Centre du Florès,2,9,88.0
2015-2016,Centre du Florès,3,3,1.0
2015-2016,Centre du Florès,3,9,1.0
2015-2016,Centre du Florès,4,2,1.0
2015-2016,Centre du Florès,4,3,8.0
2015-2016,Centre du Florès,4,4,5.0
2015-2016,Centre du Florès,4,5,20.0
2015-2016,Centre du Florès,4,6,6.0
2015-2016,Centre du Florès,4,9,40.0
2015-2016,Centre du Florès,5,3,1.0
2015-2016,Centre du Florès,5,5,2.0
2015-2016,Centre du Florès,5,6,1.0
2015-2016,Centre du Florès,5,9,4.0
2015-2016,Centre du Florès,6,4,2.0
2015-2016,Centre du Florès,6,5,21.0
2015-2016,Centre du Florès,6,6,2.0
2015-2016,Centre du Florès,6,9,25.0
2015-2016,Centre du Florès,7,3,3.0
2015-2016,Centre du Florès,7,5,1.0
2015-2016,Centre du Florès,7,9,4.0
2015-2016,Centre du Florès,8,2,10.0
2015-2016,Centre du Florès,8,3,29.0
2015-2016,Centre du Florès,8,4,25.0
2015-2016,Centre du Florès,8,5,126.0
2015-2016,Centre du Florès,8,6,161.0
2015-2016,Centre du Florès,8,7,28.0
2015-2016,Centre du Florès,8,8,5.0
2015-2016,Centre du Florès,8,9,384.0
2015-2016,Centre du Florès,9,2,11.0
2015-2016,Centre du Florès,9,3,22.0
2015-2016,Centre du Florès,9,4,11.0
2015-2016,Centre du Florès,9,5,57.0
2015-2016,Centre du Florès,9,6,98.0
2015-2016,Centre du Florès,9,7,22.0
2015-2016,Centre du Florès,9,8,4.0
2015-2016,Centre du Florès,9,9,225.0
2015-2016,Centre du Florès,10,3,1.0
2015-2016,Centre du Florès,10,4,1.0
2015-2016,Centre du Florès,10,9,2.0
2015-2016,Centre du Florès,12,3,1.0
2015-2016,Centre du Florès,12,4,7.0
2015-2016,Centre du Florès,12,5,10.0
2015-2016,Centre du Florès,12,6,26.0
2015-2016,Centre du Florès,12,7,2.0
2015-2016,Centre du Florès,12,9,46.0
2015-2016,Centre du Florès,13,1,105.0
2015-2016,Centre du Florès,13,2,280.0
2015-2016,Centre du Florès,13,3,197.0
2015-2016,Centre du Florès,13,4,141.0
2015-2016,Centre du Florès,13,5,544.0
2015-2016,Centre du Florès,13,6,366.0
2015-2016,Centre du Florès,13,7,58.0
2015-2016,Centre du Florès,13,8,10.0
2015-2016,Centre du Florès,13,9,1701.0
2015-2016,Clair Foyer Inc.,1,1,20.0
2015-2016,Clair Foyer Inc.,1,2,52.0
2015-2016,Clair Foyer Inc.,1,3,32.0
2015-2016,Clair Foyer Inc.,1,4,23.0
2015-2016,Clair Foyer Inc.,1,5,48.0
2015-2016,Clair Foyer Inc.,1,6,9.0
2015-2016,Clair Foyer Inc.,1,7,2.0
2015-2016,Clair Foyer Inc.,1,9,186.0
2015-2016,Clair Foyer Inc.,2,1,2.0
2015-2016,Clair Foyer Inc.,2,2,2.0
2015-2016,Clair Foyer Inc.,2,4,2.0
2015-2016,Clair Foyer Inc.,2,5,19.0
2015-2016,Clair Foyer Inc.,2,6,15.0
2015-2016,Clair Foyer Inc.,2,9,40.0
2015-2016,Clair Foyer Inc.,4,5,6.0
2015-2016,Clair Foyer Inc.,4,6,7.0
2015-2016,Clair Foyer Inc.,4,7,2.0
2015-2016,Clair Foyer Inc.,4,9,15.0
2015-2016,Clair Foyer Inc.,5,5,8.0
2015-2016,Clair Foyer Inc.,5,6,3.0
2015-2016,Clair Foyer Inc.,5,7,1.0
2015-2016,Clair Foyer Inc.,5,9,12.0
2015-2016,Clair Foyer Inc.,7,2,1.0
2015-2016,Clair Foyer Inc.,7,7,1.0
2015-2016,Clair Foyer Inc.,7,9,2.0
2015-2016,Clair Foyer Inc.,8,3,3.0
2015-2016,Clair Foyer Inc.,8,4,4.0
2015-2016,Clair Foyer Inc.,8,5,8.0
2015-2016,Clair Foyer Inc.,8,6,6.0
2015-2016,Clair Foyer Inc.,8,8,1.0
2015-2016,Clair Foyer Inc.,8,9,22.0
2015-2016,Clair Foyer Inc.,9,1,1.0
2015-2016,Clair Foyer Inc.,9,2,8.0
2015-2016,Clair Foyer Inc.,9,3,14.0
2015-2016,Clair Foyer Inc.,9,4,19.0
2015-2016,Clair Foyer Inc.,9,5,73.0
2015-2016,Clair Foyer Inc.,9,6,89.0
2015-2016,Clair Foyer Inc.,9,7,14.0
2015-2016,Clair Foyer Inc.,9,8,2.0
2015-2016,Clair Foyer Inc.,9,9,220.0
2015-2016,Clair Foyer Inc.,10,3,3.0
2015-2016,Clair Foyer Inc.,10,4,3.0
2015-2016,Clair Foyer Inc.,10,5,14.0
2015-2016,Clair Foyer Inc.,10,6,7.0
2015-2016,Clair Foyer Inc.,10,7,2.0
2015-2016,Clair Foyer Inc.,10,9,29.0
2015-2016,Clair Foyer Inc.,12,5,2.0
2015-2016,Clair Foyer Inc.,12,6,1.0
2015-2016,Clair Foyer Inc.,12,9,3.0
2015-2016,Clair Foyer Inc.,13,1,23.0
2015-2016,Clair Foyer Inc.,13,2,63.0
2015-2016,Clair Foyer Inc.,13,3,52.0
2015-2016,Clair Foyer Inc.,13,4,51.0
2015-2016,Clair Foyer Inc.,13,5,178.0
2015-2016,Clair Foyer Inc.,13,6,137.0
2015-2016,Clair Foyer Inc.,13,7,22.0
2015-2016,Clair Foyer Inc.,13,8,3.0
2015-2016,Clair Foyer Inc.,13,9,529.0
2015-2016,Clair Foyer Inc.,16,1,1.0
2015-2016,Clair Foyer Inc.,17,1,7.0
2015-2016,Pavillon du Parc,1,1,83.0
2015-2016,Pavillon du Parc,1,2,186.0
2015-2016,Pavillon du Parc,1,3,98.0
2015-2016,Pavillon du Parc,1,4,56.0
2015-2016,Pavillon du Parc,1,5,55.0
2015-2016,Pavillon du Parc,1,6,3.0
2015-2016,Pavillon du Parc,1,9,481.0
2015-2016,Pavillon du Parc,2,4,2.0
2015-2016,Pavillon du Parc,2,5,9.0
2015-2016,Pavillon du Parc,2,6,6.0
2015-2016,Pavillon du Parc,2,9,17.0
2015-2016,Pavillon du Parc,3,1,2.0
2015-2016,Pavillon du Parc,3,2,3.0
2015-2016,Pavillon du Parc,3,3,6.0
2015-2016,Pavillon du Parc,3,4,0.0
2015-2016,Pavillon du Parc,3,5,1.0
2015-2016,Pavillon du Parc,3,6,1.0
2015-2016,Pavillon du Parc,3,9,13.0
2015-2016,Pavillon du Parc,4,5,1.0
2015-2016,Pavillon du Parc,4,6,3.0
2015-2016,Pavillon du Parc,4,9,4.0
2015-2016,Pavillon du Parc,5,3,7.0
2015-2016,Pavillon du Parc,5,4,5.0
2015-2016,Pavillon du Parc,5,5,18.0
2015-2016,Pavillon du Parc,5,6,33.0
2015-2016,Pavillon du Parc,5,9,63.0
2015-2016,Pavillon du Parc,7,5,2.0
2015-2016,Pavillon du Parc,7,6,1.0
2015-2016,Pavillon du Parc,7,9,3.0
2015-2016,Pavillon du Parc,8,3,4.0
2015-2016,Pavillon du Parc,8,4,2.0
2015-2016,Pavillon du Parc,8,5,47.0
2015-2016,Pavillon du Parc,8,6,57.0
2015-2016,Pavillon du Parc,8,7,9.0
2015-2016,Pavillon du Parc,8,8,2.0
2015-2016,Pavillon du Parc,8,9,121.0
2015-2016,Pavillon du Parc,9,1,1.0
2015-2016,Pavillon du Parc,9,2,1.0
2015-2016,Pavillon du Parc,9,3,6.0
2015-2016,Pavillon du Parc,9,4,9.0
2015-2016,Pavillon du Parc,9,5,61.0
2015-2016,Pavillon du Parc,9,6,124.0
2015-2016,Pavillon du Parc,9,7,24.0
2015-2016,Pavillon du Parc,9,8,2.0
2015-2016,Pavillon du Parc,9,9,228.0
2015-2016,Pavillon du Parc,12,3,1.0
2015-2016,Pavillon du Parc,12,4,1.0
2015-2016,Pavillon du Parc,12,5,4.0
2015-2016,Pavillon du Parc,12,6,3.0
2015-2016,Pavillon du Parc,12,9,9.0
2015-2016,Pavillon du Parc,13,1,86.0
2015-2016,Pavillon du Parc,13,2,190.0
2015-2016,Pavillon du Parc,13,3,122.0
2015-2016,Pavillon du Parc,13,4,75.0
2015-2016,Pavillon du Parc,13,5,198.0
2015-2016,Pavillon du Parc,13,6,231.0
2015-2016,Pavillon du Parc,13,7,33.0
2015-2016,Pavillon du Parc,13,8,4.0
2015-2016,Pavillon du Parc,13,9,939.0
2015-2016,Pavillon du Parc,16,1,31.0
2015-2016,Pavillon du Parc,17,1,793.0
2015-2016,Réadaptation du Sud-Ouest et du Renfort,1,1,208.0
2015-2016,Réadaptation du Sud-Ouest et du Renfort,1,2,557.0
2015-2016,Réadaptation du Sud-Ouest et du Renfort,1,3,196.0
2015-2016,Réadaptation du Sud-Ouest et du Renfort,1,4,111.0
2015-2016,Réadaptation du Sud-Ouest et du Renfort,1,5,329.0
2015-2016,Réadaptation du Sud-Ouest et du Renfort,1,6,43.0
2015-2016,Réadaptation du Sud-Ouest et du Renfort,1,9,1444.0
2015-2016,Réadaptation du Sud-Ouest et du Renfort,2,4,4.0
2015-2016,Réadaptation du Sud-Ouest et du Renfort,2,5,57.0
2015-2016,Réadaptation du Sud-Ouest et du Renfort,2,6,51.0
2015-2016,Réadaptation du Sud-Ouest et du Renfort,2,7,1.0
2015-2016,Réadaptation du Sud-Ouest et du Renfort,2,9,113.0
2015-2016,Réadaptation du Sud-Ouest et du Renfort,3,2,3.0
2015-2016,Réadaptation du Sud-Ouest et du Renfort,3,3,13.0
2015-2016,Réadaptation du Sud-Ouest et du Renfort,3,4,3.0
2015-2016,Réadaptation du Sud-Ouest et du Renfort,3,5,4.0
2015-2016,Réadaptation du Sud-Ouest et du Renfort,3,6,6.0
2015-2016,Réadaptation du Sud-Ouest et du Renfort,3,9,29.0
2015-2016,Réadaptation du Sud-Ouest et du Renfort,4,3,1.0
2015-2016,Réadaptation du Sud-Ouest et du Renfort,4,5,1.0
2015-2016,Réadaptation du Sud-Ouest et du Renfort,4,6,7.0
2015-2016,Réadaptation du Sud-Ouest et du Renfort,4,7,1.0
2015-2016,Réadaptation du Sud-Ouest et du Renfort,4,9,10.0
2015-2016,Réadaptation du Sud-Ouest et du Renfort,5,2,2.0
2015-2016,Réadaptation du Sud-Ouest et du Renfort,5,3,8.0
2015-2016,Réadaptation du Sud-Ouest et du Renfort,5,4,5.0
2015-2016,Réadaptation du Sud-Ouest et du Renfort,5,5,26.0
2015-2016,Réadaptation du Sud-Ouest et du Renfort,5,6,12.0
2015-2016,Réadaptation du Sud-Ouest et du Renfort,5,7,1.0
2015-2016,Réadaptation du Sud-Ouest et du Renfort,5,9,54.0
2015-2016,Réadaptation du Sud-Ouest et du Renfort,7,5,2.0
2015-2016,Réadaptation du Sud-Ouest et du Renfort,7,6,1.0
2015-2016,Réadaptation du Sud-Ouest et du Renfort,7,9,3.0
2015-2016,Réadaptation du Sud-Ouest et du Renfort,8,2,11.0
2015-2016,Réadaptation du Sud-Ouest et du Renfort,8,3,17.0
2015-2016,Réadaptation du Sud-Ouest et du Renfort,8,4,17.0
2015-2016,Réadaptation du Sud-Ouest et du Renfort,8,5,63.0
2015-2016,Réadaptation du Sud-Ouest et du Renfort,8,6,76.0
2015-2016,Réadaptation du Sud-Ouest et du Renfort,8,7,4.0
2015-2016,Réadaptation du Sud-Ouest et du Renfort,8,9,188.0
2015-2016,Réadaptation du Sud-Ouest et du Renfort,9,2,5.0
2015-2016,Réadaptation du Sud-Ouest et du Renfort,9,3,7.0
2015-2016,Réadaptation du Sud-Ouest et du Renfort,9,4,12.0
2015-2016,Réadaptation du Sud-Ouest et du Renfort,9,5,117.0
2015-2016,Réadaptation du Sud-Ouest et du Renfort,9,6,156.0
2015-2016,Réadaptation du Sud-Ouest et du Renfort,9,7,19.0
2015-2016,Réadaptation du Sud-Ouest et du Renfort,9,9,316.0
2015-2016,Réadaptation du Sud-Ouest et du Renfort,12,5,1.0
2015-2016,Réadaptation du Sud-Ouest et du Renfort,12,9,1.0
2015-2016,Réadaptation du Sud-Ouest et du Renfort,13,1,208.0
2015-2016,Réadaptation du Sud-Ouest et du Renfort,13,2,578.0
2015-2016,Réadaptation du Sud-Ouest et du Renfort,13,3,242.0
2015-2016,Réadaptation du Sud-Ouest et du Renfort,13,4,152.0
2015-2016,Réadaptation du Sud-Ouest et du Renfort,13,5,600.0
2015-2016,Réadaptation du Sud-Ouest et du Renfort,13,6,352.0
2015-2016,Réadaptation du Sud-Ouest et du Renfort,13,7,26.0
2015-2016,Réadaptation du Sud-Ouest et du Renfort,13,9,2158.0
2016-2017,Atelier Le Fil d'Ariane Inc.,1,5,2.0
2016-2017,Atelier Le Fil d'Ariane Inc.,1,9,2.0
2016-2017,Atelier Le Fil d'Ariane Inc.,2,5,0.0
2016-2017,Atelier Le Fil d'Ariane Inc.,2,9,0.0
2016-2017,Atelier Le Fil d'Ariane Inc.,5,5,6.0
2016-2017,Atelier Le Fil d'Ariane Inc.,5,6,4.0
2016-2017,Atelier Le Fil d'Ariane Inc.,5,9,10.0
2016-2017,Atelier Le Fil d'Ariane Inc.,9,5,1.0
2016-2017,Atelier Le Fil d'Ariane Inc.,9,6,3.0
2016-2017,Atelier Le Fil d'Ariane Inc.,9,9,4.0
2016-2017,Atelier Le Fil d'Ariane Inc.,13,5,9.0
2016-2017,Atelier Le Fil d'Ariane Inc.,13,6,7.0
2016-2017,Atelier Le Fil d'Ariane Inc.,13,9,16.0
2016-2017,CPR de la Côte-Nord,1,1,25.0
2016-2017,CPR de la Côte-Nord,1,2,63.0
2016-2017,CPR de la Côte-Nord,1,3,22.0
2016-2017,CPR de la Côte-Nord,1,4,11.0
2016-2017,CPR de la Côte-Nord,1,5,21.0
2016-2017,CPR de la Côte-Nord,1,6,7.0
2016-2017,CPR de la Côte-Nord,1,9,149.0
2016-2017,CPR de la Côte-Nord,2,1,6.0
2016-2017,CPR de la Côte-Nord,2,2,6.0
2016-2017,CPR de la Côte-Nord,2,9,12.0
2016-2017,CPR de la Côte-Nord,5,3,3.0
2016-2017,CPR de la Côte-Nord,5,4,1.0
2016-2017,CPR de la Côte-Nord,5,5,4.0
2016-2017,CPR de la Côte-Nord,5,6,3.0
2016-2017,CPR de la Côte-Nord,5,9,11.0
2016-2017,CPR de la Côte-Nord,8,3,1.0
2016-2017,CPR de la Côte-Nord,8,4,1.0
2016-2017,CPR de la Côte-Nord,8,5,29.0
2016-2017,CPR de la Côte-Nord,8,6,48.0
2016-2017,CPR de la Côte-Nord,8,7,6.0
2016-2017,CPR de la Côte-Nord,8,8,1.0
2016-2017,CPR de la Côte-Nord,8,9,86.0
2016-2017,CPR de la Côte-Nord,9,1,1.0
2016-2017,CPR de la Côte-Nord,9,2,2.0
2016-2017,CPR de la Côte-Nord,9,4,5.0
2016-2017,CPR de la Côte-Nord,9,5,13.0
2016-2017,CPR de la Côte-Nord,9,6,46.0
2016-2017,CPR de la Côte-Nord,9,7,5.0
2016-2017,CPR de la Côte-Nord,9,8,2.0
2016-2017,CPR de la Côte-Nord,9,9,74.0
2016-2017,CPR de la Côte-Nord,11,8,1.0
2016-2017,CPR de la Côte-Nord,11,9,1.0
2016-2017,CPR de la Côte-Nord,12,6,1.0
2016-2017,CPR de la Côte-Nord,12,7,1.0
2016-2017,CPR de la Côte-Nord,12,9,2.0
2016-2017,CPR de la Côte-Nord,13,1,32.0
2016-2017,CPR de la Côte-Nord,13,2,71.0
2016-2017,CPR de la Côte-Nord,13,3,26.0
2016-2017,CPR de la Côte-Nord,13,4,18.0
2016-2017,CPR de la Côte-Nord,13,5,67.0
2016-2017,CPR de la Côte-Nord,13,6,105.0
2016-2017,CPR de la Côte-Nord,13,7,12.0
2016-2017,CPR de la Côte-Nord,13,8,4.0
2016-2017,CPR de la Côte-Nord,13,9,335.0
2016-2017,CR Estrie Inc.,1,1,3.0
2016-2017,CR Estrie Inc.,1,2,3.0
2016-2017,CR Estrie Inc.,1,3,2.0
2016-2017,CR Estrie Inc.,1,4,0.0
2016-2017,CR Estrie Inc.,1,5,0.0
2016-2017,CR Estrie Inc.,1,6,0.0
2016-2017,CR Estrie Inc.,1,7,0.0
2016-2017,CR Estrie Inc.,1,8,0.0
2016-2017,CR Estrie Inc.,1,9,8.0
2016-2017,CR Estrie Inc.,2,1,0.0
2016-2017,CR Estrie Inc.,2,2,0.0
2016-2017,CR Estrie Inc.,2,3,1.0
2016-2017,CR Estrie Inc.,2,4,0.0
2016-2017,CR Estrie Inc.,2,5,3.0
2016-2017,CR Estrie Inc.,2,6,1.0
2016-2017,CR Estrie Inc.,2,7,1.0
2016-2017,CR Estrie Inc.,2,8,0.0
2016-2017,CR Estrie Inc.,2,9,6.0
2016-2017,CR Estrie Inc.,9,6,1.0
2016-2017,CR Estrie Inc.,9,9,1.0
2016-2017,CR Estrie Inc.,13,1,3.0
2016-2017,CR Estrie Inc.,13,2,3.0
2016-2017,CR Estrie Inc.,13,3,3.0
2016-2017,CR Estrie Inc.,13,4,0.0
2016-2017,CR Estrie Inc.,13,5,3.0
2016-2017,CR Estrie Inc.,13,6,2.0
2016-2017,CR Estrie Inc.,13,7,1.0
2016-2017,CR Estrie Inc.,13,8,0.0
2016-2017,CR Estrie Inc.,13,9,15.0
2016-2017,CR La Maison,1,1,25.0
2016-2017,CR La Maison,1,2,84.0
2016-2017,CR La Maison,1,3,18.0
2016-2017,CR La Maison,1,4,5.0
2016-2017,CR La Maison,1,5,4.0
2016-2017,CR La Maison,1,6,0.0
2016-2017,CR La Maison,1,7,0.0
2016-2017,CR La Maison,1,8,0.0
2016-2017,CR La Maison,1,9,136.0
2016-2017,CR La Maison,2,1,0.0
2016-2017,CR La Maison,2,2,3.0
2016-2017,CR La Maison,2,3,1.0
2016-2017,CR La Maison,2,4,1.0
2016-2017,CR La Maison,2,5,4.0
2016-2017,CR La Maison,2,6,1.0
2016-2017,CR La Maison,2,7,0.0
2016-2017,CR La Maison,2,8,0.0
2016-2017,CR La Maison,2,9,10.0
2016-2017,CR La Maison,3,1,0.0
2016-2017,CR La Maison,3,2,1.0
2016-2017,CR La Maison,3,3,1.0
2016-2017,CR La Maison,3,4,0.0
2016-2017,CR La Maison,3,5,0.0
2016-2017,CR La Maison,3,6,0.0
2016-2017,CR La Maison,3,7,0.0
2016-2017,CR La Maison,3,8,0.0
2016-2017,CR La Maison,3,9,2.0
2016-2017,CR La Maison,8,1,0.0
2016-2017,CR La Maison,8,2,0.0
2016-2017,CR La Maison,8,3,0.0
2016-2017,CR La Maison,8,4,0.0
2016-2017,CR La Maison,8,5,3.0
2016-2017,CR La Maison,8,6,3.0
2016-2017,CR La Maison,8,7,0.0
2016-2017,CR La Maison,8,8,0.0
2016-2017,CR La Maison,8,9,6.0
2016-2017,CR La Maison,9,1,0.0
2016-2017,CR La Maison,9,2,2.0
2016-2017,CR La Maison,9,3,0.0
2016-2017,CR La Maison,9,4,1.0
2016-2017,CR La Maison,9,5,4.0
2016-2017,CR La Maison,9,6,3.0
2016-2017,CR La Maison,9,7,0.0
2016-2017,CR La Maison,9,8,0.0
2016-2017,CR La Maison,9,9,10.0
2016-2017,CR La Maison,10,1,0.0
2016-2017,CR La Maison,10,2,1.0
2016-2017,CR La Maison,10,3,0.0
2016-2017,CR La Maison,10,4,4.0
2016-2017,CR La Maison,10,5,2.0
2016-2017,CR La Maison,10,6,0.0
2016-2017,CR La Maison,10,7,0.0
2016-2017,CR La Maison,10,8,0.0
2016-2017,CR La Maison,10,9,7.0
2016-2017,CR La Maison,12,1,0.0
2016-2017,CR La Maison,12,2,0.0
2016-2017,CR La Maison,12,3,1.0
2016-2017,CR La Maison,12,4,0.0
2016-2017,CR La Maison,12,5,0.0
2016-2017,CR La Maison,12,6,0.0
2016-2017,CR La Maison,12,7,0.0
2016-2017,CR La Maison,12,8,0.0
2016-2017,CR La Maison,12,9,1.0
2016-2017,CR La Maison,13,1,25.0
2016-2017,CR La Maison,13,2,91.0
2016-2017,CR La Maison,13,3,21.0
2016-2017,CR La Maison,13,4,11.0
2016-2017,CR La Maison,13,5,17.0
2016-2017,CR La Maison,13,6,7.0
2016-2017,CR La Maison,13,7,0.0
2016-2017,CR La Maison,13,8,0.0
2016-2017,CR La Maison,13,9,172.0
2016-2017,CR La Myriade,1,1,120.0
2016-2017,CR La Myriade,1,2,220.0
2016-2017,CR La Myriade,1,3,135.0
2016-2017,CR La Myriade,1,4,55.0
2016-2017,CR La Myriade,1,5,65.0
2016-2017,CR La Myriade,1,6,8.0
2016-2017,CR La Myriade,1,7,0.0
2016-2017,CR La Myriade,1,8,0.0
2016-2017,CR La Myriade,1,9,603.0
2016-2017,CR La Myriade,2,1,0.0
2016-2017,CR La Myriade,2,2,0.0
2016-2017,CR La Myriade,2,3,0.0
2016-2017,CR La Myriade,2,4,1.0
2016-2017,CR La Myriade,2,5,23.0
2016-2017,CR La Myriade,2,6,12.0
2016-2017,CR La Myriade,2,7,3.0
2016-2017,CR La Myriade,2,8,0.0
2016-2017,CR La Myriade,2,9,39.0
2016-2017,CR La Myriade,3,1,2.0
2016-2017,CR La Myriade,3,2,6.0
2016-2017,CR La Myriade,3,3,6.0
2016-2017,CR La Myriade,3,4,2.0
2016-2017,CR La Myriade,3,5,0.0
2016-2017,CR La Myriade,3,6,2.0
2016-2017,CR La Myriade,3,7,0.0
2016-2017,CR La Myriade,3,8,0.0
2016-2017,CR La Myriade,3,9,18.0
2016-2017,CR La Myriade,4,1,0.0
2016-2017,CR La Myriade,4,2,0.0
2016-2017,CR La Myriade,4,3,2.0
2016-2017,CR La Myriade,4,4,1.0
2016-2017,CR La Myriade,4,5,4.0
2016-2017,CR La Myriade,4,6,2.0
2016-2017,CR La Myriade,4,7,0.0
2016-2017,CR La Myriade,4,8,0.0
2016-2017,CR La Myriade,4,9,9.0
2016-2017,CR La Myriade,7,1,0.0
2016-2017,CR La Myriade,7,2,0.0
2016-2017,CR La Myriade,7,3,0.0
2016-2017,CR La Myriade,7,4,0.0
2016-2017,CR La Myriade,7,5,0.0
2016-2017,CR La Myriade,7,6,4.0
2016-2017,CR La Myriade,7,7,0.0
2016-2017,CR La Myriade,7,8,0.0
2016-2017,CR La Myriade,7,9,4.0
2016-2017,CR La Myriade,8,1,2.0
2016-2017,CR La Myriade,8,2,8.0
2016-2017,CR La Myriade,8,3,12.0
2016-2017,CR La Myriade,8,4,22.0
2016-2017,CR La Myriade,8,5,108.0
2016-2017,CR La Myriade,8,6,82.0
2016-2017,CR La Myriade,8,7,7.0
2016-2017,CR La Myriade,8,8,2.0
2016-2017,CR La Myriade,8,9,243.0
2016-2017,CR La Myriade,9,1,2.0
2016-2017,CR La Myriade,9,2,3.0
2016-2017,CR La Myriade,9,3,21.0
2016-2017,CR La Myriade,9,4,14.0
2016-2017,CR La Myriade,9,5,97.0
2016-2017,CR La Myriade,9,6,129.0
2016-2017,CR La Myriade,9,7,25.0
2016-2017,CR La Myriade,9,8,8.0
2016-2017,CR La Myriade,9,9,299.0
2016-2017,CR La Myriade,12,1,0.0
2016-2017,CR La Myriade,12,2,0.0
2016-2017,CR La Myriade,12,3,0.0
2016-2017,CR La Myriade,12,4,2.0
2016-2017,CR La Myriade,12,5,6.0
2016-2017,CR La Myriade,12,6,2.0
2016-2017,CR La Myriade,12,7,0.0
2016-2017,CR La Myriade,12,8,0.0
2016-2017,CR La Myriade,12,9,10.0
2016-2017,CR La Myriade,13,1,126.0
2016-2017,CR La Myriade,13,2,237.0
2016-2017,CR La Myriade,13,3,176.0
2016-2017,CR La Myriade,13,4,97.0
2016-2017,CR La Myriade,13,5,303.0
2016-2017,CR La Myriade,13,6,241.0
2016-2017,CR La Myriade,13,7,35.0
2016-2017,CR La Myriade,13,8,10.0
2016-2017,CR La Myriade,13,9,1225.0
2016-2017,CR de l'Ouest de Montréal,1,1,184.0
2016-2017,CR de l'Ouest de Montréal,1,2,304.0
2016-2017,CR de l'Ouest de Montréal,1,3,206.0
2016-2017,CR de l'Ouest de Montréal,1,4,126.0
2016-2017,CR de l'Ouest de Montréal,1,5,317.0
2016-2017,CR de l'Ouest de Montréal,1,6,57.0
2016-2017,CR de l'Ouest de Montréal,1,7,1.0
2016-2017,CR de l'Ouest de Montréal,1,8,0.0
2016-2017,CR de l'Ouest de Montréal,1,9,1195.0
2016-2017,CR de l'Ouest de Montréal,2,1,1.0
2016-2017,CR de l'Ouest de Montréal,2,2,0.0
2016-2017,CR de l'Ouest de Montréal,2,3,0.0
2016-2017,CR de l'Ouest de Montréal,2,4,1.0
2016-2017,CR de l'Ouest de Montréal,2,5,53.0
2016-2017,CR de l'Ouest de Montréal,2,6,57.0
2016-2017,CR de l'Ouest de Montréal,2,7,2.0
2016-2017,CR de l'Ouest de Montréal,2,8,0.0
2016-2017,CR de l'Ouest de Montréal,2,9,114.0
2016-2017,CR de l'Ouest de Montréal,3,1,0.0
2016-2017,CR de l'Ouest de Montréal,3,2,0.0
2016-2017,CR de l'Ouest de Montréal,3,3,1.0
2016-2017,CR de l'Ouest de Montréal,3,4,0.0
2016-2017,CR de l'Ouest de Montréal,3,5,0.0
2016-2017,CR de l'Ouest de Montréal,3,6,5.0
2016-2017,CR de l'Ouest de Montréal,3,7,0.0
2016-2017,CR de l'Ouest de Montréal,3,8,0.0
2016-2017,CR de l'Ouest de Montréal,3,9,6.0
2016-2017,CR de l'Ouest de Montréal,5,1,0.0
2016-2017,CR de l'Ouest de Montréal,5,2,0.0
2016-2017,CR de l'Ouest de Montréal,5,3,1.0
2016-2017,CR de l'Ouest de Montréal,5,4,3.0
2016-2017,CR de l'Ouest de Montréal,5,5,4.0
2016-2017,CR de l'Ouest de Montréal,5,6,5.0
2016-2017,CR de l'Ouest de Montréal,5,7,0.0
2016-2017,CR de l'Ouest de Montréal,5,8,0.0
2016-2017,CR de l'Ouest de Montréal,5,9,13.0
2016-2017,CR de l'Ouest de Montréal,8,1,0.0
2016-2017,CR de l'Ouest de Montréal,8,2,7.0
2016-2017,CR de l'Ouest de Montréal,8,3,32.0
2016-2017,CR de l'Ouest de Montréal,8,4,37.0
2016-2017,CR de l'Ouest de Montréal,8,5,162.0
2016-2017,CR de l'Ouest de Montréal,8,6,184.0
2016-2017,CR de l'Ouest de Montréal,8,7,26.0
2016-2017,CR de l'Ouest de Montréal,8,8,7.0
2016-2017,CR de l'Ouest de Montréal,8,9,455.0
2016-2017,CR de l'Ouest de Montréal,9,1,1.0
2016-2017,CR de l'Ouest de Montréal,9,2,6.0
2016-2017,CR de l'Ouest de Montréal,9,3,9.0
2016-2017,CR de l'Ouest de Montréal,9,4,10.0
2016-2017,CR de l'Ouest de Montréal,9,5,49.0
2016-2017,CR de l'Ouest de Montréal,9,6,48.0
2016-2017,CR de l'Ouest de Montréal,9,7,11.0
2016-2017,CR de l'Ouest de Montréal,9,8,0.0
2016-2017,CR de l'Ouest de Montréal,9,9,134.0
2016-2017,CR de l'Ouest de Montréal,12,1,1.0
2016-2017,CR de l'Ouest de Montréal,12,2,1.0
2016-2017,CR de l'Ouest de Montréal,12,3,2.0
2016-2017,CR de l'Ouest de Montréal,12,4,0.0
2016-2017,CR de l'Ouest de Montréal,12,5,7.0
2016-2017,CR de l'Ouest de Montréal,12,6,8.0
2016-2017,CR de l'Ouest de Montréal,12,7,4.0
2016-2017,CR de l'Ouest de Montréal,12,8,0.0
2016-2017,CR de l'Ouest de Montréal,12,9,23.0
2016-2017,CR de l'Ouest de Montréal,13,1,187.0
2016-2017,CR de l'Ouest de Montréal,13,2,318.0
2016-2017,CR de l'Ouest de Montréal,13,3,251.0
2016-2017,CR de l'Ouest de Montréal,13,4,177.0
2016-2017,CR de l'Ouest de Montréal,13,5,592.0
2016-2017,CR de l'Ouest de Montréal,13,6,364.0
2016-2017,CR de l'Ouest de Montréal,13,7,44.0
2016-2017,CR de l'Ouest de Montréal,13,8,7.0
2016-2017,CR de l'Ouest de Montréal,13,9,1940.0
2016-2017,CR de la Gaspésie,1,1,26.0
2016-2017,CR de la Gaspésie,1,2,55.0
2016-2017,CR de la Gaspésie,1,3,46.0
2016-2017,CR de la Gaspésie,1,4,11.0
2016-2017,CR de la Gaspésie,1,5,44.0
2016-2017,CR de la Gaspésie,1,6,4.0
2016-2017,CR de la Gaspésie,1,7,2.0
2016-2017,CR de la Gaspésie,1,8,0.0
2016-2017,CR de la Gaspésie,1,9,188.0
2016-2017,CR de la Gaspésie,2,1,0.0
2016-2017,CR de la Gaspésie,2,2,0.0
2016-2017,CR de la Gaspésie,2,3,0.0
2016-2017,CR de la Gaspésie,2,4,2.0
2016-2017,CR de la Gaspésie,2,5,3.0
2016-2017,CR de la Gaspésie,2,6,3.0
2016-2017,CR de la Gaspésie,2,7,0.0
2016-2017,CR de la Gaspésie,2,8,0.0
2016-2017,CR de la Gaspésie,2,9,8.0
2016-2017,CR de la Gaspésie,3,1,0.0
2016-2017,CR de la Gaspésie,3,2,0.0
2016-2017,CR de la Gaspésie,3,3,0.0
2016-2017,CR de la Gaspésie,3,4,0.0
2016-2017,CR de la Gaspésie,3,5,0.0
2016-2017,CR de la Gaspésie,3,6,0.0
2016-2017,CR de la Gaspésie,3,7,0.0
2016-2017,CR de la Gaspésie,3,8,0.0
2016-2017,CR de la Gaspésie,3,9,0.0
2016-2017,CR de la Gaspésie,4,1,0.0
2016-2017,CR de la Gaspésie,4,2,0.0
2016-2017,CR de la Gaspésie,4,3,0.0
2016-2017,CR de la Gaspésie,4,4,0.0
2016-2017,CR de la Gaspésie,4,5,0.0
2016-2017,CR de la Gaspésie,4,6,0.0
2016-2017,CR de la Gaspésie,4,7,0.0
2016-2017,CR de la Gaspésie,4,8,0.0
2016-2017,CR de la Gaspésie,4,9,0.0
2016-2017,CR de la Gaspésie,5,1,0.0
2016-2017,CR de la Gaspésie,5,2,0.0
2016-2017,CR de la Gaspésie,5,3,0.0
2016-2017,CR de la Gaspésie,5,4,1.0
2016-2017,CR de la Gaspésie,5,5,3.0
2016-2017,CR de la Gaspésie,5,6,13.0
2016-2017,CR de la Gaspésie,5,7,1.0
2016-2017,CR de la Gaspésie,5,8,0.0
2016-2017,CR de la Gaspésie,5,9,18.0
2016-2017,CR de la Gaspésie,6,1,0.0
2016-2017,CR de la Gaspésie,6,2,0.0
2016-2017,CR de la Gaspésie,6,3,0.0
2016-2017,CR de la Gaspésie,6,4,0.0
2016-2017,CR de la Gaspésie,6,5,0.0
2016-2017,CR de la Gaspésie,6,6,0.0
2016-2017,CR de la Gaspésie,6,7,0.0
2016-2017,CR de la Gaspésie,6,8,0.0
2016-2017,CR de la Gaspésie,6,9,0.0
2016-2017,CR de la Gaspésie,7,1,0.0
2016-2017,CR de la Gaspésie,7,2,0.0
2016-2017,CR de la Gaspésie,7,3,0.0
2016-2017,CR de la Gaspésie,7,4,0.0
2016-2017,CR de la Gaspésie,7,5,0.0
2016-2017,CR de la Gaspésie,7,6,0.0
2016-2017,CR de la Gaspésie,7,7,0.0
2016-2017,CR de la Gaspésie,7,8,0.0
2016-2017,CR de la Gaspésie,7,9,0.0
2016-2017,CR de la Gaspésie,8,1,0.0
2016-2017,CR de la Gaspésie,8,2,0.0
2016-2017,CR de la Gaspésie,8,3,0.0
2016-2017,CR de la Gaspésie,8,4,0.0
2016-2017,CR de la Gaspésie,8,5,8.0
2016-2017,CR de la Gaspésie,8,6,18.0
2016-2017,CR de la Gaspésie,8,7,5.0
2016-2017,CR de la Gaspésie,8,8,3.0
2016-2017,CR de la Gaspésie,8,9,34.0
2016-2017,CR de la Gaspésie,9,1,0.0
2016-2017,CR de la Gaspésie,9,2,4.0
2016-2017,CR de la Gaspésie,9,3,11.0
2016-2017,CR de la Gaspésie,9,4,6.0
2016-2017,CR de la Gaspésie,9,5,31.0
2016-2017,CR de la Gaspésie,9,6,84.0
2016-2017,CR de la Gaspésie,9,7,12.0
2016-2017,CR de la Gaspésie,9,8,8.0
2016-2017,CR de la Gaspésie,9,9,156.0
2016-2017,CR de la Gaspésie,10,1,0.0
2016-2017,CR de la Gaspésie,10,2,0.0
2016-2017,CR de la Gaspésie,10,3,0.0
2016-2017,CR de la Gaspésie,10,4,0.0
2016-2017,CR de la Gaspésie,10,5,0.0
2016-2017,CR de la Gaspésie,10,6,0.0
2016-2017,CR de la Gaspésie,10,7,0.0
2016-2017,CR de la Gaspésie,10,8,0.0
2016-2017,CR de la Gaspésie,10,9,0.0
2016-2017,CR de la Gaspésie,11,1,0.0
2016-2017,CR de la Gaspésie,11,2,0.0
2016-2017,CR de la Gaspésie,11,3,0.0
2016-2017,CR de la Gaspésie,11,4,0.0
2016-2017,CR de la Gaspésie,11,5,0.0
2016-2017,CR de la Gaspésie,11,6,0.0
2016-2017,CR de la Gaspésie,11,7,0.0
2016-2017,CR de la Gaspésie,11,8,0.0
2016-2017,CR de la Gaspésie,11,9,0.0
2016-2017,CR de la Gaspésie,12,1,0.0
2016-2017,CR de la Gaspésie,12,2,0.0
2016-2017,CR de la Gaspésie,12,3,1.0
2016-2017,CR de la Gaspésie,12,4,0.0
2016-2017,CR de la Gaspésie,12,5,1.0
2016-2017,CR de la Gaspésie,12,6,0.0
2016-2017,CR de la Gaspésie,12,7,0.0
2016-2017,CR de la Gaspésie,12,8,0.0
2016-2017,CR de la Gaspésie,12,9,2.0
2016-2017,CR de la Gaspésie,13,1,26.0
2016-2017,CR de la Gaspésie,13,2,59.0
2016-2017,CR de la Gaspésie,13,3,58.0
2016-2017,CR de la Gaspésie,13,4,20.0
2016-2017,CR de la Gaspésie,13,5,90.0
2016-2017,CR de la Gaspésie,13,6,122.0
2016-2017,CR de la Gaspésie,13,7,20.0
2016-2017,CR de la Gaspésie,13,8,11.0
2016-2017,CR de la Gaspésie,13,9,406.0
2016-2017,CR de la Gaspésie,14,1,0.0
2016-2017,CR de la Gaspésie,15,1,0.0
2016-2017,CR de la Gaspésie,16,1,5.0
2016-2017,CR de la Gaspésie,17,1,73.0
2016-2017,CRDI de Québec,1,1,162.0
2016-2017,CRDI de Québec,1,2,414.0
2016-2017,CRDI de Québec,1,3,273.0
2016-2017,CRDI de Québec,1,4,163.0
2016-2017,CRDI de Québec,1,5,398.0
2016-2017,CRDI de Québec,1,6,71.0
2016-2017,CRDI de Québec,1,7,5.0
2016-2017,CRDI de Québec,1,8,2.0
2016-2017,CRDI de Québec,1,9,1488.0
2016-2017,CRDI de Québec,2,3,1.0
2016-2017,CRDI de Québec,2,4,16.0
2016-2017,CRDI de Québec,2,5,130.0
2016-2017,CRDI de Québec,2,6,99.0
2016-2017,CRDI de Québec,2,7,15.0
2016-2017,CRDI de Québec,2,8,2.0
2016-2017,CRDI de Québec,2,9,263.0
2016-2017,CRDI de Québec,3,1,1.0
2016-2017,CRDI de Québec,3,2,2.0
2016-2017,CRDI de Québec,3,3,5.0
2016-2017,CRDI de Québec,3,4,4.0
2016-2017,CRDI de Québec,3,6,1.0
2016-2017,CRDI de Québec,3,9,13.0
2016-2017,CRDI de Québec,5,2,2.0
2016-2017,CRDI de Québec,5,3,10.0
2016-2017,CRDI de Québec,5,4,6.0
2016-2017,CRDI de Québec,5,5,30.0
2016-2017,CRDI de Québec,5,6,19.0
2016-2017,CRDI de Québec,5,7,2.0
2016-2017,CRDI de Québec,5,9,69.0
2016-2017,CRDI de Québec,7,5,5.0
2016-2017,CRDI de Québec,7,6,4.0
2016-2017,CRDI de Québec,7,7,2.0
2016-2017,CRDI de Québec,7,9,11.0
2016-2017,CRDI de Québec,8,2,8.0
2016-2017,CRDI de Québec,8,3,23.0
2016-2017,CRDI de Québec,8,4,30.0
2016-2017,CRDI de Québec,8,5,196.0
2016-2017,CRDI de Québec,8,6,265.0
2016-2017,CRDI de Québec,8,7,52.0
2016-2017,CRDI de Québec,8,8,22.0
2016-2017,CRDI de Québec,8,9,596.0
2016-2017,CRDI de Québec,9,1,1.0
2016-2017,CRDI de Québec,9,2,8.0
2016-2017,CRDI de Québec,9,3,8.0
2016-2017,CRDI de Québec,9,4,11.0
2016-2017,CRDI de Québec,9,5,85.0
2016-2017,CRDI de Québec,9,6,139.0
2016-2017,CRDI de Québec,9,7,41.0
2016-2017,CRDI de Québec,9,8,11.0
2016-2017,CRDI de Québec,9,9,304.0
2016-2017,CRDI de Québec,10,6,1.0
2016-2017,CRDI de Québec,10,9,1.0
2016-2017,CRDI de Québec,11,3,2.0
2016-2017,CRDI de Québec,11,5,2.0
2016-2017,CRDI de Québec,11,6,1.0
2016-2017,CRDI de Québec,11,9,5.0
2016-2017,CRDI de Québec,12,2,2.0
2016-2017,CRDI de Québec,12,3,2.0
2016-2017,CRDI de Québec,12,4,1.0
2016-2017,CRDI de Québec,12,5,11.0
2016-2017,CRDI de Québec,12,6,22.0
2016-2017,CRDI de Québec,12,7,7.0
2016-2017,CRDI de Québec,12,8,3.0
2016-2017,CRDI de Québec,12,9,48.0
2016-2017,CRDI de Québec,13,1,164.0
2016-2017,CRDI de Québec,13,2,436.0
2016-2017,CRDI de Québec,13,3,324.0
2016-2017,CRDI de Québec,13,4,231.0
2016-2017,CRDI de Québec,13,5,857.0
2016-2017,CRDI de Québec,13,6,622.0
2016-2017,CRDI de Québec,13,7,124.0
2016-2017,CRDI de Québec,13,8,40.0
2016-2017,CRDI de Québec,13,9,2798.0
2016-2017,CRDITED Chaudière-Appalaches,1,1,137.0
2016-2017,CRDITED Chaudière-Appalaches,1,2,201.0
2016-2017,CRDITED Chaudière-Appalaches,1,3,70.0
2016-2017,CRDITED Chaudière-Appalaches,1,4,60.0
2016-2017,CRDITED Chaudière-Appalaches,1,5,211.0
2016-2017,CRDITED Chaudière-Appalaches,1,6,26.0
2016-2017,CRDITED Chaudière-Appalaches,1,7,1.0
2016-2017,CRDITED Chaudière-Appalaches,1,8,1.0
2016-2017,CRDITED Chaudière-Appalaches,1,9,707.0
2016-2017,CRDITED Chaudière-Appalaches,2,1,0.0
2016-2017,CRDITED Chaudière-Appalaches,2,2,0.0
2016-2017,CRDITED Chaudière-Appalaches,2,3,1.0
2016-2017,CRDITED Chaudière-Appalaches,2,4,5.0
2016-2017,CRDITED Chaudière-Appalaches,2,5,39.0
2016-2017,CRDITED Chaudière-Appalaches,2,6,31.0
2016-2017,CRDITED Chaudière-Appalaches,2,7,0.0
2016-2017,CRDITED Chaudière-Appalaches,2,8,0.0
2016-2017,CRDITED Chaudière-Appalaches,2,9,76.0
2016-2017,CRDITED Chaudière-Appalaches,3,1,0.0
2016-2017,CRDITED Chaudière-Appalaches,3,2,0.0
2016-2017,CRDITED Chaudière-Appalaches,3,3,0.0
2016-2017,CRDITED Chaudière-Appalaches,3,4,0.0
2016-2017,CRDITED Chaudière-Appalaches,3,5,19.0
2016-2017,CRDITED Chaudière-Appalaches,3,6,30.0
2016-2017,CRDITED Chaudière-Appalaches,3,7,1.0
2016-2017,CRDITED Chaudière-Appalaches,3,8,2.0
2016-2017,CRDITED Chaudière-Appalaches,3,9,52.0
2016-2017,CRDITED Chaudière-Appalaches,4,1,0.0
2016-2017,CRDITED Chaudière-Appalaches,4,2,0.0
2016-2017,CRDITED Chaudière-Appalaches,4,3,0.0
2016-2017,CRDITED Chaudière-Appalaches,4,4,0.0
2016-2017,CRDITED Chaudière-Appalaches,4,5,0.0
2016-2017,CRDITED Chaudière-Appalaches,4,6,0.0
2016-2017,CRDITED Chaudière-Appalaches,4,7,0.0
2016-2017,CRDITED Chaudière-Appalaches,4,8,0.0
2016-2017,CRDITED Chaudière-Appalaches,4,9,0.0
2016-2017,CRDITED Chaudière-Appalaches,5,1,0.0
2016-2017,CRDITED Chaudière-Appalaches,5,2,3.0
2016-2017,CRDITED Chaudière-Appalaches,5,3,4.0
2016-2017,CRDITED Chaudière-Appalaches,5,4,0.0
2016-2017,CRDITED Chaudière-Appalaches,5,5,23.0
2016-2017,CRDITED Chaudière-Appalaches,5,6,5.0
2016-2017,CRDITED Chaudière-Appalaches,5,7,0.0
2016-2017,CRDITED Chaudière-Appalaches,5,8,0.0
2016-2017,CRDITED Chaudière-Appalaches,5,9,35.0
2016-2017,CRDITED Chaudière-Appalaches,6,1,0.0
2016-2017,CRDITED Chaudière-Appalaches,6,2,0.0
2016-2017,CRDITED Chaudière-Appalaches,6,3,0.0
2016-2017,CRDITED Chaudière-Appalaches,6,4,0.0
2016-2017,CRDITED Chaudière-Appalaches,6,5,0.0
2016-2017,CRDITED Chaudière-Appalaches,6,6,0.0
2016-2017,CRDITED Chaudière-Appalaches,6,7,0.0
2016-2017,CRDITED Chaudière-Appalaches,6,8,0.0
2016-2017,CRDITED Chaudière-Appalaches,6,9,0.0
2016-2017,CRDITED Chaudière-Appalaches,7,1,0.0
2016-2017,CRDITED Chaudière-Appalaches,7,2,0.0
2016-2017,CRDITED Chaudière-Appalaches,7,3,0.0
2016-2017,CRDITED Chaudière-Appalaches,7,4,1.0
2016-2017,CRDITED Chaudière-Appalaches,7,5,0.0
2016-2017,CRDITED Chaudière-Appalaches,7,6,4.0
2016-2017,CRDITED Chaudière-Appalaches,7,7,1.0
2016-2017,CRDITED Chaudière-Appalaches,7,8,0.0
2016-2017,CRDITED Chaudière-Appalaches,7,9,6.0
2016-2017,CRDITED Chaudière-Appalaches,8,1,0.0
2016-2017,CRDITED Chaudière-Appalaches,8,2,1.0
2016-2017,CRDITED Chaudière-Appalaches,8,3,8.0
2016-2017,CRDITED Chaudière-Appalaches,8,4,13.0
2016-2017,CRDITED Chaudière-Appalaches,8,5,75.0
2016-2017,CRDITED Chaudière-Appalaches,8,6,112.0
2016-2017,CRDITED Chaudière-Appalaches,8,7,23.0
2016-2017,CRDITED Chaudière-Appalaches,8,8,12.0
2016-2017,CRDITED Chaudière-Appalaches,8,9,244.0
2016-2017,CRDITED Chaudière-Appalaches,9,1,2.0
2016-2017,CRDITED Chaudière-Appalaches,9,2,3.0
2016-2017,CRDITED Chaudière-Appalaches,9,3,9.0
2016-2017,CRDITED Chaudière-Appalaches,9,4,23.0
2016-2017,CRDITED Chaudière-Appalaches,9,5,103.0
2016-2017,CRDITED Chaudière-Appalaches,9,6,112.0
2016-2017,CRDITED Chaudière-Appalaches,9,7,20.0
2016-2017,CRDITED Chaudière-Appalaches,9,8,7.0
2016-2017,CRDITED Chaudière-Appalaches,9,9,279.0
2016-2017,CRDITED Chaudière-Appalaches,10,1,0.0
2016-2017,CRDITED Chaudière-Appalaches,10,2,0.0
2016-2017,CRDITED Chaudière-Appalaches,10,3,0.0
2016-2017,CRDITED Chaudière-Appalaches,10,4,0.0
2016-2017,CRDITED Chaudière-Appalaches,10,5,0.0
2016-2017,CRDITED Chaudière-Appalaches,10,6,0.0
2016-2017,CRDITED Chaudière-Appalaches,10,7,0.0
2016-2017,CRDITED Chaudière-Appalaches,10,8,0.0
2016-2017,CRDITED Chaudière-Appalaches,10,9,0.0
2016-2017,CRDITED Chaudière-Appalaches,11,1,0.0
2016-2017,CRDITED Chaudière-Appalaches,11,2,0.0
2016-2017,CRDITED Chaudière-Appalaches,11,3,0.0
2016-2017,CRDITED Chaudière-Appalaches,11,4,0.0
2016-2017,CRDITED Chaudière-Appalaches,11,5,0.0
2016-2017,CRDITED Chaudière-Appalaches,11,6,0.0
2016-2017,CRDITED Chaudière-Appalaches,11,7,0.0
2016-2017,CRDITED Chaudière-Appalaches,11,8,0.0
2016-2017,CRDITED Chaudière-Appalaches,11,9,0.0
2016-2017,CRDITED Chaudière-Appalaches,12,1,0.0
2016-2017,CRDITED Chaudière-Appalaches,12,2,0.0
2016-2017,CRDITED Chaudière-Appalaches,12,3,1.0
2016-2017,CRDITED Chaudière-Appalaches,12,4,0.0
2016-2017,CRDITED Chaudière-Appalaches,12,5,3.0
2016-2017,CRDITED Chaudière-Appalaches,12,6,2.0
2016-2017,CRDITED Chaudière-Appalaches,12,7,0.0
2016-2017,CRDITED Chaudière-Appalaches,12,8,0.0
2016-2017,CRDITED Chaudière-Appalaches,12,9,6.0
2016-2017,CRDITED Chaudière-Appalaches,13,1,139.0
2016-2017,CRDITED Chaudière-Appalaches,13,2,208.0
2016-2017,CRDITED Chaudière-Appalaches,13,3,93.0
2016-2017,CRDITED Chaudière-Appalaches,13,4,102.0
2016-2017,CRDITED Chaudière-Appalaches,13,5,473.0
2016-2017,CRDITED Chaudière-Appalaches,13,6,322.0
2016-2017,CRDITED Chaudière-Appalaches,13,7,46.0
2016-2017,CRDITED Chaudière-Appalaches,13,8,22.0
2016-2017,CRDITED Chaudière-Appalaches,13,9,1405.0
2016-2017,CRDITED Chaudière-Appalaches,14,1,1.0
2016-2017,CRDITED Chaudière-Appalaches,15,1,11.0
2016-2017,CRDITED Chaudière-Appalaches,16,1,30.0
2016-2017,CRDITED Chaudière-Appalaches,17,1,371.0
2016-2017,CRDITED Mauricie et Centre-du-Québec,1,1,154.0
2016-2017,CRDITED Mauricie et Centre-du-Québec,1,2,267.0
2016-2017,CRDITED Mauricie et Centre-du-Québec,1,3,130.0
2016-2017,CRDITED Mauricie et Centre-du-Québec,1,4,79.0
2016-2017,CRDITED Mauricie et Centre-du-Québec,1,5,317.0
2016-2017,CRDITED Mauricie et Centre-du-Québec,1,6,54.0
2016-2017,CRDITED Mauricie et Centre-du-Québec,1,7,1.0
2016-2017,CRDITED Mauricie et Centre-du-Québec,1,9,1002.0
2016-2017,CRDITED Mauricie et Centre-du-Québec,2,3,3.0
2016-2017,CRDITED Mauricie et Centre-du-Québec,2,4,4.0
2016-2017,CRDITED Mauricie et Centre-du-Québec,2,5,78.0
2016-2017,CRDITED Mauricie et Centre-du-Québec,2,6,40.0
2016-2017,CRDITED Mauricie et Centre-du-Québec,2,7,1.0
2016-2017,CRDITED Mauricie et Centre-du-Québec,2,8,1.0
2016-2017,CRDITED Mauricie et Centre-du-Québec,2,9,127.0
2016-2017,CRDITED Mauricie et Centre-du-Québec,3,1,2.0
2016-2017,CRDITED Mauricie et Centre-du-Québec,3,2,2.0
2016-2017,CRDITED Mauricie et Centre-du-Québec,3,3,6.0
2016-2017,CRDITED Mauricie et Centre-du-Québec,3,4,1.0
2016-2017,CRDITED Mauricie et Centre-du-Québec,3,5,5.0
2016-2017,CRDITED Mauricie et Centre-du-Québec,3,6,12.0
2016-2017,CRDITED Mauricie et Centre-du-Québec,3,7,1.0
2016-2017,CRDITED Mauricie et Centre-du-Québec,3,9,29.0
2016-2017,CRDITED Mauricie et Centre-du-Québec,5,3,1.0
2016-2017,CRDITED Mauricie et Centre-du-Québec,5,4,2.0
2016-2017,CRDITED Mauricie et Centre-du-Québec,5,5,10.0
2016-2017,CRDITED Mauricie et Centre-du-Québec,5,6,8.0
2016-2017,CRDITED Mauricie et Centre-du-Québec,5,7,1.0
2016-2017,CRDITED Mauricie et Centre-du-Québec,5,9,22.0
2016-2017,CRDITED Mauricie et Centre-du-Québec,7,3,2.0
2016-2017,CRDITED Mauricie et Centre-du-Québec,7,4,1.0
2016-2017,CRDITED Mauricie et Centre-du-Québec,7,6,3.0
2016-2017,CRDITED Mauricie et Centre-du-Québec,7,9,6.0
2016-2017,CRDITED Mauricie et Centre-du-Québec,8,2,4.0
2016-2017,CRDITED Mauricie et Centre-du-Québec,8,3,11.0
2016-2017,CRDITED Mauricie et Centre-du-Québec,8,4,10.0
2016-2017,CRDITED Mauricie et Centre-du-Québec,8,5,86.0
2016-2017,CRDITED Mauricie et Centre-du-Québec,8,6,146.0
2016-2017,CRDITED Mauricie et Centre-du-Québec,8,7,39.0
2016-2017,CRDITED Mauricie et Centre-du-Québec,8,8,15.0
2016-2017,CRDITED Mauricie et Centre-du-Québec,8,9,311.0
2016-2017,CRDITED Mauricie et Centre-du-Québec,9,1,5.0
2016-2017,CRDITED Mauricie et Centre-du-Québec,9,2,8.0
2016-2017,CRDITED Mauricie et Centre-du-Québec,9,3,19.0
2016-2017,CRDITED Mauricie et Centre-du-Québec,9,4,20.0
2016-2017,CRDITED Mauricie et Centre-du-Québec,9,5,129.0
2016-2017,CRDITED Mauricie et Centre-du-Québec,9,6,226.0
2016-2017,CRDITED Mauricie et Centre-du-Québec,9,7,77.0
2016-2017,CRDITED Mauricie et Centre-du-Québec,9,8,30.0
2016-2017,CRDITED Mauricie et Centre-du-Québec,9,9,514.0
2016-2017,CRDITED Mauricie et Centre-du-Québec,12,1,4.0
2016-2017,CRDITED Mauricie et Centre-du-Québec,12,2,3.0
2016-2017,CRDITED Mauricie et Centre-du-Québec,12,3,4.0
2016-2017,CRDITED Mauricie et Centre-du-Québec,12,4,2.0
2016-2017,CRDITED Mauricie et Centre-du-Québec,12,5,13.0
2016-2017,CRDITED Mauricie et Centre-du-Québec,12,6,14.0
2016-2017,CRDITED Mauricie et Centre-du-Québec,12,9,40.0
2016-2017,CRDITED Mauricie et Centre-du-Québec,13,1,165.0
2016-2017,CRDITED Mauricie et Centre-du-Québec,13,2,284.0
2016-2017,CRDITED Mauricie et Centre-du-Québec,13,3,176.0
2016-2017,CRDITED Mauricie et Centre-du-Québec,13,4,119.0
2016-2017,CRDITED Mauricie et Centre-du-Québec,13,5,638.0
2016-2017,CRDITED Mauricie et Centre-du-Québec,13,6,503.0
2016-2017,CRDITED Mauricie et Centre-du-Québec,13,7,120.0
2016-2017,CRDITED Mauricie et Centre-du-Québec,13,8,46.0
2016-2017,CRDITED Mauricie et Centre-du-Québec,13,9,2051.0
2016-2017,CRDITED de Laval,1,1,108.0
2016-2017,CRDITED de Laval,1,2,180.0
2016-2017,CRDITED de Laval,1,3,97.0
2016-2017,CRDITED de Laval,1,4,93.0
2016-2017,CRDITED de Laval,1,5,174.0
2016-2017,CRDITED de Laval,1,6,26.0
2016-2017,CRDITED de Laval,1,7,0.0
2016-2017,CRDITED de Laval,1,8,0.0
2016-2017,CRDITED de Laval,1,9,678.0
2016-2017,CRDITED de Laval,2,1,0.0
2016-2017,CRDITED de Laval,2,2,0.0
2016-2017,CRDITED de Laval,2,3,0.0
2016-2017,CRDITED de Laval,2,4,4.0
2016-2017,CRDITED de Laval,2,5,34.0
2016-2017,CRDITED de Laval,2,6,22.0
2016-2017,CRDITED de Laval,2,7,1.0
2016-2017,CRDITED de Laval,2,8,0.0
2016-2017,CRDITED de Laval,2,9,61.0
2016-2017,CRDITED de Laval,3,1,0.0
2016-2017,CRDITED de Laval,3,2,0.0
2016-2017,CRDITED de Laval,3,3,0.0
2016-2017,CRDITED de Laval,3,4,0.0
2016-2017,CRDITED de Laval,3,5,3.0
2016-2017,CRDITED de Laval,3,6,1.0
2016-2017,CRDITED de Laval,3,7,0.0
2016-2017,CRDITED de Laval,3,8,0.0
2016-2017,CRDITED de Laval,3,9,4.0
2016-2017,CRDITED de Laval,4,1,0.0
2016-2017,CRDITED de Laval,4,2,0.0
2016-2017,CRDITED de Laval,4,3,2.0
2016-2017,CRDITED de Laval,4,4,1.0
2016-2017,CRDITED de Laval,4,5,4.0
2016-2017,CRDITED de Laval,4,6,0.0
2016-2017,CRDITED de Laval,4,7,0.0
2016-2017,CRDITED de Laval,4,8,0.0
2016-2017,CRDITED de Laval,4,9,7.0
2016-2017,CRDITED de Laval,5,1,0.0
2016-2017,CRDITED de Laval,5,2,0.0
2016-2017,CRDITED de Laval,5,3,0.0
2016-2017,CRDITED de Laval,5,4,0.0
2016-2017,CRDITED de Laval,5,5,0.0
2016-2017,CRDITED de Laval,5,6,0.0
2016-2017,CRDITED de Laval,5,7,0.0
2016-2017,CRDITED de Laval,5,8,0.0
2016-2017,CRDITED de Laval,5,9,0.0
2016-2017,CRDITED de Laval,6,1,0.0
2016-2017,CRDITED de Laval,6,2,0.0
2016-2017,CRDITED de Laval,6,3,0.0
2016-2017,CRDITED de Laval,6,4,0.0
2016-2017,CRDITED de Laval,6,5,11.0
2016-2017,CRDITED de Laval,6,6,8.0
2016-2017,CRDITED de Laval,6,7,0.0
2016-2017,CRDITED de Laval,6,8,0.0
2016-2017,CRDITED de Laval,6,9,19.0
2016-2017,CRDITED de Laval,7,1,0.0
2016-2017,CRDITED de Laval,7,2,0.0
2016-2017,CRDITED de Laval,7,3,0.0
2016-2017,CRDITED de Laval,7,4,0.0
2016-2017,CRDITED de Laval,7,5,0.0
2016-2017,CRDITED de Laval,7,6,0.0
2016-2017,CRDITED de Laval,7,7,0.0
2016-2017,CRDITED de Laval,7,8,0.0
2016-2017,CRDITED de Laval,7,9,0.0
2016-2017,CRDITED de Laval,8,1,0.0
2016-2017,CRDITED de Laval,8,2,2.0
2016-2017,CRDITED de Laval,8,3,21.0
2016-2017,CRDITED de Laval,8,4,24.0
2016-2017,CRDITED de Laval,8,5,138.0
2016-2017,CRDITED de Laval,8,6,116.0
2016-2017,CRDITED de Laval,8,7,29.0
2016-2017,CRDITED de Laval,8,8,8.0
2016-2017,CRDITED de Laval,8,9,338.0
2016-2017,CRDITED de Laval,9,1,2.0
2016-2017,CRDITED de Laval,9,2,1.0
2016-2017,CRDITED de Laval,9,3,3.0
2016-2017,CRDITED de Laval,9,4,4.0
2016-2017,CRDITED de Laval,9,5,15.0
2016-2017,CRDITED de Laval,9,6,40.0
2016-2017,CRDITED de Laval,9,7,10.0
2016-2017,CRDITED de Laval,9,8,1.0
2016-2017,CRDITED de Laval,9,9,76.0
2016-2017,CRDITED de Laval,10,1,1.0
2016-2017,CRDITED de Laval,10,2,0.0
2016-2017,CRDITED de Laval,10,3,8.0
2016-2017,CRDITED de Laval,10,4,4.0
2016-2017,CRDITED de Laval,10,5,21.0
2016-2017,CRDITED de Laval,10,6,16.0
2016-2017,CRDITED de Laval,10,7,2.0
2016-2017,CRDITED de Laval,10,8,1.0
2016-2017,CRDITED de Laval,10,9,53.0
2016-2017,CRDITED de Laval,11,1,0.0
2016-2017,CRDITED de Laval,11,2,0.0
2016-2017,CRDITED de Laval,11,3,5.0
2016-2017,CRDITED de Laval,11,4,0.0
2016-2017,CRDITED de Laval,11,5,0.0
2016-2017,CRDITED de Laval,11,6,0.0
2016-2017,CRDITED de Laval,11,7,0.0
2016-2017,CRDITED de Laval,11,8,0.0
2016-2017,CRDITED de Laval,11,9,5.0
2016-2017,CRDITED de Laval,12,1,0.0
2016-2017,CRDITED de Laval,12,2,0.0
2016-2017,CRDITED de Laval,12,3,1.0
2016-2017,CRDITED de Laval,12,4,2.0
2016-2017,CRDITED de Laval,12,5,1.0
2016-2017,CRDITED de Laval,12,6,1.0
2016-2017,CRDITED de Laval,12,7,0.0
2016-2017,CRDITED de Laval,12,8,0.0
2016-2017,CRDITED de Laval,12,9,5.0
2016-2017,CRDITED de Laval,13,1,111.0
2016-2017,CRDITED de Laval,13,2,183.0
2016-2017,CRDITED de Laval,13,3,137.0
2016-2017,CRDITED de Laval,13,4,132.0
2016-2017,CRDITED de Laval,13,5,401.0
2016-2017,CRDITED de Laval,13,6,230.0
2016-2017,CRDITED de Laval,13,7,42.0
2016-2017,CRDITED de Laval,13,8,10.0
2016-2017,CRDITED de Laval,13,9,1246.0
2016-2017,CRDITED de Montréal,1,1,267.0
2016-2017,CRDITED de Montréal,1,2,473.0
2016-2017,CRDITED de Montréal,1,3,309.0
2016-2017,CRDITED de Montréal,1,4,185.0
2016-2017,CRDITED de Montréal,1,5,613.0
2016-2017,CRDITED de Montréal,1,6,135.0
2016-2017,CRDITED de Montréal,1,7,3.0
2016-2017,CRDITED de Montréal,1,8,0.0
2016-2017,CRDITED de Montréal,1,9,1985.0
2016-2017,CRDITED de Montréal,2,1,0.0
2016-2017,CRDITED de Montréal,2,2,2.0
2016-2017,CRDITED de Montréal,2,3,2.0
2016-2017,CRDITED de Montréal,2,4,6.0
2016-2017,CRDITED de Montréal,2,5,113.0
2016-2017,CRDITED de Montréal,2,6,104.0
2016-2017,CRDITED de Montréal,2,7,10.0
2016-2017,CRDITED de Montréal,2,8,1.0
2016-2017,CRDITED de Montréal,2,9,238.0
2016-2017,CRDITED de Montréal,3,1,1.0
2016-2017,CRDITED de Montréal,3,2,0.0
2016-2017,CRDITED de Montréal,3,3,3.0
2016-2017,CRDITED de Montréal,3,4,0.0
2016-2017,CRDITED de Montréal,3,5,4.0
2016-2017,CRDITED de Montréal,3,6,3.0
2016-2017,CRDITED de Montréal,3,7,1.0
2016-2017,CRDITED de Montréal,3,8,0.0
2016-2017,CRDITED de Montréal,3,9,12.0
2016-2017,CRDITED de Montréal,4,1,1.0
2016-2017,CRDITED de Montréal,4,2,7.0
2016-2017,CRDITED de Montréal,4,3,11.0
2016-2017,CRDITED de Montréal,4,4,6.0
2016-2017,CRDITED de Montréal,4,5,33.0
2016-2017,CRDITED de Montréal,4,6,28.0
2016-2017,CRDITED de Montréal,4,7,3.0
2016-2017,CRDITED de Montréal,4,8,0.0
2016-2017,CRDITED de Montréal,4,9,89.0
2016-2017,CRDITED de Montréal,5,1,0.0
2016-2017,CRDITED de Montréal,5,2,0.0
2016-2017,CRDITED de Montréal,5,3,1.0
2016-2017,CRDITED de Montréal,5,4,12.0
2016-2017,CRDITED de Montréal,5,5,50.0
2016-2017,CRDITED de Montréal,5,6,33.0
2016-2017,CRDITED de Montréal,5,7,4.0
2016-2017,CRDITED de Montréal,5,8,1.0
2016-2017,CRDITED de Montréal,5,9,101.0
2016-2017,CRDITED de Montréal,6,1,0.0
2016-2017,CRDITED de Montréal,6,2,0.0
2016-2017,CRDITED de Montréal,6,3,0.0
2016-2017,CRDITED de Montréal,6,4,0.0
2016-2017,CRDITED de Montréal,6,5,0.0
2016-2017,CRDITED de Montréal,6,6,0.0
2016-2017,CRDITED de Montréal,6,7,0.0
2016-2017,CRDITED de Montréal,6,8,0.0
2016-2017,CRDITED de Montréal,6,9,0.0
2016-2017,CRDITED de Montréal,7,1,0.0
2016-2017,CRDITED de Montréal,7,2,1.0
2016-2017,CRDITED de Montréal,7,3,1.0
2016-2017,CRDITED de Montréal,7,4,1.0
2016-2017,CRDITED de Montréal,7,5,1.0
2016-2017,CRDITED de Montréal,7,6,0.0
2016-2017,CRDITED de Montréal,7,7,0.0
2016-2017,CRDITED de Montréal,7,8,0.0
2016-2017,CRDITED de Montréal,7,9,4.0
2016-2017,CRDITED de Montréal,8,1,0.0
2016-2017,CRDITED de Montréal,8,2,14.0
2016-2017,CRDITED de Montréal,8,3,67.0
2016-2017,CRDITED de Montréal,8,4,70.0
2016-2017,CRDITED de Montréal,8,5,373.0
2016-2017,CRDITED de Montréal,8,6,800.0
2016-2017,CRDITED de Montréal,8,7,128.0
2016-2017,CRDITED de Montréal,8,8,18.0
2016-2017,CRDITED de Montréal,8,9,1470.0
2016-2017,CRDITED de Montréal,9,1,10.0
2016-2017,CRDITED de Montréal,9,2,21.0
2016-2017,CRDITED de Montréal,9,3,24.0
2016-2017,CRDITED de Montréal,9,4,18.0
2016-2017,CRDITED de Montréal,9,5,68.0
2016-2017,CRDITED de Montréal,9,6,131.0
2016-2017,CRDITED de Montréal,9,7,36.0
2016-2017,CRDITED de Montréal,9,8,6.0
2016-2017,CRDITED de Montréal,9,9,314.0
2016-2017,CRDITED de Montréal,10,1,0.0
2016-2017,CRDITED de Montréal,10,2,0.0
2016-2017,CRDITED de Montréal,10,3,0.0
2016-2017,CRDITED de Montréal,10,4,0.0
2016-2017,CRDITED de Montréal,10,5,7.0
2016-2017,CRDITED de Montréal,10,6,38.0
2016-2017,CRDITED de Montréal,10,7,3.0
2016-2017,CRDITED de Montréal,10,8,0.0
2016-2017,CRDITED de Montréal,10,9,48.0
2016-2017,CRDITED de Montréal,11,1,0.0
2016-2017,CRDITED de Montréal,11,2,5.0
2016-2017,CRDITED de Montréal,11,3,9.0
2016-2017,CRDITED de Montréal,11,4,0.0
2016-2017,CRDITED de Montréal,11,5,0.0
2016-2017,CRDITED de Montréal,11,6,0.0
2016-2017,CRDITED de Montréal,11,7,0.0
2016-2017,CRDITED de Montréal,11,8,0.0
2016-2017,CRDITED de Montréal,11,9,14.0
2016-2017,CRDITED de Montréal,12,1,1.0
2016-2017,CRDITED de Montréal,12,2,1.0
2016-2017,CRDITED de Montréal,12,3,5.0
2016-2017,CRDITED de Montréal,12,4,5.0
2016-2017,CRDITED de Montréal,12,5,26.0
2016-2017,CRDITED de Montréal,12,6,21.0
2016-2017,CRDITED de Montréal,12,7,4.0
2016-2017,CRDITED de Montréal,12,8,0.0
2016-2017,CRDITED de Montréal,12,9,63.0
2016-2017,CRDITED de Montréal,13,1,280.0
2016-2017,CRDITED de Montréal,13,2,524.0
2016-2017,CRDITED de Montréal,13,3,432.0
2016-2017,CRDITED de Montréal,13,4,303.0
2016-2017,CRDITED de Montréal,13,5,1288.0
2016-2017,CRDITED de Montréal,13,6,1293.0
2016-2017,CRDITED de Montréal,13,7,192.0
2016-2017,CRDITED de Montréal,13,8,26.0
2016-2017,CRDITED de Montréal,13,9,4338.0
2016-2017,CRDITED de Montréal,14,1,7.0
2016-2017,CRDITED de Montréal,15,1,17.0
2016-2017,CRDITED de Montréal,16,1,12.0
2016-2017,CRDITED de Montréal,17,1,650.0
2016-2017,CRDITED de l'Estrie,1,1,55.0
2016-2017,CRDITED de l'Estrie,1,2,61.0
2016-2017,CRDITED de l'Estrie,1,3,33.0
2016-2017,CRDITED de l'Estrie,1,4,30.0
2016-2017,CRDITED de l'Estrie,1,5,178.0
2016-2017,CRDITED de l'Estrie,1,6,37.0
2016-2017,CRDITED de l'Estrie,1,7,1.0
2016-2017,CRDITED de l'Estrie,1,8,0.0
2016-2017,CRDITED de l'Estrie,1,9,395.0
2016-2017,CRDITED de l'Estrie,2,1,0.0
2016-2017,CRDITED de l'Estrie,2,2,0.0
2016-2017,CRDITED de l'Estrie,2,3,0.0
2016-2017,CRDITED de l'Estrie,2,4,9.0
2016-2017,CRDITED de l'Estrie,2,5,27.0
2016-2017,CRDITED de l'Estrie,2,6,25.0
2016-2017,CRDITED de l'Estrie,2,7,1.0
2016-2017,CRDITED de l'Estrie,2,8,0.0
2016-2017,CRDITED de l'Estrie,2,9,62.0
2016-2017,CRDITED de l'Estrie,3,1,0.0
2016-2017,CRDITED de l'Estrie,3,2,4.0
2016-2017,CRDITED de l'Estrie,3,3,7.0
2016-2017,CRDITED de l'Estrie,3,4,1.0
2016-2017,CRDITED de l'Estrie,3,5,5.0
2016-2017,CRDITED de l'Estrie,3,6,7.0
2016-2017,CRDITED de l'Estrie,3,7,1.0
2016-2017,CRDITED de l'Estrie,3,8,0.0
2016-2017,CRDITED de l'Estrie,3,9,25.0
2016-2017,CRDITED de l'Estrie,4,1,0.0
2016-2017,CRDITED de l'Estrie,4,2,0.0
2016-2017,CRDITED de l'Estrie,4,3,0.0
2016-2017,CRDITED de l'Estrie,4,4,0.0
2016-2017,CRDITED de l'Estrie,4,5,0.0
2016-2017,CRDITED de l'Estrie,4,6,0.0
2016-2017,CRDITED de l'Estrie,4,7,0.0
2016-2017,CRDITED de l'Estrie,4,8,0.0
2016-2017,CRDITED de l'Estrie,4,9,0.0
2016-2017,CRDITED de l'Estrie,5,1,0.0
2016-2017,CRDITED de l'Estrie,5,2,0.0
2016-2017,CRDITED de l'Estrie,5,3,5.0
2016-2017,CRDITED de l'Estrie,5,4,1.0
2016-2017,CRDITED de l'Estrie,5,5,15.0
2016-2017,CRDITED de l'Estrie,5,6,9.0
2016-2017,CRDITED de l'Estrie,5,7,0.0
2016-2017,CRDITED de l'Estrie,5,8,0.0
2016-2017,CRDITED de l'Estrie,5,9,30.0
2016-2017,CRDITED de l'Estrie,6,1,0.0
2016-2017,CRDITED de l'Estrie,6,2,0.0
2016-2017,CRDITED de l'Estrie,6,3,0.0
2016-2017,CRDITED de l'Estrie,6,4,0.0
2016-2017,CRDITED de l'Estrie,6,5,0.0
2016-2017,CRDITED de l'Estrie,6,6,7.0
2016-2017,CRDITED de l'Estrie,6,7,3.0
2016-2017,CRDITED de l'Estrie,6,8,0.0
2016-2017,CRDITED de l'Estrie,6,9,10.0
2016-2017,CRDITED de l'Estrie,7,1,0.0
2016-2017,CRDITED de l'Estrie,7,2,0.0
2016-2017,CRDITED de l'Estrie,7,3,0.0
2016-2017,CRDITED de l'Estrie,7,4,0.0
2016-2017,CRDITED de l'Estrie,7,5,2.0
2016-2017,CRDITED de l'Estrie,7,6,3.0
2016-2017,CRDITED de l'Estrie,7,7,0.0
2016-2017,CRDITED de l'Estrie,7,8,0.0
2016-2017,CRDITED de l'Estrie,7,9,5.0
2016-2017,CRDITED de l'Estrie,8,1,0.0
2016-2017,CRDITED de l'Estrie,8,2,3.0
2016-2017,CRDITED de l'Estrie,8,3,1.0
2016-2017,CRDITED de l'Estrie,8,4,0.0
2016-2017,CRDITED de l'Estrie,8,5,26.0
2016-2017,CRDITED de l'Estrie,8,6,39.0
2016-2017,CRDITED de l'Estrie,8,7,8.0
2016-2017,CRDITED de l'Estrie,8,8,1.0
2016-2017,CRDITED de l'Estrie,8,9,78.0
2016-2017,CRDITED de l'Estrie,9,1,0.0
2016-2017,CRDITED de l'Estrie,9,2,5.0
2016-2017,CRDITED de l'Estrie,9,3,14.0
2016-2017,CRDITED de l'Estrie,9,4,20.0
2016-2017,CRDITED de l'Estrie,9,5,135.0
2016-2017,CRDITED de l'Estrie,9,6,192.0
2016-2017,CRDITED de l'Estrie,9,7,61.0
2016-2017,CRDITED de l'Estrie,9,8,6.0
2016-2017,CRDITED de l'Estrie,9,9,433.0
2016-2017,CRDITED de l'Estrie,10,1,0.0
2016-2017,CRDITED de l'Estrie,10,2,0.0
2016-2017,CRDITED de l'Estrie,10,3,0.0
2016-2017,CRDITED de l'Estrie,10,4,0.0
2016-2017,CRDITED de l'Estrie,10,5,0.0
2016-2017,CRDITED de l'Estrie,10,6,0.0
2016-2017,CRDITED de l'Estrie,10,7,0.0
2016-2017,CRDITED de l'Estrie,10,8,0.0
2016-2017,CRDITED de l'Estrie,10,9,0.0
2016-2017,CRDITED de l'Estrie,11,1,0.0
2016-2017,CRDITED de l'Estrie,11,2,0.0
2016-2017,CRDITED de l'Estrie,11,3,0.0
2016-2017,CRDITED de l'Estrie,11,4,0.0
2016-2017,CRDITED de l'Estrie,11,5,0.0
2016-2017,CRDITED de l'Estrie,11,6,0.0
2016-2017,CRDITED de l'Estrie,11,7,0.0
2016-2017,CRDITED de l'Estrie,11,8,0.0
2016-2017,CRDITED de l'Estrie,11,9,0.0
2016-2017,CRDITED de l'Estrie,12,1,0.0
2016-2017,CRDITED de l'Estrie,12,2,0.0
2016-2017,CRDITED de l'Estrie,12,3,1.0
2016-2017,CRDITED de l'Estrie,12,4,2.0
2016-2017,CRDITED de l'Estrie,12,5,9.0
2016-2017,CRDITED de l'Estrie,12,6,16.0
2016-2017,CRDITED de l'Estrie,12,7,5.0
2016-2017,CRDITED de l'Estrie,12,8,1.0
2016-2017,CRDITED de l'Estrie,12,9,34.0
2016-2017,CRDITED de l'Estrie,13,1,55.0
2016-2017,CRDITED de l'Estrie,13,2,73.0
2016-2017,CRDITED de l'Estrie,13,3,61.0
2016-2017,CRDITED de l'Estrie,13,4,63.0
2016-2017,CRDITED de l'Estrie,13,5,397.0
2016-2017,CRDITED de l'Estrie,13,6,335.0
2016-2017,CRDITED de l'Estrie,13,7,80.0
2016-2017,CRDITED de l'Estrie,13,8,8.0
2016-2017,CRDITED de l'Estrie,13,9,1072.0
2016-2017,CRDITED de l'Estrie,14,1,0.0
2016-2017,CRDITED de l'Estrie,15,1,0.0
2016-2017,CRDITED de l'Estrie,16,1,35.0
2016-2017,CRDITED de l'Estrie,17,1,218.0
2016-2017,CRDITED de la Montérégie-Est,1,1,436.0
2016-2017,CRDITED de la Montérégie-Est,1,2,707.0
2016-2017,CRDITED de la Montérégie-Est,1,3,220.0
2016-2017,CRDITED de la Montérégie-Est,1,4,97.0
2016-2017,CRDITED de la Montérégie-Est,1,5,333.0
2016-2017,CRDITED de la Montérégie-Est,1,6,57.0
2016-2017,CRDITED de la Montérégie-Est,1,7,0.0
2016-2017,CRDITED de la Montérégie-Est,1,8,0.0
2016-2017,CRDITED de la Montérégie-Est,1,9,1850.0
2016-2017,CRDITED de la Montérégie-Est,2,1,0.0
2016-2017,CRDITED de la Montérégie-Est,2,2,1.0
2016-2017,CRDITED de la Montérégie-Est,2,3,4.0
2016-2017,CRDITED de la Montérégie-Est,2,4,6.0
2016-2017,CRDITED de la Montérégie-Est,2,5,74.0
2016-2017,CRDITED de la Montérégie-Est,2,6,62.0
2016-2017,CRDITED de la Montérégie-Est,2,7,8.0
2016-2017,CRDITED de la Montérégie-Est,2,8,1.0
2016-2017,CRDITED de la Montérégie-Est,2,9,156.0
2016-2017,CRDITED de la Montérégie-Est,3,1,4.0
2016-2017,CRDITED de la Montérégie-Est,3,2,14.0
2016-2017,CRDITED de la Montérégie-Est,3,3,11.0
2016-2017,CRDITED de la Montérégie-Est,3,4,4.0
2016-2017,CRDITED de la Montérégie-Est,3,5,11.0
2016-2017,CRDITED de la Montérégie-Est,3,6,5.0
2016-2017,CRDITED de la Montérégie-Est,3,7,1.0
2016-2017,CRDITED de la Montérégie-Est,3,8,0.0
2016-2017,CRDITED de la Montérégie-Est,3,9,50.0
2016-2017,CRDITED de la Montérégie-Est,4,1,0.0
2016-2017,CRDITED de la Montérégie-Est,4,2,0.0
2016-2017,CRDITED de la Montérégie-Est,4,3,2.0
2016-2017,CRDITED de la Montérégie-Est,4,4,0.0
2016-2017,CRDITED de la Montérégie-Est,4,5,5.0
2016-2017,CRDITED de la Montérégie-Est,4,6,37.0
2016-2017,CRDITED de la Montérégie-Est,4,7,9.0
2016-2017,CRDITED de la Montérégie-Est,4,8,2.0
2016-2017,CRDITED de la Montérégie-Est,4,9,55.0
2016-2017,CRDITED de la Montérégie-Est,5,1,0.0
2016-2017,CRDITED de la Montérégie-Est,5,2,2.0
2016-2017,CRDITED de la Montérégie-Est,5,3,19.0
2016-2017,CRDITED de la Montérégie-Est,5,4,12.0
2016-2017,CRDITED de la Montérégie-Est,5,5,17.0
2016-2017,CRDITED de la Montérégie-Est,5,6,7.0
2016-2017,CRDITED de la Montérégie-Est,5,7,0.0
2016-2017,CRDITED de la Montérégie-Est,5,8,0.0
2016-2017,CRDITED de la Montérégie-Est,5,9,57.0
2016-2017,CRDITED de la Montérégie-Est,6,1,0.0
2016-2017,CRDITED de la Montérégie-Est,6,2,0.0
2016-2017,CRDITED de la Montérégie-Est,6,3,0.0
2016-2017,CRDITED de la Montérégie-Est,6,4,0.0
2016-2017,CRDITED de la Montérégie-Est,6,5,0.0
2016-2017,CRDITED de la Montérégie-Est,6,6,0.0
2016-2017,CRDITED de la Montérégie-Est,6,7,0.0
2016-2017,CRDITED de la Montérégie-Est,6,8,0.0
2016-2017,CRDITED de la Montérégie-Est,6,9,0.0
2016-2017,CRDITED de la Montérégie-Est,7,1,0.0
2016-2017,CRDITED de la Montérégie-Est,7,2,0.0
2016-2017,CRDITED de la Montérégie-Est,7,3,0.0
2016-2017,CRDITED de la Montérégie-Est,7,4,1.0
2016-2017,CRDITED de la Montérégie-Est,7,5,1.0
2016-2017,CRDITED de la Montérégie-Est,7,6,5.0
2016-2017,CRDITED de la Montérégie-Est,7,7,5.0
2016-2017,CRDITED de la Montérégie-Est,7,8,0.0
2016-2017,CRDITED de la Montérégie-Est,7,9,12.0
2016-2017,CRDITED de la Montérégie-Est,8,1,0.0
2016-2017,CRDITED de la Montérégie-Est,8,2,4.0
2016-2017,CRDITED de la Montérégie-Est,8,3,9.0
2016-2017,CRDITED de la Montérégie-Est,8,4,16.0
2016-2017,CRDITED de la Montérégie-Est,8,5,100.0
2016-2017,CRDITED de la Montérégie-Est,8,6,118.0
2016-2017,CRDITED de la Montérégie-Est,8,7,20.0
2016-2017,CRDITED de la Montérégie-Est,8,8,2.0
2016-2017,CRDITED de la Montérégie-Est,8,9,269.0
2016-2017,CRDITED de la Montérégie-Est,9,1,2.0
2016-2017,CRDITED de la Montérégie-Est,9,2,27.0
2016-2017,CRDITED de la Montérégie-Est,9,3,40.0
2016-2017,CRDITED de la Montérégie-Est,9,4,28.0
2016-2017,CRDITED de la Montérégie-Est,9,5,178.0
2016-2017,CRDITED de la Montérégie-Est,9,6,280.0
2016-2017,CRDITED de la Montérégie-Est,9,7,63.0
2016-2017,CRDITED de la Montérégie-Est,9,8,9.0
2016-2017,CRDITED de la Montérégie-Est,9,9,627.0
2016-2017,CRDITED de la Montérégie-Est,10,1,0.0
2016-2017,CRDITED de la Montérégie-Est,10,2,0.0
2016-2017,CRDITED de la Montérégie-Est,10,3,3.0
2016-2017,CRDITED de la Montérégie-Est,10,4,5.0
2016-2017,CRDITED de la Montérégie-Est,10,5,9.0
2016-2017,CRDITED de la Montérégie-Est,10,6,3.0
2016-2017,CRDITED de la Montérégie-Est,10,7,0.0
2016-2017,CRDITED de la Montérégie-Est,10,8,0.0
2016-2017,CRDITED de la Montérégie-Est,10,9,20.0
2016-2017,CRDITED de la Montérégie-Est,11,1,0.0
2016-2017,CRDITED de la Montérégie-Est,11,2,0.0
2016-2017,CRDITED de la Montérégie-Est,11,3,0.0
2016-2017,CRDITED de la Montérégie-Est,11,4,0.0
2016-2017,CRDITED de la Montérégie-Est,11,5,0.0
2016-2017,CRDITED de la Montérégie-Est,11,6,0.0
2016-2017,CRDITED de la Montérégie-Est,11,7,0.0
2016-2017,CRDITED de la Montérégie-Est,11,8,0.0
2016-2017,CRDITED de la Montérégie-Est,11,9,0.0
2016-2017,CRDITED de la Montérégie-Est,12,1,0.0
2016-2017,CRDITED de la Montérégie-Est,12,2,0.0
2016-2017,CRDITED de la Montérégie-Est,12,3,0.0
2016-2017,CRDITED de la Montérégie-Est,12,4,1.0
2016-2017,CRDITED de la Montérégie-Est,12,5,3.0
2016-2017,CRDITED de la Montérégie-Est,12,6,1.0
2016-2017,CRDITED de la Montérégie-Est,12,7,0.0
2016-2017,CRDITED de la Montérégie-Est,12,8,1.0
2016-2017,CRDITED de la Montérégie-Est,12,9,6.0
2016-2017,CRDITED de la Montérégie-Est,13,1,442.0
2016-2017,CRDITED de la Montérégie-Est,13,2,755.0
2016-2017,CRDITED de la Montérégie-Est,13,3,308.0
2016-2017,CRDITED de la Montérégie-Est,13,4,170.0
2016-2017,CRDITED de la Montérégie-Est,13,5,731.0
2016-2017,CRDITED de la Montérégie-Est,13,6,575.0
2016-2017,CRDITED de la Montérégie-Est,13,7,106.0
2016-2017,CRDITED de la Montérégie-Est,13,8,15.0
2016-2017,CRDITED de la Montérégie-Est,13,9,3102.0
2016-2017,CRDITED de la Montérégie-Est,14,1,0.0
2016-2017,CRDITED de la Montérégie-Est,15,1,0.0
2016-2017,CRDITED de la Montérégie-Est,16,1,3.0
2016-2017,CRDITED de la Montérégie-Est,17,1,72.0
2016-2017,CRDITED du Bas-St-Laurent,1,1,65.0
2016-2017,CRDITED du Bas-St-Laurent,1,2,186.0
2016-2017,CRDITED du Bas-St-Laurent,1,3,117.0
2016-2017,CRDITED du Bas-St-Laurent,1,4,49.0
2016-2017,CRDITED du Bas-St-Laurent,1,5,94.0
2016-2017,CRDITED du Bas-St-Laurent,1,6,17.0
2016-2017,CRDITED du Bas-St-Laurent,1,7,0.0
2016-2017,CRDITED du Bas-St-Laurent,1,8,0.0
2016-2017,CRDITED du Bas-St-Laurent,1,9,528.0
2016-2017,CRDITED du Bas-St-Laurent,2,1,0.0
2016-2017,CRDITED du Bas-St-Laurent,2,2,5.0
2016-2017,CRDITED du Bas-St-Laurent,2,3,1.0
2016-2017,CRDITED du Bas-St-Laurent,2,4,3.0
2016-2017,CRDITED du Bas-St-Laurent,2,5,20.0
2016-2017,CRDITED du Bas-St-Laurent,2,6,14.0
2016-2017,CRDITED du Bas-St-Laurent,2,7,0.0
2016-2017,CRDITED du Bas-St-Laurent,2,8,0.0
2016-2017,CRDITED du Bas-St-Laurent,2,9,43.0
2016-2017,CRDITED du Bas-St-Laurent,3,1,0.0
2016-2017,CRDITED du Bas-St-Laurent,3,2,5.0
2016-2017,CRDITED du Bas-St-Laurent,3,3,2.0
2016-2017,CRDITED du Bas-St-Laurent,3,4,1.0
2016-2017,CRDITED du Bas-St-Laurent,3,5,1.0
2016-2017,CRDITED du Bas-St-Laurent,3,6,5.0
2016-2017,CRDITED du Bas-St-Laurent,3,7,1.0
2016-2017,CRDITED du Bas-St-Laurent,3,8,0.0
2016-2017,CRDITED du Bas-St-Laurent,3,9,15.0
2016-2017,CRDITED du Bas-St-Laurent,4,1,0.0
2016-2017,CRDITED du Bas-St-Laurent,4,2,0.0
2016-2017,CRDITED du Bas-St-Laurent,4,3,0.0
2016-2017,CRDITED du Bas-St-Laurent,4,4,3.0
2016-2017,CRDITED du Bas-St-Laurent,4,5,15.0
2016-2017,CRDITED du Bas-St-Laurent,4,6,18.0
2016-2017,CRDITED du Bas-St-Laurent,4,7,1.0
2016-2017,CRDITED du Bas-St-Laurent,4,8,0.0
2016-2017,CRDITED du Bas-St-Laurent,4,9,37.0
2016-2017,CRDITED du Bas-St-Laurent,5,1,0.0
2016-2017,CRDITED du Bas-St-Laurent,5,2,0.0
2016-2017,CRDITED du Bas-St-Laurent,5,3,2.0
2016-2017,CRDITED du Bas-St-Laurent,5,4,1.0
2016-2017,CRDITED du Bas-St-Laurent,5,5,19.0
2016-2017,CRDITED du Bas-St-Laurent,5,6,13.0
2016-2017,CRDITED du Bas-St-Laurent,5,7,0.0
2016-2017,CRDITED du Bas-St-Laurent,5,8,0.0
2016-2017,CRDITED du Bas-St-Laurent,5,9,35.0
2016-2017,CRDITED du Bas-St-Laurent,7,1,0.0
2016-2017,CRDITED du Bas-St-Laurent,7,2,0.0
2016-2017,CRDITED du Bas-St-Laurent,7,3,0.0
2016-2017,CRDITED du Bas-St-Laurent,7,4,0.0
2016-2017,CRDITED du Bas-St-Laurent,7,5,1.0
2016-2017,CRDITED du Bas-St-Laurent,7,6,0.0
2016-2017,CRDITED du Bas-St-Laurent,7,7,0.0
2016-2017,CRDITED du Bas-St-Laurent,7,8,0.0
2016-2017,CRDITED du Bas-St-Laurent,7,9,1.0
2016-2017,CRDITED du Bas-St-Laurent,8,1,0.0
2016-2017,CRDITED du Bas-St-Laurent,8,2,4.0
2016-2017,CRDITED du Bas-St-Laurent,8,3,6.0
2016-2017,CRDITED du Bas-St-Laurent,8,4,4.0
2016-2017,CRDITED du Bas-St-Laurent,8,5,35.0
2016-2017,CRDITED du Bas-St-Laurent,8,6,47.0
2016-2017,CRDITED du Bas-St-Laurent,8,7,6.0
2016-2017,CRDITED du Bas-St-Laurent,8,8,1.0
2016-2017,CRDITED du Bas-St-Laurent,8,9,103.0
2016-2017,CRDITED du Bas-St-Laurent,9,1,2.0
2016-2017,CRDITED du Bas-St-Laurent,9,2,1.0
2016-2017,CRDITED du Bas-St-Laurent,9,3,10.0
2016-2017,CRDITED du Bas-St-Laurent,9,4,6.0
2016-2017,CRDITED du Bas-St-Laurent,9,5,84.0
2016-2017,CRDITED du Bas-St-Laurent,9,6,144.0
2016-2017,CRDITED du Bas-St-Laurent,9,7,13.0
2016-2017,CRDITED du Bas-St-Laurent,9,8,0.0
2016-2017,CRDITED du Bas-St-Laurent,9,9,260.0
2016-2017,CRDITED du Bas-St-Laurent,12,1,0.0
2016-2017,CRDITED du Bas-St-Laurent,12,2,1.0
2016-2017,CRDITED du Bas-St-Laurent,12,3,4.0
2016-2017,CRDITED du Bas-St-Laurent,12,4,1.0
2016-2017,CRDITED du Bas-St-Laurent,12,5,10.0
2016-2017,CRDITED du Bas-St-Laurent,12,6,11.0
2016-2017,CRDITED du Bas-St-Laurent,12,7,0.0
2016-2017,CRDITED du Bas-St-Laurent,12,8,1.0
2016-2017,CRDITED du Bas-St-Laurent,12,9,28.0
2016-2017,CRDITED du Bas-St-Laurent,13,1,67.0
2016-2017,CRDITED du Bas-St-Laurent,13,2,202.0
2016-2017,CRDITED du Bas-St-Laurent,13,3,142.0
2016-2017,CRDITED du Bas-St-Laurent,13,4,68.0
2016-2017,CRDITED du Bas-St-Laurent,13,5,279.0
2016-2017,CRDITED du Bas-St-Laurent,13,6,269.0
2016-2017,CRDITED du Bas-St-Laurent,13,7,21.0
2016-2017,CRDITED du Bas-St-Laurent,13,8,2.0
2016-2017,CRDITED du Bas-St-Laurent,13,9,1050.0
2016-2017,CRDITED du Bas-St-Laurent,16,1,2.0
2016-2017,CRDITED du Bas-St-Laurent,17,1,3.0
2016-2017,CRDITED du SaguenayLac-St-Jean,1,1,80.0
2016-2017,CRDITED du SaguenayLac-St-Jean,1,2,130.0
2016-2017,CRDITED du SaguenayLac-St-Jean,1,3,72.0
2016-2017,CRDITED du SaguenayLac-St-Jean,1,4,47.0
2016-2017,CRDITED du SaguenayLac-St-Jean,1,5,204.0
2016-2017,CRDITED du SaguenayLac-St-Jean,1,6,37.0
2016-2017,CRDITED du SaguenayLac-St-Jean,1,7,3.0
2016-2017,CRDITED du SaguenayLac-St-Jean,1,8,0.0
2016-2017,CRDITED du SaguenayLac-St-Jean,1,9,573.0
2016-2017,CRDITED du SaguenayLac-St-Jean,2,1,0.0
2016-2017,CRDITED du SaguenayLac-St-Jean,2,2,0.0
2016-2017,CRDITED du SaguenayLac-St-Jean,2,3,1.0
2016-2017,CRDITED du SaguenayLac-St-Jean,2,4,4.0
2016-2017,CRDITED du SaguenayLac-St-Jean,2,5,47.0
2016-2017,CRDITED du SaguenayLac-St-Jean,2,6,35.0
2016-2017,CRDITED du SaguenayLac-St-Jean,2,7,4.0
2016-2017,CRDITED du SaguenayLac-St-Jean,2,8,0.0
2016-2017,CRDITED du SaguenayLac-St-Jean,2,9,91.0
2016-2017,CRDITED du SaguenayLac-St-Jean,3,1,6.0
2016-2017,CRDITED du SaguenayLac-St-Jean,3,2,6.0
2016-2017,CRDITED du SaguenayLac-St-Jean,3,3,7.0
2016-2017,CRDITED du SaguenayLac-St-Jean,3,4,1.0
2016-2017,CRDITED du SaguenayLac-St-Jean,3,5,5.0
2016-2017,CRDITED du SaguenayLac-St-Jean,3,6,3.0
2016-2017,CRDITED du SaguenayLac-St-Jean,3,7,1.0
2016-2017,CRDITED du SaguenayLac-St-Jean,3,8,0.0
2016-2017,CRDITED du SaguenayLac-St-Jean,3,9,29.0
2016-2017,CRDITED du SaguenayLac-St-Jean,4,1,0.0
2016-2017,CRDITED du SaguenayLac-St-Jean,4,2,0.0
2016-2017,CRDITED du SaguenayLac-St-Jean,4,3,0.0
2016-2017,CRDITED du SaguenayLac-St-Jean,4,4,0.0
2016-2017,CRDITED du SaguenayLac-St-Jean,4,5,0.0
2016-2017,CRDITED du SaguenayLac-St-Jean,4,6,0.0
2016-2017,CRDITED du SaguenayLac-St-Jean,4,7,0.0
2016-2017,CRDITED du SaguenayLac-St-Jean,4,8,0.0
2016-2017,CRDITED du SaguenayLac-St-Jean,4,9,0.0
2016-2017,CRDITED du SaguenayLac-St-Jean,5,1,0.0
2016-2017,CRDITED du SaguenayLac-St-Jean,5,2,0.0
2016-2017,CRDITED du SaguenayLac-St-Jean,5,3,1.0
2016-2017,CRDITED du SaguenayLac-St-Jean,5,4,5.0
2016-2017,CRDITED du SaguenayLac-St-Jean,5,5,29.0
2016-2017,CRDITED du SaguenayLac-St-Jean,5,6,33.0
2016-2017,CRDITED du SaguenayLac-St-Jean,5,7,1.0
2016-2017,CRDITED du SaguenayLac-St-Jean,5,8,0.0
2016-2017,CRDITED du SaguenayLac-St-Jean,5,9,69.0
2016-2017,CRDITED du SaguenayLac-St-Jean,6,1,0.0
2016-2017,CRDITED du SaguenayLac-St-Jean,6,2,0.0
2016-2017,CRDITED du SaguenayLac-St-Jean,6,3,0.0
2016-2017,CRDITED du SaguenayLac-St-Jean,6,4,0.0
2016-2017,CRDITED du SaguenayLac-St-Jean,6,5,0.0
2016-2017,CRDITED du SaguenayLac-St-Jean,6,6,0.0
2016-2017,CRDITED du SaguenayLac-St-Jean,6,7,0.0
2016-2017,CRDITED du SaguenayLac-St-Jean,6,8,0.0
2016-2017,CRDITED du SaguenayLac-St-Jean,6,9,0.0
2016-2017,CRDITED du SaguenayLac-St-Jean,7,1,0.0
2016-2017,CRDITED du SaguenayLac-St-Jean,7,2,0.0
2016-2017,CRDITED du SaguenayLac-St-Jean,7,3,0.0
2016-2017,CRDITED du SaguenayLac-St-Jean,7,4,0.0
2016-2017,CRDITED du SaguenayLac-St-Jean,7,5,2.0
2016-2017,CRDITED du SaguenayLac-St-Jean,7,6,6.0
2016-2017,CRDITED du SaguenayLac-St-Jean,7,7,1.0
2016-2017,CRDITED du SaguenayLac-St-Jean,7,8,0.0
2016-2017,CRDITED du SaguenayLac-St-Jean,7,9,9.0
2016-2017,CRDITED du SaguenayLac-St-Jean,8,1,0.0
2016-2017,CRDITED du SaguenayLac-St-Jean,8,2,4.0
2016-2017,CRDITED du SaguenayLac-St-Jean,8,3,7.0
2016-2017,CRDITED du SaguenayLac-St-Jean,8,4,11.0
2016-2017,CRDITED du SaguenayLac-St-Jean,8,5,49.0
2016-2017,CRDITED du SaguenayLac-St-Jean,8,6,69.0
2016-2017,CRDITED du SaguenayLac-St-Jean,8,7,12.0
2016-2017,CRDITED du SaguenayLac-St-Jean,8,8,6.0
2016-2017,CRDITED du SaguenayLac-St-Jean,8,9,158.0
2016-2017,CRDITED du SaguenayLac-St-Jean,9,1,3.0
2016-2017,CRDITED du SaguenayLac-St-Jean,9,2,5.0
2016-2017,CRDITED du SaguenayLac-St-Jean,9,3,6.0
2016-2017,CRDITED du SaguenayLac-St-Jean,9,4,15.0
2016-2017,CRDITED du SaguenayLac-St-Jean,9,5,87.0
2016-2017,CRDITED du SaguenayLac-St-Jean,9,6,175.0
2016-2017,CRDITED du SaguenayLac-St-Jean,9,7,49.0
2016-2017,CRDITED du SaguenayLac-St-Jean,9,8,15.0
2016-2017,CRDITED du SaguenayLac-St-Jean,9,9,355.0
2016-2017,CRDITED du SaguenayLac-St-Jean,10,1,0.0
2016-2017,CRDITED du SaguenayLac-St-Jean,10,2,0.0
2016-2017,CRDITED du SaguenayLac-St-Jean,10,3,0.0
2016-2017,CRDITED du SaguenayLac-St-Jean,10,4,0.0
2016-2017,CRDITED du SaguenayLac-St-Jean,10,5,0.0
2016-2017,CRDITED du SaguenayLac-St-Jean,10,6,0.0
2016-2017,CRDITED du SaguenayLac-St-Jean,10,7,0.0
2016-2017,CRDITED du SaguenayLac-St-Jean,10,8,0.0
2016-2017,CRDITED du SaguenayLac-St-Jean,10,9,0.0
2016-2017,CRDITED du SaguenayLac-St-Jean,11,1,0.0
2016-2017,CRDITED du SaguenayLac-St-Jean,11,2,0.0
2016-2017,CRDITED du SaguenayLac-St-Jean,11,3,2.0
2016-2017,CRDITED du SaguenayLac-St-Jean,11,4,0.0
2016-2017,CRDITED du SaguenayLac-St-Jean,11,5,0.0
2016-2017,CRDITED du SaguenayLac-St-Jean,11,6,0.0
2016-2017,CRDITED du SaguenayLac-St-Jean,11,7,0.0
2016-2017,CRDITED du SaguenayLac-St-Jean,11,8,0.0
2016-2017,CRDITED du SaguenayLac-St-Jean,11,9,2.0
2016-2017,CRDITED du SaguenayLac-St-Jean,12,1,0.0
2016-2017,CRDITED du SaguenayLac-St-Jean,12,2,0.0
2016-2017,CRDITED du SaguenayLac-St-Jean,12,3,1.0
2016-2017,CRDITED du SaguenayLac-St-Jean,12,4,0.0
2016-2017,CRDITED du SaguenayLac-St-Jean,12,5,0.0
2016-2017,CRDITED du SaguenayLac-St-Jean,12,6,0.0
2016-2017,CRDITED du SaguenayLac-St-Jean,12,7,0.0
2016-2017,CRDITED du SaguenayLac-St-Jean,12,8,0.0
2016-2017,CRDITED du SaguenayLac-St-Jean,12,9,1.0
2016-2017,CRDITED du SaguenayLac-St-Jean,13,1,89.0
2016-2017,CRDITED du SaguenayLac-St-Jean,13,2,145.0
2016-2017,CRDITED du SaguenayLac-St-Jean,13,3,97.0
2016-2017,CRDITED du SaguenayLac-St-Jean,13,4,83.0
2016-2017,CRDITED du SaguenayLac-St-Jean,13,5,423.0
2016-2017,CRDITED du SaguenayLac-St-Jean,13,6,358.0
2016-2017,CRDITED du SaguenayLac-St-Jean,13,7,71.0
2016-2017,CRDITED du SaguenayLac-St-Jean,13,8,21.0
2016-2017,CRDITED du SaguenayLac-St-Jean,13,9,1287.0
2016-2017,CRDITED du SaguenayLac-St-Jean,14,1,0.0
2016-2017,CRDITED du SaguenayLac-St-Jean,15,1,0.0
2016-2017,CRDITED du SaguenayLac-St-Jean,16,1,13.0
2016-2017,CRDITED du SaguenayLac-St-Jean,17,1,280.0
2016-2017,CSSS de Charlevoix,1,1,4.0
2016-2017,CSSS de Charlevoix,1,2,17.0
2016-2017,CSSS de Charlevoix,1,3,25.0
2016-2017,CSSS de Charlevoix,1,4,10.0
2016-2017,CSSS de Charlevoix,1,5,27.0
2016-2017,CSSS de Charlevoix,1,6,10.0
2016-2017,CSSS de Charlevoix,1,7,2.0
2016-2017,CSSS de Charlevoix,1,9,95.0
2016-2017,CSSS de Charlevoix,2,5,6.0
2016-2017,CSSS de Charlevoix,2,6,13.0
2016-2017,CSSS de Charlevoix,2,7,8.0
2016-2017,CSSS de Charlevoix,2,8,4.0
2016-2017,CSSS de Charlevoix,2,9,31.0
2016-2017,CSSS de Charlevoix,3,6,1.0
2016-2017,CSSS de Charlevoix,3,9,1.0
2016-2017,CSSS de Charlevoix,5,3,2.0
2016-2017,CSSS de Charlevoix,5,4,2.0
2016-2017,CSSS de Charlevoix,5,5,11.0
2016-2017,CSSS de Charlevoix,5,6,24.0
2016-2017,CSSS de Charlevoix,5,7,15.0
2016-2017,CSSS de Charlevoix,5,8,2.0
2016-2017,CSSS de Charlevoix,5,9,56.0
2016-2017,CSSS de Charlevoix,8,1,0.0
2016-2017,CSSS de Charlevoix,8,2,0.0
2016-2017,CSSS de Charlevoix,8,3,1.0
2016-2017,CSSS de Charlevoix,8,4,2.0
2016-2017,CSSS de Charlevoix,8,5,10.0
2016-2017,CSSS de Charlevoix,8,6,61.0
2016-2017,CSSS de Charlevoix,8,7,37.0
2016-2017,CSSS de Charlevoix,8,8,11.0
2016-2017,CSSS de Charlevoix,8,9,122.0
2016-2017,CSSS de Charlevoix,9,1,1.0
2016-2017,CSSS de Charlevoix,9,2,2.0
2016-2017,CSSS de Charlevoix,9,3,1.0
2016-2017,CSSS de Charlevoix,9,4,0.0
2016-2017,CSSS de Charlevoix,9,5,6.0
2016-2017,CSSS de Charlevoix,9,6,45.0
2016-2017,CSSS de Charlevoix,9,7,40.0
2016-2017,CSSS de Charlevoix,9,8,16.0
2016-2017,CSSS de Charlevoix,9,9,111.0
2016-2017,CSSS de Charlevoix,12,7,2.0
2016-2017,CSSS de Charlevoix,12,9,2.0
2016-2017,CSSS de Charlevoix,13,1,5.0
2016-2017,CSSS de Charlevoix,13,2,19.0
2016-2017,CSSS de Charlevoix,13,3,29.0
2016-2017,CSSS de Charlevoix,13,4,14.0
2016-2017,CSSS de Charlevoix,13,5,60.0
2016-2017,CSSS de Charlevoix,13,6,154.0
2016-2017,CSSS de Charlevoix,13,7,104.0
2016-2017,CSSS de Charlevoix,13,8,33.0
2016-2017,CSSS de Charlevoix,13,9,418.0
2016-2017,CSSS des Îles,1,1,6.0
2016-2017,CSSS des Îles,1,2,5.0
2016-2017,CSSS des Îles,1,3,13.0
2016-2017,CSSS des Îles,1,4,6.0
2016-2017,CSSS des Îles,1,5,10.0
2016-2017,CSSS des Îles,1,6,5.0
2016-2017,CSSS des Îles,1,7,0.0
2016-2017,CSSS des Îles,1,8,0.0
2016-2017,CSSS des Îles,1,9,45.0
2016-2017,CSSS des Îles,8,1,0.0
2016-2017,CSSS des Îles,8,2,0.0
2016-2017,CSSS des Îles,8,3,0.0
2016-2017,CSSS des Îles,8,4,0.0
2016-2017,CSSS des Îles,8,5,1.0
2016-2017,CSSS des Îles,8,6,7.0
2016-2017,CSSS des Îles,8,7,3.0
2016-2017,CSSS des Îles,8,8,0.0
2016-2017,CSSS des Îles,8,9,11.0
2016-2017,CSSS des Îles,9,1,0.0
2016-2017,CSSS des Îles,9,2,0.0
2016-2017,CSSS des Îles,9,3,0.0
2016-2017,CSSS des Îles,9,4,0.0
2016-2017,CSSS des Îles,9,5,0.0
2016-2017,CSSS des Îles,9,6,7.0
2016-2017,CSSS des Îles,9,7,0.0
2016-2017,CSSS des Îles,9,8,0.0
2016-2017,CSSS des Îles,9,9,7.0
2016-2017,CSSS des Îles,13,1,6.0
2016-2017,CSSS des Îles,13,2,5.0
2016-2017,CSSS des Îles,13,3,13.0
2016-2017,CSSS des Îles,13,4,6.0
2016-2017,CSSS des Îles,13,5,11.0
2016-2017,CSSS des Îles,13,6,19.0
2016-2017,CSSS des Îles,13,7,3.0
2016-2017,CSSS des Îles,13,8,0.0
2016-2017,CSSS des Îles,13,9,63.0
2016-2017,CSSS des Îles,16,1,1.0
2016-2017,CSSS des Îles,17,1,2.0
2016-2017,Centre Miriam,1,1,83.0
2016-2017,Centre Miriam,1,2,176.0
2016-2017,Centre Miriam,1,3,79.0
2016-2017,Centre Miriam,1,4,38.0
2016-2017,Centre Miriam,1,5,83.0
2016-2017,Centre Miriam,1,6,14.0
2016-2017,Centre Miriam,1,7,0.0
2016-2017,Centre Miriam,1,8,0.0
2016-2017,Centre Miriam,1,9,473.0
2016-2017,Centre Miriam,2,1,1.0
2016-2017,Centre Miriam,2,2,0.0
2016-2017,Centre Miriam,2,3,0.0
2016-2017,Centre Miriam,2,4,0.0
2016-2017,Centre Miriam,2,5,7.0
2016-2017,Centre Miriam,2,6,18.0
2016-2017,Centre Miriam,2,7,3.0
2016-2017,Centre Miriam,2,8,0.0
2016-2017,Centre Miriam,2,9,29.0
2016-2017,Centre Miriam,4,1,0.0
2016-2017,Centre Miriam,4,2,0.0
2016-2017,Centre Miriam,4,3,0.0
2016-2017,Centre Miriam,4,4,0.0
2016-2017,Centre Miriam,4,5,1.0
2016-2017,Centre Miriam,4,6,7.0
2016-2017,Centre Miriam,4,7,5.0
2016-2017,Centre Miriam,4,8,0.0
2016-2017,Centre Miriam,4,9,13.0
2016-2017,Centre Miriam,5,1,0.0
2016-2017,Centre Miriam,5,2,0.0
2016-2017,Centre Miriam,5,3,0.0
2016-2017,Centre Miriam,5,4,0.0
2016-2017,Centre Miriam,5,5,17.0
2016-2017,Centre Miriam,5,6,16.0
2016-2017,Centre Miriam,5,7,1.0
2016-2017,Centre Miriam,5,8,0.0
2016-2017,Centre Miriam,5,9,34.0
2016-2017,Centre Miriam,7,1,0.0
2016-2017,Centre Miriam,7,2,0.0
2016-2017,Centre Miriam,7,3,0.0
2016-2017,Centre Miriam,7,4,1.0
2016-2017,Centre Miriam,7,5,1.0
2016-2017,Centre Miriam,7,6,0.0
2016-2017,Centre Miriam,7,7,0.0
2016-2017,Centre Miriam,7,8,1.0
2016-2017,Centre Miriam,7,9,3.0
2016-2017,Centre Miriam,8,1,0.0
2016-2017,Centre Miriam,8,2,1.0
2016-2017,Centre Miriam,8,3,6.0
2016-2017,Centre Miriam,8,4,8.0
2016-2017,Centre Miriam,8,5,63.0
2016-2017,Centre Miriam,8,6,103.0
2016-2017,Centre Miriam,8,7,23.0
2016-2017,Centre Miriam,8,8,1.0
2016-2017,Centre Miriam,8,9,205.0
2016-2017,Centre Miriam,9,1,1.0
2016-2017,Centre Miriam,9,2,0.0
2016-2017,Centre Miriam,9,3,1.0
2016-2017,Centre Miriam,9,4,1.0
2016-2017,Centre Miriam,9,5,15.0
2016-2017,Centre Miriam,9,6,14.0
2016-2017,Centre Miriam,9,7,1.0
2016-2017,Centre Miriam,9,8,0.0
2016-2017,Centre Miriam,9,9,33.0
2016-2017,Centre Miriam,11,1,0.0
2016-2017,Centre Miriam,11,2,0.0
2016-2017,Centre Miriam,11,3,2.0
2016-2017,Centre Miriam,11,4,0.0
2016-2017,Centre Miriam,11,5,0.0
2016-2017,Centre Miriam,11,6,0.0
2016-2017,Centre Miriam,11,7,0.0
2016-2017,Centre Miriam,11,8,0.0
2016-2017,Centre Miriam,11,9,2.0
2016-2017,Centre Miriam,12,1,0.0
2016-2017,Centre Miriam,12,2,0.0
2016-2017,Centre Miriam,12,3,0.0
2016-2017,Centre Miriam,12,4,0.0
2016-2017,Centre Miriam,12,5,1.0
2016-2017,Centre Miriam,12,6,1.0
2016-2017,Centre Miriam,12,7,1.0
2016-2017,Centre Miriam,12,8,0.0
2016-2017,Centre Miriam,12,9,3.0
2016-2017,Centre Miriam,13,1,85.0
2016-2017,Centre Miriam,13,2,177.0
2016-2017,Centre Miriam,13,3,88.0
2016-2017,Centre Miriam,13,4,48.0
2016-2017,Centre Miriam,13,5,188.0
2016-2017,Centre Miriam,13,6,173.0
2016-2017,Centre Miriam,13,7,34.0
2016-2017,Centre Miriam,13,8,2.0
2016-2017,Centre Miriam,13,9,795.0
2016-2017,Centre Miriam,16,1,6.0
2016-2017,Centre Miriam,17,1,149.0
2016-2017,Centre du Florès,1,1,114.0
2016-2017,Centre du Florès,1,2,269.0
2016-2017,Centre du Florès,1,3,125.0
2016-2017,Centre du Florès,1,4,100.0
2016-2017,Centre du Florès,1,5,282.0
2016-2017,Centre du Florès,1,6,49.0
2016-2017,Centre du Florès,1,7,2.0
2016-2017,Centre du Florès,1,8,1.0
2016-2017,Centre du Florès,1,9,942.0
2016-2017,Centre du Florès,2,1,0.0
2016-2017,Centre du Florès,2,2,0.0
2016-2017,Centre du Florès,2,3,0.0
2016-2017,Centre du Florès,2,4,3.0
2016-2017,Centre du Florès,2,5,54.0
2016-2017,Centre du Florès,2,6,42.0
2016-2017,Centre du Florès,2,7,3.0
2016-2017,Centre du Florès,2,8,1.0
2016-2017,Centre du Florès,2,9,103.0
2016-2017,Centre du Florès,3,1,1.0
2016-2017,Centre du Florès,3,2,1.0
2016-2017,Centre du Florès,3,3,2.0
2016-2017,Centre du Florès,3,4,0.0
2016-2017,Centre du Florès,3,5,1.0
2016-2017,Centre du Florès,3,6,2.0
2016-2017,Centre du Florès,3,7,0.0
2016-2017,Centre du Florès,3,8,0.0
2016-2017,Centre du Florès,3,9,7.0
2016-2017,Centre du Florès,4,1,0.0
2016-2017,Centre du Florès,4,2,1.0
2016-2017,Centre du Florès,4,3,11.0
2016-2017,Centre du Florès,4,4,8.0
2016-2017,Centre du Florès,4,5,22.0
2016-2017,Centre du Florès,4,6,7.0
2016-2017,Centre du Florès,4,7,0.0
2016-2017,Centre du Florès,4,8,0.0
2016-2017,Centre du Florès,4,9,49.0
2016-2017,Centre du Florès,5,1,0.0
2016-2017,Centre du Florès,5,2,0.0
2016-2017,Centre du Florès,5,3,0.0
2016-2017,Centre du Florès,5,4,0.0
2016-2017,Centre du Florès,5,5,6.0
2016-2017,Centre du Florès,5,6,3.0
2016-2017,Centre du Florès,5,7,0.0
2016-2017,Centre du Florès,5,8,0.0
2016-2017,Centre du Florès,5,9,9.0
2016-2017,Centre du Florès,6,1,0.0
2016-2017,Centre du Florès,6,2,0.0
2016-2017,Centre du Florès,6,3,0.0
2016-2017,Centre du Florès,6,4,2.0
2016-2017,Centre du Florès,6,5,16.0
2016-2017,Centre du Florès,6,6,1.0
2016-2017,Centre du Florès,6,7,0.0
2016-2017,Centre du Florès,6,8,0.0
2016-2017,Centre du Florès,6,9,19.0
2016-2017,Centre du Florès,7,1,0.0
2016-2017,Centre du Florès,7,2,0.0
2016-2017,Centre du Florès,7,3,0.0
2016-2017,Centre du Florès,7,4,0.0
2016-2017,Centre du Florès,7,5,1.0
2016-2017,Centre du Florès,7,6,1.0
2016-2017,Centre du Florès,7,7,0.0
2016-2017,Centre du Florès,7,8,0.0
2016-2017,Centre du Florès,7,9,2.0
2016-2017,Centre du Florès,8,1,0.0
2016-2017,Centre du Florès,8,2,9.0
2016-2017,Centre du Florès,8,3,20.0
2016-2017,Centre du Florès,8,4,17.0
2016-2017,Centre du Florès,8,5,124.0
2016-2017,Centre du Florès,8,6,150.0
2016-2017,Centre du Florès,8,7,35.0
2016-2017,Centre du Florès,8,8,7.0
2016-2017,Centre du Florès,8,9,362.0
2016-2017,Centre du Florès,9,1,0.0
2016-2017,Centre du Florès,9,2,9.0
2016-2017,Centre du Florès,9,3,17.0
2016-2017,Centre du Florès,9,4,20.0
2016-2017,Centre du Florès,9,5,75.0
2016-2017,Centre du Florès,9,6,99.0
2016-2017,Centre du Florès,9,7,22.0
2016-2017,Centre du Florès,9,8,3.0
2016-2017,Centre du Florès,9,9,245.0
2016-2017,Centre du Florès,10,1,0.0
2016-2017,Centre du Florès,10,2,0.0
2016-2017,Centre du Florès,10,3,0.0
2016-2017,Centre du Florès,10,4,0.0
2016-2017,Centre du Florès,10,5,0.0
2016-2017,Centre du Florès,10,6,0.0
2016-2017,Centre du Florès,10,7,0.0
2016-2017,Centre du Florès,10,8,0.0
2016-2017,Centre du Florès,10,9,0.0
2016-2017,Centre du Florès,11,1,0.0
2016-2017,Centre du Florès,11,2,0.0
2016-2017,Centre du Florès,11,3,0.0
2016-2017,Centre du Florès,11,4,0.0
2016-2017,Centre du Florès,11,5,0.0
2016-2017,Centre du Florès,11,6,0.0
2016-2017,Centre du Florès,11,7,0.0
2016-2017,Centre du Florès,11,8,0.0
2016-2017,Centre du Florès,11,9,0.0
2016-2017,Centre du Florès,12,1,0.0
2016-2017,Centre du Florès,12,2,0.0
2016-2017,Centre du Florès,12,3,1.0
2016-2017,Centre du Florès,12,4,6.0
2016-2017,Centre du Florès,12,5,9.0
2016-2017,Centre du Florès,12,6,16.0
2016-2017,Centre du Florès,12,7,1.0
2016-2017,Centre du Florès,12,8,0.0
2016-2017,Centre du Florès,12,9,33.0
2016-2017,Centre du Florès,13,1,115.0
2016-2017,Centre du Florès,13,2,289.0
2016-2017,Centre du Florès,13,3,176.0
2016-2017,Centre du Florès,13,4,156.0
2016-2017,Centre du Florès,13,5,590.0
2016-2017,Centre du Florès,13,6,370.0
2016-2017,Centre du Florès,13,7,63.0
2016-2017,Centre du Florès,13,8,12.0
2016-2017,Centre du Florès,13,9,1771.0
2016-2017,Clair Foyer Inc.,1,1,16.0
2016-2017,Clair Foyer Inc.,1,2,56.0
2016-2017,Clair Foyer Inc.,1,3,31.0
2016-2017,Clair Foyer Inc.,1,4,25.0
2016-2017,Clair Foyer Inc.,1,5,49.0
2016-2017,Clair Foyer Inc.,1,6,9.0
2016-2017,Clair Foyer Inc.,1,7,2.0
2016-2017,Clair Foyer Inc.,1,8,0.0
2016-2017,Clair Foyer Inc.,1,9,188.0
2016-2017,Clair Foyer Inc.,2,1,0.0
2016-2017,Clair Foyer Inc.,2,2,1.0
2016-2017,Clair Foyer Inc.,2,3,0.0
2016-2017,Clair Foyer Inc.,2,4,2.0
2016-2017,Clair Foyer Inc.,2,5,18.0
2016-2017,Clair Foyer Inc.,2,6,14.0
2016-2017,Clair Foyer Inc.,2,7,0.0
2016-2017,Clair Foyer Inc.,2,8,0.0
2016-2017,Clair Foyer Inc.,2,9,35.0
2016-2017,Clair Foyer Inc.,4,1,0.0
2016-2017,Clair Foyer Inc.,4,2,0.0
2016-2017,Clair Foyer Inc.,4,3,0.0
2016-2017,Clair Foyer Inc.,4,4,0.0
2016-2017,Clair Foyer Inc.,4,5,7.0
2016-2017,Clair Foyer Inc.,4,6,7.0
2016-2017,Clair Foyer Inc.,4,7,1.0
2016-2017,Clair Foyer Inc.,4,8,0.0
2016-2017,Clair Foyer Inc.,4,9,15.0
2016-2017,Clair Foyer Inc.,5,1,0.0
2016-2017,Clair Foyer Inc.,5,2,0.0
2016-2017,Clair Foyer Inc.,5,3,1.0
2016-2017,Clair Foyer Inc.,5,4,0.0
2016-2017,Clair Foyer Inc.,5,5,6.0
2016-2017,Clair Foyer Inc.,5,6,3.0
2016-2017,Clair Foyer Inc.,5,7,1.0
2016-2017,Clair Foyer Inc.,5,8,0.0
2016-2017,Clair Foyer Inc.,5,9,11.0
2016-2017,Clair Foyer Inc.,7,1,0.0
2016-2017,Clair Foyer Inc.,7,2,0.0
2016-2017,Clair Foyer Inc.,7,3,1.0
2016-2017,Clair Foyer Inc.,7,4,0.0
2016-2017,Clair Foyer Inc.,7,5,0.0
2016-2017,Clair Foyer Inc.,7,6,0.0
2016-2017,Clair Foyer Inc.,7,7,0.0
2016-2017,Clair Foyer Inc.,7,8,0.0
2016-2017,Clair Foyer Inc.,7,9,1.0
2016-2017,Clair Foyer Inc.,8,1,0.0
2016-2017,Clair Foyer Inc.,8,2,0.0
2016-2017,Clair Foyer Inc.,8,3,2.0
2016-2017,Clair Foyer Inc.,8,4,3.0
2016-2017,Clair Foyer Inc.,8,5,8.0
2016-2017,Clair Foyer Inc.,8,6,7.0
2016-2017,Clair Foyer Inc.,8,7,0.0
2016-2017,Clair Foyer Inc.,8,8,1.0
2016-2017,Clair Foyer Inc.,8,9,21.0
2016-2017,Clair Foyer Inc.,9,1,2.0
2016-2017,Clair Foyer Inc.,9,2,8.0
2016-2017,Clair Foyer Inc.,9,3,12.0
2016-2017,Clair Foyer Inc.,9,4,19.0
2016-2017,Clair Foyer Inc.,9,5,67.0
2016-2017,Clair Foyer Inc.,9,6,92.0
2016-2017,Clair Foyer Inc.,9,7,12.0
2016-2017,Clair Foyer Inc.,9,8,2.0
2016-2017,Clair Foyer Inc.,9,9,214.0
2016-2017,Clair Foyer Inc.,10,1,0.0
2016-2017,Clair Foyer Inc.,10,2,0.0
2016-2017,Clair Foyer Inc.,10,3,3.0
2016-2017,Clair Foyer Inc.,10,4,1.0
2016-2017,Clair Foyer Inc.,10,5,14.0
2016-2017,Clair Foyer Inc.,10,6,8.0
2016-2017,Clair Foyer Inc.,10,7,2.0
2016-2017,Clair Foyer Inc.,10,8,0.0
2016-2017,Clair Foyer Inc.,10,9,28.0
2016-2017,Clair Foyer Inc.,12,1,0.0
2016-2017,Clair Foyer Inc.,12,2,0.0
2016-2017,Clair Foyer Inc.,12,3,2.0
2016-2017,Clair Foyer Inc.,12,4,0.0
2016-2017,Clair Foyer Inc.,12,5,5.0
2016-2017,Clair Foyer Inc.,12,6,2.0
2016-2017,Clair Foyer Inc.,12,7,1.0
2016-2017,Clair Foyer Inc.,12,8,0.0
2016-2017,Clair Foyer Inc.,12,9,10.0
2016-2017,Clair Foyer Inc.,13,1,18.0
2016-2017,Clair Foyer Inc.,13,2,65.0
2016-2017,Clair Foyer Inc.,13,3,52.0
2016-2017,Clair Foyer Inc.,13,4,50.0
2016-2017,Clair Foyer Inc.,13,5,174.0
2016-2017,Clair Foyer Inc.,13,6,142.0
2016-2017,Clair Foyer Inc.,13,7,19.0
2016-2017,Clair Foyer Inc.,13,8,3.0
2016-2017,Clair Foyer Inc.,13,9,523.0
2016-2017,Clair Foyer Inc.,16,1,2.0
2016-2017,Clair Foyer Inc.,17,1,17.0
2016-2017,Pavillon du Parc,1,1,114.0
2016-2017,Pavillon du Parc,1,2,229.0
2016-2017,Pavillon du Parc,1,3,85.0
2016-2017,Pavillon du Parc,1,4,46.0
2016-2017,Pavillon du Parc,1,5,53.0
2016-2017,Pavillon du Parc,1,6,7.0
2016-2017,Pavillon du Parc,1,9,534.0
2016-2017,Pavillon du Parc,2,4,1.0
2016-2017,Pavillon du Parc,2,5,11.0
2016-2017,Pavillon du Parc,2,6,6.0
2016-2017,Pavillon du Parc,2,9,18.0
2016-2017,Pavillon du Parc,3,2,5.0
2016-2017,Pavillon du Parc,3,3,4.0
2016-2017,Pavillon du Parc,3,5,1.0
2016-2017,Pavillon du Parc,3,6,1.0
2016-2017,Pavillon du Parc,3,9,11.0
2016-2017,Pavillon du Parc,4,4,1.0
2016-2017,Pavillon du Parc,4,5,2.0
2016-2017,Pavillon du Parc,4,6,4.0
2016-2017,Pavillon du Parc,4,9,7.0
2016-2017,Pavillon du Parc,5,3,7.0
2016-2017,Pavillon du Parc,5,4,5.0
2016-2017,Pavillon du Parc,5,5,16.0
2016-2017,Pavillon du Parc,5,6,31.0
2016-2017,Pavillon du Parc,5,7,1.0
2016-2017,Pavillon du Parc,5,9,60.0
2016-2017,Pavillon du Parc,7,5,1.0
2016-2017,Pavillon du Parc,7,6,2.0
2016-2017,Pavillon du Parc,7,9,3.0
2016-2017,Pavillon du Parc,8,3,2.0
2016-2017,Pavillon du Parc,8,4,2.0
2016-2017,Pavillon du Parc,8,5,49.0
2016-2017,Pavillon du Parc,8,6,52.0
2016-2017,Pavillon du Parc,8,7,9.0
2016-2017,Pavillon du Parc,8,8,2.0
2016-2017,Pavillon du Parc,8,9,116.0
2016-2017,Pavillon du Parc,9,1,1.0
2016-2017,Pavillon du Parc,9,2,1.0
2016-2017,Pavillon du Parc,9,3,5.0
2016-2017,Pavillon du Parc,9,4,11.0
2016-2017,Pavillon du Parc,9,5,63.0
2016-2017,Pavillon du Parc,9,6,122.0
2016-2017,Pavillon du Parc,9,7,23.0
2016-2017,Pavillon du Parc,9,8,4.0
2016-2017,Pavillon du Parc,9,9,230.0
2016-2017,Pavillon du Parc,12,2,1.0
2016-2017,Pavillon du Parc,12,3,2.0
2016-2017,Pavillon du Parc,12,4,1.0
2016-2017,Pavillon du Parc,12,5,4.0
2016-2017,Pavillon du Parc,12,6,3.0
2016-2017,Pavillon du Parc,12,9,11.0
2016-2017,Pavillon du Parc,13,1,115.0
2016-2017,Pavillon du Parc,13,2,236.0
2016-2017,Pavillon du Parc,13,3,105.0
2016-2017,Pavillon du Parc,13,4,67.0
2016-2017,Pavillon du Parc,13,5,200.0
2016-2017,Pavillon du Parc,13,6,228.0
2016-2017,Pavillon du Parc,13,7,33.0
2016-2017,Pavillon du Parc,13,8,6.0
2016-2017,Pavillon du Parc,13,9,990.0
2016-2017,Pavillon du Parc,16,1,27.0
2016-2017,Pavillon du Parc,17,1,785.0
2016-2017,Réadaptation du Sud-Ouest et du Renfort,1,1,260.0
2016-2017,Réadaptation du Sud-Ouest et du Renfort,1,2,583.0
2016-2017,Réadaptation du Sud-Ouest et du Renfort,1,3,206.0
2016-2017,Réadaptation du Sud-Ouest et du Renfort,1,4,99.0
2016-2017,Réadaptation du Sud-Ouest et du Renfort,1,5,300.0
2016-2017,Réadaptation du Sud-Ouest et du Renfort,1,6,35.0
2016-2017,Réadaptation du Sud-Ouest et du Renfort,1,9,1483.0
2016-2017,Réadaptation du Sud-Ouest et du Renfort,2,4,4.0
2016-2017,Réadaptation du Sud-Ouest et du Renfort,2,5,41.0
2016-2017,Réadaptation du Sud-Ouest et du Renfort,2,6,51.0
2016-2017,Réadaptation du Sud-Ouest et du Renfort,2,7,1.0
2016-2017,Réadaptation du Sud-Ouest et du Renfort,2,9,97.0
2016-2017,Réadaptation du Sud-Ouest et du Renfort,3,2,8.0
2016-2017,Réadaptation du Sud-Ouest et du Renfort,3,3,10.0
2016-2017,Réadaptation du Sud-Ouest et du Renfort,3,4,2.0
2016-2017,Réadaptation du Sud-Ouest et du Renfort,3,5,6.0
2016-2017,Réadaptation du Sud-Ouest et du Renfort,3,6,7.0
2016-2017,Réadaptation du Sud-Ouest et du Renfort,3,9,33.0
2016-2017,Réadaptation du Sud-Ouest et du Renfort,4,5,2.0
2016-2017,Réadaptation du Sud-Ouest et du Renfort,4,6,5.0
2016-2017,Réadaptation du Sud-Ouest et du Renfort,4,7,1.0
2016-2017,Réadaptation du Sud-Ouest et du Renfort,4,9,8.0
2016-2017,Réadaptation du Sud-Ouest et du Renfort,5,2,3.0
2016-2017,Réadaptation du Sud-Ouest et du Renfort,5,3,8.0
2016-2017,Réadaptation du Sud-Ouest et du Renfort,5,4,5.0
2016-2017,Réadaptation du Sud-Ouest et du Renfort,5,5,23.0
2016-2017,Réadaptation du Sud-Ouest et du Renfort,5,6,8.0
2016-2017,Réadaptation du Sud-Ouest et du Renfort,5,7,1.0
2016-2017,Réadaptation du Sud-Ouest et du Renfort,5,9,48.0
2016-2017,Réadaptation du Sud-Ouest et du Renfort,7,6,3.0
2016-2017,Réadaptation du Sud-Ouest et du Renfort,7,9,3.0
2016-2017,Réadaptation du Sud-Ouest et du Renfort,8,1,1.0
2016-2017,Réadaptation du Sud-Ouest et du Renfort,8,2,8.0
2016-2017,Réadaptation du Sud-Ouest et du Renfort,8,3,19.0
2016-2017,Réadaptation du Sud-Ouest et du Renfort,8,4,18.0
2016-2017,Réadaptation du Sud-Ouest et du Renfort,8,5,72.0
2016-2017,Réadaptation du Sud-Ouest et du Renfort,8,6,77.0
2016-2017,Réadaptation du Sud-Ouest et du Renfort,8,7,4.0
2016-2017,Réadaptation du Sud-Ouest et du Renfort,8,9,199.0
2016-2017,Réadaptation du Sud-Ouest et du Renfort,9,2,4.0
2016-2017,Réadaptation du Sud-Ouest et du Renfort,9,3,4.0
2016-2017,Réadaptation du Sud-Ouest et du Renfort,9,4,19.0
2016-2017,Réadaptation du Sud-Ouest et du Renfort,9,5,119.0
2016-2017,Réadaptation du Sud-Ouest et du Renfort,9,6,154.0
2016-2017,Réadaptation du Sud-Ouest et du Renfort,9,7,17.0
2016-2017,Réadaptation du Sud-Ouest et du Renfort,9,8,1.0
2016-2017,Réadaptation du Sud-Ouest et du Renfort,9,9,318.0
2016-2017,Réadaptation du Sud-Ouest et du Renfort,12,3,1.0
2016-2017,Réadaptation du Sud-Ouest et du Renfort,12,6,2.0
2016-2017,Réadaptation du Sud-Ouest et du Renfort,12,9,3.0
2016-2017,Réadaptation du Sud-Ouest et du Renfort,13,1,261.0
2016-2017,Réadaptation du Sud-Ouest et du Renfort,13,2,606.0
2016-2017,Réadaptation du Sud-Ouest et du Renfort,13,3,248.0
2016-2017,Réadaptation du Sud-Ouest et du Renfort,13,4,147.0
2016-2017,Réadaptation du Sud-Ouest et du Renfort,13,5,563.0
2016-2017,Réadaptation du Sud-Ouest et du Renfort,13,6,342.0
2016-2017,Réadaptation du Sud-Ouest et du Renfort,13,7,24.0
2016-2017,Réadaptation du Sud-Ouest et du Renfort,13,8,1.0
2016-2017,Réadaptation du Sud-Ouest et du Renfort,13,9,2192.0
2017-2018,Atelier Le Fil d'Ariane Inc.,1,5,2.0
2017-2018,Atelier Le Fil d'Ariane Inc.,1,9,2.0
2017-2018,Atelier Le Fil d'Ariane Inc.,2,5,0.0
2017-2018,Atelier Le Fil d'Ariane Inc.,2,9,0.0
2017-2018,Atelier Le Fil d'Ariane Inc.,5,5,6.0
2017-2018,Atelier Le Fil d'Ariane Inc.,5,6,4.0
2017-2018,Atelier Le Fil d'Ariane Inc.,5,9,10.0
2017-2018,Atelier Le Fil d'Ariane Inc.,9,5,1.0
2017-2018,Atelier Le Fil d'Ariane Inc.,9,6,3.0
2017-2018,Atelier Le Fil d'Ariane Inc.,9,9,4.0
2017-2018,Atelier Le Fil d'Ariane Inc.,13,5,9.0
2017-2018,Atelier Le Fil d'Ariane Inc.,13,6,7.0
2017-2018,Atelier Le Fil d'Ariane Inc.,13,9,16.0
2017-2018,CPR de la Côte-Nord,1,1,30.0
2017-2018,CPR de la Côte-Nord,1,2,79.0
2017-2018,CPR de la Côte-Nord,1,3,23.0
2017-2018,CPR de la Côte-Nord,1,4,15.0
2017-2018,CPR de la Côte-Nord,1,5,25.0
2017-2018,CPR de la Côte-Nord,1,6,5.0
2017-2018,CPR de la Côte-Nord,1,7,0.0
2017-2018,CPR de la Côte-Nord,1,8,0.0
2017-2018,CPR de la Côte-Nord,1,9,177.0
2017-2018,CPR de la Côte-Nord,2,1,6.0
2017-2018,CPR de la Côte-Nord,2,2,8.0
2017-2018,CPR de la Côte-Nord,2,3,1.0
2017-2018,CPR de la Côte-Nord,2,4,1.0
2017-2018,CPR de la Côte-Nord,2,5,3.0
2017-2018,CPR de la Côte-Nord,2,6,2.0
2017-2018,CPR de la Côte-Nord,2,7,0.0
2017-2018,CPR de la Côte-Nord,2,8,0.0
2017-2018,CPR de la Côte-Nord,2,9,21.0
2017-2018,CPR de la Côte-Nord,5,1,0.0
2017-2018,CPR de la Côte-Nord,5,2,0.0
2017-2018,CPR de la Côte-Nord,5,3,2.0
2017-2018,CPR de la Côte-Nord,5,4,2.0
2017-2018,CPR de la Côte-Nord,5,5,4.0
2017-2018,CPR de la Côte-Nord,5,6,5.0
2017-2018,CPR de la Côte-Nord,5,7,0.0
2017-2018,CPR de la Côte-Nord,5,8,0.0
2017-2018,CPR de la Côte-Nord,5,9,13.0
2017-2018,CPR de la Côte-Nord,8,1,0.0
2017-2018,CPR de la Côte-Nord,8,2,0.0
2017-2018,CPR de la Côte-Nord,8,3,3.0
2017-2018,CPR de la Côte-Nord,8,4,1.0
2017-2018,CPR de la Côte-Nord,8,5,23.0
2017-2018,CPR de la Côte-Nord,8,6,49.0
2017-2018,CPR de la Côte-Nord,8,7,7.0
2017-2018,CPR de la Côte-Nord,8,8,1.0
2017-2018,CPR de la Côte-Nord,8,9,84.0
2017-2018,CPR de la Côte-Nord,9,1,1.0
2017-2018,CPR de la Côte-Nord,9,2,2.0
2017-2018,CPR de la Côte-Nord,9,3,3.0
2017-2018,CPR de la Côte-Nord,9,4,4.0
2017-2018,CPR de la Côte-Nord,9,5,12.0
2017-2018,CPR de la Côte-Nord,9,6,47.0
2017-2018,CPR de la Côte-Nord,9,7,4.0
2017-2018,CPR de la Côte-Nord,9,8,2.0
2017-2018,CPR de la Côte-Nord,9,9,75.0
2017-2018,CPR de la Côte-Nord,12,1,0.0
2017-2018,CPR de la Côte-Nord,12,2,0.0
2017-2018,CPR de la Côte-Nord,12,3,0.0
2017-2018,CPR de la Côte-Nord,12,4,0.0
2017-2018,CPR de la Côte-Nord,12,5,1.0
2017-2018,CPR de la Côte-Nord,12,6,1.0
2017-2018,CPR de la Côte-Nord,12,7,0.0
2017-2018,CPR de la Côte-Nord,12,8,0.0
2017-2018,CPR de la Côte-Nord,12,9,2.0
2017-2018,CPR de la Côte-Nord,13,1,37.0
2017-2018,CPR de la Côte-Nord,13,2,89.0
2017-2018,CPR de la Côte-Nord,13,3,32.0
2017-2018,CPR de la Côte-Nord,13,4,23.0
2017-2018,CPR de la Côte-Nord,13,5,68.0
2017-2018,CPR de la Côte-Nord,13,6,109.0
2017-2018,CPR de la Côte-Nord,13,7,11.0
2017-2018,CPR de la Côte-Nord,13,8,3.0
2017-2018,CPR de la Côte-Nord,13,9,372.0
2017-2018,CR Estrie Inc.,1,1,2.0
2017-2018,CR Estrie Inc.,1,2,2.0
2017-2018,CR Estrie Inc.,1,3,2.0
2017-2018,CR Estrie Inc.,1,4,0.0
2017-2018,CR Estrie Inc.,1,5,0.0
2017-2018,CR Estrie Inc.,1,6,0.0
2017-2018,CR Estrie Inc.,1,7,0.0
2017-2018,CR Estrie Inc.,1,8,0.0
2017-2018,CR Estrie Inc.,1,9,6.0
2017-2018,CR Estrie Inc.,2,5,3.0
2017-2018,CR Estrie Inc.,2,6,2.0
2017-2018,CR Estrie Inc.,2,7,0.0
2017-2018,CR Estrie Inc.,2,8,0.0
2017-2018,CR Estrie Inc.,2,9,5.0
2017-2018,CR Estrie Inc.,9,1,0.0
2017-2018,CR Estrie Inc.,9,2,0.0
2017-2018,CR Estrie Inc.,9,3,0.0
2017-2018,CR Estrie Inc.,9,4,0.0
2017-2018,CR Estrie Inc.,9,5,0.0
2017-2018,CR Estrie Inc.,9,6,1.0
2017-2018,CR Estrie Inc.,9,7,0.0
2017-2018,CR Estrie Inc.,9,8,0.0
2017-2018,CR Estrie Inc.,9,9,1.0
2017-2018,CR Estrie Inc.,13,1,2.0
2017-2018,CR Estrie Inc.,13,2,2.0
2017-2018,CR Estrie Inc.,13,3,2.0
2017-2018,CR Estrie Inc.,13,4,0.0
2017-2018,CR Estrie Inc.,13,5,3.0
2017-2018,CR Estrie Inc.,13,6,3.0
2017-2018,CR Estrie Inc.,13,7,0.0
2017-2018,CR Estrie Inc.,13,8,0.0
2017-2018,CR Estrie Inc.,13,9,12.0
2017-2018,CR La Maison,1,1,38.0
2017-2018,CR La Maison,1,2,102.0
2017-2018,CR La Maison,1,3,28.0
2017-2018,CR La Maison,1,4,7.0
2017-2018,CR La Maison,1,5,3.0
2017-2018,CR La Maison,1,6,0.0
2017-2018,CR La Maison,1,7,0.0
2017-2018,CR La Maison,1,8,0.0
2017-2018,CR La Maison,1,9,178.0
2017-2018,CR La Maison,2,1,1.0
2017-2018,CR La Maison,2,2,4.0
2017-2018,CR La Maison,2,3,1.0
2017-2018,CR La Maison,2,4,1.0
2017-2018,CR La Maison,2,5,8.0
2017-2018,CR La Maison,2,6,1.0
2017-2018,CR La Maison,2,7,0.0
2017-2018,CR La Maison,2,8,0.0
2017-2018,CR La Maison,2,9,16.0
2017-2018,CR La Maison,3,1,0.0
2017-2018,CR La Maison,3,2,0.0
2017-2018,CR La Maison,3,3,2.0
2017-2018,CR La Maison,3,4,0.0
2017-2018,CR La Maison,3,5,0.0
2017-2018,CR La Maison,3,6,0.0
2017-2018,CR La Maison,3,7,0.0
2017-2018,CR La Maison,3,8,0.0
2017-2018,CR La Maison,3,9,2.0
2017-2018,CR La Maison,8,1,0.0
2017-2018,CR La Maison,8,2,0.0
2017-2018,CR La Maison,8,3,0.0
2017-2018,CR La Maison,8,4,0.0
2017-2018,CR La Maison,8,5,3.0
2017-2018,CR La Maison,8,6,4.0
2017-2018,CR La Maison,8,7,0.0
2017-2018,CR La Maison,8,8,0.0
2017-2018,CR La Maison,8,9,7.0
2017-2018,CR La Maison,9,1,1.0
2017-2018,CR La Maison,9,2,2.0
2017-2018,CR La Maison,9,3,0.0
2017-2018,CR La Maison,9,4,1.0
2017-2018,CR La Maison,9,5,3.0
2017-2018,CR La Maison,9,6,3.0
2017-2018,CR La Maison,9,7,0.0
2017-2018,CR La Maison,9,8,0.0
2017-2018,CR La Maison,9,9,10.0
2017-2018,CR La Maison,10,1,0.0
2017-2018,CR La Maison,10,2,1.0
2017-2018,CR La Maison,10,3,0.0
2017-2018,CR La Maison,10,4,3.0
2017-2018,CR La Maison,10,5,4.0
2017-2018,CR La Maison,10,6,1.0
2017-2018,CR La Maison,10,7,0.0
2017-2018,CR La Maison,10,8,0.0
2017-2018,CR La Maison,10,9,9.0
2017-2018,CR La Maison,13,1,40.0
2017-2018,CR La Maison,13,2,109.0
2017-2018,CR La Maison,13,3,31.0
2017-2018,CR La Maison,13,4,12.0
2017-2018,CR La Maison,13,5,21.0
2017-2018,CR La Maison,13,6,9.0
2017-2018,CR La Maison,13,7,0.0
2017-2018,CR La Maison,13,8,0.0
2017-2018,CR La Maison,13,9,222.0
2017-2018,CR La Myriade,1,1,224.0
2017-2018,CR La Myriade,1,2,335.0
2017-2018,CR La Myriade,1,3,146.0
2017-2018,CR La Myriade,1,4,70.0
2017-2018,CR La Myriade,1,5,91.0
2017-2018,CR La Myriade,1,6,15.0
2017-2018,CR La Myriade,1,7,0.0
2017-2018,CR La Myriade,1,8,0.0
2017-2018,CR La Myriade,1,9,881.0
2017-2018,CR La Myriade,2,1,0.0
2017-2018,CR La Myriade,2,2,1.0
2017-2018,CR La Myriade,2,3,1.0
2017-2018,CR La Myriade,2,4,3.0
2017-2018,CR La Myriade,2,5,23.0
2017-2018,CR La Myriade,2,6,13.0
2017-2018,CR La Myriade,2,7,2.0
2017-2018,CR La Myriade,2,8,0.0
2017-2018,CR La Myriade,2,9,43.0
2017-2018,CR La Myriade,3,1,4.0
2017-2018,CR La Myriade,3,2,7.0
2017-2018,CR La Myriade,3,3,6.0
2017-2018,CR La Myriade,3,4,1.0
2017-2018,CR La Myriade,3,5,2.0
2017-2018,CR La Myriade,3,6,3.0
2017-2018,CR La Myriade,3,7,1.0
2017-2018,CR La Myriade,3,8,0.0
2017-2018,CR La Myriade,3,9,24.0
2017-2018,CR La Myriade,4,1,0.0
2017-2018,CR La Myriade,4,2,0.0
2017-2018,CR La Myriade,4,3,3.0
2017-2018,CR La Myriade,4,4,2.0
2017-2018,CR La Myriade,4,5,2.0
2017-2018,CR La Myriade,4,6,0.0
2017-2018,CR La Myriade,4,7,0.0
2017-2018,CR La Myriade,4,8,0.0
2017-2018,CR La Myriade,4,9,7.0
2017-2018,CR La Myriade,7,1,0.0
2017-2018,CR La Myriade,7,2,0.0
2017-2018,CR La Myriade,7,3,0.0
2017-2018,CR La Myriade,7,4,0.0
2017-2018,CR La Myriade,7,5,1.0
2017-2018,CR La Myriade,7,6,6.0
2017-2018,CR La Myriade,7,7,1.0
2017-2018,CR La Myriade,7,8,0.0
2017-2018,CR La Myriade,7,9,8.0
2017-2018,CR La Myriade,8,1,0.0
2017-2018,CR La Myriade,8,2,7.0
2017-2018,CR La Myriade,8,3,13.0
2017-2018,CR La Myriade,8,4,10.0
2017-2018,CR La Myriade,8,5,88.0
2017-2018,CR La Myriade,8,6,62.0
2017-2018,CR La Myriade,8,7,8.0
2017-2018,CR La Myriade,8,8,0.0
2017-2018,CR La Myriade,8,9,188.0
2017-2018,CR La Myriade,9,1,4.0
2017-2018,CR La Myriade,9,2,4.0
2017-2018,CR La Myriade,9,3,22.0
2017-2018,CR La Myriade,9,4,11.0
2017-2018,CR La Myriade,9,5,76.0
2017-2018,CR La Myriade,9,6,86.0
2017-2018,CR La Myriade,9,7,17.0
2017-2018,CR La Myriade,9,8,5.0
2017-2018,CR La Myriade,9,9,225.0
2017-2018,CR La Myriade,12,1,0.0
2017-2018,CR La Myriade,12,2,0.0
2017-2018,CR La Myriade,12,3,0.0
2017-2018,CR La Myriade,12,4,2.0
2017-2018,CR La Myriade,12,5,7.0
2017-2018,CR La Myriade,12,6,6.0
2017-2018,CR La Myriade,12,7,0.0
2017-2018,CR La Myriade,12,8,0.0
2017-2018,CR La Myriade,12,9,15.0
2017-2018,CR La Myriade,13,1,232.0
2017-2018,CR La Myriade,13,2,354.0
2017-2018,CR La Myriade,13,3,191.0
2017-2018,CR La Myriade,13,4,99.0
2017-2018,CR La Myriade,13,5,290.0
2017-2018,CR La Myriade,13,6,191.0
2017-2018,CR La Myriade,13,7,29.0
2017-2018,CR La Myriade,13,8,5.0
2017-2018,CR La Myriade,13,9,1391.0
2017-2018,CR de l'Ouest de Montréal,1,1,171.0
2017-2018,CR de l'Ouest de Montréal,1,2,383.0
2017-2018,CR de l'Ouest de Montréal,1,3,220.0
2017-2018,CR de l'Ouest de Montréal,1,4,127.0
2017-2018,CR de l'Ouest de Montréal,1,5,343.0
2017-2018,CR de l'Ouest de Montréal,1,6,56.0
2017-2018,CR de l'Ouest de Montréal,1,7,1.0
2017-2018,CR de l'Ouest de Montréal,1,8,0.0
2017-2018,CR de l'Ouest de Montréal,1,9,1301.0
2017-2018,CR de l'Ouest de Montréal,2,1,0.0
2017-2018,CR de l'Ouest de Montréal,2,2,0.0
2017-2018,CR de l'Ouest de Montréal,2,3,0.0
2017-2018,CR de l'Ouest de Montréal,2,4,3.0
2017-2018,CR de l'Ouest de Montréal,2,5,43.0
2017-2018,CR de l'Ouest de Montréal,2,6,58.0
2017-2018,CR de l'Ouest de Montréal,2,7,3.0
2017-2018,CR de l'Ouest de Montréal,2,8,0.0
2017-2018,CR de l'Ouest de Montréal,2,9,107.0
2017-2018,CR de l'Ouest de Montréal,3,1,0.0
2017-2018,CR de l'Ouest de Montréal,3,2,0.0
2017-2018,CR de l'Ouest de Montréal,3,3,0.0
2017-2018,CR de l'Ouest de Montréal,3,4,0.0
2017-2018,CR de l'Ouest de Montréal,3,5,0.0
2017-2018,CR de l'Ouest de Montréal,3,6,4.0
2017-2018,CR de l'Ouest de Montréal,3,7,0.0
2017-2018,CR de l'Ouest de Montréal,3,8,0.0
2017-2018,CR de l'Ouest de Montréal,3,9,4.0
2017-2018,CR de l'Ouest de Montréal,5,1,0.0
2017-2018,CR de l'Ouest de Montréal,5,2,0.0
2017-2018,CR de l'Ouest de Montréal,5,3,1.0
2017-2018,CR de l'Ouest de Montréal,5,4,2.0
2017-2018,CR de l'Ouest de Montréal,5,5,5.0
2017-2018,CR de l'Ouest de Montréal,5,6,6.0
2017-2018,CR de l'Ouest de Montréal,5,7,0.0
2017-2018,CR de l'Ouest de Montréal,5,8,0.0
2017-2018,CR de l'Ouest de Montréal,5,9,14.0
2017-2018,CR de l'Ouest de Montréal,7,1,0.0
2017-2018,CR de l'Ouest de Montréal,7,2,0.0
2017-2018,CR de l'Ouest de Montréal,7,3,0.0
2017-2018,CR de l'Ouest de Montréal,7,4,0.0
2017-2018,CR de l'Ouest de Montréal,7,5,0.0
2017-2018,CR de l'Ouest de Montréal,7,6,2.0
2017-2018,CR de l'Ouest de Montréal,7,7,1.0
2017-2018,CR de l'Ouest de Montréal,7,8,1.0
2017-2018,CR de l'Ouest de Montréal,7,9,4.0
2017-2018,CR de l'Ouest de Montréal,8,1,0.0
2017-2018,CR de l'Ouest de Montréal,8,2,5.0
2017-2018,CR de l'Ouest de Montréal,8,3,34.0
2017-2018,CR de l'Ouest de Montréal,8,4,38.0
2017-2018,CR de l'Ouest de Montréal,8,5,168.0
2017-2018,CR de l'Ouest de Montréal,8,6,183.0
2017-2018,CR de l'Ouest de Montréal,8,7,27.0
2017-2018,CR de l'Ouest de Montréal,8,8,6.0
2017-2018,CR de l'Ouest de Montréal,8,9,461.0
2017-2018,CR de l'Ouest de Montréal,9,1,1.0
2017-2018,CR de l'Ouest de Montréal,9,2,7.0
2017-2018,CR de l'Ouest de Montréal,9,3,7.0
2017-2018,CR de l'Ouest de Montréal,9,4,8.0
2017-2018,CR de l'Ouest de Montréal,9,5,40.0
2017-2018,CR de l'Ouest de Montréal,9,6,44.0
2017-2018,CR de l'Ouest de Montréal,9,7,13.0
2017-2018,CR de l'Ouest de Montréal,9,8,0.0
2017-2018,CR de l'Ouest de Montréal,9,9,120.0
2017-2018,CR de l'Ouest de Montréal,12,1,1.0
2017-2018,CR de l'Ouest de Montréal,12,2,1.0
2017-2018,CR de l'Ouest de Montréal,12,3,2.0
2017-2018,CR de l'Ouest de Montréal,12,4,0.0
2017-2018,CR de l'Ouest de Montréal,12,5,5.0
2017-2018,CR de l'Ouest de Montréal,12,6,6.0
2017-2018,CR de l'Ouest de Montréal,12,7,4.0
2017-2018,CR de l'Ouest de Montréal,12,8,0.0
2017-2018,CR de l'Ouest de Montréal,12,9,19.0
2017-2018,CR de l'Ouest de Montréal,13,1,173.0
2017-2018,CR de l'Ouest de Montréal,13,2,396.0
2017-2018,CR de l'Ouest de Montréal,13,3,264.0
2017-2018,CR de l'Ouest de Montréal,13,4,178.0
2017-2018,CR de l'Ouest de Montréal,13,5,604.0
2017-2018,CR de l'Ouest de Montréal,13,6,359.0
2017-2018,CR de l'Ouest de Montréal,13,7,49.0
2017-2018,CR de l'Ouest de Montréal,13,8,7.0
2017-2018,CR de l'Ouest de Montréal,13,9,2030.0
2017-2018,CR de la Gaspésie,1,1,30.0
2017-2018,CR de la Gaspésie,1,2,57.0
2017-2018,CR de la Gaspésie,1,3,39.0
2017-2018,CR de la Gaspésie,1,4,11.0
2017-2018,CR de la Gaspésie,1,5,43.0
2017-2018,CR de la Gaspésie,1,6,9.0
2017-2018,CR de la Gaspésie,1,7,2.0
2017-2018,CR de la Gaspésie,1,8,0.0
2017-2018,CR de la Gaspésie,1,9,191.0
2017-2018,CR de la Gaspésie,2,1,1.0
2017-2018,CR de la Gaspésie,2,2,0.0
2017-2018,CR de la Gaspésie,2,3,0.0
2017-2018,CR de la Gaspésie,2,4,3.0
2017-2018,CR de la Gaspésie,2,5,3.0
2017-2018,CR de la Gaspésie,2,6,5.0
2017-2018,CR de la Gaspésie,2,7,0.0
2017-2018,CR de la Gaspésie,2,8,0.0
2017-2018,CR de la Gaspésie,2,9,12.0
2017-2018,CR de la Gaspésie,5,1,0.0
2017-2018,CR de la Gaspésie,5,2,0.0
2017-2018,CR de la Gaspésie,5,3,1.0
2017-2018,CR de la Gaspésie,5,4,2.0
2017-2018,CR de la Gaspésie,5,5,6.0
2017-2018,CR de la Gaspésie,5,6,11.0
2017-2018,CR de la Gaspésie,5,7,0.0
2017-2018,CR de la Gaspésie,5,8,0.0
2017-2018,CR de la Gaspésie,5,9,20.0
2017-2018,CR de la Gaspésie,8,1,0.0
2017-2018,CR de la Gaspésie,8,2,0.0
2017-2018,CR de la Gaspésie,8,3,0.0
2017-2018,CR de la Gaspésie,8,4,1.0
2017-2018,CR de la Gaspésie,8,5,7.0
2017-2018,CR de la Gaspésie,8,6,18.0
2017-2018,CR de la Gaspésie,8,7,5.0
2017-2018,CR de la Gaspésie,8,8,4.0
2017-2018,CR de la Gaspésie,8,9,35.0
2017-2018,CR de la Gaspésie,9,1,0.0
2017-2018,CR de la Gaspésie,9,2,4.0
2017-2018,CR de la Gaspésie,9,3,6.0
2017-2018,CR de la Gaspésie,9,4,7.0
2017-2018,CR de la Gaspésie,9,5,32.0
2017-2018,CR de la Gaspésie,9,6,79.0
2017-2018,CR de la Gaspésie,9,7,16.0
2017-2018,CR de la Gaspésie,9,8,6.0
2017-2018,CR de la Gaspésie,9,9,150.0
2017-2018,CR de la Gaspésie,12,1,0.0
2017-2018,CR de la Gaspésie,12,2,0.0
2017-2018,CR de la Gaspésie,12,3,3.0
2017-2018,CR de la Gaspésie,12,4,0.0
2017-2018,CR de la Gaspésie,12,5,1.0
2017-2018,CR de la Gaspésie,12,6,1.0
2017-2018,CR de la Gaspésie,12,7,0.0
2017-2018,CR de la Gaspésie,12,8,0.0
2017-2018,CR de la Gaspésie,12,9,5.0
2017-2018,CR de la Gaspésie,13,1,31.0
2017-2018,CR de la Gaspésie,13,2,61.0
2017-2018,CR de la Gaspésie,13,3,49.0
2017-2018,CR de la Gaspésie,13,4,24.0
2017-2018,CR de la Gaspésie,13,5,92.0
2017-2018,CR de la Gaspésie,13,6,123.0
2017-2018,CR de la Gaspésie,13,7,23.0
2017-2018,CR de la Gaspésie,13,8,10.0
2017-2018,CR de la Gaspésie,13,9,413.0
2017-2018,CR de la Gaspésie,16,1,4.0
2017-2018,CR de la Gaspésie,17,1,11.0
2017-2018,CRDI de Québec,1,1,184.0
2017-2018,CRDI de Québec,1,2,364.0
2017-2018,CRDI de Québec,1,3,237.0
2017-2018,CRDI de Québec,1,4,158.0
2017-2018,CRDI de Québec,1,5,409.0
2017-2018,CRDI de Québec,1,6,71.0
2017-2018,CRDI de Québec,1,7,8.0
2017-2018,CRDI de Québec,1,8,2.0
2017-2018,CRDI de Québec,1,9,1433.0
2017-2018,CRDI de Québec,2,1,0.0
2017-2018,CRDI de Québec,2,2,0.0
2017-2018,CRDI de Québec,2,3,1.0
2017-2018,CRDI de Québec,2,4,14.0
2017-2018,CRDI de Québec,2,5,130.0
2017-2018,CRDI de Québec,2,6,103.0
2017-2018,CRDI de Québec,2,7,16.0
2017-2018,CRDI de Québec,2,8,4.0
2017-2018,CRDI de Québec,2,9,268.0
2017-2018,CRDI de Québec,3,1,1.0
2017-2018,CRDI de Québec,3,2,1.0
2017-2018,CRDI de Québec,3,3,3.0
2017-2018,CRDI de Québec,3,4,2.0
2017-2018,CRDI de Québec,3,5,2.0
2017-2018,CRDI de Québec,3,6,2.0
2017-2018,CRDI de Québec,3,7,0.0
2017-2018,CRDI de Québec,3,8,0.0
2017-2018,CRDI de Québec,3,9,11.0
2017-2018,CRDI de Québec,5,1,0.0
2017-2018,CRDI de Québec,5,2,4.0
2017-2018,CRDI de Québec,5,3,12.0
2017-2018,CRDI de Québec,5,4,10.0
2017-2018,CRDI de Québec,5,5,33.0
2017-2018,CRDI de Québec,5,6,21.0
2017-2018,CRDI de Québec,5,7,1.0
2017-2018,CRDI de Québec,5,8,0.0
2017-2018,CRDI de Québec,5,9,81.0
2017-2018,CRDI de Québec,7,1,0.0
2017-2018,CRDI de Québec,7,2,0.0
2017-2018,CRDI de Québec,7,3,0.0
2017-2018,CRDI de Québec,7,4,1.0
2017-2018,CRDI de Québec,7,5,5.0
2017-2018,CRDI de Québec,7,6,4.0
2017-2018,CRDI de Québec,7,7,1.0
2017-2018,CRDI de Québec,7,8,1.0
2017-2018,CRDI de Québec,7,9,12.0
2017-2018,CRDI de Québec,8,1,0.0
2017-2018,CRDI de Québec,8,2,7.0
2017-2018,CRDI de Québec,8,3,19.0
2017-2018,CRDI de Québec,8,4,30.0
2017-2018,CRDI de Québec,8,5,196.0
2017-2018,CRDI de Québec,8,6,257.0
2017-2018,CRDI de Québec,8,7,44.0
2017-2018,CRDI de Québec,8,8,29.0
2017-2018,CRDI de Québec,8,9,582.0
2017-2018,CRDI de Québec,9,1,2.0
2017-2018,CRDI de Québec,9,2,8.0
2017-2018,CRDI de Québec,9,3,9.0
2017-2018,CRDI de Québec,9,4,7.0
2017-2018,CRDI de Québec,9,5,89.0
2017-2018,CRDI de Québec,9,6,135.0
2017-2018,CRDI de Québec,9,7,35.0
2017-2018,CRDI de Québec,9,8,11.0
2017-2018,CRDI de Québec,9,9,296.0
2017-2018,CRDI de Québec,10,1,0.0
2017-2018,CRDI de Québec,10,2,0.0
2017-2018,CRDI de Québec,10,3,0.0
2017-2018,CRDI de Québec,10,4,0.0
2017-2018,CRDI de Québec,10,5,0.0
2017-2018,CRDI de Québec,10,6,1.0
2017-2018,CRDI de Québec,10,7,0.0
2017-2018,CRDI de Québec,10,8,0.0
2017-2018,CRDI de Québec,10,9,1.0
2017-2018,CRDI de Québec,11,1,0.0
2017-2018,CRDI de Québec,11,2,0.0
2017-2018,CRDI de Québec,11,3,2.0
2017-2018,CRDI de Québec,11,4,0.0
2017-2018,CRDI de Québec,11,5,2.0
2017-2018,CRDI de Québec,11,6,0.0
2017-2018,CRDI de Québec,11,7,1.0
2017-2018,CRDI de Québec,11,8,0.0
2017-2018,CRDI de Québec,11,9,5.0
2017-2018,CRDI de Québec,12,1,0.0
2017-2018,CRDI de Québec,12,2,1.0
2017-2018,CRDI de Québec,12,3,2.0
2017-2018,CRDI de Québec,12,4,2.0
2017-2018,CRDI de Québec,12,5,10.0
2017-2018,CRDI de Québec,12,6,24.0
2017-2018,CRDI de Québec,12,7,7.0
2017-2018,CRDI de Québec,12,8,2.0
2017-2018,CRDI de Québec,12,9,48.0
2017-2018,CRDI de Québec,13,1,187.0
2017-2018,CRDI de Québec,13,2,385.0
2017-2018,CRDI de Québec,13,3,285.0
2017-2018,CRDI de Québec,13,4,224.0
2017-2018,CRDI de Québec,13,5,876.0
2017-2018,CRDI de Québec,13,6,618.0
2017-2018,CRDI de Québec,13,7,113.0
2017-2018,CRDI de Québec,13,8,49.0
2017-2018,CRDI de Québec,13,9,2737.0
2017-2018,CRDITED Chaudière-Appalaches,1,1,173.0
2017-2018,CRDITED Chaudière-Appalaches,1,2,249.0
2017-2018,CRDITED Chaudière-Appalaches,1,3,122.0
2017-2018,CRDITED Chaudière-Appalaches,1,4,72.0
2017-2018,CRDITED Chaudière-Appalaches,1,5,220.0
2017-2018,CRDITED Chaudière-Appalaches,1,6,30.0
2017-2018,CRDITED Chaudière-Appalaches,1,7,1.0
2017-2018,CRDITED Chaudière-Appalaches,1,8,0.0
2017-2018,CRDITED Chaudière-Appalaches,1,9,867.0
2017-2018,CRDITED Chaudière-Appalaches,2,1,0.0
2017-2018,CRDITED Chaudière-Appalaches,2,2,0.0
2017-2018,CRDITED Chaudière-Appalaches,2,3,0.0
2017-2018,CRDITED Chaudière-Appalaches,2,4,8.0
2017-2018,CRDITED Chaudière-Appalaches,2,5,60.0
2017-2018,CRDITED Chaudière-Appalaches,2,6,38.0
2017-2018,CRDITED Chaudière-Appalaches,2,7,0.0
2017-2018,CRDITED Chaudière-Appalaches,2,8,0.0
2017-2018,CRDITED Chaudière-Appalaches,2,9,106.0
2017-2018,CRDITED Chaudière-Appalaches,3,1,0.0
2017-2018,CRDITED Chaudière-Appalaches,3,2,0.0
2017-2018,CRDITED Chaudière-Appalaches,3,3,0.0
2017-2018,CRDITED Chaudière-Appalaches,3,4,2.0
2017-2018,CRDITED Chaudière-Appalaches,3,5,23.0
2017-2018,CRDITED Chaudière-Appalaches,3,6,31.0
2017-2018,CRDITED Chaudière-Appalaches,3,7,2.0
2017-2018,CRDITED Chaudière-Appalaches,3,8,1.0
2017-2018,CRDITED Chaudière-Appalaches,3,9,59.0
2017-2018,CRDITED Chaudière-Appalaches,4,1,0.0
2017-2018,CRDITED Chaudière-Appalaches,4,2,0.0
2017-2018,CRDITED Chaudière-Appalaches,4,3,0.0
2017-2018,CRDITED Chaudière-Appalaches,4,4,0.0
2017-2018,CRDITED Chaudière-Appalaches,4,5,0.0
2017-2018,CRDITED Chaudière-Appalaches,4,6,0.0
2017-2018,CRDITED Chaudière-Appalaches,4,7,0.0
2017-2018,CRDITED Chaudière-Appalaches,4,8,0.0
2017-2018,CRDITED Chaudière-Appalaches,4,9,0.0
2017-2018,CRDITED Chaudière-Appalaches,5,1,0.0
2017-2018,CRDITED Chaudière-Appalaches,5,2,3.0
2017-2018,CRDITED Chaudière-Appalaches,5,3,4.0
2017-2018,CRDITED Chaudière-Appalaches,5,4,2.0
2017-2018,CRDITED Chaudière-Appalaches,5,5,20.0
2017-2018,CRDITED Chaudière-Appalaches,5,6,4.0
2017-2018,CRDITED Chaudière-Appalaches,5,7,0.0
2017-2018,CRDITED Chaudière-Appalaches,5,8,0.0
2017-2018,CRDITED Chaudière-Appalaches,5,9,33.0
2017-2018,CRDITED Chaudière-Appalaches,6,1,0.0
2017-2018,CRDITED Chaudière-Appalaches,6,2,0.0
2017-2018,CRDITED Chaudière-Appalaches,6,3,0.0
2017-2018,CRDITED Chaudière-Appalaches,6,4,0.0
2017-2018,CRDITED Chaudière-Appalaches,6,5,0.0
2017-2018,CRDITED Chaudière-Appalaches,6,6,0.0
2017-2018,CRDITED Chaudière-Appalaches,6,7,0.0
2017-2018,CRDITED Chaudière-Appalaches,6,8,0.0
2017-2018,CRDITED Chaudière-Appalaches,6,9,0.0
2017-2018,CRDITED Chaudière-Appalaches,7,1,0.0
2017-2018,CRDITED Chaudière-Appalaches,7,2,0.0
2017-2018,CRDITED Chaudière-Appalaches,7,3,0.0
2017-2018,CRDITED Chaudière-Appalaches,7,4,1.0
2017-2018,CRDITED Chaudière-Appalaches,7,5,1.0
2017-2018,CRDITED Chaudière-Appalaches,7,6,8.0
2017-2018,CRDITED Chaudière-Appalaches,7,7,0.0
2017-2018,CRDITED Chaudière-Appalaches,7,8,0.0
2017-2018,CRDITED Chaudière-Appalaches,7,9,10.0
2017-2018,CRDITED Chaudière-Appalaches,8,1,0.0
2017-2018,CRDITED Chaudière-Appalaches,8,2,0.0
2017-2018,CRDITED Chaudière-Appalaches,8,3,6.0
2017-2018,CRDITED Chaudière-Appalaches,8,4,9.0
2017-2018,CRDITED Chaudière-Appalaches,8,5,70.0
2017-2018,CRDITED Chaudière-Appalaches,8,6,97.0
2017-2018,CRDITED Chaudière-Appalaches,8,7,21.0
2017-2018,CRDITED Chaudière-Appalaches,8,8,11.0
2017-2018,CRDITED Chaudière-Appalaches,8,9,214.0
2017-2018,CRDITED Chaudière-Appalaches,9,1,5.0
2017-2018,CRDITED Chaudière-Appalaches,9,2,4.0
2017-2018,CRDITED Chaudière-Appalaches,9,3,7.0
2017-2018,CRDITED Chaudière-Appalaches,9,4,14.0
2017-2018,CRDITED Chaudière-Appalaches,9,5,109.0
2017-2018,CRDITED Chaudière-Appalaches,9,6,112.0
2017-2018,CRDITED Chaudière-Appalaches,9,7,23.0
2017-2018,CRDITED Chaudière-Appalaches,9,8,7.0
2017-2018,CRDITED Chaudière-Appalaches,9,9,281.0
2017-2018,CRDITED Chaudière-Appalaches,10,1,0.0
2017-2018,CRDITED Chaudière-Appalaches,10,2,0.0
2017-2018,CRDITED Chaudière-Appalaches,10,3,0.0
2017-2018,CRDITED Chaudière-Appalaches,10,4,0.0
2017-2018,CRDITED Chaudière-Appalaches,10,5,0.0
2017-2018,CRDITED Chaudière-Appalaches,10,6,0.0
2017-2018,CRDITED Chaudière-Appalaches,10,7,0.0
2017-2018,CRDITED Chaudière-Appalaches,10,8,0.0
2017-2018,CRDITED Chaudière-Appalaches,10,9,0.0
2017-2018,CRDITED Chaudière-Appalaches,11,1,0.0
2017-2018,CRDITED Chaudière-Appalaches,11,2,0.0
2017-2018,CRDITED Chaudière-Appalaches,11,3,0.0
2017-2018,CRDITED Chaudière-Appalaches,11,4,0.0
2017-2018,CRDITED Chaudière-Appalaches,11,5,0.0
2017-2018,CRDITED Chaudière-Appalaches,11,6,0.0
2017-2018,CRDITED Chaudière-Appalaches,11,7,0.0
2017-2018,CRDITED Chaudière-Appalaches,11,8,0.0
2017-2018,CRDITED Chaudière-Appalaches,11,9,0.0
2017-2018,CRDITED Chaudière-Appalaches,12,1,0.0
2017-2018,CRDITED Chaudière-Appalaches,12,2,0.0
2017-2018,CRDITED Chaudière-Appalaches,12,3,0.0
2017-2018,CRDITED Chaudière-Appalaches,12,4,0.0
2017-2018,CRDITED Chaudière-Appalaches,12,5,5.0
2017-2018,CRDITED Chaudière-Appalaches,12,6,2.0
2017-2018,CRDITED Chaudière-Appalaches,12,7,0.0
2017-2018,CRDITED Chaudière-Appalaches,12,8,0.0
2017-2018,CRDITED Chaudière-Appalaches,12,9,7.0
2017-2018,CRDITED Chaudière-Appalaches,13,1,178.0
2017-2018,CRDITED Chaudière-Appalaches,13,2,256.0
2017-2018,CRDITED Chaudière-Appalaches,13,3,139.0
2017-2018,CRDITED Chaudière-Appalaches,13,4,108.0
2017-2018,CRDITED Chaudière-Appalaches,13,5,508.0
2017-2018,CRDITED Chaudière-Appalaches,13,6,322.0
2017-2018,CRDITED Chaudière-Appalaches,13,7,47.0
2017-2018,CRDITED Chaudière-Appalaches,13,8,19.0
2017-2018,CRDITED Chaudière-Appalaches,13,9,1577.0
2017-2018,CRDITED Chaudière-Appalaches,14,1,1.0
2017-2018,CRDITED Chaudière-Appalaches,15,1,3.0
2017-2018,CRDITED Chaudière-Appalaches,16,1,36.0
2017-2018,CRDITED Chaudière-Appalaches,17,1,413.0
2017-2018,CRDITED Mauricie et Centre-du-Québec,1,1,174.0
2017-2018,CRDITED Mauricie et Centre-du-Québec,1,2,313.0
2017-2018,CRDITED Mauricie et Centre-du-Québec,1,3,138.0
2017-2018,CRDITED Mauricie et Centre-du-Québec,1,4,95.0
2017-2018,CRDITED Mauricie et Centre-du-Québec,1,5,335.0
2017-2018,CRDITED Mauricie et Centre-du-Québec,1,6,53.0
2017-2018,CRDITED Mauricie et Centre-du-Québec,1,7,0.0
2017-2018,CRDITED Mauricie et Centre-du-Québec,1,8,0.0
2017-2018,CRDITED Mauricie et Centre-du-Québec,1,9,1108.0
2017-2018,CRDITED Mauricie et Centre-du-Québec,2,1,0.0
2017-2018,CRDITED Mauricie et Centre-du-Québec,2,2,0.0
2017-2018,CRDITED Mauricie et Centre-du-Québec,2,3,3.0
2017-2018,CRDITED Mauricie et Centre-du-Québec,2,4,5.0
2017-2018,CRDITED Mauricie et Centre-du-Québec,2,5,94.0
2017-2018,CRDITED Mauricie et Centre-du-Québec,2,6,39.0
2017-2018,CRDITED Mauricie et Centre-du-Québec,2,7,5.0
2017-2018,CRDITED Mauricie et Centre-du-Québec,2,8,1.0
2017-2018,CRDITED Mauricie et Centre-du-Québec,2,9,147.0
2017-2018,CRDITED Mauricie et Centre-du-Québec,3,1,3.0
2017-2018,CRDITED Mauricie et Centre-du-Québec,3,2,5.0
2017-2018,CRDITED Mauricie et Centre-du-Québec,3,3,7.0
2017-2018,CRDITED Mauricie et Centre-du-Québec,3,4,0.0
2017-2018,CRDITED Mauricie et Centre-du-Québec,3,5,7.0
2017-2018,CRDITED Mauricie et Centre-du-Québec,3,6,12.0
2017-2018,CRDITED Mauricie et Centre-du-Québec,3,7,1.0
2017-2018,CRDITED Mauricie et Centre-du-Québec,3,8,0.0
2017-2018,CRDITED Mauricie et Centre-du-Québec,3,9,35.0
2017-2018,CRDITED Mauricie et Centre-du-Québec,5,1,0.0
2017-2018,CRDITED Mauricie et Centre-du-Québec,5,2,0.0
2017-2018,CRDITED Mauricie et Centre-du-Québec,5,3,3.0
2017-2018,CRDITED Mauricie et Centre-du-Québec,5,4,0.0
2017-2018,CRDITED Mauricie et Centre-du-Québec,5,5,11.0
2017-2018,CRDITED Mauricie et Centre-du-Québec,5,6,6.0
2017-2018,CRDITED Mauricie et Centre-du-Québec,5,7,2.0
2017-2018,CRDITED Mauricie et Centre-du-Québec,5,8,0.0
2017-2018,CRDITED Mauricie et Centre-du-Québec,5,9,22.0
2017-2018,CRDITED Mauricie et Centre-du-Québec,7,1,0.0
2017-2018,CRDITED Mauricie et Centre-du-Québec,7,2,0.0
2017-2018,CRDITED Mauricie et Centre-du-Québec,7,3,0.0
2017-2018,CRDITED Mauricie et Centre-du-Québec,7,4,1.0
2017-2018,CRDITED Mauricie et Centre-du-Québec,7,5,0.0
2017-2018,CRDITED Mauricie et Centre-du-Québec,7,6,1.0
2017-2018,CRDITED Mauricie et Centre-du-Québec,7,7,1.0
2017-2018,CRDITED Mauricie et Centre-du-Québec,7,8,0.0
2017-2018,CRDITED Mauricie et Centre-du-Québec,7,9,3.0
2017-2018,CRDITED Mauricie et Centre-du-Québec,8,1,0.0
2017-2018,CRDITED Mauricie et Centre-du-Québec,8,2,3.0
2017-2018,CRDITED Mauricie et Centre-du-Québec,8,3,11.0
2017-2018,CRDITED Mauricie et Centre-du-Québec,8,4,13.0
2017-2018,CRDITED Mauricie et Centre-du-Québec,8,5,76.0
2017-2018,CRDITED Mauricie et Centre-du-Québec,8,6,100.0
2017-2018,CRDITED Mauricie et Centre-du-Québec,8,7,30.0
2017-2018,CRDITED Mauricie et Centre-du-Québec,8,8,12.0
2017-2018,CRDITED Mauricie et Centre-du-Québec,8,9,245.0
2017-2018,CRDITED Mauricie et Centre-du-Québec,9,1,2.0
2017-2018,CRDITED Mauricie et Centre-du-Québec,9,2,12.0
2017-2018,CRDITED Mauricie et Centre-du-Québec,9,3,13.0
2017-2018,CRDITED Mauricie et Centre-du-Québec,9,4,20.0
2017-2018,CRDITED Mauricie et Centre-du-Québec,9,5,124.0
2017-2018,CRDITED Mauricie et Centre-du-Québec,9,6,199.0
2017-2018,CRDITED Mauricie et Centre-du-Québec,9,7,37.0
2017-2018,CRDITED Mauricie et Centre-du-Québec,9,8,16.0
2017-2018,CRDITED Mauricie et Centre-du-Québec,9,9,423.0
2017-2018,CRDITED Mauricie et Centre-du-Québec,12,1,3.0
2017-2018,CRDITED Mauricie et Centre-du-Québec,12,2,2.0
2017-2018,CRDITED Mauricie et Centre-du-Québec,12,3,6.0
2017-2018,CRDITED Mauricie et Centre-du-Québec,12,4,4.0
2017-2018,CRDITED Mauricie et Centre-du-Québec,12,5,11.0
2017-2018,CRDITED Mauricie et Centre-du-Québec,12,6,12.0
2017-2018,CRDITED Mauricie et Centre-du-Québec,12,7,0.0
2017-2018,CRDITED Mauricie et Centre-du-Québec,12,8,2.0
2017-2018,CRDITED Mauricie et Centre-du-Québec,12,9,40.0
2017-2018,CRDITED Mauricie et Centre-du-Québec,13,1,182.0
2017-2018,CRDITED Mauricie et Centre-du-Québec,13,2,335.0
2017-2018,CRDITED Mauricie et Centre-du-Québec,13,3,181.0
2017-2018,CRDITED Mauricie et Centre-du-Québec,13,4,138.0
2017-2018,CRDITED Mauricie et Centre-du-Québec,13,5,658.0
2017-2018,CRDITED Mauricie et Centre-du-Québec,13,6,422.0
2017-2018,CRDITED Mauricie et Centre-du-Québec,13,7,76.0
2017-2018,CRDITED Mauricie et Centre-du-Québec,13,8,31.0
2017-2018,CRDITED Mauricie et Centre-du-Québec,13,9,2023.0
2017-2018,CRDITED Mauricie et Centre-du-Québec,16,1,5.0
2017-2018,CRDITED Mauricie et Centre-du-Québec,17,1,57.0
2017-2018,CRDITED de Laval,1,1,166.0
2017-2018,CRDITED de Laval,1,2,193.0
2017-2018,CRDITED de Laval,1,3,85.0
2017-2018,CRDITED de Laval,1,4,85.0
2017-2018,CRDITED de Laval,1,5,188.0
2017-2018,CRDITED de Laval,1,6,28.0
2017-2018,CRDITED de Laval,1,7,0.0
2017-2018,CRDITED de Laval,1,8,0.0
2017-2018,CRDITED de Laval,1,9,745.0
2017-2018,CRDITED de Laval,2,1,0.0
2017-2018,CRDITED de Laval,2,2,0.0
2017-2018,CRDITED de Laval,2,3,0.0
2017-2018,CRDITED de Laval,2,4,5.0
2017-2018,CRDITED de Laval,2,5,26.0
2017-2018,CRDITED de Laval,2,6,26.0
2017-2018,CRDITED de Laval,2,7,0.0
2017-2018,CRDITED de Laval,2,8,0.0
2017-2018,CRDITED de Laval,2,9,57.0
2017-2018,CRDITED de Laval,3,1,0.0
2017-2018,CRDITED de Laval,3,2,0.0
2017-2018,CRDITED de Laval,3,3,0.0
2017-2018,CRDITED de Laval,3,4,0.0
2017-2018,CRDITED de Laval,3,5,3.0
2017-2018,CRDITED de Laval,3,6,1.0
2017-2018,CRDITED de Laval,3,7,0.0
2017-2018,CRDITED de Laval,3,8,0.0
2017-2018,CRDITED de Laval,3,9,4.0
2017-2018,CRDITED de Laval,4,1,0.0
2017-2018,CRDITED de Laval,4,2,0.0
2017-2018,CRDITED de Laval,4,3,1.0
2017-2018,CRDITED de Laval,4,4,2.0
2017-2018,CRDITED de Laval,4,5,3.0
2017-2018,CRDITED de Laval,4,6,1.0
2017-2018,CRDITED de Laval,4,7,0.0
2017-2018,CRDITED de Laval,4,8,0.0
2017-2018,CRDITED de Laval,4,9,7.0
2017-2018,CRDITED de Laval,6,1,0.0
2017-2018,CRDITED de Laval,6,2,0.0
2017-2018,CRDITED de Laval,6,3,0.0
2017-2018,CRDITED de Laval,6,4,1.0
2017-2018,CRDITED de Laval,6,5,12.0
2017-2018,CRDITED de Laval,6,6,9.0
2017-2018,CRDITED de Laval,6,7,0.0
2017-2018,CRDITED de Laval,6,8,0.0
2017-2018,CRDITED de Laval,6,9,22.0
2017-2018,CRDITED de Laval,7,1,0.0
2017-2018,CRDITED de Laval,7,2,0.0
2017-2018,CRDITED de Laval,7,3,1.0
2017-2018,CRDITED de Laval,7,4,1.0
2017-2018,CRDITED de Laval,7,5,0.0
2017-2018,CRDITED de Laval,7,6,1.0
2017-2018,CRDITED de Laval,7,7,0.0
2017-2018,CRDITED de Laval,7,8,0.0
2017-2018,CRDITED de Laval,7,9,3.0
2017-2018,CRDITED de Laval,8,1,1.0
2017-2018,CRDITED de Laval,8,2,2.0
2017-2018,CRDITED de Laval,8,3,28.0
2017-2018,CRDITED de Laval,8,4,18.0
2017-2018,CRDITED de Laval,8,5,146.0
2017-2018,CRDITED de Laval,8,6,115.0
2017-2018,CRDITED de Laval,8,7,23.0
2017-2018,CRDITED de Laval,8,8,9.0
2017-2018,CRDITED de Laval,8,9,342.0
2017-2018,CRDITED de Laval,9,1,2.0
2017-2018,CRDITED de Laval,9,2,2.0
2017-2018,CRDITED de Laval,9,3,1.0
2017-2018,CRDITED de Laval,9,4,1.0
2017-2018,CRDITED de Laval,9,5,19.0
2017-2018,CRDITED de Laval,9,6,41.0
2017-2018,CRDITED de Laval,9,7,12.0
2017-2018,CRDITED de Laval,9,8,2.0
2017-2018,CRDITED de Laval,9,9,80.0
2017-2018,CRDITED de Laval,10,1,0.0
2017-2018,CRDITED de Laval,10,2,0.0
2017-2018,CRDITED de Laval,10,3,4.0
2017-2018,CRDITED de Laval,10,4,2.0
2017-2018,CRDITED de Laval,10,5,18.0
2017-2018,CRDITED de Laval,10,6,13.0
2017-2018,CRDITED de Laval,10,7,2.0
2017-2018,CRDITED de Laval,10,8,1.0
2017-2018,CRDITED de Laval,10,9,40.0
2017-2018,CRDITED de Laval,11,1,0.0
2017-2018,CRDITED de Laval,11,2,2.0
2017-2018,CRDITED de Laval,11,3,0.0
2017-2018,CRDITED de Laval,11,4,1.0
2017-2018,CRDITED de Laval,11,5,0.0
2017-2018,CRDITED de Laval,11,6,0.0
2017-2018,CRDITED de Laval,11,7,0.0
2017-2018,CRDITED de Laval,11,8,0.0
2017-2018,CRDITED de Laval,11,9,3.0
2017-2018,CRDITED de Laval,12,1,0.0
2017-2018,CRDITED de Laval,12,2,0.0
2017-2018,CRDITED de Laval,12,3,1.0
2017-2018,CRDITED de Laval,12,4,3.0
2017-2018,CRDITED de Laval,12,5,1.0
2017-2018,CRDITED de Laval,12,6,2.0
2017-2018,CRDITED de Laval,12,7,1.0
2017-2018,CRDITED de Laval,12,8,1.0
2017-2018,CRDITED de Laval,12,9,9.0
2017-2018,CRDITED de Laval,13,1,169.0
2017-2018,CRDITED de Laval,13,2,199.0
2017-2018,CRDITED de Laval,13,3,121.0
2017-2018,CRDITED de Laval,13,4,119.0
2017-2018,CRDITED de Laval,13,5,416.0
2017-2018,CRDITED de Laval,13,6,237.0
2017-2018,CRDITED de Laval,13,7,38.0
2017-2018,CRDITED de Laval,13,8,13.0
2017-2018,CRDITED de Laval,13,9,1312.0
2017-2018,CRDITED de Montréal,1,1,297.0
2017-2018,CRDITED de Montréal,1,2,536.0
2017-2018,CRDITED de Montréal,1,3,313.0
2017-2018,CRDITED de Montréal,1,4,201.0
2017-2018,CRDITED de Montréal,1,5,651.0
2017-2018,CRDITED de Montréal,1,6,139.0
2017-2018,CRDITED de Montréal,1,7,4.0
2017-2018,CRDITED de Montréal,1,9,2141.0
2017-2018,CRDITED de Montréal,2,2,2.0
2017-2018,CRDITED de Montréal,2,3,3.0
2017-2018,CRDITED de Montréal,2,4,9.0
2017-2018,CRDITED de Montréal,2,5,113.0
2017-2018,CRDITED de Montréal,2,6,105.0
2017-2018,CRDITED de Montréal,2,7,13.0
2017-2018,CRDITED de Montréal,2,8,2.0
2017-2018,CRDITED de Montréal,2,9,247.0
2017-2018,CRDITED de Montréal,3,3,3.0
2017-2018,CRDITED de Montréal,3,5,7.0
2017-2018,CRDITED de Montréal,3,6,4.0
2017-2018,CRDITED de Montréal,3,7,1.0
2017-2018,CRDITED de Montréal,3,9,15.0
2017-2018,CRDITED de Montréal,4,2,7.0
2017-2018,CRDITED de Montréal,4,3,9.0
2017-2018,CRDITED de Montréal,4,4,4.0
2017-2018,CRDITED de Montréal,4,5,29.0
2017-2018,CRDITED de Montréal,4,6,28.0
2017-2018,CRDITED de Montréal,4,7,2.0
2017-2018,CRDITED de Montréal,4,9,79.0
2017-2018,CRDITED de Montréal,5,3,3.0
2017-2018,CRDITED de Montréal,5,4,13.0
2017-2018,CRDITED de Montréal,5,5,53.0
2017-2018,CRDITED de Montréal,5,6,31.0
2017-2018,CRDITED de Montréal,5,7,5.0
2017-2018,CRDITED de Montréal,5,8,1.0
2017-2018,CRDITED de Montréal,5,9,106.0
2017-2018,CRDITED de Montréal,7,3,2.0
2017-2018,CRDITED de Montréal,7,4,1.0
2017-2018,CRDITED de Montréal,7,5,2.0
2017-2018,CRDITED de Montréal,7,6,1.0
2017-2018,CRDITED de Montréal,7,9,6.0
2017-2018,CRDITED de Montréal,8,2,20.0
2017-2018,CRDITED de Montréal,8,3,48.0
2017-2018,CRDITED de Montréal,8,4,67.0
2017-2018,CRDITED de Montréal,8,5,377.0
2017-2018,CRDITED de Montréal,8,6,770.0
2017-2018,CRDITED de Montréal,8,7,139.0
2017-2018,CRDITED de Montréal,8,8,22.0
2017-2018,CRDITED de Montréal,8,9,1443.0
2017-2018,CRDITED de Montréal,9,1,6.0
2017-2018,CRDITED de Montréal,9,2,26.0
2017-2018,CRDITED de Montréal,9,3,24.0
2017-2018,CRDITED de Montréal,9,4,24.0
2017-2018,CRDITED de Montréal,9,5,65.0
2017-2018,CRDITED de Montréal,9,6,138.0
2017-2018,CRDITED de Montréal,9,7,35.0
2017-2018,CRDITED de Montréal,9,8,5.0
2017-2018,CRDITED de Montréal,9,9,323.0
2017-2018,CRDITED de Montréal,10,5,7.0
2017-2018,CRDITED de Montréal,10,6,35.0
2017-2018,CRDITED de Montréal,10,7,6.0
2017-2018,CRDITED de Montréal,10,9,48.0
2017-2018,CRDITED de Montréal,11,2,1.0
2017-2018,CRDITED de Montréal,11,3,10.0
2017-2018,CRDITED de Montréal,11,9,11.0
2017-2018,CRDITED de Montréal,12,2,2.0
2017-2018,CRDITED de Montréal,12,3,6.0
2017-2018,CRDITED de Montréal,12,4,6.0
2017-2018,CRDITED de Montréal,12,5,25.0
2017-2018,CRDITED de Montréal,12,6,23.0
2017-2018,CRDITED de Montréal,12,7,4.0
2017-2018,CRDITED de Montréal,12,9,66.0
2017-2018,CRDITED de Montréal,13,1,303.0
2017-2018,CRDITED de Montréal,13,2,594.0
2017-2018,CRDITED de Montréal,13,3,421.0
2017-2018,CRDITED de Montréal,13,4,325.0
2017-2018,CRDITED de Montréal,13,5,1329.0
2017-2018,CRDITED de Montréal,13,6,1274.0
2017-2018,CRDITED de Montréal,13,7,209.0
2017-2018,CRDITED de Montréal,13,8,30.0
2017-2018,CRDITED de Montréal,13,9,4485.0
2017-2018,CRDITED de Montréal,14,1,3.0
2017-2018,CRDITED de Montréal,15,1,1654.0
2017-2018,CRDITED de Montréal,16,1,10.0
2017-2018,CRDITED de Montréal,17,1,206.0
2017-2018,CRDITED de l'Estrie,1,1,58.0
2017-2018,CRDITED de l'Estrie,1,2,78.0
2017-2018,CRDITED de l'Estrie,1,3,51.0
2017-2018,CRDITED de l'Estrie,1,4,36.0
2017-2018,CRDITED de l'Estrie,1,5,174.0
2017-2018,CRDITED de l'Estrie,1,6,35.0
2017-2018,CRDITED de l'Estrie,1,7,2.0
2017-2018,CRDITED de l'Estrie,1,8,0.0
2017-2018,CRDITED de l'Estrie,1,9,434.0
2017-2018,CRDITED de l'Estrie,2,1,0.0
2017-2018,CRDITED de l'Estrie,2,2,0.0
2017-2018,CRDITED de l'Estrie,2,3,0.0
2017-2018,CRDITED de l'Estrie,2,4,10.0
2017-2018,CRDITED de l'Estrie,2,5,39.0
2017-2018,CRDITED de l'Estrie,2,6,24.0
2017-2018,CRDITED de l'Estrie,2,7,0.0
2017-2018,CRDITED de l'Estrie,2,8,0.0
2017-2018,CRDITED de l'Estrie,2,9,73.0
2017-2018,CRDITED de l'Estrie,3,1,0.0
2017-2018,CRDITED de l'Estrie,3,2,4.0
2017-2018,CRDITED de l'Estrie,3,3,3.0
2017-2018,CRDITED de l'Estrie,3,4,1.0
2017-2018,CRDITED de l'Estrie,3,5,4.0
2017-2018,CRDITED de l'Estrie,3,6,5.0
2017-2018,CRDITED de l'Estrie,3,7,1.0
2017-2018,CRDITED de l'Estrie,3,8,0.0
2017-2018,CRDITED de l'Estrie,3,9,18.0
2017-2018,CRDITED de l'Estrie,4,1,0.0
2017-2018,CRDITED de l'Estrie,4,2,0.0
2017-2018,CRDITED de l'Estrie,4,3,0.0
2017-2018,CRDITED de l'Estrie,4,4,0.0
2017-2018,CRDITED de l'Estrie,4,5,0.0
2017-2018,CRDITED de l'Estrie,4,6,0.0
2017-2018,CRDITED de l'Estrie,4,7,0.0
2017-2018,CRDITED de l'Estrie,4,8,0.0
2017-2018,CRDITED de l'Estrie,4,9,0.0
2017-2018,CRDITED de l'Estrie,5,1,0.0
2017-2018,CRDITED de l'Estrie,5,2,0.0
2017-2018,CRDITED de l'Estrie,5,3,3.0
2017-2018,CRDITED de l'Estrie,5,4,2.0
2017-2018,CRDITED de l'Estrie,5,5,12.0
2017-2018,CRDITED de l'Estrie,5,6,11.0
2017-2018,CRDITED de l'Estrie,5,7,0.0
2017-2018,CRDITED de l'Estrie,5,8,0.0
2017-2018,CRDITED de l'Estrie,5,9,28.0
2017-2018,CRDITED de l'Estrie,6,1,0.0
2017-2018,CRDITED de l'Estrie,6,2,0.0
2017-2018,CRDITED de l'Estrie,6,3,0.0
2017-2018,CRDITED de l'Estrie,6,4,0.0
2017-2018,CRDITED de l'Estrie,6,5,0.0
2017-2018,CRDITED de l'Estrie,6,6,6.0
2017-2018,CRDITED de l'Estrie,6,7,3.0
2017-2018,CRDITED de l'Estrie,6,8,0.0
2017-2018,CRDITED de l'Estrie,6,9,9.0
2017-2018,CRDITED de l'Estrie,7,1,0.0
2017-2018,CRDITED de l'Estrie,7,2,0.0
2017-2018,CRDITED de l'Estrie,7,3,0.0
2017-2018,CRDITED de l'Estrie,7,4,0.0
2017-2018,CRDITED de l'Estrie,7,5,1.0
2017-2018,CRDITED de l'Estrie,7,6,1.0
2017-2018,CRDITED de l'Estrie,7,7,0.0
2017-2018,CRDITED de l'Estrie,7,8,0.0
2017-2018,CRDITED de l'Estrie,7,9,2.0
2017-2018,CRDITED de l'Estrie,8,1,0.0
2017-2018,CRDITED de l'Estrie,8,2,2.0
2017-2018,CRDITED de l'Estrie,8,3,1.0
2017-2018,CRDITED de l'Estrie,8,4,2.0
2017-2018,CRDITED de l'Estrie,8,5,29.0
2017-2018,CRDITED de l'Estrie,8,6,37.0
2017-2018,CRDITED de l'Estrie,8,7,8.0
2017-2018,CRDITED de l'Estrie,8,8,2.0
2017-2018,CRDITED de l'Estrie,8,9,81.0
2017-2018,CRDITED de l'Estrie,9,1,2.0
2017-2018,CRDITED de l'Estrie,9,2,7.0
2017-2018,CRDITED de l'Estrie,9,3,14.0
2017-2018,CRDITED de l'Estrie,9,4,26.0
2017-2018,CRDITED de l'Estrie,9,5,128.0
2017-2018,CRDITED de l'Estrie,9,6,184.0
2017-2018,CRDITED de l'Estrie,9,7,60.0
2017-2018,CRDITED de l'Estrie,9,8,7.0
2017-2018,CRDITED de l'Estrie,9,9,428.0
2017-2018,CRDITED de l'Estrie,10,1,0.0
2017-2018,CRDITED de l'Estrie,10,2,0.0
2017-2018,CRDITED de l'Estrie,10,3,0.0
2017-2018,CRDITED de l'Estrie,10,4,0.0
2017-2018,CRDITED de l'Estrie,10,5,0.0
2017-2018,CRDITED de l'Estrie,10,6,0.0
2017-2018,CRDITED de l'Estrie,10,7,0.0
2017-2018,CRDITED de l'Estrie,10,8,0.0
2017-2018,CRDITED de l'Estrie,10,9,0.0
2017-2018,CRDITED de l'Estrie,11,1,0.0
2017-2018,CRDITED de l'Estrie,11,2,0.0
2017-2018,CRDITED de l'Estrie,11,3,0.0
2017-2018,CRDITED de l'Estrie,11,4,0.0
2017-2018,CRDITED de l'Estrie,11,5,0.0
2017-2018,CRDITED de l'Estrie,11,6,0.0
2017-2018,CRDITED de l'Estrie,11,7,0.0
2017-2018,CRDITED de l'Estrie,11,8,0.0
2017-2018,CRDITED de l'Estrie,11,9,0.0
2017-2018,CRDITED de l'Estrie,12,1,0.0
2017-2018,CRDITED de l'Estrie,12,2,0.0
2017-2018,CRDITED de l'Estrie,12,3,0.0
2017-2018,CRDITED de l'Estrie,12,4,2.0
2017-2018,CRDITED de l'Estrie,12,5,15.0
2017-2018,CRDITED de l'Estrie,12,6,15.0
2017-2018,CRDITED de l'Estrie,12,7,11.0
2017-2018,CRDITED de l'Estrie,12,8,1.0
2017-2018,CRDITED de l'Estrie,12,9,44.0
2017-2018,CRDITED de l'Estrie,13,1,60.0
2017-2018,CRDITED de l'Estrie,13,2,91.0
2017-2018,CRDITED de l'Estrie,13,3,72.0
2017-2018,CRDITED de l'Estrie,13,4,79.0
2017-2018,CRDITED de l'Estrie,13,5,402.0
2017-2018,CRDITED de l'Estrie,13,6,318.0
2017-2018,CRDITED de l'Estrie,13,7,85.0
2017-2018,CRDITED de l'Estrie,13,8,10.0
2017-2018,CRDITED de l'Estrie,13,9,1117.0
2017-2018,CRDITED de l'Estrie,14,1,0.0
2017-2018,CRDITED de l'Estrie,15,1,0.0
2017-2018,CRDITED de l'Estrie,16,1,34.0
2017-2018,CRDITED de l'Estrie,17,1,123.0
2017-2018,CRDITED de la Montérégie-Est,1,1,473.0
2017-2018,CRDITED de la Montérégie-Est,1,2,773.0
2017-2018,CRDITED de la Montérégie-Est,1,3,267.0
2017-2018,CRDITED de la Montérégie-Est,1,4,106.0
2017-2018,CRDITED de la Montérégie-Est,1,5,313.0
2017-2018,CRDITED de la Montérégie-Est,1,6,54.0
2017-2018,CRDITED de la Montérégie-Est,1,7,1.0
2017-2018,CRDITED de la Montérégie-Est,1,9,1987.0
2017-2018,CRDITED de la Montérégie-Est,2,3,1.0
2017-2018,CRDITED de la Montérégie-Est,2,4,13.0
2017-2018,CRDITED de la Montérégie-Est,2,5,78.0
2017-2018,CRDITED de la Montérégie-Est,2,6,56.0
2017-2018,CRDITED de la Montérégie-Est,2,7,7.0
2017-2018,CRDITED de la Montérégie-Est,2,9,155.0
2017-2018,CRDITED de la Montérégie-Est,3,1,3.0
2017-2018,CRDITED de la Montérégie-Est,3,2,17.0
2017-2018,CRDITED de la Montérégie-Est,3,3,20.0
2017-2018,CRDITED de la Montérégie-Est,3,4,2.0
2017-2018,CRDITED de la Montérégie-Est,3,5,9.0
2017-2018,CRDITED de la Montérégie-Est,3,6,5.0
2017-2018,CRDITED de la Montérégie-Est,3,9,56.0
2017-2018,CRDITED de la Montérégie-Est,4,4,3.0
2017-2018,CRDITED de la Montérégie-Est,4,5,4.0
2017-2018,CRDITED de la Montérégie-Est,4,6,40.0
2017-2018,CRDITED de la Montérégie-Est,4,7,10.0
2017-2018,CRDITED de la Montérégie-Est,4,9,57.0
2017-2018,CRDITED de la Montérégie-Est,5,2,2.0
2017-2018,CRDITED de la Montérégie-Est,5,3,21.0
2017-2018,CRDITED de la Montérégie-Est,5,4,8.0
2017-2018,CRDITED de la Montérégie-Est,5,5,22.0
2017-2018,CRDITED de la Montérégie-Est,5,6,5.0
2017-2018,CRDITED de la Montérégie-Est,5,9,58.0
2017-2018,CRDITED de la Montérégie-Est,7,4,1.0
2017-2018,CRDITED de la Montérégie-Est,7,5,2.0
2017-2018,CRDITED de la Montérégie-Est,7,6,3.0
2017-2018,CRDITED de la Montérégie-Est,7,9,6.0
2017-2018,CRDITED de la Montérégie-Est,8,2,2.0
2017-2018,CRDITED de la Montérégie-Est,8,3,9.0
2017-2018,CRDITED de la Montérégie-Est,8,4,19.0
2017-2018,CRDITED de la Montérégie-Est,8,5,95.0
2017-2018,CRDITED de la Montérégie-Est,8,6,123.0
2017-2018,CRDITED de la Montérégie-Est,8,7,23.0
2017-2018,CRDITED de la Montérégie-Est,8,8,1.0
2017-2018,CRDITED de la Montérégie-Est,8,9,272.0
2017-2018,CRDITED de la Montérégie-Est,9,1,3.0
2017-2018,CRDITED de la Montérégie-Est,9,2,25.0
2017-2018,CRDITED de la Montérégie-Est,9,3,33.0
2017-2018,CRDITED de la Montérégie-Est,9,4,33.0
2017-2018,CRDITED de la Montérégie-Est,9,5,179.0
2017-2018,CRDITED de la Montérégie-Est,9,6,268.0
2017-2018,CRDITED de la Montérégie-Est,9,7,64.0
2017-2018,CRDITED de la Montérégie-Est,9,8,9.0
2017-2018,CRDITED de la Montérégie-Est,9,9,614.0
2017-2018,CRDITED de la Montérégie-Est,10,4,6.0
2017-2018,CRDITED de la Montérégie-Est,10,5,12.0
2017-2018,CRDITED de la Montérégie-Est,10,6,2.0
2017-2018,CRDITED de la Montérégie-Est,10,9,20.0
2017-2018,CRDITED de la Montérégie-Est,12,4,1.0
2017-2018,CRDITED de la Montérégie-Est,12,6,1.0
2017-2018,CRDITED de la Montérégie-Est,12,9,2.0
2017-2018,CRDITED de la Montérégie-Est,13,1,479.0
2017-2018,CRDITED de la Montérégie-Est,13,2,819.0
2017-2018,CRDITED de la Montérégie-Est,13,3,351.0
2017-2018,CRDITED de la Montérégie-Est,13,4,192.0
2017-2018,CRDITED de la Montérégie-Est,13,5,714.0
2017-2018,CRDITED de la Montérégie-Est,13,6,557.0
2017-2018,CRDITED de la Montérégie-Est,13,7,105.0
2017-2018,CRDITED de la Montérégie-Est,13,8,10.0
2017-2018,CRDITED de la Montérégie-Est,13,9,3227.0
2017-2018,CRDITED de la Montérégie-Est,16,1,1.0
2017-2018,CRDITED de la Montérégie-Est,17,1,5.0
2017-2018,CRDITED du Bas-St-Laurent,1,1,62.0
2017-2018,CRDITED du Bas-St-Laurent,1,2,207.0
2017-2018,CRDITED du Bas-St-Laurent,1,3,127.0
2017-2018,CRDITED du Bas-St-Laurent,1,4,46.0
2017-2018,CRDITED du Bas-St-Laurent,1,5,99.0
2017-2018,CRDITED du Bas-St-Laurent,1,6,21.0
2017-2018,CRDITED du Bas-St-Laurent,1,9,562.0
2017-2018,CRDITED du Bas-St-Laurent,2,2,6.0
2017-2018,CRDITED du Bas-St-Laurent,2,3,2.0
2017-2018,CRDITED du Bas-St-Laurent,2,4,6.0
2017-2018,CRDITED du Bas-St-Laurent,2,5,29.0
2017-2018,CRDITED du Bas-St-Laurent,2,6,13.0
2017-2018,CRDITED du Bas-St-Laurent,2,7,2.0
2017-2018,CRDITED du Bas-St-Laurent,2,9,58.0
2017-2018,CRDITED du Bas-St-Laurent,3,2,2.0
2017-2018,CRDITED du Bas-St-Laurent,3,3,4.0
2017-2018,CRDITED du Bas-St-Laurent,3,5,1.0
2017-2018,CRDITED du Bas-St-Laurent,3,6,3.0
2017-2018,CRDITED du Bas-St-Laurent,3,7,1.0
2017-2018,CRDITED du Bas-St-Laurent,3,9,11.0
2017-2018,CRDITED du Bas-St-Laurent,4,3,1.0
2017-2018,CRDITED du Bas-St-Laurent,4,4,4.0
2017-2018,CRDITED du Bas-St-Laurent,4,5,14.0
2017-2018,CRDITED du Bas-St-Laurent,4,6,22.0
2017-2018,CRDITED du Bas-St-Laurent,4,7,1.0
2017-2018,CRDITED du Bas-St-Laurent,4,9,42.0
2017-2018,CRDITED du Bas-St-Laurent,5,2,1.0
2017-2018,CRDITED du Bas-St-Laurent,5,3,1.0
2017-2018,CRDITED du Bas-St-Laurent,5,4,2.0
2017-2018,CRDITED du Bas-St-Laurent,5,5,17.0
2017-2018,CRDITED du Bas-St-Laurent,5,6,15.0
2017-2018,CRDITED du Bas-St-Laurent,5,7,2.0
2017-2018,CRDITED du Bas-St-Laurent,5,9,38.0
2017-2018,CRDITED du Bas-St-Laurent,8,2,2.0
2017-2018,CRDITED du Bas-St-Laurent,8,3,7.0
2017-2018,CRDITED du Bas-St-Laurent,8,4,5.0
2017-2018,CRDITED du Bas-St-Laurent,8,5,36.0
2017-2018,CRDITED du Bas-St-Laurent,8,6,42.0
2017-2018,CRDITED du Bas-St-Laurent,8,7,5.0
2017-2018,CRDITED du Bas-St-Laurent,8,8,2.0
2017-2018,CRDITED du Bas-St-Laurent,8,9,99.0
2017-2018,CRDITED du Bas-St-Laurent,9,1,2.0
2017-2018,CRDITED du Bas-St-Laurent,9,2,1.0
2017-2018,CRDITED du Bas-St-Laurent,9,3,14.0
2017-2018,CRDITED du Bas-St-Laurent,9,4,7.0
2017-2018,CRDITED du Bas-St-Laurent,9,5,78.0
2017-2018,CRDITED du Bas-St-Laurent,9,6,142.0
2017-2018,CRDITED du Bas-St-Laurent,9,7,13.0
2017-2018,CRDITED du Bas-St-Laurent,9,8,1.0
2017-2018,CRDITED du Bas-St-Laurent,9,9,258.0
2017-2018,CRDITED du Bas-St-Laurent,12,2,1.0
2017-2018,CRDITED du Bas-St-Laurent,12,3,2.0
2017-2018,CRDITED du Bas-St-Laurent,12,4,1.0
2017-2018,CRDITED du Bas-St-Laurent,12,5,9.0
2017-2018,CRDITED du Bas-St-Laurent,12,6,7.0
2017-2018,CRDITED du Bas-St-Laurent,12,8,1.0
2017-2018,CRDITED du Bas-St-Laurent,12,9,21.0
2017-2018,CRDITED du Bas-St-Laurent,13,1,64.0
2017-2018,CRDITED du Bas-St-Laurent,13,2,220.0
2017-2018,CRDITED du Bas-St-Laurent,13,3,158.0
2017-2018,CRDITED du Bas-St-Laurent,13,4,71.0
2017-2018,CRDITED du Bas-St-Laurent,13,5,283.0
2017-2018,CRDITED du Bas-St-Laurent,13,6,265.0
2017-2018,CRDITED du Bas-St-Laurent,13,7,24.0
2017-2018,CRDITED du Bas-St-Laurent,13,8,4.0
2017-2018,CRDITED du Bas-St-Laurent,13,9,1089.0
2017-2018,CRDITED du Bas-St-Laurent,16,1,1.0
2017-2018,CRDITED du Bas-St-Laurent,17,1,4.0
2017-2018,CRDITED du SaguenayLac-St-Jean,1,1,95.0
2017-2018,CRDITED du SaguenayLac-St-Jean,1,2,132.0
2017-2018,CRDITED du SaguenayLac-St-Jean,1,3,69.0
2017-2018,CRDITED du SaguenayLac-St-Jean,1,4,60.0
2017-2018,CRDITED du SaguenayLac-St-Jean,1,5,201.0
2017-2018,CRDITED du SaguenayLac-St-Jean,1,6,34.0
2017-2018,CRDITED du SaguenayLac-St-Jean,1,7,3.0
2017-2018,CRDITED du SaguenayLac-St-Jean,1,8,0.0
2017-2018,CRDITED du SaguenayLac-St-Jean,1,9,594.0
2017-2018,CRDITED du SaguenayLac-St-Jean,2,1,0.0
2017-2018,CRDITED du SaguenayLac-St-Jean,2,2,0.0
2017-2018,CRDITED du SaguenayLac-St-Jean,2,3,1.0
2017-2018,CRDITED du SaguenayLac-St-Jean,2,4,3.0
2017-2018,CRDITED du SaguenayLac-St-Jean,2,5,60.0
2017-2018,CRDITED du SaguenayLac-St-Jean,2,6,30.0
2017-2018,CRDITED du SaguenayLac-St-Jean,2,7,4.0
2017-2018,CRDITED du SaguenayLac-St-Jean,2,8,0.0
2017-2018,CRDITED du SaguenayLac-St-Jean,2,9,98.0
2017-2018,CRDITED du SaguenayLac-St-Jean,3,1,3.0
2017-2018,CRDITED du SaguenayLac-St-Jean,3,2,5.0
2017-2018,CRDITED du SaguenayLac-St-Jean,3,3,11.0
2017-2018,CRDITED du SaguenayLac-St-Jean,3,4,1.0
2017-2018,CRDITED du SaguenayLac-St-Jean,3,5,5.0
2017-2018,CRDITED du SaguenayLac-St-Jean,3,6,3.0
2017-2018,CRDITED du SaguenayLac-St-Jean,3,7,1.0
2017-2018,CRDITED du SaguenayLac-St-Jean,3,8,0.0
2017-2018,CRDITED du SaguenayLac-St-Jean,3,9,29.0
2017-2018,CRDITED du SaguenayLac-St-Jean,4,1,0.0
2017-2018,CRDITED du SaguenayLac-St-Jean,4,2,0.0
2017-2018,CRDITED du SaguenayLac-St-Jean,4,3,0.0
2017-2018,CRDITED du SaguenayLac-St-Jean,4,4,0.0
2017-2018,CRDITED du SaguenayLac-St-Jean,4,5,0.0
2017-2018,CRDITED du SaguenayLac-St-Jean,4,6,0.0
2017-2018,CRDITED du SaguenayLac-St-Jean,4,7,0.0
2017-2018,CRDITED du SaguenayLac-St-Jean,4,8,0.0
2017-2018,CRDITED du SaguenayLac-St-Jean,4,9,0.0
2017-2018,CRDITED du SaguenayLac-St-Jean,5,1,0.0
2017-2018,CRDITED du SaguenayLac-St-Jean,5,2,0.0
2017-2018,CRDITED du SaguenayLac-St-Jean,5,3,0.0
2017-2018,CRDITED du SaguenayLac-St-Jean,5,4,4.0
2017-2018,CRDITED du SaguenayLac-St-Jean,5,5,30.0
2017-2018,CRDITED du SaguenayLac-St-Jean,5,6,34.0
2017-2018,CRDITED du SaguenayLac-St-Jean,5,7,1.0
2017-2018,CRDITED du SaguenayLac-St-Jean,5,8,0.0
2017-2018,CRDITED du SaguenayLac-St-Jean,5,9,69.0
2017-2018,CRDITED du SaguenayLac-St-Jean,6,1,0.0
2017-2018,CRDITED du SaguenayLac-St-Jean,6,2,0.0
2017-2018,CRDITED du SaguenayLac-St-Jean,6,3,0.0
2017-2018,CRDITED du SaguenayLac-St-Jean,6,4,0.0
2017-2018,CRDITED du SaguenayLac-St-Jean,6,5,0.0
2017-2018,CRDITED du SaguenayLac-St-Jean,6,6,0.0
2017-2018,CRDITED du SaguenayLac-St-Jean,6,7,0.0
2017-2018,CRDITED du SaguenayLac-St-Jean,6,8,0.0
2017-2018,CRDITED du SaguenayLac-St-Jean,6,9,0.0
2017-2018,CRDITED du SaguenayLac-St-Jean,7,1,0.0
2017-2018,CRDITED du SaguenayLac-St-Jean,7,2,0.0
2017-2018,CRDITED du SaguenayLac-St-Jean,7,3,0.0
2017-2018,CRDITED du SaguenayLac-St-Jean,7,4,0.0
2017-2018,CRDITED du SaguenayLac-St-Jean,7,5,0.0
2017-2018,CRDITED du SaguenayLac-St-Jean,7,6,4.0
2017-2018,CRDITED du SaguenayLac-St-Jean,7,7,2.0
2017-2018,CRDITED du SaguenayLac-St-Jean,7,8,0.0
2017-2018,CRDITED du SaguenayLac-St-Jean,7,9,6.0
2017-2018,CRDITED du SaguenayLac-St-Jean,8,1,0.0
2017-2018,CRDITED du SaguenayLac-St-Jean,8,2,4.0
2017-2018,CRDITED du SaguenayLac-St-Jean,8,3,6.0
2017-2018,CRDITED du SaguenayLac-St-Jean,8,4,11.0
2017-2018,CRDITED du SaguenayLac-St-Jean,8,5,46.0
2017-2018,CRDITED du SaguenayLac-St-Jean,8,6,68.0
2017-2018,CRDITED du SaguenayLac-St-Jean,8,7,11.0
2017-2018,CRDITED du SaguenayLac-St-Jean,8,8,7.0
2017-2018,CRDITED du SaguenayLac-St-Jean,8,9,153.0
2017-2018,CRDITED du SaguenayLac-St-Jean,9,1,3.0
2017-2018,CRDITED du SaguenayLac-St-Jean,9,2,4.0
2017-2018,CRDITED du SaguenayLac-St-Jean,9,3,11.0
2017-2018,CRDITED du SaguenayLac-St-Jean,9,4,8.0
2017-2018,CRDITED du SaguenayLac-St-Jean,9,5,93.0
2017-2018,CRDITED du SaguenayLac-St-Jean,9,6,167.0
2017-2018,CRDITED du SaguenayLac-St-Jean,9,7,54.0
2017-2018,CRDITED du SaguenayLac-St-Jean,9,8,14.0
2017-2018,CRDITED du SaguenayLac-St-Jean,9,9,354.0
2017-2018,CRDITED du SaguenayLac-St-Jean,10,1,0.0
2017-2018,CRDITED du SaguenayLac-St-Jean,10,2,0.0
2017-2018,CRDITED du SaguenayLac-St-Jean,10,3,0.0
2017-2018,CRDITED du SaguenayLac-St-Jean,10,4,0.0
2017-2018,CRDITED du SaguenayLac-St-Jean,10,5,0.0
2017-2018,CRDITED du SaguenayLac-St-Jean,10,6,0.0
2017-2018,CRDITED du SaguenayLac-St-Jean,10,7,0.0
2017-2018,CRDITED du SaguenayLac-St-Jean,10,8,0.0
2017-2018,CRDITED du SaguenayLac-St-Jean,10,9,0.0
2017-2018,CRDITED du SaguenayLac-St-Jean,11,1,0.0
2017-2018,CRDITED du SaguenayLac-St-Jean,11,2,0.0
2017-2018,CRDITED du SaguenayLac-St-Jean,11,3,3.0
2017-2018,CRDITED du SaguenayLac-St-Jean,11,4,0.0
2017-2018,CRDITED du SaguenayLac-St-Jean,11,5,0.0
2017-2018,CRDITED du SaguenayLac-St-Jean,11,6,0.0
2017-2018,CRDITED du SaguenayLac-St-Jean,11,7,0.0
2017-2018,CRDITED du SaguenayLac-St-Jean,11,8,0.0
2017-2018,CRDITED du SaguenayLac-St-Jean,11,9,3.0
2017-2018,CRDITED du SaguenayLac-St-Jean,12,1,0.0
2017-2018,CRDITED du SaguenayLac-St-Jean,12,2,0.0
2017-2018,CRDITED du SaguenayLac-St-Jean,12,3,0.0
2017-2018,CRDITED du SaguenayLac-St-Jean,12,4,1.0
2017-2018,CRDITED du SaguenayLac-St-Jean,12,5,0.0
2017-2018,CRDITED du SaguenayLac-St-Jean,12,6,0.0
2017-2018,CRDITED du SaguenayLac-St-Jean,12,7,0.0
2017-2018,CRDITED du SaguenayLac-St-Jean,12,8,0.0
2017-2018,CRDITED du SaguenayLac-St-Jean,12,9,1.0
2017-2018,CRDITED du SaguenayLac-St-Jean,13,1,101.0
2017-2018,CRDITED du SaguenayLac-St-Jean,13,2,145.0
2017-2018,CRDITED du SaguenayLac-St-Jean,13,3,101.0
2017-2018,CRDITED du SaguenayLac-St-Jean,13,4,88.0
2017-2018,CRDITED du SaguenayLac-St-Jean,13,5,435.0
2017-2018,CRDITED du SaguenayLac-St-Jean,13,6,340.0
2017-2018,CRDITED du SaguenayLac-St-Jean,13,7,76.0
2017-2018,CRDITED du SaguenayLac-St-Jean,13,8,21.0
2017-2018,CRDITED du SaguenayLac-St-Jean,13,9,1307.0
2017-2018,CRDITED du SaguenayLac-St-Jean,14,1,0.0
2017-2018,CRDITED du SaguenayLac-St-Jean,15,1,0.0
2017-2018,CRDITED du SaguenayLac-St-Jean,16,1,12.0
2017-2018,CRDITED du SaguenayLac-St-Jean,17,1,81.0
2017-2018,CSSS de Charlevoix,1,1,4.0
2017-2018,CSSS de Charlevoix,1,2,22.0
2017-2018,CSSS de Charlevoix,1,3,27.0
2017-2018,CSSS de Charlevoix,1,4,8.0
2017-2018,CSSS de Charlevoix,1,5,27.0
2017-2018,CSSS de Charlevoix,1,6,9.0
2017-2018,CSSS de Charlevoix,1,7,2.0
2017-2018,CSSS de Charlevoix,1,8,0.0
2017-2018,CSSS de Charlevoix,1,9,99.0
2017-2018,CSSS de Charlevoix,2,1,0.0
2017-2018,CSSS de Charlevoix,2,2,0.0
2017-2018,CSSS de Charlevoix,2,3,0.0
2017-2018,CSSS de Charlevoix,2,4,0.0
2017-2018,CSSS de Charlevoix,2,5,4.0
2017-2018,CSSS de Charlevoix,2,6,13.0
2017-2018,CSSS de Charlevoix,2,7,5.0
2017-2018,CSSS de Charlevoix,2,8,5.0
2017-2018,CSSS de Charlevoix,2,9,27.0
2017-2018,CSSS de Charlevoix,3,1,0.0
2017-2018,CSSS de Charlevoix,3,2,0.0
2017-2018,CSSS de Charlevoix,3,3,0.0
2017-2018,CSSS de Charlevoix,3,4,0.0
2017-2018,CSSS de Charlevoix,3,5,0.0
2017-2018,CSSS de Charlevoix,3,6,0.0
2017-2018,CSSS de Charlevoix,3,7,0.0
2017-2018,CSSS de Charlevoix,3,8,0.0
2017-2018,CSSS de Charlevoix,3,9,0.0
2017-2018,CSSS de Charlevoix,4,1,0.0
2017-2018,CSSS de Charlevoix,4,2,1.0
2017-2018,CSSS de Charlevoix,4,3,0.0
2017-2018,CSSS de Charlevoix,4,4,0.0
2017-2018,CSSS de Charlevoix,4,5,0.0
2017-2018,CSSS de Charlevoix,4,6,0.0
2017-2018,CSSS de Charlevoix,4,7,0.0
2017-2018,CSSS de Charlevoix,4,8,0.0
2017-2018,CSSS de Charlevoix,4,9,1.0
2017-2018,CSSS de Charlevoix,5,1,0.0
2017-2018,CSSS de Charlevoix,5,2,0.0
2017-2018,CSSS de Charlevoix,5,3,1.0
2017-2018,CSSS de Charlevoix,5,4,5.0
2017-2018,CSSS de Charlevoix,5,5,10.0
2017-2018,CSSS de Charlevoix,5,6,23.0
2017-2018,CSSS de Charlevoix,5,7,17.0
2017-2018,CSSS de Charlevoix,5,8,2.0
2017-2018,CSSS de Charlevoix,5,9,58.0
2017-2018,CSSS de Charlevoix,6,1,0.0
2017-2018,CSSS de Charlevoix,6,2,0.0
2017-2018,CSSS de Charlevoix,6,3,0.0
2017-2018,CSSS de Charlevoix,6,4,0.0
2017-2018,CSSS de Charlevoix,6,5,0.0
2017-2018,CSSS de Charlevoix,6,6,0.0
2017-2018,CSSS de Charlevoix,6,7,0.0
2017-2018,CSSS de Charlevoix,6,8,0.0
2017-2018,CSSS de Charlevoix,6,9,0.0
2017-2018,CSSS de Charlevoix,7,1,0.0
2017-2018,CSSS de Charlevoix,7,2,0.0
2017-2018,CSSS de Charlevoix,7,3,0.0
2017-2018,CSSS de Charlevoix,7,4,0.0
2017-2018,CSSS de Charlevoix,7,5,0.0
2017-2018,CSSS de Charlevoix,7,6,0.0
2017-2018,CSSS de Charlevoix,7,7,0.0
2017-2018,CSSS de Charlevoix,7,8,0.0
2017-2018,CSSS de Charlevoix,7,9,0.0
2017-2018,CSSS de Charlevoix,8,1,0.0
2017-2018,CSSS de Charlevoix,8,2,0.0
2017-2018,CSSS de Charlevoix,8,3,1.0
2017-2018,CSSS de Charlevoix,8,4,2.0
2017-2018,CSSS de Charlevoix,8,5,10.0
2017-2018,CSSS de Charlevoix,8,6,49.0
2017-2018,CSSS de Charlevoix,8,7,38.0
2017-2018,CSSS de Charlevoix,8,8,10.0
2017-2018,CSSS de Charlevoix,8,9,110.0
2017-2018,CSSS de Charlevoix,9,1,1.0
2017-2018,CSSS de Charlevoix,9,2,1.0
2017-2018,CSSS de Charlevoix,9,3,1.0
2017-2018,CSSS de Charlevoix,9,4,0.0
2017-2018,CSSS de Charlevoix,9,5,5.0
2017-2018,CSSS de Charlevoix,9,6,39.0
2017-2018,CSSS de Charlevoix,9,7,43.0
2017-2018,CSSS de Charlevoix,9,8,16.0
2017-2018,CSSS de Charlevoix,9,9,106.0
2017-2018,CSSS de Charlevoix,10,1,0.0
2017-2018,CSSS de Charlevoix,10,2,0.0
2017-2018,CSSS de Charlevoix,10,3,0.0
2017-2018,CSSS de Charlevoix,10,4,0.0
2017-2018,CSSS de Charlevoix,10,5,0.0
2017-2018,CSSS de Charlevoix,10,6,0.0
2017-2018,CSSS de Charlevoix,10,7,0.0
2017-2018,CSSS de Charlevoix,10,8,0.0
2017-2018,CSSS de Charlevoix,10,9,0.0
2017-2018,CSSS de Charlevoix,11,1,0.0
2017-2018,CSSS de Charlevoix,11,2,0.0
2017-2018,CSSS de Charlevoix,11,3,0.0
2017-2018,CSSS de Charlevoix,11,4,0.0
2017-2018,CSSS de Charlevoix,11,5,0.0
2017-2018,CSSS de Charlevoix,11,6,0.0
2017-2018,CSSS de Charlevoix,11,7,0.0
2017-2018,CSSS de Charlevoix,11,8,0.0
2017-2018,CSSS de Charlevoix,11,9,0.0
2017-2018,CSSS de Charlevoix,12,1,0.0
2017-2018,CSSS de Charlevoix,12,2,0.0
2017-2018,CSSS de Charlevoix,12,3,0.0
2017-2018,CSSS de Charlevoix,12,4,0.0
2017-2018,CSSS de Charlevoix,12,5,0.0
2017-2018,CSSS de Charlevoix,12,6,0.0
2017-2018,CSSS de Charlevoix,12,7,3.0
2017-2018,CSSS de Charlevoix,12,8,0.0
2017-2018,CSSS de Charlevoix,12,9,3.0
2017-2018,CSSS de Charlevoix,13,1,5.0
2017-2018,CSSS de Charlevoix,13,2,24.0
2017-2018,CSSS de Charlevoix,13,3,30.0
2017-2018,CSSS de Charlevoix,13,4,15.0
2017-2018,CSSS de Charlevoix,13,5,56.0
2017-2018,CSSS de Charlevoix,13,6,133.0
2017-2018,CSSS de Charlevoix,13,7,108.0
2017-2018,CSSS de Charlevoix,13,8,33.0
2017-2018,CSSS de Charlevoix,13,9,404.0
2017-2018,CSSS de Charlevoix,14,1,0.0
2017-2018,CSSS de Charlevoix,15,1,0.0
2017-2018,CSSS de Charlevoix,16,1,0.0
2017-2018,CSSS de Charlevoix,17,1,0.0
2017-2018,CSSS des Îles,1,1,5.0
2017-2018,CSSS des Îles,1,2,13.0
2017-2018,CSSS des Îles,1,3,7.0
2017-2018,CSSS des Îles,1,4,6.0
2017-2018,CSSS des Îles,1,5,7.0
2017-2018,CSSS des Îles,1,6,2.0
2017-2018,CSSS des Îles,1,7,0.0
2017-2018,CSSS des Îles,1,8,0.0
2017-2018,CSSS des Îles,1,9,40.0
2017-2018,CSSS des Îles,4,1,0.0
2017-2018,CSSS des Îles,4,2,0.0
2017-2018,CSSS des Îles,4,3,0.0
2017-2018,CSSS des Îles,4,4,2.0
2017-2018,CSSS des Îles,4,5,1.0
2017-2018,CSSS des Îles,4,6,0.0
2017-2018,CSSS des Îles,4,7,0.0
2017-2018,CSSS des Îles,4,8,0.0
2017-2018,CSSS des Îles,4,9,3.0
2017-2018,CSSS des Îles,8,1,0.0
2017-2018,CSSS des Îles,8,2,0.0
2017-2018,CSSS des Îles,8,3,0.0
2017-2018,CSSS des Îles,8,4,0.0
2017-2018,CSSS des Îles,8,5,2.0
2017-2018,CSSS des Îles,8,6,4.0
2017-2018,CSSS des Îles,8,7,0.0
2017-2018,CSSS des Îles,8,8,0.0
2017-2018,CSSS des Îles,8,9,6.0
2017-2018,CSSS des Îles,9,1,0.0
2017-2018,CSSS des Îles,9,2,0.0
2017-2018,CSSS des Îles,9,3,0.0
2017-2018,CSSS des Îles,9,4,0.0
2017-2018,CSSS des Îles,9,5,1.0
2017-2018,CSSS des Îles,9,6,6.0
2017-2018,CSSS des Îles,9,7,0.0
2017-2018,CSSS des Îles,9,8,0.0
2017-2018,CSSS des Îles,9,9,7.0
2017-2018,CSSS des Îles,13,1,5.0
2017-2018,CSSS des Îles,13,2,13.0
2017-2018,CSSS des Îles,13,3,7.0
2017-2018,CSSS des Îles,13,4,8.0
2017-2018,CSSS des Îles,13,5,11.0
2017-2018,CSSS des Îles,13,6,12.0
2017-2018,CSSS des Îles,13,7,0.0
2017-2018,CSSS des Îles,13,8,0.0
2017-2018,CSSS des Îles,13,9,56.0
2017-2018,CSSS des Îles,14,1,2.0
2017-2018,CSSS des Îles,15,1,3.0
2017-2018,CSSS des Îles,16,1,2.0
2017-2018,CSSS des Îles,17,1,29.0
2017-2018,Centre Miriam,1,1,126.0
2017-2018,Centre Miriam,1,2,125.0
2017-2018,Centre Miriam,1,3,56.0
2017-2018,Centre Miriam,1,4,52.0
2017-2018,Centre Miriam,1,5,109.0
2017-2018,Centre Miriam,1,6,11.0
2017-2018,Centre Miriam,1,7,0.0
2017-2018,Centre Miriam,1,8,0.0
2017-2018,Centre Miriam,1,9,479.0
2017-2018,Centre Miriam,2,1,1.0
2017-2018,Centre Miriam,2,2,1.0
2017-2018,Centre Miriam,2,3,0.0
2017-2018,Centre Miriam,2,4,0.0
2017-2018,Centre Miriam,2,5,5.0
2017-2018,Centre Miriam,2,6,18.0
2017-2018,Centre Miriam,2,7,2.0
2017-2018,Centre Miriam,2,8,0.0
2017-2018,Centre Miriam,2,9,27.0
2017-2018,Centre Miriam,4,1,0.0
2017-2018,Centre Miriam,4,2,0.0
2017-2018,Centre Miriam,4,3,0.0
2017-2018,Centre Miriam,4,4,0.0
2017-2018,Centre Miriam,4,5,1.0
2017-2018,Centre Miriam,4,6,8.0
2017-2018,Centre Miriam,4,7,5.0
2017-2018,Centre Miriam,4,8,0.0
2017-2018,Centre Miriam,4,9,14.0
2017-2018,Centre Miriam,5,1,0.0
2017-2018,Centre Miriam,5,2,0.0
2017-2018,Centre Miriam,5,3,0.0
2017-2018,Centre Miriam,5,4,1.0
2017-2018,Centre Miriam,5,5,19.0
2017-2018,Centre Miriam,5,6,15.0
2017-2018,Centre Miriam,5,7,0.0
2017-2018,Centre Miriam,5,8,0.0
2017-2018,Centre Miriam,5,9,35.0
2017-2018,Centre Miriam,7,1,0.0
2017-2018,Centre Miriam,7,2,0.0
2017-2018,Centre Miriam,7,3,0.0
2017-2018,Centre Miriam,7,4,1.0
2017-2018,Centre Miriam,7,5,0.0
2017-2018,Centre Miriam,7,6,0.0
2017-2018,Centre Miriam,7,7,0.0
2017-2018,Centre Miriam,7,8,0.0
2017-2018,Centre Miriam,7,9,1.0
2017-2018,Centre Miriam,8,1,0.0
2017-2018,Centre Miriam,8,2,0.0
2017-2018,Centre Miriam,8,3,7.0
2017-2018,Centre Miriam,8,4,8.0
2017-2018,Centre Miriam,8,5,67.0
2017-2018,Centre Miriam,8,6,98.0
2017-2018,Centre Miriam,8,7,30.0
2017-2018,Centre Miriam,8,8,2.0
2017-2018,Centre Miriam,8,9,212.0
2017-2018,Centre Miriam,9,1,0.0
2017-2018,Centre Miriam,9,2,1.0
2017-2018,Centre Miriam,9,3,1.0
2017-2018,Centre Miriam,9,4,2.0
2017-2018,Centre Miriam,9,5,13.0
2017-2018,Centre Miriam,9,6,14.0
2017-2018,Centre Miriam,9,7,2.0
2017-2018,Centre Miriam,9,8,0.0
2017-2018,Centre Miriam,9,9,33.0
2017-2018,Centre Miriam,11,1,0.0
2017-2018,Centre Miriam,11,2,0.0
2017-2018,Centre Miriam,11,3,1.0
2017-2018,Centre Miriam,11,4,0.0
2017-2018,Centre Miriam,11,5,0.0
2017-2018,Centre Miriam,11,6,0.0
2017-2018,Centre Miriam,11,7,0.0
2017-2018,Centre Miriam,11,8,0.0
2017-2018,Centre Miriam,11,9,1.0
2017-2018,Centre Miriam,12,1,0.0
2017-2018,Centre Miriam,12,2,0.0
2017-2018,Centre Miriam,12,3,0.0
2017-2018,Centre Miriam,12,4,2.0
2017-2018,Centre Miriam,12,5,6.0
2017-2018,Centre Miriam,12,6,1.0
2017-2018,Centre Miriam,12,7,0.0
2017-2018,Centre Miriam,12,8,0.0
2017-2018,Centre Miriam,12,9,9.0
2017-2018,Centre Miriam,13,1,127.0
2017-2018,Centre Miriam,13,2,127.0
2017-2018,Centre Miriam,13,3,65.0
2017-2018,Centre Miriam,13,4,66.0
2017-2018,Centre Miriam,13,5,220.0
2017-2018,Centre Miriam,13,6,165.0
2017-2018,Centre Miriam,13,7,39.0
2017-2018,Centre Miriam,13,8,2.0
2017-2018,Centre Miriam,13,9,811.0
2017-2018,Centre Miriam,16,1,4.0
2017-2018,Centre Miriam,17,1,50.0
2017-2018,Centre du Florès,1,1,109.0
2017-2018,Centre du Florès,1,2,258.0
2017-2018,Centre du Florès,1,3,135.0
2017-2018,Centre du Florès,1,4,108.0
2017-2018,Centre du Florès,1,5,310.0
2017-2018,Centre du Florès,1,6,47.0
2017-2018,Centre du Florès,1,7,1.0
2017-2018,Centre du Florès,1,8,1.0
2017-2018,Centre du Florès,1,9,969.0
2017-2018,Centre du Florès,2,3,2.0
2017-2018,Centre du Florès,2,4,5.0
2017-2018,Centre du Florès,2,5,51.0
2017-2018,Centre du Florès,2,6,43.0
2017-2018,Centre du Florès,2,7,3.0
2017-2018,Centre du Florès,2,8,1.0
2017-2018,Centre du Florès,2,9,105.0
2017-2018,Centre du Florès,3,1,1.0
2017-2018,Centre du Florès,3,2,1.0
2017-2018,Centre du Florès,3,3,1.0
2017-2018,Centre du Florès,3,5,1.0
2017-2018,Centre du Florès,3,6,2.0
2017-2018,Centre du Florès,3,9,6.0
2017-2018,Centre du Florès,4,3,4.0
2017-2018,Centre du Florès,4,4,4.0
2017-2018,Centre du Florès,4,5,20.0
2017-2018,Centre du Florès,4,6,11.0
2017-2018,Centre du Florès,4,8,1.0
2017-2018,Centre du Florès,4,9,40.0
2017-2018,Centre du Florès,5,5,6.0
2017-2018,Centre du Florès,5,6,3.0
2017-2018,Centre du Florès,5,9,9.0
2017-2018,Centre du Florès,6,5,15.0
2017-2018,Centre du Florès,6,6,1.0
2017-2018,Centre du Florès,6,9,16.0
2017-2018,Centre du Florès,7,5,2.0
2017-2018,Centre du Florès,7,6,2.0
2017-2018,Centre du Florès,7,7,1.0
2017-2018,Centre du Florès,7,8,1.0
2017-2018,Centre du Florès,7,9,6.0
2017-2018,Centre du Florès,8,2,7.0
2017-2018,Centre du Florès,8,3,25.0
2017-2018,Centre du Florès,8,4,27.0
2017-2018,Centre du Florès,8,5,139.0
2017-2018,Centre du Florès,8,6,141.0
2017-2018,Centre du Florès,8,7,31.0
2017-2018,Centre du Florès,8,8,7.0
2017-2018,Centre du Florès,8,9,377.0
2017-2018,Centre du Florès,9,1,3.0
2017-2018,Centre du Florès,9,2,12.0
2017-2018,Centre du Florès,9,3,15.0
2017-2018,Centre du Florès,9,4,16.0
2017-2018,Centre du Florès,9,5,64.0
2017-2018,Centre du Florès,9,6,104.0
2017-2018,Centre du Florès,9,7,24.0
2017-2018,Centre du Florès,9,8,3.0
2017-2018,Centre du Florès,9,9,241.0
2017-2018,Centre du Florès,12,3,2.0
2017-2018,Centre du Florès,12,4,5.0
2017-2018,Centre du Florès,12,5,14.0
2017-2018,Centre du Florès,12,6,15.0
2017-2018,Centre du Florès,12,7,3.0
2017-2018,Centre du Florès,12,9,39.0
2017-2018,Centre du Florès,13,1,113.0
2017-2018,Centre du Florès,13,2,278.0
2017-2018,Centre du Florès,13,3,184.0
2017-2018,Centre du Florès,13,4,165.0
2017-2018,Centre du Florès,13,5,622.0
2017-2018,Centre du Florès,13,6,369.0
2017-2018,Centre du Florès,13,7,63.0
2017-2018,Centre du Florès,13,8,14.0
2017-2018,Centre du Florès,13,9,1808.0
2017-2018,Clair Foyer Inc.,1,1,22.0
2017-2018,Clair Foyer Inc.,1,2,67.0
2017-2018,Clair Foyer Inc.,1,3,33.0
2017-2018,Clair Foyer Inc.,1,4,27.0
2017-2018,Clair Foyer Inc.,1,5,38.0
2017-2018,Clair Foyer Inc.,1,6,7.0
2017-2018,Clair Foyer Inc.,1,7,1.0
2017-2018,Clair Foyer Inc.,1,8,0.0
2017-2018,Clair Foyer Inc.,1,9,195.0
2017-2018,Clair Foyer Inc.,2,1,0.0
2017-2018,Clair Foyer Inc.,2,2,1.0
2017-2018,Clair Foyer Inc.,2,3,1.0
2017-2018,Clair Foyer Inc.,2,4,2.0
2017-2018,Clair Foyer Inc.,2,5,17.0
2017-2018,Clair Foyer Inc.,2,6,18.0
2017-2018,Clair Foyer Inc.,2,7,2.0
2017-2018,Clair Foyer Inc.,2,8,0.0
2017-2018,Clair Foyer Inc.,2,9,41.0
2017-2018,Clair Foyer Inc.,4,1,0.0
2017-2018,Clair Foyer Inc.,4,2,0.0
2017-2018,Clair Foyer Inc.,4,3,0.0
2017-2018,Clair Foyer Inc.,4,4,0.0
2017-2018,Clair Foyer Inc.,4,5,7.0
2017-2018,Clair Foyer Inc.,4,6,6.0
2017-2018,Clair Foyer Inc.,4,7,1.0
2017-2018,Clair Foyer Inc.,4,8,0.0
2017-2018,Clair Foyer Inc.,4,9,14.0
2017-2018,Clair Foyer Inc.,5,1,0.0
2017-2018,Clair Foyer Inc.,5,2,0.0
2017-2018,Clair Foyer Inc.,5,3,1.0
2017-2018,Clair Foyer Inc.,5,4,0.0
2017-2018,Clair Foyer Inc.,5,5,6.0
2017-2018,Clair Foyer Inc.,5,6,4.0
2017-2018,Clair Foyer Inc.,5,7,1.0
2017-2018,Clair Foyer Inc.,5,8,0.0
2017-2018,Clair Foyer Inc.,5,9,12.0
2017-2018,Clair Foyer Inc.,7,1,0.0
2017-2018,Clair Foyer Inc.,7,2,1.0
2017-2018,Clair Foyer Inc.,7,3,1.0
2017-2018,Clair Foyer Inc.,7,4,0.0
2017-2018,Clair Foyer Inc.,7,5,0.0
2017-2018,Clair Foyer Inc.,7,6,0.0
2017-2018,Clair Foyer Inc.,7,7,0.0
2017-2018,Clair Foyer Inc.,7,8,0.0
2017-2018,Clair Foyer Inc.,7,9,2.0
2017-2018,Clair Foyer Inc.,8,1,0.0
2017-2018,Clair Foyer Inc.,8,2,0.0
2017-2018,Clair Foyer Inc.,8,3,1.0
2017-2018,Clair Foyer Inc.,8,4,4.0
2017-2018,Clair Foyer Inc.,8,5,6.0
2017-2018,Clair Foyer Inc.,8,6,9.0
2017-2018,Clair Foyer Inc.,8,7,0.0
2017-2018,Clair Foyer Inc.,8,8,1.0
2017-2018,Clair Foyer Inc.,8,9,21.0
2017-2018,Clair Foyer Inc.,9,1,0.0
2017-2018,Clair Foyer Inc.,9,2,8.0
2017-2018,Clair Foyer Inc.,9,3,13.0
2017-2018,Clair Foyer Inc.,9,4,14.0
2017-2018,Clair Foyer Inc.,9,5,66.0
2017-2018,Clair Foyer Inc.,9,6,94.0
2017-2018,Clair Foyer Inc.,9,7,12.0
2017-2018,Clair Foyer Inc.,9,8,2.0
2017-2018,Clair Foyer Inc.,9,9,209.0
2017-2018,Clair Foyer Inc.,10,1,0.0
2017-2018,Clair Foyer Inc.,10,2,0.0
2017-2018,Clair Foyer Inc.,10,3,3.0
2017-2018,Clair Foyer Inc.,10,4,1.0
2017-2018,Clair Foyer Inc.,10,5,16.0
2017-2018,Clair Foyer Inc.,10,6,7.0
2017-2018,Clair Foyer Inc.,10,7,2.0
2017-2018,Clair Foyer Inc.,10,8,0.0
2017-2018,Clair Foyer Inc.,10,9,29.0
2017-2018,Clair Foyer Inc.,12,1,0.0
2017-2018,Clair Foyer Inc.,12,2,0.0
2017-2018,Clair Foyer Inc.,12,3,1.0
2017-2018,Clair Foyer Inc.,12,4,0.0
2017-2018,Clair Foyer Inc.,12,5,2.0
2017-2018,Clair Foyer Inc.,12,6,2.0
2017-2018,Clair Foyer Inc.,12,7,1.0
2017-2018,Clair Foyer Inc.,12,8,0.0
2017-2018,Clair Foyer Inc.,12,9,6.0
2017-2018,Clair Foyer Inc.,13,1,22.0
2017-2018,Clair Foyer Inc.,13,2,77.0
2017-2018,Clair Foyer Inc.,13,3,54.0
2017-2018,Clair Foyer Inc.,13,4,48.0
2017-2018,Clair Foyer Inc.,13,5,158.0
2017-2018,Clair Foyer Inc.,13,6,147.0
2017-2018,Clair Foyer Inc.,13,7,20.0
2017-2018,Clair Foyer Inc.,13,8,3.0
2017-2018,Clair Foyer Inc.,13,9,529.0
2017-2018,Pavillon du Parc,1,1,146.0
2017-2018,Pavillon du Parc,1,2,258.0
2017-2018,Pavillon du Parc,1,3,77.0
2017-2018,Pavillon du Parc,1,4,35.0
2017-2018,Pavillon du Parc,1,5,67.0
2017-2018,Pavillon du Parc,1,6,5.0
2017-2018,Pavillon du Parc,1,9,588.0
2017-2018,Pavillon du Parc,2,4,2.0
2017-2018,Pavillon du Parc,2,5,12.0
2017-2018,Pavillon du Parc,2,6,3.0
2017-2018,Pavillon du Parc,2,9,17.0
2017-2018,Pavillon du Parc,3,2,5.0
2017-2018,Pavillon du Parc,3,3,2.0
2017-2018,Pavillon du Parc,3,6,1.0
2017-2018,Pavillon du Parc,3,9,8.0
2017-2018,Pavillon du Parc,4,5,7.0
2017-2018,Pavillon du Parc,4,6,11.0
2017-2018,Pavillon du Parc,4,9,18.0
2017-2018,Pavillon du Parc,5,2,1.0
2017-2018,Pavillon du Parc,5,3,5.0
2017-2018,Pavillon du Parc,5,4,5.0
2017-2018,Pavillon du Parc,5,5,12.0
2017-2018,Pavillon du Parc,5,6,10.0
2017-2018,Pavillon du Parc,5,9,33.0
2017-2018,Pavillon du Parc,7,5,1.0
2017-2018,Pavillon du Parc,7,6,1.0
2017-2018,Pavillon du Parc,7,9,2.0
2017-2018,Pavillon du Parc,8,3,3.0
2017-2018,Pavillon du Parc,8,4,1.0
2017-2018,Pavillon du Parc,8,5,30.0
2017-2018,Pavillon du Parc,8,6,39.0
2017-2018,Pavillon du Parc,8,7,6.0
2017-2018,Pavillon du Parc,8,9,79.0
2017-2018,Pavillon du Parc,9,1,1.0
2017-2018,Pavillon du Parc,9,2,2.0
2017-2018,Pavillon du Parc,9,3,3.0
2017-2018,Pavillon du Parc,9,4,8.0
2017-2018,Pavillon du Parc,9,5,39.0
2017-2018,Pavillon du Parc,9,6,63.0
2017-2018,Pavillon du Parc,9,7,8.0
2017-2018,Pavillon du Parc,9,9,124.0
2017-2018,Pavillon du Parc,12,4,2.0
2017-2018,Pavillon du Parc,12,5,2.0
2017-2018,Pavillon du Parc,12,6,2.0
2017-2018,Pavillon du Parc,12,9,6.0
2017-2018,Pavillon du Parc,13,1,147.0
2017-2018,Pavillon du Parc,13,2,266.0
2017-2018,Pavillon du Parc,13,3,90.0
2017-2018,Pavillon du Parc,13,4,53.0
2017-2018,Pavillon du Parc,13,5,170.0
2017-2018,Pavillon du Parc,13,6,135.0
2017-2018,Pavillon du Parc,13,7,14.0
2017-2018,Pavillon du Parc,13,9,875.0
2017-2018,Pavillon du Parc,16,1,46.0
2017-2018,Pavillon du Parc,17,1,1365.0
2017-2018,Réadaptation du Sud-Ouest et du Renfort,1,1,298.0
2017-2018,Réadaptation du Sud-Ouest et du Renfort,1,2,625.0
2017-2018,Réadaptation du Sud-Ouest et du Renfort,1,3,209.0
2017-2018,Réadaptation du Sud-Ouest et du Renfort,1,4,88.0
2017-2018,Réadaptation du Sud-Ouest et du Renfort,1,5,275.0
2017-2018,Réadaptation du Sud-Ouest et du Renfort,1,6,33.0
2017-2018,Réadaptation du Sud-Ouest et du Renfort,1,9,1528.0
2017-2018,Réadaptation du Sud-Ouest et du Renfort,2,3,1.0
2017-2018,Réadaptation du Sud-Ouest et du Renfort,2,4,5.0
2017-2018,Réadaptation du Sud-Ouest et du Renfort,2,5,37.0
2017-2018,Réadaptation du Sud-Ouest et du Renfort,2,6,37.0
2017-2018,Réadaptation du Sud-Ouest et du Renfort,2,7,3.0
2017-2018,Réadaptation du Sud-Ouest et du Renfort,2,9,83.0
2017-2018,Réadaptation du Sud-Ouest et du Renfort,3,1,3.0
2017-2018,Réadaptation du Sud-Ouest et du Renfort,3,2,7.0
2017-2018,Réadaptation du Sud-Ouest et du Renfort,3,3,14.0
2017-2018,Réadaptation du Sud-Ouest et du Renfort,3,4,4.0
2017-2018,Réadaptation du Sud-Ouest et du Renfort,3,5,5.0
2017-2018,Réadaptation du Sud-Ouest et du Renfort,3,6,7.0
2017-2018,Réadaptation du Sud-Ouest et du Renfort,3,9,40.0
2017-2018,Réadaptation du Sud-Ouest et du Renfort,4,3,1.0
2017-2018,Réadaptation du Sud-Ouest et du Renfort,4,5,1.0
2017-2018,Réadaptation du Sud-Ouest et du Renfort,4,6,3.0
2017-2018,Réadaptation du Sud-Ouest et du Renfort,4,9,5.0
2017-2018,Réadaptation du Sud-Ouest et du Renfort,5,2,2.0
2017-2018,Réadaptation du Sud-Ouest et du Renfort,5,3,6.0
2017-2018,Réadaptation du Sud-Ouest et du Renfort,5,4,7.0
2017-2018,Réadaptation du Sud-Ouest et du Renfort,5,5,23.0
2017-2018,Réadaptation du Sud-Ouest et du Renfort,5,6,9.0
2017-2018,Réadaptation du Sud-Ouest et du Renfort,5,7,1.0
2017-2018,Réadaptation du Sud-Ouest et du Renfort,5,9,48.0
2017-2018,Réadaptation du Sud-Ouest et du Renfort,7,4,1.0
2017-2018,Réadaptation du Sud-Ouest et du Renfort,7,6,3.0
2017-2018,Réadaptation du Sud-Ouest et du Renfort,7,9,4.0
2017-2018,Réadaptation du Sud-Ouest et du Renfort,8,1,1.0
2017-2018,Réadaptation du Sud-Ouest et du Renfort,8,2,10.0
2017-2018,Réadaptation du Sud-Ouest et du Renfort,8,3,17.0
2017-2018,Réadaptation du Sud-Ouest et du Renfort,8,4,15.0
2017-2018,Réadaptation du Sud-Ouest et du Renfort,8,5,71.0
2017-2018,Réadaptation du Sud-Ouest et du Renfort,8,6,82.0
2017-2018,Réadaptation du Sud-Ouest et du Renfort,8,7,6.0
2017-2018,Réadaptation du Sud-Ouest et du Renfort,8,9,202.0
2017-2018,Réadaptation du Sud-Ouest et du Renfort,9,2,6.0
2017-2018,Réadaptation du Sud-Ouest et du Renfort,9,3,5.0
2017-2018,Réadaptation du Sud-Ouest et du Renfort,9,4,21.0
2017-2018,Réadaptation du Sud-Ouest et du Renfort,9,5,119.0
2017-2018,Réadaptation du Sud-Ouest et du Renfort,9,6,156.0
2017-2018,Réadaptation du Sud-Ouest et du Renfort,9,7,21.0
2017-2018,Réadaptation du Sud-Ouest et du Renfort,9,8,1.0
2017-2018,Réadaptation du Sud-Ouest et du Renfort,9,9,329.0
2017-2018,Réadaptation du Sud-Ouest et du Renfort,13,1,302.0
2017-2018,Réadaptation du Sud-Ouest et du Renfort,13,2,650.0
2017-2018,Réadaptation du Sud-Ouest et du Renfort,13,3,253.0
2017-2018,Réadaptation du Sud-Ouest et du Renfort,13,4,141.0
2017-2018,Réadaptation du Sud-Ouest et du Renfort,13,5,531.0
2017-2018,Réadaptation du Sud-Ouest et du Renfort,13,6,330.0
2017-2018,Réadaptation du Sud-Ouest et du Renfort,13,7,31.0
2017-2018,Réadaptation du Sud-Ouest et du Renfort,13,8,1.0
2017-2018,Réadaptation du Sud-Ouest et du Renfort,13,9,2239.0
2018-2019,Atelier le fil d'Ariane Inc.,1,5,3.0
2018-2019,Atelier le fil d'Ariane Inc.,1,9,3.0
2018-2019,Atelier le fil d'Ariane Inc.,2,5,2.0
2018-2019,Atelier le fil d'Ariane Inc.,2,6,2.0
2018-2019,Atelier le fil d'Ariane Inc.,2,9,4.0
2018-2019,Atelier le fil d'Ariane Inc.,5,5,4.0
2018-2019,Atelier le fil d'Ariane Inc.,5,6,2.0
2018-2019,Atelier le fil d'Ariane Inc.,5,9,6.0
2018-2019,Atelier le fil d'Ariane Inc.,9,5,1.0
2018-2019,Atelier le fil d'Ariane Inc.,9,6,3.0
2018-2019,Atelier le fil d'Ariane Inc.,9,9,4.0
2018-2019,Atelier le fil d'Ariane Inc.,13,5,10.0
2018-2019,Atelier le fil d'Ariane Inc.,13,6,7.0
2018-2019,Atelier le fil d'Ariane Inc.,13,9,17.0
2018-2019,CISSS de Chaudière-Appalaches,1,1,165.0
2018-2019,CISSS de Chaudière-Appalaches,1,2,271.0
2018-2019,CISSS de Chaudière-Appalaches,1,3,114.0
2018-2019,CISSS de Chaudière-Appalaches,1,4,84.0
2018-2019,CISSS de Chaudière-Appalaches,1,5,217.0
2018-2019,CISSS de Chaudière-Appalaches,1,6,27.0
2018-2019,CISSS de Chaudière-Appalaches,1,7,3.0
2018-2019,CISSS de Chaudière-Appalaches,1,8,0.0
2018-2019,CISSS de Chaudière-Appalaches,1,9,881.0
2018-2019,CISSS de Chaudière-Appalaches,2,1,0.0
2018-2019,CISSS de Chaudière-Appalaches,2,2,0.0
2018-2019,CISSS de Chaudière-Appalaches,2,3,0.0
2018-2019,CISSS de Chaudière-Appalaches,2,4,8.0
2018-2019,CISSS de Chaudière-Appalaches,2,5,66.0
2018-2019,CISSS de Chaudière-Appalaches,2,6,37.0
2018-2019,CISSS de Chaudière-Appalaches,2,7,0.0
2018-2019,CISSS de Chaudière-Appalaches,2,8,1.0
2018-2019,CISSS de Chaudière-Appalaches,2,9,112.0
2018-2019,CISSS de Chaudière-Appalaches,3,1,0.0
2018-2019,CISSS de Chaudière-Appalaches,3,2,0.0
2018-2019,CISSS de Chaudière-Appalaches,3,3,0.0
2018-2019,CISSS de Chaudière-Appalaches,3,4,1.0
2018-2019,CISSS de Chaudière-Appalaches,3,5,22.0
2018-2019,CISSS de Chaudière-Appalaches,3,6,31.0
2018-2019,CISSS de Chaudière-Appalaches,3,7,2.0
2018-2019,CISSS de Chaudière-Appalaches,3,8,4.0
2018-2019,CISSS de Chaudière-Appalaches,3,9,60.0
2018-2019,CISSS de Chaudière-Appalaches,4,1,0.0
2018-2019,CISSS de Chaudière-Appalaches,4,2,0.0
2018-2019,CISSS de Chaudière-Appalaches,4,3,0.0
2018-2019,CISSS de Chaudière-Appalaches,4,4,0.0
2018-2019,CISSS de Chaudière-Appalaches,4,5,0.0
2018-2019,CISSS de Chaudière-Appalaches,4,6,0.0
2018-2019,CISSS de Chaudière-Appalaches,4,7,0.0
2018-2019,CISSS de Chaudière-Appalaches,4,8,0.0
2018-2019,CISSS de Chaudière-Appalaches,4,9,0.0
2018-2019,CISSS de Chaudière-Appalaches,5,1,0.0
2018-2019,CISSS de Chaudière-Appalaches,5,2,2.0
2018-2019,CISSS de Chaudière-Appalaches,5,3,7.0
2018-2019,CISSS de Chaudière-Appalaches,5,4,4.0
2018-2019,CISSS de Chaudière-Appalaches,5,5,19.0
2018-2019,CISSS de Chaudière-Appalaches,5,6,5.0
2018-2019,CISSS de Chaudière-Appalaches,5,7,0.0
2018-2019,CISSS de Chaudière-Appalaches,5,8,0.0
2018-2019,CISSS de Chaudière-Appalaches,5,9,37.0
2018-2019,CISSS de Chaudière-Appalaches,6,1,0.0
2018-2019,CISSS de Chaudière-Appalaches,6,2,0.0
2018-2019,CISSS de Chaudière-Appalaches,6,3,0.0
2018-2019,CISSS de Chaudière-Appalaches,6,4,0.0
2018-2019,CISSS de Chaudière-Appalaches,6,5,0.0
2018-2019,CISSS de Chaudière-Appalaches,6,6,0.0
2018-2019,CISSS de Chaudière-Appalaches,6,7,0.0
2018-2019,CISSS de Chaudière-Appalaches,6,8,0.0
2018-2019,CISSS de Chaudière-Appalaches,6,9,0.0
2018-2019,CISSS de Chaudière-Appalaches,7,1,0.0
2018-2019,CISSS de Chaudière-Appalaches,7,2,0.0
2018-2019,CISSS de Chaudière-Appalaches,7,3,0.0
2018-2019,CISSS de Chaudière-Appalaches,7,4,0.0
2018-2019,CISSS de Chaudière-Appalaches,7,5,0.0
2018-2019,CISSS de Chaudière-Appalaches,7,6,4.0
2018-2019,CISSS de Chaudière-Appalaches,7,7,0.0
2018-2019,CISSS de Chaudière-Appalaches,7,8,2.0
2018-2019,CISSS de Chaudière-Appalaches,7,9,6.0
2018-2019,CISSS de Chaudière-Appalaches,8,1,0.0
2018-2019,CISSS de Chaudière-Appalaches,8,2,1.0
2018-2019,CISSS de Chaudière-Appalaches,8,3,2.0
2018-2019,CISSS de Chaudière-Appalaches,8,4,12.0
2018-2019,CISSS de Chaudière-Appalaches,8,5,56.0
2018-2019,CISSS de Chaudière-Appalaches,8,6,83.0
2018-2019,CISSS de Chaudière-Appalaches,8,7,22.0
2018-2019,CISSS de Chaudière-Appalaches,8,8,11.0
2018-2019,CISSS de Chaudière-Appalaches,8,9,187.0
2018-2019,CISSS de Chaudière-Appalaches,9,1,7.0
2018-2019,CISSS de Chaudière-Appalaches,9,2,5.0
2018-2019,CISSS de Chaudière-Appalaches,9,3,9.0
2018-2019,CISSS de Chaudière-Appalaches,9,4,14.0
2018-2019,CISSS de Chaudière-Appalaches,9,5,117.0
2018-2019,CISSS de Chaudière-Appalaches,9,6,109.0
2018-2019,CISSS de Chaudière-Appalaches,9,7,26.0
2018-2019,CISSS de Chaudière-Appalaches,9,8,8.0
2018-2019,CISSS de Chaudière-Appalaches,9,9,295.0
2018-2019,CISSS de Chaudière-Appalaches,10,1,0.0
2018-2019,CISSS de Chaudière-Appalaches,10,2,0.0
2018-2019,CISSS de Chaudière-Appalaches,10,3,0.0
2018-2019,CISSS de Chaudière-Appalaches,10,4,0.0
2018-2019,CISSS de Chaudière-Appalaches,10,5,0.0
2018-2019,CISSS de Chaudière-Appalaches,10,6,0.0
2018-2019,CISSS de Chaudière-Appalaches,10,7,0.0
2018-2019,CISSS de Chaudière-Appalaches,10,8,0.0
2018-2019,CISSS de Chaudière-Appalaches,10,9,0.0
2018-2019,CISSS de Chaudière-Appalaches,11,1,0.0
2018-2019,CISSS de Chaudière-Appalaches,11,2,0.0
2018-2019,CISSS de Chaudière-Appalaches,11,3,1.0
2018-2019,CISSS de Chaudière-Appalaches,11,4,0.0
2018-2019,CISSS de Chaudière-Appalaches,11,5,0.0
2018-2019,CISSS de Chaudière-Appalaches,11,6,0.0
2018-2019,CISSS de Chaudière-Appalaches,11,7,0.0
2018-2019,CISSS de Chaudière-Appalaches,11,8,0.0
2018-2019,CISSS de Chaudière-Appalaches,11,9,1.0
2018-2019,CISSS de Chaudière-Appalaches,12,1,0.0
2018-2019,CISSS de Chaudière-Appalaches,12,2,0.0
2018-2019,CISSS de Chaudière-Appalaches,12,3,0.0
2018-2019,CISSS de Chaudière-Appalaches,12,4,0.0
2018-2019,CISSS de Chaudière-Appalaches,12,5,6.0
2018-2019,CISSS de Chaudière-Appalaches,12,6,3.0
2018-2019,CISSS de Chaudière-Appalaches,12,7,0.0
2018-2019,CISSS de Chaudière-Appalaches,12,8,0.0
2018-2019,CISSS de Chaudière-Appalaches,12,9,9.0
2018-2019,CISSS de Chaudière-Appalaches,13,1,172.0
2018-2019,CISSS de Chaudière-Appalaches,13,2,279.0
2018-2019,CISSS de Chaudière-Appalaches,13,3,133.0
2018-2019,CISSS de Chaudière-Appalaches,13,4,123.0
2018-2019,CISSS de Chaudière-Appalaches,13,5,503.0
2018-2019,CISSS de Chaudière-Appalaches,13,6,299.0
2018-2019,CISSS de Chaudière-Appalaches,13,7,53.0
2018-2019,CISSS de Chaudière-Appalaches,13,8,26.0
2018-2019,CISSS de Chaudière-Appalaches,13,9,1588.0
2018-2019,CISSS de Chaudière-Appalaches,14,1,2.0
2018-2019,CISSS de Chaudière-Appalaches,15,1,16.0
2018-2019,CISSS de Chaudière-Appalaches,16,1,36.0
2018-2019,CISSS de Chaudière-Appalaches,17,1,414.0
2018-2019,CISSS de Lanaudière,1,1,260.0
2018-2019,CISSS de Lanaudière,1,2,453.0
2018-2019,CISSS de Lanaudière,1,3,160.0
2018-2019,CISSS de Lanaudière,1,4,69.0
2018-2019,CISSS de Lanaudière,1,5,95.0
2018-2019,CISSS de Lanaudière,1,6,12.0
2018-2019,CISSS de Lanaudière,1,7,0.0
2018-2019,CISSS de Lanaudière,1,8,0.0
2018-2019,CISSS de Lanaudière,1,9,1049.0
2018-2019,CISSS de Lanaudière,2,1,0.0
2018-2019,CISSS de Lanaudière,2,2,0.0
2018-2019,CISSS de Lanaudière,2,3,0.0
2018-2019,CISSS de Lanaudière,2,4,1.0
2018-2019,CISSS de Lanaudière,2,5,35.0
2018-2019,CISSS de Lanaudière,2,6,7.0
2018-2019,CISSS de Lanaudière,2,7,1.0
2018-2019,CISSS de Lanaudière,2,8,0.0
2018-2019,CISSS de Lanaudière,2,9,44.0
2018-2019,CISSS de Lanaudière,3,1,2.0
2018-2019,CISSS de Lanaudière,3,2,8.0
2018-2019,CISSS de Lanaudière,3,3,9.0
2018-2019,CISSS de Lanaudière,3,4,4.0
2018-2019,CISSS de Lanaudière,3,5,1.0
2018-2019,CISSS de Lanaudière,3,6,3.0
2018-2019,CISSS de Lanaudière,3,7,1.0
2018-2019,CISSS de Lanaudière,3,8,0.0
2018-2019,CISSS de Lanaudière,3,9,28.0
2018-2019,CISSS de Lanaudière,4,1,0.0
2018-2019,CISSS de Lanaudière,4,2,0.0
2018-2019,CISSS de Lanaudière,4,3,1.0
2018-2019,CISSS de Lanaudière,4,4,2.0
2018-2019,CISSS de Lanaudière,4,5,4.0
2018-2019,CISSS de Lanaudière,4,6,0.0
2018-2019,CISSS de Lanaudière,4,7,0.0
2018-2019,CISSS de Lanaudière,4,8,0.0
2018-2019,CISSS de Lanaudière,4,9,7.0
2018-2019,CISSS de Lanaudière,7,1,0.0
2018-2019,CISSS de Lanaudière,7,2,0.0
2018-2019,CISSS de Lanaudière,7,3,0.0
2018-2019,CISSS de Lanaudière,7,4,0.0
2018-2019,CISSS de Lanaudière,7,5,2.0
2018-2019,CISSS de Lanaudière,7,6,5.0
2018-2019,CISSS de Lanaudière,7,7,1.0
2018-2019,CISSS de Lanaudière,7,8,0.0
2018-2019,CISSS de Lanaudière,7,9,8.0
2018-2019,CISSS de Lanaudière,8,1,1.0
2018-2019,CISSS de Lanaudière,8,2,6.0
2018-2019,CISSS de Lanaudière,8,3,13.0
2018-2019,CISSS de Lanaudière,8,4,9.0
2018-2019,CISSS de Lanaudière,8,5,77.0
2018-2019,CISSS de Lanaudière,8,6,33.0
2018-2019,CISSS de Lanaudière,8,7,5.0
2018-2019,CISSS de Lanaudière,8,8,0.0
2018-2019,CISSS de Lanaudière,8,9,144.0
2018-2019,CISSS de Lanaudière,9,1,5.0
2018-2019,CISSS de Lanaudière,9,2,8.0
2018-2019,CISSS de Lanaudière,9,3,15.0
2018-2019,CISSS de Lanaudière,9,4,7.0
2018-2019,CISSS de Lanaudière,9,5,49.0
2018-2019,CISSS de Lanaudière,9,6,29.0
2018-2019,CISSS de Lanaudière,9,7,6.0
2018-2019,CISSS de Lanaudière,9,8,4.0
2018-2019,CISSS de Lanaudière,9,9,123.0
2018-2019,CISSS de Lanaudière,12,1,0.0
2018-2019,CISSS de Lanaudière,12,2,0.0
2018-2019,CISSS de Lanaudière,12,3,2.0
2018-2019,CISSS de Lanaudière,12,4,0.0
2018-2019,CISSS de Lanaudière,12,5,7.0
2018-2019,CISSS de Lanaudière,12,6,4.0
2018-2019,CISSS de Lanaudière,12,7,0.0
2018-2019,CISSS de Lanaudière,12,8,0.0
2018-2019,CISSS de Lanaudière,12,9,13.0
2018-2019,CISSS de Lanaudière,13,1,268.0
2018-2019,CISSS de Lanaudière,13,2,475.0
2018-2019,CISSS de Lanaudière,13,3,200.0
2018-2019,CISSS de Lanaudière,13,4,92.0
2018-2019,CISSS de Lanaudière,13,5,270.0
2018-2019,CISSS de Lanaudière,13,6,93.0
2018-2019,CISSS de Lanaudière,13,7,14.0
2018-2019,CISSS de Lanaudière,13,8,4.0
2018-2019,CISSS de Lanaudière,13,9,1416.0
2018-2019,CISSS de Lanaudière,16,1,1.0
2018-2019,CISSS de Lanaudière,17,1,47.0
2018-2019,CISSS de Laval,1,1,187.0
2018-2019,CISSS de Laval,1,2,202.0
2018-2019,CISSS de Laval,1,3,96.0
2018-2019,CISSS de Laval,1,4,83.0
2018-2019,CISSS de Laval,1,5,126.0
2018-2019,CISSS de Laval,1,6,3.0
2018-2019,CISSS de Laval,1,7,0.0
2018-2019,CISSS de Laval,1,8,0.0
2018-2019,CISSS de Laval,1,9,697.0
2018-2019,CISSS de Laval,2,1,1.0
2018-2019,CISSS de Laval,2,2,0.0
2018-2019,CISSS de Laval,2,3,0.0
2018-2019,CISSS de Laval,2,4,3.0
2018-2019,CISSS de Laval,2,5,24.0
2018-2019,CISSS de Laval,2,6,9.0
2018-2019,CISSS de Laval,2,7,0.0
2018-2019,CISSS de Laval,2,8,0.0
2018-2019,CISSS de Laval,2,9,37.0
2018-2019,CISSS de Laval,3,1,0.0
2018-2019,CISSS de Laval,3,2,0.0
2018-2019,CISSS de Laval,3,3,0.0
2018-2019,CISSS de Laval,3,4,0.0
2018-2019,CISSS de Laval,3,5,3.0
2018-2019,CISSS de Laval,3,6,1.0
2018-2019,CISSS de Laval,3,7,0.0
2018-2019,CISSS de Laval,3,8,0.0
2018-2019,CISSS de Laval,3,9,4.0
2018-2019,CISSS de Laval,4,1,0.0
2018-2019,CISSS de Laval,4,2,0.0
2018-2019,CISSS de Laval,4,3,1.0
2018-2019,CISSS de Laval,4,4,0.0
2018-2019,CISSS de Laval,4,5,7.0
2018-2019,CISSS de Laval,4,6,1.0
2018-2019,CISSS de Laval,4,7,0.0
2018-2019,CISSS de Laval,4,8,0.0
2018-2019,CISSS de Laval,4,9,9.0
2018-2019,CISSS de Laval,6,1,0.0
2018-2019,CISSS de Laval,6,2,0.0
2018-2019,CISSS de Laval,6,3,0.0
2018-2019,CISSS de Laval,6,4,0.0
2018-2019,CISSS de Laval,6,5,10.0
2018-2019,CISSS de Laval,6,6,12.0
2018-2019,CISSS de Laval,6,7,0.0
2018-2019,CISSS de Laval,6,8,0.0
2018-2019,CISSS de Laval,6,9,22.0
2018-2019,CISSS de Laval,7,1,0.0
2018-2019,CISSS de Laval,7,2,0.0
2018-2019,CISSS de Laval,7,3,3.0
2018-2019,CISSS de Laval,7,4,0.0
2018-2019,CISSS de Laval,7,5,0.0
2018-2019,CISSS de Laval,7,6,0.0
2018-2019,CISSS de Laval,7,7,0.0
2018-2019,CISSS de Laval,7,8,1.0
2018-2019,CISSS de Laval,7,9,4.0
2018-2019,CISSS de Laval,8,1,1.0
2018-2019,CISSS de Laval,8,2,2.0
2018-2019,CISSS de Laval,8,3,21.0
2018-2019,CISSS de Laval,8,4,23.0
2018-2019,CISSS de Laval,8,5,150.0
2018-2019,CISSS de Laval,8,6,115.0
2018-2019,CISSS de Laval,8,7,23.0
2018-2019,CISSS de Laval,8,8,8.0
2018-2019,CISSS de Laval,8,9,343.0
2018-2019,CISSS de Laval,9,1,0.0
2018-2019,CISSS de Laval,9,2,3.0
2018-2019,CISSS de Laval,9,3,5.0
2018-2019,CISSS de Laval,9,4,1.0
2018-2019,CISSS de Laval,9,5,19.0
2018-2019,CISSS de Laval,9,6,42.0
2018-2019,CISSS de Laval,9,7,13.0
2018-2019,CISSS de Laval,9,8,2.0
2018-2019,CISSS de Laval,9,9,85.0
2018-2019,CISSS de Laval,10,1,1.0
2018-2019,CISSS de Laval,10,2,0.0
2018-2019,CISSS de Laval,10,3,4.0
2018-2019,CISSS de Laval,10,4,5.0
2018-2019,CISSS de Laval,10,5,18.0
2018-2019,CISSS de Laval,10,6,13.0
2018-2019,CISSS de Laval,10,7,2.0
2018-2019,CISSS de Laval,10,8,1.0
2018-2019,CISSS de Laval,10,9,44.0
2018-2019,CISSS de Laval,11,1,0.0
2018-2019,CISSS de Laval,11,2,1.0
2018-2019,CISSS de Laval,11,3,1.0
2018-2019,CISSS de Laval,11,4,0.0
2018-2019,CISSS de Laval,11,5,0.0
2018-2019,CISSS de Laval,11,6,0.0
2018-2019,CISSS de Laval,11,7,0.0
2018-2019,CISSS de Laval,11,8,0.0
2018-2019,CISSS de Laval,11,9,2.0
2018-2019,CISSS de Laval,12,1,0.0
2018-2019,CISSS de Laval,12,2,0.0
2018-2019,CISSS de Laval,12,3,0.0
2018-2019,CISSS de Laval,12,4,0.0
2018-2019,CISSS de Laval,12,5,2.0
2018-2019,CISSS de Laval,12,6,1.0
2018-2019,CISSS de Laval,12,7,0.0
2018-2019,CISSS de Laval,12,8,0.0
2018-2019,CISSS de Laval,12,9,3.0
2018-2019,CISSS de Laval,13,1,190.0
2018-2019,CISSS de Laval,13,2,208.0
2018-2019,CISSS de Laval,13,3,131.0
2018-2019,CISSS de Laval,13,4,115.0
2018-2019,CISSS de Laval,13,5,359.0
2018-2019,CISSS de Laval,13,6,197.0
2018-2019,CISSS de Laval,13,7,38.0
2018-2019,CISSS de Laval,13,8,12.0
2018-2019,CISSS de Laval,13,9,1250.0
2018-2019,CISSS de l'Abitibi-Témiscamingue,1,1,67.0
2018-2019,CISSS de l'Abitibi-Témiscamingue,1,2,175.0
2018-2019,CISSS de l'Abitibi-Témiscamingue,1,3,72.0
2018-2019,CISSS de l'Abitibi-Témiscamingue,1,4,29.0
2018-2019,CISSS de l'Abitibi-Témiscamingue,1,5,41.0
2018-2019,CISSS de l'Abitibi-Témiscamingue,1,6,4.0
2018-2019,CISSS de l'Abitibi-Témiscamingue,1,7,1.0
2018-2019,CISSS de l'Abitibi-Témiscamingue,1,8,0.0
2018-2019,CISSS de l'Abitibi-Témiscamingue,1,9,389.0
2018-2019,CISSS de l'Abitibi-Témiscamingue,2,1,4.0
2018-2019,CISSS de l'Abitibi-Témiscamingue,2,2,5.0
2018-2019,CISSS de l'Abitibi-Témiscamingue,2,3,3.0
2018-2019,CISSS de l'Abitibi-Témiscamingue,2,4,4.0
2018-2019,CISSS de l'Abitibi-Témiscamingue,2,5,28.0
2018-2019,CISSS de l'Abitibi-Témiscamingue,2,6,22.0
2018-2019,CISSS de l'Abitibi-Témiscamingue,2,7,1.0
2018-2019,CISSS de l'Abitibi-Témiscamingue,2,8,0.0
2018-2019,CISSS de l'Abitibi-Témiscamingue,2,9,67.0
2018-2019,CISSS de l'Abitibi-Témiscamingue,3,1,0.0
2018-2019,CISSS de l'Abitibi-Témiscamingue,3,2,0.0
2018-2019,CISSS de l'Abitibi-Témiscamingue,3,3,1.0
2018-2019,CISSS de l'Abitibi-Témiscamingue,3,4,0.0
2018-2019,CISSS de l'Abitibi-Témiscamingue,3,5,1.0
2018-2019,CISSS de l'Abitibi-Témiscamingue,3,6,0.0
2018-2019,CISSS de l'Abitibi-Témiscamingue,3,7,0.0
2018-2019,CISSS de l'Abitibi-Témiscamingue,3,8,0.0
2018-2019,CISSS de l'Abitibi-Témiscamingue,3,9,2.0
2018-2019,CISSS de l'Abitibi-Témiscamingue,4,1,0.0
2018-2019,CISSS de l'Abitibi-Témiscamingue,4,2,0.0
2018-2019,CISSS de l'Abitibi-Témiscamingue,4,3,0.0
2018-2019,CISSS de l'Abitibi-Témiscamingue,4,4,0.0
2018-2019,CISSS de l'Abitibi-Témiscamingue,4,5,7.0
2018-2019,CISSS de l'Abitibi-Témiscamingue,4,6,5.0
2018-2019,CISSS de l'Abitibi-Témiscamingue,4,7,1.0
2018-2019,CISSS de l'Abitibi-Témiscamingue,4,8,0.0
2018-2019,CISSS de l'Abitibi-Témiscamingue,4,9,13.0
2018-2019,CISSS de l'Abitibi-Témiscamingue,5,1,0.0
2018-2019,CISSS de l'Abitibi-Témiscamingue,5,2,0.0
2018-2019,CISSS de l'Abitibi-Témiscamingue,5,3,1.0
2018-2019,CISSS de l'Abitibi-Témiscamingue,5,4,0.0
2018-2019,CISSS de l'Abitibi-Témiscamingue,5,5,7.0
2018-2019,CISSS de l'Abitibi-Témiscamingue,5,6,4.0
2018-2019,CISSS de l'Abitibi-Témiscamingue,5,7,0.0
2018-2019,CISSS de l'Abitibi-Témiscamingue,5,8,0.0
2018-2019,CISSS de l'Abitibi-Témiscamingue,5,9,12.0
2018-2019,CISSS de l'Abitibi-Témiscamingue,6,1,0.0
2018-2019,CISSS de l'Abitibi-Témiscamingue,6,2,0.0
2018-2019,CISSS de l'Abitibi-Témiscamingue,6,3,0.0
2018-2019,CISSS de l'Abitibi-Témiscamingue,6,4,0.0
2018-2019,CISSS de l'Abitibi-Témiscamingue,6,5,0.0
2018-2019,CISSS de l'Abitibi-Témiscamingue,6,6,0.0
2018-2019,CISSS de l'Abitibi-Témiscamingue,6,7,0.0
2018-2019,CISSS de l'Abitibi-Témiscamingue,6,8,0.0
2018-2019,CISSS de l'Abitibi-Témiscamingue,6,9,0.0
2018-2019,CISSS de l'Abitibi-Témiscamingue,7,1,0.0
2018-2019,CISSS de l'Abitibi-Témiscamingue,7,2,1.0
2018-2019,CISSS de l'Abitibi-Témiscamingue,7,3,0.0
2018-2019,CISSS de l'Abitibi-Témiscamingue,7,4,0.0
2018-2019,CISSS de l'Abitibi-Témiscamingue,7,5,3.0
2018-2019,CISSS de l'Abitibi-Témiscamingue,7,6,3.0
2018-2019,CISSS de l'Abitibi-Témiscamingue,7,7,0.0
2018-2019,CISSS de l'Abitibi-Témiscamingue,7,8,0.0
2018-2019,CISSS de l'Abitibi-Témiscamingue,7,9,7.0
2018-2019,CISSS de l'Abitibi-Témiscamingue,8,1,0.0
2018-2019,CISSS de l'Abitibi-Témiscamingue,8,2,0.0
2018-2019,CISSS de l'Abitibi-Témiscamingue,8,3,0.0
2018-2019,CISSS de l'Abitibi-Témiscamingue,8,4,3.0
2018-2019,CISSS de l'Abitibi-Témiscamingue,8,5,11.0
2018-2019,CISSS de l'Abitibi-Témiscamingue,8,6,14.0
2018-2019,CISSS de l'Abitibi-Témiscamingue,8,7,0.0
2018-2019,CISSS de l'Abitibi-Témiscamingue,8,8,1.0
2018-2019,CISSS de l'Abitibi-Témiscamingue,8,9,29.0
2018-2019,CISSS de l'Abitibi-Témiscamingue,9,1,2.0
2018-2019,CISSS de l'Abitibi-Témiscamingue,9,2,17.0
2018-2019,CISSS de l'Abitibi-Témiscamingue,9,3,9.0
2018-2019,CISSS de l'Abitibi-Témiscamingue,9,4,15.0
2018-2019,CISSS de l'Abitibi-Témiscamingue,9,5,62.0
2018-2019,CISSS de l'Abitibi-Témiscamingue,9,6,100.0
2018-2019,CISSS de l'Abitibi-Témiscamingue,9,7,15.0
2018-2019,CISSS de l'Abitibi-Témiscamingue,9,8,3.0
2018-2019,CISSS de l'Abitibi-Témiscamingue,9,9,223.0
2018-2019,CISSS de l'Abitibi-Témiscamingue,10,1,0.0
2018-2019,CISSS de l'Abitibi-Témiscamingue,10,2,1.0
2018-2019,CISSS de l'Abitibi-Témiscamingue,10,3,4.0
2018-2019,CISSS de l'Abitibi-Témiscamingue,10,4,4.0
2018-2019,CISSS de l'Abitibi-Témiscamingue,10,5,22.0
2018-2019,CISSS de l'Abitibi-Témiscamingue,10,6,6.0
2018-2019,CISSS de l'Abitibi-Témiscamingue,10,7,2.0
2018-2019,CISSS de l'Abitibi-Témiscamingue,10,8,0.0
2018-2019,CISSS de l'Abitibi-Témiscamingue,10,9,39.0
2018-2019,CISSS de l'Abitibi-Témiscamingue,11,1,0.0
2018-2019,CISSS de l'Abitibi-Témiscamingue,11,2,0.0
2018-2019,CISSS de l'Abitibi-Témiscamingue,11,3,0.0
2018-2019,CISSS de l'Abitibi-Témiscamingue,11,4,0.0
2018-2019,CISSS de l'Abitibi-Témiscamingue,11,5,0.0
2018-2019,CISSS de l'Abitibi-Témiscamingue,11,6,0.0
2018-2019,CISSS de l'Abitibi-Témiscamingue,11,7,0.0
2018-2019,CISSS de l'Abitibi-Témiscamingue,11,8,0.0
2018-2019,CISSS de l'Abitibi-Témiscamingue,11,9,0.0
2018-2019,CISSS de l'Abitibi-Témiscamingue,12,1,0.0
2018-2019,CISSS de l'Abitibi-Témiscamingue,12,2,0.0
2018-2019,CISSS de l'Abitibi-Témiscamingue,12,3,1.0
2018-2019,CISSS de l'Abitibi-Témiscamingue,12,4,0.0
2018-2019,CISSS de l'Abitibi-Témiscamingue,12,5,0.0
2018-2019,CISSS de l'Abitibi-Témiscamingue,12,6,1.0
2018-2019,CISSS de l'Abitibi-Témiscamingue,12,7,1.0
2018-2019,CISSS de l'Abitibi-Témiscamingue,12,8,0.0
2018-2019,CISSS de l'Abitibi-Témiscamingue,12,9,3.0
2018-2019,CISSS de l'Abitibi-Témiscamingue,13,1,73.0
2018-2019,CISSS de l'Abitibi-Témiscamingue,13,2,199.0
2018-2019,CISSS de l'Abitibi-Témiscamingue,13,3,91.0
2018-2019,CISSS de l'Abitibi-Témiscamingue,13,4,55.0
2018-2019,CISSS de l'Abitibi-Témiscamingue,13,5,182.0
2018-2019,CISSS de l'Abitibi-Témiscamingue,13,6,159.0
2018-2019,CISSS de l'Abitibi-Témiscamingue,13,7,21.0
2018-2019,CISSS de l'Abitibi-Témiscamingue,13,8,4.0
2018-2019,CISSS de l'Abitibi-Témiscamingue,13,9,784.0
2018-2019,CISSS de l'Outaouais,1,1,165.0
2018-2019,CISSS de l'Outaouais,1,2,278.0
2018-2019,CISSS de l'Outaouais,1,3,94.0
2018-2019,CISSS de l'Outaouais,1,4,38.0
2018-2019,CISSS de l'Outaouais,1,5,88.0
2018-2019,CISSS de l'Outaouais,1,6,9.0
2018-2019,CISSS de l'Outaouais,1,9,672.0
2018-2019,CISSS de l'Outaouais,2,4,3.0
2018-2019,CISSS de l'Outaouais,2,5,29.0
2018-2019,CISSS de l'Outaouais,2,6,5.0
2018-2019,CISSS de l'Outaouais,2,9,37.0
2018-2019,CISSS de l'Outaouais,3,1,1.0
2018-2019,CISSS de l'Outaouais,3,2,4.0
2018-2019,CISSS de l'Outaouais,3,3,4.0
2018-2019,CISSS de l'Outaouais,3,5,1.0
2018-2019,CISSS de l'Outaouais,3,6,2.0
2018-2019,CISSS de l'Outaouais,3,9,12.0
2018-2019,CISSS de l'Outaouais,4,1,1.0
2018-2019,CISSS de l'Outaouais,4,3,1.0
2018-2019,CISSS de l'Outaouais,4,5,7.0
2018-2019,CISSS de l'Outaouais,4,6,10.0
2018-2019,CISSS de l'Outaouais,4,9,19.0
2018-2019,CISSS de l'Outaouais,5,3,5.0
2018-2019,CISSS de l'Outaouais,5,4,3.0
2018-2019,CISSS de l'Outaouais,5,5,15.0
2018-2019,CISSS de l'Outaouais,5,6,9.0
2018-2019,CISSS de l'Outaouais,5,9,32.0
2018-2019,CISSS de l'Outaouais,7,5,2.0
2018-2019,CISSS de l'Outaouais,7,6,1.0
2018-2019,CISSS de l'Outaouais,7,9,3.0
2018-2019,CISSS de l'Outaouais,8,3,1.0
2018-2019,CISSS de l'Outaouais,8,5,24.0
2018-2019,CISSS de l'Outaouais,8,6,23.0
2018-2019,CISSS de l'Outaouais,8,7,3.0
2018-2019,CISSS de l'Outaouais,8,9,51.0
2018-2019,CISSS de l'Outaouais,9,2,1.0
2018-2019,CISSS de l'Outaouais,9,3,4.0
2018-2019,CISSS de l'Outaouais,9,4,7.0
2018-2019,CISSS de l'Outaouais,9,5,27.0
2018-2019,CISSS de l'Outaouais,9,6,43.0
2018-2019,CISSS de l'Outaouais,9,7,4.0
2018-2019,CISSS de l'Outaouais,9,8,1.0
2018-2019,CISSS de l'Outaouais,9,9,87.0
2018-2019,CISSS de l'Outaouais,12,4,3.0
2018-2019,CISSS de l'Outaouais,12,5,3.0
2018-2019,CISSS de l'Outaouais,12,6,2.0
2018-2019,CISSS de l'Outaouais,12,7,1.0
2018-2019,CISSS de l'Outaouais,12,9,9.0
2018-2019,CISSS de l'Outaouais,13,1,167.0
2018-2019,CISSS de l'Outaouais,13,2,283.0
2018-2019,CISSS de l'Outaouais,13,3,109.0
2018-2019,CISSS de l'Outaouais,13,4,54.0
2018-2019,CISSS de l'Outaouais,13,5,196.0
2018-2019,CISSS de l'Outaouais,13,6,104.0
2018-2019,CISSS de l'Outaouais,13,7,8.0
2018-2019,CISSS de l'Outaouais,13,8,1.0
2018-2019,CISSS de l'Outaouais,13,9,922.0
2018-2019,CISSS de l'Outaouais,16,1,65.0
2018-2019,CISSS de l'Outaouais,17,1,2567.0
2018-2019,CISSS de la Côte-Nord,1,1,34.0
2018-2019,CISSS de la Côte-Nord,1,2,94.0
2018-2019,CISSS de la Côte-Nord,1,3,32.0
2018-2019,CISSS de la Côte-Nord,1,4,15.0
2018-2019,CISSS de la Côte-Nord,1,5,21.0
2018-2019,CISSS de la Côte-Nord,1,6,7.0
2018-2019,CISSS de la Côte-Nord,1,7,0.0
2018-2019,CISSS de la Côte-Nord,1,8,0.0
2018-2019,CISSS de la Côte-Nord,1,9,203.0
2018-2019,CISSS de la Côte-Nord,2,1,2.0
2018-2019,CISSS de la Côte-Nord,2,2,11.0
2018-2019,CISSS de la Côte-Nord,2,3,1.0
2018-2019,CISSS de la Côte-Nord,2,4,0.0
2018-2019,CISSS de la Côte-Nord,2,5,4.0
2018-2019,CISSS de la Côte-Nord,2,6,0.0
2018-2019,CISSS de la Côte-Nord,2,7,0.0
2018-2019,CISSS de la Côte-Nord,2,8,0.0
2018-2019,CISSS de la Côte-Nord,2,9,18.0
2018-2019,CISSS de la Côte-Nord,3,1,0.0
2018-2019,CISSS de la Côte-Nord,3,2,0.0
2018-2019,CISSS de la Côte-Nord,3,3,0.0
2018-2019,CISSS de la Côte-Nord,3,4,0.0
2018-2019,CISSS de la Côte-Nord,3,5,1.0
2018-2019,CISSS de la Côte-Nord,3,6,0.0
2018-2019,CISSS de la Côte-Nord,3,7,0.0
2018-2019,CISSS de la Côte-Nord,3,8,0.0
2018-2019,CISSS de la Côte-Nord,3,9,1.0
2018-2019,CISSS de la Côte-Nord,5,1,0.0
2018-2019,CISSS de la Côte-Nord,5,2,0.0
2018-2019,CISSS de la Côte-Nord,5,3,1.0
2018-2019,CISSS de la Côte-Nord,5,4,2.0
2018-2019,CISSS de la Côte-Nord,5,5,6.0
2018-2019,CISSS de la Côte-Nord,5,6,5.0
2018-2019,CISSS de la Côte-Nord,5,7,0.0
2018-2019,CISSS de la Côte-Nord,5,8,0.0
2018-2019,CISSS de la Côte-Nord,5,9,14.0
2018-2019,CISSS de la Côte-Nord,8,1,0.0
2018-2019,CISSS de la Côte-Nord,8,2,0.0
2018-2019,CISSS de la Côte-Nord,8,3,2.0
2018-2019,CISSS de la Côte-Nord,8,4,2.0
2018-2019,CISSS de la Côte-Nord,8,5,20.0
2018-2019,CISSS de la Côte-Nord,8,6,46.0
2018-2019,CISSS de la Côte-Nord,8,7,9.0
2018-2019,CISSS de la Côte-Nord,8,8,1.0
2018-2019,CISSS de la Côte-Nord,8,9,80.0
2018-2019,CISSS de la Côte-Nord,9,1,0.0
2018-2019,CISSS de la Côte-Nord,9,2,3.0
2018-2019,CISSS de la Côte-Nord,9,3,4.0
2018-2019,CISSS de la Côte-Nord,9,4,2.0
2018-2019,CISSS de la Côte-Nord,9,5,13.0
2018-2019,CISSS de la Côte-Nord,9,6,48.0
2018-2019,CISSS de la Côte-Nord,9,7,4.0
2018-2019,CISSS de la Côte-Nord,9,8,2.0
2018-2019,CISSS de la Côte-Nord,9,9,76.0
2018-2019,CISSS de la Côte-Nord,12,1,0.0
2018-2019,CISSS de la Côte-Nord,12,2,0.0
2018-2019,CISSS de la Côte-Nord,12,3,1.0
2018-2019,CISSS de la Côte-Nord,12,4,1.0
2018-2019,CISSS de la Côte-Nord,12,5,1.0
2018-2019,CISSS de la Côte-Nord,12,6,0.0
2018-2019,CISSS de la Côte-Nord,12,7,0.0
2018-2019,CISSS de la Côte-Nord,12,8,0.0
2018-2019,CISSS de la Côte-Nord,12,9,3.0
2018-2019,CISSS de la Côte-Nord,13,1,36.0
2018-2019,CISSS de la Côte-Nord,13,2,108.0
2018-2019,CISSS de la Côte-Nord,13,3,41.0
2018-2019,CISSS de la Côte-Nord,13,4,22.0
2018-2019,CISSS de la Côte-Nord,13,5,66.0
2018-2019,CISSS de la Côte-Nord,13,6,106.0
2018-2019,CISSS de la Côte-Nord,13,7,13.0
2018-2019,CISSS de la Côte-Nord,13,8,3.0
2018-2019,CISSS de la Côte-Nord,13,9,395.0
2018-2019,CISSS de la Gaspésie,1,1,29.0
2018-2019,CISSS de la Gaspésie,1,2,75.0
2018-2019,CISSS de la Gaspésie,1,3,41.0
2018-2019,CISSS de la Gaspésie,1,4,16.0
2018-2019,CISSS de la Gaspésie,1,5,29.0
2018-2019,CISSS de la Gaspésie,1,6,5.0
2018-2019,CISSS de la Gaspésie,1,7,3.0
2018-2019,CISSS de la Gaspésie,1,9,198.0
2018-2019,CISSS de la Gaspésie,2,1,1.0
2018-2019,CISSS de la Gaspésie,2,4,3.0
2018-2019,CISSS de la Gaspésie,2,5,3.0
2018-2019,CISSS de la Gaspésie,2,6,2.0
2018-2019,CISSS de la Gaspésie,2,9,9.0
2018-2019,CISSS de la Gaspésie,5,4,1.0
2018-2019,CISSS de la Gaspésie,5,5,6.0
2018-2019,CISSS de la Gaspésie,5,6,10.0
2018-2019,CISSS de la Gaspésie,5,9,17.0
2018-2019,CISSS de la Gaspésie,8,4,1.0
2018-2019,CISSS de la Gaspésie,8,5,4.0
2018-2019,CISSS de la Gaspésie,8,6,7.0
2018-2019,CISSS de la Gaspésie,8,7,3.0
2018-2019,CISSS de la Gaspésie,8,8,2.0
2018-2019,CISSS de la Gaspésie,8,9,17.0
2018-2019,CISSS de la Gaspésie,9,2,2.0
2018-2019,CISSS de la Gaspésie,9,3,5.0
2018-2019,CISSS de la Gaspésie,9,4,7.0
2018-2019,CISSS de la Gaspésie,9,5,22.0
2018-2019,CISSS de la Gaspésie,9,6,29.0
2018-2019,CISSS de la Gaspésie,9,7,9.0
2018-2019,CISSS de la Gaspésie,9,8,2.0
2018-2019,CISSS de la Gaspésie,9,9,76.0
2018-2019,CISSS de la Gaspésie,12,3,3.0
2018-2019,CISSS de la Gaspésie,12,6,1.0
2018-2019,CISSS de la Gaspésie,12,9,4.0
2018-2019,CISSS de la Gaspésie,13,1,30.0
2018-2019,CISSS de la Gaspésie,13,2,77.0
2018-2019,CISSS de la Gaspésie,13,3,49.0
2018-2019,CISSS de la Gaspésie,13,4,28.0
2018-2019,CISSS de la Gaspésie,13,5,64.0
2018-2019,CISSS de la Gaspésie,13,6,54.0
2018-2019,CISSS de la Gaspésie,13,7,15.0
2018-2019,CISSS de la Gaspésie,13,8,4.0
2018-2019,CISSS de la Gaspésie,13,9,321.0
2018-2019,CISSS de la Gaspésie,16,1,2.0
2018-2019,CISSS de la Gaspésie,17,1,35.0
2018-2019,CISSS de la Montérégie-Ouest,1,1,885.0
2018-2019,CISSS de la Montérégie-Ouest,1,2,1532.0
2018-2019,CISSS de la Montérégie-Ouest,1,3,560.0
2018-2019,CISSS de la Montérégie-Ouest,1,4,216.0
2018-2019,CISSS de la Montérégie-Ouest,1,5,562.0
2018-2019,CISSS de la Montérégie-Ouest,1,6,85.0
2018-2019,CISSS de la Montérégie-Ouest,1,7,2.0
2018-2019,CISSS de la Montérégie-Ouest,1,9,3842.0
2018-2019,CISSS de la Montérégie-Ouest,2,3,1.0
2018-2019,CISSS de la Montérégie-Ouest,2,4,19.0
2018-2019,CISSS de la Montérégie-Ouest,2,5,144.0
2018-2019,CISSS de la Montérégie-Ouest,2,6,93.0
2018-2019,CISSS de la Montérégie-Ouest,2,7,10.0
2018-2019,CISSS de la Montérégie-Ouest,2,9,267.0
2018-2019,CISSS de la Montérégie-Ouest,3,1,10.0
2018-2019,CISSS de la Montérégie-Ouest,3,2,26.0
2018-2019,CISSS de la Montérégie-Ouest,3,3,47.0
2018-2019,CISSS de la Montérégie-Ouest,3,4,8.0
2018-2019,CISSS de la Montérégie-Ouest,3,5,22.0
2018-2019,CISSS de la Montérégie-Ouest,3,6,25.0
2018-2019,CISSS de la Montérégie-Ouest,3,7,5.0
2018-2019,CISSS de la Montérégie-Ouest,3,9,143.0
2018-2019,CISSS de la Montérégie-Ouest,4,3,2.0
2018-2019,CISSS de la Montérégie-Ouest,4,4,5.0
2018-2019,CISSS de la Montérégie-Ouest,4,5,14.0
2018-2019,CISSS de la Montérégie-Ouest,4,6,35.0
2018-2019,CISSS de la Montérégie-Ouest,4,7,13.0
2018-2019,CISSS de la Montérégie-Ouest,4,9,69.0
2018-2019,CISSS de la Montérégie-Ouest,5,2,4.0
2018-2019,CISSS de la Montérégie-Ouest,5,3,25.0
2018-2019,CISSS de la Montérégie-Ouest,5,4,24.0
2018-2019,CISSS de la Montérégie-Ouest,5,5,42.0
2018-2019,CISSS de la Montérégie-Ouest,5,6,12.0
2018-2019,CISSS de la Montérégie-Ouest,5,7,1.0
2018-2019,CISSS de la Montérégie-Ouest,5,9,108.0
2018-2019,CISSS de la Montérégie-Ouest,7,4,1.0
2018-2019,CISSS de la Montérégie-Ouest,7,5,3.0
2018-2019,CISSS de la Montérégie-Ouest,7,6,9.0
2018-2019,CISSS de la Montérégie-Ouest,7,7,2.0
2018-2019,CISSS de la Montérégie-Ouest,7,9,15.0
2018-2019,CISSS de la Montérégie-Ouest,8,2,14.0
2018-2019,CISSS de la Montérégie-Ouest,8,3,31.0
2018-2019,CISSS de la Montérégie-Ouest,8,4,24.0
2018-2019,CISSS de la Montérégie-Ouest,8,5,171.0
2018-2019,CISSS de la Montérégie-Ouest,8,6,202.0
2018-2019,CISSS de la Montérégie-Ouest,8,7,30.0
2018-2019,CISSS de la Montérégie-Ouest,8,8,2.0
2018-2019,CISSS de la Montérégie-Ouest,8,9,474.0
2018-2019,CISSS de la Montérégie-Ouest,9,1,3.0
2018-2019,CISSS de la Montérégie-Ouest,9,2,33.0
2018-2019,CISSS de la Montérégie-Ouest,9,3,37.0
2018-2019,CISSS de la Montérégie-Ouest,9,4,50.0
2018-2019,CISSS de la Montérégie-Ouest,9,5,303.0
2018-2019,CISSS de la Montérégie-Ouest,9,6,406.0
2018-2019,CISSS de la Montérégie-Ouest,9,7,92.0
2018-2019,CISSS de la Montérégie-Ouest,9,8,14.0
2018-2019,CISSS de la Montérégie-Ouest,9,9,938.0
2018-2019,CISSS de la Montérégie-Ouest,10,4,6.0
2018-2019,CISSS de la Montérégie-Ouest,10,5,13.0
2018-2019,CISSS de la Montérégie-Ouest,10,6,1.0
2018-2019,CISSS de la Montérégie-Ouest,10,9,20.0
2018-2019,CISSS de la Montérégie-Ouest,12,5,3.0
2018-2019,CISSS de la Montérégie-Ouest,12,6,1.0
2018-2019,CISSS de la Montérégie-Ouest,12,9,4.0
2018-2019,CISSS de la Montérégie-Ouest,13,1,898.0
2018-2019,CISSS de la Montérégie-Ouest,13,2,1609.0
2018-2019,CISSS de la Montérégie-Ouest,13,3,703.0
2018-2019,CISSS de la Montérégie-Ouest,13,4,353.0
2018-2019,CISSS de la Montérégie-Ouest,13,5,1277.0
2018-2019,CISSS de la Montérégie-Ouest,13,6,869.0
2018-2019,CISSS de la Montérégie-Ouest,13,7,155.0
2018-2019,CISSS de la Montérégie-Ouest,13,8,16.0
2018-2019,CISSS de la Montérégie-Ouest,13,9,5880.0
2018-2019,CISSS de la Montérégie-Ouest,16,1,2.0
2018-2019,CISSS de la Montérégie-Ouest,17,1,20.0
2018-2019,CISSS des Laurentides,1,1,155.0
2018-2019,CISSS des Laurentides,1,2,262.0
2018-2019,CISSS des Laurentides,1,3,135.0
2018-2019,CISSS des Laurentides,1,4,88.0
2018-2019,CISSS des Laurentides,1,5,318.0
2018-2019,CISSS des Laurentides,1,6,47.0
2018-2019,CISSS des Laurentides,1,7,3.0
2018-2019,CISSS des Laurentides,1,8,0.0
2018-2019,CISSS des Laurentides,1,9,1008.0
2018-2019,CISSS des Laurentides,2,1,0.0
2018-2019,CISSS des Laurentides,2,2,1.0
2018-2019,CISSS des Laurentides,2,3,1.0
2018-2019,CISSS des Laurentides,2,4,6.0
2018-2019,CISSS des Laurentides,2,5,54.0
2018-2019,CISSS des Laurentides,2,6,33.0
2018-2019,CISSS des Laurentides,2,7,5.0
2018-2019,CISSS des Laurentides,2,8,1.0
2018-2019,CISSS des Laurentides,2,9,101.0
2018-2019,CISSS des Laurentides,3,1,0.0
2018-2019,CISSS des Laurentides,3,2,1.0
2018-2019,CISSS des Laurentides,3,3,2.0
2018-2019,CISSS des Laurentides,3,4,0.0
2018-2019,CISSS des Laurentides,3,5,1.0
2018-2019,CISSS des Laurentides,3,6,1.0
2018-2019,CISSS des Laurentides,3,7,0.0
2018-2019,CISSS des Laurentides,3,8,0.0
2018-2019,CISSS des Laurentides,3,9,5.0
2018-2019,CISSS des Laurentides,4,1,0.0
2018-2019,CISSS des Laurentides,4,2,0.0
2018-2019,CISSS des Laurentides,4,3,1.0
2018-2019,CISSS des Laurentides,4,4,5.0
2018-2019,CISSS des Laurentides,4,5,11.0
2018-2019,CISSS des Laurentides,4,6,8.0
2018-2019,CISSS des Laurentides,4,7,0.0
2018-2019,CISSS des Laurentides,4,8,0.0
2018-2019,CISSS des Laurentides,4,9,25.0
2018-2019,CISSS des Laurentides,5,1,0.0
2018-2019,CISSS des Laurentides,5,2,0.0
2018-2019,CISSS des Laurentides,5,3,0.0
2018-2019,CISSS des Laurentides,5,4,0.0
2018-2019,CISSS des Laurentides,5,5,6.0
2018-2019,CISSS des Laurentides,5,6,3.0
2018-2019,CISSS des Laurentides,5,7,0.0
2018-2019,CISSS des Laurentides,5,8,0.0
2018-2019,CISSS des Laurentides,5,9,9.0
2018-2019,CISSS des Laurentides,6,1,0.0
2018-2019,CISSS des Laurentides,6,2,0.0
2018-2019,CISSS des Laurentides,6,3,0.0
2018-2019,CISSS des Laurentides,6,4,0.0
2018-2019,CISSS des Laurentides,6,5,14.0
2018-2019,CISSS des Laurentides,6,6,2.0
2018-2019,CISSS des Laurentides,6,7,0.0
2018-2019,CISSS des Laurentides,6,8,0.0
2018-2019,CISSS des Laurentides,6,9,16.0
2018-2019,CISSS des Laurentides,7,1,0.0
2018-2019,CISSS des Laurentides,7,2,1.0
2018-2019,CISSS des Laurentides,7,3,0.0
2018-2019,CISSS des Laurentides,7,4,0.0
2018-2019,CISSS des Laurentides,7,5,4.0
2018-2019,CISSS des Laurentides,7,6,4.0
2018-2019,CISSS des Laurentides,7,7,1.0
2018-2019,CISSS des Laurentides,7,8,2.0
2018-2019,CISSS des Laurentides,7,9,12.0
2018-2019,CISSS des Laurentides,8,1,0.0
2018-2019,CISSS des Laurentides,8,2,11.0
2018-2019,CISSS des Laurentides,8,3,24.0
2018-2019,CISSS des Laurentides,8,4,30.0
2018-2019,CISSS des Laurentides,8,5,157.0
2018-2019,CISSS des Laurentides,8,6,130.0
2018-2019,CISSS des Laurentides,8,7,32.0
2018-2019,CISSS des Laurentides,8,8,5.0
2018-2019,CISSS des Laurentides,8,9,389.0
2018-2019,CISSS des Laurentides,9,1,5.0
2018-2019,CISSS des Laurentides,9,2,9.0
2018-2019,CISSS des Laurentides,9,3,20.0
2018-2019,CISSS des Laurentides,9,4,19.0
2018-2019,CISSS des Laurentides,9,5,64.0
2018-2019,CISSS des Laurentides,9,6,118.0
2018-2019,CISSS des Laurentides,9,7,24.0
2018-2019,CISSS des Laurentides,9,8,4.0
2018-2019,CISSS des Laurentides,9,9,263.0
2018-2019,CISSS des Laurentides,12,1,0.0
2018-2019,CISSS des Laurentides,12,2,0.0
2018-2019,CISSS des Laurentides,12,3,1.0
2018-2019,CISSS des Laurentides,12,4,2.0
2018-2019,CISSS des Laurentides,12,5,15.0
2018-2019,CISSS des Laurentides,12,6,11.0
2018-2019,CISSS des Laurentides,12,7,3.0
2018-2019,CISSS des Laurentides,12,8,0.0
2018-2019,CISSS des Laurentides,12,9,32.0
2018-2019,CISSS des Laurentides,13,1,160.0
2018-2019,CISSS des Laurentides,13,2,285.0
2018-2019,CISSS des Laurentides,13,3,184.0
2018-2019,CISSS des Laurentides,13,4,150.0
2018-2019,CISSS des Laurentides,13,5,644.0
2018-2019,CISSS des Laurentides,13,6,357.0
2018-2019,CISSS des Laurentides,13,7,68.0
2018-2019,CISSS des Laurentides,13,8,12.0
2018-2019,CISSS des Laurentides,13,9,1860.0
2018-2019,CISSS des Îles,1,1,6.0
2018-2019,CISSS des Îles,1,2,11.0
2018-2019,CISSS des Îles,1,3,8.0
2018-2019,CISSS des Îles,1,4,3.0
2018-2019,CISSS des Îles,1,5,12.0
2018-2019,CISSS des Îles,1,6,2.0
2018-2019,CISSS des Îles,1,9,42.0
2018-2019,CISSS des Îles,4,5,1.0
2018-2019,CISSS des Îles,4,9,1.0
2018-2019,CISSS des Îles,8,5,2.0
2018-2019,CISSS des Îles,8,6,4.0
2018-2019,CISSS des Îles,8,9,6.0
2018-2019,CISSS des Îles,9,5,1.0
2018-2019,CISSS des Îles,9,6,5.0
2018-2019,CISSS des Îles,9,9,6.0
2018-2019,CISSS des Îles,12,2,1.0
2018-2019,CISSS des Îles,12,9,1.0
2018-2019,CISSS des Îles,13,1,6.0
2018-2019,CISSS des Îles,13,2,12.0
2018-2019,CISSS des Îles,13,3,8.0
2018-2019,CISSS des Îles,13,4,3.0
2018-2019,CISSS des Îles,13,5,16.0
2018-2019,CISSS des Îles,13,6,11.0
2018-2019,CISSS des Îles,13,9,56.0
2018-2019,CISSS des Îles,16,1,3.0
2018-2019,CISSS des Îles,17,1,68.0
2018-2019,CISSS du Bas-Saint-Laurent,1,1,58.0
2018-2019,CISSS du Bas-Saint-Laurent,1,2,225.0
2018-2019,CISSS du Bas-Saint-Laurent,1,3,146.0
2018-2019,CISSS du Bas-Saint-Laurent,1,4,45.0
2018-2019,CISSS du Bas-Saint-Laurent,1,5,92.0
2018-2019,CISSS du Bas-Saint-Laurent,1,6,21.0
2018-2019,CISSS du Bas-Saint-Laurent,1,7,0.0
2018-2019,CISSS du Bas-Saint-Laurent,1,8,0.0
2018-2019,CISSS du Bas-Saint-Laurent,1,9,587.0
2018-2019,CISSS du Bas-Saint-Laurent,2,1,0.0
2018-2019,CISSS du Bas-Saint-Laurent,2,2,5.0
2018-2019,CISSS du Bas-Saint-Laurent,2,3,2.0
2018-2019,CISSS du Bas-Saint-Laurent,2,4,2.0
2018-2019,CISSS du Bas-Saint-Laurent,2,5,17.0
2018-2019,CISSS du Bas-Saint-Laurent,2,6,9.0
2018-2019,CISSS du Bas-Saint-Laurent,2,7,0.0
2018-2019,CISSS du Bas-Saint-Laurent,2,8,0.0
2018-2019,CISSS du Bas-Saint-Laurent,2,9,35.0
2018-2019,CISSS du Bas-Saint-Laurent,3,1,1.0
2018-2019,CISSS du Bas-Saint-Laurent,3,2,1.0
2018-2019,CISSS du Bas-Saint-Laurent,3,3,4.0
2018-2019,CISSS du Bas-Saint-Laurent,3,4,0.0
2018-2019,CISSS du Bas-Saint-Laurent,3,5,0.0
2018-2019,CISSS du Bas-Saint-Laurent,3,6,5.0
2018-2019,CISSS du Bas-Saint-Laurent,3,7,1.0
2018-2019,CISSS du Bas-Saint-Laurent,3,8,0.0
2018-2019,CISSS du Bas-Saint-Laurent,3,9,12.0
2018-2019,CISSS du Bas-Saint-Laurent,4,1,0.0
2018-2019,CISSS du Bas-Saint-Laurent,4,2,0.0
2018-2019,CISSS du Bas-Saint-Laurent,4,3,0.0
2018-2019,CISSS du Bas-Saint-Laurent,4,4,1.0
2018-2019,CISSS du Bas-Saint-Laurent,4,5,8.0
2018-2019,CISSS du Bas-Saint-Laurent,4,6,16.0
2018-2019,CISSS du Bas-Saint-Laurent,4,7,1.0
2018-2019,CISSS du Bas-Saint-Laurent,4,8,0.0
2018-2019,CISSS du Bas-Saint-Laurent,4,9,26.0
2018-2019,CISSS du Bas-Saint-Laurent,5,2,1.0
2018-2019,CISSS du Bas-Saint-Laurent,5,3,3.0
2018-2019,CISSS du Bas-Saint-Laurent,5,4,1.0
2018-2019,CISSS du Bas-Saint-Laurent,5,5,18.0
2018-2019,CISSS du Bas-Saint-Laurent,5,6,13.0
2018-2019,CISSS du Bas-Saint-Laurent,5,8,0.0
2018-2019,CISSS du Bas-Saint-Laurent,5,9,36.0
2018-2019,CISSS du Bas-Saint-Laurent,7,1,0.0
2018-2019,CISSS du Bas-Saint-Laurent,7,2,0.0
2018-2019,CISSS du Bas-Saint-Laurent,7,3,0.0
2018-2019,CISSS du Bas-Saint-Laurent,7,4,0.0
2018-2019,CISSS du Bas-Saint-Laurent,7,5,0.0
2018-2019,CISSS du Bas-Saint-Laurent,7,6,1.0
2018-2019,CISSS du Bas-Saint-Laurent,7,7,0.0
2018-2019,CISSS du Bas-Saint-Laurent,7,8,0.0
2018-2019,CISSS du Bas-Saint-Laurent,7,9,1.0
2018-2019,CISSS du Bas-Saint-Laurent,8,1,0.0
2018-2019,CISSS du Bas-Saint-Laurent,8,2,2.0
2018-2019,CISSS du Bas-Saint-Laurent,8,3,4.0
2018-2019,CISSS du Bas-Saint-Laurent,8,4,7.0
2018-2019,CISSS du Bas-Saint-Laurent,8,5,33.0
2018-2019,CISSS du Bas-Saint-Laurent,8,6,38.0
2018-2019,CISSS du Bas-Saint-Laurent,8,7,3.0
2018-2019,CISSS du Bas-Saint-Laurent,8,8,2.0
2018-2019,CISSS du Bas-Saint-Laurent,8,9,89.0
2018-2019,CISSS du Bas-Saint-Laurent,9,1,0.0
2018-2019,CISSS du Bas-Saint-Laurent,9,2,3.0
2018-2019,CISSS du Bas-Saint-Laurent,9,3,11.0
2018-2019,CISSS du Bas-Saint-Laurent,9,4,7.0
2018-2019,CISSS du Bas-Saint-Laurent,9,5,61.0
2018-2019,CISSS du Bas-Saint-Laurent,9,6,126.0
2018-2019,CISSS du Bas-Saint-Laurent,9,7,5.0
2018-2019,CISSS du Bas-Saint-Laurent,9,8,1.0
2018-2019,CISSS du Bas-Saint-Laurent,9,9,214.0
2018-2019,CISSS du Bas-Saint-Laurent,12,1,0.0
2018-2019,CISSS du Bas-Saint-Laurent,12,2,0.0
2018-2019,CISSS du Bas-Saint-Laurent,12,3,4.0
2018-2019,CISSS du Bas-Saint-Laurent,12,4,1.0
2018-2019,CISSS du Bas-Saint-Laurent,12,5,8.0
2018-2019,CISSS du Bas-Saint-Laurent,12,6,4.0
2018-2019,CISSS du Bas-Saint-Laurent,12,7,0.0
2018-2019,CISSS du Bas-Saint-Laurent,12,8,0.0
2018-2019,CISSS du Bas-Saint-Laurent,12,9,17.0
2018-2019,CISSS du Bas-Saint-Laurent,13,1,59.0
2018-2019,CISSS du Bas-Saint-Laurent,13,2,237.0
2018-2019,CISSS du Bas-Saint-Laurent,13,3,174.0
2018-2019,CISSS du Bas-Saint-Laurent,13,4,64.0
2018-2019,CISSS du Bas-Saint-Laurent,13,5,237.0
2018-2019,CISSS du Bas-Saint-Laurent,13,6,233.0
2018-2019,CISSS du Bas-Saint-Laurent,13,7,10.0
2018-2019,CISSS du Bas-Saint-Laurent,13,8,3.0
2018-2019,CISSS du Bas-Saint-Laurent,13,9,1017.0
2018-2019,CISSS du Bas-Saint-Laurent,16,1,2.0
2018-2019,CISSS du Bas-Saint-Laurent,17,1,26.0
2018-2019,CIUSSS de l'Estrie - CHUS,1,1,73.0
2018-2019,CIUSSS de l'Estrie - CHUS,1,2,91.0
2018-2019,CIUSSS de l'Estrie - CHUS,1,3,59.0
2018-2019,CIUSSS de l'Estrie - CHUS,1,4,41.0
2018-2019,CIUSSS de l'Estrie - CHUS,1,5,183.0
2018-2019,CIUSSS de l'Estrie - CHUS,1,6,39.0
2018-2019,CIUSSS de l'Estrie - CHUS,1,7,3.0
2018-2019,CIUSSS de l'Estrie - CHUS,1,8,0.0
2018-2019,CIUSSS de l'Estrie - CHUS,1,9,489.0
2018-2019,CIUSSS de l'Estrie - CHUS,2,1,1.0
2018-2019,CIUSSS de l'Estrie - CHUS,2,2,0.0
2018-2019,CIUSSS de l'Estrie - CHUS,2,3,1.0
2018-2019,CIUSSS de l'Estrie - CHUS,2,4,9.0
2018-2019,CIUSSS de l'Estrie - CHUS,2,5,41.0
2018-2019,CIUSSS de l'Estrie - CHUS,2,6,19.0
2018-2019,CIUSSS de l'Estrie - CHUS,2,7,2.0
2018-2019,CIUSSS de l'Estrie - CHUS,2,8,0.0
2018-2019,CIUSSS de l'Estrie - CHUS,2,9,73.0
2018-2019,CIUSSS de l'Estrie - CHUS,3,1,0.0
2018-2019,CIUSSS de l'Estrie - CHUS,3,2,6.0
2018-2019,CIUSSS de l'Estrie - CHUS,3,3,3.0
2018-2019,CIUSSS de l'Estrie - CHUS,3,4,0.0
2018-2019,CIUSSS de l'Estrie - CHUS,3,5,4.0
2018-2019,CIUSSS de l'Estrie - CHUS,3,6,5.0
2018-2019,CIUSSS de l'Estrie - CHUS,3,7,1.0
2018-2019,CIUSSS de l'Estrie - CHUS,3,8,0.0
2018-2019,CIUSSS de l'Estrie - CHUS,3,9,19.0
2018-2019,CIUSSS de l'Estrie - CHUS,4,1,0.0
2018-2019,CIUSSS de l'Estrie - CHUS,4,2,0.0
2018-2019,CIUSSS de l'Estrie - CHUS,4,3,1.0
2018-2019,CIUSSS de l'Estrie - CHUS,4,4,0.0
2018-2019,CIUSSS de l'Estrie - CHUS,4,5,1.0
2018-2019,CIUSSS de l'Estrie - CHUS,4,6,0.0
2018-2019,CIUSSS de l'Estrie - CHUS,4,7,0.0
2018-2019,CIUSSS de l'Estrie - CHUS,4,8,0.0
2018-2019,CIUSSS de l'Estrie - CHUS,4,9,2.0
2018-2019,CIUSSS de l'Estrie - CHUS,5,1,0.0
2018-2019,CIUSSS de l'Estrie - CHUS,5,2,0.0
2018-2019,CIUSSS de l'Estrie - CHUS,5,3,2.0
2018-2019,CIUSSS de l'Estrie - CHUS,5,4,2.0
2018-2019,CIUSSS de l'Estrie - CHUS,5,5,14.0
2018-2019,CIUSSS de l'Estrie - CHUS,5,6,10.0
2018-2019,CIUSSS de l'Estrie - CHUS,5,7,0.0
2018-2019,CIUSSS de l'Estrie - CHUS,5,8,0.0
2018-2019,CIUSSS de l'Estrie - CHUS,5,9,28.0
2018-2019,CIUSSS de l'Estrie - CHUS,6,1,0.0
2018-2019,CIUSSS de l'Estrie - CHUS,6,2,0.0
2018-2019,CIUSSS de l'Estrie - CHUS,6,3,0.0
2018-2019,CIUSSS de l'Estrie - CHUS,6,4,1.0
2018-2019,CIUSSS de l'Estrie - CHUS,6,5,5.0
2018-2019,CIUSSS de l'Estrie - CHUS,6,6,18.0
2018-2019,CIUSSS de l'Estrie - CHUS,6,7,3.0
2018-2019,CIUSSS de l'Estrie - CHUS,6,8,0.0
2018-2019,CIUSSS de l'Estrie - CHUS,6,9,27.0
2018-2019,CIUSSS de l'Estrie - CHUS,7,1,0.0
2018-2019,CIUSSS de l'Estrie - CHUS,7,2,0.0
2018-2019,CIUSSS de l'Estrie - CHUS,7,3,0.0
2018-2019,CIUSSS de l'Estrie - CHUS,7,4,0.0
2018-2019,CIUSSS de l'Estrie - CHUS,7,5,0.0
2018-2019,CIUSSS de l'Estrie - CHUS,7,6,1.0
2018-2019,CIUSSS de l'Estrie - CHUS,7,7,0.0
2018-2019,CIUSSS de l'Estrie - CHUS,7,8,0.0
2018-2019,CIUSSS de l'Estrie - CHUS,7,9,1.0
2018-2019,CIUSSS de l'Estrie - CHUS,8,1,0.0
2018-2019,CIUSSS de l'Estrie - CHUS,8,2,0.0
2018-2019,CIUSSS de l'Estrie - CHUS,8,3,0.0
2018-2019,CIUSSS de l'Estrie - CHUS,8,4,1.0
2018-2019,CIUSSS de l'Estrie - CHUS,8,5,23.0
2018-2019,CIUSSS de l'Estrie - CHUS,8,6,33.0
2018-2019,CIUSSS de l'Estrie - CHUS,8,7,10.0
2018-2019,CIUSSS de l'Estrie - CHUS,8,8,2.0
2018-2019,CIUSSS de l'Estrie - CHUS,8,9,69.0
2018-2019,CIUSSS de l'Estrie - CHUS,9,1,2.0
2018-2019,CIUSSS de l'Estrie - CHUS,9,2,5.0
2018-2019,CIUSSS de l'Estrie - CHUS,9,3,9.0
2018-2019,CIUSSS de l'Estrie - CHUS,9,4,25.0
2018-2019,CIUSSS de l'Estrie - CHUS,9,5,130.0
2018-2019,CIUSSS de l'Estrie - CHUS,9,6,180.0
2018-2019,CIUSSS de l'Estrie - CHUS,9,7,55.0
2018-2019,CIUSSS de l'Estrie - CHUS,9,8,8.0
2018-2019,CIUSSS de l'Estrie - CHUS,9,9,414.0
2018-2019,CIUSSS de l'Estrie - CHUS,10,1,0.0
2018-2019,CIUSSS de l'Estrie - CHUS,10,2,0.0
2018-2019,CIUSSS de l'Estrie - CHUS,10,3,0.0
2018-2019,CIUSSS de l'Estrie - CHUS,10,4,0.0
2018-2019,CIUSSS de l'Estrie - CHUS,10,5,0.0
2018-2019,CIUSSS de l'Estrie - CHUS,10,6,0.0
2018-2019,CIUSSS de l'Estrie - CHUS,10,7,0.0
2018-2019,CIUSSS de l'Estrie - CHUS,10,8,0.0
2018-2019,CIUSSS de l'Estrie - CHUS,10,9,0.0
2018-2019,CIUSSS de l'Estrie - CHUS,11,1,0.0
2018-2019,CIUSSS de l'Estrie - CHUS,11,2,0.0
2018-2019,CIUSSS de l'Estrie - CHUS,11,3,0.0
2018-2019,CIUSSS de l'Estrie - CHUS,11,4,0.0
2018-2019,CIUSSS de l'Estrie - CHUS,11,5,0.0
2018-2019,CIUSSS de l'Estrie - CHUS,11,6,0.0
2018-2019,CIUSSS de l'Estrie - CHUS,11,7,0.0
2018-2019,CIUSSS de l'Estrie - CHUS,11,8,0.0
2018-2019,CIUSSS de l'Estrie - CHUS,11,9,0.0
2018-2019,CIUSSS de l'Estrie - CHUS,12,1,0.0
2018-2019,CIUSSS de l'Estrie - CHUS,12,2,0.0
2018-2019,CIUSSS de l'Estrie - CHUS,12,3,1.0
2018-2019,CIUSSS de l'Estrie - CHUS,12,4,1.0
2018-2019,CIUSSS de l'Estrie - CHUS,12,5,16.0
2018-2019,CIUSSS de l'Estrie - CHUS,12,6,20.0
2018-2019,CIUSSS de l'Estrie - CHUS,12,7,18.0
2018-2019,CIUSSS de l'Estrie - CHUS,12,8,2.0
2018-2019,CIUSSS de l'Estrie - CHUS,12,9,58.0
2018-2019,CIUSSS de l'Estrie - CHUS,13,1,76.0
2018-2019,CIUSSS de l'Estrie - CHUS,13,2,102.0
2018-2019,CIUSSS de l'Estrie - CHUS,13,3,76.0
2018-2019,CIUSSS de l'Estrie - CHUS,13,4,80.0
2018-2019,CIUSSS de l'Estrie - CHUS,13,5,417.0
2018-2019,CIUSSS de l'Estrie - CHUS,13,6,325.0
2018-2019,CIUSSS de l'Estrie - CHUS,13,7,92.0
2018-2019,CIUSSS de l'Estrie - CHUS,13,8,12.0
2018-2019,CIUSSS de l'Estrie - CHUS,13,9,1180.0
2018-2019,CIUSSS de l'Estrie - CHUS,14,1,0.0
2018-2019,CIUSSS de l'Estrie - CHUS,15,1,0.0
2018-2019,CIUSSS de l'Estrie - CHUS,16,1,23.0
2018-2019,CIUSSS de l'Estrie - CHUS,17,1,90.0
2018-2019,CIUSSS de l'Ouest-de-l'Île-de-Montréal,1,1,185.0
2018-2019,CIUSSS de l'Ouest-de-l'Île-de-Montréal,1,2,396.0
2018-2019,CIUSSS de l'Ouest-de-l'Île-de-Montréal,1,3,219.0
2018-2019,CIUSSS de l'Ouest-de-l'Île-de-Montréal,1,4,116.0
2018-2019,CIUSSS de l'Ouest-de-l'Île-de-Montréal,1,5,366.0
2018-2019,CIUSSS de l'Ouest-de-l'Île-de-Montréal,1,6,61.0
2018-2019,CIUSSS de l'Ouest-de-l'Île-de-Montréal,1,7,1.0
2018-2019,CIUSSS de l'Ouest-de-l'Île-de-Montréal,1,8,0.0
2018-2019,CIUSSS de l'Ouest-de-l'Île-de-Montréal,1,9,1344.0
2018-2019,CIUSSS de l'Ouest-de-l'Île-de-Montréal,2,1,0.0
2018-2019,CIUSSS de l'Ouest-de-l'Île-de-Montréal,2,2,0.0
2018-2019,CIUSSS de l'Ouest-de-l'Île-de-Montréal,2,3,0.0
2018-2019,CIUSSS de l'Ouest-de-l'Île-de-Montréal,2,4,2.0
2018-2019,CIUSSS de l'Ouest-de-l'Île-de-Montréal,2,5,47.0
2018-2019,CIUSSS de l'Ouest-de-l'Île-de-Montréal,2,6,58.0
2018-2019,CIUSSS de l'Ouest-de-l'Île-de-Montréal,2,7,5.0
2018-2019,CIUSSS de l'Ouest-de-l'Île-de-Montréal,2,8,0.0
2018-2019,CIUSSS de l'Ouest-de-l'Île-de-Montréal,2,9,112.0
2018-2019,CIUSSS de l'Ouest-de-l'Île-de-Montréal,3,1,0.0
2018-2019,CIUSSS de l'Ouest-de-l'Île-de-Montréal,3,2,0.0
2018-2019,CIUSSS de l'Ouest-de-l'Île-de-Montréal,3,3,0.0
2018-2019,CIUSSS de l'Ouest-de-l'Île-de-Montréal,3,4,0.0
2018-2019,CIUSSS de l'Ouest-de-l'Île-de-Montréal,3,5,0.0
2018-2019,CIUSSS de l'Ouest-de-l'Île-de-Montréal,3,6,4.0
2018-2019,CIUSSS de l'Ouest-de-l'Île-de-Montréal,3,7,0.0
2018-2019,CIUSSS de l'Ouest-de-l'Île-de-Montréal,3,8,0.0
2018-2019,CIUSSS de l'Ouest-de-l'Île-de-Montréal,3,9,4.0
2018-2019,CIUSSS de l'Ouest-de-l'Île-de-Montréal,5,1,0.0
2018-2019,CIUSSS de l'Ouest-de-l'Île-de-Montréal,5,2,0.0
2018-2019,CIUSSS de l'Ouest-de-l'Île-de-Montréal,5,3,0.0
2018-2019,CIUSSS de l'Ouest-de-l'Île-de-Montréal,5,4,2.0
2018-2019,CIUSSS de l'Ouest-de-l'Île-de-Montréal,5,5,5.0
2018-2019,CIUSSS de l'Ouest-de-l'Île-de-Montréal,5,6,6.0
2018-2019,CIUSSS de l'Ouest-de-l'Île-de-Montréal,5,7,0.0
2018-2019,CIUSSS de l'Ouest-de-l'Île-de-Montréal,5,8,0.0
2018-2019,CIUSSS de l'Ouest-de-l'Île-de-Montréal,5,9,13.0
2018-2019,CIUSSS de l'Ouest-de-l'Île-de-Montréal,7,1,0.0
2018-2019,CIUSSS de l'Ouest-de-l'Île-de-Montréal,7,2,0.0
2018-2019,CIUSSS de l'Ouest-de-l'Île-de-Montréal,7,3,0.0
2018-2019,CIUSSS de l'Ouest-de-l'Île-de-Montréal,7,4,0.0
2018-2019,CIUSSS de l'Ouest-de-l'Île-de-Montréal,7,5,0.0
2018-2019,CIUSSS de l'Ouest-de-l'Île-de-Montréal,7,6,1.0
2018-2019,CIUSSS de l'Ouest-de-l'Île-de-Montréal,7,7,1.0
2018-2019,CIUSSS de l'Ouest-de-l'Île-de-Montréal,7,8,1.0
2018-2019,CIUSSS de l'Ouest-de-l'Île-de-Montréal,7,9,3.0
2018-2019,CIUSSS de l'Ouest-de-l'Île-de-Montréal,8,1,0.0
2018-2019,CIUSSS de l'Ouest-de-l'Île-de-Montréal,8,2,5.0
2018-2019,CIUSSS de l'Ouest-de-l'Île-de-Montréal,8,3,28.0
2018-2019,CIUSSS de l'Ouest-de-l'Île-de-Montréal,8,4,38.0
2018-2019,CIUSSS de l'Ouest-de-l'Île-de-Montréal,8,5,157.0
2018-2019,CIUSSS de l'Ouest-de-l'Île-de-Montréal,8,6,191.0
2018-2019,CIUSSS de l'Ouest-de-l'Île-de-Montréal,8,7,27.0
2018-2019,CIUSSS de l'Ouest-de-l'Île-de-Montréal,8,8,6.0
2018-2019,CIUSSS de l'Ouest-de-l'Île-de-Montréal,8,9,452.0
2018-2019,CIUSSS de l'Ouest-de-l'Île-de-Montréal,9,1,2.0
2018-2019,CIUSSS de l'Ouest-de-l'Île-de-Montréal,9,2,3.0
2018-2019,CIUSSS de l'Ouest-de-l'Île-de-Montréal,9,3,13.0
2018-2019,CIUSSS de l'Ouest-de-l'Île-de-Montréal,9,4,6.0
2018-2019,CIUSSS de l'Ouest-de-l'Île-de-Montréal,9,5,35.0
2018-2019,CIUSSS de l'Ouest-de-l'Île-de-Montréal,9,6,47.0
2018-2019,CIUSSS de l'Ouest-de-l'Île-de-Montréal,9,7,13.0
2018-2019,CIUSSS de l'Ouest-de-l'Île-de-Montréal,9,8,1.0
2018-2019,CIUSSS de l'Ouest-de-l'Île-de-Montréal,9,9,120.0
2018-2019,CIUSSS de l'Ouest-de-l'Île-de-Montréal,11,1,0.0
2018-2019,CIUSSS de l'Ouest-de-l'Île-de-Montréal,11,2,0.0
2018-2019,CIUSSS de l'Ouest-de-l'Île-de-Montréal,11,3,1.0
2018-2019,CIUSSS de l'Ouest-de-l'Île-de-Montréal,11,4,0.0
2018-2019,CIUSSS de l'Ouest-de-l'Île-de-Montréal,11,5,0.0
2018-2019,CIUSSS de l'Ouest-de-l'Île-de-Montréal,11,6,0.0
2018-2019,CIUSSS de l'Ouest-de-l'Île-de-Montréal,11,7,0.0
2018-2019,CIUSSS de l'Ouest-de-l'Île-de-Montréal,11,8,0.0
2018-2019,CIUSSS de l'Ouest-de-l'Île-de-Montréal,11,9,1.0
2018-2019,CIUSSS de l'Ouest-de-l'Île-de-Montréal,12,1,1.0
2018-2019,CIUSSS de l'Ouest-de-l'Île-de-Montréal,12,2,1.0
2018-2019,CIUSSS de l'Ouest-de-l'Île-de-Montréal,12,3,1.0
2018-2019,CIUSSS de l'Ouest-de-l'Île-de-Montréal,12,4,0.0
2018-2019,CIUSSS de l'Ouest-de-l'Île-de-Montréal,12,5,5.0
2018-2019,CIUSSS de l'Ouest-de-l'Île-de-Montréal,12,6,5.0
2018-2019,CIUSSS de l'Ouest-de-l'Île-de-Montréal,12,7,5.0
2018-2019,CIUSSS de l'Ouest-de-l'Île-de-Montréal,12,8,0.0
2018-2019,CIUSSS de l'Ouest-de-l'Île-de-Montréal,12,9,18.0
2018-2019,CIUSSS de l'Ouest-de-l'Île-de-Montréal,13,1,188.0
2018-2019,CIUSSS de l'Ouest-de-l'Île-de-Montréal,13,2,405.0
2018-2019,CIUSSS de l'Ouest-de-l'Île-de-Montréal,13,3,262.0
2018-2019,CIUSSS de l'Ouest-de-l'Île-de-Montréal,13,4,164.0
2018-2019,CIUSSS de l'Ouest-de-l'Île-de-Montréal,13,5,615.0
2018-2019,CIUSSS de l'Ouest-de-l'Île-de-Montréal,13,6,373.0
2018-2019,CIUSSS de l'Ouest-de-l'Île-de-Montréal,13,7,52.0
2018-2019,CIUSSS de l'Ouest-de-l'Île-de-Montréal,13,8,8.0
2018-2019,CIUSSS de l'Ouest-de-l'Île-de-Montréal,13,9,2067.0
2018-2019,CIUSSS de la Capitale-Nationale,1,1,131.0
2018-2019,CIUSSS de la Capitale-Nationale,1,2,387.0
2018-2019,CIUSSS de la Capitale-Nationale,1,3,252.0
2018-2019,CIUSSS de la Capitale-Nationale,1,4,160.0
2018-2019,CIUSSS de la Capitale-Nationale,1,5,466.0
2018-2019,CIUSSS de la Capitale-Nationale,1,6,80.0
2018-2019,CIUSSS de la Capitale-Nationale,1,7,8.0
2018-2019,CIUSSS de la Capitale-Nationale,1,8,4.0
2018-2019,CIUSSS de la Capitale-Nationale,1,9,1488.0
2018-2019,CIUSSS de la Capitale-Nationale,2,3,1.0
2018-2019,CIUSSS de la Capitale-Nationale,2,4,16.0
2018-2019,CIUSSS de la Capitale-Nationale,2,5,151.0
2018-2019,CIUSSS de la Capitale-Nationale,2,6,122.0
2018-2019,CIUSSS de la Capitale-Nationale,2,7,23.0
2018-2019,CIUSSS de la Capitale-Nationale,2,8,7.0
2018-2019,CIUSSS de la Capitale-Nationale,2,9,320.0
2018-2019,CIUSSS de la Capitale-Nationale,3,2,1.0
2018-2019,CIUSSS de la Capitale-Nationale,3,3,3.0
2018-2019,CIUSSS de la Capitale-Nationale,3,4,2.0
2018-2019,CIUSSS de la Capitale-Nationale,3,5,3.0
2018-2019,CIUSSS de la Capitale-Nationale,3,6,3.0
2018-2019,CIUSSS de la Capitale-Nationale,3,7,1.0
2018-2019,CIUSSS de la Capitale-Nationale,3,9,13.0
2018-2019,CIUSSS de la Capitale-Nationale,5,2,4.0
2018-2019,CIUSSS de la Capitale-Nationale,5,3,14.0
2018-2019,CIUSSS de la Capitale-Nationale,5,4,18.0
2018-2019,CIUSSS de la Capitale-Nationale,5,5,45.0
2018-2019,CIUSSS de la Capitale-Nationale,5,6,45.0
2018-2019,CIUSSS de la Capitale-Nationale,5,7,18.0
2018-2019,CIUSSS de la Capitale-Nationale,5,8,1.0
2018-2019,CIUSSS de la Capitale-Nationale,5,9,145.0
2018-2019,CIUSSS de la Capitale-Nationale,7,2,1.0
2018-2019,CIUSSS de la Capitale-Nationale,7,4,1.0
2018-2019,CIUSSS de la Capitale-Nationale,7,5,3.0
2018-2019,CIUSSS de la Capitale-Nationale,7,6,6.0
2018-2019,CIUSSS de la Capitale-Nationale,7,7,2.0
2018-2019,CIUSSS de la Capitale-Nationale,7,8,3.0
2018-2019,CIUSSS de la Capitale-Nationale,7,9,16.0
2018-2019,CIUSSS de la Capitale-Nationale,8,2,9.0
2018-2019,CIUSSS de la Capitale-Nationale,8,3,20.0
2018-2019,CIUSSS de la Capitale-Nationale,8,4,29.0
2018-2019,CIUSSS de la Capitale-Nationale,8,5,198.0
2018-2019,CIUSSS de la Capitale-Nationale,8,6,287.0
2018-2019,CIUSSS de la Capitale-Nationale,8,7,87.0
2018-2019,CIUSSS de la Capitale-Nationale,8,8,36.0
2018-2019,CIUSSS de la Capitale-Nationale,8,9,666.0
2018-2019,CIUSSS de la Capitale-Nationale,9,1,2.0
2018-2019,CIUSSS de la Capitale-Nationale,9,2,8.0
2018-2019,CIUSSS de la Capitale-Nationale,9,3,6.0
2018-2019,CIUSSS de la Capitale-Nationale,9,4,10.0
2018-2019,CIUSSS de la Capitale-Nationale,9,5,98.0
2018-2019,CIUSSS de la Capitale-Nationale,9,6,163.0
2018-2019,CIUSSS de la Capitale-Nationale,9,7,79.0
2018-2019,CIUSSS de la Capitale-Nationale,9,8,28.0
2018-2019,CIUSSS de la Capitale-Nationale,9,9,394.0
2018-2019,CIUSSS de la Capitale-Nationale,10,6,1.0
2018-2019,CIUSSS de la Capitale-Nationale,10,9,1.0
2018-2019,CIUSSS de la Capitale-Nationale,11,3,1.0
2018-2019,CIUSSS de la Capitale-Nationale,11,5,2.0
2018-2019,CIUSSS de la Capitale-Nationale,11,7,1.0
2018-2019,CIUSSS de la Capitale-Nationale,11,9,4.0
2018-2019,CIUSSS de la Capitale-Nationale,12,2,1.0
2018-2019,CIUSSS de la Capitale-Nationale,12,3,3.0
2018-2019,CIUSSS de la Capitale-Nationale,12,4,3.0
2018-2019,CIUSSS de la Capitale-Nationale,12,5,8.0
2018-2019,CIUSSS de la Capitale-Nationale,12,6,27.0
2018-2019,CIUSSS de la Capitale-Nationale,12,7,7.0
2018-2019,CIUSSS de la Capitale-Nationale,12,8,3.0
2018-2019,CIUSSS de la Capitale-Nationale,12,9,52.0
2018-2019,CIUSSS de la Capitale-Nationale,13,1,133.0
2018-2019,CIUSSS de la Capitale-Nationale,13,2,411.0
2018-2019,CIUSSS de la Capitale-Nationale,13,3,300.0
2018-2019,CIUSSS de la Capitale-Nationale,13,4,239.0
2018-2019,CIUSSS de la Capitale-Nationale,13,5,974.0
2018-2019,CIUSSS de la Capitale-Nationale,13,6,734.0
2018-2019,CIUSSS de la Capitale-Nationale,13,7,226.0
2018-2019,CIUSSS de la Capitale-Nationale,13,8,82.0
2018-2019,CIUSSS de la Capitale-Nationale,13,9,3099.0
2018-2019,CIUSSS de la Mauricie et du Centre-du-Québec,1,1,198.0
2018-2019,CIUSSS de la Mauricie et du Centre-du-Québec,1,2,360.0
2018-2019,CIUSSS de la Mauricie et du Centre-du-Québec,1,3,162.0
2018-2019,CIUSSS de la Mauricie et du Centre-du-Québec,1,4,106.0
2018-2019,CIUSSS de la Mauricie et du Centre-du-Québec,1,5,342.0
2018-2019,CIUSSS de la Mauricie et du Centre-du-Québec,1,6,43.0
2018-2019,CIUSSS de la Mauricie et du Centre-du-Québec,1,7,2.0
2018-2019,CIUSSS de la Mauricie et du Centre-du-Québec,1,8,0.0
2018-2019,CIUSSS de la Mauricie et du Centre-du-Québec,1,9,1213.0
2018-2019,CIUSSS de la Mauricie et du Centre-du-Québec,2,1,0.0
2018-2019,CIUSSS de la Mauricie et du Centre-du-Québec,2,2,0.0
2018-2019,CIUSSS de la Mauricie et du Centre-du-Québec,2,3,2.0
2018-2019,CIUSSS de la Mauricie et du Centre-du-Québec,2,4,5.0
2018-2019,CIUSSS de la Mauricie et du Centre-du-Québec,2,5,114.0
2018-2019,CIUSSS de la Mauricie et du Centre-du-Québec,2,6,49.0
2018-2019,CIUSSS de la Mauricie et du Centre-du-Québec,2,7,4.0
2018-2019,CIUSSS de la Mauricie et du Centre-du-Québec,2,8,2.0
2018-2019,CIUSSS de la Mauricie et du Centre-du-Québec,2,9,176.0
2018-2019,CIUSSS de la Mauricie et du Centre-du-Québec,3,1,0.0
2018-2019,CIUSSS de la Mauricie et du Centre-du-Québec,3,2,4.0
2018-2019,CIUSSS de la Mauricie et du Centre-du-Québec,3,3,8.0
2018-2019,CIUSSS de la Mauricie et du Centre-du-Québec,3,4,2.0
2018-2019,CIUSSS de la Mauricie et du Centre-du-Québec,3,5,6.0
2018-2019,CIUSSS de la Mauricie et du Centre-du-Québec,3,6,12.0
2018-2019,CIUSSS de la Mauricie et du Centre-du-Québec,3,7,0.0
2018-2019,CIUSSS de la Mauricie et du Centre-du-Québec,3,8,1.0
2018-2019,CIUSSS de la Mauricie et du Centre-du-Québec,3,9,33.0
2018-2019,CIUSSS de la Mauricie et du Centre-du-Québec,5,1,0.0
2018-2019,CIUSSS de la Mauricie et du Centre-du-Québec,5,2,0.0
2018-2019,CIUSSS de la Mauricie et du Centre-du-Québec,5,3,3.0
2018-2019,CIUSSS de la Mauricie et du Centre-du-Québec,5,4,1.0
2018-2019,CIUSSS de la Mauricie et du Centre-du-Québec,5,5,13.0
2018-2019,CIUSSS de la Mauricie et du Centre-du-Québec,5,6,4.0
2018-2019,CIUSSS de la Mauricie et du Centre-du-Québec,5,7,2.0
2018-2019,CIUSSS de la Mauricie et du Centre-du-Québec,5,8,0.0
2018-2019,CIUSSS de la Mauricie et du Centre-du-Québec,5,9,23.0
2018-2019,CIUSSS de la Mauricie et du Centre-du-Québec,7,1,0.0
2018-2019,CIUSSS de la Mauricie et du Centre-du-Québec,7,2,0.0
2018-2019,CIUSSS de la Mauricie et du Centre-du-Québec,7,3,0.0
2018-2019,CIUSSS de la Mauricie et du Centre-du-Québec,7,4,0.0
2018-2019,CIUSSS de la Mauricie et du Centre-du-Québec,7,5,1.0
2018-2019,CIUSSS de la Mauricie et du Centre-du-Québec,7,6,5.0
2018-2019,CIUSSS de la Mauricie et du Centre-du-Québec,7,7,0.0
2018-2019,CIUSSS de la Mauricie et du Centre-du-Québec,7,8,0.0
2018-2019,CIUSSS de la Mauricie et du Centre-du-Québec,7,9,6.0
2018-2019,CIUSSS de la Mauricie et du Centre-du-Québec,8,1,0.0
2018-2019,CIUSSS de la Mauricie et du Centre-du-Québec,8,2,4.0
2018-2019,CIUSSS de la Mauricie et du Centre-du-Québec,8,3,10.0
2018-2019,CIUSSS de la Mauricie et du Centre-du-Québec,8,4,11.0
2018-2019,CIUSSS de la Mauricie et du Centre-du-Québec,8,5,77.0
2018-2019,CIUSSS de la Mauricie et du Centre-du-Québec,8,6,82.0
2018-2019,CIUSSS de la Mauricie et du Centre-du-Québec,8,7,25.0
2018-2019,CIUSSS de la Mauricie et du Centre-du-Québec,8,8,6.0
2018-2019,CIUSSS de la Mauricie et du Centre-du-Québec,8,9,215.0
2018-2019,CIUSSS de la Mauricie et du Centre-du-Québec,9,1,2.0
2018-2019,CIUSSS de la Mauricie et du Centre-du-Québec,9,2,10.0
2018-2019,CIUSSS de la Mauricie et du Centre-du-Québec,9,3,11.0
2018-2019,CIUSSS de la Mauricie et du Centre-du-Québec,9,4,20.0
2018-2019,CIUSSS de la Mauricie et du Centre-du-Québec,9,5,112.0
2018-2019,CIUSSS de la Mauricie et du Centre-du-Québec,9,6,135.0
2018-2019,CIUSSS de la Mauricie et du Centre-du-Québec,9,7,16.0
2018-2019,CIUSSS de la Mauricie et du Centre-du-Québec,9,8,4.0
2018-2019,CIUSSS de la Mauricie et du Centre-du-Québec,9,9,310.0
2018-2019,CIUSSS de la Mauricie et du Centre-du-Québec,12,1,3.0
2018-2019,CIUSSS de la Mauricie et du Centre-du-Québec,12,2,4.0
2018-2019,CIUSSS de la Mauricie et du Centre-du-Québec,12,3,10.0
2018-2019,CIUSSS de la Mauricie et du Centre-du-Québec,12,4,4.0
2018-2019,CIUSSS de la Mauricie et du Centre-du-Québec,12,5,8.0
2018-2019,CIUSSS de la Mauricie et du Centre-du-Québec,12,6,10.0
2018-2019,CIUSSS de la Mauricie et du Centre-du-Québec,12,7,1.0
2018-2019,CIUSSS de la Mauricie et du Centre-du-Québec,12,8,1.0
2018-2019,CIUSSS de la Mauricie et du Centre-du-Québec,12,9,41.0
2018-2019,CIUSSS de la Mauricie et du Centre-du-Québec,13,1,203.0
2018-2019,CIUSSS de la Mauricie et du Centre-du-Québec,13,2,382.0
2018-2019,CIUSSS de la Mauricie et du Centre-du-Québec,13,3,206.0
2018-2019,CIUSSS de la Mauricie et du Centre-du-Québec,13,4,149.0
2018-2019,CIUSSS de la Mauricie et du Centre-du-Québec,13,5,673.0
2018-2019,CIUSSS de la Mauricie et du Centre-du-Québec,13,6,340.0
2018-2019,CIUSSS de la Mauricie et du Centre-du-Québec,13,7,50.0
2018-2019,CIUSSS de la Mauricie et du Centre-du-Québec,13,8,14.0
2018-2019,CIUSSS de la Mauricie et du Centre-du-Québec,13,9,2017.0
2018-2019,CIUSSS de la Mauricie et du Centre-du-Québec,14,1,0.0
2018-2019,CIUSSS de la Mauricie et du Centre-du-Québec,15,1,0.0
2018-2019,CIUSSS de la Mauricie et du Centre-du-Québec,16,1,4.0
2018-2019,CIUSSS de la Mauricie et du Centre-du-Québec,17,1,97.0
2018-2019,CIUSSS du Centre-Ouest-de-l'Île-de-Montréal,1,1,203.0
2018-2019,CIUSSS du Centre-Ouest-de-l'Île-de-Montréal,1,2,87.0
2018-2019,CIUSSS du Centre-Ouest-de-l'Île-de-Montréal,1,3,43.0
2018-2019,CIUSSS du Centre-Ouest-de-l'Île-de-Montréal,1,4,49.0
2018-2019,CIUSSS du Centre-Ouest-de-l'Île-de-Montréal,1,5,113.0
2018-2019,CIUSSS du Centre-Ouest-de-l'Île-de-Montréal,1,6,12.0
2018-2019,CIUSSS du Centre-Ouest-de-l'Île-de-Montréal,1,7,1.0
2018-2019,CIUSSS du Centre-Ouest-de-l'Île-de-Montréal,1,8,0.0
2018-2019,CIUSSS du Centre-Ouest-de-l'Île-de-Montréal,1,9,508.0
2018-2019,CIUSSS du Centre-Ouest-de-l'Île-de-Montréal,2,1,1.0
2018-2019,CIUSSS du Centre-Ouest-de-l'Île-de-Montréal,2,2,0.0
2018-2019,CIUSSS du Centre-Ouest-de-l'Île-de-Montréal,2,3,1.0
2018-2019,CIUSSS du Centre-Ouest-de-l'Île-de-Montréal,2,4,2.0
2018-2019,CIUSSS du Centre-Ouest-de-l'Île-de-Montréal,2,5,9.0
2018-2019,CIUSSS du Centre-Ouest-de-l'Île-de-Montréal,2,6,19.0
2018-2019,CIUSSS du Centre-Ouest-de-l'Île-de-Montréal,2,7,2.0
2018-2019,CIUSSS du Centre-Ouest-de-l'Île-de-Montréal,2,8,0.0
2018-2019,CIUSSS du Centre-Ouest-de-l'Île-de-Montréal,2,9,34.0
2018-2019,CIUSSS du Centre-Ouest-de-l'Île-de-Montréal,4,1,0.0
2018-2019,CIUSSS du Centre-Ouest-de-l'Île-de-Montréal,4,2,0.0
2018-2019,CIUSSS du Centre-Ouest-de-l'Île-de-Montréal,4,3,0.0
2018-2019,CIUSSS du Centre-Ouest-de-l'Île-de-Montréal,4,4,0.0
2018-2019,CIUSSS du Centre-Ouest-de-l'Île-de-Montréal,4,5,1.0
2018-2019,CIUSSS du Centre-Ouest-de-l'Île-de-Montréal,4,6,5.0
2018-2019,CIUSSS du Centre-Ouest-de-l'Île-de-Montréal,4,7,3.0
2018-2019,CIUSSS du Centre-Ouest-de-l'Île-de-Montréal,4,8,0.0
2018-2019,CIUSSS du Centre-Ouest-de-l'Île-de-Montréal,4,9,9.0
2018-2019,CIUSSS du Centre-Ouest-de-l'Île-de-Montréal,5,1,0.0
2018-2019,CIUSSS du Centre-Ouest-de-l'Île-de-Montréal,5,2,0.0
2018-2019,CIUSSS du Centre-Ouest-de-l'Île-de-Montréal,5,3,1.0
2018-2019,CIUSSS du Centre-Ouest-de-l'Île-de-Montréal,5,4,1.0
2018-2019,CIUSSS du Centre-Ouest-de-l'Île-de-Montréal,5,5,19.0
2018-2019,CIUSSS du Centre-Ouest-de-l'Île-de-Montréal,5,6,15.0
2018-2019,CIUSSS du Centre-Ouest-de-l'Île-de-Montréal,5,7,2.0
2018-2019,CIUSSS du Centre-Ouest-de-l'Île-de-Montréal,5,8,0.0
2018-2019,CIUSSS du Centre-Ouest-de-l'Île-de-Montréal,5,9,38.0
2018-2019,CIUSSS du Centre-Ouest-de-l'Île-de-Montréal,7,1,0.0
2018-2019,CIUSSS du Centre-Ouest-de-l'Île-de-Montréal,7,2,0.0
2018-2019,CIUSSS du Centre-Ouest-de-l'Île-de-Montréal,7,3,0.0
2018-2019,CIUSSS du Centre-Ouest-de-l'Île-de-Montréal,7,4,1.0
2018-2019,CIUSSS du Centre-Ouest-de-l'Île-de-Montréal,7,5,0.0
2018-2019,CIUSSS du Centre-Ouest-de-l'Île-de-Montréal,7,6,0.0
2018-2019,CIUSSS du Centre-Ouest-de-l'Île-de-Montréal,7,7,0.0
2018-2019,CIUSSS du Centre-Ouest-de-l'Île-de-Montréal,7,8,0.0
2018-2019,CIUSSS du Centre-Ouest-de-l'Île-de-Montréal,7,9,1.0
2018-2019,CIUSSS du Centre-Ouest-de-l'Île-de-Montréal,8,1,0.0
2018-2019,CIUSSS du Centre-Ouest-de-l'Île-de-Montréal,8,2,0.0
2018-2019,CIUSSS du Centre-Ouest-de-l'Île-de-Montréal,8,3,6.0
2018-2019,CIUSSS du Centre-Ouest-de-l'Île-de-Montréal,8,4,10.0
2018-2019,CIUSSS du Centre-Ouest-de-l'Île-de-Montréal,8,5,68.0
2018-2019,CIUSSS du Centre-Ouest-de-l'Île-de-Montréal,8,6,97.0
2018-2019,CIUSSS du Centre-Ouest-de-l'Île-de-Montréal,8,7,32.0
2018-2019,CIUSSS du Centre-Ouest-de-l'Île-de-Montréal,8,8,1.0
2018-2019,CIUSSS du Centre-Ouest-de-l'Île-de-Montréal,8,9,214.0
2018-2019,CIUSSS du Centre-Ouest-de-l'Île-de-Montréal,9,1,0.0
2018-2019,CIUSSS du Centre-Ouest-de-l'Île-de-Montréal,9,2,1.0
2018-2019,CIUSSS du Centre-Ouest-de-l'Île-de-Montréal,9,3,4.0
2018-2019,CIUSSS du Centre-Ouest-de-l'Île-de-Montréal,9,4,2.0
2018-2019,CIUSSS du Centre-Ouest-de-l'Île-de-Montréal,9,5,12.0
2018-2019,CIUSSS du Centre-Ouest-de-l'Île-de-Montréal,9,6,13.0
2018-2019,CIUSSS du Centre-Ouest-de-l'Île-de-Montréal,9,7,2.0
2018-2019,CIUSSS du Centre-Ouest-de-l'Île-de-Montréal,9,8,0.0
2018-2019,CIUSSS du Centre-Ouest-de-l'Île-de-Montréal,9,9,34.0
2018-2019,CIUSSS du Centre-Ouest-de-l'Île-de-Montréal,11,1,0.0
2018-2019,CIUSSS du Centre-Ouest-de-l'Île-de-Montréal,11,2,1.0
2018-2019,CIUSSS du Centre-Ouest-de-l'Île-de-Montréal,11,3,0.0
2018-2019,CIUSSS du Centre-Ouest-de-l'Île-de-Montréal,11,4,0.0
2018-2019,CIUSSS du Centre-Ouest-de-l'Île-de-Montréal,11,5,0.0
2018-2019,CIUSSS du Centre-Ouest-de-l'Île-de-Montréal,11,6,1.0
2018-2019,CIUSSS du Centre-Ouest-de-l'Île-de-Montréal,11,7,0.0
2018-2019,CIUSSS du Centre-Ouest-de-l'Île-de-Montréal,11,8,0.0
2018-2019,CIUSSS du Centre-Ouest-de-l'Île-de-Montréal,11,9,2.0
2018-2019,CIUSSS du Centre-Ouest-de-l'Île-de-Montréal,12,1,0.0
2018-2019,CIUSSS du Centre-Ouest-de-l'Île-de-Montréal,12,2,0.0
2018-2019,CIUSSS du Centre-Ouest-de-l'Île-de-Montréal,12,3,1.0
2018-2019,CIUSSS du Centre-Ouest-de-l'Île-de-Montréal,12,4,0.0
2018-2019,CIUSSS du Centre-Ouest-de-l'Île-de-Montréal,12,5,12.0
2018-2019,CIUSSS du Centre-Ouest-de-l'Île-de-Montréal,12,6,2.0
2018-2019,CIUSSS du Centre-Ouest-de-l'Île-de-Montréal,12,7,0.0
2018-2019,CIUSSS du Centre-Ouest-de-l'Île-de-Montréal,12,8,0.0
2018-2019,CIUSSS du Centre-Ouest-de-l'Île-de-Montréal,12,9,15.0
2018-2019,CIUSSS du Centre-Ouest-de-l'Île-de-Montréal,13,1,204.0
2018-2019,CIUSSS du Centre-Ouest-de-l'Île-de-Montréal,13,2,89.0
2018-2019,CIUSSS du Centre-Ouest-de-l'Île-de-Montréal,13,3,56.0
2018-2019,CIUSSS du Centre-Ouest-de-l'Île-de-Montréal,13,4,65.0
2018-2019,CIUSSS du Centre-Ouest-de-l'Île-de-Montréal,13,5,234.0
2018-2019,CIUSSS du Centre-Ouest-de-l'Île-de-Montréal,13,6,164.0
2018-2019,CIUSSS du Centre-Ouest-de-l'Île-de-Montréal,13,7,42.0
2018-2019,CIUSSS du Centre-Ouest-de-l'Île-de-Montréal,13,8,1.0
2018-2019,CIUSSS du Centre-Ouest-de-l'Île-de-Montréal,13,9,855.0
2018-2019,CIUSSS du Centre-Ouest-de-l'Île-de-Montréal,16,1,1.0
2018-2019,CIUSSS du Centre-Ouest-de-l'Île-de-Montréal,17,1,12.0
2018-2019,CIUSSS du Centre-Sud-de-l'Île-de-Montréal,1,1,372.0
2018-2019,CIUSSS du Centre-Sud-de-l'Île-de-Montréal,1,2,620.0
2018-2019,CIUSSS du Centre-Sud-de-l'Île-de-Montréal,1,3,266.0
2018-2019,CIUSSS du Centre-Sud-de-l'Île-de-Montréal,1,4,201.0
2018-2019,CIUSSS du Centre-Sud-de-l'Île-de-Montréal,1,5,668.0
2018-2019,CIUSSS du Centre-Sud-de-l'Île-de-Montréal,1,6,134.0
2018-2019,CIUSSS du Centre-Sud-de-l'Île-de-Montréal,1,7,2.0
2018-2019,CIUSSS du Centre-Sud-de-l'Île-de-Montréal,1,8,1.0
2018-2019,CIUSSS du Centre-Sud-de-l'Île-de-Montréal,1,9,2264.0
2018-2019,CIUSSS du Centre-Sud-de-l'Île-de-Montréal,2,1,1.0
2018-2019,CIUSSS du Centre-Sud-de-l'Île-de-Montréal,2,2,4.0
2018-2019,CIUSSS du Centre-Sud-de-l'Île-de-Montréal,2,3,3.0
2018-2019,CIUSSS du Centre-Sud-de-l'Île-de-Montréal,2,4,9.0
2018-2019,CIUSSS du Centre-Sud-de-l'Île-de-Montréal,2,5,119.0
2018-2019,CIUSSS du Centre-Sud-de-l'Île-de-Montréal,2,6,101.0
2018-2019,CIUSSS du Centre-Sud-de-l'Île-de-Montréal,2,7,12.0
2018-2019,CIUSSS du Centre-Sud-de-l'Île-de-Montréal,2,8,2.0
2018-2019,CIUSSS du Centre-Sud-de-l'Île-de-Montréal,2,9,251.0
2018-2019,CIUSSS du Centre-Sud-de-l'Île-de-Montréal,3,3,3.0
2018-2019,CIUSSS du Centre-Sud-de-l'Île-de-Montréal,3,4,1.0
2018-2019,CIUSSS du Centre-Sud-de-l'Île-de-Montréal,3,5,7.0
2018-2019,CIUSSS du Centre-Sud-de-l'Île-de-Montréal,3,6,2.0
2018-2019,CIUSSS du Centre-Sud-de-l'Île-de-Montréal,3,7,2.0
2018-2019,CIUSSS du Centre-Sud-de-l'Île-de-Montréal,3,9,15.0
2018-2019,CIUSSS du Centre-Sud-de-l'Île-de-Montréal,4,2,2.0
2018-2019,CIUSSS du Centre-Sud-de-l'Île-de-Montréal,4,3,9.0
2018-2019,CIUSSS du Centre-Sud-de-l'Île-de-Montréal,4,4,4.0
2018-2019,CIUSSS du Centre-Sud-de-l'Île-de-Montréal,4,5,19.0
2018-2019,CIUSSS du Centre-Sud-de-l'Île-de-Montréal,4,6,22.0
2018-2019,CIUSSS du Centre-Sud-de-l'Île-de-Montréal,4,7,4.0
2018-2019,CIUSSS du Centre-Sud-de-l'Île-de-Montréal,4,9,60.0
2018-2019,CIUSSS du Centre-Sud-de-l'Île-de-Montréal,5,3,3.0
2018-2019,CIUSSS du Centre-Sud-de-l'Île-de-Montréal,5,4,11.0
2018-2019,CIUSSS du Centre-Sud-de-l'Île-de-Montréal,5,5,62.0
2018-2019,CIUSSS du Centre-Sud-de-l'Île-de-Montréal,5,6,30.0
2018-2019,CIUSSS du Centre-Sud-de-l'Île-de-Montréal,5,7,5.0
2018-2019,CIUSSS du Centre-Sud-de-l'Île-de-Montréal,5,9,111.0
2018-2019,CIUSSS du Centre-Sud-de-l'Île-de-Montréal,7,3,2.0
2018-2019,CIUSSS du Centre-Sud-de-l'Île-de-Montréal,7,4,1.0
2018-2019,CIUSSS du Centre-Sud-de-l'Île-de-Montréal,7,5,4.0
2018-2019,CIUSSS du Centre-Sud-de-l'Île-de-Montréal,7,6,3.0
2018-2019,CIUSSS du Centre-Sud-de-l'Île-de-Montréal,7,9,10.0
2018-2019,CIUSSS du Centre-Sud-de-l'Île-de-Montréal,8,2,20.0
2018-2019,CIUSSS du Centre-Sud-de-l'Île-de-Montréal,8,3,58.0
2018-2019,CIUSSS du Centre-Sud-de-l'Île-de-Montréal,8,4,61.0
2018-2019,CIUSSS du Centre-Sud-de-l'Île-de-Montréal,8,5,391.0
2018-2019,CIUSSS du Centre-Sud-de-l'Île-de-Montréal,8,6,721.0
2018-2019,CIUSSS du Centre-Sud-de-l'Île-de-Montréal,8,7,160.0
2018-2019,CIUSSS du Centre-Sud-de-l'Île-de-Montréal,8,8,23.0
2018-2019,CIUSSS du Centre-Sud-de-l'Île-de-Montréal,8,9,1434.0
2018-2019,CIUSSS du Centre-Sud-de-l'Île-de-Montréal,9,1,6.0
2018-2019,CIUSSS du Centre-Sud-de-l'Île-de-Montréal,9,2,22.0
2018-2019,CIUSSS du Centre-Sud-de-l'Île-de-Montréal,9,3,25.0
2018-2019,CIUSSS du Centre-Sud-de-l'Île-de-Montréal,9,4,23.0
2018-2019,CIUSSS du Centre-Sud-de-l'Île-de-Montréal,9,5,69.0
2018-2019,CIUSSS du Centre-Sud-de-l'Île-de-Montréal,9,6,136.0
2018-2019,CIUSSS du Centre-Sud-de-l'Île-de-Montréal,9,7,32.0
2018-2019,CIUSSS du Centre-Sud-de-l'Île-de-Montréal,9,8,6.0
2018-2019,CIUSSS du Centre-Sud-de-l'Île-de-Montréal,9,9,319.0
2018-2019,CIUSSS du Centre-Sud-de-l'Île-de-Montréal,10,2,2.0
2018-2019,CIUSSS du Centre-Sud-de-l'Île-de-Montréal,10,5,1.0
2018-2019,CIUSSS du Centre-Sud-de-l'Île-de-Montréal,10,6,11.0
2018-2019,CIUSSS du Centre-Sud-de-l'Île-de-Montréal,10,7,1.0
2018-2019,CIUSSS du Centre-Sud-de-l'Île-de-Montréal,10,9,15.0
2018-2019,CIUSSS du Centre-Sud-de-l'Île-de-Montréal,11,2,1.0
2018-2019,CIUSSS du Centre-Sud-de-l'Île-de-Montréal,11,3,11.0
2018-2019,CIUSSS du Centre-Sud-de-l'Île-de-Montréal,11,5,1.0
2018-2019,CIUSSS du Centre-Sud-de-l'Île-de-Montréal,11,9,13.0
2018-2019,CIUSSS du Centre-Sud-de-l'Île-de-Montréal,12,2,1.0
2018-2019,CIUSSS du Centre-Sud-de-l'Île-de-Montréal,12,3,6.0
2018-2019,CIUSSS du Centre-Sud-de-l'Île-de-Montréal,12,4,6.0
2018-2019,CIUSSS du Centre-Sud-de-l'Île-de-Montréal,12,5,20.0
2018-2019,CIUSSS du Centre-Sud-de-l'Île-de-Montréal,12,6,25.0
2018-2019,CIUSSS du Centre-Sud-de-l'Île-de-Montréal,12,7,3.0
2018-2019,CIUSSS du Centre-Sud-de-l'Île-de-Montréal,12,9,61.0
2018-2019,CIUSSS du Centre-Sud-de-l'Île-de-Montréal,13,1,379.0
2018-2019,CIUSSS du Centre-Sud-de-l'Île-de-Montréal,13,2,672.0
2018-2019,CIUSSS du Centre-Sud-de-l'Île-de-Montréal,13,3,386.0
2018-2019,CIUSSS du Centre-Sud-de-l'Île-de-Montréal,13,4,317.0
2018-2019,CIUSSS du Centre-Sud-de-l'Île-de-Montréal,13,5,1361.0
2018-2019,CIUSSS du Centre-Sud-de-l'Île-de-Montréal,13,6,1185.0
2018-2019,CIUSSS du Centre-Sud-de-l'Île-de-Montréal,13,7,221.0
2018-2019,CIUSSS du Centre-Sud-de-l'Île-de-Montréal,13,8,32.0
2018-2019,CIUSSS du Centre-Sud-de-l'Île-de-Montréal,13,9,4553.0
2018-2019,CIUSSS du Centre-Sud-de-l'Île-de-Montréal,14,1,3.0
2018-2019,CIUSSS du Centre-Sud-de-l'Île-de-Montréal,15,1,2235.0
2018-2019,CIUSSS du Centre-Sud-de-l'Île-de-Montréal,16,1,13.0
2018-2019,CIUSSS du Centre-Sud-de-l'Île-de-Montréal,17,1,163.0
2018-2019,CIUSSS du SaguenayLac-Saint-Jean,1,1,101.0
2018-2019,CIUSSS du SaguenayLac-Saint-Jean,1,2,128.0
2018-2019,CIUSSS du SaguenayLac-Saint-Jean,1,3,75.0
2018-2019,CIUSSS du SaguenayLac-Saint-Jean,1,4,54.0
2018-2019,CIUSSS du SaguenayLac-Saint-Jean,1,5,196.0
2018-2019,CIUSSS du SaguenayLac-Saint-Jean,1,6,32.0
2018-2019,CIUSSS du SaguenayLac-Saint-Jean,1,7,3.0
2018-2019,CIUSSS du SaguenayLac-Saint-Jean,1,8,0.0
2018-2019,CIUSSS du SaguenayLac-Saint-Jean,1,9,589.0
2018-2019,CIUSSS du SaguenayLac-Saint-Jean,2,1,0.0
2018-2019,CIUSSS du SaguenayLac-Saint-Jean,2,2,0.0
2018-2019,CIUSSS du SaguenayLac-Saint-Jean,2,3,0.0
2018-2019,CIUSSS du SaguenayLac-Saint-Jean,2,4,4.0
2018-2019,CIUSSS du SaguenayLac-Saint-Jean,2,5,61.0
2018-2019,CIUSSS du SaguenayLac-Saint-Jean,2,6,31.0
2018-2019,CIUSSS du SaguenayLac-Saint-Jean,2,7,5.0
2018-2019,CIUSSS du SaguenayLac-Saint-Jean,2,8,0.0
2018-2019,CIUSSS du SaguenayLac-Saint-Jean,2,9,101.0
2018-2019,CIUSSS du SaguenayLac-Saint-Jean,3,1,7.0
2018-2019,CIUSSS du SaguenayLac-Saint-Jean,3,2,8.0
2018-2019,CIUSSS du SaguenayLac-Saint-Jean,3,3,9.0
2018-2019,CIUSSS du SaguenayLac-Saint-Jean,3,4,3.0
2018-2019,CIUSSS du SaguenayLac-Saint-Jean,3,5,5.0
2018-2019,CIUSSS du SaguenayLac-Saint-Jean,3,6,4.0
2018-2019,CIUSSS du SaguenayLac-Saint-Jean,3,7,1.0
2018-2019,CIUSSS du SaguenayLac-Saint-Jean,3,8,0.0
2018-2019,CIUSSS du SaguenayLac-Saint-Jean,3,9,37.0
2018-2019,CIUSSS du SaguenayLac-Saint-Jean,5,1,0.0
2018-2019,CIUSSS du SaguenayLac-Saint-Jean,5,2,0.0
2018-2019,CIUSSS du SaguenayLac-Saint-Jean,5,3,2.0
2018-2019,CIUSSS du SaguenayLac-Saint-Jean,5,4,5.0
2018-2019,CIUSSS du SaguenayLac-Saint-Jean,5,5,30.0
2018-2019,CIUSSS du SaguenayLac-Saint-Jean,5,6,26.0
2018-2019,CIUSSS du SaguenayLac-Saint-Jean,5,7,6.0
2018-2019,CIUSSS du SaguenayLac-Saint-Jean,5,8,0.0
2018-2019,CIUSSS du SaguenayLac-Saint-Jean,5,9,69.0
2018-2019,CIUSSS du SaguenayLac-Saint-Jean,7,1,0.0
2018-2019,CIUSSS du SaguenayLac-Saint-Jean,7,2,1.0
2018-2019,CIUSSS du SaguenayLac-Saint-Jean,7,3,0.0
2018-2019,CIUSSS du SaguenayLac-Saint-Jean,7,4,0.0
2018-2019,CIUSSS du SaguenayLac-Saint-Jean,7,5,2.0
2018-2019,CIUSSS du SaguenayLac-Saint-Jean,7,6,3.0
2018-2019,CIUSSS du SaguenayLac-Saint-Jean,7,7,1.0
2018-2019,CIUSSS du SaguenayLac-Saint-Jean,7,8,0.0
2018-2019,CIUSSS du SaguenayLac-Saint-Jean,7,9,7.0
2018-2019,CIUSSS du SaguenayLac-Saint-Jean,8,1,0.0
2018-2019,CIUSSS du SaguenayLac-Saint-Jean,8,2,3.0
2018-2019,CIUSSS du SaguenayLac-Saint-Jean,8,3,9.0
2018-2019,CIUSSS du SaguenayLac-Saint-Jean,8,4,6.0
2018-2019,CIUSSS du SaguenayLac-Saint-Jean,8,5,46.0
2018-2019,CIUSSS du SaguenayLac-Saint-Jean,8,6,62.0
2018-2019,CIUSSS du SaguenayLac-Saint-Jean,8,7,12.0
2018-2019,CIUSSS du SaguenayLac-Saint-Jean,8,8,6.0
2018-2019,CIUSSS du SaguenayLac-Saint-Jean,8,9,144.0
2018-2019,CIUSSS du SaguenayLac-Saint-Jean,9,1,1.0
2018-2019,CIUSSS du SaguenayLac-Saint-Jean,9,2,7.0
2018-2019,CIUSSS du SaguenayLac-Saint-Jean,9,3,10.0
2018-2019,CIUSSS du SaguenayLac-Saint-Jean,9,4,6.0
2018-2019,CIUSSS du SaguenayLac-Saint-Jean,9,5,87.0
2018-2019,CIUSSS du SaguenayLac-Saint-Jean,9,6,167.0
2018-2019,CIUSSS du SaguenayLac-Saint-Jean,9,7,54.0
2018-2019,CIUSSS du SaguenayLac-Saint-Jean,9,8,16.0
2018-2019,CIUSSS du SaguenayLac-Saint-Jean,9,9,348.0
2018-2019,CIUSSS du SaguenayLac-Saint-Jean,11,1,0.0
2018-2019,CIUSSS du SaguenayLac-Saint-Jean,11,2,0.0
2018-2019,CIUSSS du SaguenayLac-Saint-Jean,11,3,1.0
2018-2019,CIUSSS du SaguenayLac-Saint-Jean,11,4,0.0
2018-2019,CIUSSS du SaguenayLac-Saint-Jean,11,5,0.0
2018-2019,CIUSSS du SaguenayLac-Saint-Jean,11,6,0.0
2018-2019,CIUSSS du SaguenayLac-Saint-Jean,11,7,0.0
2018-2019,CIUSSS du SaguenayLac-Saint-Jean,11,8,0.0
2018-2019,CIUSSS du SaguenayLac-Saint-Jean,11,9,1.0
2018-2019,CIUSSS du SaguenayLac-Saint-Jean,12,1,0.0
2018-2019,CIUSSS du SaguenayLac-Saint-Jean,12,2,0.0
2018-2019,CIUSSS du SaguenayLac-Saint-Jean,12,3,0.0
2018-2019,CIUSSS du SaguenayLac-Saint-Jean,12,4,2.0
2018-2019,CIUSSS du SaguenayLac-Saint-Jean,12,5,3.0
2018-2019,CIUSSS du SaguenayLac-Saint-Jean,12,6,0.0
2018-2019,CIUSSS du SaguenayLac-Saint-Jean,12,7,0.0
2018-2019,CIUSSS du SaguenayLac-Saint-Jean,12,8,0.0
2018-2019,CIUSSS du SaguenayLac-Saint-Jean,12,9,5.0
2018-2019,CIUSSS du SaguenayLac-Saint-Jean,13,1,109.0
2018-2019,CIUSSS du SaguenayLac-Saint-Jean,13,2,147.0
2018-2019,CIUSSS du SaguenayLac-Saint-Jean,13,3,106.0
2018-2019,CIUSSS du SaguenayLac-Saint-Jean,13,4,80.0
2018-2019,CIUSSS du SaguenayLac-Saint-Jean,13,5,430.0
2018-2019,CIUSSS du SaguenayLac-Saint-Jean,13,6,325.0
2018-2019,CIUSSS du SaguenayLac-Saint-Jean,13,7,82.0
2018-2019,CIUSSS du SaguenayLac-Saint-Jean,13,8,22.0
2018-2019,CIUSSS du SaguenayLac-Saint-Jean,13,9,1301.0
2018-2019,CIUSSS du SaguenayLac-Saint-Jean,16,1,4.0
2018-2019,CIUSSS du SaguenayLac-Saint-Jean,17,1,134.0
2019-2020,ATELIER LE FIL D'ARIANE INC.,1,5,4.0
2019-2020,ATELIER LE FIL D'ARIANE INC.,1,9,4.0
2019-2020,ATELIER LE FIL D'ARIANE INC.,2,5,2.0
2019-2020,ATELIER LE FIL D'ARIANE INC.,2,6,2.0
2019-2020,ATELIER LE FIL D'ARIANE INC.,2,9,4.0
2019-2020,ATELIER LE FIL D'ARIANE INC.,5,5,1.0
2019-2020,ATELIER LE FIL D'ARIANE INC.,5,6,4.0
2019-2020,ATELIER LE FIL D'ARIANE INC.,5,9,5.0
2019-2020,ATELIER LE FIL D'ARIANE INC.,9,4,1.0
2019-2020,ATELIER LE FIL D'ARIANE INC.,9,5,1.0
2019-2020,ATELIER LE FIL D'ARIANE INC.,9,6,2.0
2019-2020,ATELIER LE FIL D'ARIANE INC.,9,9,4.0
2019-2020,ATELIER LE FIL D'ARIANE INC.,13,4,1.0
2019-2020,ATELIER LE FIL D'ARIANE INC.,13,5,8.0
2019-2020,ATELIER LE FIL D'ARIANE INC.,13,6,8.0
2019-2020,ATELIER LE FIL D'ARIANE INC.,13,9,17.0
2019-2020,CISSS DE LA MONTÉRÉGIE-OUEST,1,1,959.0
2019-2020,CISSS DE LA MONTÉRÉGIE-OUEST,1,2,1575.0
2019-2020,CISSS DE LA MONTÉRÉGIE-OUEST,1,3,620.0
2019-2020,CISSS DE LA MONTÉRÉGIE-OUEST,1,4,198.0
2019-2020,CISSS DE LA MONTÉRÉGIE-OUEST,1,5,548.0
2019-2020,CISSS DE LA MONTÉRÉGIE-OUEST,1,6,79.0
2019-2020,CISSS DE LA MONTÉRÉGIE-OUEST,1,7,2.0
2019-2020,CISSS DE LA MONTÉRÉGIE-OUEST,1,8,0.0
2019-2020,CISSS DE LA MONTÉRÉGIE-OUEST,1,9,3981.0
2019-2020,CISSS DE LA MONTÉRÉGIE-OUEST,2,1,0.0
2019-2020,CISSS DE LA MONTÉRÉGIE-OUEST,2,2,0.0
2019-2020,CISSS DE LA MONTÉRÉGIE-OUEST,2,3,8.0
2019-2020,CISSS DE LA MONTÉRÉGIE-OUEST,2,4,18.0
2019-2020,CISSS DE LA MONTÉRÉGIE-OUEST,2,5,134.0
2019-2020,CISSS DE LA MONTÉRÉGIE-OUEST,2,6,79.0
2019-2020,CISSS DE LA MONTÉRÉGIE-OUEST,2,7,13.0
2019-2020,CISSS DE LA MONTÉRÉGIE-OUEST,2,8,0.0
2019-2020,CISSS DE LA MONTÉRÉGIE-OUEST,2,9,252.0
2019-2020,CISSS DE LA MONTÉRÉGIE-OUEST,3,1,13.0
2019-2020,CISSS DE LA MONTÉRÉGIE-OUEST,3,2,33.0
2019-2020,CISSS DE LA MONTÉRÉGIE-OUEST,3,3,35.0
2019-2020,CISSS DE LA MONTÉRÉGIE-OUEST,3,4,10.0
2019-2020,CISSS DE LA MONTÉRÉGIE-OUEST,3,5,30.0
2019-2020,CISSS DE LA MONTÉRÉGIE-OUEST,3,6,35.0
2019-2020,CISSS DE LA MONTÉRÉGIE-OUEST,3,7,8.0
2019-2020,CISSS DE LA MONTÉRÉGIE-OUEST,3,8,0.0
2019-2020,CISSS DE LA MONTÉRÉGIE-OUEST,3,9,164.0
2019-2020,CISSS DE LA MONTÉRÉGIE-OUEST,4,1,0.0
2019-2020,CISSS DE LA MONTÉRÉGIE-OUEST,4,2,1.0
2019-2020,CISSS DE LA MONTÉRÉGIE-OUEST,4,3,6.0
2019-2020,CISSS DE LA MONTÉRÉGIE-OUEST,4,4,6.0
2019-2020,CISSS DE LA MONTÉRÉGIE-OUEST,4,5,20.0
2019-2020,CISSS DE LA MONTÉRÉGIE-OUEST,4,6,33.0
2019-2020,CISSS DE LA MONTÉRÉGIE-OUEST,4,7,10.0
2019-2020,CISSS DE LA MONTÉRÉGIE-OUEST,4,8,0.0
2019-2020,CISSS DE LA MONTÉRÉGIE-OUEST,4,9,76.0
2019-2020,CISSS DE LA MONTÉRÉGIE-OUEST,5,1,0.0
2019-2020,CISSS DE LA MONTÉRÉGIE-OUEST,5,2,3.0
2019-2020,CISSS DE LA MONTÉRÉGIE-OUEST,5,3,25.0
2019-2020,CISSS DE LA MONTÉRÉGIE-OUEST,5,4,18.0
2019-2020,CISSS DE LA MONTÉRÉGIE-OUEST,5,5,47.0
2019-2020,CISSS DE LA MONTÉRÉGIE-OUEST,5,6,12.0
2019-2020,CISSS DE LA MONTÉRÉGIE-OUEST,5,7,1.0
2019-2020,CISSS DE LA MONTÉRÉGIE-OUEST,5,8,0.0
2019-2020,CISSS DE LA MONTÉRÉGIE-OUEST,5,9,106.0
2019-2020,CISSS DE LA MONTÉRÉGIE-OUEST,7,1,0.0
2019-2020,CISSS DE LA MONTÉRÉGIE-OUEST,7,2,0.0
2019-2020,CISSS DE LA MONTÉRÉGIE-OUEST,7,3,0.0
2019-2020,CISSS DE LA MONTÉRÉGIE-OUEST,7,4,1.0
2019-2020,CISSS DE LA MONTÉRÉGIE-OUEST,7,5,2.0
2019-2020,CISSS DE LA MONTÉRÉGIE-OUEST,7,6,3.0
2019-2020,CISSS DE LA MONTÉRÉGIE-OUEST,7,7,0.0
2019-2020,CISSS DE LA MONTÉRÉGIE-OUEST,7,8,0.0
2019-2020,CISSS DE LA MONTÉRÉGIE-OUEST,7,9,6.0
2019-2020,CISSS DE LA MONTÉRÉGIE-OUEST,8,1,0.0
2019-2020,CISSS DE LA MONTÉRÉGIE-OUEST,8,2,11.0
2019-2020,CISSS DE LA MONTÉRÉGIE-OUEST,8,3,34.0
2019-2020,CISSS DE LA MONTÉRÉGIE-OUEST,8,4,25.0
2019-2020,CISSS DE LA MONTÉRÉGIE-OUEST,8,5,176.0
2019-2020,CISSS DE LA MONTÉRÉGIE-OUEST,8,6,195.0
2019-2020,CISSS DE LA MONTÉRÉGIE-OUEST,8,7,37.0
2019-2020,CISSS DE LA MONTÉRÉGIE-OUEST,8,8,3.0
2019-2020,CISSS DE LA MONTÉRÉGIE-OUEST,8,9,481.0
2019-2020,CISSS DE LA MONTÉRÉGIE-OUEST,9,1,1.0
2019-2020,CISSS DE LA MONTÉRÉGIE-OUEST,9,2,37.0
2019-2020,CISSS DE LA MONTÉRÉGIE-OUEST,9,3,43.0
2019-2020,CISSS DE LA MONTÉRÉGIE-OUEST,9,4,53.0
2019-2020,CISSS DE LA MONTÉRÉGIE-OUEST,9,5,297.0
2019-2020,CISSS DE LA MONTÉRÉGIE-OUEST,9,6,401.0
2019-2020,CISSS DE LA MONTÉRÉGIE-OUEST,9,7,103.0
2019-2020,CISSS DE LA MONTÉRÉGIE-OUEST,9,8,19.0
2019-2020,CISSS DE LA MONTÉRÉGIE-OUEST,9,9,954.0
2019-2020,CISSS DE LA MONTÉRÉGIE-OUEST,10,1,0.0
2019-2020,CISSS DE LA MONTÉRÉGIE-OUEST,10,2,0.0
2019-2020,CISSS DE LA MONTÉRÉGIE-OUEST,10,3,0.0
2019-2020,CISSS DE LA MONTÉRÉGIE-OUEST,10,4,4.0
2019-2020,CISSS DE LA MONTÉRÉGIE-OUEST,10,5,14.0
2019-2020,CISSS DE LA MONTÉRÉGIE-OUEST,10,6,1.0
2019-2020,CISSS DE LA MONTÉRÉGIE-OUEST,10,7,0.0
2019-2020,CISSS DE LA MONTÉRÉGIE-OUEST,10,8,0.0
2019-2020,CISSS DE LA MONTÉRÉGIE-OUEST,10,9,19.0
2019-2020,CISSS DE LA MONTÉRÉGIE-OUEST,12,1,0.0
2019-2020,CISSS DE LA MONTÉRÉGIE-OUEST,12,2,0.0
2019-2020,CISSS DE LA MONTÉRÉGIE-OUEST,12,3,0.0
2019-2020,CISSS DE LA MONTÉRÉGIE-OUEST,12,4,1.0
2019-2020,CISSS DE LA MONTÉRÉGIE-OUEST,12,5,4.0
2019-2020,CISSS DE LA MONTÉRÉGIE-OUEST,12,6,3.0
2019-2020,CISSS DE LA MONTÉRÉGIE-OUEST,12,7,1.0
2019-2020,CISSS DE LA MONTÉRÉGIE-OUEST,12,8,0.0
2019-2020,CISSS DE LA MONTÉRÉGIE-OUEST,12,9,9.0
2019-2020,CISSS DE LA MONTÉRÉGIE-OUEST,13,1,973.0
2019-2020,CISSS DE LA MONTÉRÉGIE-OUEST,13,2,1660.0
2019-2020,CISSS DE LA MONTÉRÉGIE-OUEST,13,3,771.0
2019-2020,CISSS DE LA MONTÉRÉGIE-OUEST,13,4,334.0
2019-2020,CISSS DE LA MONTÉRÉGIE-OUEST,13,5,1272.0
2019-2020,CISSS DE LA MONTÉRÉGIE-OUEST,13,6,841.0
2019-2020,CISSS DE LA MONTÉRÉGIE-OUEST,13,7,175.0
2019-2020,CISSS DE LA MONTÉRÉGIE-OUEST,13,8,22.0
2019-2020,CISSS DE LA MONTÉRÉGIE-OUEST,13,9,6048.0
2019-2020,CISSS DE LA MONTÉRÉGIE-OUEST,14,1,0.0
2019-2020,CISSS DE LA MONTÉRÉGIE-OUEST,15,1,0.0
2019-2020,CISSS DE LA MONTÉRÉGIE-OUEST,16,1,2.0
2019-2020,CISSS DE LA MONTÉRÉGIE-OUEST,17,1,9.0
2019-2020,CISSS DES ÎLES,1,1,4.0
2019-2020,CISSS DES ÎLES,1,2,16.0
2019-2020,CISSS DES ÎLES,1,3,10.0
2019-2020,CISSS DES ÎLES,1,4,4.0
2019-2020,CISSS DES ÎLES,1,5,14.0
2019-2020,CISSS DES ÎLES,1,6,4.0
2019-2020,CISSS DES ÎLES,1,7,0.0
2019-2020,CISSS DES ÎLES,1,8,0.0
2019-2020,CISSS DES ÎLES,1,9,52.0
2019-2020,CISSS DES ÎLES,2,1,0.0
2019-2020,CISSS DES ÎLES,2,2,0.0
2019-2020,CISSS DES ÎLES,2,3,0.0
2019-2020,CISSS DES ÎLES,2,4,0.0
2019-2020,CISSS DES ÎLES,2,5,0.0
2019-2020,CISSS DES ÎLES,2,6,1.0
2019-2020,CISSS DES ÎLES,2,7,0.0
2019-2020,CISSS DES ÎLES,2,8,0.0
2019-2020,CISSS DES ÎLES,2,9,1.0
2019-2020,CISSS DES ÎLES,4,1,0.0
2019-2020,CISSS DES ÎLES,4,2,0.0
2019-2020,CISSS DES ÎLES,4,3,0.0
2019-2020,CISSS DES ÎLES,4,4,0.0
2019-2020,CISSS DES ÎLES,4,5,1.0
2019-2020,CISSS DES ÎLES,4,6,0.0
2019-2020,CISSS DES ÎLES,4,7,0.0
2019-2020,CISSS DES ÎLES,4,8,0.0
2019-2020,CISSS DES ÎLES,4,9,1.0
2019-2020,CISSS DES ÎLES,8,1,0.0
2019-2020,CISSS DES ÎLES,8,2,1.0
2019-2020,CISSS DES ÎLES,8,3,0.0
2019-2020,CISSS DES ÎLES,8,4,0.0
2019-2020,CISSS DES ÎLES,8,5,3.0
2019-2020,CISSS DES ÎLES,8,6,4.0
2019-2020,CISSS DES ÎLES,8,7,0.0
2019-2020,CISSS DES ÎLES,8,8,0.0
2019-2020,CISSS DES ÎLES,8,9,8.0
2019-2020,CISSS DES ÎLES,9,1,0.0
2019-2020,CISSS DES ÎLES,9,2,0.0
2019-2020,CISSS DES ÎLES,9,3,0.0
2019-2020,CISSS DES ÎLES,9,4,1.0
2019-2020,CISSS DES ÎLES,9,5,1.0
2019-2020,CISSS DES ÎLES,9,6,5.0
2019-2020,CISSS DES ÎLES,9,7,0.0
2019-2020,CISSS DES ÎLES,9,8,0.0
2019-2020,CISSS DES ÎLES,9,9,7.0
2019-2020,CISSS DES ÎLES,12,6,1.0
2019-2020,CISSS DES ÎLES,12,9,1.0
2019-2020,CISSS DES ÎLES,13,1,4.0
2019-2020,CISSS DES ÎLES,13,2,17.0
2019-2020,CISSS DES ÎLES,13,3,10.0
2019-2020,CISSS DES ÎLES,13,4,5.0
2019-2020,CISSS DES ÎLES,13,5,19.0
2019-2020,CISSS DES ÎLES,13,6,15.0
2019-2020,CISSS DES ÎLES,13,7,0.0
2019-2020,CISSS DES ÎLES,13,8,0.0
2019-2020,CISSS DES ÎLES,13,9,70.0
2019-2020,CISSS DES ÎLES,16,1,3.0
2019-2020,CISSS DES ÎLES,17,1,71.0
2019-2020,CISSS de Chaudière-Appalaches,1,1,177.0
2019-2020,CISSS de Chaudière-Appalaches,1,2,280.0
2019-2020,CISSS de Chaudière-Appalaches,1,3,124.0
2019-2020,CISSS de Chaudière-Appalaches,1,4,92.0
2019-2020,CISSS de Chaudière-Appalaches,1,5,224.0
2019-2020,CISSS de Chaudière-Appalaches,1,6,29.0
2019-2020,CISSS de Chaudière-Appalaches,1,7,3.0
2019-2020,CISSS de Chaudière-Appalaches,1,8,0.0
2019-2020,CISSS de Chaudière-Appalaches,1,9,929.0
2019-2020,CISSS de Chaudière-Appalaches,2,1,0.0
2019-2020,CISSS de Chaudière-Appalaches,2,2,0.0
2019-2020,CISSS de Chaudière-Appalaches,2,3,1.0
2019-2020,CISSS de Chaudière-Appalaches,2,4,4.0
2019-2020,CISSS de Chaudière-Appalaches,2,5,62.0
2019-2020,CISSS de Chaudière-Appalaches,2,6,35.0
2019-2020,CISSS de Chaudière-Appalaches,2,7,0.0
2019-2020,CISSS de Chaudière-Appalaches,2,8,2.0
2019-2020,CISSS de Chaudière-Appalaches,2,9,104.0
2019-2020,CISSS de Chaudière-Appalaches,3,1,0.0
2019-2020,CISSS de Chaudière-Appalaches,3,2,0.0
2019-2020,CISSS de Chaudière-Appalaches,3,3,0.0
2019-2020,CISSS de Chaudière-Appalaches,3,4,0.0
2019-2020,CISSS de Chaudière-Appalaches,3,5,19.0
2019-2020,CISSS de Chaudière-Appalaches,3,6,30.0
2019-2020,CISSS de Chaudière-Appalaches,3,7,4.0
2019-2020,CISSS de Chaudière-Appalaches,3,8,3.0
2019-2020,CISSS de Chaudière-Appalaches,3,9,56.0
2019-2020,CISSS de Chaudière-Appalaches,4,1,0.0
2019-2020,CISSS de Chaudière-Appalaches,4,2,0.0
2019-2020,CISSS de Chaudière-Appalaches,4,3,0.0
2019-2020,CISSS de Chaudière-Appalaches,4,4,0.0
2019-2020,CISSS de Chaudière-Appalaches,4,5,0.0
2019-2020,CISSS de Chaudière-Appalaches,4,6,0.0
2019-2020,CISSS de Chaudière-Appalaches,4,7,0.0
2019-2020,CISSS de Chaudière-Appalaches,4,8,0.0
2019-2020,CISSS de Chaudière-Appalaches,4,9,0.0
2019-2020,CISSS de Chaudière-Appalaches,5,1,1.0
2019-2020,CISSS de Chaudière-Appalaches,5,2,3.0
2019-2020,CISSS de Chaudière-Appalaches,5,3,7.0
2019-2020,CISSS de Chaudière-Appalaches,5,4,3.0
2019-2020,CISSS de Chaudière-Appalaches,5,5,25.0
2019-2020,CISSS de Chaudière-Appalaches,5,6,2.0
2019-2020,CISSS de Chaudière-Appalaches,5,7,0.0
2019-2020,CISSS de Chaudière-Appalaches,5,8,0.0
2019-2020,CISSS de Chaudière-Appalaches,5,9,41.0
2019-2020,CISSS de Chaudière-Appalaches,6,1,0.0
2019-2020,CISSS de Chaudière-Appalaches,6,2,0.0
2019-2020,CISSS de Chaudière-Appalaches,6,3,0.0
2019-2020,CISSS de Chaudière-Appalaches,6,4,0.0
2019-2020,CISSS de Chaudière-Appalaches,6,5,0.0
2019-2020,CISSS de Chaudière-Appalaches,6,6,0.0
2019-2020,CISSS de Chaudière-Appalaches,6,7,0.0
2019-2020,CISSS de Chaudière-Appalaches,6,8,0.0
2019-2020,CISSS de Chaudière-Appalaches,6,9,0.0
2019-2020,CISSS de Chaudière-Appalaches,7,1,0.0
2019-2020,CISSS de Chaudière-Appalaches,7,2,0.0
2019-2020,CISSS de Chaudière-Appalaches,7,3,0.0
2019-2020,CISSS de Chaudière-Appalaches,7,4,0.0
2019-2020,CISSS de Chaudière-Appalaches,7,5,4.0
2019-2020,CISSS de Chaudière-Appalaches,7,6,7.0
2019-2020,CISSS de Chaudière-Appalaches,7,7,0.0
2019-2020,CISSS de Chaudière-Appalaches,7,8,1.0
2019-2020,CISSS de Chaudière-Appalaches,7,9,12.0
2019-2020,CISSS de Chaudière-Appalaches,8,1,0.0
2019-2020,CISSS de Chaudière-Appalaches,8,2,0.0
2019-2020,CISSS de Chaudière-Appalaches,8,3,1.0
2019-2020,CISSS de Chaudière-Appalaches,8,4,8.0
2019-2020,CISSS de Chaudière-Appalaches,8,5,47.0
2019-2020,CISSS de Chaudière-Appalaches,8,6,73.0
2019-2020,CISSS de Chaudière-Appalaches,8,7,15.0
2019-2020,CISSS de Chaudière-Appalaches,8,8,9.0
2019-2020,CISSS de Chaudière-Appalaches,8,9,153.0
2019-2020,CISSS de Chaudière-Appalaches,9,1,4.0
2019-2020,CISSS de Chaudière-Appalaches,9,2,11.0
2019-2020,CISSS de Chaudière-Appalaches,9,3,13.0
2019-2020,CISSS de Chaudière-Appalaches,9,4,15.0
2019-2020,CISSS de Chaudière-Appalaches,9,5,116.0
2019-2020,CISSS de Chaudière-Appalaches,9,6,103.0
2019-2020,CISSS de Chaudière-Appalaches,9,7,29.0
2019-2020,CISSS de Chaudière-Appalaches,9,8,5.0
2019-2020,CISSS de Chaudière-Appalaches,9,9,296.0
2019-2020,CISSS de Chaudière-Appalaches,10,1,0.0
2019-2020,CISSS de Chaudière-Appalaches,10,2,0.0
2019-2020,CISSS de Chaudière-Appalaches,10,3,0.0
2019-2020,CISSS de Chaudière-Appalaches,10,4,0.0
2019-2020,CISSS de Chaudière-Appalaches,10,5,0.0
2019-2020,CISSS de Chaudière-Appalaches,10,6,0.0
2019-2020,CISSS de Chaudière-Appalaches,10,7,0.0
2019-2020,CISSS de Chaudière-Appalaches,10,8,0.0
2019-2020,CISSS de Chaudière-Appalaches,10,9,0.0
2019-2020,CISSS de Chaudière-Appalaches,11,1,0.0
2019-2020,CISSS de Chaudière-Appalaches,11,2,0.0
2019-2020,CISSS de Chaudière-Appalaches,11,3,1.0
2019-2020,CISSS de Chaudière-Appalaches,11,4,0.0
2019-2020,CISSS de Chaudière-Appalaches,11,5,0.0
2019-2020,CISSS de Chaudière-Appalaches,11,6,0.0
2019-2020,CISSS de Chaudière-Appalaches,11,7,0.0
2019-2020,CISSS de Chaudière-Appalaches,11,8,0.0
2019-2020,CISSS de Chaudière-Appalaches,11,9,1.0
2019-2020,CISSS de Chaudière-Appalaches,12,1,0.0
2019-2020,CISSS de Chaudière-Appalaches,12,2,0.0
2019-2020,CISSS de Chaudière-Appalaches,12,3,0.0
2019-2020,CISSS de Chaudière-Appalaches,12,4,0.0
2019-2020,CISSS de Chaudière-Appalaches,12,5,5.0
2019-2020,CISSS de Chaudière-Appalaches,12,6,4.0
2019-2020,CISSS de Chaudière-Appalaches,12,7,0.0
2019-2020,CISSS de Chaudière-Appalaches,12,8,0.0
2019-2020,CISSS de Chaudière-Appalaches,12,9,9.0
2019-2020,CISSS de Chaudière-Appalaches,13,1,182.0
2019-2020,CISSS de Chaudière-Appalaches,13,2,294.0
2019-2020,CISSS de Chaudière-Appalaches,13,3,147.0
2019-2020,CISSS de Chaudière-Appalaches,13,4,122.0
2019-2020,CISSS de Chaudière-Appalaches,13,5,502.0
2019-2020,CISSS de Chaudière-Appalaches,13,6,283.0
2019-2020,CISSS de Chaudière-Appalaches,13,7,51.0
2019-2020,CISSS de Chaudière-Appalaches,13,8,20.0
2019-2020,CISSS de Chaudière-Appalaches,13,9,1601.0
2019-2020,CISSS de Chaudière-Appalaches,14,1,3.0
2019-2020,CISSS de Chaudière-Appalaches,15,1,40.0
2019-2020,CISSS de Chaudière-Appalaches,16,1,20.0
2019-2020,CISSS de Chaudière-Appalaches,17,1,216.0
2019-2020,CISSS de Lanaudière,1,1,347.0
2019-2020,CISSS de Lanaudière,1,2,558.0
2019-2020,CISSS de Lanaudière,1,3,210.0
2019-2020,CISSS de Lanaudière,1,4,92.0
2019-2020,CISSS de Lanaudière,1,5,88.0
2019-2020,CISSS de Lanaudière,1,6,5.0
2019-2020,CISSS de Lanaudière,1,7,1.0
2019-2020,CISSS de Lanaudière,1,8,0.0
2019-2020,CISSS de Lanaudière,1,9,1301.0
2019-2020,CISSS de Lanaudière,2,1,1.0
2019-2020,CISSS de Lanaudière,2,2,0.0
2019-2020,CISSS de Lanaudière,2,3,0.0
2019-2020,CISSS de Lanaudière,2,4,2.0
2019-2020,CISSS de Lanaudière,2,5,30.0
2019-2020,CISSS de Lanaudière,2,6,11.0
2019-2020,CISSS de Lanaudière,2,7,3.0
2019-2020,CISSS de Lanaudière,2,8,0.0
2019-2020,CISSS de Lanaudière,2,9,47.0
2019-2020,CISSS de Lanaudière,3,1,1.0
2019-2020,CISSS de Lanaudière,3,2,7.0
2019-2020,CISSS de Lanaudière,3,3,11.0
2019-2020,CISSS de Lanaudière,3,4,1.0
2019-2020,CISSS de Lanaudière,3,5,1.0
2019-2020,CISSS de Lanaudière,3,6,2.0
2019-2020,CISSS de Lanaudière,3,7,1.0
2019-2020,CISSS de Lanaudière,3,8,0.0
2019-2020,CISSS de Lanaudière,3,9,24.0
2019-2020,CISSS de Lanaudière,4,1,0.0
2019-2020,CISSS de Lanaudière,4,2,0.0
2019-2020,CISSS de Lanaudière,4,3,1.0
2019-2020,CISSS de Lanaudière,4,4,2.0
2019-2020,CISSS de Lanaudière,4,5,4.0
2019-2020,CISSS de Lanaudière,4,6,1.0
2019-2020,CISSS de Lanaudière,4,7,0.0
2019-2020,CISSS de Lanaudière,4,8,0.0
2019-2020,CISSS de Lanaudière,4,9,8.0
2019-2020,CISSS de Lanaudière,5,1,0.0
2019-2020,CISSS de Lanaudière,5,2,0.0
2019-2020,CISSS de Lanaudière,5,3,0.0
2019-2020,CISSS de Lanaudière,5,4,2.0
2019-2020,CISSS de Lanaudière,5,5,1.0
2019-2020,CISSS de Lanaudière,5,6,0.0
2019-2020,CISSS de Lanaudière,5,7,0.0
2019-2020,CISSS de Lanaudière,5,8,0.0
2019-2020,CISSS de Lanaudière,5,9,3.0
2019-2020,CISSS de Lanaudière,6,1,0.0
2019-2020,CISSS de Lanaudière,6,2,0.0
2019-2020,CISSS de Lanaudière,6,3,0.0
2019-2020,CISSS de Lanaudière,6,4,0.0
2019-2020,CISSS de Lanaudière,6,5,1.0
2019-2020,CISSS de Lanaudière,6,6,0.0
2019-2020,CISSS de Lanaudière,6,7,0.0
2019-2020,CISSS de Lanaudière,6,8,0.0
2019-2020,CISSS de Lanaudière,6,9,1.0
2019-2020,CISSS de Lanaudière,7,1,0.0
2019-2020,CISSS de Lanaudière,7,2,0.0
2019-2020,CISSS de Lanaudière,7,3,0.0
2019-2020,CISSS de Lanaudière,7,4,0.0
2019-2020,CISSS de Lanaudière,7,5,1.0
2019-2020,CISSS de Lanaudière,7,6,3.0
2019-2020,CISSS de Lanaudière,7,7,0.0
2019-2020,CISSS de Lanaudière,7,8,0.0
2019-2020,CISSS de Lanaudière,7,9,4.0
2019-2020,CISSS de Lanaudière,8,1,0.0
2019-2020,CISSS de Lanaudière,8,2,3.0
2019-2020,CISSS de Lanaudière,8,3,11.0
2019-2020,CISSS de Lanaudière,8,4,7.0
2019-2020,CISSS de Lanaudière,8,5,63.0
2019-2020,CISSS de Lanaudière,8,6,19.0
2019-2020,CISSS de Lanaudière,8,7,5.0
2019-2020,CISSS de Lanaudière,8,8,0.0
2019-2020,CISSS de Lanaudière,8,9,108.0
2019-2020,CISSS de Lanaudière,9,1,11.0
2019-2020,CISSS de Lanaudière,9,2,11.0
2019-2020,CISSS de Lanaudière,9,3,18.0
2019-2020,CISSS de Lanaudière,9,4,5.0
2019-2020,CISSS de Lanaudière,9,5,43.0
2019-2020,CISSS de Lanaudière,9,6,20.0
2019-2020,CISSS de Lanaudière,9,7,2.0
2019-2020,CISSS de Lanaudière,9,8,2.0
2019-2020,CISSS de Lanaudière,9,9,112.0
2019-2020,CISSS de Lanaudière,12,1,0.0
2019-2020,CISSS de Lanaudière,12,2,1.0
2019-2020,CISSS de Lanaudière,12,3,1.0
2019-2020,CISSS de Lanaudière,12,4,1.0
2019-2020,CISSS de Lanaudière,12,5,3.0
2019-2020,CISSS de Lanaudière,12,6,3.0
2019-2020,CISSS de Lanaudière,12,7,0.0
2019-2020,CISSS de Lanaudière,12,8,0.0
2019-2020,CISSS de Lanaudière,12,9,9.0
2019-2020,CISSS de Lanaudière,13,1,360.0
2019-2020,CISSS de Lanaudière,13,2,580.0
2019-2020,CISSS de Lanaudière,13,3,252.0
2019-2020,CISSS de Lanaudière,13,4,112.0
2019-2020,CISSS de Lanaudière,13,5,235.0
2019-2020,CISSS de Lanaudière,13,6,64.0
2019-2020,CISSS de Lanaudière,13,7,12.0
2019-2020,CISSS de Lanaudière,13,8,2.0
2019-2020,CISSS de Lanaudière,13,9,1617.0
2019-2020,CISSS de Laval,1,1,181.0
2019-2020,CISSS de Laval,1,2,177.0
2019-2020,CISSS de Laval,1,3,75.0
2019-2020,CISSS de Laval,1,4,71.0
2019-2020,CISSS de Laval,1,5,116.0
2019-2020,CISSS de Laval,1,6,10.0
2019-2020,CISSS de Laval,1,7,0.0
2019-2020,CISSS de Laval,1,8,0.0
2019-2020,CISSS de Laval,1,9,630.0
2019-2020,CISSS de Laval,2,1,0.0
2019-2020,CISSS de Laval,2,2,1.0
2019-2020,CISSS de Laval,2,3,0.0
2019-2020,CISSS de Laval,2,4,3.0
2019-2020,CISSS de Laval,2,5,25.0
2019-2020,CISSS de Laval,2,6,2.0
2019-2020,CISSS de Laval,2,7,0.0
2019-2020,CISSS de Laval,2,8,1.0
2019-2020,CISSS de Laval,2,9,32.0
2019-2020,CISSS de Laval,3,1,0.0
2019-2020,CISSS de Laval,3,2,0.0
2019-2020,CISSS de Laval,3,3,0.0
2019-2020,CISSS de Laval,3,4,0.0
2019-2020,CISSS de Laval,3,5,4.0
2019-2020,CISSS de Laval,3,6,0.0
2019-2020,CISSS de Laval,3,7,0.0
2019-2020,CISSS de Laval,3,8,0.0
2019-2020,CISSS de Laval,3,9,4.0
2019-2020,CISSS de Laval,4,1,0.0
2019-2020,CISSS de Laval,4,2,0.0
2019-2020,CISSS de Laval,4,3,2.0
2019-2020,CISSS de Laval,4,4,1.0
2019-2020,CISSS de Laval,4,5,3.0
2019-2020,CISSS de Laval,4,6,0.0
2019-2020,CISSS de Laval,4,7,0.0
2019-2020,CISSS de Laval,4,8,0.0
2019-2020,CISSS de Laval,4,9,6.0
2019-2020,CISSS de Laval,6,1,0.0
2019-2020,CISSS de Laval,6,2,0.0
2019-2020,CISSS de Laval,6,3,0.0
2019-2020,CISSS de Laval,6,4,0.0
2019-2020,CISSS de Laval,6,5,6.0
2019-2020,CISSS de Laval,6,6,12.0
2019-2020,CISSS de Laval,6,7,0.0
2019-2020,CISSS de Laval,6,8,0.0
2019-2020,CISSS de Laval,6,9,18.0
2019-2020,CISSS de Laval,7,1,0.0
2019-2020,CISSS de Laval,7,2,0.0
2019-2020,CISSS de Laval,7,3,3.0
2019-2020,CISSS de Laval,7,4,0.0
2019-2020,CISSS de Laval,7,5,1.0
2019-2020,CISSS de Laval,7,6,1.0
2019-2020,CISSS de Laval,7,7,0.0
2019-2020,CISSS de Laval,7,8,0.0
2019-2020,CISSS de Laval,7,9,5.0
2019-2020,CISSS de Laval,8,1,1.0
2019-2020,CISSS de Laval,8,2,3.0
2019-2020,CISSS de Laval,8,3,15.0
2019-2020,CISSS de Laval,8,4,28.0
2019-2020,CISSS de Laval,8,5,136.0
2019-2020,CISSS de Laval,8,6,87.0
2019-2020,CISSS de Laval,8,7,13.0
2019-2020,CISSS de Laval,8,8,2.0
2019-2020,CISSS de Laval,8,9,285.0
2019-2020,CISSS de Laval,9,1,0.0
2019-2020,CISSS de Laval,9,2,2.0
2019-2020,CISSS de Laval,9,3,4.0
2019-2020,CISSS de Laval,9,4,2.0
2019-2020,CISSS de Laval,9,5,18.0
2019-2020,CISSS de Laval,9,6,22.0
2019-2020,CISSS de Laval,9,7,7.0
2019-2020,CISSS de Laval,9,8,1.0
2019-2020,CISSS de Laval,9,9,56.0
2019-2020,CISSS de Laval,10,1,0.0
2019-2020,CISSS de Laval,10,2,5.0
2019-2020,CISSS de Laval,10,3,3.0
2019-2020,CISSS de Laval,10,4,5.0
2019-2020,CISSS de Laval,10,5,19.0
2019-2020,CISSS de Laval,10,6,12.0
2019-2020,CISSS de Laval,10,7,3.0
2019-2020,CISSS de Laval,10,8,1.0
2019-2020,CISSS de Laval,10,9,48.0
2019-2020,CISSS de Laval,11,1,0.0
2019-2020,CISSS de Laval,11,2,2.0
2019-2020,CISSS de Laval,11,3,1.0
2019-2020,CISSS de Laval,11,4,0.0
2019-2020,CISSS de Laval,11,5,0.0
2019-2020,CISSS de Laval,11,6,0.0
2019-2020,CISSS de Laval,11,7,0.0
2019-2020,CISSS de Laval,11,8,0.0
2019-2020,CISSS de Laval,11,9,3.0
2019-2020,CISSS de Laval,12,1,0.0
2019-2020,CISSS de Laval,12,2,0.0
2019-2020,CISSS de Laval,12,3,1.0
2019-2020,CISSS de Laval,12,4,1.0
2019-2020,CISSS de Laval,12,5,4.0
2019-2020,CISSS de Laval,12,6,1.0
2019-2020,CISSS de Laval,12,7,0.0
2019-2020,CISSS de Laval,12,8,0.0
2019-2020,CISSS de Laval,12,9,7.0
2019-2020,CISSS de Laval,13,1,182.0
2019-2020,CISSS de Laval,13,2,190.0
2019-2020,CISSS de Laval,13,3,104.0
2019-2020,CISSS de Laval,13,4,111.0
2019-2020,CISSS de Laval,13,5,332.0
2019-2020,CISSS de Laval,13,6,147.0
2019-2020,CISSS de Laval,13,7,23.0
2019-2020,CISSS de Laval,13,8,5.0
2019-2020,CISSS de Laval,13,9,1094.0
2019-2020,CISSS de l'Abitibi-Témiscamingue,1,1,65.0
2019-2020,CISSS de l'Abitibi-Témiscamingue,1,2,186.0
2019-2020,CISSS de l'Abitibi-Témiscamingue,1,3,85.0
2019-2020,CISSS de l'Abitibi-Témiscamingue,1,4,28.0
2019-2020,CISSS de l'Abitibi-Témiscamingue,1,5,54.0
2019-2020,CISSS de l'Abitibi-Témiscamingue,1,6,6.0
2019-2020,CISSS de l'Abitibi-Témiscamingue,1,7,1.0
2019-2020,CISSS de l'Abitibi-Témiscamingue,1,8,0.0
2019-2020,CISSS de l'Abitibi-Témiscamingue,1,9,425.0
2019-2020,CISSS de l'Abitibi-Témiscamingue,2,1,4.0
2019-2020,CISSS de l'Abitibi-Témiscamingue,2,2,4.0
2019-2020,CISSS de l'Abitibi-Témiscamingue,2,3,2.0
2019-2020,CISSS de l'Abitibi-Témiscamingue,2,4,5.0
2019-2020,CISSS de l'Abitibi-Témiscamingue,2,5,34.0
2019-2020,CISSS de l'Abitibi-Témiscamingue,2,6,16.0
2019-2020,CISSS de l'Abitibi-Témiscamingue,2,7,2.0
2019-2020,CISSS de l'Abitibi-Témiscamingue,2,8,0.0
2019-2020,CISSS de l'Abitibi-Témiscamingue,2,9,67.0
2019-2020,CISSS de l'Abitibi-Témiscamingue,3,1,0.0
2019-2020,CISSS de l'Abitibi-Témiscamingue,3,2,0.0
2019-2020,CISSS de l'Abitibi-Témiscamingue,3,3,1.0
2019-2020,CISSS de l'Abitibi-Témiscamingue,3,4,0.0
2019-2020,CISSS de l'Abitibi-Témiscamingue,3,5,1.0
2019-2020,CISSS de l'Abitibi-Témiscamingue,3,6,0.0
2019-2020,CISSS de l'Abitibi-Témiscamingue,3,7,0.0
2019-2020,CISSS de l'Abitibi-Témiscamingue,3,8,0.0
2019-2020,CISSS de l'Abitibi-Témiscamingue,3,9,2.0
2019-2020,CISSS de l'Abitibi-Témiscamingue,4,1,0.0
2019-2020,CISSS de l'Abitibi-Témiscamingue,4,2,0.0
2019-2020,CISSS de l'Abitibi-Témiscamingue,4,3,0.0
2019-2020,CISSS de l'Abitibi-Témiscamingue,4,4,0.0
2019-2020,CISSS de l'Abitibi-Témiscamingue,4,5,7.0
2019-2020,CISSS de l'Abitibi-Témiscamingue,4,6,6.0
2019-2020,CISSS de l'Abitibi-Témiscamingue,4,7,1.0
2019-2020,CISSS de l'Abitibi-Témiscamingue,4,8,0.0
2019-2020,CISSS de l'Abitibi-Témiscamingue,4,9,14.0
2019-2020,CISSS de l'Abitibi-Témiscamingue,5,1,0.0
2019-2020,CISSS de l'Abitibi-Témiscamingue,5,2,0.0
2019-2020,CISSS de l'Abitibi-Témiscamingue,5,3,0.0
2019-2020,CISSS de l'Abitibi-Témiscamingue,5,4,1.0
2019-2020,CISSS de l'Abitibi-Témiscamingue,5,5,6.0
2019-2020,CISSS de l'Abitibi-Témiscamingue,5,6,5.0
2019-2020,CISSS de l'Abitibi-Témiscamingue,5,7,0.0
2019-2020,CISSS de l'Abitibi-Témiscamingue,5,8,0.0
2019-2020,CISSS de l'Abitibi-Témiscamingue,5,9,12.0
2019-2020,CISSS de l'Abitibi-Témiscamingue,7,1,0.0
2019-2020,CISSS de l'Abitibi-Témiscamingue,7,2,0.0
2019-2020,CISSS de l'Abitibi-Témiscamingue,7,3,1.0
2019-2020,CISSS de l'Abitibi-Témiscamingue,7,4,0.0
2019-2020,CISSS de l'Abitibi-Témiscamingue,7,5,3.0
2019-2020,CISSS de l'Abitibi-Témiscamingue,7,6,1.0
2019-2020,CISSS de l'Abitibi-Témiscamingue,7,7,0.0
2019-2020,CISSS de l'Abitibi-Témiscamingue,7,8,0.0
2019-2020,CISSS de l'Abitibi-Témiscamingue,7,9,5.0
2019-2020,CISSS de l'Abitibi-Témiscamingue,8,1,0.0
2019-2020,CISSS de l'Abitibi-Témiscamingue,8,2,0.0
2019-2020,CISSS de l'Abitibi-Témiscamingue,8,3,0.0
2019-2020,CISSS de l'Abitibi-Témiscamingue,8,4,2.0
2019-2020,CISSS de l'Abitibi-Témiscamingue,8,5,13.0
2019-2020,CISSS de l'Abitibi-Témiscamingue,8,6,13.0
2019-2020,CISSS de l'Abitibi-Témiscamingue,8,7,0.0
2019-2020,CISSS de l'Abitibi-Témiscamingue,8,8,0.0
2019-2020,CISSS de l'Abitibi-Témiscamingue,8,9,28.0
2019-2020,CISSS de l'Abitibi-Témiscamingue,9,1,5.0
2019-2020,CISSS de l'Abitibi-Témiscamingue,9,2,17.0
2019-2020,CISSS de l'Abitibi-Témiscamingue,9,3,9.0
2019-2020,CISSS de l'Abitibi-Témiscamingue,9,4,9.0
2019-2020,CISSS de l'Abitibi-Témiscamingue,9,5,62.0
2019-2020,CISSS de l'Abitibi-Témiscamingue,9,6,94.0
2019-2020,CISSS de l'Abitibi-Témiscamingue,9,7,14.0
2019-2020,CISSS de l'Abitibi-Témiscamingue,9,8,3.0
2019-2020,CISSS de l'Abitibi-Témiscamingue,9,9,213.0
2019-2020,CISSS de l'Abitibi-Témiscamingue,10,1,0.0
2019-2020,CISSS de l'Abitibi-Témiscamingue,10,2,0.0
2019-2020,CISSS de l'Abitibi-Témiscamingue,10,3,4.0
2019-2020,CISSS de l'Abitibi-Témiscamingue,10,4,5.0
2019-2020,CISSS de l'Abitibi-Témiscamingue,10,5,20.0
2019-2020,CISSS de l'Abitibi-Témiscamingue,10,6,5.0
2019-2020,CISSS de l'Abitibi-Témiscamingue,10,7,1.0
2019-2020,CISSS de l'Abitibi-Témiscamingue,10,8,1.0
2019-2020,CISSS de l'Abitibi-Témiscamingue,10,9,36.0
2019-2020,CISSS de l'Abitibi-Témiscamingue,12,1,0.0
2019-2020,CISSS de l'Abitibi-Témiscamingue,12,2,0.0
2019-2020,CISSS de l'Abitibi-Témiscamingue,12,3,1.0
2019-2020,CISSS de l'Abitibi-Témiscamingue,12,4,0.0
2019-2020,CISSS de l'Abitibi-Témiscamingue,12,5,2.0
2019-2020,CISSS de l'Abitibi-Témiscamingue,12,6,2.0
2019-2020,CISSS de l'Abitibi-Témiscamingue,12,7,1.0
2019-2020,CISSS de l'Abitibi-Témiscamingue,12,8,0.0
2019-2020,CISSS de l'Abitibi-Témiscamingue,12,9,6.0
2019-2020,CISSS de l'Abitibi-Témiscamingue,13,1,74.0
2019-2020,CISSS de l'Abitibi-Témiscamingue,13,2,207.0
2019-2020,CISSS de l'Abitibi-Témiscamingue,13,3,103.0
2019-2020,CISSS de l'Abitibi-Témiscamingue,13,4,50.0
2019-2020,CISSS de l'Abitibi-Témiscamingue,13,5,202.0
2019-2020,CISSS de l'Abitibi-Témiscamingue,13,6,148.0
2019-2020,CISSS de l'Abitibi-Témiscamingue,13,7,20.0
2019-2020,CISSS de l'Abitibi-Témiscamingue,13,8,4.0
2019-2020,CISSS de l'Abitibi-Témiscamingue,13,9,808.0
2019-2020,CISSS de l'Outaouais,1,1,206.0
2019-2020,CISSS de l'Outaouais,1,2,296.0
2019-2020,CISSS de l'Outaouais,1,3,79.0
2019-2020,CISSS de l'Outaouais,1,4,44.0
2019-2020,CISSS de l'Outaouais,1,5,86.0
2019-2020,CISSS de l'Outaouais,1,6,7.0
2019-2020,CISSS de l'Outaouais,1,9,718.0
2019-2020,CISSS de l'Outaouais,2,4,1.0
2019-2020,CISSS de l'Outaouais,2,5,38.0
2019-2020,CISSS de l'Outaouais,2,6,7.0
2019-2020,CISSS de l'Outaouais,2,9,46.0
2019-2020,CISSS de l'Outaouais,3,2,5.0
2019-2020,CISSS de l'Outaouais,3,3,2.0
2019-2020,CISSS de l'Outaouais,3,4,1.0
2019-2020,CISSS de l'Outaouais,3,5,2.0
2019-2020,CISSS de l'Outaouais,3,6,3.0
2019-2020,CISSS de l'Outaouais,3,9,13.0
2019-2020,CISSS de l'Outaouais,4,1,1.0
2019-2020,CISSS de l'Outaouais,4,5,8.0
2019-2020,CISSS de l'Outaouais,4,6,10.0
2019-2020,CISSS de l'Outaouais,4,7,1.0
2019-2020,CISSS de l'Outaouais,4,9,20.0
2019-2020,CISSS de l'Outaouais,5,3,8.0
2019-2020,CISSS de l'Outaouais,5,4,2.0
2019-2020,CISSS de l'Outaouais,5,5,12.0
2019-2020,CISSS de l'Outaouais,5,6,10.0
2019-2020,CISSS de l'Outaouais,5,7,1.0
2019-2020,CISSS de l'Outaouais,5,9,33.0
2019-2020,CISSS de l'Outaouais,7,4,1.0
2019-2020,CISSS de l'Outaouais,7,6,2.0
2019-2020,CISSS de l'Outaouais,7,9,3.0
2019-2020,CISSS de l'Outaouais,8,4,2.0
2019-2020,CISSS de l'Outaouais,8,5,16.0
2019-2020,CISSS de l'Outaouais,8,6,16.0
2019-2020,CISSS de l'Outaouais,8,7,3.0
2019-2020,CISSS de l'Outaouais,8,9,37.0
2019-2020,CISSS de l'Outaouais,9,1,3.0
2019-2020,CISSS de l'Outaouais,9,2,4.0
2019-2020,CISSS de l'Outaouais,9,3,4.0
2019-2020,CISSS de l'Outaouais,9,4,8.0
2019-2020,CISSS de l'Outaouais,9,5,30.0
2019-2020,CISSS de l'Outaouais,9,6,38.0
2019-2020,CISSS de l'Outaouais,9,7,1.0
2019-2020,CISSS de l'Outaouais,9,8,2.0
2019-2020,CISSS de l'Outaouais,9,9,90.0
2019-2020,CISSS de l'Outaouais,11,5,1.0
2019-2020,CISSS de l'Outaouais,11,9,1.0
2019-2020,CISSS de l'Outaouais,12,2,1.0
2019-2020,CISSS de l'Outaouais,12,3,2.0
2019-2020,CISSS de l'Outaouais,12,4,1.0
2019-2020,CISSS de l'Outaouais,12,5,3.0
2019-2020,CISSS de l'Outaouais,12,6,3.0
2019-2020,CISSS de l'Outaouais,12,9,10.0
2019-2020,CISSS de l'Outaouais,13,1,210.0
2019-2020,CISSS de l'Outaouais,13,2,306.0
2019-2020,CISSS de l'Outaouais,13,3,95.0
2019-2020,CISSS de l'Outaouais,13,4,60.0
2019-2020,CISSS de l'Outaouais,13,5,196.0
2019-2020,CISSS de l'Outaouais,13,6,96.0
2019-2020,CISSS de l'Outaouais,13,7,6.0
2019-2020,CISSS de l'Outaouais,13,8,2.0
2019-2020,CISSS de l'Outaouais,13,9,971.0
2019-2020,CISSS de l'Outaouais,16,1,52.0
2019-2020,CISSS de l'Outaouais,17,1,3127.0
2019-2020,CISSS de la Côte-Nord,1,1,32.0
2019-2020,CISSS de la Côte-Nord,1,2,87.0
2019-2020,CISSS de la Côte-Nord,1,3,44.0
2019-2020,CISSS de la Côte-Nord,1,4,10.0
2019-2020,CISSS de la Côte-Nord,1,5,21.0
2019-2020,CISSS de la Côte-Nord,1,6,6.0
2019-2020,CISSS de la Côte-Nord,1,7,0.0
2019-2020,CISSS de la Côte-Nord,1,8,0.0
2019-2020,CISSS de la Côte-Nord,1,9,200.0
2019-2020,CISSS de la Côte-Nord,2,1,2.0
2019-2020,CISSS de la Côte-Nord,2,2,11.0
2019-2020,CISSS de la Côte-Nord,2,3,1.0
2019-2020,CISSS de la Côte-Nord,2,4,1.0
2019-2020,CISSS de la Côte-Nord,2,5,4.0
2019-2020,CISSS de la Côte-Nord,2,6,0.0
2019-2020,CISSS de la Côte-Nord,2,7,0.0
2019-2020,CISSS de la Côte-Nord,2,8,0.0
2019-2020,CISSS de la Côte-Nord,2,9,19.0
2019-2020,CISSS de la Côte-Nord,3,1,0.0
2019-2020,CISSS de la Côte-Nord,3,2,0.0
2019-2020,CISSS de la Côte-Nord,3,3,0.0
2019-2020,CISSS de la Côte-Nord,3,4,0.0
2019-2020,CISSS de la Côte-Nord,3,5,1.0
2019-2020,CISSS de la Côte-Nord,3,6,0.0
2019-2020,CISSS de la Côte-Nord,3,7,0.0
2019-2020,CISSS de la Côte-Nord,3,8,0.0
2019-2020,CISSS de la Côte-Nord,3,9,1.0
2019-2020,CISSS de la Côte-Nord,5,1,0.0
2019-2020,CISSS de la Côte-Nord,5,2,0.0
2019-2020,CISSS de la Côte-Nord,5,3,1.0
2019-2020,CISSS de la Côte-Nord,5,4,1.0
2019-2020,CISSS de la Côte-Nord,5,5,7.0
2019-2020,CISSS de la Côte-Nord,5,6,3.0
2019-2020,CISSS de la Côte-Nord,5,7,0.0
2019-2020,CISSS de la Côte-Nord,5,8,0.0
2019-2020,CISSS de la Côte-Nord,5,9,12.0
2019-2020,CISSS de la Côte-Nord,7,1,0.0
2019-2020,CISSS de la Côte-Nord,7,2,0.0
2019-2020,CISSS de la Côte-Nord,7,3,0.0
2019-2020,CISSS de la Côte-Nord,7,4,0.0
2019-2020,CISSS de la Côte-Nord,7,5,2.0
2019-2020,CISSS de la Côte-Nord,7,6,1.0
2019-2020,CISSS de la Côte-Nord,7,7,0.0
2019-2020,CISSS de la Côte-Nord,7,8,0.0
2019-2020,CISSS de la Côte-Nord,7,9,3.0
2019-2020,CISSS de la Côte-Nord,8,1,0.0
2019-2020,CISSS de la Côte-Nord,8,2,0.0
2019-2020,CISSS de la Côte-Nord,8,3,3.0
2019-2020,CISSS de la Côte-Nord,8,4,1.0
2019-2020,CISSS de la Côte-Nord,8,5,21.0
2019-2020,CISSS de la Côte-Nord,8,6,42.0
2019-2020,CISSS de la Côte-Nord,8,7,8.0
2019-2020,CISSS de la Côte-Nord,8,8,2.0
2019-2020,CISSS de la Côte-Nord,8,9,77.0
2019-2020,CISSS de la Côte-Nord,9,1,0.0
2019-2020,CISSS de la Côte-Nord,9,2,3.0
2019-2020,CISSS de la Côte-Nord,9,3,2.0
2019-2020,CISSS de la Côte-Nord,9,4,1.0
2019-2020,CISSS de la Côte-Nord,9,5,13.0
2019-2020,CISSS de la Côte-Nord,9,6,38.0
2019-2020,CISSS de la Côte-Nord,9,7,9.0
2019-2020,CISSS de la Côte-Nord,9,8,2.0
2019-2020,CISSS de la Côte-Nord,9,9,68.0
2019-2020,CISSS de la Côte-Nord,12,1,0.0
2019-2020,CISSS de la Côte-Nord,12,2,0.0
2019-2020,CISSS de la Côte-Nord,12,3,0.0
2019-2020,CISSS de la Côte-Nord,12,4,1.0
2019-2020,CISSS de la Côte-Nord,12,5,1.0
2019-2020,CISSS de la Côte-Nord,12,6,0.0
2019-2020,CISSS de la Côte-Nord,12,7,0.0
2019-2020,CISSS de la Côte-Nord,12,8,0.0
2019-2020,CISSS de la Côte-Nord,12,9,2.0
2019-2020,CISSS de la Côte-Nord,13,1,34.0
2019-2020,CISSS de la Côte-Nord,13,2,101.0
2019-2020,CISSS de la Côte-Nord,13,3,51.0
2019-2020,CISSS de la Côte-Nord,13,4,15.0
2019-2020,CISSS de la Côte-Nord,13,5,70.0
2019-2020,CISSS de la Côte-Nord,13,6,90.0
2019-2020,CISSS de la Côte-Nord,13,7,17.0
2019-2020,CISSS de la Côte-Nord,13,8,4.0
2019-2020,CISSS de la Côte-Nord,13,9,382.0
2019-2020,CISSS de la Gaspésie,1,1,28.0
2019-2020,CISSS de la Gaspésie,1,2,80.0
2019-2020,CISSS de la Gaspésie,1,3,39.0
2019-2020,CISSS de la Gaspésie,1,4,20.0
2019-2020,CISSS de la Gaspésie,1,5,19.0
2019-2020,CISSS de la Gaspésie,1,6,1.0
2019-2020,CISSS de la Gaspésie,1,7,1.0
2019-2020,CISSS de la Gaspésie,1,9,188.0
2019-2020,CISSS de la Gaspésie,2,1,1.0
2019-2020,CISSS de la Gaspésie,2,2,2.0
2019-2020,CISSS de la Gaspésie,2,4,1.0
2019-2020,CISSS de la Gaspésie,2,5,6.0
2019-2020,CISSS de la Gaspésie,2,9,10.0
2019-2020,CISSS de la Gaspésie,5,3,1.0
2019-2020,CISSS de la Gaspésie,5,4,1.0
2019-2020,CISSS de la Gaspésie,5,5,6.0
2019-2020,CISSS de la Gaspésie,5,6,8.0
2019-2020,CISSS de la Gaspésie,5,9,16.0
2019-2020,CISSS de la Gaspésie,8,5,1.0
2019-2020,CISSS de la Gaspésie,8,6,4.0
2019-2020,CISSS de la Gaspésie,8,8,1.0
2019-2020,CISSS de la Gaspésie,8,9,6.0
2019-2020,CISSS de la Gaspésie,9,2,2.0
2019-2020,CISSS de la Gaspésie,9,3,10.0
2019-2020,CISSS de la Gaspésie,9,4,6.0
2019-2020,CISSS de la Gaspésie,9,5,15.0
2019-2020,CISSS de la Gaspésie,9,6,11.0
2019-2020,CISSS de la Gaspésie,9,7,4.0
2019-2020,CISSS de la Gaspésie,9,9,48.0
2019-2020,CISSS de la Gaspésie,12,3,1.0
2019-2020,CISSS de la Gaspésie,12,6,1.0
2019-2020,CISSS de la Gaspésie,12,7,1.0
2019-2020,CISSS de la Gaspésie,12,9,3.0
2019-2020,CISSS de la Gaspésie,13,1,29.0
2019-2020,CISSS de la Gaspésie,13,2,84.0
2019-2020,CISSS de la Gaspésie,13,3,51.0
2019-2020,CISSS de la Gaspésie,13,4,28.0
2019-2020,CISSS de la Gaspésie,13,5,47.0
2019-2020,CISSS de la Gaspésie,13,6,25.0
2019-2020,CISSS de la Gaspésie,13,7,6.0
2019-2020,CISSS de la Gaspésie,13,8,1.0
2019-2020,CISSS de la Gaspésie,13,9,271.0
2019-2020,CISSS de la Gaspésie,16,1,3.0
2019-2020,CISSS de la Gaspésie,17,1,21.0
2019-2020,CISSS des Laurentides,1,1,137.0
2019-2020,CISSS des Laurentides,1,2,242.0
2019-2020,CISSS des Laurentides,1,3,140.0
2019-2020,CISSS des Laurentides,1,4,75.0
2019-2020,CISSS des Laurentides,1,5,310.0
2019-2020,CISSS des Laurentides,1,6,37.0
2019-2020,CISSS des Laurentides,1,7,2.0
2019-2020,CISSS des Laurentides,1,8,0.0
2019-2020,CISSS des Laurentides,1,9,943.0
2019-2020,CISSS des Laurentides,2,1,1.0
2019-2020,CISSS des Laurentides,2,2,1.0
2019-2020,CISSS des Laurentides,2,3,0.0
2019-2020,CISSS des Laurentides,2,4,3.0
2019-2020,CISSS des Laurentides,2,5,57.0
2019-2020,CISSS des Laurentides,2,6,24.0
2019-2020,CISSS des Laurentides,2,7,5.0
2019-2020,CISSS des Laurentides,2,8,0.0
2019-2020,CISSS des Laurentides,2,9,91.0
2019-2020,CISSS des Laurentides,3,1,0.0
2019-2020,CISSS des Laurentides,3,2,0.0
2019-2020,CISSS des Laurentides,3,3,0.0
2019-2020,CISSS des Laurentides,3,4,1.0
2019-2020,CISSS des Laurentides,3,5,0.0
2019-2020,CISSS des Laurentides,3,6,0.0
2019-2020,CISSS des Laurentides,3,7,0.0
2019-2020,CISSS des Laurentides,3,8,1.0
2019-2020,CISSS des Laurentides,3,9,2.0
2019-2020,CISSS des Laurentides,4,1,0.0
2019-2020,CISSS des Laurentides,4,2,0.0
2019-2020,CISSS des Laurentides,4,3,0.0
2019-2020,CISSS des Laurentides,4,4,1.0
2019-2020,CISSS des Laurentides,4,5,1.0
2019-2020,CISSS des Laurentides,4,6,3.0
2019-2020,CISSS des Laurentides,4,7,0.0
2019-2020,CISSS des Laurentides,4,8,0.0
2019-2020,CISSS des Laurentides,4,9,5.0
2019-2020,CISSS des Laurentides,5,1,0.0
2019-2020,CISSS des Laurentides,5,2,0.0
2019-2020,CISSS des Laurentides,5,3,0.0
2019-2020,CISSS des Laurentides,5,4,1.0
2019-2020,CISSS des Laurentides,5,5,6.0
2019-2020,CISSS des Laurentides,5,6,2.0
2019-2020,CISSS des Laurentides,5,7,1.0
2019-2020,CISSS des Laurentides,5,8,0.0
2019-2020,CISSS des Laurentides,5,9,10.0
2019-2020,CISSS des Laurentides,6,1,0.0
2019-2020,CISSS des Laurentides,6,2,0.0
2019-2020,CISSS des Laurentides,6,3,0.0
2019-2020,CISSS des Laurentides,6,4,0.0
2019-2020,CISSS des Laurentides,6,5,14.0
2019-2020,CISSS des Laurentides,6,6,2.0
2019-2020,CISSS des Laurentides,6,7,0.0
2019-2020,CISSS des Laurentides,6,8,0.0
2019-2020,CISSS des Laurentides,6,9,16.0
2019-2020,CISSS des Laurentides,7,1,0.0
2019-2020,CISSS des Laurentides,7,2,1.0
2019-2020,CISSS des Laurentides,7,3,1.0
2019-2020,CISSS des Laurentides,7,4,0.0
2019-2020,CISSS des Laurentides,7,5,1.0
2019-2020,CISSS des Laurentides,7,6,4.0
2019-2020,CISSS des Laurentides,7,7,0.0
2019-2020,CISSS des Laurentides,7,8,2.0
2019-2020,CISSS des Laurentides,7,9,9.0
2019-2020,CISSS des Laurentides,8,1,0.0
2019-2020,CISSS des Laurentides,8,2,7.0
2019-2020,CISSS des Laurentides,8,3,21.0
2019-2020,CISSS des Laurentides,8,4,32.0
2019-2020,CISSS des Laurentides,8,5,178.0
2019-2020,CISSS des Laurentides,8,6,131.0
2019-2020,CISSS des Laurentides,8,7,24.0
2019-2020,CISSS des Laurentides,8,8,8.0
2019-2020,CISSS des Laurentides,8,9,401.0
2019-2020,CISSS des Laurentides,9,1,2.0
2019-2020,CISSS des Laurentides,9,2,15.0
2019-2020,CISSS des Laurentides,9,3,18.0
2019-2020,CISSS des Laurentides,9,4,15.0
2019-2020,CISSS des Laurentides,9,5,77.0
2019-2020,CISSS des Laurentides,9,6,114.0
2019-2020,CISSS des Laurentides,9,7,29.0
2019-2020,CISSS des Laurentides,9,8,3.0
2019-2020,CISSS des Laurentides,9,9,273.0
2019-2020,CISSS des Laurentides,10,1,0.0
2019-2020,CISSS des Laurentides,10,2,2.0
2019-2020,CISSS des Laurentides,10,3,3.0
2019-2020,CISSS des Laurentides,10,4,0.0
2019-2020,CISSS des Laurentides,10,5,0.0
2019-2020,CISSS des Laurentides,10,6,0.0
2019-2020,CISSS des Laurentides,10,7,0.0
2019-2020,CISSS des Laurentides,10,8,0.0
2019-2020,CISSS des Laurentides,10,9,5.0
2019-2020,CISSS des Laurentides,11,1,0.0
2019-2020,CISSS des Laurentides,11,2,0.0
2019-2020,CISSS des Laurentides,11,3,1.0
2019-2020,CISSS des Laurentides,11,4,0.0
2019-2020,CISSS des Laurentides,11,5,0.0
2019-2020,CISSS des Laurentides,11,6,0.0
2019-2020,CISSS des Laurentides,11,7,0.0
2019-2020,CISSS des Laurentides,11,8,0.0
2019-2020,CISSS des Laurentides,11,9,1.0
2019-2020,CISSS des Laurentides,12,1,1.0
2019-2020,CISSS des Laurentides,12,2,1.0
2019-2020,CISSS des Laurentides,12,3,1.0
2019-2020,CISSS des Laurentides,12,4,3.0
2019-2020,CISSS des Laurentides,12,5,11.0
2019-2020,CISSS des Laurentides,12,6,9.0
2019-2020,CISSS des Laurentides,12,7,0.0
2019-2020,CISSS des Laurentides,12,8,1.0
2019-2020,CISSS des Laurentides,12,9,27.0
2019-2020,CISSS des Laurentides,13,1,141.0
2019-2020,CISSS des Laurentides,13,2,269.0
2019-2020,CISSS des Laurentides,13,3,185.0
2019-2020,CISSS des Laurentides,13,4,131.0
2019-2020,CISSS des Laurentides,13,5,655.0
2019-2020,CISSS des Laurentides,13,6,326.0
2019-2020,CISSS des Laurentides,13,7,61.0
2019-2020,CISSS des Laurentides,13,8,15.0
2019-2020,CISSS des Laurentides,13,9,1783.0
2019-2020,CISSS des Laurentides,14,1,0.0
2019-2020,CISSS des Laurentides,15,1,0.0
2019-2020,CISSS des Laurentides,16,1,0.0
2019-2020,CISSS des Laurentides,17,1,0.0
2019-2020,CISSS du Bas-Saint-Laurent,1,1,71.0
2019-2020,CISSS du Bas-Saint-Laurent,1,2,204.0
2019-2020,CISSS du Bas-Saint-Laurent,1,3,170.0
2019-2020,CISSS du Bas-Saint-Laurent,1,4,48.0
2019-2020,CISSS du Bas-Saint-Laurent,1,5,100.0
2019-2020,CISSS du Bas-Saint-Laurent,1,6,24.0
2019-2020,CISSS du Bas-Saint-Laurent,1,7,0.0
2019-2020,CISSS du Bas-Saint-Laurent,1,8,0.0
2019-2020,CISSS du Bas-Saint-Laurent,1,9,617.0
2019-2020,CISSS du Bas-Saint-Laurent,2,1,0.0
2019-2020,CISSS du Bas-Saint-Laurent,2,2,4.0
2019-2020,CISSS du Bas-Saint-Laurent,2,3,3.0
2019-2020,CISSS du Bas-Saint-Laurent,2,4,5.0
2019-2020,CISSS du Bas-Saint-Laurent,2,5,24.0
2019-2020,CISSS du Bas-Saint-Laurent,2,6,11.0
2019-2020,CISSS du Bas-Saint-Laurent,2,7,0.0
2019-2020,CISSS du Bas-Saint-Laurent,2,8,0.0
2019-2020,CISSS du Bas-Saint-Laurent,2,9,47.0
2019-2020,CISSS du Bas-Saint-Laurent,3,1,0.0
2019-2020,CISSS du Bas-Saint-Laurent,3,2,1.0
2019-2020,CISSS du Bas-Saint-Laurent,3,3,3.0
2019-2020,CISSS du Bas-Saint-Laurent,3,4,0.0
2019-2020,CISSS du Bas-Saint-Laurent,3,5,1.0
2019-2020,CISSS du Bas-Saint-Laurent,3,6,1.0
2019-2020,CISSS du Bas-Saint-Laurent,3,7,0.0
2019-2020,CISSS du Bas-Saint-Laurent,3,8,0.0
2019-2020,CISSS du Bas-Saint-Laurent,3,9,6.0
2019-2020,CISSS du Bas-Saint-Laurent,4,1,0.0
2019-2020,CISSS du Bas-Saint-Laurent,4,2,0.0
2019-2020,CISSS du Bas-Saint-Laurent,4,3,0.0
2019-2020,CISSS du Bas-Saint-Laurent,4,4,0.0
2019-2020,CISSS du Bas-Saint-Laurent,4,5,7.0
2019-2020,CISSS du Bas-Saint-Laurent,4,6,14.0
2019-2020,CISSS du Bas-Saint-Laurent,4,7,0.0
2019-2020,CISSS du Bas-Saint-Laurent,4,8,0.0
2019-2020,CISSS du Bas-Saint-Laurent,4,9,21.0
2019-2020,CISSS du Bas-Saint-Laurent,5,1,0.0
2019-2020,CISSS du Bas-Saint-Laurent,5,2,1.0
2019-2020,CISSS du Bas-Saint-Laurent,5,3,2.0
2019-2020,CISSS du Bas-Saint-Laurent,5,4,0.0
2019-2020,CISSS du Bas-Saint-Laurent,5,5,20.0
2019-2020,CISSS du Bas-Saint-Laurent,5,6,12.0
2019-2020,CISSS du Bas-Saint-Laurent,5,7,1.0
2019-2020,CISSS du Bas-Saint-Laurent,5,8,0.0
2019-2020,CISSS du Bas-Saint-Laurent,5,9,36.0
2019-2020,CISSS du Bas-Saint-Laurent,6,1,0.0
2019-2020,CISSS du Bas-Saint-Laurent,6,2,0.0
2019-2020,CISSS du Bas-Saint-Laurent,6,3,0.0
2019-2020,CISSS du Bas-Saint-Laurent,6,4,0.0
2019-2020,CISSS du Bas-Saint-Laurent,6,5,0.0
2019-2020,CISSS du Bas-Saint-Laurent,6,6,0.0
2019-2020,CISSS du Bas-Saint-Laurent,6,7,0.0
2019-2020,CISSS du Bas-Saint-Laurent,6,8,0.0
2019-2020,CISSS du Bas-Saint-Laurent,6,9,0.0
2019-2020,CISSS du Bas-Saint-Laurent,7,1,0.0
2019-2020,CISSS du Bas-Saint-Laurent,7,2,0.0
2019-2020,CISSS du Bas-Saint-Laurent,7,3,0.0
2019-2020,CISSS du Bas-Saint-Laurent,7,4,0.0
2019-2020,CISSS du Bas-Saint-Laurent,7,5,0.0
2019-2020,CISSS du Bas-Saint-Laurent,7,6,1.0
2019-2020,CISSS du Bas-Saint-Laurent,7,7,0.0
2019-2020,CISSS du Bas-Saint-Laurent,7,8,0.0
2019-2020,CISSS du Bas-Saint-Laurent,7,9,1.0
2019-2020,CISSS du Bas-Saint-Laurent,8,1,0.0
2019-2020,CISSS du Bas-Saint-Laurent,8,2,0.0
2019-2020,CISSS du Bas-Saint-Laurent,8,3,4.0
2019-2020,CISSS du Bas-Saint-Laurent,8,4,7.0
2019-2020,CISSS du Bas-Saint-Laurent,8,5,40.0
2019-2020,CISSS du Bas-Saint-Laurent,8,6,36.0
2019-2020,CISSS du Bas-Saint-Laurent,8,7,2.0
2019-2020,CISSS du Bas-Saint-Laurent,8,8,2.0
2019-2020,CISSS du Bas-Saint-Laurent,8,9,91.0
2019-2020,CISSS du Bas-Saint-Laurent,9,1,4.0
2019-2020,CISSS du Bas-Saint-Laurent,9,2,3.0
2019-2020,CISSS du Bas-Saint-Laurent,9,3,12.0
2019-2020,CISSS du Bas-Saint-Laurent,9,4,8.0
2019-2020,CISSS du Bas-Saint-Laurent,9,5,63.0
2019-2020,CISSS du Bas-Saint-Laurent,9,6,127.0
2019-2020,CISSS du Bas-Saint-Laurent,9,7,8.0
2019-2020,CISSS du Bas-Saint-Laurent,9,8,2.0
2019-2020,CISSS du Bas-Saint-Laurent,9,9,227.0
2019-2020,CISSS du Bas-Saint-Laurent,10,1,0.0
2019-2020,CISSS du Bas-Saint-Laurent,10,2,0.0
2019-2020,CISSS du Bas-Saint-Laurent,10,3,0.0
2019-2020,CISSS du Bas-Saint-Laurent,10,4,0.0
2019-2020,CISSS du Bas-Saint-Laurent,10,5,0.0
2019-2020,CISSS du Bas-Saint-Laurent,10,6,0.0
2019-2020,CISSS du Bas-Saint-Laurent,10,7,0.0
2019-2020,CISSS du Bas-Saint-Laurent,10,8,0.0
2019-2020,CISSS du Bas-Saint-Laurent,10,9,0.0
2019-2020,CISSS du Bas-Saint-Laurent,11,1,0.0
2019-2020,CISSS du Bas-Saint-Laurent,11,2,0.0
2019-2020,CISSS du Bas-Saint-Laurent,11,3,0.0
2019-2020,CISSS du Bas-Saint-Laurent,11,4,0.0
2019-2020,CISSS du Bas-Saint-Laurent,11,5,0.0
2019-2020,CISSS du Bas-Saint-Laurent,11,6,0.0
2019-2020,CISSS du Bas-Saint-Laurent,11,7,0.0
2019-2020,CISSS du Bas-Saint-Laurent,11,8,0.0
2019-2020,CISSS du Bas-Saint-Laurent,11,9,0.0
2019-2020,CISSS du Bas-Saint-Laurent,12,1,0.0
2019-2020,CISSS du Bas-Saint-Laurent,12,2,1.0
2019-2020,CISSS du Bas-Saint-Laurent,12,3,1.0
2019-2020,CISSS du Bas-Saint-Laurent,12,4,5.0
2019-2020,CISSS du Bas-Saint-Laurent,12,5,10.0
2019-2020,CISSS du Bas-Saint-Laurent,12,6,4.0
2019-2020,CISSS du Bas-Saint-Laurent,12,7,0.0
2019-2020,CISSS du Bas-Saint-Laurent,12,8,0.0
2019-2020,CISSS du Bas-Saint-Laurent,12,9,21.0
2019-2020,CISSS du Bas-Saint-Laurent,13,1,75.0
2019-2020,CISSS du Bas-Saint-Laurent,13,2,214.0
2019-2020,CISSS du Bas-Saint-Laurent,13,3,195.0
2019-2020,CISSS du Bas-Saint-Laurent,13,4,73.0
2019-2020,CISSS du Bas-Saint-Laurent,13,5,265.0
2019-2020,CISSS du Bas-Saint-Laurent,13,6,230.0
2019-2020,CISSS du Bas-Saint-Laurent,13,7,11.0
2019-2020,CISSS du Bas-Saint-Laurent,13,8,4.0
2019-2020,CISSS du Bas-Saint-Laurent,13,9,1067.0
2019-2020,CISSS du Bas-Saint-Laurent,14,1,289.0
2019-2020,CISSS du Bas-Saint-Laurent,15,1,0.0
2019-2020,CISSS du Bas-Saint-Laurent,16,1,5.0
2019-2020,CISSS du Bas-Saint-Laurent,17,1,33.0
2019-2020,CIUSSS DU CENTRE-OUEST-DE-L'ÎLE-DE-MONTRÉAL,1,1,208.0
2019-2020,CIUSSS DU CENTRE-OUEST-DE-L'ÎLE-DE-MONTRÉAL,1,2,163.0
2019-2020,CIUSSS DU CENTRE-OUEST-DE-L'ÎLE-DE-MONTRÉAL,1,3,56.0
2019-2020,CIUSSS DU CENTRE-OUEST-DE-L'ÎLE-DE-MONTRÉAL,1,4,56.0
2019-2020,CIUSSS DU CENTRE-OUEST-DE-L'ÎLE-DE-MONTRÉAL,1,5,117.0
2019-2020,CIUSSS DU CENTRE-OUEST-DE-L'ÎLE-DE-MONTRÉAL,1,6,16.0
2019-2020,CIUSSS DU CENTRE-OUEST-DE-L'ÎLE-DE-MONTRÉAL,1,7,0.0
2019-2020,CIUSSS DU CENTRE-OUEST-DE-L'ÎLE-DE-MONTRÉAL,1,8,0.0
2019-2020,CIUSSS DU CENTRE-OUEST-DE-L'ÎLE-DE-MONTRÉAL,1,9,616.0
2019-2020,CIUSSS DU CENTRE-OUEST-DE-L'ÎLE-DE-MONTRÉAL,2,1,2.0
2019-2020,CIUSSS DU CENTRE-OUEST-DE-L'ÎLE-DE-MONTRÉAL,2,2,0.0
2019-2020,CIUSSS DU CENTRE-OUEST-DE-L'ÎLE-DE-MONTRÉAL,2,3,0.0
2019-2020,CIUSSS DU CENTRE-OUEST-DE-L'ÎLE-DE-MONTRÉAL,2,4,3.0
2019-2020,CIUSSS DU CENTRE-OUEST-DE-L'ÎLE-DE-MONTRÉAL,2,5,13.0
2019-2020,CIUSSS DU CENTRE-OUEST-DE-L'ÎLE-DE-MONTRÉAL,2,6,20.0
2019-2020,CIUSSS DU CENTRE-OUEST-DE-L'ÎLE-DE-MONTRÉAL,2,7,1.0
2019-2020,CIUSSS DU CENTRE-OUEST-DE-L'ÎLE-DE-MONTRÉAL,2,8,0.0
2019-2020,CIUSSS DU CENTRE-OUEST-DE-L'ÎLE-DE-MONTRÉAL,2,9,39.0
2019-2020,CIUSSS DU CENTRE-OUEST-DE-L'ÎLE-DE-MONTRÉAL,4,1,0.0
2019-2020,CIUSSS DU CENTRE-OUEST-DE-L'ÎLE-DE-MONTRÉAL,4,2,0.0
2019-2020,CIUSSS DU CENTRE-OUEST-DE-L'ÎLE-DE-MONTRÉAL,4,3,0.0
2019-2020,CIUSSS DU CENTRE-OUEST-DE-L'ÎLE-DE-MONTRÉAL,4,4,0.0
2019-2020,CIUSSS DU CENTRE-OUEST-DE-L'ÎLE-DE-MONTRÉAL,4,5,0.0
2019-2020,CIUSSS DU CENTRE-OUEST-DE-L'ÎLE-DE-MONTRÉAL,4,6,5.0
2019-2020,CIUSSS DU CENTRE-OUEST-DE-L'ÎLE-DE-MONTRÉAL,4,7,4.0
2019-2020,CIUSSS DU CENTRE-OUEST-DE-L'ÎLE-DE-MONTRÉAL,4,8,0.0
2019-2020,CIUSSS DU CENTRE-OUEST-DE-L'ÎLE-DE-MONTRÉAL,4,9,9.0
2019-2020,CIUSSS DU CENTRE-OUEST-DE-L'ÎLE-DE-MONTRÉAL,5,1,0.0
2019-2020,CIUSSS DU CENTRE-OUEST-DE-L'ÎLE-DE-MONTRÉAL,5,2,0.0
2019-2020,CIUSSS DU CENTRE-OUEST-DE-L'ÎLE-DE-MONTRÉAL,5,3,0.0
2019-2020,CIUSSS DU CENTRE-OUEST-DE-L'ÎLE-DE-MONTRÉAL,5,4,1.0
2019-2020,CIUSSS DU CENTRE-OUEST-DE-L'ÎLE-DE-MONTRÉAL,5,5,20.0
2019-2020,CIUSSS DU CENTRE-OUEST-DE-L'ÎLE-DE-MONTRÉAL,5,6,14.0
2019-2020,CIUSSS DU CENTRE-OUEST-DE-L'ÎLE-DE-MONTRÉAL,5,7,2.0
2019-2020,CIUSSS DU CENTRE-OUEST-DE-L'ÎLE-DE-MONTRÉAL,5,8,0.0
2019-2020,CIUSSS DU CENTRE-OUEST-DE-L'ÎLE-DE-MONTRÉAL,5,9,37.0
2019-2020,CIUSSS DU CENTRE-OUEST-DE-L'ÎLE-DE-MONTRÉAL,7,1,0.0
2019-2020,CIUSSS DU CENTRE-OUEST-DE-L'ÎLE-DE-MONTRÉAL,7,2,0.0
2019-2020,CIUSSS DU CENTRE-OUEST-DE-L'ÎLE-DE-MONTRÉAL,7,3,0.0
2019-2020,CIUSSS DU CENTRE-OUEST-DE-L'ÎLE-DE-MONTRÉAL,7,4,1.0
2019-2020,CIUSSS DU CENTRE-OUEST-DE-L'ÎLE-DE-MONTRÉAL,7,5,0.0
2019-2020,CIUSSS DU CENTRE-OUEST-DE-L'ÎLE-DE-MONTRÉAL,7,6,1.0
2019-2020,CIUSSS DU CENTRE-OUEST-DE-L'ÎLE-DE-MONTRÉAL,7,7,0.0
2019-2020,CIUSSS DU CENTRE-OUEST-DE-L'ÎLE-DE-MONTRÉAL,7,8,0.0
2019-2020,CIUSSS DU CENTRE-OUEST-DE-L'ÎLE-DE-MONTRÉAL,7,9,2.0
2019-2020,CIUSSS DU CENTRE-OUEST-DE-L'ÎLE-DE-MONTRÉAL,8,1,0.0
2019-2020,CIUSSS DU CENTRE-OUEST-DE-L'ÎLE-DE-MONTRÉAL,8,2,1.0
2019-2020,CIUSSS DU CENTRE-OUEST-DE-L'ÎLE-DE-MONTRÉAL,8,3,5.0
2019-2020,CIUSSS DU CENTRE-OUEST-DE-L'ÎLE-DE-MONTRÉAL,8,4,7.0
2019-2020,CIUSSS DU CENTRE-OUEST-DE-L'ÎLE-DE-MONTRÉAL,8,5,64.0
2019-2020,CIUSSS DU CENTRE-OUEST-DE-L'ÎLE-DE-MONTRÉAL,8,6,93.0
2019-2020,CIUSSS DU CENTRE-OUEST-DE-L'ÎLE-DE-MONTRÉAL,8,7,33.0
2019-2020,CIUSSS DU CENTRE-OUEST-DE-L'ÎLE-DE-MONTRÉAL,8,8,3.0
2019-2020,CIUSSS DU CENTRE-OUEST-DE-L'ÎLE-DE-MONTRÉAL,8,9,206.0
2019-2020,CIUSSS DU CENTRE-OUEST-DE-L'ÎLE-DE-MONTRÉAL,9,1,1.0
2019-2020,CIUSSS DU CENTRE-OUEST-DE-L'ÎLE-DE-MONTRÉAL,9,2,1.0
2019-2020,CIUSSS DU CENTRE-OUEST-DE-L'ÎLE-DE-MONTRÉAL,9,3,4.0
2019-2020,CIUSSS DU CENTRE-OUEST-DE-L'ÎLE-DE-MONTRÉAL,9,4,2.0
2019-2020,CIUSSS DU CENTRE-OUEST-DE-L'ÎLE-DE-MONTRÉAL,9,5,12.0
2019-2020,CIUSSS DU CENTRE-OUEST-DE-L'ÎLE-DE-MONTRÉAL,9,6,12.0
2019-2020,CIUSSS DU CENTRE-OUEST-DE-L'ÎLE-DE-MONTRÉAL,9,7,3.0
2019-2020,CIUSSS DU CENTRE-OUEST-DE-L'ÎLE-DE-MONTRÉAL,9,8,0.0
2019-2020,CIUSSS DU CENTRE-OUEST-DE-L'ÎLE-DE-MONTRÉAL,9,9,35.0
2019-2020,CIUSSS DU CENTRE-OUEST-DE-L'ÎLE-DE-MONTRÉAL,11,1,0.0
2019-2020,CIUSSS DU CENTRE-OUEST-DE-L'ÎLE-DE-MONTRÉAL,11,2,1.0
2019-2020,CIUSSS DU CENTRE-OUEST-DE-L'ÎLE-DE-MONTRÉAL,11,3,0.0
2019-2020,CIUSSS DU CENTRE-OUEST-DE-L'ÎLE-DE-MONTRÉAL,11,4,0.0
2019-2020,CIUSSS DU CENTRE-OUEST-DE-L'ÎLE-DE-MONTRÉAL,11,5,0.0
2019-2020,CIUSSS DU CENTRE-OUEST-DE-L'ÎLE-DE-MONTRÉAL,11,6,0.0
2019-2020,CIUSSS DU CENTRE-OUEST-DE-L'ÎLE-DE-MONTRÉAL,11,7,0.0
2019-2020,CIUSSS DU CENTRE-OUEST-DE-L'ÎLE-DE-MONTRÉAL,11,8,0.0
2019-2020,CIUSSS DU CENTRE-OUEST-DE-L'ÎLE-DE-MONTRÉAL,11,9,1.0
2019-2020,CIUSSS DU CENTRE-OUEST-DE-L'ÎLE-DE-MONTRÉAL,12,1,3.0
2019-2020,CIUSSS DU CENTRE-OUEST-DE-L'ÎLE-DE-MONTRÉAL,12,2,1.0
2019-2020,CIUSSS DU CENTRE-OUEST-DE-L'ÎLE-DE-MONTRÉAL,12,3,1.0
2019-2020,CIUSSS DU CENTRE-OUEST-DE-L'ÎLE-DE-MONTRÉAL,12,4,0.0
2019-2020,CIUSSS DU CENTRE-OUEST-DE-L'ÎLE-DE-MONTRÉAL,12,5,18.0
2019-2020,CIUSSS DU CENTRE-OUEST-DE-L'ÎLE-DE-MONTRÉAL,12,6,2.0
2019-2020,CIUSSS DU CENTRE-OUEST-DE-L'ÎLE-DE-MONTRÉAL,12,7,0.0
2019-2020,CIUSSS DU CENTRE-OUEST-DE-L'ÎLE-DE-MONTRÉAL,12,8,0.0
2019-2020,CIUSSS DU CENTRE-OUEST-DE-L'ÎLE-DE-MONTRÉAL,12,9,25.0
2019-2020,CIUSSS DU CENTRE-OUEST-DE-L'ÎLE-DE-MONTRÉAL,13,1,214.0
2019-2020,CIUSSS DU CENTRE-OUEST-DE-L'ÎLE-DE-MONTRÉAL,13,2,167.0
2019-2020,CIUSSS DU CENTRE-OUEST-DE-L'ÎLE-DE-MONTRÉAL,13,3,66.0
2019-2020,CIUSSS DU CENTRE-OUEST-DE-L'ÎLE-DE-MONTRÉAL,13,4,70.0
2019-2020,CIUSSS DU CENTRE-OUEST-DE-L'ÎLE-DE-MONTRÉAL,13,5,244.0
2019-2020,CIUSSS DU CENTRE-OUEST-DE-L'ÎLE-DE-MONTRÉAL,13,6,163.0
2019-2020,CIUSSS DU CENTRE-OUEST-DE-L'ÎLE-DE-MONTRÉAL,13,7,43.0
2019-2020,CIUSSS DU CENTRE-OUEST-DE-L'ÎLE-DE-MONTRÉAL,13,8,3.0
2019-2020,CIUSSS DU CENTRE-OUEST-DE-L'ÎLE-DE-MONTRÉAL,13,9,970.0
2019-2020,CIUSSS DU CENTRE-OUEST-DE-L'ÎLE-DE-MONTRÉAL,16,1,3.0
2019-2020,CIUSSS DU CENTRE-OUEST-DE-L'ÎLE-DE-MONTRÉAL,17,1,8.0
2019-2020,CIUSSS DU CENTRE-SUD-DE-L'ÎLE-DE-MONTRÉAL,1,1,568.0
2019-2020,CIUSSS DU CENTRE-SUD-DE-L'ÎLE-DE-MONTRÉAL,1,2,702.0
2019-2020,CIUSSS DU CENTRE-SUD-DE-L'ÎLE-DE-MONTRÉAL,1,3,303.0
2019-2020,CIUSSS DU CENTRE-SUD-DE-L'ÎLE-DE-MONTRÉAL,1,4,192.0
2019-2020,CIUSSS DU CENTRE-SUD-DE-L'ÎLE-DE-MONTRÉAL,1,5,699.0
2019-2020,CIUSSS DU CENTRE-SUD-DE-L'ÎLE-DE-MONTRÉAL,1,6,118.0
2019-2020,CIUSSS DU CENTRE-SUD-DE-L'ÎLE-DE-MONTRÉAL,1,7,3.0
2019-2020,CIUSSS DU CENTRE-SUD-DE-L'ÎLE-DE-MONTRÉAL,1,8,0.0
2019-2020,CIUSSS DU CENTRE-SUD-DE-L'ÎLE-DE-MONTRÉAL,1,9,2585.0
2019-2020,CIUSSS DU CENTRE-SUD-DE-L'ÎLE-DE-MONTRÉAL,2,1,2.0
2019-2020,CIUSSS DU CENTRE-SUD-DE-L'ÎLE-DE-MONTRÉAL,2,2,6.0
2019-2020,CIUSSS DU CENTRE-SUD-DE-L'ÎLE-DE-MONTRÉAL,2,3,3.0
2019-2020,CIUSSS DU CENTRE-SUD-DE-L'ÎLE-DE-MONTRÉAL,2,4,9.0
2019-2020,CIUSSS DU CENTRE-SUD-DE-L'ÎLE-DE-MONTRÉAL,2,5,117.0
2019-2020,CIUSSS DU CENTRE-SUD-DE-L'ÎLE-DE-MONTRÉAL,2,6,103.0
2019-2020,CIUSSS DU CENTRE-SUD-DE-L'ÎLE-DE-MONTRÉAL,2,7,10.0
2019-2020,CIUSSS DU CENTRE-SUD-DE-L'ÎLE-DE-MONTRÉAL,2,8,2.0
2019-2020,CIUSSS DU CENTRE-SUD-DE-L'ÎLE-DE-MONTRÉAL,2,9,252.0
2019-2020,CIUSSS DU CENTRE-SUD-DE-L'ÎLE-DE-MONTRÉAL,3,1,0.0
2019-2020,CIUSSS DU CENTRE-SUD-DE-L'ÎLE-DE-MONTRÉAL,3,2,1.0
2019-2020,CIUSSS DU CENTRE-SUD-DE-L'ÎLE-DE-MONTRÉAL,3,3,2.0
2019-2020,CIUSSS DU CENTRE-SUD-DE-L'ÎLE-DE-MONTRÉAL,3,4,0.0
2019-2020,CIUSSS DU CENTRE-SUD-DE-L'ÎLE-DE-MONTRÉAL,3,5,6.0
2019-2020,CIUSSS DU CENTRE-SUD-DE-L'ÎLE-DE-MONTRÉAL,3,6,2.0
2019-2020,CIUSSS DU CENTRE-SUD-DE-L'ÎLE-DE-MONTRÉAL,3,7,2.0
2019-2020,CIUSSS DU CENTRE-SUD-DE-L'ÎLE-DE-MONTRÉAL,3,8,0.0
2019-2020,CIUSSS DU CENTRE-SUD-DE-L'ÎLE-DE-MONTRÉAL,3,9,13.0
2019-2020,CIUSSS DU CENTRE-SUD-DE-L'ÎLE-DE-MONTRÉAL,4,1,1.0
2019-2020,CIUSSS DU CENTRE-SUD-DE-L'ÎLE-DE-MONTRÉAL,4,2,0.0
2019-2020,CIUSSS DU CENTRE-SUD-DE-L'ÎLE-DE-MONTRÉAL,4,3,5.0
2019-2020,CIUSSS DU CENTRE-SUD-DE-L'ÎLE-DE-MONTRÉAL,4,4,2.0
2019-2020,CIUSSS DU CENTRE-SUD-DE-L'ÎLE-DE-MONTRÉAL,4,5,14.0
2019-2020,CIUSSS DU CENTRE-SUD-DE-L'ÎLE-DE-MONTRÉAL,4,6,21.0
2019-2020,CIUSSS DU CENTRE-SUD-DE-L'ÎLE-DE-MONTRÉAL,4,7,4.0
2019-2020,CIUSSS DU CENTRE-SUD-DE-L'ÎLE-DE-MONTRÉAL,4,8,0.0
2019-2020,CIUSSS DU CENTRE-SUD-DE-L'ÎLE-DE-MONTRÉAL,4,9,47.0
2019-2020,CIUSSS DU CENTRE-SUD-DE-L'ÎLE-DE-MONTRÉAL,5,1,0.0
2019-2020,CIUSSS DU CENTRE-SUD-DE-L'ÎLE-DE-MONTRÉAL,5,2,6.0
2019-2020,CIUSSS DU CENTRE-SUD-DE-L'ÎLE-DE-MONTRÉAL,5,3,14.0
2019-2020,CIUSSS DU CENTRE-SUD-DE-L'ÎLE-DE-MONTRÉAL,5,4,14.0
2019-2020,CIUSSS DU CENTRE-SUD-DE-L'ÎLE-DE-MONTRÉAL,5,5,71.0
2019-2020,CIUSSS DU CENTRE-SUD-DE-L'ÎLE-DE-MONTRÉAL,5,6,28.0
2019-2020,CIUSSS DU CENTRE-SUD-DE-L'ÎLE-DE-MONTRÉAL,5,7,6.0
2019-2020,CIUSSS DU CENTRE-SUD-DE-L'ÎLE-DE-MONTRÉAL,5,8,0.0
2019-2020,CIUSSS DU CENTRE-SUD-DE-L'ÎLE-DE-MONTRÉAL,5,9,139.0
2019-2020,CIUSSS DU CENTRE-SUD-DE-L'ÎLE-DE-MONTRÉAL,6,1,0.0
2019-2020,CIUSSS DU CENTRE-SUD-DE-L'ÎLE-DE-MONTRÉAL,6,2,0.0
2019-2020,CIUSSS DU CENTRE-SUD-DE-L'ÎLE-DE-MONTRÉAL,6,3,0.0
2019-2020,CIUSSS DU CENTRE-SUD-DE-L'ÎLE-DE-MONTRÉAL,6,4,0.0
2019-2020,CIUSSS DU CENTRE-SUD-DE-L'ÎLE-DE-MONTRÉAL,6,5,0.0
2019-2020,CIUSSS DU CENTRE-SUD-DE-L'ÎLE-DE-MONTRÉAL,6,6,0.0
2019-2020,CIUSSS DU CENTRE-SUD-DE-L'ÎLE-DE-MONTRÉAL,6,7,0.0
2019-2020,CIUSSS DU CENTRE-SUD-DE-L'ÎLE-DE-MONTRÉAL,6,8,0.0
2019-2020,CIUSSS DU CENTRE-SUD-DE-L'ÎLE-DE-MONTRÉAL,6,9,0.0
2019-2020,CIUSSS DU CENTRE-SUD-DE-L'ÎLE-DE-MONTRÉAL,7,1,0.0
2019-2020,CIUSSS DU CENTRE-SUD-DE-L'ÎLE-DE-MONTRÉAL,7,2,1.0
2019-2020,CIUSSS DU CENTRE-SUD-DE-L'ÎLE-DE-MONTRÉAL,7,3,2.0
2019-2020,CIUSSS DU CENTRE-SUD-DE-L'ÎLE-DE-MONTRÉAL,7,4,1.0
2019-2020,CIUSSS DU CENTRE-SUD-DE-L'ÎLE-DE-MONTRÉAL,7,5,5.0
2019-2020,CIUSSS DU CENTRE-SUD-DE-L'ÎLE-DE-MONTRÉAL,7,6,10.0
2019-2020,CIUSSS DU CENTRE-SUD-DE-L'ÎLE-DE-MONTRÉAL,7,7,0.0
2019-2020,CIUSSS DU CENTRE-SUD-DE-L'ÎLE-DE-MONTRÉAL,7,8,0.0
2019-2020,CIUSSS DU CENTRE-SUD-DE-L'ÎLE-DE-MONTRÉAL,7,9,19.0
2019-2020,CIUSSS DU CENTRE-SUD-DE-L'ÎLE-DE-MONTRÉAL,8,1,0.0
2019-2020,CIUSSS DU CENTRE-SUD-DE-L'ÎLE-DE-MONTRÉAL,8,2,18.0
2019-2020,CIUSSS DU CENTRE-SUD-DE-L'ÎLE-DE-MONTRÉAL,8,3,52.0
2019-2020,CIUSSS DU CENTRE-SUD-DE-L'ÎLE-DE-MONTRÉAL,8,4,60.0
2019-2020,CIUSSS DU CENTRE-SUD-DE-L'ÎLE-DE-MONTRÉAL,8,5,403.0
2019-2020,CIUSSS DU CENTRE-SUD-DE-L'ÎLE-DE-MONTRÉAL,8,6,699.0
2019-2020,CIUSSS DU CENTRE-SUD-DE-L'ÎLE-DE-MONTRÉAL,8,7,177.0
2019-2020,CIUSSS DU CENTRE-SUD-DE-L'ÎLE-DE-MONTRÉAL,8,8,28.0
2019-2020,CIUSSS DU CENTRE-SUD-DE-L'ÎLE-DE-MONTRÉAL,8,9,1437.0
2019-2020,CIUSSS DU CENTRE-SUD-DE-L'ÎLE-DE-MONTRÉAL,9,1,4.0
2019-2020,CIUSSS DU CENTRE-SUD-DE-L'ÎLE-DE-MONTRÉAL,9,2,22.0
2019-2020,CIUSSS DU CENTRE-SUD-DE-L'ÎLE-DE-MONTRÉAL,9,3,21.0
2019-2020,CIUSSS DU CENTRE-SUD-DE-L'ÎLE-DE-MONTRÉAL,9,4,14.0
2019-2020,CIUSSS DU CENTRE-SUD-DE-L'ÎLE-DE-MONTRÉAL,9,5,73.0
2019-2020,CIUSSS DU CENTRE-SUD-DE-L'ÎLE-DE-MONTRÉAL,9,6,133.0
2019-2020,CIUSSS DU CENTRE-SUD-DE-L'ÎLE-DE-MONTRÉAL,9,7,32.0
2019-2020,CIUSSS DU CENTRE-SUD-DE-L'ÎLE-DE-MONTRÉAL,9,8,7.0
2019-2020,CIUSSS DU CENTRE-SUD-DE-L'ÎLE-DE-MONTRÉAL,9,9,306.0
2019-2020,CIUSSS DU CENTRE-SUD-DE-L'ÎLE-DE-MONTRÉAL,10,1,0.0
2019-2020,CIUSSS DU CENTRE-SUD-DE-L'ÎLE-DE-MONTRÉAL,10,2,0.0
2019-2020,CIUSSS DU CENTRE-SUD-DE-L'ÎLE-DE-MONTRÉAL,10,3,0.0
2019-2020,CIUSSS DU CENTRE-SUD-DE-L'ÎLE-DE-MONTRÉAL,10,4,0.0
2019-2020,CIUSSS DU CENTRE-SUD-DE-L'ÎLE-DE-MONTRÉAL,10,5,1.0
2019-2020,CIUSSS DU CENTRE-SUD-DE-L'ÎLE-DE-MONTRÉAL,10,6,7.0
2019-2020,CIUSSS DU CENTRE-SUD-DE-L'ÎLE-DE-MONTRÉAL,10,7,1.0
2019-2020,CIUSSS DU CENTRE-SUD-DE-L'ÎLE-DE-MONTRÉAL,10,8,0.0
2019-2020,CIUSSS DU CENTRE-SUD-DE-L'ÎLE-DE-MONTRÉAL,10,9,9.0
2019-2020,CIUSSS DU CENTRE-SUD-DE-L'ÎLE-DE-MONTRÉAL,11,1,0.0
2019-2020,CIUSSS DU CENTRE-SUD-DE-L'ÎLE-DE-MONTRÉAL,11,2,2.0
2019-2020,CIUSSS DU CENTRE-SUD-DE-L'ÎLE-DE-MONTRÉAL,11,3,6.0
2019-2020,CIUSSS DU CENTRE-SUD-DE-L'ÎLE-DE-MONTRÉAL,11,4,1.0
2019-2020,CIUSSS DU CENTRE-SUD-DE-L'ÎLE-DE-MONTRÉAL,11,5,1.0
2019-2020,CIUSSS DU CENTRE-SUD-DE-L'ÎLE-DE-MONTRÉAL,11,6,1.0
2019-2020,CIUSSS DU CENTRE-SUD-DE-L'ÎLE-DE-MONTRÉAL,11,7,0.0
2019-2020,CIUSSS DU CENTRE-SUD-DE-L'ÎLE-DE-MONTRÉAL,11,8,0.0
2019-2020,CIUSSS DU CENTRE-SUD-DE-L'ÎLE-DE-MONTRÉAL,11,9,11.0
2019-2020,CIUSSS DU CENTRE-SUD-DE-L'ÎLE-DE-MONTRÉAL,12,1,0.0
2019-2020,CIUSSS DU CENTRE-SUD-DE-L'ÎLE-DE-MONTRÉAL,12,2,1.0
2019-2020,CIUSSS DU CENTRE-SUD-DE-L'ÎLE-DE-MONTRÉAL,12,3,6.0
2019-2020,CIUSSS DU CENTRE-SUD-DE-L'ÎLE-DE-MONTRÉAL,12,4,7.0
2019-2020,CIUSSS DU CENTRE-SUD-DE-L'ÎLE-DE-MONTRÉAL,12,5,19.0
2019-2020,CIUSSS DU CENTRE-SUD-DE-L'ÎLE-DE-MONTRÉAL,12,6,19.0
2019-2020,CIUSSS DU CENTRE-SUD-DE-L'ÎLE-DE-MONTRÉAL,12,7,4.0
2019-2020,CIUSSS DU CENTRE-SUD-DE-L'ÎLE-DE-MONTRÉAL,12,8,0.0
2019-2020,CIUSSS DU CENTRE-SUD-DE-L'ÎLE-DE-MONTRÉAL,12,9,56.0
2019-2020,CIUSSS DU CENTRE-SUD-DE-L'ÎLE-DE-MONTRÉAL,13,1,575.0
2019-2020,CIUSSS DU CENTRE-SUD-DE-L'ÎLE-DE-MONTRÉAL,13,2,759.0
2019-2020,CIUSSS DU CENTRE-SUD-DE-L'ÎLE-DE-MONTRÉAL,13,3,414.0
2019-2020,CIUSSS DU CENTRE-SUD-DE-L'ÎLE-DE-MONTRÉAL,13,4,300.0
2019-2020,CIUSSS DU CENTRE-SUD-DE-L'ÎLE-DE-MONTRÉAL,13,5,1409.0
2019-2020,CIUSSS DU CENTRE-SUD-DE-L'ÎLE-DE-MONTRÉAL,13,6,1141.0
2019-2020,CIUSSS DU CENTRE-SUD-DE-L'ÎLE-DE-MONTRÉAL,13,7,239.0
2019-2020,CIUSSS DU CENTRE-SUD-DE-L'ÎLE-DE-MONTRÉAL,13,8,37.0
2019-2020,CIUSSS DU CENTRE-SUD-DE-L'ÎLE-DE-MONTRÉAL,13,9,4874.0
2019-2020,CIUSSS DU CENTRE-SUD-DE-L'ÎLE-DE-MONTRÉAL,16,1,14.0
2019-2020,CIUSSS DU CENTRE-SUD-DE-L'ÎLE-DE-MONTRÉAL,17,1,89.0
2019-2020,CIUSSS de l'Estrie  CHUS,1,1,59.0
2019-2020,CIUSSS de l'Estrie  CHUS,1,2,122.0
2019-2020,CIUSSS de l'Estrie  CHUS,1,3,44.0
2019-2020,CIUSSS de l'Estrie  CHUS,1,4,34.0
2019-2020,CIUSSS de l'Estrie  CHUS,1,5,182.0
2019-2020,CIUSSS de l'Estrie  CHUS,1,6,43.0
2019-2020,CIUSSS de l'Estrie  CHUS,1,7,3.0
2019-2020,CIUSSS de l'Estrie  CHUS,1,8,0.0
2019-2020,CIUSSS de l'Estrie  CHUS,1,9,487.0
2019-2020,CIUSSS de l'Estrie  CHUS,2,1,0.0
2019-2020,CIUSSS de l'Estrie  CHUS,2,2,0.0
2019-2020,CIUSSS de l'Estrie  CHUS,2,3,1.0
2019-2020,CIUSSS de l'Estrie  CHUS,2,4,2.0
2019-2020,CIUSSS de l'Estrie  CHUS,2,5,42.0
2019-2020,CIUSSS de l'Estrie  CHUS,2,6,24.0
2019-2020,CIUSSS de l'Estrie  CHUS,2,7,2.0
2019-2020,CIUSSS de l'Estrie  CHUS,2,8,0.0
2019-2020,CIUSSS de l'Estrie  CHUS,2,9,71.0
2019-2020,CIUSSS de l'Estrie  CHUS,3,1,1.0
2019-2020,CIUSSS de l'Estrie  CHUS,3,2,3.0
2019-2020,CIUSSS de l'Estrie  CHUS,3,3,6.0
2019-2020,CIUSSS de l'Estrie  CHUS,3,4,0.0
2019-2020,CIUSSS de l'Estrie  CHUS,3,5,73.0
2019-2020,CIUSSS de l'Estrie  CHUS,3,6,122.0
2019-2020,CIUSSS de l'Estrie  CHUS,3,7,35.0
2019-2020,CIUSSS de l'Estrie  CHUS,3,8,3.0
2019-2020,CIUSSS de l'Estrie  CHUS,3,9,243.0
2019-2020,CIUSSS de l'Estrie  CHUS,4,1,0.0
2019-2020,CIUSSS de l'Estrie  CHUS,4,2,0.0
2019-2020,CIUSSS de l'Estrie  CHUS,4,3,0.0
2019-2020,CIUSSS de l'Estrie  CHUS,4,4,0.0
2019-2020,CIUSSS de l'Estrie  CHUS,4,5,0.0
2019-2020,CIUSSS de l'Estrie  CHUS,4,6,0.0
2019-2020,CIUSSS de l'Estrie  CHUS,4,7,0.0
2019-2020,CIUSSS de l'Estrie  CHUS,4,8,0.0
2019-2020,CIUSSS de l'Estrie  CHUS,4,9,0.0
2019-2020,CIUSSS de l'Estrie  CHUS,5,1,0.0
2019-2020,CIUSSS de l'Estrie  CHUS,5,2,0.0
2019-2020,CIUSSS de l'Estrie  CHUS,5,3,4.0
2019-2020,CIUSSS de l'Estrie  CHUS,5,4,3.0
2019-2020,CIUSSS de l'Estrie  CHUS,5,5,14.0
2019-2020,CIUSSS de l'Estrie  CHUS,5,6,9.0
2019-2020,CIUSSS de l'Estrie  CHUS,5,7,0.0
2019-2020,CIUSSS de l'Estrie  CHUS,5,8,0.0
2019-2020,CIUSSS de l'Estrie  CHUS,5,9,30.0
2019-2020,CIUSSS de l'Estrie  CHUS,6,1,0.0
2019-2020,CIUSSS de l'Estrie  CHUS,6,2,0.0
2019-2020,CIUSSS de l'Estrie  CHUS,6,3,0.0
2019-2020,CIUSSS de l'Estrie  CHUS,6,4,0.0
2019-2020,CIUSSS de l'Estrie  CHUS,6,5,0.0
2019-2020,CIUSSS de l'Estrie  CHUS,6,6,4.0
2019-2020,CIUSSS de l'Estrie  CHUS,6,7,1.0
2019-2020,CIUSSS de l'Estrie  CHUS,6,8,0.0
2019-2020,CIUSSS de l'Estrie  CHUS,6,9,5.0
2019-2020,CIUSSS de l'Estrie  CHUS,7,1,0.0
2019-2020,CIUSSS de l'Estrie  CHUS,7,2,0.0
2019-2020,CIUSSS de l'Estrie  CHUS,7,3,0.0
2019-2020,CIUSSS de l'Estrie  CHUS,7,4,0.0
2019-2020,CIUSSS de l'Estrie  CHUS,7,5,0.0
2019-2020,CIUSSS de l'Estrie  CHUS,7,6,0.0
2019-2020,CIUSSS de l'Estrie  CHUS,7,7,0.0
2019-2020,CIUSSS de l'Estrie  CHUS,7,8,0.0
2019-2020,CIUSSS de l'Estrie  CHUS,7,9,0.0
2019-2020,CIUSSS de l'Estrie  CHUS,8,1,0.0
2019-2020,CIUSSS de l'Estrie  CHUS,8,2,0.0
2019-2020,CIUSSS de l'Estrie  CHUS,8,3,0.0
2019-2020,CIUSSS de l'Estrie  CHUS,8,4,0.0
2019-2020,CIUSSS de l'Estrie  CHUS,8,5,3.0
2019-2020,CIUSSS de l'Estrie  CHUS,8,6,8.0
2019-2020,CIUSSS de l'Estrie  CHUS,8,7,2.0
2019-2020,CIUSSS de l'Estrie  CHUS,8,8,0.0
2019-2020,CIUSSS de l'Estrie  CHUS,8,9,13.0
2019-2020,CIUSSS de l'Estrie  CHUS,9,1,0.0
2019-2020,CIUSSS de l'Estrie  CHUS,9,2,7.0
2019-2020,CIUSSS de l'Estrie  CHUS,9,3,7.0
2019-2020,CIUSSS de l'Estrie  CHUS,9,4,21.0
2019-2020,CIUSSS de l'Estrie  CHUS,9,5,52.0
2019-2020,CIUSSS de l'Estrie  CHUS,9,6,31.0
2019-2020,CIUSSS de l'Estrie  CHUS,9,7,5.0
2019-2020,CIUSSS de l'Estrie  CHUS,9,8,0.0
2019-2020,CIUSSS de l'Estrie  CHUS,9,9,123.0
2019-2020,CIUSSS de l'Estrie  CHUS,10,1,0.0
2019-2020,CIUSSS de l'Estrie  CHUS,10,2,0.0
2019-2020,CIUSSS de l'Estrie  CHUS,10,3,0.0
2019-2020,CIUSSS de l'Estrie  CHUS,10,4,0.0
2019-2020,CIUSSS de l'Estrie  CHUS,10,5,0.0
2019-2020,CIUSSS de l'Estrie  CHUS,10,6,0.0
2019-2020,CIUSSS de l'Estrie  CHUS,10,7,0.0
2019-2020,CIUSSS de l'Estrie  CHUS,10,8,0.0
2019-2020,CIUSSS de l'Estrie  CHUS,10,9,0.0
2019-2020,CIUSSS de l'Estrie  CHUS,11,1,0.0
2019-2020,CIUSSS de l'Estrie  CHUS,11,2,0.0
2019-2020,CIUSSS de l'Estrie  CHUS,11,3,0.0
2019-2020,CIUSSS de l'Estrie  CHUS,11,4,0.0
2019-2020,CIUSSS de l'Estrie  CHUS,11,5,0.0
2019-2020,CIUSSS de l'Estrie  CHUS,11,6,0.0
2019-2020,CIUSSS de l'Estrie  CHUS,11,7,0.0
2019-2020,CIUSSS de l'Estrie  CHUS,11,8,0.0
2019-2020,CIUSSS de l'Estrie  CHUS,11,9,0.0
2019-2020,CIUSSS de l'Estrie  CHUS,12,1,0.0
2019-2020,CIUSSS de l'Estrie  CHUS,12,2,0.0
2019-2020,CIUSSS de l'Estrie  CHUS,12,3,1.0
2019-2020,CIUSSS de l'Estrie  CHUS,12,4,1.0
2019-2020,CIUSSS de l'Estrie  CHUS,12,5,20.0
2019-2020,CIUSSS de l'Estrie  CHUS,12,6,17.0
2019-2020,CIUSSS de l'Estrie  CHUS,12,7,10.0
2019-2020,CIUSSS de l'Estrie  CHUS,12,8,0.0
2019-2020,CIUSSS de l'Estrie  CHUS,12,9,49.0
2019-2020,CIUSSS de l'Estrie  CHUS,13,1,60.0
2019-2020,CIUSSS de l'Estrie  CHUS,13,2,132.0
2019-2020,CIUSSS de l'Estrie  CHUS,13,3,63.0
2019-2020,CIUSSS de l'Estrie  CHUS,13,4,61.0
2019-2020,CIUSSS de l'Estrie  CHUS,13,5,386.0
2019-2020,CIUSSS de l'Estrie  CHUS,13,6,258.0
2019-2020,CIUSSS de l'Estrie  CHUS,13,7,58.0
2019-2020,CIUSSS de l'Estrie  CHUS,13,8,3.0
2019-2020,CIUSSS de l'Estrie  CHUS,13,9,1021.0
2019-2020,CIUSSS de l'Estrie  CHUS,14,1,1.0
2019-2020,CIUSSS de l'Estrie  CHUS,15,1,3.0
2019-2020,CIUSSS de l'Estrie  CHUS,16,1,13.0
2019-2020,CIUSSS de l'Estrie  CHUS,17,1,38.0
2019-2020,CIUSSS de l'Ouest-de-l'Île-de-Montréal,1,1,168.0
2019-2020,CIUSSS de l'Ouest-de-l'Île-de-Montréal,1,2,363.0
2019-2020,CIUSSS de l'Ouest-de-l'Île-de-Montréal,1,3,198.0
2019-2020,CIUSSS de l'Ouest-de-l'Île-de-Montréal,1,4,94.0
2019-2020,CIUSSS de l'Ouest-de-l'Île-de-Montréal,1,5,368.0
2019-2020,CIUSSS de l'Ouest-de-l'Île-de-Montréal,1,6,71.0
2019-2020,CIUSSS de l'Ouest-de-l'Île-de-Montréal,1,7,1.0
2019-2020,CIUSSS de l'Ouest-de-l'Île-de-Montréal,1,8,0.0
2019-2020,CIUSSS de l'Ouest-de-l'Île-de-Montréal,1,9,1263.0
2019-2020,CIUSSS de l'Ouest-de-l'Île-de-Montréal,2,1,0.0
2019-2020,CIUSSS de l'Ouest-de-l'Île-de-Montréal,2,2,0.0
2019-2020,CIUSSS de l'Ouest-de-l'Île-de-Montréal,2,3,0.0
2019-2020,CIUSSS de l'Ouest-de-l'Île-de-Montréal,2,4,1.0
2019-2020,CIUSSS de l'Ouest-de-l'Île-de-Montréal,2,5,44.0
2019-2020,CIUSSS de l'Ouest-de-l'Île-de-Montréal,2,6,52.0
2019-2020,CIUSSS de l'Ouest-de-l'Île-de-Montréal,2,7,6.0
2019-2020,CIUSSS de l'Ouest-de-l'Île-de-Montréal,2,8,0.0
2019-2020,CIUSSS de l'Ouest-de-l'Île-de-Montréal,2,9,103.0
2019-2020,CIUSSS de l'Ouest-de-l'Île-de-Montréal,3,1,0.0
2019-2020,CIUSSS de l'Ouest-de-l'Île-de-Montréal,3,2,0.0
2019-2020,CIUSSS de l'Ouest-de-l'Île-de-Montréal,3,3,0.0
2019-2020,CIUSSS de l'Ouest-de-l'Île-de-Montréal,3,4,0.0
2019-2020,CIUSSS de l'Ouest-de-l'Île-de-Montréal,3,5,0.0
2019-2020,CIUSSS de l'Ouest-de-l'Île-de-Montréal,3,6,2.0
2019-2020,CIUSSS de l'Ouest-de-l'Île-de-Montréal,3,7,0.0
2019-2020,CIUSSS de l'Ouest-de-l'Île-de-Montréal,3,8,0.0
2019-2020,CIUSSS de l'Ouest-de-l'Île-de-Montréal,3,9,2.0
2019-2020,CIUSSS de l'Ouest-de-l'Île-de-Montréal,5,1,0.0
2019-2020,CIUSSS de l'Ouest-de-l'Île-de-Montréal,5,2,0.0
2019-2020,CIUSSS de l'Ouest-de-l'Île-de-Montréal,5,3,0.0
2019-2020,CIUSSS de l'Ouest-de-l'Île-de-Montréal,5,4,2.0
2019-2020,CIUSSS de l'Ouest-de-l'Île-de-Montréal,5,5,6.0
2019-2020,CIUSSS de l'Ouest-de-l'Île-de-Montréal,5,6,7.0
2019-2020,CIUSSS de l'Ouest-de-l'Île-de-Montréal,5,7,0.0
2019-2020,CIUSSS de l'Ouest-de-l'Île-de-Montréal,5,8,0.0
2019-2020,CIUSSS de l'Ouest-de-l'Île-de-Montréal,5,9,15.0
2019-2020,CIUSSS de l'Ouest-de-l'Île-de-Montréal,7,1,0.0
2019-2020,CIUSSS de l'Ouest-de-l'Île-de-Montréal,7,2,0.0
2019-2020,CIUSSS de l'Ouest-de-l'Île-de-Montréal,7,3,0.0
2019-2020,CIUSSS de l'Ouest-de-l'Île-de-Montréal,7,4,0.0
2019-2020,CIUSSS de l'Ouest-de-l'Île-de-Montréal,7,5,0.0
2019-2020,CIUSSS de l'Ouest-de-l'Île-de-Montréal,7,6,1.0
2019-2020,CIUSSS de l'Ouest-de-l'Île-de-Montréal,7,7,0.0
2019-2020,CIUSSS de l'Ouest-de-l'Île-de-Montréal,7,8,0.0
2019-2020,CIUSSS de l'Ouest-de-l'Île-de-Montréal,7,9,1.0
2019-2020,CIUSSS de l'Ouest-de-l'Île-de-Montréal,8,1,0.0
2019-2020,CIUSSS de l'Ouest-de-l'Île-de-Montréal,8,2,3.0
2019-2020,CIUSSS de l'Ouest-de-l'Île-de-Montréal,8,3,17.0
2019-2020,CIUSSS de l'Ouest-de-l'Île-de-Montréal,8,4,22.0
2019-2020,CIUSSS de l'Ouest-de-l'Île-de-Montréal,8,5,76.0
2019-2020,CIUSSS de l'Ouest-de-l'Île-de-Montréal,8,6,29.0
2019-2020,CIUSSS de l'Ouest-de-l'Île-de-Montréal,8,7,2.0
2019-2020,CIUSSS de l'Ouest-de-l'Île-de-Montréal,8,8,0.0
2019-2020,CIUSSS de l'Ouest-de-l'Île-de-Montréal,8,9,149.0
2019-2020,CIUSSS de l'Ouest-de-l'Île-de-Montréal,9,1,2.0
2019-2020,CIUSSS de l'Ouest-de-l'Île-de-Montréal,9,2,7.0
2019-2020,CIUSSS de l'Ouest-de-l'Île-de-Montréal,9,3,17.0
2019-2020,CIUSSS de l'Ouest-de-l'Île-de-Montréal,9,4,24.0
2019-2020,CIUSSS de l'Ouest-de-l'Île-de-Montréal,9,5,129.0
2019-2020,CIUSSS de l'Ouest-de-l'Île-de-Montréal,9,6,212.0
2019-2020,CIUSSS de l'Ouest-de-l'Île-de-Montréal,9,7,36.0
2019-2020,CIUSSS de l'Ouest-de-l'Île-de-Montréal,9,8,9.0
2019-2020,CIUSSS de l'Ouest-de-l'Île-de-Montréal,9,9,436.0
2019-2020,CIUSSS de l'Ouest-de-l'Île-de-Montréal,11,1,0.0
2019-2020,CIUSSS de l'Ouest-de-l'Île-de-Montréal,11,2,0.0
2019-2020,CIUSSS de l'Ouest-de-l'Île-de-Montréal,11,3,1.0
2019-2020,CIUSSS de l'Ouest-de-l'Île-de-Montréal,11,4,1.0
2019-2020,CIUSSS de l'Ouest-de-l'Île-de-Montréal,11,5,0.0
2019-2020,CIUSSS de l'Ouest-de-l'Île-de-Montréal,11,6,0.0
2019-2020,CIUSSS de l'Ouest-de-l'Île-de-Montréal,11,7,0.0
2019-2020,CIUSSS de l'Ouest-de-l'Île-de-Montréal,11,8,0.0
2019-2020,CIUSSS de l'Ouest-de-l'Île-de-Montréal,11,9,2.0
2019-2020,CIUSSS de l'Ouest-de-l'Île-de-Montréal,12,1,0.0
2019-2020,CIUSSS de l'Ouest-de-l'Île-de-Montréal,12,2,0.0
2019-2020,CIUSSS de l'Ouest-de-l'Île-de-Montréal,12,3,1.0
2019-2020,CIUSSS de l'Ouest-de-l'Île-de-Montréal,12,4,0.0
2019-2020,CIUSSS de l'Ouest-de-l'Île-de-Montréal,12,5,3.0
2019-2020,CIUSSS de l'Ouest-de-l'Île-de-Montréal,12,6,5.0
2019-2020,CIUSSS de l'Ouest-de-l'Île-de-Montréal,12,7,5.0
2019-2020,CIUSSS de l'Ouest-de-l'Île-de-Montréal,12,8,0.0
2019-2020,CIUSSS de l'Ouest-de-l'Île-de-Montréal,12,9,14.0
2019-2020,CIUSSS de l'Ouest-de-l'Île-de-Montréal,13,1,170.0
2019-2020,CIUSSS de l'Ouest-de-l'Île-de-Montréal,13,2,373.0
2019-2020,CIUSSS de l'Ouest-de-l'Île-de-Montréal,13,3,234.0
2019-2020,CIUSSS de l'Ouest-de-l'Île-de-Montréal,13,4,144.0
2019-2020,CIUSSS de l'Ouest-de-l'Île-de-Montréal,13,5,626.0
2019-2020,CIUSSS de l'Ouest-de-l'Île-de-Montréal,13,6,379.0
2019-2020,CIUSSS de l'Ouest-de-l'Île-de-Montréal,13,7,50.0
2019-2020,CIUSSS de l'Ouest-de-l'Île-de-Montréal,13,8,9.0
2019-2020,CIUSSS de l'Ouest-de-l'Île-de-Montréal,13,9,1985.0
2019-2020,CIUSSS de la Capitale-Nationale,1,1,148.0
2019-2020,CIUSSS de la Capitale-Nationale,1,2,299.0
2019-2020,CIUSSS de la Capitale-Nationale,1,3,163.0
2019-2020,CIUSSS de la Capitale-Nationale,1,4,75.0
2019-2020,CIUSSS de la Capitale-Nationale,1,5,378.0
2019-2020,CIUSSS de la Capitale-Nationale,1,6,67.0
2019-2020,CIUSSS de la Capitale-Nationale,1,7,8.0
2019-2020,CIUSSS de la Capitale-Nationale,1,8,1.0
2019-2020,CIUSSS de la Capitale-Nationale,1,9,1139.0
2019-2020,CIUSSS de la Capitale-Nationale,2,1,1.0
2019-2020,CIUSSS de la Capitale-Nationale,2,2,0.0
2019-2020,CIUSSS de la Capitale-Nationale,2,3,0.0
2019-2020,CIUSSS de la Capitale-Nationale,2,4,4.0
2019-2020,CIUSSS de la Capitale-Nationale,2,5,78.0
2019-2020,CIUSSS de la Capitale-Nationale,2,6,63.0
2019-2020,CIUSSS de la Capitale-Nationale,2,7,9.0
2019-2020,CIUSSS de la Capitale-Nationale,2,8,5.0
2019-2020,CIUSSS de la Capitale-Nationale,2,9,160.0
2019-2020,CIUSSS de la Capitale-Nationale,3,1,1.0
2019-2020,CIUSSS de la Capitale-Nationale,3,2,2.0
2019-2020,CIUSSS de la Capitale-Nationale,3,3,0.0
2019-2020,CIUSSS de la Capitale-Nationale,3,4,2.0
2019-2020,CIUSSS de la Capitale-Nationale,3,5,3.0
2019-2020,CIUSSS de la Capitale-Nationale,3,6,3.0
2019-2020,CIUSSS de la Capitale-Nationale,3,7,0.0
2019-2020,CIUSSS de la Capitale-Nationale,3,8,0.0
2019-2020,CIUSSS de la Capitale-Nationale,3,9,11.0
2019-2020,CIUSSS de la Capitale-Nationale,4,1,0.0
2019-2020,CIUSSS de la Capitale-Nationale,4,2,0.0
2019-2020,CIUSSS de la Capitale-Nationale,4,3,0.0
2019-2020,CIUSSS de la Capitale-Nationale,4,4,0.0
2019-2020,CIUSSS de la Capitale-Nationale,4,5,0.0
2019-2020,CIUSSS de la Capitale-Nationale,4,6,0.0
2019-2020,CIUSSS de la Capitale-Nationale,4,7,0.0
2019-2020,CIUSSS de la Capitale-Nationale,4,8,0.0
2019-2020,CIUSSS de la Capitale-Nationale,4,9,0.0
2019-2020,CIUSSS de la Capitale-Nationale,5,1,0.0
2019-2020,CIUSSS de la Capitale-Nationale,5,2,7.0
2019-2020,CIUSSS de la Capitale-Nationale,5,3,11.0
2019-2020,CIUSSS de la Capitale-Nationale,5,4,18.0
2019-2020,CIUSSS de la Capitale-Nationale,5,5,55.0
2019-2020,CIUSSS de la Capitale-Nationale,5,6,43.0
2019-2020,CIUSSS de la Capitale-Nationale,5,7,16.0
2019-2020,CIUSSS de la Capitale-Nationale,5,8,2.0
2019-2020,CIUSSS de la Capitale-Nationale,5,9,152.0
2019-2020,CIUSSS de la Capitale-Nationale,6,1,0.0
2019-2020,CIUSSS de la Capitale-Nationale,6,2,0.0
2019-2020,CIUSSS de la Capitale-Nationale,6,3,0.0
2019-2020,CIUSSS de la Capitale-Nationale,6,4,0.0
2019-2020,CIUSSS de la Capitale-Nationale,6,5,0.0
2019-2020,CIUSSS de la Capitale-Nationale,6,6,0.0
2019-2020,CIUSSS de la Capitale-Nationale,6,7,0.0
2019-2020,CIUSSS de la Capitale-Nationale,6,8,0.0
2019-2020,CIUSSS de la Capitale-Nationale,6,9,0.0
2019-2020,CIUSSS de la Capitale-Nationale,7,1,0.0
2019-2020,CIUSSS de la Capitale-Nationale,7,2,1.0
2019-2020,CIUSSS de la Capitale-Nationale,7,3,0.0
2019-2020,CIUSSS de la Capitale-Nationale,7,4,0.0
2019-2020,CIUSSS de la Capitale-Nationale,7,5,5.0
2019-2020,CIUSSS de la Capitale-Nationale,7,6,6.0
2019-2020,CIUSSS de la Capitale-Nationale,7,7,1.0
2019-2020,CIUSSS de la Capitale-Nationale,7,8,0.0
2019-2020,CIUSSS de la Capitale-Nationale,7,9,13.0
2019-2020,CIUSSS de la Capitale-Nationale,8,1,0.0
2019-2020,CIUSSS de la Capitale-Nationale,8,2,8.0
2019-2020,CIUSSS de la Capitale-Nationale,8,3,12.0
2019-2020,CIUSSS de la Capitale-Nationale,8,4,19.0
2019-2020,CIUSSS de la Capitale-Nationale,8,5,169.0
2019-2020,CIUSSS de la Capitale-Nationale,8,6,232.0
2019-2020,CIUSSS de la Capitale-Nationale,8,7,61.0
2019-2020,CIUSSS de la Capitale-Nationale,8,8,23.0
2019-2020,CIUSSS de la Capitale-Nationale,8,9,524.0
2019-2020,CIUSSS de la Capitale-Nationale,9,1,0.0
2019-2020,CIUSSS de la Capitale-Nationale,9,2,5.0
2019-2020,CIUSSS de la Capitale-Nationale,9,3,4.0
2019-2020,CIUSSS de la Capitale-Nationale,9,4,4.0
2019-2020,CIUSSS de la Capitale-Nationale,9,5,85.0
2019-2020,CIUSSS de la Capitale-Nationale,9,6,144.0
2019-2020,CIUSSS de la Capitale-Nationale,9,7,64.0
2019-2020,CIUSSS de la Capitale-Nationale,9,8,27.0
2019-2020,CIUSSS de la Capitale-Nationale,9,9,333.0
2019-2020,CIUSSS de la Capitale-Nationale,10,1,0.0
2019-2020,CIUSSS de la Capitale-Nationale,10,2,0.0
2019-2020,CIUSSS de la Capitale-Nationale,10,3,0.0
2019-2020,CIUSSS de la Capitale-Nationale,10,4,0.0
2019-2020,CIUSSS de la Capitale-Nationale,10,5,0.0
2019-2020,CIUSSS de la Capitale-Nationale,10,6,0.0
2019-2020,CIUSSS de la Capitale-Nationale,10,7,0.0
2019-2020,CIUSSS de la Capitale-Nationale,10,8,0.0
2019-2020,CIUSSS de la Capitale-Nationale,10,9,0.0
2019-2020,CIUSSS de la Capitale-Nationale,11,1,0.0
2019-2020,CIUSSS de la Capitale-Nationale,11,2,0.0
2019-2020,CIUSSS de la Capitale-Nationale,11,3,0.0
2019-2020,CIUSSS de la Capitale-Nationale,11,4,0.0
2019-2020,CIUSSS de la Capitale-Nationale,11,5,1.0
2019-2020,CIUSSS de la Capitale-Nationale,11,6,1.0
2019-2020,CIUSSS de la Capitale-Nationale,11,7,0.0
2019-2020,CIUSSS de la Capitale-Nationale,11,8,0.0
2019-2020,CIUSSS de la Capitale-Nationale,11,9,2.0
2019-2020,CIUSSS de la Capitale-Nationale,12,1,1.0
2019-2020,CIUSSS de la Capitale-Nationale,12,2,1.0
2019-2020,CIUSSS de la Capitale-Nationale,12,3,2.0
2019-2020,CIUSSS de la Capitale-Nationale,12,4,0.0
2019-2020,CIUSSS de la Capitale-Nationale,12,5,11.0
2019-2020,CIUSSS de la Capitale-Nationale,12,6,15.0
2019-2020,CIUSSS de la Capitale-Nationale,12,7,6.0
2019-2020,CIUSSS de la Capitale-Nationale,12,8,1.0
2019-2020,CIUSSS de la Capitale-Nationale,12,9,37.0
2019-2020,CIUSSS de la Capitale-Nationale,13,1,151.0
2019-2020,CIUSSS de la Capitale-Nationale,13,2,323.0
2019-2020,CIUSSS de la Capitale-Nationale,13,3,192.0
2019-2020,CIUSSS de la Capitale-Nationale,13,4,122.0
2019-2020,CIUSSS de la Capitale-Nationale,13,5,785.0
2019-2020,CIUSSS de la Capitale-Nationale,13,6,574.0
2019-2020,CIUSSS de la Capitale-Nationale,13,7,165.0
2019-2020,CIUSSS de la Capitale-Nationale,13,8,59.0
2019-2020,CIUSSS de la Capitale-Nationale,13,9,2371.0
2019-2020,CIUSSS de la Mauricie-et-du-Centre-du-Québec,1,1,217.0
2019-2020,CIUSSS de la Mauricie-et-du-Centre-du-Québec,1,2,372.0
2019-2020,CIUSSS de la Mauricie-et-du-Centre-du-Québec,1,3,169.0
2019-2020,CIUSSS de la Mauricie-et-du-Centre-du-Québec,1,4,93.0
2019-2020,CIUSSS de la Mauricie-et-du-Centre-du-Québec,1,5,375.0
2019-2020,CIUSSS de la Mauricie-et-du-Centre-du-Québec,1,6,44.0
2019-2020,CIUSSS de la Mauricie-et-du-Centre-du-Québec,1,7,2.0
2019-2020,CIUSSS de la Mauricie-et-du-Centre-du-Québec,1,9,1272.0
2019-2020,CIUSSS de la Mauricie-et-du-Centre-du-Québec,2,4,13.0
2019-2020,CIUSSS de la Mauricie-et-du-Centre-du-Québec,2,5,114.0
2019-2020,CIUSSS de la Mauricie-et-du-Centre-du-Québec,2,6,51.0
2019-2020,CIUSSS de la Mauricie-et-du-Centre-du-Québec,2,7,7.0
2019-2020,CIUSSS de la Mauricie-et-du-Centre-du-Québec,2,8,2.0
2019-2020,CIUSSS de la Mauricie-et-du-Centre-du-Québec,2,9,187.0
2019-2020,CIUSSS de la Mauricie-et-du-Centre-du-Québec,3,1,1.0
2019-2020,CIUSSS de la Mauricie-et-du-Centre-du-Québec,3,2,5.0
2019-2020,CIUSSS de la Mauricie-et-du-Centre-du-Québec,3,3,10.0
2019-2020,CIUSSS de la Mauricie-et-du-Centre-du-Québec,3,4,3.0
2019-2020,CIUSSS de la Mauricie-et-du-Centre-du-Québec,3,5,11.0
2019-2020,CIUSSS de la Mauricie-et-du-Centre-du-Québec,3,6,12.0
2019-2020,CIUSSS de la Mauricie-et-du-Centre-du-Québec,3,9,42.0
2019-2020,CIUSSS de la Mauricie-et-du-Centre-du-Québec,5,3,3.0
2019-2020,CIUSSS de la Mauricie-et-du-Centre-du-Québec,5,4,4.0
2019-2020,CIUSSS de la Mauricie-et-du-Centre-du-Québec,5,5,12.0
2019-2020,CIUSSS de la Mauricie-et-du-Centre-du-Québec,5,6,4.0
2019-2020,CIUSSS de la Mauricie-et-du-Centre-du-Québec,5,7,1.0
2019-2020,CIUSSS de la Mauricie-et-du-Centre-du-Québec,5,9,24.0
2019-2020,CIUSSS de la Mauricie-et-du-Centre-du-Québec,7,3,1.0
2019-2020,CIUSSS de la Mauricie-et-du-Centre-du-Québec,7,5,2.0
2019-2020,CIUSSS de la Mauricie-et-du-Centre-du-Québec,7,6,2.0
2019-2020,CIUSSS de la Mauricie-et-du-Centre-du-Québec,7,7,1.0
2019-2020,CIUSSS de la Mauricie-et-du-Centre-du-Québec,7,9,6.0
2019-2020,CIUSSS de la Mauricie-et-du-Centre-du-Québec,8,2,2.0
2019-2020,CIUSSS de la Mauricie-et-du-Centre-du-Québec,8,3,12.0
2019-2020,CIUSSS de la Mauricie-et-du-Centre-du-Québec,8,4,13.0
2019-2020,CIUSSS de la Mauricie-et-du-Centre-du-Québec,8,5,78.0
2019-2020,CIUSSS de la Mauricie-et-du-Centre-du-Québec,8,6,75.0
2019-2020,CIUSSS de la Mauricie-et-du-Centre-du-Québec,8,7,23.0
2019-2020,CIUSSS de la Mauricie-et-du-Centre-du-Québec,8,8,4.0
2019-2020,CIUSSS de la Mauricie-et-du-Centre-du-Québec,8,9,207.0
2019-2020,CIUSSS de la Mauricie-et-du-Centre-du-Québec,9,2,5.0
2019-2020,CIUSSS de la Mauricie-et-du-Centre-du-Québec,9,3,13.0
2019-2020,CIUSSS de la Mauricie-et-du-Centre-du-Québec,9,4,13.0
2019-2020,CIUSSS de la Mauricie-et-du-Centre-du-Québec,9,5,116.0
2019-2020,CIUSSS de la Mauricie-et-du-Centre-du-Québec,9,6,132.0
2019-2020,CIUSSS de la Mauricie-et-du-Centre-du-Québec,9,7,10.0
2019-2020,CIUSSS de la Mauricie-et-du-Centre-du-Québec,9,8,1.0
2019-2020,CIUSSS de la Mauricie-et-du-Centre-du-Québec,9,9,290.0
2019-2020,CIUSSS de la Mauricie-et-du-Centre-du-Québec,12,1,2.0
2019-2020,CIUSSS de la Mauricie-et-du-Centre-du-Québec,12,2,8.0
2019-2020,CIUSSS de la Mauricie-et-du-Centre-du-Québec,12,3,14.0
2019-2020,CIUSSS de la Mauricie-et-du-Centre-du-Québec,12,4,4.0
2019-2020,CIUSSS de la Mauricie-et-du-Centre-du-Québec,12,5,12.0
2019-2020,CIUSSS de la Mauricie-et-du-Centre-du-Québec,12,6,8.0
2019-2020,CIUSSS de la Mauricie-et-du-Centre-du-Québec,12,7,2.0
2019-2020,CIUSSS de la Mauricie-et-du-Centre-du-Québec,12,9,50.0
2019-2020,CIUSSS de la Mauricie-et-du-Centre-du-Québec,13,1,220.0
2019-2020,CIUSSS de la Mauricie-et-du-Centre-du-Québec,13,2,392.0
2019-2020,CIUSSS de la Mauricie-et-du-Centre-du-Québec,13,3,222.0
2019-2020,CIUSSS de la Mauricie-et-du-Centre-du-Québec,13,4,143.0
2019-2020,CIUSSS de la Mauricie-et-du-Centre-du-Québec,13,5,720.0
2019-2020,CIUSSS de la Mauricie-et-du-Centre-du-Québec,13,6,328.0
2019-2020,CIUSSS de la Mauricie-et-du-Centre-du-Québec,13,7,46.0
2019-2020,CIUSSS de la Mauricie-et-du-Centre-du-Québec,13,8,7.0
2019-2020,CIUSSS de la Mauricie-et-du-Centre-du-Québec,13,9,2078.0
2019-2020,CIUSSS de la Mauricie-et-du-Centre-du-Québec,16,1,4.0
2019-2020,CIUSSS de la Mauricie-et-du-Centre-du-Québec,17,1,57.0
2019-2020,CIUSSS du Saguenay  Lac-Saint-Jean,1,1,118.0
2019-2020,CIUSSS du Saguenay  Lac-Saint-Jean,1,2,142.0
2019-2020,CIUSSS du Saguenay  Lac-Saint-Jean,1,3,73.0
2019-2020,CIUSSS du Saguenay  Lac-Saint-Jean,1,4,57.0
2019-2020,CIUSSS du Saguenay  Lac-Saint-Jean,1,5,213.0
2019-2020,CIUSSS du Saguenay  Lac-Saint-Jean,1,6,35.0
2019-2020,CIUSSS du Saguenay  Lac-Saint-Jean,1,7,2.0
2019-2020,CIUSSS du Saguenay  Lac-Saint-Jean,1,8,0.0
2019-2020,CIUSSS du Saguenay  Lac-Saint-Jean,1,9,640.0
2019-2020,CIUSSS du Saguenay  Lac-Saint-Jean,2,1,0.0
2019-2020,CIUSSS du Saguenay  Lac-Saint-Jean,2,2,0.0
2019-2020,CIUSSS du Saguenay  Lac-Saint-Jean,2,3,0.0
2019-2020,CIUSSS du Saguenay  Lac-Saint-Jean,2,4,9.0
2019-2020,CIUSSS du Saguenay  Lac-Saint-Jean,2,5,65.0
2019-2020,CIUSSS du Saguenay  Lac-Saint-Jean,2,6,37.0
2019-2020,CIUSSS du Saguenay  Lac-Saint-Jean,2,7,4.0
2019-2020,CIUSSS du Saguenay  Lac-Saint-Jean,2,8,0.0
2019-2020,CIUSSS du Saguenay  Lac-Saint-Jean,2,9,115.0
2019-2020,CIUSSS du Saguenay  Lac-Saint-Jean,3,1,7.0
2019-2020,CIUSSS du Saguenay  Lac-Saint-Jean,3,2,5.0
2019-2020,CIUSSS du Saguenay  Lac-Saint-Jean,3,3,9.0
2019-2020,CIUSSS du Saguenay  Lac-Saint-Jean,3,4,5.0
2019-2020,CIUSSS du Saguenay  Lac-Saint-Jean,3,5,4.0
2019-2020,CIUSSS du Saguenay  Lac-Saint-Jean,3,6,5.0
2019-2020,CIUSSS du Saguenay  Lac-Saint-Jean,3,7,0.0
2019-2020,CIUSSS du Saguenay  Lac-Saint-Jean,3,8,0.0
2019-2020,CIUSSS du Saguenay  Lac-Saint-Jean,3,9,35.0
2019-2020,CIUSSS du Saguenay  Lac-Saint-Jean,4,1,0.0
2019-2020,CIUSSS du Saguenay  Lac-Saint-Jean,4,2,0.0
2019-2020,CIUSSS du Saguenay  Lac-Saint-Jean,4,3,0.0
2019-2020,CIUSSS du Saguenay  Lac-Saint-Jean,4,4,0.0
2019-2020,CIUSSS du Saguenay  Lac-Saint-Jean,4,5,0.0
2019-2020,CIUSSS du Saguenay  Lac-Saint-Jean,4,6,0.0
2019-2020,CIUSSS du Saguenay  Lac-Saint-Jean,4,7,0.0
2019-2020,CIUSSS du Saguenay  Lac-Saint-Jean,4,8,0.0
2019-2020,CIUSSS du Saguenay  Lac-Saint-Jean,4,9,0.0
2019-2020,CIUSSS du Saguenay  Lac-Saint-Jean,5,1,0.0
2019-2020,CIUSSS du Saguenay  Lac-Saint-Jean,5,2,0.0
2019-2020,CIUSSS du Saguenay  Lac-Saint-Jean,5,3,1.0
2019-2020,CIUSSS du Saguenay  Lac-Saint-Jean,5,4,7.0
2019-2020,CIUSSS du Saguenay  Lac-Saint-Jean,5,5,31.0
2019-2020,CIUSSS du Saguenay  Lac-Saint-Jean,5,6,27.0
2019-2020,CIUSSS du Saguenay  Lac-Saint-Jean,5,7,6.0
2019-2020,CIUSSS du Saguenay  Lac-Saint-Jean,5,8,0.0
2019-2020,CIUSSS du Saguenay  Lac-Saint-Jean,5,9,72.0
2019-2020,CIUSSS du Saguenay  Lac-Saint-Jean,6,1,0.0
2019-2020,CIUSSS du Saguenay  Lac-Saint-Jean,6,2,0.0
2019-2020,CIUSSS du Saguenay  Lac-Saint-Jean,6,3,0.0
2019-2020,CIUSSS du Saguenay  Lac-Saint-Jean,6,4,0.0
2019-2020,CIUSSS du Saguenay  Lac-Saint-Jean,6,5,0.0
2019-2020,CIUSSS du Saguenay  Lac-Saint-Jean,6,6,0.0
2019-2020,CIUSSS du Saguenay  Lac-Saint-Jean,6,7,0.0
2019-2020,CIUSSS du Saguenay  Lac-Saint-Jean,6,8,0.0
2019-2020,CIUSSS du Saguenay  Lac-Saint-Jean,6,9,0.0
2019-2020,CIUSSS du Saguenay  Lac-Saint-Jean,7,1,0.0
2019-2020,CIUSSS du Saguenay  Lac-Saint-Jean,7,2,1.0
2019-2020,CIUSSS du Saguenay  Lac-Saint-Jean,7,3,1.0
2019-2020,CIUSSS du Saguenay  Lac-Saint-Jean,7,4,0.0
2019-2020,CIUSSS du Saguenay  Lac-Saint-Jean,7,5,2.0
2019-2020,CIUSSS du Saguenay  Lac-Saint-Jean,7,6,4.0
2019-2020,CIUSSS du Saguenay  Lac-Saint-Jean,7,7,2.0
2019-2020,CIUSSS du Saguenay  Lac-Saint-Jean,7,8,1.0
2019-2020,CIUSSS du Saguenay  Lac-Saint-Jean,7,9,11.0
2019-2020,CIUSSS du Saguenay  Lac-Saint-Jean,8,1,0.0
2019-2020,CIUSSS du Saguenay  Lac-Saint-Jean,8,2,3.0
2019-2020,CIUSSS du Saguenay  Lac-Saint-Jean,8,3,4.0
2019-2020,CIUSSS du Saguenay  Lac-Saint-Jean,8,4,7.0
2019-2020,CIUSSS du Saguenay  Lac-Saint-Jean,8,5,46.0
2019-2020,CIUSSS du Saguenay  Lac-Saint-Jean,8,6,60.0
2019-2020,CIUSSS du Saguenay  Lac-Saint-Jean,8,7,13.0
2019-2020,CIUSSS du Saguenay  Lac-Saint-Jean,8,8,6.0
2019-2020,CIUSSS du Saguenay  Lac-Saint-Jean,8,9,139.0
2019-2020,CIUSSS du Saguenay  Lac-Saint-Jean,9,1,3.0
2019-2020,CIUSSS du Saguenay  Lac-Saint-Jean,9,2,8.0
2019-2020,CIUSSS du Saguenay  Lac-Saint-Jean,9,3,12.0
2019-2020,CIUSSS du Saguenay  Lac-Saint-Jean,9,4,7.0
2019-2020,CIUSSS du Saguenay  Lac-Saint-Jean,9,5,75.0
2019-2020,CIUSSS du Saguenay  Lac-Saint-Jean,9,6,149.0
2019-2020,CIUSSS du Saguenay  Lac-Saint-Jean,9,7,52.0
2019-2020,CIUSSS du Saguenay  Lac-Saint-Jean,9,8,15.0
2019-2020,CIUSSS du Saguenay  Lac-Saint-Jean,9,9,321.0
2019-2020,CIUSSS du Saguenay  Lac-Saint-Jean,10,1,0.0
2019-2020,CIUSSS du Saguenay  Lac-Saint-Jean,10,2,0.0
2019-2020,CIUSSS du Saguenay  Lac-Saint-Jean,10,3,0.0
2019-2020,CIUSSS du Saguenay  Lac-Saint-Jean,10,4,0.0
2019-2020,CIUSSS du Saguenay  Lac-Saint-Jean,10,5,0.0
2019-2020,CIUSSS du Saguenay  Lac-Saint-Jean,10,6,0.0
2019-2020,CIUSSS du Saguenay  Lac-Saint-Jean,10,7,0.0
2019-2020,CIUSSS du Saguenay  Lac-Saint-Jean,10,8,0.0
2019-2020,CIUSSS du Saguenay  Lac-Saint-Jean,10,9,0.0
2019-2020,CIUSSS du Saguenay  Lac-Saint-Jean,11,1,0.0
2019-2020,CIUSSS du Saguenay  Lac-Saint-Jean,11,2,0.0
2019-2020,CIUSSS du Saguenay  Lac-Saint-Jean,11,3,1.0
2019-2020,CIUSSS du Saguenay  Lac-Saint-Jean,11,4,0.0
2019-2020,CIUSSS du Saguenay  Lac-Saint-Jean,11,5,0.0
2019-2020,CIUSSS du Saguenay  Lac-Saint-Jean,11,6,0.0
2019-2020,CIUSSS du Saguenay  Lac-Saint-Jean,11,7,0.0
2019-2020,CIUSSS du Saguenay  Lac-Saint-Jean,11,8,0.0
2019-2020,CIUSSS du Saguenay  Lac-Saint-Jean,11,9,1.0
2019-2020,CIUSSS du Saguenay  Lac-Saint-Jean,12,1,0.0
2019-2020,CIUSSS du Saguenay  Lac-Saint-Jean,12,2,0.0
2019-2020,CIUSSS du Saguenay  Lac-Saint-Jean,12,3,1.0
2019-2020,CIUSSS du Saguenay  Lac-Saint-Jean,12,4,3.0
2019-2020,CIUSSS du Saguenay  Lac-Saint-Jean,12,5,3.0
2019-2020,CIUSSS du Saguenay  Lac-Saint-Jean,12,6,2.0
2019-2020,CIUSSS du Saguenay  Lac-Saint-Jean,12,7,2.0
2019-2020,CIUSSS du Saguenay  Lac-Saint-Jean,12,8,0.0
2019-2020,CIUSSS du Saguenay  Lac-Saint-Jean,12,9,11.0
2019-2020,CIUSSS du Saguenay  Lac-Saint-Jean,13,1,128.0
2019-2020,CIUSSS du Saguenay  Lac-Saint-Jean,13,2,159.0
2019-2020,CIUSSS du Saguenay  Lac-Saint-Jean,13,3,102.0
2019-2020,CIUSSS du Saguenay  Lac-Saint-Jean,13,4,95.0
2019-2020,CIUSSS du Saguenay  Lac-Saint-Jean,13,5,439.0
2019-2020,CIUSSS du Saguenay  Lac-Saint-Jean,13,6,319.0
2019-2020,CIUSSS du Saguenay  Lac-Saint-Jean,13,7,81.0
2019-2020,CIUSSS du Saguenay  Lac-Saint-Jean,13,8,22.0
2019-2020,CIUSSS du Saguenay  Lac-Saint-Jean,13,9,1345.0
2019-2020,CIUSSS du Saguenay  Lac-Saint-Jean,14,1,0.0
2019-2020,CIUSSS du Saguenay  Lac-Saint-Jean,15,1,0.0
2019-2020,CIUSSS du Saguenay  Lac-Saint-Jean,16,1,16.0
2019-2020,CIUSSS du Saguenay  Lac-Saint-Jean,17,1,167.0
2020-2021,Atelier le fil d'Ariane Inc.,1,5,3.0
2020-2021,Atelier le fil d'Ariane Inc.,1,6,1.0
2020-2021,Atelier le fil d'Ariane Inc.,1,9,4.0
2020-2021,Atelier le fil d'Ariane Inc.,2,5,2.0
2020-2021,Atelier le fil d'Ariane Inc.,2,6,2.0
2020-2021,Atelier le fil d'Ariane Inc.,2,9,4.0
2020-2021,Atelier le fil d'Ariane Inc.,5,5,1.0
2020-2021,Atelier le fil d'Ariane Inc.,5,6,4.0
2020-2021,Atelier le fil d'Ariane Inc.,5,9,5.0
2020-2021,Atelier le fil d'Ariane Inc.,9,5,2.0
2020-2021,Atelier le fil d'Ariane Inc.,9,6,2.0
2020-2021,Atelier le fil d'Ariane Inc.,9,9,4.0
2020-2021,Atelier le fil d'Ariane Inc.,13,5,8.0
2020-2021,Atelier le fil d'Ariane Inc.,13,6,9.0
2020-2021,Atelier le fil d'Ariane Inc.,13,9,17.0
2020-2021,CISSS de Chaudière-Appalaches,1,1,184.0
2020-2021,CISSS de Chaudière-Appalaches,1,2,309.0
2020-2021,CISSS de Chaudière-Appalaches,1,3,156.0
2020-2021,CISSS de Chaudière-Appalaches,1,4,105.0
2020-2021,CISSS de Chaudière-Appalaches,1,5,235.0
2020-2021,CISSS de Chaudière-Appalaches,1,6,36.0
2020-2021,CISSS de Chaudière-Appalaches,1,7,4.0
2020-2021,CISSS de Chaudière-Appalaches,1,8,0.0
2020-2021,CISSS de Chaudière-Appalaches,1,9,1029.0
2020-2021,CISSS de Chaudière-Appalaches,2,1,1.0
2020-2021,CISSS de Chaudière-Appalaches,2,2,0.0
2020-2021,CISSS de Chaudière-Appalaches,2,3,2.0
2020-2021,CISSS de Chaudière-Appalaches,2,4,9.0
2020-2021,CISSS de Chaudière-Appalaches,2,5,64.0
2020-2021,CISSS de Chaudière-Appalaches,2,6,37.0
2020-2021,CISSS de Chaudière-Appalaches,2,7,0.0
2020-2021,CISSS de Chaudière-Appalaches,2,8,0.0
2020-2021,CISSS de Chaudière-Appalaches,2,9,113.0
2020-2021,CISSS de Chaudière-Appalaches,3,1,0.0
2020-2021,CISSS de Chaudière-Appalaches,3,2,0.0
2020-2021,CISSS de Chaudière-Appalaches,3,3,0.0
2020-2021,CISSS de Chaudière-Appalaches,3,4,0.0
2020-2021,CISSS de Chaudière-Appalaches,3,5,19.0
2020-2021,CISSS de Chaudière-Appalaches,3,6,27.0
2020-2021,CISSS de Chaudière-Appalaches,3,7,4.0
2020-2021,CISSS de Chaudière-Appalaches,3,8,0.0
2020-2021,CISSS de Chaudière-Appalaches,3,9,50.0
2020-2021,CISSS de Chaudière-Appalaches,4,1,0.0
2020-2021,CISSS de Chaudière-Appalaches,4,2,0.0
2020-2021,CISSS de Chaudière-Appalaches,4,3,0.0
2020-2021,CISSS de Chaudière-Appalaches,4,4,0.0
2020-2021,CISSS de Chaudière-Appalaches,4,5,6.0
2020-2021,CISSS de Chaudière-Appalaches,4,6,5.0
2020-2021,CISSS de Chaudière-Appalaches,4,7,0.0
2020-2021,CISSS de Chaudière-Appalaches,4,8,0.0
2020-2021,CISSS de Chaudière-Appalaches,4,9,11.0
2020-2021,CISSS de Chaudière-Appalaches,5,1,0.0
2020-2021,CISSS de Chaudière-Appalaches,5,2,4.0
2020-2021,CISSS de Chaudière-Appalaches,5,3,7.0
2020-2021,CISSS de Chaudière-Appalaches,5,4,4.0
2020-2021,CISSS de Chaudière-Appalaches,5,5,26.0
2020-2021,CISSS de Chaudière-Appalaches,5,6,6.0
2020-2021,CISSS de Chaudière-Appalaches,5,7,0.0
2020-2021,CISSS de Chaudière-Appalaches,5,8,0.0
2020-2021,CISSS de Chaudière-Appalaches,5,9,47.0
2020-2021,CISSS de Chaudière-Appalaches,7,1,0.0
2020-2021,CISSS de Chaudière-Appalaches,7,2,0.0
2020-2021,CISSS de Chaudière-Appalaches,7,3,0.0
2020-2021,CISSS de Chaudière-Appalaches,7,4,0.0
2020-2021,CISSS de Chaudière-Appalaches,7,5,6.0
2020-2021,CISSS de Chaudière-Appalaches,7,6,5.0
2020-2021,CISSS de Chaudière-Appalaches,7,7,0.0
2020-2021,CISSS de Chaudière-Appalaches,7,8,3.0
2020-2021,CISSS de Chaudière-Appalaches,7,9,14.0
2020-2021,CISSS de Chaudière-Appalaches,8,1,0.0
2020-2021,CISSS de Chaudière-Appalaches,8,2,0.0
2020-2021,CISSS de Chaudière-Appalaches,8,3,0.0
2020-2021,CISSS de Chaudière-Appalaches,8,4,7.0
2020-2021,CISSS de Chaudière-Appalaches,8,5,45.0
2020-2021,CISSS de Chaudière-Appalaches,8,6,63.0
2020-2021,CISSS de Chaudière-Appalaches,8,7,9.0
2020-2021,CISSS de Chaudière-Appalaches,8,8,7.0
2020-2021,CISSS de Chaudière-Appalaches,8,9,131.0
2020-2021,CISSS de Chaudière-Appalaches,9,1,2.0
2020-2021,CISSS de Chaudière-Appalaches,9,2,9.0
2020-2021,CISSS de Chaudière-Appalaches,9,3,14.0
2020-2021,CISSS de Chaudière-Appalaches,9,4,18.0
2020-2021,CISSS de Chaudière-Appalaches,9,5,106.0
2020-2021,CISSS de Chaudière-Appalaches,9,6,84.0
2020-2021,CISSS de Chaudière-Appalaches,9,7,26.0
2020-2021,CISSS de Chaudière-Appalaches,9,8,6.0
2020-2021,CISSS de Chaudière-Appalaches,9,9,265.0
2020-2021,CISSS de Chaudière-Appalaches,12,1,0.0
2020-2021,CISSS de Chaudière-Appalaches,12,2,0.0
2020-2021,CISSS de Chaudière-Appalaches,12,3,1.0
2020-2021,CISSS de Chaudière-Appalaches,12,4,1.0
2020-2021,CISSS de Chaudière-Appalaches,12,5,6.0
2020-2021,CISSS de Chaudière-Appalaches,12,6,2.0
2020-2021,CISSS de Chaudière-Appalaches,12,7,0.0
2020-2021,CISSS de Chaudière-Appalaches,12,8,0.0
2020-2021,CISSS de Chaudière-Appalaches,12,9,10.0
2020-2021,CISSS de Chaudière-Appalaches,13,1,187.0
2020-2021,CISSS de Chaudière-Appalaches,13,2,322.0
2020-2021,CISSS de Chaudière-Appalaches,13,3,180.0
2020-2021,CISSS de Chaudière-Appalaches,13,4,144.0
2020-2021,CISSS de Chaudière-Appalaches,13,5,513.0
2020-2021,CISSS de Chaudière-Appalaches,13,6,265.0
2020-2021,CISSS de Chaudière-Appalaches,13,7,43.0
2020-2021,CISSS de Chaudière-Appalaches,13,8,16.0
2020-2021,CISSS de Chaudière-Appalaches,13,9,1670.0
2020-2021,CISSS de Chaudière-Appalaches,14,1,2.0
2020-2021,CISSS de Chaudière-Appalaches,15,1,45.0
2020-2021,CISSS de Chaudière-Appalaches,16,1,17.0
2020-2021,CISSS de Chaudière-Appalaches,17,1,74.0
2020-2021,CISSS de Lanaudière,1,1,339.0
2020-2021,CISSS de Lanaudière,1,2,541.0
2020-2021,CISSS de Lanaudière,1,3,231.0
2020-2021,CISSS de Lanaudière,1,4,96.0
2020-2021,CISSS de Lanaudière,1,5,98.0
2020-2021,CISSS de Lanaudière,1,6,13.0
2020-2021,CISSS de Lanaudière,1,7,1.0
2020-2021,CISSS de Lanaudière,1,9,1319.0
2020-2021,CISSS de Lanaudière,2,1,1.0
2020-2021,CISSS de Lanaudière,2,2,2.0
2020-2021,CISSS de Lanaudière,2,3,1.0
2020-2021,CISSS de Lanaudière,2,4,2.0
2020-2021,CISSS de Lanaudière,2,5,23.0
2020-2021,CISSS de Lanaudière,2,6,9.0
2020-2021,CISSS de Lanaudière,2,7,3.0
2020-2021,CISSS de Lanaudière,2,9,41.0
2020-2021,CISSS de Lanaudière,3,1,4.0
2020-2021,CISSS de Lanaudière,3,2,3.0
2020-2021,CISSS de Lanaudière,3,3,6.0
2020-2021,CISSS de Lanaudière,3,5,1.0
2020-2021,CISSS de Lanaudière,3,7,1.0
2020-2021,CISSS de Lanaudière,3,9,15.0
2020-2021,CISSS de Lanaudière,4,3,1.0
2020-2021,CISSS de Lanaudière,4,4,2.0
2020-2021,CISSS de Lanaudière,4,5,4.0
2020-2021,CISSS de Lanaudière,4,9,7.0
2020-2021,CISSS de Lanaudière,5,2,1.0
2020-2021,CISSS de Lanaudière,5,3,10.0
2020-2021,CISSS de Lanaudière,5,4,8.0
2020-2021,CISSS de Lanaudière,5,5,11.0
2020-2021,CISSS de Lanaudière,5,6,2.0
2020-2021,CISSS de Lanaudière,5,9,32.0
2020-2021,CISSS de Lanaudière,7,5,5.0
2020-2021,CISSS de Lanaudière,7,6,3.0
2020-2021,CISSS de Lanaudière,7,7,1.0
2020-2021,CISSS de Lanaudière,7,9,9.0
2020-2021,CISSS de Lanaudière,8,3,8.0
2020-2021,CISSS de Lanaudière,8,4,6.0
2020-2021,CISSS de Lanaudière,8,5,57.0
2020-2021,CISSS de Lanaudière,8,6,20.0
2020-2021,CISSS de Lanaudière,8,7,3.0
2020-2021,CISSS de Lanaudière,8,9,94.0
2020-2021,CISSS de Lanaudière,9,1,8.0
2020-2021,CISSS de Lanaudière,9,2,13.0
2020-2021,CISSS de Lanaudière,9,3,15.0
2020-2021,CISSS de Lanaudière,9,4,6.0
2020-2021,CISSS de Lanaudière,9,5,42.0
2020-2021,CISSS de Lanaudière,9,6,21.0
2020-2021,CISSS de Lanaudière,9,7,3.0
2020-2021,CISSS de Lanaudière,9,8,2.0
2020-2021,CISSS de Lanaudière,9,9,110.0
2020-2021,CISSS de Lanaudière,12,3,1.0
2020-2021,CISSS de Lanaudière,12,5,4.0
2020-2021,CISSS de Lanaudière,12,6,3.0
2020-2021,CISSS de Lanaudière,12,9,8.0
2020-2021,CISSS de Lanaudière,13,1,352.0
2020-2021,CISSS de Lanaudière,13,2,560.0
2020-2021,CISSS de Lanaudière,13,3,273.0
2020-2021,CISSS de Lanaudière,13,4,120.0
2020-2021,CISSS de Lanaudière,13,5,245.0
2020-2021,CISSS de Lanaudière,13,6,71.0
2020-2021,CISSS de Lanaudière,13,7,12.0
2020-2021,CISSS de Lanaudière,13,8,2.0
2020-2021,CISSS de Lanaudière,13,9,1635.0
2020-2021,CISSS de Lanaudière,16,1,2.0
2020-2021,CISSS de Lanaudière,17,1,76.0
2020-2021,CISSS de Laval,1,1,167.0
2020-2021,CISSS de Laval,1,2,166.0
2020-2021,CISSS de Laval,1,3,76.0
2020-2021,CISSS de Laval,1,4,45.0
2020-2021,CISSS de Laval,1,5,110.0
2020-2021,CISSS de Laval,1,6,11.0
2020-2021,CISSS de Laval,1,7,1.0
2020-2021,CISSS de Laval,1,8,0.0
2020-2021,CISSS de Laval,1,9,576.0
2020-2021,CISSS de Laval,2,1,1.0
2020-2021,CISSS de Laval,2,2,1.0
2020-2021,CISSS de Laval,2,3,0.0
2020-2021,CISSS de Laval,2,4,2.0
2020-2021,CISSS de Laval,2,5,18.0
2020-2021,CISSS de Laval,2,6,6.0
2020-2021,CISSS de Laval,2,7,0.0
2020-2021,CISSS de Laval,2,8,0.0
2020-2021,CISSS de Laval,2,9,28.0
2020-2021,CISSS de Laval,3,1,0.0
2020-2021,CISSS de Laval,3,2,0.0
2020-2021,CISSS de Laval,3,3,0.0
2020-2021,CISSS de Laval,3,4,0.0
2020-2021,CISSS de Laval,3,5,4.0
2020-2021,CISSS de Laval,3,6,0.0
2020-2021,CISSS de Laval,3,7,0.0
2020-2021,CISSS de Laval,3,8,0.0
2020-2021,CISSS de Laval,3,9,4.0
2020-2021,CISSS de Laval,4,1,0.0
2020-2021,CISSS de Laval,4,2,0.0
2020-2021,CISSS de Laval,4,3,2.0
2020-2021,CISSS de Laval,4,4,1.0
2020-2021,CISSS de Laval,4,5,3.0
2020-2021,CISSS de Laval,4,6,0.0
2020-2021,CISSS de Laval,4,7,0.0
2020-2021,CISSS de Laval,4,8,0.0
2020-2021,CISSS de Laval,4,9,6.0
2020-2021,CISSS de Laval,5,1,0.0
2020-2021,CISSS de Laval,5,2,0.0
2020-2021,CISSS de Laval,5,3,4.0
2020-2021,CISSS de Laval,5,4,0.0
2020-2021,CISSS de Laval,5,5,0.0
2020-2021,CISSS de Laval,5,6,0.0
2020-2021,CISSS de Laval,5,7,0.0
2020-2021,CISSS de Laval,5,8,0.0
2020-2021,CISSS de Laval,5,9,4.0
2020-2021,CISSS de Laval,6,1,0.0
2020-2021,CISSS de Laval,6,2,0.0
2020-2021,CISSS de Laval,6,3,0.0
2020-2021,CISSS de Laval,6,4,1.0
2020-2021,CISSS de Laval,6,5,7.0
2020-2021,CISSS de Laval,6,6,2.0
2020-2021,CISSS de Laval,6,7,0.0
2020-2021,CISSS de Laval,6,8,0.0
2020-2021,CISSS de Laval,6,9,10.0
2020-2021,CISSS de Laval,7,1,0.0
2020-2021,CISSS de Laval,7,2,0.0
2020-2021,CISSS de Laval,7,3,3.0
2020-2021,CISSS de Laval,7,4,0.0
2020-2021,CISSS de Laval,7,5,2.0
2020-2021,CISSS de Laval,7,6,0.0
2020-2021,CISSS de Laval,7,7,0.0
2020-2021,CISSS de Laval,7,8,0.0
2020-2021,CISSS de Laval,7,9,5.0
2020-2021,CISSS de Laval,8,1,1.0
2020-2021,CISSS de Laval,8,2,4.0
2020-2021,CISSS de Laval,8,3,10.0
2020-2021,CISSS de Laval,8,4,25.0
2020-2021,CISSS de Laval,8,5,123.0
2020-2021,CISSS de Laval,8,6,79.0
2020-2021,CISSS de Laval,8,7,12.0
2020-2021,CISSS de Laval,8,8,3.0
2020-2021,CISSS de Laval,8,9,257.0
2020-2021,CISSS de Laval,9,1,0.0
2020-2021,CISSS de Laval,9,2,3.0
2020-2021,CISSS de Laval,9,3,2.0
2020-2021,CISSS de Laval,9,4,2.0
2020-2021,CISSS de Laval,9,5,15.0
2020-2021,CISSS de Laval,9,6,16.0
2020-2021,CISSS de Laval,9,7,5.0
2020-2021,CISSS de Laval,9,8,1.0
2020-2021,CISSS de Laval,9,9,44.0
2020-2021,CISSS de Laval,10,1,0.0
2020-2021,CISSS de Laval,10,2,3.0
2020-2021,CISSS de Laval,10,3,8.0
2020-2021,CISSS de Laval,10,4,3.0
2020-2021,CISSS de Laval,10,5,21.0
2020-2021,CISSS de Laval,10,6,12.0
2020-2021,CISSS de Laval,10,7,2.0
2020-2021,CISSS de Laval,10,8,1.0
2020-2021,CISSS de Laval,10,9,50.0
2020-2021,CISSS de Laval,11,1,0.0
2020-2021,CISSS de Laval,11,2,0.0
2020-2021,CISSS de Laval,11,3,3.0
2020-2021,CISSS de Laval,11,4,0.0
2020-2021,CISSS de Laval,11,5,0.0
2020-2021,CISSS de Laval,11,6,1.0
2020-2021,CISSS de Laval,11,7,0.0
2020-2021,CISSS de Laval,11,8,0.0
2020-2021,CISSS de Laval,11,9,4.0
2020-2021,CISSS de Laval,12,1,0.0
2020-2021,CISSS de Laval,12,2,0.0
2020-2021,CISSS de Laval,12,3,0.0
2020-2021,CISSS de Laval,12,4,1.0
2020-2021,CISSS de Laval,12,5,2.0
2020-2021,CISSS de Laval,12,6,0.0
2020-2021,CISSS de Laval,12,7,0.0
2020-2021,CISSS de Laval,12,8,0.0
2020-2021,CISSS de Laval,12,9,3.0
2020-2021,CISSS de Laval,13,1,169.0
2020-2021,CISSS de Laval,13,2,177.0
2020-2021,CISSS de Laval,13,3,108.0
2020-2021,CISSS de Laval,13,4,80.0
2020-2021,CISSS de Laval,13,5,305.0
2020-2021,CISSS de Laval,13,6,127.0
2020-2021,CISSS de Laval,13,7,20.0
2020-2021,CISSS de Laval,13,8,5.0
2020-2021,CISSS de Laval,13,9,991.0
2020-2021,CISSS de l'Abitibi-Témiscamingue,1,1,57.0
2020-2021,CISSS de l'Abitibi-Témiscamingue,1,2,154.0
2020-2021,CISSS de l'Abitibi-Témiscamingue,1,3,72.0
2020-2021,CISSS de l'Abitibi-Témiscamingue,1,4,11.0
2020-2021,CISSS de l'Abitibi-Témiscamingue,1,5,12.0
2020-2021,CISSS de l'Abitibi-Témiscamingue,1,6,0.0
2020-2021,CISSS de l'Abitibi-Témiscamingue,1,7,0.0
2020-2021,CISSS de l'Abitibi-Témiscamingue,1,8,0.0
2020-2021,CISSS de l'Abitibi-Témiscamingue,1,9,306.0
2020-2021,CISSS de l'Abitibi-Témiscamingue,2,1,5.0
2020-2021,CISSS de l'Abitibi-Témiscamingue,2,2,5.0
2020-2021,CISSS de l'Abitibi-Témiscamingue,2,3,1.0
2020-2021,CISSS de l'Abitibi-Témiscamingue,2,4,4.0
2020-2021,CISSS de l'Abitibi-Témiscamingue,2,5,13.0
2020-2021,CISSS de l'Abitibi-Témiscamingue,2,6,2.0
2020-2021,CISSS de l'Abitibi-Témiscamingue,2,7,0.0
2020-2021,CISSS de l'Abitibi-Témiscamingue,2,8,0.0
2020-2021,CISSS de l'Abitibi-Témiscamingue,2,9,30.0
2020-2021,CISSS de l'Abitibi-Témiscamingue,8,1,0.0
2020-2021,CISSS de l'Abitibi-Témiscamingue,8,2,0.0
2020-2021,CISSS de l'Abitibi-Témiscamingue,8,3,0.0
2020-2021,CISSS de l'Abitibi-Témiscamingue,8,4,0.0
2020-2021,CISSS de l'Abitibi-Témiscamingue,8,5,2.0
2020-2021,CISSS de l'Abitibi-Témiscamingue,8,6,2.0
2020-2021,CISSS de l'Abitibi-Témiscamingue,8,7,0.0
2020-2021,CISSS de l'Abitibi-Témiscamingue,8,8,0.0
2020-2021,CISSS de l'Abitibi-Témiscamingue,8,9,4.0
2020-2021,CISSS de l'Abitibi-Témiscamingue,9,1,6.0
2020-2021,CISSS de l'Abitibi-Témiscamingue,9,2,3.0
2020-2021,CISSS de l'Abitibi-Témiscamingue,9,3,2.0
2020-2021,CISSS de l'Abitibi-Témiscamingue,9,4,0.0
2020-2021,CISSS de l'Abitibi-Témiscamingue,9,5,4.0
2020-2021,CISSS de l'Abitibi-Témiscamingue,9,6,5.0
2020-2021,CISSS de l'Abitibi-Témiscamingue,9,7,0.0
2020-2021,CISSS de l'Abitibi-Témiscamingue,9,8,0.0
2020-2021,CISSS de l'Abitibi-Témiscamingue,9,9,20.0
2020-2021,CISSS de l'Abitibi-Témiscamingue,10,1,0.0
2020-2021,CISSS de l'Abitibi-Témiscamingue,10,2,0.0
2020-2021,CISSS de l'Abitibi-Témiscamingue,10,3,2.0
2020-2021,CISSS de l'Abitibi-Témiscamingue,10,4,0.0
2020-2021,CISSS de l'Abitibi-Témiscamingue,10,5,5.0
2020-2021,CISSS de l'Abitibi-Témiscamingue,10,6,1.0
2020-2021,CISSS de l'Abitibi-Témiscamingue,10,7,0.0
2020-2021,CISSS de l'Abitibi-Témiscamingue,10,8,0.0
2020-2021,CISSS de l'Abitibi-Témiscamingue,10,9,8.0
2020-2021,CISSS de l'Abitibi-Témiscamingue,13,1,68.0
2020-2021,CISSS de l'Abitibi-Témiscamingue,13,2,162.0
2020-2021,CISSS de l'Abitibi-Témiscamingue,13,3,77.0
2020-2021,CISSS de l'Abitibi-Témiscamingue,13,4,15.0
2020-2021,CISSS de l'Abitibi-Témiscamingue,13,5,36.0
2020-2021,CISSS de l'Abitibi-Témiscamingue,13,6,10.0
2020-2021,CISSS de l'Abitibi-Témiscamingue,13,7,0.0
2020-2021,CISSS de l'Abitibi-Témiscamingue,13,8,0.0
2020-2021,CISSS de l'Abitibi-Témiscamingue,13,9,368.0
2020-2021,CISSS de l'Outaouais,1,1,256.0
2020-2021,CISSS de l'Outaouais,1,2,310.0
2020-2021,CISSS de l'Outaouais,1,3,99.0
2020-2021,CISSS de l'Outaouais,1,4,50.0
2020-2021,CISSS de l'Outaouais,1,5,93.0
2020-2021,CISSS de l'Outaouais,1,6,4.0
2020-2021,CISSS de l'Outaouais,1,9,812.0
2020-2021,CISSS de l'Outaouais,2,4,8.0
2020-2021,CISSS de l'Outaouais,2,5,48.0
2020-2021,CISSS de l'Outaouais,2,6,14.0
2020-2021,CISSS de l'Outaouais,2,9,70.0
2020-2021,CISSS de l'Outaouais,3,2,2.0
2020-2021,CISSS de l'Outaouais,3,3,2.0
2020-2021,CISSS de l'Outaouais,3,5,1.0
2020-2021,CISSS de l'Outaouais,3,6,3.0
2020-2021,CISSS de l'Outaouais,3,9,8.0
2020-2021,CISSS de l'Outaouais,4,1,1.0
2020-2021,CISSS de l'Outaouais,4,5,7.0
2020-2021,CISSS de l'Outaouais,4,6,13.0
2020-2021,CISSS de l'Outaouais,4,9,21.0
2020-2021,CISSS de l'Outaouais,5,2,2.0
2020-2021,CISSS de l'Outaouais,5,3,5.0
2020-2021,CISSS de l'Outaouais,5,4,6.0
2020-2021,CISSS de l'Outaouais,5,5,11.0
2020-2021,CISSS de l'Outaouais,5,6,9.0
2020-2021,CISSS de l'Outaouais,5,9,33.0
2020-2021,CISSS de l'Outaouais,7,4,1.0
2020-2021,CISSS de l'Outaouais,7,5,1.0
2020-2021,CISSS de l'Outaouais,7,6,1.0
2020-2021,CISSS de l'Outaouais,7,9,3.0
2020-2021,CISSS de l'Outaouais,8,4,3.0
2020-2021,CISSS de l'Outaouais,8,5,13.0
2020-2021,CISSS de l'Outaouais,8,6,15.0
2020-2021,CISSS de l'Outaouais,8,7,3.0
2020-2021,CISSS de l'Outaouais,8,9,34.0
2020-2021,CISSS de l'Outaouais,9,1,10.0
2020-2021,CISSS de l'Outaouais,9,2,11.0
2020-2021,CISSS de l'Outaouais,9,3,9.0
2020-2021,CISSS de l'Outaouais,9,4,9.0
2020-2021,CISSS de l'Outaouais,9,5,41.0
2020-2021,CISSS de l'Outaouais,9,6,27.0
2020-2021,CISSS de l'Outaouais,9,7,2.0
2020-2021,CISSS de l'Outaouais,9,8,2.0
2020-2021,CISSS de l'Outaouais,9,9,111.0
2020-2021,CISSS de l'Outaouais,11,3,1.0
2020-2021,CISSS de l'Outaouais,11,9,1.0
2020-2021,CISSS de l'Outaouais,12,2,1.0
2020-2021,CISSS de l'Outaouais,12,3,2.0
2020-2021,CISSS de l'Outaouais,12,4,2.0
2020-2021,CISSS de l'Outaouais,12,5,4.0
2020-2021,CISSS de l'Outaouais,12,6,4.0
2020-2021,CISSS de l'Outaouais,12,7,2.0
2020-2021,CISSS de l'Outaouais,12,9,15.0
2020-2021,CISSS de l'Outaouais,13,1,267.0
2020-2021,CISSS de l'Outaouais,13,2,326.0
2020-2021,CISSS de l'Outaouais,13,3,118.0
2020-2021,CISSS de l'Outaouais,13,4,79.0
2020-2021,CISSS de l'Outaouais,13,5,219.0
2020-2021,CISSS de l'Outaouais,13,6,90.0
2020-2021,CISSS de l'Outaouais,13,7,7.0
2020-2021,CISSS de l'Outaouais,13,8,2.0
2020-2021,CISSS de l'Outaouais,13,9,1108.0
2020-2021,CISSS de l'Outaouais,16,1,39.0
2020-2021,CISSS de l'Outaouais,17,1,2032.0
2020-2021,CISSS de la Côte-Nord,1,1,31.0
2020-2021,CISSS de la Côte-Nord,1,2,109.0
2020-2021,CISSS de la Côte-Nord,1,3,44.0
2020-2021,CISSS de la Côte-Nord,1,4,7.0
2020-2021,CISSS de la Côte-Nord,1,5,14.0
2020-2021,CISSS de la Côte-Nord,1,6,3.0
2020-2021,CISSS de la Côte-Nord,1,7,0.0
2020-2021,CISSS de la Côte-Nord,1,8,0.0
2020-2021,CISSS de la Côte-Nord,1,9,208.0
2020-2021,CISSS de la Côte-Nord,2,1,4.0
2020-2021,CISSS de la Côte-Nord,2,2,12.0
2020-2021,CISSS de la Côte-Nord,2,3,3.0
2020-2021,CISSS de la Côte-Nord,2,4,0.0
2020-2021,CISSS de la Côte-Nord,2,5,6.0
2020-2021,CISSS de la Côte-Nord,2,9,25.0
2020-2021,CISSS de la Côte-Nord,3,5,1.0
2020-2021,CISSS de la Côte-Nord,3,9,1.0
2020-2021,CISSS de la Côte-Nord,5,3,1.0
2020-2021,CISSS de la Côte-Nord,5,4,1.0
2020-2021,CISSS de la Côte-Nord,5,5,7.0
2020-2021,CISSS de la Côte-Nord,5,6,3.0
2020-2021,CISSS de la Côte-Nord,5,9,12.0
2020-2021,CISSS de la Côte-Nord,7,5,2.0
2020-2021,CISSS de la Côte-Nord,7,6,1.0
2020-2021,CISSS de la Côte-Nord,7,9,3.0
2020-2021,CISSS de la Côte-Nord,8,3,1.0
2020-2021,CISSS de la Côte-Nord,8,4,3.0
2020-2021,CISSS de la Côte-Nord,8,5,20.0
2020-2021,CISSS de la Côte-Nord,8,6,43.0
2020-2021,CISSS de la Côte-Nord,8,7,9.0
2020-2021,CISSS de la Côte-Nord,8,8,2.0
2020-2021,CISSS de la Côte-Nord,8,9,78.0
2020-2021,CISSS de la Côte-Nord,9,2,5.0
2020-2021,CISSS de la Côte-Nord,9,3,3.0
2020-2021,CISSS de la Côte-Nord,9,5,12.0
2020-2021,CISSS de la Côte-Nord,9,6,38.0
2020-2021,CISSS de la Côte-Nord,9,7,8.0
2020-2021,CISSS de la Côte-Nord,9,8,1.0
2020-2021,CISSS de la Côte-Nord,9,9,67.0
2020-2021,CISSS de la Côte-Nord,12,1,0.0
2020-2021,CISSS de la Côte-Nord,12,2,1.0
2020-2021,CISSS de la Côte-Nord,12,3,0.0
2020-2021,CISSS de la Côte-Nord,12,4,1.0
2020-2021,CISSS de la Côte-Nord,12,5,1.0
2020-2021,CISSS de la Côte-Nord,12,6,0.0
2020-2021,CISSS de la Côte-Nord,12,7,0.0
2020-2021,CISSS de la Côte-Nord,12,8,0.0
2020-2021,CISSS de la Côte-Nord,12,9,3.0
2020-2021,CISSS de la Côte-Nord,13,1,35.0
2020-2021,CISSS de la Côte-Nord,13,2,127.0
2020-2021,CISSS de la Côte-Nord,13,3,52.0
2020-2021,CISSS de la Côte-Nord,13,4,12.0
2020-2021,CISSS de la Côte-Nord,13,5,63.0
2020-2021,CISSS de la Côte-Nord,13,6,88.0
2020-2021,CISSS de la Côte-Nord,13,7,17.0
2020-2021,CISSS de la Côte-Nord,13,8,3.0
2020-2021,CISSS de la Côte-Nord,13,9,397.0
2020-2021,CISSS de la Gaspésie,1,1,36.0
2020-2021,CISSS de la Gaspésie,1,2,92.0
2020-2021,CISSS de la Gaspésie,1,3,53.0
2020-2021,CISSS de la Gaspésie,1,4,19.0
2020-2021,CISSS de la Gaspésie,1,5,18.0
2020-2021,CISSS de la Gaspésie,1,6,2.0
2020-2021,CISSS de la Gaspésie,1,9,220.0
2020-2021,CISSS de la Gaspésie,2,1,1.0
2020-2021,CISSS de la Gaspésie,2,2,2.0
2020-2021,CISSS de la Gaspésie,2,4,2.0
2020-2021,CISSS de la Gaspésie,2,5,5.0
2020-2021,CISSS de la Gaspésie,2,9,10.0
2020-2021,CISSS de la Gaspésie,5,3,1.0
2020-2021,CISSS de la Gaspésie,5,4,1.0
2020-2021,CISSS de la Gaspésie,5,5,6.0
2020-2021,CISSS de la Gaspésie,5,6,11.0
2020-2021,CISSS de la Gaspésie,5,9,19.0
2020-2021,CISSS de la Gaspésie,8,6,1.0
2020-2021,CISSS de la Gaspésie,8,9,1.0
2020-2021,CISSS de la Gaspésie,9,1,1.0
2020-2021,CISSS de la Gaspésie,9,2,2.0
2020-2021,CISSS de la Gaspésie,9,3,7.0
2020-2021,CISSS de la Gaspésie,9,4,7.0
2020-2021,CISSS de la Gaspésie,9,5,11.0
2020-2021,CISSS de la Gaspésie,9,6,4.0
2020-2021,CISSS de la Gaspésie,9,7,1.0
2020-2021,CISSS de la Gaspésie,9,9,33.0
2020-2021,CISSS de la Gaspésie,12,3,2.0
2020-2021,CISSS de la Gaspésie,12,9,2.0
2020-2021,CISSS de la Gaspésie,13,1,38.0
2020-2021,CISSS de la Gaspésie,13,2,96.0
2020-2021,CISSS de la Gaspésie,13,3,63.0
2020-2021,CISSS de la Gaspésie,13,4,29.0
2020-2021,CISSS de la Gaspésie,13,5,40.0
2020-2021,CISSS de la Gaspésie,13,6,18.0
2020-2021,CISSS de la Gaspésie,13,7,1.0
2020-2021,CISSS de la Gaspésie,13,9,285.0
2020-2021,CISSS de la Gaspésie,16,1,1.0
2020-2021,CISSS de la Gaspésie,17,1,2.0
2020-2021,CISSS de la Montérégie-Ouest,1,1,887.0
2020-2021,CISSS de la Montérégie-Ouest,1,2,1541.0
2020-2021,CISSS de la Montérégie-Ouest,1,3,606.0
2020-2021,CISSS de la Montérégie-Ouest,1,4,186.0
2020-2021,CISSS de la Montérégie-Ouest,1,5,542.0
2020-2021,CISSS de la Montérégie-Ouest,1,6,81.0
2020-2021,CISSS de la Montérégie-Ouest,1,7,1.0
2020-2021,CISSS de la Montérégie-Ouest,1,8,1.0
2020-2021,CISSS de la Montérégie-Ouest,1,9,3845.0
2020-2021,CISSS de la Montérégie-Ouest,2,3,5.0
2020-2021,CISSS de la Montérégie-Ouest,2,4,24.0
2020-2021,CISSS de la Montérégie-Ouest,2,5,133.0
2020-2021,CISSS de la Montérégie-Ouest,2,6,71.0
2020-2021,CISSS de la Montérégie-Ouest,2,7,9.0
2020-2021,CISSS de la Montérégie-Ouest,2,8,1.0
2020-2021,CISSS de la Montérégie-Ouest,2,9,243.0
2020-2021,CISSS de la Montérégie-Ouest,3,1,18.0
2020-2021,CISSS de la Montérégie-Ouest,3,2,34.0
2020-2021,CISSS de la Montérégie-Ouest,3,3,43.0
2020-2021,CISSS de la Montérégie-Ouest,3,4,5.0
2020-2021,CISSS de la Montérégie-Ouest,3,5,27.0
2020-2021,CISSS de la Montérégie-Ouest,3,6,37.0
2020-2021,CISSS de la Montérégie-Ouest,3,7,4.0
2020-2021,CISSS de la Montérégie-Ouest,3,9,168.0
2020-2021,CISSS de la Montérégie-Ouest,4,1,1.0
2020-2021,CISSS de la Montérégie-Ouest,4,2,5.0
2020-2021,CISSS de la Montérégie-Ouest,4,3,9.0
2020-2021,CISSS de la Montérégie-Ouest,4,4,3.0
2020-2021,CISSS de la Montérégie-Ouest,4,5,19.0
2020-2021,CISSS de la Montérégie-Ouest,4,6,32.0
2020-2021,CISSS de la Montérégie-Ouest,4,7,11.0
2020-2021,CISSS de la Montérégie-Ouest,4,9,80.0
2020-2021,CISSS de la Montérégie-Ouest,5,2,7.0
2020-2021,CISSS de la Montérégie-Ouest,5,3,22.0
2020-2021,CISSS de la Montérégie-Ouest,5,4,20.0
2020-2021,CISSS de la Montérégie-Ouest,5,5,48.0
2020-2021,CISSS de la Montérégie-Ouest,5,6,13.0
2020-2021,CISSS de la Montérégie-Ouest,5,7,1.0
2020-2021,CISSS de la Montérégie-Ouest,5,9,111.0
2020-2021,CISSS de la Montérégie-Ouest,7,4,1.0
2020-2021,CISSS de la Montérégie-Ouest,7,5,7.0
2020-2021,CISSS de la Montérégie-Ouest,7,6,11.0
2020-2021,CISSS de la Montérégie-Ouest,7,9,19.0
2020-2021,CISSS de la Montérégie-Ouest,8,2,6.0
2020-2021,CISSS de la Montérégie-Ouest,8,3,34.0
2020-2021,CISSS de la Montérégie-Ouest,8,4,27.0
2020-2021,CISSS de la Montérégie-Ouest,8,5,181.0
2020-2021,CISSS de la Montérégie-Ouest,8,6,181.0
2020-2021,CISSS de la Montérégie-Ouest,8,7,48.0
2020-2021,CISSS de la Montérégie-Ouest,8,8,5.0
2020-2021,CISSS de la Montérégie-Ouest,8,9,482.0
2020-2021,CISSS de la Montérégie-Ouest,9,1,2.0
2020-2021,CISSS de la Montérégie-Ouest,9,2,41.0
2020-2021,CISSS de la Montérégie-Ouest,9,3,52.0
2020-2021,CISSS de la Montérégie-Ouest,9,4,44.0
2020-2021,CISSS de la Montérégie-Ouest,9,5,290.0
2020-2021,CISSS de la Montérégie-Ouest,9,6,383.0
2020-2021,CISSS de la Montérégie-Ouest,9,7,104.0
2020-2021,CISSS de la Montérégie-Ouest,9,8,21.0
2020-2021,CISSS de la Montérégie-Ouest,9,9,937.0
2020-2021,CISSS de la Montérégie-Ouest,10,4,3.0
2020-2021,CISSS de la Montérégie-Ouest,10,5,16.0
2020-2021,CISSS de la Montérégie-Ouest,10,6,1.0
2020-2021,CISSS de la Montérégie-Ouest,10,9,20.0
2020-2021,CISSS de la Montérégie-Ouest,12,5,1.0
2020-2021,CISSS de la Montérégie-Ouest,12,6,3.0
2020-2021,CISSS de la Montérégie-Ouest,12,9,4.0
2020-2021,CISSS de la Montérégie-Ouest,13,1,908.0
2020-2021,CISSS de la Montérégie-Ouest,13,2,1634.0
2020-2021,CISSS de la Montérégie-Ouest,13,3,771.0
2020-2021,CISSS de la Montérégie-Ouest,13,4,313.0
2020-2021,CISSS de la Montérégie-Ouest,13,5,1264.0
2020-2021,CISSS de la Montérégie-Ouest,13,6,813.0
2020-2021,CISSS de la Montérégie-Ouest,13,7,178.0
2020-2021,CISSS de la Montérégie-Ouest,13,8,28.0
2020-2021,CISSS de la Montérégie-Ouest,13,9,5909.0
2020-2021,CISSS des Laurentides,1,1,149.0
2020-2021,CISSS des Laurentides,1,2,213.0
2020-2021,CISSS des Laurentides,1,3,98.0
2020-2021,CISSS des Laurentides,1,4,76.0
2020-2021,CISSS des Laurentides,1,5,274.0
2020-2021,CISSS des Laurentides,1,6,35.0
2020-2021,CISSS des Laurentides,1,7,3.0
2020-2021,CISSS des Laurentides,1,8,0.0
2020-2021,CISSS des Laurentides,1,9,848.0
2020-2021,CISSS des Laurentides,2,1,0.0
2020-2021,CISSS des Laurentides,2,2,0.0
2020-2021,CISSS des Laurentides,2,3,0.0
2020-2021,CISSS des Laurentides,2,4,3.0
2020-2021,CISSS des Laurentides,2,5,57.0
2020-2021,CISSS des Laurentides,2,6,23.0
2020-2021,CISSS des Laurentides,2,7,6.0
2020-2021,CISSS des Laurentides,2,8,0.0
2020-2021,CISSS des Laurentides,2,9,89.0
2020-2021,CISSS des Laurentides,3,1,0.0
2020-2021,CISSS des Laurentides,3,2,0.0
2020-2021,CISSS des Laurentides,3,3,0.0
2020-2021,CISSS des Laurentides,3,4,2.0
2020-2021,CISSS des Laurentides,3,5,0.0
2020-2021,CISSS des Laurentides,3,6,0.0
2020-2021,CISSS des Laurentides,3,7,0.0
2020-2021,CISSS des Laurentides,3,8,0.0
2020-2021,CISSS des Laurentides,3,9,2.0
2020-2021,CISSS des Laurentides,4,1,0.0
2020-2021,CISSS des Laurentides,4,2,0.0
2020-2021,CISSS des Laurentides,4,3,0.0
2020-2021,CISSS des Laurentides,4,4,1.0
2020-2021,CISSS des Laurentides,4,5,0.0
2020-2021,CISSS des Laurentides,4,6,1.0
2020-2021,CISSS des Laurentides,4,7,0.0
2020-2021,CISSS des Laurentides,4,8,0.0
2020-2021,CISSS des Laurentides,4,9,2.0
2020-2021,CISSS des Laurentides,5,1,0.0
2020-2021,CISSS des Laurentides,5,2,0.0
2020-2021,CISSS des Laurentides,5,3,0.0
2020-2021,CISSS des Laurentides,5,4,0.0
2020-2021,CISSS des Laurentides,5,5,5.0
2020-2021,CISSS des Laurentides,5,6,1.0
2020-2021,CISSS des Laurentides,5,7,0.0
2020-2021,CISSS des Laurentides,5,8,0.0
2020-2021,CISSS des Laurentides,5,9,6.0
2020-2021,CISSS des Laurentides,6,1,0.0
2020-2021,CISSS des Laurentides,6,2,0.0
2020-2021,CISSS des Laurentides,6,3,0.0
2020-2021,CISSS des Laurentides,6,4,0.0
2020-2021,CISSS des Laurentides,6,5,14.0
2020-2021,CISSS des Laurentides,6,6,2.0
2020-2021,CISSS des Laurentides,6,7,0.0
2020-2021,CISSS des Laurentides,6,8,0.0
2020-2021,CISSS des Laurentides,6,9,16.0
2020-2021,CISSS des Laurentides,7,1,0.0
2020-2021,CISSS des Laurentides,7,2,2.0
2020-2021,CISSS des Laurentides,7,3,3.0
2020-2021,CISSS des Laurentides,7,4,0.0
2020-2021,CISSS des Laurentides,7,5,1.0
2020-2021,CISSS des Laurentides,7,6,2.0
2020-2021,CISSS des Laurentides,7,7,0.0
2020-2021,CISSS des Laurentides,7,8,1.0
2020-2021,CISSS des Laurentides,7,9,9.0
2020-2021,CISSS des Laurentides,8,1,0.0
2020-2021,CISSS des Laurentides,8,2,10.0
2020-2021,CISSS des Laurentides,8,3,18.0
2020-2021,CISSS des Laurentides,8,4,29.0
2020-2021,CISSS des Laurentides,8,5,151.0
2020-2021,CISSS des Laurentides,8,6,86.0
2020-2021,CISSS des Laurentides,8,7,13.0
2020-2021,CISSS des Laurentides,8,8,3.0
2020-2021,CISSS des Laurentides,8,9,310.0
2020-2021,CISSS des Laurentides,9,1,3.0
2020-2021,CISSS des Laurentides,9,2,5.0
2020-2021,CISSS des Laurentides,9,3,15.0
2020-2021,CISSS des Laurentides,9,4,8.0
2020-2021,CISSS des Laurentides,9,5,54.0
2020-2021,CISSS des Laurentides,9,6,68.0
2020-2021,CISSS des Laurentides,9,7,18.0
2020-2021,CISSS des Laurentides,9,8,4.0
2020-2021,CISSS des Laurentides,9,9,175.0
2020-2021,CISSS des Laurentides,10,1,0.0
2020-2021,CISSS des Laurentides,10,2,0.0
2020-2021,CISSS des Laurentides,10,3,1.0
2020-2021,CISSS des Laurentides,10,4,0.0
2020-2021,CISSS des Laurentides,10,5,0.0
2020-2021,CISSS des Laurentides,10,6,0.0
2020-2021,CISSS des Laurentides,10,7,0.0
2020-2021,CISSS des Laurentides,10,8,0.0
2020-2021,CISSS des Laurentides,10,9,1.0
2020-2021,CISSS des Laurentides,11,1,0.0
2020-2021,CISSS des Laurentides,11,2,0.0
2020-2021,CISSS des Laurentides,11,3,1.0
2020-2021,CISSS des Laurentides,11,4,0.0
2020-2021,CISSS des Laurentides,11,5,0.0
2020-2021,CISSS des Laurentides,11,6,0.0
2020-2021,CISSS des Laurentides,11,7,0.0
2020-2021,CISSS des Laurentides,11,8,0.0
2020-2021,CISSS des Laurentides,11,9,1.0
2020-2021,CISSS des Laurentides,12,1,1.0
2020-2021,CISSS des Laurentides,12,2,1.0
2020-2021,CISSS des Laurentides,12,3,0.0
2020-2021,CISSS des Laurentides,12,4,3.0
2020-2021,CISSS des Laurentides,12,5,11.0
2020-2021,CISSS des Laurentides,12,6,6.0
2020-2021,CISSS des Laurentides,12,7,1.0
2020-2021,CISSS des Laurentides,12,8,1.0
2020-2021,CISSS des Laurentides,12,9,24.0
2020-2021,CISSS des Laurentides,13,1,153.0
2020-2021,CISSS des Laurentides,13,2,231.0
2020-2021,CISSS des Laurentides,13,3,136.0
2020-2021,CISSS des Laurentides,13,4,122.0
2020-2021,CISSS des Laurentides,13,5,567.0
2020-2021,CISSS des Laurentides,13,6,224.0
2020-2021,CISSS des Laurentides,13,7,41.0
2020-2021,CISSS des Laurentides,13,8,9.0
2020-2021,CISSS des Laurentides,13,9,1483.0
2020-2021,CISSS des Laurentides,14,1,0.0
2020-2021,CISSS des Laurentides,15,1,0.0
2020-2021,CISSS des Laurentides,16,1,0.0
2020-2021,CISSS des Laurentides,17,1,0.0
2020-2021,CISSS des Îles,1,1,4.0
2020-2021,CISSS des Îles,1,2,16.0
2020-2021,CISSS des Îles,1,3,8.0
2020-2021,CISSS des Îles,1,4,5.0
2020-2021,CISSS des Îles,1,5,12.0
2020-2021,CISSS des Îles,1,6,4.0
2020-2021,CISSS des Îles,1,9,49.0
2020-2021,CISSS des Îles,2,6,2.0
2020-2021,CISSS des Îles,2,9,2.0
2020-2021,CISSS des Îles,4,3,1.0
2020-2021,CISSS des Îles,4,4,2.0
2020-2021,CISSS des Îles,4,5,1.0
2020-2021,CISSS des Îles,4,6,1.0
2020-2021,CISSS des Îles,4,9,5.0
2020-2021,CISSS des Îles,8,5,1.0
2020-2021,CISSS des Îles,8,6,4.0
2020-2021,CISSS des Îles,8,7,0.0
2020-2021,CISSS des Îles,8,9,5.0
2020-2021,CISSS des Îles,9,2,1.0
2020-2021,CISSS des Îles,9,5,1.0
2020-2021,CISSS des Îles,9,6,4.0
2020-2021,CISSS des Îles,9,7,1.0
2020-2021,CISSS des Îles,9,9,7.0
2020-2021,CISSS des Îles,13,1,4.0
2020-2021,CISSS des Îles,13,2,17.0
2020-2021,CISSS des Îles,13,3,9.0
2020-2021,CISSS des Îles,13,4,7.0
2020-2021,CISSS des Îles,13,5,15.0
2020-2021,CISSS des Îles,13,6,15.0
2020-2021,CISSS des Îles,13,7,1.0
2020-2021,CISSS des Îles,13,9,68.0
2020-2021,CISSS des Îles,16,1,2.0
2020-2021,CISSS des Îles,17,1,84.0
2020-2021,CISSS du Bas-Saint-Laurent,1,1,71.0
2020-2021,CISSS du Bas-Saint-Laurent,1,2,220.0
2020-2021,CISSS du Bas-Saint-Laurent,1,3,188.0
2020-2021,CISSS du Bas-Saint-Laurent,1,4,49.0
2020-2021,CISSS du Bas-Saint-Laurent,1,5,105.0
2020-2021,CISSS du Bas-Saint-Laurent,1,6,20.0
2020-2021,CISSS du Bas-Saint-Laurent,1,7,0.0
2020-2021,CISSS du Bas-Saint-Laurent,1,8,0.0
2020-2021,CISSS du Bas-Saint-Laurent,1,9,653.0
2020-2021,CISSS du Bas-Saint-Laurent,2,1,0.0
2020-2021,CISSS du Bas-Saint-Laurent,2,2,4.0
2020-2021,CISSS du Bas-Saint-Laurent,2,3,5.0
2020-2021,CISSS du Bas-Saint-Laurent,2,4,6.0
2020-2021,CISSS du Bas-Saint-Laurent,2,5,39.0
2020-2021,CISSS du Bas-Saint-Laurent,2,6,12.0
2020-2021,CISSS du Bas-Saint-Laurent,2,7,1.0
2020-2021,CISSS du Bas-Saint-Laurent,2,8,0.0
2020-2021,CISSS du Bas-Saint-Laurent,2,9,67.0
2020-2021,CISSS du Bas-Saint-Laurent,3,1,0.0
2020-2021,CISSS du Bas-Saint-Laurent,3,2,1.0
2020-2021,CISSS du Bas-Saint-Laurent,3,3,2.0
2020-2021,CISSS du Bas-Saint-Laurent,3,4,1.0
2020-2021,CISSS du Bas-Saint-Laurent,3,5,1.0
2020-2021,CISSS du Bas-Saint-Laurent,3,6,2.0
2020-2021,CISSS du Bas-Saint-Laurent,3,7,0.0
2020-2021,CISSS du Bas-Saint-Laurent,3,8,0.0
2020-2021,CISSS du Bas-Saint-Laurent,3,9,7.0
2020-2021,CISSS du Bas-Saint-Laurent,4,1,0.0
2020-2021,CISSS du Bas-Saint-Laurent,4,2,0.0
2020-2021,CISSS du Bas-Saint-Laurent,4,3,0.0
2020-2021,CISSS du Bas-Saint-Laurent,4,4,0.0
2020-2021,CISSS du Bas-Saint-Laurent,4,5,9.0
2020-2021,CISSS du Bas-Saint-Laurent,4,6,13.0
2020-2021,CISSS du Bas-Saint-Laurent,4,7,1.0
2020-2021,CISSS du Bas-Saint-Laurent,4,8,0.0
2020-2021,CISSS du Bas-Saint-Laurent,4,9,23.0
2020-2021,CISSS du Bas-Saint-Laurent,5,1,0.0
2020-2021,CISSS du Bas-Saint-Laurent,5,2,1.0
2020-2021,CISSS du Bas-Saint-Laurent,5,3,4.0
2020-2021,CISSS du Bas-Saint-Laurent,5,4,1.0
2020-2021,CISSS du Bas-Saint-Laurent,5,5,17.0
2020-2021,CISSS du Bas-Saint-Laurent,5,6,6.0
2020-2021,CISSS du Bas-Saint-Laurent,5,7,0.0
2020-2021,CISSS du Bas-Saint-Laurent,5,8,0.0
2020-2021,CISSS du Bas-Saint-Laurent,5,9,29.0
2020-2021,CISSS du Bas-Saint-Laurent,7,1,0.0
2020-2021,CISSS du Bas-Saint-Laurent,7,2,0.0
2020-2021,CISSS du Bas-Saint-Laurent,7,3,0.0
2020-2021,CISSS du Bas-Saint-Laurent,7,4,0.0
2020-2021,CISSS du Bas-Saint-Laurent,7,5,4.0
2020-2021,CISSS du Bas-Saint-Laurent,7,6,2.0
2020-2021,CISSS du Bas-Saint-Laurent,7,7,0.0
2020-2021,CISSS du Bas-Saint-Laurent,7,8,0.0
2020-2021,CISSS du Bas-Saint-Laurent,7,9,6.0
2020-2021,CISSS du Bas-Saint-Laurent,8,1,0.0
2020-2021,CISSS du Bas-Saint-Laurent,8,2,0.0
2020-2021,CISSS du Bas-Saint-Laurent,8,3,5.0
2020-2021,CISSS du Bas-Saint-Laurent,8,4,5.0
2020-2021,CISSS du Bas-Saint-Laurent,8,5,41.0
2020-2021,CISSS du Bas-Saint-Laurent,8,6,34.0
2020-2021,CISSS du Bas-Saint-Laurent,8,7,4.0
2020-2021,CISSS du Bas-Saint-Laurent,8,8,2.0
2020-2021,CISSS du Bas-Saint-Laurent,8,9,91.0
2020-2021,CISSS du Bas-Saint-Laurent,9,1,4.0
2020-2021,CISSS du Bas-Saint-Laurent,9,2,7.0
2020-2021,CISSS du Bas-Saint-Laurent,9,3,9.0
2020-2021,CISSS du Bas-Saint-Laurent,9,4,10.0
2020-2021,CISSS du Bas-Saint-Laurent,9,5,53.0
2020-2021,CISSS du Bas-Saint-Laurent,9,6,121.0
2020-2021,CISSS du Bas-Saint-Laurent,9,7,11.0
2020-2021,CISSS du Bas-Saint-Laurent,9,8,2.0
2020-2021,CISSS du Bas-Saint-Laurent,9,9,217.0
2020-2021,CISSS du Bas-Saint-Laurent,11,1,0.0
2020-2021,CISSS du Bas-Saint-Laurent,11,2,0.0
2020-2021,CISSS du Bas-Saint-Laurent,11,3,1.0
2020-2021,CISSS du Bas-Saint-Laurent,11,4,0.0
2020-2021,CISSS du Bas-Saint-Laurent,11,5,0.0
2020-2021,CISSS du Bas-Saint-Laurent,11,6,0.0
2020-2021,CISSS du Bas-Saint-Laurent,11,7,0.0
2020-2021,CISSS du Bas-Saint-Laurent,11,8,0.0
2020-2021,CISSS du Bas-Saint-Laurent,11,9,1.0
2020-2021,CISSS du Bas-Saint-Laurent,12,1,0.0
2020-2021,CISSS du Bas-Saint-Laurent,12,2,0.0
2020-2021,CISSS du Bas-Saint-Laurent,12,3,0.0
2020-2021,CISSS du Bas-Saint-Laurent,12,4,1.0
2020-2021,CISSS du Bas-Saint-Laurent,12,5,0.0
2020-2021,CISSS du Bas-Saint-Laurent,12,6,1.0
2020-2021,CISSS du Bas-Saint-Laurent,12,7,0.0
2020-2021,CISSS du Bas-Saint-Laurent,12,8,0.0
2020-2021,CISSS du Bas-Saint-Laurent,12,9,2.0
2020-2021,CISSS du Bas-Saint-Laurent,13,1,75.0
2020-2021,CISSS du Bas-Saint-Laurent,13,2,233.0
2020-2021,CISSS du Bas-Saint-Laurent,13,3,214.0
2020-2021,CISSS du Bas-Saint-Laurent,13,4,73.0
2020-2021,CISSS du Bas-Saint-Laurent,13,5,269.0
2020-2021,CISSS du Bas-Saint-Laurent,13,6,211.0
2020-2021,CISSS du Bas-Saint-Laurent,13,7,17.0
2020-2021,CISSS du Bas-Saint-Laurent,13,8,4.0
2020-2021,CISSS du Bas-Saint-Laurent,13,9,1096.0
2020-2021,CISSS du Bas-Saint-Laurent,14,1,329.0
2020-2021,CISSS du Bas-Saint-Laurent,15,1,1105.0
2020-2021,CISSS du Bas-Saint-Laurent,16,1,4.0
2020-2021,CISSS du Bas-Saint-Laurent,17,1,40.0
2020-2021,CIUSSS de l'Estrie  CHUS,1,1,41.0
2020-2021,CIUSSS de l'Estrie  CHUS,1,2,119.0
2020-2021,CIUSSS de l'Estrie  CHUS,1,3,49.0
2020-2021,CIUSSS de l'Estrie  CHUS,1,4,18.0
2020-2021,CIUSSS de l'Estrie  CHUS,1,5,181.0
2020-2021,CIUSSS de l'Estrie  CHUS,1,6,45.0
2020-2021,CIUSSS de l'Estrie  CHUS,1,7,3.0
2020-2021,CIUSSS de l'Estrie  CHUS,1,9,456.0
2020-2021,CIUSSS de l'Estrie  CHUS,2,4,7.0
2020-2021,CIUSSS de l'Estrie  CHUS,2,5,39.0
2020-2021,CIUSSS de l'Estrie  CHUS,2,6,22.0
2020-2021,CIUSSS de l'Estrie  CHUS,2,7,3.0
2020-2021,CIUSSS de l'Estrie  CHUS,2,9,71.0
2020-2021,CIUSSS de l'Estrie  CHUS,3,1,1.0
2020-2021,CIUSSS de l'Estrie  CHUS,3,2,6.0
2020-2021,CIUSSS de l'Estrie  CHUS,3,3,14.0
2020-2021,CIUSSS de l'Estrie  CHUS,3,4,0.0
2020-2021,CIUSSS de l'Estrie  CHUS,3,5,69.0
2020-2021,CIUSSS de l'Estrie  CHUS,3,6,112.0
2020-2021,CIUSSS de l'Estrie  CHUS,3,7,33.0
2020-2021,CIUSSS de l'Estrie  CHUS,3,8,4.0
2020-2021,CIUSSS de l'Estrie  CHUS,3,9,239.0
2020-2021,CIUSSS de l'Estrie  CHUS,5,1,0.0
2020-2021,CIUSSS de l'Estrie  CHUS,5,2,0.0
2020-2021,CIUSSS de l'Estrie  CHUS,5,3,3.0
2020-2021,CIUSSS de l'Estrie  CHUS,5,4,4.0
2020-2021,CIUSSS de l'Estrie  CHUS,5,5,16.0
2020-2021,CIUSSS de l'Estrie  CHUS,5,6,9.0
2020-2021,CIUSSS de l'Estrie  CHUS,5,9,32.0
2020-2021,CIUSSS de l'Estrie  CHUS,6,6,3.0
2020-2021,CIUSSS de l'Estrie  CHUS,6,7,1.0
2020-2021,CIUSSS de l'Estrie  CHUS,6,9,4.0
2020-2021,CIUSSS de l'Estrie  CHUS,8,3,1.0
2020-2021,CIUSSS de l'Estrie  CHUS,8,4,1.0
2020-2021,CIUSSS de l'Estrie  CHUS,8,5,2.0
2020-2021,CIUSSS de l'Estrie  CHUS,8,6,7.0
2020-2021,CIUSSS de l'Estrie  CHUS,8,7,2.0
2020-2021,CIUSSS de l'Estrie  CHUS,8,9,13.0
2020-2021,CIUSSS de l'Estrie  CHUS,9,2,6.0
2020-2021,CIUSSS de l'Estrie  CHUS,9,3,9.0
2020-2021,CIUSSS de l'Estrie  CHUS,9,4,13.0
2020-2021,CIUSSS de l'Estrie  CHUS,9,5,48.0
2020-2021,CIUSSS de l'Estrie  CHUS,9,6,26.0
2020-2021,CIUSSS de l'Estrie  CHUS,9,7,5.0
2020-2021,CIUSSS de l'Estrie  CHUS,9,9,107.0
2020-2021,CIUSSS de l'Estrie  CHUS,12,4,2.0
2020-2021,CIUSSS de l'Estrie  CHUS,12,5,19.0
2020-2021,CIUSSS de l'Estrie  CHUS,12,6,18.0
2020-2021,CIUSSS de l'Estrie  CHUS,12,7,7.0
2020-2021,CIUSSS de l'Estrie  CHUS,12,9,46.0
2020-2021,CIUSSS de l'Estrie  CHUS,13,1,42.0
2020-2021,CIUSSS de l'Estrie  CHUS,13,2,131.0
2020-2021,CIUSSS de l'Estrie  CHUS,13,3,76.0
2020-2021,CIUSSS de l'Estrie  CHUS,13,4,45.0
2020-2021,CIUSSS de l'Estrie  CHUS,13,5,374.0
2020-2021,CIUSSS de l'Estrie  CHUS,13,6,242.0
2020-2021,CIUSSS de l'Estrie  CHUS,13,7,54.0
2020-2021,CIUSSS de l'Estrie  CHUS,13,8,4.0
2020-2021,CIUSSS de l'Estrie  CHUS,13,9,968.0
2020-2021,CIUSSS de l'Estrie  CHUS,14,1,2.0
2020-2021,CIUSSS de l'Estrie  CHUS,15,1,12.0
2020-2021,CIUSSS de l'Estrie  CHUS,16,1,25.0
2020-2021,CIUSSS de l'Estrie  CHUS,17,1,34.0
2020-2021,CIUSSS de l'Ouest-de-l'Île-de-Montréal,1,1,133.0
2020-2021,CIUSSS de l'Ouest-de-l'Île-de-Montréal,1,2,304.0
2020-2021,CIUSSS de l'Ouest-de-l'Île-de-Montréal,1,3,184.0
2020-2021,CIUSSS de l'Ouest-de-l'Île-de-Montréal,1,4,91.0
2020-2021,CIUSSS de l'Ouest-de-l'Île-de-Montréal,1,5,374.0
2020-2021,CIUSSS de l'Ouest-de-l'Île-de-Montréal,1,6,75.0
2020-2021,CIUSSS de l'Ouest-de-l'Île-de-Montréal,1,7,1.0
2020-2021,CIUSSS de l'Ouest-de-l'Île-de-Montréal,1,8,0.0
2020-2021,CIUSSS de l'Ouest-de-l'Île-de-Montréal,1,9,1162.0
2020-2021,CIUSSS de l'Ouest-de-l'Île-de-Montréal,2,1,0.0
2020-2021,CIUSSS de l'Ouest-de-l'Île-de-Montréal,2,2,0.0
2020-2021,CIUSSS de l'Ouest-de-l'Île-de-Montréal,2,3,0.0
2020-2021,CIUSSS de l'Ouest-de-l'Île-de-Montréal,2,4,0.0
2020-2021,CIUSSS de l'Ouest-de-l'Île-de-Montréal,2,5,43.0
2020-2021,CIUSSS de l'Ouest-de-l'Île-de-Montréal,2,6,54.0
2020-2021,CIUSSS de l'Ouest-de-l'Île-de-Montréal,2,7,8.0
2020-2021,CIUSSS de l'Ouest-de-l'Île-de-Montréal,2,8,0.0
2020-2021,CIUSSS de l'Ouest-de-l'Île-de-Montréal,2,9,105.0
2020-2021,CIUSSS de l'Ouest-de-l'Île-de-Montréal,3,1,0.0
2020-2021,CIUSSS de l'Ouest-de-l'Île-de-Montréal,3,2,0.0
2020-2021,CIUSSS de l'Ouest-de-l'Île-de-Montréal,3,3,0.0
2020-2021,CIUSSS de l'Ouest-de-l'Île-de-Montréal,3,4,0.0
2020-2021,CIUSSS de l'Ouest-de-l'Île-de-Montréal,3,5,0.0
2020-2021,CIUSSS de l'Ouest-de-l'Île-de-Montréal,3,6,1.0
2020-2021,CIUSSS de l'Ouest-de-l'Île-de-Montréal,3,7,0.0
2020-2021,CIUSSS de l'Ouest-de-l'Île-de-Montréal,3,8,0.0
2020-2021,CIUSSS de l'Ouest-de-l'Île-de-Montréal,3,9,1.0
2020-2021,CIUSSS de l'Ouest-de-l'Île-de-Montréal,4,1,0.0
2020-2021,CIUSSS de l'Ouest-de-l'Île-de-Montréal,4,2,0.0
2020-2021,CIUSSS de l'Ouest-de-l'Île-de-Montréal,4,3,0.0
2020-2021,CIUSSS de l'Ouest-de-l'Île-de-Montréal,4,4,0.0
2020-2021,CIUSSS de l'Ouest-de-l'Île-de-Montréal,4,5,0.0
2020-2021,CIUSSS de l'Ouest-de-l'Île-de-Montréal,4,6,0.0
2020-2021,CIUSSS de l'Ouest-de-l'Île-de-Montréal,4,7,0.0
2020-2021,CIUSSS de l'Ouest-de-l'Île-de-Montréal,4,8,0.0
2020-2021,CIUSSS de l'Ouest-de-l'Île-de-Montréal,4,9,0.0
2020-2021,CIUSSS de l'Ouest-de-l'Île-de-Montréal,5,1,0.0
2020-2021,CIUSSS de l'Ouest-de-l'Île-de-Montréal,5,2,0.0
2020-2021,CIUSSS de l'Ouest-de-l'Île-de-Montréal,5,3,0.0
2020-2021,CIUSSS de l'Ouest-de-l'Île-de-Montréal,5,4,1.0
2020-2021,CIUSSS de l'Ouest-de-l'Île-de-Montréal,5,5,8.0
2020-2021,CIUSSS de l'Ouest-de-l'Île-de-Montréal,5,6,5.0
2020-2021,CIUSSS de l'Ouest-de-l'Île-de-Montréal,5,7,1.0
2020-2021,CIUSSS de l'Ouest-de-l'Île-de-Montréal,5,8,0.0
2020-2021,CIUSSS de l'Ouest-de-l'Île-de-Montréal,5,9,15.0
2020-2021,CIUSSS de l'Ouest-de-l'Île-de-Montréal,6,1,0.0
2020-2021,CIUSSS de l'Ouest-de-l'Île-de-Montréal,6,2,0.0
2020-2021,CIUSSS de l'Ouest-de-l'Île-de-Montréal,6,3,0.0
2020-2021,CIUSSS de l'Ouest-de-l'Île-de-Montréal,6,4,0.0
2020-2021,CIUSSS de l'Ouest-de-l'Île-de-Montréal,6,5,0.0
2020-2021,CIUSSS de l'Ouest-de-l'Île-de-Montréal,6,6,0.0
2020-2021,CIUSSS de l'Ouest-de-l'Île-de-Montréal,6,7,0.0
2020-2021,CIUSSS de l'Ouest-de-l'Île-de-Montréal,6,8,0.0
2020-2021,CIUSSS de l'Ouest-de-l'Île-de-Montréal,6,9,0.0
2020-2021,CIUSSS de l'Ouest-de-l'Île-de-Montréal,7,1,0.0
2020-2021,CIUSSS de l'Ouest-de-l'Île-de-Montréal,7,2,0.0
2020-2021,CIUSSS de l'Ouest-de-l'Île-de-Montréal,7,3,0.0
2020-2021,CIUSSS de l'Ouest-de-l'Île-de-Montréal,7,4,0.0
2020-2021,CIUSSS de l'Ouest-de-l'Île-de-Montréal,7,5,0.0
2020-2021,CIUSSS de l'Ouest-de-l'Île-de-Montréal,7,6,0.0
2020-2021,CIUSSS de l'Ouest-de-l'Île-de-Montréal,7,7,0.0
2020-2021,CIUSSS de l'Ouest-de-l'Île-de-Montréal,7,8,0.0
2020-2021,CIUSSS de l'Ouest-de-l'Île-de-Montréal,7,9,0.0
2020-2021,CIUSSS de l'Ouest-de-l'Île-de-Montréal,8,1,0.0
2020-2021,CIUSSS de l'Ouest-de-l'Île-de-Montréal,8,2,1.0
2020-2021,CIUSSS de l'Ouest-de-l'Île-de-Montréal,8,3,16.0
2020-2021,CIUSSS de l'Ouest-de-l'Île-de-Montréal,8,4,16.0
2020-2021,CIUSSS de l'Ouest-de-l'Île-de-Montréal,8,5,78.0
2020-2021,CIUSSS de l'Ouest-de-l'Île-de-Montréal,8,6,30.0
2020-2021,CIUSSS de l'Ouest-de-l'Île-de-Montréal,8,7,5.0
2020-2021,CIUSSS de l'Ouest-de-l'Île-de-Montréal,8,8,0.0
2020-2021,CIUSSS de l'Ouest-de-l'Île-de-Montréal,8,9,146.0
2020-2021,CIUSSS de l'Ouest-de-l'Île-de-Montréal,9,1,3.0
2020-2021,CIUSSS de l'Ouest-de-l'Île-de-Montréal,9,2,9.0
2020-2021,CIUSSS de l'Ouest-de-l'Île-de-Montréal,9,3,14.0
2020-2021,CIUSSS de l'Ouest-de-l'Île-de-Montréal,9,4,18.0
2020-2021,CIUSSS de l'Ouest-de-l'Île-de-Montréal,9,5,135.0
2020-2021,CIUSSS de l'Ouest-de-l'Île-de-Montréal,9,6,201.0
2020-2021,CIUSSS de l'Ouest-de-l'Île-de-Montréal,9,7,36.0
2020-2021,CIUSSS de l'Ouest-de-l'Île-de-Montréal,9,8,14.0
2020-2021,CIUSSS de l'Ouest-de-l'Île-de-Montréal,9,9,430.0
2020-2021,CIUSSS de l'Ouest-de-l'Île-de-Montréal,10,1,0.0
2020-2021,CIUSSS de l'Ouest-de-l'Île-de-Montréal,10,2,0.0
2020-2021,CIUSSS de l'Ouest-de-l'Île-de-Montréal,10,3,0.0
2020-2021,CIUSSS de l'Ouest-de-l'Île-de-Montréal,10,4,0.0
2020-2021,CIUSSS de l'Ouest-de-l'Île-de-Montréal,10,5,0.0
2020-2021,CIUSSS de l'Ouest-de-l'Île-de-Montréal,10,6,0.0
2020-2021,CIUSSS de l'Ouest-de-l'Île-de-Montréal,10,7,0.0
2020-2021,CIUSSS de l'Ouest-de-l'Île-de-Montréal,10,8,0.0
2020-2021,CIUSSS de l'Ouest-de-l'Île-de-Montréal,10,9,0.0
2020-2021,CIUSSS de l'Ouest-de-l'Île-de-Montréal,11,1,0.0
2020-2021,CIUSSS de l'Ouest-de-l'Île-de-Montréal,11,2,0.0
2020-2021,CIUSSS de l'Ouest-de-l'Île-de-Montréal,11,3,1.0
2020-2021,CIUSSS de l'Ouest-de-l'Île-de-Montréal,11,4,1.0
2020-2021,CIUSSS de l'Ouest-de-l'Île-de-Montréal,11,5,0.0
2020-2021,CIUSSS de l'Ouest-de-l'Île-de-Montréal,11,6,0.0
2020-2021,CIUSSS de l'Ouest-de-l'Île-de-Montréal,11,7,0.0
2020-2021,CIUSSS de l'Ouest-de-l'Île-de-Montréal,11,8,0.0
2020-2021,CIUSSS de l'Ouest-de-l'Île-de-Montréal,11,9,2.0
2020-2021,CIUSSS de l'Ouest-de-l'Île-de-Montréal,12,1,0.0
2020-2021,CIUSSS de l'Ouest-de-l'Île-de-Montréal,12,2,1.0
2020-2021,CIUSSS de l'Ouest-de-l'Île-de-Montréal,12,3,0.0
2020-2021,CIUSSS de l'Ouest-de-l'Île-de-Montréal,12,4,0.0
2020-2021,CIUSSS de l'Ouest-de-l'Île-de-Montréal,12,5,3.0
2020-2021,CIUSSS de l'Ouest-de-l'Île-de-Montréal,12,6,3.0
2020-2021,CIUSSS de l'Ouest-de-l'Île-de-Montréal,12,7,3.0
2020-2021,CIUSSS de l'Ouest-de-l'Île-de-Montréal,12,8,0.0
2020-2021,CIUSSS de l'Ouest-de-l'Île-de-Montréal,12,9,10.0
2020-2021,CIUSSS de l'Ouest-de-l'Île-de-Montréal,13,1,136.0
2020-2021,CIUSSS de l'Ouest-de-l'Île-de-Montréal,13,2,315.0
2020-2021,CIUSSS de l'Ouest-de-l'Île-de-Montréal,13,3,215.0
2020-2021,CIUSSS de l'Ouest-de-l'Île-de-Montréal,13,4,127.0
2020-2021,CIUSSS de l'Ouest-de-l'Île-de-Montréal,13,5,641.0
2020-2021,CIUSSS de l'Ouest-de-l'Île-de-Montréal,13,6,369.0
2020-2021,CIUSSS de l'Ouest-de-l'Île-de-Montréal,13,7,54.0
2020-2021,CIUSSS de l'Ouest-de-l'Île-de-Montréal,13,8,14.0
2020-2021,CIUSSS de l'Ouest-de-l'Île-de-Montréal,13,9,1871.0
2020-2021,CIUSSS de l'Ouest-de-l'Île-de-Montréal,14,1,0.0
2020-2021,CIUSSS de l'Ouest-de-l'Île-de-Montréal,15,1,0.0
2020-2021,CIUSSS de l'Ouest-de-l'Île-de-Montréal,16,1,2.0
2020-2021,CIUSSS de l'Ouest-de-l'Île-de-Montréal,17,1,58.0
2020-2021,CIUSSS de la Capitale-Nationale,1,1,154.0
2020-2021,CIUSSS de la Capitale-Nationale,1,2,77.0
2020-2021,CIUSSS de la Capitale-Nationale,1,3,24.0
2020-2021,CIUSSS de la Capitale-Nationale,1,4,29.0
2020-2021,CIUSSS de la Capitale-Nationale,1,5,333.0
2020-2021,CIUSSS de la Capitale-Nationale,1,6,61.0
2020-2021,CIUSSS de la Capitale-Nationale,1,7,5.0
2020-2021,CIUSSS de la Capitale-Nationale,1,8,2.0
2020-2021,CIUSSS de la Capitale-Nationale,1,9,685.0
2020-2021,CIUSSS de la Capitale-Nationale,2,1,0.0
2020-2021,CIUSSS de la Capitale-Nationale,2,2,2.0
2020-2021,CIUSSS de la Capitale-Nationale,2,3,0.0
2020-2021,CIUSSS de la Capitale-Nationale,2,4,1.0
2020-2021,CIUSSS de la Capitale-Nationale,2,5,55.0
2020-2021,CIUSSS de la Capitale-Nationale,2,6,43.0
2020-2021,CIUSSS de la Capitale-Nationale,2,7,5.0
2020-2021,CIUSSS de la Capitale-Nationale,2,8,1.0
2020-2021,CIUSSS de la Capitale-Nationale,2,9,107.0
2020-2021,CIUSSS de la Capitale-Nationale,3,5,2.0
2020-2021,CIUSSS de la Capitale-Nationale,3,6,2.0
2020-2021,CIUSSS de la Capitale-Nationale,3,9,4.0
2020-2021,CIUSSS de la Capitale-Nationale,5,1,0.0
2020-2021,CIUSSS de la Capitale-Nationale,5,2,4.0
2020-2021,CIUSSS de la Capitale-Nationale,5,3,9.0
2020-2021,CIUSSS de la Capitale-Nationale,5,4,15.0
2020-2021,CIUSSS de la Capitale-Nationale,5,5,57.0
2020-2021,CIUSSS de la Capitale-Nationale,5,6,38.0
2020-2021,CIUSSS de la Capitale-Nationale,5,7,14.0
2020-2021,CIUSSS de la Capitale-Nationale,5,8,2.0
2020-2021,CIUSSS de la Capitale-Nationale,5,9,139.0
2020-2021,CIUSSS de la Capitale-Nationale,7,5,3.0
2020-2021,CIUSSS de la Capitale-Nationale,7,6,5.0
2020-2021,CIUSSS de la Capitale-Nationale,7,7,1.0
2020-2021,CIUSSS de la Capitale-Nationale,7,9,9.0
2020-2021,CIUSSS de la Capitale-Nationale,8,2,6.0
2020-2021,CIUSSS de la Capitale-Nationale,8,3,5.0
2020-2021,CIUSSS de la Capitale-Nationale,8,4,9.0
2020-2021,CIUSSS de la Capitale-Nationale,8,5,145.0
2020-2021,CIUSSS de la Capitale-Nationale,8,6,193.0
2020-2021,CIUSSS de la Capitale-Nationale,8,7,43.0
2020-2021,CIUSSS de la Capitale-Nationale,8,8,12.0
2020-2021,CIUSSS de la Capitale-Nationale,8,9,413.0
2020-2021,CIUSSS de la Capitale-Nationale,9,1,0.0
2020-2021,CIUSSS de la Capitale-Nationale,9,2,1.0
2020-2021,CIUSSS de la Capitale-Nationale,9,3,1.0
2020-2021,CIUSSS de la Capitale-Nationale,9,4,1.0
2020-2021,CIUSSS de la Capitale-Nationale,9,5,76.0
2020-2021,CIUSSS de la Capitale-Nationale,9,6,109.0
2020-2021,CIUSSS de la Capitale-Nationale,9,7,39.0
2020-2021,CIUSSS de la Capitale-Nationale,9,8,8.0
2020-2021,CIUSSS de la Capitale-Nationale,9,9,235.0
2020-2021,CIUSSS de la Capitale-Nationale,11,5,1.0
2020-2021,CIUSSS de la Capitale-Nationale,11,6,1.0
2020-2021,CIUSSS de la Capitale-Nationale,11,9,2.0
2020-2021,CIUSSS de la Capitale-Nationale,12,1,1.0
2020-2021,CIUSSS de la Capitale-Nationale,12,2,2.0
2020-2021,CIUSSS de la Capitale-Nationale,12,3,1.0
2020-2021,CIUSSS de la Capitale-Nationale,12,4,1.0
2020-2021,CIUSSS de la Capitale-Nationale,12,5,8.0
2020-2021,CIUSSS de la Capitale-Nationale,12,6,10.0
2020-2021,CIUSSS de la Capitale-Nationale,12,7,5.0
2020-2021,CIUSSS de la Capitale-Nationale,12,9,28.0
2020-2021,CIUSSS de la Capitale-Nationale,13,1,155.0
2020-2021,CIUSSS de la Capitale-Nationale,13,2,92.0
2020-2021,CIUSSS de la Capitale-Nationale,13,3,40.0
2020-2021,CIUSSS de la Capitale-Nationale,13,4,56.0
2020-2021,CIUSSS de la Capitale-Nationale,13,5,680.0
2020-2021,CIUSSS de la Capitale-Nationale,13,6,462.0
2020-2021,CIUSSS de la Capitale-Nationale,13,7,112.0
2020-2021,CIUSSS de la Capitale-Nationale,13,8,25.0
2020-2021,CIUSSS de la Capitale-Nationale,13,9,1622.0
2020-2021,CIUSSS de la Mauricie-et-du-Centre-du-Québec,1,1,204.0
2020-2021,CIUSSS de la Mauricie-et-du-Centre-du-Québec,1,2,415.0
2020-2021,CIUSSS de la Mauricie-et-du-Centre-du-Québec,1,3,195.0
2020-2021,CIUSSS de la Mauricie-et-du-Centre-du-Québec,1,4,97.0
2020-2021,CIUSSS de la Mauricie-et-du-Centre-du-Québec,1,5,393.0
2020-2021,CIUSSS de la Mauricie-et-du-Centre-du-Québec,1,6,45.0
2020-2021,CIUSSS de la Mauricie-et-du-Centre-du-Québec,1,9,1349.0
2020-2021,CIUSSS de la Mauricie-et-du-Centre-du-Québec,2,2,1.0
2020-2021,CIUSSS de la Mauricie-et-du-Centre-du-Québec,2,3,1.0
2020-2021,CIUSSS de la Mauricie-et-du-Centre-du-Québec,2,4,8.0
2020-2021,CIUSSS de la Mauricie-et-du-Centre-du-Québec,2,5,136.0
2020-2021,CIUSSS de la Mauricie-et-du-Centre-du-Québec,2,6,66.0
2020-2021,CIUSSS de la Mauricie-et-du-Centre-du-Québec,2,7,10.0
2020-2021,CIUSSS de la Mauricie-et-du-Centre-du-Québec,2,8,1.0
2020-2021,CIUSSS de la Mauricie-et-du-Centre-du-Québec,2,9,223.0
2020-2021,CIUSSS de la Mauricie-et-du-Centre-du-Québec,3,1,3.0
2020-2021,CIUSSS de la Mauricie-et-du-Centre-du-Québec,3,2,1.0
2020-2021,CIUSSS de la Mauricie-et-du-Centre-du-Québec,3,3,10.0
2020-2021,CIUSSS de la Mauricie-et-du-Centre-du-Québec,3,4,2.0
2020-2021,CIUSSS de la Mauricie-et-du-Centre-du-Québec,3,5,14.0
2020-2021,CIUSSS de la Mauricie-et-du-Centre-du-Québec,3,6,10.0
2020-2021,CIUSSS de la Mauricie-et-du-Centre-du-Québec,3,9,40.0
2020-2021,CIUSSS de la Mauricie-et-du-Centre-du-Québec,5,2,3.0
2020-2021,CIUSSS de la Mauricie-et-du-Centre-du-Québec,5,3,5.0
2020-2021,CIUSSS de la Mauricie-et-du-Centre-du-Québec,5,4,4.0
2020-2021,CIUSSS de la Mauricie-et-du-Centre-du-Québec,5,5,12.0
2020-2021,CIUSSS de la Mauricie-et-du-Centre-du-Québec,5,6,3.0
2020-2021,CIUSSS de la Mauricie-et-du-Centre-du-Québec,5,7,1.0
2020-2021,CIUSSS de la Mauricie-et-du-Centre-du-Québec,5,9,28.0
2020-2021,CIUSSS de la Mauricie-et-du-Centre-du-Québec,7,5,1.0
2020-2021,CIUSSS de la Mauricie-et-du-Centre-du-Québec,7,8,1.0
2020-2021,CIUSSS de la Mauricie-et-du-Centre-du-Québec,7,9,2.0
2020-2021,CIUSSS de la Mauricie-et-du-Centre-du-Québec,8,2,2.0
2020-2021,CIUSSS de la Mauricie-et-du-Centre-du-Québec,8,3,12.0
2020-2021,CIUSSS de la Mauricie-et-du-Centre-du-Québec,8,4,10.0
2020-2021,CIUSSS de la Mauricie-et-du-Centre-du-Québec,8,5,75.0
2020-2021,CIUSSS de la Mauricie-et-du-Centre-du-Québec,8,6,68.0
2020-2021,CIUSSS de la Mauricie-et-du-Centre-du-Québec,8,7,21.0
2020-2021,CIUSSS de la Mauricie-et-du-Centre-du-Québec,8,8,2.0
2020-2021,CIUSSS de la Mauricie-et-du-Centre-du-Québec,8,9,190.0
2020-2021,CIUSSS de la Mauricie-et-du-Centre-du-Québec,9,2,8.0
2020-2021,CIUSSS de la Mauricie-et-du-Centre-du-Québec,9,3,10.0
2020-2021,CIUSSS de la Mauricie-et-du-Centre-du-Québec,9,4,15.0
2020-2021,CIUSSS de la Mauricie-et-du-Centre-du-Québec,9,5,103.0
2020-2021,CIUSSS de la Mauricie-et-du-Centre-du-Québec,9,6,126.0
2020-2021,CIUSSS de la Mauricie-et-du-Centre-du-Québec,9,7,6.0
2020-2021,CIUSSS de la Mauricie-et-du-Centre-du-Québec,9,8,3.0
2020-2021,CIUSSS de la Mauricie-et-du-Centre-du-Québec,9,9,271.0
2020-2021,CIUSSS de la Mauricie-et-du-Centre-du-Québec,12,2,7.0
2020-2021,CIUSSS de la Mauricie-et-du-Centre-du-Québec,12,3,9.0
2020-2021,CIUSSS de la Mauricie-et-du-Centre-du-Québec,12,4,5.0
2020-2021,CIUSSS de la Mauricie-et-du-Centre-du-Québec,12,5,18.0
2020-2021,CIUSSS de la Mauricie-et-du-Centre-du-Québec,12,6,7.0
2020-2021,CIUSSS de la Mauricie-et-du-Centre-du-Québec,12,9,46.0
2020-2021,CIUSSS de la Mauricie-et-du-Centre-du-Québec,13,1,207.0
2020-2021,CIUSSS de la Mauricie-et-du-Centre-du-Québec,13,2,437.0
2020-2021,CIUSSS de la Mauricie-et-du-Centre-du-Québec,13,3,242.0
2020-2021,CIUSSS de la Mauricie-et-du-Centre-du-Québec,13,4,141.0
2020-2021,CIUSSS de la Mauricie-et-du-Centre-du-Québec,13,5,752.0
2020-2021,CIUSSS de la Mauricie-et-du-Centre-du-Québec,13,6,325.0
2020-2021,CIUSSS de la Mauricie-et-du-Centre-du-Québec,13,7,38.0
2020-2021,CIUSSS de la Mauricie-et-du-Centre-du-Québec,13,8,7.0
2020-2021,CIUSSS de la Mauricie-et-du-Centre-du-Québec,13,9,2149.0
2020-2021,CIUSSS de la Mauricie-et-du-Centre-du-Québec,16,1,4.0
2020-2021,CIUSSS de la Mauricie-et-du-Centre-du-Québec,17,1,95.0
2020-2021,CIUSSS du Centre-Ouest-de-l'Île-de-Montréal,1,1,153.0
2020-2021,CIUSSS du Centre-Ouest-de-l'Île-de-Montréal,1,2,189.0
2020-2021,CIUSSS du Centre-Ouest-de-l'Île-de-Montréal,1,3,90.0
2020-2021,CIUSSS du Centre-Ouest-de-l'Île-de-Montréal,1,4,65.0
2020-2021,CIUSSS du Centre-Ouest-de-l'Île-de-Montréal,1,5,144.0
2020-2021,CIUSSS du Centre-Ouest-de-l'Île-de-Montréal,1,6,19.0
2020-2021,CIUSSS du Centre-Ouest-de-l'Île-de-Montréal,1,7,1.0
2020-2021,CIUSSS du Centre-Ouest-de-l'Île-de-Montréal,1,8,0.0
2020-2021,CIUSSS du Centre-Ouest-de-l'Île-de-Montréal,1,9,661.0
2020-2021,CIUSSS du Centre-Ouest-de-l'Île-de-Montréal,2,1,1.0
2020-2021,CIUSSS du Centre-Ouest-de-l'Île-de-Montréal,2,2,0.0
2020-2021,CIUSSS du Centre-Ouest-de-l'Île-de-Montréal,2,3,0.0
2020-2021,CIUSSS du Centre-Ouest-de-l'Île-de-Montréal,2,4,4.0
2020-2021,CIUSSS du Centre-Ouest-de-l'Île-de-Montréal,2,5,20.0
2020-2021,CIUSSS du Centre-Ouest-de-l'Île-de-Montréal,2,6,19.0
2020-2021,CIUSSS du Centre-Ouest-de-l'Île-de-Montréal,2,7,1.0
2020-2021,CIUSSS du Centre-Ouest-de-l'Île-de-Montréal,2,8,0.0
2020-2021,CIUSSS du Centre-Ouest-de-l'Île-de-Montréal,2,9,45.0
2020-2021,CIUSSS du Centre-Ouest-de-l'Île-de-Montréal,4,1,0.0
2020-2021,CIUSSS du Centre-Ouest-de-l'Île-de-Montréal,4,2,0.0
2020-2021,CIUSSS du Centre-Ouest-de-l'Île-de-Montréal,4,3,0.0
2020-2021,CIUSSS du Centre-Ouest-de-l'Île-de-Montréal,4,4,0.0
2020-2021,CIUSSS du Centre-Ouest-de-l'Île-de-Montréal,4,5,0.0
2020-2021,CIUSSS du Centre-Ouest-de-l'Île-de-Montréal,4,6,3.0
2020-2021,CIUSSS du Centre-Ouest-de-l'Île-de-Montréal,4,7,5.0
2020-2021,CIUSSS du Centre-Ouest-de-l'Île-de-Montréal,4,8,0.0
2020-2021,CIUSSS du Centre-Ouest-de-l'Île-de-Montréal,4,9,8.0
2020-2021,CIUSSS du Centre-Ouest-de-l'Île-de-Montréal,5,1,0.0
2020-2021,CIUSSS du Centre-Ouest-de-l'Île-de-Montréal,5,2,0.0
2020-2021,CIUSSS du Centre-Ouest-de-l'Île-de-Montréal,5,3,1.0
2020-2021,CIUSSS du Centre-Ouest-de-l'Île-de-Montréal,5,4,1.0
2020-2021,CIUSSS du Centre-Ouest-de-l'Île-de-Montréal,5,5,20.0
2020-2021,CIUSSS du Centre-Ouest-de-l'Île-de-Montréal,5,6,13.0
2020-2021,CIUSSS du Centre-Ouest-de-l'Île-de-Montréal,5,7,2.0
2020-2021,CIUSSS du Centre-Ouest-de-l'Île-de-Montréal,5,8,0.0
2020-2021,CIUSSS du Centre-Ouest-de-l'Île-de-Montréal,5,9,37.0
2020-2021,CIUSSS du Centre-Ouest-de-l'Île-de-Montréal,7,1,0.0
2020-2021,CIUSSS du Centre-Ouest-de-l'Île-de-Montréal,7,2,0.0
2020-2021,CIUSSS du Centre-Ouest-de-l'Île-de-Montréal,7,3,0.0
2020-2021,CIUSSS du Centre-Ouest-de-l'Île-de-Montréal,7,4,1.0
2020-2021,CIUSSS du Centre-Ouest-de-l'Île-de-Montréal,7,5,0.0
2020-2021,CIUSSS du Centre-Ouest-de-l'Île-de-Montréal,7,6,0.0
2020-2021,CIUSSS du Centre-Ouest-de-l'Île-de-Montréal,7,7,0.0
2020-2021,CIUSSS du Centre-Ouest-de-l'Île-de-Montréal,7,8,0.0
2020-2021,CIUSSS du Centre-Ouest-de-l'Île-de-Montréal,7,9,1.0
2020-2021,CIUSSS du Centre-Ouest-de-l'Île-de-Montréal,8,1,0.0
2020-2021,CIUSSS du Centre-Ouest-de-l'Île-de-Montréal,8,2,1.0
2020-2021,CIUSSS du Centre-Ouest-de-l'Île-de-Montréal,8,3,5.0
2020-2021,CIUSSS du Centre-Ouest-de-l'Île-de-Montréal,8,4,6.0
2020-2021,CIUSSS du Centre-Ouest-de-l'Île-de-Montréal,8,5,60.0
2020-2021,CIUSSS du Centre-Ouest-de-l'Île-de-Montréal,8,6,81.0
2020-2021,CIUSSS du Centre-Ouest-de-l'Île-de-Montréal,8,7,36.0
2020-2021,CIUSSS du Centre-Ouest-de-l'Île-de-Montréal,8,8,3.0
2020-2021,CIUSSS du Centre-Ouest-de-l'Île-de-Montréal,8,9,192.0
2020-2021,CIUSSS du Centre-Ouest-de-l'Île-de-Montréal,9,1,2.0
2020-2021,CIUSSS du Centre-Ouest-de-l'Île-de-Montréal,9,2,1.0
2020-2021,CIUSSS du Centre-Ouest-de-l'Île-de-Montréal,9,3,3.0
2020-2021,CIUSSS du Centre-Ouest-de-l'Île-de-Montréal,9,4,1.0
2020-2021,CIUSSS du Centre-Ouest-de-l'Île-de-Montréal,9,5,16.0
2020-2021,CIUSSS du Centre-Ouest-de-l'Île-de-Montréal,9,6,13.0
2020-2021,CIUSSS du Centre-Ouest-de-l'Île-de-Montréal,9,7,7.0
2020-2021,CIUSSS du Centre-Ouest-de-l'Île-de-Montréal,9,8,0.0
2020-2021,CIUSSS du Centre-Ouest-de-l'Île-de-Montréal,9,9,43.0
2020-2021,CIUSSS du Centre-Ouest-de-l'Île-de-Montréal,11,1,0.0
2020-2021,CIUSSS du Centre-Ouest-de-l'Île-de-Montréal,11,2,0.0
2020-2021,CIUSSS du Centre-Ouest-de-l'Île-de-Montréal,11,3,1.0
2020-2021,CIUSSS du Centre-Ouest-de-l'Île-de-Montréal,11,4,0.0
2020-2021,CIUSSS du Centre-Ouest-de-l'Île-de-Montréal,11,5,0.0
2020-2021,CIUSSS du Centre-Ouest-de-l'Île-de-Montréal,11,6,0.0
2020-2021,CIUSSS du Centre-Ouest-de-l'Île-de-Montréal,11,7,0.0
2020-2021,CIUSSS du Centre-Ouest-de-l'Île-de-Montréal,11,8,0.0
2020-2021,CIUSSS du Centre-Ouest-de-l'Île-de-Montréal,11,9,1.0
2020-2021,CIUSSS du Centre-Ouest-de-l'Île-de-Montréal,12,1,2.0
2020-2021,CIUSSS du Centre-Ouest-de-l'Île-de-Montréal,12,2,2.0
2020-2021,CIUSSS du Centre-Ouest-de-l'Île-de-Montréal,12,3,2.0
2020-2021,CIUSSS du Centre-Ouest-de-l'Île-de-Montréal,12,4,4.0
2020-2021,CIUSSS du Centre-Ouest-de-l'Île-de-Montréal,12,5,18.0
2020-2021,CIUSSS du Centre-Ouest-de-l'Île-de-Montréal,12,6,1.0
2020-2021,CIUSSS du Centre-Ouest-de-l'Île-de-Montréal,12,7,0.0
2020-2021,CIUSSS du Centre-Ouest-de-l'Île-de-Montréal,12,8,0.0
2020-2021,CIUSSS du Centre-Ouest-de-l'Île-de-Montréal,12,9,29.0
2020-2021,CIUSSS du Centre-Ouest-de-l'Île-de-Montréal,13,1,158.0
2020-2021,CIUSSS du Centre-Ouest-de-l'Île-de-Montréal,13,2,193.0
2020-2021,CIUSSS du Centre-Ouest-de-l'Île-de-Montréal,13,3,102.0
2020-2021,CIUSSS du Centre-Ouest-de-l'Île-de-Montréal,13,4,82.0
2020-2021,CIUSSS du Centre-Ouest-de-l'Île-de-Montréal,13,5,278.0
2020-2021,CIUSSS du Centre-Ouest-de-l'Île-de-Montréal,13,6,149.0
2020-2021,CIUSSS du Centre-Ouest-de-l'Île-de-Montréal,13,7,52.0
2020-2021,CIUSSS du Centre-Ouest-de-l'Île-de-Montréal,13,8,3.0
2020-2021,CIUSSS du Centre-Ouest-de-l'Île-de-Montréal,13,9,1017.0
2020-2021,CIUSSS du Centre-Ouest-de-l'Île-de-Montréal,14,1,2.0
2020-2021,CIUSSS du Centre-Ouest-de-l'Île-de-Montréal,15,1,63.0
2020-2021,CIUSSS du Centre-Sud-de-l'Île-de-Montréal,1,1,499.0
2020-2021,CIUSSS du Centre-Sud-de-l'Île-de-Montréal,1,2,724.0
2020-2021,CIUSSS du Centre-Sud-de-l'Île-de-Montréal,1,3,315.0
2020-2021,CIUSSS du Centre-Sud-de-l'Île-de-Montréal,1,4,185.0
2020-2021,CIUSSS du Centre-Sud-de-l'Île-de-Montréal,1,5,739.0
2020-2021,CIUSSS du Centre-Sud-de-l'Île-de-Montréal,1,6,119.0
2020-2021,CIUSSS du Centre-Sud-de-l'Île-de-Montréal,1,7,3.0
2020-2021,CIUSSS du Centre-Sud-de-l'Île-de-Montréal,1,9,2584.0
2020-2021,CIUSSS du Centre-Sud-de-l'Île-de-Montréal,2,2,6.0
2020-2021,CIUSSS du Centre-Sud-de-l'Île-de-Montréal,2,3,3.0
2020-2021,CIUSSS du Centre-Sud-de-l'Île-de-Montréal,2,4,12.0
2020-2021,CIUSSS du Centre-Sud-de-l'Île-de-Montréal,2,5,123.0
2020-2021,CIUSSS du Centre-Sud-de-l'Île-de-Montréal,2,6,97.0
2020-2021,CIUSSS du Centre-Sud-de-l'Île-de-Montréal,2,7,6.0
2020-2021,CIUSSS du Centre-Sud-de-l'Île-de-Montréal,2,8,2.0
2020-2021,CIUSSS du Centre-Sud-de-l'Île-de-Montréal,2,9,249.0
2020-2021,CIUSSS du Centre-Sud-de-l'Île-de-Montréal,3,2,1.0
2020-2021,CIUSSS du Centre-Sud-de-l'Île-de-Montréal,3,3,2.0
2020-2021,CIUSSS du Centre-Sud-de-l'Île-de-Montréal,3,5,3.0
2020-2021,CIUSSS du Centre-Sud-de-l'Île-de-Montréal,3,6,4.0
2020-2021,CIUSSS du Centre-Sud-de-l'Île-de-Montréal,3,7,2.0
2020-2021,CIUSSS du Centre-Sud-de-l'Île-de-Montréal,3,9,12.0
2020-2021,CIUSSS du Centre-Sud-de-l'Île-de-Montréal,4,1,1.0
2020-2021,CIUSSS du Centre-Sud-de-l'Île-de-Montréal,4,3,1.0
2020-2021,CIUSSS du Centre-Sud-de-l'Île-de-Montréal,4,5,12.0
2020-2021,CIUSSS du Centre-Sud-de-l'Île-de-Montréal,4,6,19.0
2020-2021,CIUSSS du Centre-Sud-de-l'Île-de-Montréal,4,7,5.0
2020-2021,CIUSSS du Centre-Sud-de-l'Île-de-Montréal,4,8,1.0
2020-2021,CIUSSS du Centre-Sud-de-l'Île-de-Montréal,4,9,39.0
2020-2021,CIUSSS du Centre-Sud-de-l'Île-de-Montréal,5,2,5.0
2020-2021,CIUSSS du Centre-Sud-de-l'Île-de-Montréal,5,3,11.0
2020-2021,CIUSSS du Centre-Sud-de-l'Île-de-Montréal,5,4,17.0
2020-2021,CIUSSS du Centre-Sud-de-l'Île-de-Montréal,5,5,76.0
2020-2021,CIUSSS du Centre-Sud-de-l'Île-de-Montréal,5,6,35.0
2020-2021,CIUSSS du Centre-Sud-de-l'Île-de-Montréal,5,7,5.0
2020-2021,CIUSSS du Centre-Sud-de-l'Île-de-Montréal,5,9,149.0
2020-2021,CIUSSS du Centre-Sud-de-l'Île-de-Montréal,7,3,5.0
2020-2021,CIUSSS du Centre-Sud-de-l'Île-de-Montréal,7,5,5.0
2020-2021,CIUSSS du Centre-Sud-de-l'Île-de-Montréal,7,6,4.0
2020-2021,CIUSSS du Centre-Sud-de-l'Île-de-Montréal,7,7,2.0
2020-2021,CIUSSS du Centre-Sud-de-l'Île-de-Montréal,7,8,1.0
2020-2021,CIUSSS du Centre-Sud-de-l'Île-de-Montréal,7,9,17.0
2020-2021,CIUSSS du Centre-Sud-de-l'Île-de-Montréal,8,2,17.0
2020-2021,CIUSSS du Centre-Sud-de-l'Île-de-Montréal,8,3,46.0
2020-2021,CIUSSS du Centre-Sud-de-l'Île-de-Montréal,8,4,60.0
2020-2021,CIUSSS du Centre-Sud-de-l'Île-de-Montréal,8,5,404.0
2020-2021,CIUSSS du Centre-Sud-de-l'Île-de-Montréal,8,6,685.0
2020-2021,CIUSSS du Centre-Sud-de-l'Île-de-Montréal,8,7,168.0
2020-2021,CIUSSS du Centre-Sud-de-l'Île-de-Montréal,8,8,30.0
2020-2021,CIUSSS du Centre-Sud-de-l'Île-de-Montréal,8,9,1410.0
2020-2021,CIUSSS du Centre-Sud-de-l'Île-de-Montréal,9,1,3.0
2020-2021,CIUSSS du Centre-Sud-de-l'Île-de-Montréal,9,2,16.0
2020-2021,CIUSSS du Centre-Sud-de-l'Île-de-Montréal,9,3,20.0
2020-2021,CIUSSS du Centre-Sud-de-l'Île-de-Montréal,9,4,12.0
2020-2021,CIUSSS du Centre-Sud-de-l'Île-de-Montréal,9,5,78.0
2020-2021,CIUSSS du Centre-Sud-de-l'Île-de-Montréal,9,6,122.0
2020-2021,CIUSSS du Centre-Sud-de-l'Île-de-Montréal,9,7,29.0
2020-2021,CIUSSS du Centre-Sud-de-l'Île-de-Montréal,9,8,5.0
2020-2021,CIUSSS du Centre-Sud-de-l'Île-de-Montréal,9,9,285.0
2020-2021,CIUSSS du Centre-Sud-de-l'Île-de-Montréal,11,2,3.0
2020-2021,CIUSSS du Centre-Sud-de-l'Île-de-Montréal,11,3,4.0
2020-2021,CIUSSS du Centre-Sud-de-l'Île-de-Montréal,11,9,7.0
2020-2021,CIUSSS du Centre-Sud-de-l'Île-de-Montréal,12,2,2.0
2020-2021,CIUSSS du Centre-Sud-de-l'Île-de-Montréal,12,3,2.0
2020-2021,CIUSSS du Centre-Sud-de-l'Île-de-Montréal,12,4,4.0
2020-2021,CIUSSS du Centre-Sud-de-l'Île-de-Montréal,12,5,23.0
2020-2021,CIUSSS du Centre-Sud-de-l'Île-de-Montréal,12,6,11.0
2020-2021,CIUSSS du Centre-Sud-de-l'Île-de-Montréal,12,7,6.0
2020-2021,CIUSSS du Centre-Sud-de-l'Île-de-Montréal,12,8,1.0
2020-2021,CIUSSS du Centre-Sud-de-l'Île-de-Montréal,12,9,49.0
2020-2021,CIUSSS du Centre-Sud-de-l'Île-de-Montréal,13,1,503.0
2020-2021,CIUSSS du Centre-Sud-de-l'Île-de-Montréal,13,2,774.0
2020-2021,CIUSSS du Centre-Sud-de-l'Île-de-Montréal,13,3,409.0
2020-2021,CIUSSS du Centre-Sud-de-l'Île-de-Montréal,13,4,290.0
2020-2021,CIUSSS du Centre-Sud-de-l'Île-de-Montréal,13,5,1463.0
2020-2021,CIUSSS du Centre-Sud-de-l'Île-de-Montréal,13,6,1096.0
2020-2021,CIUSSS du Centre-Sud-de-l'Île-de-Montréal,13,7,226.0
2020-2021,CIUSSS du Centre-Sud-de-l'Île-de-Montréal,13,8,40.0
2020-2021,CIUSSS du Centre-Sud-de-l'Île-de-Montréal,13,9,4801.0
2020-2021,CIUSSS du Saguenay  Lac-Saint-Jean,1,1,115.0
2020-2021,CIUSSS du Saguenay  Lac-Saint-Jean,1,2,141.0
2020-2021,CIUSSS du Saguenay  Lac-Saint-Jean,1,3,71.0
2020-2021,CIUSSS du Saguenay  Lac-Saint-Jean,1,4,48.0
2020-2021,CIUSSS du Saguenay  Lac-Saint-Jean,1,5,189.0
2020-2021,CIUSSS du Saguenay  Lac-Saint-Jean,1,6,31.0
2020-2021,CIUSSS du Saguenay  Lac-Saint-Jean,1,7,2.0
2020-2021,CIUSSS du Saguenay  Lac-Saint-Jean,1,8,0.0
2020-2021,CIUSSS du Saguenay  Lac-Saint-Jean,1,9,597.0
2020-2021,CIUSSS du Saguenay  Lac-Saint-Jean,2,1,0.0
2020-2021,CIUSSS du Saguenay  Lac-Saint-Jean,2,2,0.0
2020-2021,CIUSSS du Saguenay  Lac-Saint-Jean,2,3,0.0
2020-2021,CIUSSS du Saguenay  Lac-Saint-Jean,2,4,9.0
2020-2021,CIUSSS du Saguenay  Lac-Saint-Jean,2,5,65.0
2020-2021,CIUSSS du Saguenay  Lac-Saint-Jean,2,6,39.0
2020-2021,CIUSSS du Saguenay  Lac-Saint-Jean,2,7,4.0
2020-2021,CIUSSS du Saguenay  Lac-Saint-Jean,2,8,0.0
2020-2021,CIUSSS du Saguenay  Lac-Saint-Jean,2,9,117.0
2020-2021,CIUSSS du Saguenay  Lac-Saint-Jean,3,1,3.0
2020-2021,CIUSSS du Saguenay  Lac-Saint-Jean,3,2,9.0
2020-2021,CIUSSS du Saguenay  Lac-Saint-Jean,3,3,6.0
2020-2021,CIUSSS du Saguenay  Lac-Saint-Jean,3,4,3.0
2020-2021,CIUSSS du Saguenay  Lac-Saint-Jean,3,5,4.0
2020-2021,CIUSSS du Saguenay  Lac-Saint-Jean,3,6,6.0
2020-2021,CIUSSS du Saguenay  Lac-Saint-Jean,3,7,0.0
2020-2021,CIUSSS du Saguenay  Lac-Saint-Jean,3,8,0.0
2020-2021,CIUSSS du Saguenay  Lac-Saint-Jean,3,9,31.0
2020-2021,CIUSSS du Saguenay  Lac-Saint-Jean,5,1,0.0
2020-2021,CIUSSS du Saguenay  Lac-Saint-Jean,5,2,1.0
2020-2021,CIUSSS du Saguenay  Lac-Saint-Jean,5,3,0.0
2020-2021,CIUSSS du Saguenay  Lac-Saint-Jean,5,4,8.0
2020-2021,CIUSSS du Saguenay  Lac-Saint-Jean,5,5,29.0
2020-2021,CIUSSS du Saguenay  Lac-Saint-Jean,5,6,25.0
2020-2021,CIUSSS du Saguenay  Lac-Saint-Jean,5,7,6.0
2020-2021,CIUSSS du Saguenay  Lac-Saint-Jean,5,8,0.0
2020-2021,CIUSSS du Saguenay  Lac-Saint-Jean,5,9,69.0
2020-2021,CIUSSS du Saguenay  Lac-Saint-Jean,7,1,0.0
2020-2021,CIUSSS du Saguenay  Lac-Saint-Jean,7,2,2.0
2020-2021,CIUSSS du Saguenay  Lac-Saint-Jean,7,3,0.0
2020-2021,CIUSSS du Saguenay  Lac-Saint-Jean,7,4,1.0
2020-2021,CIUSSS du Saguenay  Lac-Saint-Jean,7,5,1.0
2020-2021,CIUSSS du Saguenay  Lac-Saint-Jean,7,6,3.0
2020-2021,CIUSSS du Saguenay  Lac-Saint-Jean,7,7,1.0
2020-2021,CIUSSS du Saguenay  Lac-Saint-Jean,7,8,1.0
2020-2021,CIUSSS du Saguenay  Lac-Saint-Jean,7,9,9.0
2020-2021,CIUSSS du Saguenay  Lac-Saint-Jean,8,1,0.0
2020-2021,CIUSSS du Saguenay  Lac-Saint-Jean,8,2,2.0
2020-2021,CIUSSS du Saguenay  Lac-Saint-Jean,8,3,3.0
2020-2021,CIUSSS du Saguenay  Lac-Saint-Jean,8,4,4.0
2020-2021,CIUSSS du Saguenay  Lac-Saint-Jean,8,5,41.0
2020-2021,CIUSSS du Saguenay  Lac-Saint-Jean,8,6,57.0
2020-2021,CIUSSS du Saguenay  Lac-Saint-Jean,8,7,14.0
2020-2021,CIUSSS du Saguenay  Lac-Saint-Jean,8,8,5.0
2020-2021,CIUSSS du Saguenay  Lac-Saint-Jean,8,9,126.0
2020-2021,CIUSSS du Saguenay  Lac-Saint-Jean,9,1,7.0
2020-2021,CIUSSS du Saguenay  Lac-Saint-Jean,9,2,8.0
2020-2021,CIUSSS du Saguenay  Lac-Saint-Jean,9,3,12.0
2020-2021,CIUSSS du Saguenay  Lac-Saint-Jean,9,4,9.0
2020-2021,CIUSSS du Saguenay  Lac-Saint-Jean,9,5,73.0
2020-2021,CIUSSS du Saguenay  Lac-Saint-Jean,9,6,131.0
2020-2021,CIUSSS du Saguenay  Lac-Saint-Jean,9,7,57.0
2020-2021,CIUSSS du Saguenay  Lac-Saint-Jean,9,8,13.0
2020-2021,CIUSSS du Saguenay  Lac-Saint-Jean,9,9,310.0
2020-2021,CIUSSS du Saguenay  Lac-Saint-Jean,11,1,0.0
2020-2021,CIUSSS du Saguenay  Lac-Saint-Jean,11,2,0.0
2020-2021,CIUSSS du Saguenay  Lac-Saint-Jean,11,3,1.0
2020-2021,CIUSSS du Saguenay  Lac-Saint-Jean,11,4,0.0
2020-2021,CIUSSS du Saguenay  Lac-Saint-Jean,11,5,0.0
2020-2021,CIUSSS du Saguenay  Lac-Saint-Jean,11,6,0.0
2020-2021,CIUSSS du Saguenay  Lac-Saint-Jean,11,7,0.0
2020-2021,CIUSSS du Saguenay  Lac-Saint-Jean,11,8,0.0
2020-2021,CIUSSS du Saguenay  Lac-Saint-Jean,11,9,1.0
2020-2021,CIUSSS du Saguenay  Lac-Saint-Jean,12,1,0.0
2020-2021,CIUSSS du Saguenay  Lac-Saint-Jean,12,2,0.0
2020-2021,CIUSSS du Saguenay  Lac-Saint-Jean,12,3,0.0
2020-2021,CIUSSS du Saguenay  Lac-Saint-Jean,12,4,2.0
2020-2021,CIUSSS du Saguenay  Lac-Saint-Jean,12,5,5.0
2020-2021,CIUSSS du Saguenay  Lac-Saint-Jean,12,6,1.0
2020-2021,CIUSSS du Saguenay  Lac-Saint-Jean,12,7,1.0
2020-2021,CIUSSS du Saguenay  Lac-Saint-Jean,12,8,0.0
2020-2021,CIUSSS du Saguenay  Lac-Saint-Jean,12,9,9.0
2020-2021,CIUSSS du Saguenay  Lac-Saint-Jean,13,1,125.0
2020-2021,CIUSSS du Saguenay  Lac-Saint-Jean,13,2,163.0
2020-2021,CIUSSS du Saguenay  Lac-Saint-Jean,13,3,93.0
2020-2021,CIUSSS du Saguenay  Lac-Saint-Jean,13,4,84.0
2020-2021,CIUSSS du Saguenay  Lac-Saint-Jean,13,5,407.0
2020-2021,CIUSSS du Saguenay  Lac-Saint-Jean,13,6,293.0
2020-2021,CIUSSS du Saguenay  Lac-Saint-Jean,13,7,85.0
2020-2021,CIUSSS du Saguenay  Lac-Saint-Jean,13,8,19.0
2020-2021,CIUSSS du Saguenay  Lac-Saint-Jean,13,9,1269.0
2020-2021,CIUSSS du Saguenay  Lac-Saint-Jean,16,1,8.0
2020-2021,CIUSSS du Saguenay  Lac-Saint-Jean,17,1,39.0
2021-2022,Atelier le fil d'Ariane Inc.,1,5,3.0
2021-2022,Atelier le fil d'Ariane Inc.,1,6,1.0
2021-2022,Atelier le fil d'Ariane Inc.,1,9,4.0
2021-2022,Atelier le fil d'Ariane Inc.,2,5,2.0
2021-2022,Atelier le fil d'Ariane Inc.,2,6,1.0
2021-2022,Atelier le fil d'Ariane Inc.,2,9,3.0
2021-2022,Atelier le fil d'Ariane Inc.,5,5,1.0
2021-2022,Atelier le fil d'Ariane Inc.,5,6,4.0
2021-2022,Atelier le fil d'Ariane Inc.,5,9,5.0
2021-2022,Atelier le fil d'Ariane Inc.,9,5,2.0
2021-2022,Atelier le fil d'Ariane Inc.,9,6,2.0
2021-2022,Atelier le fil d'Ariane Inc.,9,9,4.0
2021-2022,Atelier le fil d'Ariane Inc.,13,5,8.0
2021-2022,Atelier le fil d'Ariane Inc.,13,6,8.0
2021-2022,Atelier le fil d'Ariane Inc.,13,9,16.0
2021-2022,CISSS de Chaudière-Appalaches,1,1,195.0
2021-2022,CISSS de Chaudière-Appalaches,1,2,355.0
2021-2022,CISSS de Chaudière-Appalaches,1,3,186.0
2021-2022,CISSS de Chaudière-Appalaches,1,4,98.0
2021-2022,CISSS de Chaudière-Appalaches,1,5,255.0
2021-2022,CISSS de Chaudière-Appalaches,1,6,46.0
2021-2022,CISSS de Chaudière-Appalaches,1,7,3.0
2021-2022,CISSS de Chaudière-Appalaches,1,8,1.0
2021-2022,CISSS de Chaudière-Appalaches,1,9,1139.0
2021-2022,CISSS de Chaudière-Appalaches,2,1,0.0
2021-2022,CISSS de Chaudière-Appalaches,2,2,0.0
2021-2022,CISSS de Chaudière-Appalaches,2,3,1.0
2021-2022,CISSS de Chaudière-Appalaches,2,4,7.0
2021-2022,CISSS de Chaudière-Appalaches,2,5,67.0
2021-2022,CISSS de Chaudière-Appalaches,2,6,32.0
2021-2022,CISSS de Chaudière-Appalaches,2,7,1.0
2021-2022,CISSS de Chaudière-Appalaches,2,8,0.0
2021-2022,CISSS de Chaudière-Appalaches,2,9,108.0
2021-2022,CISSS de Chaudière-Appalaches,3,1,0.0
2021-2022,CISSS de Chaudière-Appalaches,3,2,0.0
2021-2022,CISSS de Chaudière-Appalaches,3,3,0.0
2021-2022,CISSS de Chaudière-Appalaches,3,4,1.0
2021-2022,CISSS de Chaudière-Appalaches,3,5,15.0
2021-2022,CISSS de Chaudière-Appalaches,3,6,26.0
2021-2022,CISSS de Chaudière-Appalaches,3,7,4.0
2021-2022,CISSS de Chaudière-Appalaches,3,8,0.0
2021-2022,CISSS de Chaudière-Appalaches,3,9,46.0
2021-2022,CISSS de Chaudière-Appalaches,4,1,0.0
2021-2022,CISSS de Chaudière-Appalaches,4,2,0.0
2021-2022,CISSS de Chaudière-Appalaches,4,3,0.0
2021-2022,CISSS de Chaudière-Appalaches,4,4,0.0
2021-2022,CISSS de Chaudière-Appalaches,4,5,3.0
2021-2022,CISSS de Chaudière-Appalaches,4,6,1.0
2021-2022,CISSS de Chaudière-Appalaches,4,7,0.0
2021-2022,CISSS de Chaudière-Appalaches,4,8,0.0
2021-2022,CISSS de Chaudière-Appalaches,4,9,4.0
2021-2022,CISSS de Chaudière-Appalaches,5,1,0.0
2021-2022,CISSS de Chaudière-Appalaches,5,2,4.0
2021-2022,CISSS de Chaudière-Appalaches,5,3,9.0
2021-2022,CISSS de Chaudière-Appalaches,5,4,2.0
2021-2022,CISSS de Chaudière-Appalaches,5,5,24.0
2021-2022,CISSS de Chaudière-Appalaches,5,6,10.0
2021-2022,CISSS de Chaudière-Appalaches,5,7,1.0
2021-2022,CISSS de Chaudière-Appalaches,5,8,0.0
2021-2022,CISSS de Chaudière-Appalaches,5,9,50.0
2021-2022,CISSS de Chaudière-Appalaches,6,1,0.0
2021-2022,CISSS de Chaudière-Appalaches,6,2,0.0
2021-2022,CISSS de Chaudière-Appalaches,6,3,0.0
2021-2022,CISSS de Chaudière-Appalaches,6,4,0.0
2021-2022,CISSS de Chaudière-Appalaches,6,5,0.0
2021-2022,CISSS de Chaudière-Appalaches,6,6,0.0
2021-2022,CISSS de Chaudière-Appalaches,6,7,0.0
2021-2022,CISSS de Chaudière-Appalaches,6,8,0.0
2021-2022,CISSS de Chaudière-Appalaches,6,9,0.0
2021-2022,CISSS de Chaudière-Appalaches,7,1,0.0
2021-2022,CISSS de Chaudière-Appalaches,7,2,0.0
2021-2022,CISSS de Chaudière-Appalaches,7,3,0.0
2021-2022,CISSS de Chaudière-Appalaches,7,4,0.0
2021-2022,CISSS de Chaudière-Appalaches,7,5,3.0
2021-2022,CISSS de Chaudière-Appalaches,7,6,4.0
2021-2022,CISSS de Chaudière-Appalaches,7,7,2.0
2021-2022,CISSS de Chaudière-Appalaches,7,8,2.0
2021-2022,CISSS de Chaudière-Appalaches,7,9,11.0
2021-2022,CISSS de Chaudière-Appalaches,8,1,0.0
2021-2022,CISSS de Chaudière-Appalaches,8,2,1.0
2021-2022,CISSS de Chaudière-Appalaches,8,3,1.0
2021-2022,CISSS de Chaudière-Appalaches,8,4,1.0
2021-2022,CISSS de Chaudière-Appalaches,8,5,48.0
2021-2022,CISSS de Chaudière-Appalaches,8,6,62.0
2021-2022,CISSS de Chaudière-Appalaches,8,7,10.0
2021-2022,CISSS de Chaudière-Appalaches,8,8,6.0
2021-2022,CISSS de Chaudière-Appalaches,8,9,129.0
2021-2022,CISSS de Chaudière-Appalaches,9,1,6.0
2021-2022,CISSS de Chaudière-Appalaches,9,2,8.0
2021-2022,CISSS de Chaudière-Appalaches,9,3,7.0
2021-2022,CISSS de Chaudière-Appalaches,9,4,20.0
2021-2022,CISSS de Chaudière-Appalaches,9,5,90.0
2021-2022,CISSS de Chaudière-Appalaches,9,6,72.0
2021-2022,CISSS de Chaudière-Appalaches,9,7,19.0
2021-2022,CISSS de Chaudière-Appalaches,9,8,5.0
2021-2022,CISSS de Chaudière-Appalaches,9,9,227.0
2021-2022,CISSS de Chaudière-Appalaches,10,1,0.0
2021-2022,CISSS de Chaudière-Appalaches,10,2,0.0
2021-2022,CISSS de Chaudière-Appalaches,10,3,0.0
2021-2022,CISSS de Chaudière-Appalaches,10,4,0.0
2021-2022,CISSS de Chaudière-Appalaches,10,5,0.0
2021-2022,CISSS de Chaudière-Appalaches,10,6,0.0
2021-2022,CISSS de Chaudière-Appalaches,10,7,0.0
2021-2022,CISSS de Chaudière-Appalaches,10,8,0.0
2021-2022,CISSS de Chaudière-Appalaches,10,9,0.0
2021-2022,CISSS de Chaudière-Appalaches,11,1,0.0
2021-2022,CISSS de Chaudière-Appalaches,11,2,0.0
2021-2022,CISSS de Chaudière-Appalaches,11,3,0.0
2021-2022,CISSS de Chaudière-Appalaches,11,4,0.0
2021-2022,CISSS de Chaudière-Appalaches,11,5,0.0
2021-2022,CISSS de Chaudière-Appalaches,11,6,0.0
2021-2022,CISSS de Chaudière-Appalaches,11,7,0.0
2021-2022,CISSS de Chaudière-Appalaches,11,8,0.0
2021-2022,CISSS de Chaudière-Appalaches,11,9,0.0
2021-2022,CISSS de Chaudière-Appalaches,12,1,0.0
2021-2022,CISSS de Chaudière-Appalaches,12,2,1.0
2021-2022,CISSS de Chaudière-Appalaches,12,3,2.0
2021-2022,CISSS de Chaudière-Appalaches,12,4,1.0
2021-2022,CISSS de Chaudière-Appalaches,12,5,9.0
2021-2022,CISSS de Chaudière-Appalaches,12,6,3.0
2021-2022,CISSS de Chaudière-Appalaches,12,7,1.0
2021-2022,CISSS de Chaudière-Appalaches,12,8,1.0
2021-2022,CISSS de Chaudière-Appalaches,12,9,18.0
2021-2022,CISSS de Chaudière-Appalaches,13,1,201.0
2021-2022,CISSS de Chaudière-Appalaches,13,2,369.0
2021-2022,CISSS de Chaudière-Appalaches,13,3,206.0
2021-2022,CISSS de Chaudière-Appalaches,13,4,130.0
2021-2022,CISSS de Chaudière-Appalaches,13,5,514.0
2021-2022,CISSS de Chaudière-Appalaches,13,6,256.0
2021-2022,CISSS de Chaudière-Appalaches,13,7,41.0
2021-2022,CISSS de Chaudière-Appalaches,13,8,15.0
2021-2022,CISSS de Chaudière-Appalaches,13,9,1732.0
2021-2022,CISSS de Chaudière-Appalaches,14,1,1.0
2021-2022,CISSS de Chaudière-Appalaches,15,1,37.0
2021-2022,CISSS de Chaudière-Appalaches,16,1,13.0
2021-2022,CISSS de Chaudière-Appalaches,17,1,68.0
2021-2022,CISSS de Lanaudière,1,1,362.0
2021-2022,CISSS de Lanaudière,1,2,563.0
2021-2022,CISSS de Lanaudière,1,3,240.0
2021-2022,CISSS de Lanaudière,1,4,89.0
2021-2022,CISSS de Lanaudière,1,5,118.0
2021-2022,CISSS de Lanaudière,1,6,18.0
2021-2022,CISSS de Lanaudière,1,9,1390.0
2021-2022,CISSS de Lanaudière,2,2,2.0
2021-2022,CISSS de Lanaudière,2,3,2.0
2021-2022,CISSS de Lanaudière,2,4,0.0
2021-2022,CISSS de Lanaudière,2,5,26.0
2021-2022,CISSS de Lanaudière,2,6,7.0
2021-2022,CISSS de Lanaudière,2,7,2.0
2021-2022,CISSS de Lanaudière,2,9,39.0
2021-2022,CISSS de Lanaudière,3,1,2.0
2021-2022,CISSS de Lanaudière,3,2,2.0
2021-2022,CISSS de Lanaudière,3,3,4.0
2021-2022,CISSS de Lanaudière,3,4,0.0
2021-2022,CISSS de Lanaudière,3,5,1.0
2021-2022,CISSS de Lanaudière,3,6,0.0
2021-2022,CISSS de Lanaudière,3,7,1.0
2021-2022,CISSS de Lanaudière,3,8,0.0
2021-2022,CISSS de Lanaudière,3,9,10.0
2021-2022,CISSS de Lanaudière,4,1,0.0
2021-2022,CISSS de Lanaudière,4,2,0.0
2021-2022,CISSS de Lanaudière,4,3,1.0
2021-2022,CISSS de Lanaudière,4,4,1.0
2021-2022,CISSS de Lanaudière,4,5,5.0
2021-2022,CISSS de Lanaudière,4,6,0.0
2021-2022,CISSS de Lanaudière,4,7,0.0
2021-2022,CISSS de Lanaudière,4,8,0.0
2021-2022,CISSS de Lanaudière,4,9,7.0
2021-2022,CISSS de Lanaudière,5,1,0.0
2021-2022,CISSS de Lanaudière,5,2,2.0
2021-2022,CISSS de Lanaudière,5,3,9.0
2021-2022,CISSS de Lanaudière,5,4,8.0
2021-2022,CISSS de Lanaudière,5,5,20.0
2021-2022,CISSS de Lanaudière,5,6,1.0
2021-2022,CISSS de Lanaudière,5,7,0.0
2021-2022,CISSS de Lanaudière,5,8,0.0
2021-2022,CISSS de Lanaudière,5,9,40.0
2021-2022,CISSS de Lanaudière,7,5,4.0
2021-2022,CISSS de Lanaudière,7,6,3.0
2021-2022,CISSS de Lanaudière,7,7,0.0
2021-2022,CISSS de Lanaudière,7,8,0.0
2021-2022,CISSS de Lanaudière,7,9,7.0
2021-2022,CISSS de Lanaudière,8,2,2.0
2021-2022,CISSS de Lanaudière,8,3,8.0
2021-2022,CISSS de Lanaudière,8,4,6.0
2021-2022,CISSS de Lanaudière,8,5,52.0
2021-2022,CISSS de Lanaudière,8,6,16.0
2021-2022,CISSS de Lanaudière,8,7,3.0
2021-2022,CISSS de Lanaudière,8,8,0.0
2021-2022,CISSS de Lanaudière,8,9,87.0
2021-2022,CISSS de Lanaudière,9,1,6.0
2021-2022,CISSS de Lanaudière,9,2,12.0
2021-2022,CISSS de Lanaudière,9,3,12.0
2021-2022,CISSS de Lanaudière,9,4,10.0
2021-2022,CISSS de Lanaudière,9,5,40.0
2021-2022,CISSS de Lanaudière,9,6,15.0
2021-2022,CISSS de Lanaudière,9,7,9.0
2021-2022,CISSS de Lanaudière,9,8,1.0
2021-2022,CISSS de Lanaudière,9,9,105.0
2021-2022,CISSS de Lanaudière,12,1,0.0
2021-2022,CISSS de Lanaudière,12,2,0.0
2021-2022,CISSS de Lanaudière,12,3,1.0
2021-2022,CISSS de Lanaudière,12,4,0.0
2021-2022,CISSS de Lanaudière,12,5,1.0
2021-2022,CISSS de Lanaudière,12,6,1.0
2021-2022,CISSS de Lanaudière,12,7,0.0
2021-2022,CISSS de Lanaudière,12,8,1.0
2021-2022,CISSS de Lanaudière,12,9,4.0
2021-2022,CISSS de Lanaudière,13,1,370.0
2021-2022,CISSS de Lanaudière,13,2,583.0
2021-2022,CISSS de Lanaudière,13,3,277.0
2021-2022,CISSS de Lanaudière,13,4,114.0
2021-2022,CISSS de Lanaudière,13,5,267.0
2021-2022,CISSS de Lanaudière,13,6,61.0
2021-2022,CISSS de Lanaudière,13,7,15.0
2021-2022,CISSS de Lanaudière,13,8,2.0
2021-2022,CISSS de Lanaudière,13,9,1689.0
2021-2022,CISSS de Laval,1,1,193.0
2021-2022,CISSS de Laval,1,2,143.0
2021-2022,CISSS de Laval,1,3,90.0
2021-2022,CISSS de Laval,1,4,51.0
2021-2022,CISSS de Laval,1,5,95.0
2021-2022,CISSS de Laval,1,6,10.0
2021-2022,CISSS de Laval,1,7,1.0
2021-2022,CISSS de Laval,1,8,0.0
2021-2022,CISSS de Laval,1,9,583.0
2021-2022,CISSS de Laval,2,1,0.0
2021-2022,CISSS de Laval,2,2,0.0
2021-2022,CISSS de Laval,2,3,0.0
2021-2022,CISSS de Laval,2,4,3.0
2021-2022,CISSS de Laval,2,5,14.0
2021-2022,CISSS de Laval,2,6,5.0
2021-2022,CISSS de Laval,2,7,0.0
2021-2022,CISSS de Laval,2,8,0.0
2021-2022,CISSS de Laval,2,9,22.0
2021-2022,CISSS de Laval,3,1,0.0
2021-2022,CISSS de Laval,3,2,0.0
2021-2022,CISSS de Laval,3,3,0.0
2021-2022,CISSS de Laval,3,4,0.0
2021-2022,CISSS de Laval,3,5,4.0
2021-2022,CISSS de Laval,3,6,0.0
2021-2022,CISSS de Laval,3,7,0.0
2021-2022,CISSS de Laval,3,8,0.0
2021-2022,CISSS de Laval,3,9,4.0
2021-2022,CISSS de Laval,4,1,0.0
2021-2022,CISSS de Laval,4,2,0.0
2021-2022,CISSS de Laval,4,3,1.0
2021-2022,CISSS de Laval,4,4,1.0
2021-2022,CISSS de Laval,4,5,3.0
2021-2022,CISSS de Laval,4,6,0.0
2021-2022,CISSS de Laval,4,7,0.0
2021-2022,CISSS de Laval,4,8,0.0
2021-2022,CISSS de Laval,4,9,5.0
2021-2022,CISSS de Laval,5,1,0.0
2021-2022,CISSS de Laval,5,2,0.0
2021-2022,CISSS de Laval,5,3,5.0
2021-2022,CISSS de Laval,5,4,0.0
2021-2022,CISSS de Laval,5,5,0.0
2021-2022,CISSS de Laval,5,6,0.0
2021-2022,CISSS de Laval,5,7,0.0
2021-2022,CISSS de Laval,5,8,0.0
2021-2022,CISSS de Laval,5,9,5.0
2021-2022,CISSS de Laval,6,1,0.0
2021-2022,CISSS de Laval,6,2,0.0
2021-2022,CISSS de Laval,6,3,0.0
2021-2022,CISSS de Laval,6,4,0.0
2021-2022,CISSS de Laval,6,5,5.0
2021-2022,CISSS de Laval,6,6,2.0
2021-2022,CISSS de Laval,6,7,0.0
2021-2022,CISSS de Laval,6,8,0.0
2021-2022,CISSS de Laval,6,9,7.0
2021-2022,CISSS de Laval,7,1,0.0
2021-2022,CISSS de Laval,7,2,0.0
2021-2022,CISSS de Laval,7,3,3.0
2021-2022,CISSS de Laval,7,4,0.0
2021-2022,CISSS de Laval,7,5,1.0
2021-2022,CISSS de Laval,7,6,0.0
2021-2022,CISSS de Laval,7,7,0.0
2021-2022,CISSS de Laval,7,8,0.0
2021-2022,CISSS de Laval,7,9,4.0
2021-2022,CISSS de Laval,8,1,0.0
2021-2022,CISSS de Laval,8,2,3.0
2021-2022,CISSS de Laval,8,3,11.0
2021-2022,CISSS de Laval,8,4,26.0
2021-2022,CISSS de Laval,8,5,129.0
2021-2022,CISSS de Laval,8,6,77.0
2021-2022,CISSS de Laval,8,7,18.0
2021-2022,CISSS de Laval,8,8,6.0
2021-2022,CISSS de Laval,8,9,270.0
2021-2022,CISSS de Laval,9,1,0.0
2021-2022,CISSS de Laval,9,2,4.0
2021-2022,CISSS de Laval,9,3,5.0
2021-2022,CISSS de Laval,9,4,0.0
2021-2022,CISSS de Laval,9,5,15.0
2021-2022,CISSS de Laval,9,6,13.0
2021-2022,CISSS de Laval,9,7,2.0
2021-2022,CISSS de Laval,9,8,1.0
2021-2022,CISSS de Laval,9,9,40.0
2021-2022,CISSS de Laval,10,1,0.0
2021-2022,CISSS de Laval,10,2,3.0
2021-2022,CISSS de Laval,10,3,7.0
2021-2022,CISSS de Laval,10,4,3.0
2021-2022,CISSS de Laval,10,5,20.0
2021-2022,CISSS de Laval,10,6,12.0
2021-2022,CISSS de Laval,10,7,1.0
2021-2022,CISSS de Laval,10,8,2.0
2021-2022,CISSS de Laval,10,9,48.0
2021-2022,CISSS de Laval,11,1,0.0
2021-2022,CISSS de Laval,11,2,0.0
2021-2022,CISSS de Laval,11,3,3.0
2021-2022,CISSS de Laval,11,4,0.0
2021-2022,CISSS de Laval,11,5,0.0
2021-2022,CISSS de Laval,11,6,1.0
2021-2022,CISSS de Laval,11,7,0.0
2021-2022,CISSS de Laval,11,8,0.0
2021-2022,CISSS de Laval,11,9,4.0
2021-2022,CISSS de Laval,12,1,0.0
2021-2022,CISSS de Laval,12,2,0.0
2021-2022,CISSS de Laval,12,3,0.0
2021-2022,CISSS de Laval,12,4,1.0
2021-2022,CISSS de Laval,12,5,3.0
2021-2022,CISSS de Laval,12,6,1.0
2021-2022,CISSS de Laval,12,7,0.0
2021-2022,CISSS de Laval,12,8,0.0
2021-2022,CISSS de Laval,12,9,5.0
2021-2022,CISSS de Laval,13,1,193.0
2021-2022,CISSS de Laval,13,2,153.0
2021-2022,CISSS de Laval,13,3,125.0
2021-2022,CISSS de Laval,13,4,85.0
2021-2022,CISSS de Laval,13,5,289.0
2021-2022,CISSS de Laval,13,6,121.0
2021-2022,CISSS de Laval,13,7,22.0
2021-2022,CISSS de Laval,13,8,9.0
2021-2022,CISSS de Laval,13,9,997.0
2021-2022,CISSS de l'Abitibi-Témiscamingue,1,1,81.0
2021-2022,CISSS de l'Abitibi-Témiscamingue,1,2,194.0
2021-2022,CISSS de l'Abitibi-Témiscamingue,1,3,89.0
2021-2022,CISSS de l'Abitibi-Témiscamingue,1,4,31.0
2021-2022,CISSS de l'Abitibi-Témiscamingue,1,5,59.0
2021-2022,CISSS de l'Abitibi-Témiscamingue,1,6,8.0
2021-2022,CISSS de l'Abitibi-Témiscamingue,1,7,1.0
2021-2022,CISSS de l'Abitibi-Témiscamingue,1,8,0.0
2021-2022,CISSS de l'Abitibi-Témiscamingue,1,9,463.0
2021-2022,CISSS de l'Abitibi-Témiscamingue,2,1,7.0
2021-2022,CISSS de l'Abitibi-Témiscamingue,2,2,9.0
2021-2022,CISSS de l'Abitibi-Témiscamingue,2,3,2.0
2021-2022,CISSS de l'Abitibi-Témiscamingue,2,4,7.0
2021-2022,CISSS de l'Abitibi-Témiscamingue,2,5,39.0
2021-2022,CISSS de l'Abitibi-Témiscamingue,2,6,17.0
2021-2022,CISSS de l'Abitibi-Témiscamingue,2,7,3.0
2021-2022,CISSS de l'Abitibi-Témiscamingue,2,8,0.0
2021-2022,CISSS de l'Abitibi-Témiscamingue,2,9,84.0
2021-2022,CISSS de l'Abitibi-Témiscamingue,4,1,0.0
2021-2022,CISSS de l'Abitibi-Témiscamingue,4,2,0.0
2021-2022,CISSS de l'Abitibi-Témiscamingue,4,3,0.0
2021-2022,CISSS de l'Abitibi-Témiscamingue,4,4,0.0
2021-2022,CISSS de l'Abitibi-Témiscamingue,4,5,5.0
2021-2022,CISSS de l'Abitibi-Témiscamingue,4,6,8.0
2021-2022,CISSS de l'Abitibi-Témiscamingue,4,7,0.0
2021-2022,CISSS de l'Abitibi-Témiscamingue,4,8,0.0
2021-2022,CISSS de l'Abitibi-Témiscamingue,4,9,13.0
2021-2022,CISSS de l'Abitibi-Témiscamingue,5,1,0.0
2021-2022,CISSS de l'Abitibi-Témiscamingue,5,2,0.0
2021-2022,CISSS de l'Abitibi-Témiscamingue,5,3,0.0
2021-2022,CISSS de l'Abitibi-Témiscamingue,5,4,1.0
2021-2022,CISSS de l'Abitibi-Témiscamingue,5,5,6.0
2021-2022,CISSS de l'Abitibi-Témiscamingue,5,6,5.0
2021-2022,CISSS de l'Abitibi-Témiscamingue,5,7,0.0
2021-2022,CISSS de l'Abitibi-Témiscamingue,5,8,0.0
2021-2022,CISSS de l'Abitibi-Témiscamingue,5,9,12.0
2021-2022,CISSS de l'Abitibi-Témiscamingue,7,1,0.0
2021-2022,CISSS de l'Abitibi-Témiscamingue,7,2,0.0
2021-2022,CISSS de l'Abitibi-Témiscamingue,7,3,1.0
2021-2022,CISSS de l'Abitibi-Témiscamingue,7,4,0.0
2021-2022,CISSS de l'Abitibi-Témiscamingue,7,5,1.0
2021-2022,CISSS de l'Abitibi-Témiscamingue,7,6,2.0
2021-2022,CISSS de l'Abitibi-Témiscamingue,7,7,2.0
2021-2022,CISSS de l'Abitibi-Témiscamingue,7,8,0.0
2021-2022,CISSS de l'Abitibi-Témiscamingue,7,9,6.0
2021-2022,CISSS de l'Abitibi-Témiscamingue,8,1,0.0
2021-2022,CISSS de l'Abitibi-Témiscamingue,8,2,0.0
2021-2022,CISSS de l'Abitibi-Témiscamingue,8,3,0.0
2021-2022,CISSS de l'Abitibi-Témiscamingue,8,4,2.0
2021-2022,CISSS de l'Abitibi-Témiscamingue,8,5,15.0
2021-2022,CISSS de l'Abitibi-Témiscamingue,8,6,11.0
2021-2022,CISSS de l'Abitibi-Témiscamingue,8,7,1.0
2021-2022,CISSS de l'Abitibi-Témiscamingue,8,8,0.0
2021-2022,CISSS de l'Abitibi-Témiscamingue,8,9,29.0
2021-2022,CISSS de l'Abitibi-Témiscamingue,9,1,5.0
2021-2022,CISSS de l'Abitibi-Témiscamingue,9,2,8.0
2021-2022,CISSS de l'Abitibi-Témiscamingue,9,3,11.0
2021-2022,CISSS de l'Abitibi-Témiscamingue,9,4,10.0
2021-2022,CISSS de l'Abitibi-Témiscamingue,9,5,54.0
2021-2022,CISSS de l'Abitibi-Témiscamingue,9,6,96.0
2021-2022,CISSS de l'Abitibi-Témiscamingue,9,7,18.0
2021-2022,CISSS de l'Abitibi-Témiscamingue,9,8,3.0
2021-2022,CISSS de l'Abitibi-Témiscamingue,9,9,205.0
2021-2022,CISSS de l'Abitibi-Témiscamingue,10,1,0.0
2021-2022,CISSS de l'Abitibi-Témiscamingue,10,2,0.0
2021-2022,CISSS de l'Abitibi-Témiscamingue,10,3,4.0
2021-2022,CISSS de l'Abitibi-Témiscamingue,10,4,5.0
2021-2022,CISSS de l'Abitibi-Témiscamingue,10,5,21.0
2021-2022,CISSS de l'Abitibi-Témiscamingue,10,6,8.0
2021-2022,CISSS de l'Abitibi-Témiscamingue,10,7,2.0
2021-2022,CISSS de l'Abitibi-Témiscamingue,10,8,1.0
2021-2022,CISSS de l'Abitibi-Témiscamingue,10,9,41.0
2021-2022,CISSS de l'Abitibi-Témiscamingue,12,1,0.0
2021-2022,CISSS de l'Abitibi-Témiscamingue,12,2,0.0
2021-2022,CISSS de l'Abitibi-Témiscamingue,12,3,0.0
2021-2022,CISSS de l'Abitibi-Témiscamingue,12,4,0.0
2021-2022,CISSS de l'Abitibi-Témiscamingue,12,5,1.0
2021-2022,CISSS de l'Abitibi-Témiscamingue,12,6,2.0
2021-2022,CISSS de l'Abitibi-Témiscamingue,12,7,1.0
2021-2022,CISSS de l'Abitibi-Témiscamingue,12,8,0.0
2021-2022,CISSS de l'Abitibi-Témiscamingue,12,9,4.0
2021-2022,CISSS de l'Abitibi-Témiscamingue,13,1,93.0
2021-2022,CISSS de l'Abitibi-Témiscamingue,13,2,211.0
2021-2022,CISSS de l'Abitibi-Témiscamingue,13,3,107.0
2021-2022,CISSS de l'Abitibi-Témiscamingue,13,4,56.0
2021-2022,CISSS de l'Abitibi-Témiscamingue,13,5,201.0
2021-2022,CISSS de l'Abitibi-Témiscamingue,13,6,157.0
2021-2022,CISSS de l'Abitibi-Témiscamingue,13,7,28.0
2021-2022,CISSS de l'Abitibi-Témiscamingue,13,8,4.0
2021-2022,CISSS de l'Abitibi-Témiscamingue,13,9,857.0
2021-2022,CISSS de l'Outaouais,1,1,288.0
2021-2022,CISSS de l'Outaouais,1,2,269.0
2021-2022,CISSS de l'Outaouais,1,3,92.0
2021-2022,CISSS de l'Outaouais,1,4,35.0
2021-2022,CISSS de l'Outaouais,1,5,80.0
2021-2022,CISSS de l'Outaouais,1,6,6.0
2021-2022,CISSS de l'Outaouais,1,9,770.0
2021-2022,CISSS de l'Outaouais,2,3,1.0
2021-2022,CISSS de l'Outaouais,2,4,8.0
2021-2022,CISSS de l'Outaouais,2,5,46.0
2021-2022,CISSS de l'Outaouais,2,6,18.0
2021-2022,CISSS de l'Outaouais,2,7,1.0
2021-2022,CISSS de l'Outaouais,2,9,74.0
2021-2022,CISSS de l'Outaouais,3,1,1.0
2021-2022,CISSS de l'Outaouais,3,3,1.0
2021-2022,CISSS de l'Outaouais,3,5,2.0
2021-2022,CISSS de l'Outaouais,3,6,4.0
2021-2022,CISSS de l'Outaouais,3,9,8.0
2021-2022,CISSS de l'Outaouais,4,1,1.0
2021-2022,CISSS de l'Outaouais,4,5,5.0
2021-2022,CISSS de l'Outaouais,4,6,11.0
2021-2022,CISSS de l'Outaouais,4,9,17.0
2021-2022,CISSS de l'Outaouais,5,2,1.0
2021-2022,CISSS de l'Outaouais,5,3,9.0
2021-2022,CISSS de l'Outaouais,5,4,9.0
2021-2022,CISSS de l'Outaouais,5,5,6.0
2021-2022,CISSS de l'Outaouais,5,6,4.0
2021-2022,CISSS de l'Outaouais,5,9,29.0
2021-2022,CISSS de l'Outaouais,7,5,1.0
2021-2022,CISSS de l'Outaouais,7,6,1.0
2021-2022,CISSS de l'Outaouais,7,7,1.0
2021-2022,CISSS de l'Outaouais,7,9,3.0
2021-2022,CISSS de l'Outaouais,8,4,7.0
2021-2022,CISSS de l'Outaouais,8,5,25.0
2021-2022,CISSS de l'Outaouais,8,6,22.0
2021-2022,CISSS de l'Outaouais,8,9,54.0
2021-2022,CISSS de l'Outaouais,9,1,9.0
2021-2022,CISSS de l'Outaouais,9,2,16.0
2021-2022,CISSS de l'Outaouais,9,3,2.0
2021-2022,CISSS de l'Outaouais,9,4,4.0
2021-2022,CISSS de l'Outaouais,9,5,31.0
2021-2022,CISSS de l'Outaouais,9,6,25.0
2021-2022,CISSS de l'Outaouais,9,7,4.0
2021-2022,CISSS de l'Outaouais,9,9,91.0
2021-2022,CISSS de l'Outaouais,12,1,3.0
2021-2022,CISSS de l'Outaouais,12,2,2.0
2021-2022,CISSS de l'Outaouais,12,3,2.0
2021-2022,CISSS de l'Outaouais,12,4,1.0
2021-2022,CISSS de l'Outaouais,12,5,9.0
2021-2022,CISSS de l'Outaouais,12,6,3.0
2021-2022,CISSS de l'Outaouais,12,7,2.0
2021-2022,CISSS de l'Outaouais,12,9,22.0
2021-2022,CISSS de l'Outaouais,13,1,302.0
2021-2022,CISSS de l'Outaouais,13,2,288.0
2021-2022,CISSS de l'Outaouais,13,3,107.0
2021-2022,CISSS de l'Outaouais,13,4,64.0
2021-2022,CISSS de l'Outaouais,13,5,205.0
2021-2022,CISSS de l'Outaouais,13,6,94.0
2021-2022,CISSS de l'Outaouais,13,7,8.0
2021-2022,CISSS de l'Outaouais,13,9,1068.0
2021-2022,CISSS de l'Outaouais,16,1,32.0
2021-2022,CISSS de l'Outaouais,17,1,4928.0
2021-2022,CISSS de la Côte-Nord,1,1,21.0
2021-2022,CISSS de la Côte-Nord,1,2,103.0
2021-2022,CISSS de la Côte-Nord,1,3,36.0
2021-2022,CISSS de la Côte-Nord,1,4,5.0
2021-2022,CISSS de la Côte-Nord,1,5,11.0
2021-2022,CISSS de la Côte-Nord,1,6,2.0
2021-2022,CISSS de la Côte-Nord,1,7,0.0
2021-2022,CISSS de la Côte-Nord,1,8,0.0
2021-2022,CISSS de la Côte-Nord,1,9,178.0
2021-2022,CISSS de la Côte-Nord,2,1,3.0
2021-2022,CISSS de la Côte-Nord,2,2,11.0
2021-2022,CISSS de la Côte-Nord,2,3,4.0
2021-2022,CISSS de la Côte-Nord,2,4,1.0
2021-2022,CISSS de la Côte-Nord,2,5,4.0
2021-2022,CISSS de la Côte-Nord,2,6,2.0
2021-2022,CISSS de la Côte-Nord,2,7,0.0
2021-2022,CISSS de la Côte-Nord,2,8,0.0
2021-2022,CISSS de la Côte-Nord,2,9,25.0
2021-2022,CISSS de la Côte-Nord,3,5,1.0
2021-2022,CISSS de la Côte-Nord,3,9,1.0
2021-2022,CISSS de la Côte-Nord,5,3,2.0
2021-2022,CISSS de la Côte-Nord,5,5,8.0
2021-2022,CISSS de la Côte-Nord,5,6,3.0
2021-2022,CISSS de la Côte-Nord,5,9,13.0
2021-2022,CISSS de la Côte-Nord,7,5,1.0
2021-2022,CISSS de la Côte-Nord,7,9,1.0
2021-2022,CISSS de la Côte-Nord,8,3,1.0
2021-2022,CISSS de la Côte-Nord,8,4,3.0
2021-2022,CISSS de la Côte-Nord,8,5,19.0
2021-2022,CISSS de la Côte-Nord,8,6,43.0
2021-2022,CISSS de la Côte-Nord,8,7,10.0
2021-2022,CISSS de la Côte-Nord,8,8,2.0
2021-2022,CISSS de la Côte-Nord,8,9,78.0
2021-2022,CISSS de la Côte-Nord,9,1,0.0
2021-2022,CISSS de la Côte-Nord,9,2,6.0
2021-2022,CISSS de la Côte-Nord,9,3,4.0
2021-2022,CISSS de la Côte-Nord,9,4,0.0
2021-2022,CISSS de la Côte-Nord,9,5,11.0
2021-2022,CISSS de la Côte-Nord,9,6,34.0
2021-2022,CISSS de la Côte-Nord,9,7,10.0
2021-2022,CISSS de la Côte-Nord,9,8,1.0
2021-2022,CISSS de la Côte-Nord,9,9,66.0
2021-2022,CISSS de la Côte-Nord,12,1,0.0
2021-2022,CISSS de la Côte-Nord,12,2,1.0
2021-2022,CISSS de la Côte-Nord,12,3,0.0
2021-2022,CISSS de la Côte-Nord,12,4,1.0
2021-2022,CISSS de la Côte-Nord,12,5,1.0
2021-2022,CISSS de la Côte-Nord,12,6,0.0
2021-2022,CISSS de la Côte-Nord,12,7,0.0
2021-2022,CISSS de la Côte-Nord,12,8,0.0
2021-2022,CISSS de la Côte-Nord,12,9,3.0
2021-2022,CISSS de la Côte-Nord,13,1,24.0
2021-2022,CISSS de la Côte-Nord,13,2,121.0
2021-2022,CISSS de la Côte-Nord,13,3,47.0
2021-2022,CISSS de la Côte-Nord,13,4,10.0
2021-2022,CISSS de la Côte-Nord,13,5,56.0
2021-2022,CISSS de la Côte-Nord,13,6,84.0
2021-2022,CISSS de la Côte-Nord,13,7,20.0
2021-2022,CISSS de la Côte-Nord,13,8,3.0
2021-2022,CISSS de la Côte-Nord,13,9,365.0
2021-2022,CISSS de la Gaspésie,1,1,46.0
2021-2022,CISSS de la Gaspésie,1,2,85.0
2021-2022,CISSS de la Gaspésie,1,3,68.0
2021-2022,CISSS de la Gaspésie,1,4,12.0
2021-2022,CISSS de la Gaspésie,1,5,20.0
2021-2022,CISSS de la Gaspésie,1,6,3.0
2021-2022,CISSS de la Gaspésie,1,7,0.0
2021-2022,CISSS de la Gaspésie,1,8,0.0
2021-2022,CISSS de la Gaspésie,1,9,234.0
2021-2022,CISSS de la Gaspésie,2,1,0.0
2021-2022,CISSS de la Gaspésie,2,2,2.0
2021-2022,CISSS de la Gaspésie,2,3,1.0
2021-2022,CISSS de la Gaspésie,2,4,5.0
2021-2022,CISSS de la Gaspésie,2,5,6.0
2021-2022,CISSS de la Gaspésie,2,6,1.0
2021-2022,CISSS de la Gaspésie,2,7,0.0
2021-2022,CISSS de la Gaspésie,2,8,0.0
2021-2022,CISSS de la Gaspésie,2,9,15.0
2021-2022,CISSS de la Gaspésie,5,1,0.0
2021-2022,CISSS de la Gaspésie,5,2,0.0
2021-2022,CISSS de la Gaspésie,5,3,1.0
2021-2022,CISSS de la Gaspésie,5,4,1.0
2021-2022,CISSS de la Gaspésie,5,5,6.0
2021-2022,CISSS de la Gaspésie,5,6,8.0
2021-2022,CISSS de la Gaspésie,5,7,0.0
2021-2022,CISSS de la Gaspésie,5,8,0.0
2021-2022,CISSS de la Gaspésie,5,9,16.0
2021-2022,CISSS de la Gaspésie,8,1,0.0
2021-2022,CISSS de la Gaspésie,8,2,0.0
2021-2022,CISSS de la Gaspésie,8,3,0.0
2021-2022,CISSS de la Gaspésie,8,4,0.0
2021-2022,CISSS de la Gaspésie,8,5,1.0
2021-2022,CISSS de la Gaspésie,8,6,1.0
2021-2022,CISSS de la Gaspésie,8,7,0.0
2021-2022,CISSS de la Gaspésie,8,8,0.0
2021-2022,CISSS de la Gaspésie,8,9,2.0
2021-2022,CISSS de la Gaspésie,9,1,2.0
2021-2022,CISSS de la Gaspésie,9,2,5.0
2021-2022,CISSS de la Gaspésie,9,3,3.0
2021-2022,CISSS de la Gaspésie,9,4,2.0
2021-2022,CISSS de la Gaspésie,9,5,8.0
2021-2022,CISSS de la Gaspésie,9,6,5.0
2021-2022,CISSS de la Gaspésie,9,7,1.0
2021-2022,CISSS de la Gaspésie,9,8,0.0
2021-2022,CISSS de la Gaspésie,9,9,26.0
2021-2022,CISSS de la Gaspésie,12,1,0.0
2021-2022,CISSS de la Gaspésie,12,2,0.0
2021-2022,CISSS de la Gaspésie,12,3,1.0
2021-2022,CISSS de la Gaspésie,12,4,0.0
2021-2022,CISSS de la Gaspésie,12,5,0.0
2021-2022,CISSS de la Gaspésie,12,6,0.0
2021-2022,CISSS de la Gaspésie,12,7,0.0
2021-2022,CISSS de la Gaspésie,12,8,0.0
2021-2022,CISSS de la Gaspésie,12,9,1.0
2021-2022,CISSS de la Gaspésie,13,1,48.0
2021-2022,CISSS de la Gaspésie,13,2,92.0
2021-2022,CISSS de la Gaspésie,13,3,74.0
2021-2022,CISSS de la Gaspésie,13,4,20.0
2021-2022,CISSS de la Gaspésie,13,5,41.0
2021-2022,CISSS de la Gaspésie,13,6,18.0
2021-2022,CISSS de la Gaspésie,13,7,1.0
2021-2022,CISSS de la Gaspésie,13,8,0.0
2021-2022,CISSS de la Gaspésie,13,9,294.0
2021-2022,CISSS de la Gaspésie,16,1,3.0
2021-2022,CISSS de la Gaspésie,17,1,2.0
2021-2022,CISSS de la Montérégie-Ouest,1,1,1011.0
2021-2022,CISSS de la Montérégie-Ouest,1,2,1577.0
2021-2022,CISSS de la Montérégie-Ouest,1,3,637.0
2021-2022,CISSS de la Montérégie-Ouest,1,4,186.0
2021-2022,CISSS de la Montérégie-Ouest,1,5,521.0
2021-2022,CISSS de la Montérégie-Ouest,1,6,77.0
2021-2022,CISSS de la Montérégie-Ouest,1,7,2.0
2021-2022,CISSS de la Montérégie-Ouest,1,8,1.0
2021-2022,CISSS de la Montérégie-Ouest,1,9,4012.0
2021-2022,CISSS de la Montérégie-Ouest,2,3,6.0
2021-2022,CISSS de la Montérégie-Ouest,2,4,19.0
2021-2022,CISSS de la Montérégie-Ouest,2,5,138.0
2021-2022,CISSS de la Montérégie-Ouest,2,6,67.0
2021-2022,CISSS de la Montérégie-Ouest,2,7,10.0
2021-2022,CISSS de la Montérégie-Ouest,2,8,2.0
2021-2022,CISSS de la Montérégie-Ouest,2,9,242.0
2021-2022,CISSS de la Montérégie-Ouest,3,1,24.0
2021-2022,CISSS de la Montérégie-Ouest,3,2,39.0
2021-2022,CISSS de la Montérégie-Ouest,3,3,56.0
2021-2022,CISSS de la Montérégie-Ouest,3,4,12.0
2021-2022,CISSS de la Montérégie-Ouest,3,5,25.0
2021-2022,CISSS de la Montérégie-Ouest,3,6,38.0
2021-2022,CISSS de la Montérégie-Ouest,3,7,5.0
2021-2022,CISSS de la Montérégie-Ouest,3,9,199.0
2021-2022,CISSS de la Montérégie-Ouest,4,2,3.0
2021-2022,CISSS de la Montérégie-Ouest,4,3,17.0
2021-2022,CISSS de la Montérégie-Ouest,4,4,2.0
2021-2022,CISSS de la Montérégie-Ouest,4,5,31.0
2021-2022,CISSS de la Montérégie-Ouest,4,6,35.0
2021-2022,CISSS de la Montérégie-Ouest,4,7,14.0
2021-2022,CISSS de la Montérégie-Ouest,4,8,2.0
2021-2022,CISSS de la Montérégie-Ouest,4,9,104.0
2021-2022,CISSS de la Montérégie-Ouest,5,2,4.0
2021-2022,CISSS de la Montérégie-Ouest,5,3,31.0
2021-2022,CISSS de la Montérégie-Ouest,5,4,22.0
2021-2022,CISSS de la Montérégie-Ouest,5,5,54.0
2021-2022,CISSS de la Montérégie-Ouest,5,6,12.0
2021-2022,CISSS de la Montérégie-Ouest,5,7,1.0
2021-2022,CISSS de la Montérégie-Ouest,5,9,124.0
2021-2022,CISSS de la Montérégie-Ouest,7,5,6.0
2021-2022,CISSS de la Montérégie-Ouest,7,6,1.0
2021-2022,CISSS de la Montérégie-Ouest,7,7,4.0
2021-2022,CISSS de la Montérégie-Ouest,7,9,11.0
2021-2022,CISSS de la Montérégie-Ouest,8,2,13.0
2021-2022,CISSS de la Montérégie-Ouest,8,3,32.0
2021-2022,CISSS de la Montérégie-Ouest,8,4,20.0
2021-2022,CISSS de la Montérégie-Ouest,8,5,154.0
2021-2022,CISSS de la Montérégie-Ouest,8,6,177.0
2021-2022,CISSS de la Montérégie-Ouest,8,7,49.0
2021-2022,CISSS de la Montérégie-Ouest,8,8,6.0
2021-2022,CISSS de la Montérégie-Ouest,8,9,451.0
2021-2022,CISSS de la Montérégie-Ouest,9,1,1.0
2021-2022,CISSS de la Montérégie-Ouest,9,2,39.0
2021-2022,CISSS de la Montérégie-Ouest,9,3,42.0
2021-2022,CISSS de la Montérégie-Ouest,9,4,43.0
2021-2022,CISSS de la Montérégie-Ouest,9,5,304.0
2021-2022,CISSS de la Montérégie-Ouest,9,6,383.0
2021-2022,CISSS de la Montérégie-Ouest,9,7,111.0
2021-2022,CISSS de la Montérégie-Ouest,9,8,19.0
2021-2022,CISSS de la Montérégie-Ouest,9,9,942.0
2021-2022,CISSS de la Montérégie-Ouest,10,4,2.0
2021-2022,CISSS de la Montérégie-Ouest,10,5,17.0
2021-2022,CISSS de la Montérégie-Ouest,10,6,1.0
2021-2022,CISSS de la Montérégie-Ouest,10,9,20.0
2021-2022,CISSS de la Montérégie-Ouest,12,5,7.0
2021-2022,CISSS de la Montérégie-Ouest,12,6,4.0
2021-2022,CISSS de la Montérégie-Ouest,12,7,1.0
2021-2022,CISSS de la Montérégie-Ouest,12,9,12.0
2021-2022,CISSS de la Montérégie-Ouest,13,1,1036.0
2021-2022,CISSS de la Montérégie-Ouest,13,2,1675.0
2021-2022,CISSS de la Montérégie-Ouest,13,3,821.0
2021-2022,CISSS de la Montérégie-Ouest,13,4,306.0
2021-2022,CISSS de la Montérégie-Ouest,13,5,1257.0
2021-2022,CISSS de la Montérégie-Ouest,13,6,795.0
2021-2022,CISSS de la Montérégie-Ouest,13,7,197.0
2021-2022,CISSS de la Montérégie-Ouest,13,8,30.0
2021-2022,CISSS de la Montérégie-Ouest,13,9,6117.0
2021-2022,CISSS des Laurentides,1,1,176.0
2021-2022,CISSS des Laurentides,1,2,190.0
2021-2022,CISSS des Laurentides,1,3,96.0
2021-2022,CISSS des Laurentides,1,4,73.0
2021-2022,CISSS des Laurentides,1,5,278.0
2021-2022,CISSS des Laurentides,1,6,40.0
2021-2022,CISSS des Laurentides,1,7,5.0
2021-2022,CISSS des Laurentides,1,8,0.0
2021-2022,CISSS des Laurentides,1,9,858.0
2021-2022,CISSS des Laurentides,2,1,0.0
2021-2022,CISSS des Laurentides,2,2,1.0
2021-2022,CISSS des Laurentides,2,3,1.0
2021-2022,CISSS des Laurentides,2,4,3.0
2021-2022,CISSS des Laurentides,2,5,50.0
2021-2022,CISSS des Laurentides,2,6,29.0
2021-2022,CISSS des Laurentides,2,7,3.0
2021-2022,CISSS des Laurentides,2,8,0.0
2021-2022,CISSS des Laurentides,2,9,87.0
2021-2022,CISSS des Laurentides,3,1,0.0
2021-2022,CISSS des Laurentides,3,2,0.0
2021-2022,CISSS des Laurentides,3,3,2.0
2021-2022,CISSS des Laurentides,3,4,2.0
2021-2022,CISSS des Laurentides,3,5,0.0
2021-2022,CISSS des Laurentides,3,6,0.0
2021-2022,CISSS des Laurentides,3,7,0.0
2021-2022,CISSS des Laurentides,3,8,0.0
2021-2022,CISSS des Laurentides,3,9,4.0
2021-2022,CISSS des Laurentides,4,1,0.0
2021-2022,CISSS des Laurentides,4,2,0.0
2021-2022,CISSS des Laurentides,4,3,0.0
2021-2022,CISSS des Laurentides,4,4,0.0
2021-2022,CISSS des Laurentides,4,5,0.0
2021-2022,CISSS des Laurentides,4,6,1.0
2021-2022,CISSS des Laurentides,4,7,0.0
2021-2022,CISSS des Laurentides,4,8,0.0
2021-2022,CISSS des Laurentides,4,9,1.0
2021-2022,CISSS des Laurentides,5,1,1.0
2021-2022,CISSS des Laurentides,5,2,6.0
2021-2022,CISSS des Laurentides,5,3,4.0
2021-2022,CISSS des Laurentides,5,4,1.0
2021-2022,CISSS des Laurentides,5,5,3.0
2021-2022,CISSS des Laurentides,5,6,5.0
2021-2022,CISSS des Laurentides,5,7,0.0
2021-2022,CISSS des Laurentides,5,8,0.0
2021-2022,CISSS des Laurentides,5,9,20.0
2021-2022,CISSS des Laurentides,6,1,0.0
2021-2022,CISSS des Laurentides,6,2,0.0
2021-2022,CISSS des Laurentides,6,3,0.0
2021-2022,CISSS des Laurentides,6,4,0.0
2021-2022,CISSS des Laurentides,6,5,9.0
2021-2022,CISSS des Laurentides,6,6,2.0
2021-2022,CISSS des Laurentides,6,7,0.0
2021-2022,CISSS des Laurentides,6,8,0.0
2021-2022,CISSS des Laurentides,6,9,11.0
2021-2022,CISSS des Laurentides,7,1,0.0
2021-2022,CISSS des Laurentides,7,2,2.0
2021-2022,CISSS des Laurentides,7,3,3.0
2021-2022,CISSS des Laurentides,7,4,0.0
2021-2022,CISSS des Laurentides,7,5,3.0
2021-2022,CISSS des Laurentides,7,6,6.0
2021-2022,CISSS des Laurentides,7,7,1.0
2021-2022,CISSS des Laurentides,7,8,0.0
2021-2022,CISSS des Laurentides,7,9,15.0
2021-2022,CISSS des Laurentides,8,1,0.0
2021-2022,CISSS des Laurentides,8,2,8.0
2021-2022,CISSS des Laurentides,8,3,10.0
2021-2022,CISSS des Laurentides,8,4,17.0
2021-2022,CISSS des Laurentides,8,5,144.0
2021-2022,CISSS des Laurentides,8,6,69.0
2021-2022,CISSS des Laurentides,8,7,9.0
2021-2022,CISSS des Laurentides,8,8,4.0
2021-2022,CISSS des Laurentides,8,9,261.0
2021-2022,CISSS des Laurentides,9,1,8.0
2021-2022,CISSS des Laurentides,9,2,4.0
2021-2022,CISSS des Laurentides,9,3,15.0
2021-2022,CISSS des Laurentides,9,4,10.0
2021-2022,CISSS des Laurentides,9,5,45.0
2021-2022,CISSS des Laurentides,9,6,51.0
2021-2022,CISSS des Laurentides,9,7,15.0
2021-2022,CISSS des Laurentides,9,8,2.0
2021-2022,CISSS des Laurentides,9,9,150.0
2021-2022,CISSS des Laurentides,10,1,0.0
2021-2022,CISSS des Laurentides,10,2,0.0
2021-2022,CISSS des Laurentides,10,3,2.0
2021-2022,CISSS des Laurentides,10,4,2.0
2021-2022,CISSS des Laurentides,10,5,0.0
2021-2022,CISSS des Laurentides,10,6,0.0
2021-2022,CISSS des Laurentides,10,7,0.0
2021-2022,CISSS des Laurentides,10,8,0.0
2021-2022,CISSS des Laurentides,10,9,4.0
2021-2022,CISSS des Laurentides,11,1,0.0
2021-2022,CISSS des Laurentides,11,2,0.0
2021-2022,CISSS des Laurentides,11,3,0.0
2021-2022,CISSS des Laurentides,11,4,0.0
2021-2022,CISSS des Laurentides,11,5,0.0
2021-2022,CISSS des Laurentides,11,6,0.0
2021-2022,CISSS des Laurentides,11,7,0.0
2021-2022,CISSS des Laurentides,11,8,0.0
2021-2022,CISSS des Laurentides,11,9,0.0
2021-2022,CISSS des Laurentides,12,1,1.0
2021-2022,CISSS des Laurentides,12,2,2.0
2021-2022,CISSS des Laurentides,12,3,0.0
2021-2022,CISSS des Laurentides,12,4,4.0
2021-2022,CISSS des Laurentides,12,5,13.0
2021-2022,CISSS des Laurentides,12,6,8.0
2021-2022,CISSS des Laurentides,12,7,0.0
2021-2022,CISSS des Laurentides,12,8,0.0
2021-2022,CISSS des Laurentides,12,9,28.0
2021-2022,CISSS des Laurentides,13,1,186.0
2021-2022,CISSS des Laurentides,13,2,213.0
2021-2022,CISSS des Laurentides,13,3,133.0
2021-2022,CISSS des Laurentides,13,4,112.0
2021-2022,CISSS des Laurentides,13,5,545.0
2021-2022,CISSS des Laurentides,13,6,211.0
2021-2022,CISSS des Laurentides,13,7,33.0
2021-2022,CISSS des Laurentides,13,8,6.0
2021-2022,CISSS des Laurentides,13,9,1439.0
2021-2022,CISSS des Laurentides,14,1,0.0
2021-2022,CISSS des Laurentides,15,1,0.0
2021-2022,CISSS des Laurentides,16,1,0.0
2021-2022,CISSS des Laurentides,17,1,0.0
2021-2022,CISSS des Îles,1,1,4.0
2021-2022,CISSS des Îles,1,2,15.0
2021-2022,CISSS des Îles,1,3,4.0
2021-2022,CISSS des Îles,1,4,5.0
2021-2022,CISSS des Îles,1,5,16.0
2021-2022,CISSS des Îles,1,6,1.0
2021-2022,CISSS des Îles,1,7,0.0
2021-2022,CISSS des Îles,1,8,0.0
2021-2022,CISSS des Îles,1,9,45.0
2021-2022,CISSS des Îles,2,1,0.0
2021-2022,CISSS des Îles,2,2,0.0
2021-2022,CISSS des Îles,2,3,0.0
2021-2022,CISSS des Îles,2,4,0.0
2021-2022,CISSS des Îles,2,5,0.0
2021-2022,CISSS des Îles,2,6,4.0
2021-2022,CISSS des Îles,2,7,0.0
2021-2022,CISSS des Îles,2,8,0.0
2021-2022,CISSS des Îles,2,9,4.0
2021-2022,CISSS des Îles,4,1,0.0
2021-2022,CISSS des Îles,4,2,0.0
2021-2022,CISSS des Îles,4,3,1.0
2021-2022,CISSS des Îles,4,4,2.0
2021-2022,CISSS des Îles,4,5,1.0
2021-2022,CISSS des Îles,4,6,1.0
2021-2022,CISSS des Îles,4,7,0.0
2021-2022,CISSS des Îles,4,8,0.0
2021-2022,CISSS des Îles,4,9,5.0
2021-2022,CISSS des Îles,8,1,0.0
2021-2022,CISSS des Îles,8,2,0.0
2021-2022,CISSS des Îles,8,3,0.0
2021-2022,CISSS des Îles,8,4,0.0
2021-2022,CISSS des Îles,8,5,2.0
2021-2022,CISSS des Îles,8,6,6.0
2021-2022,CISSS des Îles,8,7,1.0
2021-2022,CISSS des Îles,8,8,0.0
2021-2022,CISSS des Îles,8,9,9.0
2021-2022,CISSS des Îles,9,1,0.0
2021-2022,CISSS des Îles,9,2,1.0
2021-2022,CISSS des Îles,9,3,0.0
2021-2022,CISSS des Îles,9,4,0.0
2021-2022,CISSS des Îles,9,5,0.0
2021-2022,CISSS des Îles,9,6,1.0
2021-2022,CISSS des Îles,9,7,1.0
2021-2022,CISSS des Îles,9,9,3.0
2021-2022,CISSS des Îles,12,1,0.0
2021-2022,CISSS des Îles,12,2,0.0
2021-2022,CISSS des Îles,12,3,0.0
2021-2022,CISSS des Îles,12,4,0.0
2021-2022,CISSS des Îles,12,5,1.0
2021-2022,CISSS des Îles,12,6,1.0
2021-2022,CISSS des Îles,12,7,0.0
2021-2022,CISSS des Îles,12,8,0.0
2021-2022,CISSS des Îles,12,9,2.0
2021-2022,CISSS des Îles,13,1,4.0
2021-2022,CISSS des Îles,13,2,16.0
2021-2022,CISSS des Îles,13,3,5.0
2021-2022,CISSS des Îles,13,4,7.0
2021-2022,CISSS des Îles,13,5,20.0
2021-2022,CISSS des Îles,13,6,14.0
2021-2022,CISSS des Îles,13,7,2.0
2021-2022,CISSS des Îles,13,8,0.0
2021-2022,CISSS des Îles,13,9,68.0
2021-2022,CISSS des Îles,16,1,6.0
2021-2022,CISSS des Îles,17,1,102.0
2021-2022,CISSS du Bas-Saint-Laurent,1,1,85.0
2021-2022,CISSS du Bas-Saint-Laurent,1,2,249.0
2021-2022,CISSS du Bas-Saint-Laurent,1,3,224.0
2021-2022,CISSS du Bas-Saint-Laurent,1,4,47.0
2021-2022,CISSS du Bas-Saint-Laurent,1,5,104.0
2021-2022,CISSS du Bas-Saint-Laurent,1,6,20.0
2021-2022,CISSS du Bas-Saint-Laurent,1,7,1.0
2021-2022,CISSS du Bas-Saint-Laurent,1,9,730.0
2021-2022,CISSS du Bas-Saint-Laurent,2,2,2.0
2021-2022,CISSS du Bas-Saint-Laurent,2,3,5.0
2021-2022,CISSS du Bas-Saint-Laurent,2,4,9.0
2021-2022,CISSS du Bas-Saint-Laurent,2,5,38.0
2021-2022,CISSS du Bas-Saint-Laurent,2,6,16.0
2021-2022,CISSS du Bas-Saint-Laurent,2,7,1.0
2021-2022,CISSS du Bas-Saint-Laurent,2,9,71.0
2021-2022,CISSS du Bas-Saint-Laurent,3,2,1.0
2021-2022,CISSS du Bas-Saint-Laurent,3,4,1.0
2021-2022,CISSS du Bas-Saint-Laurent,3,5,1.0
2021-2022,CISSS du Bas-Saint-Laurent,3,9,3.0
2021-2022,CISSS du Bas-Saint-Laurent,4,5,9.0
2021-2022,CISSS du Bas-Saint-Laurent,4,6,10.0
2021-2022,CISSS du Bas-Saint-Laurent,4,7,4.0
2021-2022,CISSS du Bas-Saint-Laurent,4,9,23.0
2021-2022,CISSS du Bas-Saint-Laurent,5,3,5.0
2021-2022,CISSS du Bas-Saint-Laurent,5,4,1.0
2021-2022,CISSS du Bas-Saint-Laurent,5,5,14.0
2021-2022,CISSS du Bas-Saint-Laurent,5,6,3.0
2021-2022,CISSS du Bas-Saint-Laurent,5,9,23.0
2021-2022,CISSS du Bas-Saint-Laurent,7,3,1.0
2021-2022,CISSS du Bas-Saint-Laurent,7,5,2.0
2021-2022,CISSS du Bas-Saint-Laurent,7,6,1.0
2021-2022,CISSS du Bas-Saint-Laurent,7,7,1.0
2021-2022,CISSS du Bas-Saint-Laurent,7,9,5.0
2021-2022,CISSS du Bas-Saint-Laurent,8,2,1.0
2021-2022,CISSS du Bas-Saint-Laurent,8,3,3.0
2021-2022,CISSS du Bas-Saint-Laurent,8,4,3.0
2021-2022,CISSS du Bas-Saint-Laurent,8,5,38.0
2021-2022,CISSS du Bas-Saint-Laurent,8,6,35.0
2021-2022,CISSS du Bas-Saint-Laurent,8,7,1.0
2021-2022,CISSS du Bas-Saint-Laurent,8,8,1.0
2021-2022,CISSS du Bas-Saint-Laurent,8,9,82.0
2021-2022,CISSS du Bas-Saint-Laurent,9,1,2.0
2021-2022,CISSS du Bas-Saint-Laurent,9,2,6.0
2021-2022,CISSS du Bas-Saint-Laurent,9,3,13.0
2021-2022,CISSS du Bas-Saint-Laurent,9,4,14.0
2021-2022,CISSS du Bas-Saint-Laurent,9,5,57.0
2021-2022,CISSS du Bas-Saint-Laurent,9,6,108.0
2021-2022,CISSS du Bas-Saint-Laurent,9,7,18.0
2021-2022,CISSS du Bas-Saint-Laurent,9,8,4.0
2021-2022,CISSS du Bas-Saint-Laurent,9,9,222.0
2021-2022,CISSS du Bas-Saint-Laurent,11,2,1.0
2021-2022,CISSS du Bas-Saint-Laurent,11,3,5.0
2021-2022,CISSS du Bas-Saint-Laurent,11,9,6.0
2021-2022,CISSS du Bas-Saint-Laurent,13,1,87.0
2021-2022,CISSS du Bas-Saint-Laurent,13,2,260.0
2021-2022,CISSS du Bas-Saint-Laurent,13,3,256.0
2021-2022,CISSS du Bas-Saint-Laurent,13,4,75.0
2021-2022,CISSS du Bas-Saint-Laurent,13,5,263.0
2021-2022,CISSS du Bas-Saint-Laurent,13,6,193.0
2021-2022,CISSS du Bas-Saint-Laurent,13,7,26.0
2021-2022,CISSS du Bas-Saint-Laurent,13,8,5.0
2021-2022,CISSS du Bas-Saint-Laurent,13,9,1165.0
2021-2022,CISSS du Bas-Saint-Laurent,14,1,350.0
2021-2022,CISSS du Bas-Saint-Laurent,15,1,1189.0
2021-2022,CISSS du Bas-Saint-Laurent,16,1,1.0
2021-2022,CISSS du Bas-Saint-Laurent,17,1,12.0
2021-2022,CIUSSS de l'Estrie  CHUS,1,1,29.0
2021-2022,CIUSSS de l'Estrie  CHUS,1,2,81.0
2021-2022,CIUSSS de l'Estrie  CHUS,1,3,44.0
2021-2022,CIUSSS de l'Estrie  CHUS,1,4,24.0
2021-2022,CIUSSS de l'Estrie  CHUS,1,5,176.0
2021-2022,CIUSSS de l'Estrie  CHUS,1,6,46.0
2021-2022,CIUSSS de l'Estrie  CHUS,1,7,4.0
2021-2022,CIUSSS de l'Estrie  CHUS,1,8,0.0
2021-2022,CIUSSS de l'Estrie  CHUS,1,9,404.0
2021-2022,CIUSSS de l'Estrie  CHUS,2,3,2.0
2021-2022,CIUSSS de l'Estrie  CHUS,2,4,5.0
2021-2022,CIUSSS de l'Estrie  CHUS,2,5,40.0
2021-2022,CIUSSS de l'Estrie  CHUS,2,6,24.0
2021-2022,CIUSSS de l'Estrie  CHUS,2,7,1.0
2021-2022,CIUSSS de l'Estrie  CHUS,2,9,72.0
2021-2022,CIUSSS de l'Estrie  CHUS,3,1,2.0
2021-2022,CIUSSS de l'Estrie  CHUS,3,2,5.0
2021-2022,CIUSSS de l'Estrie  CHUS,3,3,14.0
2021-2022,CIUSSS de l'Estrie  CHUS,3,4,1.0
2021-2022,CIUSSS de l'Estrie  CHUS,3,5,65.0
2021-2022,CIUSSS de l'Estrie  CHUS,3,6,99.0
2021-2022,CIUSSS de l'Estrie  CHUS,3,7,28.0
2021-2022,CIUSSS de l'Estrie  CHUS,3,8,1.0
2021-2022,CIUSSS de l'Estrie  CHUS,3,9,215.0
2021-2022,CIUSSS de l'Estrie  CHUS,5,2,1.0
2021-2022,CIUSSS de l'Estrie  CHUS,5,3,4.0
2021-2022,CIUSSS de l'Estrie  CHUS,5,4,4.0
2021-2022,CIUSSS de l'Estrie  CHUS,5,5,15.0
2021-2022,CIUSSS de l'Estrie  CHUS,5,6,7.0
2021-2022,CIUSSS de l'Estrie  CHUS,5,9,31.0
2021-2022,CIUSSS de l'Estrie  CHUS,6,6,2.0
2021-2022,CIUSSS de l'Estrie  CHUS,6,9,2.0
2021-2022,CIUSSS de l'Estrie  CHUS,7,3,1.0
2021-2022,CIUSSS de l'Estrie  CHUS,7,9,1.0
2021-2022,CIUSSS de l'Estrie  CHUS,8,5,3.0
2021-2022,CIUSSS de l'Estrie  CHUS,8,6,5.0
2021-2022,CIUSSS de l'Estrie  CHUS,8,7,1.0
2021-2022,CIUSSS de l'Estrie  CHUS,8,9,9.0
2021-2022,CIUSSS de l'Estrie  CHUS,9,2,3.0
2021-2022,CIUSSS de l'Estrie  CHUS,9,3,6.0
2021-2022,CIUSSS de l'Estrie  CHUS,9,4,12.0
2021-2022,CIUSSS de l'Estrie  CHUS,9,5,52.0
2021-2022,CIUSSS de l'Estrie  CHUS,9,6,27.0
2021-2022,CIUSSS de l'Estrie  CHUS,9,7,5.0
2021-2022,CIUSSS de l'Estrie  CHUS,9,9,105.0
2021-2022,CIUSSS de l'Estrie  CHUS,12,2,2.0
2021-2022,CIUSSS de l'Estrie  CHUS,12,4,2.0
2021-2022,CIUSSS de l'Estrie  CHUS,12,5,20.0
2021-2022,CIUSSS de l'Estrie  CHUS,12,6,15.0
2021-2022,CIUSSS de l'Estrie  CHUS,12,7,10.0
2021-2022,CIUSSS de l'Estrie  CHUS,12,9,49.0
2021-2022,CIUSSS de l'Estrie  CHUS,13,1,31.0
2021-2022,CIUSSS de l'Estrie  CHUS,13,2,92.0
2021-2022,CIUSSS de l'Estrie  CHUS,13,3,71.0
2021-2022,CIUSSS de l'Estrie  CHUS,13,4,48.0
2021-2022,CIUSSS de l'Estrie  CHUS,13,5,371.0
2021-2022,CIUSSS de l'Estrie  CHUS,13,6,225.0
2021-2022,CIUSSS de l'Estrie  CHUS,13,7,49.0
2021-2022,CIUSSS de l'Estrie  CHUS,13,8,1.0
2021-2022,CIUSSS de l'Estrie  CHUS,13,9,888.0
2021-2022,CIUSSS de l'Estrie  CHUS,14,1,2.0
2021-2022,CIUSSS de l'Estrie  CHUS,15,1,2.0
2021-2022,CIUSSS de l'Estrie  CHUS,16,1,24.0
2021-2022,CIUSSS de l'Estrie  CHUS,17,1,42.0
2021-2022,CIUSSS de l'Ouest-de-l'Île-de-Montréal,1,1,94.0
2021-2022,CIUSSS de l'Ouest-de-l'Île-de-Montréal,1,2,271.0
2021-2022,CIUSSS de l'Ouest-de-l'Île-de-Montréal,1,3,193.0
2021-2022,CIUSSS de l'Ouest-de-l'Île-de-Montréal,1,4,88.0
2021-2022,CIUSSS de l'Ouest-de-l'Île-de-Montréal,1,5,376.0
2021-2022,CIUSSS de l'Ouest-de-l'Île-de-Montréal,1,6,70.0
2021-2022,CIUSSS de l'Ouest-de-l'Île-de-Montréal,1,7,2.0
2021-2022,CIUSSS de l'Ouest-de-l'Île-de-Montréal,1,8,1.0
2021-2022,CIUSSS de l'Ouest-de-l'Île-de-Montréal,1,9,1095.0
2021-2022,CIUSSS de l'Ouest-de-l'Île-de-Montréal,2,1,0.0
2021-2022,CIUSSS de l'Ouest-de-l'Île-de-Montréal,2,2,0.0
2021-2022,CIUSSS de l'Ouest-de-l'Île-de-Montréal,2,3,0.0
2021-2022,CIUSSS de l'Ouest-de-l'Île-de-Montréal,2,4,1.0
2021-2022,CIUSSS de l'Ouest-de-l'Île-de-Montréal,2,5,34.0
2021-2022,CIUSSS de l'Ouest-de-l'Île-de-Montréal,2,6,56.0
2021-2022,CIUSSS de l'Ouest-de-l'Île-de-Montréal,2,7,8.0
2021-2022,CIUSSS de l'Ouest-de-l'Île-de-Montréal,2,8,0.0
2021-2022,CIUSSS de l'Ouest-de-l'Île-de-Montréal,2,9,99.0
2021-2022,CIUSSS de l'Ouest-de-l'Île-de-Montréal,3,1,0.0
2021-2022,CIUSSS de l'Ouest-de-l'Île-de-Montréal,3,2,0.0
2021-2022,CIUSSS de l'Ouest-de-l'Île-de-Montréal,3,3,0.0
2021-2022,CIUSSS de l'Ouest-de-l'Île-de-Montréal,3,4,0.0
2021-2022,CIUSSS de l'Ouest-de-l'Île-de-Montréal,3,5,0.0
2021-2022,CIUSSS de l'Ouest-de-l'Île-de-Montréal,3,6,1.0
2021-2022,CIUSSS de l'Ouest-de-l'Île-de-Montréal,3,7,0.0
2021-2022,CIUSSS de l'Ouest-de-l'Île-de-Montréal,3,8,0.0
2021-2022,CIUSSS de l'Ouest-de-l'Île-de-Montréal,3,9,1.0
2021-2022,CIUSSS de l'Ouest-de-l'Île-de-Montréal,5,1,0.0
2021-2022,CIUSSS de l'Ouest-de-l'Île-de-Montréal,5,2,0.0
2021-2022,CIUSSS de l'Ouest-de-l'Île-de-Montréal,5,3,0.0
2021-2022,CIUSSS de l'Ouest-de-l'Île-de-Montréal,5,4,2.0
2021-2022,CIUSSS de l'Ouest-de-l'Île-de-Montréal,5,5,6.0
2021-2022,CIUSSS de l'Ouest-de-l'Île-de-Montréal,5,6,4.0
2021-2022,CIUSSS de l'Ouest-de-l'Île-de-Montréal,5,7,1.0
2021-2022,CIUSSS de l'Ouest-de-l'Île-de-Montréal,5,8,0.0
2021-2022,CIUSSS de l'Ouest-de-l'Île-de-Montréal,5,9,13.0
2021-2022,CIUSSS de l'Ouest-de-l'Île-de-Montréal,7,1,0.0
2021-2022,CIUSSS de l'Ouest-de-l'Île-de-Montréal,7,2,0.0
2021-2022,CIUSSS de l'Ouest-de-l'Île-de-Montréal,7,3,0.0
2021-2022,CIUSSS de l'Ouest-de-l'Île-de-Montréal,7,4,0.0
2021-2022,CIUSSS de l'Ouest-de-l'Île-de-Montréal,7,5,0.0
2021-2022,CIUSSS de l'Ouest-de-l'Île-de-Montréal,7,6,0.0
2021-2022,CIUSSS de l'Ouest-de-l'Île-de-Montréal,7,7,0.0
2021-2022,CIUSSS de l'Ouest-de-l'Île-de-Montréal,7,8,1.0
2021-2022,CIUSSS de l'Ouest-de-l'Île-de-Montréal,7,9,1.0
2021-2022,CIUSSS de l'Ouest-de-l'Île-de-Montréal,8,1,0.0
2021-2022,CIUSSS de l'Ouest-de-l'Île-de-Montréal,8,2,4.0
2021-2022,CIUSSS de l'Ouest-de-l'Île-de-Montréal,8,3,19.0
2021-2022,CIUSSS de l'Ouest-de-l'Île-de-Montréal,8,4,17.0
2021-2022,CIUSSS de l'Ouest-de-l'Île-de-Montréal,8,5,85.0
2021-2022,CIUSSS de l'Ouest-de-l'Île-de-Montréal,8,6,42.0
2021-2022,CIUSSS de l'Ouest-de-l'Île-de-Montréal,8,7,5.0
2021-2022,CIUSSS de l'Ouest-de-l'Île-de-Montréal,8,8,0.0
2021-2022,CIUSSS de l'Ouest-de-l'Île-de-Montréal,8,9,172.0
2021-2022,CIUSSS de l'Ouest-de-l'Île-de-Montréal,9,1,1.0
2021-2022,CIUSSS de l'Ouest-de-l'Île-de-Montréal,9,2,5.0
2021-2022,CIUSSS de l'Ouest-de-l'Île-de-Montréal,9,3,12.0
2021-2022,CIUSSS de l'Ouest-de-l'Île-de-Montréal,9,4,20.0
2021-2022,CIUSSS de l'Ouest-de-l'Île-de-Montréal,9,5,134.0
2021-2022,CIUSSS de l'Ouest-de-l'Île-de-Montréal,9,6,181.0
2021-2022,CIUSSS de l'Ouest-de-l'Île-de-Montréal,9,7,37.0
2021-2022,CIUSSS de l'Ouest-de-l'Île-de-Montréal,9,8,15.0
2021-2022,CIUSSS de l'Ouest-de-l'Île-de-Montréal,9,9,405.0
2021-2022,CIUSSS de l'Ouest-de-l'Île-de-Montréal,11,1,0.0
2021-2022,CIUSSS de l'Ouest-de-l'Île-de-Montréal,11,2,0.0
2021-2022,CIUSSS de l'Ouest-de-l'Île-de-Montréal,11,3,2.0
2021-2022,CIUSSS de l'Ouest-de-l'Île-de-Montréal,11,4,1.0
2021-2022,CIUSSS de l'Ouest-de-l'Île-de-Montréal,11,5,0.0
2021-2022,CIUSSS de l'Ouest-de-l'Île-de-Montréal,11,6,0.0
2021-2022,CIUSSS de l'Ouest-de-l'Île-de-Montréal,11,7,0.0
2021-2022,CIUSSS de l'Ouest-de-l'Île-de-Montréal,11,8,0.0
2021-2022,CIUSSS de l'Ouest-de-l'Île-de-Montréal,11,9,3.0
2021-2022,CIUSSS de l'Ouest-de-l'Île-de-Montréal,12,1,0.0
2021-2022,CIUSSS de l'Ouest-de-l'Île-de-Montréal,12,2,0.0
2021-2022,CIUSSS de l'Ouest-de-l'Île-de-Montréal,12,3,1.0
2021-2022,CIUSSS de l'Ouest-de-l'Île-de-Montréal,12,4,0.0
2021-2022,CIUSSS de l'Ouest-de-l'Île-de-Montréal,12,5,2.0
2021-2022,CIUSSS de l'Ouest-de-l'Île-de-Montréal,12,6,6.0
2021-2022,CIUSSS de l'Ouest-de-l'Île-de-Montréal,12,7,3.0
2021-2022,CIUSSS de l'Ouest-de-l'Île-de-Montréal,12,8,1.0
2021-2022,CIUSSS de l'Ouest-de-l'Île-de-Montréal,12,9,13.0
2021-2022,CIUSSS de l'Ouest-de-l'Île-de-Montréal,13,1,95.0
2021-2022,CIUSSS de l'Ouest-de-l'Île-de-Montréal,13,2,280.0
2021-2022,CIUSSS de l'Ouest-de-l'Île-de-Montréal,13,3,227.0
2021-2022,CIUSSS de l'Ouest-de-l'Île-de-Montréal,13,4,129.0
2021-2022,CIUSSS de l'Ouest-de-l'Île-de-Montréal,13,5,637.0
2021-2022,CIUSSS de l'Ouest-de-l'Île-de-Montréal,13,6,360.0
2021-2022,CIUSSS de l'Ouest-de-l'Île-de-Montréal,13,7,56.0
2021-2022,CIUSSS de l'Ouest-de-l'Île-de-Montréal,13,8,18.0
2021-2022,CIUSSS de l'Ouest-de-l'Île-de-Montréal,13,9,1802.0
2021-2022,CIUSSS de l'Ouest-de-l'Île-de-Montréal,14,1,0.0
2021-2022,CIUSSS de l'Ouest-de-l'Île-de-Montréal,15,1,0.0
2021-2022,CIUSSS de l'Ouest-de-l'Île-de-Montréal,16,1,1.0
2021-2022,CIUSSS de l'Ouest-de-l'Île-de-Montréal,17,1,12.0
2021-2022,CIUSSS de la Capitale-Nationale,1,1,153.0
2021-2022,CIUSSS de la Capitale-Nationale,1,2,42.0
2021-2022,CIUSSS de la Capitale-Nationale,1,3,33.0
2021-2022,CIUSSS de la Capitale-Nationale,1,4,25.0
2021-2022,CIUSSS de la Capitale-Nationale,1,5,282.0
2021-2022,CIUSSS de la Capitale-Nationale,1,6,48.0
2021-2022,CIUSSS de la Capitale-Nationale,1,7,5.0
2021-2022,CIUSSS de la Capitale-Nationale,1,8,0.0
2021-2022,CIUSSS de la Capitale-Nationale,1,9,588.0
2021-2022,CIUSSS de la Capitale-Nationale,2,1,0.0
2021-2022,CIUSSS de la Capitale-Nationale,2,2,2.0
2021-2022,CIUSSS de la Capitale-Nationale,2,3,0.0
2021-2022,CIUSSS de la Capitale-Nationale,2,4,1.0
2021-2022,CIUSSS de la Capitale-Nationale,2,5,29.0
2021-2022,CIUSSS de la Capitale-Nationale,2,6,27.0
2021-2022,CIUSSS de la Capitale-Nationale,2,7,3.0
2021-2022,CIUSSS de la Capitale-Nationale,2,8,2.0
2021-2022,CIUSSS de la Capitale-Nationale,2,9,64.0
2021-2022,CIUSSS de la Capitale-Nationale,3,1,0.0
2021-2022,CIUSSS de la Capitale-Nationale,3,2,0.0
2021-2022,CIUSSS de la Capitale-Nationale,3,3,0.0
2021-2022,CIUSSS de la Capitale-Nationale,3,4,0.0
2021-2022,CIUSSS de la Capitale-Nationale,3,5,1.0
2021-2022,CIUSSS de la Capitale-Nationale,3,6,1.0
2021-2022,CIUSSS de la Capitale-Nationale,3,7,0.0
2021-2022,CIUSSS de la Capitale-Nationale,3,8,0.0
2021-2022,CIUSSS de la Capitale-Nationale,3,9,2.0
2021-2022,CIUSSS de la Capitale-Nationale,5,1,0.0
2021-2022,CIUSSS de la Capitale-Nationale,5,2,3.0
2021-2022,CIUSSS de la Capitale-Nationale,5,3,19.0
2021-2022,CIUSSS de la Capitale-Nationale,5,4,16.0
2021-2022,CIUSSS de la Capitale-Nationale,5,5,81.0
2021-2022,CIUSSS de la Capitale-Nationale,5,6,45.0
2021-2022,CIUSSS de la Capitale-Nationale,5,7,10.0
2021-2022,CIUSSS de la Capitale-Nationale,5,8,4.0
2021-2022,CIUSSS de la Capitale-Nationale,5,9,178.0
2021-2022,CIUSSS de la Capitale-Nationale,7,1,0.0
2021-2022,CIUSSS de la Capitale-Nationale,7,2,0.0
2021-2022,CIUSSS de la Capitale-Nationale,7,3,0.0
2021-2022,CIUSSS de la Capitale-Nationale,7,4,0.0
2021-2022,CIUSSS de la Capitale-Nationale,7,5,3.0
2021-2022,CIUSSS de la Capitale-Nationale,7,6,5.0
2021-2022,CIUSSS de la Capitale-Nationale,7,7,0.0
2021-2022,CIUSSS de la Capitale-Nationale,7,8,0.0
2021-2022,CIUSSS de la Capitale-Nationale,7,9,8.0
2021-2022,CIUSSS de la Capitale-Nationale,8,1,0.0
2021-2022,CIUSSS de la Capitale-Nationale,8,2,4.0
2021-2022,CIUSSS de la Capitale-Nationale,8,3,5.0
2021-2022,CIUSSS de la Capitale-Nationale,8,4,5.0
2021-2022,CIUSSS de la Capitale-Nationale,8,5,118.0
2021-2022,CIUSSS de la Capitale-Nationale,8,6,141.0
2021-2022,CIUSSS de la Capitale-Nationale,8,7,24.0
2021-2022,CIUSSS de la Capitale-Nationale,8,8,9.0
2021-2022,CIUSSS de la Capitale-Nationale,8,9,306.0
2021-2022,CIUSSS de la Capitale-Nationale,9,1,1.0
2021-2022,CIUSSS de la Capitale-Nationale,9,2,1.0
2021-2022,CIUSSS de la Capitale-Nationale,9,3,0.0
2021-2022,CIUSSS de la Capitale-Nationale,9,4,2.0
2021-2022,CIUSSS de la Capitale-Nationale,9,5,61.0
2021-2022,CIUSSS de la Capitale-Nationale,9,6,76.0
2021-2022,CIUSSS de la Capitale-Nationale,9,7,17.0
2021-2022,CIUSSS de la Capitale-Nationale,9,8,5.0
2021-2022,CIUSSS de la Capitale-Nationale,9,9,163.0
2021-2022,CIUSSS de la Capitale-Nationale,11,1,0.0
2021-2022,CIUSSS de la Capitale-Nationale,11,2,0.0
2021-2022,CIUSSS de la Capitale-Nationale,11,3,0.0
2021-2022,CIUSSS de la Capitale-Nationale,11,4,0.0
2021-2022,CIUSSS de la Capitale-Nationale,11,5,1.0
2021-2022,CIUSSS de la Capitale-Nationale,11,6,0.0
2021-2022,CIUSSS de la Capitale-Nationale,11,7,0.0
2021-2022,CIUSSS de la Capitale-Nationale,11,8,0.0
2021-2022,CIUSSS de la Capitale-Nationale,11,9,1.0
2021-2022,CIUSSS de la Capitale-Nationale,12,1,4.0
2021-2022,CIUSSS de la Capitale-Nationale,12,2,3.0
2021-2022,CIUSSS de la Capitale-Nationale,12,3,1.0
2021-2022,CIUSSS de la Capitale-Nationale,12,4,0.0
2021-2022,CIUSSS de la Capitale-Nationale,12,5,8.0
2021-2022,CIUSSS de la Capitale-Nationale,12,6,8.0
2021-2022,CIUSSS de la Capitale-Nationale,12,7,3.0
2021-2022,CIUSSS de la Capitale-Nationale,12,8,1.0
2021-2022,CIUSSS de la Capitale-Nationale,12,9,28.0
2021-2022,CIUSSS de la Capitale-Nationale,13,1,158.0
2021-2022,CIUSSS de la Capitale-Nationale,13,2,55.0
2021-2022,CIUSSS de la Capitale-Nationale,13,3,58.0
2021-2022,CIUSSS de la Capitale-Nationale,13,4,49.0
2021-2022,CIUSSS de la Capitale-Nationale,13,5,584.0
2021-2022,CIUSSS de la Capitale-Nationale,13,6,351.0
2021-2022,CIUSSS de la Capitale-Nationale,13,7,62.0
2021-2022,CIUSSS de la Capitale-Nationale,13,8,21.0
2021-2022,CIUSSS de la Capitale-Nationale,13,9,1338.0
2021-2022,CIUSSS de la Mauricie-et-du-Centre-du-Québec,1,1,202.0
2021-2022,CIUSSS de la Mauricie-et-du-Centre-du-Québec,1,2,476.0
2021-2022,CIUSSS de la Mauricie-et-du-Centre-du-Québec,1,3,219.0
2021-2022,CIUSSS de la Mauricie-et-du-Centre-du-Québec,1,4,81.0
2021-2022,CIUSSS de la Mauricie-et-du-Centre-du-Québec,1,5,391.0
2021-2022,CIUSSS de la Mauricie-et-du-Centre-du-Québec,1,6,57.0
2021-2022,CIUSSS de la Mauricie-et-du-Centre-du-Québec,1,7,2.0
2021-2022,CIUSSS de la Mauricie-et-du-Centre-du-Québec,1,8,1.0
2021-2022,CIUSSS de la Mauricie-et-du-Centre-du-Québec,1,9,1429.0
2021-2022,CIUSSS de la Mauricie-et-du-Centre-du-Québec,2,1,1.0
2021-2022,CIUSSS de la Mauricie-et-du-Centre-du-Québec,2,2,5.0
2021-2022,CIUSSS de la Mauricie-et-du-Centre-du-Québec,2,3,3.0
2021-2022,CIUSSS de la Mauricie-et-du-Centre-du-Québec,2,4,22.0
2021-2022,CIUSSS de la Mauricie-et-du-Centre-du-Québec,2,5,155.0
2021-2022,CIUSSS de la Mauricie-et-du-Centre-du-Québec,2,6,74.0
2021-2022,CIUSSS de la Mauricie-et-du-Centre-du-Québec,2,7,6.0
2021-2022,CIUSSS de la Mauricie-et-du-Centre-du-Québec,2,8,1.0
2021-2022,CIUSSS de la Mauricie-et-du-Centre-du-Québec,2,9,267.0
2021-2022,CIUSSS de la Mauricie-et-du-Centre-du-Québec,3,1,5.0
2021-2022,CIUSSS de la Mauricie-et-du-Centre-du-Québec,3,2,6.0
2021-2022,CIUSSS de la Mauricie-et-du-Centre-du-Québec,3,3,8.0
2021-2022,CIUSSS de la Mauricie-et-du-Centre-du-Québec,3,4,5.0
2021-2022,CIUSSS de la Mauricie-et-du-Centre-du-Québec,3,5,14.0
2021-2022,CIUSSS de la Mauricie-et-du-Centre-du-Québec,3,6,12.0
2021-2022,CIUSSS de la Mauricie-et-du-Centre-du-Québec,3,7,1.0
2021-2022,CIUSSS de la Mauricie-et-du-Centre-du-Québec,3,9,51.0
2021-2022,CIUSSS de la Mauricie-et-du-Centre-du-Québec,5,2,4.0
2021-2022,CIUSSS de la Mauricie-et-du-Centre-du-Québec,5,3,9.0
2021-2022,CIUSSS de la Mauricie-et-du-Centre-du-Québec,5,4,3.0
2021-2022,CIUSSS de la Mauricie-et-du-Centre-du-Québec,5,5,11.0
2021-2022,CIUSSS de la Mauricie-et-du-Centre-du-Québec,5,6,1.0
2021-2022,CIUSSS de la Mauricie-et-du-Centre-du-Québec,5,9,28.0
2021-2022,CIUSSS de la Mauricie-et-du-Centre-du-Québec,7,2,4.0
2021-2022,CIUSSS de la Mauricie-et-du-Centre-du-Québec,7,3,1.0
2021-2022,CIUSSS de la Mauricie-et-du-Centre-du-Québec,7,5,1.0
2021-2022,CIUSSS de la Mauricie-et-du-Centre-du-Québec,7,6,2.0
2021-2022,CIUSSS de la Mauricie-et-du-Centre-du-Québec,7,7,2.0
2021-2022,CIUSSS de la Mauricie-et-du-Centre-du-Québec,7,8,1.0
2021-2022,CIUSSS de la Mauricie-et-du-Centre-du-Québec,7,9,11.0
2021-2022,CIUSSS de la Mauricie-et-du-Centre-du-Québec,8,2,2.0
2021-2022,CIUSSS de la Mauricie-et-du-Centre-du-Québec,8,3,10.0
2021-2022,CIUSSS de la Mauricie-et-du-Centre-du-Québec,8,4,7.0
2021-2022,CIUSSS de la Mauricie-et-du-Centre-du-Québec,8,5,80.0
2021-2022,CIUSSS de la Mauricie-et-du-Centre-du-Québec,8,6,69.0
2021-2022,CIUSSS de la Mauricie-et-du-Centre-du-Québec,8,7,13.0
2021-2022,CIUSSS de la Mauricie-et-du-Centre-du-Québec,8,8,3.0
2021-2022,CIUSSS de la Mauricie-et-du-Centre-du-Québec,8,9,184.0
2021-2022,CIUSSS de la Mauricie-et-du-Centre-du-Québec,9,1,1.0
2021-2022,CIUSSS de la Mauricie-et-du-Centre-du-Québec,9,2,4.0
2021-2022,CIUSSS de la Mauricie-et-du-Centre-du-Québec,9,3,12.0
2021-2022,CIUSSS de la Mauricie-et-du-Centre-du-Québec,9,4,12.0
2021-2022,CIUSSS de la Mauricie-et-du-Centre-du-Québec,9,5,102.0
2021-2022,CIUSSS de la Mauricie-et-du-Centre-du-Québec,9,6,104.0
2021-2022,CIUSSS de la Mauricie-et-du-Centre-du-Québec,9,7,8.0
2021-2022,CIUSSS de la Mauricie-et-du-Centre-du-Québec,9,8,2.0
2021-2022,CIUSSS de la Mauricie-et-du-Centre-du-Québec,9,9,245.0
2021-2022,CIUSSS de la Mauricie-et-du-Centre-du-Québec,12,1,2.0
2021-2022,CIUSSS de la Mauricie-et-du-Centre-du-Québec,12,2,10.0
2021-2022,CIUSSS de la Mauricie-et-du-Centre-du-Québec,12,3,14.0
2021-2022,CIUSSS de la Mauricie-et-du-Centre-du-Québec,12,4,7.0
2021-2022,CIUSSS de la Mauricie-et-du-Centre-du-Québec,12,5,22.0
2021-2022,CIUSSS de la Mauricie-et-du-Centre-du-Québec,12,6,8.0
2021-2022,CIUSSS de la Mauricie-et-du-Centre-du-Québec,12,7,2.0
2021-2022,CIUSSS de la Mauricie-et-du-Centre-du-Québec,12,8,1.0
2021-2022,CIUSSS de la Mauricie-et-du-Centre-du-Québec,12,9,66.0
2021-2022,CIUSSS de la Mauricie-et-du-Centre-du-Québec,13,1,211.0
2021-2022,CIUSSS de la Mauricie-et-du-Centre-du-Québec,13,2,511.0
2021-2022,CIUSSS de la Mauricie-et-du-Centre-du-Québec,13,3,276.0
2021-2022,CIUSSS de la Mauricie-et-du-Centre-du-Québec,13,4,137.0
2021-2022,CIUSSS de la Mauricie-et-du-Centre-du-Québec,13,5,776.0
2021-2022,CIUSSS de la Mauricie-et-du-Centre-du-Québec,13,6,327.0
2021-2022,CIUSSS de la Mauricie-et-du-Centre-du-Québec,13,7,34.0
2021-2022,CIUSSS de la Mauricie-et-du-Centre-du-Québec,13,8,9.0
2021-2022,CIUSSS de la Mauricie-et-du-Centre-du-Québec,13,9,2281.0
2021-2022,CIUSSS de la Mauricie-et-du-Centre-du-Québec,16,1,6.0
2021-2022,CIUSSS de la Mauricie-et-du-Centre-du-Québec,17,1,69.0
2021-2022,CIUSSS du Centre-Ouest-de-l'Île-de-Montréal,1,1,195.0
2021-2022,CIUSSS du Centre-Ouest-de-l'Île-de-Montréal,1,2,209.0
2021-2022,CIUSSS du Centre-Ouest-de-l'Île-de-Montréal,1,3,91.0
2021-2022,CIUSSS du Centre-Ouest-de-l'Île-de-Montréal,1,4,61.0
2021-2022,CIUSSS du Centre-Ouest-de-l'Île-de-Montréal,1,5,147.0
2021-2022,CIUSSS du Centre-Ouest-de-l'Île-de-Montréal,1,6,17.0
2021-2022,CIUSSS du Centre-Ouest-de-l'Île-de-Montréal,1,7,1.0
2021-2022,CIUSSS du Centre-Ouest-de-l'Île-de-Montréal,1,8,0.0
2021-2022,CIUSSS du Centre-Ouest-de-l'Île-de-Montréal,1,9,721.0
2021-2022,CIUSSS du Centre-Ouest-de-l'Île-de-Montréal,2,1,0.0
2021-2022,CIUSSS du Centre-Ouest-de-l'Île-de-Montréal,2,2,0.0
2021-2022,CIUSSS du Centre-Ouest-de-l'Île-de-Montréal,2,3,0.0
2021-2022,CIUSSS du Centre-Ouest-de-l'Île-de-Montréal,2,4,3.0
2021-2022,CIUSSS du Centre-Ouest-de-l'Île-de-Montréal,2,5,25.0
2021-2022,CIUSSS du Centre-Ouest-de-l'Île-de-Montréal,2,6,17.0
2021-2022,CIUSSS du Centre-Ouest-de-l'Île-de-Montréal,2,7,3.0
2021-2022,CIUSSS du Centre-Ouest-de-l'Île-de-Montréal,2,8,0.0
2021-2022,CIUSSS du Centre-Ouest-de-l'Île-de-Montréal,2,9,48.0
2021-2022,CIUSSS du Centre-Ouest-de-l'Île-de-Montréal,4,1,0.0
2021-2022,CIUSSS du Centre-Ouest-de-l'Île-de-Montréal,4,2,0.0
2021-2022,CIUSSS du Centre-Ouest-de-l'Île-de-Montréal,4,3,0.0
2021-2022,CIUSSS du Centre-Ouest-de-l'Île-de-Montréal,4,4,0.0
2021-2022,CIUSSS du Centre-Ouest-de-l'Île-de-Montréal,4,5,0.0
2021-2022,CIUSSS du Centre-Ouest-de-l'Île-de-Montréal,4,6,5.0
2021-2022,CIUSSS du Centre-Ouest-de-l'Île-de-Montréal,4,7,3.0
2021-2022,CIUSSS du Centre-Ouest-de-l'Île-de-Montréal,4,8,1.0
2021-2022,CIUSSS du Centre-Ouest-de-l'Île-de-Montréal,4,9,9.0
2021-2022,CIUSSS du Centre-Ouest-de-l'Île-de-Montréal,5,1,0.0
2021-2022,CIUSSS du Centre-Ouest-de-l'Île-de-Montréal,5,2,0.0
2021-2022,CIUSSS du Centre-Ouest-de-l'Île-de-Montréal,5,3,0.0
2021-2022,CIUSSS du Centre-Ouest-de-l'Île-de-Montréal,5,4,4.0
2021-2022,CIUSSS du Centre-Ouest-de-l'Île-de-Montréal,5,5,19.0
2021-2022,CIUSSS du Centre-Ouest-de-l'Île-de-Montréal,5,6,12.0
2021-2022,CIUSSS du Centre-Ouest-de-l'Île-de-Montréal,5,7,2.0
2021-2022,CIUSSS du Centre-Ouest-de-l'Île-de-Montréal,5,8,0.0
2021-2022,CIUSSS du Centre-Ouest-de-l'Île-de-Montréal,5,9,37.0
2021-2022,CIUSSS du Centre-Ouest-de-l'Île-de-Montréal,7,1,0.0
2021-2022,CIUSSS du Centre-Ouest-de-l'Île-de-Montréal,7,2,0.0
2021-2022,CIUSSS du Centre-Ouest-de-l'Île-de-Montréal,7,3,0.0
2021-2022,CIUSSS du Centre-Ouest-de-l'Île-de-Montréal,7,4,0.0
2021-2022,CIUSSS du Centre-Ouest-de-l'Île-de-Montréal,7,5,0.0
2021-2022,CIUSSS du Centre-Ouest-de-l'Île-de-Montréal,7,6,1.0
2021-2022,CIUSSS du Centre-Ouest-de-l'Île-de-Montréal,7,7,0.0
2021-2022,CIUSSS du Centre-Ouest-de-l'Île-de-Montréal,7,8,0.0
2021-2022,CIUSSS du Centre-Ouest-de-l'Île-de-Montréal,7,9,1.0
2021-2022,CIUSSS du Centre-Ouest-de-l'Île-de-Montréal,8,1,0.0
2021-2022,CIUSSS du Centre-Ouest-de-l'Île-de-Montréal,8,2,0.0
2021-2022,CIUSSS du Centre-Ouest-de-l'Île-de-Montréal,8,3,4.0
2021-2022,CIUSSS du Centre-Ouest-de-l'Île-de-Montréal,8,4,2.0
2021-2022,CIUSSS du Centre-Ouest-de-l'Île-de-Montréal,8,5,61.0
2021-2022,CIUSSS du Centre-Ouest-de-l'Île-de-Montréal,8,6,81.0
2021-2022,CIUSSS du Centre-Ouest-de-l'Île-de-Montréal,8,7,30.0
2021-2022,CIUSSS du Centre-Ouest-de-l'Île-de-Montréal,8,8,5.0
2021-2022,CIUSSS du Centre-Ouest-de-l'Île-de-Montréal,8,9,183.0
2021-2022,CIUSSS du Centre-Ouest-de-l'Île-de-Montréal,9,1,0.0
2021-2022,CIUSSS du Centre-Ouest-de-l'Île-de-Montréal,9,2,2.0
2021-2022,CIUSSS du Centre-Ouest-de-l'Île-de-Montréal,9,3,3.0
2021-2022,CIUSSS du Centre-Ouest-de-l'Île-de-Montréal,9,4,2.0
2021-2022,CIUSSS du Centre-Ouest-de-l'Île-de-Montréal,9,5,18.0
2021-2022,CIUSSS du Centre-Ouest-de-l'Île-de-Montréal,9,6,11.0
2021-2022,CIUSSS du Centre-Ouest-de-l'Île-de-Montréal,9,7,9.0
2021-2022,CIUSSS du Centre-Ouest-de-l'Île-de-Montréal,9,8,0.0
2021-2022,CIUSSS du Centre-Ouest-de-l'Île-de-Montréal,9,9,45.0
2021-2022,CIUSSS du Centre-Ouest-de-l'Île-de-Montréal,11,1,0.0
2021-2022,CIUSSS du Centre-Ouest-de-l'Île-de-Montréal,11,2,0.0
2021-2022,CIUSSS du Centre-Ouest-de-l'Île-de-Montréal,11,3,0.0
2021-2022,CIUSSS du Centre-Ouest-de-l'Île-de-Montréal,11,4,0.0
2021-2022,CIUSSS du Centre-Ouest-de-l'Île-de-Montréal,11,5,0.0
2021-2022,CIUSSS du Centre-Ouest-de-l'Île-de-Montréal,11,6,1.0
2021-2022,CIUSSS du Centre-Ouest-de-l'Île-de-Montréal,11,7,0.0
2021-2022,CIUSSS du Centre-Ouest-de-l'Île-de-Montréal,11,8,0.0
2021-2022,CIUSSS du Centre-Ouest-de-l'Île-de-Montréal,11,9,1.0
2021-2022,CIUSSS du Centre-Ouest-de-l'Île-de-Montréal,12,1,2.0
2021-2022,CIUSSS du Centre-Ouest-de-l'Île-de-Montréal,12,2,4.0
2021-2022,CIUSSS du Centre-Ouest-de-l'Île-de-Montréal,12,3,4.0
2021-2022,CIUSSS du Centre-Ouest-de-l'Île-de-Montréal,12,4,3.0
2021-2022,CIUSSS du Centre-Ouest-de-l'Île-de-Montréal,12,5,6.0
2021-2022,CIUSSS du Centre-Ouest-de-l'Île-de-Montréal,12,6,0.0
2021-2022,CIUSSS du Centre-Ouest-de-l'Île-de-Montréal,12,7,0.0
2021-2022,CIUSSS du Centre-Ouest-de-l'Île-de-Montréal,12,8,0.0
2021-2022,CIUSSS du Centre-Ouest-de-l'Île-de-Montréal,12,9,19.0
2021-2022,CIUSSS du Centre-Ouest-de-l'Île-de-Montréal,13,1,197.0
2021-2022,CIUSSS du Centre-Ouest-de-l'Île-de-Montréal,13,2,215.0
2021-2022,CIUSSS du Centre-Ouest-de-l'Île-de-Montréal,13,3,102.0
2021-2022,CIUSSS du Centre-Ouest-de-l'Île-de-Montréal,13,4,75.0
2021-2022,CIUSSS du Centre-Ouest-de-l'Île-de-Montréal,13,5,276.0
2021-2022,CIUSSS du Centre-Ouest-de-l'Île-de-Montréal,13,6,145.0
2021-2022,CIUSSS du Centre-Ouest-de-l'Île-de-Montréal,13,7,48.0
2021-2022,CIUSSS du Centre-Ouest-de-l'Île-de-Montréal,13,8,6.0
2021-2022,CIUSSS du Centre-Ouest-de-l'Île-de-Montréal,13,9,1064.0
2021-2022,CIUSSS du Centre-Ouest-de-l'Île-de-Montréal,16,1,4.0
2021-2022,CIUSSS du Centre-Ouest-de-l'Île-de-Montréal,17,1,38.0
2021-2022,CIUSSS du Centre-Sud-de-l'Île-de-Montréal,1,1,475.0
2021-2022,CIUSSS du Centre-Sud-de-l'Île-de-Montréal,1,2,562.0
2021-2022,CIUSSS du Centre-Sud-de-l'Île-de-Montréal,1,3,245.0
2021-2022,CIUSSS du Centre-Sud-de-l'Île-de-Montréal,1,4,153.0
2021-2022,CIUSSS du Centre-Sud-de-l'Île-de-Montréal,1,5,710.0
2021-2022,CIUSSS du Centre-Sud-de-l'Île-de-Montréal,1,6,115.0
2021-2022,CIUSSS du Centre-Sud-de-l'Île-de-Montréal,1,7,1.0
2021-2022,CIUSSS du Centre-Sud-de-l'Île-de-Montréal,1,8,0.0
2021-2022,CIUSSS du Centre-Sud-de-l'Île-de-Montréal,1,9,2261.0
2021-2022,CIUSSS du Centre-Sud-de-l'Île-de-Montréal,2,1,0.0
2021-2022,CIUSSS du Centre-Sud-de-l'Île-de-Montréal,2,2,2.0
2021-2022,CIUSSS du Centre-Sud-de-l'Île-de-Montréal,2,3,1.0
2021-2022,CIUSSS du Centre-Sud-de-l'Île-de-Montréal,2,4,7.0
2021-2022,CIUSSS du Centre-Sud-de-l'Île-de-Montréal,2,5,108.0
2021-2022,CIUSSS du Centre-Sud-de-l'Île-de-Montréal,2,6,76.0
2021-2022,CIUSSS du Centre-Sud-de-l'Île-de-Montréal,2,7,9.0
2021-2022,CIUSSS du Centre-Sud-de-l'Île-de-Montréal,2,8,0.0
2021-2022,CIUSSS du Centre-Sud-de-l'Île-de-Montréal,2,9,203.0
2021-2022,CIUSSS du Centre-Sud-de-l'Île-de-Montréal,3,1,0.0
2021-2022,CIUSSS du Centre-Sud-de-l'Île-de-Montréal,3,2,0.0
2021-2022,CIUSSS du Centre-Sud-de-l'Île-de-Montréal,3,3,2.0
2021-2022,CIUSSS du Centre-Sud-de-l'Île-de-Montréal,3,4,1.0
2021-2022,CIUSSS du Centre-Sud-de-l'Île-de-Montréal,3,5,2.0
2021-2022,CIUSSS du Centre-Sud-de-l'Île-de-Montréal,3,6,2.0
2021-2022,CIUSSS du Centre-Sud-de-l'Île-de-Montréal,3,7,0.0
2021-2022,CIUSSS du Centre-Sud-de-l'Île-de-Montréal,3,8,0.0
2021-2022,CIUSSS du Centre-Sud-de-l'Île-de-Montréal,3,9,7.0
2021-2022,CIUSSS du Centre-Sud-de-l'Île-de-Montréal,4,1,0.0
2021-2022,CIUSSS du Centre-Sud-de-l'Île-de-Montréal,4,2,0.0
2021-2022,CIUSSS du Centre-Sud-de-l'Île-de-Montréal,4,3,1.0
2021-2022,CIUSSS du Centre-Sud-de-l'Île-de-Montréal,4,4,0.0
2021-2022,CIUSSS du Centre-Sud-de-l'Île-de-Montréal,4,5,13.0
2021-2022,CIUSSS du Centre-Sud-de-l'Île-de-Montréal,4,6,19.0
2021-2022,CIUSSS du Centre-Sud-de-l'Île-de-Montréal,4,7,5.0
2021-2022,CIUSSS du Centre-Sud-de-l'Île-de-Montréal,4,8,1.0
2021-2022,CIUSSS du Centre-Sud-de-l'Île-de-Montréal,4,9,39.0
2021-2022,CIUSSS du Centre-Sud-de-l'Île-de-Montréal,5,1,0.0
2021-2022,CIUSSS du Centre-Sud-de-l'Île-de-Montréal,5,2,3.0
2021-2022,CIUSSS du Centre-Sud-de-l'Île-de-Montréal,5,3,13.0
2021-2022,CIUSSS du Centre-Sud-de-l'Île-de-Montréal,5,4,19.0
2021-2022,CIUSSS du Centre-Sud-de-l'Île-de-Montréal,5,5,71.0
2021-2022,CIUSSS du Centre-Sud-de-l'Île-de-Montréal,5,6,29.0
2021-2022,CIUSSS du Centre-Sud-de-l'Île-de-Montréal,5,7,4.0
2021-2022,CIUSSS du Centre-Sud-de-l'Île-de-Montréal,5,8,0.0
2021-2022,CIUSSS du Centre-Sud-de-l'Île-de-Montréal,5,9,139.0
2021-2022,CIUSSS du Centre-Sud-de-l'Île-de-Montréal,7,1,0.0
2021-2022,CIUSSS du Centre-Sud-de-l'Île-de-Montréal,7,2,0.0
2021-2022,CIUSSS du Centre-Sud-de-l'Île-de-Montréal,7,3,5.0
2021-2022,CIUSSS du Centre-Sud-de-l'Île-de-Montréal,7,4,0.0
2021-2022,CIUSSS du Centre-Sud-de-l'Île-de-Montréal,7,5,4.0
2021-2022,CIUSSS du Centre-Sud-de-l'Île-de-Montréal,7,6,3.0
2021-2022,CIUSSS du Centre-Sud-de-l'Île-de-Montréal,7,8,0.0
2021-2022,CIUSSS du Centre-Sud-de-l'Île-de-Montréal,7,9,12.0
2021-2022,CIUSSS du Centre-Sud-de-l'Île-de-Montréal,8,1,0.0
2021-2022,CIUSSS du Centre-Sud-de-l'Île-de-Montréal,8,2,16.0
2021-2022,CIUSSS du Centre-Sud-de-l'Île-de-Montréal,8,3,52.0
2021-2022,CIUSSS du Centre-Sud-de-l'Île-de-Montréal,8,4,56.0
2021-2022,CIUSSS du Centre-Sud-de-l'Île-de-Montréal,8,5,421.0
2021-2022,CIUSSS du Centre-Sud-de-l'Île-de-Montréal,8,6,648.0
2021-2022,CIUSSS du Centre-Sud-de-l'Île-de-Montréal,8,7,183.0
2021-2022,CIUSSS du Centre-Sud-de-l'Île-de-Montréal,8,8,30.0
2021-2022,CIUSSS du Centre-Sud-de-l'Île-de-Montréal,8,9,1406.0
2021-2022,CIUSSS du Centre-Sud-de-l'Île-de-Montréal,9,1,3.0
2021-2022,CIUSSS du Centre-Sud-de-l'Île-de-Montréal,9,2,15.0
2021-2022,CIUSSS du Centre-Sud-de-l'Île-de-Montréal,9,3,17.0
2021-2022,CIUSSS du Centre-Sud-de-l'Île-de-Montréal,9,4,9.0
2021-2022,CIUSSS du Centre-Sud-de-l'Île-de-Montréal,9,5,77.0
2021-2022,CIUSSS du Centre-Sud-de-l'Île-de-Montréal,9,6,113.0
2021-2022,CIUSSS du Centre-Sud-de-l'Île-de-Montréal,9,7,32.0
2021-2022,CIUSSS du Centre-Sud-de-l'Île-de-Montréal,9,8,5.0
2021-2022,CIUSSS du Centre-Sud-de-l'Île-de-Montréal,9,9,271.0
2021-2022,CIUSSS du Centre-Sud-de-l'Île-de-Montréal,11,1,0.0
2021-2022,CIUSSS du Centre-Sud-de-l'Île-de-Montréal,11,2,1.0
2021-2022,CIUSSS du Centre-Sud-de-l'Île-de-Montréal,11,3,4.0
2021-2022,CIUSSS du Centre-Sud-de-l'Île-de-Montréal,11,4,0.0
2021-2022,CIUSSS du Centre-Sud-de-l'Île-de-Montréal,11,5,0.0
2021-2022,CIUSSS du Centre-Sud-de-l'Île-de-Montréal,11,6,0.0
2021-2022,CIUSSS du Centre-Sud-de-l'Île-de-Montréal,11,7,0.0
2021-2022,CIUSSS du Centre-Sud-de-l'Île-de-Montréal,11,8,0.0
2021-2022,CIUSSS du Centre-Sud-de-l'Île-de-Montréal,11,9,5.0
2021-2022,CIUSSS du Centre-Sud-de-l'Île-de-Montréal,12,1,0.0
2021-2022,CIUSSS du Centre-Sud-de-l'Île-de-Montréal,12,2,1.0
2021-2022,CIUSSS du Centre-Sud-de-l'Île-de-Montréal,12,3,5.0
2021-2022,CIUSSS du Centre-Sud-de-l'Île-de-Montréal,12,4,1.0
2021-2022,CIUSSS du Centre-Sud-de-l'Île-de-Montréal,12,5,18.0
2021-2022,CIUSSS du Centre-Sud-de-l'Île-de-Montréal,12,6,10.0
2021-2022,CIUSSS du Centre-Sud-de-l'Île-de-Montréal,12,7,4.0
2021-2022,CIUSSS du Centre-Sud-de-l'Île-de-Montréal,12,8,1.0
2021-2022,CIUSSS du Centre-Sud-de-l'Île-de-Montréal,12,9,40.0
2021-2022,CIUSSS du Centre-Sud-de-l'Île-de-Montréal,13,1,478.0
2021-2022,CIUSSS du Centre-Sud-de-l'Île-de-Montréal,13,2,600.0
2021-2022,CIUSSS du Centre-Sud-de-l'Île-de-Montréal,13,3,345.0
2021-2022,CIUSSS du Centre-Sud-de-l'Île-de-Montréal,13,4,246.0
2021-2022,CIUSSS du Centre-Sud-de-l'Île-de-Montréal,13,5,1424.0
2021-2022,CIUSSS du Centre-Sud-de-l'Île-de-Montréal,13,6,1015.0
2021-2022,CIUSSS du Centre-Sud-de-l'Île-de-Montréal,13,7,238.0
2021-2022,CIUSSS du Centre-Sud-de-l'Île-de-Montréal,13,8,37.0
2021-2022,CIUSSS du Centre-Sud-de-l'Île-de-Montréal,13,9,4383.0
2021-2022,CIUSSS du Saguenay  Lac-Saint-Jean,1,1,112.0
2021-2022,CIUSSS du Saguenay  Lac-Saint-Jean,1,2,155.0
2021-2022,CIUSSS du Saguenay  Lac-Saint-Jean,1,3,68.0
2021-2022,CIUSSS du Saguenay  Lac-Saint-Jean,1,4,37.0
2021-2022,CIUSSS du Saguenay  Lac-Saint-Jean,1,5,181.0
2021-2022,CIUSSS du Saguenay  Lac-Saint-Jean,1,6,34.0
2021-2022,CIUSSS du Saguenay  Lac-Saint-Jean,1,7,2.0
2021-2022,CIUSSS du Saguenay  Lac-Saint-Jean,1,8,0.0
2021-2022,CIUSSS du Saguenay  Lac-Saint-Jean,1,9,589.0
2021-2022,CIUSSS du Saguenay  Lac-Saint-Jean,2,1,1.0
2021-2022,CIUSSS du Saguenay  Lac-Saint-Jean,2,2,0.0
2021-2022,CIUSSS du Saguenay  Lac-Saint-Jean,2,3,1.0
2021-2022,CIUSSS du Saguenay  Lac-Saint-Jean,2,4,10.0
2021-2022,CIUSSS du Saguenay  Lac-Saint-Jean,2,5,63.0
2021-2022,CIUSSS du Saguenay  Lac-Saint-Jean,2,6,30.0
2021-2022,CIUSSS du Saguenay  Lac-Saint-Jean,2,7,1.0
2021-2022,CIUSSS du Saguenay  Lac-Saint-Jean,2,8,1.0
2021-2022,CIUSSS du Saguenay  Lac-Saint-Jean,2,9,107.0
2021-2022,CIUSSS du Saguenay  Lac-Saint-Jean,3,1,4.0
2021-2022,CIUSSS du Saguenay  Lac-Saint-Jean,3,2,15.0
2021-2022,CIUSSS du Saguenay  Lac-Saint-Jean,3,3,8.0
2021-2022,CIUSSS du Saguenay  Lac-Saint-Jean,3,4,3.0
2021-2022,CIUSSS du Saguenay  Lac-Saint-Jean,3,5,4.0
2021-2022,CIUSSS du Saguenay  Lac-Saint-Jean,3,6,5.0
2021-2022,CIUSSS du Saguenay  Lac-Saint-Jean,3,7,0.0
2021-2022,CIUSSS du Saguenay  Lac-Saint-Jean,3,8,0.0
2021-2022,CIUSSS du Saguenay  Lac-Saint-Jean,3,9,39.0
2021-2022,CIUSSS du Saguenay  Lac-Saint-Jean,5,1,0.0
2021-2022,CIUSSS du Saguenay  Lac-Saint-Jean,5,2,0.0
2021-2022,CIUSSS du Saguenay  Lac-Saint-Jean,5,3,1.0
2021-2022,CIUSSS du Saguenay  Lac-Saint-Jean,5,4,5.0
2021-2022,CIUSSS du Saguenay  Lac-Saint-Jean,5,5,32.0
2021-2022,CIUSSS du Saguenay  Lac-Saint-Jean,5,6,26.0
2021-2022,CIUSSS du Saguenay  Lac-Saint-Jean,5,7,7.0
2021-2022,CIUSSS du Saguenay  Lac-Saint-Jean,5,8,0.0
2021-2022,CIUSSS du Saguenay  Lac-Saint-Jean,5,9,71.0
2021-2022,CIUSSS du Saguenay  Lac-Saint-Jean,7,1,0.0
2021-2022,CIUSSS du Saguenay  Lac-Saint-Jean,7,2,2.0
2021-2022,CIUSSS du Saguenay  Lac-Saint-Jean,7,3,2.0
2021-2022,CIUSSS du Saguenay  Lac-Saint-Jean,7,4,0.0
2021-2022,CIUSSS du Saguenay  Lac-Saint-Jean,7,5,0.0
2021-2022,CIUSSS du Saguenay  Lac-Saint-Jean,7,6,2.0
2021-2022,CIUSSS du Saguenay  Lac-Saint-Jean,7,7,0.0
2021-2022,CIUSSS du Saguenay  Lac-Saint-Jean,7,8,0.0
2021-2022,CIUSSS du Saguenay  Lac-Saint-Jean,7,9,6.0
2021-2022,CIUSSS du Saguenay  Lac-Saint-Jean,8,1,0.0
2021-2022,CIUSSS du Saguenay  Lac-Saint-Jean,8,2,3.0
2021-2022,CIUSSS du Saguenay  Lac-Saint-Jean,8,3,2.0
2021-2022,CIUSSS du Saguenay  Lac-Saint-Jean,8,4,5.0
2021-2022,CIUSSS du Saguenay  Lac-Saint-Jean,8,5,46.0
2021-2022,CIUSSS du Saguenay  Lac-Saint-Jean,8,6,59.0
2021-2022,CIUSSS du Saguenay  Lac-Saint-Jean,8,7,16.0
2021-2022,CIUSSS du Saguenay  Lac-Saint-Jean,8,8,6.0
2021-2022,CIUSSS du Saguenay  Lac-Saint-Jean,8,9,137.0
2021-2022,CIUSSS du Saguenay  Lac-Saint-Jean,9,1,8.0
2021-2022,CIUSSS du Saguenay  Lac-Saint-Jean,9,2,7.0
2021-2022,CIUSSS du Saguenay  Lac-Saint-Jean,9,3,8.0
2021-2022,CIUSSS du Saguenay  Lac-Saint-Jean,9,4,6.0
2021-2022,CIUSSS du Saguenay  Lac-Saint-Jean,9,5,61.0
2021-2022,CIUSSS du Saguenay  Lac-Saint-Jean,9,6,124.0
2021-2022,CIUSSS du Saguenay  Lac-Saint-Jean,9,7,56.0
2021-2022,CIUSSS du Saguenay  Lac-Saint-Jean,9,8,10.0
2021-2022,CIUSSS du Saguenay  Lac-Saint-Jean,9,9,280.0
2021-2022,CIUSSS du Saguenay  Lac-Saint-Jean,11,1,0.0
2021-2022,CIUSSS du Saguenay  Lac-Saint-Jean,11,2,0.0
2021-2022,CIUSSS du Saguenay  Lac-Saint-Jean,11,3,2.0
2021-2022,CIUSSS du Saguenay  Lac-Saint-Jean,11,4,0.0
2021-2022,CIUSSS du Saguenay  Lac-Saint-Jean,11,5,0.0
2021-2022,CIUSSS du Saguenay  Lac-Saint-Jean,11,6,0.0
2021-2022,CIUSSS du Saguenay  Lac-Saint-Jean,11,7,0.0
2021-2022,CIUSSS du Saguenay  Lac-Saint-Jean,11,8,0.0
2021-2022,CIUSSS du Saguenay  Lac-Saint-Jean,11,9,2.0
2021-2022,CIUSSS du Saguenay  Lac-Saint-Jean,12,1,0.0
2021-2022,CIUSSS du Saguenay  Lac-Saint-Jean,12,2,0.0
2021-2022,CIUSSS du Saguenay  Lac-Saint-Jean,12,3,3.0
2021-2022,CIUSSS du Saguenay  Lac-Saint-Jean,12,4,5.0
2021-2022,CIUSSS du Saguenay  Lac-Saint-Jean,12,5,13.0
2021-2022,CIUSSS du Saguenay  Lac-Saint-Jean,12,6,4.0
2021-2022,CIUSSS du Saguenay  Lac-Saint-Jean,12,7,4.0
2021-2022,CIUSSS du Saguenay  Lac-Saint-Jean,12,8,1.0
2021-2022,CIUSSS du Saguenay  Lac-Saint-Jean,12,9,30.0
2021-2022,CIUSSS du Saguenay  Lac-Saint-Jean,13,1,125.0
2021-2022,CIUSSS du Saguenay  Lac-Saint-Jean,13,2,182.0
2021-2022,CIUSSS du Saguenay  Lac-Saint-Jean,13,3,95.0
2021-2022,CIUSSS du Saguenay  Lac-Saint-Jean,13,4,71.0
2021-2022,CIUSSS du Saguenay  Lac-Saint-Jean,13,5,400.0
2021-2022,CIUSSS du Saguenay  Lac-Saint-Jean,13,6,284.0
2021-2022,CIUSSS du Saguenay  Lac-Saint-Jean,13,7,86.0
2021-2022,CIUSSS du Saguenay  Lac-Saint-Jean,13,8,18.0
2021-2022,CIUSSS du Saguenay  Lac-Saint-Jean,13,9,1261.0
2021-2022,CIUSSS du Saguenay  Lac-Saint-Jean,14,1,1.0
2021-2022,CIUSSS du Saguenay  Lac-Saint-Jean,15,1,5.0
2021-2022,CIUSSS du Saguenay  Lac-Saint-Jean,16,1,5.0
2021-2022,CIUSSS du Saguenay  Lac-Saint-Jean,17,1,80.0
2022-2023,Atelier le Fil d'Ariane inc.,1,5,3.0
2022-2023,Atelier le Fil d'Ariane inc.,1,6,0.0
2022-2023,Atelier le Fil d'Ariane inc.,1,9,3.0
2022-2023,Atelier le Fil d'Ariane inc.,2,5,1.0
2022-2023,Atelier le Fil d'Ariane inc.,2,6,3.0
2022-2023,Atelier le Fil d'Ariane inc.,2,9,4.0
2022-2023,Atelier le Fil d'Ariane inc.,5,5,2.0
2022-2023,Atelier le Fil d'Ariane inc.,5,6,4.0
2022-2023,Atelier le Fil d'Ariane inc.,5,9,6.0
2022-2023,Atelier le Fil d'Ariane inc.,9,5,3.0
2022-2023,Atelier le Fil d'Ariane inc.,9,6,0.0
2022-2023,Atelier le Fil d'Ariane inc.,9,9,3.0
2022-2023,Atelier le Fil d'Ariane inc.,13,5,9.0
2022-2023,Atelier le Fil d'Ariane inc.,13,6,7.0
2022-2023,Atelier le Fil d'Ariane inc.,13,9,16.0
2022-2023,CISSS de Chaudière-Appalaches,1,1,209.0
2022-2023,CISSS de Chaudière-Appalaches,1,2,323.0
2022-2023,CISSS de Chaudière-Appalaches,1,3,151.0
2022-2023,CISSS de Chaudière-Appalaches,1,4,95.0
2022-2023,CISSS de Chaudière-Appalaches,1,5,246.0
2022-2023,CISSS de Chaudière-Appalaches,1,6,43.0
2022-2023,CISSS de Chaudière-Appalaches,1,7,5.0
2022-2023,CISSS de Chaudière-Appalaches,1,8,0.0
2022-2023,CISSS de Chaudière-Appalaches,1,9,1072.0
2022-2023,CISSS de Chaudière-Appalaches,2,1,0.0
2022-2023,CISSS de Chaudière-Appalaches,2,2,0.0
2022-2023,CISSS de Chaudière-Appalaches,2,3,0.0
2022-2023,CISSS de Chaudière-Appalaches,2,4,12.0
2022-2023,CISSS de Chaudière-Appalaches,2,5,85.0
2022-2023,CISSS de Chaudière-Appalaches,2,6,33.0
2022-2023,CISSS de Chaudière-Appalaches,2,7,1.0
2022-2023,CISSS de Chaudière-Appalaches,2,8,0.0
2022-2023,CISSS de Chaudière-Appalaches,2,9,131.0
2022-2023,CISSS de Chaudière-Appalaches,3,1,0.0
2022-2023,CISSS de Chaudière-Appalaches,3,2,0.0
2022-2023,CISSS de Chaudière-Appalaches,3,3,0.0
2022-2023,CISSS de Chaudière-Appalaches,3,4,1.0
2022-2023,CISSS de Chaudière-Appalaches,3,5,13.0
2022-2023,CISSS de Chaudière-Appalaches,3,6,17.0
2022-2023,CISSS de Chaudière-Appalaches,3,7,4.0
2022-2023,CISSS de Chaudière-Appalaches,3,8,1.0
2022-2023,CISSS de Chaudière-Appalaches,3,9,36.0
2022-2023,CISSS de Chaudière-Appalaches,4,1,0.0
2022-2023,CISSS de Chaudière-Appalaches,4,2,0.0
2022-2023,CISSS de Chaudière-Appalaches,4,3,0.0
2022-2023,CISSS de Chaudière-Appalaches,4,4,0.0
2022-2023,CISSS de Chaudière-Appalaches,4,5,1.0
2022-2023,CISSS de Chaudière-Appalaches,4,6,0.0
2022-2023,CISSS de Chaudière-Appalaches,4,7,0.0
2022-2023,CISSS de Chaudière-Appalaches,4,8,1.0
2022-2023,CISSS de Chaudière-Appalaches,4,9,2.0
2022-2023,CISSS de Chaudière-Appalaches,5,1,0.0
2022-2023,CISSS de Chaudière-Appalaches,5,2,7.0
2022-2023,CISSS de Chaudière-Appalaches,5,3,13.0
2022-2023,CISSS de Chaudière-Appalaches,5,4,2.0
2022-2023,CISSS de Chaudière-Appalaches,5,5,30.0
2022-2023,CISSS de Chaudière-Appalaches,5,6,8.0
2022-2023,CISSS de Chaudière-Appalaches,5,7,0.0
2022-2023,CISSS de Chaudière-Appalaches,5,8,0.0
2022-2023,CISSS de Chaudière-Appalaches,5,9,60.0
2022-2023,CISSS de Chaudière-Appalaches,6,1,0.0
2022-2023,CISSS de Chaudière-Appalaches,6,2,0.0
2022-2023,CISSS de Chaudière-Appalaches,6,3,0.0
2022-2023,CISSS de Chaudière-Appalaches,6,4,0.0
2022-2023,CISSS de Chaudière-Appalaches,6,5,0.0
2022-2023,CISSS de Chaudière-Appalaches,6,6,0.0
2022-2023,CISSS de Chaudière-Appalaches,6,7,0.0
2022-2023,CISSS de Chaudière-Appalaches,6,8,0.0
2022-2023,CISSS de Chaudière-Appalaches,6,9,0.0
2022-2023,CISSS de Chaudière-Appalaches,7,1,0.0
2022-2023,CISSS de Chaudière-Appalaches,7,2,0.0
2022-2023,CISSS de Chaudière-Appalaches,7,3,0.0
2022-2023,CISSS de Chaudière-Appalaches,7,4,0.0
2022-2023,CISSS de Chaudière-Appalaches,7,5,5.0
2022-2023,CISSS de Chaudière-Appalaches,7,6,5.0
2022-2023,CISSS de Chaudière-Appalaches,7,7,2.0
2022-2023,CISSS de Chaudière-Appalaches,7,8,1.0
2022-2023,CISSS de Chaudière-Appalaches,7,9,13.0
2022-2023,CISSS de Chaudière-Appalaches,8,1,0.0
2022-2023,CISSS de Chaudière-Appalaches,8,2,0.0
2022-2023,CISSS de Chaudière-Appalaches,8,3,0.0
2022-2023,CISSS de Chaudière-Appalaches,8,4,3.0
2022-2023,CISSS de Chaudière-Appalaches,8,5,47.0
2022-2023,CISSS de Chaudière-Appalaches,8,6,63.0
2022-2023,CISSS de Chaudière-Appalaches,8,7,9.0
2022-2023,CISSS de Chaudière-Appalaches,8,8,3.0
2022-2023,CISSS de Chaudière-Appalaches,8,9,125.0
2022-2023,CISSS de Chaudière-Appalaches,9,1,7.0
2022-2023,CISSS de Chaudière-Appalaches,9,2,6.0
2022-2023,CISSS de Chaudière-Appalaches,9,3,6.0
2022-2023,CISSS de Chaudière-Appalaches,9,4,17.0
2022-2023,CISSS de Chaudière-Appalaches,9,5,96.0
2022-2023,CISSS de Chaudière-Appalaches,9,6,72.0
2022-2023,CISSS de Chaudière-Appalaches,9,7,20.0
2022-2023,CISSS de Chaudière-Appalaches,9,8,3.0
2022-2023,CISSS de Chaudière-Appalaches,9,9,227.0
2022-2023,CISSS de Chaudière-Appalaches,10,1,0.0
2022-2023,CISSS de Chaudière-Appalaches,10,2,0.0
2022-2023,CISSS de Chaudière-Appalaches,10,3,0.0
2022-2023,CISSS de Chaudière-Appalaches,10,4,0.0
2022-2023,CISSS de Chaudière-Appalaches,10,5,0.0
2022-2023,CISSS de Chaudière-Appalaches,10,6,0.0
2022-2023,CISSS de Chaudière-Appalaches,10,7,0.0
2022-2023,CISSS de Chaudière-Appalaches,10,8,0.0
2022-2023,CISSS de Chaudière-Appalaches,10,9,0.0
2022-2023,CISSS de Chaudière-Appalaches,11,1,0.0
2022-2023,CISSS de Chaudière-Appalaches,11,2,0.0
2022-2023,CISSS de Chaudière-Appalaches,11,3,0.0
2022-2023,CISSS de Chaudière-Appalaches,11,4,0.0
2022-2023,CISSS de Chaudière-Appalaches,11,5,0.0
2022-2023,CISSS de Chaudière-Appalaches,11,6,0.0
2022-2023,CISSS de Chaudière-Appalaches,11,7,0.0
2022-2023,CISSS de Chaudière-Appalaches,11,8,0.0
2022-2023,CISSS de Chaudière-Appalaches,11,9,0.0
2022-2023,CISSS de Chaudière-Appalaches,12,1,0.0
2022-2023,CISSS de Chaudière-Appalaches,12,2,0.0
2022-2023,CISSS de Chaudière-Appalaches,12,3,0.0
2022-2023,CISSS de Chaudière-Appalaches,12,4,0.0
2022-2023,CISSS de Chaudière-Appalaches,12,5,8.0
2022-2023,CISSS de Chaudière-Appalaches,12,6,6.0
2022-2023,CISSS de Chaudière-Appalaches,12,7,4.0
2022-2023,CISSS de Chaudière-Appalaches,12,8,2.0
2022-2023,CISSS de Chaudière-Appalaches,12,9,20.0
2022-2023,CISSS de Chaudière-Appalaches,13,1,216.0
2022-2023,CISSS de Chaudière-Appalaches,13,2,336.0
2022-2023,CISSS de Chaudière-Appalaches,13,3,170.0
2022-2023,CISSS de Chaudière-Appalaches,13,4,130.0
2022-2023,CISSS de Chaudière-Appalaches,13,5,531.0
2022-2023,CISSS de Chaudière-Appalaches,13,6,247.0
2022-2023,CISSS de Chaudière-Appalaches,13,7,45.0
2022-2023,CISSS de Chaudière-Appalaches,13,8,11.0
2022-2023,CISSS de Chaudière-Appalaches,13,9,1686.0
2022-2023,CISSS de Chaudière-Appalaches,14,1,2.0
2022-2023,CISSS de Chaudière-Appalaches,15,1,17.0
2022-2023,CISSS de Chaudière-Appalaches,16,1,0.0
2022-2023,CISSS de Chaudière-Appalaches,17,1,0.0
2022-2023,CISSS de Lanaudière,1,1,382.0
2022-2023,CISSS de Lanaudière,1,2,583.0
2022-2023,CISSS de Lanaudière,1,3,299.0
2022-2023,CISSS de Lanaudière,1,4,79.0
2022-2023,CISSS de Lanaudière,1,5,151.0
2022-2023,CISSS de Lanaudière,1,6,20.0
2022-2023,CISSS de Lanaudière,1,7,4.0
2022-2023,CISSS de Lanaudière,1,9,1518.0
2022-2023,CISSS de Lanaudière,2,2,1.0
2022-2023,CISSS de Lanaudière,2,3,1.0
2022-2023,CISSS de Lanaudière,2,4,1.0
2022-2023,CISSS de Lanaudière,2,5,28.0
2022-2023,CISSS de Lanaudière,2,6,4.0
2022-2023,CISSS de Lanaudière,2,7,3.0
2022-2023,CISSS de Lanaudière,2,9,38.0
2022-2023,CISSS de Lanaudière,3,2,5.0
2022-2023,CISSS de Lanaudière,3,3,3.0
2022-2023,CISSS de Lanaudière,3,5,2.0
2022-2023,CISSS de Lanaudière,3,6,2.0
2022-2023,CISSS de Lanaudière,3,9,12.0
2022-2023,CISSS de Lanaudière,4,4,1.0
2022-2023,CISSS de Lanaudière,4,5,5.0
2022-2023,CISSS de Lanaudière,4,9,6.0
2022-2023,CISSS de Lanaudière,5,2,3.0
2022-2023,CISSS de Lanaudière,5,3,10.0
2022-2023,CISSS de Lanaudière,5,4,7.0
2022-2023,CISSS de Lanaudière,5,5,24.0
2022-2023,CISSS de Lanaudière,5,6,3.0
2022-2023,CISSS de Lanaudière,5,9,47.0
2022-2023,CISSS de Lanaudière,7,5,1.0
2022-2023,CISSS de Lanaudière,7,6,1.0
2022-2023,CISSS de Lanaudière,7,8,1.0
2022-2023,CISSS de Lanaudière,7,9,3.0
2022-2023,CISSS de Lanaudière,8,2,4.0
2022-2023,CISSS de Lanaudière,8,3,8.0
2022-2023,CISSS de Lanaudière,8,4,12.0
2022-2023,CISSS de Lanaudière,8,5,47.0
2022-2023,CISSS de Lanaudière,8,6,20.0
2022-2023,CISSS de Lanaudière,8,7,6.0
2022-2023,CISSS de Lanaudière,8,9,97.0
2022-2023,CISSS de Lanaudière,9,1,9.0
2022-2023,CISSS de Lanaudière,9,2,16.0
2022-2023,CISSS de Lanaudière,9,3,9.0
2022-2023,CISSS de Lanaudière,9,4,7.0
2022-2023,CISSS de Lanaudière,9,5,36.0
2022-2023,CISSS de Lanaudière,9,6,22.0
2022-2023,CISSS de Lanaudière,9,7,6.0
2022-2023,CISSS de Lanaudière,9,8,2.0
2022-2023,CISSS de Lanaudière,9,9,107.0
2022-2023,CISSS de Lanaudière,12,2,1.0
2022-2023,CISSS de Lanaudière,12,3,1.0
2022-2023,CISSS de Lanaudière,12,5,3.0
2022-2023,CISSS de Lanaudière,12,6,1.0
2022-2023,CISSS de Lanaudière,12,8,1.0
2022-2023,CISSS de Lanaudière,12,9,7.0
2022-2023,CISSS de Lanaudière,13,1,391.0
2022-2023,CISSS de Lanaudière,13,2,613.0
2022-2023,CISSS de Lanaudière,13,3,331.0
2022-2023,CISSS de Lanaudière,13,4,107.0
2022-2023,CISSS de Lanaudière,13,5,297.0
2022-2023,CISSS de Lanaudière,13,6,73.0
2022-2023,CISSS de Lanaudière,13,7,19.0
2022-2023,CISSS de Lanaudière,13,8,4.0
2022-2023,CISSS de Lanaudière,13,9,1835.0
2022-2023,CISSS de Lanaudière,16,1,3.0
2022-2023,CISSS de Lanaudière,17,1,99.0
2022-2023,CISSS de Laval,1,1,242.0
2022-2023,CISSS de Laval,1,2,203.0
2022-2023,CISSS de Laval,1,3,129.0
2022-2023,CISSS de Laval,1,4,56.0
2022-2023,CISSS de Laval,1,5,96.0
2022-2023,CISSS de Laval,1,6,9.0
2022-2023,CISSS de Laval,1,9,735.0
2022-2023,CISSS de Laval,2,4,2.0
2022-2023,CISSS de Laval,2,5,15.0
2022-2023,CISSS de Laval,2,6,7.0
2022-2023,CISSS de Laval,2,7,1.0
2022-2023,CISSS de Laval,2,9,25.0
2022-2023,CISSS de Laval,3,5,3.0
2022-2023,CISSS de Laval,3,9,3.0
2022-2023,CISSS de Laval,6,4,1.0
2022-2023,CISSS de Laval,6,5,7.0
2022-2023,CISSS de Laval,6,6,2.0
2022-2023,CISSS de Laval,6,9,10.0
2022-2023,CISSS de Laval,7,5,1.0
2022-2023,CISSS de Laval,7,9,1.0
2022-2023,CISSS de Laval,8,2,2.0
2022-2023,CISSS de Laval,8,3,13.0
2022-2023,CISSS de Laval,8,4,21.0
2022-2023,CISSS de Laval,8,5,126.0
2022-2023,CISSS de Laval,8,6,69.0
2022-2023,CISSS de Laval,8,7,22.0
2022-2023,CISSS de Laval,8,8,5.0
2022-2023,CISSS de Laval,8,9,258.0
2022-2023,CISSS de Laval,9,2,5.0
2022-2023,CISSS de Laval,9,3,7.0
2022-2023,CISSS de Laval,9,4,2.0
2022-2023,CISSS de Laval,9,5,15.0
2022-2023,CISSS de Laval,9,6,13.0
2022-2023,CISSS de Laval,9,8,2.0
2022-2023,CISSS de Laval,9,9,44.0
2022-2023,CISSS de Laval,10,1,3.0
2022-2023,CISSS de Laval,10,2,4.0
2022-2023,CISSS de Laval,10,3,12.0
2022-2023,CISSS de Laval,10,4,4.0
2022-2023,CISSS de Laval,10,5,19.0
2022-2023,CISSS de Laval,10,6,10.0
2022-2023,CISSS de Laval,10,7,1.0
2022-2023,CISSS de Laval,10,8,1.0
2022-2023,CISSS de Laval,10,9,54.0
2022-2023,CISSS de Laval,11,6,1.0
2022-2023,CISSS de Laval,11,9,1.0
2022-2023,CISSS de Laval,12,3,1.0
2022-2023,CISSS de Laval,12,4,2.0
2022-2023,CISSS de Laval,12,9,3.0
2022-2023,CISSS de Laval,13,1,245.0
2022-2023,CISSS de Laval,13,2,214.0
2022-2023,CISSS de Laval,13,3,162.0
2022-2023,CISSS de Laval,13,4,88.0
2022-2023,CISSS de Laval,13,5,282.0
2022-2023,CISSS de Laval,13,6,111.0
2022-2023,CISSS de Laval,13,7,24.0
2022-2023,CISSS de Laval,13,8,8.0
2022-2023,CISSS de Laval,13,9,1134.0
2022-2023,CISSS de l'Abitibi-Témiscamingue,1,1,60.0
2022-2023,CISSS de l'Abitibi-Témiscamingue,1,2,206.0
2022-2023,CISSS de l'Abitibi-Témiscamingue,1,3,78.0
2022-2023,CISSS de l'Abitibi-Témiscamingue,1,4,27.0
2022-2023,CISSS de l'Abitibi-Témiscamingue,1,5,54.0
2022-2023,CISSS de l'Abitibi-Témiscamingue,1,6,7.0
2022-2023,CISSS de l'Abitibi-Témiscamingue,1,7,1.0
2022-2023,CISSS de l'Abitibi-Témiscamingue,1,8,0.0
2022-2023,CISSS de l'Abitibi-Témiscamingue,1,9,433.0
2022-2023,CISSS de l'Abitibi-Témiscamingue,2,1,5.0
2022-2023,CISSS de l'Abitibi-Témiscamingue,2,2,10.0
2022-2023,CISSS de l'Abitibi-Témiscamingue,2,3,4.0
2022-2023,CISSS de l'Abitibi-Témiscamingue,2,4,5.0
2022-2023,CISSS de l'Abitibi-Témiscamingue,2,5,39.0
2022-2023,CISSS de l'Abitibi-Témiscamingue,2,6,22.0
2022-2023,CISSS de l'Abitibi-Témiscamingue,2,7,4.0
2022-2023,CISSS de l'Abitibi-Témiscamingue,2,8,0.0
2022-2023,CISSS de l'Abitibi-Témiscamingue,2,9,89.0
2022-2023,CISSS de l'Abitibi-Témiscamingue,4,1,0.0
2022-2023,CISSS de l'Abitibi-Témiscamingue,4,2,0.0
2022-2023,CISSS de l'Abitibi-Témiscamingue,4,3,0.0
2022-2023,CISSS de l'Abitibi-Témiscamingue,4,4,0.0
2022-2023,CISSS de l'Abitibi-Témiscamingue,4,5,5.0
2022-2023,CISSS de l'Abitibi-Témiscamingue,4,6,7.0
2022-2023,CISSS de l'Abitibi-Témiscamingue,4,7,1.0
2022-2023,CISSS de l'Abitibi-Témiscamingue,4,8,0.0
2022-2023,CISSS de l'Abitibi-Témiscamingue,4,9,13.0
2022-2023,CISSS de l'Abitibi-Témiscamingue,5,1,0.0
2022-2023,CISSS de l'Abitibi-Témiscamingue,5,2,0.0
2022-2023,CISSS de l'Abitibi-Témiscamingue,5,3,0.0
2022-2023,CISSS de l'Abitibi-Témiscamingue,5,4,1.0
2022-2023,CISSS de l'Abitibi-Témiscamingue,5,5,5.0
2022-2023,CISSS de l'Abitibi-Témiscamingue,5,6,6.0
2022-2023,CISSS de l'Abitibi-Témiscamingue,5,7,0.0
2022-2023,CISSS de l'Abitibi-Témiscamingue,5,8,0.0
2022-2023,CISSS de l'Abitibi-Témiscamingue,5,9,12.0
2022-2023,CISSS de l'Abitibi-Témiscamingue,7,1,0.0
2022-2023,CISSS de l'Abitibi-Témiscamingue,7,2,0.0
2022-2023,CISSS de l'Abitibi-Témiscamingue,7,3,1.0
2022-2023,CISSS de l'Abitibi-Témiscamingue,7,4,0.0
2022-2023,CISSS de l'Abitibi-Témiscamingue,7,5,2.0
2022-2023,CISSS de l'Abitibi-Témiscamingue,7,6,1.0
2022-2023,CISSS de l'Abitibi-Témiscamingue,7,7,1.0
2022-2023,CISSS de l'Abitibi-Témiscamingue,7,8,0.0
2022-2023,CISSS de l'Abitibi-Témiscamingue,7,9,5.0
2022-2023,CISSS de l'Abitibi-Témiscamingue,8,1,0.0
2022-2023,CISSS de l'Abitibi-Témiscamingue,8,2,1.0
2022-2023,CISSS de l'Abitibi-Témiscamingue,8,3,0.0
2022-2023,CISSS de l'Abitibi-Témiscamingue,8,4,1.0
2022-2023,CISSS de l'Abitibi-Témiscamingue,8,5,18.0
2022-2023,CISSS de l'Abitibi-Témiscamingue,8,6,11.0
2022-2023,CISSS de l'Abitibi-Témiscamingue,8,7,4.0
2022-2023,CISSS de l'Abitibi-Témiscamingue,8,8,0.0
2022-2023,CISSS de l'Abitibi-Témiscamingue,8,9,35.0
2022-2023,CISSS de l'Abitibi-Témiscamingue,9,1,3.0
2022-2023,CISSS de l'Abitibi-Témiscamingue,9,2,7.0
2022-2023,CISSS de l'Abitibi-Témiscamingue,9,3,9.0
2022-2023,CISSS de l'Abitibi-Témiscamingue,9,4,7.0
2022-2023,CISSS de l'Abitibi-Témiscamingue,9,5,52.0
2022-2023,CISSS de l'Abitibi-Témiscamingue,9,6,89.0
2022-2023,CISSS de l'Abitibi-Témiscamingue,9,7,19.0
2022-2023,CISSS de l'Abitibi-Témiscamingue,9,8,3.0
2022-2023,CISSS de l'Abitibi-Témiscamingue,9,9,189.0
2022-2023,CISSS de l'Abitibi-Témiscamingue,10,1,0.0
2022-2023,CISSS de l'Abitibi-Témiscamingue,10,2,0.0
2022-2023,CISSS de l'Abitibi-Témiscamingue,10,3,3.0
2022-2023,CISSS de l'Abitibi-Témiscamingue,10,4,4.0
2022-2023,CISSS de l'Abitibi-Témiscamingue,10,5,23.0
2022-2023,CISSS de l'Abitibi-Témiscamingue,10,6,6.0
2022-2023,CISSS de l'Abitibi-Témiscamingue,10,7,1.0
2022-2023,CISSS de l'Abitibi-Témiscamingue,10,8,1.0
2022-2023,CISSS de l'Abitibi-Témiscamingue,10,9,38.0
2022-2023,CISSS de l'Abitibi-Témiscamingue,12,1,0.0
2022-2023,CISSS de l'Abitibi-Témiscamingue,12,2,0.0
2022-2023,CISSS de l'Abitibi-Témiscamingue,12,3,1.0
2022-2023,CISSS de l'Abitibi-Témiscamingue,12,4,0.0
2022-2023,CISSS de l'Abitibi-Témiscamingue,12,5,3.0
2022-2023,CISSS de l'Abitibi-Témiscamingue,12,6,2.0
2022-2023,CISSS de l'Abitibi-Témiscamingue,12,7,2.0
2022-2023,CISSS de l'Abitibi-Témiscamingue,12,8,0.0
2022-2023,CISSS de l'Abitibi-Témiscamingue,12,9,8.0
2022-2023,CISSS de l'Abitibi-Témiscamingue,13,1,68.0
2022-2023,CISSS de l'Abitibi-Témiscamingue,13,2,224.0
2022-2023,CISSS de l'Abitibi-Témiscamingue,13,3,96.0
2022-2023,CISSS de l'Abitibi-Témiscamingue,13,4,45.0
2022-2023,CISSS de l'Abitibi-Témiscamingue,13,5,201.0
2022-2023,CISSS de l'Abitibi-Témiscamingue,13,6,151.0
2022-2023,CISSS de l'Abitibi-Témiscamingue,13,7,33.0
2022-2023,CISSS de l'Abitibi-Témiscamingue,13,8,4.0
2022-2023,CISSS de l'Abitibi-Témiscamingue,13,9,822.0
2022-2023,CISSS de l'Outaouais,1,1,300.0
2022-2023,CISSS de l'Outaouais,1,2,305.0
2022-2023,CISSS de l'Outaouais,1,3,83.0
2022-2023,CISSS de l'Outaouais,1,4,43.0
2022-2023,CISSS de l'Outaouais,1,5,84.0
2022-2023,CISSS de l'Outaouais,1,6,7.0
2022-2023,CISSS de l'Outaouais,1,9,822.0
2022-2023,CISSS de l'Outaouais,2,4,5.0
2022-2023,CISSS de l'Outaouais,2,5,49.0
2022-2023,CISSS de l'Outaouais,2,6,13.0
2022-2023,CISSS de l'Outaouais,2,7,1.0
2022-2023,CISSS de l'Outaouais,2,9,68.0
2022-2023,CISSS de l'Outaouais,3,5,1.0
2022-2023,CISSS de l'Outaouais,3,6,1.0
2022-2023,CISSS de l'Outaouais,3,9,2.0
2022-2023,CISSS de l'Outaouais,4,5,4.0
2022-2023,CISSS de l'Outaouais,4,6,10.0
2022-2023,CISSS de l'Outaouais,4,9,14.0
2022-2023,CISSS de l'Outaouais,5,3,9.0
2022-2023,CISSS de l'Outaouais,5,4,8.0
2022-2023,CISSS de l'Outaouais,5,5,8.0
2022-2023,CISSS de l'Outaouais,5,6,1.0
2022-2023,CISSS de l'Outaouais,5,9,26.0
2022-2023,CISSS de l'Outaouais,6,4,1.0
2022-2023,CISSS de l'Outaouais,6,6,2.0
2022-2023,CISSS de l'Outaouais,6,9,3.0
2022-2023,CISSS de l'Outaouais,8,2,1.0
2022-2023,CISSS de l'Outaouais,8,3,1.0
2022-2023,CISSS de l'Outaouais,8,4,8.0
2022-2023,CISSS de l'Outaouais,8,5,40.0
2022-2023,CISSS de l'Outaouais,8,6,27.0
2022-2023,CISSS de l'Outaouais,8,7,2.0
2022-2023,CISSS de l'Outaouais,8,8,1.0
2022-2023,CISSS de l'Outaouais,8,9,80.0
2022-2023,CISSS de l'Outaouais,9,1,12.0
2022-2023,CISSS de l'Outaouais,9,2,11.0
2022-2023,CISSS de l'Outaouais,9,3,6.0
2022-2023,CISSS de l'Outaouais,9,4,2.0
2022-2023,CISSS de l'Outaouais,9,5,30.0
2022-2023,CISSS de l'Outaouais,9,6,20.0
2022-2023,CISSS de l'Outaouais,9,7,5.0
2022-2023,CISSS de l'Outaouais,9,9,86.0
2022-2023,CISSS de l'Outaouais,12,1,1.0
2022-2023,CISSS de l'Outaouais,12,2,1.0
2022-2023,CISSS de l'Outaouais,12,3,2.0
2022-2023,CISSS de l'Outaouais,12,4,2.0
2022-2023,CISSS de l'Outaouais,12,5,4.0
2022-2023,CISSS de l'Outaouais,12,6,4.0
2022-2023,CISSS de l'Outaouais,12,9,14.0
2022-2023,CISSS de l'Outaouais,13,1,313.0
2022-2023,CISSS de l'Outaouais,13,2,318.0
2022-2023,CISSS de l'Outaouais,13,3,101.0
2022-2023,CISSS de l'Outaouais,13,4,69.0
2022-2023,CISSS de l'Outaouais,13,5,220.0
2022-2023,CISSS de l'Outaouais,13,6,85.0
2022-2023,CISSS de l'Outaouais,13,7,8.0
2022-2023,CISSS de l'Outaouais,13,8,1.0
2022-2023,CISSS de l'Outaouais,13,9,1115.0
2022-2023,CISSS de l'Outaouais,16,1,23.0
2022-2023,CISSS de l'Outaouais,17,1,1467.0
2022-2023,CISSS de la Côte-Nord,1,1,31.0
2022-2023,CISSS de la Côte-Nord,1,2,107.0
2022-2023,CISSS de la Côte-Nord,1,3,54.0
2022-2023,CISSS de la Côte-Nord,1,4,6.0
2022-2023,CISSS de la Côte-Nord,1,5,19.0
2022-2023,CISSS de la Côte-Nord,1,6,6.0
2022-2023,CISSS de la Côte-Nord,1,7,0.0
2022-2023,CISSS de la Côte-Nord,1,8,0.0
2022-2023,CISSS de la Côte-Nord,1,9,223.0
2022-2023,CISSS de la Côte-Nord,2,1,4.0
2022-2023,CISSS de la Côte-Nord,2,2,9.0
2022-2023,CISSS de la Côte-Nord,2,3,5.0
2022-2023,CISSS de la Côte-Nord,2,5,6.0
2022-2023,CISSS de la Côte-Nord,2,6,6.0
2022-2023,CISSS de la Côte-Nord,2,7,1.0
2022-2023,CISSS de la Côte-Nord,2,8,0.0
2022-2023,CISSS de la Côte-Nord,2,9,31.0
2022-2023,CISSS de la Côte-Nord,3,5,2.0
2022-2023,CISSS de la Côte-Nord,3,9,2.0
2022-2023,CISSS de la Côte-Nord,5,3,1.0
2022-2023,CISSS de la Côte-Nord,5,4,1.0
2022-2023,CISSS de la Côte-Nord,5,5,9.0
2022-2023,CISSS de la Côte-Nord,5,6,2.0
2022-2023,CISSS de la Côte-Nord,5,9,13.0
2022-2023,CISSS de la Côte-Nord,7,5,1.0
2022-2023,CISSS de la Côte-Nord,7,7,1.0
2022-2023,CISSS de la Côte-Nord,7,9,2.0
2022-2023,CISSS de la Côte-Nord,8,4,3.0
2022-2023,CISSS de la Côte-Nord,8,5,23.0
2022-2023,CISSS de la Côte-Nord,8,6,43.0
2022-2023,CISSS de la Côte-Nord,8,7,10.0
2022-2023,CISSS de la Côte-Nord,8,8,2.0
2022-2023,CISSS de la Côte-Nord,8,9,81.0
2022-2023,CISSS de la Côte-Nord,9,1,1.0
2022-2023,CISSS de la Côte-Nord,9,2,5.0
2022-2023,CISSS de la Côte-Nord,9,3,4.0
2022-2023,CISSS de la Côte-Nord,9,4,1.0
2022-2023,CISSS de la Côte-Nord,9,5,10.0
2022-2023,CISSS de la Côte-Nord,9,6,27.0
2022-2023,CISSS de la Côte-Nord,9,7,9.0
2022-2023,CISSS de la Côte-Nord,9,8,0.0
2022-2023,CISSS de la Côte-Nord,9,9,57.0
2022-2023,CISSS de la Côte-Nord,12,2,1.0
2022-2023,CISSS de la Côte-Nord,12,4,1.0
2022-2023,CISSS de la Côte-Nord,12,5,2.0
2022-2023,CISSS de la Côte-Nord,12,6,1.0
2022-2023,CISSS de la Côte-Nord,12,7,0.0
2022-2023,CISSS de la Côte-Nord,12,9,5.0
2022-2023,CISSS de la Côte-Nord,13,1,36.0
2022-2023,CISSS de la Côte-Nord,13,2,122.0
2022-2023,CISSS de la Côte-Nord,13,3,64.0
2022-2023,CISSS de la Côte-Nord,13,4,12.0
2022-2023,CISSS de la Côte-Nord,13,5,72.0
2022-2023,CISSS de la Côte-Nord,13,6,85.0
2022-2023,CISSS de la Côte-Nord,13,7,21.0
2022-2023,CISSS de la Côte-Nord,13,8,2.0
2022-2023,CISSS de la Côte-Nord,13,9,414.0
2022-2023,CISSS de la Gaspésie,1,1,39.0
2022-2023,CISSS de la Gaspésie,1,2,92.0
2022-2023,CISSS de la Gaspésie,1,3,85.0
2022-2023,CISSS de la Gaspésie,1,4,18.0
2022-2023,CISSS de la Gaspésie,1,5,23.0
2022-2023,CISSS de la Gaspésie,1,6,1.0
2022-2023,CISSS de la Gaspésie,1,9,258.0
2022-2023,CISSS de la Gaspésie,2,2,3.0
2022-2023,CISSS de la Gaspésie,2,3,4.0
2022-2023,CISSS de la Gaspésie,2,4,3.0
2022-2023,CISSS de la Gaspésie,2,5,12.0
2022-2023,CISSS de la Gaspésie,2,6,1.0
2022-2023,CISSS de la Gaspésie,2,9,23.0
2022-2023,CISSS de la Gaspésie,5,2,1.0
2022-2023,CISSS de la Gaspésie,5,3,1.0
2022-2023,CISSS de la Gaspésie,5,4,2.0
2022-2023,CISSS de la Gaspésie,5,5,8.0
2022-2023,CISSS de la Gaspésie,5,6,10.0
2022-2023,CISSS de la Gaspésie,5,9,22.0
2022-2023,CISSS de la Gaspésie,9,1,1.0
2022-2023,CISSS de la Gaspésie,9,2,6.0
2022-2023,CISSS de la Gaspésie,9,3,4.0
2022-2023,CISSS de la Gaspésie,9,4,2.0
2022-2023,CISSS de la Gaspésie,9,5,4.0
2022-2023,CISSS de la Gaspésie,9,6,3.0
2022-2023,CISSS de la Gaspésie,9,7,2.0
2022-2023,CISSS de la Gaspésie,9,9,22.0
2022-2023,CISSS de la Gaspésie,12,3,2.0
2022-2023,CISSS de la Gaspésie,12,9,2.0
2022-2023,CISSS de la Gaspésie,13,1,40.0
2022-2023,CISSS de la Gaspésie,13,2,102.0
2022-2023,CISSS de la Gaspésie,13,3,96.0
2022-2023,CISSS de la Gaspésie,13,4,25.0
2022-2023,CISSS de la Gaspésie,13,5,47.0
2022-2023,CISSS de la Gaspésie,13,6,15.0
2022-2023,CISSS de la Gaspésie,13,7,2.0
2022-2023,CISSS de la Gaspésie,13,9,327.0
2022-2023,CISSS de la Gaspésie,16,1,1.0
2022-2023,CISSS de la Gaspésie,17,1,5.0
2022-2023,CISSS de la Montérégie-Ouest,1,1,904.0
2022-2023,CISSS de la Montérégie-Ouest,1,2,1297.0
2022-2023,CISSS de la Montérégie-Ouest,1,3,602.0
2022-2023,CISSS de la Montérégie-Ouest,1,4,186.0
2022-2023,CISSS de la Montérégie-Ouest,1,5,477.0
2022-2023,CISSS de la Montérégie-Ouest,1,6,74.0
2022-2023,CISSS de la Montérégie-Ouest,1,9,3540.0
2022-2023,CISSS de la Montérégie-Ouest,2,3,2.0
2022-2023,CISSS de la Montérégie-Ouest,2,4,15.0
2022-2023,CISSS de la Montérégie-Ouest,2,5,129.0
2022-2023,CISSS de la Montérégie-Ouest,2,6,49.0
2022-2023,CISSS de la Montérégie-Ouest,2,7,6.0
2022-2023,CISSS de la Montérégie-Ouest,2,9,201.0
2022-2023,CISSS de la Montérégie-Ouest,3,1,19.0
2022-2023,CISSS de la Montérégie-Ouest,3,2,25.0
2022-2023,CISSS de la Montérégie-Ouest,3,3,43.0
2022-2023,CISSS de la Montérégie-Ouest,3,4,6.0
2022-2023,CISSS de la Montérégie-Ouest,3,5,22.0
2022-2023,CISSS de la Montérégie-Ouest,3,6,26.0
2022-2023,CISSS de la Montérégie-Ouest,3,7,3.0
2022-2023,CISSS de la Montérégie-Ouest,3,8,1.0
2022-2023,CISSS de la Montérégie-Ouest,3,9,145.0
2022-2023,CISSS de la Montérégie-Ouest,4,2,1.0
2022-2023,CISSS de la Montérégie-Ouest,4,3,29.0
2022-2023,CISSS de la Montérégie-Ouest,4,4,1.0
2022-2023,CISSS de la Montérégie-Ouest,4,5,29.0
2022-2023,CISSS de la Montérégie-Ouest,4,6,30.0
2022-2023,CISSS de la Montérégie-Ouest,4,7,14.0
2022-2023,CISSS de la Montérégie-Ouest,4,8,3.0
2022-2023,CISSS de la Montérégie-Ouest,4,9,107.0
2022-2023,CISSS de la Montérégie-Ouest,5,2,7.0
2022-2023,CISSS de la Montérégie-Ouest,5,3,24.0
2022-2023,CISSS de la Montérégie-Ouest,5,4,17.0
2022-2023,CISSS de la Montérégie-Ouest,5,5,52.0
2022-2023,CISSS de la Montérégie-Ouest,5,6,16.0
2022-2023,CISSS de la Montérégie-Ouest,5,7,1.0
2022-2023,CISSS de la Montérégie-Ouest,5,9,117.0
2022-2023,CISSS de la Montérégie-Ouest,7,3,1.0
2022-2023,CISSS de la Montérégie-Ouest,7,4,3.0
2022-2023,CISSS de la Montérégie-Ouest,7,5,6.0
2022-2023,CISSS de la Montérégie-Ouest,7,6,4.0
2022-2023,CISSS de la Montérégie-Ouest,7,7,1.0
2022-2023,CISSS de la Montérégie-Ouest,7,9,15.0
2022-2023,CISSS de la Montérégie-Ouest,8,2,17.0
2022-2023,CISSS de la Montérégie-Ouest,8,3,30.0
2022-2023,CISSS de la Montérégie-Ouest,8,4,15.0
2022-2023,CISSS de la Montérégie-Ouest,8,5,137.0
2022-2023,CISSS de la Montérégie-Ouest,8,6,141.0
2022-2023,CISSS de la Montérégie-Ouest,8,7,30.0
2022-2023,CISSS de la Montérégie-Ouest,8,8,5.0
2022-2023,CISSS de la Montérégie-Ouest,8,9,375.0
2022-2023,CISSS de la Montérégie-Ouest,9,2,34.0
2022-2023,CISSS de la Montérégie-Ouest,9,3,36.0
2022-2023,CISSS de la Montérégie-Ouest,9,4,33.0
2022-2023,CISSS de la Montérégie-Ouest,9,5,248.0
2022-2023,CISSS de la Montérégie-Ouest,9,6,301.0
2022-2023,CISSS de la Montérégie-Ouest,9,7,81.0
2022-2023,CISSS de la Montérégie-Ouest,9,8,13.0
2022-2023,CISSS de la Montérégie-Ouest,9,9,746.0
2022-2023,CISSS de la Montérégie-Ouest,10,4,1.0
2022-2023,CISSS de la Montérégie-Ouest,10,5,19.0
2022-2023,CISSS de la Montérégie-Ouest,10,9,20.0
2022-2023,CISSS de la Montérégie-Ouest,12,3,1.0
2022-2023,CISSS de la Montérégie-Ouest,12,4,2.0
2022-2023,CISSS de la Montérégie-Ouest,12,5,8.0
2022-2023,CISSS de la Montérégie-Ouest,12,6,4.0
2022-2023,CISSS de la Montérégie-Ouest,12,7,3.0
2022-2023,CISSS de la Montérégie-Ouest,12,8,1.0
2022-2023,CISSS de la Montérégie-Ouest,12,9,19.0
2022-2023,CISSS de la Montérégie-Ouest,13,1,923.0
2022-2023,CISSS de la Montérégie-Ouest,13,2,1381.0
2022-2023,CISSS de la Montérégie-Ouest,13,3,768.0
2022-2023,CISSS de la Montérégie-Ouest,13,4,279.0
2022-2023,CISSS de la Montérégie-Ouest,13,5,1127.0
2022-2023,CISSS de la Montérégie-Ouest,13,6,645.0
2022-2023,CISSS de la Montérégie-Ouest,13,7,139.0
2022-2023,CISSS de la Montérégie-Ouest,13,8,23.0
2022-2023,CISSS de la Montérégie-Ouest,13,9,5285.0
2022-2023,CISSS des Laurentides,1,1,225.0
2022-2023,CISSS des Laurentides,1,2,183.0
2022-2023,CISSS des Laurentides,1,3,91.0
2022-2023,CISSS des Laurentides,1,4,52.0
2022-2023,CISSS des Laurentides,1,5,246.0
2022-2023,CISSS des Laurentides,1,6,38.0
2022-2023,CISSS des Laurentides,1,7,6.0
2022-2023,CISSS des Laurentides,1,8,1.0
2022-2023,CISSS des Laurentides,1,9,842.0
2022-2023,CISSS des Laurentides,2,1,0.0
2022-2023,CISSS des Laurentides,2,2,6.0
2022-2023,CISSS des Laurentides,2,3,1.0
2022-2023,CISSS des Laurentides,2,4,3.0
2022-2023,CISSS des Laurentides,2,5,47.0
2022-2023,CISSS des Laurentides,2,6,26.0
2022-2023,CISSS des Laurentides,2,7,2.0
2022-2023,CISSS des Laurentides,2,8,0.0
2022-2023,CISSS des Laurentides,2,9,85.0
2022-2023,CISSS des Laurentides,3,1,0.0
2022-2023,CISSS des Laurentides,3,2,0.0
2022-2023,CISSS des Laurentides,3,3,2.0
2022-2023,CISSS des Laurentides,3,4,3.0
2022-2023,CISSS des Laurentides,3,5,0.0
2022-2023,CISSS des Laurentides,3,6,0.0
2022-2023,CISSS des Laurentides,3,7,0.0
2022-2023,CISSS des Laurentides,3,8,0.0
2022-2023,CISSS des Laurentides,3,9,5.0
2022-2023,CISSS des Laurentides,4,1,0.0
2022-2023,CISSS des Laurentides,4,2,0.0
2022-2023,CISSS des Laurentides,4,3,0.0
2022-2023,CISSS des Laurentides,4,4,0.0
2022-2023,CISSS des Laurentides,4,5,0.0
2022-2023,CISSS des Laurentides,4,6,1.0
2022-2023,CISSS des Laurentides,4,7,0.0
2022-2023,CISSS des Laurentides,4,8,0.0
2022-2023,CISSS des Laurentides,4,9,1.0
2022-2023,CISSS des Laurentides,5,1,2.0
2022-2023,CISSS des Laurentides,5,2,5.0
2022-2023,CISSS des Laurentides,5,3,6.0
2022-2023,CISSS des Laurentides,5,4,0.0
2022-2023,CISSS des Laurentides,5,5,5.0
2022-2023,CISSS des Laurentides,5,6,6.0
2022-2023,CISSS des Laurentides,5,7,0.0
2022-2023,CISSS des Laurentides,5,8,0.0
2022-2023,CISSS des Laurentides,5,9,24.0
2022-2023,CISSS des Laurentides,6,1,0.0
2022-2023,CISSS des Laurentides,6,2,0.0
2022-2023,CISSS des Laurentides,6,3,0.0
2022-2023,CISSS des Laurentides,6,4,0.0
2022-2023,CISSS des Laurentides,6,5,10.0
2022-2023,CISSS des Laurentides,6,6,2.0
2022-2023,CISSS des Laurentides,6,7,0.0
2022-2023,CISSS des Laurentides,6,8,0.0
2022-2023,CISSS des Laurentides,6,9,12.0
2022-2023,CISSS des Laurentides,7,1,0.0
2022-2023,CISSS des Laurentides,7,2,0.0
2022-2023,CISSS des Laurentides,7,3,5.0
2022-2023,CISSS des Laurentides,7,4,0.0
2022-2023,CISSS des Laurentides,7,5,1.0
2022-2023,CISSS des Laurentides,7,6,2.0
2022-2023,CISSS des Laurentides,7,7,0.0
2022-2023,CISSS des Laurentides,7,8,1.0
2022-2023,CISSS des Laurentides,7,9,9.0
2022-2023,CISSS des Laurentides,8,1,0.0
2022-2023,CISSS des Laurentides,8,2,3.0
2022-2023,CISSS des Laurentides,8,3,7.0
2022-2023,CISSS des Laurentides,8,4,15.0
2022-2023,CISSS des Laurentides,8,5,126.0
2022-2023,CISSS des Laurentides,8,6,61.0
2022-2023,CISSS des Laurentides,8,7,5.0
2022-2023,CISSS des Laurentides,8,8,4.0
2022-2023,CISSS des Laurentides,8,9,221.0
2022-2023,CISSS des Laurentides,9,1,10.0
2022-2023,CISSS des Laurentides,9,2,9.0
2022-2023,CISSS des Laurentides,9,3,7.0
2022-2023,CISSS des Laurentides,9,4,11.0
2022-2023,CISSS des Laurentides,9,5,33.0
2022-2023,CISSS des Laurentides,9,6,43.0
2022-2023,CISSS des Laurentides,9,7,9.0
2022-2023,CISSS des Laurentides,9,8,0.0
2022-2023,CISSS des Laurentides,9,9,122.0
2022-2023,CISSS des Laurentides,10,1,0.0
2022-2023,CISSS des Laurentides,10,2,1.0
2022-2023,CISSS des Laurentides,10,3,4.0
2022-2023,CISSS des Laurentides,10,4,3.0
2022-2023,CISSS des Laurentides,10,5,2.0
2022-2023,CISSS des Laurentides,10,6,6.0
2022-2023,CISSS des Laurentides,10,7,5.0
2022-2023,CISSS des Laurentides,10,8,0.0
2022-2023,CISSS des Laurentides,10,9,21.0
2022-2023,CISSS des Laurentides,11,1,0.0
2022-2023,CISSS des Laurentides,11,2,0.0
2022-2023,CISSS des Laurentides,11,3,0.0
2022-2023,CISSS des Laurentides,11,4,0.0
2022-2023,CISSS des Laurentides,11,5,0.0
2022-2023,CISSS des Laurentides,11,6,0.0
2022-2023,CISSS des Laurentides,11,7,0.0
2022-2023,CISSS des Laurentides,11,8,0.0
2022-2023,CISSS des Laurentides,11,9,0.0
2022-2023,CISSS des Laurentides,12,1,1.0
2022-2023,CISSS des Laurentides,12,2,1.0
2022-2023,CISSS des Laurentides,12,3,1.0
2022-2023,CISSS des Laurentides,12,4,1.0
2022-2023,CISSS des Laurentides,12,5,11.0
2022-2023,CISSS des Laurentides,12,6,6.0
2022-2023,CISSS des Laurentides,12,7,1.0
2022-2023,CISSS des Laurentides,12,8,0.0
2022-2023,CISSS des Laurentides,12,9,22.0
2022-2023,CISSS des Laurentides,13,1,238.0
2022-2023,CISSS des Laurentides,13,2,208.0
2022-2023,CISSS des Laurentides,13,3,124.0
2022-2023,CISSS des Laurentides,13,4,88.0
2022-2023,CISSS des Laurentides,13,5,481.0
2022-2023,CISSS des Laurentides,13,6,191.0
2022-2023,CISSS des Laurentides,13,7,28.0
2022-2023,CISSS des Laurentides,13,8,6.0
2022-2023,CISSS des Laurentides,13,9,1364.0
2022-2023,CISSS des Laurentides,14,1,0.0
2022-2023,CISSS des Laurentides,15,1,0.0
2022-2023,CISSS des Laurentides,16,1,0.0
2022-2023,CISSS des Laurentides,17,1,0.0
2022-2023,CISSS des Îles,1,1,5.0
2022-2023,CISSS des Îles,1,2,12.0
2022-2023,CISSS des Îles,1,3,5.0
2022-2023,CISSS des Îles,1,4,8.0
2022-2023,CISSS des Îles,1,5,13.0
2022-2023,CISSS des Îles,1,6,5.0
2022-2023,CISSS des Îles,1,7,0.0
2022-2023,CISSS des Îles,1,8,0.0
2022-2023,CISSS des Îles,1,9,48.0
2022-2023,CISSS des Îles,2,1,0.0
2022-2023,CISSS des Îles,2,2,0.0
2022-2023,CISSS des Îles,2,3,0.0
2022-2023,CISSS des Îles,2,4,0.0
2022-2023,CISSS des Îles,2,5,0.0
2022-2023,CISSS des Îles,2,6,5.0
2022-2023,CISSS des Îles,2,7,0.0
2022-2023,CISSS des Îles,2,8,0.0
2022-2023,CISSS des Îles,2,9,5.0
2022-2023,CISSS des Îles,3,1,0.0
2022-2023,CISSS des Îles,3,2,0.0
2022-2023,CISSS des Îles,3,3,0.0
2022-2023,CISSS des Îles,3,4,0.0
2022-2023,CISSS des Îles,3,5,0.0
2022-2023,CISSS des Îles,3,6,0.0
2022-2023,CISSS des Îles,3,7,0.0
2022-2023,CISSS des Îles,3,8,0.0
2022-2023,CISSS des Îles,3,9,0.0
2022-2023,CISSS des Îles,4,1,0.0
2022-2023,CISSS des Îles,4,2,0.0
2022-2023,CISSS des Îles,4,3,0.0
2022-2023,CISSS des Îles,4,4,3.0
2022-2023,CISSS des Îles,4,5,1.0
2022-2023,CISSS des Îles,4,6,1.0
2022-2023,CISSS des Îles,4,7,0.0
2022-2023,CISSS des Îles,4,8,0.0
2022-2023,CISSS des Îles,4,9,5.0
2022-2023,CISSS des Îles,5,1,0.0
2022-2023,CISSS des Îles,5,2,0.0
2022-2023,CISSS des Îles,5,3,0.0
2022-2023,CISSS des Îles,5,4,0.0
2022-2023,CISSS des Îles,5,5,0.0
2022-2023,CISSS des Îles,5,6,0.0
2022-2023,CISSS des Îles,5,7,0.0
2022-2023,CISSS des Îles,5,8,0.0
2022-2023,CISSS des Îles,5,9,0.0
2022-2023,CISSS des Îles,6,1,0.0
2022-2023,CISSS des Îles,6,2,0.0
2022-2023,CISSS des Îles,6,3,0.0
2022-2023,CISSS des Îles,6,4,0.0
2022-2023,CISSS des Îles,6,5,0.0
2022-2023,CISSS des Îles,6,6,0.0
2022-2023,CISSS des Îles,6,7,0.0
2022-2023,CISSS des Îles,6,8,0.0
2022-2023,CISSS des Îles,6,9,0.0
2022-2023,CISSS des Îles,7,1,0.0
2022-2023,CISSS des Îles,7,2,0.0
2022-2023,CISSS des Îles,7,3,0.0
2022-2023,CISSS des Îles,7,4,0.0
2022-2023,CISSS des Îles,7,5,1.0
2022-2023,CISSS des Îles,7,6,1.0
2022-2023,CISSS des Îles,7,7,0.0
2022-2023,CISSS des Îles,7,8,0.0
2022-2023,CISSS des Îles,7,9,2.0
2022-2023,CISSS des Îles,8,1,0.0
2022-2023,CISSS des Îles,8,2,1.0
2022-2023,CISSS des Îles,8,3,0.0
2022-2023,CISSS des Îles,8,4,0.0
2022-2023,CISSS des Îles,8,5,2.0
2022-2023,CISSS des Îles,8,6,5.0
2022-2023,CISSS des Îles,8,7,2.0
2022-2023,CISSS des Îles,8,8,0.0
2022-2023,CISSS des Îles,8,9,10.0
2022-2023,CISSS des Îles,9,1,0.0
2022-2023,CISSS des Îles,9,2,0.0
2022-2023,CISSS des Îles,9,3,0.0
2022-2023,CISSS des Îles,9,4,0.0
2022-2023,CISSS des Îles,9,5,0.0
2022-2023,CISSS des Îles,9,6,0.0
2022-2023,CISSS des Îles,9,7,0.0
2022-2023,CISSS des Îles,9,8,0.0
2022-2023,CISSS des Îles,9,9,0.0
2022-2023,CISSS des Îles,10,9,0.0
2022-2023,CISSS des Îles,11,9,0.0
2022-2023,CISSS des Îles,12,9,0.0
2022-2023,CISSS des Îles,13,1,5.0
2022-2023,CISSS des Îles,13,2,13.0
2022-2023,CISSS des Îles,13,3,5.0
2022-2023,CISSS des Îles,13,4,11.0
2022-2023,CISSS des Îles,13,5,17.0
2022-2023,CISSS des Îles,13,6,17.0
2022-2023,CISSS des Îles,13,7,2.0
2022-2023,CISSS des Îles,13,8,0.0
2022-2023,CISSS des Îles,13,9,70.0
2022-2023,CISSS des Îles,14,1,0.0
2022-2023,CISSS des Îles,15,1,0.0
2022-2023,CISSS des Îles,16,1,0.0
2022-2023,CISSS des Îles,17,1,0.0
2022-2023,CISSS du Bas-Saint-Laurent,1,1,117.0
2022-2023,CISSS du Bas-Saint-Laurent,1,2,245.0
2022-2023,CISSS du Bas-Saint-Laurent,1,3,241.0
2022-2023,CISSS du Bas-Saint-Laurent,1,4,41.0
2022-2023,CISSS du Bas-Saint-Laurent,1,5,49.0
2022-2023,CISSS du Bas-Saint-Laurent,1,6,8.0
2022-2023,CISSS du Bas-Saint-Laurent,1,9,701.0
2022-2023,CISSS du Bas-Saint-Laurent,2,2,1.0
2022-2023,CISSS du Bas-Saint-Laurent,2,3,9.0
2022-2023,CISSS du Bas-Saint-Laurent,2,4,7.0
2022-2023,CISSS du Bas-Saint-Laurent,2,5,34.0
2022-2023,CISSS du Bas-Saint-Laurent,2,6,21.0
2022-2023,CISSS du Bas-Saint-Laurent,2,7,2.0
2022-2023,CISSS du Bas-Saint-Laurent,2,9,74.0
2022-2023,CISSS du Bas-Saint-Laurent,4,5,2.0
2022-2023,CISSS du Bas-Saint-Laurent,4,6,2.0
2022-2023,CISSS du Bas-Saint-Laurent,4,7,1.0
2022-2023,CISSS du Bas-Saint-Laurent,4,9,5.0
2022-2023,CISSS du Bas-Saint-Laurent,5,2,1.0
2022-2023,CISSS du Bas-Saint-Laurent,5,3,3.0
2022-2023,CISSS du Bas-Saint-Laurent,5,4,5.0
2022-2023,CISSS du Bas-Saint-Laurent,5,5,15.0
2022-2023,CISSS du Bas-Saint-Laurent,5,6,4.0
2022-2023,CISSS du Bas-Saint-Laurent,5,9,28.0
2022-2023,CISSS du Bas-Saint-Laurent,7,4,1.0
2022-2023,CISSS du Bas-Saint-Laurent,7,5,1.0
2022-2023,CISSS du Bas-Saint-Laurent,7,8,1.0
2022-2023,CISSS du Bas-Saint-Laurent,7,9,3.0
2022-2023,CISSS du Bas-Saint-Laurent,8,4,4.0
2022-2023,CISSS du Bas-Saint-Laurent,8,5,26.0
2022-2023,CISSS du Bas-Saint-Laurent,8,6,12.0
2022-2023,CISSS du Bas-Saint-Laurent,8,7,1.0
2022-2023,CISSS du Bas-Saint-Laurent,8,9,43.0
2022-2023,CISSS du Bas-Saint-Laurent,9,2,10.0
2022-2023,CISSS du Bas-Saint-Laurent,9,3,15.0
2022-2023,CISSS du Bas-Saint-Laurent,9,4,10.0
2022-2023,CISSS du Bas-Saint-Laurent,9,5,22.0
2022-2023,CISSS du Bas-Saint-Laurent,9,6,31.0
2022-2023,CISSS du Bas-Saint-Laurent,9,7,4.0
2022-2023,CISSS du Bas-Saint-Laurent,9,9,92.0
2022-2023,CISSS du Bas-Saint-Laurent,10,9,0.0
2022-2023,CISSS du Bas-Saint-Laurent,11,3,5.0
2022-2023,CISSS du Bas-Saint-Laurent,11,9,5.0
2022-2023,CISSS du Bas-Saint-Laurent,12,5,1.0
2022-2023,CISSS du Bas-Saint-Laurent,12,9,1.0
2022-2023,CISSS du Bas-Saint-Laurent,13,1,117.0
2022-2023,CISSS du Bas-Saint-Laurent,13,2,257.0
2022-2023,CISSS du Bas-Saint-Laurent,13,3,273.0
2022-2023,CISSS du Bas-Saint-Laurent,13,4,68.0
2022-2023,CISSS du Bas-Saint-Laurent,13,5,150.0
2022-2023,CISSS du Bas-Saint-Laurent,13,6,78.0
2022-2023,CISSS du Bas-Saint-Laurent,13,7,8.0
2022-2023,CISSS du Bas-Saint-Laurent,13,8,1.0
2022-2023,CISSS du Bas-Saint-Laurent,13,9,952.0
2022-2023,CISSS du Bas-Saint-Laurent,14,1,407.0
2022-2023,CISSS du Bas-Saint-Laurent,15,1,1196.0
2022-2023,CISSS du Bas-Saint-Laurent,16,1,4.0
2022-2023,CISSS du Bas-Saint-Laurent,17,1,13.0
2022-2023,CIUSSS de l'Estrie  CHUS,1,1,20.0
2022-2023,CIUSSS de l'Estrie  CHUS,1,2,79.0
2022-2023,CIUSSS de l'Estrie  CHUS,1,3,50.0
2022-2023,CIUSSS de l'Estrie  CHUS,1,4,26.0
2022-2023,CIUSSS de l'Estrie  CHUS,1,5,171.0
2022-2023,CIUSSS de l'Estrie  CHUS,1,6,48.0
2022-2023,CIUSSS de l'Estrie  CHUS,1,7,3.0
2022-2023,CIUSSS de l'Estrie  CHUS,1,8,0.0
2022-2023,CIUSSS de l'Estrie  CHUS,1,9,397.0
2022-2023,CIUSSS de l'Estrie  CHUS,2,1,1.0
2022-2023,CIUSSS de l'Estrie  CHUS,2,2,2.0
2022-2023,CIUSSS de l'Estrie  CHUS,2,3,2.0
2022-2023,CIUSSS de l'Estrie  CHUS,2,4,3.0
2022-2023,CIUSSS de l'Estrie  CHUS,2,5,35.0
2022-2023,CIUSSS de l'Estrie  CHUS,2,6,22.0
2022-2023,CIUSSS de l'Estrie  CHUS,2,7,1.0
2022-2023,CIUSSS de l'Estrie  CHUS,2,9,66.0
2022-2023,CIUSSS de l'Estrie  CHUS,3,1,2.0
2022-2023,CIUSSS de l'Estrie  CHUS,3,2,4.0
2022-2023,CIUSSS de l'Estrie  CHUS,3,3,11.0
2022-2023,CIUSSS de l'Estrie  CHUS,3,4,5.0
2022-2023,CIUSSS de l'Estrie  CHUS,3,5,56.0
2022-2023,CIUSSS de l'Estrie  CHUS,3,6,89.0
2022-2023,CIUSSS de l'Estrie  CHUS,3,7,16.0
2022-2023,CIUSSS de l'Estrie  CHUS,3,8,0.0
2022-2023,CIUSSS de l'Estrie  CHUS,3,9,183.0
2022-2023,CIUSSS de l'Estrie  CHUS,4,1,0.0
2022-2023,CIUSSS de l'Estrie  CHUS,4,9,0.0
2022-2023,CIUSSS de l'Estrie  CHUS,5,1,0.0
2022-2023,CIUSSS de l'Estrie  CHUS,5,2,0.0
2022-2023,CIUSSS de l'Estrie  CHUS,5,3,6.0
2022-2023,CIUSSS de l'Estrie  CHUS,5,4,4.0
2022-2023,CIUSSS de l'Estrie  CHUS,5,5,13.0
2022-2023,CIUSSS de l'Estrie  CHUS,5,6,3.0
2022-2023,CIUSSS de l'Estrie  CHUS,5,7,1.0
2022-2023,CIUSSS de l'Estrie  CHUS,5,8,0.0
2022-2023,CIUSSS de l'Estrie  CHUS,5,9,27.0
2022-2023,CIUSSS de l'Estrie  CHUS,6,1,0.0
2022-2023,CIUSSS de l'Estrie  CHUS,6,2,0.0
2022-2023,CIUSSS de l'Estrie  CHUS,6,3,0.0
2022-2023,CIUSSS de l'Estrie  CHUS,6,4,0.0
2022-2023,CIUSSS de l'Estrie  CHUS,6,5,0.0
2022-2023,CIUSSS de l'Estrie  CHUS,6,6,3.0
2022-2023,CIUSSS de l'Estrie  CHUS,6,7,0.0
2022-2023,CIUSSS de l'Estrie  CHUS,6,8,0.0
2022-2023,CIUSSS de l'Estrie  CHUS,6,9,3.0
2022-2023,CIUSSS de l'Estrie  CHUS,7,1,0.0
2022-2023,CIUSSS de l'Estrie  CHUS,7,2,1.0
2022-2023,CIUSSS de l'Estrie  CHUS,7,3,2.0
2022-2023,CIUSSS de l'Estrie  CHUS,7,4,0.0
2022-2023,CIUSSS de l'Estrie  CHUS,7,5,0.0
2022-2023,CIUSSS de l'Estrie  CHUS,7,6,0.0
2022-2023,CIUSSS de l'Estrie  CHUS,7,7,0.0
2022-2023,CIUSSS de l'Estrie  CHUS,7,8,0.0
2022-2023,CIUSSS de l'Estrie  CHUS,7,9,3.0
2022-2023,CIUSSS de l'Estrie  CHUS,8,1,0.0
2022-2023,CIUSSS de l'Estrie  CHUS,8,2,0.0
2022-2023,CIUSSS de l'Estrie  CHUS,8,3,1.0
2022-2023,CIUSSS de l'Estrie  CHUS,8,4,0.0
2022-2023,CIUSSS de l'Estrie  CHUS,8,5,6.0
2022-2023,CIUSSS de l'Estrie  CHUS,8,6,4.0
2022-2023,CIUSSS de l'Estrie  CHUS,8,7,0.0
2022-2023,CIUSSS de l'Estrie  CHUS,8,8,1.0
2022-2023,CIUSSS de l'Estrie  CHUS,8,9,12.0
2022-2023,CIUSSS de l'Estrie  CHUS,9,1,0.0
2022-2023,CIUSSS de l'Estrie  CHUS,9,2,4.0
2022-2023,CIUSSS de l'Estrie  CHUS,9,3,10.0
2022-2023,CIUSSS de l'Estrie  CHUS,9,4,6.0
2022-2023,CIUSSS de l'Estrie  CHUS,9,5,49.0
2022-2023,CIUSSS de l'Estrie  CHUS,9,6,16.0
2022-2023,CIUSSS de l'Estrie  CHUS,9,7,5.0
2022-2023,CIUSSS de l'Estrie  CHUS,9,9,90.0
2022-2023,CIUSSS de l'Estrie  CHUS,12,1,0.0
2022-2023,CIUSSS de l'Estrie  CHUS,12,2,4.0
2022-2023,CIUSSS de l'Estrie  CHUS,12,3,3.0
2022-2023,CIUSSS de l'Estrie  CHUS,12,4,2.0
2022-2023,CIUSSS de l'Estrie  CHUS,12,5,15.0
2022-2023,CIUSSS de l'Estrie  CHUS,12,6,15.0
2022-2023,CIUSSS de l'Estrie  CHUS,12,7,3.0
2022-2023,CIUSSS de l'Estrie  CHUS,12,9,42.0
2022-2023,CIUSSS de l'Estrie  CHUS,13,1,23.0
2022-2023,CIUSSS de l'Estrie  CHUS,13,2,94.0
2022-2023,CIUSSS de l'Estrie  CHUS,13,3,85.0
2022-2023,CIUSSS de l'Estrie  CHUS,13,4,46.0
2022-2023,CIUSSS de l'Estrie  CHUS,13,5,345.0
2022-2023,CIUSSS de l'Estrie  CHUS,13,6,200.0
2022-2023,CIUSSS de l'Estrie  CHUS,13,7,29.0
2022-2023,CIUSSS de l'Estrie  CHUS,13,8,1.0
2022-2023,CIUSSS de l'Estrie  CHUS,13,9,823.0
2022-2023,CIUSSS de l'Estrie  CHUS,16,1,9.0
2022-2023,CIUSSS de l'Estrie  CHUS,17,1,52.0
2022-2023,CIUSSS de l'Ouest-de-l'Île-de-Montréal,1,1,98.0
2022-2023,CIUSSS de l'Ouest-de-l'Île-de-Montréal,1,2,249.0
2022-2023,CIUSSS de l'Ouest-de-l'Île-de-Montréal,1,3,171.0
2022-2023,CIUSSS de l'Ouest-de-l'Île-de-Montréal,1,4,81.0
2022-2023,CIUSSS de l'Ouest-de-l'Île-de-Montréal,1,5,369.0
2022-2023,CIUSSS de l'Ouest-de-l'Île-de-Montréal,1,6,68.0
2022-2023,CIUSSS de l'Ouest-de-l'Île-de-Montréal,1,7,2.0
2022-2023,CIUSSS de l'Ouest-de-l'Île-de-Montréal,1,8,1.0
2022-2023,CIUSSS de l'Ouest-de-l'Île-de-Montréal,1,9,1039.0
2022-2023,CIUSSS de l'Ouest-de-l'Île-de-Montréal,2,1,0.0
2022-2023,CIUSSS de l'Ouest-de-l'Île-de-Montréal,2,2,0.0
2022-2023,CIUSSS de l'Ouest-de-l'Île-de-Montréal,2,3,0.0
2022-2023,CIUSSS de l'Ouest-de-l'Île-de-Montréal,2,4,1.0
2022-2023,CIUSSS de l'Ouest-de-l'Île-de-Montréal,2,5,32.0
2022-2023,CIUSSS de l'Ouest-de-l'Île-de-Montréal,2,6,41.0
2022-2023,CIUSSS de l'Ouest-de-l'Île-de-Montréal,2,7,9.0
2022-2023,CIUSSS de l'Ouest-de-l'Île-de-Montréal,2,8,0.0
2022-2023,CIUSSS de l'Ouest-de-l'Île-de-Montréal,2,9,83.0
2022-2023,CIUSSS de l'Ouest-de-l'Île-de-Montréal,3,1,0.0
2022-2023,CIUSSS de l'Ouest-de-l'Île-de-Montréal,3,2,0.0
2022-2023,CIUSSS de l'Ouest-de-l'Île-de-Montréal,3,3,0.0
2022-2023,CIUSSS de l'Ouest-de-l'Île-de-Montréal,3,4,0.0
2022-2023,CIUSSS de l'Ouest-de-l'Île-de-Montréal,3,5,0.0
2022-2023,CIUSSS de l'Ouest-de-l'Île-de-Montréal,3,6,1.0
2022-2023,CIUSSS de l'Ouest-de-l'Île-de-Montréal,3,7,0.0
2022-2023,CIUSSS de l'Ouest-de-l'Île-de-Montréal,3,8,0.0
2022-2023,CIUSSS de l'Ouest-de-l'Île-de-Montréal,3,9,1.0
2022-2023,CIUSSS de l'Ouest-de-l'Île-de-Montréal,5,1,0.0
2022-2023,CIUSSS de l'Ouest-de-l'Île-de-Montréal,5,2,0.0
2022-2023,CIUSSS de l'Ouest-de-l'Île-de-Montréal,5,3,1.0
2022-2023,CIUSSS de l'Ouest-de-l'Île-de-Montréal,5,4,2.0
2022-2023,CIUSSS de l'Ouest-de-l'Île-de-Montréal,5,5,4.0
2022-2023,CIUSSS de l'Ouest-de-l'Île-de-Montréal,5,6,5.0
2022-2023,CIUSSS de l'Ouest-de-l'Île-de-Montréal,5,7,1.0
2022-2023,CIUSSS de l'Ouest-de-l'Île-de-Montréal,5,8,0.0
2022-2023,CIUSSS de l'Ouest-de-l'Île-de-Montréal,5,9,13.0
2022-2023,CIUSSS de l'Ouest-de-l'Île-de-Montréal,6,9,0.0
2022-2023,CIUSSS de l'Ouest-de-l'Île-de-Montréal,7,1,0.0
2022-2023,CIUSSS de l'Ouest-de-l'Île-de-Montréal,7,2,0.0
2022-2023,CIUSSS de l'Ouest-de-l'Île-de-Montréal,7,3,0.0
2022-2023,CIUSSS de l'Ouest-de-l'Île-de-Montréal,7,4,0.0
2022-2023,CIUSSS de l'Ouest-de-l'Île-de-Montréal,7,5,1.0
2022-2023,CIUSSS de l'Ouest-de-l'Île-de-Montréal,7,6,0.0
2022-2023,CIUSSS de l'Ouest-de-l'Île-de-Montréal,7,7,0.0
2022-2023,CIUSSS de l'Ouest-de-l'Île-de-Montréal,7,8,0.0
2022-2023,CIUSSS de l'Ouest-de-l'Île-de-Montréal,7,9,1.0
2022-2023,CIUSSS de l'Ouest-de-l'Île-de-Montréal,8,1,0.0
2022-2023,CIUSSS de l'Ouest-de-l'Île-de-Montréal,8,2,6.0
2022-2023,CIUSSS de l'Ouest-de-l'Île-de-Montréal,8,3,18.0
2022-2023,CIUSSS de l'Ouest-de-l'Île-de-Montréal,8,4,14.0
2022-2023,CIUSSS de l'Ouest-de-l'Île-de-Montréal,8,5,88.0
2022-2023,CIUSSS de l'Ouest-de-l'Île-de-Montréal,8,6,54.0
2022-2023,CIUSSS de l'Ouest-de-l'Île-de-Montréal,8,7,8.0
2022-2023,CIUSSS de l'Ouest-de-l'Île-de-Montréal,8,8,0.0
2022-2023,CIUSSS de l'Ouest-de-l'Île-de-Montréal,8,9,188.0
2022-2023,CIUSSS de l'Ouest-de-l'Île-de-Montréal,9,1,1.0
2022-2023,CIUSSS de l'Ouest-de-l'Île-de-Montréal,9,2,6.0
2022-2023,CIUSSS de l'Ouest-de-l'Île-de-Montréal,9,3,8.0
2022-2023,CIUSSS de l'Ouest-de-l'Île-de-Montréal,9,4,17.0
2022-2023,CIUSSS de l'Ouest-de-l'Île-de-Montréal,9,5,126.0
2022-2023,CIUSSS de l'Ouest-de-l'Île-de-Montréal,9,6,170.0
2022-2023,CIUSSS de l'Ouest-de-l'Île-de-Montréal,9,7,36.0
2022-2023,CIUSSS de l'Ouest-de-l'Île-de-Montréal,9,8,16.0
2022-2023,CIUSSS de l'Ouest-de-l'Île-de-Montréal,9,9,380.0
2022-2023,CIUSSS de l'Ouest-de-l'Île-de-Montréal,11,1,0.0
2022-2023,CIUSSS de l'Ouest-de-l'Île-de-Montréal,11,2,0.0
2022-2023,CIUSSS de l'Ouest-de-l'Île-de-Montréal,11,3,3.0
2022-2023,CIUSSS de l'Ouest-de-l'Île-de-Montréal,11,4,0.0
2022-2023,CIUSSS de l'Ouest-de-l'Île-de-Montréal,11,5,0.0
2022-2023,CIUSSS de l'Ouest-de-l'Île-de-Montréal,11,6,0.0
2022-2023,CIUSSS de l'Ouest-de-l'Île-de-Montréal,11,7,0.0
2022-2023,CIUSSS de l'Ouest-de-l'Île-de-Montréal,11,8,0.0
2022-2023,CIUSSS de l'Ouest-de-l'Île-de-Montréal,11,9,3.0
2022-2023,CIUSSS de l'Ouest-de-l'Île-de-Montréal,12,1,0.0
2022-2023,CIUSSS de l'Ouest-de-l'Île-de-Montréal,12,2,0.0
2022-2023,CIUSSS de l'Ouest-de-l'Île-de-Montréal,12,3,1.0
2022-2023,CIUSSS de l'Ouest-de-l'Île-de-Montréal,12,4,0.0
2022-2023,CIUSSS de l'Ouest-de-l'Île-de-Montréal,12,5,4.0
2022-2023,CIUSSS de l'Ouest-de-l'Île-de-Montréal,12,6,5.0
2022-2023,CIUSSS de l'Ouest-de-l'Île-de-Montréal,12,7,3.0
2022-2023,CIUSSS de l'Ouest-de-l'Île-de-Montréal,12,8,0.0
2022-2023,CIUSSS de l'Ouest-de-l'Île-de-Montréal,12,9,13.0
2022-2023,CIUSSS de l'Ouest-de-l'Île-de-Montréal,13,1,99.0
2022-2023,CIUSSS de l'Ouest-de-l'Île-de-Montréal,13,2,261.0
2022-2023,CIUSSS de l'Ouest-de-l'Île-de-Montréal,13,3,202.0
2022-2023,CIUSSS de l'Ouest-de-l'Île-de-Montréal,13,4,115.0
2022-2023,CIUSSS de l'Ouest-de-l'Île-de-Montréal,13,5,624.0
2022-2023,CIUSSS de l'Ouest-de-l'Île-de-Montréal,13,6,344.0
2022-2023,CIUSSS de l'Ouest-de-l'Île-de-Montréal,13,7,59.0
2022-2023,CIUSSS de l'Ouest-de-l'Île-de-Montréal,13,8,17.0
2022-2023,CIUSSS de l'Ouest-de-l'Île-de-Montréal,13,9,1721.0
2022-2023,CIUSSS de la Capitale-Nationale,1,1,248.0
2022-2023,CIUSSS de la Capitale-Nationale,1,2,41.0
2022-2023,CIUSSS de la Capitale-Nationale,1,3,18.0
2022-2023,CIUSSS de la Capitale-Nationale,1,4,26.0
2022-2023,CIUSSS de la Capitale-Nationale,1,5,293.0
2022-2023,CIUSSS de la Capitale-Nationale,1,6,50.0
2022-2023,CIUSSS de la Capitale-Nationale,1,7,2.0
2022-2023,CIUSSS de la Capitale-Nationale,1,9,678.0
2022-2023,CIUSSS de la Capitale-Nationale,2,2,1.0
2022-2023,CIUSSS de la Capitale-Nationale,2,3,1.0
2022-2023,CIUSSS de la Capitale-Nationale,2,4,1.0
2022-2023,CIUSSS de la Capitale-Nationale,2,5,28.0
2022-2023,CIUSSS de la Capitale-Nationale,2,6,19.0
2022-2023,CIUSSS de la Capitale-Nationale,2,7,3.0
2022-2023,CIUSSS de la Capitale-Nationale,2,8,1.0
2022-2023,CIUSSS de la Capitale-Nationale,2,9,54.0
2022-2023,CIUSSS de la Capitale-Nationale,3,5,1.0
2022-2023,CIUSSS de la Capitale-Nationale,3,6,1.0
2022-2023,CIUSSS de la Capitale-Nationale,3,9,2.0
2022-2023,CIUSSS de la Capitale-Nationale,5,2,8.0
2022-2023,CIUSSS de la Capitale-Nationale,5,3,21.0
2022-2023,CIUSSS de la Capitale-Nationale,5,4,8.0
2022-2023,CIUSSS de la Capitale-Nationale,5,5,79.0
2022-2023,CIUSSS de la Capitale-Nationale,5,6,43.0
2022-2023,CIUSSS de la Capitale-Nationale,5,7,9.0
2022-2023,CIUSSS de la Capitale-Nationale,5,8,5.0
2022-2023,CIUSSS de la Capitale-Nationale,5,9,173.0
2022-2023,CIUSSS de la Capitale-Nationale,7,5,3.0
2022-2023,CIUSSS de la Capitale-Nationale,7,6,7.0
2022-2023,CIUSSS de la Capitale-Nationale,7,9,10.0
2022-2023,CIUSSS de la Capitale-Nationale,8,4,2.0
2022-2023,CIUSSS de la Capitale-Nationale,8,5,108.0
2022-2023,CIUSSS de la Capitale-Nationale,8,6,126.0
2022-2023,CIUSSS de la Capitale-Nationale,8,7,21.0
2022-2023,CIUSSS de la Capitale-Nationale,8,8,10.0
2022-2023,CIUSSS de la Capitale-Nationale,8,9,267.0
2022-2023,CIUSSS de la Capitale-Nationale,9,4,2.0
2022-2023,CIUSSS de la Capitale-Nationale,9,5,60.0
2022-2023,CIUSSS de la Capitale-Nationale,9,6,65.0
2022-2023,CIUSSS de la Capitale-Nationale,9,7,12.0
2022-2023,CIUSSS de la Capitale-Nationale,9,8,2.0
2022-2023,CIUSSS de la Capitale-Nationale,9,9,141.0
2022-2023,CIUSSS de la Capitale-Nationale,11,5,1.0
2022-2023,CIUSSS de la Capitale-Nationale,11,9,1.0
2022-2023,CIUSSS de la Capitale-Nationale,12,1,5.0
2022-2023,CIUSSS de la Capitale-Nationale,12,3,1.0
2022-2023,CIUSSS de la Capitale-Nationale,12,5,6.0
2022-2023,CIUSSS de la Capitale-Nationale,12,6,3.0
2022-2023,CIUSSS de la Capitale-Nationale,12,7,3.0
2022-2023,CIUSSS de la Capitale-Nationale,12,8,1.0
2022-2023,CIUSSS de la Capitale-Nationale,12,9,19.0
2022-2023,CIUSSS de la Capitale-Nationale,13,1,253.0
2022-2023,CIUSSS de la Capitale-Nationale,13,2,50.0
2022-2023,CIUSSS de la Capitale-Nationale,13,3,41.0
2022-2023,CIUSSS de la Capitale-Nationale,13,4,39.0
2022-2023,CIUSSS de la Capitale-Nationale,13,5,579.0
2022-2023,CIUSSS de la Capitale-Nationale,13,6,314.0
2022-2023,CIUSSS de la Capitale-Nationale,13,7,50.0
2022-2023,CIUSSS de la Capitale-Nationale,13,8,19.0
2022-2023,CIUSSS de la Capitale-Nationale,13,9,1345.0
2022-2023,CIUSSS de la Mauricie-et-du-Centre-du-Québec,1,1,228.0
2022-2023,CIUSSS de la Mauricie-et-du-Centre-du-Québec,1,2,550.0
2022-2023,CIUSSS de la Mauricie-et-du-Centre-du-Québec,1,3,260.0
2022-2023,CIUSSS de la Mauricie-et-du-Centre-du-Québec,1,4,107.0
2022-2023,CIUSSS de la Mauricie-et-du-Centre-du-Québec,1,5,387.0
2022-2023,CIUSSS de la Mauricie-et-du-Centre-du-Québec,1,6,56.0
2022-2023,CIUSSS de la Mauricie-et-du-Centre-du-Québec,1,7,1.0
2022-2023,CIUSSS de la Mauricie-et-du-Centre-du-Québec,1,8,1.0
2022-2023,CIUSSS de la Mauricie-et-du-Centre-du-Québec,1,9,1590.0
2022-2023,CIUSSS de la Mauricie-et-du-Centre-du-Québec,2,2,2.0
2022-2023,CIUSSS de la Mauricie-et-du-Centre-du-Québec,2,3,3.0
2022-2023,CIUSSS de la Mauricie-et-du-Centre-du-Québec,2,4,21.0
2022-2023,CIUSSS de la Mauricie-et-du-Centre-du-Québec,2,5,182.0
2022-2023,CIUSSS de la Mauricie-et-du-Centre-du-Québec,2,6,65.0
2022-2023,CIUSSS de la Mauricie-et-du-Centre-du-Québec,2,7,2.0
2022-2023,CIUSSS de la Mauricie-et-du-Centre-du-Québec,2,9,275.0
2022-2023,CIUSSS de la Mauricie-et-du-Centre-du-Québec,3,1,9.0
2022-2023,CIUSSS de la Mauricie-et-du-Centre-du-Québec,3,2,8.0
2022-2023,CIUSSS de la Mauricie-et-du-Centre-du-Québec,3,3,7.0
2022-2023,CIUSSS de la Mauricie-et-du-Centre-du-Québec,3,4,3.0
2022-2023,CIUSSS de la Mauricie-et-du-Centre-du-Québec,3,5,15.0
2022-2023,CIUSSS de la Mauricie-et-du-Centre-du-Québec,3,6,12.0
2022-2023,CIUSSS de la Mauricie-et-du-Centre-du-Québec,3,7,1.0
2022-2023,CIUSSS de la Mauricie-et-du-Centre-du-Québec,3,9,55.0
2022-2023,CIUSSS de la Mauricie-et-du-Centre-du-Québec,5,2,2.0
2022-2023,CIUSSS de la Mauricie-et-du-Centre-du-Québec,5,3,10.0
2022-2023,CIUSSS de la Mauricie-et-du-Centre-du-Québec,5,4,7.0
2022-2023,CIUSSS de la Mauricie-et-du-Centre-du-Québec,5,5,12.0
2022-2023,CIUSSS de la Mauricie-et-du-Centre-du-Québec,5,6,2.0
2022-2023,CIUSSS de la Mauricie-et-du-Centre-du-Québec,5,9,33.0
2022-2023,CIUSSS de la Mauricie-et-du-Centre-du-Québec,7,2,1.0
2022-2023,CIUSSS de la Mauricie-et-du-Centre-du-Québec,7,3,3.0
2022-2023,CIUSSS de la Mauricie-et-du-Centre-du-Québec,7,5,1.0
2022-2023,CIUSSS de la Mauricie-et-du-Centre-du-Québec,7,6,1.0
2022-2023,CIUSSS de la Mauricie-et-du-Centre-du-Québec,7,7,1.0
2022-2023,CIUSSS de la Mauricie-et-du-Centre-du-Québec,7,9,7.0
2022-2023,CIUSSS de la Mauricie-et-du-Centre-du-Québec,8,2,3.0
2022-2023,CIUSSS de la Mauricie-et-du-Centre-du-Québec,8,3,5.0
2022-2023,CIUSSS de la Mauricie-et-du-Centre-du-Québec,8,4,14.0
2022-2023,CIUSSS de la Mauricie-et-du-Centre-du-Québec,8,5,72.0
2022-2023,CIUSSS de la Mauricie-et-du-Centre-du-Québec,8,6,63.0
2022-2023,CIUSSS de la Mauricie-et-du-Centre-du-Québec,8,7,10.0
2022-2023,CIUSSS de la Mauricie-et-du-Centre-du-Québec,8,8,4.0
2022-2023,CIUSSS de la Mauricie-et-du-Centre-du-Québec,8,9,171.0
2022-2023,CIUSSS de la Mauricie-et-du-Centre-du-Québec,9,1,1.0
2022-2023,CIUSSS de la Mauricie-et-du-Centre-du-Québec,9,2,10.0
2022-2023,CIUSSS de la Mauricie-et-du-Centre-du-Québec,9,3,13.0
2022-2023,CIUSSS de la Mauricie-et-du-Centre-du-Québec,9,4,12.0
2022-2023,CIUSSS de la Mauricie-et-du-Centre-du-Québec,9,5,98.0
2022-2023,CIUSSS de la Mauricie-et-du-Centre-du-Québec,9,6,120.0
2022-2023,CIUSSS de la Mauricie-et-du-Centre-du-Québec,9,7,8.0
2022-2023,CIUSSS de la Mauricie-et-du-Centre-du-Québec,9,8,3.0
2022-2023,CIUSSS de la Mauricie-et-du-Centre-du-Québec,9,9,265.0
2022-2023,CIUSSS de la Mauricie-et-du-Centre-du-Québec,12,1,4.0
2022-2023,CIUSSS de la Mauricie-et-du-Centre-du-Québec,12,2,5.0
2022-2023,CIUSSS de la Mauricie-et-du-Centre-du-Québec,12,3,15.0
2022-2023,CIUSSS de la Mauricie-et-du-Centre-du-Québec,12,4,7.0
2022-2023,CIUSSS de la Mauricie-et-du-Centre-du-Québec,12,5,32.0
2022-2023,CIUSSS de la Mauricie-et-du-Centre-du-Québec,12,6,14.0
2022-2023,CIUSSS de la Mauricie-et-du-Centre-du-Québec,12,9,77.0
2022-2023,CIUSSS de la Mauricie-et-du-Centre-du-Québec,13,1,242.0
2022-2023,CIUSSS de la Mauricie-et-du-Centre-du-Québec,13,2,581.0
2022-2023,CIUSSS de la Mauricie-et-du-Centre-du-Québec,13,3,316.0
2022-2023,CIUSSS de la Mauricie-et-du-Centre-du-Québec,13,4,171.0
2022-2023,CIUSSS de la Mauricie-et-du-Centre-du-Québec,13,5,799.0
2022-2023,CIUSSS de la Mauricie-et-du-Centre-du-Québec,13,6,333.0
2022-2023,CIUSSS de la Mauricie-et-du-Centre-du-Québec,13,7,23.0
2022-2023,CIUSSS de la Mauricie-et-du-Centre-du-Québec,13,8,8.0
2022-2023,CIUSSS de la Mauricie-et-du-Centre-du-Québec,13,9,2473.0
2022-2023,CIUSSS de la Mauricie-et-du-Centre-du-Québec,14,1,1.0
2022-2023,CIUSSS de la Mauricie-et-du-Centre-du-Québec,15,1,38.0
2022-2023,CIUSSS de la Mauricie-et-du-Centre-du-Québec,16,1,5.0
2022-2023,CIUSSS de la Mauricie-et-du-Centre-du-Québec,17,1,64.0
2022-2023,CIUSSS du Centre-Ouest-de-l'Île-de-Montréal,1,1,258.0
2022-2023,CIUSSS du Centre-Ouest-de-l'Île-de-Montréal,1,2,228.0
2022-2023,CIUSSS du Centre-Ouest-de-l'Île-de-Montréal,1,3,68.0
2022-2023,CIUSSS du Centre-Ouest-de-l'Île-de-Montréal,1,4,43.0
2022-2023,CIUSSS du Centre-Ouest-de-l'Île-de-Montréal,1,5,170.0
2022-2023,CIUSSS du Centre-Ouest-de-l'Île-de-Montréal,1,6,20.0
2022-2023,CIUSSS du Centre-Ouest-de-l'Île-de-Montréal,1,7,0.0
2022-2023,CIUSSS du Centre-Ouest-de-l'Île-de-Montréal,1,8,0.0
2022-2023,CIUSSS du Centre-Ouest-de-l'Île-de-Montréal,1,9,787.0
2022-2023,CIUSSS du Centre-Ouest-de-l'Île-de-Montréal,2,1,0.0
2022-2023,CIUSSS du Centre-Ouest-de-l'Île-de-Montréal,2,2,0.0
2022-2023,CIUSSS du Centre-Ouest-de-l'Île-de-Montréal,2,3,0.0
2022-2023,CIUSSS du Centre-Ouest-de-l'Île-de-Montréal,2,4,2.0
2022-2023,CIUSSS du Centre-Ouest-de-l'Île-de-Montréal,2,5,24.0
2022-2023,CIUSSS du Centre-Ouest-de-l'Île-de-Montréal,2,6,15.0
2022-2023,CIUSSS du Centre-Ouest-de-l'Île-de-Montréal,2,7,5.0
2022-2023,CIUSSS du Centre-Ouest-de-l'Île-de-Montréal,2,8,0.0
2022-2023,CIUSSS du Centre-Ouest-de-l'Île-de-Montréal,2,9,46.0
2022-2023,CIUSSS du Centre-Ouest-de-l'Île-de-Montréal,4,1,0.0
2022-2023,CIUSSS du Centre-Ouest-de-l'Île-de-Montréal,4,2,0.0
2022-2023,CIUSSS du Centre-Ouest-de-l'Île-de-Montréal,4,3,0.0
2022-2023,CIUSSS du Centre-Ouest-de-l'Île-de-Montréal,4,4,0.0
2022-2023,CIUSSS du Centre-Ouest-de-l'Île-de-Montréal,4,5,1.0
2022-2023,CIUSSS du Centre-Ouest-de-l'Île-de-Montréal,4,6,5.0
2022-2023,CIUSSS du Centre-Ouest-de-l'Île-de-Montréal,4,7,3.0
2022-2023,CIUSSS du Centre-Ouest-de-l'Île-de-Montréal,4,8,1.0
2022-2023,CIUSSS du Centre-Ouest-de-l'Île-de-Montréal,4,9,10.0
2022-2023,CIUSSS du Centre-Ouest-de-l'Île-de-Montréal,5,1,0.0
2022-2023,CIUSSS du Centre-Ouest-de-l'Île-de-Montréal,5,2,0.0
2022-2023,CIUSSS du Centre-Ouest-de-l'Île-de-Montréal,5,3,0.0
2022-2023,CIUSSS du Centre-Ouest-de-l'Île-de-Montréal,5,4,4.0
2022-2023,CIUSSS du Centre-Ouest-de-l'Île-de-Montréal,5,5,20.0
2022-2023,CIUSSS du Centre-Ouest-de-l'Île-de-Montréal,5,6,10.0
2022-2023,CIUSSS du Centre-Ouest-de-l'Île-de-Montréal,5,7,3.0
2022-2023,CIUSSS du Centre-Ouest-de-l'Île-de-Montréal,5,8,0.0
2022-2023,CIUSSS du Centre-Ouest-de-l'Île-de-Montréal,5,9,37.0
2022-2023,CIUSSS du Centre-Ouest-de-l'Île-de-Montréal,7,1,0.0
2022-2023,CIUSSS du Centre-Ouest-de-l'Île-de-Montréal,7,2,0.0
2022-2023,CIUSSS du Centre-Ouest-de-l'Île-de-Montréal,7,3,0.0
2022-2023,CIUSSS du Centre-Ouest-de-l'Île-de-Montréal,7,4,0.0
2022-2023,CIUSSS du Centre-Ouest-de-l'Île-de-Montréal,7,5,1.0
2022-2023,CIUSSS du Centre-Ouest-de-l'Île-de-Montréal,7,6,0.0
2022-2023,CIUSSS du Centre-Ouest-de-l'Île-de-Montréal,7,7,0.0
2022-2023,CIUSSS du Centre-Ouest-de-l'Île-de-Montréal,7,8,0.0
2022-2023,CIUSSS du Centre-Ouest-de-l'Île-de-Montréal,7,9,1.0
2022-2023,CIUSSS du Centre-Ouest-de-l'Île-de-Montréal,8,1,0.0
2022-2023,CIUSSS du Centre-Ouest-de-l'Île-de-Montréal,8,2,2.0
2022-2023,CIUSSS du Centre-Ouest-de-l'Île-de-Montréal,8,3,8.0
2022-2023,CIUSSS du Centre-Ouest-de-l'Île-de-Montréal,8,4,3.0
2022-2023,CIUSSS du Centre-Ouest-de-l'Île-de-Montréal,8,5,40.0
2022-2023,CIUSSS du Centre-Ouest-de-l'Île-de-Montréal,8,6,45.0
2022-2023,CIUSSS du Centre-Ouest-de-l'Île-de-Montréal,8,7,17.0
2022-2023,CIUSSS du Centre-Ouest-de-l'Île-de-Montréal,8,8,2.0
2022-2023,CIUSSS du Centre-Ouest-de-l'Île-de-Montréal,8,9,117.0
2022-2023,CIUSSS du Centre-Ouest-de-l'Île-de-Montréal,9,1,0.0
2022-2023,CIUSSS du Centre-Ouest-de-l'Île-de-Montréal,9,2,1.0
2022-2023,CIUSSS du Centre-Ouest-de-l'Île-de-Montréal,9,3,0.0
2022-2023,CIUSSS du Centre-Ouest-de-l'Île-de-Montréal,9,4,6.0
2022-2023,CIUSSS du Centre-Ouest-de-l'Île-de-Montréal,9,5,34.0
2022-2023,CIUSSS du Centre-Ouest-de-l'Île-de-Montréal,9,6,41.0
2022-2023,CIUSSS du Centre-Ouest-de-l'Île-de-Montréal,9,7,22.0
2022-2023,CIUSSS du Centre-Ouest-de-l'Île-de-Montréal,9,8,6.0
2022-2023,CIUSSS du Centre-Ouest-de-l'Île-de-Montréal,9,9,110.0
2022-2023,CIUSSS du Centre-Ouest-de-l'Île-de-Montréal,11,1,0.0
2022-2023,CIUSSS du Centre-Ouest-de-l'Île-de-Montréal,11,2,0.0
2022-2023,CIUSSS du Centre-Ouest-de-l'Île-de-Montréal,11,3,0.0
2022-2023,CIUSSS du Centre-Ouest-de-l'Île-de-Montréal,11,4,0.0
2022-2023,CIUSSS du Centre-Ouest-de-l'Île-de-Montréal,11,5,0.0
2022-2023,CIUSSS du Centre-Ouest-de-l'Île-de-Montréal,11,6,1.0
2022-2023,CIUSSS du Centre-Ouest-de-l'Île-de-Montréal,11,7,0.0
2022-2023,CIUSSS du Centre-Ouest-de-l'Île-de-Montréal,11,8,0.0
2022-2023,CIUSSS du Centre-Ouest-de-l'Île-de-Montréal,11,9,1.0
2022-2023,CIUSSS du Centre-Ouest-de-l'Île-de-Montréal,12,1,0.0
2022-2023,CIUSSS du Centre-Ouest-de-l'Île-de-Montréal,12,2,3.0
2022-2023,CIUSSS du Centre-Ouest-de-l'Île-de-Montréal,12,3,1.0
2022-2023,CIUSSS du Centre-Ouest-de-l'Île-de-Montréal,12,4,1.0
2022-2023,CIUSSS du Centre-Ouest-de-l'Île-de-Montréal,12,5,7.0
2022-2023,CIUSSS du Centre-Ouest-de-l'Île-de-Montréal,12,6,0.0
2022-2023,CIUSSS du Centre-Ouest-de-l'Île-de-Montréal,12,7,0.0
2022-2023,CIUSSS du Centre-Ouest-de-l'Île-de-Montréal,12,8,0.0
2022-2023,CIUSSS du Centre-Ouest-de-l'Île-de-Montréal,12,9,12.0
2022-2023,CIUSSS du Centre-Ouest-de-l'Île-de-Montréal,13,1,258.0
2022-2023,CIUSSS du Centre-Ouest-de-l'Île-de-Montréal,13,2,234.0
2022-2023,CIUSSS du Centre-Ouest-de-l'Île-de-Montréal,13,3,77.0
2022-2023,CIUSSS du Centre-Ouest-de-l'Île-de-Montréal,13,4,59.0
2022-2023,CIUSSS du Centre-Ouest-de-l'Île-de-Montréal,13,5,297.0
2022-2023,CIUSSS du Centre-Ouest-de-l'Île-de-Montréal,13,6,137.0
2022-2023,CIUSSS du Centre-Ouest-de-l'Île-de-Montréal,13,7,50.0
2022-2023,CIUSSS du Centre-Ouest-de-l'Île-de-Montréal,13,8,9.0
2022-2023,CIUSSS du Centre-Ouest-de-l'Île-de-Montréal,13,9,1121.0
2022-2023,CIUSSS du Centre-Ouest-de-l'Île-de-Montréal,16,1,1.0
2022-2023,CIUSSS du Centre-Ouest-de-l'Île-de-Montréal,17,1,2.0
2022-2023,CIUSSS du Centre-Sud-de-l'Île-de-Montréal,1,1,474.0
2022-2023,CIUSSS du Centre-Sud-de-l'Île-de-Montréal,1,2,529.0
2022-2023,CIUSSS du Centre-Sud-de-l'Île-de-Montréal,1,3,258.0
2022-2023,CIUSSS du Centre-Sud-de-l'Île-de-Montréal,1,4,123.0
2022-2023,CIUSSS du Centre-Sud-de-l'Île-de-Montréal,1,5,697.0
2022-2023,CIUSSS du Centre-Sud-de-l'Île-de-Montréal,1,6,116.0
2022-2023,CIUSSS du Centre-Sud-de-l'Île-de-Montréal,1,7,2.0
2022-2023,CIUSSS du Centre-Sud-de-l'Île-de-Montréal,1,8,0.0
2022-2023,CIUSSS du Centre-Sud-de-l'Île-de-Montréal,1,9,2199.0
2022-2023,CIUSSS du Centre-Sud-de-l'Île-de-Montréal,2,1,0.0
2022-2023,CIUSSS du Centre-Sud-de-l'Île-de-Montréal,2,2,3.0
2022-2023,CIUSSS du Centre-Sud-de-l'Île-de-Montréal,2,3,1.0
2022-2023,CIUSSS du Centre-Sud-de-l'Île-de-Montréal,2,4,5.0
2022-2023,CIUSSS du Centre-Sud-de-l'Île-de-Montréal,2,5,102.0
2022-2023,CIUSSS du Centre-Sud-de-l'Île-de-Montréal,2,6,74.0
2022-2023,CIUSSS du Centre-Sud-de-l'Île-de-Montréal,2,7,9.0
2022-2023,CIUSSS du Centre-Sud-de-l'Île-de-Montréal,2,8,1.0
2022-2023,CIUSSS du Centre-Sud-de-l'Île-de-Montréal,2,9,195.0
2022-2023,CIUSSS du Centre-Sud-de-l'Île-de-Montréal,3,1,0.0
2022-2023,CIUSSS du Centre-Sud-de-l'Île-de-Montréal,3,2,0.0
2022-2023,CIUSSS du Centre-Sud-de-l'Île-de-Montréal,3,3,0.0
2022-2023,CIUSSS du Centre-Sud-de-l'Île-de-Montréal,3,4,0.0
2022-2023,CIUSSS du Centre-Sud-de-l'Île-de-Montréal,3,5,2.0
2022-2023,CIUSSS du Centre-Sud-de-l'Île-de-Montréal,3,6,1.0
2022-2023,CIUSSS du Centre-Sud-de-l'Île-de-Montréal,3,7,0.0
2022-2023,CIUSSS du Centre-Sud-de-l'Île-de-Montréal,3,8,0.0
2022-2023,CIUSSS du Centre-Sud-de-l'Île-de-Montréal,3,9,3.0
2022-2023,CIUSSS du Centre-Sud-de-l'Île-de-Montréal,4,1,0.0
2022-2023,CIUSSS du Centre-Sud-de-l'Île-de-Montréal,4,2,1.0
2022-2023,CIUSSS du Centre-Sud-de-l'Île-de-Montréal,4,3,1.0
2022-2023,CIUSSS du Centre-Sud-de-l'Île-de-Montréal,4,4,0.0
2022-2023,CIUSSS du Centre-Sud-de-l'Île-de-Montréal,4,5,4.0
2022-2023,CIUSSS du Centre-Sud-de-l'Île-de-Montréal,4,6,6.0
2022-2023,CIUSSS du Centre-Sud-de-l'Île-de-Montréal,4,7,1.0
2022-2023,CIUSSS du Centre-Sud-de-l'Île-de-Montréal,4,8,1.0
2022-2023,CIUSSS du Centre-Sud-de-l'Île-de-Montréal,4,9,14.0
2022-2023,CIUSSS du Centre-Sud-de-l'Île-de-Montréal,5,1,1.0
2022-2023,CIUSSS du Centre-Sud-de-l'Île-de-Montréal,5,2,4.0
2022-2023,CIUSSS du Centre-Sud-de-l'Île-de-Montréal,5,3,13.0
2022-2023,CIUSSS du Centre-Sud-de-l'Île-de-Montréal,5,4,23.0
2022-2023,CIUSSS du Centre-Sud-de-l'Île-de-Montréal,5,5,76.0
2022-2023,CIUSSS du Centre-Sud-de-l'Île-de-Montréal,5,6,27.0
2022-2023,CIUSSS du Centre-Sud-de-l'Île-de-Montréal,5,7,7.0
2022-2023,CIUSSS du Centre-Sud-de-l'Île-de-Montréal,5,8,0.0
2022-2023,CIUSSS du Centre-Sud-de-l'Île-de-Montréal,5,9,151.0
2022-2023,CIUSSS du Centre-Sud-de-l'Île-de-Montréal,7,1,0.0
2022-2023,CIUSSS du Centre-Sud-de-l'Île-de-Montréal,7,2,0.0
2022-2023,CIUSSS du Centre-Sud-de-l'Île-de-Montréal,7,3,2.0
2022-2023,CIUSSS du Centre-Sud-de-l'Île-de-Montréal,7,4,0.0
2022-2023,CIUSSS du Centre-Sud-de-l'Île-de-Montréal,7,5,3.0
2022-2023,CIUSSS du Centre-Sud-de-l'Île-de-Montréal,7,6,5.0
2022-2023,CIUSSS du Centre-Sud-de-l'Île-de-Montréal,7,7,1.0
2022-2023,CIUSSS du Centre-Sud-de-l'Île-de-Montréal,7,8,1.0
2022-2023,CIUSSS du Centre-Sud-de-l'Île-de-Montréal,7,9,12.0
2022-2023,CIUSSS du Centre-Sud-de-l'Île-de-Montréal,8,1,0.0
2022-2023,CIUSSS du Centre-Sud-de-l'Île-de-Montréal,8,2,11.0
2022-2023,CIUSSS du Centre-Sud-de-l'Île-de-Montréal,8,3,59.0
2022-2023,CIUSSS du Centre-Sud-de-l'Île-de-Montréal,8,4,56.0
2022-2023,CIUSSS du Centre-Sud-de-l'Île-de-Montréal,8,5,432.0
2022-2023,CIUSSS du Centre-Sud-de-l'Île-de-Montréal,8,6,648.0
2022-2023,CIUSSS du Centre-Sud-de-l'Île-de-Montréal,8,7,207.0
2022-2023,CIUSSS du Centre-Sud-de-l'Île-de-Montréal,8,8,30.0
2022-2023,CIUSSS du Centre-Sud-de-l'Île-de-Montréal,8,9,1443.0
2022-2023,CIUSSS du Centre-Sud-de-l'Île-de-Montréal,9,1,5.0
2022-2023,CIUSSS du Centre-Sud-de-l'Île-de-Montréal,9,2,11.0
2022-2023,CIUSSS du Centre-Sud-de-l'Île-de-Montréal,9,3,12.0
2022-2023,CIUSSS du Centre-Sud-de-l'Île-de-Montréal,9,4,6.0
2022-2023,CIUSSS du Centre-Sud-de-l'Île-de-Montréal,9,5,71.0
2022-2023,CIUSSS du Centre-Sud-de-l'Île-de-Montréal,9,6,97.0
2022-2023,CIUSSS du Centre-Sud-de-l'Île-de-Montréal,9,7,32.0
2022-2023,CIUSSS du Centre-Sud-de-l'Île-de-Montréal,9,8,8.0
2022-2023,CIUSSS du Centre-Sud-de-l'Île-de-Montréal,9,9,242.0
2022-2023,CIUSSS du Centre-Sud-de-l'Île-de-Montréal,11,1,0.0
2022-2023,CIUSSS du Centre-Sud-de-l'Île-de-Montréal,11,2,3.0
2022-2023,CIUSSS du Centre-Sud-de-l'Île-de-Montréal,11,3,3.0
2022-2023,CIUSSS du Centre-Sud-de-l'Île-de-Montréal,11,4,0.0
2022-2023,CIUSSS du Centre-Sud-de-l'Île-de-Montréal,11,5,0.0
2022-2023,CIUSSS du Centre-Sud-de-l'Île-de-Montréal,11,6,0.0
2022-2023,CIUSSS du Centre-Sud-de-l'Île-de-Montréal,11,7,0.0
2022-2023,CIUSSS du Centre-Sud-de-l'Île-de-Montréal,11,8,0.0
2022-2023,CIUSSS du Centre-Sud-de-l'Île-de-Montréal,11,9,6.0
2022-2023,CIUSSS du Centre-Sud-de-l'Île-de-Montréal,12,1,0.0
2022-2023,CIUSSS du Centre-Sud-de-l'Île-de-Montréal,12,2,1.0
2022-2023,CIUSSS du Centre-Sud-de-l'Île-de-Montréal,12,3,4.0
2022-2023,CIUSSS du Centre-Sud-de-l'Île-de-Montréal,12,4,3.0
2022-2023,CIUSSS du Centre-Sud-de-l'Île-de-Montréal,12,5,15.0
2022-2023,CIUSSS du Centre-Sud-de-l'Île-de-Montréal,12,6,11.0
2022-2023,CIUSSS du Centre-Sud-de-l'Île-de-Montréal,12,7,2.0
2022-2023,CIUSSS du Centre-Sud-de-l'Île-de-Montréal,12,8,0.0
2022-2023,CIUSSS du Centre-Sud-de-l'Île-de-Montréal,12,9,36.0
2022-2023,CIUSSS du Centre-Sud-de-l'Île-de-Montréal,13,1,480.0
2022-2023,CIUSSS du Centre-Sud-de-l'Île-de-Montréal,13,2,563.0
2022-2023,CIUSSS du Centre-Sud-de-l'Île-de-Montréal,13,3,353.0
2022-2023,CIUSSS du Centre-Sud-de-l'Île-de-Montréal,13,4,216.0
2022-2023,CIUSSS du Centre-Sud-de-l'Île-de-Montréal,13,5,1402.0
2022-2023,CIUSSS du Centre-Sud-de-l'Île-de-Montréal,13,6,985.0
2022-2023,CIUSSS du Centre-Sud-de-l'Île-de-Montréal,13,7,261.0
2022-2023,CIUSSS du Centre-Sud-de-l'Île-de-Montréal,13,8,41.0
2022-2023,CIUSSS du Centre-Sud-de-l'Île-de-Montréal,13,9,4301.0
2022-2023,CIUSSS du Saguenay  Lac-Saint-Jean,1,1,122.0
2022-2023,CIUSSS du Saguenay  Lac-Saint-Jean,1,2,149.0
2022-2023,CIUSSS du Saguenay  Lac-Saint-Jean,1,3,75.0
2022-2023,CIUSSS du Saguenay  Lac-Saint-Jean,1,4,41.0
2022-2023,CIUSSS du Saguenay  Lac-Saint-Jean,1,5,185.0
2022-2023,CIUSSS du Saguenay  Lac-Saint-Jean,1,6,35.0
2022-2023,CIUSSS du Saguenay  Lac-Saint-Jean,1,7,2.0
2022-2023,CIUSSS du Saguenay  Lac-Saint-Jean,1,8,0.0
2022-2023,CIUSSS du Saguenay  Lac-Saint-Jean,1,9,609.0
2022-2023,CIUSSS du Saguenay  Lac-Saint-Jean,2,1,0.0
2022-2023,CIUSSS du Saguenay  Lac-Saint-Jean,2,2,0.0
2022-2023,CIUSSS du Saguenay  Lac-Saint-Jean,2,3,1.0
2022-2023,CIUSSS du Saguenay  Lac-Saint-Jean,2,4,18.0
2022-2023,CIUSSS du Saguenay  Lac-Saint-Jean,2,5,84.0
2022-2023,CIUSSS du Saguenay  Lac-Saint-Jean,2,6,27.0
2022-2023,CIUSSS du Saguenay  Lac-Saint-Jean,2,7,5.0
2022-2023,CIUSSS du Saguenay  Lac-Saint-Jean,2,8,1.0
2022-2023,CIUSSS du Saguenay  Lac-Saint-Jean,2,9,136.0
2022-2023,CIUSSS du Saguenay  Lac-Saint-Jean,3,1,2.0
2022-2023,CIUSSS du Saguenay  Lac-Saint-Jean,3,2,14.0
2022-2023,CIUSSS du Saguenay  Lac-Saint-Jean,3,3,10.0
2022-2023,CIUSSS du Saguenay  Lac-Saint-Jean,3,4,4.0
2022-2023,CIUSSS du Saguenay  Lac-Saint-Jean,3,5,4.0
2022-2023,CIUSSS du Saguenay  Lac-Saint-Jean,3,6,5.0
2022-2023,CIUSSS du Saguenay  Lac-Saint-Jean,3,7,1.0
2022-2023,CIUSSS du Saguenay  Lac-Saint-Jean,3,8,0.0
2022-2023,CIUSSS du Saguenay  Lac-Saint-Jean,3,9,40.0
2022-2023,CIUSSS du Saguenay  Lac-Saint-Jean,5,1,0.0
2022-2023,CIUSSS du Saguenay  Lac-Saint-Jean,5,2,0.0
2022-2023,CIUSSS du Saguenay  Lac-Saint-Jean,5,3,4.0
2022-2023,CIUSSS du Saguenay  Lac-Saint-Jean,5,4,4.0
2022-2023,CIUSSS du Saguenay  Lac-Saint-Jean,5,5,29.0
2022-2023,CIUSSS du Saguenay  Lac-Saint-Jean,5,6,28.0
2022-2023,CIUSSS du Saguenay  Lac-Saint-Jean,5,7,5.0
2022-2023,CIUSSS du Saguenay  Lac-Saint-Jean,5,8,0.0
2022-2023,CIUSSS du Saguenay  Lac-Saint-Jean,5,9,70.0
2022-2023,CIUSSS du Saguenay  Lac-Saint-Jean,7,1,0.0
2022-2023,CIUSSS du Saguenay  Lac-Saint-Jean,7,2,1.0
2022-2023,CIUSSS du Saguenay  Lac-Saint-Jean,7,3,0.0
2022-2023,CIUSSS du Saguenay  Lac-Saint-Jean,7,4,0.0
2022-2023,CIUSSS du Saguenay  Lac-Saint-Jean,7,5,0.0
2022-2023,CIUSSS du Saguenay  Lac-Saint-Jean,7,6,1.0
2022-2023,CIUSSS du Saguenay  Lac-Saint-Jean,7,7,0.0
2022-2023,CIUSSS du Saguenay  Lac-Saint-Jean,7,8,0.0
2022-2023,CIUSSS du Saguenay  Lac-Saint-Jean,7,9,2.0
2022-2023,CIUSSS du Saguenay  Lac-Saint-Jean,8,1,0.0
2022-2023,CIUSSS du Saguenay  Lac-Saint-Jean,8,2,0.0
2022-2023,CIUSSS du Saguenay  Lac-Saint-Jean,8,3,1.0
2022-2023,CIUSSS du Saguenay  Lac-Saint-Jean,8,4,6.0
2022-2023,CIUSSS du Saguenay  Lac-Saint-Jean,8,5,42.0
2022-2023,CIUSSS du Saguenay  Lac-Saint-Jean,8,6,60.0
2022-2023,CIUSSS du Saguenay  Lac-Saint-Jean,8,7,21.0
2022-2023,CIUSSS du Saguenay  Lac-Saint-Jean,8,8,7.0
2022-2023,CIUSSS du Saguenay  Lac-Saint-Jean,8,9,137.0
2022-2023,CIUSSS du Saguenay  Lac-Saint-Jean,9,1,3.0
2022-2023,CIUSSS du Saguenay  Lac-Saint-Jean,9,2,4.0
2022-2023,CIUSSS du Saguenay  Lac-Saint-Jean,9,3,7.0
2022-2023,CIUSSS du Saguenay  Lac-Saint-Jean,9,4,7.0
2022-2023,CIUSSS du Saguenay  Lac-Saint-Jean,9,5,57.0
2022-2023,CIUSSS du Saguenay  Lac-Saint-Jean,9,6,116.0
2022-2023,CIUSSS du Saguenay  Lac-Saint-Jean,9,7,46.0
2022-2023,CIUSSS du Saguenay  Lac-Saint-Jean,9,8,10.0
2022-2023,CIUSSS du Saguenay  Lac-Saint-Jean,9,9,250.0
2022-2023,CIUSSS du Saguenay  Lac-Saint-Jean,11,1,0.0
2022-2023,CIUSSS du Saguenay  Lac-Saint-Jean,11,2,1.0
2022-2023,CIUSSS du Saguenay  Lac-Saint-Jean,11,3,0.0
2022-2023,CIUSSS du Saguenay  Lac-Saint-Jean,11,4,0.0
2022-2023,CIUSSS du Saguenay  Lac-Saint-Jean,11,5,0.0
2022-2023,CIUSSS du Saguenay  Lac-Saint-Jean,11,6,0.0
2022-2023,CIUSSS du Saguenay  Lac-Saint-Jean,11,7,0.0
2022-2023,CIUSSS du Saguenay  Lac-Saint-Jean,11,8,0.0
2022-2023,CIUSSS du Saguenay  Lac-Saint-Jean,11,9,1.0
2022-2023,CIUSSS du Saguenay  Lac-Saint-Jean,12,1,0.0
2022-2023,CIUSSS du Saguenay  Lac-Saint-Jean,12,2,3.0
2022-2023,CIUSSS du Saguenay  Lac-Saint-Jean,12,3,4.0
2022-2023,CIUSSS du Saguenay  Lac-Saint-Jean,12,4,2.0
2022-2023,CIUSSS du Saguenay  Lac-Saint-Jean,12,5,6.0
2022-2023,CIUSSS du Saguenay  Lac-Saint-Jean,12,6,3.0
2022-2023,CIUSSS du Saguenay  Lac-Saint-Jean,12,7,1.0
2022-2023,CIUSSS du Saguenay  Lac-Saint-Jean,12,8,0.0
2022-2023,CIUSSS du Saguenay  Lac-Saint-Jean,12,9,19.0
2022-2023,CIUSSS du Saguenay  Lac-Saint-Jean,13,1,127.0
2022-2023,CIUSSS du Saguenay  Lac-Saint-Jean,13,2,172.0
2022-2023,CIUSSS du Saguenay  Lac-Saint-Jean,13,3,102.0
2022-2023,CIUSSS du Saguenay  Lac-Saint-Jean,13,4,82.0
2022-2023,CIUSSS du Saguenay  Lac-Saint-Jean,13,5,407.0
2022-2023,CIUSSS du Saguenay  Lac-Saint-Jean,13,6,275.0
2022-2023,CIUSSS du Saguenay  Lac-Saint-Jean,13,7,81.0
2022-2023,CIUSSS du Saguenay  Lac-Saint-Jean,13,8,18.0
2022-2023,CIUSSS du Saguenay  Lac-Saint-Jean,13,9,1264.0
2022-2023,CIUSSS du Saguenay  Lac-Saint-Jean,14,1,1.0
2022-2023,CIUSSS du Saguenay  Lac-Saint-Jean,15,1,27.0
2022-2023,CIUSSS du Saguenay  Lac-Saint-Jean,16,1,4.0
2022-2023,CIUSSS du Saguenay  Lac-Saint-Jean,17,1,47.0
2023-2024,Atelier le fil d'Ariane,1,5,3.0
2023-2024,Atelier le fil d'Ariane,1,6,3.0
2023-2024,Atelier le fil d'Ariane,1,9,6.0
2023-2024,Atelier le fil d'Ariane,2,6,2.0
2023-2024,Atelier le fil d'Ariane,2,9,2.0
2023-2024,Atelier le fil d'Ariane,5,5,2.0
2023-2024,Atelier le fil d'Ariane,5,6,5.0
2023-2024,Atelier le fil d'Ariane,5,9,7.0
2023-2024,Atelier le fil d'Ariane,9,4,1.0
2023-2024,Atelier le fil d'Ariane,9,5,1.0
2023-2024,Atelier le fil d'Ariane,9,6,1.0
2023-2024,Atelier le fil d'Ariane,9,9,3.0
2023-2024,Atelier le fil d'Ariane,13,4,1.0
2023-2024,Atelier le fil d'Ariane,13,5,6.0
2023-2024,Atelier le fil d'Ariane,13,6,11.0
2023-2024,Atelier le fil d'Ariane,13,9,18.0
2023-2024,CISSS de Chaudière-Appalaches,1,1,209.0
2023-2024,CISSS de Chaudière-Appalaches,1,2,300.0
2023-2024,CISSS de Chaudière-Appalaches,1,3,160.0
2023-2024,CISSS de Chaudière-Appalaches,1,4,65.0
2023-2024,CISSS de Chaudière-Appalaches,1,5,219.0
2023-2024,CISSS de Chaudière-Appalaches,1,6,43.0
2023-2024,CISSS de Chaudière-Appalaches,1,7,4.0
2023-2024,CISSS de Chaudière-Appalaches,1,8,1.0
2023-2024,CISSS de Chaudière-Appalaches,1,9,1001.0
2023-2024,CISSS de Chaudière-Appalaches,2,4,6.0
2023-2024,CISSS de Chaudière-Appalaches,2,5,74.0
2023-2024,CISSS de Chaudière-Appalaches,2,6,26.0
2023-2024,CISSS de Chaudière-Appalaches,2,7,2.0
2023-2024,CISSS de Chaudière-Appalaches,2,9,108.0
2023-2024,CISSS de Chaudière-Appalaches,3,5,1.0
2023-2024,CISSS de Chaudière-Appalaches,3,6,1.0
2023-2024,CISSS de Chaudière-Appalaches,3,9,2.0
2023-2024,CISSS de Chaudière-Appalaches,5,2,9.0
2023-2024,CISSS de Chaudière-Appalaches,5,3,9.0
2023-2024,CISSS de Chaudière-Appalaches,5,4,2.0
2023-2024,CISSS de Chaudière-Appalaches,5,5,28.0
2023-2024,CISSS de Chaudière-Appalaches,5,6,6.0
2023-2024,CISSS de Chaudière-Appalaches,5,7,1.0
2023-2024,CISSS de Chaudière-Appalaches,5,9,55.0
2023-2024,CISSS de Chaudière-Appalaches,7,5,1.0
2023-2024,CISSS de Chaudière-Appalaches,7,6,3.0
2023-2024,CISSS de Chaudière-Appalaches,7,7,1.0
2023-2024,CISSS de Chaudière-Appalaches,7,9,5.0
2023-2024,CISSS de Chaudière-Appalaches,8,2,2.0
2023-2024,CISSS de Chaudière-Appalaches,8,3,2.0
2023-2024,CISSS de Chaudière-Appalaches,8,4,7.0
2023-2024,CISSS de Chaudière-Appalaches,8,5,39.0
2023-2024,CISSS de Chaudière-Appalaches,8,6,40.0
2023-2024,CISSS de Chaudière-Appalaches,8,7,7.0
2023-2024,CISSS de Chaudière-Appalaches,8,8,1.0
2023-2024,CISSS de Chaudière-Appalaches,8,9,98.0
2023-2024,CISSS de Chaudière-Appalaches,9,1,4.0
2023-2024,CISSS de Chaudière-Appalaches,9,2,9.0
2023-2024,CISSS de Chaudière-Appalaches,9,3,9.0
2023-2024,CISSS de Chaudière-Appalaches,9,4,13.0
2023-2024,CISSS de Chaudière-Appalaches,9,5,102.0
2023-2024,CISSS de Chaudière-Appalaches,9,6,73.0
2023-2024,CISSS de Chaudière-Appalaches,9,7,16.0
2023-2024,CISSS de Chaudière-Appalaches,9,8,3.0
2023-2024,CISSS de Chaudière-Appalaches,9,9,229.0
2023-2024,CISSS de Chaudière-Appalaches,12,4,1.0
2023-2024,CISSS de Chaudière-Appalaches,12,5,4.0
2023-2024,CISSS de Chaudière-Appalaches,12,6,7.0
2023-2024,CISSS de Chaudière-Appalaches,12,7,1.0
2023-2024,CISSS de Chaudière-Appalaches,12,8,1.0
2023-2024,CISSS de Chaudière-Appalaches,12,9,14.0
2023-2024,CISSS de Chaudière-Appalaches,13,1,213.0
2023-2024,CISSS de Chaudière-Appalaches,13,2,320.0
2023-2024,CISSS de Chaudière-Appalaches,13,3,180.0
2023-2024,CISSS de Chaudière-Appalaches,13,4,94.0
2023-2024,CISSS de Chaudière-Appalaches,13,5,468.0
2023-2024,CISSS de Chaudière-Appalaches,13,6,199.0
2023-2024,CISSS de Chaudière-Appalaches,13,7,32.0
2023-2024,CISSS de Chaudière-Appalaches,13,8,6.0
2023-2024,CISSS de Chaudière-Appalaches,13,9,1512.0
2023-2024,CISSS de Lanaudière,1,1,380.0
2023-2024,CISSS de Lanaudière,1,2,690.0
2023-2024,CISSS de Lanaudière,1,3,286.0
2023-2024,CISSS de Lanaudière,1,4,75.0
2023-2024,CISSS de Lanaudière,1,5,157.0
2023-2024,CISSS de Lanaudière,1,6,16.0
2023-2024,CISSS de Lanaudière,1,7,1.0
2023-2024,CISSS de Lanaudière,1,9,1605.0
2023-2024,CISSS de Lanaudière,2,1,4.0
2023-2024,CISSS de Lanaudière,2,2,5.0
2023-2024,CISSS de Lanaudière,2,4,2.0
2023-2024,CISSS de Lanaudière,2,5,41.0
2023-2024,CISSS de Lanaudière,2,6,11.0
2023-2024,CISSS de Lanaudière,2,7,2.0
2023-2024,CISSS de Lanaudière,2,9,65.0
2023-2024,CISSS de Lanaudière,3,2,1.0
2023-2024,CISSS de Lanaudière,3,3,4.0
2023-2024,CISSS de Lanaudière,3,5,1.0
2023-2024,CISSS de Lanaudière,3,6,1.0
2023-2024,CISSS de Lanaudière,3,9,7.0
2023-2024,CISSS de Lanaudière,4,4,1.0
2023-2024,CISSS de Lanaudière,4,5,5.0
2023-2024,CISSS de Lanaudière,4,9,6.0
2023-2024,CISSS de Lanaudière,5,2,3.0
2023-2024,CISSS de Lanaudière,5,3,8.0
2023-2024,CISSS de Lanaudière,5,4,10.0
2023-2024,CISSS de Lanaudière,5,5,20.0
2023-2024,CISSS de Lanaudière,5,6,1.0
2023-2024,CISSS de Lanaudière,5,9,42.0
2023-2024,CISSS de Lanaudière,7,3,1.0
2023-2024,CISSS de Lanaudière,7,5,2.0
2023-2024,CISSS de Lanaudière,7,6,1.0
2023-2024,CISSS de Lanaudière,7,7,1.0
2023-2024,CISSS de Lanaudière,7,9,5.0
2023-2024,CISSS de Lanaudière,8,2,4.0
2023-2024,CISSS de Lanaudière,8,3,6.0
2023-2024,CISSS de Lanaudière,8,4,10.0
2023-2024,CISSS de Lanaudière,8,5,51.0
2023-2024,CISSS de Lanaudière,8,6,18.0
2023-2024,CISSS de Lanaudière,8,7,5.0
2023-2024,CISSS de Lanaudière,8,9,94.0
2023-2024,CISSS de Lanaudière,9,1,10.0
2023-2024,CISSS de Lanaudière,9,2,17.0
2023-2024,CISSS de Lanaudière,9,3,14.0
2023-2024,CISSS de Lanaudière,9,4,6.0
2023-2024,CISSS de Lanaudière,9,5,39.0
2023-2024,CISSS de Lanaudière,9,6,26.0
2023-2024,CISSS de Lanaudière,9,7,8.0
2023-2024,CISSS de Lanaudière,9,8,1.0
2023-2024,CISSS de Lanaudière,9,9,121.0
2023-2024,CISSS de Lanaudière,12,2,2.0
2023-2024,CISSS de Lanaudière,12,3,2.0
2023-2024,CISSS de Lanaudière,12,4,2.0
2023-2024,CISSS de Lanaudière,12,5,3.0
2023-2024,CISSS de Lanaudière,12,6,3.0
2023-2024,CISSS de Lanaudière,12,8,1.0
2023-2024,CISSS de Lanaudière,12,9,13.0
2023-2024,CISSS de Lanaudière,13,1,394.0
2023-2024,CISSS de Lanaudière,13,2,722.0
2023-2024,CISSS de Lanaudière,13,3,321.0
2023-2024,CISSS de Lanaudière,13,4,106.0
2023-2024,CISSS de Lanaudière,13,5,319.0
2023-2024,CISSS de Lanaudière,13,6,77.0
2023-2024,CISSS de Lanaudière,13,7,17.0
2023-2024,CISSS de Lanaudière,13,8,2.0
2023-2024,CISSS de Lanaudière,13,9,1958.0
2023-2024,CISSS de Laval,1,1,345.0
2023-2024,CISSS de Laval,1,2,328.0
2023-2024,CISSS de Laval,1,3,160.0
2023-2024,CISSS de Laval,1,4,79.0
2023-2024,CISSS de Laval,1,5,92.0
2023-2024,CISSS de Laval,1,6,6.0
2023-2024,CISSS de Laval,1,9,1010.0
2023-2024,CISSS de Laval,2,4,3.0
2023-2024,CISSS de Laval,2,5,22.0
2023-2024,CISSS de Laval,2,6,11.0
2023-2024,CISSS de Laval,2,7,1.0
2023-2024,CISSS de Laval,2,9,37.0
2023-2024,CISSS de Laval,3,5,2.0
2023-2024,CISSS de Laval,3,9,2.0
2023-2024,CISSS de Laval,5,3,1.0
2023-2024,CISSS de Laval,5,9,1.0
2023-2024,CISSS de Laval,6,5,3.0
2023-2024,CISSS de Laval,6,9,3.0
2023-2024,CISSS de Laval,7,5,1.0
2023-2024,CISSS de Laval,7,9,1.0
2023-2024,CISSS de Laval,8,1,1.0
2023-2024,CISSS de Laval,8,2,6.0
2023-2024,CISSS de Laval,8,3,12.0
2023-2024,CISSS de Laval,8,4,25.0
2023-2024,CISSS de Laval,8,5,128.0
2023-2024,CISSS de Laval,8,6,55.0
2023-2024,CISSS de Laval,8,7,21.0
2023-2024,CISSS de Laval,8,8,2.0
2023-2024,CISSS de Laval,8,9,250.0
2023-2024,CISSS de Laval,9,1,3.0
2023-2024,CISSS de Laval,9,2,2.0
2023-2024,CISSS de Laval,9,3,6.0
2023-2024,CISSS de Laval,9,4,4.0
2023-2024,CISSS de Laval,9,5,11.0
2023-2024,CISSS de Laval,9,6,9.0
2023-2024,CISSS de Laval,9,8,1.0
2023-2024,CISSS de Laval,9,9,36.0
2023-2024,CISSS de Laval,10,2,2.0
2023-2024,CISSS de Laval,10,3,4.0
2023-2024,CISSS de Laval,10,4,4.0
2023-2024,CISSS de Laval,10,5,21.0
2023-2024,CISSS de Laval,10,6,12.0
2023-2024,CISSS de Laval,10,7,2.0
2023-2024,CISSS de Laval,10,8,1.0
2023-2024,CISSS de Laval,10,9,46.0
2023-2024,CISSS de Laval,11,3,1.0
2023-2024,CISSS de Laval,11,6,1.0
2023-2024,CISSS de Laval,11,9,2.0
2023-2024,CISSS de Laval,12,3,2.0
2023-2024,CISSS de Laval,12,5,1.0
2023-2024,CISSS de Laval,12,6,1.0
2023-2024,CISSS de Laval,12,9,4.0
2023-2024,CISSS de Laval,13,1,349.0
2023-2024,CISSS de Laval,13,2,338.0
2023-2024,CISSS de Laval,13,3,186.0
2023-2024,CISSS de Laval,13,4,115.0
2023-2024,CISSS de Laval,13,5,281.0
2023-2024,CISSS de Laval,13,6,95.0
2023-2024,CISSS de Laval,13,7,24.0
2023-2024,CISSS de Laval,13,8,4.0
2023-2024,CISSS de Laval,13,9,1392.0
2023-2024,CISSS de l'Abitibi-Témiscamingue,1,1,69.0
2023-2024,CISSS de l'Abitibi-Témiscamingue,1,2,195.0
2023-2024,CISSS de l'Abitibi-Témiscamingue,1,3,98.0
2023-2024,CISSS de l'Abitibi-Témiscamingue,1,4,27.0
2023-2024,CISSS de l'Abitibi-Témiscamingue,1,5,61.0
2023-2024,CISSS de l'Abitibi-Témiscamingue,1,6,8.0
2023-2024,CISSS de l'Abitibi-Témiscamingue,1,7,2.0
2023-2024,CISSS de l'Abitibi-Témiscamingue,1,9,460.0
2023-2024,CISSS de l'Abitibi-Témiscamingue,2,1,3.0
2023-2024,CISSS de l'Abitibi-Témiscamingue,2,2,8.0
2023-2024,CISSS de l'Abitibi-Témiscamingue,2,3,3.0
2023-2024,CISSS de l'Abitibi-Témiscamingue,2,4,6.0
2023-2024,CISSS de l'Abitibi-Témiscamingue,2,5,42.0
2023-2024,CISSS de l'Abitibi-Témiscamingue,2,6,24.0
2023-2024,CISSS de l'Abitibi-Témiscamingue,2,7,4.0
2023-2024,CISSS de l'Abitibi-Témiscamingue,2,9,90.0
2023-2024,CISSS de l'Abitibi-Témiscamingue,4,5,3.0
2023-2024,CISSS de l'Abitibi-Témiscamingue,4,6,7.0
2023-2024,CISSS de l'Abitibi-Témiscamingue,4,7,2.0
2023-2024,CISSS de l'Abitibi-Témiscamingue,4,9,12.0
2023-2024,CISSS de l'Abitibi-Témiscamingue,5,4,1.0
2023-2024,CISSS de l'Abitibi-Témiscamingue,5,5,5.0
2023-2024,CISSS de l'Abitibi-Témiscamingue,5,6,6.0
2023-2024,CISSS de l'Abitibi-Témiscamingue,5,9,12.0
2023-2024,CISSS de l'Abitibi-Témiscamingue,7,3,2.0
2023-2024,CISSS de l'Abitibi-Témiscamingue,7,5,1.0
2023-2024,CISSS de l'Abitibi-Témiscamingue,7,7,2.0
2023-2024,CISSS de l'Abitibi-Témiscamingue,7,9,5.0
2023-2024,CISSS de l'Abitibi-Témiscamingue,8,2,1.0
2023-2024,CISSS de l'Abitibi-Témiscamingue,8,4,2.0
2023-2024,CISSS de l'Abitibi-Témiscamingue,8,5,15.0
2023-2024,CISSS de l'Abitibi-Témiscamingue,8,6,10.0
2023-2024,CISSS de l'Abitibi-Témiscamingue,8,7,4.0
2023-2024,CISSS de l'Abitibi-Témiscamingue,8,9,32.0
2023-2024,CISSS de l'Abitibi-Témiscamingue,9,1,2.0
2023-2024,CISSS de l'Abitibi-Témiscamingue,9,2,14.0
2023-2024,CISSS de l'Abitibi-Témiscamingue,9,3,9.0
2023-2024,CISSS de l'Abitibi-Témiscamingue,9,4,8.0
2023-2024,CISSS de l'Abitibi-Témiscamingue,9,5,55.0
2023-2024,CISSS de l'Abitibi-Témiscamingue,9,6,83.0
2023-2024,CISSS de l'Abitibi-Témiscamingue,9,7,17.0
2023-2024,CISSS de l'Abitibi-Témiscamingue,9,8,2.0
2023-2024,CISSS de l'Abitibi-Témiscamingue,9,9,190.0
2023-2024,CISSS de l'Abitibi-Témiscamingue,10,3,9.0
2023-2024,CISSS de l'Abitibi-Témiscamingue,10,4,3.0
2023-2024,CISSS de l'Abitibi-Témiscamingue,10,5,24.0
2023-2024,CISSS de l'Abitibi-Témiscamingue,10,6,7.0
2023-2024,CISSS de l'Abitibi-Témiscamingue,10,7,2.0
2023-2024,CISSS de l'Abitibi-Témiscamingue,10,8,1.0
2023-2024,CISSS de l'Abitibi-Témiscamingue,10,9,46.0
2023-2024,CISSS de l'Abitibi-Témiscamingue,12,2,1.0
2023-2024,CISSS de l'Abitibi-Témiscamingue,12,3,1.0
2023-2024,CISSS de l'Abitibi-Témiscamingue,12,4,1.0
2023-2024,CISSS de l'Abitibi-Témiscamingue,12,5,6.0
2023-2024,CISSS de l'Abitibi-Témiscamingue,12,6,1.0
2023-2024,CISSS de l'Abitibi-Témiscamingue,12,7,1.0
2023-2024,CISSS de l'Abitibi-Témiscamingue,12,9,11.0
2023-2024,CISSS de l'Abitibi-Témiscamingue,13,1,74.0
2023-2024,CISSS de l'Abitibi-Témiscamingue,13,2,219.0
2023-2024,CISSS de l'Abitibi-Témiscamingue,13,3,122.0
2023-2024,CISSS de l'Abitibi-Témiscamingue,13,4,48.0
2023-2024,CISSS de l'Abitibi-Témiscamingue,13,5,212.0
2023-2024,CISSS de l'Abitibi-Témiscamingue,13,6,146.0
2023-2024,CISSS de l'Abitibi-Témiscamingue,13,7,34.0
2023-2024,CISSS de l'Abitibi-Témiscamingue,13,8,3.0
2023-2024,CISSS de l'Abitibi-Témiscamingue,13,9,858.0
2023-2024,CISSS de l'Outaouais,1,1,383.0
2023-2024,CISSS de l'Outaouais,1,2,368.0
2023-2024,CISSS de l'Outaouais,1,3,95.0
2023-2024,CISSS de l'Outaouais,1,4,48.0
2023-2024,CISSS de l'Outaouais,1,5,87.0
2023-2024,CISSS de l'Outaouais,1,6,9.0
2023-2024,CISSS de l'Outaouais,1,9,990.0
2023-2024,CISSS de l'Outaouais,2,4,5.0
2023-2024,CISSS de l'Outaouais,2,5,49.0
2023-2024,CISSS de l'Outaouais,2,6,19.0
2023-2024,CISSS de l'Outaouais,2,7,1.0
2023-2024,CISSS de l'Outaouais,2,9,74.0
2023-2024,CISSS de l'Outaouais,3,3,1.0
2023-2024,CISSS de l'Outaouais,3,9,1.0
2023-2024,CISSS de l'Outaouais,4,5,2.0
2023-2024,CISSS de l'Outaouais,4,6,11.0
2023-2024,CISSS de l'Outaouais,4,9,13.0
2023-2024,CISSS de l'Outaouais,5,2,2.0
2023-2024,CISSS de l'Outaouais,5,3,11.0
2023-2024,CISSS de l'Outaouais,5,4,8.0
2023-2024,CISSS de l'Outaouais,5,5,7.0
2023-2024,CISSS de l'Outaouais,5,6,2.0
2023-2024,CISSS de l'Outaouais,5,9,30.0
2023-2024,CISSS de l'Outaouais,7,3,1.0
2023-2024,CISSS de l'Outaouais,7,9,1.0
2023-2024,CISSS de l'Outaouais,8,4,5.0
2023-2024,CISSS de l'Outaouais,8,5,47.0
2023-2024,CISSS de l'Outaouais,8,6,24.0
2023-2024,CISSS de l'Outaouais,8,7,4.0
2023-2024,CISSS de l'Outaouais,8,9,80.0
2023-2024,CISSS de l'Outaouais,9,1,5.0
2023-2024,CISSS de l'Outaouais,9,2,13.0
2023-2024,CISSS de l'Outaouais,9,3,6.0
2023-2024,CISSS de l'Outaouais,9,4,1.0
2023-2024,CISSS de l'Outaouais,9,5,15.0
2023-2024,CISSS de l'Outaouais,9,6,21.0
2023-2024,CISSS de l'Outaouais,9,7,3.0
2023-2024,CISSS de l'Outaouais,9,9,64.0
2023-2024,CISSS de l'Outaouais,12,3,1.0
2023-2024,CISSS de l'Outaouais,12,4,1.0
2023-2024,CISSS de l'Outaouais,12,5,3.0
2023-2024,CISSS de l'Outaouais,12,6,2.0
2023-2024,CISSS de l'Outaouais,12,9,7.0
2023-2024,CISSS de l'Outaouais,13,1,388.0
2023-2024,CISSS de l'Outaouais,13,2,383.0
2023-2024,CISSS de l'Outaouais,13,3,115.0
2023-2024,CISSS de l'Outaouais,13,4,68.0
2023-2024,CISSS de l'Outaouais,13,5,210.0
2023-2024,CISSS de l'Outaouais,13,6,88.0
2023-2024,CISSS de l'Outaouais,13,7,8.0
2023-2024,CISSS de l'Outaouais,13,9,1260.0
2023-2024,CISSS de la Côte-Nord,1,1,40.0
2023-2024,CISSS de la Côte-Nord,1,2,107.0
2023-2024,CISSS de la Côte-Nord,1,3,71.0
2023-2024,CISSS de la Côte-Nord,1,4,14.0
2023-2024,CISSS de la Côte-Nord,1,5,24.0
2023-2024,CISSS de la Côte-Nord,1,6,6.0
2023-2024,CISSS de la Côte-Nord,1,9,262.0
2023-2024,CISSS de la Côte-Nord,2,1,1.0
2023-2024,CISSS de la Côte-Nord,2,2,11.0
2023-2024,CISSS de la Côte-Nord,2,3,5.0
2023-2024,CISSS de la Côte-Nord,2,4,2.0
2023-2024,CISSS de la Côte-Nord,2,5,5.0
2023-2024,CISSS de la Côte-Nord,2,6,7.0
2023-2024,CISSS de la Côte-Nord,2,7,2.0
2023-2024,CISSS de la Côte-Nord,2,9,33.0
2023-2024,CISSS de la Côte-Nord,3,2,1.0
2023-2024,CISSS de la Côte-Nord,3,5,1.0
2023-2024,CISSS de la Côte-Nord,3,7,1.0
2023-2024,CISSS de la Côte-Nord,3,9,3.0
2023-2024,CISSS de la Côte-Nord,5,4,2.0
2023-2024,CISSS de la Côte-Nord,5,5,9.0
2023-2024,CISSS de la Côte-Nord,5,6,2.0
2023-2024,CISSS de la Côte-Nord,5,9,13.0
2023-2024,CISSS de la Côte-Nord,7,3,1.0
2023-2024,CISSS de la Côte-Nord,7,6,2.0
2023-2024,CISSS de la Côte-Nord,7,7,1.0
2023-2024,CISSS de la Côte-Nord,7,9,4.0
2023-2024,CISSS de la Côte-Nord,8,4,3.0
2023-2024,CISSS de la Côte-Nord,8,5,22.0
2023-2024,CISSS de la Côte-Nord,8,6,43.0
2023-2024,CISSS de la Côte-Nord,8,7,12.0
2023-2024,CISSS de la Côte-Nord,8,8,2.0
2023-2024,CISSS de la Côte-Nord,8,9,82.0
2023-2024,CISSS de la Côte-Nord,9,1,2.0
2023-2024,CISSS de la Côte-Nord,9,2,4.0
2023-2024,CISSS de la Côte-Nord,9,4,2.0
2023-2024,CISSS de la Côte-Nord,9,5,8.0
2023-2024,CISSS de la Côte-Nord,9,6,25.0
2023-2024,CISSS de la Côte-Nord,9,7,9.0
2023-2024,CISSS de la Côte-Nord,9,9,50.0
2023-2024,CISSS de la Côte-Nord,11,5,1.0
2023-2024,CISSS de la Côte-Nord,11,9,1.0
2023-2024,CISSS de la Côte-Nord,12,2,1.0
2023-2024,CISSS de la Côte-Nord,12,4,1.0
2023-2024,CISSS de la Côte-Nord,12,5,3.0
2023-2024,CISSS de la Côte-Nord,12,9,5.0
2023-2024,CISSS de la Côte-Nord,13,1,43.0
2023-2024,CISSS de la Côte-Nord,13,2,124.0
2023-2024,CISSS de la Côte-Nord,13,3,77.0
2023-2024,CISSS de la Côte-Nord,13,4,24.0
2023-2024,CISSS de la Côte-Nord,13,5,73.0
2023-2024,CISSS de la Côte-Nord,13,6,85.0
2023-2024,CISSS de la Côte-Nord,13,7,25.0
2023-2024,CISSS de la Côte-Nord,13,8,2.0
2023-2024,CISSS de la Côte-Nord,13,9,453.0
2023-2024,CISSS de la Gaspésie,1,1,40.0
2023-2024,CISSS de la Gaspésie,1,2,112.0
2023-2024,CISSS de la Gaspésie,1,3,74.0
2023-2024,CISSS de la Gaspésie,1,4,19.0
2023-2024,CISSS de la Gaspésie,1,5,36.0
2023-2024,CISSS de la Gaspésie,1,6,9.0
2023-2024,CISSS de la Gaspésie,1,9,290.0
2023-2024,CISSS de la Gaspésie,2,2,3.0
2023-2024,CISSS de la Gaspésie,2,3,4.0
2023-2024,CISSS de la Gaspésie,2,4,3.0
2023-2024,CISSS de la Gaspésie,2,5,17.0
2023-2024,CISSS de la Gaspésie,2,6,4.0
2023-2024,CISSS de la Gaspésie,2,9,31.0
2023-2024,CISSS de la Gaspésie,5,3,1.0
2023-2024,CISSS de la Gaspésie,5,4,1.0
2023-2024,CISSS de la Gaspésie,5,5,10.0
2023-2024,CISSS de la Gaspésie,5,6,8.0
2023-2024,CISSS de la Gaspésie,5,9,20.0
2023-2024,CISSS de la Gaspésie,7,4,1.0
2023-2024,CISSS de la Gaspésie,7,6,1.0
2023-2024,CISSS de la Gaspésie,7,7,1.0
2023-2024,CISSS de la Gaspésie,7,9,3.0
2023-2024,CISSS de la Gaspésie,8,4,1.0
2023-2024,CISSS de la Gaspésie,8,6,1.0
2023-2024,CISSS de la Gaspésie,8,9,2.0
2023-2024,CISSS de la Gaspésie,9,1,3.0
2023-2024,CISSS de la Gaspésie,9,2,7.0
2023-2024,CISSS de la Gaspésie,9,3,3.0
2023-2024,CISSS de la Gaspésie,9,4,3.0
2023-2024,CISSS de la Gaspésie,9,5,7.0
2023-2024,CISSS de la Gaspésie,9,6,4.0
2023-2024,CISSS de la Gaspésie,9,7,2.0
2023-2024,CISSS de la Gaspésie,9,9,29.0
2023-2024,CISSS de la Gaspésie,12,4,1.0
2023-2024,CISSS de la Gaspésie,12,6,1.0
2023-2024,CISSS de la Gaspésie,12,7,1.0
2023-2024,CISSS de la Gaspésie,12,9,3.0
2023-2024,CISSS de la Gaspésie,13,1,43.0
2023-2024,CISSS de la Gaspésie,13,2,122.0
2023-2024,CISSS de la Gaspésie,13,3,82.0
2023-2024,CISSS de la Gaspésie,13,4,29.0
2023-2024,CISSS de la Gaspésie,13,5,70.0
2023-2024,CISSS de la Gaspésie,13,6,28.0
2023-2024,CISSS de la Gaspésie,13,7,4.0
2023-2024,CISSS de la Gaspésie,13,9,378.0
2023-2024,CISSS de la Montérégie-Ouest,1,1,828.0
2023-2024,CISSS de la Montérégie-Ouest,1,2,1256.0
2023-2024,CISSS de la Montérégie-Ouest,1,3,620.0
2023-2024,CISSS de la Montérégie-Ouest,1,4,165.0
2023-2024,CISSS de la Montérégie-Ouest,1,5,469.0
2023-2024,CISSS de la Montérégie-Ouest,1,6,70.0
2023-2024,CISSS de la Montérégie-Ouest,1,7,3.0
2023-2024,CISSS de la Montérégie-Ouest,1,9,3411.0
2023-2024,CISSS de la Montérégie-Ouest,2,1,1.0
2023-2024,CISSS de la Montérégie-Ouest,2,4,16.0
2023-2024,CISSS de la Montérégie-Ouest,2,5,130.0
2023-2024,CISSS de la Montérégie-Ouest,2,6,40.0
2023-2024,CISSS de la Montérégie-Ouest,2,7,5.0
2023-2024,CISSS de la Montérégie-Ouest,2,9,192.0
2023-2024,CISSS de la Montérégie-Ouest,3,1,15.0
2023-2024,CISSS de la Montérégie-Ouest,3,2,34.0
2023-2024,CISSS de la Montérégie-Ouest,3,3,37.0
2023-2024,CISSS de la Montérégie-Ouest,3,4,11.0
2023-2024,CISSS de la Montérégie-Ouest,3,5,25.0
2023-2024,CISSS de la Montérégie-Ouest,3,6,17.0
2023-2024,CISSS de la Montérégie-Ouest,3,7,2.0
2023-2024,CISSS de la Montérégie-Ouest,3,9,141.0
2023-2024,CISSS de la Montérégie-Ouest,4,2,3.0
2023-2024,CISSS de la Montérégie-Ouest,4,3,9.0
2023-2024,CISSS de la Montérégie-Ouest,4,4,2.0
2023-2024,CISSS de la Montérégie-Ouest,4,5,28.0
2023-2024,CISSS de la Montérégie-Ouest,4,6,26.0
2023-2024,CISSS de la Montérégie-Ouest,4,7,8.0
2023-2024,CISSS de la Montérégie-Ouest,4,8,2.0
2023-2024,CISSS de la Montérégie-Ouest,4,9,78.0
2023-2024,CISSS de la Montérégie-Ouest,5,2,8.0
2023-2024,CISSS de la Montérégie-Ouest,5,3,34.0
2023-2024,CISSS de la Montérégie-Ouest,5,4,17.0
2023-2024,CISSS de la Montérégie-Ouest,5,5,55.0
2023-2024,CISSS de la Montérégie-Ouest,5,6,17.0
2023-2024,CISSS de la Montérégie-Ouest,5,7,1.0
2023-2024,CISSS de la Montérégie-Ouest,5,9,132.0
2023-2024,CISSS de la Montérégie-Ouest,7,3,1.0
2023-2024,CISSS de la Montérégie-Ouest,7,4,4.0
2023-2024,CISSS de la Montérégie-Ouest,7,5,10.0
2023-2024,CISSS de la Montérégie-Ouest,7,6,6.0
2023-2024,CISSS de la Montérégie-Ouest,7,7,4.0
2023-2024,CISSS de la Montérégie-Ouest,7,8,2.0
2023-2024,CISSS de la Montérégie-Ouest,7,9,27.0
2023-2024,CISSS de la Montérégie-Ouest,8,2,13.0
2023-2024,CISSS de la Montérégie-Ouest,8,3,31.0
2023-2024,CISSS de la Montérégie-Ouest,8,4,22.0
2023-2024,CISSS de la Montérégie-Ouest,8,5,131.0
2023-2024,CISSS de la Montérégie-Ouest,8,6,127.0
2023-2024,CISSS de la Montérégie-Ouest,8,7,34.0
2023-2024,CISSS de la Montérégie-Ouest,8,8,6.0
2023-2024,CISSS de la Montérégie-Ouest,8,9,364.0
2023-2024,CISSS de la Montérégie-Ouest,9,1,1.0
2023-2024,CISSS de la Montérégie-Ouest,9,2,28.0
2023-2024,CISSS de la Montérégie-Ouest,9,3,34.0
2023-2024,CISSS de la Montérégie-Ouest,9,4,31.0
2023-2024,CISSS de la Montérégie-Ouest,9,5,251.0
2023-2024,CISSS de la Montérégie-Ouest,9,6,287.0
2023-2024,CISSS de la Montérégie-Ouest,9,7,79.0
2023-2024,CISSS de la Montérégie-Ouest,9,8,16.0
2023-2024,CISSS de la Montérégie-Ouest,9,9,727.0
2023-2024,CISSS de la Montérégie-Ouest,10,3,1.0
2023-2024,CISSS de la Montérégie-Ouest,10,4,2.0
2023-2024,CISSS de la Montérégie-Ouest,10,5,17.0
2023-2024,CISSS de la Montérégie-Ouest,10,9,20.0
2023-2024,CISSS de la Montérégie-Ouest,12,4,2.0
2023-2024,CISSS de la Montérégie-Ouest,12,5,5.0
2023-2024,CISSS de la Montérégie-Ouest,12,6,5.0
2023-2024,CISSS de la Montérégie-Ouest,12,9,12.0
2023-2024,CISSS de la Montérégie-Ouest,13,1,845.0
2023-2024,CISSS de la Montérégie-Ouest,13,2,1342.0
2023-2024,CISSS de la Montérégie-Ouest,13,3,767.0
2023-2024,CISSS de la Montérégie-Ouest,13,4,272.0
2023-2024,CISSS de la Montérégie-Ouest,13,5,1121.0
2023-2024,CISSS de la Montérégie-Ouest,13,6,595.0
2023-2024,CISSS de la Montérégie-Ouest,13,7,136.0
2023-2024,CISSS de la Montérégie-Ouest,13,8,26.0
2023-2024,CISSS de la Montérégie-Ouest,13,9,5104.0
2023-2024,CISSS des Laurentides,1,1,241.0
2023-2024,CISSS des Laurentides,1,2,197.0
2023-2024,CISSS des Laurentides,1,3,78.0
2023-2024,CISSS des Laurentides,1,4,65.0
2023-2024,CISSS des Laurentides,1,5,237.0
2023-2024,CISSS des Laurentides,1,6,34.0
2023-2024,CISSS des Laurentides,1,7,5.0
2023-2024,CISSS des Laurentides,1,9,857.0
2023-2024,CISSS des Laurentides,2,2,4.0
2023-2024,CISSS des Laurentides,2,3,1.0
2023-2024,CISSS des Laurentides,2,5,44.0
2023-2024,CISSS des Laurentides,2,6,23.0
2023-2024,CISSS des Laurentides,2,7,3.0
2023-2024,CISSS des Laurentides,2,9,75.0
2023-2024,CISSS des Laurentides,3,5,1.0
2023-2024,CISSS des Laurentides,3,9,1.0
2023-2024,CISSS des Laurentides,4,6,1.0
2023-2024,CISSS des Laurentides,4,9,1.0
2023-2024,CISSS des Laurentides,5,2,4.0
2023-2024,CISSS des Laurentides,5,3,5.0
2023-2024,CISSS des Laurentides,5,4,1.0
2023-2024,CISSS des Laurentides,5,5,10.0
2023-2024,CISSS des Laurentides,5,6,6.0
2023-2024,CISSS des Laurentides,5,9,26.0
2023-2024,CISSS des Laurentides,6,5,8.0
2023-2024,CISSS des Laurentides,6,6,2.0
2023-2024,CISSS des Laurentides,6,9,10.0
2023-2024,CISSS des Laurentides,7,3,2.0
2023-2024,CISSS des Laurentides,7,5,1.0
2023-2024,CISSS des Laurentides,7,6,3.0
2023-2024,CISSS des Laurentides,7,9,6.0
2023-2024,CISSS des Laurentides,8,2,7.0
2023-2024,CISSS des Laurentides,8,3,11.0
2023-2024,CISSS des Laurentides,8,4,17.0
2023-2024,CISSS des Laurentides,8,5,121.0
2023-2024,CISSS des Laurentides,8,6,56.0
2023-2024,CISSS des Laurentides,8,7,9.0
2023-2024,CISSS des Laurentides,8,8,4.0
2023-2024,CISSS des Laurentides,8,9,225.0
2023-2024,CISSS des Laurentides,9,1,7.0
2023-2024,CISSS des Laurentides,9,2,8.0
2023-2024,CISSS des Laurentides,9,3,12.0
2023-2024,CISSS des Laurentides,9,4,9.0
2023-2024,CISSS des Laurentides,9,5,36.0
2023-2024,CISSS des Laurentides,9,6,41.0
2023-2024,CISSS des Laurentides,9,7,11.0
2023-2024,CISSS des Laurentides,9,9,124.0
2023-2024,CISSS des Laurentides,10,3,4.0
2023-2024,CISSS des Laurentides,10,4,2.0
2023-2024,CISSS des Laurentides,10,5,2.0
2023-2024,CISSS des Laurentides,10,6,5.0
2023-2024,CISSS des Laurentides,10,7,4.0
2023-2024,CISSS des Laurentides,10,9,17.0
2023-2024,CISSS des Laurentides,12,1,1.0
2023-2024,CISSS des Laurentides,12,2,2.0
2023-2024,CISSS des Laurentides,12,3,2.0
2023-2024,CISSS des Laurentides,12,4,1.0
2023-2024,CISSS des Laurentides,12,5,8.0
2023-2024,CISSS des Laurentides,12,6,6.0
2023-2024,CISSS des Laurentides,12,7,1.0
2023-2024,CISSS des Laurentides,12,9,21.0
2023-2024,CISSS des Laurentides,13,1,249.0
2023-2024,CISSS des Laurentides,13,2,222.0
2023-2024,CISSS des Laurentides,13,3,115.0
2023-2024,CISSS des Laurentides,13,4,95.0
2023-2024,CISSS des Laurentides,13,5,468.0
2023-2024,CISSS des Laurentides,13,6,177.0
2023-2024,CISSS des Laurentides,13,7,33.0
2023-2024,CISSS des Laurentides,13,8,4.0
2023-2024,CISSS des Laurentides,13,9,1363.0
2023-2024,CISSS des Îles,1,1,8.0
2023-2024,CISSS des Îles,1,2,5.0
2023-2024,CISSS des Îles,1,3,4.0
2023-2024,CISSS des Îles,1,4,7.0
2023-2024,CISSS des Îles,1,5,14.0
2023-2024,CISSS des Îles,1,6,3.0
2023-2024,CISSS des Îles,1,9,41.0
2023-2024,CISSS des Îles,2,6,5.0
2023-2024,CISSS des Îles,2,9,5.0
2023-2024,CISSS des Îles,4,4,3.0
2023-2024,CISSS des Îles,4,5,1.0
2023-2024,CISSS des Îles,4,9,4.0
2023-2024,CISSS des Îles,8,2,1.0
2023-2024,CISSS des Îles,8,5,3.0
2023-2024,CISSS des Îles,8,6,8.0
2023-2024,CISSS des Îles,8,7,2.0
2023-2024,CISSS des Îles,8,9,14.0
2023-2024,CISSS des Îles,12,6,2.0
2023-2024,CISSS des Îles,12,9,2.0
2023-2024,CISSS des Îles,13,1,8.0
2023-2024,CISSS des Îles,13,2,6.0
2023-2024,CISSS des Îles,13,3,4.0
2023-2024,CISSS des Îles,13,4,10.0
2023-2024,CISSS des Îles,13,5,18.0
2023-2024,CISSS des Îles,13,6,18.0
2023-2024,CISSS des Îles,13,7,2.0
2023-2024,CISSS des Îles,13,9,66.0
2023-2024,CISSS du Bas-St-Laurent,1,1,142.0
2023-2024,CISSS du Bas-St-Laurent,1,2,258.0
2023-2024,CISSS du Bas-St-Laurent,1,3,242.0
2023-2024,CISSS du Bas-St-Laurent,1,4,32.0
2023-2024,CISSS du Bas-St-Laurent,1,5,51.0
2023-2024,CISSS du Bas-St-Laurent,1,6,6.0
2023-2024,CISSS du Bas-St-Laurent,1,9,731.0
2023-2024,CISSS du Bas-St-Laurent,2,1,1.0
2023-2024,CISSS du Bas-St-Laurent,2,3,8.0
2023-2024,CISSS du Bas-St-Laurent,2,4,8.0
2023-2024,CISSS du Bas-St-Laurent,2,5,35.0
2023-2024,CISSS du Bas-St-Laurent,2,6,15.0
2023-2024,CISSS du Bas-St-Laurent,2,7,1.0
2023-2024,CISSS du Bas-St-Laurent,2,9,68.0
2023-2024,CISSS du Bas-St-Laurent,5,2,4.0
2023-2024,CISSS du Bas-St-Laurent,5,3,5.0
2023-2024,CISSS du Bas-St-Laurent,5,4,4.0
2023-2024,CISSS du Bas-St-Laurent,5,5,13.0
2023-2024,CISSS du Bas-St-Laurent,5,6,4.0
2023-2024,CISSS du Bas-St-Laurent,5,9,30.0
2023-2024,CISSS du Bas-St-Laurent,7,4,1.0
2023-2024,CISSS du Bas-St-Laurent,7,6,1.0
2023-2024,CISSS du Bas-St-Laurent,7,9,2.0
2023-2024,CISSS du Bas-St-Laurent,8,3,2.0
2023-2024,CISSS du Bas-St-Laurent,8,4,4.0
2023-2024,CISSS du Bas-St-Laurent,8,5,25.0
2023-2024,CISSS du Bas-St-Laurent,8,6,14.0
2023-2024,CISSS du Bas-St-Laurent,8,7,1.0
2023-2024,CISSS du Bas-St-Laurent,8,9,46.0
2023-2024,CISSS du Bas-St-Laurent,9,1,4.0
2023-2024,CISSS du Bas-St-Laurent,9,2,7.0
2023-2024,CISSS du Bas-St-Laurent,9,3,15.0
2023-2024,CISSS du Bas-St-Laurent,9,4,10.0
2023-2024,CISSS du Bas-St-Laurent,9,5,27.0
2023-2024,CISSS du Bas-St-Laurent,9,6,24.0
2023-2024,CISSS du Bas-St-Laurent,9,7,5.0
2023-2024,CISSS du Bas-St-Laurent,9,8,1.0
2023-2024,CISSS du Bas-St-Laurent,9,9,93.0
2023-2024,CISSS du Bas-St-Laurent,11,3,3.0
2023-2024,CISSS du Bas-St-Laurent,11,9,3.0
2023-2024,CISSS du Bas-St-Laurent,12,5,4.0
2023-2024,CISSS du Bas-St-Laurent,12,6,1.0
2023-2024,CISSS du Bas-St-Laurent,12,9,5.0
2023-2024,CISSS du Bas-St-Laurent,13,1,147.0
2023-2024,CISSS du Bas-St-Laurent,13,2,269.0
2023-2024,CISSS du Bas-St-Laurent,13,3,275.0
2023-2024,CISSS du Bas-St-Laurent,13,4,59.0
2023-2024,CISSS du Bas-St-Laurent,13,5,155.0
2023-2024,CISSS du Bas-St-Laurent,13,6,65.0
2023-2024,CISSS du Bas-St-Laurent,13,7,7.0
2023-2024,CISSS du Bas-St-Laurent,13,8,1.0
2023-2024,CISSS du Bas-St-Laurent,13,9,978.0
2023-2024,CIUSSS de l'Estrie - CHUS,1,1,202.0
2023-2024,CIUSSS de l'Estrie - CHUS,1,2,291.0
2023-2024,CIUSSS de l'Estrie - CHUS,1,3,156.0
2023-2024,CIUSSS de l'Estrie - CHUS,1,4,43.0
2023-2024,CIUSSS de l'Estrie - CHUS,1,5,201.0
2023-2024,CIUSSS de l'Estrie - CHUS,1,6,51.0
2023-2024,CIUSSS de l'Estrie - CHUS,1,7,1.0
2023-2024,CIUSSS de l'Estrie - CHUS,1,9,945.0
2023-2024,CIUSSS de l'Estrie - CHUS,2,3,1.0
2023-2024,CIUSSS de l'Estrie - CHUS,2,4,5.0
2023-2024,CIUSSS de l'Estrie - CHUS,2,5,45.0
2023-2024,CIUSSS de l'Estrie - CHUS,2,6,34.0
2023-2024,CIUSSS de l'Estrie - CHUS,2,7,3.0
2023-2024,CIUSSS de l'Estrie - CHUS,2,9,88.0
2023-2024,CIUSSS de l'Estrie - CHUS,3,1,6.0
2023-2024,CIUSSS de l'Estrie - CHUS,3,2,21.0
2023-2024,CIUSSS de l'Estrie - CHUS,3,3,19.0
2023-2024,CIUSSS de l'Estrie - CHUS,3,4,5.0
2023-2024,CIUSSS de l'Estrie - CHUS,3,5,49.0
2023-2024,CIUSSS de l'Estrie - CHUS,3,6,75.0
2023-2024,CIUSSS de l'Estrie - CHUS,3,7,12.0
2023-2024,CIUSSS de l'Estrie - CHUS,3,9,187.0
2023-2024,CIUSSS de l'Estrie - CHUS,4,5,2.0
2023-2024,CIUSSS de l'Estrie - CHUS,4,6,7.0
2023-2024,CIUSSS de l'Estrie - CHUS,4,7,1.0
2023-2024,CIUSSS de l'Estrie - CHUS,4,9,10.0
2023-2024,CIUSSS de l'Estrie - CHUS,5,2,5.0
2023-2024,CIUSSS de l'Estrie - CHUS,5,3,26.0
2023-2024,CIUSSS de l'Estrie - CHUS,5,4,10.0
2023-2024,CIUSSS de l'Estrie - CHUS,5,5,23.0
2023-2024,CIUSSS de l'Estrie - CHUS,5,6,6.0
2023-2024,CIUSSS de l'Estrie - CHUS,5,7,1.0
2023-2024,CIUSSS de l'Estrie - CHUS,5,9,71.0
2023-2024,CIUSSS de l'Estrie - CHUS,6,3,1.0
2023-2024,CIUSSS de l'Estrie - CHUS,6,6,2.0
2023-2024,CIUSSS de l'Estrie - CHUS,6,9,3.0
2023-2024,CIUSSS de l'Estrie - CHUS,7,6,1.0
2023-2024,CIUSSS de l'Estrie - CHUS,7,9,1.0
2023-2024,CIUSSS de l'Estrie - CHUS,8,4,2.0
2023-2024,CIUSSS de l'Estrie - CHUS,8,5,23.0
2023-2024,CIUSSS de l'Estrie - CHUS,8,6,41.0
2023-2024,CIUSSS de l'Estrie - CHUS,8,7,14.0
2023-2024,CIUSSS de l'Estrie - CHUS,8,8,3.0
2023-2024,CIUSSS de l'Estrie - CHUS,8,9,83.0
2023-2024,CIUSSS de l'Estrie - CHUS,9,2,10.0
2023-2024,CIUSSS de l'Estrie - CHUS,9,3,15.0
2023-2024,CIUSSS de l'Estrie - CHUS,9,4,14.0
2023-2024,CIUSSS de l'Estrie - CHUS,9,5,78.0
2023-2024,CIUSSS de l'Estrie - CHUS,9,6,70.0
2023-2024,CIUSSS de l'Estrie - CHUS,9,7,34.0
2023-2024,CIUSSS de l'Estrie - CHUS,9,8,4.0
2023-2024,CIUSSS de l'Estrie - CHUS,9,9,225.0
2023-2024,CIUSSS de l'Estrie - CHUS,12,2,2.0
2023-2024,CIUSSS de l'Estrie - CHUS,12,3,1.0
2023-2024,CIUSSS de l'Estrie - CHUS,12,4,3.0
2023-2024,CIUSSS de l'Estrie - CHUS,12,5,17.0
2023-2024,CIUSSS de l'Estrie - CHUS,12,6,14.0
2023-2024,CIUSSS de l'Estrie - CHUS,12,7,5.0
2023-2024,CIUSSS de l'Estrie - CHUS,12,9,42.0
2023-2024,CIUSSS de l'Estrie - CHUS,13,1,208.0
2023-2024,CIUSSS de l'Estrie - CHUS,13,2,329.0
2023-2024,CIUSSS de l'Estrie - CHUS,13,3,219.0
2023-2024,CIUSSS de l'Estrie - CHUS,13,4,82.0
2023-2024,CIUSSS de l'Estrie - CHUS,13,5,438.0
2023-2024,CIUSSS de l'Estrie - CHUS,13,6,301.0
2023-2024,CIUSSS de l'Estrie - CHUS,13,7,71.0
2023-2024,CIUSSS de l'Estrie - CHUS,13,8,7.0
2023-2024,CIUSSS de l'Estrie - CHUS,13,9,1655.0
2023-2024,CIUSSS de l'Ouest-de-l'Île-de-Montréal,1,1,103.0
2023-2024,CIUSSS de l'Ouest-de-l'Île-de-Montréal,1,2,292.0
2023-2024,CIUSSS de l'Ouest-de-l'Île-de-Montréal,1,3,176.0
2023-2024,CIUSSS de l'Ouest-de-l'Île-de-Montréal,1,4,103.0
2023-2024,CIUSSS de l'Ouest-de-l'Île-de-Montréal,1,5,345.0
2023-2024,CIUSSS de l'Ouest-de-l'Île-de-Montréal,1,6,61.0
2023-2024,CIUSSS de l'Ouest-de-l'Île-de-Montréal,1,7,1.0
2023-2024,CIUSSS de l'Ouest-de-l'Île-de-Montréal,1,8,1.0
2023-2024,CIUSSS de l'Ouest-de-l'Île-de-Montréal,1,9,1082.0
2023-2024,CIUSSS de l'Ouest-de-l'Île-de-Montréal,2,4,1.0
2023-2024,CIUSSS de l'Ouest-de-l'Île-de-Montréal,2,5,35.0
2023-2024,CIUSSS de l'Ouest-de-l'Île-de-Montréal,2,6,32.0
2023-2024,CIUSSS de l'Ouest-de-l'Île-de-Montréal,2,7,9.0
2023-2024,CIUSSS de l'Ouest-de-l'Île-de-Montréal,2,9,77.0
2023-2024,CIUSSS de l'Ouest-de-l'Île-de-Montréal,5,3,2.0
2023-2024,CIUSSS de l'Ouest-de-l'Île-de-Montréal,5,4,1.0
2023-2024,CIUSSS de l'Ouest-de-l'Île-de-Montréal,5,5,5.0
2023-2024,CIUSSS de l'Ouest-de-l'Île-de-Montréal,5,6,4.0
2023-2024,CIUSSS de l'Ouest-de-l'Île-de-Montréal,5,9,12.0
2023-2024,CIUSSS de l'Ouest-de-l'Île-de-Montréal,7,6,1.0
2023-2024,CIUSSS de l'Ouest-de-l'Île-de-Montréal,7,7,1.0
2023-2024,CIUSSS de l'Ouest-de-l'Île-de-Montréal,7,9,2.0
2023-2024,CIUSSS de l'Ouest-de-l'Île-de-Montréal,8,2,10.0
2023-2024,CIUSSS de l'Ouest-de-l'Île-de-Montréal,8,3,26.0
2023-2024,CIUSSS de l'Ouest-de-l'Île-de-Montréal,8,4,14.0
2023-2024,CIUSSS de l'Ouest-de-l'Île-de-Montréal,8,5,96.0
2023-2024,CIUSSS de l'Ouest-de-l'Île-de-Montréal,8,6,66.0
2023-2024,CIUSSS de l'Ouest-de-l'Île-de-Montréal,8,7,8.0
2023-2024,CIUSSS de l'Ouest-de-l'Île-de-Montréal,8,8,5.0
2023-2024,CIUSSS de l'Ouest-de-l'Île-de-Montréal,8,9,225.0
2023-2024,CIUSSS de l'Ouest-de-l'Île-de-Montréal,9,1,1.0
2023-2024,CIUSSS de l'Ouest-de-l'Île-de-Montréal,9,2,4.0
2023-2024,CIUSSS de l'Ouest-de-l'Île-de-Montréal,9,3,9.0
2023-2024,CIUSSS de l'Ouest-de-l'Île-de-Montréal,9,4,14.0
2023-2024,CIUSSS de l'Ouest-de-l'Île-de-Montréal,9,5,127.0
2023-2024,CIUSSS de l'Ouest-de-l'Île-de-Montréal,9,6,163.0
2023-2024,CIUSSS de l'Ouest-de-l'Île-de-Montréal,9,7,35.0
2023-2024,CIUSSS de l'Ouest-de-l'Île-de-Montréal,9,8,13.0
2023-2024,CIUSSS de l'Ouest-de-l'Île-de-Montréal,9,9,366.0
2023-2024,CIUSSS de l'Ouest-de-l'Île-de-Montréal,12,1,1.0
2023-2024,CIUSSS de l'Ouest-de-l'Île-de-Montréal,12,3,1.0
2023-2024,CIUSSS de l'Ouest-de-l'Île-de-Montréal,12,5,1.0
2023-2024,CIUSSS de l'Ouest-de-l'Île-de-Montréal,12,6,7.0
2023-2024,CIUSSS de l'Ouest-de-l'Île-de-Montréal,12,7,2.0
2023-2024,CIUSSS de l'Ouest-de-l'Île-de-Montréal,12,9,12.0
2023-2024,CIUSSS de l'Ouest-de-l'Île-de-Montréal,13,1,105.0
2023-2024,CIUSSS de l'Ouest-de-l'Île-de-Montréal,13,2,306.0
2023-2024,CIUSSS de l'Ouest-de-l'Île-de-Montréal,13,3,214.0
2023-2024,CIUSSS de l'Ouest-de-l'Île-de-Montréal,13,4,133.0
2023-2024,CIUSSS de l'Ouest-de-l'Île-de-Montréal,13,5,609.0
2023-2024,CIUSSS de l'Ouest-de-l'Île-de-Montréal,13,6,334.0
2023-2024,CIUSSS de l'Ouest-de-l'Île-de-Montréal,13,7,56.0
2023-2024,CIUSSS de l'Ouest-de-l'Île-de-Montréal,13,8,19.0
2023-2024,CIUSSS de l'Ouest-de-l'Île-de-Montréal,13,9,1776.0
2023-2024,CIUSSS de la Capitale-Nationale,1,1,193.0
2023-2024,CIUSSS de la Capitale-Nationale,1,2,53.0
2023-2024,CIUSSS de la Capitale-Nationale,1,3,5.0
2023-2024,CIUSSS de la Capitale-Nationale,1,4,17.0
2023-2024,CIUSSS de la Capitale-Nationale,1,5,282.0
2023-2024,CIUSSS de la Capitale-Nationale,1,6,59.0
2023-2024,CIUSSS de la Capitale-Nationale,1,8,2.0
2023-2024,CIUSSS de la Capitale-Nationale,1,9,611.0
2023-2024,CIUSSS de la Capitale-Nationale,2,5,26.0
2023-2024,CIUSSS de la Capitale-Nationale,2,6,21.0
2023-2024,CIUSSS de la Capitale-Nationale,2,7,4.0
2023-2024,CIUSSS de la Capitale-Nationale,2,8,1.0
2023-2024,CIUSSS de la Capitale-Nationale,2,9,52.0
2023-2024,CIUSSS de la Capitale-Nationale,3,5,2.0
2023-2024,CIUSSS de la Capitale-Nationale,3,6,1.0
2023-2024,CIUSSS de la Capitale-Nationale,3,9,3.0
2023-2024,CIUSSS de la Capitale-Nationale,5,2,9.0
2023-2024,CIUSSS de la Capitale-Nationale,5,3,21.0
2023-2024,CIUSSS de la Capitale-Nationale,5,4,7.0
2023-2024,CIUSSS de la Capitale-Nationale,5,5,92.0
2023-2024,CIUSSS de la Capitale-Nationale,5,6,47.0
2023-2024,CIUSSS de la Capitale-Nationale,5,7,11.0
2023-2024,CIUSSS de la Capitale-Nationale,5,8,4.0
2023-2024,CIUSSS de la Capitale-Nationale,5,9,191.0
2023-2024,CIUSSS de la Capitale-Nationale,7,5,4.0
2023-2024,CIUSSS de la Capitale-Nationale,7,6,6.0
2023-2024,CIUSSS de la Capitale-Nationale,7,9,10.0
2023-2024,CIUSSS de la Capitale-Nationale,8,3,2.0
2023-2024,CIUSSS de la Capitale-Nationale,8,4,3.0
2023-2024,CIUSSS de la Capitale-Nationale,8,5,103.0
2023-2024,CIUSSS de la Capitale-Nationale,8,6,126.0
2023-2024,CIUSSS de la Capitale-Nationale,8,7,36.0
2023-2024,CIUSSS de la Capitale-Nationale,8,8,14.0
2023-2024,CIUSSS de la Capitale-Nationale,8,9,284.0
2023-2024,CIUSSS de la Capitale-Nationale,9,1,1.0
2023-2024,CIUSSS de la Capitale-Nationale,9,5,56.0
2023-2024,CIUSSS de la Capitale-Nationale,9,6,57.0
2023-2024,CIUSSS de la Capitale-Nationale,9,7,17.0
2023-2024,CIUSSS de la Capitale-Nationale,9,8,5.0
2023-2024,CIUSSS de la Capitale-Nationale,9,9,136.0
2023-2024,CIUSSS de la Capitale-Nationale,11,5,1.0
2023-2024,CIUSSS de la Capitale-Nationale,11,9,1.0
2023-2024,CIUSSS de la Capitale-Nationale,12,1,3.0
2023-2024,CIUSSS de la Capitale-Nationale,12,2,1.0
2023-2024,CIUSSS de la Capitale-Nationale,12,5,7.0
2023-2024,CIUSSS de la Capitale-Nationale,12,6,5.0
2023-2024,CIUSSS de la Capitale-Nationale,12,7,2.0
2023-2024,CIUSSS de la Capitale-Nationale,12,8,1.0
2023-2024,CIUSSS de la Capitale-Nationale,12,9,19.0
2023-2024,CIUSSS de la Capitale-Nationale,13,1,197.0
2023-2024,CIUSSS de la Capitale-Nationale,13,2,63.0
2023-2024,CIUSSS de la Capitale-Nationale,13,3,28.0
2023-2024,CIUSSS de la Capitale-Nationale,13,4,27.0
2023-2024,CIUSSS de la Capitale-Nationale,13,5,573.0
2023-2024,CIUSSS de la Capitale-Nationale,13,6,322.0
2023-2024,CIUSSS de la Capitale-Nationale,13,7,70.0
2023-2024,CIUSSS de la Capitale-Nationale,13,8,27.0
2023-2024,CIUSSS de la Capitale-Nationale,13,9,1307.0
2023-2024,CIUSSS de la Mauricie-et-du-Centre-du-Québec,1,1,265.0
2023-2024,CIUSSS de la Mauricie-et-du-Centre-du-Québec,1,2,605.0
2023-2024,CIUSSS de la Mauricie-et-du-Centre-du-Québec,1,3,316.0
2023-2024,CIUSSS de la Mauricie-et-du-Centre-du-Québec,1,4,122.0
2023-2024,CIUSSS de la Mauricie-et-du-Centre-du-Québec,1,5,387.0
2023-2024,CIUSSS de la Mauricie-et-du-Centre-du-Québec,1,6,60.0
2023-2024,CIUSSS de la Mauricie-et-du-Centre-du-Québec,1,7,2.0
2023-2024,CIUSSS de la Mauricie-et-du-Centre-du-Québec,1,9,1757.0
2023-2024,CIUSSS de la Mauricie-et-du-Centre-du-Québec,2,2,1.0
2023-2024,CIUSSS de la Mauricie-et-du-Centre-du-Québec,2,3,1.0
2023-2024,CIUSSS de la Mauricie-et-du-Centre-du-Québec,2,4,25.0
2023-2024,CIUSSS de la Mauricie-et-du-Centre-du-Québec,2,5,208.0
2023-2024,CIUSSS de la Mauricie-et-du-Centre-du-Québec,2,6,75.0
2023-2024,CIUSSS de la Mauricie-et-du-Centre-du-Québec,2,7,5.0
2023-2024,CIUSSS de la Mauricie-et-du-Centre-du-Québec,2,9,315.0
2023-2024,CIUSSS de la Mauricie-et-du-Centre-du-Québec,3,1,8.0
2023-2024,CIUSSS de la Mauricie-et-du-Centre-du-Québec,3,2,20.0
2023-2024,CIUSSS de la Mauricie-et-du-Centre-du-Québec,3,3,9.0
2023-2024,CIUSSS de la Mauricie-et-du-Centre-du-Québec,3,4,5.0
2023-2024,CIUSSS de la Mauricie-et-du-Centre-du-Québec,3,5,14.0
2023-2024,CIUSSS de la Mauricie-et-du-Centre-du-Québec,3,6,15.0
2023-2024,CIUSSS de la Mauricie-et-du-Centre-du-Québec,3,9,71.0
2023-2024,CIUSSS de la Mauricie-et-du-Centre-du-Québec,5,2,6.0
2023-2024,CIUSSS de la Mauricie-et-du-Centre-du-Québec,5,3,9.0
2023-2024,CIUSSS de la Mauricie-et-du-Centre-du-Québec,5,4,7.0
2023-2024,CIUSSS de la Mauricie-et-du-Centre-du-Québec,5,5,14.0
2023-2024,CIUSSS de la Mauricie-et-du-Centre-du-Québec,5,6,3.0
2023-2024,CIUSSS de la Mauricie-et-du-Centre-du-Québec,5,9,39.0
2023-2024,CIUSSS de la Mauricie-et-du-Centre-du-Québec,7,2,1.0
2023-2024,CIUSSS de la Mauricie-et-du-Centre-du-Québec,7,3,2.0
2023-2024,CIUSSS de la Mauricie-et-du-Centre-du-Québec,7,4,1.0
2023-2024,CIUSSS de la Mauricie-et-du-Centre-du-Québec,7,6,1.0
2023-2024,CIUSSS de la Mauricie-et-du-Centre-du-Québec,7,7,2.0
2023-2024,CIUSSS de la Mauricie-et-du-Centre-du-Québec,7,9,7.0
2023-2024,CIUSSS de la Mauricie-et-du-Centre-du-Québec,8,2,3.0
2023-2024,CIUSSS de la Mauricie-et-du-Centre-du-Québec,8,3,5.0
2023-2024,CIUSSS de la Mauricie-et-du-Centre-du-Québec,8,4,14.0
2023-2024,CIUSSS de la Mauricie-et-du-Centre-du-Québec,8,5,66.0
2023-2024,CIUSSS de la Mauricie-et-du-Centre-du-Québec,8,6,53.0
2023-2024,CIUSSS de la Mauricie-et-du-Centre-du-Québec,8,7,10.0
2023-2024,CIUSSS de la Mauricie-et-du-Centre-du-Québec,8,8,3.0
2023-2024,CIUSSS de la Mauricie-et-du-Centre-du-Québec,8,9,154.0
2023-2024,CIUSSS de la Mauricie-et-du-Centre-du-Québec,9,1,4.0
2023-2024,CIUSSS de la Mauricie-et-du-Centre-du-Québec,9,2,11.0
2023-2024,CIUSSS de la Mauricie-et-du-Centre-du-Québec,9,3,15.0
2023-2024,CIUSSS de la Mauricie-et-du-Centre-du-Québec,9,4,10.0
2023-2024,CIUSSS de la Mauricie-et-du-Centre-du-Québec,9,5,92.0
2023-2024,CIUSSS de la Mauricie-et-du-Centre-du-Québec,9,6,108.0
2023-2024,CIUSSS de la Mauricie-et-du-Centre-du-Québec,9,7,13.0
2023-2024,CIUSSS de la Mauricie-et-du-Centre-du-Québec,9,8,3.0
2023-2024,CIUSSS de la Mauricie-et-du-Centre-du-Québec,9,9,256.0
2023-2024,CIUSSS de la Mauricie-et-du-Centre-du-Québec,12,1,4.0
2023-2024,CIUSSS de la Mauricie-et-du-Centre-du-Québec,12,2,6.0
2023-2024,CIUSSS de la Mauricie-et-du-Centre-du-Québec,12,3,6.0
2023-2024,CIUSSS de la Mauricie-et-du-Centre-du-Québec,12,4,8.0
2023-2024,CIUSSS de la Mauricie-et-du-Centre-du-Québec,12,5,37.0
2023-2024,CIUSSS de la Mauricie-et-du-Centre-du-Québec,12,6,24.0
2023-2024,CIUSSS de la Mauricie-et-du-Centre-du-Québec,12,7,2.0
2023-2024,CIUSSS de la Mauricie-et-du-Centre-du-Québec,12,9,87.0
2023-2024,CIUSSS de la Mauricie-et-du-Centre-du-Québec,13,1,281.0
2023-2024,CIUSSS de la Mauricie-et-du-Centre-du-Québec,13,2,653.0
2023-2024,CIUSSS de la Mauricie-et-du-Centre-du-Québec,13,3,363.0
2023-2024,CIUSSS de la Mauricie-et-du-Centre-du-Québec,13,4,192.0
2023-2024,CIUSSS de la Mauricie-et-du-Centre-du-Québec,13,5,818.0
2023-2024,CIUSSS de la Mauricie-et-du-Centre-du-Québec,13,6,339.0
2023-2024,CIUSSS de la Mauricie-et-du-Centre-du-Québec,13,7,34.0
2023-2024,CIUSSS de la Mauricie-et-du-Centre-du-Québec,13,8,6.0
2023-2024,CIUSSS de la Mauricie-et-du-Centre-du-Québec,13,9,2686.0
2023-2024,CIUSSS du Centre-Ouest-de-l'Île-de-Montréal,1,1,250.0
2023-2024,CIUSSS du Centre-Ouest-de-l'Île-de-Montréal,1,2,233.0
2023-2024,CIUSSS du Centre-Ouest-de-l'Île-de-Montréal,1,3,94.0
2023-2024,CIUSSS du Centre-Ouest-de-l'Île-de-Montréal,1,4,53.0
2023-2024,CIUSSS du Centre-Ouest-de-l'Île-de-Montréal,1,5,181.0
2023-2024,CIUSSS du Centre-Ouest-de-l'Île-de-Montréal,1,6,19.0
2023-2024,CIUSSS du Centre-Ouest-de-l'Île-de-Montréal,1,9,830.0
2023-2024,CIUSSS du Centre-Ouest-de-l'Île-de-Montréal,2,3,1.0
2023-2024,CIUSSS du Centre-Ouest-de-l'Île-de-Montréal,2,4,3.0
2023-2024,CIUSSS du Centre-Ouest-de-l'Île-de-Montréal,2,5,25.0
2023-2024,CIUSSS du Centre-Ouest-de-l'Île-de-Montréal,2,6,15.0
2023-2024,CIUSSS du Centre-Ouest-de-l'Île-de-Montréal,2,7,2.0
2023-2024,CIUSSS du Centre-Ouest-de-l'Île-de-Montréal,2,8,1.0
2023-2024,CIUSSS du Centre-Ouest-de-l'Île-de-Montréal,2,9,47.0
2023-2024,CIUSSS du Centre-Ouest-de-l'Île-de-Montréal,4,6,6.0
2023-2024,CIUSSS du Centre-Ouest-de-l'Île-de-Montréal,4,7,2.0
2023-2024,CIUSSS du Centre-Ouest-de-l'Île-de-Montréal,4,8,1.0
2023-2024,CIUSSS du Centre-Ouest-de-l'Île-de-Montréal,4,9,9.0
2023-2024,CIUSSS du Centre-Ouest-de-l'Île-de-Montréal,5,4,2.0
2023-2024,CIUSSS du Centre-Ouest-de-l'Île-de-Montréal,5,5,18.0
2023-2024,CIUSSS du Centre-Ouest-de-l'Île-de-Montréal,5,6,12.0
2023-2024,CIUSSS du Centre-Ouest-de-l'Île-de-Montréal,5,7,4.0
2023-2024,CIUSSS du Centre-Ouest-de-l'Île-de-Montréal,5,9,36.0
2023-2024,CIUSSS du Centre-Ouest-de-l'Île-de-Montréal,7,5,1.0
2023-2024,CIUSSS du Centre-Ouest-de-l'Île-de-Montréal,7,6,1.0
2023-2024,CIUSSS du Centre-Ouest-de-l'Île-de-Montréal,7,9,2.0
2023-2024,CIUSSS du Centre-Ouest-de-l'Île-de-Montréal,8,1,1.0
2023-2024,CIUSSS du Centre-Ouest-de-l'Île-de-Montréal,8,2,3.0
2023-2024,CIUSSS du Centre-Ouest-de-l'Île-de-Montréal,8,3,8.0
2023-2024,CIUSSS du Centre-Ouest-de-l'Île-de-Montréal,8,4,5.0
2023-2024,CIUSSS du Centre-Ouest-de-l'Île-de-Montréal,8,5,41.0
2023-2024,CIUSSS du Centre-Ouest-de-l'Île-de-Montréal,8,6,40.0
2023-2024,CIUSSS du Centre-Ouest-de-l'Île-de-Montréal,8,7,20.0
2023-2024,CIUSSS du Centre-Ouest-de-l'Île-de-Montréal,8,8,2.0
2023-2024,CIUSSS du Centre-Ouest-de-l'Île-de-Montréal,8,9,120.0
2023-2024,CIUSSS du Centre-Ouest-de-l'Île-de-Montréal,9,1,1.0
2023-2024,CIUSSS du Centre-Ouest-de-l'Île-de-Montréal,9,2,1.0
2023-2024,CIUSSS du Centre-Ouest-de-l'Île-de-Montréal,9,3,4.0
2023-2024,CIUSSS du Centre-Ouest-de-l'Île-de-Montréal,9,4,4.0
2023-2024,CIUSSS du Centre-Ouest-de-l'Île-de-Montréal,9,5,35.0
2023-2024,CIUSSS du Centre-Ouest-de-l'Île-de-Montréal,9,6,45.0
2023-2024,CIUSSS du Centre-Ouest-de-l'Île-de-Montréal,9,7,19.0
2023-2024,CIUSSS du Centre-Ouest-de-l'Île-de-Montréal,9,8,6.0
2023-2024,CIUSSS du Centre-Ouest-de-l'Île-de-Montréal,9,9,115.0
2023-2024,CIUSSS du Centre-Ouest-de-l'Île-de-Montréal,11,2,2.0
2023-2024,CIUSSS du Centre-Ouest-de-l'Île-de-Montréal,11,3,1.0
2023-2024,CIUSSS du Centre-Ouest-de-l'Île-de-Montréal,11,6,1.0
2023-2024,CIUSSS du Centre-Ouest-de-l'Île-de-Montréal,11,9,4.0
2023-2024,CIUSSS du Centre-Ouest-de-l'Île-de-Montréal,12,2,3.0
2023-2024,CIUSSS du Centre-Ouest-de-l'Île-de-Montréal,12,3,1.0
2023-2024,CIUSSS du Centre-Ouest-de-l'Île-de-Montréal,12,4,7.0
2023-2024,CIUSSS du Centre-Ouest-de-l'Île-de-Montréal,12,5,8.0
2023-2024,CIUSSS du Centre-Ouest-de-l'Île-de-Montréal,12,9,19.0
2023-2024,CIUSSS du Centre-Ouest-de-l'Île-de-Montréal,13,1,252.0
2023-2024,CIUSSS du Centre-Ouest-de-l'Île-de-Montréal,13,2,242.0
2023-2024,CIUSSS du Centre-Ouest-de-l'Île-de-Montréal,13,3,109.0
2023-2024,CIUSSS du Centre-Ouest-de-l'Île-de-Montréal,13,4,74.0
2023-2024,CIUSSS du Centre-Ouest-de-l'Île-de-Montréal,13,5,309.0
2023-2024,CIUSSS du Centre-Ouest-de-l'Île-de-Montréal,13,6,139.0
2023-2024,CIUSSS du Centre-Ouest-de-l'Île-de-Montréal,13,7,47.0
2023-2024,CIUSSS du Centre-Ouest-de-l'Île-de-Montréal,13,8,10.0
2023-2024,CIUSSS du Centre-Ouest-de-l'Île-de-Montréal,13,9,1182.0
2023-2024,CIUSSS du Centre-Sud-de-l'Île-de-Montréal,1,1,646.0
2023-2024,CIUSSS du Centre-Sud-de-l'Île-de-Montréal,1,2,615.0
2023-2024,CIUSSS du Centre-Sud-de-l'Île-de-Montréal,1,3,264.0
2023-2024,CIUSSS du Centre-Sud-de-l'Île-de-Montréal,1,4,93.0
2023-2024,CIUSSS du Centre-Sud-de-l'Île-de-Montréal,1,5,663.0
2023-2024,CIUSSS du Centre-Sud-de-l'Île-de-Montréal,1,6,114.0
2023-2024,CIUSSS du Centre-Sud-de-l'Île-de-Montréal,1,7,1.0
2023-2024,CIUSSS du Centre-Sud-de-l'Île-de-Montréal,1,9,2396.0
2023-2024,CIUSSS du Centre-Sud-de-l'Île-de-Montréal,2,2,2.0
2023-2024,CIUSSS du Centre-Sud-de-l'Île-de-Montréal,2,3,2.0
2023-2024,CIUSSS du Centre-Sud-de-l'Île-de-Montréal,2,4,3.0
2023-2024,CIUSSS du Centre-Sud-de-l'Île-de-Montréal,2,5,89.0
2023-2024,CIUSSS du Centre-Sud-de-l'Île-de-Montréal,2,6,56.0
2023-2024,CIUSSS du Centre-Sud-de-l'Île-de-Montréal,2,7,9.0
2023-2024,CIUSSS du Centre-Sud-de-l'Île-de-Montréal,2,8,1.0
2023-2024,CIUSSS du Centre-Sud-de-l'Île-de-Montréal,2,9,162.0
2023-2024,CIUSSS du Centre-Sud-de-l'Île-de-Montréal,3,3,1.0
2023-2024,CIUSSS du Centre-Sud-de-l'Île-de-Montréal,3,5,1.0
2023-2024,CIUSSS du Centre-Sud-de-l'Île-de-Montréal,3,6,1.0
2023-2024,CIUSSS du Centre-Sud-de-l'Île-de-Montréal,3,9,3.0
2023-2024,CIUSSS du Centre-Sud-de-l'Île-de-Montréal,4,2,2.0
2023-2024,CIUSSS du Centre-Sud-de-l'Île-de-Montréal,4,3,1.0
2023-2024,CIUSSS du Centre-Sud-de-l'Île-de-Montréal,4,4,1.0
2023-2024,CIUSSS du Centre-Sud-de-l'Île-de-Montréal,4,5,4.0
2023-2024,CIUSSS du Centre-Sud-de-l'Île-de-Montréal,4,6,4.0
2023-2024,CIUSSS du Centre-Sud-de-l'Île-de-Montréal,4,7,2.0
2023-2024,CIUSSS du Centre-Sud-de-l'Île-de-Montréal,4,8,1.0
2023-2024,CIUSSS du Centre-Sud-de-l'Île-de-Montréal,4,9,15.0
2023-2024,CIUSSS du Centre-Sud-de-l'Île-de-Montréal,5,1,1.0
2023-2024,CIUSSS du Centre-Sud-de-l'Île-de-Montréal,5,2,7.0
2023-2024,CIUSSS du Centre-Sud-de-l'Île-de-Montréal,5,3,16.0
2023-2024,CIUSSS du Centre-Sud-de-l'Île-de-Montréal,5,4,22.0
2023-2024,CIUSSS du Centre-Sud-de-l'Île-de-Montréal,5,5,70.0
2023-2024,CIUSSS du Centre-Sud-de-l'Île-de-Montréal,5,6,21.0
2023-2024,CIUSSS du Centre-Sud-de-l'Île-de-Montréal,5,7,3.0
2023-2024,CIUSSS du Centre-Sud-de-l'Île-de-Montréal,5,8,1.0
2023-2024,CIUSSS du Centre-Sud-de-l'Île-de-Montréal,5,9,141.0
2023-2024,CIUSSS du Centre-Sud-de-l'Île-de-Montréal,7,5,2.0
2023-2024,CIUSSS du Centre-Sud-de-l'Île-de-Montréal,7,6,2.0
2023-2024,CIUSSS du Centre-Sud-de-l'Île-de-Montréal,7,9,4.0
2023-2024,CIUSSS du Centre-Sud-de-l'Île-de-Montréal,8,2,11.0
2023-2024,CIUSSS du Centre-Sud-de-l'Île-de-Montréal,8,3,54.0
2023-2024,CIUSSS du Centre-Sud-de-l'Île-de-Montréal,8,4,56.0
2023-2024,CIUSSS du Centre-Sud-de-l'Île-de-Montréal,8,5,449.0
2023-2024,CIUSSS du Centre-Sud-de-l'Île-de-Montréal,8,6,623.0
2023-2024,CIUSSS du Centre-Sud-de-l'Île-de-Montréal,8,7,199.0
2023-2024,CIUSSS du Centre-Sud-de-l'Île-de-Montréal,8,8,33.0
2023-2024,CIUSSS du Centre-Sud-de-l'Île-de-Montréal,8,9,1425.0
2023-2024,CIUSSS du Centre-Sud-de-l'Île-de-Montréal,9,1,6.0
2023-2024,CIUSSS du Centre-Sud-de-l'Île-de-Montréal,9,2,9.0
2023-2024,CIUSSS du Centre-Sud-de-l'Île-de-Montréal,9,3,12.0
2023-2024,CIUSSS du Centre-Sud-de-l'Île-de-Montréal,9,5,64.0
2023-2024,CIUSSS du Centre-Sud-de-l'Île-de-Montréal,9,6,102.0
2023-2024,CIUSSS du Centre-Sud-de-l'Île-de-Montréal,9,7,34.0
2023-2024,CIUSSS du Centre-Sud-de-l'Île-de-Montréal,9,8,8.0
2023-2024,CIUSSS du Centre-Sud-de-l'Île-de-Montréal,9,9,235.0
2023-2024,CIUSSS du Centre-Sud-de-l'Île-de-Montréal,11,2,2.0
2023-2024,CIUSSS du Centre-Sud-de-l'Île-de-Montréal,11,3,5.0
2023-2024,CIUSSS du Centre-Sud-de-l'Île-de-Montréal,11,4,1.0
2023-2024,CIUSSS du Centre-Sud-de-l'Île-de-Montréal,11,5,1.0
2023-2024,CIUSSS du Centre-Sud-de-l'Île-de-Montréal,11,9,9.0
2023-2024,CIUSSS du Centre-Sud-de-l'Île-de-Montréal,12,2,1.0
2023-2024,CIUSSS du Centre-Sud-de-l'Île-de-Montréal,12,3,5.0
2023-2024,CIUSSS du Centre-Sud-de-l'Île-de-Montréal,12,4,3.0
2023-2024,CIUSSS du Centre-Sud-de-l'Île-de-Montréal,12,5,15.0
2023-2024,CIUSSS du Centre-Sud-de-l'Île-de-Montréal,12,6,9.0
2023-2024,CIUSSS du Centre-Sud-de-l'Île-de-Montréal,12,7,2.0
2023-2024,CIUSSS du Centre-Sud-de-l'Île-de-Montréal,12,9,35.0
2023-2024,CIUSSS du Centre-Sud-de-l'Île-de-Montréal,13,1,653.0
2023-2024,CIUSSS du Centre-Sud-de-l'Île-de-Montréal,13,2,649.0
2023-2024,CIUSSS du Centre-Sud-de-l'Île-de-Montréal,13,3,360.0
2023-2024,CIUSSS du Centre-Sud-de-l'Île-de-Montréal,13,4,179.0
2023-2024,CIUSSS du Centre-Sud-de-l'Île-de-Montréal,13,5,1358.0
2023-2024,CIUSSS du Centre-Sud-de-l'Île-de-Montréal,13,6,932.0
2023-2024,CIUSSS du Centre-Sud-de-l'Île-de-Montréal,13,7,250.0
2023-2024,CIUSSS du Centre-Sud-de-l'Île-de-Montréal,13,8,44.0
2023-2024,CIUSSS du Centre-Sud-de-l'Île-de-Montréal,13,9,4425.0
2023-2024,CIUSSS du SaguenayLac-St-Jean,1,1,120.0
2023-2024,CIUSSS du SaguenayLac-St-Jean,1,2,165.0
2023-2024,CIUSSS du SaguenayLac-St-Jean,1,3,98.0
2023-2024,CIUSSS du SaguenayLac-St-Jean,1,4,55.0
2023-2024,CIUSSS du SaguenayLac-St-Jean,1,5,173.0
2023-2024,CIUSSS du SaguenayLac-St-Jean,1,6,37.0
2023-2024,CIUSSS du SaguenayLac-St-Jean,1,7,2.0
2023-2024,CIUSSS du SaguenayLac-St-Jean,1,9,650.0
2023-2024,CIUSSS du SaguenayLac-St-Jean,2,1,1.0
2023-2024,CIUSSS du SaguenayLac-St-Jean,2,3,1.0
2023-2024,CIUSSS du SaguenayLac-St-Jean,2,4,20.0
2023-2024,CIUSSS du SaguenayLac-St-Jean,2,5,93.0
2023-2024,CIUSSS du SaguenayLac-St-Jean,2,6,32.0
2023-2024,CIUSSS du SaguenayLac-St-Jean,2,7,5.0
2023-2024,CIUSSS du SaguenayLac-St-Jean,2,8,2.0
2023-2024,CIUSSS du SaguenayLac-St-Jean,2,9,154.0
2023-2024,CIUSSS du SaguenayLac-St-Jean,3,1,4.0
2023-2024,CIUSSS du SaguenayLac-St-Jean,3,2,15.0
2023-2024,CIUSSS du SaguenayLac-St-Jean,3,3,4.0
2023-2024,CIUSSS du SaguenayLac-St-Jean,3,4,4.0
2023-2024,CIUSSS du SaguenayLac-St-Jean,3,5,5.0
2023-2024,CIUSSS du SaguenayLac-St-Jean,3,6,5.0
2023-2024,CIUSSS du SaguenayLac-St-Jean,3,7,2.0
2023-2024,CIUSSS du SaguenayLac-St-Jean,3,9,39.0
2023-2024,CIUSSS du SaguenayLac-St-Jean,5,2,4.0
2023-2024,CIUSSS du SaguenayLac-St-Jean,5,3,4.0
2023-2024,CIUSSS du SaguenayLac-St-Jean,5,4,6.0
2023-2024,CIUSSS du SaguenayLac-St-Jean,5,5,37.0
2023-2024,CIUSSS du SaguenayLac-St-Jean,5,6,24.0
2023-2024,CIUSSS du SaguenayLac-St-Jean,5,7,8.0
2023-2024,CIUSSS du SaguenayLac-St-Jean,5,9,83.0
2023-2024,CIUSSS du SaguenayLac-St-Jean,7,5,1.0
2023-2024,CIUSSS du SaguenayLac-St-Jean,7,9,1.0
2023-2024,CIUSSS du SaguenayLac-St-Jean,8,3,1.0
2023-2024,CIUSSS du SaguenayLac-St-Jean,8,4,1.0
2023-2024,CIUSSS du SaguenayLac-St-Jean,8,5,38.0
2023-2024,CIUSSS du SaguenayLac-St-Jean,8,6,57.0
2023-2024,CIUSSS du SaguenayLac-St-Jean,8,7,23.0
2023-2024,CIUSSS du SaguenayLac-St-Jean,8,8,10.0
2023-2024,CIUSSS du SaguenayLac-St-Jean,8,9,130.0
2023-2024,CIUSSS du SaguenayLac-St-Jean,9,1,3.0
2023-2024,CIUSSS du SaguenayLac-St-Jean,9,2,3.0
2023-2024,CIUSSS du SaguenayLac-St-Jean,9,3,4.0
2023-2024,CIUSSS du SaguenayLac-St-Jean,9,4,7.0
2023-2024,CIUSSS du SaguenayLac-St-Jean,9,5,53.0
2023-2024,CIUSSS du SaguenayLac-St-Jean,9,6,100.0
2023-2024,CIUSSS du SaguenayLac-St-Jean,9,7,46.0
2023-2024,CIUSSS du SaguenayLac-St-Jean,9,8,6.0
2023-2024,CIUSSS du SaguenayLac-St-Jean,9,9,222.0
2023-2024,CIUSSS du SaguenayLac-St-Jean,10,3,1.0
2023-2024,CIUSSS du SaguenayLac-St-Jean,10,9,1.0
2023-2024,CIUSSS du SaguenayLac-St-Jean,11,2,1.0
2023-2024,CIUSSS du SaguenayLac-St-Jean,11,3,1.0
2023-2024,CIUSSS du SaguenayLac-St-Jean,11,9,2.0
2023-2024,CIUSSS du SaguenayLac-St-Jean,12,3,1.0
2023-2024,CIUSSS du SaguenayLac-St-Jean,12,5,8.0
2023-2024,CIUSSS du SaguenayLac-St-Jean,12,6,6.0
2023-2024,CIUSSS du SaguenayLac-St-Jean,12,7,2.0
2023-2024,CIUSSS du SaguenayLac-St-Jean,12,9,17.0
2023-2024,CIUSSS du SaguenayLac-St-Jean,13,1,128.0
2023-2024,CIUSSS du SaguenayLac-St-Jean,13,2,188.0
2023-2024,CIUSSS du SaguenayLac-St-Jean,13,3,115.0
2023-2024,CIUSSS du SaguenayLac-St-Jean,13,4,93.0
2023-2024,CIUSSS du SaguenayLac-St-Jean,13,5,408.0
2023-2024,CIUSSS du SaguenayLac-St-Jean,13,6,261.0
2023-2024,CIUSSS du SaguenayLac-St-Jean,13,7,88.0
2023-2024,CIUSSS du SaguenayLac-St-Jean,13,8,18.0
2023-2024,CIUSSS du SaguenayLac-St-Jean,13,9,1299.0
2024-2025,Atelier le fil d'Ariane,1,5,4.0
2024-2025,Atelier le fil d'Ariane,1,6,1.0
2024-2025,Atelier le fil d'Ariane,1,9,5.0
2024-2025,Atelier le fil d'Ariane,2,6,2.0
2024-2025,Atelier le fil d'Ariane,2,9,2.0
2024-2025,Atelier le fil d'Ariane,5,5,2.0
2024-2025,Atelier le fil d'Ariane,5,6,4.0
2024-2025,Atelier le fil d'Ariane,5,9,6.0
2024-2025,Atelier le fil d'Ariane,9,5,2.0
2024-2025,Atelier le fil d'Ariane,9,9,2.0
2024-2025,Atelier le fil d'Ariane,13,5,8.0
2024-2025,Atelier le fil d'Ariane,13,6,7.0
2024-2025,Atelier le fil d'Ariane,13,9,15.0
2024-2025,CISSS de Chaudière-Appalaches,1,1,160.0
2024-2025,CISSS de Chaudière-Appalaches,1,2,385.0
2024-2025,CISSS de Chaudière-Appalaches,1,3,194.0
2024-2025,CISSS de Chaudière-Appalaches,1,4,33.0
2024-2025,CISSS de Chaudière-Appalaches,1,5,191.0
2024-2025,CISSS de Chaudière-Appalaches,1,6,43.0
2024-2025,CISSS de Chaudière-Appalaches,1,7,4.0
2024-2025,CISSS de Chaudière-Appalaches,1,8,1.0
2024-2025,CISSS de Chaudière-Appalaches,1,9,1011.0
2024-2025,CISSS de Chaudière-Appalaches,2,2,2.0
2024-2025,CISSS de Chaudière-Appalaches,2,4,1.0
2024-2025,CISSS de Chaudière-Appalaches,2,5,33.0
2024-2025,CISSS de Chaudière-Appalaches,2,6,19.0
2024-2025,CISSS de Chaudière-Appalaches,2,7,1.0
2024-2025,CISSS de Chaudière-Appalaches,2,9,56.0
2024-2025,CISSS de Chaudière-Appalaches,3,3,2.0
2024-2025,CISSS de Chaudière-Appalaches,3,5,1.0
2024-2025,CISSS de Chaudière-Appalaches,3,6,1.0
2024-2025,CISSS de Chaudière-Appalaches,3,9,4.0
2024-2025,CISSS de Chaudière-Appalaches,5,1,1.0
2024-2025,CISSS de Chaudière-Appalaches,5,2,8.0
2024-2025,CISSS de Chaudière-Appalaches,5,3,7.0
2024-2025,CISSS de Chaudière-Appalaches,5,4,3.0
2024-2025,CISSS de Chaudière-Appalaches,5,5,27.0
2024-2025,CISSS de Chaudière-Appalaches,5,6,7.0
2024-2025,CISSS de Chaudière-Appalaches,5,9,53.0
2024-2025,CISSS de Chaudière-Appalaches,7,6,3.0
2024-2025,CISSS de Chaudière-Appalaches,7,7,2.0
2024-2025,CISSS de Chaudière-Appalaches,7,9,5.0
2024-2025,CISSS de Chaudière-Appalaches,8,2,1.0
2024-2025,CISSS de Chaudière-Appalaches,8,3,3.0
2024-2025,CISSS de Chaudière-Appalaches,8,4,2.0
2024-2025,CISSS de Chaudière-Appalaches,8,5,33.0
2024-2025,CISSS de Chaudière-Appalaches,8,6,35.0
2024-2025,CISSS de Chaudière-Appalaches,8,7,5.0
2024-2025,CISSS de Chaudière-Appalaches,8,8,1.0
2024-2025,CISSS de Chaudière-Appalaches,8,9,80.0
2024-2025,CISSS de Chaudière-Appalaches,9,1,4.0
2024-2025,CISSS de Chaudière-Appalaches,9,2,12.0
2024-2025,CISSS de Chaudière-Appalaches,9,3,9.0
2024-2025,CISSS de Chaudière-Appalaches,9,4,9.0
2024-2025,CISSS de Chaudière-Appalaches,9,5,70.0
2024-2025,CISSS de Chaudière-Appalaches,9,6,55.0
2024-2025,CISSS de Chaudière-Appalaches,9,7,13.0
2024-2025,CISSS de Chaudière-Appalaches,9,8,1.0
2024-2025,CISSS de Chaudière-Appalaches,9,9,173.0
2024-2025,CISSS de Chaudière-Appalaches,12,5,3.0
2024-2025,CISSS de Chaudière-Appalaches,12,6,5.0
2024-2025,CISSS de Chaudière-Appalaches,12,9,8.0
2024-2025,CISSS de Chaudière-Appalaches,13,1,165.0
2024-2025,CISSS de Chaudière-Appalaches,13,2,408.0
2024-2025,CISSS de Chaudière-Appalaches,13,3,215.0
2024-2025,CISSS de Chaudière-Appalaches,13,4,48.0
2024-2025,CISSS de Chaudière-Appalaches,13,5,358.0
2024-2025,CISSS de Chaudière-Appalaches,13,6,168.0
2024-2025,CISSS de Chaudière-Appalaches,13,7,25.0
2024-2025,CISSS de Chaudière-Appalaches,13,8,3.0
2024-2025,CISSS de Chaudière-Appalaches,13,9,1390.0
2024-2025,CISSS de Lanaudière,1,1,39.0
2024-2025,CISSS de Lanaudière,1,2,102.0
2024-2025,CISSS de Lanaudière,1,3,68.0
2024-2025,CISSS de Lanaudière,1,4,32.0
2024-2025,CISSS de Lanaudière,1,5,114.0
2024-2025,CISSS de Lanaudière,1,6,15.0
2024-2025,CISSS de Lanaudière,1,9,370.0
2024-2025,CISSS de Lanaudière,2,1,2.0
2024-2025,CISSS de Lanaudière,2,3,1.0
2024-2025,CISSS de Lanaudière,2,5,21.0
2024-2025,CISSS de Lanaudière,2,6,4.0
2024-2025,CISSS de Lanaudière,2,7,2.0
2024-2025,CISSS de Lanaudière,2,9,30.0
2024-2025,CISSS de Lanaudière,3,3,2.0
2024-2025,CISSS de Lanaudière,3,6,1.0
2024-2025,CISSS de Lanaudière,3,9,3.0
2024-2025,CISSS de Lanaudière,4,2,1.0
2024-2025,CISSS de Lanaudière,4,4,1.0
2024-2025,CISSS de Lanaudière,4,5,6.0
2024-2025,CISSS de Lanaudière,4,6,1.0
2024-2025,CISSS de Lanaudière,4,9,9.0
2024-2025,CISSS de Lanaudière,5,2,2.0
2024-2025,CISSS de Lanaudière,5,3,9.0
2024-2025,CISSS de Lanaudière,5,4,8.0
2024-2025,CISSS de Lanaudière,5,5,19.0
2024-2025,CISSS de Lanaudière,5,6,2.0
2024-2025,CISSS de Lanaudière,5,9,40.0
2024-2025,CISSS de Lanaudière,7,4,1.0
2024-2025,CISSS de Lanaudière,7,5,1.0
2024-2025,CISSS de Lanaudière,7,6,1.0
2024-2025,CISSS de Lanaudière,7,9,3.0
2024-2025,CISSS de Lanaudière,8,3,2.0
2024-2025,CISSS de Lanaudière,8,4,9.0
2024-2025,CISSS de Lanaudière,8,5,36.0
2024-2025,CISSS de Lanaudière,8,6,8.0
2024-2025,CISSS de Lanaudière,8,7,1.0
2024-2025,CISSS de Lanaudière,8,9,56.0
2024-2025,CISSS de Lanaudière,9,1,2.0
2024-2025,CISSS de Lanaudière,9,2,4.0
2024-2025,CISSS de Lanaudière,9,3,5.0
2024-2025,CISSS de Lanaudière,9,4,2.0
2024-2025,CISSS de Lanaudière,9,5,35.0
2024-2025,CISSS de Lanaudière,9,6,24.0
2024-2025,CISSS de Lanaudière,9,7,6.0
2024-2025,CISSS de Lanaudière,9,9,78.0
2024-2025,CISSS de Lanaudière,12,2,1.0
2024-2025,CISSS de Lanaudière,12,3,3.0
2024-2025,CISSS de Lanaudière,12,4,2.0
2024-2025,CISSS de Lanaudière,12,5,1.0
2024-2025,CISSS de Lanaudière,12,6,1.0
2024-2025,CISSS de Lanaudière,12,9,8.0
2024-2025,CISSS de Lanaudière,13,1,43.0
2024-2025,CISSS de Lanaudière,13,2,110.0
2024-2025,CISSS de Lanaudière,13,3,90.0
2024-2025,CISSS de Lanaudière,13,4,55.0
2024-2025,CISSS de Lanaudière,13,5,233.0
2024-2025,CISSS de Lanaudière,13,6,57.0
2024-2025,CISSS de Lanaudière,13,7,9.0
2024-2025,CISSS de Lanaudière,13,9,597.0
2024-2025,CISSS de Laval,1,1,439.0
2024-2025,CISSS de Laval,1,2,339.0
2024-2025,CISSS de Laval,1,3,132.0
2024-2025,CISSS de Laval,1,4,72.0
2024-2025,CISSS de Laval,1,5,100.0
2024-2025,CISSS de Laval,1,6,11.0
2024-2025,CISSS de Laval,1,7,1.0
2024-2025,CISSS de Laval,1,9,1094.0
2024-2025,CISSS de Laval,2,4,2.0
2024-2025,CISSS de Laval,2,5,30.0
2024-2025,CISSS de Laval,2,6,16.0
2024-2025,CISSS de Laval,2,7,3.0
2024-2025,CISSS de Laval,2,9,51.0
2024-2025,CISSS de Laval,3,5,2.0
2024-2025,CISSS de Laval,3,9,2.0
2024-2025,CISSS de Laval,4,3,1.0
2024-2025,CISSS de Laval,4,9,1.0
2024-2025,CISSS de Laval,6,5,3.0
2024-2025,CISSS de Laval,6,9,3.0
2024-2025,CISSS de Laval,7,5,1.0
2024-2025,CISSS de Laval,7,6,2.0
2024-2025,CISSS de Laval,7,7,1.0
2024-2025,CISSS de Laval,7,9,4.0
2024-2025,CISSS de Laval,8,2,2.0
2024-2025,CISSS de Laval,8,3,13.0
2024-2025,CISSS de Laval,8,4,23.0
2024-2025,CISSS de Laval,8,5,126.0
2024-2025,CISSS de Laval,8,6,51.0
2024-2025,CISSS de Laval,8,7,22.0
2024-2025,CISSS de Laval,8,8,1.0
2024-2025,CISSS de Laval,8,9,238.0
2024-2025,CISSS de Laval,9,1,1.0
2024-2025,CISSS de Laval,9,2,2.0
2024-2025,CISSS de Laval,9,3,6.0
2024-2025,CISSS de Laval,9,4,2.0
2024-2025,CISSS de Laval,9,5,9.0
2024-2025,CISSS de Laval,9,6,12.0
2024-2025,CISSS de Laval,9,7,2.0
2024-2025,CISSS de Laval,9,9,34.0
2024-2025,CISSS de Laval,10,2,4.0
2024-2025,CISSS de Laval,10,3,8.0
2024-2025,CISSS de Laval,10,4,3.0
2024-2025,CISSS de Laval,10,5,23.0
2024-2025,CISSS de Laval,10,6,9.0
2024-2025,CISSS de Laval,10,7,2.0
2024-2025,CISSS de Laval,10,8,1.0
2024-2025,CISSS de Laval,10,9,50.0
2024-2025,CISSS de Laval,11,3,1.0
2024-2025,CISSS de Laval,11,6,1.0
2024-2025,CISSS de Laval,11,9,2.0
2024-2025,CISSS de Laval,12,3,4.0
2024-2025,CISSS de Laval,12,5,2.0
2024-2025,CISSS de Laval,12,7,1.0
2024-2025,CISSS de Laval,12,9,7.0
2024-2025,CISSS de Laval,13,1,440.0
2024-2025,CISSS de Laval,13,2,347.0
2024-2025,CISSS de Laval,13,3,165.0
2024-2025,CISSS de Laval,13,4,102.0
2024-2025,CISSS de Laval,13,5,296.0
2024-2025,CISSS de Laval,13,6,102.0
2024-2025,CISSS de Laval,13,7,32.0
2024-2025,CISSS de Laval,13,8,2.0
2024-2025,CISSS de Laval,13,9,1486.0
2024-2025,CISSS de l'Abitibi-Témiscamingue,1,1,119.0
2024-2025,CISSS de l'Abitibi-Témiscamingue,1,2,187.0
2024-2025,CISSS de l'Abitibi-Témiscamingue,1,3,115.0
2024-2025,CISSS de l'Abitibi-Témiscamingue,1,4,41.0
2024-2025,CISSS de l'Abitibi-Témiscamingue,1,5,54.0
2024-2025,CISSS de l'Abitibi-Témiscamingue,1,6,8.0
2024-2025,CISSS de l'Abitibi-Témiscamingue,1,7,1.0
2024-2025,CISSS de l'Abitibi-Témiscamingue,1,9,525.0
2024-2025,CISSS de l'Abitibi-Témiscamingue,2,1,1.0
2024-2025,CISSS de l'Abitibi-Témiscamingue,2,2,7.0
2024-2025,CISSS de l'Abitibi-Témiscamingue,2,3,3.0
2024-2025,CISSS de l'Abitibi-Témiscamingue,2,4,6.0
2024-2025,CISSS de l'Abitibi-Témiscamingue,2,5,42.0
2024-2025,CISSS de l'Abitibi-Témiscamingue,2,6,27.0
2024-2025,CISSS de l'Abitibi-Témiscamingue,2,7,8.0
2024-2025,CISSS de l'Abitibi-Témiscamingue,2,9,94.0
2024-2025,CISSS de l'Abitibi-Témiscamingue,3,3,2.0
2024-2025,CISSS de l'Abitibi-Témiscamingue,3,9,2.0
2024-2025,CISSS de l'Abitibi-Témiscamingue,4,5,2.0
2024-2025,CISSS de l'Abitibi-Témiscamingue,4,6,1.0
2024-2025,CISSS de l'Abitibi-Témiscamingue,4,7,2.0
2024-2025,CISSS de l'Abitibi-Témiscamingue,4,9,5.0
2024-2025,CISSS de l'Abitibi-Témiscamingue,5,5,5.0
2024-2025,CISSS de l'Abitibi-Témiscamingue,5,6,7.0
2024-2025,CISSS de l'Abitibi-Témiscamingue,5,7,1.0
2024-2025,CISSS de l'Abitibi-Témiscamingue,5,9,13.0
2024-2025,CISSS de l'Abitibi-Témiscamingue,7,3,2.0
2024-2025,CISSS de l'Abitibi-Témiscamingue,7,5,1.0
2024-2025,CISSS de l'Abitibi-Témiscamingue,7,6,2.0
2024-2025,CISSS de l'Abitibi-Témiscamingue,7,7,1.0
2024-2025,CISSS de l'Abitibi-Témiscamingue,7,9,6.0
2024-2025,CISSS de l'Abitibi-Témiscamingue,8,3,1.0
2024-2025,CISSS de l'Abitibi-Témiscamingue,8,4,3.0
2024-2025,CISSS de l'Abitibi-Témiscamingue,8,5,16.0
2024-2025,CISSS de l'Abitibi-Témiscamingue,8,6,6.0
2024-2025,CISSS de l'Abitibi-Témiscamingue,8,7,4.0
2024-2025,CISSS de l'Abitibi-Témiscamingue,8,9,30.0
2024-2025,CISSS de l'Abitibi-Témiscamingue,9,1,2.0
2024-2025,CISSS de l'Abitibi-Témiscamingue,9,2,17.0
2024-2025,CISSS de l'Abitibi-Témiscamingue,9,3,19.0
2024-2025,CISSS de l'Abitibi-Témiscamingue,9,4,4.0
2024-2025,CISSS de l'Abitibi-Témiscamingue,9,5,47.0
2024-2025,CISSS de l'Abitibi-Témiscamingue,9,6,60.0
2024-2025,CISSS de l'Abitibi-Témiscamingue,9,7,16.0
2024-2025,CISSS de l'Abitibi-Témiscamingue,9,8,1.0
2024-2025,CISSS de l'Abitibi-Témiscamingue,9,9,166.0
2024-2025,CISSS de l'Abitibi-Témiscamingue,10,2,2.0
2024-2025,CISSS de l'Abitibi-Témiscamingue,10,3,4.0
2024-2025,CISSS de l'Abitibi-Témiscamingue,10,4,5.0
2024-2025,CISSS de l'Abitibi-Témiscamingue,10,5,18.0
2024-2025,CISSS de l'Abitibi-Témiscamingue,10,6,13.0
2024-2025,CISSS de l'Abitibi-Témiscamingue,10,8,1.0
2024-2025,CISSS de l'Abitibi-Témiscamingue,10,9,43.0
2024-2025,CISSS de l'Abitibi-Témiscamingue,12,2,1.0
2024-2025,CISSS de l'Abitibi-Témiscamingue,12,3,1.0
2024-2025,CISSS de l'Abitibi-Témiscamingue,12,4,1.0
2024-2025,CISSS de l'Abitibi-Témiscamingue,12,5,4.0
2024-2025,CISSS de l'Abitibi-Témiscamingue,12,6,6.0
2024-2025,CISSS de l'Abitibi-Témiscamingue,12,7,1.0
2024-2025,CISSS de l'Abitibi-Témiscamingue,12,8,1.0
2024-2025,CISSS de l'Abitibi-Témiscamingue,12,9,15.0
2024-2025,CISSS de l'Abitibi-Témiscamingue,13,1,122.0
2024-2025,CISSS de l'Abitibi-Témiscamingue,13,2,214.0
2024-2025,CISSS de l'Abitibi-Témiscamingue,13,3,147.0
2024-2025,CISSS de l'Abitibi-Témiscamingue,13,4,60.0
2024-2025,CISSS de l'Abitibi-Témiscamingue,13,5,189.0
2024-2025,CISSS de l'Abitibi-Témiscamingue,13,6,130.0
2024-2025,CISSS de l'Abitibi-Témiscamingue,13,7,34.0
2024-2025,CISSS de l'Abitibi-Témiscamingue,13,8,3.0
2024-2025,CISSS de l'Abitibi-Témiscamingue,13,9,899.0
2024-2025,CISSS de l'Outaouais,1,1,371.0
2024-2025,CISSS de l'Outaouais,1,2,405.0
2024-2025,CISSS de l'Outaouais,1,3,91.0
2024-2025,CISSS de l'Outaouais,1,4,61.0
2024-2025,CISSS de l'Outaouais,1,5,96.0
2024-2025,CISSS de l'Outaouais,1,6,8.0
2024-2025,CISSS de l'Outaouais,1,9,1032.0
2024-2025,CISSS de l'Outaouais,2,4,6.0
2024-2025,CISSS de l'Outaouais,2,5,51.0
2024-2025,CISSS de l'Outaouais,2,6,10.0
2024-2025,CISSS de l'Outaouais,2,7,3.0
2024-2025,CISSS de l'Outaouais,2,9,70.0
2024-2025,CISSS de l'Outaouais,3,3,1.0
2024-2025,CISSS de l'Outaouais,3,9,1.0
2024-2025,CISSS de l'Outaouais,4,5,2.0
2024-2025,CISSS de l'Outaouais,4,6,9.0
2024-2025,CISSS de l'Outaouais,4,7,1.0
2024-2025,CISSS de l'Outaouais,4,9,12.0
2024-2025,CISSS de l'Outaouais,5,2,4.0
2024-2025,CISSS de l'Outaouais,5,3,6.0
2024-2025,CISSS de l'Outaouais,5,4,8.0
2024-2025,CISSS de l'Outaouais,5,5,7.0
2024-2025,CISSS de l'Outaouais,5,6,1.0
2024-2025,CISSS de l'Outaouais,5,9,26.0
2024-2025,CISSS de l'Outaouais,7,4,2.0
2024-2025,CISSS de l'Outaouais,7,5,1.0
2024-2025,CISSS de l'Outaouais,7,9,3.0
2024-2025,CISSS de l'Outaouais,8,3,2.0
2024-2025,CISSS de l'Outaouais,8,4,4.0
2024-2025,CISSS de l'Outaouais,8,5,30.0
2024-2025,CISSS de l'Outaouais,8,6,16.0
2024-2025,CISSS de l'Outaouais,8,7,4.0
2024-2025,CISSS de l'Outaouais,8,9,56.0
2024-2025,CISSS de l'Outaouais,9,1,10.0
2024-2025,CISSS de l'Outaouais,9,2,12.0
2024-2025,CISSS de l'Outaouais,9,3,12.0
2024-2025,CISSS de l'Outaouais,9,4,3.0
2024-2025,CISSS de l'Outaouais,9,5,20.0
2024-2025,CISSS de l'Outaouais,9,6,21.0
2024-2025,CISSS de l'Outaouais,9,7,2.0
2024-2025,CISSS de l'Outaouais,9,9,80.0
2024-2025,CISSS de l'Outaouais,10,4,1.0
2024-2025,CISSS de l'Outaouais,10,5,31.0
2024-2025,CISSS de l'Outaouais,10,6,14.0
2024-2025,CISSS de l'Outaouais,10,7,4.0
2024-2025,CISSS de l'Outaouais,10,8,1.0
2024-2025,CISSS de l'Outaouais,10,9,51.0
2024-2025,CISSS de l'Outaouais,12,4,3.0
2024-2025,CISSS de l'Outaouais,12,5,3.0
2024-2025,CISSS de l'Outaouais,12,6,5.0
2024-2025,CISSS de l'Outaouais,12,9,11.0
2024-2025,CISSS de l'Outaouais,13,1,381.0
2024-2025,CISSS de l'Outaouais,13,2,421.0
2024-2025,CISSS de l'Outaouais,13,3,112.0
2024-2025,CISSS de l'Outaouais,13,4,88.0
2024-2025,CISSS de l'Outaouais,13,5,241.0
2024-2025,CISSS de l'Outaouais,13,6,84.0
2024-2025,CISSS de l'Outaouais,13,7,14.0
2024-2025,CISSS de l'Outaouais,13,8,1.0
2024-2025,CISSS de l'Outaouais,13,9,1342.0
2024-2025,CISSS de la Côte-Nord,1,1,35.0
2024-2025,CISSS de la Côte-Nord,1,2,120.0
2024-2025,CISSS de la Côte-Nord,1,3,79.0
2024-2025,CISSS de la Côte-Nord,1,4,14.0
2024-2025,CISSS de la Côte-Nord,1,5,24.0
2024-2025,CISSS de la Côte-Nord,1,6,8.0
2024-2025,CISSS de la Côte-Nord,1,7,1.0
2024-2025,CISSS de la Côte-Nord,1,9,281.0
2024-2025,CISSS de la Côte-Nord,2,1,1.0
2024-2025,CISSS de la Côte-Nord,2,2,9.0
2024-2025,CISSS de la Côte-Nord,2,3,7.0
2024-2025,CISSS de la Côte-Nord,2,5,11.0
2024-2025,CISSS de la Côte-Nord,2,6,9.0
2024-2025,CISSS de la Côte-Nord,2,7,1.0
2024-2025,CISSS de la Côte-Nord,2,9,38.0
2024-2025,CISSS de la Côte-Nord,3,1,1.0
2024-2025,CISSS de la Côte-Nord,3,5,1.0
2024-2025,CISSS de la Côte-Nord,3,7,1.0
2024-2025,CISSS de la Côte-Nord,3,9,3.0
2024-2025,CISSS de la Côte-Nord,4,3,1.0
2024-2025,CISSS de la Côte-Nord,4,9,1.0
2024-2025,CISSS de la Côte-Nord,5,4,2.0
2024-2025,CISSS de la Côte-Nord,5,5,8.0
2024-2025,CISSS de la Côte-Nord,5,6,3.0
2024-2025,CISSS de la Côte-Nord,5,9,13.0
2024-2025,CISSS de la Côte-Nord,8,3,1.0
2024-2025,CISSS de la Côte-Nord,8,4,1.0
2024-2025,CISSS de la Côte-Nord,8,5,25.0
2024-2025,CISSS de la Côte-Nord,8,6,41.0
2024-2025,CISSS de la Côte-Nord,8,7,9.0
2024-2025,CISSS de la Côte-Nord,8,8,1.0
2024-2025,CISSS de la Côte-Nord,8,9,78.0
2024-2025,CISSS de la Côte-Nord,9,1,2.0
2024-2025,CISSS de la Côte-Nord,9,2,5.0
2024-2025,CISSS de la Côte-Nord,9,3,4.0
2024-2025,CISSS de la Côte-Nord,9,4,3.0
2024-2025,CISSS de la Côte-Nord,9,5,8.0
2024-2025,CISSS de la Côte-Nord,9,6,25.0
2024-2025,CISSS de la Côte-Nord,9,7,10.0
2024-2025,CISSS de la Côte-Nord,9,9,57.0
2024-2025,CISSS de la Côte-Nord,11,5,2.0
2024-2025,CISSS de la Côte-Nord,11,9,2.0
2024-2025,CISSS de la Côte-Nord,12,2,1.0
2024-2025,CISSS de la Côte-Nord,12,5,3.0
2024-2025,CISSS de la Côte-Nord,12,7,1.0
2024-2025,CISSS de la Côte-Nord,12,9,5.0
2024-2025,CISSS de la Côte-Nord,13,1,39.0
2024-2025,CISSS de la Côte-Nord,13,2,135.0
2024-2025,CISSS de la Côte-Nord,13,3,92.0
2024-2025,CISSS de la Côte-Nord,13,4,20.0
2024-2025,CISSS de la Côte-Nord,13,5,82.0
2024-2025,CISSS de la Côte-Nord,13,6,86.0
2024-2025,CISSS de la Côte-Nord,13,7,23.0
2024-2025,CISSS de la Côte-Nord,13,8,1.0
2024-2025,CISSS de la Côte-Nord,13,9,478.0
2024-2025,CISSS de la Gaspésie,1,1,35.0
2024-2025,CISSS de la Gaspésie,1,2,137.0
2024-2025,CISSS de la Gaspésie,1,3,77.0
2024-2025,CISSS de la Gaspésie,1,4,16.0
2024-2025,CISSS de la Gaspésie,1,5,34.0
2024-2025,CISSS de la Gaspésie,1,6,9.0
2024-2025,CISSS de la Gaspésie,1,9,308.0
2024-2025,CISSS de la Gaspésie,2,2,3.0
2024-2025,CISSS de la Gaspésie,2,3,5.0
2024-2025,CISSS de la Gaspésie,2,4,5.0
2024-2025,CISSS de la Gaspésie,2,5,15.0
2024-2025,CISSS de la Gaspésie,2,6,5.0
2024-2025,CISSS de la Gaspésie,2,9,33.0
2024-2025,CISSS de la Gaspésie,3,5,1.0
2024-2025,CISSS de la Gaspésie,3,6,1.0
2024-2025,CISSS de la Gaspésie,3,9,2.0
2024-2025,CISSS de la Gaspésie,5,3,2.0
2024-2025,CISSS de la Gaspésie,5,4,2.0
2024-2025,CISSS de la Gaspésie,5,5,9.0
2024-2025,CISSS de la Gaspésie,5,6,6.0
2024-2025,CISSS de la Gaspésie,5,9,19.0
2024-2025,CISSS de la Gaspésie,7,4,1.0
2024-2025,CISSS de la Gaspésie,7,6,1.0
2024-2025,CISSS de la Gaspésie,7,9,2.0
2024-2025,CISSS de la Gaspésie,8,3,1.0
2024-2025,CISSS de la Gaspésie,8,5,2.0
2024-2025,CISSS de la Gaspésie,8,6,1.0
2024-2025,CISSS de la Gaspésie,8,9,4.0
2024-2025,CISSS de la Gaspésie,9,1,2.0
2024-2025,CISSS de la Gaspésie,9,2,9.0
2024-2025,CISSS de la Gaspésie,9,3,4.0
2024-2025,CISSS de la Gaspésie,9,4,2.0
2024-2025,CISSS de la Gaspésie,9,5,8.0
2024-2025,CISSS de la Gaspésie,9,6,4.0
2024-2025,CISSS de la Gaspésie,9,7,2.0
2024-2025,CISSS de la Gaspésie,9,9,31.0
2024-2025,CISSS de la Gaspésie,12,4,1.0
2024-2025,CISSS de la Gaspésie,12,6,1.0
2024-2025,CISSS de la Gaspésie,12,7,1.0
2024-2025,CISSS de la Gaspésie,12,9,3.0
2024-2025,CISSS de la Gaspésie,13,1,37.0
2024-2025,CISSS de la Gaspésie,13,2,149.0
2024-2025,CISSS de la Gaspésie,13,3,89.0
2024-2025,CISSS de la Gaspésie,13,4,27.0
2024-2025,CISSS de la Gaspésie,13,5,69.0
2024-2025,CISSS de la Gaspésie,13,6,28.0
2024-2025,CISSS de la Gaspésie,13,7,3.0
2024-2025,CISSS de la Gaspésie,13,9,402.0
2024-2025,CISSS de la Montérégie-Ouest,1,1,727.0
2024-2025,CISSS de la Montérégie-Ouest,1,2,1174.0
2024-2025,CISSS de la Montérégie-Ouest,1,3,563.0
2024-2025,CISSS de la Montérégie-Ouest,1,4,154.0
2024-2025,CISSS de la Montérégie-Ouest,1,5,481.0
2024-2025,CISSS de la Montérégie-Ouest,1,6,60.0
2024-2025,CISSS de la Montérégie-Ouest,1,7,2.0
2024-2025,CISSS de la Montérégie-Ouest,1,9,3161.0
2024-2025,CISSS de la Montérégie-Ouest,2,1,1.0
2024-2025,CISSS de la Montérégie-Ouest,2,3,6.0
2024-2025,CISSS de la Montérégie-Ouest,2,4,12.0
2024-2025,CISSS de la Montérégie-Ouest,2,5,127.0
2024-2025,CISSS de la Montérégie-Ouest,2,6,40.0
2024-2025,CISSS de la Montérégie-Ouest,2,7,4.0
2024-2025,CISSS de la Montérégie-Ouest,2,9,190.0
2024-2025,CISSS de la Montérégie-Ouest,3,1,9.0
2024-2025,CISSS de la Montérégie-Ouest,3,2,33.0
2024-2025,CISSS de la Montérégie-Ouest,3,3,44.0
2024-2025,CISSS de la Montérégie-Ouest,3,4,8.0
2024-2025,CISSS de la Montérégie-Ouest,3,5,25.0
2024-2025,CISSS de la Montérégie-Ouest,3,6,15.0
2024-2025,CISSS de la Montérégie-Ouest,3,7,3.0
2024-2025,CISSS de la Montérégie-Ouest,3,9,137.0
2024-2025,CISSS de la Montérégie-Ouest,4,2,8.0
2024-2025,CISSS de la Montérégie-Ouest,4,3,20.0
2024-2025,CISSS de la Montérégie-Ouest,4,4,2.0
2024-2025,CISSS de la Montérégie-Ouest,4,5,28.0
2024-2025,CISSS de la Montérégie-Ouest,4,6,24.0
2024-2025,CISSS de la Montérégie-Ouest,4,7,11.0
2024-2025,CISSS de la Montérégie-Ouest,4,8,1.0
2024-2025,CISSS de la Montérégie-Ouest,4,9,94.0
2024-2025,CISSS de la Montérégie-Ouest,5,2,8.0
2024-2025,CISSS de la Montérégie-Ouest,5,3,44.0
2024-2025,CISSS de la Montérégie-Ouest,5,4,22.0
2024-2025,CISSS de la Montérégie-Ouest,5,5,58.0
2024-2025,CISSS de la Montérégie-Ouest,5,6,19.0
2024-2025,CISSS de la Montérégie-Ouest,5,7,2.0
2024-2025,CISSS de la Montérégie-Ouest,5,9,153.0
2024-2025,CISSS de la Montérégie-Ouest,7,4,4.0
2024-2025,CISSS de la Montérégie-Ouest,7,5,11.0
2024-2025,CISSS de la Montérégie-Ouest,7,6,6.0
2024-2025,CISSS de la Montérégie-Ouest,7,7,8.0
2024-2025,CISSS de la Montérégie-Ouest,7,8,2.0
2024-2025,CISSS de la Montérégie-Ouest,7,9,31.0
2024-2025,CISSS de la Montérégie-Ouest,8,1,1.0
2024-2025,CISSS de la Montérégie-Ouest,8,2,15.0
2024-2025,CISSS de la Montérégie-Ouest,8,3,36.0
2024-2025,CISSS de la Montérégie-Ouest,8,4,24.0
2024-2025,CISSS de la Montérégie-Ouest,8,5,134.0
2024-2025,CISSS de la Montérégie-Ouest,8,6,130.0
2024-2025,CISSS de la Montérégie-Ouest,8,7,36.0
2024-2025,CISSS de la Montérégie-Ouest,8,8,6.0
2024-2025,CISSS de la Montérégie-Ouest,8,9,382.0
2024-2025,CISSS de la Montérégie-Ouest,9,1,1.0
2024-2025,CISSS de la Montérégie-Ouest,9,2,29.0
2024-2025,CISSS de la Montérégie-Ouest,9,3,44.0
2024-2025,CISSS de la Montérégie-Ouest,9,4,31.0
2024-2025,CISSS de la Montérégie-Ouest,9,5,233.0
2024-2025,CISSS de la Montérégie-Ouest,9,6,270.0
2024-2025,CISSS de la Montérégie-Ouest,9,7,93.0
2024-2025,CISSS de la Montérégie-Ouest,9,8,13.0
2024-2025,CISSS de la Montérégie-Ouest,9,9,714.0
2024-2025,CISSS de la Montérégie-Ouest,10,4,2.0
2024-2025,CISSS de la Montérégie-Ouest,10,5,18.0
2024-2025,CISSS de la Montérégie-Ouest,10,9,20.0
2024-2025,CISSS de la Montérégie-Ouest,12,4,1.0
2024-2025,CISSS de la Montérégie-Ouest,12,5,6.0
2024-2025,CISSS de la Montérégie-Ouest,12,6,6.0
2024-2025,CISSS de la Montérégie-Ouest,12,7,1.0
2024-2025,CISSS de la Montérégie-Ouest,12,9,14.0
2024-2025,CISSS de la Montérégie-Ouest,13,1,739.0
2024-2025,CISSS de la Montérégie-Ouest,13,2,1267.0
2024-2025,CISSS de la Montérégie-Ouest,13,3,757.0
2024-2025,CISSS de la Montérégie-Ouest,13,4,260.0
2024-2025,CISSS de la Montérégie-Ouest,13,5,1121.0
2024-2025,CISSS de la Montérégie-Ouest,13,6,570.0
2024-2025,CISSS de la Montérégie-Ouest,13,7,160.0
2024-2025,CISSS de la Montérégie-Ouest,13,8,22.0
2024-2025,CISSS de la Montérégie-Ouest,13,9,4896.0
2024-2025,CISSS des Laurentides,1,1,284.0
2024-2025,CISSS des Laurentides,1,2,210.0
2024-2025,CISSS des Laurentides,1,3,86.0
2024-2025,CISSS des Laurentides,1,4,78.0
2024-2025,CISSS des Laurentides,1,5,274.0
2024-2025,CISSS des Laurentides,1,6,40.0
2024-2025,CISSS des Laurentides,1,7,8.0
2024-2025,CISSS des Laurentides,1,9,980.0
2024-2025,CISSS des Laurentides,2,1,1.0
2024-2025,CISSS des Laurentides,2,2,3.0
2024-2025,CISSS des Laurentides,2,3,1.0
2024-2025,CISSS des Laurentides,2,4,2.0
2024-2025,CISSS des Laurentides,2,5,42.0
2024-2025,CISSS des Laurentides,2,6,30.0
2024-2025,CISSS des Laurentides,2,7,4.0
2024-2025,CISSS des Laurentides,2,9,83.0
2024-2025,CISSS des Laurentides,3,5,1.0
2024-2025,CISSS des Laurentides,3,9,1.0
2024-2025,CISSS des Laurentides,4,6,1.0
2024-2025,CISSS des Laurentides,4,9,1.0
2024-2025,CISSS des Laurentides,5,1,1.0
2024-2025,CISSS des Laurentides,5,2,3.0
2024-2025,CISSS des Laurentides,5,3,6.0
2024-2025,CISSS des Laurentides,5,4,3.0
2024-2025,CISSS des Laurentides,5,5,9.0
2024-2025,CISSS des Laurentides,5,6,3.0
2024-2025,CISSS des Laurentides,5,9,25.0
2024-2025,CISSS des Laurentides,6,5,5.0
2024-2025,CISSS des Laurentides,6,6,4.0
2024-2025,CISSS des Laurentides,6,9,9.0
2024-2025,CISSS des Laurentides,7,2,1.0
2024-2025,CISSS des Laurentides,7,3,1.0
2024-2025,CISSS des Laurentides,7,6,1.0
2024-2025,CISSS des Laurentides,7,9,3.0
2024-2025,CISSS des Laurentides,8,2,3.0
2024-2025,CISSS des Laurentides,8,3,11.0
2024-2025,CISSS des Laurentides,8,4,13.0
2024-2025,CISSS des Laurentides,8,5,116.0
2024-2025,CISSS des Laurentides,8,6,48.0
2024-2025,CISSS des Laurentides,8,7,12.0
2024-2025,CISSS des Laurentides,8,8,4.0
2024-2025,CISSS des Laurentides,8,9,207.0
2024-2025,CISSS des Laurentides,9,1,9.0
2024-2025,CISSS des Laurentides,9,2,13.0
2024-2025,CISSS des Laurentides,9,3,7.0
2024-2025,CISSS des Laurentides,9,4,9.0
2024-2025,CISSS des Laurentides,9,5,39.0
2024-2025,CISSS des Laurentides,9,6,37.0
2024-2025,CISSS des Laurentides,9,7,12.0
2024-2025,CISSS des Laurentides,9,8,1.0
2024-2025,CISSS des Laurentides,9,9,127.0
2024-2025,CISSS des Laurentides,10,2,2.0
2024-2025,CISSS des Laurentides,10,3,5.0
2024-2025,CISSS des Laurentides,10,4,2.0
2024-2025,CISSS des Laurentides,10,5,1.0
2024-2025,CISSS des Laurentides,10,6,4.0
2024-2025,CISSS des Laurentides,10,7,4.0
2024-2025,CISSS des Laurentides,10,9,18.0
2024-2025,CISSS des Laurentides,12,2,2.0
2024-2025,CISSS des Laurentides,12,3,1.0
2024-2025,CISSS des Laurentides,12,4,2.0
2024-2025,CISSS des Laurentides,12,5,9.0
2024-2025,CISSS des Laurentides,12,6,6.0
2024-2025,CISSS des Laurentides,12,7,3.0
2024-2025,CISSS des Laurentides,12,9,23.0
2024-2025,CISSS des Laurentides,13,1,295.0
2024-2025,CISSS des Laurentides,13,2,237.0
2024-2025,CISSS des Laurentides,13,3,118.0
2024-2025,CISSS des Laurentides,13,4,109.0
2024-2025,CISSS des Laurentides,13,5,496.0
2024-2025,CISSS des Laurentides,13,6,174.0
2024-2025,CISSS des Laurentides,13,7,43.0
2024-2025,CISSS des Laurentides,13,8,5.0
2024-2025,CISSS des Laurentides,13,9,1477.0
2024-2025,CISSS des Îles,1,1,1.0
2024-2025,CISSS des Îles,1,2,4.0
2024-2025,CISSS des Îles,1,3,2.0
2024-2025,CISSS des Îles,1,4,7.0
2024-2025,CISSS des Îles,1,5,14.0
2024-2025,CISSS des Îles,1,6,3.0
2024-2025,CISSS des Îles,1,9,31.0
2024-2025,CISSS des Îles,2,6,7.0
2024-2025,CISSS des Îles,2,7,1.0
2024-2025,CISSS des Îles,2,9,8.0
2024-2025,CISSS des Îles,4,4,3.0
2024-2025,CISSS des Îles,4,5,1.0
2024-2025,CISSS des Îles,4,9,4.0
2024-2025,CISSS des Îles,8,5,3.0
2024-2025,CISSS des Îles,8,6,9.0
2024-2025,CISSS des Îles,8,7,1.0
2024-2025,CISSS des Îles,8,9,13.0
2024-2025,CISSS des Îles,12,6,1.0
2024-2025,CISSS des Îles,12,9,1.0
2024-2025,CISSS des Îles,13,1,1.0
2024-2025,CISSS des Îles,13,2,4.0
2024-2025,CISSS des Îles,13,3,2.0
2024-2025,CISSS des Îles,13,4,10.0
2024-2025,CISSS des Îles,13,5,18.0
2024-2025,CISSS des Îles,13,6,20.0
2024-2025,CISSS des Îles,13,7,2.0
2024-2025,CISSS des Îles,13,9,57.0
2024-2025,CISSS du Bas-St-Laurent,1,1,155.0
2024-2025,CISSS du Bas-St-Laurent,1,2,262.0
2024-2025,CISSS du Bas-St-Laurent,1,3,232.0
2024-2025,CISSS du Bas-St-Laurent,1,4,32.0
2024-2025,CISSS du Bas-St-Laurent,1,5,49.0
2024-2025,CISSS du Bas-St-Laurent,1,6,5.0
2024-2025,CISSS du Bas-St-Laurent,1,9,735.0
2024-2025,CISSS du Bas-St-Laurent,2,2,1.0
2024-2025,CISSS du Bas-St-Laurent,2,3,4.0
2024-2025,CISSS du Bas-St-Laurent,2,4,6.0
2024-2025,CISSS du Bas-St-Laurent,2,5,30.0
2024-2025,CISSS du Bas-St-Laurent,2,6,17.0
2024-2025,CISSS du Bas-St-Laurent,2,7,3.0
2024-2025,CISSS du Bas-St-Laurent,2,9,61.0
2024-2025,CISSS du Bas-St-Laurent,5,2,2.0
2024-2025,CISSS du Bas-St-Laurent,5,3,7.0
2024-2025,CISSS du Bas-St-Laurent,5,4,4.0
2024-2025,CISSS du Bas-St-Laurent,5,5,12.0
2024-2025,CISSS du Bas-St-Laurent,5,6,6.0
2024-2025,CISSS du Bas-St-Laurent,5,9,31.0
2024-2025,CISSS du Bas-St-Laurent,7,4,2.0
2024-2025,CISSS du Bas-St-Laurent,7,5,3.0
2024-2025,CISSS du Bas-St-Laurent,7,6,2.0
2024-2025,CISSS du Bas-St-Laurent,7,7,1.0
2024-2025,CISSS du Bas-St-Laurent,7,9,8.0
2024-2025,CISSS du Bas-St-Laurent,8,3,6.0
2024-2025,CISSS du Bas-St-Laurent,8,4,5.0
2024-2025,CISSS du Bas-St-Laurent,8,5,24.0
2024-2025,CISSS du Bas-St-Laurent,8,6,18.0
2024-2025,CISSS du Bas-St-Laurent,8,7,1.0
2024-2025,CISSS du Bas-St-Laurent,8,8,1.0
2024-2025,CISSS du Bas-St-Laurent,8,9,55.0
2024-2025,CISSS du Bas-St-Laurent,9,1,5.0
2024-2025,CISSS du Bas-St-Laurent,9,2,8.0
2024-2025,CISSS du Bas-St-Laurent,9,3,15.0
2024-2025,CISSS du Bas-St-Laurent,9,4,8.0
2024-2025,CISSS du Bas-St-Laurent,9,5,26.0
2024-2025,CISSS du Bas-St-Laurent,9,6,26.0
2024-2025,CISSS du Bas-St-Laurent,9,7,3.0
2024-2025,CISSS du Bas-St-Laurent,9,9,91.0
2024-2025,CISSS du Bas-St-Laurent,11,3,2.0
2024-2025,CISSS du Bas-St-Laurent,11,9,2.0
2024-2025,CISSS du Bas-St-Laurent,12,4,1.0
2024-2025,CISSS du Bas-St-Laurent,12,5,4.0
2024-2025,CISSS du Bas-St-Laurent,12,6,2.0
2024-2025,CISSS du Bas-St-Laurent,12,9,7.0
2024-2025,CISSS du Bas-St-Laurent,13,1,160.0
2024-2025,CISSS du Bas-St-Laurent,13,2,273.0
2024-2025,CISSS du Bas-St-Laurent,13,3,266.0
2024-2025,CISSS du Bas-St-Laurent,13,4,58.0
2024-2025,CISSS du Bas-St-Laurent,13,5,148.0
2024-2025,CISSS du Bas-St-Laurent,13,6,76.0
2024-2025,CISSS du Bas-St-Laurent,13,7,8.0
2024-2025,CISSS du Bas-St-Laurent,13,8,1.0
2024-2025,CISSS du Bas-St-Laurent,13,9,990.0
2024-2025,CIUSSS de l'Estrie - CHUS,1,1,183.0
2024-2025,CIUSSS de l'Estrie - CHUS,1,2,320.0
2024-2025,CIUSSS de l'Estrie - CHUS,1,3,174.0
2024-2025,CIUSSS de l'Estrie - CHUS,1,4,46.0
2024-2025,CIUSSS de l'Estrie - CHUS,1,5,191.0
2024-2025,CIUSSS de l'Estrie - CHUS,1,6,51.0
2024-2025,CIUSSS de l'Estrie - CHUS,1,7,1.0
2024-2025,CIUSSS de l'Estrie - CHUS,1,9,966.0
2024-2025,CIUSSS de l'Estrie - CHUS,2,3,1.0
2024-2025,CIUSSS de l'Estrie - CHUS,2,4,6.0
2024-2025,CIUSSS de l'Estrie - CHUS,2,5,47.0
2024-2025,CIUSSS de l'Estrie - CHUS,2,6,32.0
2024-2025,CIUSSS de l'Estrie - CHUS,2,7,5.0
2024-2025,CIUSSS de l'Estrie - CHUS,2,9,91.0
2024-2025,CIUSSS de l'Estrie - CHUS,3,1,2.0
2024-2025,CIUSSS de l'Estrie - CHUS,3,2,29.0
2024-2025,CIUSSS de l'Estrie - CHUS,3,3,25.0
2024-2025,CIUSSS de l'Estrie - CHUS,3,4,5.0
2024-2025,CIUSSS de l'Estrie - CHUS,3,5,77.0
2024-2025,CIUSSS de l'Estrie - CHUS,3,6,83.0
2024-2025,CIUSSS de l'Estrie - CHUS,3,7,11.0
2024-2025,CIUSSS de l'Estrie - CHUS,3,8,2.0
2024-2025,CIUSSS de l'Estrie - CHUS,3,9,234.0
2024-2025,CIUSSS de l'Estrie - CHUS,4,6,1.0
2024-2025,CIUSSS de l'Estrie - CHUS,4,9,1.0
2024-2025,CIUSSS de l'Estrie - CHUS,5,2,3.0
2024-2025,CIUSSS de l'Estrie - CHUS,5,3,19.0
2024-2025,CIUSSS de l'Estrie - CHUS,5,4,7.0
2024-2025,CIUSSS de l'Estrie - CHUS,5,5,29.0
2024-2025,CIUSSS de l'Estrie - CHUS,5,6,5.0
2024-2025,CIUSSS de l'Estrie - CHUS,5,7,1.0
2024-2025,CIUSSS de l'Estrie - CHUS,5,9,64.0
2024-2025,CIUSSS de l'Estrie - CHUS,6,6,2.0
2024-2025,CIUSSS de l'Estrie - CHUS,6,9,2.0
2024-2025,CIUSSS de l'Estrie - CHUS,8,4,2.0
2024-2025,CIUSSS de l'Estrie - CHUS,8,5,19.0
2024-2025,CIUSSS de l'Estrie - CHUS,8,6,31.0
2024-2025,CIUSSS de l'Estrie - CHUS,8,7,9.0
2024-2025,CIUSSS de l'Estrie - CHUS,8,8,2.0
2024-2025,CIUSSS de l'Estrie - CHUS,8,9,63.0
2024-2025,CIUSSS de l'Estrie - CHUS,9,1,1.0
2024-2025,CIUSSS de l'Estrie - CHUS,9,2,11.0
2024-2025,CIUSSS de l'Estrie - CHUS,9,3,10.0
2024-2025,CIUSSS de l'Estrie - CHUS,9,4,11.0
2024-2025,CIUSSS de l'Estrie - CHUS,9,5,56.0
2024-2025,CIUSSS de l'Estrie - CHUS,9,6,22.0
2024-2025,CIUSSS de l'Estrie - CHUS,9,7,7.0
2024-2025,CIUSSS de l'Estrie - CHUS,9,9,118.0
2024-2025,CIUSSS de l'Estrie - CHUS,12,1,1.0
2024-2025,CIUSSS de l'Estrie - CHUS,12,2,3.0
2024-2025,CIUSSS de l'Estrie - CHUS,12,3,2.0
2024-2025,CIUSSS de l'Estrie - CHUS,12,4,4.0
2024-2025,CIUSSS de l'Estrie - CHUS,12,5,19.0
2024-2025,CIUSSS de l'Estrie - CHUS,12,6,13.0
2024-2025,CIUSSS de l'Estrie - CHUS,12,7,3.0
2024-2025,CIUSSS de l'Estrie - CHUS,12,9,45.0
2024-2025,CIUSSS de l'Estrie - CHUS,13,1,187.0
2024-2025,CIUSSS de l'Estrie - CHUS,13,2,366.0
2024-2025,CIUSSS de l'Estrie - CHUS,13,3,231.0
2024-2025,CIUSSS de l'Estrie - CHUS,13,4,81.0
2024-2025,CIUSSS de l'Estrie - CHUS,13,5,438.0
2024-2025,CIUSSS de l'Estrie - CHUS,13,6,240.0
2024-2025,CIUSSS de l'Estrie - CHUS,13,7,37.0
2024-2025,CIUSSS de l'Estrie - CHUS,13,8,4.0
2024-2025,CIUSSS de l'Estrie - CHUS,13,9,1584.0
2024-2025,CIUSSS de l'Ouest-de-l'Île-de-Montréal,1,1,118.0
2024-2025,CIUSSS de l'Ouest-de-l'Île-de-Montréal,1,2,304.0
2024-2025,CIUSSS de l'Ouest-de-l'Île-de-Montréal,1,3,198.0
2024-2025,CIUSSS de l'Ouest-de-l'Île-de-Montréal,1,4,94.0
2024-2025,CIUSSS de l'Ouest-de-l'Île-de-Montréal,1,5,349.0
2024-2025,CIUSSS de l'Ouest-de-l'Île-de-Montréal,1,6,57.0
2024-2025,CIUSSS de l'Ouest-de-l'Île-de-Montréal,1,7,1.0
2024-2025,CIUSSS de l'Ouest-de-l'Île-de-Montréal,1,8,1.0
2024-2025,CIUSSS de l'Ouest-de-l'Île-de-Montréal,1,9,1122.0
2024-2025,CIUSSS de l'Ouest-de-l'Île-de-Montréal,2,5,33.0
2024-2025,CIUSSS de l'Ouest-de-l'Île-de-Montréal,2,6,37.0
2024-2025,CIUSSS de l'Ouest-de-l'Île-de-Montréal,2,7,6.0
2024-2025,CIUSSS de l'Ouest-de-l'Île-de-Montréal,2,8,2.0
2024-2025,CIUSSS de l'Ouest-de-l'Île-de-Montréal,2,9,78.0
2024-2025,CIUSSS de l'Ouest-de-l'Île-de-Montréal,5,5,4.0
2024-2025,CIUSSS de l'Ouest-de-l'Île-de-Montréal,5,6,4.0
2024-2025,CIUSSS de l'Ouest-de-l'Île-de-Montréal,5,7,1.0
2024-2025,CIUSSS de l'Ouest-de-l'Île-de-Montréal,5,9,9.0
2024-2025,CIUSSS de l'Ouest-de-l'Île-de-Montréal,7,7,1.0
2024-2025,CIUSSS de l'Ouest-de-l'Île-de-Montréal,7,9,1.0
2024-2025,CIUSSS de l'Ouest-de-l'Île-de-Montréal,8,2,14.0
2024-2025,CIUSSS de l'Ouest-de-l'Île-de-Montréal,8,3,19.0
2024-2025,CIUSSS de l'Ouest-de-l'Île-de-Montréal,8,4,25.0
2024-2025,CIUSSS de l'Ouest-de-l'Île-de-Montréal,8,5,95.0
2024-2025,CIUSSS de l'Ouest-de-l'Île-de-Montréal,8,6,58.0
2024-2025,CIUSSS de l'Ouest-de-l'Île-de-Montréal,8,7,5.0
2024-2025,CIUSSS de l'Ouest-de-l'Île-de-Montréal,8,8,5.0
2024-2025,CIUSSS de l'Ouest-de-l'Île-de-Montréal,8,9,221.0
2024-2025,CIUSSS de l'Ouest-de-l'Île-de-Montréal,9,1,3.0
2024-2025,CIUSSS de l'Ouest-de-l'Île-de-Montréal,9,2,5.0
2024-2025,CIUSSS de l'Ouest-de-l'Île-de-Montréal,9,3,11.0
2024-2025,CIUSSS de l'Ouest-de-l'Île-de-Montréal,9,4,12.0
2024-2025,CIUSSS de l'Ouest-de-l'Île-de-Montréal,9,5,126.0
2024-2025,CIUSSS de l'Ouest-de-l'Île-de-Montréal,9,6,167.0
2024-2025,CIUSSS de l'Ouest-de-l'Île-de-Montréal,9,7,36.0
2024-2025,CIUSSS de l'Ouest-de-l'Île-de-Montréal,9,8,12.0
2024-2025,CIUSSS de l'Ouest-de-l'Île-de-Montréal,9,9,372.0
2024-2025,CIUSSS de l'Ouest-de-l'Île-de-Montréal,12,3,3.0
2024-2025,CIUSSS de l'Ouest-de-l'Île-de-Montréal,12,4,4.0
2024-2025,CIUSSS de l'Ouest-de-l'Île-de-Montréal,12,5,16.0
2024-2025,CIUSSS de l'Ouest-de-l'Île-de-Montréal,12,6,26.0
2024-2025,CIUSSS de l'Ouest-de-l'Île-de-Montréal,12,7,4.0
2024-2025,CIUSSS de l'Ouest-de-l'Île-de-Montréal,12,9,53.0
2024-2025,CIUSSS de l'Ouest-de-l'Île-de-Montréal,13,1,121.0
2024-2025,CIUSSS de l'Ouest-de-l'Île-de-Montréal,13,2,323.0
2024-2025,CIUSSS de l'Ouest-de-l'Île-de-Montréal,13,3,231.0
2024-2025,CIUSSS de l'Ouest-de-l'Île-de-Montréal,13,4,135.0
2024-2025,CIUSSS de l'Ouest-de-l'Île-de-Montréal,13,5,623.0
2024-2025,CIUSSS de l'Ouest-de-l'Île-de-Montréal,13,6,349.0
2024-2025,CIUSSS de l'Ouest-de-l'Île-de-Montréal,13,7,54.0
2024-2025,CIUSSS de l'Ouest-de-l'Île-de-Montréal,13,8,20.0
2024-2025,CIUSSS de l'Ouest-de-l'Île-de-Montréal,13,9,1856.0
2024-2025,CIUSSS de la Capitale-Nationale,1,1,93.0
2024-2025,CIUSSS de la Capitale-Nationale,1,2,53.0
2024-2025,CIUSSS de la Capitale-Nationale,1,4,17.0
2024-2025,CIUSSS de la Capitale-Nationale,1,5,288.0
2024-2025,CIUSSS de la Capitale-Nationale,1,6,65.0
2024-2025,CIUSSS de la Capitale-Nationale,1,7,5.0
2024-2025,CIUSSS de la Capitale-Nationale,1,8,2.0
2024-2025,CIUSSS de la Capitale-Nationale,1,9,523.0
2024-2025,CIUSSS de la Capitale-Nationale,2,4,1.0
2024-2025,CIUSSS de la Capitale-Nationale,2,5,27.0
2024-2025,CIUSSS de la Capitale-Nationale,2,6,26.0
2024-2025,CIUSSS de la Capitale-Nationale,2,7,4.0
2024-2025,CIUSSS de la Capitale-Nationale,2,8,3.0
2024-2025,CIUSSS de la Capitale-Nationale,2,9,61.0
2024-2025,CIUSSS de la Capitale-Nationale,3,5,1.0
2024-2025,CIUSSS de la Capitale-Nationale,3,6,1.0
2024-2025,CIUSSS de la Capitale-Nationale,3,9,2.0
2024-2025,CIUSSS de la Capitale-Nationale,5,2,8.0
2024-2025,CIUSSS de la Capitale-Nationale,5,3,26.0
2024-2025,CIUSSS de la Capitale-Nationale,5,4,11.0
2024-2025,CIUSSS de la Capitale-Nationale,5,5,100.0
2024-2025,CIUSSS de la Capitale-Nationale,5,6,44.0
2024-2025,CIUSSS de la Capitale-Nationale,5,7,9.0
2024-2025,CIUSSS de la Capitale-Nationale,5,8,3.0
2024-2025,CIUSSS de la Capitale-Nationale,5,9,201.0
2024-2025,CIUSSS de la Capitale-Nationale,7,5,5.0
2024-2025,CIUSSS de la Capitale-Nationale,7,6,3.0
2024-2025,CIUSSS de la Capitale-Nationale,7,7,2.0
2024-2025,CIUSSS de la Capitale-Nationale,7,9,10.0
2024-2025,CIUSSS de la Capitale-Nationale,8,3,1.0
2024-2025,CIUSSS de la Capitale-Nationale,8,4,2.0
2024-2025,CIUSSS de la Capitale-Nationale,8,5,91.0
2024-2025,CIUSSS de la Capitale-Nationale,8,6,115.0
2024-2025,CIUSSS de la Capitale-Nationale,8,7,33.0
2024-2025,CIUSSS de la Capitale-Nationale,8,8,7.0
2024-2025,CIUSSS de la Capitale-Nationale,8,9,249.0
2024-2025,CIUSSS de la Capitale-Nationale,9,1,1.0
2024-2025,CIUSSS de la Capitale-Nationale,9,2,1.0
2024-2025,CIUSSS de la Capitale-Nationale,9,4,2.0
2024-2025,CIUSSS de la Capitale-Nationale,9,5,57.0
2024-2025,CIUSSS de la Capitale-Nationale,9,6,54.0
2024-2025,CIUSSS de la Capitale-Nationale,9,7,13.0
2024-2025,CIUSSS de la Capitale-Nationale,9,8,6.0
2024-2025,CIUSSS de la Capitale-Nationale,9,9,134.0
2024-2025,CIUSSS de la Capitale-Nationale,11,5,1.0
2024-2025,CIUSSS de la Capitale-Nationale,11,9,1.0
2024-2025,CIUSSS de la Capitale-Nationale,12,1,1.0
2024-2025,CIUSSS de la Capitale-Nationale,12,2,1.0
2024-2025,CIUSSS de la Capitale-Nationale,12,5,12.0
2024-2025,CIUSSS de la Capitale-Nationale,12,6,11.0
2024-2025,CIUSSS de la Capitale-Nationale,12,7,2.0
2024-2025,CIUSSS de la Capitale-Nationale,12,8,1.0
2024-2025,CIUSSS de la Capitale-Nationale,12,9,28.0
2024-2025,CIUSSS de la Capitale-Nationale,13,1,95.0
2024-2025,CIUSSS de la Capitale-Nationale,13,2,63.0
2024-2025,CIUSSS de la Capitale-Nationale,13,3,27.0
2024-2025,CIUSSS de la Capitale-Nationale,13,4,33.0
2024-2025,CIUSSS de la Capitale-Nationale,13,5,582.0
2024-2025,CIUSSS de la Capitale-Nationale,13,6,319.0
2024-2025,CIUSSS de la Capitale-Nationale,13,7,68.0
2024-2025,CIUSSS de la Capitale-Nationale,13,8,22.0
2024-2025,CIUSSS de la Capitale-Nationale,13,9,1209.0
2024-2025,CIUSSS de la Mauricie-et-du-Centre-du-Québec,1,1,282.0
2024-2025,CIUSSS de la Mauricie-et-du-Centre-du-Québec,1,2,756.0
2024-2025,CIUSSS de la Mauricie-et-du-Centre-du-Québec,1,3,336.0
2024-2025,CIUSSS de la Mauricie-et-du-Centre-du-Québec,1,4,161.0
2024-2025,CIUSSS de la Mauricie-et-du-Centre-du-Québec,1,5,391.0
2024-2025,CIUSSS de la Mauricie-et-du-Centre-du-Québec,1,6,63.0
2024-2025,CIUSSS de la Mauricie-et-du-Centre-du-Québec,1,7,2.0
2024-2025,CIUSSS de la Mauricie-et-du-Centre-du-Québec,1,8,2.0
2024-2025,CIUSSS de la Mauricie-et-du-Centre-du-Québec,1,9,1993.0
2024-2025,CIUSSS de la Mauricie-et-du-Centre-du-Québec,2,2,1.0
2024-2025,CIUSSS de la Mauricie-et-du-Centre-du-Québec,2,3,5.0
2024-2025,CIUSSS de la Mauricie-et-du-Centre-du-Québec,2,4,36.0
2024-2025,CIUSSS de la Mauricie-et-du-Centre-du-Québec,2,5,216.0
2024-2025,CIUSSS de la Mauricie-et-du-Centre-du-Québec,2,6,78.0
2024-2025,CIUSSS de la Mauricie-et-du-Centre-du-Québec,2,7,7.0
2024-2025,CIUSSS de la Mauricie-et-du-Centre-du-Québec,2,9,343.0
2024-2025,CIUSSS de la Mauricie-et-du-Centre-du-Québec,3,1,5.0
2024-2025,CIUSSS de la Mauricie-et-du-Centre-du-Québec,3,2,18.0
2024-2025,CIUSSS de la Mauricie-et-du-Centre-du-Québec,3,3,12.0
2024-2025,CIUSSS de la Mauricie-et-du-Centre-du-Québec,3,4,8.0
2024-2025,CIUSSS de la Mauricie-et-du-Centre-du-Québec,3,5,13.0
2024-2025,CIUSSS de la Mauricie-et-du-Centre-du-Québec,3,6,14.0
2024-2025,CIUSSS de la Mauricie-et-du-Centre-du-Québec,3,7,2.0
2024-2025,CIUSSS de la Mauricie-et-du-Centre-du-Québec,3,9,72.0
2024-2025,CIUSSS de la Mauricie-et-du-Centre-du-Québec,5,2,6.0
2024-2025,CIUSSS de la Mauricie-et-du-Centre-du-Québec,5,3,5.0
2024-2025,CIUSSS de la Mauricie-et-du-Centre-du-Québec,5,4,9.0
2024-2025,CIUSSS de la Mauricie-et-du-Centre-du-Québec,5,5,22.0
2024-2025,CIUSSS de la Mauricie-et-du-Centre-du-Québec,5,6,4.0
2024-2025,CIUSSS de la Mauricie-et-du-Centre-du-Québec,5,7,1.0
2024-2025,CIUSSS de la Mauricie-et-du-Centre-du-Québec,5,9,47.0
2024-2025,CIUSSS de la Mauricie-et-du-Centre-du-Québec,7,2,1.0
2024-2025,CIUSSS de la Mauricie-et-du-Centre-du-Québec,7,3,2.0
2024-2025,CIUSSS de la Mauricie-et-du-Centre-du-Québec,7,5,1.0
2024-2025,CIUSSS de la Mauricie-et-du-Centre-du-Québec,7,6,3.0
2024-2025,CIUSSS de la Mauricie-et-du-Centre-du-Québec,7,7,2.0
2024-2025,CIUSSS de la Mauricie-et-du-Centre-du-Québec,7,9,9.0
2024-2025,CIUSSS de la Mauricie-et-du-Centre-du-Québec,8,2,2.0
2024-2025,CIUSSS de la Mauricie-et-du-Centre-du-Québec,8,3,3.0
2024-2025,CIUSSS de la Mauricie-et-du-Centre-du-Québec,8,4,6.0
2024-2025,CIUSSS de la Mauricie-et-du-Centre-du-Québec,8,5,20.0
2024-2025,CIUSSS de la Mauricie-et-du-Centre-du-Québec,8,6,16.0
2024-2025,CIUSSS de la Mauricie-et-du-Centre-du-Québec,8,7,5.0
2024-2025,CIUSSS de la Mauricie-et-du-Centre-du-Québec,8,8,6.0
2024-2025,CIUSSS de la Mauricie-et-du-Centre-du-Québec,8,9,58.0
2024-2025,CIUSSS de la Mauricie-et-du-Centre-du-Québec,9,1,3.0
2024-2025,CIUSSS de la Mauricie-et-du-Centre-du-Québec,9,2,8.0
2024-2025,CIUSSS de la Mauricie-et-du-Centre-du-Québec,9,3,21.0
2024-2025,CIUSSS de la Mauricie-et-du-Centre-du-Québec,9,4,18.0
2024-2025,CIUSSS de la Mauricie-et-du-Centre-du-Québec,9,5,126.0
2024-2025,CIUSSS de la Mauricie-et-du-Centre-du-Québec,9,6,132.0
2024-2025,CIUSSS de la Mauricie-et-du-Centre-du-Québec,9,7,8.0
2024-2025,CIUSSS de la Mauricie-et-du-Centre-du-Québec,9,8,5.0
2024-2025,CIUSSS de la Mauricie-et-du-Centre-du-Québec,9,9,321.0
2024-2025,CIUSSS de la Mauricie-et-du-Centre-du-Québec,12,1,8.0
2024-2025,CIUSSS de la Mauricie-et-du-Centre-du-Québec,12,2,8.0
2024-2025,CIUSSS de la Mauricie-et-du-Centre-du-Québec,12,3,13.0
2024-2025,CIUSSS de la Mauricie-et-du-Centre-du-Québec,12,4,5.0
2024-2025,CIUSSS de la Mauricie-et-du-Centre-du-Québec,12,5,43.0
2024-2025,CIUSSS de la Mauricie-et-du-Centre-du-Québec,12,6,23.0
2024-2025,CIUSSS de la Mauricie-et-du-Centre-du-Québec,12,7,8.0
2024-2025,CIUSSS de la Mauricie-et-du-Centre-du-Québec,12,9,108.0
2024-2025,CIUSSS de la Mauricie-et-du-Centre-du-Québec,13,1,298.0
2024-2025,CIUSSS de la Mauricie-et-du-Centre-du-Québec,13,2,800.0
2024-2025,CIUSSS de la Mauricie-et-du-Centre-du-Québec,13,3,397.0
2024-2025,CIUSSS de la Mauricie-et-du-Centre-du-Québec,13,4,243.0
2024-2025,CIUSSS de la Mauricie-et-du-Centre-du-Québec,13,5,832.0
2024-2025,CIUSSS de la Mauricie-et-du-Centre-du-Québec,13,6,333.0
2024-2025,CIUSSS de la Mauricie-et-du-Centre-du-Québec,13,7,35.0
2024-2025,CIUSSS de la Mauricie-et-du-Centre-du-Québec,13,8,13.0
2024-2025,CIUSSS de la Mauricie-et-du-Centre-du-Québec,13,9,2951.0
2024-2025,CIUSSS du Centre-Ouest-de-l'Île-de-Montréal,1,1,285.0
2024-2025,CIUSSS du Centre-Ouest-de-l'Île-de-Montréal,1,2,318.0
2024-2025,CIUSSS du Centre-Ouest-de-l'Île-de-Montréal,1,3,106.0
2024-2025,CIUSSS du Centre-Ouest-de-l'Île-de-Montréal,1,4,57.0
2024-2025,CIUSSS du Centre-Ouest-de-l'Île-de-Montréal,1,5,192.0
2024-2025,CIUSSS du Centre-Ouest-de-l'Île-de-Montréal,1,6,24.0
2024-2025,CIUSSS du Centre-Ouest-de-l'Île-de-Montréal,1,7,1.0
2024-2025,CIUSSS du Centre-Ouest-de-l'Île-de-Montréal,1,9,983.0
2024-2025,CIUSSS du Centre-Ouest-de-l'Île-de-Montréal,2,3,1.0
2024-2025,CIUSSS du Centre-Ouest-de-l'Île-de-Montréal,2,4,3.0
2024-2025,CIUSSS du Centre-Ouest-de-l'Île-de-Montréal,2,5,29.0
2024-2025,CIUSSS du Centre-Ouest-de-l'Île-de-Montréal,2,6,18.0
2024-2025,CIUSSS du Centre-Ouest-de-l'Île-de-Montréal,2,7,4.0
2024-2025,CIUSSS du Centre-Ouest-de-l'Île-de-Montréal,2,8,1.0
2024-2025,CIUSSS du Centre-Ouest-de-l'Île-de-Montréal,2,9,56.0
2024-2025,CIUSSS du Centre-Ouest-de-l'Île-de-Montréal,4,5,8.0
2024-2025,CIUSSS du Centre-Ouest-de-l'Île-de-Montréal,4,6,5.0
2024-2025,CIUSSS du Centre-Ouest-de-l'Île-de-Montréal,4,7,2.0
2024-2025,CIUSSS du Centre-Ouest-de-l'Île-de-Montréal,4,9,15.0
2024-2025,CIUSSS du Centre-Ouest-de-l'Île-de-Montréal,5,4,3.0
2024-2025,CIUSSS du Centre-Ouest-de-l'Île-de-Montréal,5,5,18.0
2024-2025,CIUSSS du Centre-Ouest-de-l'Île-de-Montréal,5,6,11.0
2024-2025,CIUSSS du Centre-Ouest-de-l'Île-de-Montréal,5,7,5.0
2024-2025,CIUSSS du Centre-Ouest-de-l'Île-de-Montréal,5,9,37.0
2024-2025,CIUSSS du Centre-Ouest-de-l'Île-de-Montréal,7,5,1.0
2024-2025,CIUSSS du Centre-Ouest-de-l'Île-de-Montréal,7,9,1.0
2024-2025,CIUSSS du Centre-Ouest-de-l'Île-de-Montréal,8,2,3.0
2024-2025,CIUSSS du Centre-Ouest-de-l'Île-de-Montréal,8,3,4.0
2024-2025,CIUSSS du Centre-Ouest-de-l'Île-de-Montréal,8,4,7.0
2024-2025,CIUSSS du Centre-Ouest-de-l'Île-de-Montréal,8,5,41.0
2024-2025,CIUSSS du Centre-Ouest-de-l'Île-de-Montréal,8,6,45.0
2024-2025,CIUSSS du Centre-Ouest-de-l'Île-de-Montréal,8,7,20.0
2024-2025,CIUSSS du Centre-Ouest-de-l'Île-de-Montréal,8,8,3.0
2024-2025,CIUSSS du Centre-Ouest-de-l'Île-de-Montréal,8,9,123.0
2024-2025,CIUSSS du Centre-Ouest-de-l'Île-de-Montréal,9,1,1.0
2024-2025,CIUSSS du Centre-Ouest-de-l'Île-de-Montréal,9,2,4.0
2024-2025,CIUSSS du Centre-Ouest-de-l'Île-de-Montréal,9,3,3.0
2024-2025,CIUSSS du Centre-Ouest-de-l'Île-de-Montréal,9,4,3.0
2024-2025,CIUSSS du Centre-Ouest-de-l'Île-de-Montréal,9,5,35.0
2024-2025,CIUSSS du Centre-Ouest-de-l'Île-de-Montréal,9,6,43.0
2024-2025,CIUSSS du Centre-Ouest-de-l'Île-de-Montréal,9,7,16.0
2024-2025,CIUSSS du Centre-Ouest-de-l'Île-de-Montréal,9,8,9.0
2024-2025,CIUSSS du Centre-Ouest-de-l'Île-de-Montréal,9,9,114.0
2024-2025,CIUSSS du Centre-Ouest-de-l'Île-de-Montréal,11,2,1.0
2024-2025,CIUSSS du Centre-Ouest-de-l'Île-de-Montréal,11,3,1.0
2024-2025,CIUSSS du Centre-Ouest-de-l'Île-de-Montréal,11,9,2.0
2024-2025,CIUSSS du Centre-Ouest-de-l'Île-de-Montréal,12,1,3.0
2024-2025,CIUSSS du Centre-Ouest-de-l'Île-de-Montréal,12,2,4.0
2024-2025,CIUSSS du Centre-Ouest-de-l'Île-de-Montréal,12,3,1.0
2024-2025,CIUSSS du Centre-Ouest-de-l'Île-de-Montréal,12,4,5.0
2024-2025,CIUSSS du Centre-Ouest-de-l'Île-de-Montréal,12,5,10.0
2024-2025,CIUSSS du Centre-Ouest-de-l'Île-de-Montréal,12,6,1.0
2024-2025,CIUSSS du Centre-Ouest-de-l'Île-de-Montréal,12,9,24.0
2024-2025,CIUSSS du Centre-Ouest-de-l'Île-de-Montréal,13,1,289.0
2024-2025,CIUSSS du Centre-Ouest-de-l'Île-de-Montréal,13,2,330.0
2024-2025,CIUSSS du Centre-Ouest-de-l'Île-de-Montréal,13,3,116.0
2024-2025,CIUSSS du Centre-Ouest-de-l'Île-de-Montréal,13,4,78.0
2024-2025,CIUSSS du Centre-Ouest-de-l'Île-de-Montréal,13,5,334.0
2024-2025,CIUSSS du Centre-Ouest-de-l'Île-de-Montréal,13,6,147.0
2024-2025,CIUSSS du Centre-Ouest-de-l'Île-de-Montréal,13,7,48.0
2024-2025,CIUSSS du Centre-Ouest-de-l'Île-de-Montréal,13,8,13.0
2024-2025,CIUSSS du Centre-Ouest-de-l'Île-de-Montréal,13,9,1355.0
2024-2025,CIUSSS du Centre-Sud-de-l'Île-de-Montréal,1,1,645.0
2024-2025,CIUSSS du Centre-Sud-de-l'Île-de-Montréal,1,2,690.0
2024-2025,CIUSSS du Centre-Sud-de-l'Île-de-Montréal,1,3,245.0
2024-2025,CIUSSS du Centre-Sud-de-l'Île-de-Montréal,1,4,101.0
2024-2025,CIUSSS du Centre-Sud-de-l'Île-de-Montréal,1,5,598.0
2024-2025,CIUSSS du Centre-Sud-de-l'Île-de-Montréal,1,6,97.0
2024-2025,CIUSSS du Centre-Sud-de-l'Île-de-Montréal,1,9,2376.0
2024-2025,CIUSSS du Centre-Sud-de-l'Île-de-Montréal,2,1,1.0
2024-2025,CIUSSS du Centre-Sud-de-l'Île-de-Montréal,2,2,1.0
2024-2025,CIUSSS du Centre-Sud-de-l'Île-de-Montréal,2,3,1.0
2024-2025,CIUSSS du Centre-Sud-de-l'Île-de-Montréal,2,4,2.0
2024-2025,CIUSSS du Centre-Sud-de-l'Île-de-Montréal,2,5,83.0
2024-2025,CIUSSS du Centre-Sud-de-l'Île-de-Montréal,2,6,40.0
2024-2025,CIUSSS du Centre-Sud-de-l'Île-de-Montréal,2,7,9.0
2024-2025,CIUSSS du Centre-Sud-de-l'Île-de-Montréal,2,9,137.0
2024-2025,CIUSSS du Centre-Sud-de-l'Île-de-Montréal,3,5,2.0
2024-2025,CIUSSS du Centre-Sud-de-l'Île-de-Montréal,3,6,1.0
2024-2025,CIUSSS du Centre-Sud-de-l'Île-de-Montréal,3,9,3.0
2024-2025,CIUSSS du Centre-Sud-de-l'Île-de-Montréal,4,2,2.0
2024-2025,CIUSSS du Centre-Sud-de-l'Île-de-Montréal,4,3,2.0
2024-2025,CIUSSS du Centre-Sud-de-l'Île-de-Montréal,4,4,4.0
2024-2025,CIUSSS du Centre-Sud-de-l'Île-de-Montréal,4,5,10.0
2024-2025,CIUSSS du Centre-Sud-de-l'Île-de-Montréal,4,6,4.0
2024-2025,CIUSSS du Centre-Sud-de-l'Île-de-Montréal,4,7,2.0
2024-2025,CIUSSS du Centre-Sud-de-l'Île-de-Montréal,4,8,2.0
2024-2025,CIUSSS du Centre-Sud-de-l'Île-de-Montréal,4,9,26.0
2024-2025,CIUSSS du Centre-Sud-de-l'Île-de-Montréal,5,2,6.0
2024-2025,CIUSSS du Centre-Sud-de-l'Île-de-Montréal,5,3,19.0
2024-2025,CIUSSS du Centre-Sud-de-l'Île-de-Montréal,5,4,12.0
2024-2025,CIUSSS du Centre-Sud-de-l'Île-de-Montréal,5,5,63.0
2024-2025,CIUSSS du Centre-Sud-de-l'Île-de-Montréal,5,6,19.0
2024-2025,CIUSSS du Centre-Sud-de-l'Île-de-Montréal,5,7,1.0
2024-2025,CIUSSS du Centre-Sud-de-l'Île-de-Montréal,5,9,120.0
2024-2025,CIUSSS du Centre-Sud-de-l'Île-de-Montréal,7,2,1.0
2024-2025,CIUSSS du Centre-Sud-de-l'Île-de-Montréal,7,5,6.0
2024-2025,CIUSSS du Centre-Sud-de-l'Île-de-Montréal,7,6,2.0
2024-2025,CIUSSS du Centre-Sud-de-l'Île-de-Montréal,7,7,2.0
2024-2025,CIUSSS du Centre-Sud-de-l'Île-de-Montréal,7,8,2.0
2024-2025,CIUSSS du Centre-Sud-de-l'Île-de-Montréal,7,9,13.0
2024-2025,CIUSSS du Centre-Sud-de-l'Île-de-Montréal,8,2,12.0
2024-2025,CIUSSS du Centre-Sud-de-l'Île-de-Montréal,8,3,51.0
2024-2025,CIUSSS du Centre-Sud-de-l'Île-de-Montréal,8,4,55.0
2024-2025,CIUSSS du Centre-Sud-de-l'Île-de-Montréal,8,5,464.0
2024-2025,CIUSSS du Centre-Sud-de-l'Île-de-Montréal,8,6,610.0
2024-2025,CIUSSS du Centre-Sud-de-l'Île-de-Montréal,8,7,205.0
2024-2025,CIUSSS du Centre-Sud-de-l'Île-de-Montréal,8,8,36.0
2024-2025,CIUSSS du Centre-Sud-de-l'Île-de-Montréal,8,9,1433.0
2024-2025,CIUSSS du Centre-Sud-de-l'Île-de-Montréal,9,1,6.0
2024-2025,CIUSSS du Centre-Sud-de-l'Île-de-Montréal,9,2,10.0
2024-2025,CIUSSS du Centre-Sud-de-l'Île-de-Montréal,9,3,10.0
2024-2025,CIUSSS du Centre-Sud-de-l'Île-de-Montréal,9,4,4.0
2024-2025,CIUSSS du Centre-Sud-de-l'Île-de-Montréal,9,5,56.0
2024-2025,CIUSSS du Centre-Sud-de-l'Île-de-Montréal,9,6,91.0
2024-2025,CIUSSS du Centre-Sud-de-l'Île-de-Montréal,9,7,36.0
2024-2025,CIUSSS du Centre-Sud-de-l'Île-de-Montréal,9,8,9.0
2024-2025,CIUSSS du Centre-Sud-de-l'Île-de-Montréal,9,9,222.0
2024-2025,CIUSSS du Centre-Sud-de-l'Île-de-Montréal,11,1,2.0
2024-2025,CIUSSS du Centre-Sud-de-l'Île-de-Montréal,11,2,4.0
2024-2025,CIUSSS du Centre-Sud-de-l'Île-de-Montréal,11,3,1.0
2024-2025,CIUSSS du Centre-Sud-de-l'Île-de-Montréal,11,9,7.0
2024-2025,CIUSSS du Centre-Sud-de-l'Île-de-Montréal,12,2,1.0
2024-2025,CIUSSS du Centre-Sud-de-l'Île-de-Montréal,12,3,4.0
2024-2025,CIUSSS du Centre-Sud-de-l'Île-de-Montréal,12,5,13.0
2024-2025,CIUSSS du Centre-Sud-de-l'Île-de-Montréal,12,6,7.0
2024-2025,CIUSSS du Centre-Sud-de-l'Île-de-Montréal,12,7,4.0
2024-2025,CIUSSS du Centre-Sud-de-l'Île-de-Montréal,12,9,29.0
2024-2025,CIUSSS du Centre-Sud-de-l'Île-de-Montréal,13,1,654.0
2024-2025,CIUSSS du Centre-Sud-de-l'Île-de-Montréal,13,2,727.0
2024-2025,CIUSSS du Centre-Sud-de-l'Île-de-Montréal,13,3,333.0
2024-2025,CIUSSS du Centre-Sud-de-l'Île-de-Montréal,13,4,178.0
2024-2025,CIUSSS du Centre-Sud-de-l'Île-de-Montréal,13,5,1295.0
2024-2025,CIUSSS du Centre-Sud-de-l'Île-de-Montréal,13,6,871.0
2024-2025,CIUSSS du Centre-Sud-de-l'Île-de-Montréal,13,7,259.0
2024-2025,CIUSSS du Centre-Sud-de-l'Île-de-Montréal,13,8,49.0
2024-2025,CIUSSS du Centre-Sud-de-l'Île-de-Montréal,13,9,4366.0
2024-2025,CIUSSS du SaguenayLac-St-Jean,1,1,102.0
2024-2025,CIUSSS du SaguenayLac-St-Jean,1,2,192.0
2024-2025,CIUSSS du SaguenayLac-St-Jean,1,3,114.0
2024-2025,CIUSSS du SaguenayLac-St-Jean,1,4,66.0
2024-2025,CIUSSS du SaguenayLac-St-Jean,1,5,166.0
2024-2025,CIUSSS du SaguenayLac-St-Jean,1,6,34.0
2024-2025,CIUSSS du SaguenayLac-St-Jean,1,8,1.0
2024-2025,CIUSSS du SaguenayLac-St-Jean,1,9,675.0
2024-2025,CIUSSS du SaguenayLac-St-Jean,2,3,1.0
2024-2025,CIUSSS du SaguenayLac-St-Jean,2,4,12.0
2024-2025,CIUSSS du SaguenayLac-St-Jean,2,5,105.0
2024-2025,CIUSSS du SaguenayLac-St-Jean,2,6,38.0
2024-2025,CIUSSS du SaguenayLac-St-Jean,2,7,6.0
2024-2025,CIUSSS du SaguenayLac-St-Jean,2,8,2.0
2024-2025,CIUSSS du SaguenayLac-St-Jean,2,9,164.0
2024-2025,CIUSSS du SaguenayLac-St-Jean,3,1,5.0
2024-2025,CIUSSS du SaguenayLac-St-Jean,3,2,14.0
2024-2025,CIUSSS du SaguenayLac-St-Jean,3,3,15.0
2024-2025,CIUSSS du SaguenayLac-St-Jean,3,4,5.0
2024-2025,CIUSSS du SaguenayLac-St-Jean,3,5,5.0
2024-2025,CIUSSS du SaguenayLac-St-Jean,3,6,7.0
2024-2025,CIUSSS du SaguenayLac-St-Jean,3,7,3.0
2024-2025,CIUSSS du SaguenayLac-St-Jean,3,9,54.0
2024-2025,CIUSSS du SaguenayLac-St-Jean,5,2,5.0
2024-2025,CIUSSS du SaguenayLac-St-Jean,5,3,4.0
2024-2025,CIUSSS du SaguenayLac-St-Jean,5,4,8.0
2024-2025,CIUSSS du SaguenayLac-St-Jean,5,5,41.0
2024-2025,CIUSSS du SaguenayLac-St-Jean,5,6,23.0
2024-2025,CIUSSS du SaguenayLac-St-Jean,5,7,4.0
2024-2025,CIUSSS du SaguenayLac-St-Jean,5,8,1.0
2024-2025,CIUSSS du SaguenayLac-St-Jean,5,9,86.0
2024-2025,CIUSSS du SaguenayLac-St-Jean,8,3,1.0
2024-2025,CIUSSS du SaguenayLac-St-Jean,8,5,36.0
2024-2025,CIUSSS du SaguenayLac-St-Jean,8,6,56.0
2024-2025,CIUSSS du SaguenayLac-St-Jean,8,7,24.0
2024-2025,CIUSSS du SaguenayLac-St-Jean,8,8,7.0
2024-2025,CIUSSS du SaguenayLac-St-Jean,8,9,124.0
2024-2025,CIUSSS du SaguenayLac-St-Jean,9,1,1.0
2024-2025,CIUSSS du SaguenayLac-St-Jean,9,2,3.0
2024-2025,CIUSSS du SaguenayLac-St-Jean,9,3,2.0
2024-2025,CIUSSS du SaguenayLac-St-Jean,9,4,3.0
2024-2025,CIUSSS du SaguenayLac-St-Jean,9,5,56.0
2024-2025,CIUSSS du SaguenayLac-St-Jean,9,6,83.0
2024-2025,CIUSSS du SaguenayLac-St-Jean,9,7,48.0
2024-2025,CIUSSS du SaguenayLac-St-Jean,9,8,10.0
2024-2025,CIUSSS du SaguenayLac-St-Jean,9,9,206.0
2024-2025,CIUSSS du SaguenayLac-St-Jean,12,4,5.0
2024-2025,CIUSSS du SaguenayLac-St-Jean,12,5,11.0
2024-2025,CIUSSS du SaguenayLac-St-Jean,12,6,3.0
2024-2025,CIUSSS du SaguenayLac-St-Jean,12,7,7.0
2024-2025,CIUSSS du SaguenayLac-St-Jean,12,8,1.0
2024-2025,CIUSSS du SaguenayLac-St-Jean,12,9,27.0
2024-2025,CIUSSS du SaguenayLac-St-Jean,13,1,108.0
2024-2025,CIUSSS du SaguenayLac-St-Jean,13,2,214.0
2024-2025,CIUSSS du SaguenayLac-St-Jean,13,3,137.0
2024-2025,CIUSSS du SaguenayLac-St-Jean,13,4,99.0
2024-2025,CIUSSS du SaguenayLac-St-Jean,13,5,420.0
2024-2025,CIUSSS du SaguenayLac-St-Jean,13,6,244.0
2024-2025,CIUSSS du SaguenayLac-St-Jean,13,7,92.0
2024-2025,CIUSSS du SaguenayLac-St-Jean,13,8,22.0
2024-2025,CIUSSS du SaguenayLac-St-Jean,13,9,1336.0
