Annee,NomEtablissement,Ligne,Colonne,Chiffre
2010-2011,CENTRE D'ACCUEIL DIXVILLE INC.,1,1,0.0
2010-2011,CENTRE D'ACCUEIL DIXVILLE INC.,1,2,0.0
2010-2011,CENTRE D'ACCUEIL DIXVILLE INC.,1,3,0.0
2010-2011,CENTRE D'ACCUEIL DIXVILLE INC.,1,4,0.0
2010-2011,CENTRE D'ACCUEIL DIXVILLE INC.,2,1,0.0
2010-2011,CENTRE D'ACCUEIL DIXVILLE INC.,2,2,0.0
2010-2011,CENTRE D'ACCUEIL DIXVILLE INC.,2,3,0.0
2010-2011,CENTRE D'ACCUEIL DIXVILLE INC.,2,4,0.0
2010-2011,CENTRE D'ACCUEIL DIXVILLE INC.,3,1,0.0
2010-2011,CENTRE D'ACCUEIL DIXVILLE INC.,3,2,0.0
2010-2011,CENTRE D'ACCUEIL DIXVILLE INC.,3,3,0.0
2010-2011,CENTRE D'ACCUEIL DIXVILLE INC.,3,4,0.0
2010-2011,CENTRE D'ACCUEIL DIXVILLE INC.,4,1,0.0
2010-2011,CENTRE D'ACCUEIL DIXVILLE INC.,4,2,0.0
2010-2011,CENTRE D'ACCUEIL DIXVILLE INC.,4,3,0.0
2010-2011,CENTRE D'ACCUEIL DIXVILLE INC.,4,4,0.0
2010-2011,CENTRE D'ACCUEIL DIXVILLE INC.,5,1,0.0
2010-2011,CENTRE D'ACCUEIL DIXVILLE INC.,5,2,0.0
2010-2011,CENTRE D'ACCUEIL DIXVILLE INC.,5,3,0.0
2010-2011,CENTRE D'ACCUEIL DIXVILLE INC.,5,4,0.0
2010-2011,CENTRE D'ACCUEIL DIXVILLE INC.,6,1,0.0
2010-2011,CENTRE D'ACCUEIL DIXVILLE INC.,6,2,0.0
2010-2011,CENTRE D'ACCUEIL DIXVILLE INC.,6,3,0.0
2010-2011,CENTRE D'ACCUEIL DIXVILLE INC.,6,4,0.0
2010-2011,CENTRE D'ACCUEIL DIXVILLE INC.,7,1,0.0
2010-2011,CENTRE D'ACCUEIL DIXVILLE INC.,7,3,0.0
2010-2011,CENTRE D'ACCUEIL DIXVILLE INC.,8,1,0.0
2010-2011,CENTRE D'ACCUEIL DIXVILLE INC.,8,2,0.0
2010-2011,CENTRE D'ACCUEIL DIXVILLE INC.,8,3,0.0
2010-2011,CENTRE D'ACCUEIL DIXVILLE INC.,8,4,0.0
2010-2011,CENTRE D'ACCUEIL DIXVILLE INC.,9,1,0.0
2010-2011,CENTRE D'ACCUEIL DIXVILLE INC.,9,2,0.0
2010-2011,CENTRE D'ACCUEIL DIXVILLE INC.,9,3,0.0
2010-2011,CENTRE D'ACCUEIL DIXVILLE INC.,9,4,0.0
2010-2011,CENTRE D'ACCUEIL DIXVILLE INC.,10,1,1.0
2010-2011,CENTRE D'ACCUEIL DIXVILLE INC.,10,2,78.0
2010-2011,CENTRE D'ACCUEIL DIXVILLE INC.,10,3,1.0
2010-2011,CENTRE D'ACCUEIL DIXVILLE INC.,10,4,443.0
2010-2011,CENTRE D'ACCUEIL DIXVILLE INC.,11,1,0.0
2010-2011,CENTRE D'ACCUEIL DIXVILLE INC.,11,2,0.0
2010-2011,CENTRE D'ACCUEIL DIXVILLE INC.,11,3,0.0
2010-2011,CENTRE D'ACCUEIL DIXVILLE INC.,11,4,0.0
2010-2011,CENTRE D'ACCUEIL DIXVILLE INC.,12,1,0.0
2010-2011,CENTRE D'ACCUEIL DIXVILLE INC.,12,2,0.0
2010-2011,CENTRE D'ACCUEIL DIXVILLE INC.,12,3,0.0
2010-2011,CENTRE D'ACCUEIL DIXVILLE INC.,12,4,0.0
2010-2011,CENTRE D'ACCUEIL DIXVILLE INC.,13,1,0.0
2010-2011,CENTRE D'ACCUEIL DIXVILLE INC.,13,2,0.0
2010-2011,CENTRE D'ACCUEIL DIXVILLE INC.,13,3,0.0
2010-2011,CENTRE D'ACCUEIL DIXVILLE INC.,13,4,0.0
2010-2011,CENTRE D'ACCUEIL DIXVILLE INC.,14,1,1.0
2010-2011,CENTRE D'ACCUEIL DIXVILLE INC.,14,3,1.0
2010-2011,CENTRE D'ACCUEIL DIXVILLE INC.,15,1,0.0
2010-2011,CENTRE D'ACCUEIL DIXVILLE INC.,15,2,0.0
2010-2011,CENTRE D'ACCUEIL DIXVILLE INC.,15,3,0.0
2010-2011,CENTRE D'ACCUEIL DIXVILLE INC.,15,4,0.0
2010-2011,CENTRE D'ACCUEIL DIXVILLE INC.,16,1,0.0
2010-2011,CENTRE D'ACCUEIL DIXVILLE INC.,16,2,0.0
2010-2011,CENTRE D'ACCUEIL DIXVILLE INC.,16,3,0.0
2010-2011,CENTRE D'ACCUEIL DIXVILLE INC.,16,4,0.0
2010-2011,CENTRE D'ACCUEIL DIXVILLE INC.,17,1,0.0
2010-2011,CENTRE D'ACCUEIL DIXVILLE INC.,17,2,0.0
2010-2011,CENTRE D'ACCUEIL DIXVILLE INC.,17,3,1.0
2010-2011,CENTRE D'ACCUEIL DIXVILLE INC.,17,4,289.0
2010-2011,CENTRE D'ACCUEIL DIXVILLE INC.,18,1,0.0
2010-2011,CENTRE D'ACCUEIL DIXVILLE INC.,18,2,0.0
2010-2011,CENTRE D'ACCUEIL DIXVILLE INC.,18,3,0.0
2010-2011,CENTRE D'ACCUEIL DIXVILLE INC.,18,4,0.0
2010-2011,CENTRE D'ACCUEIL DIXVILLE INC.,19,1,0.0
2010-2011,CENTRE D'ACCUEIL DIXVILLE INC.,19,2,0.0
2010-2011,CENTRE D'ACCUEIL DIXVILLE INC.,19,3,0.0
2010-2011,CENTRE D'ACCUEIL DIXVILLE INC.,19,4,0.0
2010-2011,CENTRE D'ACCUEIL DIXVILLE INC.,20,1,0.0
2010-2011,CENTRE D'ACCUEIL DIXVILLE INC.,20,2,0.0
2010-2011,CENTRE D'ACCUEIL DIXVILLE INC.,20,3,0.0
2010-2011,CENTRE D'ACCUEIL DIXVILLE INC.,20,4,0.0
2010-2011,CENTRE D'ACCUEIL DIXVILLE INC.,21,1,0.0
2010-2011,CENTRE D'ACCUEIL DIXVILLE INC.,21,3,1.0
2010-2011,CENTRE D'ACCUEIL DIXVILLE INC.,22,1,0.0
2010-2011,CENTRE D'ACCUEIL DIXVILLE INC.,22,2,0.0
2010-2011,CENTRE D'ACCUEIL DIXVILLE INC.,22,3,0.0
2010-2011,CENTRE D'ACCUEIL DIXVILLE INC.,22,4,0.0
2010-2011,CENTRE D'ACCUEIL DIXVILLE INC.,23,1,0.0
2010-2011,CENTRE D'ACCUEIL DIXVILLE INC.,23,2,0.0
2010-2011,CENTRE D'ACCUEIL DIXVILLE INC.,23,3,1.0
2010-2011,CENTRE D'ACCUEIL DIXVILLE INC.,23,4,756.0
2010-2011,CENTRE D'ACCUEIL DIXVILLE INC.,24,1,1.0
2010-2011,CENTRE D'ACCUEIL DIXVILLE INC.,24,2,84.0
2010-2011,CENTRE D'ACCUEIL DIXVILLE INC.,24,3,1.0
2010-2011,CENTRE D'ACCUEIL DIXVILLE INC.,24,4,443.0
2010-2011,CENTRE D'ACCUEIL DIXVILLE INC.,25,1,0.0
2010-2011,CENTRE D'ACCUEIL DIXVILLE INC.,25,2,0.0
2010-2011,CENTRE D'ACCUEIL DIXVILLE INC.,25,3,0.0
2010-2011,CENTRE D'ACCUEIL DIXVILLE INC.,25,4,0.0
2010-2011,CENTRE D'ACCUEIL DIXVILLE INC.,26,1,0.0
2010-2011,CENTRE D'ACCUEIL DIXVILLE INC.,26,2,0.0
2010-2011,CENTRE D'ACCUEIL DIXVILLE INC.,26,3,0.0
2010-2011,CENTRE D'ACCUEIL DIXVILLE INC.,26,4,0.0
2010-2011,CENTRE D'ACCUEIL DIXVILLE INC.,27,1,0.0
2010-2011,CENTRE D'ACCUEIL DIXVILLE INC.,27,2,0.0
2010-2011,CENTRE D'ACCUEIL DIXVILLE INC.,27,3,0.0
2010-2011,CENTRE D'ACCUEIL DIXVILLE INC.,27,4,0.0
2010-2011,CENTRE D'ACCUEIL DIXVILLE INC.,28,1,1.0
2010-2011,CENTRE D'ACCUEIL DIXVILLE INC.,28,3,2.0
2010-2011,CENTRE DE PROTECTION ET DE READAPTATION DE LA COTE-NORD,2,1,2.0
2010-2011,CENTRE DE PROTECTION ET DE READAPTATION DE LA COTE-NORD,2,2,13.0
2010-2011,CENTRE DE PROTECTION ET DE READAPTATION DE LA COTE-NORD,2,3,1.0
2010-2011,CENTRE DE PROTECTION ET DE READAPTATION DE LA COTE-NORD,2,4,377.0
2010-2011,CENTRE DE PROTECTION ET DE READAPTATION DE LA COTE-NORD,4,3,1.0
2010-2011,CENTRE DE PROTECTION ET DE READAPTATION DE LA COTE-NORD,4,4,199.0
2010-2011,CENTRE DE PROTECTION ET DE READAPTATION DE LA COTE-NORD,7,1,2.0
2010-2011,CENTRE DE PROTECTION ET DE READAPTATION DE LA COTE-NORD,7,3,2.0
2010-2011,CENTRE DE PROTECTION ET DE READAPTATION DE LA COTE-NORD,22,3,2.0
2010-2011,CENTRE DE PROTECTION ET DE READAPTATION DE LA COTE-NORD,22,4,16.0
2010-2011,CENTRE DE PROTECTION ET DE READAPTATION DE LA COTE-NORD,23,3,8.0
2010-2011,CENTRE DE PROTECTION ET DE READAPTATION DE LA COTE-NORD,23,4,111.0
2010-2011,CENTRE DE PROTECTION ET DE READAPTATION DE LA COTE-NORD,25,3,1.0
2010-2011,CENTRE DE PROTECTION ET DE READAPTATION DE LA COTE-NORD,25,4,17.0
2010-2011,CENTRE DE PROTECTION ET DE READAPTATION DE LA COTE-NORD,28,3,11.0
2010-2011,CENTRE DE READAPTATION DE L'OUEST DE MONTREAL,1,1,2.0
2010-2011,CENTRE DE READAPTATION DE L'OUEST DE MONTREAL,1,2,361.0
2010-2011,CENTRE DE READAPTATION DE L'OUEST DE MONTREAL,1,3,8.0
2010-2011,CENTRE DE READAPTATION DE L'OUEST DE MONTREAL,1,4,223.0
2010-2011,CENTRE DE READAPTATION DE L'OUEST DE MONTREAL,2,1,60.0
2010-2011,CENTRE DE READAPTATION DE L'OUEST DE MONTREAL,2,2,1001.0
2010-2011,CENTRE DE READAPTATION DE L'OUEST DE MONTREAL,2,3,69.0
2010-2011,CENTRE DE READAPTATION DE L'OUEST DE MONTREAL,2,4,1081.0
2010-2011,CENTRE DE READAPTATION DE L'OUEST DE MONTREAL,3,1,3.0
2010-2011,CENTRE DE READAPTATION DE L'OUEST DE MONTREAL,3,2,1083.0
2010-2011,CENTRE DE READAPTATION DE L'OUEST DE MONTREAL,3,3,8.0
2010-2011,CENTRE DE READAPTATION DE L'OUEST DE MONTREAL,3,4,1270.0
2010-2011,CENTRE DE READAPTATION DE L'OUEST DE MONTREAL,4,1,7.0
2010-2011,CENTRE DE READAPTATION DE L'OUEST DE MONTREAL,4,2,1388.0
2010-2011,CENTRE DE READAPTATION DE L'OUEST DE MONTREAL,4,3,12.0
2010-2011,CENTRE DE READAPTATION DE L'OUEST DE MONTREAL,4,4,1539.0
2010-2011,CENTRE DE READAPTATION DE L'OUEST DE MONTREAL,5,1,1.0
2010-2011,CENTRE DE READAPTATION DE L'OUEST DE MONTREAL,5,2,72.0
2010-2011,CENTRE DE READAPTATION DE L'OUEST DE MONTREAL,5,3,0.0
2010-2011,CENTRE DE READAPTATION DE L'OUEST DE MONTREAL,5,4,0.0
2010-2011,CENTRE DE READAPTATION DE L'OUEST DE MONTREAL,6,1,0.0
2010-2011,CENTRE DE READAPTATION DE L'OUEST DE MONTREAL,6,2,0.0
2010-2011,CENTRE DE READAPTATION DE L'OUEST DE MONTREAL,6,3,0.0
2010-2011,CENTRE DE READAPTATION DE L'OUEST DE MONTREAL,6,4,0.0
2010-2011,CENTRE DE READAPTATION DE L'OUEST DE MONTREAL,7,1,73.0
2010-2011,CENTRE DE READAPTATION DE L'OUEST DE MONTREAL,7,3,97.0
2010-2011,CENTRE DE READAPTATION DE L'OUEST DE MONTREAL,8,1,0.0
2010-2011,CENTRE DE READAPTATION DE L'OUEST DE MONTREAL,8,2,0.0
2010-2011,CENTRE DE READAPTATION DE L'OUEST DE MONTREAL,8,3,0.0
2010-2011,CENTRE DE READAPTATION DE L'OUEST DE MONTREAL,8,4,0.0
2010-2011,CENTRE DE READAPTATION DE L'OUEST DE MONTREAL,9,1,0.0
2010-2011,CENTRE DE READAPTATION DE L'OUEST DE MONTREAL,9,2,0.0
2010-2011,CENTRE DE READAPTATION DE L'OUEST DE MONTREAL,9,3,1.0
2010-2011,CENTRE DE READAPTATION DE L'OUEST DE MONTREAL,9,4,65.0
2010-2011,CENTRE DE READAPTATION DE L'OUEST DE MONTREAL,10,1,0.0
2010-2011,CENTRE DE READAPTATION DE L'OUEST DE MONTREAL,10,2,0.0
2010-2011,CENTRE DE READAPTATION DE L'OUEST DE MONTREAL,10,3,7.0
2010-2011,CENTRE DE READAPTATION DE L'OUEST DE MONTREAL,10,4,278.0
2010-2011,CENTRE DE READAPTATION DE L'OUEST DE MONTREAL,11,1,1.0
2010-2011,CENTRE DE READAPTATION DE L'OUEST DE MONTREAL,11,2,286.0
2010-2011,CENTRE DE READAPTATION DE L'OUEST DE MONTREAL,11,3,1.0
2010-2011,CENTRE DE READAPTATION DE L'OUEST DE MONTREAL,11,4,651.0
2010-2011,CENTRE DE READAPTATION DE L'OUEST DE MONTREAL,12,1,0.0
2010-2011,CENTRE DE READAPTATION DE L'OUEST DE MONTREAL,12,2,0.0
2010-2011,CENTRE DE READAPTATION DE L'OUEST DE MONTREAL,12,3,0.0
2010-2011,CENTRE DE READAPTATION DE L'OUEST DE MONTREAL,12,4,0.0
2010-2011,CENTRE DE READAPTATION DE L'OUEST DE MONTREAL,13,1,0.0
2010-2011,CENTRE DE READAPTATION DE L'OUEST DE MONTREAL,13,2,0.0
2010-2011,CENTRE DE READAPTATION DE L'OUEST DE MONTREAL,13,3,0.0
2010-2011,CENTRE DE READAPTATION DE L'OUEST DE MONTREAL,13,4,0.0
2010-2011,CENTRE DE READAPTATION DE L'OUEST DE MONTREAL,14,1,1.0
2010-2011,CENTRE DE READAPTATION DE L'OUEST DE MONTREAL,14,3,9.0
2010-2011,CENTRE DE READAPTATION DE L'OUEST DE MONTREAL,15,1,0.0
2010-2011,CENTRE DE READAPTATION DE L'OUEST DE MONTREAL,15,2,0.0
2010-2011,CENTRE DE READAPTATION DE L'OUEST DE MONTREAL,15,3,0.0
2010-2011,CENTRE DE READAPTATION DE L'OUEST DE MONTREAL,15,4,0.0
2010-2011,CENTRE DE READAPTATION DE L'OUEST DE MONTREAL,16,1,0.0
2010-2011,CENTRE DE READAPTATION DE L'OUEST DE MONTREAL,16,2,0.0
2010-2011,CENTRE DE READAPTATION DE L'OUEST DE MONTREAL,16,3,1.0
2010-2011,CENTRE DE READAPTATION DE L'OUEST DE MONTREAL,16,4,132.0
2010-2011,CENTRE DE READAPTATION DE L'OUEST DE MONTREAL,17,1,4.0
2010-2011,CENTRE DE READAPTATION DE L'OUEST DE MONTREAL,17,2,61.0
2010-2011,CENTRE DE READAPTATION DE L'OUEST DE MONTREAL,17,3,6.0
2010-2011,CENTRE DE READAPTATION DE L'OUEST DE MONTREAL,17,4,241.0
2010-2011,CENTRE DE READAPTATION DE L'OUEST DE MONTREAL,18,1,0.0
2010-2011,CENTRE DE READAPTATION DE L'OUEST DE MONTREAL,18,2,0.0
2010-2011,CENTRE DE READAPTATION DE L'OUEST DE MONTREAL,18,3,3.0
2010-2011,CENTRE DE READAPTATION DE L'OUEST DE MONTREAL,18,4,183.0
2010-2011,CENTRE DE READAPTATION DE L'OUEST DE MONTREAL,19,1,1.0
2010-2011,CENTRE DE READAPTATION DE L'OUEST DE MONTREAL,19,2,307.0
2010-2011,CENTRE DE READAPTATION DE L'OUEST DE MONTREAL,19,3,0.0
2010-2011,CENTRE DE READAPTATION DE L'OUEST DE MONTREAL,19,4,0.0
2010-2011,CENTRE DE READAPTATION DE L'OUEST DE MONTREAL,20,1,0.0
2010-2011,CENTRE DE READAPTATION DE L'OUEST DE MONTREAL,20,2,0.0
2010-2011,CENTRE DE READAPTATION DE L'OUEST DE MONTREAL,20,3,0.0
2010-2011,CENTRE DE READAPTATION DE L'OUEST DE MONTREAL,20,4,0.0
2010-2011,CENTRE DE READAPTATION DE L'OUEST DE MONTREAL,21,1,5.0
2010-2011,CENTRE DE READAPTATION DE L'OUEST DE MONTREAL,21,3,10.0
2010-2011,CENTRE DE READAPTATION DE L'OUEST DE MONTREAL,22,1,79.0
2010-2011,CENTRE DE READAPTATION DE L'OUEST DE MONTREAL,22,2,379.0
2010-2011,CENTRE DE READAPTATION DE L'OUEST DE MONTREAL,22,3,80.0
2010-2011,CENTRE DE READAPTATION DE L'OUEST DE MONTREAL,22,4,376.0
2010-2011,CENTRE DE READAPTATION DE L'OUEST DE MONTREAL,23,1,245.0
2010-2011,CENTRE DE READAPTATION DE L'OUEST DE MONTREAL,23,2,1289.0
2010-2011,CENTRE DE READAPTATION DE L'OUEST DE MONTREAL,23,3,317.0
2010-2011,CENTRE DE READAPTATION DE L'OUEST DE MONTREAL,23,4,1366.0
2010-2011,CENTRE DE READAPTATION DE L'OUEST DE MONTREAL,24,1,0.0
2010-2011,CENTRE DE READAPTATION DE L'OUEST DE MONTREAL,24,2,0.0
2010-2011,CENTRE DE READAPTATION DE L'OUEST DE MONTREAL,24,3,16.0
2010-2011,CENTRE DE READAPTATION DE L'OUEST DE MONTREAL,24,4,1014.0
2010-2011,CENTRE DE READAPTATION DE L'OUEST DE MONTREAL,25,1,2.0
2010-2011,CENTRE DE READAPTATION DE L'OUEST DE MONTREAL,25,2,920.0
2010-2011,CENTRE DE READAPTATION DE L'OUEST DE MONTREAL,25,3,5.0
2010-2011,CENTRE DE READAPTATION DE L'OUEST DE MONTREAL,25,4,853.0
2010-2011,CENTRE DE READAPTATION DE L'OUEST DE MONTREAL,26,1,0.0
2010-2011,CENTRE DE READAPTATION DE L'OUEST DE MONTREAL,26,2,0.0
2010-2011,CENTRE DE READAPTATION DE L'OUEST DE MONTREAL,26,3,0.0
2010-2011,CENTRE DE READAPTATION DE L'OUEST DE MONTREAL,26,4,0.0
2010-2011,CENTRE DE READAPTATION DE L'OUEST DE MONTREAL,27,1,0.0
2010-2011,CENTRE DE READAPTATION DE L'OUEST DE MONTREAL,27,2,0.0
2010-2011,CENTRE DE READAPTATION DE L'OUEST DE MONTREAL,27,3,0.0
2010-2011,CENTRE DE READAPTATION DE L'OUEST DE MONTREAL,27,4,0.0
2010-2011,CENTRE DE READAPTATION DE L'OUEST DE MONTREAL,28,1,326.0
2010-2011,CENTRE DE READAPTATION DE L'OUEST DE MONTREAL,28,3,418.0
2010-2011,CENTRE DE READAPTATION LA MAISON,22,3,1.0
2010-2011,CENTRE DE READAPTATION LA MAISON,22,4,37.0
2010-2011,CENTRE DE READAPTATION LA MAISON,23,1,4.0
2010-2011,CENTRE DE READAPTATION LA MAISON,23,2,63.0
2010-2011,CENTRE DE READAPTATION LA MAISON,23,3,5.0
2010-2011,CENTRE DE READAPTATION LA MAISON,23,4,71.0
2010-2011,CENTRE DE READAPTATION LA MAISON,24,3,2.0
2010-2011,CENTRE DE READAPTATION LA MAISON,24,4,123.0
2010-2011,CENTRE DE READAPTATION LA MAISON,28,1,4.0
2010-2011,CENTRE DE READAPTATION LA MAISON,28,3,8.0
2010-2011,CENTRE DE READAPTATION LA MYRIADE,1,1,0.0
2010-2011,CENTRE DE READAPTATION LA MYRIADE,1,2,0.0
2010-2011,CENTRE DE READAPTATION LA MYRIADE,1,3,0.0
2010-2011,CENTRE DE READAPTATION LA MYRIADE,1,4,0.0
2010-2011,CENTRE DE READAPTATION LA MYRIADE,2,1,0.0
2010-2011,CENTRE DE READAPTATION LA MYRIADE,2,2,0.0
2010-2011,CENTRE DE READAPTATION LA MYRIADE,2,3,0.0
2010-2011,CENTRE DE READAPTATION LA MYRIADE,2,4,0.0
2010-2011,CENTRE DE READAPTATION LA MYRIADE,3,1,1.0
2010-2011,CENTRE DE READAPTATION LA MYRIADE,3,2,63.0
2010-2011,CENTRE DE READAPTATION LA MYRIADE,3,3,0.0
2010-2011,CENTRE DE READAPTATION LA MYRIADE,3,4,0.0
2010-2011,CENTRE DE READAPTATION LA MYRIADE,4,1,0.0
2010-2011,CENTRE DE READAPTATION LA MYRIADE,4,2,0.0
2010-2011,CENTRE DE READAPTATION LA MYRIADE,4,3,0.0
2010-2011,CENTRE DE READAPTATION LA MYRIADE,5,1,0.0
2010-2011,CENTRE DE READAPTATION LA MYRIADE,5,2,0.0
2010-2011,CENTRE DE READAPTATION LA MYRIADE,5,3,0.0
2010-2011,CENTRE DE READAPTATION LA MYRIADE,5,4,0.0
2010-2011,CENTRE DE READAPTATION LA MYRIADE,6,1,0.0
2010-2011,CENTRE DE READAPTATION LA MYRIADE,6,2,0.0
2010-2011,CENTRE DE READAPTATION LA MYRIADE,6,3,0.0
2010-2011,CENTRE DE READAPTATION LA MYRIADE,6,4,0.0
2010-2011,CENTRE DE READAPTATION LA MYRIADE,7,1,1.0
2010-2011,CENTRE DE READAPTATION LA MYRIADE,7,3,0.0
2010-2011,CENTRE DE READAPTATION LA MYRIADE,8,1,0.0
2010-2011,CENTRE DE READAPTATION LA MYRIADE,8,2,0.0
2010-2011,CENTRE DE READAPTATION LA MYRIADE,8,3,0.0
2010-2011,CENTRE DE READAPTATION LA MYRIADE,8,4,0.0
2010-2011,CENTRE DE READAPTATION LA MYRIADE,9,1,0.0
2010-2011,CENTRE DE READAPTATION LA MYRIADE,9,2,0.0
2010-2011,CENTRE DE READAPTATION LA MYRIADE,9,3,0.0
2010-2011,CENTRE DE READAPTATION LA MYRIADE,9,4,0.0
2010-2011,CENTRE DE READAPTATION LA MYRIADE,10,1,0.0
2010-2011,CENTRE DE READAPTATION LA MYRIADE,10,2,0.0
2010-2011,CENTRE DE READAPTATION LA MYRIADE,10,3,0.0
2010-2011,CENTRE DE READAPTATION LA MYRIADE,10,4,0.0
2010-2011,CENTRE DE READAPTATION LA MYRIADE,11,1,0.0
2010-2011,CENTRE DE READAPTATION LA MYRIADE,11,2,0.0
2010-2011,CENTRE DE READAPTATION LA MYRIADE,11,3,0.0
2010-2011,CENTRE DE READAPTATION LA MYRIADE,11,4,0.0
2010-2011,CENTRE DE READAPTATION LA MYRIADE,12,1,0.0
2010-2011,CENTRE DE READAPTATION LA MYRIADE,12,2,0.0
2010-2011,CENTRE DE READAPTATION LA MYRIADE,12,3,0.0
2010-2011,CENTRE DE READAPTATION LA MYRIADE,12,4,0.0
2010-2011,CENTRE DE READAPTATION LA MYRIADE,13,1,0.0
2010-2011,CENTRE DE READAPTATION LA MYRIADE,13,2,0.0
2010-2011,CENTRE DE READAPTATION LA MYRIADE,13,3,0.0
2010-2011,CENTRE DE READAPTATION LA MYRIADE,13,4,0.0
2010-2011,CENTRE DE READAPTATION LA MYRIADE,14,1,0.0
2010-2011,CENTRE DE READAPTATION LA MYRIADE,14,3,0.0
2010-2011,CENTRE DE READAPTATION LA MYRIADE,15,1,0.0
2010-2011,CENTRE DE READAPTATION LA MYRIADE,15,2,0.0
2010-2011,CENTRE DE READAPTATION LA MYRIADE,15,3,0.0
2010-2011,CENTRE DE READAPTATION LA MYRIADE,15,4,0.0
2010-2011,CENTRE DE READAPTATION LA MYRIADE,16,1,0.0
2010-2011,CENTRE DE READAPTATION LA MYRIADE,16,2,0.0
2010-2011,CENTRE DE READAPTATION LA MYRIADE,16,3,0.0
2010-2011,CENTRE DE READAPTATION LA MYRIADE,16,4,0.0
2010-2011,CENTRE DE READAPTATION LA MYRIADE,17,1,1.0
2010-2011,CENTRE DE READAPTATION LA MYRIADE,17,2,470.0
2010-2011,CENTRE DE READAPTATION LA MYRIADE,17,3,0.0
2010-2011,CENTRE DE READAPTATION LA MYRIADE,17,4,0.0
2010-2011,CENTRE DE READAPTATION LA MYRIADE,18,1,0.0
2010-2011,CENTRE DE READAPTATION LA MYRIADE,18,2,0.0
2010-2011,CENTRE DE READAPTATION LA MYRIADE,18,3,0.0
2010-2011,CENTRE DE READAPTATION LA MYRIADE,18,4,0.0
2010-2011,CENTRE DE READAPTATION LA MYRIADE,19,1,0.0
2010-2011,CENTRE DE READAPTATION LA MYRIADE,19,2,0.0
2010-2011,CENTRE DE READAPTATION LA MYRIADE,19,3,0.0
2010-2011,CENTRE DE READAPTATION LA MYRIADE,19,4,0.0
2010-2011,CENTRE DE READAPTATION LA MYRIADE,20,1,0.0
2010-2011,CENTRE DE READAPTATION LA MYRIADE,20,2,0.0
2010-2011,CENTRE DE READAPTATION LA MYRIADE,20,3,0.0
2010-2011,CENTRE DE READAPTATION LA MYRIADE,20,4,0.0
2010-2011,CENTRE DE READAPTATION LA MYRIADE,21,1,1.0
2010-2011,CENTRE DE READAPTATION LA MYRIADE,21,3,0.0
2010-2011,CENTRE DE READAPTATION LA MYRIADE,22,1,5.0
2010-2011,CENTRE DE READAPTATION LA MYRIADE,22,2,84.0
2010-2011,CENTRE DE READAPTATION LA MYRIADE,22,3,6.0
2010-2011,CENTRE DE READAPTATION LA MYRIADE,22,4,136.0
2010-2011,CENTRE DE READAPTATION LA MYRIADE,23,1,82.0
2010-2011,CENTRE DE READAPTATION LA MYRIADE,23,2,877.0
2010-2011,CENTRE DE READAPTATION LA MYRIADE,23,3,22.0
2010-2011,CENTRE DE READAPTATION LA MYRIADE,23,4,399.0
2010-2011,CENTRE DE READAPTATION LA MYRIADE,24,1,12.0
2010-2011,CENTRE DE READAPTATION LA MYRIADE,24,2,798.0
2010-2011,CENTRE DE READAPTATION LA MYRIADE,24,3,0.0
2010-2011,CENTRE DE READAPTATION LA MYRIADE,24,4,0.0
2010-2011,CENTRE DE READAPTATION LA MYRIADE,25,1,2.0
2010-2011,CENTRE DE READAPTATION LA MYRIADE,25,2,326.0
2010-2011,CENTRE DE READAPTATION LA MYRIADE,25,3,0.0
2010-2011,CENTRE DE READAPTATION LA MYRIADE,25,4,0.0
2010-2011,CENTRE DE READAPTATION LA MYRIADE,26,1,1.0
2010-2011,CENTRE DE READAPTATION LA MYRIADE,26,2,1095.0
2010-2011,CENTRE DE READAPTATION LA MYRIADE,26,3,0.0
2010-2011,CENTRE DE READAPTATION LA MYRIADE,26,4,0.0
2010-2011,CENTRE DE READAPTATION LA MYRIADE,27,1,0.0
2010-2011,CENTRE DE READAPTATION LA MYRIADE,27,2,0.0
2010-2011,CENTRE DE READAPTATION LA MYRIADE,27,3,0.0
2010-2011,CENTRE DE READAPTATION LA MYRIADE,27,4,0.0
2010-2011,CENTRE DE READAPTATION LA MYRIADE,28,1,102.0
2010-2011,CENTRE DE READAPTATION LA MYRIADE,28,3,28.0
2010-2011,CENTRE DE READAPTATION LISETTE-DUPRAS,1,1,1.0
2010-2011,CENTRE DE READAPTATION LISETTE-DUPRAS,1,2,166.0
2010-2011,CENTRE DE READAPTATION LISETTE-DUPRAS,1,3,1.0
2010-2011,CENTRE DE READAPTATION LISETTE-DUPRAS,1,4,579.0
2010-2011,CENTRE DE READAPTATION LISETTE-DUPRAS,2,1,31.0
2010-2011,CENTRE DE READAPTATION LISETTE-DUPRAS,2,2,955.0
2010-2011,CENTRE DE READAPTATION LISETTE-DUPRAS,2,3,16.0
2010-2011,CENTRE DE READAPTATION LISETTE-DUPRAS,2,4,844.0
2010-2011,CENTRE DE READAPTATION LISETTE-DUPRAS,3,1,6.0
2010-2011,CENTRE DE READAPTATION LISETTE-DUPRAS,3,2,1164.0
2010-2011,CENTRE DE READAPTATION LISETTE-DUPRAS,3,3,5.0
2010-2011,CENTRE DE READAPTATION LISETTE-DUPRAS,3,4,1421.0
2010-2011,CENTRE DE READAPTATION LISETTE-DUPRAS,4,1,6.0
2010-2011,CENTRE DE READAPTATION LISETTE-DUPRAS,4,2,793.0
2010-2011,CENTRE DE READAPTATION LISETTE-DUPRAS,4,3,6.0
2010-2011,CENTRE DE READAPTATION LISETTE-DUPRAS,4,4,1143.0
2010-2011,CENTRE DE READAPTATION LISETTE-DUPRAS,5,1,2.0
2010-2011,CENTRE DE READAPTATION LISETTE-DUPRAS,5,2,186.0
2010-2011,CENTRE DE READAPTATION LISETTE-DUPRAS,5,3,0.0
2010-2011,CENTRE DE READAPTATION LISETTE-DUPRAS,5,4,0.0
2010-2011,CENTRE DE READAPTATION LISETTE-DUPRAS,6,1,0.0
2010-2011,CENTRE DE READAPTATION LISETTE-DUPRAS,6,2,0.0
2010-2011,CENTRE DE READAPTATION LISETTE-DUPRAS,6,3,0.0
2010-2011,CENTRE DE READAPTATION LISETTE-DUPRAS,6,4,0.0
2010-2011,CENTRE DE READAPTATION LISETTE-DUPRAS,7,1,46.0
2010-2011,CENTRE DE READAPTATION LISETTE-DUPRAS,7,3,28.0
2010-2011,CENTRE DE READAPTATION LISETTE-DUPRAS,8,1,0.0
2010-2011,CENTRE DE READAPTATION LISETTE-DUPRAS,8,2,0.0
2010-2011,CENTRE DE READAPTATION LISETTE-DUPRAS,8,3,0.0
2010-2011,CENTRE DE READAPTATION LISETTE-DUPRAS,8,4,0.0
2010-2011,CENTRE DE READAPTATION LISETTE-DUPRAS,9,1,0.0
2010-2011,CENTRE DE READAPTATION LISETTE-DUPRAS,9,2,0.0
2010-2011,CENTRE DE READAPTATION LISETTE-DUPRAS,9,3,0.0
2010-2011,CENTRE DE READAPTATION LISETTE-DUPRAS,9,4,0.0
2010-2011,CENTRE DE READAPTATION LISETTE-DUPRAS,10,1,1.0
2010-2011,CENTRE DE READAPTATION LISETTE-DUPRAS,10,2,72.0
2010-2011,CENTRE DE READAPTATION LISETTE-DUPRAS,10,3,1.0
2010-2011,CENTRE DE READAPTATION LISETTE-DUPRAS,10,4,437.0
2010-2011,CENTRE DE READAPTATION LISETTE-DUPRAS,11,1,1.0
2010-2011,CENTRE DE READAPTATION LISETTE-DUPRAS,11,2,6.0
2010-2011,CENTRE DE READAPTATION LISETTE-DUPRAS,11,3,0.0
2010-2011,CENTRE DE READAPTATION LISETTE-DUPRAS,11,4,0.0
2010-2011,CENTRE DE READAPTATION LISETTE-DUPRAS,12,1,2.0
2010-2011,CENTRE DE READAPTATION LISETTE-DUPRAS,12,2,142.0
2010-2011,CENTRE DE READAPTATION LISETTE-DUPRAS,12,3,2.0
2010-2011,CENTRE DE READAPTATION LISETTE-DUPRAS,12,4,195.0
2010-2011,CENTRE DE READAPTATION LISETTE-DUPRAS,13,1,0.0
2010-2011,CENTRE DE READAPTATION LISETTE-DUPRAS,13,2,0.0
2010-2011,CENTRE DE READAPTATION LISETTE-DUPRAS,13,3,0.0
2010-2011,CENTRE DE READAPTATION LISETTE-DUPRAS,13,4,0.0
2010-2011,CENTRE DE READAPTATION LISETTE-DUPRAS,14,1,4.0
2010-2011,CENTRE DE READAPTATION LISETTE-DUPRAS,14,3,3.0
2010-2011,CENTRE DE READAPTATION LISETTE-DUPRAS,15,1,0.0
2010-2011,CENTRE DE READAPTATION LISETTE-DUPRAS,15,2,0.0
2010-2011,CENTRE DE READAPTATION LISETTE-DUPRAS,15,3,0.0
2010-2011,CENTRE DE READAPTATION LISETTE-DUPRAS,15,4,0.0
2010-2011,CENTRE DE READAPTATION LISETTE-DUPRAS,16,1,0.0
2010-2011,CENTRE DE READAPTATION LISETTE-DUPRAS,16,2,0.0
2010-2011,CENTRE DE READAPTATION LISETTE-DUPRAS,16,3,1.0
2010-2011,CENTRE DE READAPTATION LISETTE-DUPRAS,16,4,8.0
2010-2011,CENTRE DE READAPTATION LISETTE-DUPRAS,17,1,18.0
2010-2011,CENTRE DE READAPTATION LISETTE-DUPRAS,17,2,253.0
2010-2011,CENTRE DE READAPTATION LISETTE-DUPRAS,17,3,5.0
2010-2011,CENTRE DE READAPTATION LISETTE-DUPRAS,17,4,510.0
2010-2011,CENTRE DE READAPTATION LISETTE-DUPRAS,18,1,27.0
2010-2011,CENTRE DE READAPTATION LISETTE-DUPRAS,18,2,710.0
2010-2011,CENTRE DE READAPTATION LISETTE-DUPRAS,18,3,5.0
2010-2011,CENTRE DE READAPTATION LISETTE-DUPRAS,18,4,733.0
2010-2011,CENTRE DE READAPTATION LISETTE-DUPRAS,19,1,0.0
2010-2011,CENTRE DE READAPTATION LISETTE-DUPRAS,19,2,0.0
2010-2011,CENTRE DE READAPTATION LISETTE-DUPRAS,19,3,0.0
2010-2011,CENTRE DE READAPTATION LISETTE-DUPRAS,19,4,0.0
2010-2011,CENTRE DE READAPTATION LISETTE-DUPRAS,20,1,0.0
2010-2011,CENTRE DE READAPTATION LISETTE-DUPRAS,20,2,0.0
2010-2011,CENTRE DE READAPTATION LISETTE-DUPRAS,20,3,0.0
2010-2011,CENTRE DE READAPTATION LISETTE-DUPRAS,20,4,0.0
2010-2011,CENTRE DE READAPTATION LISETTE-DUPRAS,21,1,45.0
2010-2011,CENTRE DE READAPTATION LISETTE-DUPRAS,21,3,11.0
2010-2011,CENTRE DE READAPTATION LISETTE-DUPRAS,22,1,71.0
2010-2011,CENTRE DE READAPTATION LISETTE-DUPRAS,22,2,309.0
2010-2011,CENTRE DE READAPTATION LISETTE-DUPRAS,22,3,84.0
2010-2011,CENTRE DE READAPTATION LISETTE-DUPRAS,22,4,275.0
2010-2011,CENTRE DE READAPTATION LISETTE-DUPRAS,23,1,211.0
2010-2011,CENTRE DE READAPTATION LISETTE-DUPRAS,23,2,656.0
2010-2011,CENTRE DE READAPTATION LISETTE-DUPRAS,23,3,179.0
2010-2011,CENTRE DE READAPTATION LISETTE-DUPRAS,23,4,808.0
2010-2011,CENTRE DE READAPTATION LISETTE-DUPRAS,24,1,10.0
2010-2011,CENTRE DE READAPTATION LISETTE-DUPRAS,24,2,793.0
2010-2011,CENTRE DE READAPTATION LISETTE-DUPRAS,24,3,10.0
2010-2011,CENTRE DE READAPTATION LISETTE-DUPRAS,24,4,680.0
2010-2011,CENTRE DE READAPTATION LISETTE-DUPRAS,25,1,7.0
2010-2011,CENTRE DE READAPTATION LISETTE-DUPRAS,25,2,747.0
2010-2011,CENTRE DE READAPTATION LISETTE-DUPRAS,25,3,8.0
2010-2011,CENTRE DE READAPTATION LISETTE-DUPRAS,25,4,595.0
2010-2011,CENTRE DE READAPTATION LISETTE-DUPRAS,26,1,0.0
2010-2011,CENTRE DE READAPTATION LISETTE-DUPRAS,26,2,0.0
2010-2011,CENTRE DE READAPTATION LISETTE-DUPRAS,26,3,1.0
2010-2011,CENTRE DE READAPTATION LISETTE-DUPRAS,26,4,37.0
2010-2011,CENTRE DE READAPTATION LISETTE-DUPRAS,27,1,0.0
2010-2011,CENTRE DE READAPTATION LISETTE-DUPRAS,27,2,0.0
2010-2011,CENTRE DE READAPTATION LISETTE-DUPRAS,27,3,0.0
2010-2011,CENTRE DE READAPTATION LISETTE-DUPRAS,27,4,0.0
2010-2011,CENTRE DE READAPTATION LISETTE-DUPRAS,28,1,299.0
2010-2011,CENTRE DE READAPTATION LISETTE-DUPRAS,28,3,282.0
2010-2011,CENTRE DU FLORES,2,1,12.0
2010-2011,CENTRE DU FLORES,2,2,317.0
2010-2011,CENTRE DU FLORES,2,3,11.0
2010-2011,CENTRE DU FLORES,2,4,442.0
2010-2011,CENTRE DU FLORES,3,1,2.0
2010-2011,CENTRE DU FLORES,3,2,1094.0
2010-2011,CENTRE DU FLORES,3,3,3.0
2010-2011,CENTRE DU FLORES,3,4,653.0
2010-2011,CENTRE DU FLORES,4,3,4.0
2010-2011,CENTRE DU FLORES,4,4,476.0
2010-2011,CENTRE DU FLORES,7,1,14.0
2010-2011,CENTRE DU FLORES,7,3,18.0
2010-2011,CENTRE DU FLORES,9,3,2.0
2010-2011,CENTRE DU FLORES,9,4,128.0
2010-2011,CENTRE DU FLORES,10,1,1.0
2010-2011,CENTRE DU FLORES,10,2,26.0
2010-2011,CENTRE DU FLORES,10,3,1.0
2010-2011,CENTRE DU FLORES,10,4,391.0
2010-2011,CENTRE DU FLORES,11,1,6.0
2010-2011,CENTRE DU FLORES,11,2,64.0
2010-2011,CENTRE DU FLORES,11,3,1.0
2010-2011,CENTRE DU FLORES,11,4,1155.0
2010-2011,CENTRE DU FLORES,12,1,10.0
2010-2011,CENTRE DU FLORES,12,2,134.0
2010-2011,CENTRE DU FLORES,14,1,17.0
2010-2011,CENTRE DU FLORES,14,3,4.0
2010-2011,CENTRE DU FLORES,16,1,2.0
2010-2011,CENTRE DU FLORES,16,2,395.0
2010-2011,CENTRE DU FLORES,16,3,1.0
2010-2011,CENTRE DU FLORES,16,4,9.0
2010-2011,CENTRE DU FLORES,17,1,2.0
2010-2011,CENTRE DU FLORES,17,2,2044.0
2010-2011,CENTRE DU FLORES,17,3,6.0
2010-2011,CENTRE DU FLORES,17,4,370.0
2010-2011,CENTRE DU FLORES,18,1,4.0
2010-2011,CENTRE DU FLORES,18,2,1265.0
2010-2011,CENTRE DU FLORES,18,3,6.0
2010-2011,CENTRE DU FLORES,18,4,1321.0
2010-2011,CENTRE DU FLORES,21,1,8.0
2010-2011,CENTRE DU FLORES,21,3,13.0
2010-2011,CENTRE DU FLORES,22,1,13.0
2010-2011,CENTRE DU FLORES,22,2,48.0
2010-2011,CENTRE DU FLORES,22,3,12.0
2010-2011,CENTRE DU FLORES,22,4,41.0
2010-2011,CENTRE DU FLORES,23,1,61.0
2010-2011,CENTRE DU FLORES,23,2,956.0
2010-2011,CENTRE DU FLORES,23,3,32.0
2010-2011,CENTRE DU FLORES,23,4,288.0
2010-2011,CENTRE DU FLORES,24,1,1.0
2010-2011,CENTRE DU FLORES,24,2,26.0
2010-2011,CENTRE DU FLORES,24,3,2.0
2010-2011,CENTRE DU FLORES,24,4,202.0
2010-2011,CENTRE DU FLORES,25,1,1.0
2010-2011,CENTRE DU FLORES,25,2,148.0
2010-2011,CENTRE DU FLORES,25,3,2.0
2010-2011,CENTRE DU FLORES,25,4,456.0
2010-2011,CENTRE DU FLORES,28,1,76.0
2010-2011,CENTRE DU FLORES,28,3,48.0
2010-2011,CENTRE MIRIAM,1,1,0.0
2010-2011,CENTRE MIRIAM,1,2,0.0
2010-2011,CENTRE MIRIAM,1,3,1.0
2010-2011,CENTRE MIRIAM,1,4,100.0
2010-2011,CENTRE MIRIAM,2,1,11.0
2010-2011,CENTRE MIRIAM,2,2,268.0
2010-2011,CENTRE MIRIAM,2,3,16.0
2010-2011,CENTRE MIRIAM,2,4,429.0
2010-2011,CENTRE MIRIAM,3,1,3.0
2010-2011,CENTRE MIRIAM,3,2,619.0
2010-2011,CENTRE MIRIAM,3,3,2.0
2010-2011,CENTRE MIRIAM,3,4,289.0
2010-2011,CENTRE MIRIAM,4,1,5.0
2010-2011,CENTRE MIRIAM,4,2,1662.0
2010-2011,CENTRE MIRIAM,4,3,6.0
2010-2011,CENTRE MIRIAM,4,4,1734.0
2010-2011,CENTRE MIRIAM,5,1,0.0
2010-2011,CENTRE MIRIAM,5,2,0.0
2010-2011,CENTRE MIRIAM,5,3,1.0
2010-2011,CENTRE MIRIAM,5,4,195.0
2010-2011,CENTRE MIRIAM,6,1,0.0
2010-2011,CENTRE MIRIAM,6,2,0.0
2010-2011,CENTRE MIRIAM,6,3,0.0
2010-2011,CENTRE MIRIAM,6,4,0.0
2010-2011,CENTRE MIRIAM,7,1,19.0
2010-2011,CENTRE MIRIAM,7,3,26.0
2010-2011,CENTRE MIRIAM,8,1,0.0
2010-2011,CENTRE MIRIAM,8,2,0.0
2010-2011,CENTRE MIRIAM,8,3,0.0
2010-2011,CENTRE MIRIAM,8,4,0.0
2010-2011,CENTRE MIRIAM,9,1,0.0
2010-2011,CENTRE MIRIAM,9,2,0.0
2010-2011,CENTRE MIRIAM,9,3,0.0
2010-2011,CENTRE MIRIAM,9,4,0.0
2010-2011,CENTRE MIRIAM,10,1,2.0
2010-2011,CENTRE MIRIAM,10,2,118.0
2010-2011,CENTRE MIRIAM,10,3,1.0
2010-2011,CENTRE MIRIAM,10,4,430.0
2010-2011,CENTRE MIRIAM,11,1,1.0
2010-2011,CENTRE MIRIAM,11,2,329.0
2010-2011,CENTRE MIRIAM,11,3,3.0
2010-2011,CENTRE MIRIAM,11,4,83.0
2010-2011,CENTRE MIRIAM,12,1,0.0
2010-2011,CENTRE MIRIAM,12,2,0.0
2010-2011,CENTRE MIRIAM,12,3,1.0
2010-2011,CENTRE MIRIAM,12,4,52.0
2010-2011,CENTRE MIRIAM,13,1,0.0
2010-2011,CENTRE MIRIAM,13,2,0.0
2010-2011,CENTRE MIRIAM,13,3,0.0
2010-2011,CENTRE MIRIAM,13,4,0.0
2010-2011,CENTRE MIRIAM,14,1,3.0
2010-2011,CENTRE MIRIAM,14,3,5.0
2010-2011,CENTRE MIRIAM,15,1,0.0
2010-2011,CENTRE MIRIAM,15,2,0.0
2010-2011,CENTRE MIRIAM,15,3,0.0
2010-2011,CENTRE MIRIAM,15,4,0.0
2010-2011,CENTRE MIRIAM,16,1,0.0
2010-2011,CENTRE MIRIAM,16,2,0.0
2010-2011,CENTRE MIRIAM,16,3,0.0
2010-2011,CENTRE MIRIAM,16,4,0.0
2010-2011,CENTRE MIRIAM,17,1,0.0
2010-2011,CENTRE MIRIAM,17,2,0.0
2010-2011,CENTRE MIRIAM,17,3,0.0
2010-2011,CENTRE MIRIAM,17,4,0.0
2010-2011,CENTRE MIRIAM,18,1,0.0
2010-2011,CENTRE MIRIAM,18,2,0.0
2010-2011,CENTRE MIRIAM,18,3,1.0
2010-2011,CENTRE MIRIAM,18,4,71.0
2010-2011,CENTRE MIRIAM,19,1,0.0
2010-2011,CENTRE MIRIAM,19,2,0.0
2010-2011,CENTRE MIRIAM,19,3,0.0
2010-2011,CENTRE MIRIAM,19,4,0.0
2010-2011,CENTRE MIRIAM,20,1,0.0
2010-2011,CENTRE MIRIAM,20,2,0.0
2010-2011,CENTRE MIRIAM,20,3,0.0
2010-2011,CENTRE MIRIAM,20,4,0.0
2010-2011,CENTRE MIRIAM,21,1,0.0
2010-2011,CENTRE MIRIAM,21,3,1.0
2010-2011,CENTRE MIRIAM,22,1,22.0
2010-2011,CENTRE MIRIAM,22,2,97.0
2010-2011,CENTRE MIRIAM,22,3,40.0
2010-2011,CENTRE MIRIAM,22,4,260.0
2010-2011,CENTRE MIRIAM,23,1,9.0
2010-2011,CENTRE MIRIAM,23,2,179.0
2010-2011,CENTRE MIRIAM,23,3,16.0
2010-2011,CENTRE MIRIAM,23,4,280.0
2010-2011,CENTRE MIRIAM,24,1,1.0
2010-2011,CENTRE MIRIAM,24,2,1056.0
2010-2011,CENTRE MIRIAM,24,3,1.0
2010-2011,CENTRE MIRIAM,24,4,364.0
2010-2011,CENTRE MIRIAM,25,1,0.0
2010-2011,CENTRE MIRIAM,25,2,0.0
2010-2011,CENTRE MIRIAM,25,3,3.0
2010-2011,CENTRE MIRIAM,25,4,173.0
2010-2011,CENTRE MIRIAM,26,1,0.0
2010-2011,CENTRE MIRIAM,26,2,0.0
2010-2011,CENTRE MIRIAM,26,3,2.0
2010-2011,CENTRE MIRIAM,26,4,280.0
2010-2011,CENTRE MIRIAM,27,1,0.0
2010-2011,CENTRE MIRIAM,27,2,0.0
2010-2011,CENTRE MIRIAM,27,3,0.0
2010-2011,CENTRE MIRIAM,27,4,0.0
2010-2011,CENTRE MIRIAM,28,1,32.0
2010-2011,CENTRE MIRIAM,28,3,62.0
2010-2011,CENTRE NOTRE-DAME DE L'ENFANT (SHERBROOKE) INC.,2,1,3.0
2010-2011,CENTRE NOTRE-DAME DE L'ENFANT (SHERBROOKE) INC.,2,2,317.0
2010-2011,CENTRE NOTRE-DAME DE L'ENFANT (SHERBROOKE) INC.,2,3,3.0
2010-2011,CENTRE NOTRE-DAME DE L'ENFANT (SHERBROOKE) INC.,2,4,329.0
2010-2011,CENTRE NOTRE-DAME DE L'ENFANT (SHERBROOKE) INC.,3,1,3.0
2010-2011,CENTRE NOTRE-DAME DE L'ENFANT (SHERBROOKE) INC.,3,2,260.0
2010-2011,CENTRE NOTRE-DAME DE L'ENFANT (SHERBROOKE) INC.,3,3,2.0
2010-2011,CENTRE NOTRE-DAME DE L'ENFANT (SHERBROOKE) INC.,3,4,657.0
2010-2011,CENTRE NOTRE-DAME DE L'ENFANT (SHERBROOKE) INC.,4,1,3.0
2010-2011,CENTRE NOTRE-DAME DE L'ENFANT (SHERBROOKE) INC.,4,2,494.0
2010-2011,CENTRE NOTRE-DAME DE L'ENFANT (SHERBROOKE) INC.,4,3,3.0
2010-2011,CENTRE NOTRE-DAME DE L'ENFANT (SHERBROOKE) INC.,4,4,773.0
2010-2011,CENTRE NOTRE-DAME DE L'ENFANT (SHERBROOKE) INC.,7,1,9.0
2010-2011,CENTRE NOTRE-DAME DE L'ENFANT (SHERBROOKE) INC.,7,3,8.0
2010-2011,CENTRE NOTRE-DAME DE L'ENFANT (SHERBROOKE) INC.,10,1,2.0
2010-2011,CENTRE NOTRE-DAME DE L'ENFANT (SHERBROOKE) INC.,10,2,149.0
2010-2011,CENTRE NOTRE-DAME DE L'ENFANT (SHERBROOKE) INC.,10,3,2.0
2010-2011,CENTRE NOTRE-DAME DE L'ENFANT (SHERBROOKE) INC.,10,4,79.0
2010-2011,CENTRE NOTRE-DAME DE L'ENFANT (SHERBROOKE) INC.,11,1,1.0
2010-2011,CENTRE NOTRE-DAME DE L'ENFANT (SHERBROOKE) INC.,11,2,191.0
2010-2011,CENTRE NOTRE-DAME DE L'ENFANT (SHERBROOKE) INC.,14,1,3.0
2010-2011,CENTRE NOTRE-DAME DE L'ENFANT (SHERBROOKE) INC.,14,3,2.0
2010-2011,CENTRE NOTRE-DAME DE L'ENFANT (SHERBROOKE) INC.,16,1,1.0
2010-2011,CENTRE NOTRE-DAME DE L'ENFANT (SHERBROOKE) INC.,16,2,41.0
2010-2011,CENTRE NOTRE-DAME DE L'ENFANT (SHERBROOKE) INC.,16,3,1.0
2010-2011,CENTRE NOTRE-DAME DE L'ENFANT (SHERBROOKE) INC.,16,4,50.0
2010-2011,CENTRE NOTRE-DAME DE L'ENFANT (SHERBROOKE) INC.,17,1,1.0
2010-2011,CENTRE NOTRE-DAME DE L'ENFANT (SHERBROOKE) INC.,17,2,149.0
2010-2011,CENTRE NOTRE-DAME DE L'ENFANT (SHERBROOKE) INC.,17,3,1.0
2010-2011,CENTRE NOTRE-DAME DE L'ENFANT (SHERBROOKE) INC.,17,4,156.0
2010-2011,CENTRE NOTRE-DAME DE L'ENFANT (SHERBROOKE) INC.,18,3,1.0
2010-2011,CENTRE NOTRE-DAME DE L'ENFANT (SHERBROOKE) INC.,18,4,205.0
2010-2011,CENTRE NOTRE-DAME DE L'ENFANT (SHERBROOKE) INC.,21,1,2.0
2010-2011,CENTRE NOTRE-DAME DE L'ENFANT (SHERBROOKE) INC.,21,3,3.0
2010-2011,CENTRE NOTRE-DAME DE L'ENFANT (SHERBROOKE) INC.,22,1,2.0
2010-2011,CENTRE NOTRE-DAME DE L'ENFANT (SHERBROOKE) INC.,22,2,46.0
2010-2011,CENTRE NOTRE-DAME DE L'ENFANT (SHERBROOKE) INC.,22,3,2.0
2010-2011,CENTRE NOTRE-DAME DE L'ENFANT (SHERBROOKE) INC.,22,4,15.0
2010-2011,CENTRE NOTRE-DAME DE L'ENFANT (SHERBROOKE) INC.,23,1,38.0
2010-2011,CENTRE NOTRE-DAME DE L'ENFANT (SHERBROOKE) INC.,23,2,554.0
2010-2011,CENTRE NOTRE-DAME DE L'ENFANT (SHERBROOKE) INC.,23,3,42.0
2010-2011,CENTRE NOTRE-DAME DE L'ENFANT (SHERBROOKE) INC.,23,4,547.0
2010-2011,CENTRE NOTRE-DAME DE L'ENFANT (SHERBROOKE) INC.,24,1,2.0
2010-2011,CENTRE NOTRE-DAME DE L'ENFANT (SHERBROOKE) INC.,24,2,266.0
2010-2011,CENTRE NOTRE-DAME DE L'ENFANT (SHERBROOKE) INC.,24,3,1.0
2010-2011,CENTRE NOTRE-DAME DE L'ENFANT (SHERBROOKE) INC.,24,4,944.0
2010-2011,CENTRE NOTRE-DAME DE L'ENFANT (SHERBROOKE) INC.,25,1,0.0
2010-2011,CENTRE NOTRE-DAME DE L'ENFANT (SHERBROOKE) INC.,25,2,0.0
2010-2011,CENTRE NOTRE-DAME DE L'ENFANT (SHERBROOKE) INC.,25,3,2.0
2010-2011,CENTRE NOTRE-DAME DE L'ENFANT (SHERBROOKE) INC.,25,4,76.0
2010-2011,CENTRE NOTRE-DAME DE L'ENFANT (SHERBROOKE) INC.,28,1,42.0
2010-2011,CENTRE NOTRE-DAME DE L'ENFANT (SHERBROOKE) INC.,28,3,47.0
2010-2011,CR EN DEFICIENCE INTELLECTUELLE CHAUDIERE-APPALACHES,2,1,1.0
2010-2011,CR EN DEFICIENCE INTELLECTUELLE CHAUDIERE-APPALACHES,2,2,247.0
2010-2011,CR EN DEFICIENCE INTELLECTUELLE CHAUDIERE-APPALACHES,2,3,3.0
2010-2011,CR EN DEFICIENCE INTELLECTUELLE CHAUDIERE-APPALACHES,2,4,356.0
2010-2011,CR EN DEFICIENCE INTELLECTUELLE CHAUDIERE-APPALACHES,4,1,3.0
2010-2011,CR EN DEFICIENCE INTELLECTUELLE CHAUDIERE-APPALACHES,4,2,1283.0
2010-2011,CR EN DEFICIENCE INTELLECTUELLE CHAUDIERE-APPALACHES,4,3,1.0
2010-2011,CR EN DEFICIENCE INTELLECTUELLE CHAUDIERE-APPALACHES,4,4,121.0
2010-2011,CR EN DEFICIENCE INTELLECTUELLE CHAUDIERE-APPALACHES,7,1,4.0
2010-2011,CR EN DEFICIENCE INTELLECTUELLE CHAUDIERE-APPALACHES,7,3,4.0
2010-2011,CR EN DEFICIENCE INTELLECTUELLE CHAUDIERE-APPALACHES,10,3,1.0
2010-2011,CR EN DEFICIENCE INTELLECTUELLE CHAUDIERE-APPALACHES,10,4,352.0
2010-2011,CR EN DEFICIENCE INTELLECTUELLE CHAUDIERE-APPALACHES,11,3,1.0
2010-2011,CR EN DEFICIENCE INTELLECTUELLE CHAUDIERE-APPALACHES,11,4,195.0
2010-2011,CR EN DEFICIENCE INTELLECTUELLE CHAUDIERE-APPALACHES,12,1,1.0
2010-2011,CR EN DEFICIENCE INTELLECTUELLE CHAUDIERE-APPALACHES,12,2,100.0
2010-2011,CR EN DEFICIENCE INTELLECTUELLE CHAUDIERE-APPALACHES,12,3,1.0
2010-2011,CR EN DEFICIENCE INTELLECTUELLE CHAUDIERE-APPALACHES,12,4,64.0
2010-2011,CR EN DEFICIENCE INTELLECTUELLE CHAUDIERE-APPALACHES,14,1,1.0
2010-2011,CR EN DEFICIENCE INTELLECTUELLE CHAUDIERE-APPALACHES,14,3,3.0
2010-2011,CR EN DEFICIENCE INTELLECTUELLE CHAUDIERE-APPALACHES,16,1,1.0
2010-2011,CR EN DEFICIENCE INTELLECTUELLE CHAUDIERE-APPALACHES,16,2,61.0
2010-2011,CR EN DEFICIENCE INTELLECTUELLE CHAUDIERE-APPALACHES,16,3,2.0
2010-2011,CR EN DEFICIENCE INTELLECTUELLE CHAUDIERE-APPALACHES,16,4,26.0
2010-2011,CR EN DEFICIENCE INTELLECTUELLE CHAUDIERE-APPALACHES,17,1,2.0
2010-2011,CR EN DEFICIENCE INTELLECTUELLE CHAUDIERE-APPALACHES,17,2,56.0
2010-2011,CR EN DEFICIENCE INTELLECTUELLE CHAUDIERE-APPALACHES,18,1,2.0
2010-2011,CR EN DEFICIENCE INTELLECTUELLE CHAUDIERE-APPALACHES,18,2,108.0
2010-2011,CR EN DEFICIENCE INTELLECTUELLE CHAUDIERE-APPALACHES,18,3,2.0
2010-2011,CR EN DEFICIENCE INTELLECTUELLE CHAUDIERE-APPALACHES,18,4,375.0
2010-2011,CR EN DEFICIENCE INTELLECTUELLE CHAUDIERE-APPALACHES,21,1,5.0
2010-2011,CR EN DEFICIENCE INTELLECTUELLE CHAUDIERE-APPALACHES,21,3,4.0
2010-2011,CR EN DEFICIENCE INTELLECTUELLE CHAUDIERE-APPALACHES,22,3,11.0
2010-2011,CR EN DEFICIENCE INTELLECTUELLE CHAUDIERE-APPALACHES,22,4,57.0
2010-2011,CR EN DEFICIENCE INTELLECTUELLE CHAUDIERE-APPALACHES,23,3,19.0
2010-2011,CR EN DEFICIENCE INTELLECTUELLE CHAUDIERE-APPALACHES,23,4,118.0
2010-2011,CR EN DEFICIENCE INTELLECTUELLE CHAUDIERE-APPALACHES,24,3,2.0
2010-2011,CR EN DEFICIENCE INTELLECTUELLE CHAUDIERE-APPALACHES,24,4,26.0
2010-2011,CR EN DEFICIENCE INTELLECTUELLE CHAUDIERE-APPALACHES,25,3,3.0
2010-2011,CR EN DEFICIENCE INTELLECTUELLE CHAUDIERE-APPALACHES,25,4,315.0
2010-2011,CR EN DEFICIENCE INTELLECTUELLE CHAUDIERE-APPALACHES,28,3,35.0
2010-2011,CR EN DEFICIENCE INTELLECTUELLE DE QUEBEC,1,3,1.0
2010-2011,CR EN DEFICIENCE INTELLECTUELLE DE QUEBEC,1,4,295.0
2010-2011,CR EN DEFICIENCE INTELLECTUELLE DE QUEBEC,2,1,6.0
2010-2011,CR EN DEFICIENCE INTELLECTUELLE DE QUEBEC,2,2,286.0
2010-2011,CR EN DEFICIENCE INTELLECTUELLE DE QUEBEC,2,3,10.0
2010-2011,CR EN DEFICIENCE INTELLECTUELLE DE QUEBEC,2,4,406.0
2010-2011,CR EN DEFICIENCE INTELLECTUELLE DE QUEBEC,3,1,3.0
2010-2011,CR EN DEFICIENCE INTELLECTUELLE DE QUEBEC,3,2,324.0
2010-2011,CR EN DEFICIENCE INTELLECTUELLE DE QUEBEC,3,3,2.0
2010-2011,CR EN DEFICIENCE INTELLECTUELLE DE QUEBEC,3,4,668.0
2010-2011,CR EN DEFICIENCE INTELLECTUELLE DE QUEBEC,4,1,5.0
2010-2011,CR EN DEFICIENCE INTELLECTUELLE DE QUEBEC,4,2,1547.0
2010-2011,CR EN DEFICIENCE INTELLECTUELLE DE QUEBEC,4,3,3.0
2010-2011,CR EN DEFICIENCE INTELLECTUELLE DE QUEBEC,4,4,459.0
2010-2011,CR EN DEFICIENCE INTELLECTUELLE DE QUEBEC,5,1,1.0
2010-2011,CR EN DEFICIENCE INTELLECTUELLE DE QUEBEC,5,2,1510.0
2010-2011,CR EN DEFICIENCE INTELLECTUELLE DE QUEBEC,7,1,15.0
2010-2011,CR EN DEFICIENCE INTELLECTUELLE DE QUEBEC,7,3,16.0
2010-2011,CR EN DEFICIENCE INTELLECTUELLE DE QUEBEC,10,3,1.0
2010-2011,CR EN DEFICIENCE INTELLECTUELLE DE QUEBEC,10,4,135.0
2010-2011,CR EN DEFICIENCE INTELLECTUELLE DE QUEBEC,11,1,3.0
2010-2011,CR EN DEFICIENCE INTELLECTUELLE DE QUEBEC,11,2,339.0
2010-2011,CR EN DEFICIENCE INTELLECTUELLE DE QUEBEC,11,3,2.0
2010-2011,CR EN DEFICIENCE INTELLECTUELLE DE QUEBEC,11,4,786.0
2010-2011,CR EN DEFICIENCE INTELLECTUELLE DE QUEBEC,12,3,1.0
2010-2011,CR EN DEFICIENCE INTELLECTUELLE DE QUEBEC,12,4,345.0
2010-2011,CR EN DEFICIENCE INTELLECTUELLE DE QUEBEC,14,1,3.0
2010-2011,CR EN DEFICIENCE INTELLECTUELLE DE QUEBEC,14,3,4.0
2010-2011,CR EN DEFICIENCE INTELLECTUELLE DE QUEBEC,16,3,1.0
2010-2011,CR EN DEFICIENCE INTELLECTUELLE DE QUEBEC,16,4,7.0
2010-2011,CR EN DEFICIENCE INTELLECTUELLE DE QUEBEC,17,1,2.0
2010-2011,CR EN DEFICIENCE INTELLECTUELLE DE QUEBEC,17,2,221.0
2010-2011,CR EN DEFICIENCE INTELLECTUELLE DE QUEBEC,17,3,7.0
2010-2011,CR EN DEFICIENCE INTELLECTUELLE DE QUEBEC,17,4,29.0
2010-2011,CR EN DEFICIENCE INTELLECTUELLE DE QUEBEC,18,1,9.0
2010-2011,CR EN DEFICIENCE INTELLECTUELLE DE QUEBEC,18,2,445.0
2010-2011,CR EN DEFICIENCE INTELLECTUELLE DE QUEBEC,18,3,9.0
2010-2011,CR EN DEFICIENCE INTELLECTUELLE DE QUEBEC,18,4,279.0
2010-2011,CR EN DEFICIENCE INTELLECTUELLE DE QUEBEC,21,1,11.0
2010-2011,CR EN DEFICIENCE INTELLECTUELLE DE QUEBEC,21,3,17.0
2010-2011,CR EN DEFICIENCE INTELLECTUELLE DE QUEBEC,22,3,4.0
2010-2011,CR EN DEFICIENCE INTELLECTUELLE DE QUEBEC,22,4,4.0
2010-2011,CR EN DEFICIENCE INTELLECTUELLE DE QUEBEC,23,1,21.0
2010-2011,CR EN DEFICIENCE INTELLECTUELLE DE QUEBEC,23,2,180.0
2010-2011,CR EN DEFICIENCE INTELLECTUELLE DE QUEBEC,23,3,45.0
2010-2011,CR EN DEFICIENCE INTELLECTUELLE DE QUEBEC,23,4,107.0
2010-2011,CR EN DEFICIENCE INTELLECTUELLE DE QUEBEC,24,1,1.0
2010-2011,CR EN DEFICIENCE INTELLECTUELLE DE QUEBEC,24,2,121.0
2010-2011,CR EN DEFICIENCE INTELLECTUELLE DE QUEBEC,24,3,5.0
2010-2011,CR EN DEFICIENCE INTELLECTUELLE DE QUEBEC,24,4,114.0
2010-2011,CR EN DEFICIENCE INTELLECTUELLE DE QUEBEC,25,3,2.0
2010-2011,CR EN DEFICIENCE INTELLECTUELLE DE QUEBEC,25,4,105.0
2010-2011,CR EN DEFICIENCE INTELLECTUELLE DE QUEBEC,26,3,1.0
2010-2011,CR EN DEFICIENCE INTELLECTUELLE DE QUEBEC,26,4,45.0
2010-2011,CR EN DEFICIENCE INTELLECTUELLE DE QUEBEC,28,1,22.0
2010-2011,CR EN DEFICIENCE INTELLECTUELLE DE QUEBEC,28,3,57.0
2010-2011,CR EN DEFICIENCE INTELLECTUELLE DU BAS-SAINT-LAURENT,2,3,1.0
2010-2011,CR EN DEFICIENCE INTELLECTUELLE DU BAS-SAINT-LAURENT,2,4,34.0
2010-2011,CR EN DEFICIENCE INTELLECTUELLE DU BAS-SAINT-LAURENT,3,3,1.0
2010-2011,CR EN DEFICIENCE INTELLECTUELLE DU BAS-SAINT-LAURENT,3,4,114.0
2010-2011,CR EN DEFICIENCE INTELLECTUELLE DU BAS-SAINT-LAURENT,4,1,2.0
2010-2011,CR EN DEFICIENCE INTELLECTUELLE DU BAS-SAINT-LAURENT,4,2,228.0
2010-2011,CR EN DEFICIENCE INTELLECTUELLE DU BAS-SAINT-LAURENT,4,3,2.0
2010-2011,CR EN DEFICIENCE INTELLECTUELLE DU BAS-SAINT-LAURENT,4,4,437.0
2010-2011,CR EN DEFICIENCE INTELLECTUELLE DU BAS-SAINT-LAURENT,7,1,2.0
2010-2011,CR EN DEFICIENCE INTELLECTUELLE DU BAS-SAINT-LAURENT,7,3,4.0
2010-2011,CR EN DEFICIENCE INTELLECTUELLE DU BAS-SAINT-LAURENT,10,1,1.0
2010-2011,CR EN DEFICIENCE INTELLECTUELLE DU BAS-SAINT-LAURENT,10,2,182.0
2010-2011,CR EN DEFICIENCE INTELLECTUELLE DU BAS-SAINT-LAURENT,10,3,2.0
2010-2011,CR EN DEFICIENCE INTELLECTUELLE DU BAS-SAINT-LAURENT,10,4,341.0
2010-2011,CR EN DEFICIENCE INTELLECTUELLE DU BAS-SAINT-LAURENT,14,1,1.0
2010-2011,CR EN DEFICIENCE INTELLECTUELLE DU BAS-SAINT-LAURENT,14,3,2.0
2010-2011,CR EN DEFICIENCE INTELLECTUELLE DU BAS-SAINT-LAURENT,17,1,2.0
2010-2011,CR EN DEFICIENCE INTELLECTUELLE DU BAS-SAINT-LAURENT,17,2,103.0
2010-2011,CR EN DEFICIENCE INTELLECTUELLE DU BAS-SAINT-LAURENT,17,3,2.0
2010-2011,CR EN DEFICIENCE INTELLECTUELLE DU BAS-SAINT-LAURENT,17,4,336.0
2010-2011,CR EN DEFICIENCE INTELLECTUELLE DU BAS-SAINT-LAURENT,18,3,1.0
2010-2011,CR EN DEFICIENCE INTELLECTUELLE DU BAS-SAINT-LAURENT,18,4,163.0
2010-2011,CR EN DEFICIENCE INTELLECTUELLE DU BAS-SAINT-LAURENT,21,1,2.0
2010-2011,CR EN DEFICIENCE INTELLECTUELLE DU BAS-SAINT-LAURENT,21,3,3.0
2010-2011,CR EN DEFICIENCE INTELLECTUELLE DU BAS-SAINT-LAURENT,23,3,1.0
2010-2011,CR EN DEFICIENCE INTELLECTUELLE DU BAS-SAINT-LAURENT,23,4,7.0
2010-2011,CR EN DEFICIENCE INTELLECTUELLE DU BAS-SAINT-LAURENT,24,3,1.0
2010-2011,CR EN DEFICIENCE INTELLECTUELLE DU BAS-SAINT-LAURENT,24,4,122.0
2010-2011,CR EN DEFICIENCE INTELLECTUELLE DU BAS-SAINT-LAURENT,28,3,2.0
2010-2011,CR EN DEFICIENCE INTELLECTUELLE GABRIELLE-MAJOR,1,3,2.0
2010-2011,CR EN DEFICIENCE INTELLECTUELLE GABRIELLE-MAJOR,1,4,10.0
2010-2011,CR EN DEFICIENCE INTELLECTUELLE GABRIELLE-MAJOR,2,1,35.0
2010-2011,CR EN DEFICIENCE INTELLECTUELLE GABRIELLE-MAJOR,2,2,1558.0
2010-2011,CR EN DEFICIENCE INTELLECTUELLE GABRIELLE-MAJOR,2,3,29.0
2010-2011,CR EN DEFICIENCE INTELLECTUELLE GABRIELLE-MAJOR,2,4,1699.0
2010-2011,CR EN DEFICIENCE INTELLECTUELLE GABRIELLE-MAJOR,3,1,14.0
2010-2011,CR EN DEFICIENCE INTELLECTUELLE GABRIELLE-MAJOR,3,2,1057.0
2010-2011,CR EN DEFICIENCE INTELLECTUELLE GABRIELLE-MAJOR,3,3,6.0
2010-2011,CR EN DEFICIENCE INTELLECTUELLE GABRIELLE-MAJOR,3,4,1581.0
2010-2011,CR EN DEFICIENCE INTELLECTUELLE GABRIELLE-MAJOR,4,1,14.0
2010-2011,CR EN DEFICIENCE INTELLECTUELLE GABRIELLE-MAJOR,4,2,1236.0
2010-2011,CR EN DEFICIENCE INTELLECTUELLE GABRIELLE-MAJOR,4,3,11.0
2010-2011,CR EN DEFICIENCE INTELLECTUELLE GABRIELLE-MAJOR,4,4,920.0
2010-2011,CR EN DEFICIENCE INTELLECTUELLE GABRIELLE-MAJOR,5,1,4.0
2010-2011,CR EN DEFICIENCE INTELLECTUELLE GABRIELLE-MAJOR,5,2,566.0
2010-2011,CR EN DEFICIENCE INTELLECTUELLE GABRIELLE-MAJOR,5,3,1.0
2010-2011,CR EN DEFICIENCE INTELLECTUELLE GABRIELLE-MAJOR,5,4,2007.0
2010-2011,CR EN DEFICIENCE INTELLECTUELLE GABRIELLE-MAJOR,7,1,67.0
2010-2011,CR EN DEFICIENCE INTELLECTUELLE GABRIELLE-MAJOR,7,3,49.0
2010-2011,CR EN DEFICIENCE INTELLECTUELLE GABRIELLE-MAJOR,10,3,3.0
2010-2011,CR EN DEFICIENCE INTELLECTUELLE GABRIELLE-MAJOR,10,4,869.0
2010-2011,CR EN DEFICIENCE INTELLECTUELLE GABRIELLE-MAJOR,11,1,5.0
2010-2011,CR EN DEFICIENCE INTELLECTUELLE GABRIELLE-MAJOR,11,2,465.0
2010-2011,CR EN DEFICIENCE INTELLECTUELLE GABRIELLE-MAJOR,11,3,4.0
2010-2011,CR EN DEFICIENCE INTELLECTUELLE GABRIELLE-MAJOR,11,4,1548.0
2010-2011,CR EN DEFICIENCE INTELLECTUELLE GABRIELLE-MAJOR,12,1,6.0
2010-2011,CR EN DEFICIENCE INTELLECTUELLE GABRIELLE-MAJOR,12,2,1013.0
2010-2011,CR EN DEFICIENCE INTELLECTUELLE GABRIELLE-MAJOR,12,3,1.0
2010-2011,CR EN DEFICIENCE INTELLECTUELLE GABRIELLE-MAJOR,12,4,906.0
2010-2011,CR EN DEFICIENCE INTELLECTUELLE GABRIELLE-MAJOR,14,1,11.0
2010-2011,CR EN DEFICIENCE INTELLECTUELLE GABRIELLE-MAJOR,14,3,8.0
2010-2011,CR EN DEFICIENCE INTELLECTUELLE GABRIELLE-MAJOR,16,1,1.0
2010-2011,CR EN DEFICIENCE INTELLECTUELLE GABRIELLE-MAJOR,16,2,321.0
2010-2011,CR EN DEFICIENCE INTELLECTUELLE GABRIELLE-MAJOR,16,3,1.0
2010-2011,CR EN DEFICIENCE INTELLECTUELLE GABRIELLE-MAJOR,16,4,251.0
2010-2011,CR EN DEFICIENCE INTELLECTUELLE GABRIELLE-MAJOR,17,1,22.0
2010-2011,CR EN DEFICIENCE INTELLECTUELLE GABRIELLE-MAJOR,17,2,430.0
2010-2011,CR EN DEFICIENCE INTELLECTUELLE GABRIELLE-MAJOR,17,3,9.0
2010-2011,CR EN DEFICIENCE INTELLECTUELLE GABRIELLE-MAJOR,17,4,687.0
2010-2011,CR EN DEFICIENCE INTELLECTUELLE GABRIELLE-MAJOR,18,1,36.0
2010-2011,CR EN DEFICIENCE INTELLECTUELLE GABRIELLE-MAJOR,18,2,1272.0
2010-2011,CR EN DEFICIENCE INTELLECTUELLE GABRIELLE-MAJOR,18,3,13.0
2010-2011,CR EN DEFICIENCE INTELLECTUELLE GABRIELLE-MAJOR,18,4,1340.0
2010-2011,CR EN DEFICIENCE INTELLECTUELLE GABRIELLE-MAJOR,19,1,5.0
2010-2011,CR EN DEFICIENCE INTELLECTUELLE GABRIELLE-MAJOR,19,2,996.0
2010-2011,CR EN DEFICIENCE INTELLECTUELLE GABRIELLE-MAJOR,19,3,3.0
2010-2011,CR EN DEFICIENCE INTELLECTUELLE GABRIELLE-MAJOR,19,4,1234.0
2010-2011,CR EN DEFICIENCE INTELLECTUELLE GABRIELLE-MAJOR,21,1,64.0
2010-2011,CR EN DEFICIENCE INTELLECTUELLE GABRIELLE-MAJOR,21,3,26.0
2010-2011,CR EN DEFICIENCE INTELLECTUELLE GABRIELLE-MAJOR,22,1,38.0
2010-2011,CR EN DEFICIENCE INTELLECTUELLE GABRIELLE-MAJOR,22,2,178.0
2010-2011,CR EN DEFICIENCE INTELLECTUELLE GABRIELLE-MAJOR,22,3,43.0
2010-2011,CR EN DEFICIENCE INTELLECTUELLE GABRIELLE-MAJOR,22,4,196.0
2010-2011,CR EN DEFICIENCE INTELLECTUELLE GABRIELLE-MAJOR,23,1,139.0
2010-2011,CR EN DEFICIENCE INTELLECTUELLE GABRIELLE-MAJOR,23,2,173.0
2010-2011,CR EN DEFICIENCE INTELLECTUELLE GABRIELLE-MAJOR,23,3,161.0
2010-2011,CR EN DEFICIENCE INTELLECTUELLE GABRIELLE-MAJOR,23,4,470.0
2010-2011,CR EN DEFICIENCE INTELLECTUELLE GABRIELLE-MAJOR,24,1,11.0
2010-2011,CR EN DEFICIENCE INTELLECTUELLE GABRIELLE-MAJOR,24,2,592.0
2010-2011,CR EN DEFICIENCE INTELLECTUELLE GABRIELLE-MAJOR,24,3,9.0
2010-2011,CR EN DEFICIENCE INTELLECTUELLE GABRIELLE-MAJOR,24,4,322.0
2010-2011,CR EN DEFICIENCE INTELLECTUELLE GABRIELLE-MAJOR,25,1,9.0
2010-2011,CR EN DEFICIENCE INTELLECTUELLE GABRIELLE-MAJOR,25,2,1090.0
2010-2011,CR EN DEFICIENCE INTELLECTUELLE GABRIELLE-MAJOR,25,3,10.0
2010-2011,CR EN DEFICIENCE INTELLECTUELLE GABRIELLE-MAJOR,25,4,429.0
2010-2011,CR EN DEFICIENCE INTELLECTUELLE GABRIELLE-MAJOR,26,1,4.0
2010-2011,CR EN DEFICIENCE INTELLECTUELLE GABRIELLE-MAJOR,26,2,422.0
2010-2011,CR EN DEFICIENCE INTELLECTUELLE GABRIELLE-MAJOR,26,3,1.0
2010-2011,CR EN DEFICIENCE INTELLECTUELLE GABRIELLE-MAJOR,26,4,325.0
2010-2011,CR EN DEFICIENCE INTELLECTUELLE GABRIELLE-MAJOR,28,1,201.0
2010-2011,CR EN DEFICIENCE INTELLECTUELLE GABRIELLE-MAJOR,28,3,224.0
2010-2011,CR EN DEFICIENCE INTELLECTUELLE MONTEREGIE-EST,2,1,4.0
2010-2011,CR EN DEFICIENCE INTELLECTUELLE MONTEREGIE-EST,2,2,1245.0
2010-2011,CR EN DEFICIENCE INTELLECTUELLE MONTEREGIE-EST,2,3,5.0
2010-2011,CR EN DEFICIENCE INTELLECTUELLE MONTEREGIE-EST,2,4,466.0
2010-2011,CR EN DEFICIENCE INTELLECTUELLE MONTEREGIE-EST,3,3,3.0
2010-2011,CR EN DEFICIENCE INTELLECTUELLE MONTEREGIE-EST,3,4,1330.0
2010-2011,CR EN DEFICIENCE INTELLECTUELLE MONTEREGIE-EST,4,1,3.0
2010-2011,CR EN DEFICIENCE INTELLECTUELLE MONTEREGIE-EST,4,2,2571.0
2010-2011,CR EN DEFICIENCE INTELLECTUELLE MONTEREGIE-EST,4,3,10.0
2010-2011,CR EN DEFICIENCE INTELLECTUELLE MONTEREGIE-EST,4,4,1672.0
2010-2011,CR EN DEFICIENCE INTELLECTUELLE MONTEREGIE-EST,5,1,1.0
2010-2011,CR EN DEFICIENCE INTELLECTUELLE MONTEREGIE-EST,5,2,419.0
2010-2011,CR EN DEFICIENCE INTELLECTUELLE MONTEREGIE-EST,7,1,8.0
2010-2011,CR EN DEFICIENCE INTELLECTUELLE MONTEREGIE-EST,7,3,18.0
2010-2011,CR EN DEFICIENCE INTELLECTUELLE MONTEREGIE-EST,10,1,1.0
2010-2011,CR EN DEFICIENCE INTELLECTUELLE MONTEREGIE-EST,10,2,127.0
2010-2011,CR EN DEFICIENCE INTELLECTUELLE MONTEREGIE-EST,10,3,1.0
2010-2011,CR EN DEFICIENCE INTELLECTUELLE MONTEREGIE-EST,10,4,80.0
2010-2011,CR EN DEFICIENCE INTELLECTUELLE MONTEREGIE-EST,12,1,1.0
2010-2011,CR EN DEFICIENCE INTELLECTUELLE MONTEREGIE-EST,12,2,218.0
2010-2011,CR EN DEFICIENCE INTELLECTUELLE MONTEREGIE-EST,14,1,2.0
2010-2011,CR EN DEFICIENCE INTELLECTUELLE MONTEREGIE-EST,14,3,1.0
2010-2011,CR EN DEFICIENCE INTELLECTUELLE MONTEREGIE-EST,17,1,2.0
2010-2011,CR EN DEFICIENCE INTELLECTUELLE MONTEREGIE-EST,17,2,102.0
2010-2011,CR EN DEFICIENCE INTELLECTUELLE MONTEREGIE-EST,17,3,3.0
2010-2011,CR EN DEFICIENCE INTELLECTUELLE MONTEREGIE-EST,17,4,130.0
2010-2011,CR EN DEFICIENCE INTELLECTUELLE MONTEREGIE-EST,18,1,2.0
2010-2011,CR EN DEFICIENCE INTELLECTUELLE MONTEREGIE-EST,18,2,369.0
2010-2011,CR EN DEFICIENCE INTELLECTUELLE MONTEREGIE-EST,21,1,4.0
2010-2011,CR EN DEFICIENCE INTELLECTUELLE MONTEREGIE-EST,21,3,3.0
2010-2011,CR EN DEFICIENCE INTELLECTUELLE MONTEREGIE-EST,22,1,76.0
2010-2011,CR EN DEFICIENCE INTELLECTUELLE MONTEREGIE-EST,22,2,128.0
2010-2011,CR EN DEFICIENCE INTELLECTUELLE MONTEREGIE-EST,22,3,163.0
2010-2011,CR EN DEFICIENCE INTELLECTUELLE MONTEREGIE-EST,22,4,218.0
2010-2011,CR EN DEFICIENCE INTELLECTUELLE MONTEREGIE-EST,23,1,338.0
2010-2011,CR EN DEFICIENCE INTELLECTUELLE MONTEREGIE-EST,23,2,319.0
2010-2011,CR EN DEFICIENCE INTELLECTUELLE MONTEREGIE-EST,23,3,327.0
2010-2011,CR EN DEFICIENCE INTELLECTUELLE MONTEREGIE-EST,23,4,375.0
2010-2011,CR EN DEFICIENCE INTELLECTUELLE MONTEREGIE-EST,24,1,11.0
2010-2011,CR EN DEFICIENCE INTELLECTUELLE MONTEREGIE-EST,24,2,455.0
2010-2011,CR EN DEFICIENCE INTELLECTUELLE MONTEREGIE-EST,24,3,13.0
2010-2011,CR EN DEFICIENCE INTELLECTUELLE MONTEREGIE-EST,24,4,408.0
2010-2011,CR EN DEFICIENCE INTELLECTUELLE MONTEREGIE-EST,25,1,7.0
2010-2011,CR EN DEFICIENCE INTELLECTUELLE MONTEREGIE-EST,25,2,292.0
2010-2011,CR EN DEFICIENCE INTELLECTUELLE MONTEREGIE-EST,25,3,7.0
2010-2011,CR EN DEFICIENCE INTELLECTUELLE MONTEREGIE-EST,25,4,410.0
2010-2011,CR EN DEFICIENCE INTELLECTUELLE MONTEREGIE-EST,26,1,1.0
2010-2011,CR EN DEFICIENCE INTELLECTUELLE MONTEREGIE-EST,26,2,338.0
2010-2011,CR EN DEFICIENCE INTELLECTUELLE MONTEREGIE-EST,26,3,3.0
2010-2011,CR EN DEFICIENCE INTELLECTUELLE MONTEREGIE-EST,26,4,369.0
2010-2011,CR EN DEFICIENCE INTELLECTUELLE MONTEREGIE-EST,28,1,433.0
2010-2011,CR EN DEFICIENCE INTELLECTUELLE MONTEREGIE-EST,28,3,513.0
2010-2011,CRDI NORMAND-LARAMEE,1,1,0.0
2010-2011,CRDI NORMAND-LARAMEE,1,2,0.0
2010-2011,CRDI NORMAND-LARAMEE,1,3,0.0
2010-2011,CRDI NORMAND-LARAMEE,1,4,0.0
2010-2011,CRDI NORMAND-LARAMEE,2,1,9.0
2010-2011,CRDI NORMAND-LARAMEE,2,2,467.0
2010-2011,CRDI NORMAND-LARAMEE,2,3,7.0
2010-2011,CRDI NORMAND-LARAMEE,2,4,792.0
2010-2011,CRDI NORMAND-LARAMEE,3,1,3.0
2010-2011,CRDI NORMAND-LARAMEE,3,2,708.0
2010-2011,CRDI NORMAND-LARAMEE,3,3,4.0
2010-2011,CRDI NORMAND-LARAMEE,3,4,708.0
2010-2011,CRDI NORMAND-LARAMEE,4,1,6.0
2010-2011,CRDI NORMAND-LARAMEE,4,2,1328.0
2010-2011,CRDI NORMAND-LARAMEE,4,3,7.0
2010-2011,CRDI NORMAND-LARAMEE,4,4,1011.0
2010-2011,CRDI NORMAND-LARAMEE,5,1,0.0
2010-2011,CRDI NORMAND-LARAMEE,5,2,0.0
2010-2011,CRDI NORMAND-LARAMEE,5,3,0.0
2010-2011,CRDI NORMAND-LARAMEE,5,4,0.0
2010-2011,CRDI NORMAND-LARAMEE,6,1,0.0
2010-2011,CRDI NORMAND-LARAMEE,6,2,0.0
2010-2011,CRDI NORMAND-LARAMEE,6,3,0.0
2010-2011,CRDI NORMAND-LARAMEE,6,4,0.0
2010-2011,CRDI NORMAND-LARAMEE,7,1,18.0
2010-2011,CRDI NORMAND-LARAMEE,7,3,18.0
2010-2011,CRDI NORMAND-LARAMEE,8,1,0.0
2010-2011,CRDI NORMAND-LARAMEE,8,2,0.0
2010-2011,CRDI NORMAND-LARAMEE,8,3,0.0
2010-2011,CRDI NORMAND-LARAMEE,8,4,0.0
2010-2011,CRDI NORMAND-LARAMEE,9,1,0.0
2010-2011,CRDI NORMAND-LARAMEE,9,2,0.0
2010-2011,CRDI NORMAND-LARAMEE,9,3,0.0
2010-2011,CRDI NORMAND-LARAMEE,9,4,0.0
2010-2011,CRDI NORMAND-LARAMEE,10,1,0.0
2010-2011,CRDI NORMAND-LARAMEE,10,2,0.0
2010-2011,CRDI NORMAND-LARAMEE,10,3,0.0
2010-2011,CRDI NORMAND-LARAMEE,10,4,0.0
2010-2011,CRDI NORMAND-LARAMEE,11,1,0.0
2010-2011,CRDI NORMAND-LARAMEE,11,2,0.0
2010-2011,CRDI NORMAND-LARAMEE,11,3,0.0
2010-2011,CRDI NORMAND-LARAMEE,11,4,0.0
2010-2011,CRDI NORMAND-LARAMEE,12,1,0.0
2010-2011,CRDI NORMAND-LARAMEE,12,2,0.0
2010-2011,CRDI NORMAND-LARAMEE,12,3,0.0
2010-2011,CRDI NORMAND-LARAMEE,12,4,0.0
2010-2011,CRDI NORMAND-LARAMEE,13,1,0.0
2010-2011,CRDI NORMAND-LARAMEE,13,2,0.0
2010-2011,CRDI NORMAND-LARAMEE,13,3,0.0
2010-2011,CRDI NORMAND-LARAMEE,13,4,0.0
2010-2011,CRDI NORMAND-LARAMEE,14,1,0.0
2010-2011,CRDI NORMAND-LARAMEE,14,3,0.0
2010-2011,CRDI NORMAND-LARAMEE,15,1,0.0
2010-2011,CRDI NORMAND-LARAMEE,15,2,0.0
2010-2011,CRDI NORMAND-LARAMEE,15,3,0.0
2010-2011,CRDI NORMAND-LARAMEE,15,4,0.0
2010-2011,CRDI NORMAND-LARAMEE,16,1,1.0
2010-2011,CRDI NORMAND-LARAMEE,16,2,134.0
2010-2011,CRDI NORMAND-LARAMEE,16,3,0.0
2010-2011,CRDI NORMAND-LARAMEE,16,4,0.0
2010-2011,CRDI NORMAND-LARAMEE,17,1,0.0
2010-2011,CRDI NORMAND-LARAMEE,17,2,0.0
2010-2011,CRDI NORMAND-LARAMEE,17,3,0.0
2010-2011,CRDI NORMAND-LARAMEE,17,4,0.0
2010-2011,CRDI NORMAND-LARAMEE,18,1,1.0
2010-2011,CRDI NORMAND-LARAMEE,18,2,233.0
2010-2011,CRDI NORMAND-LARAMEE,18,3,0.0
2010-2011,CRDI NORMAND-LARAMEE,18,4,0.0
2010-2011,CRDI NORMAND-LARAMEE,19,1,0.0
2010-2011,CRDI NORMAND-LARAMEE,19,2,0.0
2010-2011,CRDI NORMAND-LARAMEE,19,3,0.0
2010-2011,CRDI NORMAND-LARAMEE,19,4,0.0
2010-2011,CRDI NORMAND-LARAMEE,20,1,0.0
2010-2011,CRDI NORMAND-LARAMEE,20,2,0.0
2010-2011,CRDI NORMAND-LARAMEE,20,3,0.0
2010-2011,CRDI NORMAND-LARAMEE,20,4,0.0
2010-2011,CRDI NORMAND-LARAMEE,21,1,2.0
2010-2011,CRDI NORMAND-LARAMEE,21,3,0.0
2010-2011,CRDI NORMAND-LARAMEE,22,1,21.0
2010-2011,CRDI NORMAND-LARAMEE,22,2,111.0
2010-2011,CRDI NORMAND-LARAMEE,22,3,34.0
2010-2011,CRDI NORMAND-LARAMEE,22,4,147.0
2010-2011,CRDI NORMAND-LARAMEE,23,1,85.0
2010-2011,CRDI NORMAND-LARAMEE,23,2,415.0
2010-2011,CRDI NORMAND-LARAMEE,23,3,58.0
2010-2011,CRDI NORMAND-LARAMEE,23,4,215.0
2010-2011,CRDI NORMAND-LARAMEE,24,1,5.0
2010-2011,CRDI NORMAND-LARAMEE,24,2,390.0
2010-2011,CRDI NORMAND-LARAMEE,24,3,1.0
2010-2011,CRDI NORMAND-LARAMEE,24,4,596.0
2010-2011,CRDI NORMAND-LARAMEE,25,1,3.0
2010-2011,CRDI NORMAND-LARAMEE,25,2,218.0
2010-2011,CRDI NORMAND-LARAMEE,25,3,4.0
2010-2011,CRDI NORMAND-LARAMEE,25,4,56.0
2010-2011,CRDI NORMAND-LARAMEE,26,1,1.0
2010-2011,CRDI NORMAND-LARAMEE,26,2,357.0
2010-2011,CRDI NORMAND-LARAMEE,26,3,1.0
2010-2011,CRDI NORMAND-LARAMEE,26,4,17.0
2010-2011,CRDI NORMAND-LARAMEE,27,1,0.0
2010-2011,CRDI NORMAND-LARAMEE,27,2,0.0
2010-2011,CRDI NORMAND-LARAMEE,27,3,0.0
2010-2011,CRDI NORMAND-LARAMEE,27,4,0.0
2010-2011,CRDI NORMAND-LARAMEE,28,1,115.0
2010-2011,CRDI NORMAND-LARAMEE,28,3,98.0
2010-2011,CRDITED DE LA MAURICIE-ET-DU-CENTRE-DU-QUEBEC - IU,2,1,4.0
2010-2011,CRDITED DE LA MAURICIE-ET-DU-CENTRE-DU-QUEBEC - IU,2,2,807.0
2010-2011,CRDITED DE LA MAURICIE-ET-DU-CENTRE-DU-QUEBEC - IU,2,3,3.0
2010-2011,CRDITED DE LA MAURICIE-ET-DU-CENTRE-DU-QUEBEC - IU,2,4,1083.0
2010-2011,CRDITED DE LA MAURICIE-ET-DU-CENTRE-DU-QUEBEC - IU,3,1,2.0
2010-2011,CRDITED DE LA MAURICIE-ET-DU-CENTRE-DU-QUEBEC - IU,3,2,259.0
2010-2011,CRDITED DE LA MAURICIE-ET-DU-CENTRE-DU-QUEBEC - IU,3,3,3.0
2010-2011,CRDITED DE LA MAURICIE-ET-DU-CENTRE-DU-QUEBEC - IU,3,4,913.0
2010-2011,CRDITED DE LA MAURICIE-ET-DU-CENTRE-DU-QUEBEC - IU,4,1,2.0
2010-2011,CRDITED DE LA MAURICIE-ET-DU-CENTRE-DU-QUEBEC - IU,4,2,931.0
2010-2011,CRDITED DE LA MAURICIE-ET-DU-CENTRE-DU-QUEBEC - IU,4,3,1.0
2010-2011,CRDITED DE LA MAURICIE-ET-DU-CENTRE-DU-QUEBEC - IU,4,4,1458.0
2010-2011,CRDITED DE LA MAURICIE-ET-DU-CENTRE-DU-QUEBEC - IU,7,1,8.0
2010-2011,CRDITED DE LA MAURICIE-ET-DU-CENTRE-DU-QUEBEC - IU,7,3,7.0
2010-2011,CRDITED DE LA MAURICIE-ET-DU-CENTRE-DU-QUEBEC - IU,11,1,3.0
2010-2011,CRDITED DE LA MAURICIE-ET-DU-CENTRE-DU-QUEBEC - IU,11,2,1292.0
2010-2011,CRDITED DE LA MAURICIE-ET-DU-CENTRE-DU-QUEBEC - IU,11,3,2.0
2010-2011,CRDITED DE LA MAURICIE-ET-DU-CENTRE-DU-QUEBEC - IU,11,4,1878.0
2010-2011,CRDITED DE LA MAURICIE-ET-DU-CENTRE-DU-QUEBEC - IU,14,1,3.0
2010-2011,CRDITED DE LA MAURICIE-ET-DU-CENTRE-DU-QUEBEC - IU,14,3,2.0
2010-2011,CRDITED DE LA MAURICIE-ET-DU-CENTRE-DU-QUEBEC - IU,16,1,2.0
2010-2011,CRDITED DE LA MAURICIE-ET-DU-CENTRE-DU-QUEBEC - IU,16,2,357.0
2010-2011,CRDITED DE LA MAURICIE-ET-DU-CENTRE-DU-QUEBEC - IU,17,1,1.0
2010-2011,CRDITED DE LA MAURICIE-ET-DU-CENTRE-DU-QUEBEC - IU,17,2,1332.0
2010-2011,CRDITED DE LA MAURICIE-ET-DU-CENTRE-DU-QUEBEC - IU,17,3,3.0
2010-2011,CRDITED DE LA MAURICIE-ET-DU-CENTRE-DU-QUEBEC - IU,17,4,896.0
2010-2011,CRDITED DE LA MAURICIE-ET-DU-CENTRE-DU-QUEBEC - IU,18,1,2.0
2010-2011,CRDITED DE LA MAURICIE-ET-DU-CENTRE-DU-QUEBEC - IU,18,2,47.0
2010-2011,CRDITED DE LA MAURICIE-ET-DU-CENTRE-DU-QUEBEC - IU,18,3,3.0
2010-2011,CRDITED DE LA MAURICIE-ET-DU-CENTRE-DU-QUEBEC - IU,18,4,597.0
2010-2011,CRDITED DE LA MAURICIE-ET-DU-CENTRE-DU-QUEBEC - IU,21,1,5.0
2010-2011,CRDITED DE LA MAURICIE-ET-DU-CENTRE-DU-QUEBEC - IU,21,3,6.0
2010-2011,CRDITED DE LA MAURICIE-ET-DU-CENTRE-DU-QUEBEC - IU,22,1,2.0
2010-2011,CRDITED DE LA MAURICIE-ET-DU-CENTRE-DU-QUEBEC - IU,22,2,42.0
2010-2011,CRDITED DE LA MAURICIE-ET-DU-CENTRE-DU-QUEBEC - IU,22,3,2.0
2010-2011,CRDITED DE LA MAURICIE-ET-DU-CENTRE-DU-QUEBEC - IU,22,4,96.0
2010-2011,CRDITED DE LA MAURICIE-ET-DU-CENTRE-DU-QUEBEC - IU,23,1,17.0
2010-2011,CRDITED DE LA MAURICIE-ET-DU-CENTRE-DU-QUEBEC - IU,23,2,127.0
2010-2011,CRDITED DE LA MAURICIE-ET-DU-CENTRE-DU-QUEBEC - IU,23,3,25.0
2010-2011,CRDITED DE LA MAURICIE-ET-DU-CENTRE-DU-QUEBEC - IU,23,4,139.0
2010-2011,CRDITED DE LA MAURICIE-ET-DU-CENTRE-DU-QUEBEC - IU,24,1,1.0
2010-2011,CRDITED DE LA MAURICIE-ET-DU-CENTRE-DU-QUEBEC - IU,24,2,161.0
2010-2011,CRDITED DE LA MAURICIE-ET-DU-CENTRE-DU-QUEBEC - IU,24,3,4.0
2010-2011,CRDITED DE LA MAURICIE-ET-DU-CENTRE-DU-QUEBEC - IU,24,4,159.0
2010-2011,CRDITED DE LA MAURICIE-ET-DU-CENTRE-DU-QUEBEC - IU,25,1,2.0
2010-2011,CRDITED DE LA MAURICIE-ET-DU-CENTRE-DU-QUEBEC - IU,25,2,77.0
2010-2011,CRDITED DE LA MAURICIE-ET-DU-CENTRE-DU-QUEBEC - IU,25,3,9.0
2010-2011,CRDITED DE LA MAURICIE-ET-DU-CENTRE-DU-QUEBEC - IU,25,4,187.0
2010-2011,CRDITED DE LA MAURICIE-ET-DU-CENTRE-DU-QUEBEC - IU,26,3,2.0
2010-2011,CRDITED DE LA MAURICIE-ET-DU-CENTRE-DU-QUEBEC - IU,26,4,56.0
2010-2011,CRDITED DE LA MAURICIE-ET-DU-CENTRE-DU-QUEBEC - IU,28,1,22.0
2010-2011,CRDITED DE LA MAURICIE-ET-DU-CENTRE-DU-QUEBEC - IU,28,3,42.0
2010-2011,CRDITED DU SAGUENAY - LAC-SAINT-JEAN,1,1,0.0
2010-2011,CRDITED DU SAGUENAY - LAC-SAINT-JEAN,1,2,0.0
2010-2011,CRDITED DU SAGUENAY - LAC-SAINT-JEAN,1,3,2.0
2010-2011,CRDITED DU SAGUENAY - LAC-SAINT-JEAN,1,4,148.0
2010-2011,CRDITED DU SAGUENAY - LAC-SAINT-JEAN,2,1,4.0
2010-2011,CRDITED DU SAGUENAY - LAC-SAINT-JEAN,2,2,297.0
2010-2011,CRDITED DU SAGUENAY - LAC-SAINT-JEAN,2,3,5.0
2010-2011,CRDITED DU SAGUENAY - LAC-SAINT-JEAN,2,4,369.0
2010-2011,CRDITED DU SAGUENAY - LAC-SAINT-JEAN,3,1,0.0
2010-2011,CRDITED DU SAGUENAY - LAC-SAINT-JEAN,3,2,0.0
2010-2011,CRDITED DU SAGUENAY - LAC-SAINT-JEAN,3,3,0.0
2010-2011,CRDITED DU SAGUENAY - LAC-SAINT-JEAN,3,4,0.0
2010-2011,CRDITED DU SAGUENAY - LAC-SAINT-JEAN,4,1,1.0
2010-2011,CRDITED DU SAGUENAY - LAC-SAINT-JEAN,4,2,223.0
2010-2011,CRDITED DU SAGUENAY - LAC-SAINT-JEAN,4,3,0.0
2010-2011,CRDITED DU SAGUENAY - LAC-SAINT-JEAN,4,4,0.0
2010-2011,CRDITED DU SAGUENAY - LAC-SAINT-JEAN,5,1,0.0
2010-2011,CRDITED DU SAGUENAY - LAC-SAINT-JEAN,5,2,0.0
2010-2011,CRDITED DU SAGUENAY - LAC-SAINT-JEAN,5,3,0.0
2010-2011,CRDITED DU SAGUENAY - LAC-SAINT-JEAN,5,4,0.0
2010-2011,CRDITED DU SAGUENAY - LAC-SAINT-JEAN,6,1,0.0
2010-2011,CRDITED DU SAGUENAY - LAC-SAINT-JEAN,6,2,0.0
2010-2011,CRDITED DU SAGUENAY - LAC-SAINT-JEAN,6,3,0.0
2010-2011,CRDITED DU SAGUENAY - LAC-SAINT-JEAN,6,4,0.0
2010-2011,CRDITED DU SAGUENAY - LAC-SAINT-JEAN,7,1,5.0
2010-2011,CRDITED DU SAGUENAY - LAC-SAINT-JEAN,7,3,7.0
2010-2011,CRDITED DU SAGUENAY - LAC-SAINT-JEAN,8,1,0.0
2010-2011,CRDITED DU SAGUENAY - LAC-SAINT-JEAN,8,2,0.0
2010-2011,CRDITED DU SAGUENAY - LAC-SAINT-JEAN,8,3,0.0
2010-2011,CRDITED DU SAGUENAY - LAC-SAINT-JEAN,8,4,0.0
2010-2011,CRDITED DU SAGUENAY - LAC-SAINT-JEAN,9,1,0.0
2010-2011,CRDITED DU SAGUENAY - LAC-SAINT-JEAN,9,2,0.0
2010-2011,CRDITED DU SAGUENAY - LAC-SAINT-JEAN,9,3,0.0
2010-2011,CRDITED DU SAGUENAY - LAC-SAINT-JEAN,9,4,0.0
2010-2011,CRDITED DU SAGUENAY - LAC-SAINT-JEAN,10,1,0.0
2010-2011,CRDITED DU SAGUENAY - LAC-SAINT-JEAN,10,2,0.0
2010-2011,CRDITED DU SAGUENAY - LAC-SAINT-JEAN,10,3,0.0
2010-2011,CRDITED DU SAGUENAY - LAC-SAINT-JEAN,10,4,0.0
2010-2011,CRDITED DU SAGUENAY - LAC-SAINT-JEAN,11,1,0.0
2010-2011,CRDITED DU SAGUENAY - LAC-SAINT-JEAN,11,2,0.0
2010-2011,CRDITED DU SAGUENAY - LAC-SAINT-JEAN,11,3,0.0
2010-2011,CRDITED DU SAGUENAY - LAC-SAINT-JEAN,11,4,0.0
2010-2011,CRDITED DU SAGUENAY - LAC-SAINT-JEAN,12,1,1.0
2010-2011,CRDITED DU SAGUENAY - LAC-SAINT-JEAN,12,2,202.0
2010-2011,CRDITED DU SAGUENAY - LAC-SAINT-JEAN,12,3,1.0
2010-2011,CRDITED DU SAGUENAY - LAC-SAINT-JEAN,12,4,567.0
2010-2011,CRDITED DU SAGUENAY - LAC-SAINT-JEAN,13,1,0.0
2010-2011,CRDITED DU SAGUENAY - LAC-SAINT-JEAN,13,2,0.0
2010-2011,CRDITED DU SAGUENAY - LAC-SAINT-JEAN,13,3,0.0
2010-2011,CRDITED DU SAGUENAY - LAC-SAINT-JEAN,13,4,0.0
2010-2011,CRDITED DU SAGUENAY - LAC-SAINT-JEAN,14,1,1.0
2010-2011,CRDITED DU SAGUENAY - LAC-SAINT-JEAN,14,3,1.0
2010-2011,CRDITED DU SAGUENAY - LAC-SAINT-JEAN,15,1,0.0
2010-2011,CRDITED DU SAGUENAY - LAC-SAINT-JEAN,15,2,0.0
2010-2011,CRDITED DU SAGUENAY - LAC-SAINT-JEAN,15,3,0.0
2010-2011,CRDITED DU SAGUENAY - LAC-SAINT-JEAN,15,4,0.0
2010-2011,CRDITED DU SAGUENAY - LAC-SAINT-JEAN,16,1,0.0
2010-2011,CRDITED DU SAGUENAY - LAC-SAINT-JEAN,16,2,0.0
2010-2011,CRDITED DU SAGUENAY - LAC-SAINT-JEAN,16,3,1.0
2010-2011,CRDITED DU SAGUENAY - LAC-SAINT-JEAN,16,4,216.0
2010-2011,CRDITED DU SAGUENAY - LAC-SAINT-JEAN,17,1,0.0
2010-2011,CRDITED DU SAGUENAY - LAC-SAINT-JEAN,17,2,0.0
2010-2011,CRDITED DU SAGUENAY - LAC-SAINT-JEAN,17,3,1.0
2010-2011,CRDITED DU SAGUENAY - LAC-SAINT-JEAN,17,4,72.0
2010-2011,CRDITED DU SAGUENAY - LAC-SAINT-JEAN,18,1,0.0
2010-2011,CRDITED DU SAGUENAY - LAC-SAINT-JEAN,18,2,0.0
2010-2011,CRDITED DU SAGUENAY - LAC-SAINT-JEAN,18,3,3.0
2010-2011,CRDITED DU SAGUENAY - LAC-SAINT-JEAN,18,4,75.0
2010-2011,CRDITED DU SAGUENAY - LAC-SAINT-JEAN,19,1,0.0
2010-2011,CRDITED DU SAGUENAY - LAC-SAINT-JEAN,19,2,0.0
2010-2011,CRDITED DU SAGUENAY - LAC-SAINT-JEAN,19,3,0.0
2010-2011,CRDITED DU SAGUENAY - LAC-SAINT-JEAN,19,4,0.0
2010-2011,CRDITED DU SAGUENAY - LAC-SAINT-JEAN,20,1,0.0
2010-2011,CRDITED DU SAGUENAY - LAC-SAINT-JEAN,20,2,0.0
2010-2011,CRDITED DU SAGUENAY - LAC-SAINT-JEAN,20,3,0.0
2010-2011,CRDITED DU SAGUENAY - LAC-SAINT-JEAN,20,4,0.0
2010-2011,CRDITED DU SAGUENAY - LAC-SAINT-JEAN,21,1,0.0
2010-2011,CRDITED DU SAGUENAY - LAC-SAINT-JEAN,21,3,5.0
2010-2011,CRDITED DU SAGUENAY - LAC-SAINT-JEAN,22,1,2.0
2010-2011,CRDITED DU SAGUENAY - LAC-SAINT-JEAN,22,2,16.0
2010-2011,CRDITED DU SAGUENAY - LAC-SAINT-JEAN,22,3,4.0
2010-2011,CRDITED DU SAGUENAY - LAC-SAINT-JEAN,22,4,19.0
2010-2011,CRDITED DU SAGUENAY - LAC-SAINT-JEAN,23,1,2.0
2010-2011,CRDITED DU SAGUENAY - LAC-SAINT-JEAN,23,2,18.0
2010-2011,CRDITED DU SAGUENAY - LAC-SAINT-JEAN,23,3,8.0
2010-2011,CRDITED DU SAGUENAY - LAC-SAINT-JEAN,23,4,65.0
2010-2011,CRDITED DU SAGUENAY - LAC-SAINT-JEAN,24,1,0.0
2010-2011,CRDITED DU SAGUENAY - LAC-SAINT-JEAN,24,2,0.0
2010-2011,CRDITED DU SAGUENAY - LAC-SAINT-JEAN,24,3,2.0
2010-2011,CRDITED DU SAGUENAY - LAC-SAINT-JEAN,24,4,41.0
2010-2011,CRDITED DU SAGUENAY - LAC-SAINT-JEAN,25,1,1.0
2010-2011,CRDITED DU SAGUENAY - LAC-SAINT-JEAN,25,2,9.0
2010-2011,CRDITED DU SAGUENAY - LAC-SAINT-JEAN,25,3,2.0
2010-2011,CRDITED DU SAGUENAY - LAC-SAINT-JEAN,25,4,104.0
2010-2011,CRDITED DU SAGUENAY - LAC-SAINT-JEAN,26,1,0.0
2010-2011,CRDITED DU SAGUENAY - LAC-SAINT-JEAN,26,2,0.0
2010-2011,CRDITED DU SAGUENAY - LAC-SAINT-JEAN,26,3,0.0
2010-2011,CRDITED DU SAGUENAY - LAC-SAINT-JEAN,26,4,0.0
2010-2011,CRDITED DU SAGUENAY - LAC-SAINT-JEAN,27,1,0.0
2010-2011,CRDITED DU SAGUENAY - LAC-SAINT-JEAN,27,2,0.0
2010-2011,CRDITED DU SAGUENAY - LAC-SAINT-JEAN,27,3,0.0
2010-2011,CRDITED DU SAGUENAY - LAC-SAINT-JEAN,27,4,0.0
2010-2011,CRDITED DU SAGUENAY - LAC-SAINT-JEAN,28,1,5.0
2010-2011,CRDITED DU SAGUENAY - LAC-SAINT-JEAN,28,3,16.0
2010-2011,CSSS DE CHARLEVOIX,1,1,0.0
2010-2011,CSSS DE CHARLEVOIX,1,2,0.0
2010-2011,CSSS DE CHARLEVOIX,1,3,0.0
2010-2011,CSSS DE CHARLEVOIX,1,4,0.0
2010-2011,CSSS DE CHARLEVOIX,2,1,0.0
2010-2011,CSSS DE CHARLEVOIX,2,2,0.0
2010-2011,CSSS DE CHARLEVOIX,2,3,0.0
2010-2011,CSSS DE CHARLEVOIX,2,4,0.0
2010-2011,CSSS DE CHARLEVOIX,3,1,0.0
2010-2011,CSSS DE CHARLEVOIX,3,2,0.0
2010-2011,CSSS DE CHARLEVOIX,3,3,0.0
2010-2011,CSSS DE CHARLEVOIX,3,4,0.0
2010-2011,CSSS DE CHARLEVOIX,4,1,0.0
2010-2011,CSSS DE CHARLEVOIX,4,2,0.0
2010-2011,CSSS DE CHARLEVOIX,4,3,0.0
2010-2011,CSSS DE CHARLEVOIX,4,4,0.0
2010-2011,CSSS DE CHARLEVOIX,5,1,0.0
2010-2011,CSSS DE CHARLEVOIX,5,2,0.0
2010-2011,CSSS DE CHARLEVOIX,5,3,0.0
2010-2011,CSSS DE CHARLEVOIX,5,4,0.0
2010-2011,CSSS DE CHARLEVOIX,6,1,0.0
2010-2011,CSSS DE CHARLEVOIX,6,2,0.0
2010-2011,CSSS DE CHARLEVOIX,6,3,0.0
2010-2011,CSSS DE CHARLEVOIX,6,4,0.0
2010-2011,CSSS DE CHARLEVOIX,7,1,0.0
2010-2011,CSSS DE CHARLEVOIX,7,3,0.0
2010-2011,CSSS DE CHARLEVOIX,8,1,0.0
2010-2011,CSSS DE CHARLEVOIX,8,2,0.0
2010-2011,CSSS DE CHARLEVOIX,8,3,0.0
2010-2011,CSSS DE CHARLEVOIX,8,4,0.0
2010-2011,CSSS DE CHARLEVOIX,9,1,0.0
2010-2011,CSSS DE CHARLEVOIX,9,2,0.0
2010-2011,CSSS DE CHARLEVOIX,9,3,0.0
2010-2011,CSSS DE CHARLEVOIX,9,4,0.0
2010-2011,CSSS DE CHARLEVOIX,10,1,0.0
2010-2011,CSSS DE CHARLEVOIX,10,2,0.0
2010-2011,CSSS DE CHARLEVOIX,10,3,0.0
2010-2011,CSSS DE CHARLEVOIX,10,4,0.0
2010-2011,CSSS DE CHARLEVOIX,11,1,0.0
2010-2011,CSSS DE CHARLEVOIX,11,2,0.0
2010-2011,CSSS DE CHARLEVOIX,11,3,0.0
2010-2011,CSSS DE CHARLEVOIX,11,4,0.0
2010-2011,CSSS DE CHARLEVOIX,12,1,0.0
2010-2011,CSSS DE CHARLEVOIX,12,2,0.0
2010-2011,CSSS DE CHARLEVOIX,12,3,0.0
2010-2011,CSSS DE CHARLEVOIX,12,4,0.0
2010-2011,CSSS DE CHARLEVOIX,13,1,0.0
2010-2011,CSSS DE CHARLEVOIX,13,2,0.0
2010-2011,CSSS DE CHARLEVOIX,13,3,0.0
2010-2011,CSSS DE CHARLEVOIX,13,4,0.0
2010-2011,CSSS DE CHARLEVOIX,14,1,0.0
2010-2011,CSSS DE CHARLEVOIX,14,3,0.0
2010-2011,CSSS DE CHARLEVOIX,15,1,0.0
2010-2011,CSSS DE CHARLEVOIX,15,2,0.0
2010-2011,CSSS DE CHARLEVOIX,15,3,0.0
2010-2011,CSSS DE CHARLEVOIX,15,4,0.0
2010-2011,CSSS DE CHARLEVOIX,16,1,0.0
2010-2011,CSSS DE CHARLEVOIX,16,2,0.0
2010-2011,CSSS DE CHARLEVOIX,16,3,0.0
2010-2011,CSSS DE CHARLEVOIX,16,4,0.0
2010-2011,CSSS DE CHARLEVOIX,17,1,0.0
2010-2011,CSSS DE CHARLEVOIX,17,2,0.0
2010-2011,CSSS DE CHARLEVOIX,17,3,0.0
2010-2011,CSSS DE CHARLEVOIX,17,4,0.0
2010-2011,CSSS DE CHARLEVOIX,18,1,0.0
2010-2011,CSSS DE CHARLEVOIX,18,2,0.0
2010-2011,CSSS DE CHARLEVOIX,18,3,1.0
2010-2011,CSSS DE CHARLEVOIX,18,4,178.0
2010-2011,CSSS DE CHARLEVOIX,19,1,0.0
2010-2011,CSSS DE CHARLEVOIX,19,2,0.0
2010-2011,CSSS DE CHARLEVOIX,19,3,0.0
2010-2011,CSSS DE CHARLEVOIX,19,4,0.0
2010-2011,CSSS DE CHARLEVOIX,20,1,0.0
2010-2011,CSSS DE CHARLEVOIX,20,2,0.0
2010-2011,CSSS DE CHARLEVOIX,20,3,0.0
2010-2011,CSSS DE CHARLEVOIX,20,4,0.0
2010-2011,CSSS DE CHARLEVOIX,21,1,0.0
2010-2011,CSSS DE CHARLEVOIX,21,3,1.0
2010-2011,CSSS DE CHARLEVOIX,22,1,0.0
2010-2011,CSSS DE CHARLEVOIX,22,2,0.0
2010-2011,CSSS DE CHARLEVOIX,22,3,0.0
2010-2011,CSSS DE CHARLEVOIX,22,4,0.0
2010-2011,CSSS DE CHARLEVOIX,23,1,0.0
2010-2011,CSSS DE CHARLEVOIX,23,2,0.0
2010-2011,CSSS DE CHARLEVOIX,23,3,0.0
2010-2011,CSSS DE CHARLEVOIX,23,4,0.0
2010-2011,CSSS DE CHARLEVOIX,24,1,0.0
2010-2011,CSSS DE CHARLEVOIX,24,2,0.0
2010-2011,CSSS DE CHARLEVOIX,24,3,0.0
2010-2011,CSSS DE CHARLEVOIX,24,4,0.0
2010-2011,CSSS DE CHARLEVOIX,25,1,0.0
2010-2011,CSSS DE CHARLEVOIX,25,2,0.0
2010-2011,CSSS DE CHARLEVOIX,25,3,0.0
2010-2011,CSSS DE CHARLEVOIX,25,4,0.0
2010-2011,CSSS DE CHARLEVOIX,26,1,0.0
2010-2011,CSSS DE CHARLEVOIX,26,2,0.0
2010-2011,CSSS DE CHARLEVOIX,26,3,0.0
2010-2011,CSSS DE CHARLEVOIX,26,4,0.0
2010-2011,CSSS DE CHARLEVOIX,27,1,0.0
2010-2011,CSSS DE CHARLEVOIX,27,2,0.0
2010-2011,CSSS DE CHARLEVOIX,27,3,0.0
2010-2011,CSSS DE CHARLEVOIX,27,4,0.0
2010-2011,CSSS DE CHARLEVOIX,28,1,0.0
2010-2011,CSSS DE CHARLEVOIX,28,3,0.0
2010-2011,LE CENTRE DE READAPTATION DE LA GASPESIE,2,3,1.0
2010-2011,LE CENTRE DE READAPTATION DE LA GASPESIE,2,4,247.0
2010-2011,LE CENTRE DE READAPTATION DE LA GASPESIE,4,3,1.0
2010-2011,LE CENTRE DE READAPTATION DE LA GASPESIE,4,4,13.0
2010-2011,LE CENTRE DE READAPTATION DE LA GASPESIE,7,3,2.0
2010-2011,LE CENTRE DE READAPTATION DE LA GASPESIE,22,3,1.0
2010-2011,LE CENTRE DE READAPTATION DE LA GASPESIE,22,4,296.0
2010-2011,LE CENTRE DE READAPTATION DE LA GASPESIE,23,1,3.0
2010-2011,LE CENTRE DE READAPTATION DE LA GASPESIE,23,2,1355.0
2010-2011,LE CENTRE DE READAPTATION DE LA GASPESIE,23,3,2.0
2010-2011,LE CENTRE DE READAPTATION DE LA GASPESIE,23,4,134.0
2010-2011,LE CENTRE DE READAPTATION DE LA GASPESIE,25,1,5.0
2010-2011,LE CENTRE DE READAPTATION DE LA GASPESIE,25,2,629.0
2010-2011,LE CENTRE DE READAPTATION DE LA GASPESIE,25,3,1.0
2010-2011,LE CENTRE DE READAPTATION DE LA GASPESIE,25,4,13.0
2010-2011,LE CENTRE DE READAPTATION DE LA GASPESIE,26,1,1.0
2010-2011,LE CENTRE DE READAPTATION DE LA GASPESIE,26,2,1567.0
2010-2011,LE CENTRE DE READAPTATION DE LA GASPESIE,28,1,9.0
2010-2011,LE CENTRE DE READAPTATION DE LA GASPESIE,28,3,4.0
2010-2011,LES SERVICES DE READAPTATION DU SUD-OUEST ET DU RENFORT,1,1,3.0
2010-2011,LES SERVICES DE READAPTATION DU SUD-OUEST ET DU RENFORT,1,2,147.0
2010-2011,LES SERVICES DE READAPTATION DU SUD-OUEST ET DU RENFORT,1,3,3.0
2010-2011,LES SERVICES DE READAPTATION DU SUD-OUEST ET DU RENFORT,1,4,106.0
2010-2011,LES SERVICES DE READAPTATION DU SUD-OUEST ET DU RENFORT,2,1,16.0
2010-2011,LES SERVICES DE READAPTATION DU SUD-OUEST ET DU RENFORT,2,2,380.0
2010-2011,LES SERVICES DE READAPTATION DU SUD-OUEST ET DU RENFORT,2,3,15.0
2010-2011,LES SERVICES DE READAPTATION DU SUD-OUEST ET DU RENFORT,2,4,399.0
2010-2011,LES SERVICES DE READAPTATION DU SUD-OUEST ET DU RENFORT,3,1,1.0
2010-2011,LES SERVICES DE READAPTATION DU SUD-OUEST ET DU RENFORT,3,2,380.0
2010-2011,LES SERVICES DE READAPTATION DU SUD-OUEST ET DU RENFORT,3,3,2.0
2010-2011,LES SERVICES DE READAPTATION DU SUD-OUEST ET DU RENFORT,3,4,453.0
2010-2011,LES SERVICES DE READAPTATION DU SUD-OUEST ET DU RENFORT,4,1,2.0
2010-2011,LES SERVICES DE READAPTATION DU SUD-OUEST ET DU RENFORT,4,2,1398.0
2010-2011,LES SERVICES DE READAPTATION DU SUD-OUEST ET DU RENFORT,4,3,1.0
2010-2011,LES SERVICES DE READAPTATION DU SUD-OUEST ET DU RENFORT,4,4,78.0
2010-2011,LES SERVICES DE READAPTATION DU SUD-OUEST ET DU RENFORT,7,1,22.0
2010-2011,LES SERVICES DE READAPTATION DU SUD-OUEST ET DU RENFORT,7,3,21.0
2010-2011,LES SERVICES DE READAPTATION DU SUD-OUEST ET DU RENFORT,10,1,2.0
2010-2011,LES SERVICES DE READAPTATION DU SUD-OUEST ET DU RENFORT,10,2,109.0
2010-2011,LES SERVICES DE READAPTATION DU SUD-OUEST ET DU RENFORT,10,3,1.0
2010-2011,LES SERVICES DE READAPTATION DU SUD-OUEST ET DU RENFORT,10,4,78.0
2010-2011,LES SERVICES DE READAPTATION DU SUD-OUEST ET DU RENFORT,11,3,1.0
2010-2011,LES SERVICES DE READAPTATION DU SUD-OUEST ET DU RENFORT,11,4,64.0
2010-2011,LES SERVICES DE READAPTATION DU SUD-OUEST ET DU RENFORT,14,1,2.0
2010-2011,LES SERVICES DE READAPTATION DU SUD-OUEST ET DU RENFORT,14,3,2.0
2010-2011,LES SERVICES DE READAPTATION DU SUD-OUEST ET DU RENFORT,16,1,2.0
2010-2011,LES SERVICES DE READAPTATION DU SUD-OUEST ET DU RENFORT,16,2,34.0
2010-2011,LES SERVICES DE READAPTATION DU SUD-OUEST ET DU RENFORT,16,3,1.0
2010-2011,LES SERVICES DE READAPTATION DU SUD-OUEST ET DU RENFORT,16,4,190.0
2010-2011,LES SERVICES DE READAPTATION DU SUD-OUEST ET DU RENFORT,17,1,5.0
2010-2011,LES SERVICES DE READAPTATION DU SUD-OUEST ET DU RENFORT,17,2,166.0
2010-2011,LES SERVICES DE READAPTATION DU SUD-OUEST ET DU RENFORT,17,3,3.0
2010-2011,LES SERVICES DE READAPTATION DU SUD-OUEST ET DU RENFORT,17,4,219.0
2010-2011,LES SERVICES DE READAPTATION DU SUD-OUEST ET DU RENFORT,18,1,3.0
2010-2011,LES SERVICES DE READAPTATION DU SUD-OUEST ET DU RENFORT,18,2,262.0
2010-2011,LES SERVICES DE READAPTATION DU SUD-OUEST ET DU RENFORT,18,3,5.0
2010-2011,LES SERVICES DE READAPTATION DU SUD-OUEST ET DU RENFORT,18,4,278.0
2010-2011,LES SERVICES DE READAPTATION DU SUD-OUEST ET DU RENFORT,21,1,10.0
2010-2011,LES SERVICES DE READAPTATION DU SUD-OUEST ET DU RENFORT,21,3,9.0
2010-2011,LES SERVICES DE READAPTATION DU SUD-OUEST ET DU RENFORT,22,1,73.0
2010-2011,LES SERVICES DE READAPTATION DU SUD-OUEST ET DU RENFORT,22,2,111.0
2010-2011,LES SERVICES DE READAPTATION DU SUD-OUEST ET DU RENFORT,22,3,68.0
2010-2011,LES SERVICES DE READAPTATION DU SUD-OUEST ET DU RENFORT,22,4,109.0
2010-2011,LES SERVICES DE READAPTATION DU SUD-OUEST ET DU RENFORT,23,1,77.0
2010-2011,LES SERVICES DE READAPTATION DU SUD-OUEST ET DU RENFORT,23,2,148.0
2010-2011,LES SERVICES DE READAPTATION DU SUD-OUEST ET DU RENFORT,23,3,70.0
2010-2011,LES SERVICES DE READAPTATION DU SUD-OUEST ET DU RENFORT,23,4,127.0
2010-2011,LES SERVICES DE READAPTATION DU SUD-OUEST ET DU RENFORT,24,1,6.0
2010-2011,LES SERVICES DE READAPTATION DU SUD-OUEST ET DU RENFORT,24,2,524.0
2010-2011,LES SERVICES DE READAPTATION DU SUD-OUEST ET DU RENFORT,24,3,6.0
2010-2011,LES SERVICES DE READAPTATION DU SUD-OUEST ET DU RENFORT,24,4,71.0
2010-2011,LES SERVICES DE READAPTATION DU SUD-OUEST ET DU RENFORT,25,3,3.0
2010-2011,LES SERVICES DE READAPTATION DU SUD-OUEST ET DU RENFORT,25,4,79.0
2010-2011,LES SERVICES DE READAPTATION DU SUD-OUEST ET DU RENFORT,28,1,156.0
2010-2011,LES SERVICES DE READAPTATION DU SUD-OUEST ET DU RENFORT,28,3,147.0
2010-2011,PAVILLON DU PARC,2,1,6.0
2010-2011,PAVILLON DU PARC,2,2,816.0
2010-2011,PAVILLON DU PARC,2,3,5.0
2010-2011,PAVILLON DU PARC,2,4,803.0
2010-2011,PAVILLON DU PARC,3,1,4.0
2010-2011,PAVILLON DU PARC,3,2,695.0
2010-2011,PAVILLON DU PARC,3,3,4.0
2010-2011,PAVILLON DU PARC,3,4,459.0
2010-2011,PAVILLON DU PARC,4,1,2.0
2010-2011,PAVILLON DU PARC,4,2,686.0
2010-2011,PAVILLON DU PARC,4,3,1.0
2010-2011,PAVILLON DU PARC,4,4,2190.0
2010-2011,PAVILLON DU PARC,7,1,12.0
2010-2011,PAVILLON DU PARC,7,3,10.0
2010-2011,PAVILLON DU PARC,10,1,3.0
2010-2011,PAVILLON DU PARC,10,2,42.0
2010-2011,PAVILLON DU PARC,11,1,1.0
2010-2011,PAVILLON DU PARC,11,2,1963.0
2010-2011,PAVILLON DU PARC,14,1,4.0
2010-2011,PAVILLON DU PARC,17,1,3.0
2010-2011,PAVILLON DU PARC,17,2,369.0
2010-2011,PAVILLON DU PARC,17,3,2.0
2010-2011,PAVILLON DU PARC,17,4,55.0
2010-2011,PAVILLON DU PARC,18,1,1.0
2010-2011,PAVILLON DU PARC,18,2,6.0
2010-2011,PAVILLON DU PARC,18,3,1.0
2010-2011,PAVILLON DU PARC,18,4,371.0
2010-2011,PAVILLON DU PARC,21,1,4.0
2010-2011,PAVILLON DU PARC,21,3,3.0
2010-2011,PAVILLON DU PARC,22,1,1.0
2010-2011,PAVILLON DU PARC,22,2,42.0
2010-2011,PAVILLON DU PARC,22,3,2.0
2010-2011,PAVILLON DU PARC,22,4,58.0
2010-2011,PAVILLON DU PARC,23,1,9.0
2010-2011,PAVILLON DU PARC,23,2,163.0
2010-2011,PAVILLON DU PARC,23,3,5.0
2010-2011,PAVILLON DU PARC,23,4,134.0
2010-2011,PAVILLON DU PARC,24,1,2.0
2010-2011,PAVILLON DU PARC,24,2,122.0
2010-2011,PAVILLON DU PARC,24,3,1.0
2010-2011,PAVILLON DU PARC,24,4,1210.0
2010-2011,PAVILLON DU PARC,25,1,1.0
2010-2011,PAVILLON DU PARC,25,2,449.0
2010-2011,PAVILLON DU PARC,25,3,3.0
2010-2011,PAVILLON DU PARC,25,4,271.0
2010-2011,PAVILLON DU PARC,28,1,13.0
2010-2011,PAVILLON DU PARC,28,3,11.0
2010-2011,SERVICES DE READAPTATION L'INTEGRALE,2,1,2.0
2010-2011,SERVICES DE READAPTATION L'INTEGRALE,2,2,49.0
2010-2011,SERVICES DE READAPTATION L'INTEGRALE,2,3,2.0
2010-2011,SERVICES DE READAPTATION L'INTEGRALE,2,4,204.0
2010-2011,SERVICES DE READAPTATION L'INTEGRALE,3,1,2.0
2010-2011,SERVICES DE READAPTATION L'INTEGRALE,3,2,118.0
2010-2011,SERVICES DE READAPTATION L'INTEGRALE,3,3,1.0
2010-2011,SERVICES DE READAPTATION L'INTEGRALE,3,4,445.0
2010-2011,SERVICES DE READAPTATION L'INTEGRALE,7,1,4.0
2010-2011,SERVICES DE READAPTATION L'INTEGRALE,7,3,3.0
2010-2011,SERVICES DE READAPTATION L'INTEGRALE,10,3,1.0
2010-2011,SERVICES DE READAPTATION L'INTEGRALE,10,4,168.0
2010-2011,SERVICES DE READAPTATION L'INTEGRALE,14,3,1.0
2010-2011,SERVICES DE READAPTATION L'INTEGRALE,17,1,7.0
2010-2011,SERVICES DE READAPTATION L'INTEGRALE,17,2,451.0
2010-2011,SERVICES DE READAPTATION L'INTEGRALE,17,3,7.0
2010-2011,SERVICES DE READAPTATION L'INTEGRALE,17,4,171.0
2010-2011,SERVICES DE READAPTATION L'INTEGRALE,18,1,1.0
2010-2011,SERVICES DE READAPTATION L'INTEGRALE,18,2,1450.0
2010-2011,SERVICES DE READAPTATION L'INTEGRALE,21,1,8.0
2010-2011,SERVICES DE READAPTATION L'INTEGRALE,21,3,7.0
2010-2011,SERVICES DE READAPTATION L'INTEGRALE,22,1,25.0
2010-2011,SERVICES DE READAPTATION L'INTEGRALE,22,2,112.0
2010-2011,SERVICES DE READAPTATION L'INTEGRALE,22,3,4.0
2010-2011,SERVICES DE READAPTATION L'INTEGRALE,22,4,10.0
2010-2011,SERVICES DE READAPTATION L'INTEGRALE,23,1,21.0
2010-2011,SERVICES DE READAPTATION L'INTEGRALE,23,2,137.0
2010-2011,SERVICES DE READAPTATION L'INTEGRALE,23,3,29.0
2010-2011,SERVICES DE READAPTATION L'INTEGRALE,23,4,278.0
2010-2011,SERVICES DE READAPTATION L'INTEGRALE,24,1,4.0
2010-2011,SERVICES DE READAPTATION L'INTEGRALE,24,2,602.0
2010-2011,SERVICES DE READAPTATION L'INTEGRALE,24,3,3.0
2010-2011,SERVICES DE READAPTATION L'INTEGRALE,24,4,90.0
2010-2011,SERVICES DE READAPTATION L'INTEGRALE,25,1,2.0
2010-2011,SERVICES DE READAPTATION L'INTEGRALE,25,2,783.0
2010-2011,SERVICES DE READAPTATION L'INTEGRALE,25,3,2.0
2010-2011,SERVICES DE READAPTATION L'INTEGRALE,25,4,12.0
2010-2011,SERVICES DE READAPTATION L'INTEGRALE,28,1,52.0
2010-2011,SERVICES DE READAPTATION L'INTEGRALE,28,3,38.0
2011-2012,CENTRE D'ACCUEIL DIXVILLE INC.,1,1,0.0
2011-2012,CENTRE D'ACCUEIL DIXVILLE INC.,1,2,0.0
2011-2012,CENTRE D'ACCUEIL DIXVILLE INC.,1,3,1.0
2011-2012,CENTRE D'ACCUEIL DIXVILLE INC.,1,4,33.0
2011-2012,CENTRE D'ACCUEIL DIXVILLE INC.,2,1,3.0
2011-2012,CENTRE D'ACCUEIL DIXVILLE INC.,2,2,329.0
2011-2012,CENTRE D'ACCUEIL DIXVILLE INC.,2,3,1.0
2011-2012,CENTRE D'ACCUEIL DIXVILLE INC.,2,4,899.0
2011-2012,CENTRE D'ACCUEIL DIXVILLE INC.,3,1,2.0
2011-2012,CENTRE D'ACCUEIL DIXVILLE INC.,3,2,657.0
2011-2012,CENTRE D'ACCUEIL DIXVILLE INC.,3,3,5.0
2011-2012,CENTRE D'ACCUEIL DIXVILLE INC.,3,4,469.0
2011-2012,CENTRE D'ACCUEIL DIXVILLE INC.,4,1,3.0
2011-2012,CENTRE D'ACCUEIL DIXVILLE INC.,4,2,773.0
2011-2012,CENTRE D'ACCUEIL DIXVILLE INC.,4,3,4.0
2011-2012,CENTRE D'ACCUEIL DIXVILLE INC.,4,4,354.0
2011-2012,CENTRE D'ACCUEIL DIXVILLE INC.,5,1,0.0
2011-2012,CENTRE D'ACCUEIL DIXVILLE INC.,5,2,0.0
2011-2012,CENTRE D'ACCUEIL DIXVILLE INC.,5,3,0.0
2011-2012,CENTRE D'ACCUEIL DIXVILLE INC.,5,4,0.0
2011-2012,CENTRE D'ACCUEIL DIXVILLE INC.,6,1,0.0
2011-2012,CENTRE D'ACCUEIL DIXVILLE INC.,6,2,0.0
2011-2012,CENTRE D'ACCUEIL DIXVILLE INC.,6,3,0.0
2011-2012,CENTRE D'ACCUEIL DIXVILLE INC.,6,4,0.0
2011-2012,CENTRE D'ACCUEIL DIXVILLE INC.,7,1,8.0
2011-2012,CENTRE D'ACCUEIL DIXVILLE INC.,7,3,11.0
2011-2012,CENTRE D'ACCUEIL DIXVILLE INC.,8,1,0.0
2011-2012,CENTRE D'ACCUEIL DIXVILLE INC.,8,2,0.0
2011-2012,CENTRE D'ACCUEIL DIXVILLE INC.,8,3,0.0
2011-2012,CENTRE D'ACCUEIL DIXVILLE INC.,8,4,0.0
2011-2012,CENTRE D'ACCUEIL DIXVILLE INC.,9,1,0.0
2011-2012,CENTRE D'ACCUEIL DIXVILLE INC.,9,2,0.0
2011-2012,CENTRE D'ACCUEIL DIXVILLE INC.,9,3,0.0
2011-2012,CENTRE D'ACCUEIL DIXVILLE INC.,9,4,0.0
2011-2012,CENTRE D'ACCUEIL DIXVILLE INC.,10,1,3.0
2011-2012,CENTRE D'ACCUEIL DIXVILLE INC.,10,2,200.0
2011-2012,CENTRE D'ACCUEIL DIXVILLE INC.,10,3,0.0
2011-2012,CENTRE D'ACCUEIL DIXVILLE INC.,10,4,0.0
2011-2012,CENTRE D'ACCUEIL DIXVILLE INC.,11,1,0.0
2011-2012,CENTRE D'ACCUEIL DIXVILLE INC.,11,2,0.0
2011-2012,CENTRE D'ACCUEIL DIXVILLE INC.,11,3,1.0
2011-2012,CENTRE D'ACCUEIL DIXVILLE INC.,11,4,809.0
2011-2012,CENTRE D'ACCUEIL DIXVILLE INC.,12,1,0.0
2011-2012,CENTRE D'ACCUEIL DIXVILLE INC.,12,2,0.0
2011-2012,CENTRE D'ACCUEIL DIXVILLE INC.,12,3,0.0
2011-2012,CENTRE D'ACCUEIL DIXVILLE INC.,12,4,0.0
2011-2012,CENTRE D'ACCUEIL DIXVILLE INC.,13,1,0.0
2011-2012,CENTRE D'ACCUEIL DIXVILLE INC.,13,2,0.0
2011-2012,CENTRE D'ACCUEIL DIXVILLE INC.,13,3,0.0
2011-2012,CENTRE D'ACCUEIL DIXVILLE INC.,13,4,0.0
2011-2012,CENTRE D'ACCUEIL DIXVILLE INC.,14,1,3.0
2011-2012,CENTRE D'ACCUEIL DIXVILLE INC.,14,3,1.0
2011-2012,CENTRE D'ACCUEIL DIXVILLE INC.,15,1,0.0
2011-2012,CENTRE D'ACCUEIL DIXVILLE INC.,15,2,0.0
2011-2012,CENTRE D'ACCUEIL DIXVILLE INC.,15,3,0.0
2011-2012,CENTRE D'ACCUEIL DIXVILLE INC.,15,4,0.0
2011-2012,CENTRE D'ACCUEIL DIXVILLE INC.,16,1,1.0
2011-2012,CENTRE D'ACCUEIL DIXVILLE INC.,16,2,50.0
2011-2012,CENTRE D'ACCUEIL DIXVILLE INC.,16,3,0.0
2011-2012,CENTRE D'ACCUEIL DIXVILLE INC.,16,4,0.0
2011-2012,CENTRE D'ACCUEIL DIXVILLE INC.,17,1,2.0
2011-2012,CENTRE D'ACCUEIL DIXVILLE INC.,17,2,223.0
2011-2012,CENTRE D'ACCUEIL DIXVILLE INC.,17,3,3.0
2011-2012,CENTRE D'ACCUEIL DIXVILLE INC.,17,4,171.0
2011-2012,CENTRE D'ACCUEIL DIXVILLE INC.,18,1,1.0
2011-2012,CENTRE D'ACCUEIL DIXVILLE INC.,18,2,205.0
2011-2012,CENTRE D'ACCUEIL DIXVILLE INC.,18,3,0.0
2011-2012,CENTRE D'ACCUEIL DIXVILLE INC.,18,4,0.0
2011-2012,CENTRE D'ACCUEIL DIXVILLE INC.,19,1,0.0
2011-2012,CENTRE D'ACCUEIL DIXVILLE INC.,19,2,0.0
2011-2012,CENTRE D'ACCUEIL DIXVILLE INC.,19,3,1.0
2011-2012,CENTRE D'ACCUEIL DIXVILLE INC.,19,4,361.0
2011-2012,CENTRE D'ACCUEIL DIXVILLE INC.,20,1,0.0
2011-2012,CENTRE D'ACCUEIL DIXVILLE INC.,20,2,0.0
2011-2012,CENTRE D'ACCUEIL DIXVILLE INC.,20,3,0.0
2011-2012,CENTRE D'ACCUEIL DIXVILLE INC.,20,4,0.0
2011-2012,CENTRE D'ACCUEIL DIXVILLE INC.,21,1,4.0
2011-2012,CENTRE D'ACCUEIL DIXVILLE INC.,21,3,4.0
2011-2012,CENTRE D'ACCUEIL DIXVILLE INC.,22,1,2.0
2011-2012,CENTRE D'ACCUEIL DIXVILLE INC.,22,2,15.0
2011-2012,CENTRE D'ACCUEIL DIXVILLE INC.,22,3,4.0
2011-2012,CENTRE D'ACCUEIL DIXVILLE INC.,22,4,21.0
2011-2012,CENTRE D'ACCUEIL DIXVILLE INC.,23,1,43.0
2011-2012,CENTRE D'ACCUEIL DIXVILLE INC.,23,2,552.0
2011-2012,CENTRE D'ACCUEIL DIXVILLE INC.,23,3,35.0
2011-2012,CENTRE D'ACCUEIL DIXVILLE INC.,23,4,507.0
2011-2012,CENTRE D'ACCUEIL DIXVILLE INC.,24,1,2.0
2011-2012,CENTRE D'ACCUEIL DIXVILLE INC.,24,2,694.0
2011-2012,CENTRE D'ACCUEIL DIXVILLE INC.,24,3,7.0
2011-2012,CENTRE D'ACCUEIL DIXVILLE INC.,24,4,168.0
2011-2012,CENTRE D'ACCUEIL DIXVILLE INC.,25,1,2.0
2011-2012,CENTRE D'ACCUEIL DIXVILLE INC.,25,2,76.0
2011-2012,CENTRE D'ACCUEIL DIXVILLE INC.,25,3,3.0
2011-2012,CENTRE D'ACCUEIL DIXVILLE INC.,25,4,169.0
2011-2012,CENTRE D'ACCUEIL DIXVILLE INC.,26,1,0.0
2011-2012,CENTRE D'ACCUEIL DIXVILLE INC.,26,2,0.0
2011-2012,CENTRE D'ACCUEIL DIXVILLE INC.,26,3,0.0
2011-2012,CENTRE D'ACCUEIL DIXVILLE INC.,26,4,0.0
2011-2012,CENTRE D'ACCUEIL DIXVILLE INC.,27,1,0.0
2011-2012,CENTRE D'ACCUEIL DIXVILLE INC.,27,2,0.0
2011-2012,CENTRE D'ACCUEIL DIXVILLE INC.,27,3,0.0
2011-2012,CENTRE D'ACCUEIL DIXVILLE INC.,27,4,0.0
2011-2012,CENTRE D'ACCUEIL DIXVILLE INC.,28,1,49.0
2011-2012,CENTRE D'ACCUEIL DIXVILLE INC.,28,3,49.0
2011-2012,CENTRE DE PROTECTION ET DE READAPTATION DE LA COTE-NORD,2,1,1.0
2011-2012,CENTRE DE PROTECTION ET DE READAPTATION DE LA COTE-NORD,2,2,377.0
2011-2012,CENTRE DE PROTECTION ET DE READAPTATION DE LA COTE-NORD,3,3,1.0
2011-2012,CENTRE DE PROTECTION ET DE READAPTATION DE LA COTE-NORD,3,4,101.0
2011-2012,CENTRE DE PROTECTION ET DE READAPTATION DE LA COTE-NORD,4,1,1.0
2011-2012,CENTRE DE PROTECTION ET DE READAPTATION DE LA COTE-NORD,4,2,199.0
2011-2012,CENTRE DE PROTECTION ET DE READAPTATION DE LA COTE-NORD,4,3,1.0
2011-2012,CENTRE DE PROTECTION ET DE READAPTATION DE LA COTE-NORD,4,4,565.0
2011-2012,CENTRE DE PROTECTION ET DE READAPTATION DE LA COTE-NORD,7,1,2.0
2011-2012,CENTRE DE PROTECTION ET DE READAPTATION DE LA COTE-NORD,7,3,2.0
2011-2012,CENTRE DE PROTECTION ET DE READAPTATION DE LA COTE-NORD,22,1,2.0
2011-2012,CENTRE DE PROTECTION ET DE READAPTATION DE LA COTE-NORD,22,2,16.0
2011-2012,CENTRE DE PROTECTION ET DE READAPTATION DE LA COTE-NORD,22,3,2.0
2011-2012,CENTRE DE PROTECTION ET DE READAPTATION DE LA COTE-NORD,22,4,56.0
2011-2012,CENTRE DE PROTECTION ET DE READAPTATION DE LA COTE-NORD,23,1,8.0
2011-2012,CENTRE DE PROTECTION ET DE READAPTATION DE LA COTE-NORD,23,2,111.0
2011-2012,CENTRE DE PROTECTION ET DE READAPTATION DE LA COTE-NORD,23,3,3.0
2011-2012,CENTRE DE PROTECTION ET DE READAPTATION DE LA COTE-NORD,23,4,166.0
2011-2012,CENTRE DE PROTECTION ET DE READAPTATION DE LA COTE-NORD,25,1,1.0
2011-2012,CENTRE DE PROTECTION ET DE READAPTATION DE LA COTE-NORD,25,2,17.0
2011-2012,CENTRE DE PROTECTION ET DE READAPTATION DE LA COTE-NORD,25,3,1.0
2011-2012,CENTRE DE PROTECTION ET DE READAPTATION DE LA COTE-NORD,25,4,4.0
2011-2012,CENTRE DE PROTECTION ET DE READAPTATION DE LA COTE-NORD,28,1,11.0
2011-2012,CENTRE DE PROTECTION ET DE READAPTATION DE LA COTE-NORD,28,3,6.0
2011-2012,CENTRE DE READAPTATION DE L'OUEST DE MONTREAL,1,1,8.0
2011-2012,CENTRE DE READAPTATION DE L'OUEST DE MONTREAL,1,2,223.0
2011-2012,CENTRE DE READAPTATION DE L'OUEST DE MONTREAL,1,3,7.0
2011-2012,CENTRE DE READAPTATION DE L'OUEST DE MONTREAL,1,4,387.0
2011-2012,CENTRE DE READAPTATION DE L'OUEST DE MONTREAL,2,1,69.0
2011-2012,CENTRE DE READAPTATION DE L'OUEST DE MONTREAL,2,2,1081.0
2011-2012,CENTRE DE READAPTATION DE L'OUEST DE MONTREAL,2,3,44.0
2011-2012,CENTRE DE READAPTATION DE L'OUEST DE MONTREAL,2,4,943.0
2011-2012,CENTRE DE READAPTATION DE L'OUEST DE MONTREAL,3,1,8.0
2011-2012,CENTRE DE READAPTATION DE L'OUEST DE MONTREAL,3,2,1270.0
2011-2012,CENTRE DE READAPTATION DE L'OUEST DE MONTREAL,3,3,17.0
2011-2012,CENTRE DE READAPTATION DE L'OUEST DE MONTREAL,3,4,1507.0
2011-2012,CENTRE DE READAPTATION DE L'OUEST DE MONTREAL,4,1,12.0
2011-2012,CENTRE DE READAPTATION DE L'OUEST DE MONTREAL,4,2,1539.0
2011-2012,CENTRE DE READAPTATION DE L'OUEST DE MONTREAL,4,3,13.0
2011-2012,CENTRE DE READAPTATION DE L'OUEST DE MONTREAL,4,4,1402.0
2011-2012,CENTRE DE READAPTATION DE L'OUEST DE MONTREAL,5,1,0.0
2011-2012,CENTRE DE READAPTATION DE L'OUEST DE MONTREAL,5,2,0.0
2011-2012,CENTRE DE READAPTATION DE L'OUEST DE MONTREAL,5,3,2.0
2011-2012,CENTRE DE READAPTATION DE L'OUEST DE MONTREAL,5,4,1320.0
2011-2012,CENTRE DE READAPTATION DE L'OUEST DE MONTREAL,6,1,0.0
2011-2012,CENTRE DE READAPTATION DE L'OUEST DE MONTREAL,6,2,0.0
2011-2012,CENTRE DE READAPTATION DE L'OUEST DE MONTREAL,6,3,0.0
2011-2012,CENTRE DE READAPTATION DE L'OUEST DE MONTREAL,6,4,0.0
2011-2012,CENTRE DE READAPTATION DE L'OUEST DE MONTREAL,7,1,97.0
2011-2012,CENTRE DE READAPTATION DE L'OUEST DE MONTREAL,7,3,83.0
2011-2012,CENTRE DE READAPTATION DE L'OUEST DE MONTREAL,8,1,0.0
2011-2012,CENTRE DE READAPTATION DE L'OUEST DE MONTREAL,8,2,0.0
2011-2012,CENTRE DE READAPTATION DE L'OUEST DE MONTREAL,8,3,0.0
2011-2012,CENTRE DE READAPTATION DE L'OUEST DE MONTREAL,8,4,0.0
2011-2012,CENTRE DE READAPTATION DE L'OUEST DE MONTREAL,9,1,1.0
2011-2012,CENTRE DE READAPTATION DE L'OUEST DE MONTREAL,9,2,65.0
2011-2012,CENTRE DE READAPTATION DE L'OUEST DE MONTREAL,9,3,0.0
2011-2012,CENTRE DE READAPTATION DE L'OUEST DE MONTREAL,9,4,0.0
2011-2012,CENTRE DE READAPTATION DE L'OUEST DE MONTREAL,10,1,7.0
2011-2012,CENTRE DE READAPTATION DE L'OUEST DE MONTREAL,10,2,278.0
2011-2012,CENTRE DE READAPTATION DE L'OUEST DE MONTREAL,10,3,8.0
2011-2012,CENTRE DE READAPTATION DE L'OUEST DE MONTREAL,10,4,425.0
2011-2012,CENTRE DE READAPTATION DE L'OUEST DE MONTREAL,11,1,1.0
2011-2012,CENTRE DE READAPTATION DE L'OUEST DE MONTREAL,11,2,651.0
2011-2012,CENTRE DE READAPTATION DE L'OUEST DE MONTREAL,11,3,2.0
2011-2012,CENTRE DE READAPTATION DE L'OUEST DE MONTREAL,11,4,545.0
2011-2012,CENTRE DE READAPTATION DE L'OUEST DE MONTREAL,12,1,0.0
2011-2012,CENTRE DE READAPTATION DE L'OUEST DE MONTREAL,12,2,0.0
2011-2012,CENTRE DE READAPTATION DE L'OUEST DE MONTREAL,12,3,0.0
2011-2012,CENTRE DE READAPTATION DE L'OUEST DE MONTREAL,12,4,0.0
2011-2012,CENTRE DE READAPTATION DE L'OUEST DE MONTREAL,13,1,0.0
2011-2012,CENTRE DE READAPTATION DE L'OUEST DE MONTREAL,13,2,0.0
2011-2012,CENTRE DE READAPTATION DE L'OUEST DE MONTREAL,13,3,0.0
2011-2012,CENTRE DE READAPTATION DE L'OUEST DE MONTREAL,13,4,0.0
2011-2012,CENTRE DE READAPTATION DE L'OUEST DE MONTREAL,14,1,9.0
2011-2012,CENTRE DE READAPTATION DE L'OUEST DE MONTREAL,14,3,10.0
2011-2012,CENTRE DE READAPTATION DE L'OUEST DE MONTREAL,15,1,0.0
2011-2012,CENTRE DE READAPTATION DE L'OUEST DE MONTREAL,15,2,0.0
2011-2012,CENTRE DE READAPTATION DE L'OUEST DE MONTREAL,15,3,0.0
2011-2012,CENTRE DE READAPTATION DE L'OUEST DE MONTREAL,15,4,0.0
2011-2012,CENTRE DE READAPTATION DE L'OUEST DE MONTREAL,16,1,1.0
2011-2012,CENTRE DE READAPTATION DE L'OUEST DE MONTREAL,16,2,132.0
2011-2012,CENTRE DE READAPTATION DE L'OUEST DE MONTREAL,16,3,0.0
2011-2012,CENTRE DE READAPTATION DE L'OUEST DE MONTREAL,16,4,0.0
2011-2012,CENTRE DE READAPTATION DE L'OUEST DE MONTREAL,17,1,6.0
2011-2012,CENTRE DE READAPTATION DE L'OUEST DE MONTREAL,17,2,241.0
2011-2012,CENTRE DE READAPTATION DE L'OUEST DE MONTREAL,17,3,9.0
2011-2012,CENTRE DE READAPTATION DE L'OUEST DE MONTREAL,17,4,342.0
2011-2012,CENTRE DE READAPTATION DE L'OUEST DE MONTREAL,18,1,3.0
2011-2012,CENTRE DE READAPTATION DE L'OUEST DE MONTREAL,18,2,183.0
2011-2012,CENTRE DE READAPTATION DE L'OUEST DE MONTREAL,18,3,4.0
2011-2012,CENTRE DE READAPTATION DE L'OUEST DE MONTREAL,18,4,446.0
2011-2012,CENTRE DE READAPTATION DE L'OUEST DE MONTREAL,19,1,0.0
2011-2012,CENTRE DE READAPTATION DE L'OUEST DE MONTREAL,19,2,0.0
2011-2012,CENTRE DE READAPTATION DE L'OUEST DE MONTREAL,19,3,0.0
2011-2012,CENTRE DE READAPTATION DE L'OUEST DE MONTREAL,19,4,0.0
2011-2012,CENTRE DE READAPTATION DE L'OUEST DE MONTREAL,20,1,0.0
2011-2012,CENTRE DE READAPTATION DE L'OUEST DE MONTREAL,20,2,0.0
2011-2012,CENTRE DE READAPTATION DE L'OUEST DE MONTREAL,20,3,0.0
2011-2012,CENTRE DE READAPTATION DE L'OUEST DE MONTREAL,20,4,0.0
2011-2012,CENTRE DE READAPTATION DE L'OUEST DE MONTREAL,21,1,10.0
2011-2012,CENTRE DE READAPTATION DE L'OUEST DE MONTREAL,21,3,13.0
2011-2012,CENTRE DE READAPTATION DE L'OUEST DE MONTREAL,22,1,80.0
2011-2012,CENTRE DE READAPTATION DE L'OUEST DE MONTREAL,22,2,376.0
2011-2012,CENTRE DE READAPTATION DE L'OUEST DE MONTREAL,22,3,90.0
2011-2012,CENTRE DE READAPTATION DE L'OUEST DE MONTREAL,22,4,370.0
2011-2012,CENTRE DE READAPTATION DE L'OUEST DE MONTREAL,23,1,317.0
2011-2012,CENTRE DE READAPTATION DE L'OUEST DE MONTREAL,23,2,1366.0
2011-2012,CENTRE DE READAPTATION DE L'OUEST DE MONTREAL,23,3,349.0
2011-2012,CENTRE DE READAPTATION DE L'OUEST DE MONTREAL,23,4,1480.0
2011-2012,CENTRE DE READAPTATION DE L'OUEST DE MONTREAL,24,1,16.0
2011-2012,CENTRE DE READAPTATION DE L'OUEST DE MONTREAL,24,2,1014.0
2011-2012,CENTRE DE READAPTATION DE L'OUEST DE MONTREAL,24,3,39.0
2011-2012,CENTRE DE READAPTATION DE L'OUEST DE MONTREAL,24,4,1897.0
2011-2012,CENTRE DE READAPTATION DE L'OUEST DE MONTREAL,25,1,5.0
2011-2012,CENTRE DE READAPTATION DE L'OUEST DE MONTREAL,25,2,853.0
2011-2012,CENTRE DE READAPTATION DE L'OUEST DE MONTREAL,25,3,6.0
2011-2012,CENTRE DE READAPTATION DE L'OUEST DE MONTREAL,25,4,698.0
2011-2012,CENTRE DE READAPTATION DE L'OUEST DE MONTREAL,26,1,0.0
2011-2012,CENTRE DE READAPTATION DE L'OUEST DE MONTREAL,26,2,0.0
2011-2012,CENTRE DE READAPTATION DE L'OUEST DE MONTREAL,26,3,1.0
2011-2012,CENTRE DE READAPTATION DE L'OUEST DE MONTREAL,26,4,364.0
2011-2012,CENTRE DE READAPTATION DE L'OUEST DE MONTREAL,27,1,0.0
2011-2012,CENTRE DE READAPTATION DE L'OUEST DE MONTREAL,27,2,0.0
2011-2012,CENTRE DE READAPTATION DE L'OUEST DE MONTREAL,27,3,0.0
2011-2012,CENTRE DE READAPTATION DE L'OUEST DE MONTREAL,27,4,0.0
2011-2012,CENTRE DE READAPTATION DE L'OUEST DE MONTREAL,28,1,418.0
2011-2012,CENTRE DE READAPTATION DE L'OUEST DE MONTREAL,28,3,485.0
2011-2012,CENTRE DE READAPTATION LA MAISON,22,1,1.0
2011-2012,CENTRE DE READAPTATION LA MAISON,22,2,37.0
2011-2012,CENTRE DE READAPTATION LA MAISON,22,3,4.0
2011-2012,CENTRE DE READAPTATION LA MAISON,22,4,52.0
2011-2012,CENTRE DE READAPTATION LA MAISON,23,1,5.0
2011-2012,CENTRE DE READAPTATION LA MAISON,23,2,71.0
2011-2012,CENTRE DE READAPTATION LA MAISON,23,3,4.0
2011-2012,CENTRE DE READAPTATION LA MAISON,23,4,52.0
2011-2012,CENTRE DE READAPTATION LA MAISON,24,1,2.0
2011-2012,CENTRE DE READAPTATION LA MAISON,24,2,123.0
2011-2012,CENTRE DE READAPTATION LA MAISON,24,3,1.0
2011-2012,CENTRE DE READAPTATION LA MAISON,24,4,79.0
2011-2012,CENTRE DE READAPTATION LA MAISON,28,1,8.0
2011-2012,CENTRE DE READAPTATION LA MAISON,28,3,9.0
2011-2012,CENTRE DE READAPTATION LA MYRIADE,22,1,6.0
2011-2012,CENTRE DE READAPTATION LA MYRIADE,22,2,136.0
2011-2012,CENTRE DE READAPTATION LA MYRIADE,22,3,41.0
2011-2012,CENTRE DE READAPTATION LA MYRIADE,22,4,116.0
2011-2012,CENTRE DE READAPTATION LA MYRIADE,23,1,22.0
2011-2012,CENTRE DE READAPTATION LA MYRIADE,23,2,399.0
2011-2012,CENTRE DE READAPTATION LA MYRIADE,23,3,36.0
2011-2012,CENTRE DE READAPTATION LA MYRIADE,23,4,121.0
2011-2012,CENTRE DE READAPTATION LA MYRIADE,28,1,28.0
2011-2012,CENTRE DE READAPTATION LA MYRIADE,28,3,77.0
2011-2012,CENTRE DU FLORES,2,1,11.0
2011-2012,CENTRE DU FLORES,2,2,442.0
2011-2012,CENTRE DU FLORES,2,3,8.0
2011-2012,CENTRE DU FLORES,2,4,644.0
2011-2012,CENTRE DU FLORES,3,1,3.0
2011-2012,CENTRE DU FLORES,3,2,653.0
2011-2012,CENTRE DU FLORES,3,3,2.0
2011-2012,CENTRE DU FLORES,3,4,1269.0
2011-2012,CENTRE DU FLORES,4,1,4.0
2011-2012,CENTRE DU FLORES,4,2,476.0
2011-2012,CENTRE DU FLORES,4,3,6.0
2011-2012,CENTRE DU FLORES,4,4,728.0
2011-2012,CENTRE DU FLORES,7,1,18.0
2011-2012,CENTRE DU FLORES,7,3,16.0
2011-2012,CENTRE DU FLORES,9,1,2.0
2011-2012,CENTRE DU FLORES,9,2,128.0
2011-2012,CENTRE DU FLORES,9,3,1.0
2011-2012,CENTRE DU FLORES,9,4,390.0
2011-2012,CENTRE DU FLORES,10,1,1.0
2011-2012,CENTRE DU FLORES,10,2,391.0
2011-2012,CENTRE DU FLORES,10,3,1.0
2011-2012,CENTRE DU FLORES,10,4,597.0
2011-2012,CENTRE DU FLORES,11,1,1.0
2011-2012,CENTRE DU FLORES,11,2,1155.0
2011-2012,CENTRE DU FLORES,11,3,4.0
2011-2012,CENTRE DU FLORES,11,4,561.0
2011-2012,CENTRE DU FLORES,14,1,4.0
2011-2012,CENTRE DU FLORES,14,3,6.0
2011-2012,CENTRE DU FLORES,16,1,1.0
2011-2012,CENTRE DU FLORES,16,2,9.0
2011-2012,CENTRE DU FLORES,16,3,1.0
2011-2012,CENTRE DU FLORES,16,4,67.0
2011-2012,CENTRE DU FLORES,17,1,6.0
2011-2012,CENTRE DU FLORES,17,2,370.0
2011-2012,CENTRE DU FLORES,17,3,4.0
2011-2012,CENTRE DU FLORES,17,4,684.0
2011-2012,CENTRE DU FLORES,18,1,6.0
2011-2012,CENTRE DU FLORES,18,2,1321.0
2011-2012,CENTRE DU FLORES,18,3,7.0
2011-2012,CENTRE DU FLORES,18,4,1134.0
2011-2012,CENTRE DU FLORES,21,1,13.0
2011-2012,CENTRE DU FLORES,21,3,12.0
2011-2012,CENTRE DU FLORES,22,1,12.0
2011-2012,CENTRE DU FLORES,22,2,41.0
2011-2012,CENTRE DU FLORES,22,3,15.0
2011-2012,CENTRE DU FLORES,22,4,76.0
2011-2012,CENTRE DU FLORES,23,1,32.0
2011-2012,CENTRE DU FLORES,23,2,288.0
2011-2012,CENTRE DU FLORES,23,3,30.0
2011-2012,CENTRE DU FLORES,23,4,143.0
2011-2012,CENTRE DU FLORES,24,1,2.0
2011-2012,CENTRE DU FLORES,24,2,202.0
2011-2012,CENTRE DU FLORES,25,1,2.0
2011-2012,CENTRE DU FLORES,25,2,456.0
2011-2012,CENTRE DU FLORES,25,3,4.0
2011-2012,CENTRE DU FLORES,25,4,563.0
2011-2012,CENTRE DU FLORES,28,1,48.0
2011-2012,CENTRE DU FLORES,28,3,49.0
2011-2012,CENTRE MIRIAM,1,1,1.0
2011-2012,CENTRE MIRIAM,1,2,100.0
2011-2012,CENTRE MIRIAM,1,3,1.0
2011-2012,CENTRE MIRIAM,1,4,39.0
2011-2012,CENTRE MIRIAM,2,1,16.0
2011-2012,CENTRE MIRIAM,2,2,429.0
2011-2012,CENTRE MIRIAM,2,3,14.0
2011-2012,CENTRE MIRIAM,2,4,471.0
2011-2012,CENTRE MIRIAM,3,1,2.0
2011-2012,CENTRE MIRIAM,3,2,289.0
2011-2012,CENTRE MIRIAM,3,3,3.0
2011-2012,CENTRE MIRIAM,3,4,547.0
2011-2012,CENTRE MIRIAM,4,1,6.0
2011-2012,CENTRE MIRIAM,4,2,1734.0
2011-2012,CENTRE MIRIAM,4,3,5.0
2011-2012,CENTRE MIRIAM,4,4,2036.0
2011-2012,CENTRE MIRIAM,5,1,1.0
2011-2012,CENTRE MIRIAM,5,2,195.0
2011-2012,CENTRE MIRIAM,5,3,1.0
2011-2012,CENTRE MIRIAM,5,4,561.0
2011-2012,CENTRE MIRIAM,6,1,0.0
2011-2012,CENTRE MIRIAM,6,2,0.0
2011-2012,CENTRE MIRIAM,6,3,0.0
2011-2012,CENTRE MIRIAM,6,4,0.0
2011-2012,CENTRE MIRIAM,7,1,26.0
2011-2012,CENTRE MIRIAM,7,3,24.0
2011-2012,CENTRE MIRIAM,8,1,0.0
2011-2012,CENTRE MIRIAM,8,2,0.0
2011-2012,CENTRE MIRIAM,8,3,0.0
2011-2012,CENTRE MIRIAM,8,4,0.0
2011-2012,CENTRE MIRIAM,9,1,0.0
2011-2012,CENTRE MIRIAM,9,2,0.0
2011-2012,CENTRE MIRIAM,9,3,0.0
2011-2012,CENTRE MIRIAM,9,4,0.0
2011-2012,CENTRE MIRIAM,10,1,1.0
2011-2012,CENTRE MIRIAM,10,2,430.0
2011-2012,CENTRE MIRIAM,10,3,2.0
2011-2012,CENTRE MIRIAM,10,4,183.0
2011-2012,CENTRE MIRIAM,11,1,3.0
2011-2012,CENTRE MIRIAM,11,2,83.0
2011-2012,CENTRE MIRIAM,11,3,0.0
2011-2012,CENTRE MIRIAM,11,4,0.0
2011-2012,CENTRE MIRIAM,12,1,1.0
2011-2012,CENTRE MIRIAM,12,2,52.0
2011-2012,CENTRE MIRIAM,12,3,2.0
2011-2012,CENTRE MIRIAM,12,4,261.0
2011-2012,CENTRE MIRIAM,13,1,0.0
2011-2012,CENTRE MIRIAM,13,2,0.0
2011-2012,CENTRE MIRIAM,13,3,0.0
2011-2012,CENTRE MIRIAM,13,4,0.0
2011-2012,CENTRE MIRIAM,14,1,5.0
2011-2012,CENTRE MIRIAM,14,3,4.0
2011-2012,CENTRE MIRIAM,15,1,0.0
2011-2012,CENTRE MIRIAM,15,2,0.0
2011-2012,CENTRE MIRIAM,15,3,0.0
2011-2012,CENTRE MIRIAM,15,4,0.0
2011-2012,CENTRE MIRIAM,16,1,0.0
2011-2012,CENTRE MIRIAM,16,2,0.0
2011-2012,CENTRE MIRIAM,16,3,0.0
2011-2012,CENTRE MIRIAM,16,4,0.0
2011-2012,CENTRE MIRIAM,17,1,0.0
2011-2012,CENTRE MIRIAM,17,2,0.0
2011-2012,CENTRE MIRIAM,17,3,0.0
2011-2012,CENTRE MIRIAM,17,4,0.0
2011-2012,CENTRE MIRIAM,18,1,1.0
2011-2012,CENTRE MIRIAM,18,2,71.0
2011-2012,CENTRE MIRIAM,18,3,0.0
2011-2012,CENTRE MIRIAM,18,4,0.0
2011-2012,CENTRE MIRIAM,19,1,0.0
2011-2012,CENTRE MIRIAM,19,2,0.0
2011-2012,CENTRE MIRIAM,19,3,0.0
2011-2012,CENTRE MIRIAM,19,4,0.0
2011-2012,CENTRE MIRIAM,20,1,0.0
2011-2012,CENTRE MIRIAM,20,2,0.0
2011-2012,CENTRE MIRIAM,20,3,0.0
2011-2012,CENTRE MIRIAM,20,4,0.0
2011-2012,CENTRE MIRIAM,21,1,1.0
2011-2012,CENTRE MIRIAM,21,3,0.0
2011-2012,CENTRE MIRIAM,22,1,40.0
2011-2012,CENTRE MIRIAM,22,2,260.0
2011-2012,CENTRE MIRIAM,22,3,62.0
2011-2012,CENTRE MIRIAM,22,4,271.0
2011-2012,CENTRE MIRIAM,23,1,16.0
2011-2012,CENTRE MIRIAM,23,2,280.0
2011-2012,CENTRE MIRIAM,23,3,20.0
2011-2012,CENTRE MIRIAM,23,4,394.0
2011-2012,CENTRE MIRIAM,24,1,1.0
2011-2012,CENTRE MIRIAM,24,2,364.0
2011-2012,CENTRE MIRIAM,24,3,1.0
2011-2012,CENTRE MIRIAM,24,4,71.0
2011-2012,CENTRE MIRIAM,25,1,3.0
2011-2012,CENTRE MIRIAM,25,2,173.0
2011-2012,CENTRE MIRIAM,25,3,5.0
2011-2012,CENTRE MIRIAM,25,4,287.0
2011-2012,CENTRE MIRIAM,26,1,2.0
2011-2012,CENTRE MIRIAM,26,2,280.0
2011-2012,CENTRE MIRIAM,26,3,1.0
2011-2012,CENTRE MIRIAM,26,4,561.0
2011-2012,CENTRE MIRIAM,27,1,0.0
2011-2012,CENTRE MIRIAM,27,2,0.0
2011-2012,CENTRE MIRIAM,27,3,0.0
2011-2012,CENTRE MIRIAM,27,4,0.0
2011-2012,CENTRE MIRIAM,28,1,62.0
2011-2012,CENTRE MIRIAM,28,3,89.0
2011-2012,CR EN DEFICIENCE INTELLECTUELLE DE QUEBEC,1,1,1.0
2011-2012,CR EN DEFICIENCE INTELLECTUELLE DE QUEBEC,1,2,295.0
2011-2012,CR EN DEFICIENCE INTELLECTUELLE DE QUEBEC,1,3,1.0
2011-2012,CR EN DEFICIENCE INTELLECTUELLE DE QUEBEC,1,4,149.0
2011-2012,CR EN DEFICIENCE INTELLECTUELLE DE QUEBEC,2,1,10.0
2011-2012,CR EN DEFICIENCE INTELLECTUELLE DE QUEBEC,2,2,406.0
2011-2012,CR EN DEFICIENCE INTELLECTUELLE DE QUEBEC,2,3,6.0
2011-2012,CR EN DEFICIENCE INTELLECTUELLE DE QUEBEC,2,4,623.0
2011-2012,CR EN DEFICIENCE INTELLECTUELLE DE QUEBEC,3,1,2.0
2011-2012,CR EN DEFICIENCE INTELLECTUELLE DE QUEBEC,3,2,668.0
2011-2012,CR EN DEFICIENCE INTELLECTUELLE DE QUEBEC,3,3,4.0
2011-2012,CR EN DEFICIENCE INTELLECTUELLE DE QUEBEC,3,4,247.0
2011-2012,CR EN DEFICIENCE INTELLECTUELLE DE QUEBEC,4,1,3.0
2011-2012,CR EN DEFICIENCE INTELLECTUELLE DE QUEBEC,4,2,459.0
2011-2012,CR EN DEFICIENCE INTELLECTUELLE DE QUEBEC,4,3,4.0
2011-2012,CR EN DEFICIENCE INTELLECTUELLE DE QUEBEC,4,4,463.0
2011-2012,CR EN DEFICIENCE INTELLECTUELLE DE QUEBEC,7,1,16.0
2011-2012,CR EN DEFICIENCE INTELLECTUELLE DE QUEBEC,7,3,15.0
2011-2012,CR EN DEFICIENCE INTELLECTUELLE DE QUEBEC,10,1,1.0
2011-2012,CR EN DEFICIENCE INTELLECTUELLE DE QUEBEC,10,2,135.0
2011-2012,CR EN DEFICIENCE INTELLECTUELLE DE QUEBEC,10,3,2.0
2011-2012,CR EN DEFICIENCE INTELLECTUELLE DE QUEBEC,10,4,53.0
2011-2012,CR EN DEFICIENCE INTELLECTUELLE DE QUEBEC,11,1,2.0
2011-2012,CR EN DEFICIENCE INTELLECTUELLE DE QUEBEC,11,2,786.0
2011-2012,CR EN DEFICIENCE INTELLECTUELLE DE QUEBEC,12,1,1.0
2011-2012,CR EN DEFICIENCE INTELLECTUELLE DE QUEBEC,12,2,345.0
2011-2012,CR EN DEFICIENCE INTELLECTUELLE DE QUEBEC,12,3,1.0
2011-2012,CR EN DEFICIENCE INTELLECTUELLE DE QUEBEC,12,4,711.0
2011-2012,CR EN DEFICIENCE INTELLECTUELLE DE QUEBEC,14,1,4.0
2011-2012,CR EN DEFICIENCE INTELLECTUELLE DE QUEBEC,14,3,3.0
2011-2012,CR EN DEFICIENCE INTELLECTUELLE DE QUEBEC,16,1,1.0
2011-2012,CR EN DEFICIENCE INTELLECTUELLE DE QUEBEC,16,2,7.0
2011-2012,CR EN DEFICIENCE INTELLECTUELLE DE QUEBEC,17,1,7.0
2011-2012,CR EN DEFICIENCE INTELLECTUELLE DE QUEBEC,17,2,29.0
2011-2012,CR EN DEFICIENCE INTELLECTUELLE DE QUEBEC,17,3,6.0
2011-2012,CR EN DEFICIENCE INTELLECTUELLE DE QUEBEC,17,4,189.0
2011-2012,CR EN DEFICIENCE INTELLECTUELLE DE QUEBEC,18,1,9.0
2011-2012,CR EN DEFICIENCE INTELLECTUELLE DE QUEBEC,18,2,279.0
2011-2012,CR EN DEFICIENCE INTELLECTUELLE DE QUEBEC,18,3,7.0
2011-2012,CR EN DEFICIENCE INTELLECTUELLE DE QUEBEC,18,4,454.0
2011-2012,CR EN DEFICIENCE INTELLECTUELLE DE QUEBEC,21,1,17.0
2011-2012,CR EN DEFICIENCE INTELLECTUELLE DE QUEBEC,21,3,13.0
2011-2012,CR EN DEFICIENCE INTELLECTUELLE DE QUEBEC,22,1,4.0
2011-2012,CR EN DEFICIENCE INTELLECTUELLE DE QUEBEC,22,2,4.0
2011-2012,CR EN DEFICIENCE INTELLECTUELLE DE QUEBEC,22,3,4.0
2011-2012,CR EN DEFICIENCE INTELLECTUELLE DE QUEBEC,22,4,16.0
2011-2012,CR EN DEFICIENCE INTELLECTUELLE DE QUEBEC,23,1,45.0
2011-2012,CR EN DEFICIENCE INTELLECTUELLE DE QUEBEC,23,2,107.0
2011-2012,CR EN DEFICIENCE INTELLECTUELLE DE QUEBEC,23,3,39.0
2011-2012,CR EN DEFICIENCE INTELLECTUELLE DE QUEBEC,23,4,145.0
2011-2012,CR EN DEFICIENCE INTELLECTUELLE DE QUEBEC,24,1,5.0
2011-2012,CR EN DEFICIENCE INTELLECTUELLE DE QUEBEC,24,2,114.0
2011-2012,CR EN DEFICIENCE INTELLECTUELLE DE QUEBEC,24,3,3.0
2011-2012,CR EN DEFICIENCE INTELLECTUELLE DE QUEBEC,24,4,110.0
2011-2012,CR EN DEFICIENCE INTELLECTUELLE DE QUEBEC,25,1,2.0
2011-2012,CR EN DEFICIENCE INTELLECTUELLE DE QUEBEC,25,2,105.0
2011-2012,CR EN DEFICIENCE INTELLECTUELLE DE QUEBEC,25,3,4.0
2011-2012,CR EN DEFICIENCE INTELLECTUELLE DE QUEBEC,25,4,120.0
2011-2012,CR EN DEFICIENCE INTELLECTUELLE DE QUEBEC,26,1,1.0
2011-2012,CR EN DEFICIENCE INTELLECTUELLE DE QUEBEC,26,2,45.0
2011-2012,CR EN DEFICIENCE INTELLECTUELLE DE QUEBEC,28,1,57.0
2011-2012,CR EN DEFICIENCE INTELLECTUELLE DE QUEBEC,28,3,50.0
2011-2012,CRDITED DE CHAUDIERE-APPALACHES,1,3,1.0
2011-2012,CRDITED DE CHAUDIERE-APPALACHES,1,4,218.0
2011-2012,CRDITED DE CHAUDIERE-APPALACHES,2,1,3.0
2011-2012,CRDITED DE CHAUDIERE-APPALACHES,2,2,356.0
2011-2012,CRDITED DE CHAUDIERE-APPALACHES,2,3,6.0
2011-2012,CRDITED DE CHAUDIERE-APPALACHES,2,4,210.0
2011-2012,CRDITED DE CHAUDIERE-APPALACHES,3,3,1.0
2011-2012,CRDITED DE CHAUDIERE-APPALACHES,3,4,152.0
2011-2012,CRDITED DE CHAUDIERE-APPALACHES,4,1,1.0
2011-2012,CRDITED DE CHAUDIERE-APPALACHES,4,2,121.0
2011-2012,CRDITED DE CHAUDIERE-APPALACHES,4,3,4.0
2011-2012,CRDITED DE CHAUDIERE-APPALACHES,4,4,65.0
2011-2012,CRDITED DE CHAUDIERE-APPALACHES,7,1,4.0
2011-2012,CRDITED DE CHAUDIERE-APPALACHES,7,3,12.0
2011-2012,CRDITED DE CHAUDIERE-APPALACHES,10,1,1.0
2011-2012,CRDITED DE CHAUDIERE-APPALACHES,10,2,352.0
2011-2012,CRDITED DE CHAUDIERE-APPALACHES,10,3,2.0
2011-2012,CRDITED DE CHAUDIERE-APPALACHES,10,4,397.0
2011-2012,CRDITED DE CHAUDIERE-APPALACHES,11,1,1.0
2011-2012,CRDITED DE CHAUDIERE-APPALACHES,11,2,195.0
2011-2012,CRDITED DE CHAUDIERE-APPALACHES,11,3,1.0
2011-2012,CRDITED DE CHAUDIERE-APPALACHES,11,4,75.0
2011-2012,CRDITED DE CHAUDIERE-APPALACHES,12,1,1.0
2011-2012,CRDITED DE CHAUDIERE-APPALACHES,12,2,64.0
2011-2012,CRDITED DE CHAUDIERE-APPALACHES,14,1,3.0
2011-2012,CRDITED DE CHAUDIERE-APPALACHES,14,3,3.0
2011-2012,CRDITED DE CHAUDIERE-APPALACHES,16,1,2.0
2011-2012,CRDITED DE CHAUDIERE-APPALACHES,16,2,26.0
2011-2012,CRDITED DE CHAUDIERE-APPALACHES,16,3,4.0
2011-2012,CRDITED DE CHAUDIERE-APPALACHES,16,4,35.0
2011-2012,CRDITED DE CHAUDIERE-APPALACHES,17,3,6.0
2011-2012,CRDITED DE CHAUDIERE-APPALACHES,17,4,273.0
2011-2012,CRDITED DE CHAUDIERE-APPALACHES,18,1,2.0
2011-2012,CRDITED DE CHAUDIERE-APPALACHES,18,2,375.0
2011-2012,CRDITED DE CHAUDIERE-APPALACHES,18,3,1.0
2011-2012,CRDITED DE CHAUDIERE-APPALACHES,18,4,207.0
2011-2012,CRDITED DE CHAUDIERE-APPALACHES,21,1,4.0
2011-2012,CRDITED DE CHAUDIERE-APPALACHES,21,3,11.0
2011-2012,CRDITED DE CHAUDIERE-APPALACHES,22,1,11.0
2011-2012,CRDITED DE CHAUDIERE-APPALACHES,22,2,57.0
2011-2012,CRDITED DE CHAUDIERE-APPALACHES,22,3,5.0
2011-2012,CRDITED DE CHAUDIERE-APPALACHES,22,4,70.0
2011-2012,CRDITED DE CHAUDIERE-APPALACHES,23,1,19.0
2011-2012,CRDITED DE CHAUDIERE-APPALACHES,23,2,118.0
2011-2012,CRDITED DE CHAUDIERE-APPALACHES,23,3,16.0
2011-2012,CRDITED DE CHAUDIERE-APPALACHES,23,4,197.0
2011-2012,CRDITED DE CHAUDIERE-APPALACHES,24,1,2.0
2011-2012,CRDITED DE CHAUDIERE-APPALACHES,24,2,26.0
2011-2012,CRDITED DE CHAUDIERE-APPALACHES,24,3,5.0
2011-2012,CRDITED DE CHAUDIERE-APPALACHES,24,4,32.0
2011-2012,CRDITED DE CHAUDIERE-APPALACHES,25,1,3.0
2011-2012,CRDITED DE CHAUDIERE-APPALACHES,25,2,315.0
2011-2012,CRDITED DE CHAUDIERE-APPALACHES,28,1,35.0
2011-2012,CRDITED DE CHAUDIERE-APPALACHES,28,3,26.0
2011-2012,CRDITED DE LA MAURICIE-ET-DU-CENTRE-DU-QUEBEC - IU,2,1,3.0
2011-2012,CRDITED DE LA MAURICIE-ET-DU-CENTRE-DU-QUEBEC - IU,2,2,1083.0
2011-2012,CRDITED DE LA MAURICIE-ET-DU-CENTRE-DU-QUEBEC - IU,2,3,6.0
2011-2012,CRDITED DE LA MAURICIE-ET-DU-CENTRE-DU-QUEBEC - IU,2,4,797.0
2011-2012,CRDITED DE LA MAURICIE-ET-DU-CENTRE-DU-QUEBEC - IU,3,1,3.0
2011-2012,CRDITED DE LA MAURICIE-ET-DU-CENTRE-DU-QUEBEC - IU,3,2,913.0
2011-2012,CRDITED DE LA MAURICIE-ET-DU-CENTRE-DU-QUEBEC - IU,3,3,2.0
2011-2012,CRDITED DE LA MAURICIE-ET-DU-CENTRE-DU-QUEBEC - IU,3,4,735.0
2011-2012,CRDITED DE LA MAURICIE-ET-DU-CENTRE-DU-QUEBEC - IU,4,1,1.0
2011-2012,CRDITED DE LA MAURICIE-ET-DU-CENTRE-DU-QUEBEC - IU,4,2,1458.0
2011-2012,CRDITED DE LA MAURICIE-ET-DU-CENTRE-DU-QUEBEC - IU,4,3,3.0
2011-2012,CRDITED DE LA MAURICIE-ET-DU-CENTRE-DU-QUEBEC - IU,4,4,1123.0
2011-2012,CRDITED DE LA MAURICIE-ET-DU-CENTRE-DU-QUEBEC - IU,5,3,0.0
2011-2012,CRDITED DE LA MAURICIE-ET-DU-CENTRE-DU-QUEBEC - IU,6,3,0.0
2011-2012,CRDITED DE LA MAURICIE-ET-DU-CENTRE-DU-QUEBEC - IU,7,1,7.0
2011-2012,CRDITED DE LA MAURICIE-ET-DU-CENTRE-DU-QUEBEC - IU,7,3,11.0
2011-2012,CRDITED DE LA MAURICIE-ET-DU-CENTRE-DU-QUEBEC - IU,11,1,2.0
2011-2012,CRDITED DE LA MAURICIE-ET-DU-CENTRE-DU-QUEBEC - IU,11,2,1878.0
2011-2012,CRDITED DE LA MAURICIE-ET-DU-CENTRE-DU-QUEBEC - IU,11,3,5.0
2011-2012,CRDITED DE LA MAURICIE-ET-DU-CENTRE-DU-QUEBEC - IU,11,4,665.0
2011-2012,CRDITED DE LA MAURICIE-ET-DU-CENTRE-DU-QUEBEC - IU,14,1,2.0
2011-2012,CRDITED DE LA MAURICIE-ET-DU-CENTRE-DU-QUEBEC - IU,14,3,5.0
2011-2012,CRDITED DE LA MAURICIE-ET-DU-CENTRE-DU-QUEBEC - IU,15,3,0.0
2011-2012,CRDITED DE LA MAURICIE-ET-DU-CENTRE-DU-QUEBEC - IU,16,3,1.0
2011-2012,CRDITED DE LA MAURICIE-ET-DU-CENTRE-DU-QUEBEC - IU,16,4,106.0
2011-2012,CRDITED DE LA MAURICIE-ET-DU-CENTRE-DU-QUEBEC - IU,17,1,3.0
2011-2012,CRDITED DE LA MAURICIE-ET-DU-CENTRE-DU-QUEBEC - IU,17,2,896.0
2011-2012,CRDITED DE LA MAURICIE-ET-DU-CENTRE-DU-QUEBEC - IU,17,3,5.0
2011-2012,CRDITED DE LA MAURICIE-ET-DU-CENTRE-DU-QUEBEC - IU,17,4,433.0
2011-2012,CRDITED DE LA MAURICIE-ET-DU-CENTRE-DU-QUEBEC - IU,18,1,3.0
2011-2012,CRDITED DE LA MAURICIE-ET-DU-CENTRE-DU-QUEBEC - IU,18,2,597.0
2011-2012,CRDITED DE LA MAURICIE-ET-DU-CENTRE-DU-QUEBEC - IU,18,3,5.0
2011-2012,CRDITED DE LA MAURICIE-ET-DU-CENTRE-DU-QUEBEC - IU,18,4,805.0
2011-2012,CRDITED DE LA MAURICIE-ET-DU-CENTRE-DU-QUEBEC - IU,19,3,0.0
2011-2012,CRDITED DE LA MAURICIE-ET-DU-CENTRE-DU-QUEBEC - IU,20,3,0.0
2011-2012,CRDITED DE LA MAURICIE-ET-DU-CENTRE-DU-QUEBEC - IU,21,1,6.0
2011-2012,CRDITED DE LA MAURICIE-ET-DU-CENTRE-DU-QUEBEC - IU,21,3,11.0
2011-2012,CRDITED DE LA MAURICIE-ET-DU-CENTRE-DU-QUEBEC - IU,22,1,2.0
2011-2012,CRDITED DE LA MAURICIE-ET-DU-CENTRE-DU-QUEBEC - IU,22,2,96.0
2011-2012,CRDITED DE LA MAURICIE-ET-DU-CENTRE-DU-QUEBEC - IU,22,3,12.0
2011-2012,CRDITED DE LA MAURICIE-ET-DU-CENTRE-DU-QUEBEC - IU,22,4,101.0
2011-2012,CRDITED DE LA MAURICIE-ET-DU-CENTRE-DU-QUEBEC - IU,23,1,25.0
2011-2012,CRDITED DE LA MAURICIE-ET-DU-CENTRE-DU-QUEBEC - IU,23,2,139.0
2011-2012,CRDITED DE LA MAURICIE-ET-DU-CENTRE-DU-QUEBEC - IU,23,3,50.0
2011-2012,CRDITED DE LA MAURICIE-ET-DU-CENTRE-DU-QUEBEC - IU,23,4,168.0
2011-2012,CRDITED DE LA MAURICIE-ET-DU-CENTRE-DU-QUEBEC - IU,24,1,4.0
2011-2012,CRDITED DE LA MAURICIE-ET-DU-CENTRE-DU-QUEBEC - IU,24,2,159.0
2011-2012,CRDITED DE LA MAURICIE-ET-DU-CENTRE-DU-QUEBEC - IU,24,3,7.0
2011-2012,CRDITED DE LA MAURICIE-ET-DU-CENTRE-DU-QUEBEC - IU,24,4,212.0
2011-2012,CRDITED DE LA MAURICIE-ET-DU-CENTRE-DU-QUEBEC - IU,25,1,9.0
2011-2012,CRDITED DE LA MAURICIE-ET-DU-CENTRE-DU-QUEBEC - IU,25,2,187.0
2011-2012,CRDITED DE LA MAURICIE-ET-DU-CENTRE-DU-QUEBEC - IU,25,3,24.0
2011-2012,CRDITED DE LA MAURICIE-ET-DU-CENTRE-DU-QUEBEC - IU,25,4,285.0
2011-2012,CRDITED DE LA MAURICIE-ET-DU-CENTRE-DU-QUEBEC - IU,26,1,2.0
2011-2012,CRDITED DE LA MAURICIE-ET-DU-CENTRE-DU-QUEBEC - IU,26,2,56.0
2011-2012,CRDITED DE LA MAURICIE-ET-DU-CENTRE-DU-QUEBEC - IU,26,3,9.0
2011-2012,CRDITED DE LA MAURICIE-ET-DU-CENTRE-DU-QUEBEC - IU,26,4,139.0
2011-2012,CRDITED DE LA MAURICIE-ET-DU-CENTRE-DU-QUEBEC - IU,27,3,3.0
2011-2012,CRDITED DE LA MAURICIE-ET-DU-CENTRE-DU-QUEBEC - IU,27,4,144.0
2011-2012,CRDITED DE LA MAURICIE-ET-DU-CENTRE-DU-QUEBEC - IU,28,1,42.0
2011-2012,CRDITED DE LA MAURICIE-ET-DU-CENTRE-DU-QUEBEC - IU,28,3,105.0
2011-2012,CRDITED DE LA MONTEREGIE-EST,2,1,5.0
2011-2012,CRDITED DE LA MONTEREGIE-EST,2,2,466.0
2011-2012,CRDITED DE LA MONTEREGIE-EST,2,3,8.0
2011-2012,CRDITED DE LA MONTEREGIE-EST,2,4,264.0
2011-2012,CRDITED DE LA MONTEREGIE-EST,3,1,3.0
2011-2012,CRDITED DE LA MONTEREGIE-EST,3,2,1330.0
2011-2012,CRDITED DE LA MONTEREGIE-EST,3,3,2.0
2011-2012,CRDITED DE LA MONTEREGIE-EST,3,4,2271.0
2011-2012,CRDITED DE LA MONTEREGIE-EST,4,1,10.0
2011-2012,CRDITED DE LA MONTEREGIE-EST,4,2,1672.0
2011-2012,CRDITED DE LA MONTEREGIE-EST,4,3,11.0
2011-2012,CRDITED DE LA MONTEREGIE-EST,4,4,1410.0
2011-2012,CRDITED DE LA MONTEREGIE-EST,7,1,18.0
2011-2012,CRDITED DE LA MONTEREGIE-EST,7,3,21.0
2011-2012,CRDITED DE LA MONTEREGIE-EST,10,1,1.0
2011-2012,CRDITED DE LA MONTEREGIE-EST,10,2,80.0
2011-2012,CRDITED DE LA MONTEREGIE-EST,11,3,1.0
2011-2012,CRDITED DE LA MONTEREGIE-EST,11,4,113.0
2011-2012,CRDITED DE LA MONTEREGIE-EST,14,1,1.0
2011-2012,CRDITED DE LA MONTEREGIE-EST,14,3,1.0
2011-2012,CRDITED DE LA MONTEREGIE-EST,17,1,3.0
2011-2012,CRDITED DE LA MONTEREGIE-EST,17,2,130.0
2011-2012,CRDITED DE LA MONTEREGIE-EST,17,3,1.0
2011-2012,CRDITED DE LA MONTEREGIE-EST,17,4,100.0
2011-2012,CRDITED DE LA MONTEREGIE-EST,21,1,3.0
2011-2012,CRDITED DE LA MONTEREGIE-EST,21,3,1.0
2011-2012,CRDITED DE LA MONTEREGIE-EST,22,1,163.0
2011-2012,CRDITED DE LA MONTEREGIE-EST,22,2,218.0
2011-2012,CRDITED DE LA MONTEREGIE-EST,22,3,164.0
2011-2012,CRDITED DE LA MONTEREGIE-EST,22,4,197.0
2011-2012,CRDITED DE LA MONTEREGIE-EST,23,1,327.0
2011-2012,CRDITED DE LA MONTEREGIE-EST,23,2,375.0
2011-2012,CRDITED DE LA MONTEREGIE-EST,23,3,443.0
2011-2012,CRDITED DE LA MONTEREGIE-EST,23,4,405.0
2011-2012,CRDITED DE LA MONTEREGIE-EST,24,1,13.0
2011-2012,CRDITED DE LA MONTEREGIE-EST,24,2,408.0
2011-2012,CRDITED DE LA MONTEREGIE-EST,24,3,13.0
2011-2012,CRDITED DE LA MONTEREGIE-EST,24,4,513.0
2011-2012,CRDITED DE LA MONTEREGIE-EST,25,1,7.0
2011-2012,CRDITED DE LA MONTEREGIE-EST,25,2,410.0
2011-2012,CRDITED DE LA MONTEREGIE-EST,25,3,11.0
2011-2012,CRDITED DE LA MONTEREGIE-EST,25,4,478.0
2011-2012,CRDITED DE LA MONTEREGIE-EST,26,1,3.0
2011-2012,CRDITED DE LA MONTEREGIE-EST,26,2,369.0
2011-2012,CRDITED DE LA MONTEREGIE-EST,26,3,4.0
2011-2012,CRDITED DE LA MONTEREGIE-EST,26,4,663.0
2011-2012,CRDITED DE LA MONTEREGIE-EST,28,1,513.0
2011-2012,CRDITED DE LA MONTEREGIE-EST,28,3,635.0
2011-2012,CRDITED DE LAVAL,1,1,0.0
2011-2012,CRDITED DE LAVAL,1,2,0.0
2011-2012,CRDITED DE LAVAL,1,3,0.0
2011-2012,CRDITED DE LAVAL,1,4,0.0
2011-2012,CRDITED DE LAVAL,2,1,7.0
2011-2012,CRDITED DE LAVAL,2,2,792.0
2011-2012,CRDITED DE LAVAL,2,3,7.0
2011-2012,CRDITED DE LAVAL,2,4,555.0
2011-2012,CRDITED DE LAVAL,3,1,4.0
2011-2012,CRDITED DE LAVAL,3,2,708.0
2011-2012,CRDITED DE LAVAL,3,3,9.0
2011-2012,CRDITED DE LAVAL,3,4,374.0
2011-2012,CRDITED DE LAVAL,4,1,7.0
2011-2012,CRDITED DE LAVAL,4,2,1011.0
2011-2012,CRDITED DE LAVAL,4,3,5.0
2011-2012,CRDITED DE LAVAL,4,4,1110.0
2011-2012,CRDITED DE LAVAL,5,1,0.0
2011-2012,CRDITED DE LAVAL,5,2,0.0
2011-2012,CRDITED DE LAVAL,5,3,0.0
2011-2012,CRDITED DE LAVAL,5,4,0.0
2011-2012,CRDITED DE LAVAL,6,1,0.0
2011-2012,CRDITED DE LAVAL,6,2,0.0
2011-2012,CRDITED DE LAVAL,6,3,0.0
2011-2012,CRDITED DE LAVAL,6,4,0.0
2011-2012,CRDITED DE LAVAL,7,1,18.0
2011-2012,CRDITED DE LAVAL,7,3,21.0
2011-2012,CRDITED DE LAVAL,8,1,0.0
2011-2012,CRDITED DE LAVAL,8,2,0.0
2011-2012,CRDITED DE LAVAL,8,3,0.0
2011-2012,CRDITED DE LAVAL,8,4,0.0
2011-2012,CRDITED DE LAVAL,9,1,0.0
2011-2012,CRDITED DE LAVAL,9,2,0.0
2011-2012,CRDITED DE LAVAL,9,3,0.0
2011-2012,CRDITED DE LAVAL,9,4,0.0
2011-2012,CRDITED DE LAVAL,10,1,0.0
2011-2012,CRDITED DE LAVAL,10,2,0.0
2011-2012,CRDITED DE LAVAL,10,3,0.0
2011-2012,CRDITED DE LAVAL,10,4,0.0
2011-2012,CRDITED DE LAVAL,11,1,0.0
2011-2012,CRDITED DE LAVAL,11,2,0.0
2011-2012,CRDITED DE LAVAL,11,3,0.0
2011-2012,CRDITED DE LAVAL,11,4,0.0
2011-2012,CRDITED DE LAVAL,12,1,0.0
2011-2012,CRDITED DE LAVAL,12,2,0.0
2011-2012,CRDITED DE LAVAL,12,3,0.0
2011-2012,CRDITED DE LAVAL,12,4,0.0
2011-2012,CRDITED DE LAVAL,13,1,0.0
2011-2012,CRDITED DE LAVAL,13,2,0.0
2011-2012,CRDITED DE LAVAL,13,3,0.0
2011-2012,CRDITED DE LAVAL,13,4,0.0
2011-2012,CRDITED DE LAVAL,14,1,0.0
2011-2012,CRDITED DE LAVAL,14,3,0.0
2011-2012,CRDITED DE LAVAL,15,1,0.0
2011-2012,CRDITED DE LAVAL,15,2,0.0
2011-2012,CRDITED DE LAVAL,15,3,0.0
2011-2012,CRDITED DE LAVAL,15,4,0.0
2011-2012,CRDITED DE LAVAL,16,1,0.0
2011-2012,CRDITED DE LAVAL,16,2,0.0
2011-2012,CRDITED DE LAVAL,16,3,0.0
2011-2012,CRDITED DE LAVAL,16,4,0.0
2011-2012,CRDITED DE LAVAL,17,1,0.0
2011-2012,CRDITED DE LAVAL,17,2,0.0
2011-2012,CRDITED DE LAVAL,17,3,0.0
2011-2012,CRDITED DE LAVAL,17,4,0.0
2011-2012,CRDITED DE LAVAL,18,1,0.0
2011-2012,CRDITED DE LAVAL,18,2,0.0
2011-2012,CRDITED DE LAVAL,18,3,0.0
2011-2012,CRDITED DE LAVAL,18,4,0.0
2011-2012,CRDITED DE LAVAL,19,1,0.0
2011-2012,CRDITED DE LAVAL,19,2,0.0
2011-2012,CRDITED DE LAVAL,19,3,0.0
2011-2012,CRDITED DE LAVAL,19,4,0.0
2011-2012,CRDITED DE LAVAL,20,1,0.0
2011-2012,CRDITED DE LAVAL,20,2,0.0
2011-2012,CRDITED DE LAVAL,20,3,0.0
2011-2012,CRDITED DE LAVAL,20,4,0.0
2011-2012,CRDITED DE LAVAL,21,1,0.0
2011-2012,CRDITED DE LAVAL,21,3,0.0
2011-2012,CRDITED DE LAVAL,22,1,34.0
2011-2012,CRDITED DE LAVAL,22,2,147.0
2011-2012,CRDITED DE LAVAL,22,3,33.0
2011-2012,CRDITED DE LAVAL,22,4,75.0
2011-2012,CRDITED DE LAVAL,23,1,58.0
2011-2012,CRDITED DE LAVAL,23,2,215.0
2011-2012,CRDITED DE LAVAL,23,3,70.0
2011-2012,CRDITED DE LAVAL,23,4,173.0
2011-2012,CRDITED DE LAVAL,24,1,1.0
2011-2012,CRDITED DE LAVAL,24,2,596.0
2011-2012,CRDITED DE LAVAL,24,3,5.0
2011-2012,CRDITED DE LAVAL,24,4,161.0
2011-2012,CRDITED DE LAVAL,25,1,4.0
2011-2012,CRDITED DE LAVAL,25,2,56.0
2011-2012,CRDITED DE LAVAL,25,3,1.0
2011-2012,CRDITED DE LAVAL,25,4,40.0
2011-2012,CRDITED DE LAVAL,26,1,1.0
2011-2012,CRDITED DE LAVAL,26,2,17.0
2011-2012,CRDITED DE LAVAL,26,3,0.0
2011-2012,CRDITED DE LAVAL,26,4,0.0
2011-2012,CRDITED DE LAVAL,27,1,0.0
2011-2012,CRDITED DE LAVAL,27,2,0.0
2011-2012,CRDITED DE LAVAL,27,3,0.0
2011-2012,CRDITED DE LAVAL,27,4,0.0
2011-2012,CRDITED DE LAVAL,28,1,98.0
2011-2012,CRDITED DE LAVAL,28,3,109.0
2011-2012,CRDITED DE MONTREAL,1,1,3.0
2011-2012,CRDITED DE MONTREAL,1,2,196.0
2011-2012,CRDITED DE MONTREAL,1,3,3.0
2011-2012,CRDITED DE MONTREAL,1,4,528.0
2011-2012,CRDITED DE MONTREAL,2,1,47.0
2011-2012,CRDITED DE MONTREAL,2,2,2747.0
2011-2012,CRDITED DE MONTREAL,2,3,35.0
2011-2012,CRDITED DE MONTREAL,2,4,2701.0
2011-2012,CRDITED DE MONTREAL,3,1,12.0
2011-2012,CRDITED DE MONTREAL,3,2,3447.0
2011-2012,CRDITED DE MONTREAL,3,3,7.0
2011-2012,CRDITED DE MONTREAL,3,4,4096.0
2011-2012,CRDITED DE MONTREAL,4,1,17.0
2011-2012,CRDITED DE MONTREAL,4,2,2063.0
2011-2012,CRDITED DE MONTREAL,4,3,16.0
2011-2012,CRDITED DE MONTREAL,4,4,2712.0
2011-2012,CRDITED DE MONTREAL,5,1,1.0
2011-2012,CRDITED DE MONTREAL,5,2,2007.0
2011-2012,CRDITED DE MONTREAL,5,3,2.0
2011-2012,CRDITED DE MONTREAL,5,4,1386.0
2011-2012,CRDITED DE MONTREAL,7,1,80.0
2011-2012,CRDITED DE MONTREAL,7,3,63.0
2011-2012,CRDITED DE MONTREAL,10,1,5.0
2011-2012,CRDITED DE MONTREAL,10,2,1474.0
2011-2012,CRDITED DE MONTREAL,10,3,2.0
2011-2012,CRDITED DE MONTREAL,10,4,1062.0
2011-2012,CRDITED DE MONTREAL,11,1,4.0
2011-2012,CRDITED DE MONTREAL,11,2,1548.0
2011-2012,CRDITED DE MONTREAL,11,3,5.0
2011-2012,CRDITED DE MONTREAL,11,4,1921.0
2011-2012,CRDITED DE MONTREAL,12,1,3.0
2011-2012,CRDITED DE MONTREAL,12,2,1101.0
2011-2012,CRDITED DE MONTREAL,12,3,3.0
2011-2012,CRDITED DE MONTREAL,12,4,1563.0
2011-2012,CRDITED DE MONTREAL,14,1,12.0
2011-2012,CRDITED DE MONTREAL,14,3,10.0
2011-2012,CRDITED DE MONTREAL,16,1,2.0
2011-2012,CRDITED DE MONTREAL,16,2,259.0
2011-2012,CRDITED DE MONTREAL,17,1,21.0
2011-2012,CRDITED DE MONTREAL,17,2,1368.0
2011-2012,CRDITED DE MONTREAL,17,3,22.0
2011-2012,CRDITED DE MONTREAL,17,4,1216.0
2011-2012,CRDITED DE MONTREAL,18,1,18.0
2011-2012,CRDITED DE MONTREAL,18,2,2073.0
2011-2012,CRDITED DE MONTREAL,18,3,13.0
2011-2012,CRDITED DE MONTREAL,18,4,2793.0
2011-2012,CRDITED DE MONTREAL,19,1,3.0
2011-2012,CRDITED DE MONTREAL,19,2,1234.0
2011-2012,CRDITED DE MONTREAL,19,3,5.0
2011-2012,CRDITED DE MONTREAL,19,4,1907.0
2011-2012,CRDITED DE MONTREAL,21,1,44.0
2011-2012,CRDITED DE MONTREAL,21,3,40.0
2011-2012,CRDITED DE MONTREAL,22,1,131.0
2011-2012,CRDITED DE MONTREAL,22,2,481.0
2011-2012,CRDITED DE MONTREAL,22,3,152.0
2011-2012,CRDITED DE MONTREAL,22,4,697.0
2011-2012,CRDITED DE MONTREAL,23,1,369.0
2011-2012,CRDITED DE MONTREAL,23,2,1556.0
2011-2012,CRDITED DE MONTREAL,23,3,300.0
2011-2012,CRDITED DE MONTREAL,23,4,1329.0
2011-2012,CRDITED DE MONTREAL,24,1,22.0
2011-2012,CRDITED DE MONTREAL,24,2,1092.0
2011-2012,CRDITED DE MONTREAL,24,3,15.0
2011-2012,CRDITED DE MONTREAL,24,4,961.0
2011-2012,CRDITED DE MONTREAL,25,1,20.0
2011-2012,CRDITED DE MONTREAL,25,2,1036.0
2011-2012,CRDITED DE MONTREAL,25,3,14.0
2011-2012,CRDITED DE MONTREAL,25,4,1605.0
2011-2012,CRDITED DE MONTREAL,26,1,2.0
2011-2012,CRDITED DE MONTREAL,26,2,362.0
2011-2012,CRDITED DE MONTREAL,26,3,7.0
2011-2012,CRDITED DE MONTREAL,26,4,995.0
2011-2012,CRDITED DE MONTREAL,28,1,544.0
2011-2012,CRDITED DE MONTREAL,28,3,488.0
2011-2012,CRDITED DU BAS-SAINT-LAURENT,2,1,1.0
2011-2012,CRDITED DU BAS-SAINT-LAURENT,2,2,34.0
2011-2012,CRDITED DU BAS-SAINT-LAURENT,2,3,1.0
2011-2012,CRDITED DU BAS-SAINT-LAURENT,2,4,110.0
2011-2012,CRDITED DU BAS-SAINT-LAURENT,3,1,1.0
2011-2012,CRDITED DU BAS-SAINT-LAURENT,3,2,114.0
2011-2012,CRDITED DU BAS-SAINT-LAURENT,3,3,1.0
2011-2012,CRDITED DU BAS-SAINT-LAURENT,3,4,37.0
2011-2012,CRDITED DU BAS-SAINT-LAURENT,4,1,2.0
2011-2012,CRDITED DU BAS-SAINT-LAURENT,4,2,437.0
2011-2012,CRDITED DU BAS-SAINT-LAURENT,4,3,4.0
2011-2012,CRDITED DU BAS-SAINT-LAURENT,4,4,209.0
2011-2012,CRDITED DU BAS-SAINT-LAURENT,7,1,4.0
2011-2012,CRDITED DU BAS-SAINT-LAURENT,7,3,6.0
2011-2012,CRDITED DU BAS-SAINT-LAURENT,10,1,2.0
2011-2012,CRDITED DU BAS-SAINT-LAURENT,10,2,341.0
2011-2012,CRDITED DU BAS-SAINT-LAURENT,14,1,2.0
2011-2012,CRDITED DU BAS-SAINT-LAURENT,16,3,1.0
2011-2012,CRDITED DU BAS-SAINT-LAURENT,16,4,330.0
2011-2012,CRDITED DU BAS-SAINT-LAURENT,17,1,2.0
2011-2012,CRDITED DU BAS-SAINT-LAURENT,17,2,336.0
2011-2012,CRDITED DU BAS-SAINT-LAURENT,18,1,1.0
2011-2012,CRDITED DU BAS-SAINT-LAURENT,18,2,163.0
2011-2012,CRDITED DU BAS-SAINT-LAURENT,18,3,3.0
2011-2012,CRDITED DU BAS-SAINT-LAURENT,18,4,320.0
2011-2012,CRDITED DU BAS-SAINT-LAURENT,19,3,1.0
2011-2012,CRDITED DU BAS-SAINT-LAURENT,19,4,311.0
2011-2012,CRDITED DU BAS-SAINT-LAURENT,21,1,3.0
2011-2012,CRDITED DU BAS-SAINT-LAURENT,21,3,5.0
2011-2012,CRDITED DU BAS-SAINT-LAURENT,23,1,1.0
2011-2012,CRDITED DU BAS-SAINT-LAURENT,23,2,7.0
2011-2012,CRDITED DU BAS-SAINT-LAURENT,23,3,7.0
2011-2012,CRDITED DU BAS-SAINT-LAURENT,23,4,53.0
2011-2012,CRDITED DU BAS-SAINT-LAURENT,24,1,1.0
2011-2012,CRDITED DU BAS-SAINT-LAURENT,24,2,122.0
2011-2012,CRDITED DU BAS-SAINT-LAURENT,28,1,2.0
2011-2012,CRDITED DU BAS-SAINT-LAURENT,28,3,7.0
2011-2012,CRDITED DU SAGUENAY - LAC-SAINT-JEAN,1,1,2.0
2011-2012,CRDITED DU SAGUENAY - LAC-SAINT-JEAN,1,2,148.0
2011-2012,CRDITED DU SAGUENAY - LAC-SAINT-JEAN,1,3,1.0
2011-2012,CRDITED DU SAGUENAY - LAC-SAINT-JEAN,1,4,184.0
2011-2012,CRDITED DU SAGUENAY - LAC-SAINT-JEAN,2,1,5.0
2011-2012,CRDITED DU SAGUENAY - LAC-SAINT-JEAN,2,2,369.0
2011-2012,CRDITED DU SAGUENAY - LAC-SAINT-JEAN,2,3,2.0
2011-2012,CRDITED DU SAGUENAY - LAC-SAINT-JEAN,2,4,434.0
2011-2012,CRDITED DU SAGUENAY - LAC-SAINT-JEAN,3,1,0.0
2011-2012,CRDITED DU SAGUENAY - LAC-SAINT-JEAN,3,2,0.0
2011-2012,CRDITED DU SAGUENAY - LAC-SAINT-JEAN,3,3,0.0
2011-2012,CRDITED DU SAGUENAY - LAC-SAINT-JEAN,3,4,0.0
2011-2012,CRDITED DU SAGUENAY - LAC-SAINT-JEAN,4,1,0.0
2011-2012,CRDITED DU SAGUENAY - LAC-SAINT-JEAN,4,2,0.0
2011-2012,CRDITED DU SAGUENAY - LAC-SAINT-JEAN,4,3,0.0
2011-2012,CRDITED DU SAGUENAY - LAC-SAINT-JEAN,4,4,0.0
2011-2012,CRDITED DU SAGUENAY - LAC-SAINT-JEAN,5,1,0.0
2011-2012,CRDITED DU SAGUENAY - LAC-SAINT-JEAN,5,2,0.0
2011-2012,CRDITED DU SAGUENAY - LAC-SAINT-JEAN,5,3,0.0
2011-2012,CRDITED DU SAGUENAY - LAC-SAINT-JEAN,5,4,0.0
2011-2012,CRDITED DU SAGUENAY - LAC-SAINT-JEAN,6,1,0.0
2011-2012,CRDITED DU SAGUENAY - LAC-SAINT-JEAN,6,2,0.0
2011-2012,CRDITED DU SAGUENAY - LAC-SAINT-JEAN,6,3,0.0
2011-2012,CRDITED DU SAGUENAY - LAC-SAINT-JEAN,6,4,0.0
2011-2012,CRDITED DU SAGUENAY - LAC-SAINT-JEAN,7,1,7.0
2011-2012,CRDITED DU SAGUENAY - LAC-SAINT-JEAN,7,3,3.0
2011-2012,CRDITED DU SAGUENAY - LAC-SAINT-JEAN,8,1,0.0
2011-2012,CRDITED DU SAGUENAY - LAC-SAINT-JEAN,8,2,0.0
2011-2012,CRDITED DU SAGUENAY - LAC-SAINT-JEAN,8,3,0.0
2011-2012,CRDITED DU SAGUENAY - LAC-SAINT-JEAN,8,4,0.0
2011-2012,CRDITED DU SAGUENAY - LAC-SAINT-JEAN,9,1,0.0
2011-2012,CRDITED DU SAGUENAY - LAC-SAINT-JEAN,9,2,0.0
2011-2012,CRDITED DU SAGUENAY - LAC-SAINT-JEAN,9,3,0.0
2011-2012,CRDITED DU SAGUENAY - LAC-SAINT-JEAN,9,4,0.0
2011-2012,CRDITED DU SAGUENAY - LAC-SAINT-JEAN,10,1,0.0
2011-2012,CRDITED DU SAGUENAY - LAC-SAINT-JEAN,10,2,0.0
2011-2012,CRDITED DU SAGUENAY - LAC-SAINT-JEAN,10,3,0.0
2011-2012,CRDITED DU SAGUENAY - LAC-SAINT-JEAN,10,4,0.0
2011-2012,CRDITED DU SAGUENAY - LAC-SAINT-JEAN,11,1,0.0
2011-2012,CRDITED DU SAGUENAY - LAC-SAINT-JEAN,11,2,0.0
2011-2012,CRDITED DU SAGUENAY - LAC-SAINT-JEAN,11,3,0.0
2011-2012,CRDITED DU SAGUENAY - LAC-SAINT-JEAN,11,4,0.0
2011-2012,CRDITED DU SAGUENAY - LAC-SAINT-JEAN,12,1,1.0
2011-2012,CRDITED DU SAGUENAY - LAC-SAINT-JEAN,12,2,567.0
2011-2012,CRDITED DU SAGUENAY - LAC-SAINT-JEAN,12,3,0.0
2011-2012,CRDITED DU SAGUENAY - LAC-SAINT-JEAN,12,4,0.0
2011-2012,CRDITED DU SAGUENAY - LAC-SAINT-JEAN,13,1,0.0
2011-2012,CRDITED DU SAGUENAY - LAC-SAINT-JEAN,13,2,0.0
2011-2012,CRDITED DU SAGUENAY - LAC-SAINT-JEAN,13,3,0.0
2011-2012,CRDITED DU SAGUENAY - LAC-SAINT-JEAN,13,4,0.0
2011-2012,CRDITED DU SAGUENAY - LAC-SAINT-JEAN,14,1,1.0
2011-2012,CRDITED DU SAGUENAY - LAC-SAINT-JEAN,14,3,0.0
2011-2012,CRDITED DU SAGUENAY - LAC-SAINT-JEAN,15,1,0.0
2011-2012,CRDITED DU SAGUENAY - LAC-SAINT-JEAN,15,2,0.0
2011-2012,CRDITED DU SAGUENAY - LAC-SAINT-JEAN,15,3,0.0
2011-2012,CRDITED DU SAGUENAY - LAC-SAINT-JEAN,15,4,0.0
2011-2012,CRDITED DU SAGUENAY - LAC-SAINT-JEAN,16,1,1.0
2011-2012,CRDITED DU SAGUENAY - LAC-SAINT-JEAN,16,2,216.0
2011-2012,CRDITED DU SAGUENAY - LAC-SAINT-JEAN,16,3,0.0
2011-2012,CRDITED DU SAGUENAY - LAC-SAINT-JEAN,16,4,0.0
2011-2012,CRDITED DU SAGUENAY - LAC-SAINT-JEAN,17,1,1.0
2011-2012,CRDITED DU SAGUENAY - LAC-SAINT-JEAN,17,2,72.0
2011-2012,CRDITED DU SAGUENAY - LAC-SAINT-JEAN,17,3,0.0
2011-2012,CRDITED DU SAGUENAY - LAC-SAINT-JEAN,17,4,0.0
2011-2012,CRDITED DU SAGUENAY - LAC-SAINT-JEAN,18,1,3.0
2011-2012,CRDITED DU SAGUENAY - LAC-SAINT-JEAN,18,2,75.0
2011-2012,CRDITED DU SAGUENAY - LAC-SAINT-JEAN,18,3,3.0
2011-2012,CRDITED DU SAGUENAY - LAC-SAINT-JEAN,18,4,307.0
2011-2012,CRDITED DU SAGUENAY - LAC-SAINT-JEAN,19,1,0.0
2011-2012,CRDITED DU SAGUENAY - LAC-SAINT-JEAN,19,2,0.0
2011-2012,CRDITED DU SAGUENAY - LAC-SAINT-JEAN,19,3,0.0
2011-2012,CRDITED DU SAGUENAY - LAC-SAINT-JEAN,19,4,0.0
2011-2012,CRDITED DU SAGUENAY - LAC-SAINT-JEAN,20,1,0.0
2011-2012,CRDITED DU SAGUENAY - LAC-SAINT-JEAN,20,2,0.0
2011-2012,CRDITED DU SAGUENAY - LAC-SAINT-JEAN,20,3,0.0
2011-2012,CRDITED DU SAGUENAY - LAC-SAINT-JEAN,20,4,0.0
2011-2012,CRDITED DU SAGUENAY - LAC-SAINT-JEAN,21,1,5.0
2011-2012,CRDITED DU SAGUENAY - LAC-SAINT-JEAN,21,3,3.0
2011-2012,CRDITED DU SAGUENAY - LAC-SAINT-JEAN,22,1,4.0
2011-2012,CRDITED DU SAGUENAY - LAC-SAINT-JEAN,22,2,19.0
2011-2012,CRDITED DU SAGUENAY - LAC-SAINT-JEAN,22,3,1.0
2011-2012,CRDITED DU SAGUENAY - LAC-SAINT-JEAN,22,4,1.0
2011-2012,CRDITED DU SAGUENAY - LAC-SAINT-JEAN,23,1,8.0
2011-2012,CRDITED DU SAGUENAY - LAC-SAINT-JEAN,23,2,65.0
2011-2012,CRDITED DU SAGUENAY - LAC-SAINT-JEAN,23,3,7.0
2011-2012,CRDITED DU SAGUENAY - LAC-SAINT-JEAN,23,4,159.0
2011-2012,CRDITED DU SAGUENAY - LAC-SAINT-JEAN,24,1,2.0
2011-2012,CRDITED DU SAGUENAY - LAC-SAINT-JEAN,24,2,41.0
2011-2012,CRDITED DU SAGUENAY - LAC-SAINT-JEAN,24,3,1.0
2011-2012,CRDITED DU SAGUENAY - LAC-SAINT-JEAN,24,4,411.0
2011-2012,CRDITED DU SAGUENAY - LAC-SAINT-JEAN,25,1,2.0
2011-2012,CRDITED DU SAGUENAY - LAC-SAINT-JEAN,25,2,104.0
2011-2012,CRDITED DU SAGUENAY - LAC-SAINT-JEAN,25,3,0.0
2011-2012,CRDITED DU SAGUENAY - LAC-SAINT-JEAN,25,4,0.0
2011-2012,CRDITED DU SAGUENAY - LAC-SAINT-JEAN,26,1,0.0
2011-2012,CRDITED DU SAGUENAY - LAC-SAINT-JEAN,26,2,0.0
2011-2012,CRDITED DU SAGUENAY - LAC-SAINT-JEAN,26,3,0.0
2011-2012,CRDITED DU SAGUENAY - LAC-SAINT-JEAN,26,4,0.0
2011-2012,CRDITED DU SAGUENAY - LAC-SAINT-JEAN,27,1,0.0
2011-2012,CRDITED DU SAGUENAY - LAC-SAINT-JEAN,27,2,0.0
2011-2012,CRDITED DU SAGUENAY - LAC-SAINT-JEAN,27,3,0.0
2011-2012,CRDITED DU SAGUENAY - LAC-SAINT-JEAN,27,4,0.0
2011-2012,CRDITED DU SAGUENAY - LAC-SAINT-JEAN,28,1,16.0
2011-2012,CRDITED DU SAGUENAY - LAC-SAINT-JEAN,28,3,9.0
2011-2012,CSSS DE CHARLEVOIX,1,1,0.0
2011-2012,CSSS DE CHARLEVOIX,1,2,0.0
2011-2012,CSSS DE CHARLEVOIX,1,3,0.0
2011-2012,CSSS DE CHARLEVOIX,1,4,0.0
2011-2012,CSSS DE CHARLEVOIX,2,1,0.0
2011-2012,CSSS DE CHARLEVOIX,2,2,0.0
2011-2012,CSSS DE CHARLEVOIX,2,3,0.0
2011-2012,CSSS DE CHARLEVOIX,2,4,0.0
2011-2012,CSSS DE CHARLEVOIX,3,1,0.0
2011-2012,CSSS DE CHARLEVOIX,3,2,0.0
2011-2012,CSSS DE CHARLEVOIX,3,3,0.0
2011-2012,CSSS DE CHARLEVOIX,3,4,0.0
2011-2012,CSSS DE CHARLEVOIX,4,1,0.0
2011-2012,CSSS DE CHARLEVOIX,4,2,0.0
2011-2012,CSSS DE CHARLEVOIX,4,3,0.0
2011-2012,CSSS DE CHARLEVOIX,4,4,0.0
2011-2012,CSSS DE CHARLEVOIX,5,1,0.0
2011-2012,CSSS DE CHARLEVOIX,5,2,0.0
2011-2012,CSSS DE CHARLEVOIX,5,3,0.0
2011-2012,CSSS DE CHARLEVOIX,5,4,0.0
2011-2012,CSSS DE CHARLEVOIX,6,1,0.0
2011-2012,CSSS DE CHARLEVOIX,6,2,0.0
2011-2012,CSSS DE CHARLEVOIX,6,3,0.0
2011-2012,CSSS DE CHARLEVOIX,6,4,0.0
2011-2012,CSSS DE CHARLEVOIX,7,1,0.0
2011-2012,CSSS DE CHARLEVOIX,7,3,0.0
2011-2012,CSSS DE CHARLEVOIX,8,1,0.0
2011-2012,CSSS DE CHARLEVOIX,8,2,0.0
2011-2012,CSSS DE CHARLEVOIX,8,3,0.0
2011-2012,CSSS DE CHARLEVOIX,8,4,0.0
2011-2012,CSSS DE CHARLEVOIX,9,1,0.0
2011-2012,CSSS DE CHARLEVOIX,9,2,0.0
2011-2012,CSSS DE CHARLEVOIX,9,3,0.0
2011-2012,CSSS DE CHARLEVOIX,9,4,0.0
2011-2012,CSSS DE CHARLEVOIX,10,1,0.0
2011-2012,CSSS DE CHARLEVOIX,10,2,0.0
2011-2012,CSSS DE CHARLEVOIX,10,3,0.0
2011-2012,CSSS DE CHARLEVOIX,10,4,0.0
2011-2012,CSSS DE CHARLEVOIX,11,1,0.0
2011-2012,CSSS DE CHARLEVOIX,11,2,0.0
2011-2012,CSSS DE CHARLEVOIX,11,3,0.0
2011-2012,CSSS DE CHARLEVOIX,11,4,0.0
2011-2012,CSSS DE CHARLEVOIX,12,1,0.0
2011-2012,CSSS DE CHARLEVOIX,12,2,0.0
2011-2012,CSSS DE CHARLEVOIX,12,3,0.0
2011-2012,CSSS DE CHARLEVOIX,12,4,0.0
2011-2012,CSSS DE CHARLEVOIX,13,1,0.0
2011-2012,CSSS DE CHARLEVOIX,13,2,0.0
2011-2012,CSSS DE CHARLEVOIX,13,3,0.0
2011-2012,CSSS DE CHARLEVOIX,13,4,0.0
2011-2012,CSSS DE CHARLEVOIX,14,1,0.0
2011-2012,CSSS DE CHARLEVOIX,14,3,0.0
2011-2012,CSSS DE CHARLEVOIX,15,1,0.0
2011-2012,CSSS DE CHARLEVOIX,15,2,0.0
2011-2012,CSSS DE CHARLEVOIX,15,3,0.0
2011-2012,CSSS DE CHARLEVOIX,15,4,0.0
2011-2012,CSSS DE CHARLEVOIX,16,1,0.0
2011-2012,CSSS DE CHARLEVOIX,16,2,0.0
2011-2012,CSSS DE CHARLEVOIX,16,3,0.0
2011-2012,CSSS DE CHARLEVOIX,16,4,0.0
2011-2012,CSSS DE CHARLEVOIX,17,1,0.0
2011-2012,CSSS DE CHARLEVOIX,17,2,0.0
2011-2012,CSSS DE CHARLEVOIX,17,3,0.0
2011-2012,CSSS DE CHARLEVOIX,17,4,0.0
2011-2012,CSSS DE CHARLEVOIX,18,1,0.0
2011-2012,CSSS DE CHARLEVOIX,18,2,0.0
2011-2012,CSSS DE CHARLEVOIX,18,3,1.0
2011-2012,CSSS DE CHARLEVOIX,18,4,544.0
2011-2012,CSSS DE CHARLEVOIX,19,1,0.0
2011-2012,CSSS DE CHARLEVOIX,19,2,0.0
2011-2012,CSSS DE CHARLEVOIX,19,3,0.0
2011-2012,CSSS DE CHARLEVOIX,19,4,0.0
2011-2012,CSSS DE CHARLEVOIX,20,1,0.0
2011-2012,CSSS DE CHARLEVOIX,20,2,0.0
2011-2012,CSSS DE CHARLEVOIX,20,3,0.0
2011-2012,CSSS DE CHARLEVOIX,20,4,0.0
2011-2012,CSSS DE CHARLEVOIX,21,1,0.0
2011-2012,CSSS DE CHARLEVOIX,21,3,1.0
2011-2012,CSSS DE CHARLEVOIX,22,1,0.0
2011-2012,CSSS DE CHARLEVOIX,22,2,0.0
2011-2012,CSSS DE CHARLEVOIX,22,3,0.0
2011-2012,CSSS DE CHARLEVOIX,22,4,0.0
2011-2012,CSSS DE CHARLEVOIX,23,1,0.0
2011-2012,CSSS DE CHARLEVOIX,23,2,0.0
2011-2012,CSSS DE CHARLEVOIX,23,3,0.0
2011-2012,CSSS DE CHARLEVOIX,23,4,0.0
2011-2012,CSSS DE CHARLEVOIX,24,1,0.0
2011-2012,CSSS DE CHARLEVOIX,24,2,0.0
2011-2012,CSSS DE CHARLEVOIX,24,3,0.0
2011-2012,CSSS DE CHARLEVOIX,24,4,0.0
2011-2012,CSSS DE CHARLEVOIX,25,1,0.0
2011-2012,CSSS DE CHARLEVOIX,25,2,0.0
2011-2012,CSSS DE CHARLEVOIX,25,3,0.0
2011-2012,CSSS DE CHARLEVOIX,25,4,0.0
2011-2012,CSSS DE CHARLEVOIX,26,1,0.0
2011-2012,CSSS DE CHARLEVOIX,26,2,0.0
2011-2012,CSSS DE CHARLEVOIX,26,3,0.0
2011-2012,CSSS DE CHARLEVOIX,26,4,0.0
2011-2012,CSSS DE CHARLEVOIX,27,1,0.0
2011-2012,CSSS DE CHARLEVOIX,27,2,0.0
2011-2012,CSSS DE CHARLEVOIX,27,3,0.0
2011-2012,CSSS DE CHARLEVOIX,27,4,0.0
2011-2012,CSSS DE CHARLEVOIX,28,1,0.0
2011-2012,CSSS DE CHARLEVOIX,28,3,0.0
2011-2012,CSSS DES ILES,22,3,1.0
2011-2012,CSSS DES ILES,22,4,11.0
2011-2012,CSSS DES ILES,23,3,1.0
2011-2012,CSSS DES ILES,23,4,11.0
2011-2012,CSSS DES ILES,28,3,2.0
2011-2012,LE CENTRE DE READAPTATION DE LA GASPESIE,2,1,1.0
2011-2012,LE CENTRE DE READAPTATION DE LA GASPESIE,2,2,247.0
2011-2012,LE CENTRE DE READAPTATION DE LA GASPESIE,2,3,1.0
2011-2012,LE CENTRE DE READAPTATION DE LA GASPESIE,2,4,613.0
2011-2012,LE CENTRE DE READAPTATION DE LA GASPESIE,4,1,1.0
2011-2012,LE CENTRE DE READAPTATION DE LA GASPESIE,4,2,13.0
2011-2012,LE CENTRE DE READAPTATION DE LA GASPESIE,5,3,1.0
2011-2012,LE CENTRE DE READAPTATION DE LA GASPESIE,5,4,379.0
2011-2012,LE CENTRE DE READAPTATION DE LA GASPESIE,7,1,2.0
2011-2012,LE CENTRE DE READAPTATION DE LA GASPESIE,7,3,2.0
2011-2012,LE CENTRE DE READAPTATION DE LA GASPESIE,22,1,1.0
2011-2012,LE CENTRE DE READAPTATION DE LA GASPESIE,22,2,296.0
2011-2012,LE CENTRE DE READAPTATION DE LA GASPESIE,22,3,2.0
2011-2012,LE CENTRE DE READAPTATION DE LA GASPESIE,22,4,102.0
2011-2012,LE CENTRE DE READAPTATION DE LA GASPESIE,23,1,2.0
2011-2012,LE CENTRE DE READAPTATION DE LA GASPESIE,23,2,134.0
2011-2012,LE CENTRE DE READAPTATION DE LA GASPESIE,23,3,3.0
2011-2012,LE CENTRE DE READAPTATION DE LA GASPESIE,23,4,231.0
2011-2012,LE CENTRE DE READAPTATION DE LA GASPESIE,25,1,1.0
2011-2012,LE CENTRE DE READAPTATION DE LA GASPESIE,25,2,13.0
2011-2012,LE CENTRE DE READAPTATION DE LA GASPESIE,25,3,1.0
2011-2012,LE CENTRE DE READAPTATION DE LA GASPESIE,25,4,451.0
2011-2012,LE CENTRE DE READAPTATION DE LA GASPESIE,26,3,2.0
2011-2012,LE CENTRE DE READAPTATION DE LA GASPESIE,26,4,1338.0
2011-2012,LE CENTRE DE READAPTATION DE LA GASPESIE,28,1,4.0
2011-2012,LE CENTRE DE READAPTATION DE LA GASPESIE,28,3,8.0
2011-2012,LES SERVICES DE READAPTATION DU SUD-OUEST ET DU RENFORT,1,1,3.0
2011-2012,LES SERVICES DE READAPTATION DU SUD-OUEST ET DU RENFORT,1,2,106.0
2011-2012,LES SERVICES DE READAPTATION DU SUD-OUEST ET DU RENFORT,1,3,11.0
2011-2012,LES SERVICES DE READAPTATION DU SUD-OUEST ET DU RENFORT,1,4,138.0
2011-2012,LES SERVICES DE READAPTATION DU SUD-OUEST ET DU RENFORT,2,1,15.0
2011-2012,LES SERVICES DE READAPTATION DU SUD-OUEST ET DU RENFORT,2,2,399.0
2011-2012,LES SERVICES DE READAPTATION DU SUD-OUEST ET DU RENFORT,2,3,29.0
2011-2012,LES SERVICES DE READAPTATION DU SUD-OUEST ET DU RENFORT,2,4,254.0
2011-2012,LES SERVICES DE READAPTATION DU SUD-OUEST ET DU RENFORT,3,1,2.0
2011-2012,LES SERVICES DE READAPTATION DU SUD-OUEST ET DU RENFORT,3,2,453.0
2011-2012,LES SERVICES DE READAPTATION DU SUD-OUEST ET DU RENFORT,3,3,2.0
2011-2012,LES SERVICES DE READAPTATION DU SUD-OUEST ET DU RENFORT,3,4,153.0
2011-2012,LES SERVICES DE READAPTATION DU SUD-OUEST ET DU RENFORT,4,1,1.0
2011-2012,LES SERVICES DE READAPTATION DU SUD-OUEST ET DU RENFORT,4,2,78.0
2011-2012,LES SERVICES DE READAPTATION DU SUD-OUEST ET DU RENFORT,4,3,3.0
2011-2012,LES SERVICES DE READAPTATION DU SUD-OUEST ET DU RENFORT,4,4,220.0
2011-2012,LES SERVICES DE READAPTATION DU SUD-OUEST ET DU RENFORT,7,1,21.0
2011-2012,LES SERVICES DE READAPTATION DU SUD-OUEST ET DU RENFORT,7,3,45.0
2011-2012,LES SERVICES DE READAPTATION DU SUD-OUEST ET DU RENFORT,10,1,1.0
2011-2012,LES SERVICES DE READAPTATION DU SUD-OUEST ET DU RENFORT,10,2,78.0
2011-2012,LES SERVICES DE READAPTATION DU SUD-OUEST ET DU RENFORT,10,3,1.0
2011-2012,LES SERVICES DE READAPTATION DU SUD-OUEST ET DU RENFORT,10,4,122.0
2011-2012,LES SERVICES DE READAPTATION DU SUD-OUEST ET DU RENFORT,11,1,1.0
2011-2012,LES SERVICES DE READAPTATION DU SUD-OUEST ET DU RENFORT,11,2,64.0
2011-2012,LES SERVICES DE READAPTATION DU SUD-OUEST ET DU RENFORT,11,3,1.0
2011-2012,LES SERVICES DE READAPTATION DU SUD-OUEST ET DU RENFORT,11,4,430.0
2011-2012,LES SERVICES DE READAPTATION DU SUD-OUEST ET DU RENFORT,14,1,2.0
2011-2012,LES SERVICES DE READAPTATION DU SUD-OUEST ET DU RENFORT,14,3,2.0
2011-2012,LES SERVICES DE READAPTATION DU SUD-OUEST ET DU RENFORT,16,1,1.0
2011-2012,LES SERVICES DE READAPTATION DU SUD-OUEST ET DU RENFORT,16,2,190.0
2011-2012,LES SERVICES DE READAPTATION DU SUD-OUEST ET DU RENFORT,17,1,3.0
2011-2012,LES SERVICES DE READAPTATION DU SUD-OUEST ET DU RENFORT,17,2,219.0
2011-2012,LES SERVICES DE READAPTATION DU SUD-OUEST ET DU RENFORT,17,3,2.0
2011-2012,LES SERVICES DE READAPTATION DU SUD-OUEST ET DU RENFORT,17,4,132.0
2011-2012,LES SERVICES DE READAPTATION DU SUD-OUEST ET DU RENFORT,18,1,5.0
2011-2012,LES SERVICES DE READAPTATION DU SUD-OUEST ET DU RENFORT,18,2,278.0
2011-2012,LES SERVICES DE READAPTATION DU SUD-OUEST ET DU RENFORT,18,3,9.0
2011-2012,LES SERVICES DE READAPTATION DU SUD-OUEST ET DU RENFORT,18,4,195.0
2011-2012,LES SERVICES DE READAPTATION DU SUD-OUEST ET DU RENFORT,21,1,9.0
2011-2012,LES SERVICES DE READAPTATION DU SUD-OUEST ET DU RENFORT,21,3,11.0
2011-2012,LES SERVICES DE READAPTATION DU SUD-OUEST ET DU RENFORT,22,1,68.0
2011-2012,LES SERVICES DE READAPTATION DU SUD-OUEST ET DU RENFORT,22,2,109.0
2011-2012,LES SERVICES DE READAPTATION DU SUD-OUEST ET DU RENFORT,22,3,114.0
2011-2012,LES SERVICES DE READAPTATION DU SUD-OUEST ET DU RENFORT,22,4,112.0
2011-2012,LES SERVICES DE READAPTATION DU SUD-OUEST ET DU RENFORT,23,1,70.0
2011-2012,LES SERVICES DE READAPTATION DU SUD-OUEST ET DU RENFORT,23,2,127.0
2011-2012,LES SERVICES DE READAPTATION DU SUD-OUEST ET DU RENFORT,23,3,102.0
2011-2012,LES SERVICES DE READAPTATION DU SUD-OUEST ET DU RENFORT,23,4,152.0
2011-2012,LES SERVICES DE READAPTATION DU SUD-OUEST ET DU RENFORT,24,1,6.0
2011-2012,LES SERVICES DE READAPTATION DU SUD-OUEST ET DU RENFORT,24,2,71.0
2011-2012,LES SERVICES DE READAPTATION DU SUD-OUEST ET DU RENFORT,24,3,3.0
2011-2012,LES SERVICES DE READAPTATION DU SUD-OUEST ET DU RENFORT,24,4,180.0
2011-2012,LES SERVICES DE READAPTATION DU SUD-OUEST ET DU RENFORT,25,1,3.0
2011-2012,LES SERVICES DE READAPTATION DU SUD-OUEST ET DU RENFORT,25,2,79.0
2011-2012,LES SERVICES DE READAPTATION DU SUD-OUEST ET DU RENFORT,25,3,4.0
2011-2012,LES SERVICES DE READAPTATION DU SUD-OUEST ET DU RENFORT,25,4,201.0
2011-2012,LES SERVICES DE READAPTATION DU SUD-OUEST ET DU RENFORT,28,1,147.0
2011-2012,LES SERVICES DE READAPTATION DU SUD-OUEST ET DU RENFORT,28,3,223.0
2011-2012,PAVILLON DU PARC,2,1,5.0
2011-2012,PAVILLON DU PARC,2,2,803.0
2011-2012,PAVILLON DU PARC,2,3,3.0
2011-2012,PAVILLON DU PARC,2,4,186.0
2011-2012,PAVILLON DU PARC,3,1,4.0
2011-2012,PAVILLON DU PARC,3,2,459.0
2011-2012,PAVILLON DU PARC,3,3,3.0
2011-2012,PAVILLON DU PARC,3,4,821.0
2011-2012,PAVILLON DU PARC,4,1,1.0
2011-2012,PAVILLON DU PARC,4,2,2190.0
2011-2012,PAVILLON DU PARC,4,3,1.0
2011-2012,PAVILLON DU PARC,4,4,2556.0
2011-2012,PAVILLON DU PARC,5,3,1.0
2011-2012,PAVILLON DU PARC,5,4,204.0
2011-2012,PAVILLON DU PARC,7,1,10.0
2011-2012,PAVILLON DU PARC,7,3,8.0
2011-2012,PAVILLON DU PARC,17,1,2.0
2011-2012,PAVILLON DU PARC,17,2,55.0
2011-2012,PAVILLON DU PARC,17,3,1.0
2011-2012,PAVILLON DU PARC,17,4,870.0
2011-2012,PAVILLON DU PARC,18,1,1.0
2011-2012,PAVILLON DU PARC,18,2,371.0
2011-2012,PAVILLON DU PARC,21,1,3.0
2011-2012,PAVILLON DU PARC,21,3,1.0
2011-2012,PAVILLON DU PARC,22,1,2.0
2011-2012,PAVILLON DU PARC,22,2,58.0
2011-2012,PAVILLON DU PARC,22,3,1.0
2011-2012,PAVILLON DU PARC,22,4,10.0
2011-2012,PAVILLON DU PARC,23,1,5.0
2011-2012,PAVILLON DU PARC,23,2,134.0
2011-2012,PAVILLON DU PARC,23,3,18.0
2011-2012,PAVILLON DU PARC,23,4,173.0
2011-2012,PAVILLON DU PARC,24,1,1.0
2011-2012,PAVILLON DU PARC,24,2,1210.0
2011-2012,PAVILLON DU PARC,25,1,3.0
2011-2012,PAVILLON DU PARC,25,2,271.0
2011-2012,PAVILLON DU PARC,28,1,11.0
2011-2012,PAVILLON DU PARC,28,3,19.0
2012-2013,CENTRE D'ACCUEIL DIXVILLE INC.,1,1,1.0
2012-2013,CENTRE D'ACCUEIL DIXVILLE INC.,1,2,33.0
2012-2013,CENTRE D'ACCUEIL DIXVILLE INC.,1,3,1.0
2012-2013,CENTRE D'ACCUEIL DIXVILLE INC.,1,4,45.0
2012-2013,CENTRE D'ACCUEIL DIXVILLE INC.,2,1,1.0
2012-2013,CENTRE D'ACCUEIL DIXVILLE INC.,2,2,899.0
2012-2013,CENTRE D'ACCUEIL DIXVILLE INC.,2,3,6.0
2012-2013,CENTRE D'ACCUEIL DIXVILLE INC.,2,4,147.0
2012-2013,CENTRE D'ACCUEIL DIXVILLE INC.,3,1,5.0
2012-2013,CENTRE D'ACCUEIL DIXVILLE INC.,3,2,469.0
2012-2013,CENTRE D'ACCUEIL DIXVILLE INC.,3,3,1.0
2012-2013,CENTRE D'ACCUEIL DIXVILLE INC.,3,4,290.0
2012-2013,CENTRE D'ACCUEIL DIXVILLE INC.,4,1,4.0
2012-2013,CENTRE D'ACCUEIL DIXVILLE INC.,4,2,354.0
2012-2013,CENTRE D'ACCUEIL DIXVILLE INC.,4,3,2.0
2012-2013,CENTRE D'ACCUEIL DIXVILLE INC.,4,4,404.0
2012-2013,CENTRE D'ACCUEIL DIXVILLE INC.,5,1,0.0
2012-2013,CENTRE D'ACCUEIL DIXVILLE INC.,5,2,0.0
2012-2013,CENTRE D'ACCUEIL DIXVILLE INC.,5,3,0.0
2012-2013,CENTRE D'ACCUEIL DIXVILLE INC.,5,4,0.0
2012-2013,CENTRE D'ACCUEIL DIXVILLE INC.,6,1,0.0
2012-2013,CENTRE D'ACCUEIL DIXVILLE INC.,6,2,0.0
2012-2013,CENTRE D'ACCUEIL DIXVILLE INC.,6,3,0.0
2012-2013,CENTRE D'ACCUEIL DIXVILLE INC.,6,4,0.0
2012-2013,CENTRE D'ACCUEIL DIXVILLE INC.,7,1,11.0
2012-2013,CENTRE D'ACCUEIL DIXVILLE INC.,7,3,10.0
2012-2013,CENTRE D'ACCUEIL DIXVILLE INC.,8,1,0.0
2012-2013,CENTRE D'ACCUEIL DIXVILLE INC.,8,2,0.0
2012-2013,CENTRE D'ACCUEIL DIXVILLE INC.,8,3,0.0
2012-2013,CENTRE D'ACCUEIL DIXVILLE INC.,8,4,0.0
2012-2013,CENTRE D'ACCUEIL DIXVILLE INC.,9,1,0.0
2012-2013,CENTRE D'ACCUEIL DIXVILLE INC.,9,2,0.0
2012-2013,CENTRE D'ACCUEIL DIXVILLE INC.,9,3,0.0
2012-2013,CENTRE D'ACCUEIL DIXVILLE INC.,9,4,0.0
2012-2013,CENTRE D'ACCUEIL DIXVILLE INC.,10,1,0.0
2012-2013,CENTRE D'ACCUEIL DIXVILLE INC.,10,2,0.0
2012-2013,CENTRE D'ACCUEIL DIXVILLE INC.,10,3,1.0
2012-2013,CENTRE D'ACCUEIL DIXVILLE INC.,10,4,79.0
2012-2013,CENTRE D'ACCUEIL DIXVILLE INC.,11,1,1.0
2012-2013,CENTRE D'ACCUEIL DIXVILLE INC.,11,2,809.0
2012-2013,CENTRE D'ACCUEIL DIXVILLE INC.,11,3,0.0
2012-2013,CENTRE D'ACCUEIL DIXVILLE INC.,11,4,0.0
2012-2013,CENTRE D'ACCUEIL DIXVILLE INC.,12,1,0.0
2012-2013,CENTRE D'ACCUEIL DIXVILLE INC.,12,2,0.0
2012-2013,CENTRE D'ACCUEIL DIXVILLE INC.,12,3,0.0
2012-2013,CENTRE D'ACCUEIL DIXVILLE INC.,12,4,0.0
2012-2013,CENTRE D'ACCUEIL DIXVILLE INC.,13,1,0.0
2012-2013,CENTRE D'ACCUEIL DIXVILLE INC.,13,2,0.0
2012-2013,CENTRE D'ACCUEIL DIXVILLE INC.,13,3,0.0
2012-2013,CENTRE D'ACCUEIL DIXVILLE INC.,13,4,0.0
2012-2013,CENTRE D'ACCUEIL DIXVILLE INC.,14,1,1.0
2012-2013,CENTRE D'ACCUEIL DIXVILLE INC.,14,3,1.0
2012-2013,CENTRE D'ACCUEIL DIXVILLE INC.,15,1,0.0
2012-2013,CENTRE D'ACCUEIL DIXVILLE INC.,15,2,0.0
2012-2013,CENTRE D'ACCUEIL DIXVILLE INC.,15,3,0.0
2012-2013,CENTRE D'ACCUEIL DIXVILLE INC.,15,4,0.0
2012-2013,CENTRE D'ACCUEIL DIXVILLE INC.,16,1,0.0
2012-2013,CENTRE D'ACCUEIL DIXVILLE INC.,16,2,0.0
2012-2013,CENTRE D'ACCUEIL DIXVILLE INC.,16,3,0.0
2012-2013,CENTRE D'ACCUEIL DIXVILLE INC.,16,4,0.0
2012-2013,CENTRE D'ACCUEIL DIXVILLE INC.,17,1,3.0
2012-2013,CENTRE D'ACCUEIL DIXVILLE INC.,17,2,171.0
2012-2013,CENTRE D'ACCUEIL DIXVILLE INC.,17,3,2.0
2012-2013,CENTRE D'ACCUEIL DIXVILLE INC.,17,4,61.0
2012-2013,CENTRE D'ACCUEIL DIXVILLE INC.,18,1,0.0
2012-2013,CENTRE D'ACCUEIL DIXVILLE INC.,18,2,0.0
2012-2013,CENTRE D'ACCUEIL DIXVILLE INC.,18,3,0.0
2012-2013,CENTRE D'ACCUEIL DIXVILLE INC.,18,4,0.0
2012-2013,CENTRE D'ACCUEIL DIXVILLE INC.,19,1,1.0
2012-2013,CENTRE D'ACCUEIL DIXVILLE INC.,19,2,361.0
2012-2013,CENTRE D'ACCUEIL DIXVILLE INC.,19,3,0.0
2012-2013,CENTRE D'ACCUEIL DIXVILLE INC.,19,4,0.0
2012-2013,CENTRE D'ACCUEIL DIXVILLE INC.,20,1,0.0
2012-2013,CENTRE D'ACCUEIL DIXVILLE INC.,20,2,0.0
2012-2013,CENTRE D'ACCUEIL DIXVILLE INC.,20,3,0.0
2012-2013,CENTRE D'ACCUEIL DIXVILLE INC.,20,4,0.0
2012-2013,CENTRE D'ACCUEIL DIXVILLE INC.,21,1,4.0
2012-2013,CENTRE D'ACCUEIL DIXVILLE INC.,21,3,2.0
2012-2013,CENTRE D'ACCUEIL DIXVILLE INC.,22,1,4.0
2012-2013,CENTRE D'ACCUEIL DIXVILLE INC.,22,2,21.0
2012-2013,CENTRE D'ACCUEIL DIXVILLE INC.,22,3,9.0
2012-2013,CENTRE D'ACCUEIL DIXVILLE INC.,22,4,51.0
2012-2013,CENTRE D'ACCUEIL DIXVILLE INC.,23,1,35.0
2012-2013,CENTRE D'ACCUEIL DIXVILLE INC.,23,2,507.0
2012-2013,CENTRE D'ACCUEIL DIXVILLE INC.,23,3,54.0
2012-2013,CENTRE D'ACCUEIL DIXVILLE INC.,23,4,395.0
2012-2013,CENTRE D'ACCUEIL DIXVILLE INC.,24,1,7.0
2012-2013,CENTRE D'ACCUEIL DIXVILLE INC.,24,2,168.0
2012-2013,CENTRE D'ACCUEIL DIXVILLE INC.,24,3,3.0
2012-2013,CENTRE D'ACCUEIL DIXVILLE INC.,24,4,275.0
2012-2013,CENTRE D'ACCUEIL DIXVILLE INC.,25,1,3.0
2012-2013,CENTRE D'ACCUEIL DIXVILLE INC.,25,2,169.0
2012-2013,CENTRE D'ACCUEIL DIXVILLE INC.,25,3,2.0
2012-2013,CENTRE D'ACCUEIL DIXVILLE INC.,25,4,218.0
2012-2013,CENTRE D'ACCUEIL DIXVILLE INC.,26,1,0.0
2012-2013,CENTRE D'ACCUEIL DIXVILLE INC.,26,2,0.0
2012-2013,CENTRE D'ACCUEIL DIXVILLE INC.,26,3,0.0
2012-2013,CENTRE D'ACCUEIL DIXVILLE INC.,26,4,0.0
2012-2013,CENTRE D'ACCUEIL DIXVILLE INC.,27,1,0.0
2012-2013,CENTRE D'ACCUEIL DIXVILLE INC.,27,2,0.0
2012-2013,CENTRE D'ACCUEIL DIXVILLE INC.,27,3,0.0
2012-2013,CENTRE D'ACCUEIL DIXVILLE INC.,27,4,0.0
2012-2013,CENTRE D'ACCUEIL DIXVILLE INC.,28,1,49.0
2012-2013,CENTRE D'ACCUEIL DIXVILLE INC.,28,3,68.0
2012-2013,CENTRE DE PROTECTION ET DE READAPTATION DE LA COTE-NORD,2,3,2.0
2012-2013,CENTRE DE PROTECTION ET DE READAPTATION DE LA COTE-NORD,2,4,158.0
2012-2013,CENTRE DE PROTECTION ET DE READAPTATION DE LA COTE-NORD,3,1,1.0
2012-2013,CENTRE DE PROTECTION ET DE READAPTATION DE LA COTE-NORD,3,2,101.0
2012-2013,CENTRE DE PROTECTION ET DE READAPTATION DE LA COTE-NORD,4,1,1.0
2012-2013,CENTRE DE PROTECTION ET DE READAPTATION DE LA COTE-NORD,4,2,565.0
2012-2013,CENTRE DE PROTECTION ET DE READAPTATION DE LA COTE-NORD,4,3,1.0
2012-2013,CENTRE DE PROTECTION ET DE READAPTATION DE LA COTE-NORD,4,4,364.0
2012-2013,CENTRE DE PROTECTION ET DE READAPTATION DE LA COTE-NORD,7,1,2.0
2012-2013,CENTRE DE PROTECTION ET DE READAPTATION DE LA COTE-NORD,7,3,3.0
2012-2013,CENTRE DE PROTECTION ET DE READAPTATION DE LA COTE-NORD,22,1,2.0
2012-2013,CENTRE DE PROTECTION ET DE READAPTATION DE LA COTE-NORD,22,2,56.0
2012-2013,CENTRE DE PROTECTION ET DE READAPTATION DE LA COTE-NORD,22,3,1.0
2012-2013,CENTRE DE PROTECTION ET DE READAPTATION DE LA COTE-NORD,22,4,26.0
2012-2013,CENTRE DE PROTECTION ET DE READAPTATION DE LA COTE-NORD,23,1,3.0
2012-2013,CENTRE DE PROTECTION ET DE READAPTATION DE LA COTE-NORD,23,2,166.0
2012-2013,CENTRE DE PROTECTION ET DE READAPTATION DE LA COTE-NORD,23,3,4.0
2012-2013,CENTRE DE PROTECTION ET DE READAPTATION DE LA COTE-NORD,23,4,68.0
2012-2013,CENTRE DE PROTECTION ET DE READAPTATION DE LA COTE-NORD,25,1,1.0
2012-2013,CENTRE DE PROTECTION ET DE READAPTATION DE LA COTE-NORD,25,2,4.0
2012-2013,CENTRE DE PROTECTION ET DE READAPTATION DE LA COTE-NORD,25,3,1.0
2012-2013,CENTRE DE PROTECTION ET DE READAPTATION DE LA COTE-NORD,25,4,6.0
2012-2013,CENTRE DE PROTECTION ET DE READAPTATION DE LA COTE-NORD,28,1,6.0
2012-2013,CENTRE DE PROTECTION ET DE READAPTATION DE LA COTE-NORD,28,3,6.0
2012-2013,CENTRE DE READAPTATION DE L'OUEST DE MONTREAL,1,1,7.0
2012-2013,CENTRE DE READAPTATION DE L'OUEST DE MONTREAL,1,2,387.0
2012-2013,CENTRE DE READAPTATION DE L'OUEST DE MONTREAL,1,3,9.0
2012-2013,CENTRE DE READAPTATION DE L'OUEST DE MONTREAL,1,4,392.0
2012-2013,CENTRE DE READAPTATION DE L'OUEST DE MONTREAL,2,1,44.0
2012-2013,CENTRE DE READAPTATION DE L'OUEST DE MONTREAL,2,2,943.0
2012-2013,CENTRE DE READAPTATION DE L'OUEST DE MONTREAL,2,3,58.0
2012-2013,CENTRE DE READAPTATION DE L'OUEST DE MONTREAL,2,4,768.0
2012-2013,CENTRE DE READAPTATION DE L'OUEST DE MONTREAL,3,1,17.0
2012-2013,CENTRE DE READAPTATION DE L'OUEST DE MONTREAL,3,2,1507.0
2012-2013,CENTRE DE READAPTATION DE L'OUEST DE MONTREAL,3,3,21.0
2012-2013,CENTRE DE READAPTATION DE L'OUEST DE MONTREAL,3,4,1861.0
2012-2013,CENTRE DE READAPTATION DE L'OUEST DE MONTREAL,4,1,13.0
2012-2013,CENTRE DE READAPTATION DE L'OUEST DE MONTREAL,4,2,1402.0
2012-2013,CENTRE DE READAPTATION DE L'OUEST DE MONTREAL,4,3,12.0
2012-2013,CENTRE DE READAPTATION DE L'OUEST DE MONTREAL,4,4,1873.0
2012-2013,CENTRE DE READAPTATION DE L'OUEST DE MONTREAL,5,1,2.0
2012-2013,CENTRE DE READAPTATION DE L'OUEST DE MONTREAL,5,2,1320.0
2012-2013,CENTRE DE READAPTATION DE L'OUEST DE MONTREAL,5,3,1.0
2012-2013,CENTRE DE READAPTATION DE L'OUEST DE MONTREAL,5,4,2720.0
2012-2013,CENTRE DE READAPTATION DE L'OUEST DE MONTREAL,6,1,0.0
2012-2013,CENTRE DE READAPTATION DE L'OUEST DE MONTREAL,6,2,0.0
2012-2013,CENTRE DE READAPTATION DE L'OUEST DE MONTREAL,6,3,0.0
2012-2013,CENTRE DE READAPTATION DE L'OUEST DE MONTREAL,6,4,0.0
2012-2013,CENTRE DE READAPTATION DE L'OUEST DE MONTREAL,7,1,83.0
2012-2013,CENTRE DE READAPTATION DE L'OUEST DE MONTREAL,7,3,101.0
2012-2013,CENTRE DE READAPTATION DE L'OUEST DE MONTREAL,8,1,0.0
2012-2013,CENTRE DE READAPTATION DE L'OUEST DE MONTREAL,8,2,0.0
2012-2013,CENTRE DE READAPTATION DE L'OUEST DE MONTREAL,8,3,0.0
2012-2013,CENTRE DE READAPTATION DE L'OUEST DE MONTREAL,8,4,0.0
2012-2013,CENTRE DE READAPTATION DE L'OUEST DE MONTREAL,9,1,0.0
2012-2013,CENTRE DE READAPTATION DE L'OUEST DE MONTREAL,9,2,0.0
2012-2013,CENTRE DE READAPTATION DE L'OUEST DE MONTREAL,9,3,0.0
2012-2013,CENTRE DE READAPTATION DE L'OUEST DE MONTREAL,9,4,0.0
2012-2013,CENTRE DE READAPTATION DE L'OUEST DE MONTREAL,10,1,8.0
2012-2013,CENTRE DE READAPTATION DE L'OUEST DE MONTREAL,10,2,425.0
2012-2013,CENTRE DE READAPTATION DE L'OUEST DE MONTREAL,10,3,8.0
2012-2013,CENTRE DE READAPTATION DE L'OUEST DE MONTREAL,10,4,467.0
2012-2013,CENTRE DE READAPTATION DE L'OUEST DE MONTREAL,11,1,2.0
2012-2013,CENTRE DE READAPTATION DE L'OUEST DE MONTREAL,11,2,545.0
2012-2013,CENTRE DE READAPTATION DE L'OUEST DE MONTREAL,11,3,2.0
2012-2013,CENTRE DE READAPTATION DE L'OUEST DE MONTREAL,11,4,910.0
2012-2013,CENTRE DE READAPTATION DE L'OUEST DE MONTREAL,12,1,0.0
2012-2013,CENTRE DE READAPTATION DE L'OUEST DE MONTREAL,12,2,0.0
2012-2013,CENTRE DE READAPTATION DE L'OUEST DE MONTREAL,12,3,0.0
2012-2013,CENTRE DE READAPTATION DE L'OUEST DE MONTREAL,12,4,0.0
2012-2013,CENTRE DE READAPTATION DE L'OUEST DE MONTREAL,13,1,0.0
2012-2013,CENTRE DE READAPTATION DE L'OUEST DE MONTREAL,13,2,0.0
2012-2013,CENTRE DE READAPTATION DE L'OUEST DE MONTREAL,13,3,0.0
2012-2013,CENTRE DE READAPTATION DE L'OUEST DE MONTREAL,13,4,0.0
2012-2013,CENTRE DE READAPTATION DE L'OUEST DE MONTREAL,14,1,10.0
2012-2013,CENTRE DE READAPTATION DE L'OUEST DE MONTREAL,14,3,10.0
2012-2013,CENTRE DE READAPTATION DE L'OUEST DE MONTREAL,15,1,0.0
2012-2013,CENTRE DE READAPTATION DE L'OUEST DE MONTREAL,15,2,0.0
2012-2013,CENTRE DE READAPTATION DE L'OUEST DE MONTREAL,15,3,0.0
2012-2013,CENTRE DE READAPTATION DE L'OUEST DE MONTREAL,15,4,0.0
2012-2013,CENTRE DE READAPTATION DE L'OUEST DE MONTREAL,16,1,0.0
2012-2013,CENTRE DE READAPTATION DE L'OUEST DE MONTREAL,16,2,0.0
2012-2013,CENTRE DE READAPTATION DE L'OUEST DE MONTREAL,16,3,0.0
2012-2013,CENTRE DE READAPTATION DE L'OUEST DE MONTREAL,16,4,0.0
2012-2013,CENTRE DE READAPTATION DE L'OUEST DE MONTREAL,17,1,9.0
2012-2013,CENTRE DE READAPTATION DE L'OUEST DE MONTREAL,17,2,342.0
2012-2013,CENTRE DE READAPTATION DE L'OUEST DE MONTREAL,17,3,15.0
2012-2013,CENTRE DE READAPTATION DE L'OUEST DE MONTREAL,17,4,273.0
2012-2013,CENTRE DE READAPTATION DE L'OUEST DE MONTREAL,18,1,4.0
2012-2013,CENTRE DE READAPTATION DE L'OUEST DE MONTREAL,18,2,446.0
2012-2013,CENTRE DE READAPTATION DE L'OUEST DE MONTREAL,18,3,3.0
2012-2013,CENTRE DE READAPTATION DE L'OUEST DE MONTREAL,18,4,991.0
2012-2013,CENTRE DE READAPTATION DE L'OUEST DE MONTREAL,19,1,0.0
2012-2013,CENTRE DE READAPTATION DE L'OUEST DE MONTREAL,19,2,0.0
2012-2013,CENTRE DE READAPTATION DE L'OUEST DE MONTREAL,19,3,0.0
2012-2013,CENTRE DE READAPTATION DE L'OUEST DE MONTREAL,19,4,0.0
2012-2013,CENTRE DE READAPTATION DE L'OUEST DE MONTREAL,20,1,0.0
2012-2013,CENTRE DE READAPTATION DE L'OUEST DE MONTREAL,20,2,0.0
2012-2013,CENTRE DE READAPTATION DE L'OUEST DE MONTREAL,20,3,0.0
2012-2013,CENTRE DE READAPTATION DE L'OUEST DE MONTREAL,20,4,0.0
2012-2013,CENTRE DE READAPTATION DE L'OUEST DE MONTREAL,21,1,13.0
2012-2013,CENTRE DE READAPTATION DE L'OUEST DE MONTREAL,21,3,18.0
2012-2013,CENTRE DE READAPTATION DE L'OUEST DE MONTREAL,22,1,90.0
2012-2013,CENTRE DE READAPTATION DE L'OUEST DE MONTREAL,22,2,370.0
2012-2013,CENTRE DE READAPTATION DE L'OUEST DE MONTREAL,22,3,169.0
2012-2013,CENTRE DE READAPTATION DE L'OUEST DE MONTREAL,22,4,348.0
2012-2013,CENTRE DE READAPTATION DE L'OUEST DE MONTREAL,23,1,349.0
2012-2013,CENTRE DE READAPTATION DE L'OUEST DE MONTREAL,23,2,1480.0
2012-2013,CENTRE DE READAPTATION DE L'OUEST DE MONTREAL,23,3,447.0
2012-2013,CENTRE DE READAPTATION DE L'OUEST DE MONTREAL,23,4,1393.0
2012-2013,CENTRE DE READAPTATION DE L'OUEST DE MONTREAL,24,1,39.0
2012-2013,CENTRE DE READAPTATION DE L'OUEST DE MONTREAL,24,2,1897.0
2012-2013,CENTRE DE READAPTATION DE L'OUEST DE MONTREAL,24,3,52.0
2012-2013,CENTRE DE READAPTATION DE L'OUEST DE MONTREAL,24,4,1987.0
2012-2013,CENTRE DE READAPTATION DE L'OUEST DE MONTREAL,25,1,6.0
2012-2013,CENTRE DE READAPTATION DE L'OUEST DE MONTREAL,25,2,698.0
2012-2013,CENTRE DE READAPTATION DE L'OUEST DE MONTREAL,25,3,3.0
2012-2013,CENTRE DE READAPTATION DE L'OUEST DE MONTREAL,25,4,1026.0
2012-2013,CENTRE DE READAPTATION DE L'OUEST DE MONTREAL,26,1,1.0
2012-2013,CENTRE DE READAPTATION DE L'OUEST DE MONTREAL,26,2,364.0
2012-2013,CENTRE DE READAPTATION DE L'OUEST DE MONTREAL,26,3,1.0
2012-2013,CENTRE DE READAPTATION DE L'OUEST DE MONTREAL,26,4,9.0
2012-2013,CENTRE DE READAPTATION DE L'OUEST DE MONTREAL,27,1,0.0
2012-2013,CENTRE DE READAPTATION DE L'OUEST DE MONTREAL,27,2,0.0
2012-2013,CENTRE DE READAPTATION DE L'OUEST DE MONTREAL,27,3,0.0
2012-2013,CENTRE DE READAPTATION DE L'OUEST DE MONTREAL,27,4,0.0
2012-2013,CENTRE DE READAPTATION DE L'OUEST DE MONTREAL,28,1,485.0
2012-2013,CENTRE DE READAPTATION DE L'OUEST DE MONTREAL,28,3,672.0
2012-2013,CENTRE DE READAPTATION LA MAISON,22,1,4.0
2012-2013,CENTRE DE READAPTATION LA MAISON,22,2,52.0
2012-2013,CENTRE DE READAPTATION LA MAISON,22,3,5.0
2012-2013,CENTRE DE READAPTATION LA MAISON,22,4,92.0
2012-2013,CENTRE DE READAPTATION LA MAISON,23,1,4.0
2012-2013,CENTRE DE READAPTATION LA MAISON,23,2,52.0
2012-2013,CENTRE DE READAPTATION LA MAISON,24,1,1.0
2012-2013,CENTRE DE READAPTATION LA MAISON,24,2,79.0
2012-2013,CENTRE DE READAPTATION LA MAISON,28,1,9.0
2012-2013,CENTRE DE READAPTATION LA MAISON,28,3,5.0
2012-2013,CENTRE DE READAPTATION LA MYRIADE,3,3,1.0
2012-2013,CENTRE DE READAPTATION LA MYRIADE,3,4,160.0
2012-2013,CENTRE DE READAPTATION LA MYRIADE,7,3,1.0
2012-2013,CENTRE DE READAPTATION LA MYRIADE,22,1,41.0
2012-2013,CENTRE DE READAPTATION LA MYRIADE,22,2,116.0
2012-2013,CENTRE DE READAPTATION LA MYRIADE,22,3,42.0
2012-2013,CENTRE DE READAPTATION LA MYRIADE,22,4,167.0
2012-2013,CENTRE DE READAPTATION LA MYRIADE,23,1,36.0
2012-2013,CENTRE DE READAPTATION LA MYRIADE,23,2,121.0
2012-2013,CENTRE DE READAPTATION LA MYRIADE,23,3,100.0
2012-2013,CENTRE DE READAPTATION LA MYRIADE,23,4,200.0
2012-2013,CENTRE DE READAPTATION LA MYRIADE,24,3,7.0
2012-2013,CENTRE DE READAPTATION LA MYRIADE,24,4,16.0
2012-2013,CENTRE DE READAPTATION LA MYRIADE,28,1,77.0
2012-2013,CENTRE DE READAPTATION LA MYRIADE,28,3,149.0
2012-2013,CENTRE DU FLORES,1,3,1.0
2012-2013,CENTRE DU FLORES,1,4,16.0
2012-2013,CENTRE DU FLORES,2,1,8.0
2012-2013,CENTRE DU FLORES,2,2,644.0
2012-2013,CENTRE DU FLORES,2,3,4.0
2012-2013,CENTRE DU FLORES,2,4,577.0
2012-2013,CENTRE DU FLORES,3,1,2.0
2012-2013,CENTRE DU FLORES,3,2,1269.0
2012-2013,CENTRE DU FLORES,3,3,4.0
2012-2013,CENTRE DU FLORES,3,4,871.0
2012-2013,CENTRE DU FLORES,4,1,6.0
2012-2013,CENTRE DU FLORES,4,2,728.0
2012-2013,CENTRE DU FLORES,4,3,8.0
2012-2013,CENTRE DU FLORES,4,4,694.0
2012-2013,CENTRE DU FLORES,7,1,16.0
2012-2013,CENTRE DU FLORES,7,3,17.0
2012-2013,CENTRE DU FLORES,9,1,1.0
2012-2013,CENTRE DU FLORES,9,2,390.0
2012-2013,CENTRE DU FLORES,10,1,1.0
2012-2013,CENTRE DU FLORES,10,2,597.0
2012-2013,CENTRE DU FLORES,10,3,2.0
2012-2013,CENTRE DU FLORES,10,4,557.0
2012-2013,CENTRE DU FLORES,11,1,4.0
2012-2013,CENTRE DU FLORES,11,2,561.0
2012-2013,CENTRE DU FLORES,11,3,2.0
2012-2013,CENTRE DU FLORES,11,4,719.0
2012-2013,CENTRE DU FLORES,12,3,2.0
2012-2013,CENTRE DU FLORES,12,4,194.0
2012-2013,CENTRE DU FLORES,14,1,6.0
2012-2013,CENTRE DU FLORES,14,3,6.0
2012-2013,CENTRE DU FLORES,16,1,1.0
2012-2013,CENTRE DU FLORES,16,2,67.0
2012-2013,CENTRE DU FLORES,16,3,1.0
2012-2013,CENTRE DU FLORES,16,4,13.0
2012-2013,CENTRE DU FLORES,17,1,4.0
2012-2013,CENTRE DU FLORES,17,2,684.0
2012-2013,CENTRE DU FLORES,17,3,10.0
2012-2013,CENTRE DU FLORES,17,4,130.0
2012-2013,CENTRE DU FLORES,18,1,7.0
2012-2013,CENTRE DU FLORES,18,2,1134.0
2012-2013,CENTRE DU FLORES,18,3,4.0
2012-2013,CENTRE DU FLORES,18,4,1136.0
2012-2013,CENTRE DU FLORES,21,1,12.0
2012-2013,CENTRE DU FLORES,21,3,15.0
2012-2013,CENTRE DU FLORES,22,1,15.0
2012-2013,CENTRE DU FLORES,22,2,76.0
2012-2013,CENTRE DU FLORES,22,3,22.0
2012-2013,CENTRE DU FLORES,22,4,75.0
2012-2013,CENTRE DU FLORES,23,1,30.0
2012-2013,CENTRE DU FLORES,23,2,143.0
2012-2013,CENTRE DU FLORES,23,3,21.0
2012-2013,CENTRE DU FLORES,23,4,138.0
2012-2013,CENTRE DU FLORES,24,3,1.0
2012-2013,CENTRE DU FLORES,24,4,101.0
2012-2013,CENTRE DU FLORES,25,1,4.0
2012-2013,CENTRE DU FLORES,25,2,563.0
2012-2013,CENTRE DU FLORES,25,3,4.0
2012-2013,CENTRE DU FLORES,25,4,928.0
2012-2013,CENTRE DU FLORES,28,1,49.0
2012-2013,CENTRE DU FLORES,28,3,48.0
2012-2013,CENTRE MIRIAM,1,1,1.0
2012-2013,CENTRE MIRIAM,1,2,39.0
2012-2013,CENTRE MIRIAM,1,3,1.0
2012-2013,CENTRE MIRIAM,1,4,262.0
2012-2013,CENTRE MIRIAM,2,1,14.0
2012-2013,CENTRE MIRIAM,2,2,471.0
2012-2013,CENTRE MIRIAM,2,3,10.0
2012-2013,CENTRE MIRIAM,2,4,362.0
2012-2013,CENTRE MIRIAM,3,1,3.0
2012-2013,CENTRE MIRIAM,3,2,547.0
2012-2013,CENTRE MIRIAM,3,3,3.0
2012-2013,CENTRE MIRIAM,3,4,676.0
2012-2013,CENTRE MIRIAM,4,1,5.0
2012-2013,CENTRE MIRIAM,4,2,2036.0
2012-2013,CENTRE MIRIAM,4,3,5.0
2012-2013,CENTRE MIRIAM,4,4,1373.0
2012-2013,CENTRE MIRIAM,5,1,1.0
2012-2013,CENTRE MIRIAM,5,2,561.0
2012-2013,CENTRE MIRIAM,5,3,1.0
2012-2013,CENTRE MIRIAM,5,4,926.0
2012-2013,CENTRE MIRIAM,6,1,0.0
2012-2013,CENTRE MIRIAM,6,2,0.0
2012-2013,CENTRE MIRIAM,6,3,0.0
2012-2013,CENTRE MIRIAM,6,4,0.0
2012-2013,CENTRE MIRIAM,7,1,24.0
2012-2013,CENTRE MIRIAM,7,3,20.0
2012-2013,CENTRE MIRIAM,8,1,0.0
2012-2013,CENTRE MIRIAM,8,2,0.0
2012-2013,CENTRE MIRIAM,8,3,0.0
2012-2013,CENTRE MIRIAM,8,4,0.0
2012-2013,CENTRE MIRIAM,9,1,0.0
2012-2013,CENTRE MIRIAM,9,2,0.0
2012-2013,CENTRE MIRIAM,9,3,0.0
2012-2013,CENTRE MIRIAM,9,4,0.0
2012-2013,CENTRE MIRIAM,10,1,2.0
2012-2013,CENTRE MIRIAM,10,2,183.0
2012-2013,CENTRE MIRIAM,10,3,0.0
2012-2013,CENTRE MIRIAM,10,4,0.0
2012-2013,CENTRE MIRIAM,11,1,0.0
2012-2013,CENTRE MIRIAM,11,2,0.0
2012-2013,CENTRE MIRIAM,11,3,1.0
2012-2013,CENTRE MIRIAM,11,4,23.0
2012-2013,CENTRE MIRIAM,12,1,2.0
2012-2013,CENTRE MIRIAM,12,2,261.0
2012-2013,CENTRE MIRIAM,12,3,3.0
2012-2013,CENTRE MIRIAM,12,4,479.0
2012-2013,CENTRE MIRIAM,13,1,0.0
2012-2013,CENTRE MIRIAM,13,2,0.0
2012-2013,CENTRE MIRIAM,13,3,0.0
2012-2013,CENTRE MIRIAM,13,4,0.0
2012-2013,CENTRE MIRIAM,14,1,4.0
2012-2013,CENTRE MIRIAM,14,3,4.0
2012-2013,CENTRE MIRIAM,15,1,0.0
2012-2013,CENTRE MIRIAM,15,2,0.0
2012-2013,CENTRE MIRIAM,15,3,0.0
2012-2013,CENTRE MIRIAM,15,4,0.0
2012-2013,CENTRE MIRIAM,16,1,0.0
2012-2013,CENTRE MIRIAM,16,2,0.0
2012-2013,CENTRE MIRIAM,16,3,0.0
2012-2013,CENTRE MIRIAM,16,4,0.0
2012-2013,CENTRE MIRIAM,17,1,0.0
2012-2013,CENTRE MIRIAM,17,2,0.0
2012-2013,CENTRE MIRIAM,17,3,0.0
2012-2013,CENTRE MIRIAM,17,4,0.0
2012-2013,CENTRE MIRIAM,18,1,0.0
2012-2013,CENTRE MIRIAM,18,2,0.0
2012-2013,CENTRE MIRIAM,18,3,0.0
2012-2013,CENTRE MIRIAM,18,4,0.0
2012-2013,CENTRE MIRIAM,19,1,0.0
2012-2013,CENTRE MIRIAM,19,2,0.0
2012-2013,CENTRE MIRIAM,19,3,1.0
2012-2013,CENTRE MIRIAM,19,4,217.0
2012-2013,CENTRE MIRIAM,20,1,0.0
2012-2013,CENTRE MIRIAM,20,2,0.0
2012-2013,CENTRE MIRIAM,20,3,0.0
2012-2013,CENTRE MIRIAM,20,4,0.0
2012-2013,CENTRE MIRIAM,21,1,0.0
2012-2013,CENTRE MIRIAM,21,3,1.0
2012-2013,CENTRE MIRIAM,22,1,62.0
2012-2013,CENTRE MIRIAM,22,2,271.0
2012-2013,CENTRE MIRIAM,22,3,55.0
2012-2013,CENTRE MIRIAM,22,4,252.0
2012-2013,CENTRE MIRIAM,23,1,20.0
2012-2013,CENTRE MIRIAM,23,2,394.0
2012-2013,CENTRE MIRIAM,23,3,41.0
2012-2013,CENTRE MIRIAM,23,4,197.0
2012-2013,CENTRE MIRIAM,24,1,1.0
2012-2013,CENTRE MIRIAM,24,2,71.0
2012-2013,CENTRE MIRIAM,24,3,3.0
2012-2013,CENTRE MIRIAM,24,4,397.0
2012-2013,CENTRE MIRIAM,25,1,5.0
2012-2013,CENTRE MIRIAM,25,2,287.0
2012-2013,CENTRE MIRIAM,25,3,4.0
2012-2013,CENTRE MIRIAM,25,4,465.0
2012-2013,CENTRE MIRIAM,26,1,1.0
2012-2013,CENTRE MIRIAM,26,2,561.0
2012-2013,CENTRE MIRIAM,26,3,1.0
2012-2013,CENTRE MIRIAM,26,4,926.0
2012-2013,CENTRE MIRIAM,27,1,0.0
2012-2013,CENTRE MIRIAM,27,2,0.0
2012-2013,CENTRE MIRIAM,28,1,89.0
2012-2013,CENTRE MIRIAM,28,3,104.0
2012-2013,CR EN DEFICIENCE INTELLECTUELLE DE QUEBEC,1,1,1.0
2012-2013,CR EN DEFICIENCE INTELLECTUELLE DE QUEBEC,1,2,149.0
2012-2013,CR EN DEFICIENCE INTELLECTUELLE DE QUEBEC,2,1,6.0
2012-2013,CR EN DEFICIENCE INTELLECTUELLE DE QUEBEC,2,2,623.0
2012-2013,CR EN DEFICIENCE INTELLECTUELLE DE QUEBEC,2,3,5.0
2012-2013,CR EN DEFICIENCE INTELLECTUELLE DE QUEBEC,2,4,264.0
2012-2013,CR EN DEFICIENCE INTELLECTUELLE DE QUEBEC,3,1,4.0
2012-2013,CR EN DEFICIENCE INTELLECTUELLE DE QUEBEC,3,2,247.0
2012-2013,CR EN DEFICIENCE INTELLECTUELLE DE QUEBEC,3,3,6.0
2012-2013,CR EN DEFICIENCE INTELLECTUELLE DE QUEBEC,3,4,128.0
2012-2013,CR EN DEFICIENCE INTELLECTUELLE DE QUEBEC,4,1,4.0
2012-2013,CR EN DEFICIENCE INTELLECTUELLE DE QUEBEC,4,2,463.0
2012-2013,CR EN DEFICIENCE INTELLECTUELLE DE QUEBEC,4,3,8.0
2012-2013,CR EN DEFICIENCE INTELLECTUELLE DE QUEBEC,4,4,509.0
2012-2013,CR EN DEFICIENCE INTELLECTUELLE DE QUEBEC,7,1,15.0
2012-2013,CR EN DEFICIENCE INTELLECTUELLE DE QUEBEC,7,3,19.0
2012-2013,CR EN DEFICIENCE INTELLECTUELLE DE QUEBEC,10,1,2.0
2012-2013,CR EN DEFICIENCE INTELLECTUELLE DE QUEBEC,10,2,53.0
2012-2013,CR EN DEFICIENCE INTELLECTUELLE DE QUEBEC,10,3,6.0
2012-2013,CR EN DEFICIENCE INTELLECTUELLE DE QUEBEC,10,4,183.0
2012-2013,CR EN DEFICIENCE INTELLECTUELLE DE QUEBEC,12,1,1.0
2012-2013,CR EN DEFICIENCE INTELLECTUELLE DE QUEBEC,12,2,711.0
2012-2013,CR EN DEFICIENCE INTELLECTUELLE DE QUEBEC,12,3,2.0
2012-2013,CR EN DEFICIENCE INTELLECTUELLE DE QUEBEC,12,4,549.0
2012-2013,CR EN DEFICIENCE INTELLECTUELLE DE QUEBEC,14,1,3.0
2012-2013,CR EN DEFICIENCE INTELLECTUELLE DE QUEBEC,14,3,8.0
2012-2013,CR EN DEFICIENCE INTELLECTUELLE DE QUEBEC,17,1,6.0
2012-2013,CR EN DEFICIENCE INTELLECTUELLE DE QUEBEC,17,2,189.0
2012-2013,CR EN DEFICIENCE INTELLECTUELLE DE QUEBEC,17,3,9.0
2012-2013,CR EN DEFICIENCE INTELLECTUELLE DE QUEBEC,17,4,231.0
2012-2013,CR EN DEFICIENCE INTELLECTUELLE DE QUEBEC,18,1,7.0
2012-2013,CR EN DEFICIENCE INTELLECTUELLE DE QUEBEC,18,2,454.0
2012-2013,CR EN DEFICIENCE INTELLECTUELLE DE QUEBEC,18,3,6.0
2012-2013,CR EN DEFICIENCE INTELLECTUELLE DE QUEBEC,18,4,847.0
2012-2013,CR EN DEFICIENCE INTELLECTUELLE DE QUEBEC,19,3,1.0
2012-2013,CR EN DEFICIENCE INTELLECTUELLE DE QUEBEC,19,4,177.0
2012-2013,CR EN DEFICIENCE INTELLECTUELLE DE QUEBEC,21,1,13.0
2012-2013,CR EN DEFICIENCE INTELLECTUELLE DE QUEBEC,21,3,16.0
2012-2013,CR EN DEFICIENCE INTELLECTUELLE DE QUEBEC,22,1,4.0
2012-2013,CR EN DEFICIENCE INTELLECTUELLE DE QUEBEC,22,2,16.0
2012-2013,CR EN DEFICIENCE INTELLECTUELLE DE QUEBEC,22,3,16.0
2012-2013,CR EN DEFICIENCE INTELLECTUELLE DE QUEBEC,22,4,71.0
2012-2013,CR EN DEFICIENCE INTELLECTUELLE DE QUEBEC,23,1,39.0
2012-2013,CR EN DEFICIENCE INTELLECTUELLE DE QUEBEC,23,2,145.0
2012-2013,CR EN DEFICIENCE INTELLECTUELLE DE QUEBEC,23,3,65.0
2012-2013,CR EN DEFICIENCE INTELLECTUELLE DE QUEBEC,23,4,114.0
2012-2013,CR EN DEFICIENCE INTELLECTUELLE DE QUEBEC,24,1,3.0
2012-2013,CR EN DEFICIENCE INTELLECTUELLE DE QUEBEC,24,2,110.0
2012-2013,CR EN DEFICIENCE INTELLECTUELLE DE QUEBEC,24,3,9.0
2012-2013,CR EN DEFICIENCE INTELLECTUELLE DE QUEBEC,24,4,124.0
2012-2013,CR EN DEFICIENCE INTELLECTUELLE DE QUEBEC,25,1,4.0
2012-2013,CR EN DEFICIENCE INTELLECTUELLE DE QUEBEC,25,2,120.0
2012-2013,CR EN DEFICIENCE INTELLECTUELLE DE QUEBEC,25,3,6.0
2012-2013,CR EN DEFICIENCE INTELLECTUELLE DE QUEBEC,25,4,102.0
2012-2013,CR EN DEFICIENCE INTELLECTUELLE DE QUEBEC,26,3,3.0
2012-2013,CR EN DEFICIENCE INTELLECTUELLE DE QUEBEC,26,4,91.0
2012-2013,CR EN DEFICIENCE INTELLECTUELLE DE QUEBEC,28,1,50.0
2012-2013,CR EN DEFICIENCE INTELLECTUELLE DE QUEBEC,28,3,99.0
2012-2013,CRDITED DE CHAUDIERE-APPALACHES,1,1,1.0
2012-2013,CRDITED DE CHAUDIERE-APPALACHES,1,2,218.0
2012-2013,CRDITED DE CHAUDIERE-APPALACHES,2,1,6.0
2012-2013,CRDITED DE CHAUDIERE-APPALACHES,2,2,210.0
2012-2013,CRDITED DE CHAUDIERE-APPALACHES,2,3,3.0
2012-2013,CRDITED DE CHAUDIERE-APPALACHES,2,4,403.0
2012-2013,CRDITED DE CHAUDIERE-APPALACHES,3,1,1.0
2012-2013,CRDITED DE CHAUDIERE-APPALACHES,3,2,152.0
2012-2013,CRDITED DE CHAUDIERE-APPALACHES,3,3,1.0
2012-2013,CRDITED DE CHAUDIERE-APPALACHES,3,4,76.0
2012-2013,CRDITED DE CHAUDIERE-APPALACHES,4,1,4.0
2012-2013,CRDITED DE CHAUDIERE-APPALACHES,4,2,65.0
2012-2013,CRDITED DE CHAUDIERE-APPALACHES,4,3,1.0
2012-2013,CRDITED DE CHAUDIERE-APPALACHES,4,4,404.0
2012-2013,CRDITED DE CHAUDIERE-APPALACHES,5,3,1.0
2012-2013,CRDITED DE CHAUDIERE-APPALACHES,5,4,529.0
2012-2013,CRDITED DE CHAUDIERE-APPALACHES,7,1,12.0
2012-2013,CRDITED DE CHAUDIERE-APPALACHES,7,3,6.0
2012-2013,CRDITED DE CHAUDIERE-APPALACHES,10,1,2.0
2012-2013,CRDITED DE CHAUDIERE-APPALACHES,10,2,397.0
2012-2013,CRDITED DE CHAUDIERE-APPALACHES,10,3,4.0
2012-2013,CRDITED DE CHAUDIERE-APPALACHES,10,4,136.0
2012-2013,CRDITED DE CHAUDIERE-APPALACHES,11,1,1.0
2012-2013,CRDITED DE CHAUDIERE-APPALACHES,11,2,75.0
2012-2013,CRDITED DE CHAUDIERE-APPALACHES,14,1,3.0
2012-2013,CRDITED DE CHAUDIERE-APPALACHES,14,3,4.0
2012-2013,CRDITED DE CHAUDIERE-APPALACHES,16,1,4.0
2012-2013,CRDITED DE CHAUDIERE-APPALACHES,16,2,35.0
2012-2013,CRDITED DE CHAUDIERE-APPALACHES,16,3,2.0
2012-2013,CRDITED DE CHAUDIERE-APPALACHES,16,4,86.0
2012-2013,CRDITED DE CHAUDIERE-APPALACHES,17,1,6.0
2012-2013,CRDITED DE CHAUDIERE-APPALACHES,17,2,273.0
2012-2013,CRDITED DE CHAUDIERE-APPALACHES,17,3,5.0
2012-2013,CRDITED DE CHAUDIERE-APPALACHES,17,4,179.0
2012-2013,CRDITED DE CHAUDIERE-APPALACHES,18,1,1.0
2012-2013,CRDITED DE CHAUDIERE-APPALACHES,18,2,207.0
2012-2013,CRDITED DE CHAUDIERE-APPALACHES,18,3,4.0
2012-2013,CRDITED DE CHAUDIERE-APPALACHES,18,4,138.0
2012-2013,CRDITED DE CHAUDIERE-APPALACHES,21,1,11.0
2012-2013,CRDITED DE CHAUDIERE-APPALACHES,21,3,11.0
2012-2013,CRDITED DE CHAUDIERE-APPALACHES,22,1,5.0
2012-2013,CRDITED DE CHAUDIERE-APPALACHES,22,2,70.0
2012-2013,CRDITED DE CHAUDIERE-APPALACHES,22,3,5.0
2012-2013,CRDITED DE CHAUDIERE-APPALACHES,22,4,18.0
2012-2013,CRDITED DE CHAUDIERE-APPALACHES,23,1,16.0
2012-2013,CRDITED DE CHAUDIERE-APPALACHES,23,2,197.0
2012-2013,CRDITED DE CHAUDIERE-APPALACHES,23,3,18.0
2012-2013,CRDITED DE CHAUDIERE-APPALACHES,23,4,62.0
2012-2013,CRDITED DE CHAUDIERE-APPALACHES,24,1,5.0
2012-2013,CRDITED DE CHAUDIERE-APPALACHES,24,2,32.0
2012-2013,CRDITED DE CHAUDIERE-APPALACHES,24,3,4.0
2012-2013,CRDITED DE CHAUDIERE-APPALACHES,24,4,96.0
2012-2013,CRDITED DE CHAUDIERE-APPALACHES,25,3,2.0
2012-2013,CRDITED DE CHAUDIERE-APPALACHES,25,4,84.0
2012-2013,CRDITED DE CHAUDIERE-APPALACHES,28,1,26.0
2012-2013,CRDITED DE CHAUDIERE-APPALACHES,28,3,29.0
2012-2013,CRDITED DE LA MAURICIE-ET-DU-CENTRE-DU-QUEBEC - IU,2,1,6.0
2012-2013,CRDITED DE LA MAURICIE-ET-DU-CENTRE-DU-QUEBEC - IU,2,2,797.0
2012-2013,CRDITED DE LA MAURICIE-ET-DU-CENTRE-DU-QUEBEC - IU,2,3,5.0
2012-2013,CRDITED DE LA MAURICIE-ET-DU-CENTRE-DU-QUEBEC - IU,2,4,434.0
2012-2013,CRDITED DE LA MAURICIE-ET-DU-CENTRE-DU-QUEBEC - IU,3,1,2.0
2012-2013,CRDITED DE LA MAURICIE-ET-DU-CENTRE-DU-QUEBEC - IU,3,2,735.0
2012-2013,CRDITED DE LA MAURICIE-ET-DU-CENTRE-DU-QUEBEC - IU,3,3,1.0
2012-2013,CRDITED DE LA MAURICIE-ET-DU-CENTRE-DU-QUEBEC - IU,3,4,47.0
2012-2013,CRDITED DE LA MAURICIE-ET-DU-CENTRE-DU-QUEBEC - IU,4,1,3.0
2012-2013,CRDITED DE LA MAURICIE-ET-DU-CENTRE-DU-QUEBEC - IU,4,2,1123.0
2012-2013,CRDITED DE LA MAURICIE-ET-DU-CENTRE-DU-QUEBEC - IU,4,3,3.0
2012-2013,CRDITED DE LA MAURICIE-ET-DU-CENTRE-DU-QUEBEC - IU,4,4,1132.0
2012-2013,CRDITED DE LA MAURICIE-ET-DU-CENTRE-DU-QUEBEC - IU,7,1,11.0
2012-2013,CRDITED DE LA MAURICIE-ET-DU-CENTRE-DU-QUEBEC - IU,7,3,9.0
2012-2013,CRDITED DE LA MAURICIE-ET-DU-CENTRE-DU-QUEBEC - IU,11,1,5.0
2012-2013,CRDITED DE LA MAURICIE-ET-DU-CENTRE-DU-QUEBEC - IU,11,2,665.0
2012-2013,CRDITED DE LA MAURICIE-ET-DU-CENTRE-DU-QUEBEC - IU,11,3,2.0
2012-2013,CRDITED DE LA MAURICIE-ET-DU-CENTRE-DU-QUEBEC - IU,11,4,333.0
2012-2013,CRDITED DE LA MAURICIE-ET-DU-CENTRE-DU-QUEBEC - IU,14,1,5.0
2012-2013,CRDITED DE LA MAURICIE-ET-DU-CENTRE-DU-QUEBEC - IU,14,3,2.0
2012-2013,CRDITED DE LA MAURICIE-ET-DU-CENTRE-DU-QUEBEC - IU,16,1,1.0
2012-2013,CRDITED DE LA MAURICIE-ET-DU-CENTRE-DU-QUEBEC - IU,16,2,106.0
2012-2013,CRDITED DE LA MAURICIE-ET-DU-CENTRE-DU-QUEBEC - IU,16,3,1.0
2012-2013,CRDITED DE LA MAURICIE-ET-DU-CENTRE-DU-QUEBEC - IU,16,4,17.0
2012-2013,CRDITED DE LA MAURICIE-ET-DU-CENTRE-DU-QUEBEC - IU,17,1,5.0
2012-2013,CRDITED DE LA MAURICIE-ET-DU-CENTRE-DU-QUEBEC - IU,17,2,433.0
2012-2013,CRDITED DE LA MAURICIE-ET-DU-CENTRE-DU-QUEBEC - IU,17,3,4.0
2012-2013,CRDITED DE LA MAURICIE-ET-DU-CENTRE-DU-QUEBEC - IU,17,4,724.0
2012-2013,CRDITED DE LA MAURICIE-ET-DU-CENTRE-DU-QUEBEC - IU,18,1,5.0
2012-2013,CRDITED DE LA MAURICIE-ET-DU-CENTRE-DU-QUEBEC - IU,18,2,805.0
2012-2013,CRDITED DE LA MAURICIE-ET-DU-CENTRE-DU-QUEBEC - IU,18,3,3.0
2012-2013,CRDITED DE LA MAURICIE-ET-DU-CENTRE-DU-QUEBEC - IU,18,4,256.0
2012-2013,CRDITED DE LA MAURICIE-ET-DU-CENTRE-DU-QUEBEC - IU,21,1,11.0
2012-2013,CRDITED DE LA MAURICIE-ET-DU-CENTRE-DU-QUEBEC - IU,21,3,8.0
2012-2013,CRDITED DE LA MAURICIE-ET-DU-CENTRE-DU-QUEBEC - IU,22,1,12.0
2012-2013,CRDITED DE LA MAURICIE-ET-DU-CENTRE-DU-QUEBEC - IU,22,2,101.0
2012-2013,CRDITED DE LA MAURICIE-ET-DU-CENTRE-DU-QUEBEC - IU,22,3,2.0
2012-2013,CRDITED DE LA MAURICIE-ET-DU-CENTRE-DU-QUEBEC - IU,22,4,21.0
2012-2013,CRDITED DE LA MAURICIE-ET-DU-CENTRE-DU-QUEBEC - IU,23,1,50.0
2012-2013,CRDITED DE LA MAURICIE-ET-DU-CENTRE-DU-QUEBEC - IU,23,2,168.0
2012-2013,CRDITED DE LA MAURICIE-ET-DU-CENTRE-DU-QUEBEC - IU,23,3,28.0
2012-2013,CRDITED DE LA MAURICIE-ET-DU-CENTRE-DU-QUEBEC - IU,23,4,118.0
2012-2013,CRDITED DE LA MAURICIE-ET-DU-CENTRE-DU-QUEBEC - IU,24,1,7.0
2012-2013,CRDITED DE LA MAURICIE-ET-DU-CENTRE-DU-QUEBEC - IU,24,2,212.0
2012-2013,CRDITED DE LA MAURICIE-ET-DU-CENTRE-DU-QUEBEC - IU,24,3,2.0
2012-2013,CRDITED DE LA MAURICIE-ET-DU-CENTRE-DU-QUEBEC - IU,24,4,228.0
2012-2013,CRDITED DE LA MAURICIE-ET-DU-CENTRE-DU-QUEBEC - IU,25,1,24.0
2012-2013,CRDITED DE LA MAURICIE-ET-DU-CENTRE-DU-QUEBEC - IU,25,2,285.0
2012-2013,CRDITED DE LA MAURICIE-ET-DU-CENTRE-DU-QUEBEC - IU,25,3,9.0
2012-2013,CRDITED DE LA MAURICIE-ET-DU-CENTRE-DU-QUEBEC - IU,25,4,273.0
2012-2013,CRDITED DE LA MAURICIE-ET-DU-CENTRE-DU-QUEBEC - IU,26,1,9.0
2012-2013,CRDITED DE LA MAURICIE-ET-DU-CENTRE-DU-QUEBEC - IU,26,2,139.0
2012-2013,CRDITED DE LA MAURICIE-ET-DU-CENTRE-DU-QUEBEC - IU,26,3,2.0
2012-2013,CRDITED DE LA MAURICIE-ET-DU-CENTRE-DU-QUEBEC - IU,26,4,216.0
2012-2013,CRDITED DE LA MAURICIE-ET-DU-CENTRE-DU-QUEBEC - IU,27,1,3.0
2012-2013,CRDITED DE LA MAURICIE-ET-DU-CENTRE-DU-QUEBEC - IU,27,2,144.0
2012-2013,CRDITED DE LA MAURICIE-ET-DU-CENTRE-DU-QUEBEC - IU,28,1,105.0
2012-2013,CRDITED DE LA MAURICIE-ET-DU-CENTRE-DU-QUEBEC - IU,28,3,43.0
2012-2013,CRDITED DE LA MONTEREGIE-EST,1,1,0.0
2012-2013,CRDITED DE LA MONTEREGIE-EST,1,2,0.0
2012-2013,CRDITED DE LA MONTEREGIE-EST,1,3,0.0
2012-2013,CRDITED DE LA MONTEREGIE-EST,1,4,0.0
2012-2013,CRDITED DE LA MONTEREGIE-EST,2,1,8.0
2012-2013,CRDITED DE LA MONTEREGIE-EST,2,2,264.0
2012-2013,CRDITED DE LA MONTEREGIE-EST,2,3,11.0
2012-2013,CRDITED DE LA MONTEREGIE-EST,2,4,282.0
2012-2013,CRDITED DE LA MONTEREGIE-EST,3,1,2.0
2012-2013,CRDITED DE LA MONTEREGIE-EST,3,2,2271.0
2012-2013,CRDITED DE LA MONTEREGIE-EST,3,3,4.0
2012-2013,CRDITED DE LA MONTEREGIE-EST,3,4,1399.0
2012-2013,CRDITED DE LA MONTEREGIE-EST,4,1,11.0
2012-2013,CRDITED DE LA MONTEREGIE-EST,4,2,1410.0
2012-2013,CRDITED DE LA MONTEREGIE-EST,4,3,11.0
2012-2013,CRDITED DE LA MONTEREGIE-EST,4,4,1420.0
2012-2013,CRDITED DE LA MONTEREGIE-EST,5,1,0.0
2012-2013,CRDITED DE LA MONTEREGIE-EST,5,2,0.0
2012-2013,CRDITED DE LA MONTEREGIE-EST,5,3,2.0
2012-2013,CRDITED DE LA MONTEREGIE-EST,5,4,417.0
2012-2013,CRDITED DE LA MONTEREGIE-EST,6,1,0.0
2012-2013,CRDITED DE LA MONTEREGIE-EST,6,2,0.0
2012-2013,CRDITED DE LA MONTEREGIE-EST,6,3,0.0
2012-2013,CRDITED DE LA MONTEREGIE-EST,6,4,0.0
2012-2013,CRDITED DE LA MONTEREGIE-EST,7,1,21.0
2012-2013,CRDITED DE LA MONTEREGIE-EST,7,3,28.0
2012-2013,CRDITED DE LA MONTEREGIE-EST,8,1,0.0
2012-2013,CRDITED DE LA MONTEREGIE-EST,8,2,0.0
2012-2013,CRDITED DE LA MONTEREGIE-EST,8,3,0.0
2012-2013,CRDITED DE LA MONTEREGIE-EST,8,4,0.0
2012-2013,CRDITED DE LA MONTEREGIE-EST,9,1,0.0
2012-2013,CRDITED DE LA MONTEREGIE-EST,9,2,0.0
2012-2013,CRDITED DE LA MONTEREGIE-EST,9,3,0.0
2012-2013,CRDITED DE LA MONTEREGIE-EST,9,4,0.0
2012-2013,CRDITED DE LA MONTEREGIE-EST,10,1,0.0
2012-2013,CRDITED DE LA MONTEREGIE-EST,10,2,0.0
2012-2013,CRDITED DE LA MONTEREGIE-EST,10,3,4.0
2012-2013,CRDITED DE LA MONTEREGIE-EST,10,4,281.0
2012-2013,CRDITED DE LA MONTEREGIE-EST,11,1,1.0
2012-2013,CRDITED DE LA MONTEREGIE-EST,11,2,113.0
2012-2013,CRDITED DE LA MONTEREGIE-EST,11,3,2.0
2012-2013,CRDITED DE LA MONTEREGIE-EST,11,4,57.0
2012-2013,CRDITED DE LA MONTEREGIE-EST,12,1,0.0
2012-2013,CRDITED DE LA MONTEREGIE-EST,12,2,0.0
2012-2013,CRDITED DE LA MONTEREGIE-EST,12,3,0.0
2012-2013,CRDITED DE LA MONTEREGIE-EST,12,4,0.0
2012-2013,CRDITED DE LA MONTEREGIE-EST,13,1,0.0
2012-2013,CRDITED DE LA MONTEREGIE-EST,13,2,0.0
2012-2013,CRDITED DE LA MONTEREGIE-EST,13,3,0.0
2012-2013,CRDITED DE LA MONTEREGIE-EST,13,4,0.0
2012-2013,CRDITED DE LA MONTEREGIE-EST,14,1,1.0
2012-2013,CRDITED DE LA MONTEREGIE-EST,14,3,6.0
2012-2013,CRDITED DE LA MONTEREGIE-EST,15,1,0.0
2012-2013,CRDITED DE LA MONTEREGIE-EST,15,2,0.0
2012-2013,CRDITED DE LA MONTEREGIE-EST,15,3,0.0
2012-2013,CRDITED DE LA MONTEREGIE-EST,15,4,0.0
2012-2013,CRDITED DE LA MONTEREGIE-EST,16,1,0.0
2012-2013,CRDITED DE LA MONTEREGIE-EST,16,2,0.0
2012-2013,CRDITED DE LA MONTEREGIE-EST,16,3,0.0
2012-2013,CRDITED DE LA MONTEREGIE-EST,16,4,0.0
2012-2013,CRDITED DE LA MONTEREGIE-EST,17,1,1.0
2012-2013,CRDITED DE LA MONTEREGIE-EST,17,2,100.0
2012-2013,CRDITED DE LA MONTEREGIE-EST,17,3,0.0
2012-2013,CRDITED DE LA MONTEREGIE-EST,17,4,0.0
2012-2013,CRDITED DE LA MONTEREGIE-EST,18,1,0.0
2012-2013,CRDITED DE LA MONTEREGIE-EST,18,2,0.0
2012-2013,CRDITED DE LA MONTEREGIE-EST,18,3,0.0
2012-2013,CRDITED DE LA MONTEREGIE-EST,18,4,0.0
2012-2013,CRDITED DE LA MONTEREGIE-EST,19,1,0.0
2012-2013,CRDITED DE LA MONTEREGIE-EST,19,2,0.0
2012-2013,CRDITED DE LA MONTEREGIE-EST,19,3,0.0
2012-2013,CRDITED DE LA MONTEREGIE-EST,19,4,0.0
2012-2013,CRDITED DE LA MONTEREGIE-EST,20,1,0.0
2012-2013,CRDITED DE LA MONTEREGIE-EST,20,2,0.0
2012-2013,CRDITED DE LA MONTEREGIE-EST,20,3,0.0
2012-2013,CRDITED DE LA MONTEREGIE-EST,20,4,0.0
2012-2013,CRDITED DE LA MONTEREGIE-EST,21,1,1.0
2012-2013,CRDITED DE LA MONTEREGIE-EST,21,3,0.0
2012-2013,CRDITED DE LA MONTEREGIE-EST,22,1,164.0
2012-2013,CRDITED DE LA MONTEREGIE-EST,22,2,197.0
2012-2013,CRDITED DE LA MONTEREGIE-EST,22,3,227.0
2012-2013,CRDITED DE LA MONTEREGIE-EST,22,4,175.0
2012-2013,CRDITED DE LA MONTEREGIE-EST,23,1,443.0
2012-2013,CRDITED DE LA MONTEREGIE-EST,23,2,405.0
2012-2013,CRDITED DE LA MONTEREGIE-EST,23,3,520.0
2012-2013,CRDITED DE LA MONTEREGIE-EST,23,4,376.0
2012-2013,CRDITED DE LA MONTEREGIE-EST,24,1,13.0
2012-2013,CRDITED DE LA MONTEREGIE-EST,24,2,513.0
2012-2013,CRDITED DE LA MONTEREGIE-EST,24,3,13.0
2012-2013,CRDITED DE LA MONTEREGIE-EST,24,4,459.0
2012-2013,CRDITED DE LA MONTEREGIE-EST,25,1,11.0
2012-2013,CRDITED DE LA MONTEREGIE-EST,25,2,478.0
2012-2013,CRDITED DE LA MONTEREGIE-EST,25,3,12.0
2012-2013,CRDITED DE LA MONTEREGIE-EST,25,4,348.0
2012-2013,CRDITED DE LA MONTEREGIE-EST,26,1,4.0
2012-2013,CRDITED DE LA MONTEREGIE-EST,26,2,663.0
2012-2013,CRDITED DE LA MONTEREGIE-EST,26,3,2.0
2012-2013,CRDITED DE LA MONTEREGIE-EST,26,4,304.0
2012-2013,CRDITED DE LA MONTEREGIE-EST,27,1,0.0
2012-2013,CRDITED DE LA MONTEREGIE-EST,27,2,0.0
2012-2013,CRDITED DE LA MONTEREGIE-EST,27,3,0.0
2012-2013,CRDITED DE LA MONTEREGIE-EST,27,4,0.0
2012-2013,CRDITED DE LA MONTEREGIE-EST,28,1,635.0
2012-2013,CRDITED DE LA MONTEREGIE-EST,28,3,774.0
2012-2013,CRDITED DE LAVAL,1,1,0.0
2012-2013,CRDITED DE LAVAL,1,2,0.0
2012-2013,CRDITED DE LAVAL,1,3,0.0
2012-2013,CRDITED DE LAVAL,1,4,0.0
2012-2013,CRDITED DE LAVAL,2,1,7.0
2012-2013,CRDITED DE LAVAL,2,2,555.0
2012-2013,CRDITED DE LAVAL,2,3,10.0
2012-2013,CRDITED DE LAVAL,2,4,246.0
2012-2013,CRDITED DE LAVAL,3,1,9.0
2012-2013,CRDITED DE LAVAL,3,2,374.0
2012-2013,CRDITED DE LAVAL,3,3,9.0
2012-2013,CRDITED DE LAVAL,3,4,421.0
2012-2013,CRDITED DE LAVAL,4,1,5.0
2012-2013,CRDITED DE LAVAL,4,2,1110.0
2012-2013,CRDITED DE LAVAL,4,3,3.0
2012-2013,CRDITED DE LAVAL,4,4,522.0
2012-2013,CRDITED DE LAVAL,5,1,0.0
2012-2013,CRDITED DE LAVAL,5,2,0.0
2012-2013,CRDITED DE LAVAL,5,3,0.0
2012-2013,CRDITED DE LAVAL,5,4,0.0
2012-2013,CRDITED DE LAVAL,6,1,0.0
2012-2013,CRDITED DE LAVAL,6,2,0.0
2012-2013,CRDITED DE LAVAL,6,3,0.0
2012-2013,CRDITED DE LAVAL,6,4,0.0
2012-2013,CRDITED DE LAVAL,7,1,21.0
2012-2013,CRDITED DE LAVAL,7,3,22.0
2012-2013,CRDITED DE LAVAL,8,1,0.0
2012-2013,CRDITED DE LAVAL,8,2,0.0
2012-2013,CRDITED DE LAVAL,8,3,0.0
2012-2013,CRDITED DE LAVAL,8,4,0.0
2012-2013,CRDITED DE LAVAL,9,1,0.0
2012-2013,CRDITED DE LAVAL,9,2,0.0
2012-2013,CRDITED DE LAVAL,9,3,0.0
2012-2013,CRDITED DE LAVAL,9,4,0.0
2012-2013,CRDITED DE LAVAL,10,1,0.0
2012-2013,CRDITED DE LAVAL,10,2,0.0
2012-2013,CRDITED DE LAVAL,10,3,0.0
2012-2013,CRDITED DE LAVAL,10,4,0.0
2012-2013,CRDITED DE LAVAL,11,1,0.0
2012-2013,CRDITED DE LAVAL,11,2,0.0
2012-2013,CRDITED DE LAVAL,11,3,0.0
2012-2013,CRDITED DE LAVAL,11,4,0.0
2012-2013,CRDITED DE LAVAL,12,1,0.0
2012-2013,CRDITED DE LAVAL,12,2,0.0
2012-2013,CRDITED DE LAVAL,12,3,0.0
2012-2013,CRDITED DE LAVAL,12,4,0.0
2012-2013,CRDITED DE LAVAL,13,1,0.0
2012-2013,CRDITED DE LAVAL,13,2,0.0
2012-2013,CRDITED DE LAVAL,13,3,0.0
2012-2013,CRDITED DE LAVAL,13,4,0.0
2012-2013,CRDITED DE LAVAL,14,1,0.0
2012-2013,CRDITED DE LAVAL,14,3,0.0
2012-2013,CRDITED DE LAVAL,15,1,0.0
2012-2013,CRDITED DE LAVAL,15,2,0.0
2012-2013,CRDITED DE LAVAL,15,3,0.0
2012-2013,CRDITED DE LAVAL,15,4,0.0
2012-2013,CRDITED DE LAVAL,16,1,0.0
2012-2013,CRDITED DE LAVAL,16,2,0.0
2012-2013,CRDITED DE LAVAL,16,3,0.0
2012-2013,CRDITED DE LAVAL,16,4,0.0
2012-2013,CRDITED DE LAVAL,17,1,0.0
2012-2013,CRDITED DE LAVAL,17,2,0.0
2012-2013,CRDITED DE LAVAL,17,3,1.0
2012-2013,CRDITED DE LAVAL,17,4,79.0
2012-2013,CRDITED DE LAVAL,18,1,0.0
2012-2013,CRDITED DE LAVAL,18,2,0.0
2012-2013,CRDITED DE LAVAL,18,3,0.0
2012-2013,CRDITED DE LAVAL,18,4,0.0
2012-2013,CRDITED DE LAVAL,19,1,0.0
2012-2013,CRDITED DE LAVAL,19,2,0.0
2012-2013,CRDITED DE LAVAL,19,3,0.0
2012-2013,CRDITED DE LAVAL,19,4,0.0
2012-2013,CRDITED DE LAVAL,20,1,0.0
2012-2013,CRDITED DE LAVAL,20,2,0.0
2012-2013,CRDITED DE LAVAL,20,3,0.0
2012-2013,CRDITED DE LAVAL,20,4,0.0
2012-2013,CRDITED DE LAVAL,21,1,0.0
2012-2013,CRDITED DE LAVAL,21,3,1.0
2012-2013,CRDITED DE LAVAL,22,1,33.0
2012-2013,CRDITED DE LAVAL,22,2,74.0
2012-2013,CRDITED DE LAVAL,22,3,30.0
2012-2013,CRDITED DE LAVAL,22,4,198.0
2012-2013,CRDITED DE LAVAL,23,1,70.0
2012-2013,CRDITED DE LAVAL,23,2,172.0
2012-2013,CRDITED DE LAVAL,23,3,80.0
2012-2013,CRDITED DE LAVAL,23,4,254.0
2012-2013,CRDITED DE LAVAL,24,1,5.0
2012-2013,CRDITED DE LAVAL,24,2,160.0
2012-2013,CRDITED DE LAVAL,24,3,7.0
2012-2013,CRDITED DE LAVAL,24,4,191.0
2012-2013,CRDITED DE LAVAL,25,1,1.0
2012-2013,CRDITED DE LAVAL,25,2,40.0
2012-2013,CRDITED DE LAVAL,25,3,2.0
2012-2013,CRDITED DE LAVAL,25,4,180.0
2012-2013,CRDITED DE LAVAL,26,1,0.0
2012-2013,CRDITED DE LAVAL,26,2,0.0
2012-2013,CRDITED DE LAVAL,26,3,0.0
2012-2013,CRDITED DE LAVAL,26,4,0.0
2012-2013,CRDITED DE LAVAL,27,1,0.0
2012-2013,CRDITED DE LAVAL,27,2,0.0
2012-2013,CRDITED DE LAVAL,27,3,0.0
2012-2013,CRDITED DE LAVAL,27,4,0.0
2012-2013,CRDITED DE LAVAL,28,1,109.0
2012-2013,CRDITED DE LAVAL,28,3,119.0
2012-2013,CRDITED DE MONTREAL,1,1,3.0
2012-2013,CRDITED DE MONTREAL,1,2,176.0
2012-2013,CRDITED DE MONTREAL,1,3,2.0
2012-2013,CRDITED DE MONTREAL,1,4,1311.0
2012-2013,CRDITED DE MONTREAL,2,1,35.0
2012-2013,CRDITED DE MONTREAL,2,2,2700.0
2012-2013,CRDITED DE MONTREAL,2,3,39.0
2012-2013,CRDITED DE MONTREAL,2,4,2599.0
2012-2013,CRDITED DE MONTREAL,3,1,7.0
2012-2013,CRDITED DE MONTREAL,3,2,4096.0
2012-2013,CRDITED DE MONTREAL,3,3,7.0
2012-2013,CRDITED DE MONTREAL,3,4,4040.0
2012-2013,CRDITED DE MONTREAL,4,1,16.0
2012-2013,CRDITED DE MONTREAL,4,2,2712.0
2012-2013,CRDITED DE MONTREAL,4,3,15.0
2012-2013,CRDITED DE MONTREAL,4,4,3499.0
2012-2013,CRDITED DE MONTREAL,5,1,2.0
2012-2013,CRDITED DE MONTREAL,5,2,1386.0
2012-2013,CRDITED DE MONTREAL,5,3,2.0
2012-2013,CRDITED DE MONTREAL,5,4,2116.0
2012-2013,CRDITED DE MONTREAL,7,1,63.0
2012-2013,CRDITED DE MONTREAL,7,3,65.0
2012-2013,CRDITED DE MONTREAL,10,1,2.0
2012-2013,CRDITED DE MONTREAL,10,2,1052.0
2012-2013,CRDITED DE MONTREAL,10,3,2.0
2012-2013,CRDITED DE MONTREAL,10,4,344.0
2012-2013,CRDITED DE MONTREAL,11,1,5.0
2012-2013,CRDITED DE MONTREAL,11,2,1921.0
2012-2013,CRDITED DE MONTREAL,11,3,7.0
2012-2013,CRDITED DE MONTREAL,11,4,2778.0
2012-2013,CRDITED DE MONTREAL,12,1,3.0
2012-2013,CRDITED DE MONTREAL,12,2,1563.0
2012-2013,CRDITED DE MONTREAL,12,3,2.0
2012-2013,CRDITED DE MONTREAL,12,4,2036.0
2012-2013,CRDITED DE MONTREAL,14,1,10.0
2012-2013,CRDITED DE MONTREAL,14,3,11.0
2012-2013,CRDITED DE MONTREAL,16,3,1.0
2012-2013,CRDITED DE MONTREAL,16,4,142.0
2012-2013,CRDITED DE MONTREAL,17,1,22.0
2012-2013,CRDITED DE MONTREAL,17,2,1216.0
2012-2013,CRDITED DE MONTREAL,17,3,27.0
2012-2013,CRDITED DE MONTREAL,17,4,1063.0
2012-2013,CRDITED DE MONTREAL,18,1,13.0
2012-2013,CRDITED DE MONTREAL,18,2,2793.0
2012-2013,CRDITED DE MONTREAL,18,3,29.0
2012-2013,CRDITED DE MONTREAL,18,4,2656.0
2012-2013,CRDITED DE MONTREAL,19,1,5.0
2012-2013,CRDITED DE MONTREAL,19,2,1907.0
2012-2013,CRDITED DE MONTREAL,19,3,7.0
2012-2013,CRDITED DE MONTREAL,19,4,2067.0
2012-2013,CRDITED DE MONTREAL,21,1,40.0
2012-2013,CRDITED DE MONTREAL,21,3,64.0
2012-2013,CRDITED DE MONTREAL,22,1,152.0
2012-2013,CRDITED DE MONTREAL,22,2,697.0
2012-2013,CRDITED DE MONTREAL,22,3,200.0
2012-2013,CRDITED DE MONTREAL,22,4,534.0
2012-2013,CRDITED DE MONTREAL,23,1,300.0
2012-2013,CRDITED DE MONTREAL,23,2,1329.0
2012-2013,CRDITED DE MONTREAL,23,3,328.0
2012-2013,CRDITED DE MONTREAL,23,4,1512.0
2012-2013,CRDITED DE MONTREAL,24,1,15.0
2012-2013,CRDITED DE MONTREAL,24,2,961.0
2012-2013,CRDITED DE MONTREAL,24,3,21.0
2012-2013,CRDITED DE MONTREAL,24,4,1025.0
2012-2013,CRDITED DE MONTREAL,25,1,14.0
2012-2013,CRDITED DE MONTREAL,25,2,1605.0
2012-2013,CRDITED DE MONTREAL,25,3,27.0
2012-2013,CRDITED DE MONTREAL,25,4,1982.0
2012-2013,CRDITED DE MONTREAL,26,1,7.0
2012-2013,CRDITED DE MONTREAL,26,2,992.0
2012-2013,CRDITED DE MONTREAL,26,3,12.0
2012-2013,CRDITED DE MONTREAL,26,4,1369.0
2012-2013,CRDITED DE MONTREAL,28,1,488.0
2012-2013,CRDITED DE MONTREAL,28,3,588.0
2012-2013,CRDITED DU BAS-SAINT-LAURENT,2,1,1.0
2012-2013,CRDITED DU BAS-SAINT-LAURENT,2,2,110.0
2012-2013,CRDITED DU BAS-SAINT-LAURENT,2,3,1.0
2012-2013,CRDITED DU BAS-SAINT-LAURENT,2,4,3.0
2012-2013,CRDITED DU BAS-SAINT-LAURENT,3,1,1.0
2012-2013,CRDITED DU BAS-SAINT-LAURENT,3,2,37.0
2012-2013,CRDITED DU BAS-SAINT-LAURENT,3,3,2.0
2012-2013,CRDITED DU BAS-SAINT-LAURENT,3,4,46.0
2012-2013,CRDITED DU BAS-SAINT-LAURENT,4,1,4.0
2012-2013,CRDITED DU BAS-SAINT-LAURENT,4,2,209.0
2012-2013,CRDITED DU BAS-SAINT-LAURENT,4,3,2.0
2012-2013,CRDITED DU BAS-SAINT-LAURENT,4,4,407.0
2012-2013,CRDITED DU BAS-SAINT-LAURENT,7,1,6.0
2012-2013,CRDITED DU BAS-SAINT-LAURENT,7,3,5.0
2012-2013,CRDITED DU BAS-SAINT-LAURENT,16,1,1.0
2012-2013,CRDITED DU BAS-SAINT-LAURENT,16,2,330.0
2012-2013,CRDITED DU BAS-SAINT-LAURENT,16,3,3.0
2012-2013,CRDITED DU BAS-SAINT-LAURENT,16,4,29.0
2012-2013,CRDITED DU BAS-SAINT-LAURENT,17,3,3.0
2012-2013,CRDITED DU BAS-SAINT-LAURENT,17,4,147.0
2012-2013,CRDITED DU BAS-SAINT-LAURENT,18,1,3.0
2012-2013,CRDITED DU BAS-SAINT-LAURENT,18,2,320.0
2012-2013,CRDITED DU BAS-SAINT-LAURENT,18,3,2.0
2012-2013,CRDITED DU BAS-SAINT-LAURENT,18,4,187.0
2012-2013,CRDITED DU BAS-SAINT-LAURENT,19,1,1.0
2012-2013,CRDITED DU BAS-SAINT-LAURENT,19,2,311.0
2012-2013,CRDITED DU BAS-SAINT-LAURENT,19,3,1.0
2012-2013,CRDITED DU BAS-SAINT-LAURENT,19,4,676.0
2012-2013,CRDITED DU BAS-SAINT-LAURENT,21,1,5.0
2012-2013,CRDITED DU BAS-SAINT-LAURENT,21,3,9.0
2012-2013,CRDITED DU BAS-SAINT-LAURENT,22,3,3.0
2012-2013,CRDITED DU BAS-SAINT-LAURENT,22,4,18.0
2012-2013,CRDITED DU BAS-SAINT-LAURENT,23,1,7.0
2012-2013,CRDITED DU BAS-SAINT-LAURENT,23,2,53.0
2012-2013,CRDITED DU BAS-SAINT-LAURENT,23,3,5.0
2012-2013,CRDITED DU BAS-SAINT-LAURENT,23,4,39.0
2012-2013,CRDITED DU BAS-SAINT-LAURENT,24,3,3.0
2012-2013,CRDITED DU BAS-SAINT-LAURENT,24,4,44.0
2012-2013,CRDITED DU BAS-SAINT-LAURENT,28,1,7.0
2012-2013,CRDITED DU BAS-SAINT-LAURENT,28,3,11.0
2012-2013,CRDITED DU SAGUENAY - LAC-SAINT-JEAN,1,1,1.0
2012-2013,CRDITED DU SAGUENAY - LAC-SAINT-JEAN,1,2,184.0
2012-2013,CRDITED DU SAGUENAY - LAC-SAINT-JEAN,1,3,0.0
2012-2013,CRDITED DU SAGUENAY - LAC-SAINT-JEAN,1,4,0.0
2012-2013,CRDITED DU SAGUENAY - LAC-SAINT-JEAN,2,1,2.0
2012-2013,CRDITED DU SAGUENAY - LAC-SAINT-JEAN,2,2,424.0
2012-2013,CRDITED DU SAGUENAY - LAC-SAINT-JEAN,2,3,3.0
2012-2013,CRDITED DU SAGUENAY - LAC-SAINT-JEAN,2,4,610.0
2012-2013,CRDITED DU SAGUENAY - LAC-SAINT-JEAN,3,1,0.0
2012-2013,CRDITED DU SAGUENAY - LAC-SAINT-JEAN,3,2,0.0
2012-2013,CRDITED DU SAGUENAY - LAC-SAINT-JEAN,3,3,1.0
2012-2013,CRDITED DU SAGUENAY - LAC-SAINT-JEAN,3,4,629.0
2012-2013,CRDITED DU SAGUENAY - LAC-SAINT-JEAN,4,1,0.0
2012-2013,CRDITED DU SAGUENAY - LAC-SAINT-JEAN,4,2,0.0
2012-2013,CRDITED DU SAGUENAY - LAC-SAINT-JEAN,4,3,0.0
2012-2013,CRDITED DU SAGUENAY - LAC-SAINT-JEAN,4,4,0.0
2012-2013,CRDITED DU SAGUENAY - LAC-SAINT-JEAN,5,1,0.0
2012-2013,CRDITED DU SAGUENAY - LAC-SAINT-JEAN,5,2,0.0
2012-2013,CRDITED DU SAGUENAY - LAC-SAINT-JEAN,5,3,0.0
2012-2013,CRDITED DU SAGUENAY - LAC-SAINT-JEAN,5,4,0.0
2012-2013,CRDITED DU SAGUENAY - LAC-SAINT-JEAN,6,1,0.0
2012-2013,CRDITED DU SAGUENAY - LAC-SAINT-JEAN,6,2,0.0
2012-2013,CRDITED DU SAGUENAY - LAC-SAINT-JEAN,6,3,0.0
2012-2013,CRDITED DU SAGUENAY - LAC-SAINT-JEAN,6,4,0.0
2012-2013,CRDITED DU SAGUENAY - LAC-SAINT-JEAN,7,1,3.0
2012-2013,CRDITED DU SAGUENAY - LAC-SAINT-JEAN,7,3,4.0
2012-2013,CRDITED DU SAGUENAY - LAC-SAINT-JEAN,8,1,0.0
2012-2013,CRDITED DU SAGUENAY - LAC-SAINT-JEAN,8,2,0.0
2012-2013,CRDITED DU SAGUENAY - LAC-SAINT-JEAN,8,3,0.0
2012-2013,CRDITED DU SAGUENAY - LAC-SAINT-JEAN,8,4,0.0
2012-2013,CRDITED DU SAGUENAY - LAC-SAINT-JEAN,9,1,0.0
2012-2013,CRDITED DU SAGUENAY - LAC-SAINT-JEAN,9,2,0.0
2012-2013,CRDITED DU SAGUENAY - LAC-SAINT-JEAN,9,3,0.0
2012-2013,CRDITED DU SAGUENAY - LAC-SAINT-JEAN,9,4,0.0
2012-2013,CRDITED DU SAGUENAY - LAC-SAINT-JEAN,10,1,0.0
2012-2013,CRDITED DU SAGUENAY - LAC-SAINT-JEAN,10,2,0.0
2012-2013,CRDITED DU SAGUENAY - LAC-SAINT-JEAN,10,3,0.0
2012-2013,CRDITED DU SAGUENAY - LAC-SAINT-JEAN,10,4,0.0
2012-2013,CRDITED DU SAGUENAY - LAC-SAINT-JEAN,11,1,0.0
2012-2013,CRDITED DU SAGUENAY - LAC-SAINT-JEAN,11,2,0.0
2012-2013,CRDITED DU SAGUENAY - LAC-SAINT-JEAN,11,3,0.0
2012-2013,CRDITED DU SAGUENAY - LAC-SAINT-JEAN,11,4,0.0
2012-2013,CRDITED DU SAGUENAY - LAC-SAINT-JEAN,12,1,0.0
2012-2013,CRDITED DU SAGUENAY - LAC-SAINT-JEAN,12,2,0.0
2012-2013,CRDITED DU SAGUENAY - LAC-SAINT-JEAN,12,3,0.0
2012-2013,CRDITED DU SAGUENAY - LAC-SAINT-JEAN,12,4,0.0
2012-2013,CRDITED DU SAGUENAY - LAC-SAINT-JEAN,13,1,0.0
2012-2013,CRDITED DU SAGUENAY - LAC-SAINT-JEAN,13,2,0.0
2012-2013,CRDITED DU SAGUENAY - LAC-SAINT-JEAN,13,3,0.0
2012-2013,CRDITED DU SAGUENAY - LAC-SAINT-JEAN,13,4,0.0
2012-2013,CRDITED DU SAGUENAY - LAC-SAINT-JEAN,14,1,0.0
2012-2013,CRDITED DU SAGUENAY - LAC-SAINT-JEAN,14,3,0.0
2012-2013,CRDITED DU SAGUENAY - LAC-SAINT-JEAN,15,1,0.0
2012-2013,CRDITED DU SAGUENAY - LAC-SAINT-JEAN,15,2,0.0
2012-2013,CRDITED DU SAGUENAY - LAC-SAINT-JEAN,15,3,0.0
2012-2013,CRDITED DU SAGUENAY - LAC-SAINT-JEAN,15,4,0.0
2012-2013,CRDITED DU SAGUENAY - LAC-SAINT-JEAN,16,1,0.0
2012-2013,CRDITED DU SAGUENAY - LAC-SAINT-JEAN,16,2,0.0
2012-2013,CRDITED DU SAGUENAY - LAC-SAINT-JEAN,16,3,0.0
2012-2013,CRDITED DU SAGUENAY - LAC-SAINT-JEAN,16,4,0.0
2012-2013,CRDITED DU SAGUENAY - LAC-SAINT-JEAN,17,1,0.0
2012-2013,CRDITED DU SAGUENAY - LAC-SAINT-JEAN,17,2,0.0
2012-2013,CRDITED DU SAGUENAY - LAC-SAINT-JEAN,17,3,1.0
2012-2013,CRDITED DU SAGUENAY - LAC-SAINT-JEAN,17,4,114.0
2012-2013,CRDITED DU SAGUENAY - LAC-SAINT-JEAN,18,1,3.0
2012-2013,CRDITED DU SAGUENAY - LAC-SAINT-JEAN,18,2,307.0
2012-2013,CRDITED DU SAGUENAY - LAC-SAINT-JEAN,18,3,1.0
2012-2013,CRDITED DU SAGUENAY - LAC-SAINT-JEAN,18,4,895.0
2012-2013,CRDITED DU SAGUENAY - LAC-SAINT-JEAN,19,1,0.0
2012-2013,CRDITED DU SAGUENAY - LAC-SAINT-JEAN,19,2,0.0
2012-2013,CRDITED DU SAGUENAY - LAC-SAINT-JEAN,19,3,0.0
2012-2013,CRDITED DU SAGUENAY - LAC-SAINT-JEAN,19,4,0.0
2012-2013,CRDITED DU SAGUENAY - LAC-SAINT-JEAN,20,1,0.0
2012-2013,CRDITED DU SAGUENAY - LAC-SAINT-JEAN,20,2,0.0
2012-2013,CRDITED DU SAGUENAY - LAC-SAINT-JEAN,20,3,0.0
2012-2013,CRDITED DU SAGUENAY - LAC-SAINT-JEAN,20,4,0.0
2012-2013,CRDITED DU SAGUENAY - LAC-SAINT-JEAN,21,1,3.0
2012-2013,CRDITED DU SAGUENAY - LAC-SAINT-JEAN,21,3,2.0
2012-2013,CRDITED DU SAGUENAY - LAC-SAINT-JEAN,22,1,1.0
2012-2013,CRDITED DU SAGUENAY - LAC-SAINT-JEAN,22,2,1.0
2012-2013,CRDITED DU SAGUENAY - LAC-SAINT-JEAN,22,3,4.0
2012-2013,CRDITED DU SAGUENAY - LAC-SAINT-JEAN,22,4,35.0
2012-2013,CRDITED DU SAGUENAY - LAC-SAINT-JEAN,23,1,7.0
2012-2013,CRDITED DU SAGUENAY - LAC-SAINT-JEAN,23,2,159.0
2012-2013,CRDITED DU SAGUENAY - LAC-SAINT-JEAN,23,3,5.0
2012-2013,CRDITED DU SAGUENAY - LAC-SAINT-JEAN,23,4,195.0
2012-2013,CRDITED DU SAGUENAY - LAC-SAINT-JEAN,24,1,1.0
2012-2013,CRDITED DU SAGUENAY - LAC-SAINT-JEAN,24,2,411.0
2012-2013,CRDITED DU SAGUENAY - LAC-SAINT-JEAN,24,3,4.0
2012-2013,CRDITED DU SAGUENAY - LAC-SAINT-JEAN,24,4,253.0
2012-2013,CRDITED DU SAGUENAY - LAC-SAINT-JEAN,25,1,0.0
2012-2013,CRDITED DU SAGUENAY - LAC-SAINT-JEAN,25,2,0.0
2012-2013,CRDITED DU SAGUENAY - LAC-SAINT-JEAN,25,3,0.0
2012-2013,CRDITED DU SAGUENAY - LAC-SAINT-JEAN,25,4,0.0
2012-2013,CRDITED DU SAGUENAY - LAC-SAINT-JEAN,26,1,0.0
2012-2013,CRDITED DU SAGUENAY - LAC-SAINT-JEAN,26,2,0.0
2012-2013,CRDITED DU SAGUENAY - LAC-SAINT-JEAN,26,3,0.0
2012-2013,CRDITED DU SAGUENAY - LAC-SAINT-JEAN,26,4,0.0
2012-2013,CRDITED DU SAGUENAY - LAC-SAINT-JEAN,27,1,0.0
2012-2013,CRDITED DU SAGUENAY - LAC-SAINT-JEAN,27,2,0.0
2012-2013,CRDITED DU SAGUENAY - LAC-SAINT-JEAN,27,3,0.0
2012-2013,CRDITED DU SAGUENAY - LAC-SAINT-JEAN,27,4,0.0
2012-2013,CRDITED DU SAGUENAY - LAC-SAINT-JEAN,28,1,9.0
2012-2013,CRDITED DU SAGUENAY - LAC-SAINT-JEAN,28,3,13.0
2012-2013,CSSS DE CHARLEVOIX,1,1,0.0
2012-2013,CSSS DE CHARLEVOIX,1,2,0.0
2012-2013,CSSS DE CHARLEVOIX,1,3,0.0
2012-2013,CSSS DE CHARLEVOIX,1,4,0.0
2012-2013,CSSS DE CHARLEVOIX,2,1,0.0
2012-2013,CSSS DE CHARLEVOIX,2,2,0.0
2012-2013,CSSS DE CHARLEVOIX,2,3,0.0
2012-2013,CSSS DE CHARLEVOIX,2,4,0.0
2012-2013,CSSS DE CHARLEVOIX,3,1,0.0
2012-2013,CSSS DE CHARLEVOIX,3,2,0.0
2012-2013,CSSS DE CHARLEVOIX,3,3,0.0
2012-2013,CSSS DE CHARLEVOIX,3,4,0.0
2012-2013,CSSS DE CHARLEVOIX,4,1,0.0
2012-2013,CSSS DE CHARLEVOIX,4,2,0.0
2012-2013,CSSS DE CHARLEVOIX,4,3,0.0
2012-2013,CSSS DE CHARLEVOIX,4,4,0.0
2012-2013,CSSS DE CHARLEVOIX,5,1,0.0
2012-2013,CSSS DE CHARLEVOIX,5,2,0.0
2012-2013,CSSS DE CHARLEVOIX,5,3,0.0
2012-2013,CSSS DE CHARLEVOIX,5,4,0.0
2012-2013,CSSS DE CHARLEVOIX,6,1,0.0
2012-2013,CSSS DE CHARLEVOIX,6,2,0.0
2012-2013,CSSS DE CHARLEVOIX,6,3,0.0
2012-2013,CSSS DE CHARLEVOIX,6,4,0.0
2012-2013,CSSS DE CHARLEVOIX,7,1,0.0
2012-2013,CSSS DE CHARLEVOIX,7,3,0.0
2012-2013,CSSS DE CHARLEVOIX,8,1,0.0
2012-2013,CSSS DE CHARLEVOIX,8,2,0.0
2012-2013,CSSS DE CHARLEVOIX,8,3,0.0
2012-2013,CSSS DE CHARLEVOIX,8,4,0.0
2012-2013,CSSS DE CHARLEVOIX,9,1,0.0
2012-2013,CSSS DE CHARLEVOIX,9,2,0.0
2012-2013,CSSS DE CHARLEVOIX,9,3,0.0
2012-2013,CSSS DE CHARLEVOIX,9,4,0.0
2012-2013,CSSS DE CHARLEVOIX,10,1,0.0
2012-2013,CSSS DE CHARLEVOIX,10,2,0.0
2012-2013,CSSS DE CHARLEVOIX,10,3,0.0
2012-2013,CSSS DE CHARLEVOIX,10,4,0.0
2012-2013,CSSS DE CHARLEVOIX,11,1,0.0
2012-2013,CSSS DE CHARLEVOIX,11,2,0.0
2012-2013,CSSS DE CHARLEVOIX,11,3,0.0
2012-2013,CSSS DE CHARLEVOIX,11,4,0.0
2012-2013,CSSS DE CHARLEVOIX,12,1,0.0
2012-2013,CSSS DE CHARLEVOIX,12,2,0.0
2012-2013,CSSS DE CHARLEVOIX,12,3,0.0
2012-2013,CSSS DE CHARLEVOIX,12,4,0.0
2012-2013,CSSS DE CHARLEVOIX,13,1,0.0
2012-2013,CSSS DE CHARLEVOIX,13,2,0.0
2012-2013,CSSS DE CHARLEVOIX,13,3,0.0
2012-2013,CSSS DE CHARLEVOIX,13,4,0.0
2012-2013,CSSS DE CHARLEVOIX,14,1,0.0
2012-2013,CSSS DE CHARLEVOIX,14,3,0.0
2012-2013,CSSS DE CHARLEVOIX,15,1,0.0
2012-2013,CSSS DE CHARLEVOIX,15,2,0.0
2012-2013,CSSS DE CHARLEVOIX,15,3,0.0
2012-2013,CSSS DE CHARLEVOIX,15,4,0.0
2012-2013,CSSS DE CHARLEVOIX,16,1,0.0
2012-2013,CSSS DE CHARLEVOIX,16,2,0.0
2012-2013,CSSS DE CHARLEVOIX,16,3,0.0
2012-2013,CSSS DE CHARLEVOIX,16,4,0.0
2012-2013,CSSS DE CHARLEVOIX,17,1,0.0
2012-2013,CSSS DE CHARLEVOIX,17,2,0.0
2012-2013,CSSS DE CHARLEVOIX,17,3,0.0
2012-2013,CSSS DE CHARLEVOIX,17,4,0.0
2012-2013,CSSS DE CHARLEVOIX,18,1,0.0
2012-2013,CSSS DE CHARLEVOIX,18,2,0.0
2012-2013,CSSS DE CHARLEVOIX,18,3,0.0
2012-2013,CSSS DE CHARLEVOIX,18,4,0.0
2012-2013,CSSS DE CHARLEVOIX,19,1,0.0
2012-2013,CSSS DE CHARLEVOIX,19,2,0.0
2012-2013,CSSS DE CHARLEVOIX,19,3,0.0
2012-2013,CSSS DE CHARLEVOIX,19,4,0.0
2012-2013,CSSS DE CHARLEVOIX,20,1,0.0
2012-2013,CSSS DE CHARLEVOIX,20,2,0.0
2012-2013,CSSS DE CHARLEVOIX,20,3,0.0
2012-2013,CSSS DE CHARLEVOIX,20,4,0.0
2012-2013,CSSS DE CHARLEVOIX,21,1,0.0
2012-2013,CSSS DE CHARLEVOIX,21,3,0.0
2012-2013,CSSS DE CHARLEVOIX,22,1,0.0
2012-2013,CSSS DE CHARLEVOIX,22,2,0.0
2012-2013,CSSS DE CHARLEVOIX,22,3,0.0
2012-2013,CSSS DE CHARLEVOIX,22,4,0.0
2012-2013,CSSS DE CHARLEVOIX,23,1,0.0
2012-2013,CSSS DE CHARLEVOIX,23,2,0.0
2012-2013,CSSS DE CHARLEVOIX,23,3,0.0
2012-2013,CSSS DE CHARLEVOIX,23,4,0.0
2012-2013,CSSS DE CHARLEVOIX,24,1,0.0
2012-2013,CSSS DE CHARLEVOIX,24,2,0.0
2012-2013,CSSS DE CHARLEVOIX,24,3,0.0
2012-2013,CSSS DE CHARLEVOIX,24,4,0.0
2012-2013,CSSS DE CHARLEVOIX,25,1,0.0
2012-2013,CSSS DE CHARLEVOIX,25,2,0.0
2012-2013,CSSS DE CHARLEVOIX,25,3,0.0
2012-2013,CSSS DE CHARLEVOIX,25,4,0.0
2012-2013,CSSS DE CHARLEVOIX,26,1,0.0
2012-2013,CSSS DE CHARLEVOIX,26,2,0.0
2012-2013,CSSS DE CHARLEVOIX,26,3,0.0
2012-2013,CSSS DE CHARLEVOIX,26,4,0.0
2012-2013,CSSS DE CHARLEVOIX,27,1,0.0
2012-2013,CSSS DE CHARLEVOIX,27,2,0.0
2012-2013,CSSS DE CHARLEVOIX,27,3,0.0
2012-2013,CSSS DE CHARLEVOIX,27,4,0.0
2012-2013,CSSS DE CHARLEVOIX,28,1,0.0
2012-2013,CSSS DE CHARLEVOIX,28,3,0.0
2012-2013,LE CENTRE DE READAPTATION DE LA GASPESIE,2,1,1.0
2012-2013,LE CENTRE DE READAPTATION DE LA GASPESIE,2,2,613.0
2012-2013,LE CENTRE DE READAPTATION DE LA GASPESIE,5,1,1.0
2012-2013,LE CENTRE DE READAPTATION DE LA GASPESIE,5,2,379.0
2012-2013,LE CENTRE DE READAPTATION DE LA GASPESIE,7,1,2.0
2012-2013,LE CENTRE DE READAPTATION DE LA GASPESIE,22,1,2.0
2012-2013,LE CENTRE DE READAPTATION DE LA GASPESIE,22,2,102.0
2012-2013,LE CENTRE DE READAPTATION DE LA GASPESIE,22,3,1.0
2012-2013,LE CENTRE DE READAPTATION DE LA GASPESIE,22,4,144.0
2012-2013,LE CENTRE DE READAPTATION DE LA GASPESIE,23,1,3.0
2012-2013,LE CENTRE DE READAPTATION DE LA GASPESIE,23,2,231.0
2012-2013,LE CENTRE DE READAPTATION DE LA GASPESIE,23,3,6.0
2012-2013,LE CENTRE DE READAPTATION DE LA GASPESIE,23,4,98.0
2012-2013,LE CENTRE DE READAPTATION DE LA GASPESIE,25,1,1.0
2012-2013,LE CENTRE DE READAPTATION DE LA GASPESIE,25,2,451.0
2012-2013,LE CENTRE DE READAPTATION DE LA GASPESIE,25,3,1.0
2012-2013,LE CENTRE DE READAPTATION DE LA GASPESIE,25,4,816.0
2012-2013,LE CENTRE DE READAPTATION DE LA GASPESIE,26,1,2.0
2012-2013,LE CENTRE DE READAPTATION DE LA GASPESIE,26,2,1338.0
2012-2013,LE CENTRE DE READAPTATION DE LA GASPESIE,28,1,8.0
2012-2013,LE CENTRE DE READAPTATION DE LA GASPESIE,28,3,8.0
2012-2013,LES SERVICES DE READAPTATION DU SUD-OUEST ET DU RENFORT,1,1,11.0
2012-2013,LES SERVICES DE READAPTATION DU SUD-OUEST ET DU RENFORT,1,2,138.0
2012-2013,LES SERVICES DE READAPTATION DU SUD-OUEST ET DU RENFORT,1,3,3.0
2012-2013,LES SERVICES DE READAPTATION DU SUD-OUEST ET DU RENFORT,1,4,242.0
2012-2013,LES SERVICES DE READAPTATION DU SUD-OUEST ET DU RENFORT,2,1,29.0
2012-2013,LES SERVICES DE READAPTATION DU SUD-OUEST ET DU RENFORT,2,2,254.0
2012-2013,LES SERVICES DE READAPTATION DU SUD-OUEST ET DU RENFORT,2,3,23.0
2012-2013,LES SERVICES DE READAPTATION DU SUD-OUEST ET DU RENFORT,2,4,313.0
2012-2013,LES SERVICES DE READAPTATION DU SUD-OUEST ET DU RENFORT,3,1,2.0
2012-2013,LES SERVICES DE READAPTATION DU SUD-OUEST ET DU RENFORT,3,2,153.0
2012-2013,LES SERVICES DE READAPTATION DU SUD-OUEST ET DU RENFORT,3,3,2.0
2012-2013,LES SERVICES DE READAPTATION DU SUD-OUEST ET DU RENFORT,3,4,175.0
2012-2013,LES SERVICES DE READAPTATION DU SUD-OUEST ET DU RENFORT,4,1,3.0
2012-2013,LES SERVICES DE READAPTATION DU SUD-OUEST ET DU RENFORT,4,2,220.0
2012-2013,LES SERVICES DE READAPTATION DU SUD-OUEST ET DU RENFORT,4,3,3.0
2012-2013,LES SERVICES DE READAPTATION DU SUD-OUEST ET DU RENFORT,4,4,237.0
2012-2013,LES SERVICES DE READAPTATION DU SUD-OUEST ET DU RENFORT,7,1,45.0
2012-2013,LES SERVICES DE READAPTATION DU SUD-OUEST ET DU RENFORT,7,3,31.0
2012-2013,LES SERVICES DE READAPTATION DU SUD-OUEST ET DU RENFORT,10,1,1.0
2012-2013,LES SERVICES DE READAPTATION DU SUD-OUEST ET DU RENFORT,10,2,122.0
2012-2013,LES SERVICES DE READAPTATION DU SUD-OUEST ET DU RENFORT,11,1,1.0
2012-2013,LES SERVICES DE READAPTATION DU SUD-OUEST ET DU RENFORT,11,2,430.0
2012-2013,LES SERVICES DE READAPTATION DU SUD-OUEST ET DU RENFORT,11,3,1.0
2012-2013,LES SERVICES DE READAPTATION DU SUD-OUEST ET DU RENFORT,11,4,193.0
2012-2013,LES SERVICES DE READAPTATION DU SUD-OUEST ET DU RENFORT,14,1,2.0
2012-2013,LES SERVICES DE READAPTATION DU SUD-OUEST ET DU RENFORT,14,3,1.0
2012-2013,LES SERVICES DE READAPTATION DU SUD-OUEST ET DU RENFORT,16,3,1.0
2012-2013,LES SERVICES DE READAPTATION DU SUD-OUEST ET DU RENFORT,16,4,277.0
2012-2013,LES SERVICES DE READAPTATION DU SUD-OUEST ET DU RENFORT,17,1,2.0
2012-2013,LES SERVICES DE READAPTATION DU SUD-OUEST ET DU RENFORT,17,2,132.0
2012-2013,LES SERVICES DE READAPTATION DU SUD-OUEST ET DU RENFORT,17,3,4.0
2012-2013,LES SERVICES DE READAPTATION DU SUD-OUEST ET DU RENFORT,17,4,143.0
2012-2013,LES SERVICES DE READAPTATION DU SUD-OUEST ET DU RENFORT,18,1,9.0
2012-2013,LES SERVICES DE READAPTATION DU SUD-OUEST ET DU RENFORT,18,2,195.0
2012-2013,LES SERVICES DE READAPTATION DU SUD-OUEST ET DU RENFORT,18,3,3.0
2012-2013,LES SERVICES DE READAPTATION DU SUD-OUEST ET DU RENFORT,18,4,304.0
2012-2013,LES SERVICES DE READAPTATION DU SUD-OUEST ET DU RENFORT,21,1,11.0
2012-2013,LES SERVICES DE READAPTATION DU SUD-OUEST ET DU RENFORT,21,3,8.0
2012-2013,LES SERVICES DE READAPTATION DU SUD-OUEST ET DU RENFORT,22,1,114.0
2012-2013,LES SERVICES DE READAPTATION DU SUD-OUEST ET DU RENFORT,22,2,112.0
2012-2013,LES SERVICES DE READAPTATION DU SUD-OUEST ET DU RENFORT,22,3,97.0
2012-2013,LES SERVICES DE READAPTATION DU SUD-OUEST ET DU RENFORT,22,4,117.0
2012-2013,LES SERVICES DE READAPTATION DU SUD-OUEST ET DU RENFORT,23,1,102.0
2012-2013,LES SERVICES DE READAPTATION DU SUD-OUEST ET DU RENFORT,23,2,152.0
2012-2013,LES SERVICES DE READAPTATION DU SUD-OUEST ET DU RENFORT,23,3,124.0
2012-2013,LES SERVICES DE READAPTATION DU SUD-OUEST ET DU RENFORT,23,4,167.0
2012-2013,LES SERVICES DE READAPTATION DU SUD-OUEST ET DU RENFORT,24,1,3.0
2012-2013,LES SERVICES DE READAPTATION DU SUD-OUEST ET DU RENFORT,24,2,180.0
2012-2013,LES SERVICES DE READAPTATION DU SUD-OUEST ET DU RENFORT,24,3,9.0
2012-2013,LES SERVICES DE READAPTATION DU SUD-OUEST ET DU RENFORT,24,4,184.0
2012-2013,LES SERVICES DE READAPTATION DU SUD-OUEST ET DU RENFORT,25,1,4.0
2012-2013,LES SERVICES DE READAPTATION DU SUD-OUEST ET DU RENFORT,25,2,200.0
2012-2013,LES SERVICES DE READAPTATION DU SUD-OUEST ET DU RENFORT,25,3,4.0
2012-2013,LES SERVICES DE READAPTATION DU SUD-OUEST ET DU RENFORT,25,4,205.0
2012-2013,LES SERVICES DE READAPTATION DU SUD-OUEST ET DU RENFORT,28,1,223.0
2012-2013,LES SERVICES DE READAPTATION DU SUD-OUEST ET DU RENFORT,28,3,234.0
2012-2013,PAVILLON DU PARC,2,1,3.0
2012-2013,PAVILLON DU PARC,2,2,186.0
2012-2013,PAVILLON DU PARC,2,3,5.0
2012-2013,PAVILLON DU PARC,2,4,229.0
2012-2013,PAVILLON DU PARC,3,1,3.0
2012-2013,PAVILLON DU PARC,3,2,821.0
2012-2013,PAVILLON DU PARC,3,3,5.0
2012-2013,PAVILLON DU PARC,3,4,748.0
2012-2013,PAVILLON DU PARC,4,1,1.0
2012-2013,PAVILLON DU PARC,4,2,2556.0
2012-2013,PAVILLON DU PARC,4,3,1.0
2012-2013,PAVILLON DU PARC,4,4,2921.0
2012-2013,PAVILLON DU PARC,5,1,1.0
2012-2013,PAVILLON DU PARC,5,2,204.0
2012-2013,PAVILLON DU PARC,5,3,1.0
2012-2013,PAVILLON DU PARC,5,4,569.0
2012-2013,PAVILLON DU PARC,7,1,8.0
2012-2013,PAVILLON DU PARC,7,3,12.0
2012-2013,PAVILLON DU PARC,11,3,1.0
2012-2013,PAVILLON DU PARC,11,4,165.0
2012-2013,PAVILLON DU PARC,14,3,1.0
2012-2013,PAVILLON DU PARC,17,1,1.0
2012-2013,PAVILLON DU PARC,17,2,870.0
2012-2013,PAVILLON DU PARC,21,1,1.0
2012-2013,PAVILLON DU PARC,22,1,1.0
2012-2013,PAVILLON DU PARC,22,2,10.0
2012-2013,PAVILLON DU PARC,22,3,1.0
2012-2013,PAVILLON DU PARC,22,4,3.0
2012-2013,PAVILLON DU PARC,23,1,18.0
2012-2013,PAVILLON DU PARC,23,2,173.0
2012-2013,PAVILLON DU PARC,23,3,10.0
2012-2013,PAVILLON DU PARC,23,4,88.0
2012-2013,PAVILLON DU PARC,25,3,2.0
2012-2013,PAVILLON DU PARC,25,4,230.0
2012-2013,PAVILLON DU PARC,28,1,19.0
2012-2013,PAVILLON DU PARC,28,3,13.0
2018-2019,Atelier le fil d'Ariane Inc.,1,1,0.0
2018-2019,Atelier le fil d'Ariane Inc.,1,2,0.0
2018-2019,Atelier le fil d'Ariane Inc.,1,3,0.0
2018-2019,Atelier le fil d'Ariane Inc.,1,4,0.0
2018-2019,Atelier le fil d'Ariane Inc.,1,5,22.0
2018-2019,Atelier le fil d'Ariane Inc.,1,6,12.0
2018-2019,Atelier le fil d'Ariane Inc.,1,7,0.0
2018-2019,Atelier le fil d'Ariane Inc.,1,8,0.0
2018-2019,Atelier le fil d'Ariane Inc.,1,9,34.0
2018-2019,Atelier le fil d'Ariane Inc.,2,1,0.0
2018-2019,Atelier le fil d'Ariane Inc.,2,2,0.0
2018-2019,Atelier le fil d'Ariane Inc.,2,3,0.0
2018-2019,Atelier le fil d'Ariane Inc.,2,4,0.0
2018-2019,Atelier le fil d'Ariane Inc.,2,5,2.0
2018-2019,Atelier le fil d'Ariane Inc.,2,6,0.0
2018-2019,Atelier le fil d'Ariane Inc.,2,7,0.0
2018-2019,Atelier le fil d'Ariane Inc.,2,8,0.0
2018-2019,Atelier le fil d'Ariane Inc.,2,9,2.0
2018-2019,Atelier le fil d'Ariane Inc.,3,1,0.0
2018-2019,Atelier le fil d'Ariane Inc.,3,2,0.0
2018-2019,Atelier le fil d'Ariane Inc.,3,3,0.0
2018-2019,Atelier le fil d'Ariane Inc.,3,4,0.0
2018-2019,Atelier le fil d'Ariane Inc.,3,5,20.0
2018-2019,Atelier le fil d'Ariane Inc.,3,6,12.0
2018-2019,Atelier le fil d'Ariane Inc.,3,7,0.0
2018-2019,Atelier le fil d'Ariane Inc.,3,8,0.0
2018-2019,Atelier le fil d'Ariane Inc.,3,9,32.0
2018-2019,CISSS de Chaudière-Appalaches,1,1,0.0
2018-2019,CISSS de Chaudière-Appalaches,1,2,0.0
2018-2019,CISSS de Chaudière-Appalaches,1,3,0.0
2018-2019,CISSS de Chaudière-Appalaches,1,4,4.0
2018-2019,CISSS de Chaudière-Appalaches,1,5,12.0
2018-2019,CISSS de Chaudière-Appalaches,1,6,4.0
2018-2019,CISSS de Chaudière-Appalaches,1,7,0.0
2018-2019,CISSS de Chaudière-Appalaches,1,8,0.0
2018-2019,CISSS de Chaudière-Appalaches,1,9,20.0
2018-2019,CISSS de Chaudière-Appalaches,2,1,0.0
2018-2019,CISSS de Chaudière-Appalaches,2,2,0.0
2018-2019,CISSS de Chaudière-Appalaches,2,3,0.0
2018-2019,CISSS de Chaudière-Appalaches,2,4,2.0
2018-2019,CISSS de Chaudière-Appalaches,2,5,2.0
2018-2019,CISSS de Chaudière-Appalaches,2,6,4.0
2018-2019,CISSS de Chaudière-Appalaches,2,7,0.0
2018-2019,CISSS de Chaudière-Appalaches,2,8,0.0
2018-2019,CISSS de Chaudière-Appalaches,2,9,8.0
2018-2019,CISSS de Chaudière-Appalaches,3,1,0.0
2018-2019,CISSS de Chaudière-Appalaches,3,2,0.0
2018-2019,CISSS de Chaudière-Appalaches,3,3,0.0
2018-2019,CISSS de Chaudière-Appalaches,3,4,2.0
2018-2019,CISSS de Chaudière-Appalaches,3,5,10.0
2018-2019,CISSS de Chaudière-Appalaches,3,6,0.0
2018-2019,CISSS de Chaudière-Appalaches,3,7,0.0
2018-2019,CISSS de Chaudière-Appalaches,3,8,0.0
2018-2019,CISSS de Chaudière-Appalaches,3,9,12.0
2018-2019,CISSS de Chaudière-Appalaches,4,1,0.0
2018-2019,CISSS de Chaudière-Appalaches,4,2,0.0
2018-2019,CISSS de Chaudière-Appalaches,4,3,0.0
2018-2019,CISSS de Chaudière-Appalaches,4,4,0.0
2018-2019,CISSS de Chaudière-Appalaches,4,5,0.0
2018-2019,CISSS de Chaudière-Appalaches,4,6,2.0
2018-2019,CISSS de Chaudière-Appalaches,4,7,0.0
2018-2019,CISSS de Chaudière-Appalaches,4,8,0.0
2018-2019,CISSS de Chaudière-Appalaches,4,9,2.0
2018-2019,CISSS de Chaudière-Appalaches,5,1,0.0
2018-2019,CISSS de Chaudière-Appalaches,5,2,0.0
2018-2019,CISSS de Chaudière-Appalaches,5,3,0.0
2018-2019,CISSS de Chaudière-Appalaches,5,4,1062.0
2018-2019,CISSS de Chaudière-Appalaches,5,5,2946.0
2018-2019,CISSS de Chaudière-Appalaches,5,6,854.0
2018-2019,CISSS de Chaudière-Appalaches,5,7,0.0
2018-2019,CISSS de Chaudière-Appalaches,5,8,0.0
2018-2019,CISSS de Chaudière-Appalaches,5,9,4862.0
2018-2019,CISSS de Chaudière-Appalaches,6,1,0.0
2018-2019,CISSS de Chaudière-Appalaches,6,2,0.0
2018-2019,CISSS de Chaudière-Appalaches,6,3,2.0
2018-2019,CISSS de Chaudière-Appalaches,6,4,46.0
2018-2019,CISSS de Chaudière-Appalaches,6,5,330.0
2018-2019,CISSS de Chaudière-Appalaches,6,6,136.0
2018-2019,CISSS de Chaudière-Appalaches,6,7,8.0
2018-2019,CISSS de Chaudière-Appalaches,6,8,2.0
2018-2019,CISSS de Chaudière-Appalaches,6,9,524.0
2018-2019,CISSS de Chaudière-Appalaches,7,1,0.0
2018-2019,CISSS de Chaudière-Appalaches,7,2,0.0
2018-2019,CISSS de Chaudière-Appalaches,7,3,0.0
2018-2019,CISSS de Chaudière-Appalaches,7,4,34.0
2018-2019,CISSS de Chaudière-Appalaches,7,5,192.0
2018-2019,CISSS de Chaudière-Appalaches,7,6,72.0
2018-2019,CISSS de Chaudière-Appalaches,7,7,4.0
2018-2019,CISSS de Chaudière-Appalaches,7,8,2.0
2018-2019,CISSS de Chaudière-Appalaches,7,9,304.0
2018-2019,CISSS de Chaudière-Appalaches,8,1,0.0
2018-2019,CISSS de Chaudière-Appalaches,8,2,0.0
2018-2019,CISSS de Chaudière-Appalaches,8,3,2.0
2018-2019,CISSS de Chaudière-Appalaches,8,4,12.0
2018-2019,CISSS de Chaudière-Appalaches,8,5,138.0
2018-2019,CISSS de Chaudière-Appalaches,8,6,64.0
2018-2019,CISSS de Chaudière-Appalaches,8,7,4.0
2018-2019,CISSS de Chaudière-Appalaches,8,8,0.0
2018-2019,CISSS de Chaudière-Appalaches,8,9,220.0
2018-2019,CISSS de Chaudière-Appalaches,9,1,0.0
2018-2019,CISSS de Chaudière-Appalaches,9,2,0.0
2018-2019,CISSS de Chaudière-Appalaches,9,3,2.0
2018-2019,CISSS de Chaudière-Appalaches,9,4,16.0
2018-2019,CISSS de Chaudière-Appalaches,9,5,52.0
2018-2019,CISSS de Chaudière-Appalaches,9,6,20.0
2018-2019,CISSS de Chaudière-Appalaches,9,7,0.0
2018-2019,CISSS de Chaudière-Appalaches,9,8,0.0
2018-2019,CISSS de Chaudière-Appalaches,9,9,90.0
2018-2019,CISSS de Chaudière-Appalaches,10,1,0.0
2018-2019,CISSS de Chaudière-Appalaches,10,2,0.0
2018-2019,CISSS de Chaudière-Appalaches,10,3,50.0
2018-2019,CISSS de Chaudière-Appalaches,10,4,5696.0
2018-2019,CISSS de Chaudière-Appalaches,10,5,67144.0
2018-2019,CISSS de Chaudière-Appalaches,10,6,28860.0
2018-2019,CISSS de Chaudière-Appalaches,10,7,1522.0
2018-2019,CISSS de Chaudière-Appalaches,10,8,312.0
2018-2019,CISSS de Chaudière-Appalaches,10,9,103584.0
2018-2019,CISSS de Chaudière-Appalaches,11,1,0.0
2018-2019,CISSS de Chaudière-Appalaches,11,2,0.0
2018-2019,CISSS de Chaudière-Appalaches,11,3,0.0
2018-2019,CISSS de Chaudière-Appalaches,11,4,22.0
2018-2019,CISSS de Chaudière-Appalaches,11,5,186.0
2018-2019,CISSS de Chaudière-Appalaches,11,6,90.0
2018-2019,CISSS de Chaudière-Appalaches,11,7,10.0
2018-2019,CISSS de Chaudière-Appalaches,11,8,2.0
2018-2019,CISSS de Chaudière-Appalaches,11,9,310.0
2018-2019,CISSS de Chaudière-Appalaches,12,1,0.0
2018-2019,CISSS de Chaudière-Appalaches,12,2,0.0
2018-2019,CISSS de Chaudière-Appalaches,12,3,0.0
2018-2019,CISSS de Chaudière-Appalaches,12,4,16.0
2018-2019,CISSS de Chaudière-Appalaches,12,5,122.0
2018-2019,CISSS de Chaudière-Appalaches,12,6,54.0
2018-2019,CISSS de Chaudière-Appalaches,12,7,4.0
2018-2019,CISSS de Chaudière-Appalaches,12,8,2.0
2018-2019,CISSS de Chaudière-Appalaches,12,9,198.0
2018-2019,CISSS de Chaudière-Appalaches,13,1,0.0
2018-2019,CISSS de Chaudière-Appalaches,13,2,0.0
2018-2019,CISSS de Chaudière-Appalaches,13,3,0.0
2018-2019,CISSS de Chaudière-Appalaches,13,4,6.0
2018-2019,CISSS de Chaudière-Appalaches,13,5,64.0
2018-2019,CISSS de Chaudière-Appalaches,13,6,36.0
2018-2019,CISSS de Chaudière-Appalaches,13,7,6.0
2018-2019,CISSS de Chaudière-Appalaches,13,8,0.0
2018-2019,CISSS de Chaudière-Appalaches,13,9,112.0
2018-2019,CISSS de Chaudière-Appalaches,14,1,0.0
2018-2019,CISSS de Chaudière-Appalaches,14,2,0.0
2018-2019,CISSS de Chaudière-Appalaches,14,3,0.0
2018-2019,CISSS de Chaudière-Appalaches,14,4,2.0
2018-2019,CISSS de Chaudière-Appalaches,14,5,16.0
2018-2019,CISSS de Chaudière-Appalaches,14,6,14.0
2018-2019,CISSS de Chaudière-Appalaches,14,7,0.0
2018-2019,CISSS de Chaudière-Appalaches,14,8,0.0
2018-2019,CISSS de Chaudière-Appalaches,14,9,32.0
2018-2019,CISSS de Chaudière-Appalaches,15,1,0.0
2018-2019,CISSS de Chaudière-Appalaches,15,2,0.0
2018-2019,CISSS de Chaudière-Appalaches,15,3,0.0
2018-2019,CISSS de Chaudière-Appalaches,15,4,1450.0
2018-2019,CISSS de Chaudière-Appalaches,15,5,42310.0
2018-2019,CISSS de Chaudière-Appalaches,15,6,19572.0
2018-2019,CISSS de Chaudière-Appalaches,15,7,2186.0
2018-2019,CISSS de Chaudière-Appalaches,15,8,500.0
2018-2019,CISSS de Chaudière-Appalaches,15,9,66018.0
2018-2019,CISSS de Chaudière-Appalaches,16,1,0.0
2018-2019,CISSS de Chaudière-Appalaches,16,2,0.0
2018-2019,CISSS de Chaudière-Appalaches,16,3,0.0
2018-2019,CISSS de Chaudière-Appalaches,16,4,2.0
2018-2019,CISSS de Chaudière-Appalaches,16,5,2.0
2018-2019,CISSS de Chaudière-Appalaches,16,6,12.0
2018-2019,CISSS de Chaudière-Appalaches,16,7,0.0
2018-2019,CISSS de Chaudière-Appalaches,16,8,0.0
2018-2019,CISSS de Chaudière-Appalaches,16,9,16.0
2018-2019,CISSS de Chaudière-Appalaches,17,1,0.0
2018-2019,CISSS de Chaudière-Appalaches,17,2,0.0
2018-2019,CISSS de Chaudière-Appalaches,17,3,0.0
2018-2019,CISSS de Chaudière-Appalaches,17,4,2.0
2018-2019,CISSS de Chaudière-Appalaches,17,5,0.0
2018-2019,CISSS de Chaudière-Appalaches,17,6,2.0
2018-2019,CISSS de Chaudière-Appalaches,17,7,0.0
2018-2019,CISSS de Chaudière-Appalaches,17,8,0.0
2018-2019,CISSS de Chaudière-Appalaches,17,9,4.0
2018-2019,CISSS de Chaudière-Appalaches,18,1,0.0
2018-2019,CISSS de Chaudière-Appalaches,18,2,0.0
2018-2019,CISSS de Chaudière-Appalaches,18,3,0.0
2018-2019,CISSS de Chaudière-Appalaches,18,4,0.0
2018-2019,CISSS de Chaudière-Appalaches,18,5,2.0
2018-2019,CISSS de Chaudière-Appalaches,18,6,10.0
2018-2019,CISSS de Chaudière-Appalaches,18,7,0.0
2018-2019,CISSS de Chaudière-Appalaches,18,8,0.0
2018-2019,CISSS de Chaudière-Appalaches,18,9,12.0
2018-2019,CISSS de Chaudière-Appalaches,19,1,0.0
2018-2019,CISSS de Chaudière-Appalaches,19,2,0.0
2018-2019,CISSS de Chaudière-Appalaches,19,3,0.0
2018-2019,CISSS de Chaudière-Appalaches,19,4,0.0
2018-2019,CISSS de Chaudière-Appalaches,19,5,0.0
2018-2019,CISSS de Chaudière-Appalaches,19,6,0.0
2018-2019,CISSS de Chaudière-Appalaches,19,7,0.0
2018-2019,CISSS de Chaudière-Appalaches,19,8,0.0
2018-2019,CISSS de Chaudière-Appalaches,19,9,0.0
2018-2019,CISSS de Laval,6,1,0.0
2018-2019,CISSS de Laval,6,2,0.0
2018-2019,CISSS de Laval,6,3,40.0
2018-2019,CISSS de Laval,6,4,102.0
2018-2019,CISSS de Laval,6,5,328.0
2018-2019,CISSS de Laval,6,6,126.0
2018-2019,CISSS de Laval,6,7,14.0
2018-2019,CISSS de Laval,6,8,0.0
2018-2019,CISSS de Laval,6,9,610.0
2018-2019,CISSS de Laval,7,1,0.0
2018-2019,CISSS de Laval,7,2,0.0
2018-2019,CISSS de Laval,7,3,26.0
2018-2019,CISSS de Laval,7,4,70.0
2018-2019,CISSS de Laval,7,5,200.0
2018-2019,CISSS de Laval,7,6,66.0
2018-2019,CISSS de Laval,7,7,10.0
2018-2019,CISSS de Laval,7,8,0.0
2018-2019,CISSS de Laval,7,9,372.0
2018-2019,CISSS de Laval,8,1,0.0
2018-2019,CISSS de Laval,8,2,0.0
2018-2019,CISSS de Laval,8,3,14.0
2018-2019,CISSS de Laval,8,4,32.0
2018-2019,CISSS de Laval,8,5,128.0
2018-2019,CISSS de Laval,8,6,60.0
2018-2019,CISSS de Laval,8,7,4.0
2018-2019,CISSS de Laval,8,8,0.0
2018-2019,CISSS de Laval,8,9,238.0
2018-2019,CISSS de Laval,9,1,0.0
2018-2019,CISSS de Laval,9,2,0.0
2018-2019,CISSS de Laval,9,3,10.0
2018-2019,CISSS de Laval,9,4,30.0
2018-2019,CISSS de Laval,9,5,22.0
2018-2019,CISSS de Laval,9,6,10.0
2018-2019,CISSS de Laval,9,7,0.0
2018-2019,CISSS de Laval,9,8,0.0
2018-2019,CISSS de Laval,9,9,72.0
2018-2019,CISSS de l'Abitibi-Témiscamingue,6,1,0.0
2018-2019,CISSS de l'Abitibi-Témiscamingue,6,2,0.0
2018-2019,CISSS de l'Abitibi-Témiscamingue,6,3,0.0
2018-2019,CISSS de l'Abitibi-Témiscamingue,6,4,4.0
2018-2019,CISSS de l'Abitibi-Témiscamingue,6,5,18.0
2018-2019,CISSS de l'Abitibi-Témiscamingue,6,6,4.0
2018-2019,CISSS de l'Abitibi-Témiscamingue,6,7,0.0
2018-2019,CISSS de l'Abitibi-Témiscamingue,6,8,0.0
2018-2019,CISSS de l'Abitibi-Témiscamingue,6,9,26.0
2018-2019,CISSS de l'Abitibi-Témiscamingue,7,1,0.0
2018-2019,CISSS de l'Abitibi-Témiscamingue,7,2,0.0
2018-2019,CISSS de l'Abitibi-Témiscamingue,7,3,0.0
2018-2019,CISSS de l'Abitibi-Témiscamingue,7,4,4.0
2018-2019,CISSS de l'Abitibi-Témiscamingue,7,5,12.0
2018-2019,CISSS de l'Abitibi-Témiscamingue,7,6,0.0
2018-2019,CISSS de l'Abitibi-Témiscamingue,7,7,0.0
2018-2019,CISSS de l'Abitibi-Témiscamingue,7,8,0.0
2018-2019,CISSS de l'Abitibi-Témiscamingue,7,9,16.0
2018-2019,CISSS de l'Abitibi-Témiscamingue,8,1,0.0
2018-2019,CISSS de l'Abitibi-Témiscamingue,8,2,0.0
2018-2019,CISSS de l'Abitibi-Témiscamingue,8,3,0.0
2018-2019,CISSS de l'Abitibi-Témiscamingue,8,4,0.0
2018-2019,CISSS de l'Abitibi-Témiscamingue,8,5,6.0
2018-2019,CISSS de l'Abitibi-Témiscamingue,8,6,4.0
2018-2019,CISSS de l'Abitibi-Témiscamingue,8,7,0.0
2018-2019,CISSS de l'Abitibi-Témiscamingue,8,8,0.0
2018-2019,CISSS de l'Abitibi-Témiscamingue,8,9,10.0
2018-2019,CISSS de l'Abitibi-Témiscamingue,9,1,0.0
2018-2019,CISSS de l'Abitibi-Témiscamingue,9,2,0.0
2018-2019,CISSS de l'Abitibi-Témiscamingue,9,3,0.0
2018-2019,CISSS de l'Abitibi-Témiscamingue,9,4,2.0
2018-2019,CISSS de l'Abitibi-Témiscamingue,9,5,6.0
2018-2019,CISSS de l'Abitibi-Témiscamingue,9,6,2.0
2018-2019,CISSS de l'Abitibi-Témiscamingue,9,7,0.0
2018-2019,CISSS de l'Abitibi-Témiscamingue,9,8,0.0
2018-2019,CISSS de l'Abitibi-Témiscamingue,9,9,10.0
2018-2019,CISSS de l'Abitibi-Témiscamingue,10,1,0.0
2018-2019,CISSS de l'Abitibi-Témiscamingue,10,2,0.0
2018-2019,CISSS de l'Abitibi-Témiscamingue,10,3,0.0
2018-2019,CISSS de l'Abitibi-Témiscamingue,10,4,144.0
2018-2019,CISSS de l'Abitibi-Témiscamingue,10,5,40.0
2018-2019,CISSS de l'Abitibi-Témiscamingue,10,6,94.0
2018-2019,CISSS de l'Abitibi-Témiscamingue,10,7,0.0
2018-2019,CISSS de l'Abitibi-Témiscamingue,10,8,0.0
2018-2019,CISSS de l'Abitibi-Témiscamingue,10,9,278.0
2018-2019,CISSS de l'Abitibi-Témiscamingue,16,1,0.0
2018-2019,CISSS de l'Abitibi-Témiscamingue,16,2,0.0
2018-2019,CISSS de l'Abitibi-Témiscamingue,16,3,0.0
2018-2019,CISSS de l'Abitibi-Témiscamingue,16,4,2.0
2018-2019,CISSS de l'Abitibi-Témiscamingue,16,5,18.0
2018-2019,CISSS de l'Abitibi-Témiscamingue,16,6,16.0
2018-2019,CISSS de l'Abitibi-Témiscamingue,16,7,0.0
2018-2019,CISSS de l'Abitibi-Témiscamingue,16,8,0.0
2018-2019,CISSS de l'Abitibi-Témiscamingue,16,9,36.0
2018-2019,CISSS de l'Abitibi-Témiscamingue,17,1,0.0
2018-2019,CISSS de l'Abitibi-Témiscamingue,17,2,0.0
2018-2019,CISSS de l'Abitibi-Témiscamingue,17,3,0.0
2018-2019,CISSS de l'Abitibi-Témiscamingue,17,4,0.0
2018-2019,CISSS de l'Abitibi-Témiscamingue,17,5,14.0
2018-2019,CISSS de l'Abitibi-Témiscamingue,17,6,16.0
2018-2019,CISSS de l'Abitibi-Témiscamingue,17,7,0.0
2018-2019,CISSS de l'Abitibi-Témiscamingue,17,8,0.0
2018-2019,CISSS de l'Abitibi-Témiscamingue,17,9,30.0
2018-2019,CISSS de l'Abitibi-Témiscamingue,18,1,0.0
2018-2019,CISSS de l'Abitibi-Témiscamingue,18,2,0.0
2018-2019,CISSS de l'Abitibi-Témiscamingue,18,3,0.0
2018-2019,CISSS de l'Abitibi-Témiscamingue,18,4,2.0
2018-2019,CISSS de l'Abitibi-Témiscamingue,18,5,4.0
2018-2019,CISSS de l'Abitibi-Témiscamingue,18,6,0.0
2018-2019,CISSS de l'Abitibi-Témiscamingue,18,7,0.0
2018-2019,CISSS de l'Abitibi-Témiscamingue,18,8,0.0
2018-2019,CISSS de l'Abitibi-Témiscamingue,18,9,6.0
2018-2019,CISSS de l'Abitibi-Témiscamingue,19,1,0.0
2018-2019,CISSS de l'Abitibi-Témiscamingue,19,2,0.0
2018-2019,CISSS de l'Abitibi-Témiscamingue,19,3,0.0
2018-2019,CISSS de l'Abitibi-Témiscamingue,19,4,0.0
2018-2019,CISSS de l'Abitibi-Témiscamingue,19,5,2.0
2018-2019,CISSS de l'Abitibi-Témiscamingue,19,6,2.0
2018-2019,CISSS de l'Abitibi-Témiscamingue,19,7,0.0
2018-2019,CISSS de l'Abitibi-Témiscamingue,19,8,0.0
2018-2019,CISSS de l'Abitibi-Témiscamingue,19,9,4.0
2018-2019,CISSS de l'Outaouais,6,4,6.0
2018-2019,CISSS de l'Outaouais,6,5,40.0
2018-2019,CISSS de l'Outaouais,6,6,14.0
2018-2019,CISSS de l'Outaouais,6,7,2.0
2018-2019,CISSS de l'Outaouais,6,9,62.0
2018-2019,CISSS de l'Outaouais,7,5,20.0
2018-2019,CISSS de l'Outaouais,7,6,6.0
2018-2019,CISSS de l'Outaouais,7,7,2.0
2018-2019,CISSS de l'Outaouais,7,9,28.0
2018-2019,CISSS de l'Outaouais,8,4,6.0
2018-2019,CISSS de l'Outaouais,8,5,20.0
2018-2019,CISSS de l'Outaouais,8,6,8.0
2018-2019,CISSS de l'Outaouais,8,9,34.0
2018-2019,CISSS de l'Outaouais,9,4,2.0
2018-2019,CISSS de l'Outaouais,9,5,2.0
2018-2019,CISSS de l'Outaouais,9,6,2.0
2018-2019,CISSS de l'Outaouais,9,9,6.0
2018-2019,CISSS de l'Outaouais,10,4,254.0
2018-2019,CISSS de l'Outaouais,10,5,3662.0
2018-2019,CISSS de l'Outaouais,10,6,1806.0
2018-2019,CISSS de l'Outaouais,10,7,80.0
2018-2019,CISSS de l'Outaouais,10,9,5802.0
2018-2019,CISSS de l'Outaouais,11,5,12.0
2018-2019,CISSS de l'Outaouais,11,6,8.0
2018-2019,CISSS de l'Outaouais,11,9,20.0
2018-2019,CISSS de l'Outaouais,12,5,4.0
2018-2019,CISSS de l'Outaouais,12,6,6.0
2018-2019,CISSS de l'Outaouais,12,9,10.0
2018-2019,CISSS de l'Outaouais,13,5,8.0
2018-2019,CISSS de l'Outaouais,13,6,2.0
2018-2019,CISSS de l'Outaouais,13,9,10.0
2018-2019,CISSS de l'Outaouais,15,5,3784.0
2018-2019,CISSS de l'Outaouais,15,6,1872.0
2018-2019,CISSS de l'Outaouais,15,9,5656.0
2018-2019,CISSS de la Côte-Nord,6,1,0.0
2018-2019,CISSS de la Côte-Nord,6,2,0.0
2018-2019,CISSS de la Côte-Nord,6,3,0.0
2018-2019,CISSS de la Côte-Nord,6,4,2.0
2018-2019,CISSS de la Côte-Nord,6,5,38.0
2018-2019,CISSS de la Côte-Nord,6,6,24.0
2018-2019,CISSS de la Côte-Nord,6,7,2.0
2018-2019,CISSS de la Côte-Nord,6,8,0.0
2018-2019,CISSS de la Côte-Nord,6,9,66.0
2018-2019,CISSS de la Côte-Nord,7,1,0.0
2018-2019,CISSS de la Côte-Nord,7,2,0.0
2018-2019,CISSS de la Côte-Nord,7,3,0.0
2018-2019,CISSS de la Côte-Nord,7,4,2.0
2018-2019,CISSS de la Côte-Nord,7,5,24.0
2018-2019,CISSS de la Côte-Nord,7,6,8.0
2018-2019,CISSS de la Côte-Nord,7,7,2.0
2018-2019,CISSS de la Côte-Nord,7,8,0.0
2018-2019,CISSS de la Côte-Nord,7,9,36.0
2018-2019,CISSS de la Côte-Nord,8,1,0.0
2018-2019,CISSS de la Côte-Nord,8,2,0.0
2018-2019,CISSS de la Côte-Nord,8,3,0.0
2018-2019,CISSS de la Côte-Nord,8,4,0.0
2018-2019,CISSS de la Côte-Nord,8,5,14.0
2018-2019,CISSS de la Côte-Nord,8,6,16.0
2018-2019,CISSS de la Côte-Nord,8,7,0.0
2018-2019,CISSS de la Côte-Nord,8,8,0.0
2018-2019,CISSS de la Côte-Nord,8,9,30.0
2018-2019,CISSS de la Côte-Nord,9,1,0.0
2018-2019,CISSS de la Côte-Nord,9,2,0.0
2018-2019,CISSS de la Côte-Nord,9,3,0.0
2018-2019,CISSS de la Côte-Nord,9,4,2.0
2018-2019,CISSS de la Côte-Nord,9,5,2.0
2018-2019,CISSS de la Côte-Nord,9,6,2.0
2018-2019,CISSS de la Côte-Nord,9,7,0.0
2018-2019,CISSS de la Côte-Nord,9,8,0.0
2018-2019,CISSS de la Côte-Nord,9,9,6.0
2018-2019,CISSS de la Côte-Nord,10,1,0.0
2018-2019,CISSS de la Côte-Nord,10,2,0.0
2018-2019,CISSS de la Côte-Nord,10,3,0.0
2018-2019,CISSS de la Côte-Nord,10,4,0.0
2018-2019,CISSS de la Côte-Nord,10,5,0.0
2018-2019,CISSS de la Côte-Nord,10,6,0.0
2018-2019,CISSS de la Côte-Nord,10,7,0.0
2018-2019,CISSS de la Côte-Nord,10,8,0.0
2018-2019,CISSS de la Côte-Nord,10,9,0.0
2018-2019,CISSS de la Côte-Nord,11,1,0.0
2018-2019,CISSS de la Côte-Nord,11,2,0.0
2018-2019,CISSS de la Côte-Nord,11,3,0.0
2018-2019,CISSS de la Côte-Nord,11,4,0.0
2018-2019,CISSS de la Côte-Nord,11,5,10.0
2018-2019,CISSS de la Côte-Nord,11,6,2.0
2018-2019,CISSS de la Côte-Nord,11,7,0.0
2018-2019,CISSS de la Côte-Nord,11,8,0.0
2018-2019,CISSS de la Côte-Nord,11,9,12.0
2018-2019,CISSS de la Côte-Nord,12,1,0.0
2018-2019,CISSS de la Côte-Nord,12,2,0.0
2018-2019,CISSS de la Côte-Nord,12,3,0.0
2018-2019,CISSS de la Côte-Nord,12,4,0.0
2018-2019,CISSS de la Côte-Nord,12,5,6.0
2018-2019,CISSS de la Côte-Nord,12,6,2.0
2018-2019,CISSS de la Côte-Nord,12,7,0.0
2018-2019,CISSS de la Côte-Nord,12,8,0.0
2018-2019,CISSS de la Côte-Nord,12,9,8.0
2018-2019,CISSS de la Côte-Nord,13,1,0.0
2018-2019,CISSS de la Côte-Nord,13,2,0.0
2018-2019,CISSS de la Côte-Nord,13,3,0.0
2018-2019,CISSS de la Côte-Nord,13,4,0.0
2018-2019,CISSS de la Côte-Nord,13,5,4.0
2018-2019,CISSS de la Côte-Nord,13,6,0.0
2018-2019,CISSS de la Côte-Nord,13,7,0.0
2018-2019,CISSS de la Côte-Nord,13,8,0.0
2018-2019,CISSS de la Côte-Nord,13,9,4.0
2018-2019,CISSS de la Côte-Nord,14,1,0.0
2018-2019,CISSS de la Côte-Nord,14,2,0.0
2018-2019,CISSS de la Côte-Nord,14,3,0.0
2018-2019,CISSS de la Côte-Nord,14,4,0.0
2018-2019,CISSS de la Côte-Nord,14,5,2.0
2018-2019,CISSS de la Côte-Nord,14,6,0.0
2018-2019,CISSS de la Côte-Nord,14,7,0.0
2018-2019,CISSS de la Côte-Nord,14,8,0.0
2018-2019,CISSS de la Côte-Nord,14,9,2.0
2018-2019,CISSS de la Côte-Nord,15,1,0.0
2018-2019,CISSS de la Côte-Nord,15,2,0.0
2018-2019,CISSS de la Côte-Nord,15,3,0.0
2018-2019,CISSS de la Côte-Nord,15,4,0.0
2018-2019,CISSS de la Côte-Nord,15,5,0.0
2018-2019,CISSS de la Côte-Nord,15,6,0.0
2018-2019,CISSS de la Côte-Nord,15,7,0.0
2018-2019,CISSS de la Côte-Nord,15,8,0.0
2018-2019,CISSS de la Côte-Nord,15,9,0.0
2018-2019,CISSS de la Gaspésie,6,5,4.0
2018-2019,CISSS de la Gaspésie,6,6,4.0
2018-2019,CISSS de la Gaspésie,6,9,8.0
2018-2019,CISSS de la Gaspésie,7,6,2.0
2018-2019,CISSS de la Gaspésie,7,9,2.0
2018-2019,CISSS de la Gaspésie,8,5,4.0
2018-2019,CISSS de la Gaspésie,8,6,2.0
2018-2019,CISSS de la Gaspésie,8,9,6.0
2018-2019,CISSS de la Gaspésie,9,5,2.0
2018-2019,CISSS de la Gaspésie,9,6,2.0
2018-2019,CISSS de la Gaspésie,9,9,4.0
2018-2019,CISSS de la Gaspésie,10,5,78.0
2018-2019,CISSS de la Gaspésie,10,6,136.0
2018-2019,CISSS de la Gaspésie,10,9,214.0
2018-2019,CISSS de la Gaspésie,11,4,2.0
2018-2019,CISSS de la Gaspésie,11,5,10.0
2018-2019,CISSS de la Gaspésie,11,6,6.0
2018-2019,CISSS de la Gaspésie,11,7,2.0
2018-2019,CISSS de la Gaspésie,11,9,20.0
2018-2019,CISSS de la Gaspésie,12,4,2.0
2018-2019,CISSS de la Gaspésie,12,5,4.0
2018-2019,CISSS de la Gaspésie,12,6,4.0
2018-2019,CISSS de la Gaspésie,12,7,2.0
2018-2019,CISSS de la Gaspésie,12,9,12.0
2018-2019,CISSS de la Gaspésie,13,5,6.0
2018-2019,CISSS de la Gaspésie,13,6,2.0
2018-2019,CISSS de la Gaspésie,13,9,8.0
2018-2019,CISSS de la Gaspésie,14,4,2.0
2018-2019,CISSS de la Gaspésie,14,5,6.0
2018-2019,CISSS de la Gaspésie,14,6,6.0
2018-2019,CISSS de la Gaspésie,14,7,2.0
2018-2019,CISSS de la Gaspésie,14,9,16.0
2018-2019,CISSS de la Gaspésie,15,4,6.0
2018-2019,CISSS de la Gaspésie,15,5,96.0
2018-2019,CISSS de la Gaspésie,15,6,86.0
2018-2019,CISSS de la Gaspésie,15,7,26.0
2018-2019,CISSS de la Gaspésie,15,9,214.0
2018-2019,CISSS de la Gaspésie,16,4,2.0
2018-2019,CISSS de la Gaspésie,16,9,2.0
2018-2019,CISSS de la Gaspésie,17,4,2.0
2018-2019,CISSS de la Gaspésie,17,9,2.0
2018-2019,CISSS de la Montérégie-Ouest,6,5,52.0
2018-2019,CISSS de la Montérégie-Ouest,6,6,22.0
2018-2019,CISSS de la Montérégie-Ouest,6,9,74.0
2018-2019,CISSS de la Montérégie-Ouest,7,5,30.0
2018-2019,CISSS de la Montérégie-Ouest,7,6,16.0
2018-2019,CISSS de la Montérégie-Ouest,7,9,46.0
2018-2019,CISSS de la Montérégie-Ouest,8,5,22.0
2018-2019,CISSS de la Montérégie-Ouest,8,6,6.0
2018-2019,CISSS de la Montérégie-Ouest,8,9,28.0
2018-2019,CISSS de la Montérégie-Ouest,9,5,38.0
2018-2019,CISSS de la Montérégie-Ouest,9,6,16.0
2018-2019,CISSS de la Montérégie-Ouest,9,9,54.0
2018-2019,CISSS de la Montérégie-Ouest,10,5,8508.0
2018-2019,CISSS de la Montérégie-Ouest,10,6,4734.0
2018-2019,CISSS de la Montérégie-Ouest,10,9,13242.0
2018-2019,CISSS de la Montérégie-Ouest,11,3,2.0
2018-2019,CISSS de la Montérégie-Ouest,11,4,18.0
2018-2019,CISSS de la Montérégie-Ouest,11,5,502.0
2018-2019,CISSS de la Montérégie-Ouest,11,6,172.0
2018-2019,CISSS de la Montérégie-Ouest,11,7,4.0
2018-2019,CISSS de la Montérégie-Ouest,11,9,698.0
2018-2019,CISSS de la Montérégie-Ouest,12,3,2.0
2018-2019,CISSS de la Montérégie-Ouest,12,4,14.0
2018-2019,CISSS de la Montérégie-Ouest,12,5,290.0
2018-2019,CISSS de la Montérégie-Ouest,12,6,96.0
2018-2019,CISSS de la Montérégie-Ouest,12,7,4.0
2018-2019,CISSS de la Montérégie-Ouest,12,9,406.0
2018-2019,CISSS de la Montérégie-Ouest,13,4,4.0
2018-2019,CISSS de la Montérégie-Ouest,13,5,212.0
2018-2019,CISSS de la Montérégie-Ouest,13,6,76.0
2018-2019,CISSS de la Montérégie-Ouest,13,9,292.0
2018-2019,CISSS de la Montérégie-Ouest,14,3,2.0
2018-2019,CISSS de la Montérégie-Ouest,14,4,4.0
2018-2019,CISSS de la Montérégie-Ouest,14,5,42.0
2018-2019,CISSS de la Montérégie-Ouest,14,6,8.0
2018-2019,CISSS de la Montérégie-Ouest,14,9,56.0
2018-2019,CISSS de la Montérégie-Ouest,15,4,1772.0
2018-2019,CISSS de la Montérégie-Ouest,15,5,124814.0
2018-2019,CISSS de la Montérégie-Ouest,15,6,45416.0
2018-2019,CISSS de la Montérégie-Ouest,15,7,1158.0
2018-2019,CISSS de la Montérégie-Ouest,15,9,173160.0
2018-2019,CISSS de la Montérégie-Ouest,16,3,6.0
2018-2019,CISSS de la Montérégie-Ouest,16,4,46.0
2018-2019,CISSS de la Montérégie-Ouest,16,5,254.0
2018-2019,CISSS de la Montérégie-Ouest,16,6,40.0
2018-2019,CISSS de la Montérégie-Ouest,16,9,346.0
2018-2019,CISSS de la Montérégie-Ouest,17,3,6.0
2018-2019,CISSS de la Montérégie-Ouest,17,4,26.0
2018-2019,CISSS de la Montérégie-Ouest,17,5,146.0
2018-2019,CISSS de la Montérégie-Ouest,17,6,28.0
2018-2019,CISSS de la Montérégie-Ouest,17,9,206.0
2018-2019,CISSS de la Montérégie-Ouest,18,4,20.0
2018-2019,CISSS de la Montérégie-Ouest,18,5,108.0
2018-2019,CISSS de la Montérégie-Ouest,18,6,12.0
2018-2019,CISSS de la Montérégie-Ouest,18,9,140.0
2018-2019,CISSS de la Montérégie-Ouest,19,4,16.0
2018-2019,CISSS de la Montérégie-Ouest,19,5,118.0
2018-2019,CISSS de la Montérégie-Ouest,19,6,16.0
2018-2019,CISSS de la Montérégie-Ouest,19,9,150.0
2018-2019,CISSS des Laurentides,6,1,0.0
2018-2019,CISSS des Laurentides,6,2,0.0
2018-2019,CISSS des Laurentides,6,3,12.0
2018-2019,CISSS des Laurentides,6,4,54.0
2018-2019,CISSS des Laurentides,6,5,440.0
2018-2019,CISSS des Laurentides,6,6,152.0
2018-2019,CISSS des Laurentides,6,7,6.0
2018-2019,CISSS des Laurentides,6,8,0.0
2018-2019,CISSS des Laurentides,6,9,664.0
2018-2019,CISSS des Laurentides,7,1,0.0
2018-2019,CISSS des Laurentides,7,2,0.0
2018-2019,CISSS des Laurentides,7,3,12.0
2018-2019,CISSS des Laurentides,7,4,30.0
2018-2019,CISSS des Laurentides,7,5,248.0
2018-2019,CISSS des Laurentides,7,6,92.0
2018-2019,CISSS des Laurentides,7,7,2.0
2018-2019,CISSS des Laurentides,7,8,0.0
2018-2019,CISSS des Laurentides,7,9,384.0
2018-2019,CISSS des Laurentides,8,1,0.0
2018-2019,CISSS des Laurentides,8,2,0.0
2018-2019,CISSS des Laurentides,8,3,0.0
2018-2019,CISSS des Laurentides,8,4,24.0
2018-2019,CISSS des Laurentides,8,5,192.0
2018-2019,CISSS des Laurentides,8,6,60.0
2018-2019,CISSS des Laurentides,8,7,4.0
2018-2019,CISSS des Laurentides,8,8,0.0
2018-2019,CISSS des Laurentides,8,9,280.0
2018-2019,CISSS des Laurentides,9,1,0.0
2018-2019,CISSS des Laurentides,9,2,0.0
2018-2019,CISSS des Laurentides,9,3,8.0
2018-2019,CISSS des Laurentides,9,4,18.0
2018-2019,CISSS des Laurentides,9,5,80.0
2018-2019,CISSS des Laurentides,9,6,22.0
2018-2019,CISSS des Laurentides,9,7,2.0
2018-2019,CISSS des Laurentides,9,8,0.0
2018-2019,CISSS des Laurentides,9,9,130.0
2018-2019,CISSS des Laurentides,10,1,0.0
2018-2019,CISSS des Laurentides,10,2,0.0
2018-2019,CISSS des Laurentides,10,3,452.0
2018-2019,CISSS des Laurentides,10,4,5028.0
2018-2019,CISSS des Laurentides,10,5,82644.0
2018-2019,CISSS des Laurentides,10,6,29030.0
2018-2019,CISSS des Laurentides,10,7,922.0
2018-2019,CISSS des Laurentides,10,8,0.0
2018-2019,CISSS des Laurentides,10,9,118076.0
2018-2019,CISSS des Laurentides,11,1,0.0
2018-2019,CISSS des Laurentides,11,2,0.0
2018-2019,CISSS des Laurentides,11,3,28.0
2018-2019,CISSS des Laurentides,11,4,54.0
2018-2019,CISSS des Laurentides,11,5,348.0
2018-2019,CISSS des Laurentides,11,6,154.0
2018-2019,CISSS des Laurentides,11,7,10.0
2018-2019,CISSS des Laurentides,11,8,2.0
2018-2019,CISSS des Laurentides,11,9,596.0
2018-2019,CISSS des Laurentides,12,1,0.0
2018-2019,CISSS des Laurentides,12,2,0.0
2018-2019,CISSS des Laurentides,12,3,22.0
2018-2019,CISSS des Laurentides,12,4,28.0
2018-2019,CISSS des Laurentides,12,5,224.0
2018-2019,CISSS des Laurentides,12,6,96.0
2018-2019,CISSS des Laurentides,12,7,8.0
2018-2019,CISSS des Laurentides,12,8,2.0
2018-2019,CISSS des Laurentides,12,9,380.0
2018-2019,CISSS des Laurentides,13,1,0.0
2018-2019,CISSS des Laurentides,13,2,0.0
2018-2019,CISSS des Laurentides,13,3,6.0
2018-2019,CISSS des Laurentides,13,4,26.0
2018-2019,CISSS des Laurentides,13,5,124.0
2018-2019,CISSS des Laurentides,13,6,58.0
2018-2019,CISSS des Laurentides,13,7,2.0
2018-2019,CISSS des Laurentides,13,8,0.0
2018-2019,CISSS des Laurentides,13,9,216.0
2018-2019,CISSS des Laurentides,14,1,0.0
2018-2019,CISSS des Laurentides,14,2,0.0
2018-2019,CISSS des Laurentides,14,3,26.0
2018-2019,CISSS des Laurentides,14,4,34.0
2018-2019,CISSS des Laurentides,14,5,60.0
2018-2019,CISSS des Laurentides,14,6,40.0
2018-2019,CISSS des Laurentides,14,7,0.0
2018-2019,CISSS des Laurentides,14,8,2.0
2018-2019,CISSS des Laurentides,14,9,162.0
2018-2019,CISSS des Laurentides,15,1,0.0
2018-2019,CISSS des Laurentides,15,2,0.0
2018-2019,CISSS des Laurentides,15,3,536.0
2018-2019,CISSS des Laurentides,15,4,2134.0
2018-2019,CISSS des Laurentides,15,5,49802.0
2018-2019,CISSS des Laurentides,15,6,20514.0
2018-2019,CISSS des Laurentides,15,7,1292.0
2018-2019,CISSS des Laurentides,15,8,14.0
2018-2019,CISSS des Laurentides,15,9,74292.0
2018-2019,CISSS des Laurentides,16,1,0.0
2018-2019,CISSS des Laurentides,16,2,0.0
2018-2019,CISSS des Laurentides,16,3,0.0
2018-2019,CISSS des Laurentides,16,4,0.0
2018-2019,CISSS des Laurentides,16,5,6.0
2018-2019,CISSS des Laurentides,16,6,2.0
2018-2019,CISSS des Laurentides,16,7,0.0
2018-2019,CISSS des Laurentides,16,8,0.0
2018-2019,CISSS des Laurentides,16,9,8.0
2018-2019,CISSS des Laurentides,17,1,0.0
2018-2019,CISSS des Laurentides,17,2,0.0
2018-2019,CISSS des Laurentides,17,3,0.0
2018-2019,CISSS des Laurentides,17,4,0.0
2018-2019,CISSS des Laurentides,17,5,2.0
2018-2019,CISSS des Laurentides,17,6,2.0
2018-2019,CISSS des Laurentides,17,7,0.0
2018-2019,CISSS des Laurentides,17,8,0.0
2018-2019,CISSS des Laurentides,17,9,4.0
2018-2019,CISSS des Laurentides,18,1,0.0
2018-2019,CISSS des Laurentides,18,2,0.0
2018-2019,CISSS des Laurentides,18,3,0.0
2018-2019,CISSS des Laurentides,18,4,0.0
2018-2019,CISSS des Laurentides,18,5,4.0
2018-2019,CISSS des Laurentides,18,6,0.0
2018-2019,CISSS des Laurentides,18,7,0.0
2018-2019,CISSS des Laurentides,18,8,0.0
2018-2019,CISSS des Laurentides,18,9,4.0
2018-2019,CISSS des Laurentides,19,1,0.0
2018-2019,CISSS des Laurentides,19,2,0.0
2018-2019,CISSS des Laurentides,19,3,0.0
2018-2019,CISSS des Laurentides,19,4,0.0
2018-2019,CISSS des Laurentides,19,5,2.0
2018-2019,CISSS des Laurentides,19,6,0.0
2018-2019,CISSS des Laurentides,19,7,0.0
2018-2019,CISSS des Laurentides,19,8,0.0
2018-2019,CISSS des Laurentides,19,9,2.0
2018-2019,CISSS des Îles,1,1,0.0
2018-2019,CISSS des Îles,1,2,0.0
2018-2019,CISSS des Îles,1,3,0.0
2018-2019,CISSS des Îles,1,4,0.0
2018-2019,CISSS des Îles,1,5,10.0
2018-2019,CISSS des Îles,1,6,12.0
2018-2019,CISSS des Îles,1,7,0.0
2018-2019,CISSS des Îles,1,8,0.0
2018-2019,CISSS des Îles,1,9,22.0
2018-2019,CISSS des Îles,2,1,0.0
2018-2019,CISSS des Îles,2,2,0.0
2018-2019,CISSS des Îles,2,3,0.0
2018-2019,CISSS des Îles,2,4,0.0
2018-2019,CISSS des Îles,2,5,6.0
2018-2019,CISSS des Îles,2,6,6.0
2018-2019,CISSS des Îles,2,7,0.0
2018-2019,CISSS des Îles,2,8,0.0
2018-2019,CISSS des Îles,2,9,12.0
2018-2019,CISSS des Îles,3,1,0.0
2018-2019,CISSS des Îles,3,2,0.0
2018-2019,CISSS des Îles,3,3,0.0
2018-2019,CISSS des Îles,3,4,0.0
2018-2019,CISSS des Îles,3,5,4.0
2018-2019,CISSS des Îles,3,6,6.0
2018-2019,CISSS des Îles,3,7,0.0
2018-2019,CISSS des Îles,3,8,0.0
2018-2019,CISSS des Îles,3,9,10.0
2018-2019,CISSS des Îles,4,1,0.0
2018-2019,CISSS des Îles,4,2,0.0
2018-2019,CISSS des Îles,4,3,0.0
2018-2019,CISSS des Îles,4,4,0.0
2018-2019,CISSS des Îles,4,5,2.0
2018-2019,CISSS des Îles,4,6,0.0
2018-2019,CISSS des Îles,4,7,0.0
2018-2019,CISSS des Îles,4,8,0.0
2018-2019,CISSS des Îles,4,9,2.0
2018-2019,CISSS des Îles,5,1,0.0
2018-2019,CISSS des Îles,5,2,0.0
2018-2019,CISSS des Îles,5,3,0.0
2018-2019,CISSS des Îles,5,4,0.0
2018-2019,CISSS des Îles,5,5,748.0
2018-2019,CISSS des Îles,5,6,1680.0
2018-2019,CISSS des Îles,5,7,0.0
2018-2019,CISSS des Îles,5,8,0.0
2018-2019,CISSS des Îles,5,9,2428.0
2018-2019,CISSS des Îles,6,1,0.0
2018-2019,CISSS des Îles,6,2,0.0
2018-2019,CISSS des Îles,6,3,0.0
2018-2019,CISSS des Îles,6,4,0.0
2018-2019,CISSS des Îles,6,5,4.0
2018-2019,CISSS des Îles,6,6,0.0
2018-2019,CISSS des Îles,6,7,0.0
2018-2019,CISSS des Îles,6,8,0.0
2018-2019,CISSS des Îles,6,9,4.0
2018-2019,CISSS des Îles,7,1,0.0
2018-2019,CISSS des Îles,7,2,0.0
2018-2019,CISSS des Îles,7,3,0.0
2018-2019,CISSS des Îles,7,4,0.0
2018-2019,CISSS des Îles,7,5,0.0
2018-2019,CISSS des Îles,7,6,0.0
2018-2019,CISSS des Îles,7,7,0.0
2018-2019,CISSS des Îles,7,8,0.0
2018-2019,CISSS des Îles,7,9,0.0
2018-2019,CISSS des Îles,8,1,0.0
2018-2019,CISSS des Îles,8,2,0.0
2018-2019,CISSS des Îles,8,3,0.0
2018-2019,CISSS des Îles,8,4,0.0
2018-2019,CISSS des Îles,8,5,4.0
2018-2019,CISSS des Îles,8,6,0.0
2018-2019,CISSS des Îles,8,7,0.0
2018-2019,CISSS des Îles,8,8,0.0
2018-2019,CISSS des Îles,8,9,4.0
2018-2019,CISSS des Îles,9,1,0.0
2018-2019,CISSS des Îles,9,2,0.0
2018-2019,CISSS des Îles,9,3,0.0
2018-2019,CISSS des Îles,9,4,0.0
2018-2019,CISSS des Îles,9,5,0.0
2018-2019,CISSS des Îles,9,6,0.0
2018-2019,CISSS des Îles,9,7,0.0
2018-2019,CISSS des Îles,9,8,0.0
2018-2019,CISSS des Îles,9,9,0.0
2018-2019,CISSS des Îles,10,1,0.0
2018-2019,CISSS des Îles,10,2,0.0
2018-2019,CISSS des Îles,10,3,0.0
2018-2019,CISSS des Îles,10,4,0.0
2018-2019,CISSS des Îles,10,5,264.0
2018-2019,CISSS des Îles,10,6,0.0
2018-2019,CISSS des Îles,10,7,0.0
2018-2019,CISSS des Îles,10,8,0.0
2018-2019,CISSS des Îles,10,9,264.0
2018-2019,CISSS des Îles,11,1,0.0
2018-2019,CISSS des Îles,11,2,0.0
2018-2019,CISSS des Îles,11,3,0.0
2018-2019,CISSS des Îles,11,4,0.0
2018-2019,CISSS des Îles,11,5,6.0
2018-2019,CISSS des Îles,11,6,10.0
2018-2019,CISSS des Îles,11,7,0.0
2018-2019,CISSS des Îles,11,8,0.0
2018-2019,CISSS des Îles,11,9,16.0
2018-2019,CISSS des Îles,12,1,0.0
2018-2019,CISSS des Îles,12,2,0.0
2018-2019,CISSS des Îles,12,3,0.0
2018-2019,CISSS des Îles,12,4,0.0
2018-2019,CISSS des Îles,12,5,2.0
2018-2019,CISSS des Îles,12,6,4.0
2018-2019,CISSS des Îles,12,7,0.0
2018-2019,CISSS des Îles,12,8,0.0
2018-2019,CISSS des Îles,12,9,6.0
2018-2019,CISSS des Îles,13,1,0.0
2018-2019,CISSS des Îles,13,2,0.0
2018-2019,CISSS des Îles,13,3,0.0
2018-2019,CISSS des Îles,13,4,0.0
2018-2019,CISSS des Îles,13,5,4.0
2018-2019,CISSS des Îles,13,6,6.0
2018-2019,CISSS des Îles,13,7,0.0
2018-2019,CISSS des Îles,13,8,0.0
2018-2019,CISSS des Îles,13,9,10.0
2018-2019,CISSS des Îles,14,1,0.0
2018-2019,CISSS des Îles,14,2,0.0
2018-2019,CISSS des Îles,14,3,0.0
2018-2019,CISSS des Îles,14,4,0.0
2018-2019,CISSS des Îles,14,5,0.0
2018-2019,CISSS des Îles,14,6,0.0
2018-2019,CISSS des Îles,14,7,0.0
2018-2019,CISSS des Îles,14,8,0.0
2018-2019,CISSS des Îles,14,9,0.0
2018-2019,CISSS des Îles,15,1,0.0
2018-2019,CISSS des Îles,15,2,0.0
2018-2019,CISSS des Îles,15,3,0.0
2018-2019,CISSS des Îles,15,4,0.0
2018-2019,CISSS des Îles,15,5,432.0
2018-2019,CISSS des Îles,15,6,1168.0
2018-2019,CISSS des Îles,15,7,0.0
2018-2019,CISSS des Îles,15,8,0.0
2018-2019,CISSS des Îles,15,9,1600.0
2018-2019,CISSS des Îles,16,5,6.0
2018-2019,CISSS des Îles,16,9,6.0
2018-2019,CISSS des Îles,17,5,6.0
2018-2019,CISSS des Îles,17,9,6.0
2018-2019,CISSS des Îles,19,5,6.0
2018-2019,CISSS des Îles,19,9,6.0
2018-2019,CISSS du Bas-Saint-Laurent,1,5,32.0
2018-2019,CISSS du Bas-Saint-Laurent,1,6,24.0
2018-2019,CISSS du Bas-Saint-Laurent,1,9,56.0
2018-2019,CISSS du Bas-Saint-Laurent,2,5,24.0
2018-2019,CISSS du Bas-Saint-Laurent,2,6,16.0
2018-2019,CISSS du Bas-Saint-Laurent,2,9,40.0
2018-2019,CISSS du Bas-Saint-Laurent,3,5,8.0
2018-2019,CISSS du Bas-Saint-Laurent,3,6,8.0
2018-2019,CISSS du Bas-Saint-Laurent,3,9,16.0
2018-2019,CISSS du Bas-Saint-Laurent,4,6,2.0
2018-2019,CISSS du Bas-Saint-Laurent,4,9,2.0
2018-2019,CISSS du Bas-Saint-Laurent,5,5,5286.0
2018-2019,CISSS du Bas-Saint-Laurent,5,6,2884.0
2018-2019,CISSS du Bas-Saint-Laurent,5,9,8170.0
2018-2019,CISSS du Bas-Saint-Laurent,6,4,4.0
2018-2019,CISSS du Bas-Saint-Laurent,6,5,100.0
2018-2019,CISSS du Bas-Saint-Laurent,6,6,90.0
2018-2019,CISSS du Bas-Saint-Laurent,6,9,194.0
2018-2019,CISSS du Bas-Saint-Laurent,7,4,2.0
2018-2019,CISSS du Bas-Saint-Laurent,7,5,58.0
2018-2019,CISSS du Bas-Saint-Laurent,7,6,58.0
2018-2019,CISSS du Bas-Saint-Laurent,7,9,118.0
2018-2019,CISSS du Bas-Saint-Laurent,8,4,2.0
2018-2019,CISSS du Bas-Saint-Laurent,8,5,42.0
2018-2019,CISSS du Bas-Saint-Laurent,8,6,32.0
2018-2019,CISSS du Bas-Saint-Laurent,8,9,76.0
2018-2019,CISSS du Bas-Saint-Laurent,9,5,14.0
2018-2019,CISSS du Bas-Saint-Laurent,9,6,6.0
2018-2019,CISSS du Bas-Saint-Laurent,9,9,20.0
2018-2019,CISSS du Bas-Saint-Laurent,10,4,388.0
2018-2019,CISSS du Bas-Saint-Laurent,10,5,16362.0
2018-2019,CISSS du Bas-Saint-Laurent,10,6,15228.0
2018-2019,CISSS du Bas-Saint-Laurent,10,9,31978.0
2018-2019,CISSS du Bas-Saint-Laurent,11,4,28.0
2018-2019,CISSS du Bas-Saint-Laurent,11,5,146.0
2018-2019,CISSS du Bas-Saint-Laurent,11,6,112.0
2018-2019,CISSS du Bas-Saint-Laurent,11,9,286.0
2018-2019,CISSS du Bas-Saint-Laurent,12,4,14.0
2018-2019,CISSS du Bas-Saint-Laurent,12,5,74.0
2018-2019,CISSS du Bas-Saint-Laurent,12,6,62.0
2018-2019,CISSS du Bas-Saint-Laurent,12,9,150.0
2018-2019,CISSS du Bas-Saint-Laurent,13,4,14.0
2018-2019,CISSS du Bas-Saint-Laurent,13,5,72.0
2018-2019,CISSS du Bas-Saint-Laurent,13,6,50.0
2018-2019,CISSS du Bas-Saint-Laurent,13,9,136.0
2018-2019,CISSS du Bas-Saint-Laurent,14,4,6.0
2018-2019,CISSS du Bas-Saint-Laurent,14,5,22.0
2018-2019,CISSS du Bas-Saint-Laurent,14,6,26.0
2018-2019,CISSS du Bas-Saint-Laurent,14,9,54.0
2018-2019,CISSS du Bas-Saint-Laurent,15,4,2282.0
2018-2019,CISSS du Bas-Saint-Laurent,15,5,27562.0
2018-2019,CISSS du Bas-Saint-Laurent,15,6,17746.0
2018-2019,CISSS du Bas-Saint-Laurent,15,9,47590.0
2018-2019,CIUSSS de l'Estrie - CHUS,1,1,0.0
2018-2019,CIUSSS de l'Estrie - CHUS,1,2,0.0
2018-2019,CIUSSS de l'Estrie - CHUS,1,3,0.0
2018-2019,CIUSSS de l'Estrie - CHUS,1,4,10.0
2018-2019,CIUSSS de l'Estrie - CHUS,1,5,96.0
2018-2019,CIUSSS de l'Estrie - CHUS,1,6,32.0
2018-2019,CIUSSS de l'Estrie - CHUS,1,7,8.0
2018-2019,CIUSSS de l'Estrie - CHUS,1,8,0.0
2018-2019,CIUSSS de l'Estrie - CHUS,1,9,146.0
2018-2019,CIUSSS de l'Estrie - CHUS,2,1,0.0
2018-2019,CIUSSS de l'Estrie - CHUS,2,2,0.0
2018-2019,CIUSSS de l'Estrie - CHUS,2,3,0.0
2018-2019,CIUSSS de l'Estrie - CHUS,2,4,6.0
2018-2019,CIUSSS de l'Estrie - CHUS,2,5,62.0
2018-2019,CIUSSS de l'Estrie - CHUS,2,6,10.0
2018-2019,CIUSSS de l'Estrie - CHUS,2,7,2.0
2018-2019,CIUSSS de l'Estrie - CHUS,2,8,0.0
2018-2019,CIUSSS de l'Estrie - CHUS,2,9,80.0
2018-2019,CIUSSS de l'Estrie - CHUS,3,1,0.0
2018-2019,CIUSSS de l'Estrie - CHUS,3,2,0.0
2018-2019,CIUSSS de l'Estrie - CHUS,3,3,0.0
2018-2019,CIUSSS de l'Estrie - CHUS,3,4,4.0
2018-2019,CIUSSS de l'Estrie - CHUS,3,5,34.0
2018-2019,CIUSSS de l'Estrie - CHUS,3,6,22.0
2018-2019,CIUSSS de l'Estrie - CHUS,3,7,6.0
2018-2019,CIUSSS de l'Estrie - CHUS,3,8,0.0
2018-2019,CIUSSS de l'Estrie - CHUS,3,9,66.0
2018-2019,CIUSSS de l'Estrie - CHUS,4,1,0.0
2018-2019,CIUSSS de l'Estrie - CHUS,4,2,0.0
2018-2019,CIUSSS de l'Estrie - CHUS,4,3,0.0
2018-2019,CIUSSS de l'Estrie - CHUS,4,4,4.0
2018-2019,CIUSSS de l'Estrie - CHUS,4,5,26.0
2018-2019,CIUSSS de l'Estrie - CHUS,4,6,6.0
2018-2019,CIUSSS de l'Estrie - CHUS,4,7,0.0
2018-2019,CIUSSS de l'Estrie - CHUS,4,8,0.0
2018-2019,CIUSSS de l'Estrie - CHUS,4,9,36.0
2018-2019,CIUSSS de l'Estrie - CHUS,5,1,0.0
2018-2019,CIUSSS de l'Estrie - CHUS,5,2,0.0
2018-2019,CIUSSS de l'Estrie - CHUS,5,3,0.0
2018-2019,CIUSSS de l'Estrie - CHUS,5,4,320.0
2018-2019,CIUSSS de l'Estrie - CHUS,5,5,10092.0
2018-2019,CIUSSS de l'Estrie - CHUS,5,6,4422.0
2018-2019,CIUSSS de l'Estrie - CHUS,5,7,1550.0
2018-2019,CIUSSS de l'Estrie - CHUS,5,8,0.0
2018-2019,CIUSSS de l'Estrie - CHUS,5,9,16384.0
2018-2019,CIUSSS de l'Estrie - CHUS,6,1,0.0
2018-2019,CIUSSS de l'Estrie - CHUS,6,2,0.0
2018-2019,CIUSSS de l'Estrie - CHUS,6,3,2.0
2018-2019,CIUSSS de l'Estrie - CHUS,6,4,20.0
2018-2019,CIUSSS de l'Estrie - CHUS,6,5,218.0
2018-2019,CIUSSS de l'Estrie - CHUS,6,6,100.0
2018-2019,CIUSSS de l'Estrie - CHUS,6,7,6.0
2018-2019,CIUSSS de l'Estrie - CHUS,6,8,0.0
2018-2019,CIUSSS de l'Estrie - CHUS,6,9,346.0
2018-2019,CIUSSS de l'Estrie - CHUS,7,1,0.0
2018-2019,CIUSSS de l'Estrie - CHUS,7,2,0.0
2018-2019,CIUSSS de l'Estrie - CHUS,7,3,2.0
2018-2019,CIUSSS de l'Estrie - CHUS,7,4,14.0
2018-2019,CIUSSS de l'Estrie - CHUS,7,5,138.0
2018-2019,CIUSSS de l'Estrie - CHUS,7,6,66.0
2018-2019,CIUSSS de l'Estrie - CHUS,7,7,0.0
2018-2019,CIUSSS de l'Estrie - CHUS,7,8,0.0
2018-2019,CIUSSS de l'Estrie - CHUS,7,9,220.0
2018-2019,CIUSSS de l'Estrie - CHUS,8,1,0.0
2018-2019,CIUSSS de l'Estrie - CHUS,8,2,0.0
2018-2019,CIUSSS de l'Estrie - CHUS,8,3,0.0
2018-2019,CIUSSS de l'Estrie - CHUS,8,4,6.0
2018-2019,CIUSSS de l'Estrie - CHUS,8,5,80.0
2018-2019,CIUSSS de l'Estrie - CHUS,8,6,34.0
2018-2019,CIUSSS de l'Estrie - CHUS,8,7,6.0
2018-2019,CIUSSS de l'Estrie - CHUS,8,8,0.0
2018-2019,CIUSSS de l'Estrie - CHUS,8,9,126.0
2018-2019,CIUSSS de l'Estrie - CHUS,9,1,0.0
2018-2019,CIUSSS de l'Estrie - CHUS,9,2,0.0
2018-2019,CIUSSS de l'Estrie - CHUS,9,3,0.0
2018-2019,CIUSSS de l'Estrie - CHUS,9,4,10.0
2018-2019,CIUSSS de l'Estrie - CHUS,9,5,34.0
2018-2019,CIUSSS de l'Estrie - CHUS,9,6,6.0
2018-2019,CIUSSS de l'Estrie - CHUS,9,7,2.0
2018-2019,CIUSSS de l'Estrie - CHUS,9,8,0.0
2018-2019,CIUSSS de l'Estrie - CHUS,9,9,52.0
2018-2019,CIUSSS de l'Estrie - CHUS,10,1,0.0
2018-2019,CIUSSS de l'Estrie - CHUS,10,2,0.0
2018-2019,CIUSSS de l'Estrie - CHUS,10,3,0.0
2018-2019,CIUSSS de l'Estrie - CHUS,10,4,2444.0
2018-2019,CIUSSS de l'Estrie - CHUS,10,5,40002.0
2018-2019,CIUSSS de l'Estrie - CHUS,10,6,24988.0
2018-2019,CIUSSS de l'Estrie - CHUS,10,7,820.0
2018-2019,CIUSSS de l'Estrie - CHUS,10,8,0.0
2018-2019,CIUSSS de l'Estrie - CHUS,10,9,68254.0
2018-2019,CIUSSS de l'Estrie - CHUS,11,1,0.0
2018-2019,CIUSSS de l'Estrie - CHUS,11,2,0.0
2018-2019,CIUSSS de l'Estrie - CHUS,11,3,0.0
2018-2019,CIUSSS de l'Estrie - CHUS,11,4,18.0
2018-2019,CIUSSS de l'Estrie - CHUS,11,5,222.0
2018-2019,CIUSSS de l'Estrie - CHUS,11,6,134.0
2018-2019,CIUSSS de l'Estrie - CHUS,11,7,16.0
2018-2019,CIUSSS de l'Estrie - CHUS,11,8,0.0
2018-2019,CIUSSS de l'Estrie - CHUS,11,9,390.0
2018-2019,CIUSSS de l'Estrie - CHUS,12,1,0.0
2018-2019,CIUSSS de l'Estrie - CHUS,12,2,0.0
2018-2019,CIUSSS de l'Estrie - CHUS,12,3,0.0
2018-2019,CIUSSS de l'Estrie - CHUS,12,4,12.0
2018-2019,CIUSSS de l'Estrie - CHUS,12,5,116.0
2018-2019,CIUSSS de l'Estrie - CHUS,12,6,76.0
2018-2019,CIUSSS de l'Estrie - CHUS,12,7,8.0
2018-2019,CIUSSS de l'Estrie - CHUS,12,8,0.0
2018-2019,CIUSSS de l'Estrie - CHUS,12,9,212.0
2018-2019,CIUSSS de l'Estrie - CHUS,13,1,0.0
2018-2019,CIUSSS de l'Estrie - CHUS,13,2,0.0
2018-2019,CIUSSS de l'Estrie - CHUS,13,3,0.0
2018-2019,CIUSSS de l'Estrie - CHUS,13,4,6.0
2018-2019,CIUSSS de l'Estrie - CHUS,13,5,106.0
2018-2019,CIUSSS de l'Estrie - CHUS,13,6,58.0
2018-2019,CIUSSS de l'Estrie - CHUS,13,7,8.0
2018-2019,CIUSSS de l'Estrie - CHUS,13,8,0.0
2018-2019,CIUSSS de l'Estrie - CHUS,13,9,178.0
2018-2019,CIUSSS de l'Estrie - CHUS,14,1,0.0
2018-2019,CIUSSS de l'Estrie - CHUS,14,2,0.0
2018-2019,CIUSSS de l'Estrie - CHUS,14,3,0.0
2018-2019,CIUSSS de l'Estrie - CHUS,14,4,6.0
2018-2019,CIUSSS de l'Estrie - CHUS,14,5,26.0
2018-2019,CIUSSS de l'Estrie - CHUS,14,6,12.0
2018-2019,CIUSSS de l'Estrie - CHUS,14,7,4.0
2018-2019,CIUSSS de l'Estrie - CHUS,14,8,0.0
2018-2019,CIUSSS de l'Estrie - CHUS,14,9,48.0
2018-2019,CIUSSS de l'Estrie - CHUS,15,1,0.0
2018-2019,CIUSSS de l'Estrie - CHUS,15,2,0.0
2018-2019,CIUSSS de l'Estrie - CHUS,15,3,0.0
2018-2019,CIUSSS de l'Estrie - CHUS,15,4,1150.0
2018-2019,CIUSSS de l'Estrie - CHUS,15,5,32464.0
2018-2019,CIUSSS de l'Estrie - CHUS,15,6,22608.0
2018-2019,CIUSSS de l'Estrie - CHUS,15,7,2888.0
2018-2019,CIUSSS de l'Estrie - CHUS,15,8,0.0
2018-2019,CIUSSS de l'Estrie - CHUS,15,9,59110.0
2018-2019,CIUSSS de l'Estrie - CHUS,16,1,0.0
2018-2019,CIUSSS de l'Estrie - CHUS,16,2,0.0
2018-2019,CIUSSS de l'Estrie - CHUS,16,3,0.0
2018-2019,CIUSSS de l'Estrie - CHUS,16,4,2.0
2018-2019,CIUSSS de l'Estrie - CHUS,16,5,6.0
2018-2019,CIUSSS de l'Estrie - CHUS,16,6,0.0
2018-2019,CIUSSS de l'Estrie - CHUS,16,7,0.0
2018-2019,CIUSSS de l'Estrie - CHUS,16,8,0.0
2018-2019,CIUSSS de l'Estrie - CHUS,16,9,8.0
2018-2019,CIUSSS de l'Estrie - CHUS,17,1,0.0
2018-2019,CIUSSS de l'Estrie - CHUS,17,2,0.0
2018-2019,CIUSSS de l'Estrie - CHUS,17,3,0.0
2018-2019,CIUSSS de l'Estrie - CHUS,17,4,2.0
2018-2019,CIUSSS de l'Estrie - CHUS,17,5,4.0
2018-2019,CIUSSS de l'Estrie - CHUS,17,6,0.0
2018-2019,CIUSSS de l'Estrie - CHUS,17,7,0.0
2018-2019,CIUSSS de l'Estrie - CHUS,17,8,0.0
2018-2019,CIUSSS de l'Estrie - CHUS,17,9,6.0
2018-2019,CIUSSS de l'Estrie - CHUS,18,1,0.0
2018-2019,CIUSSS de l'Estrie - CHUS,18,2,0.0
2018-2019,CIUSSS de l'Estrie - CHUS,18,3,0.0
2018-2019,CIUSSS de l'Estrie - CHUS,18,4,0.0
2018-2019,CIUSSS de l'Estrie - CHUS,18,5,2.0
2018-2019,CIUSSS de l'Estrie - CHUS,18,6,0.0
2018-2019,CIUSSS de l'Estrie - CHUS,18,7,0.0
2018-2019,CIUSSS de l'Estrie - CHUS,18,8,0.0
2018-2019,CIUSSS de l'Estrie - CHUS,18,9,2.0
2018-2019,CIUSSS de l'Estrie - CHUS,19,1,0.0
2018-2019,CIUSSS de l'Estrie - CHUS,19,2,0.0
2018-2019,CIUSSS de l'Estrie - CHUS,19,3,0.0
2018-2019,CIUSSS de l'Estrie - CHUS,19,4,2.0
2018-2019,CIUSSS de l'Estrie - CHUS,19,5,4.0
2018-2019,CIUSSS de l'Estrie - CHUS,19,6,0.0
2018-2019,CIUSSS de l'Estrie - CHUS,19,7,0.0
2018-2019,CIUSSS de l'Estrie - CHUS,19,8,0.0
2018-2019,CIUSSS de l'Estrie - CHUS,19,9,6.0
2018-2019,CIUSSS de l'Ouest-de-l'Île-de-Montréal,1,1,0.0
2018-2019,CIUSSS de l'Ouest-de-l'Île-de-Montréal,1,2,0.0
2018-2019,CIUSSS de l'Ouest-de-l'Île-de-Montréal,1,3,0.0
2018-2019,CIUSSS de l'Ouest-de-l'Île-de-Montréal,1,4,16.0
2018-2019,CIUSSS de l'Ouest-de-l'Île-de-Montréal,1,5,128.0
2018-2019,CIUSSS de l'Ouest-de-l'Île-de-Montréal,1,6,46.0
2018-2019,CIUSSS de l'Ouest-de-l'Île-de-Montréal,1,7,0.0
2018-2019,CIUSSS de l'Ouest-de-l'Île-de-Montréal,1,8,0.0
2018-2019,CIUSSS de l'Ouest-de-l'Île-de-Montréal,1,9,190.0
2018-2019,CIUSSS de l'Ouest-de-l'Île-de-Montréal,2,1,0.0
2018-2019,CIUSSS de l'Ouest-de-l'Île-de-Montréal,2,2,0.0
2018-2019,CIUSSS de l'Ouest-de-l'Île-de-Montréal,2,3,0.0
2018-2019,CIUSSS de l'Ouest-de-l'Île-de-Montréal,2,4,10.0
2018-2019,CIUSSS de l'Ouest-de-l'Île-de-Montréal,2,5,108.0
2018-2019,CIUSSS de l'Ouest-de-l'Île-de-Montréal,2,6,34.0
2018-2019,CIUSSS de l'Ouest-de-l'Île-de-Montréal,2,7,0.0
2018-2019,CIUSSS de l'Ouest-de-l'Île-de-Montréal,2,8,0.0
2018-2019,CIUSSS de l'Ouest-de-l'Île-de-Montréal,2,9,152.0
2018-2019,CIUSSS de l'Ouest-de-l'Île-de-Montréal,3,1,0.0
2018-2019,CIUSSS de l'Ouest-de-l'Île-de-Montréal,3,2,0.0
2018-2019,CIUSSS de l'Ouest-de-l'Île-de-Montréal,3,3,0.0
2018-2019,CIUSSS de l'Ouest-de-l'Île-de-Montréal,3,4,6.0
2018-2019,CIUSSS de l'Ouest-de-l'Île-de-Montréal,3,5,20.0
2018-2019,CIUSSS de l'Ouest-de-l'Île-de-Montréal,3,6,12.0
2018-2019,CIUSSS de l'Ouest-de-l'Île-de-Montréal,3,7,0.0
2018-2019,CIUSSS de l'Ouest-de-l'Île-de-Montréal,3,8,0.0
2018-2019,CIUSSS de l'Ouest-de-l'Île-de-Montréal,3,9,38.0
2018-2019,CIUSSS de l'Ouest-de-l'Île-de-Montréal,4,1,0.0
2018-2019,CIUSSS de l'Ouest-de-l'Île-de-Montréal,4,2,0.0
2018-2019,CIUSSS de l'Ouest-de-l'Île-de-Montréal,4,3,0.0
2018-2019,CIUSSS de l'Ouest-de-l'Île-de-Montréal,4,4,12.0
2018-2019,CIUSSS de l'Ouest-de-l'Île-de-Montréal,4,5,50.0
2018-2019,CIUSSS de l'Ouest-de-l'Île-de-Montréal,4,6,26.0
2018-2019,CIUSSS de l'Ouest-de-l'Île-de-Montréal,4,7,0.0
2018-2019,CIUSSS de l'Ouest-de-l'Île-de-Montréal,4,8,0.0
2018-2019,CIUSSS de l'Ouest-de-l'Île-de-Montréal,4,9,88.0
2018-2019,CIUSSS de l'Ouest-de-l'Île-de-Montréal,5,1,0.0
2018-2019,CIUSSS de l'Ouest-de-l'Île-de-Montréal,5,2,0.0
2018-2019,CIUSSS de l'Ouest-de-l'Île-de-Montréal,5,3,0.0
2018-2019,CIUSSS de l'Ouest-de-l'Île-de-Montréal,5,4,1844.0
2018-2019,CIUSSS de l'Ouest-de-l'Île-de-Montréal,5,5,34868.0
2018-2019,CIUSSS de l'Ouest-de-l'Île-de-Montréal,5,6,14170.0
2018-2019,CIUSSS de l'Ouest-de-l'Île-de-Montréal,5,7,0.0
2018-2019,CIUSSS de l'Ouest-de-l'Île-de-Montréal,5,8,0.0
2018-2019,CIUSSS de l'Ouest-de-l'Île-de-Montréal,5,9,50882.0
2018-2019,CIUSSS de l'Ouest-de-l'Île-de-Montréal,6,1,0.0
2018-2019,CIUSSS de l'Ouest-de-l'Île-de-Montréal,6,2,0.0
2018-2019,CIUSSS de l'Ouest-de-l'Île-de-Montréal,6,3,0.0
2018-2019,CIUSSS de l'Ouest-de-l'Île-de-Montréal,6,4,6.0
2018-2019,CIUSSS de l'Ouest-de-l'Île-de-Montréal,6,5,138.0
2018-2019,CIUSSS de l'Ouest-de-l'Île-de-Montréal,6,6,116.0
2018-2019,CIUSSS de l'Ouest-de-l'Île-de-Montréal,6,7,0.0
2018-2019,CIUSSS de l'Ouest-de-l'Île-de-Montréal,6,8,0.0
2018-2019,CIUSSS de l'Ouest-de-l'Île-de-Montréal,6,9,260.0
2018-2019,CIUSSS de l'Ouest-de-l'Île-de-Montréal,7,1,0.0
2018-2019,CIUSSS de l'Ouest-de-l'Île-de-Montréal,7,2,0.0
2018-2019,CIUSSS de l'Ouest-de-l'Île-de-Montréal,7,3,0.0
2018-2019,CIUSSS de l'Ouest-de-l'Île-de-Montréal,7,4,4.0
2018-2019,CIUSSS de l'Ouest-de-l'Île-de-Montréal,7,5,80.0
2018-2019,CIUSSS de l'Ouest-de-l'Île-de-Montréal,7,6,72.0
2018-2019,CIUSSS de l'Ouest-de-l'Île-de-Montréal,7,7,0.0
2018-2019,CIUSSS de l'Ouest-de-l'Île-de-Montréal,7,8,0.0
2018-2019,CIUSSS de l'Ouest-de-l'Île-de-Montréal,7,9,156.0
2018-2019,CIUSSS de l'Ouest-de-l'Île-de-Montréal,8,1,0.0
2018-2019,CIUSSS de l'Ouest-de-l'Île-de-Montréal,8,2,0.0
2018-2019,CIUSSS de l'Ouest-de-l'Île-de-Montréal,8,3,0.0
2018-2019,CIUSSS de l'Ouest-de-l'Île-de-Montréal,8,4,2.0
2018-2019,CIUSSS de l'Ouest-de-l'Île-de-Montréal,8,5,58.0
2018-2019,CIUSSS de l'Ouest-de-l'Île-de-Montréal,8,6,44.0
2018-2019,CIUSSS de l'Ouest-de-l'Île-de-Montréal,8,7,0.0
2018-2019,CIUSSS de l'Ouest-de-l'Île-de-Montréal,8,8,0.0
2018-2019,CIUSSS de l'Ouest-de-l'Île-de-Montréal,8,9,104.0
2018-2019,CIUSSS de l'Ouest-de-l'Île-de-Montréal,9,1,0.0
2018-2019,CIUSSS de l'Ouest-de-l'Île-de-Montréal,9,2,0.0
2018-2019,CIUSSS de l'Ouest-de-l'Île-de-Montréal,9,3,0.0
2018-2019,CIUSSS de l'Ouest-de-l'Île-de-Montréal,9,4,4.0
2018-2019,CIUSSS de l'Ouest-de-l'Île-de-Montréal,9,5,10.0
2018-2019,CIUSSS de l'Ouest-de-l'Île-de-Montréal,9,6,12.0
2018-2019,CIUSSS de l'Ouest-de-l'Île-de-Montréal,9,7,0.0
2018-2019,CIUSSS de l'Ouest-de-l'Île-de-Montréal,9,8,0.0
2018-2019,CIUSSS de l'Ouest-de-l'Île-de-Montréal,9,9,26.0
2018-2019,CIUSSS de l'Ouest-de-l'Île-de-Montréal,10,1,0.0
2018-2019,CIUSSS de l'Ouest-de-l'Île-de-Montréal,10,2,0.0
2018-2019,CIUSSS de l'Ouest-de-l'Île-de-Montréal,10,3,0.0
2018-2019,CIUSSS de l'Ouest-de-l'Île-de-Montréal,10,4,90.0
2018-2019,CIUSSS de l'Ouest-de-l'Île-de-Montréal,10,5,33122.0
2018-2019,CIUSSS de l'Ouest-de-l'Île-de-Montréal,10,6,33438.0
2018-2019,CIUSSS de l'Ouest-de-l'Île-de-Montréal,10,7,0.0
2018-2019,CIUSSS de l'Ouest-de-l'Île-de-Montréal,10,8,0.0
2018-2019,CIUSSS de l'Ouest-de-l'Île-de-Montréal,10,9,66650.0
2018-2019,CIUSSS de l'Ouest-de-l'Île-de-Montréal,11,1,0.0
2018-2019,CIUSSS de l'Ouest-de-l'Île-de-Montréal,11,2,0.0
2018-2019,CIUSSS de l'Ouest-de-l'Île-de-Montréal,11,3,0.0
2018-2019,CIUSSS de l'Ouest-de-l'Île-de-Montréal,11,4,22.0
2018-2019,CIUSSS de l'Ouest-de-l'Île-de-Montréal,11,5,410.0
2018-2019,CIUSSS de l'Ouest-de-l'Île-de-Montréal,11,6,162.0
2018-2019,CIUSSS de l'Ouest-de-l'Île-de-Montréal,11,7,20.0
2018-2019,CIUSSS de l'Ouest-de-l'Île-de-Montréal,11,8,0.0
2018-2019,CIUSSS de l'Ouest-de-l'Île-de-Montréal,11,9,614.0
2018-2019,CIUSSS de l'Ouest-de-l'Île-de-Montréal,12,1,0.0
2018-2019,CIUSSS de l'Ouest-de-l'Île-de-Montréal,12,2,0.0
2018-2019,CIUSSS de l'Ouest-de-l'Île-de-Montréal,12,3,0.0
2018-2019,CIUSSS de l'Ouest-de-l'Île-de-Montréal,12,4,16.0
2018-2019,CIUSSS de l'Ouest-de-l'Île-de-Montréal,12,5,248.0
2018-2019,CIUSSS de l'Ouest-de-l'Île-de-Montréal,12,6,92.0
2018-2019,CIUSSS de l'Ouest-de-l'Île-de-Montréal,12,7,8.0
2018-2019,CIUSSS de l'Ouest-de-l'Île-de-Montréal,12,8,0.0
2018-2019,CIUSSS de l'Ouest-de-l'Île-de-Montréal,12,9,364.0
2018-2019,CIUSSS de l'Ouest-de-l'Île-de-Montréal,13,1,0.0
2018-2019,CIUSSS de l'Ouest-de-l'Île-de-Montréal,13,2,0.0
2018-2019,CIUSSS de l'Ouest-de-l'Île-de-Montréal,13,3,0.0
2018-2019,CIUSSS de l'Ouest-de-l'Île-de-Montréal,13,4,6.0
2018-2019,CIUSSS de l'Ouest-de-l'Île-de-Montréal,13,5,162.0
2018-2019,CIUSSS de l'Ouest-de-l'Île-de-Montréal,13,6,70.0
2018-2019,CIUSSS de l'Ouest-de-l'Île-de-Montréal,13,7,12.0
2018-2019,CIUSSS de l'Ouest-de-l'Île-de-Montréal,13,8,0.0
2018-2019,CIUSSS de l'Ouest-de-l'Île-de-Montréal,13,9,250.0
2018-2019,CIUSSS de l'Ouest-de-l'Île-de-Montréal,14,1,0.0
2018-2019,CIUSSS de l'Ouest-de-l'Île-de-Montréal,14,2,0.0
2018-2019,CIUSSS de l'Ouest-de-l'Île-de-Montréal,14,3,0.0
2018-2019,CIUSSS de l'Ouest-de-l'Île-de-Montréal,14,4,12.0
2018-2019,CIUSSS de l'Ouest-de-l'Île-de-Montréal,14,5,34.0
2018-2019,CIUSSS de l'Ouest-de-l'Île-de-Montréal,14,6,6.0
2018-2019,CIUSSS de l'Ouest-de-l'Île-de-Montréal,14,7,6.0
2018-2019,CIUSSS de l'Ouest-de-l'Île-de-Montréal,14,8,0.0
2018-2019,CIUSSS de l'Ouest-de-l'Île-de-Montréal,14,9,58.0
2018-2019,CIUSSS de l'Ouest-de-l'Île-de-Montréal,15,1,0.0
2018-2019,CIUSSS de l'Ouest-de-l'Île-de-Montréal,15,2,0.0
2018-2019,CIUSSS de l'Ouest-de-l'Île-de-Montréal,15,3,0.0
2018-2019,CIUSSS de l'Ouest-de-l'Île-de-Montréal,15,4,3280.0
2018-2019,CIUSSS de l'Ouest-de-l'Île-de-Montréal,15,5,112124.0
2018-2019,CIUSSS de l'Ouest-de-l'Île-de-Montréal,15,6,50660.0
2018-2019,CIUSSS de l'Ouest-de-l'Île-de-Montréal,15,7,3790.0
2018-2019,CIUSSS de l'Ouest-de-l'Île-de-Montréal,15,8,0.0
2018-2019,CIUSSS de l'Ouest-de-l'Île-de-Montréal,15,9,169854.0
2018-2019,CIUSSS de l'Ouest-de-l'Île-de-Montréal,16,1,0.0
2018-2019,CIUSSS de l'Ouest-de-l'Île-de-Montréal,16,2,0.0
2018-2019,CIUSSS de l'Ouest-de-l'Île-de-Montréal,16,3,0.0
2018-2019,CIUSSS de l'Ouest-de-l'Île-de-Montréal,16,4,0.0
2018-2019,CIUSSS de l'Ouest-de-l'Île-de-Montréal,16,5,26.0
2018-2019,CIUSSS de l'Ouest-de-l'Île-de-Montréal,16,6,20.0
2018-2019,CIUSSS de l'Ouest-de-l'Île-de-Montréal,16,7,0.0
2018-2019,CIUSSS de l'Ouest-de-l'Île-de-Montréal,16,8,0.0
2018-2019,CIUSSS de l'Ouest-de-l'Île-de-Montréal,16,9,46.0
2018-2019,CIUSSS de l'Ouest-de-l'Île-de-Montréal,17,1,0.0
2018-2019,CIUSSS de l'Ouest-de-l'Île-de-Montréal,17,2,0.0
2018-2019,CIUSSS de l'Ouest-de-l'Île-de-Montréal,17,3,0.0
2018-2019,CIUSSS de l'Ouest-de-l'Île-de-Montréal,17,4,0.0
2018-2019,CIUSSS de l'Ouest-de-l'Île-de-Montréal,17,5,22.0
2018-2019,CIUSSS de l'Ouest-de-l'Île-de-Montréal,17,6,14.0
2018-2019,CIUSSS de l'Ouest-de-l'Île-de-Montréal,17,7,0.0
2018-2019,CIUSSS de l'Ouest-de-l'Île-de-Montréal,17,8,0.0
2018-2019,CIUSSS de l'Ouest-de-l'Île-de-Montréal,17,9,36.0
2018-2019,CIUSSS de l'Ouest-de-l'Île-de-Montréal,18,1,0.0
2018-2019,CIUSSS de l'Ouest-de-l'Île-de-Montréal,18,2,0.0
2018-2019,CIUSSS de l'Ouest-de-l'Île-de-Montréal,18,3,0.0
2018-2019,CIUSSS de l'Ouest-de-l'Île-de-Montréal,18,4,0.0
2018-2019,CIUSSS de l'Ouest-de-l'Île-de-Montréal,18,5,4.0
2018-2019,CIUSSS de l'Ouest-de-l'Île-de-Montréal,18,6,6.0
2018-2019,CIUSSS de l'Ouest-de-l'Île-de-Montréal,18,7,0.0
2018-2019,CIUSSS de l'Ouest-de-l'Île-de-Montréal,18,8,0.0
2018-2019,CIUSSS de l'Ouest-de-l'Île-de-Montréal,18,9,10.0
2018-2019,CIUSSS de la Capitale-Nationale,1,4,10.0
2018-2019,CIUSSS de la Capitale-Nationale,1,5,188.0
2018-2019,CIUSSS de la Capitale-Nationale,1,6,140.0
2018-2019,CIUSSS de la Capitale-Nationale,1,7,20.0
2018-2019,CIUSSS de la Capitale-Nationale,1,9,358.0
2018-2019,CIUSSS de la Capitale-Nationale,2,4,6.0
2018-2019,CIUSSS de la Capitale-Nationale,2,5,110.0
2018-2019,CIUSSS de la Capitale-Nationale,2,6,88.0
2018-2019,CIUSSS de la Capitale-Nationale,2,7,12.0
2018-2019,CIUSSS de la Capitale-Nationale,2,9,216.0
2018-2019,CIUSSS de la Capitale-Nationale,3,4,4.0
2018-2019,CIUSSS de la Capitale-Nationale,3,5,78.0
2018-2019,CIUSSS de la Capitale-Nationale,3,6,52.0
2018-2019,CIUSSS de la Capitale-Nationale,3,7,8.0
2018-2019,CIUSSS de la Capitale-Nationale,3,9,142.0
2018-2019,CIUSSS de la Capitale-Nationale,4,5,18.0
2018-2019,CIUSSS de la Capitale-Nationale,4,6,22.0
2018-2019,CIUSSS de la Capitale-Nationale,4,9,40.0
2018-2019,CIUSSS de la Capitale-Nationale,5,4,824.0
2018-2019,CIUSSS de la Capitale-Nationale,5,5,36600.0
2018-2019,CIUSSS de la Capitale-Nationale,5,6,32290.0
2018-2019,CIUSSS de la Capitale-Nationale,5,7,5604.0
2018-2019,CIUSSS de la Capitale-Nationale,5,9,75318.0
2018-2019,CIUSSS de la Capitale-Nationale,6,4,22.0
2018-2019,CIUSSS de la Capitale-Nationale,6,5,284.0
2018-2019,CIUSSS de la Capitale-Nationale,6,6,148.0
2018-2019,CIUSSS de la Capitale-Nationale,6,7,12.0
2018-2019,CIUSSS de la Capitale-Nationale,6,8,4.0
2018-2019,CIUSSS de la Capitale-Nationale,6,9,470.0
2018-2019,CIUSSS de la Capitale-Nationale,7,4,14.0
2018-2019,CIUSSS de la Capitale-Nationale,7,5,188.0
2018-2019,CIUSSS de la Capitale-Nationale,7,6,78.0
2018-2019,CIUSSS de la Capitale-Nationale,7,7,6.0
2018-2019,CIUSSS de la Capitale-Nationale,7,8,4.0
2018-2019,CIUSSS de la Capitale-Nationale,7,9,290.0
2018-2019,CIUSSS de la Capitale-Nationale,8,4,8.0
2018-2019,CIUSSS de la Capitale-Nationale,8,5,96.0
2018-2019,CIUSSS de la Capitale-Nationale,8,6,70.0
2018-2019,CIUSSS de la Capitale-Nationale,8,7,6.0
2018-2019,CIUSSS de la Capitale-Nationale,8,9,180.0
2018-2019,CIUSSS de la Capitale-Nationale,9,4,4.0
2018-2019,CIUSSS de la Capitale-Nationale,9,5,26.0
2018-2019,CIUSSS de la Capitale-Nationale,9,6,20.0
2018-2019,CIUSSS de la Capitale-Nationale,9,7,4.0
2018-2019,CIUSSS de la Capitale-Nationale,9,8,2.0
2018-2019,CIUSSS de la Capitale-Nationale,9,9,56.0
2018-2019,CIUSSS de la Capitale-Nationale,10,4,3408.0
2018-2019,CIUSSS de la Capitale-Nationale,10,5,72196.0
2018-2019,CIUSSS de la Capitale-Nationale,10,6,38540.0
2018-2019,CIUSSS de la Capitale-Nationale,10,7,1560.0
2018-2019,CIUSSS de la Capitale-Nationale,10,8,1572.0
2018-2019,CIUSSS de la Capitale-Nationale,10,9,117276.0
2018-2019,CIUSSS de la Capitale-Nationale,11,4,22.0
2018-2019,CIUSSS de la Capitale-Nationale,11,5,510.0
2018-2019,CIUSSS de la Capitale-Nationale,11,6,240.0
2018-2019,CIUSSS de la Capitale-Nationale,11,7,10.0
2018-2019,CIUSSS de la Capitale-Nationale,11,8,4.0
2018-2019,CIUSSS de la Capitale-Nationale,11,9,786.0
2018-2019,CIUSSS de la Capitale-Nationale,12,4,12.0
2018-2019,CIUSSS de la Capitale-Nationale,12,5,288.0
2018-2019,CIUSSS de la Capitale-Nationale,12,6,168.0
2018-2019,CIUSSS de la Capitale-Nationale,12,7,10.0
2018-2019,CIUSSS de la Capitale-Nationale,12,8,4.0
2018-2019,CIUSSS de la Capitale-Nationale,12,9,482.0
2018-2019,CIUSSS de la Capitale-Nationale,13,4,10.0
2018-2019,CIUSSS de la Capitale-Nationale,13,5,222.0
2018-2019,CIUSSS de la Capitale-Nationale,13,6,72.0
2018-2019,CIUSSS de la Capitale-Nationale,13,9,304.0
2018-2019,CIUSSS de la Capitale-Nationale,14,4,4.0
2018-2019,CIUSSS de la Capitale-Nationale,14,5,34.0
2018-2019,CIUSSS de la Capitale-Nationale,14,6,14.0
2018-2019,CIUSSS de la Capitale-Nationale,14,9,52.0
2018-2019,CIUSSS de la Capitale-Nationale,15,4,2250.0
2018-2019,CIUSSS de la Capitale-Nationale,15,5,109390.0
2018-2019,CIUSSS de la Capitale-Nationale,15,6,60236.0
2018-2019,CIUSSS de la Capitale-Nationale,15,7,1390.0
2018-2019,CIUSSS de la Capitale-Nationale,15,8,102.0
2018-2019,CIUSSS de la Capitale-Nationale,15,9,173368.0
2018-2019,CIUSSS de la Capitale-Nationale,16,3,2.0
2018-2019,CIUSSS de la Capitale-Nationale,16,4,4.0
2018-2019,CIUSSS de la Capitale-Nationale,16,5,50.0
2018-2019,CIUSSS de la Capitale-Nationale,16,6,48.0
2018-2019,CIUSSS de la Capitale-Nationale,16,7,12.0
2018-2019,CIUSSS de la Capitale-Nationale,16,9,116.0
2018-2019,CIUSSS de la Capitale-Nationale,17,4,4.0
2018-2019,CIUSSS de la Capitale-Nationale,17,5,34.0
2018-2019,CIUSSS de la Capitale-Nationale,17,6,34.0
2018-2019,CIUSSS de la Capitale-Nationale,17,7,12.0
2018-2019,CIUSSS de la Capitale-Nationale,17,9,84.0
2018-2019,CIUSSS de la Capitale-Nationale,18,3,2.0
2018-2019,CIUSSS de la Capitale-Nationale,18,5,16.0
2018-2019,CIUSSS de la Capitale-Nationale,18,6,14.0
2018-2019,CIUSSS de la Capitale-Nationale,18,9,32.0
2018-2019,CIUSSS de la Capitale-Nationale,19,5,4.0
2018-2019,CIUSSS de la Capitale-Nationale,19,6,4.0
2018-2019,CIUSSS de la Capitale-Nationale,19,7,6.0
2018-2019,CIUSSS de la Capitale-Nationale,19,9,14.0
2018-2019,CIUSSS de la Mauricie et du Centre-du-Québec,6,1,0.0
2018-2019,CIUSSS de la Mauricie et du Centre-du-Québec,6,2,0.0
2018-2019,CIUSSS de la Mauricie et du Centre-du-Québec,6,3,18.0
2018-2019,CIUSSS de la Mauricie et du Centre-du-Québec,6,4,78.0
2018-2019,CIUSSS de la Mauricie et du Centre-du-Québec,6,5,362.0
2018-2019,CIUSSS de la Mauricie et du Centre-du-Québec,6,6,78.0
2018-2019,CIUSSS de la Mauricie et du Centre-du-Québec,6,7,4.0
2018-2019,CIUSSS de la Mauricie et du Centre-du-Québec,6,8,0.0
2018-2019,CIUSSS de la Mauricie et du Centre-du-Québec,6,9,540.0
2018-2019,CIUSSS de la Mauricie et du Centre-du-Québec,7,1,0.0
2018-2019,CIUSSS de la Mauricie et du Centre-du-Québec,7,2,0.0
2018-2019,CIUSSS de la Mauricie et du Centre-du-Québec,7,3,12.0
2018-2019,CIUSSS de la Mauricie et du Centre-du-Québec,7,4,54.0
2018-2019,CIUSSS de la Mauricie et du Centre-du-Québec,7,5,228.0
2018-2019,CIUSSS de la Mauricie et du Centre-du-Québec,7,6,42.0
2018-2019,CIUSSS de la Mauricie et du Centre-du-Québec,7,7,4.0
2018-2019,CIUSSS de la Mauricie et du Centre-du-Québec,7,8,0.0
2018-2019,CIUSSS de la Mauricie et du Centre-du-Québec,7,9,340.0
2018-2019,CIUSSS de la Mauricie et du Centre-du-Québec,8,1,0.0
2018-2019,CIUSSS de la Mauricie et du Centre-du-Québec,8,2,0.0
2018-2019,CIUSSS de la Mauricie et du Centre-du-Québec,8,3,6.0
2018-2019,CIUSSS de la Mauricie et du Centre-du-Québec,8,4,24.0
2018-2019,CIUSSS de la Mauricie et du Centre-du-Québec,8,5,134.0
2018-2019,CIUSSS de la Mauricie et du Centre-du-Québec,8,6,36.0
2018-2019,CIUSSS de la Mauricie et du Centre-du-Québec,8,7,0.0
2018-2019,CIUSSS de la Mauricie et du Centre-du-Québec,8,8,0.0
2018-2019,CIUSSS de la Mauricie et du Centre-du-Québec,8,9,200.0
2018-2019,CIUSSS de la Mauricie et du Centre-du-Québec,9,1,0.0
2018-2019,CIUSSS de la Mauricie et du Centre-du-Québec,9,2,0.0
2018-2019,CIUSSS de la Mauricie et du Centre-du-Québec,9,3,10.0
2018-2019,CIUSSS de la Mauricie et du Centre-du-Québec,9,4,26.0
2018-2019,CIUSSS de la Mauricie et du Centre-du-Québec,9,5,44.0
2018-2019,CIUSSS de la Mauricie et du Centre-du-Québec,9,6,8.0
2018-2019,CIUSSS de la Mauricie et du Centre-du-Québec,9,7,2.0
2018-2019,CIUSSS de la Mauricie et du Centre-du-Québec,9,8,0.0
2018-2019,CIUSSS de la Mauricie et du Centre-du-Québec,9,9,90.0
2018-2019,CIUSSS de la Mauricie et du Centre-du-Québec,10,1,0.0
2018-2019,CIUSSS de la Mauricie et du Centre-du-Québec,10,2,0.0
2018-2019,CIUSSS de la Mauricie et du Centre-du-Québec,10,3,760.0
2018-2019,CIUSSS de la Mauricie et du Centre-du-Québec,10,4,11182.0
2018-2019,CIUSSS de la Mauricie et du Centre-du-Québec,10,5,79750.0
2018-2019,CIUSSS de la Mauricie et du Centre-du-Québec,10,6,13278.0
2018-2019,CIUSSS de la Mauricie et du Centre-du-Québec,10,7,310.0
2018-2019,CIUSSS de la Mauricie et du Centre-du-Québec,10,8,0.0
2018-2019,CIUSSS de la Mauricie et du Centre-du-Québec,10,9,105280.0
2018-2019,CIUSSS de la Mauricie et du Centre-du-Québec,11,1,0.0
2018-2019,CIUSSS de la Mauricie et du Centre-du-Québec,11,2,0.0
2018-2019,CIUSSS de la Mauricie et du Centre-du-Québec,11,3,12.0
2018-2019,CIUSSS de la Mauricie et du Centre-du-Québec,11,4,48.0
2018-2019,CIUSSS de la Mauricie et du Centre-du-Québec,11,5,438.0
2018-2019,CIUSSS de la Mauricie et du Centre-du-Québec,11,6,176.0
2018-2019,CIUSSS de la Mauricie et du Centre-du-Québec,11,7,0.0
2018-2019,CIUSSS de la Mauricie et du Centre-du-Québec,11,8,0.0
2018-2019,CIUSSS de la Mauricie et du Centre-du-Québec,11,9,674.0
2018-2019,CIUSSS de la Mauricie et du Centre-du-Québec,12,1,0.0
2018-2019,CIUSSS de la Mauricie et du Centre-du-Québec,12,2,0.0
2018-2019,CIUSSS de la Mauricie et du Centre-du-Québec,12,3,10.0
2018-2019,CIUSSS de la Mauricie et du Centre-du-Québec,12,4,32.0
2018-2019,CIUSSS de la Mauricie et du Centre-du-Québec,12,5,252.0
2018-2019,CIUSSS de la Mauricie et du Centre-du-Québec,12,6,82.0
2018-2019,CIUSSS de la Mauricie et du Centre-du-Québec,12,7,0.0
2018-2019,CIUSSS de la Mauricie et du Centre-du-Québec,12,8,0.0
2018-2019,CIUSSS de la Mauricie et du Centre-du-Québec,12,9,376.0
2018-2019,CIUSSS de la Mauricie et du Centre-du-Québec,13,1,0.0
2018-2019,CIUSSS de la Mauricie et du Centre-du-Québec,13,2,0.0
2018-2019,CIUSSS de la Mauricie et du Centre-du-Québec,13,3,2.0
2018-2019,CIUSSS de la Mauricie et du Centre-du-Québec,13,4,16.0
2018-2019,CIUSSS de la Mauricie et du Centre-du-Québec,13,5,186.0
2018-2019,CIUSSS de la Mauricie et du Centre-du-Québec,13,6,94.0
2018-2019,CIUSSS de la Mauricie et du Centre-du-Québec,13,7,0.0
2018-2019,CIUSSS de la Mauricie et du Centre-du-Québec,13,8,0.0
2018-2019,CIUSSS de la Mauricie et du Centre-du-Québec,13,9,298.0
2018-2019,CIUSSS de la Mauricie et du Centre-du-Québec,14,1,0.0
2018-2019,CIUSSS de la Mauricie et du Centre-du-Québec,14,2,0.0
2018-2019,CIUSSS de la Mauricie et du Centre-du-Québec,14,3,6.0
2018-2019,CIUSSS de la Mauricie et du Centre-du-Québec,14,4,12.0
2018-2019,CIUSSS de la Mauricie et du Centre-du-Québec,14,5,60.0
2018-2019,CIUSSS de la Mauricie et du Centre-du-Québec,14,6,18.0
2018-2019,CIUSSS de la Mauricie et du Centre-du-Québec,14,7,0.0
2018-2019,CIUSSS de la Mauricie et du Centre-du-Québec,14,8,0.0
2018-2019,CIUSSS de la Mauricie et du Centre-du-Québec,14,9,96.0
2018-2019,CIUSSS de la Mauricie et du Centre-du-Québec,15,1,0.0
2018-2019,CIUSSS de la Mauricie et du Centre-du-Québec,15,2,0.0
2018-2019,CIUSSS de la Mauricie et du Centre-du-Québec,15,3,438.0
2018-2019,CIUSSS de la Mauricie et du Centre-du-Québec,15,4,6224.0
2018-2019,CIUSSS de la Mauricie et du Centre-du-Québec,15,5,84630.0
2018-2019,CIUSSS de la Mauricie et du Centre-du-Québec,15,6,33122.0
2018-2019,CIUSSS de la Mauricie et du Centre-du-Québec,15,7,0.0
2018-2019,CIUSSS de la Mauricie et du Centre-du-Québec,15,8,0.0
2018-2019,CIUSSS de la Mauricie et du Centre-du-Québec,15,9,124414.0
2018-2019,CIUSSS de la Mauricie et du Centre-du-Québec,16,1,0.0
2018-2019,CIUSSS de la Mauricie et du Centre-du-Québec,16,2,0.0
2018-2019,CIUSSS de la Mauricie et du Centre-du-Québec,16,3,2.0
2018-2019,CIUSSS de la Mauricie et du Centre-du-Québec,16,4,0.0
2018-2019,CIUSSS de la Mauricie et du Centre-du-Québec,16,5,4.0
2018-2019,CIUSSS de la Mauricie et du Centre-du-Québec,16,6,0.0
2018-2019,CIUSSS de la Mauricie et du Centre-du-Québec,16,7,0.0
2018-2019,CIUSSS de la Mauricie et du Centre-du-Québec,16,8,0.0
2018-2019,CIUSSS de la Mauricie et du Centre-du-Québec,16,9,6.0
2018-2019,CIUSSS de la Mauricie et du Centre-du-Québec,17,1,0.0
2018-2019,CIUSSS de la Mauricie et du Centre-du-Québec,17,2,0.0
2018-2019,CIUSSS de la Mauricie et du Centre-du-Québec,17,3,2.0
2018-2019,CIUSSS de la Mauricie et du Centre-du-Québec,17,4,0.0
2018-2019,CIUSSS de la Mauricie et du Centre-du-Québec,17,5,4.0
2018-2019,CIUSSS de la Mauricie et du Centre-du-Québec,17,6,0.0
2018-2019,CIUSSS de la Mauricie et du Centre-du-Québec,17,7,0.0
2018-2019,CIUSSS de la Mauricie et du Centre-du-Québec,17,8,0.0
2018-2019,CIUSSS de la Mauricie et du Centre-du-Québec,17,9,6.0
2018-2019,CIUSSS de la Mauricie et du Centre-du-Québec,19,1,0.0
2018-2019,CIUSSS de la Mauricie et du Centre-du-Québec,19,2,0.0
2018-2019,CIUSSS de la Mauricie et du Centre-du-Québec,19,3,2.0
2018-2019,CIUSSS de la Mauricie et du Centre-du-Québec,19,4,0.0
2018-2019,CIUSSS de la Mauricie et du Centre-du-Québec,19,5,2.0
2018-2019,CIUSSS de la Mauricie et du Centre-du-Québec,19,6,0.0
2018-2019,CIUSSS de la Mauricie et du Centre-du-Québec,19,7,0.0
2018-2019,CIUSSS de la Mauricie et du Centre-du-Québec,19,8,0.0
2018-2019,CIUSSS de la Mauricie et du Centre-du-Québec,19,9,4.0
2018-2019,CIUSSS du Centre-Ouest-de-l'Île-de-Montréal,6,1,0.0
2018-2019,CIUSSS du Centre-Ouest-de-l'Île-de-Montréal,6,2,0.0
2018-2019,CIUSSS du Centre-Ouest-de-l'Île-de-Montréal,6,3,0.0
2018-2019,CIUSSS du Centre-Ouest-de-l'Île-de-Montréal,6,4,2.0
2018-2019,CIUSSS du Centre-Ouest-de-l'Île-de-Montréal,6,5,52.0
2018-2019,CIUSSS du Centre-Ouest-de-l'Île-de-Montréal,6,6,22.0
2018-2019,CIUSSS du Centre-Ouest-de-l'Île-de-Montréal,6,7,0.0
2018-2019,CIUSSS du Centre-Ouest-de-l'Île-de-Montréal,6,8,0.0
2018-2019,CIUSSS du Centre-Ouest-de-l'Île-de-Montréal,6,9,76.0
2018-2019,CIUSSS du Centre-Ouest-de-l'Île-de-Montréal,7,1,0.0
2018-2019,CIUSSS du Centre-Ouest-de-l'Île-de-Montréal,7,2,0.0
2018-2019,CIUSSS du Centre-Ouest-de-l'Île-de-Montréal,7,3,0.0
2018-2019,CIUSSS du Centre-Ouest-de-l'Île-de-Montréal,7,4,0.0
2018-2019,CIUSSS du Centre-Ouest-de-l'Île-de-Montréal,7,5,22.0
2018-2019,CIUSSS du Centre-Ouest-de-l'Île-de-Montréal,7,6,12.0
2018-2019,CIUSSS du Centre-Ouest-de-l'Île-de-Montréal,7,7,0.0
2018-2019,CIUSSS du Centre-Ouest-de-l'Île-de-Montréal,7,8,0.0
2018-2019,CIUSSS du Centre-Ouest-de-l'Île-de-Montréal,7,9,34.0
2018-2019,CIUSSS du Centre-Ouest-de-l'Île-de-Montréal,8,1,0.0
2018-2019,CIUSSS du Centre-Ouest-de-l'Île-de-Montréal,8,2,0.0
2018-2019,CIUSSS du Centre-Ouest-de-l'Île-de-Montréal,8,3,0.0
2018-2019,CIUSSS du Centre-Ouest-de-l'Île-de-Montréal,8,4,2.0
2018-2019,CIUSSS du Centre-Ouest-de-l'Île-de-Montréal,8,5,30.0
2018-2019,CIUSSS du Centre-Ouest-de-l'Île-de-Montréal,8,6,10.0
2018-2019,CIUSSS du Centre-Ouest-de-l'Île-de-Montréal,8,7,0.0
2018-2019,CIUSSS du Centre-Ouest-de-l'Île-de-Montréal,8,8,0.0
2018-2019,CIUSSS du Centre-Ouest-de-l'Île-de-Montréal,8,9,42.0
2018-2019,CIUSSS du Centre-Ouest-de-l'Île-de-Montréal,9,1,0.0
2018-2019,CIUSSS du Centre-Ouest-de-l'Île-de-Montréal,9,2,0.0
2018-2019,CIUSSS du Centre-Ouest-de-l'Île-de-Montréal,9,3,0.0
2018-2019,CIUSSS du Centre-Ouest-de-l'Île-de-Montréal,9,4,0.0
2018-2019,CIUSSS du Centre-Ouest-de-l'Île-de-Montréal,9,5,2.0
2018-2019,CIUSSS du Centre-Ouest-de-l'Île-de-Montréal,9,6,0.0
2018-2019,CIUSSS du Centre-Ouest-de-l'Île-de-Montréal,9,7,0.0
2018-2019,CIUSSS du Centre-Ouest-de-l'Île-de-Montréal,9,8,0.0
2018-2019,CIUSSS du Centre-Ouest-de-l'Île-de-Montréal,9,9,2.0
2018-2019,CIUSSS du Centre-Ouest-de-l'Île-de-Montréal,10,1,0.0
2018-2019,CIUSSS du Centre-Ouest-de-l'Île-de-Montréal,10,2,0.0
2018-2019,CIUSSS du Centre-Ouest-de-l'Île-de-Montréal,10,3,0.0
2018-2019,CIUSSS du Centre-Ouest-de-l'Île-de-Montréal,10,4,284.0
2018-2019,CIUSSS du Centre-Ouest-de-l'Île-de-Montréal,10,5,10364.0
2018-2019,CIUSSS du Centre-Ouest-de-l'Île-de-Montréal,10,6,6410.0
2018-2019,CIUSSS du Centre-Ouest-de-l'Île-de-Montréal,10,7,0.0
2018-2019,CIUSSS du Centre-Ouest-de-l'Île-de-Montréal,10,8,0.0
2018-2019,CIUSSS du Centre-Ouest-de-l'Île-de-Montréal,10,9,17058.0
2018-2019,CIUSSS du Centre-Ouest-de-l'Île-de-Montréal,11,1,0.0
2018-2019,CIUSSS du Centre-Ouest-de-l'Île-de-Montréal,11,2,0.0
2018-2019,CIUSSS du Centre-Ouest-de-l'Île-de-Montréal,11,3,0.0
2018-2019,CIUSSS du Centre-Ouest-de-l'Île-de-Montréal,11,4,14.0
2018-2019,CIUSSS du Centre-Ouest-de-l'Île-de-Montréal,11,5,98.0
2018-2019,CIUSSS du Centre-Ouest-de-l'Île-de-Montréal,11,6,32.0
2018-2019,CIUSSS du Centre-Ouest-de-l'Île-de-Montréal,11,7,0.0
2018-2019,CIUSSS du Centre-Ouest-de-l'Île-de-Montréal,11,8,0.0
2018-2019,CIUSSS du Centre-Ouest-de-l'Île-de-Montréal,11,9,144.0
2018-2019,CIUSSS du Centre-Ouest-de-l'Île-de-Montréal,12,1,0.0
2018-2019,CIUSSS du Centre-Ouest-de-l'Île-de-Montréal,12,2,0.0
2018-2019,CIUSSS du Centre-Ouest-de-l'Île-de-Montréal,12,3,0.0
2018-2019,CIUSSS du Centre-Ouest-de-l'Île-de-Montréal,12,4,8.0
2018-2019,CIUSSS du Centre-Ouest-de-l'Île-de-Montréal,12,5,54.0
2018-2019,CIUSSS du Centre-Ouest-de-l'Île-de-Montréal,12,6,20.0
2018-2019,CIUSSS du Centre-Ouest-de-l'Île-de-Montréal,12,7,0.0
2018-2019,CIUSSS du Centre-Ouest-de-l'Île-de-Montréal,12,8,0.0
2018-2019,CIUSSS du Centre-Ouest-de-l'Île-de-Montréal,12,9,82.0
2018-2019,CIUSSS du Centre-Ouest-de-l'Île-de-Montréal,13,1,0.0
2018-2019,CIUSSS du Centre-Ouest-de-l'Île-de-Montréal,13,2,0.0
2018-2019,CIUSSS du Centre-Ouest-de-l'Île-de-Montréal,13,3,0.0
2018-2019,CIUSSS du Centre-Ouest-de-l'Île-de-Montréal,13,4,6.0
2018-2019,CIUSSS du Centre-Ouest-de-l'Île-de-Montréal,13,5,44.0
2018-2019,CIUSSS du Centre-Ouest-de-l'Île-de-Montréal,13,6,12.0
2018-2019,CIUSSS du Centre-Ouest-de-l'Île-de-Montréal,13,7,0.0
2018-2019,CIUSSS du Centre-Ouest-de-l'Île-de-Montréal,13,8,0.0
2018-2019,CIUSSS du Centre-Ouest-de-l'Île-de-Montréal,13,9,62.0
2018-2019,CIUSSS du Centre-Ouest-de-l'Île-de-Montréal,14,1,0.0
2018-2019,CIUSSS du Centre-Ouest-de-l'Île-de-Montréal,14,2,0.0
2018-2019,CIUSSS du Centre-Ouest-de-l'Île-de-Montréal,14,3,0.0
2018-2019,CIUSSS du Centre-Ouest-de-l'Île-de-Montréal,14,4,0.0
2018-2019,CIUSSS du Centre-Ouest-de-l'Île-de-Montréal,14,5,4.0
2018-2019,CIUSSS du Centre-Ouest-de-l'Île-de-Montréal,14,6,0.0
2018-2019,CIUSSS du Centre-Ouest-de-l'Île-de-Montréal,14,7,0.0
2018-2019,CIUSSS du Centre-Ouest-de-l'Île-de-Montréal,14,8,0.0
2018-2019,CIUSSS du Centre-Ouest-de-l'Île-de-Montréal,14,9,4.0
2018-2019,CIUSSS du Centre-Ouest-de-l'Île-de-Montréal,15,1,0.0
2018-2019,CIUSSS du Centre-Ouest-de-l'Île-de-Montréal,15,2,0.0
2018-2019,CIUSSS du Centre-Ouest-de-l'Île-de-Montréal,15,3,0.0
2018-2019,CIUSSS du Centre-Ouest-de-l'Île-de-Montréal,15,4,614.0
2018-2019,CIUSSS du Centre-Ouest-de-l'Île-de-Montréal,15,5,23502.0
2018-2019,CIUSSS du Centre-Ouest-de-l'Île-de-Montréal,15,6,11408.0
2018-2019,CIUSSS du Centre-Ouest-de-l'Île-de-Montréal,15,7,0.0
2018-2019,CIUSSS du Centre-Ouest-de-l'Île-de-Montréal,15,8,0.0
2018-2019,CIUSSS du Centre-Ouest-de-l'Île-de-Montréal,15,9,35524.0
2018-2019,CIUSSS du Centre-Ouest-de-l'Île-de-Montréal,16,1,0.0
2018-2019,CIUSSS du Centre-Ouest-de-l'Île-de-Montréal,16,2,0.0
2018-2019,CIUSSS du Centre-Ouest-de-l'Île-de-Montréal,16,3,0.0
2018-2019,CIUSSS du Centre-Ouest-de-l'Île-de-Montréal,16,4,0.0
2018-2019,CIUSSS du Centre-Ouest-de-l'Île-de-Montréal,16,5,0.0
2018-2019,CIUSSS du Centre-Ouest-de-l'Île-de-Montréal,16,6,6.0
2018-2019,CIUSSS du Centre-Ouest-de-l'Île-de-Montréal,16,7,0.0
2018-2019,CIUSSS du Centre-Ouest-de-l'Île-de-Montréal,16,8,0.0
2018-2019,CIUSSS du Centre-Ouest-de-l'Île-de-Montréal,16,9,6.0
2018-2019,CIUSSS du Centre-Ouest-de-l'Île-de-Montréal,17,1,0.0
2018-2019,CIUSSS du Centre-Ouest-de-l'Île-de-Montréal,17,2,0.0
2018-2019,CIUSSS du Centre-Ouest-de-l'Île-de-Montréal,17,3,0.0
2018-2019,CIUSSS du Centre-Ouest-de-l'Île-de-Montréal,17,4,0.0
2018-2019,CIUSSS du Centre-Ouest-de-l'Île-de-Montréal,17,5,0.0
2018-2019,CIUSSS du Centre-Ouest-de-l'Île-de-Montréal,17,6,2.0
2018-2019,CIUSSS du Centre-Ouest-de-l'Île-de-Montréal,17,7,0.0
2018-2019,CIUSSS du Centre-Ouest-de-l'Île-de-Montréal,17,8,0.0
2018-2019,CIUSSS du Centre-Ouest-de-l'Île-de-Montréal,17,9,2.0
2018-2019,CIUSSS du Centre-Ouest-de-l'Île-de-Montréal,18,1,0.0
2018-2019,CIUSSS du Centre-Ouest-de-l'Île-de-Montréal,18,2,0.0
2018-2019,CIUSSS du Centre-Ouest-de-l'Île-de-Montréal,18,3,0.0
2018-2019,CIUSSS du Centre-Ouest-de-l'Île-de-Montréal,18,4,0.0
2018-2019,CIUSSS du Centre-Ouest-de-l'Île-de-Montréal,18,5,0.0
2018-2019,CIUSSS du Centre-Ouest-de-l'Île-de-Montréal,18,6,4.0
2018-2019,CIUSSS du Centre-Ouest-de-l'Île-de-Montréal,18,7,0.0
2018-2019,CIUSSS du Centre-Ouest-de-l'Île-de-Montréal,18,8,0.0
2018-2019,CIUSSS du Centre-Ouest-de-l'Île-de-Montréal,18,9,4.0
2018-2019,CIUSSS du Centre-Sud-de-l'Île-de-Montréal,1,4,20.0
2018-2019,CIUSSS du Centre-Sud-de-l'Île-de-Montréal,1,5,238.0
2018-2019,CIUSSS du Centre-Sud-de-l'Île-de-Montréal,1,6,168.0
2018-2019,CIUSSS du Centre-Sud-de-l'Île-de-Montréal,1,7,12.0
2018-2019,CIUSSS du Centre-Sud-de-l'Île-de-Montréal,1,9,438.0
2018-2019,CIUSSS du Centre-Sud-de-l'Île-de-Montréal,2,4,16.0
2018-2019,CIUSSS du Centre-Sud-de-l'Île-de-Montréal,2,5,160.0
2018-2019,CIUSSS du Centre-Sud-de-l'Île-de-Montréal,2,6,84.0
2018-2019,CIUSSS du Centre-Sud-de-l'Île-de-Montréal,2,7,6.0
2018-2019,CIUSSS du Centre-Sud-de-l'Île-de-Montréal,2,9,266.0
2018-2019,CIUSSS du Centre-Sud-de-l'Île-de-Montréal,3,4,4.0
2018-2019,CIUSSS du Centre-Sud-de-l'Île-de-Montréal,3,5,78.0
2018-2019,CIUSSS du Centre-Sud-de-l'Île-de-Montréal,3,6,84.0
2018-2019,CIUSSS du Centre-Sud-de-l'Île-de-Montréal,3,7,6.0
2018-2019,CIUSSS du Centre-Sud-de-l'Île-de-Montréal,3,9,172.0
2018-2019,CIUSSS du Centre-Sud-de-l'Île-de-Montréal,4,4,2.0
2018-2019,CIUSSS du Centre-Sud-de-l'Île-de-Montréal,4,5,38.0
2018-2019,CIUSSS du Centre-Sud-de-l'Île-de-Montréal,4,6,28.0
2018-2019,CIUSSS du Centre-Sud-de-l'Île-de-Montréal,4,7,4.0
2018-2019,CIUSSS du Centre-Sud-de-l'Île-de-Montréal,4,9,72.0
2018-2019,CIUSSS du Centre-Sud-de-l'Île-de-Montréal,5,4,2148.0
2018-2019,CIUSSS du Centre-Sud-de-l'Île-de-Montréal,5,5,55530.0
2018-2019,CIUSSS du Centre-Sud-de-l'Île-de-Montréal,5,6,43714.0
2018-2019,CIUSSS du Centre-Sud-de-l'Île-de-Montréal,5,7,2596.0
2018-2019,CIUSSS du Centre-Sud-de-l'Île-de-Montréal,5,9,103988.0
2018-2019,CIUSSS du Centre-Sud-de-l'Île-de-Montréal,6,4,62.0
2018-2019,CIUSSS du Centre-Sud-de-l'Île-de-Montréal,6,5,504.0
2018-2019,CIUSSS du Centre-Sud-de-l'Île-de-Montréal,6,6,210.0
2018-2019,CIUSSS du Centre-Sud-de-l'Île-de-Montréal,6,7,8.0
2018-2019,CIUSSS du Centre-Sud-de-l'Île-de-Montréal,6,9,784.0
2018-2019,CIUSSS du Centre-Sud-de-l'Île-de-Montréal,7,4,36.0
2018-2019,CIUSSS du Centre-Sud-de-l'Île-de-Montréal,7,5,332.0
2018-2019,CIUSSS du Centre-Sud-de-l'Île-de-Montréal,7,6,140.0
2018-2019,CIUSSS du Centre-Sud-de-l'Île-de-Montréal,7,7,2.0
2018-2019,CIUSSS du Centre-Sud-de-l'Île-de-Montréal,7,9,510.0
2018-2019,CIUSSS du Centre-Sud-de-l'Île-de-Montréal,8,4,26.0
2018-2019,CIUSSS du Centre-Sud-de-l'Île-de-Montréal,8,5,172.0
2018-2019,CIUSSS du Centre-Sud-de-l'Île-de-Montréal,8,6,70.0
2018-2019,CIUSSS du Centre-Sud-de-l'Île-de-Montréal,8,7,6.0
2018-2019,CIUSSS du Centre-Sud-de-l'Île-de-Montréal,8,9,274.0
2018-2019,CIUSSS du Centre-Sud-de-l'Île-de-Montréal,9,4,12.0
2018-2019,CIUSSS du Centre-Sud-de-l'Île-de-Montréal,9,5,72.0
2018-2019,CIUSSS du Centre-Sud-de-l'Île-de-Montréal,9,6,24.0
2018-2019,CIUSSS du Centre-Sud-de-l'Île-de-Montréal,9,7,2.0
2018-2019,CIUSSS du Centre-Sud-de-l'Île-de-Montréal,9,9,110.0
2018-2019,CIUSSS du Centre-Sud-de-l'Île-de-Montréal,10,4,11788.0
2018-2019,CIUSSS du Centre-Sud-de-l'Île-de-Montréal,10,5,128132.0
2018-2019,CIUSSS du Centre-Sud-de-l'Île-de-Montréal,10,6,57716.0
2018-2019,CIUSSS du Centre-Sud-de-l'Île-de-Montréal,10,7,2142.0
2018-2019,CIUSSS du Centre-Sud-de-l'Île-de-Montréal,10,9,199778.0
2018-2019,CIUSSS du Centre-Sud-de-l'Île-de-Montréal,11,4,14.0
2018-2019,CIUSSS du Centre-Sud-de-l'Île-de-Montréal,11,5,718.0
2018-2019,CIUSSS du Centre-Sud-de-l'Île-de-Montréal,11,6,472.0
2018-2019,CIUSSS du Centre-Sud-de-l'Île-de-Montréal,11,7,16.0
2018-2019,CIUSSS du Centre-Sud-de-l'Île-de-Montréal,11,8,4.0
2018-2019,CIUSSS du Centre-Sud-de-l'Île-de-Montréal,11,9,1224.0
2018-2019,CIUSSS du Centre-Sud-de-l'Île-de-Montréal,12,4,10.0
2018-2019,CIUSSS du Centre-Sud-de-l'Île-de-Montréal,12,5,436.0
2018-2019,CIUSSS du Centre-Sud-de-l'Île-de-Montréal,12,6,266.0
2018-2019,CIUSSS du Centre-Sud-de-l'Île-de-Montréal,12,7,6.0
2018-2019,CIUSSS du Centre-Sud-de-l'Île-de-Montréal,12,9,718.0
2018-2019,CIUSSS du Centre-Sud-de-l'Île-de-Montréal,13,4,4.0
2018-2019,CIUSSS du Centre-Sud-de-l'Île-de-Montréal,13,5,282.0
2018-2019,CIUSSS du Centre-Sud-de-l'Île-de-Montréal,13,6,206.0
2018-2019,CIUSSS du Centre-Sud-de-l'Île-de-Montréal,13,7,10.0
2018-2019,CIUSSS du Centre-Sud-de-l'Île-de-Montréal,13,8,4.0
2018-2019,CIUSSS du Centre-Sud-de-l'Île-de-Montréal,13,9,506.0
2018-2019,CIUSSS du Centre-Sud-de-l'Île-de-Montréal,14,4,4.0
2018-2019,CIUSSS du Centre-Sud-de-l'Île-de-Montréal,14,5,60.0
2018-2019,CIUSSS du Centre-Sud-de-l'Île-de-Montréal,14,6,70.0
2018-2019,CIUSSS du Centre-Sud-de-l'Île-de-Montréal,14,7,2.0
2018-2019,CIUSSS du Centre-Sud-de-l'Île-de-Montréal,14,8,4.0
2018-2019,CIUSSS du Centre-Sud-de-l'Île-de-Montréal,14,9,140.0
2018-2019,CIUSSS du Centre-Sud-de-l'Île-de-Montréal,15,4,1804.0
2018-2019,CIUSSS du Centre-Sud-de-l'Île-de-Montréal,15,5,187260.0
2018-2019,CIUSSS du Centre-Sud-de-l'Île-de-Montréal,15,6,125670.0
2018-2019,CIUSSS du Centre-Sud-de-l'Île-de-Montréal,15,7,3050.0
2018-2019,CIUSSS du Centre-Sud-de-l'Île-de-Montréal,15,8,108.0
2018-2019,CIUSSS du Centre-Sud-de-l'Île-de-Montréal,15,9,317892.0
2018-2019,CIUSSS du SaguenayLac-Saint-Jean,1,1,0.0
2018-2019,CIUSSS du SaguenayLac-Saint-Jean,1,2,0.0
2018-2019,CIUSSS du SaguenayLac-Saint-Jean,1,3,2.0
2018-2019,CIUSSS du SaguenayLac-Saint-Jean,1,4,34.0
2018-2019,CIUSSS du SaguenayLac-Saint-Jean,1,5,326.0
2018-2019,CIUSSS du SaguenayLac-Saint-Jean,1,6,160.0
2018-2019,CIUSSS du SaguenayLac-Saint-Jean,1,7,26.0
2018-2019,CIUSSS du SaguenayLac-Saint-Jean,1,8,4.0
2018-2019,CIUSSS du SaguenayLac-Saint-Jean,1,9,552.0
2018-2019,CIUSSS du SaguenayLac-Saint-Jean,2,1,0.0
2018-2019,CIUSSS du SaguenayLac-Saint-Jean,2,2,0.0
2018-2019,CIUSSS du SaguenayLac-Saint-Jean,2,3,2.0
2018-2019,CIUSSS du SaguenayLac-Saint-Jean,2,4,24.0
2018-2019,CIUSSS du SaguenayLac-Saint-Jean,2,5,198.0
2018-2019,CIUSSS du SaguenayLac-Saint-Jean,2,6,76.0
2018-2019,CIUSSS du SaguenayLac-Saint-Jean,2,7,12.0
2018-2019,CIUSSS du SaguenayLac-Saint-Jean,2,8,4.0
2018-2019,CIUSSS du SaguenayLac-Saint-Jean,2,9,316.0
2018-2019,CIUSSS du SaguenayLac-Saint-Jean,3,1,0.0
2018-2019,CIUSSS du SaguenayLac-Saint-Jean,3,2,0.0
2018-2019,CIUSSS du SaguenayLac-Saint-Jean,3,3,0.0
2018-2019,CIUSSS du SaguenayLac-Saint-Jean,3,4,10.0
2018-2019,CIUSSS du SaguenayLac-Saint-Jean,3,5,128.0
2018-2019,CIUSSS du SaguenayLac-Saint-Jean,3,6,84.0
2018-2019,CIUSSS du SaguenayLac-Saint-Jean,3,7,14.0
2018-2019,CIUSSS du SaguenayLac-Saint-Jean,3,8,0.0
2018-2019,CIUSSS du SaguenayLac-Saint-Jean,3,9,236.0
2018-2019,CIUSSS du SaguenayLac-Saint-Jean,4,1,0.0
2018-2019,CIUSSS du SaguenayLac-Saint-Jean,4,2,0.0
2018-2019,CIUSSS du SaguenayLac-Saint-Jean,4,3,0.0
2018-2019,CIUSSS du SaguenayLac-Saint-Jean,4,4,8.0
2018-2019,CIUSSS du SaguenayLac-Saint-Jean,4,5,44.0
2018-2019,CIUSSS du SaguenayLac-Saint-Jean,4,6,20.0
2018-2019,CIUSSS du SaguenayLac-Saint-Jean,4,7,2.0
2018-2019,CIUSSS du SaguenayLac-Saint-Jean,4,8,2.0
2018-2019,CIUSSS du SaguenayLac-Saint-Jean,4,9,76.0
2018-2019,CIUSSS du SaguenayLac-Saint-Jean,5,1,0.0
2018-2019,CIUSSS du SaguenayLac-Saint-Jean,5,2,0.0
2018-2019,CIUSSS du SaguenayLac-Saint-Jean,5,3,108.0
2018-2019,CIUSSS du SaguenayLac-Saint-Jean,5,4,4192.0
2018-2019,CIUSSS du SaguenayLac-Saint-Jean,5,5,64004.0
2018-2019,CIUSSS du SaguenayLac-Saint-Jean,5,6,33534.0
2018-2019,CIUSSS du SaguenayLac-Saint-Jean,5,7,4624.0
2018-2019,CIUSSS du SaguenayLac-Saint-Jean,5,8,888.0
2018-2019,CIUSSS du SaguenayLac-Saint-Jean,5,9,107350.0
2018-2019,CIUSSS du SaguenayLac-Saint-Jean,6,1,0.0
2018-2019,CIUSSS du SaguenayLac-Saint-Jean,6,2,0.0
2018-2019,CIUSSS du SaguenayLac-Saint-Jean,6,3,0.0
2018-2019,CIUSSS du SaguenayLac-Saint-Jean,6,4,20.0
2018-2019,CIUSSS du SaguenayLac-Saint-Jean,6,5,210.0
2018-2019,CIUSSS du SaguenayLac-Saint-Jean,6,6,104.0
2018-2019,CIUSSS du SaguenayLac-Saint-Jean,6,7,10.0
2018-2019,CIUSSS du SaguenayLac-Saint-Jean,6,8,0.0
2018-2019,CIUSSS du SaguenayLac-Saint-Jean,6,9,344.0
2018-2019,CIUSSS du SaguenayLac-Saint-Jean,7,1,0.0
2018-2019,CIUSSS du SaguenayLac-Saint-Jean,7,2,0.0
2018-2019,CIUSSS du SaguenayLac-Saint-Jean,7,3,0.0
2018-2019,CIUSSS du SaguenayLac-Saint-Jean,7,4,12.0
2018-2019,CIUSSS du SaguenayLac-Saint-Jean,7,5,122.0
2018-2019,CIUSSS du SaguenayLac-Saint-Jean,7,6,52.0
2018-2019,CIUSSS du SaguenayLac-Saint-Jean,7,7,6.0
2018-2019,CIUSSS du SaguenayLac-Saint-Jean,7,8,0.0
2018-2019,CIUSSS du SaguenayLac-Saint-Jean,7,9,192.0
2018-2019,CIUSSS du SaguenayLac-Saint-Jean,8,1,0.0
2018-2019,CIUSSS du SaguenayLac-Saint-Jean,8,2,0.0
2018-2019,CIUSSS du SaguenayLac-Saint-Jean,8,3,0.0
2018-2019,CIUSSS du SaguenayLac-Saint-Jean,8,4,8.0
2018-2019,CIUSSS du SaguenayLac-Saint-Jean,8,5,88.0
2018-2019,CIUSSS du SaguenayLac-Saint-Jean,8,6,52.0
2018-2019,CIUSSS du SaguenayLac-Saint-Jean,8,7,4.0
2018-2019,CIUSSS du SaguenayLac-Saint-Jean,8,8,0.0
2018-2019,CIUSSS du SaguenayLac-Saint-Jean,8,9,152.0
2018-2019,CIUSSS du SaguenayLac-Saint-Jean,9,1,0.0
2018-2019,CIUSSS du SaguenayLac-Saint-Jean,9,2,0.0
2018-2019,CIUSSS du SaguenayLac-Saint-Jean,9,3,0.0
2018-2019,CIUSSS du SaguenayLac-Saint-Jean,9,4,8.0
2018-2019,CIUSSS du SaguenayLac-Saint-Jean,9,5,24.0
2018-2019,CIUSSS du SaguenayLac-Saint-Jean,9,6,16.0
2018-2019,CIUSSS du SaguenayLac-Saint-Jean,9,7,2.0
2018-2019,CIUSSS du SaguenayLac-Saint-Jean,9,8,0.0
2018-2019,CIUSSS du SaguenayLac-Saint-Jean,9,9,50.0
2018-2019,CIUSSS du SaguenayLac-Saint-Jean,10,1,0.0
2018-2019,CIUSSS du SaguenayLac-Saint-Jean,10,2,0.0
2018-2019,CIUSSS du SaguenayLac-Saint-Jean,10,3,0.0
2018-2019,CIUSSS du SaguenayLac-Saint-Jean,10,4,1688.0
2018-2019,CIUSSS du SaguenayLac-Saint-Jean,10,5,44340.0
2018-2019,CIUSSS du SaguenayLac-Saint-Jean,10,6,25896.0
2018-2019,CIUSSS du SaguenayLac-Saint-Jean,10,7,1476.0
2018-2019,CIUSSS du SaguenayLac-Saint-Jean,10,8,0.0
2018-2019,CIUSSS du SaguenayLac-Saint-Jean,10,9,73400.0
2018-2019,CIUSSS du SaguenayLac-Saint-Jean,11,1,0.0
2018-2019,CIUSSS du SaguenayLac-Saint-Jean,11,2,0.0
2018-2019,CIUSSS du SaguenayLac-Saint-Jean,11,3,0.0
2018-2019,CIUSSS du SaguenayLac-Saint-Jean,11,4,16.0
2018-2019,CIUSSS du SaguenayLac-Saint-Jean,11,5,66.0
2018-2019,CIUSSS du SaguenayLac-Saint-Jean,11,6,16.0
2018-2019,CIUSSS du SaguenayLac-Saint-Jean,11,7,0.0
2018-2019,CIUSSS du SaguenayLac-Saint-Jean,11,8,0.0
2018-2019,CIUSSS du SaguenayLac-Saint-Jean,11,9,98.0
2018-2019,CIUSSS du SaguenayLac-Saint-Jean,12,1,0.0
2018-2019,CIUSSS du SaguenayLac-Saint-Jean,12,2,0.0
2018-2019,CIUSSS du SaguenayLac-Saint-Jean,12,3,0.0
2018-2019,CIUSSS du SaguenayLac-Saint-Jean,12,4,10.0
2018-2019,CIUSSS du SaguenayLac-Saint-Jean,12,5,42.0
2018-2019,CIUSSS du SaguenayLac-Saint-Jean,12,6,12.0
2018-2019,CIUSSS du SaguenayLac-Saint-Jean,12,7,0.0
2018-2019,CIUSSS du SaguenayLac-Saint-Jean,12,8,0.0
2018-2019,CIUSSS du SaguenayLac-Saint-Jean,12,9,64.0
2018-2019,CIUSSS du SaguenayLac-Saint-Jean,13,1,0.0
2018-2019,CIUSSS du SaguenayLac-Saint-Jean,13,2,0.0
2018-2019,CIUSSS du SaguenayLac-Saint-Jean,13,3,0.0
2018-2019,CIUSSS du SaguenayLac-Saint-Jean,13,4,6.0
2018-2019,CIUSSS du SaguenayLac-Saint-Jean,13,5,24.0
2018-2019,CIUSSS du SaguenayLac-Saint-Jean,13,6,4.0
2018-2019,CIUSSS du SaguenayLac-Saint-Jean,13,7,0.0
2018-2019,CIUSSS du SaguenayLac-Saint-Jean,13,8,0.0
2018-2019,CIUSSS du SaguenayLac-Saint-Jean,13,9,34.0
2018-2019,CIUSSS du SaguenayLac-Saint-Jean,14,1,0.0
2018-2019,CIUSSS du SaguenayLac-Saint-Jean,14,2,0.0
2018-2019,CIUSSS du SaguenayLac-Saint-Jean,14,3,0.0
2018-2019,CIUSSS du SaguenayLac-Saint-Jean,14,4,6.0
2018-2019,CIUSSS du SaguenayLac-Saint-Jean,14,5,26.0
2018-2019,CIUSSS du SaguenayLac-Saint-Jean,14,6,12.0
2018-2019,CIUSSS du SaguenayLac-Saint-Jean,14,7,0.0
2018-2019,CIUSSS du SaguenayLac-Saint-Jean,14,8,0.0
2018-2019,CIUSSS du SaguenayLac-Saint-Jean,14,9,44.0
2018-2019,CIUSSS du SaguenayLac-Saint-Jean,15,1,0.0
2018-2019,CIUSSS du SaguenayLac-Saint-Jean,15,2,0.0
2018-2019,CIUSSS du SaguenayLac-Saint-Jean,15,3,0.0
2018-2019,CIUSSS du SaguenayLac-Saint-Jean,15,4,1106.0
2018-2019,CIUSSS du SaguenayLac-Saint-Jean,15,5,10282.0
2018-2019,CIUSSS du SaguenayLac-Saint-Jean,15,6,1782.0
2018-2019,CIUSSS du SaguenayLac-Saint-Jean,15,7,0.0
2018-2019,CIUSSS du SaguenayLac-Saint-Jean,15,8,0.0
2018-2019,CIUSSS du SaguenayLac-Saint-Jean,15,9,13170.0
2019-2020,ATELIER LE FIL D'ARIANE INC.,1,4,2.0
2019-2020,ATELIER LE FIL D'ARIANE INC.,1,5,18.0
2019-2020,ATELIER LE FIL D'ARIANE INC.,1,6,18.0
2019-2020,ATELIER LE FIL D'ARIANE INC.,1,9,38.0
2019-2020,ATELIER LE FIL D'ARIANE INC.,2,5,2.0
2019-2020,ATELIER LE FIL D'ARIANE INC.,2,9,2.0
2019-2020,ATELIER LE FIL D'ARIANE INC.,3,4,2.0
2019-2020,ATELIER LE FIL D'ARIANE INC.,3,5,16.0
2019-2020,ATELIER LE FIL D'ARIANE INC.,3,6,18.0
2019-2020,ATELIER LE FIL D'ARIANE INC.,3,9,36.0
2019-2020,ATELIER LE FIL D'ARIANE INC.,4,5,2.0
2019-2020,ATELIER LE FIL D'ARIANE INC.,4,6,2.0
2019-2020,ATELIER LE FIL D'ARIANE INC.,4,9,4.0
2019-2020,CISSS DE LA MONTÉRÉGIE-OUEST,6,5,14.0
2019-2020,CISSS DE LA MONTÉRÉGIE-OUEST,6,6,6.0
2019-2020,CISSS DE LA MONTÉRÉGIE-OUEST,6,9,20.0
2019-2020,CISSS DE LA MONTÉRÉGIE-OUEST,7,5,8.0
2019-2020,CISSS DE LA MONTÉRÉGIE-OUEST,7,6,6.0
2019-2020,CISSS DE LA MONTÉRÉGIE-OUEST,7,9,14.0
2019-2020,CISSS DE LA MONTÉRÉGIE-OUEST,8,5,6.0
2019-2020,CISSS DE LA MONTÉRÉGIE-OUEST,8,6,0.0
2019-2020,CISSS DE LA MONTÉRÉGIE-OUEST,8,9,6.0
2019-2020,CISSS DE LA MONTÉRÉGIE-OUEST,9,5,14.0
2019-2020,CISSS DE LA MONTÉRÉGIE-OUEST,9,6,6.0
2019-2020,CISSS DE LA MONTÉRÉGIE-OUEST,9,9,20.0
2019-2020,CISSS DE LA MONTÉRÉGIE-OUEST,10,5,1370.0
2019-2020,CISSS DE LA MONTÉRÉGIE-OUEST,10,6,1028.0
2019-2020,CISSS DE LA MONTÉRÉGIE-OUEST,10,9,2398.0
2019-2020,CISSS DE LA MONTÉRÉGIE-OUEST,11,4,14.0
2019-2020,CISSS DE LA MONTÉRÉGIE-OUEST,11,5,504.0
2019-2020,CISSS DE LA MONTÉRÉGIE-OUEST,11,6,184.0
2019-2020,CISSS DE LA MONTÉRÉGIE-OUEST,11,7,8.0
2019-2020,CISSS DE LA MONTÉRÉGIE-OUEST,11,9,710.0
2019-2020,CISSS DE LA MONTÉRÉGIE-OUEST,12,4,14.0
2019-2020,CISSS DE LA MONTÉRÉGIE-OUEST,12,5,292.0
2019-2020,CISSS DE LA MONTÉRÉGIE-OUEST,12,6,94.0
2019-2020,CISSS DE LA MONTÉRÉGIE-OUEST,12,7,8.0
2019-2020,CISSS DE LA MONTÉRÉGIE-OUEST,12,9,408.0
2019-2020,CISSS DE LA MONTÉRÉGIE-OUEST,13,5,212.0
2019-2020,CISSS DE LA MONTÉRÉGIE-OUEST,13,6,90.0
2019-2020,CISSS DE LA MONTÉRÉGIE-OUEST,13,9,302.0
2019-2020,CISSS DE LA MONTÉRÉGIE-OUEST,14,4,6.0
2019-2020,CISSS DE LA MONTÉRÉGIE-OUEST,14,5,54.0
2019-2020,CISSS DE LA MONTÉRÉGIE-OUEST,14,6,14.0
2019-2020,CISSS DE LA MONTÉRÉGIE-OUEST,14,7,2.0
2019-2020,CISSS DE LA MONTÉRÉGIE-OUEST,14,9,76.0
2019-2020,CISSS DE LA MONTÉRÉGIE-OUEST,15,4,1292.0
2019-2020,CISSS DE LA MONTÉRÉGIE-OUEST,15,5,113736.0
2019-2020,CISSS DE LA MONTÉRÉGIE-OUEST,15,6,44240.0
2019-2020,CISSS DE LA MONTÉRÉGIE-OUEST,15,7,2416.0
2019-2020,CISSS DE LA MONTÉRÉGIE-OUEST,15,9,161684.0
2019-2020,CISSS DE LA MONTÉRÉGIE-OUEST,16,3,12.0
2019-2020,CISSS DE LA MONTÉRÉGIE-OUEST,16,4,36.0
2019-2020,CISSS DE LA MONTÉRÉGIE-OUEST,16,5,236.0
2019-2020,CISSS DE LA MONTÉRÉGIE-OUEST,16,6,32.0
2019-2020,CISSS DE LA MONTÉRÉGIE-OUEST,16,9,316.0
2019-2020,CISSS DE LA MONTÉRÉGIE-OUEST,17,3,10.0
2019-2020,CISSS DE LA MONTÉRÉGIE-OUEST,17,4,26.0
2019-2020,CISSS DE LA MONTÉRÉGIE-OUEST,17,5,132.0
2019-2020,CISSS DE LA MONTÉRÉGIE-OUEST,17,6,24.0
2019-2020,CISSS DE LA MONTÉRÉGIE-OUEST,17,9,192.0
2019-2020,CISSS DE LA MONTÉRÉGIE-OUEST,18,3,2.0
2019-2020,CISSS DE LA MONTÉRÉGIE-OUEST,18,4,10.0
2019-2020,CISSS DE LA MONTÉRÉGIE-OUEST,18,5,104.0
2019-2020,CISSS DE LA MONTÉRÉGIE-OUEST,18,6,8.0
2019-2020,CISSS DE LA MONTÉRÉGIE-OUEST,18,9,124.0
2019-2020,CISSS DE LA MONTÉRÉGIE-OUEST,19,3,8.0
2019-2020,CISSS DE LA MONTÉRÉGIE-OUEST,19,4,18.0
2019-2020,CISSS DE LA MONTÉRÉGIE-OUEST,19,5,104.0
2019-2020,CISSS DE LA MONTÉRÉGIE-OUEST,19,6,14.0
2019-2020,CISSS DE LA MONTÉRÉGIE-OUEST,19,9,144.0
2019-2020,CISSS DES ÎLES,1,1,0.0
2019-2020,CISSS DES ÎLES,1,2,0.0
2019-2020,CISSS DES ÎLES,1,3,0.0
2019-2020,CISSS DES ÎLES,1,4,0.0
2019-2020,CISSS DES ÎLES,1,5,12.0
2019-2020,CISSS DES ÎLES,1,6,20.0
2019-2020,CISSS DES ÎLES,1,7,0.0
2019-2020,CISSS DES ÎLES,1,8,0.0
2019-2020,CISSS DES ÎLES,1,9,32.0
2019-2020,CISSS DES ÎLES,2,1,0.0
2019-2020,CISSS DES ÎLES,2,2,0.0
2019-2020,CISSS DES ÎLES,2,3,0.0
2019-2020,CISSS DES ÎLES,2,4,0.0
2019-2020,CISSS DES ÎLES,2,5,8.0
2019-2020,CISSS DES ÎLES,2,6,8.0
2019-2020,CISSS DES ÎLES,2,7,0.0
2019-2020,CISSS DES ÎLES,2,8,0.0
2019-2020,CISSS DES ÎLES,2,9,16.0
2019-2020,CISSS DES ÎLES,3,1,0.0
2019-2020,CISSS DES ÎLES,3,2,0.0
2019-2020,CISSS DES ÎLES,3,3,0.0
2019-2020,CISSS DES ÎLES,3,4,0.0
2019-2020,CISSS DES ÎLES,3,5,4.0
2019-2020,CISSS DES ÎLES,3,6,12.0
2019-2020,CISSS DES ÎLES,3,7,0.0
2019-2020,CISSS DES ÎLES,3,8,0.0
2019-2020,CISSS DES ÎLES,3,9,16.0
2019-2020,CISSS DES ÎLES,5,1,0.0
2019-2020,CISSS DES ÎLES,5,2,0.0
2019-2020,CISSS DES ÎLES,5,3,0.0
2019-2020,CISSS DES ÎLES,5,4,0.0
2019-2020,CISSS DES ÎLES,5,5,1190.0
2019-2020,CISSS DES ÎLES,5,6,2294.0
2019-2020,CISSS DES ÎLES,5,7,0.0
2019-2020,CISSS DES ÎLES,5,8,0.0
2019-2020,CISSS DES ÎLES,5,9,3484.0
2019-2020,CISSS DES ÎLES,6,5,4.0
2019-2020,CISSS DES ÎLES,6,9,4.0
2019-2020,CISSS DES ÎLES,8,5,4.0
2019-2020,CISSS DES ÎLES,8,9,4.0
2019-2020,CISSS DES ÎLES,10,5,138.0
2019-2020,CISSS DES ÎLES,10,9,138.0
2019-2020,CISSS DES ÎLES,11,1,0.0
2019-2020,CISSS DES ÎLES,11,2,0.0
2019-2020,CISSS DES ÎLES,11,3,0.0
2019-2020,CISSS DES ÎLES,11,4,0.0
2019-2020,CISSS DES ÎLES,11,5,2.0
2019-2020,CISSS DES ÎLES,11,6,20.0
2019-2020,CISSS DES ÎLES,11,7,0.0
2019-2020,CISSS DES ÎLES,11,8,0.0
2019-2020,CISSS DES ÎLES,11,9,22.0
2019-2020,CISSS DES ÎLES,12,1,0.0
2019-2020,CISSS DES ÎLES,12,2,0.0
2019-2020,CISSS DES ÎLES,12,3,0.0
2019-2020,CISSS DES ÎLES,12,4,0.0
2019-2020,CISSS DES ÎLES,12,5,0.0
2019-2020,CISSS DES ÎLES,12,6,4.0
2019-2020,CISSS DES ÎLES,12,7,0.0
2019-2020,CISSS DES ÎLES,12,8,0.0
2019-2020,CISSS DES ÎLES,12,9,4.0
2019-2020,CISSS DES ÎLES,13,1,0.0
2019-2020,CISSS DES ÎLES,13,2,0.0
2019-2020,CISSS DES ÎLES,13,3,0.0
2019-2020,CISSS DES ÎLES,13,4,0.0
2019-2020,CISSS DES ÎLES,13,5,2.0
2019-2020,CISSS DES ÎLES,13,6,16.0
2019-2020,CISSS DES ÎLES,13,7,0.0
2019-2020,CISSS DES ÎLES,13,8,0.0
2019-2020,CISSS DES ÎLES,13,9,18.0
2019-2020,CISSS DES ÎLES,15,1,0.0
2019-2020,CISSS DES ÎLES,15,2,0.0
2019-2020,CISSS DES ÎLES,15,3,0.0
2019-2020,CISSS DES ÎLES,15,4,0.0
2019-2020,CISSS DES ÎLES,15,5,220.0
2019-2020,CISSS DES ÎLES,15,6,688.0
2019-2020,CISSS DES ÎLES,15,7,0.0
2019-2020,CISSS DES ÎLES,15,8,0.0
2019-2020,CISSS DES ÎLES,15,9,908.0
2019-2020,CISSS DES ÎLES,16,5,4.0
2019-2020,CISSS DES ÎLES,16,9,4.0
2019-2020,CISSS DES ÎLES,17,5,4.0
2019-2020,CISSS DES ÎLES,17,9,4.0
2019-2020,CISSS de Chaudière-Appalaches,1,5,18.0
2019-2020,CISSS de Chaudière-Appalaches,1,6,2.0
2019-2020,CISSS de Chaudière-Appalaches,1,9,20.0
2019-2020,CISSS de Chaudière-Appalaches,2,5,6.0
2019-2020,CISSS de Chaudière-Appalaches,2,6,2.0
2019-2020,CISSS de Chaudière-Appalaches,2,9,8.0
2019-2020,CISSS de Chaudière-Appalaches,3,5,12.0
2019-2020,CISSS de Chaudière-Appalaches,3,9,12.0
2019-2020,CISSS de Chaudière-Appalaches,4,5,2.0
2019-2020,CISSS de Chaudière-Appalaches,4,9,2.0
2019-2020,CISSS de Chaudière-Appalaches,5,5,3754.0
2019-2020,CISSS de Chaudière-Appalaches,5,6,826.0
2019-2020,CISSS de Chaudière-Appalaches,5,9,4580.0
2019-2020,CISSS de Chaudière-Appalaches,6,3,2.0
2019-2020,CISSS de Chaudière-Appalaches,6,4,44.0
2019-2020,CISSS de Chaudière-Appalaches,6,5,332.0
2019-2020,CISSS de Chaudière-Appalaches,6,6,120.0
2019-2020,CISSS de Chaudière-Appalaches,6,7,10.0
2019-2020,CISSS de Chaudière-Appalaches,6,8,2.0
2019-2020,CISSS de Chaudière-Appalaches,6,9,510.0
2019-2020,CISSS de Chaudière-Appalaches,7,4,32.0
2019-2020,CISSS de Chaudière-Appalaches,7,5,194.0
2019-2020,CISSS de Chaudière-Appalaches,7,6,70.0
2019-2020,CISSS de Chaudière-Appalaches,7,7,6.0
2019-2020,CISSS de Chaudière-Appalaches,7,8,2.0
2019-2020,CISSS de Chaudière-Appalaches,7,9,304.0
2019-2020,CISSS de Chaudière-Appalaches,8,3,2.0
2019-2020,CISSS de Chaudière-Appalaches,8,4,12.0
2019-2020,CISSS de Chaudière-Appalaches,8,5,138.0
2019-2020,CISSS de Chaudière-Appalaches,8,6,50.0
2019-2020,CISSS de Chaudière-Appalaches,8,7,4.0
2019-2020,CISSS de Chaudière-Appalaches,8,8,0.0
2019-2020,CISSS de Chaudière-Appalaches,8,9,206.0
2019-2020,CISSS de Chaudière-Appalaches,9,3,2.0
2019-2020,CISSS de Chaudière-Appalaches,9,4,6.0
2019-2020,CISSS de Chaudière-Appalaches,9,5,50.0
2019-2020,CISSS de Chaudière-Appalaches,9,6,12.0
2019-2020,CISSS de Chaudière-Appalaches,9,7,0.0
2019-2020,CISSS de Chaudière-Appalaches,9,8,2.0
2019-2020,CISSS de Chaudière-Appalaches,9,9,72.0
2019-2020,CISSS de Chaudière-Appalaches,10,3,60.0
2019-2020,CISSS de Chaudière-Appalaches,10,4,5400.0
2019-2020,CISSS de Chaudière-Appalaches,10,5,68006.0
2019-2020,CISSS de Chaudière-Appalaches,10,6,28266.0
2019-2020,CISSS de Chaudière-Appalaches,10,7,2530.0
2019-2020,CISSS de Chaudière-Appalaches,10,8,124.0
2019-2020,CISSS de Chaudière-Appalaches,10,9,104386.0
2019-2020,CISSS de Chaudière-Appalaches,11,4,30.0
2019-2020,CISSS de Chaudière-Appalaches,11,5,178.0
2019-2020,CISSS de Chaudière-Appalaches,11,6,90.0
2019-2020,CISSS de Chaudière-Appalaches,11,7,14.0
2019-2020,CISSS de Chaudière-Appalaches,11,8,2.0
2019-2020,CISSS de Chaudière-Appalaches,11,9,314.0
2019-2020,CISSS de Chaudière-Appalaches,12,4,26.0
2019-2020,CISSS de Chaudière-Appalaches,12,5,114.0
2019-2020,CISSS de Chaudière-Appalaches,12,6,60.0
2019-2020,CISSS de Chaudière-Appalaches,12,7,4.0
2019-2020,CISSS de Chaudière-Appalaches,12,8,2.0
2019-2020,CISSS de Chaudière-Appalaches,12,9,206.0
2019-2020,CISSS de Chaudière-Appalaches,13,4,4.0
2019-2020,CISSS de Chaudière-Appalaches,13,5,64.0
2019-2020,CISSS de Chaudière-Appalaches,13,6,30.0
2019-2020,CISSS de Chaudière-Appalaches,13,7,10.0
2019-2020,CISSS de Chaudière-Appalaches,13,8,0.0
2019-2020,CISSS de Chaudière-Appalaches,13,9,108.0
2019-2020,CISSS de Chaudière-Appalaches,14,4,8.0
2019-2020,CISSS de Chaudière-Appalaches,14,5,22.0
2019-2020,CISSS de Chaudière-Appalaches,14,6,12.0
2019-2020,CISSS de Chaudière-Appalaches,14,7,2.0
2019-2020,CISSS de Chaudière-Appalaches,14,8,0.0
2019-2020,CISSS de Chaudière-Appalaches,14,9,44.0
2019-2020,CISSS de Chaudière-Appalaches,15,4,3272.0
2019-2020,CISSS de Chaudière-Appalaches,15,5,35640.0
2019-2020,CISSS de Chaudière-Appalaches,15,6,20240.0
2019-2020,CISSS de Chaudière-Appalaches,15,7,2164.0
2019-2020,CISSS de Chaudière-Appalaches,15,8,508.0
2019-2020,CISSS de Chaudière-Appalaches,15,9,61824.0
2019-2020,CISSS de Chaudière-Appalaches,16,4,4.0
2019-2020,CISSS de Chaudière-Appalaches,16,5,8.0
2019-2020,CISSS de Chaudière-Appalaches,16,6,14.0
2019-2020,CISSS de Chaudière-Appalaches,16,7,0.0
2019-2020,CISSS de Chaudière-Appalaches,16,8,0.0
2019-2020,CISSS de Chaudière-Appalaches,16,9,26.0
2019-2020,CISSS de Chaudière-Appalaches,17,4,4.0
2019-2020,CISSS de Chaudière-Appalaches,17,5,6.0
2019-2020,CISSS de Chaudière-Appalaches,17,6,4.0
2019-2020,CISSS de Chaudière-Appalaches,17,7,0.0
2019-2020,CISSS de Chaudière-Appalaches,17,8,0.0
2019-2020,CISSS de Chaudière-Appalaches,17,9,14.0
2019-2020,CISSS de Chaudière-Appalaches,18,4,0.0
2019-2020,CISSS de Chaudière-Appalaches,18,5,2.0
2019-2020,CISSS de Chaudière-Appalaches,18,6,10.0
2019-2020,CISSS de Chaudière-Appalaches,18,7,0.0
2019-2020,CISSS de Chaudière-Appalaches,18,8,0.0
2019-2020,CISSS de Chaudière-Appalaches,18,9,12.0
2019-2020,CISSS de Chaudière-Appalaches,19,5,4.0
2019-2020,CISSS de Chaudière-Appalaches,19,9,4.0
2019-2020,CISSS de Laval,6,1,0.0
2019-2020,CISSS de Laval,6,2,0.0
2019-2020,CISSS de Laval,6,3,46.0
2019-2020,CISSS de Laval,6,4,70.0
2019-2020,CISSS de Laval,6,5,316.0
2019-2020,CISSS de Laval,6,6,94.0
2019-2020,CISSS de Laval,6,7,8.0
2019-2020,CISSS de Laval,6,8,0.0
2019-2020,CISSS de Laval,6,9,534.0
2019-2020,CISSS de Laval,7,1,0.0
2019-2020,CISSS de Laval,7,2,0.0
2019-2020,CISSS de Laval,7,3,26.0
2019-2020,CISSS de Laval,7,4,48.0
2019-2020,CISSS de Laval,7,5,190.0
2019-2020,CISSS de Laval,7,6,42.0
2019-2020,CISSS de Laval,7,7,6.0
2019-2020,CISSS de Laval,7,8,0.0
2019-2020,CISSS de Laval,7,9,312.0
2019-2020,CISSS de Laval,8,1,0.0
2019-2020,CISSS de Laval,8,2,0.0
2019-2020,CISSS de Laval,8,3,20.0
2019-2020,CISSS de Laval,8,4,22.0
2019-2020,CISSS de Laval,8,5,126.0
2019-2020,CISSS de Laval,8,6,52.0
2019-2020,CISSS de Laval,8,7,2.0
2019-2020,CISSS de Laval,8,8,0.0
2019-2020,CISSS de Laval,8,9,222.0
2019-2020,CISSS de Laval,9,1,0.0
2019-2020,CISSS de Laval,9,2,0.0
2019-2020,CISSS de Laval,9,3,12.0
2019-2020,CISSS de Laval,9,4,14.0
2019-2020,CISSS de Laval,9,5,18.0
2019-2020,CISSS de Laval,9,6,8.0
2019-2020,CISSS de Laval,9,7,0.0
2019-2020,CISSS de Laval,9,8,0.0
2019-2020,CISSS de Laval,9,9,52.0
2019-2020,CISSS de l'Abitibi-Témiscamingue,6,1,0.0
2019-2020,CISSS de l'Abitibi-Témiscamingue,6,2,0.0
2019-2020,CISSS de l'Abitibi-Témiscamingue,6,3,0.0
2019-2020,CISSS de l'Abitibi-Témiscamingue,6,4,0.0
2019-2020,CISSS de l'Abitibi-Témiscamingue,6,5,6.0
2019-2020,CISSS de l'Abitibi-Témiscamingue,6,6,0.0
2019-2020,CISSS de l'Abitibi-Témiscamingue,6,7,0.0
2019-2020,CISSS de l'Abitibi-Témiscamingue,6,8,0.0
2019-2020,CISSS de l'Abitibi-Témiscamingue,6,9,6.0
2019-2020,CISSS de l'Abitibi-Témiscamingue,7,1,0.0
2019-2020,CISSS de l'Abitibi-Témiscamingue,7,2,0.0
2019-2020,CISSS de l'Abitibi-Témiscamingue,7,3,0.0
2019-2020,CISSS de l'Abitibi-Témiscamingue,7,4,0.0
2019-2020,CISSS de l'Abitibi-Témiscamingue,7,5,2.0
2019-2020,CISSS de l'Abitibi-Témiscamingue,7,6,0.0
2019-2020,CISSS de l'Abitibi-Témiscamingue,7,7,0.0
2019-2020,CISSS de l'Abitibi-Témiscamingue,7,8,0.0
2019-2020,CISSS de l'Abitibi-Témiscamingue,7,9,2.0
2019-2020,CISSS de l'Abitibi-Témiscamingue,8,1,0.0
2019-2020,CISSS de l'Abitibi-Témiscamingue,8,2,0.0
2019-2020,CISSS de l'Abitibi-Témiscamingue,8,3,0.0
2019-2020,CISSS de l'Abitibi-Témiscamingue,8,4,0.0
2019-2020,CISSS de l'Abitibi-Témiscamingue,8,5,4.0
2019-2020,CISSS de l'Abitibi-Témiscamingue,8,6,0.0
2019-2020,CISSS de l'Abitibi-Témiscamingue,8,7,0.0
2019-2020,CISSS de l'Abitibi-Témiscamingue,8,8,0.0
2019-2020,CISSS de l'Abitibi-Témiscamingue,8,9,4.0
2019-2020,CISSS de l'Abitibi-Témiscamingue,10,1,0.0
2019-2020,CISSS de l'Abitibi-Témiscamingue,10,2,0.0
2019-2020,CISSS de l'Abitibi-Témiscamingue,10,3,0.0
2019-2020,CISSS de l'Abitibi-Témiscamingue,10,4,0.0
2019-2020,CISSS de l'Abitibi-Témiscamingue,10,5,36.0
2019-2020,CISSS de l'Abitibi-Témiscamingue,10,6,0.0
2019-2020,CISSS de l'Abitibi-Témiscamingue,10,7,0.0
2019-2020,CISSS de l'Abitibi-Témiscamingue,10,8,0.0
2019-2020,CISSS de l'Abitibi-Témiscamingue,10,9,36.0
2019-2020,CISSS de l'Abitibi-Témiscamingue,16,1,0.0
2019-2020,CISSS de l'Abitibi-Témiscamingue,16,2,0.0
2019-2020,CISSS de l'Abitibi-Témiscamingue,16,3,0.0
2019-2020,CISSS de l'Abitibi-Témiscamingue,16,4,2.0
2019-2020,CISSS de l'Abitibi-Témiscamingue,16,5,16.0
2019-2020,CISSS de l'Abitibi-Témiscamingue,16,6,12.0
2019-2020,CISSS de l'Abitibi-Témiscamingue,16,7,0.0
2019-2020,CISSS de l'Abitibi-Témiscamingue,16,8,0.0
2019-2020,CISSS de l'Abitibi-Témiscamingue,16,9,30.0
2019-2020,CISSS de l'Abitibi-Témiscamingue,17,1,0.0
2019-2020,CISSS de l'Abitibi-Témiscamingue,17,2,0.0
2019-2020,CISSS de l'Abitibi-Témiscamingue,17,3,0.0
2019-2020,CISSS de l'Abitibi-Témiscamingue,17,4,0.0
2019-2020,CISSS de l'Abitibi-Témiscamingue,17,5,12.0
2019-2020,CISSS de l'Abitibi-Témiscamingue,17,6,12.0
2019-2020,CISSS de l'Abitibi-Témiscamingue,17,7,0.0
2019-2020,CISSS de l'Abitibi-Témiscamingue,17,8,0.0
2019-2020,CISSS de l'Abitibi-Témiscamingue,17,9,24.0
2019-2020,CISSS de l'Abitibi-Témiscamingue,18,1,0.0
2019-2020,CISSS de l'Abitibi-Témiscamingue,18,2,0.0
2019-2020,CISSS de l'Abitibi-Témiscamingue,18,3,0.0
2019-2020,CISSS de l'Abitibi-Témiscamingue,18,4,2.0
2019-2020,CISSS de l'Abitibi-Témiscamingue,18,5,4.0
2019-2020,CISSS de l'Abitibi-Témiscamingue,18,6,0.0
2019-2020,CISSS de l'Abitibi-Témiscamingue,18,7,0.0
2019-2020,CISSS de l'Abitibi-Témiscamingue,18,8,0.0
2019-2020,CISSS de l'Abitibi-Témiscamingue,18,9,6.0
2019-2020,CISSS de l'Abitibi-Témiscamingue,19,1,0.0
2019-2020,CISSS de l'Abitibi-Témiscamingue,19,2,0.0
2019-2020,CISSS de l'Abitibi-Témiscamingue,19,3,0.0
2019-2020,CISSS de l'Abitibi-Témiscamingue,19,4,2.0
2019-2020,CISSS de l'Abitibi-Témiscamingue,19,5,2.0
2019-2020,CISSS de l'Abitibi-Témiscamingue,19,6,0.0
2019-2020,CISSS de l'Abitibi-Témiscamingue,19,7,0.0
2019-2020,CISSS de l'Abitibi-Témiscamingue,19,8,0.0
2019-2020,CISSS de l'Abitibi-Témiscamingue,19,9,4.0
2019-2020,CISSS de l'Outaouais,6,4,4.0
2019-2020,CISSS de l'Outaouais,6,5,42.0
2019-2020,CISSS de l'Outaouais,6,6,16.0
2019-2020,CISSS de l'Outaouais,6,7,2.0
2019-2020,CISSS de l'Outaouais,6,9,64.0
2019-2020,CISSS de l'Outaouais,7,5,20.0
2019-2020,CISSS de l'Outaouais,7,6,8.0
2019-2020,CISSS de l'Outaouais,7,7,2.0
2019-2020,CISSS de l'Outaouais,7,9,30.0
2019-2020,CISSS de l'Outaouais,8,4,4.0
2019-2020,CISSS de l'Outaouais,8,5,22.0
2019-2020,CISSS de l'Outaouais,8,6,8.0
2019-2020,CISSS de l'Outaouais,8,9,34.0
2019-2020,CISSS de l'Outaouais,9,4,2.0
2019-2020,CISSS de l'Outaouais,9,5,10.0
2019-2020,CISSS de l'Outaouais,9,6,2.0
2019-2020,CISSS de l'Outaouais,9,9,14.0
2019-2020,CISSS de l'Outaouais,10,4,130.0
2019-2020,CISSS de l'Outaouais,10,5,3478.0
2019-2020,CISSS de l'Outaouais,10,6,1130.0
2019-2020,CISSS de l'Outaouais,10,7,114.0
2019-2020,CISSS de l'Outaouais,10,9,4852.0
2019-2020,CISSS de l'Outaouais,11,5,10.0
2019-2020,CISSS de l'Outaouais,11,6,10.0
2019-2020,CISSS de l'Outaouais,11,9,20.0
2019-2020,CISSS de l'Outaouais,12,5,2.0
2019-2020,CISSS de l'Outaouais,12,6,8.0
2019-2020,CISSS de l'Outaouais,12,9,10.0
2019-2020,CISSS de l'Outaouais,13,5,8.0
2019-2020,CISSS de l'Outaouais,13,6,2.0
2019-2020,CISSS de l'Outaouais,13,9,10.0
2019-2020,CISSS de l'Outaouais,15,5,3328.0
2019-2020,CISSS de l'Outaouais,15,6,2146.0
2019-2020,CISSS de l'Outaouais,15,9,5474.0
2019-2020,CISSS de la Côte-Nord,6,5,36.0
2019-2020,CISSS de la Côte-Nord,6,6,22.0
2019-2020,CISSS de la Côte-Nord,6,7,2.0
2019-2020,CISSS de la Côte-Nord,6,9,60.0
2019-2020,CISSS de la Côte-Nord,7,5,22.0
2019-2020,CISSS de la Côte-Nord,7,6,8.0
2019-2020,CISSS de la Côte-Nord,7,7,2.0
2019-2020,CISSS de la Côte-Nord,7,9,32.0
2019-2020,CISSS de la Côte-Nord,8,5,14.0
2019-2020,CISSS de la Côte-Nord,8,6,14.0
2019-2020,CISSS de la Côte-Nord,8,9,28.0
2019-2020,CISSS de la Côte-Nord,9,5,4.0
2019-2020,CISSS de la Côte-Nord,9,6,2.0
2019-2020,CISSS de la Côte-Nord,9,9,6.0
2019-2020,CISSS de la Côte-Nord,11,5,8.0
2019-2020,CISSS de la Côte-Nord,11,6,2.0
2019-2020,CISSS de la Côte-Nord,11,9,10.0
2019-2020,CISSS de la Côte-Nord,12,5,4.0
2019-2020,CISSS de la Côte-Nord,12,6,2.0
2019-2020,CISSS de la Côte-Nord,12,9,6.0
2019-2020,CISSS de la Côte-Nord,13,5,4.0
2019-2020,CISSS de la Côte-Nord,13,9,4.0
2019-2020,CISSS de la Côte-Nord,14,6,2.0
2019-2020,CISSS de la Côte-Nord,14,9,2.0
2019-2020,CISSS de la Côte-Nord,16,5,2.0
2019-2020,CISSS de la Côte-Nord,16,9,2.0
2019-2020,CISSS de la Côte-Nord,18,5,2.0
2019-2020,CISSS de la Côte-Nord,18,9,2.0
2019-2020,CISSS de la Gaspésie,6,4,2.0
2019-2020,CISSS de la Gaspésie,6,5,2.0
2019-2020,CISSS de la Gaspésie,6,6,2.0
2019-2020,CISSS de la Gaspésie,6,9,6.0
2019-2020,CISSS de la Gaspésie,7,4,2.0
2019-2020,CISSS de la Gaspésie,7,6,2.0
2019-2020,CISSS de la Gaspésie,7,9,4.0
2019-2020,CISSS de la Gaspésie,8,5,2.0
2019-2020,CISSS de la Gaspésie,8,9,2.0
2019-2020,CISSS de la Gaspésie,9,5,2.0
2019-2020,CISSS de la Gaspésie,9,6,2.0
2019-2020,CISSS de la Gaspésie,9,9,4.0
2019-2020,CISSS de la Gaspésie,10,4,8.0
2019-2020,CISSS de la Gaspésie,10,5,20.0
2019-2020,CISSS de la Gaspésie,10,6,36.0
2019-2020,CISSS de la Gaspésie,10,9,64.0
2019-2020,CISSS de la Gaspésie,11,4,2.0
2019-2020,CISSS de la Gaspésie,11,5,4.0
2019-2020,CISSS de la Gaspésie,11,6,4.0
2019-2020,CISSS de la Gaspésie,11,9,10.0
2019-2020,CISSS de la Gaspésie,12,4,2.0
2019-2020,CISSS de la Gaspésie,12,5,4.0
2019-2020,CISSS de la Gaspésie,12,6,2.0
2019-2020,CISSS de la Gaspésie,12,9,8.0
2019-2020,CISSS de la Gaspésie,13,6,2.0
2019-2020,CISSS de la Gaspésie,13,9,2.0
2019-2020,CISSS de la Gaspésie,14,4,2.0
2019-2020,CISSS de la Gaspésie,14,5,4.0
2019-2020,CISSS de la Gaspésie,14,6,2.0
2019-2020,CISSS de la Gaspésie,14,9,8.0
2019-2020,CISSS de la Gaspésie,15,4,4.0
2019-2020,CISSS de la Gaspésie,15,5,72.0
2019-2020,CISSS de la Gaspésie,15,6,32.0
2019-2020,CISSS de la Gaspésie,15,9,108.0
2019-2020,CISSS de la Gaspésie,16,4,2.0
2019-2020,CISSS de la Gaspésie,16,9,2.0
2019-2020,CISSS de la Gaspésie,17,4,2.0
2019-2020,CISSS de la Gaspésie,17,9,2.0
2019-2020,CISSS de la Gaspésie,19,4,2.0
2019-2020,CISSS de la Gaspésie,19,9,2.0
2019-2020,CISSS des Laurentides,1,1,0.0
2019-2020,CISSS des Laurentides,1,2,0.0
2019-2020,CISSS des Laurentides,1,3,0.0
2019-2020,CISSS des Laurentides,1,4,0.0
2019-2020,CISSS des Laurentides,1,5,0.0
2019-2020,CISSS des Laurentides,1,6,0.0
2019-2020,CISSS des Laurentides,1,7,0.0
2019-2020,CISSS des Laurentides,1,8,0.0
2019-2020,CISSS des Laurentides,1,9,0.0
2019-2020,CISSS des Laurentides,2,1,0.0
2019-2020,CISSS des Laurentides,2,2,0.0
2019-2020,CISSS des Laurentides,2,3,0.0
2019-2020,CISSS des Laurentides,2,4,0.0
2019-2020,CISSS des Laurentides,2,5,0.0
2019-2020,CISSS des Laurentides,2,6,0.0
2019-2020,CISSS des Laurentides,2,7,0.0
2019-2020,CISSS des Laurentides,2,8,0.0
2019-2020,CISSS des Laurentides,2,9,0.0
2019-2020,CISSS des Laurentides,3,1,0.0
2019-2020,CISSS des Laurentides,3,2,0.0
2019-2020,CISSS des Laurentides,3,3,0.0
2019-2020,CISSS des Laurentides,3,4,0.0
2019-2020,CISSS des Laurentides,3,5,0.0
2019-2020,CISSS des Laurentides,3,6,0.0
2019-2020,CISSS des Laurentides,3,7,0.0
2019-2020,CISSS des Laurentides,3,8,0.0
2019-2020,CISSS des Laurentides,3,9,0.0
2019-2020,CISSS des Laurentides,4,1,0.0
2019-2020,CISSS des Laurentides,4,2,0.0
2019-2020,CISSS des Laurentides,4,3,0.0
2019-2020,CISSS des Laurentides,4,4,0.0
2019-2020,CISSS des Laurentides,4,5,0.0
2019-2020,CISSS des Laurentides,4,6,0.0
2019-2020,CISSS des Laurentides,4,7,0.0
2019-2020,CISSS des Laurentides,4,8,0.0
2019-2020,CISSS des Laurentides,4,9,0.0
2019-2020,CISSS des Laurentides,5,1,0.0
2019-2020,CISSS des Laurentides,5,2,0.0
2019-2020,CISSS des Laurentides,5,3,0.0
2019-2020,CISSS des Laurentides,5,4,0.0
2019-2020,CISSS des Laurentides,5,5,0.0
2019-2020,CISSS des Laurentides,5,6,0.0
2019-2020,CISSS des Laurentides,5,7,0.0
2019-2020,CISSS des Laurentides,5,8,0.0
2019-2020,CISSS des Laurentides,5,9,0.0
2019-2020,CISSS des Laurentides,6,1,0.0
2019-2020,CISSS des Laurentides,6,2,0.0
2019-2020,CISSS des Laurentides,6,3,10.0
2019-2020,CISSS des Laurentides,6,4,56.0
2019-2020,CISSS des Laurentides,6,5,456.0
2019-2020,CISSS des Laurentides,6,6,142.0
2019-2020,CISSS des Laurentides,6,7,10.0
2019-2020,CISSS des Laurentides,6,8,0.0
2019-2020,CISSS des Laurentides,6,9,674.0
2019-2020,CISSS des Laurentides,7,1,0.0
2019-2020,CISSS des Laurentides,7,2,0.0
2019-2020,CISSS des Laurentides,7,3,8.0
2019-2020,CISSS des Laurentides,7,4,30.0
2019-2020,CISSS des Laurentides,7,5,264.0
2019-2020,CISSS des Laurentides,7,6,92.0
2019-2020,CISSS des Laurentides,7,7,8.0
2019-2020,CISSS des Laurentides,7,8,0.0
2019-2020,CISSS des Laurentides,7,9,402.0
2019-2020,CISSS des Laurentides,8,1,0.0
2019-2020,CISSS des Laurentides,8,2,0.0
2019-2020,CISSS des Laurentides,8,3,2.0
2019-2020,CISSS des Laurentides,8,4,26.0
2019-2020,CISSS des Laurentides,8,5,192.0
2019-2020,CISSS des Laurentides,8,6,50.0
2019-2020,CISSS des Laurentides,8,7,2.0
2019-2020,CISSS des Laurentides,8,8,0.0
2019-2020,CISSS des Laurentides,8,9,272.0
2019-2020,CISSS des Laurentides,9,1,0.0
2019-2020,CISSS des Laurentides,9,2,0.0
2019-2020,CISSS des Laurentides,9,3,4.0
2019-2020,CISSS des Laurentides,9,4,20.0
2019-2020,CISSS des Laurentides,9,5,88.0
2019-2020,CISSS des Laurentides,9,6,38.0
2019-2020,CISSS des Laurentides,9,7,2.0
2019-2020,CISSS des Laurentides,9,8,0.0
2019-2020,CISSS des Laurentides,9,9,152.0
2019-2020,CISSS des Laurentides,10,1,0.0
2019-2020,CISSS des Laurentides,10,2,0.0
2019-2020,CISSS des Laurentides,10,3,296.0
2019-2020,CISSS des Laurentides,10,4,5794.0
2019-2020,CISSS des Laurentides,10,5,81264.0
2019-2020,CISSS des Laurentides,10,6,23704.0
2019-2020,CISSS des Laurentides,10,7,2398.0
2019-2020,CISSS des Laurentides,10,8,0.0
2019-2020,CISSS des Laurentides,10,9,113456.0
2019-2020,CISSS des Laurentides,11,1,0.0
2019-2020,CISSS des Laurentides,11,2,0.0
2019-2020,CISSS des Laurentides,11,3,18.0
2019-2020,CISSS des Laurentides,11,4,76.0
2019-2020,CISSS des Laurentides,11,5,332.0
2019-2020,CISSS des Laurentides,11,6,128.0
2019-2020,CISSS des Laurentides,11,7,10.0
2019-2020,CISSS des Laurentides,11,8,2.0
2019-2020,CISSS des Laurentides,11,9,566.0
2019-2020,CISSS des Laurentides,12,1,0.0
2019-2020,CISSS des Laurentides,12,2,0.0
2019-2020,CISSS des Laurentides,12,3,12.0
2019-2020,CISSS des Laurentides,12,4,44.0
2019-2020,CISSS des Laurentides,12,5,208.0
2019-2020,CISSS des Laurentides,12,6,80.0
2019-2020,CISSS des Laurentides,12,7,8.0
2019-2020,CISSS des Laurentides,12,8,2.0
2019-2020,CISSS des Laurentides,12,9,354.0
2019-2020,CISSS des Laurentides,13,1,0.0
2019-2020,CISSS des Laurentides,13,2,0.0
2019-2020,CISSS des Laurentides,13,3,6.0
2019-2020,CISSS des Laurentides,13,4,32.0
2019-2020,CISSS des Laurentides,13,5,124.0
2019-2020,CISSS des Laurentides,13,6,48.0
2019-2020,CISSS des Laurentides,13,7,2.0
2019-2020,CISSS des Laurentides,13,8,0.0
2019-2020,CISSS des Laurentides,13,9,212.0
2019-2020,CISSS des Laurentides,14,1,0.0
2019-2020,CISSS des Laurentides,14,2,0.0
2019-2020,CISSS des Laurentides,14,3,18.0
2019-2020,CISSS des Laurentides,14,4,58.0
2019-2020,CISSS des Laurentides,14,5,36.0
2019-2020,CISSS des Laurentides,14,6,14.0
2019-2020,CISSS des Laurentides,14,7,6.0
2019-2020,CISSS des Laurentides,14,8,0.0
2019-2020,CISSS des Laurentides,14,9,132.0
2019-2020,CISSS des Laurentides,15,1,0.0
2019-2020,CISSS des Laurentides,15,2,0.0
2019-2020,CISSS des Laurentides,15,3,160.0
2019-2020,CISSS des Laurentides,15,4,2732.0
2019-2020,CISSS des Laurentides,15,5,46542.0
2019-2020,CISSS des Laurentides,15,6,17486.0
2019-2020,CISSS des Laurentides,15,7,1084.0
2019-2020,CISSS des Laurentides,15,8,280.0
2019-2020,CISSS des Laurentides,15,9,68284.0
2019-2020,CISSS des Laurentides,16,1,0.0
2019-2020,CISSS des Laurentides,16,2,0.0
2019-2020,CISSS des Laurentides,16,3,0.0
2019-2020,CISSS des Laurentides,16,4,0.0
2019-2020,CISSS des Laurentides,16,5,4.0
2019-2020,CISSS des Laurentides,16,6,2.0
2019-2020,CISSS des Laurentides,16,7,0.0
2019-2020,CISSS des Laurentides,16,8,0.0
2019-2020,CISSS des Laurentides,16,9,6.0
2019-2020,CISSS des Laurentides,17,1,0.0
2019-2020,CISSS des Laurentides,17,2,0.0
2019-2020,CISSS des Laurentides,17,3,0.0
2019-2020,CISSS des Laurentides,17,4,0.0
2019-2020,CISSS des Laurentides,17,5,2.0
2019-2020,CISSS des Laurentides,17,6,2.0
2019-2020,CISSS des Laurentides,17,7,0.0
2019-2020,CISSS des Laurentides,17,8,0.0
2019-2020,CISSS des Laurentides,17,9,4.0
2019-2020,CISSS des Laurentides,18,1,0.0
2019-2020,CISSS des Laurentides,18,2,0.0
2019-2020,CISSS des Laurentides,18,3,0.0
2019-2020,CISSS des Laurentides,18,4,0.0
2019-2020,CISSS des Laurentides,18,5,2.0
2019-2020,CISSS des Laurentides,18,6,0.0
2019-2020,CISSS des Laurentides,18,7,0.0
2019-2020,CISSS des Laurentides,18,8,0.0
2019-2020,CISSS des Laurentides,18,9,2.0
2019-2020,CISSS des Laurentides,19,1,0.0
2019-2020,CISSS des Laurentides,19,2,0.0
2019-2020,CISSS des Laurentides,19,3,0.0
2019-2020,CISSS des Laurentides,19,4,0.0
2019-2020,CISSS des Laurentides,19,5,4.0
2019-2020,CISSS des Laurentides,19,6,0.0
2019-2020,CISSS des Laurentides,19,7,0.0
2019-2020,CISSS des Laurentides,19,8,0.0
2019-2020,CISSS des Laurentides,19,9,4.0
2019-2020,CISSS du Bas-Saint-Laurent,1,1,0.0
2019-2020,CISSS du Bas-Saint-Laurent,1,2,0.0
2019-2020,CISSS du Bas-Saint-Laurent,1,3,0.0
2019-2020,CISSS du Bas-Saint-Laurent,1,4,0.0
2019-2020,CISSS du Bas-Saint-Laurent,1,5,34.0
2019-2020,CISSS du Bas-Saint-Laurent,1,6,24.0
2019-2020,CISSS du Bas-Saint-Laurent,1,7,0.0
2019-2020,CISSS du Bas-Saint-Laurent,1,8,0.0
2019-2020,CISSS du Bas-Saint-Laurent,1,9,58.0
2019-2020,CISSS du Bas-Saint-Laurent,2,1,0.0
2019-2020,CISSS du Bas-Saint-Laurent,2,2,0.0
2019-2020,CISSS du Bas-Saint-Laurent,2,3,0.0
2019-2020,CISSS du Bas-Saint-Laurent,2,4,0.0
2019-2020,CISSS du Bas-Saint-Laurent,2,5,24.0
2019-2020,CISSS du Bas-Saint-Laurent,2,6,18.0
2019-2020,CISSS du Bas-Saint-Laurent,2,7,0.0
2019-2020,CISSS du Bas-Saint-Laurent,2,8,0.0
2019-2020,CISSS du Bas-Saint-Laurent,2,9,42.0
2019-2020,CISSS du Bas-Saint-Laurent,3,1,0.0
2019-2020,CISSS du Bas-Saint-Laurent,3,2,0.0
2019-2020,CISSS du Bas-Saint-Laurent,3,3,0.0
2019-2020,CISSS du Bas-Saint-Laurent,3,4,0.0
2019-2020,CISSS du Bas-Saint-Laurent,3,5,10.0
2019-2020,CISSS du Bas-Saint-Laurent,3,6,6.0
2019-2020,CISSS du Bas-Saint-Laurent,3,7,0.0
2019-2020,CISSS du Bas-Saint-Laurent,3,8,0.0
2019-2020,CISSS du Bas-Saint-Laurent,3,9,16.0
2019-2020,CISSS du Bas-Saint-Laurent,4,1,0.0
2019-2020,CISSS du Bas-Saint-Laurent,4,2,0.0
2019-2020,CISSS du Bas-Saint-Laurent,4,3,0.0
2019-2020,CISSS du Bas-Saint-Laurent,4,4,0.0
2019-2020,CISSS du Bas-Saint-Laurent,4,5,4.0
2019-2020,CISSS du Bas-Saint-Laurent,4,6,6.0
2019-2020,CISSS du Bas-Saint-Laurent,4,7,0.0
2019-2020,CISSS du Bas-Saint-Laurent,4,8,0.0
2019-2020,CISSS du Bas-Saint-Laurent,4,9,10.0
2019-2020,CISSS du Bas-Saint-Laurent,5,1,0.0
2019-2020,CISSS du Bas-Saint-Laurent,5,2,0.0
2019-2020,CISSS du Bas-Saint-Laurent,5,3,0.0
2019-2020,CISSS du Bas-Saint-Laurent,5,4,0.0
2019-2020,CISSS du Bas-Saint-Laurent,5,5,4956.0
2019-2020,CISSS du Bas-Saint-Laurent,5,6,2622.0
2019-2020,CISSS du Bas-Saint-Laurent,5,7,0.0
2019-2020,CISSS du Bas-Saint-Laurent,5,8,0.0
2019-2020,CISSS du Bas-Saint-Laurent,5,9,7578.0
2019-2020,CISSS du Bas-Saint-Laurent,6,1,0.0
2019-2020,CISSS du Bas-Saint-Laurent,6,2,0.0
2019-2020,CISSS du Bas-Saint-Laurent,6,3,0.0
2019-2020,CISSS du Bas-Saint-Laurent,6,4,12.0
2019-2020,CISSS du Bas-Saint-Laurent,6,5,112.0
2019-2020,CISSS du Bas-Saint-Laurent,6,6,86.0
2019-2020,CISSS du Bas-Saint-Laurent,6,7,0.0
2019-2020,CISSS du Bas-Saint-Laurent,6,8,2.0
2019-2020,CISSS du Bas-Saint-Laurent,6,9,212.0
2019-2020,CISSS du Bas-Saint-Laurent,7,1,0.0
2019-2020,CISSS du Bas-Saint-Laurent,7,2,0.0
2019-2020,CISSS du Bas-Saint-Laurent,7,3,0.0
2019-2020,CISSS du Bas-Saint-Laurent,7,4,10.0
2019-2020,CISSS du Bas-Saint-Laurent,7,5,66.0
2019-2020,CISSS du Bas-Saint-Laurent,7,6,58.0
2019-2020,CISSS du Bas-Saint-Laurent,7,7,0.0
2019-2020,CISSS du Bas-Saint-Laurent,7,8,2.0
2019-2020,CISSS du Bas-Saint-Laurent,7,9,136.0
2019-2020,CISSS du Bas-Saint-Laurent,8,1,0.0
2019-2020,CISSS du Bas-Saint-Laurent,8,2,0.0
2019-2020,CISSS du Bas-Saint-Laurent,8,3,0.0
2019-2020,CISSS du Bas-Saint-Laurent,8,4,2.0
2019-2020,CISSS du Bas-Saint-Laurent,8,5,46.0
2019-2020,CISSS du Bas-Saint-Laurent,8,6,28.0
2019-2020,CISSS du Bas-Saint-Laurent,8,7,0.0
2019-2020,CISSS du Bas-Saint-Laurent,8,8,0.0
2019-2020,CISSS du Bas-Saint-Laurent,8,9,76.0
2019-2020,CISSS du Bas-Saint-Laurent,9,1,0.0
2019-2020,CISSS du Bas-Saint-Laurent,9,2,0.0
2019-2020,CISSS du Bas-Saint-Laurent,9,3,0.0
2019-2020,CISSS du Bas-Saint-Laurent,9,4,4.0
2019-2020,CISSS du Bas-Saint-Laurent,9,5,14.0
2019-2020,CISSS du Bas-Saint-Laurent,9,6,8.0
2019-2020,CISSS du Bas-Saint-Laurent,9,7,0.0
2019-2020,CISSS du Bas-Saint-Laurent,9,8,2.0
2019-2020,CISSS du Bas-Saint-Laurent,9,9,28.0
2019-2020,CISSS du Bas-Saint-Laurent,10,1,0.0
2019-2020,CISSS du Bas-Saint-Laurent,10,2,0.0
2019-2020,CISSS du Bas-Saint-Laurent,10,3,0.0
2019-2020,CISSS du Bas-Saint-Laurent,10,4,906.0
2019-2020,CISSS du Bas-Saint-Laurent,10,5,16224.0
2019-2020,CISSS du Bas-Saint-Laurent,10,6,14616.0
2019-2020,CISSS du Bas-Saint-Laurent,10,7,0.0
2019-2020,CISSS du Bas-Saint-Laurent,10,8,298.0
2019-2020,CISSS du Bas-Saint-Laurent,10,9,32044.0
2019-2020,CISSS du Bas-Saint-Laurent,11,1,0.0
2019-2020,CISSS du Bas-Saint-Laurent,11,2,0.0
2019-2020,CISSS du Bas-Saint-Laurent,11,3,0.0
2019-2020,CISSS du Bas-Saint-Laurent,11,4,28.0
2019-2020,CISSS du Bas-Saint-Laurent,11,5,170.0
2019-2020,CISSS du Bas-Saint-Laurent,11,6,116.0
2019-2020,CISSS du Bas-Saint-Laurent,11,7,0.0
2019-2020,CISSS du Bas-Saint-Laurent,11,8,2.0
2019-2020,CISSS du Bas-Saint-Laurent,11,9,316.0
2019-2020,CISSS du Bas-Saint-Laurent,12,1,0.0
2019-2020,CISSS du Bas-Saint-Laurent,12,2,0.0
2019-2020,CISSS du Bas-Saint-Laurent,12,3,0.0
2019-2020,CISSS du Bas-Saint-Laurent,12,4,10.0
2019-2020,CISSS du Bas-Saint-Laurent,12,5,94.0
2019-2020,CISSS du Bas-Saint-Laurent,12,6,58.0
2019-2020,CISSS du Bas-Saint-Laurent,12,7,0.0
2019-2020,CISSS du Bas-Saint-Laurent,12,8,2.0
2019-2020,CISSS du Bas-Saint-Laurent,12,9,164.0
2019-2020,CISSS du Bas-Saint-Laurent,13,1,0.0
2019-2020,CISSS du Bas-Saint-Laurent,13,2,0.0
2019-2020,CISSS du Bas-Saint-Laurent,13,3,0.0
2019-2020,CISSS du Bas-Saint-Laurent,13,4,18.0
2019-2020,CISSS du Bas-Saint-Laurent,13,5,76.0
2019-2020,CISSS du Bas-Saint-Laurent,13,6,58.0
2019-2020,CISSS du Bas-Saint-Laurent,13,7,0.0
2019-2020,CISSS du Bas-Saint-Laurent,13,8,0.0
2019-2020,CISSS du Bas-Saint-Laurent,13,9,152.0
2019-2020,CISSS du Bas-Saint-Laurent,14,1,0.0
2019-2020,CISSS du Bas-Saint-Laurent,14,2,0.0
2019-2020,CISSS du Bas-Saint-Laurent,14,3,0.0
2019-2020,CISSS du Bas-Saint-Laurent,14,4,14.0
2019-2020,CISSS du Bas-Saint-Laurent,14,5,20.0
2019-2020,CISSS du Bas-Saint-Laurent,14,6,18.0
2019-2020,CISSS du Bas-Saint-Laurent,14,7,0.0
2019-2020,CISSS du Bas-Saint-Laurent,14,8,0.0
2019-2020,CISSS du Bas-Saint-Laurent,14,9,52.0
2019-2020,CISSS du Bas-Saint-Laurent,15,1,0.0
2019-2020,CISSS du Bas-Saint-Laurent,15,2,0.0
2019-2020,CISSS du Bas-Saint-Laurent,15,3,0.0
2019-2020,CISSS du Bas-Saint-Laurent,15,4,2214.0
2019-2020,CISSS du Bas-Saint-Laurent,15,5,28524.0
2019-2020,CISSS du Bas-Saint-Laurent,15,6,17142.0
2019-2020,CISSS du Bas-Saint-Laurent,15,7,0.0
2019-2020,CISSS du Bas-Saint-Laurent,15,8,76.0
2019-2020,CISSS du Bas-Saint-Laurent,15,9,47956.0
2019-2020,CIUSSS DU CENTRE-OUEST-DE-L'ÎLE-DE-MONTRÉAL,6,1,0.0
2019-2020,CIUSSS DU CENTRE-OUEST-DE-L'ÎLE-DE-MONTRÉAL,6,2,0.0
2019-2020,CIUSSS DU CENTRE-OUEST-DE-L'ÎLE-DE-MONTRÉAL,6,3,0.0
2019-2020,CIUSSS DU CENTRE-OUEST-DE-L'ÎLE-DE-MONTRÉAL,6,4,10.0
2019-2020,CIUSSS DU CENTRE-OUEST-DE-L'ÎLE-DE-MONTRÉAL,6,5,60.0
2019-2020,CIUSSS DU CENTRE-OUEST-DE-L'ÎLE-DE-MONTRÉAL,6,6,24.0
2019-2020,CIUSSS DU CENTRE-OUEST-DE-L'ÎLE-DE-MONTRÉAL,6,7,0.0
2019-2020,CIUSSS DU CENTRE-OUEST-DE-L'ÎLE-DE-MONTRÉAL,6,8,0.0
2019-2020,CIUSSS DU CENTRE-OUEST-DE-L'ÎLE-DE-MONTRÉAL,6,9,94.0
2019-2020,CIUSSS DU CENTRE-OUEST-DE-L'ÎLE-DE-MONTRÉAL,7,1,0.0
2019-2020,CIUSSS DU CENTRE-OUEST-DE-L'ÎLE-DE-MONTRÉAL,7,2,0.0
2019-2020,CIUSSS DU CENTRE-OUEST-DE-L'ÎLE-DE-MONTRÉAL,7,3,0.0
2019-2020,CIUSSS DU CENTRE-OUEST-DE-L'ÎLE-DE-MONTRÉAL,7,4,6.0
2019-2020,CIUSSS DU CENTRE-OUEST-DE-L'ÎLE-DE-MONTRÉAL,7,5,22.0
2019-2020,CIUSSS DU CENTRE-OUEST-DE-L'ÎLE-DE-MONTRÉAL,7,6,14.0
2019-2020,CIUSSS DU CENTRE-OUEST-DE-L'ÎLE-DE-MONTRÉAL,7,7,0.0
2019-2020,CIUSSS DU CENTRE-OUEST-DE-L'ÎLE-DE-MONTRÉAL,7,8,0.0
2019-2020,CIUSSS DU CENTRE-OUEST-DE-L'ÎLE-DE-MONTRÉAL,7,9,42.0
2019-2020,CIUSSS DU CENTRE-OUEST-DE-L'ÎLE-DE-MONTRÉAL,8,1,0.0
2019-2020,CIUSSS DU CENTRE-OUEST-DE-L'ÎLE-DE-MONTRÉAL,8,2,0.0
2019-2020,CIUSSS DU CENTRE-OUEST-DE-L'ÎLE-DE-MONTRÉAL,8,3,0.0
2019-2020,CIUSSS DU CENTRE-OUEST-DE-L'ÎLE-DE-MONTRÉAL,8,4,4.0
2019-2020,CIUSSS DU CENTRE-OUEST-DE-L'ÎLE-DE-MONTRÉAL,8,5,38.0
2019-2020,CIUSSS DU CENTRE-OUEST-DE-L'ÎLE-DE-MONTRÉAL,8,6,10.0
2019-2020,CIUSSS DU CENTRE-OUEST-DE-L'ÎLE-DE-MONTRÉAL,8,7,0.0
2019-2020,CIUSSS DU CENTRE-OUEST-DE-L'ÎLE-DE-MONTRÉAL,8,8,0.0
2019-2020,CIUSSS DU CENTRE-OUEST-DE-L'ÎLE-DE-MONTRÉAL,8,9,52.0
2019-2020,CIUSSS DU CENTRE-OUEST-DE-L'ÎLE-DE-MONTRÉAL,9,1,0.0
2019-2020,CIUSSS DU CENTRE-OUEST-DE-L'ÎLE-DE-MONTRÉAL,9,2,0.0
2019-2020,CIUSSS DU CENTRE-OUEST-DE-L'ÎLE-DE-MONTRÉAL,9,3,0.0
2019-2020,CIUSSS DU CENTRE-OUEST-DE-L'ÎLE-DE-MONTRÉAL,9,4,4.0
2019-2020,CIUSSS DU CENTRE-OUEST-DE-L'ÎLE-DE-MONTRÉAL,9,5,18.0
2019-2020,CIUSSS DU CENTRE-OUEST-DE-L'ÎLE-DE-MONTRÉAL,9,6,2.0
2019-2020,CIUSSS DU CENTRE-OUEST-DE-L'ÎLE-DE-MONTRÉAL,9,7,0.0
2019-2020,CIUSSS DU CENTRE-OUEST-DE-L'ÎLE-DE-MONTRÉAL,9,8,0.0
2019-2020,CIUSSS DU CENTRE-OUEST-DE-L'ÎLE-DE-MONTRÉAL,9,9,24.0
2019-2020,CIUSSS DU CENTRE-OUEST-DE-L'ÎLE-DE-MONTRÉAL,10,1,0.0
2019-2020,CIUSSS DU CENTRE-OUEST-DE-L'ÎLE-DE-MONTRÉAL,10,2,0.0
2019-2020,CIUSSS DU CENTRE-OUEST-DE-L'ÎLE-DE-MONTRÉAL,10,3,0.0
2019-2020,CIUSSS DU CENTRE-OUEST-DE-L'ÎLE-DE-MONTRÉAL,10,4,818.0
2019-2020,CIUSSS DU CENTRE-OUEST-DE-L'ÎLE-DE-MONTRÉAL,10,5,9558.0
2019-2020,CIUSSS DU CENTRE-OUEST-DE-L'ÎLE-DE-MONTRÉAL,10,6,6404.0
2019-2020,CIUSSS DU CENTRE-OUEST-DE-L'ÎLE-DE-MONTRÉAL,10,7,0.0
2019-2020,CIUSSS DU CENTRE-OUEST-DE-L'ÎLE-DE-MONTRÉAL,10,8,0.0
2019-2020,CIUSSS DU CENTRE-OUEST-DE-L'ÎLE-DE-MONTRÉAL,10,9,16780.0
2019-2020,CIUSSS DU CENTRE-OUEST-DE-L'ÎLE-DE-MONTRÉAL,11,1,0.0
2019-2020,CIUSSS DU CENTRE-OUEST-DE-L'ÎLE-DE-MONTRÉAL,11,2,0.0
2019-2020,CIUSSS DU CENTRE-OUEST-DE-L'ÎLE-DE-MONTRÉAL,11,3,0.0
2019-2020,CIUSSS DU CENTRE-OUEST-DE-L'ÎLE-DE-MONTRÉAL,11,4,4.0
2019-2020,CIUSSS DU CENTRE-OUEST-DE-L'ÎLE-DE-MONTRÉAL,11,5,120.0
2019-2020,CIUSSS DU CENTRE-OUEST-DE-L'ÎLE-DE-MONTRÉAL,11,6,36.0
2019-2020,CIUSSS DU CENTRE-OUEST-DE-L'ÎLE-DE-MONTRÉAL,11,7,0.0
2019-2020,CIUSSS DU CENTRE-OUEST-DE-L'ÎLE-DE-MONTRÉAL,11,8,0.0
2019-2020,CIUSSS DU CENTRE-OUEST-DE-L'ÎLE-DE-MONTRÉAL,11,9,160.0
2019-2020,CIUSSS DU CENTRE-OUEST-DE-L'ÎLE-DE-MONTRÉAL,12,1,0.0
2019-2020,CIUSSS DU CENTRE-OUEST-DE-L'ÎLE-DE-MONTRÉAL,12,2,0.0
2019-2020,CIUSSS DU CENTRE-OUEST-DE-L'ÎLE-DE-MONTRÉAL,12,3,0.0
2019-2020,CIUSSS DU CENTRE-OUEST-DE-L'ÎLE-DE-MONTRÉAL,12,4,4.0
2019-2020,CIUSSS DU CENTRE-OUEST-DE-L'ÎLE-DE-MONTRÉAL,12,5,70.0
2019-2020,CIUSSS DU CENTRE-OUEST-DE-L'ÎLE-DE-MONTRÉAL,12,6,22.0
2019-2020,CIUSSS DU CENTRE-OUEST-DE-L'ÎLE-DE-MONTRÉAL,12,7,0.0
2019-2020,CIUSSS DU CENTRE-OUEST-DE-L'ÎLE-DE-MONTRÉAL,12,8,0.0
2019-2020,CIUSSS DU CENTRE-OUEST-DE-L'ÎLE-DE-MONTRÉAL,12,9,96.0
2019-2020,CIUSSS DU CENTRE-OUEST-DE-L'ÎLE-DE-MONTRÉAL,13,1,0.0
2019-2020,CIUSSS DU CENTRE-OUEST-DE-L'ÎLE-DE-MONTRÉAL,13,2,0.0
2019-2020,CIUSSS DU CENTRE-OUEST-DE-L'ÎLE-DE-MONTRÉAL,13,3,0.0
2019-2020,CIUSSS DU CENTRE-OUEST-DE-L'ÎLE-DE-MONTRÉAL,13,4,0.0
2019-2020,CIUSSS DU CENTRE-OUEST-DE-L'ÎLE-DE-MONTRÉAL,13,5,50.0
2019-2020,CIUSSS DU CENTRE-OUEST-DE-L'ÎLE-DE-MONTRÉAL,13,6,14.0
2019-2020,CIUSSS DU CENTRE-OUEST-DE-L'ÎLE-DE-MONTRÉAL,13,7,0.0
2019-2020,CIUSSS DU CENTRE-OUEST-DE-L'ÎLE-DE-MONTRÉAL,13,8,0.0
2019-2020,CIUSSS DU CENTRE-OUEST-DE-L'ÎLE-DE-MONTRÉAL,13,9,64.0
2019-2020,CIUSSS DU CENTRE-OUEST-DE-L'ÎLE-DE-MONTRÉAL,14,1,0.0
2019-2020,CIUSSS DU CENTRE-OUEST-DE-L'ÎLE-DE-MONTRÉAL,14,2,0.0
2019-2020,CIUSSS DU CENTRE-OUEST-DE-L'ÎLE-DE-MONTRÉAL,14,3,0.0
2019-2020,CIUSSS DU CENTRE-OUEST-DE-L'ÎLE-DE-MONTRÉAL,14,4,2.0
2019-2020,CIUSSS DU CENTRE-OUEST-DE-L'ÎLE-DE-MONTRÉAL,14,5,8.0
2019-2020,CIUSSS DU CENTRE-OUEST-DE-L'ÎLE-DE-MONTRÉAL,14,6,0.0
2019-2020,CIUSSS DU CENTRE-OUEST-DE-L'ÎLE-DE-MONTRÉAL,14,7,0.0
2019-2020,CIUSSS DU CENTRE-OUEST-DE-L'ÎLE-DE-MONTRÉAL,14,8,0.0
2019-2020,CIUSSS DU CENTRE-OUEST-DE-L'ÎLE-DE-MONTRÉAL,14,9,10.0
2019-2020,CIUSSS DU CENTRE-OUEST-DE-L'ÎLE-DE-MONTRÉAL,15,1,0.0
2019-2020,CIUSSS DU CENTRE-OUEST-DE-L'ÎLE-DE-MONTRÉAL,15,2,0.0
2019-2020,CIUSSS DU CENTRE-OUEST-DE-L'ÎLE-DE-MONTRÉAL,15,3,0.0
2019-2020,CIUSSS DU CENTRE-OUEST-DE-L'ÎLE-DE-MONTRÉAL,15,4,140.0
2019-2020,CIUSSS DU CENTRE-OUEST-DE-L'ÎLE-DE-MONTRÉAL,15,5,27194.0
2019-2020,CIUSSS DU CENTRE-OUEST-DE-L'ÎLE-DE-MONTRÉAL,15,6,12190.0
2019-2020,CIUSSS DU CENTRE-OUEST-DE-L'ÎLE-DE-MONTRÉAL,15,7,0.0
2019-2020,CIUSSS DU CENTRE-OUEST-DE-L'ÎLE-DE-MONTRÉAL,15,8,0.0
2019-2020,CIUSSS DU CENTRE-OUEST-DE-L'ÎLE-DE-MONTRÉAL,15,9,39524.0
2019-2020,CIUSSS DU CENTRE-OUEST-DE-L'ÎLE-DE-MONTRÉAL,16,1,0.0
2019-2020,CIUSSS DU CENTRE-OUEST-DE-L'ÎLE-DE-MONTRÉAL,16,2,0.0
2019-2020,CIUSSS DU CENTRE-OUEST-DE-L'ÎLE-DE-MONTRÉAL,16,3,0.0
2019-2020,CIUSSS DU CENTRE-OUEST-DE-L'ÎLE-DE-MONTRÉAL,16,4,0.0
2019-2020,CIUSSS DU CENTRE-OUEST-DE-L'ÎLE-DE-MONTRÉAL,16,5,0.0
2019-2020,CIUSSS DU CENTRE-OUEST-DE-L'ÎLE-DE-MONTRÉAL,16,6,6.0
2019-2020,CIUSSS DU CENTRE-OUEST-DE-L'ÎLE-DE-MONTRÉAL,16,7,0.0
2019-2020,CIUSSS DU CENTRE-OUEST-DE-L'ÎLE-DE-MONTRÉAL,16,8,0.0
2019-2020,CIUSSS DU CENTRE-OUEST-DE-L'ÎLE-DE-MONTRÉAL,16,9,6.0
2019-2020,CIUSSS DU CENTRE-OUEST-DE-L'ÎLE-DE-MONTRÉAL,17,1,0.0
2019-2020,CIUSSS DU CENTRE-OUEST-DE-L'ÎLE-DE-MONTRÉAL,17,2,0.0
2019-2020,CIUSSS DU CENTRE-OUEST-DE-L'ÎLE-DE-MONTRÉAL,17,3,0.0
2019-2020,CIUSSS DU CENTRE-OUEST-DE-L'ÎLE-DE-MONTRÉAL,17,4,0.0
2019-2020,CIUSSS DU CENTRE-OUEST-DE-L'ÎLE-DE-MONTRÉAL,17,5,0.0
2019-2020,CIUSSS DU CENTRE-OUEST-DE-L'ÎLE-DE-MONTRÉAL,17,6,2.0
2019-2020,CIUSSS DU CENTRE-OUEST-DE-L'ÎLE-DE-MONTRÉAL,17,7,0.0
2019-2020,CIUSSS DU CENTRE-OUEST-DE-L'ÎLE-DE-MONTRÉAL,17,8,0.0
2019-2020,CIUSSS DU CENTRE-OUEST-DE-L'ÎLE-DE-MONTRÉAL,17,9,2.0
2019-2020,CIUSSS DU CENTRE-OUEST-DE-L'ÎLE-DE-MONTRÉAL,18,1,0.0
2019-2020,CIUSSS DU CENTRE-OUEST-DE-L'ÎLE-DE-MONTRÉAL,18,2,0.0
2019-2020,CIUSSS DU CENTRE-OUEST-DE-L'ÎLE-DE-MONTRÉAL,18,3,0.0
2019-2020,CIUSSS DU CENTRE-OUEST-DE-L'ÎLE-DE-MONTRÉAL,18,4,0.0
2019-2020,CIUSSS DU CENTRE-OUEST-DE-L'ÎLE-DE-MONTRÉAL,18,5,0.0
2019-2020,CIUSSS DU CENTRE-OUEST-DE-L'ÎLE-DE-MONTRÉAL,18,6,4.0
2019-2020,CIUSSS DU CENTRE-OUEST-DE-L'ÎLE-DE-MONTRÉAL,18,7,0.0
2019-2020,CIUSSS DU CENTRE-OUEST-DE-L'ÎLE-DE-MONTRÉAL,18,8,0.0
2019-2020,CIUSSS DU CENTRE-OUEST-DE-L'ÎLE-DE-MONTRÉAL,18,9,4.0
2019-2020,CIUSSS DU CENTRE-OUEST-DE-L'ÎLE-DE-MONTRÉAL,19,1,0.0
2019-2020,CIUSSS DU CENTRE-OUEST-DE-L'ÎLE-DE-MONTRÉAL,19,2,0.0
2019-2020,CIUSSS DU CENTRE-OUEST-DE-L'ÎLE-DE-MONTRÉAL,19,3,0.0
2019-2020,CIUSSS DU CENTRE-OUEST-DE-L'ÎLE-DE-MONTRÉAL,19,4,0.0
2019-2020,CIUSSS DU CENTRE-OUEST-DE-L'ÎLE-DE-MONTRÉAL,19,5,0.0
2019-2020,CIUSSS DU CENTRE-OUEST-DE-L'ÎLE-DE-MONTRÉAL,19,6,2.0
2019-2020,CIUSSS DU CENTRE-OUEST-DE-L'ÎLE-DE-MONTRÉAL,19,7,0.0
2019-2020,CIUSSS DU CENTRE-OUEST-DE-L'ÎLE-DE-MONTRÉAL,19,8,0.0
2019-2020,CIUSSS DU CENTRE-OUEST-DE-L'ÎLE-DE-MONTRÉAL,19,9,2.0
2019-2020,CIUSSS DU CENTRE-SUD-DE-L'ÎLE-DE-MONTRÉAL,1,4,22.0
2019-2020,CIUSSS DU CENTRE-SUD-DE-L'ÎLE-DE-MONTRÉAL,1,5,242.0
2019-2020,CIUSSS DU CENTRE-SUD-DE-L'ÎLE-DE-MONTRÉAL,1,6,198.0
2019-2020,CIUSSS DU CENTRE-SUD-DE-L'ÎLE-DE-MONTRÉAL,1,7,26.0
2019-2020,CIUSSS DU CENTRE-SUD-DE-L'ÎLE-DE-MONTRÉAL,1,8,2.0
2019-2020,CIUSSS DU CENTRE-SUD-DE-L'ÎLE-DE-MONTRÉAL,1,9,490.0
2019-2020,CIUSSS DU CENTRE-SUD-DE-L'ÎLE-DE-MONTRÉAL,2,4,14.0
2019-2020,CIUSSS DU CENTRE-SUD-DE-L'ÎLE-DE-MONTRÉAL,2,5,172.0
2019-2020,CIUSSS DU CENTRE-SUD-DE-L'ÎLE-DE-MONTRÉAL,2,6,118.0
2019-2020,CIUSSS DU CENTRE-SUD-DE-L'ÎLE-DE-MONTRÉAL,2,7,16.0
2019-2020,CIUSSS DU CENTRE-SUD-DE-L'ÎLE-DE-MONTRÉAL,2,8,2.0
2019-2020,CIUSSS DU CENTRE-SUD-DE-L'ÎLE-DE-MONTRÉAL,2,9,322.0
2019-2020,CIUSSS DU CENTRE-SUD-DE-L'ÎLE-DE-MONTRÉAL,3,4,8.0
2019-2020,CIUSSS DU CENTRE-SUD-DE-L'ÎLE-DE-MONTRÉAL,3,5,70.0
2019-2020,CIUSSS DU CENTRE-SUD-DE-L'ÎLE-DE-MONTRÉAL,3,6,80.0
2019-2020,CIUSSS DU CENTRE-SUD-DE-L'ÎLE-DE-MONTRÉAL,3,7,10.0
2019-2020,CIUSSS DU CENTRE-SUD-DE-L'ÎLE-DE-MONTRÉAL,3,8,0.0
2019-2020,CIUSSS DU CENTRE-SUD-DE-L'ÎLE-DE-MONTRÉAL,3,9,168.0
2019-2020,CIUSSS DU CENTRE-SUD-DE-L'ÎLE-DE-MONTRÉAL,4,4,4.0
2019-2020,CIUSSS DU CENTRE-SUD-DE-L'ÎLE-DE-MONTRÉAL,4,5,24.0
2019-2020,CIUSSS DU CENTRE-SUD-DE-L'ÎLE-DE-MONTRÉAL,4,6,20.0
2019-2020,CIUSSS DU CENTRE-SUD-DE-L'ÎLE-DE-MONTRÉAL,4,7,0.0
2019-2020,CIUSSS DU CENTRE-SUD-DE-L'ÎLE-DE-MONTRÉAL,4,8,0.0
2019-2020,CIUSSS DU CENTRE-SUD-DE-L'ÎLE-DE-MONTRÉAL,4,9,48.0
2019-2020,CIUSSS DU CENTRE-SUD-DE-L'ÎLE-DE-MONTRÉAL,5,4,3066.0
2019-2020,CIUSSS DU CENTRE-SUD-DE-L'ÎLE-DE-MONTRÉAL,5,5,61722.0
2019-2020,CIUSSS DU CENTRE-SUD-DE-L'ÎLE-DE-MONTRÉAL,5,6,39266.0
2019-2020,CIUSSS DU CENTRE-SUD-DE-L'ÎLE-DE-MONTRÉAL,5,7,2456.0
2019-2020,CIUSSS DU CENTRE-SUD-DE-L'ÎLE-DE-MONTRÉAL,5,8,0.0
2019-2020,CIUSSS DU CENTRE-SUD-DE-L'ÎLE-DE-MONTRÉAL,5,9,106510.0
2019-2020,CIUSSS DU CENTRE-SUD-DE-L'ÎLE-DE-MONTRÉAL,6,3,2.0
2019-2020,CIUSSS DU CENTRE-SUD-DE-L'ÎLE-DE-MONTRÉAL,6,4,38.0
2019-2020,CIUSSS DU CENTRE-SUD-DE-L'ÎLE-DE-MONTRÉAL,6,5,468.0
2019-2020,CIUSSS DU CENTRE-SUD-DE-L'ÎLE-DE-MONTRÉAL,6,6,196.0
2019-2020,CIUSSS DU CENTRE-SUD-DE-L'ÎLE-DE-MONTRÉAL,6,7,8.0
2019-2020,CIUSSS DU CENTRE-SUD-DE-L'ÎLE-DE-MONTRÉAL,6,8,0.0
2019-2020,CIUSSS DU CENTRE-SUD-DE-L'ÎLE-DE-MONTRÉAL,6,9,712.0
2019-2020,CIUSSS DU CENTRE-SUD-DE-L'ÎLE-DE-MONTRÉAL,7,3,2.0
2019-2020,CIUSSS DU CENTRE-SUD-DE-L'ÎLE-DE-MONTRÉAL,7,4,32.0
2019-2020,CIUSSS DU CENTRE-SUD-DE-L'ÎLE-DE-MONTRÉAL,7,5,292.0
2019-2020,CIUSSS DU CENTRE-SUD-DE-L'ÎLE-DE-MONTRÉAL,7,6,136.0
2019-2020,CIUSSS DU CENTRE-SUD-DE-L'ÎLE-DE-MONTRÉAL,7,7,4.0
2019-2020,CIUSSS DU CENTRE-SUD-DE-L'ÎLE-DE-MONTRÉAL,7,8,0.0
2019-2020,CIUSSS DU CENTRE-SUD-DE-L'ÎLE-DE-MONTRÉAL,7,9,466.0
2019-2020,CIUSSS DU CENTRE-SUD-DE-L'ÎLE-DE-MONTRÉAL,8,3,0.0
2019-2020,CIUSSS DU CENTRE-SUD-DE-L'ÎLE-DE-MONTRÉAL,8,4,6.0
2019-2020,CIUSSS DU CENTRE-SUD-DE-L'ÎLE-DE-MONTRÉAL,8,5,176.0
2019-2020,CIUSSS DU CENTRE-SUD-DE-L'ÎLE-DE-MONTRÉAL,8,6,60.0
2019-2020,CIUSSS DU CENTRE-SUD-DE-L'ÎLE-DE-MONTRÉAL,8,7,4.0
2019-2020,CIUSSS DU CENTRE-SUD-DE-L'ÎLE-DE-MONTRÉAL,8,8,0.0
2019-2020,CIUSSS DU CENTRE-SUD-DE-L'ÎLE-DE-MONTRÉAL,8,9,246.0
2019-2020,CIUSSS DU CENTRE-SUD-DE-L'ÎLE-DE-MONTRÉAL,9,3,2.0
2019-2020,CIUSSS DU CENTRE-SUD-DE-L'ÎLE-DE-MONTRÉAL,9,4,10.0
2019-2020,CIUSSS DU CENTRE-SUD-DE-L'ÎLE-DE-MONTRÉAL,9,5,70.0
2019-2020,CIUSSS DU CENTRE-SUD-DE-L'ÎLE-DE-MONTRÉAL,9,6,32.0
2019-2020,CIUSSS DU CENTRE-SUD-DE-L'ÎLE-DE-MONTRÉAL,9,7,2.0
2019-2020,CIUSSS DU CENTRE-SUD-DE-L'ÎLE-DE-MONTRÉAL,9,8,0.0
2019-2020,CIUSSS DU CENTRE-SUD-DE-L'ÎLE-DE-MONTRÉAL,9,9,116.0
2019-2020,CIUSSS DU CENTRE-SUD-DE-L'ÎLE-DE-MONTRÉAL,10,3,0.0
2019-2020,CIUSSS DU CENTRE-SUD-DE-L'ÎLE-DE-MONTRÉAL,10,4,6956.0
2019-2020,CIUSSS DU CENTRE-SUD-DE-L'ÎLE-DE-MONTRÉAL,10,5,125016.0
2019-2020,CIUSSS DU CENTRE-SUD-DE-L'ÎLE-DE-MONTRÉAL,10,6,53030.0
2019-2020,CIUSSS DU CENTRE-SUD-DE-L'ÎLE-DE-MONTRÉAL,10,7,1806.0
2019-2020,CIUSSS DU CENTRE-SUD-DE-L'ÎLE-DE-MONTRÉAL,10,8,0.0
2019-2020,CIUSSS DU CENTRE-SUD-DE-L'ÎLE-DE-MONTRÉAL,10,9,186808.0
2019-2020,CIUSSS DU CENTRE-SUD-DE-L'ÎLE-DE-MONTRÉAL,11,3,2.0
2019-2020,CIUSSS DU CENTRE-SUD-DE-L'ÎLE-DE-MONTRÉAL,11,4,16.0
2019-2020,CIUSSS DU CENTRE-SUD-DE-L'ÎLE-DE-MONTRÉAL,11,5,704.0
2019-2020,CIUSSS DU CENTRE-SUD-DE-L'ÎLE-DE-MONTRÉAL,11,6,430.0
2019-2020,CIUSSS DU CENTRE-SUD-DE-L'ÎLE-DE-MONTRÉAL,11,7,14.0
2019-2020,CIUSSS DU CENTRE-SUD-DE-L'ÎLE-DE-MONTRÉAL,11,8,0.0
2019-2020,CIUSSS DU CENTRE-SUD-DE-L'ÎLE-DE-MONTRÉAL,11,9,1166.0
2019-2020,CIUSSS DU CENTRE-SUD-DE-L'ÎLE-DE-MONTRÉAL,12,3,2.0
2019-2020,CIUSSS DU CENTRE-SUD-DE-L'ÎLE-DE-MONTRÉAL,12,4,14.0
2019-2020,CIUSSS DU CENTRE-SUD-DE-L'ÎLE-DE-MONTRÉAL,12,5,432.0
2019-2020,CIUSSS DU CENTRE-SUD-DE-L'ÎLE-DE-MONTRÉAL,12,6,238.0
2019-2020,CIUSSS DU CENTRE-SUD-DE-L'ÎLE-DE-MONTRÉAL,12,7,4.0
2019-2020,CIUSSS DU CENTRE-SUD-DE-L'ÎLE-DE-MONTRÉAL,12,8,0.0
2019-2020,CIUSSS DU CENTRE-SUD-DE-L'ÎLE-DE-MONTRÉAL,12,9,690.0
2019-2020,CIUSSS DU CENTRE-SUD-DE-L'ÎLE-DE-MONTRÉAL,13,3,0.0
2019-2020,CIUSSS DU CENTRE-SUD-DE-L'ÎLE-DE-MONTRÉAL,13,4,2.0
2019-2020,CIUSSS DU CENTRE-SUD-DE-L'ÎLE-DE-MONTRÉAL,13,5,272.0
2019-2020,CIUSSS DU CENTRE-SUD-DE-L'ÎLE-DE-MONTRÉAL,13,6,192.0
2019-2020,CIUSSS DU CENTRE-SUD-DE-L'ÎLE-DE-MONTRÉAL,13,7,10.0
2019-2020,CIUSSS DU CENTRE-SUD-DE-L'ÎLE-DE-MONTRÉAL,13,8,0.0
2019-2020,CIUSSS DU CENTRE-SUD-DE-L'ÎLE-DE-MONTRÉAL,13,9,476.0
2019-2020,CIUSSS DU CENTRE-SUD-DE-L'ÎLE-DE-MONTRÉAL,14,3,0.0
2019-2020,CIUSSS DU CENTRE-SUD-DE-L'ÎLE-DE-MONTRÉAL,14,4,2.0
2019-2020,CIUSSS DU CENTRE-SUD-DE-L'ÎLE-DE-MONTRÉAL,14,5,58.0
2019-2020,CIUSSS DU CENTRE-SUD-DE-L'ÎLE-DE-MONTRÉAL,14,6,50.0
2019-2020,CIUSSS DU CENTRE-SUD-DE-L'ÎLE-DE-MONTRÉAL,14,7,2.0
2019-2020,CIUSSS DU CENTRE-SUD-DE-L'ÎLE-DE-MONTRÉAL,14,8,0.0
2019-2020,CIUSSS DU CENTRE-SUD-DE-L'ÎLE-DE-MONTRÉAL,14,9,112.0
2019-2020,CIUSSS DU CENTRE-SUD-DE-L'ÎLE-DE-MONTRÉAL,15,3,230.0
2019-2020,CIUSSS DU CENTRE-SUD-DE-L'ÎLE-DE-MONTRÉAL,15,4,2556.0
2019-2020,CIUSSS DU CENTRE-SUD-DE-L'ÎLE-DE-MONTRÉAL,15,5,181808.0
2019-2020,CIUSSS DU CENTRE-SUD-DE-L'ÎLE-DE-MONTRÉAL,15,6,119994.0
2019-2020,CIUSSS DU CENTRE-SUD-DE-L'ÎLE-DE-MONTRÉAL,15,7,3430.0
2019-2020,CIUSSS DU CENTRE-SUD-DE-L'ÎLE-DE-MONTRÉAL,15,8,0.0
2019-2020,CIUSSS DU CENTRE-SUD-DE-L'ÎLE-DE-MONTRÉAL,15,9,308018.0
2019-2020,CIUSSS de l'Estrie  CHUS,1,1,0.0
2019-2020,CIUSSS de l'Estrie  CHUS,1,2,0.0
2019-2020,CIUSSS de l'Estrie  CHUS,1,3,0.0
2019-2020,CIUSSS de l'Estrie  CHUS,1,4,8.0
2019-2020,CIUSSS de l'Estrie  CHUS,1,5,82.0
2019-2020,CIUSSS de l'Estrie  CHUS,1,6,28.0
2019-2020,CIUSSS de l'Estrie  CHUS,1,7,8.0
2019-2020,CIUSSS de l'Estrie  CHUS,1,8,0.0
2019-2020,CIUSSS de l'Estrie  CHUS,1,9,126.0
2019-2020,CIUSSS de l'Estrie  CHUS,2,1,0.0
2019-2020,CIUSSS de l'Estrie  CHUS,2,2,0.0
2019-2020,CIUSSS de l'Estrie  CHUS,2,3,0.0
2019-2020,CIUSSS de l'Estrie  CHUS,2,4,4.0
2019-2020,CIUSSS de l'Estrie  CHUS,2,5,62.0
2019-2020,CIUSSS de l'Estrie  CHUS,2,6,10.0
2019-2020,CIUSSS de l'Estrie  CHUS,2,7,2.0
2019-2020,CIUSSS de l'Estrie  CHUS,2,8,0.0
2019-2020,CIUSSS de l'Estrie  CHUS,2,9,78.0
2019-2020,CIUSSS de l'Estrie  CHUS,3,1,0.0
2019-2020,CIUSSS de l'Estrie  CHUS,3,2,0.0
2019-2020,CIUSSS de l'Estrie  CHUS,3,3,0.0
2019-2020,CIUSSS de l'Estrie  CHUS,3,4,4.0
2019-2020,CIUSSS de l'Estrie  CHUS,3,5,20.0
2019-2020,CIUSSS de l'Estrie  CHUS,3,6,18.0
2019-2020,CIUSSS de l'Estrie  CHUS,3,7,6.0
2019-2020,CIUSSS de l'Estrie  CHUS,3,8,0.0
2019-2020,CIUSSS de l'Estrie  CHUS,3,9,48.0
2019-2020,CIUSSS de l'Estrie  CHUS,4,1,0.0
2019-2020,CIUSSS de l'Estrie  CHUS,4,2,0.0
2019-2020,CIUSSS de l'Estrie  CHUS,4,3,0.0
2019-2020,CIUSSS de l'Estrie  CHUS,4,4,0.0
2019-2020,CIUSSS de l'Estrie  CHUS,4,5,10.0
2019-2020,CIUSSS de l'Estrie  CHUS,4,6,8.0
2019-2020,CIUSSS de l'Estrie  CHUS,4,7,0.0
2019-2020,CIUSSS de l'Estrie  CHUS,4,8,0.0
2019-2020,CIUSSS de l'Estrie  CHUS,4,9,18.0
2019-2020,CIUSSS de l'Estrie  CHUS,5,1,0.0
2019-2020,CIUSSS de l'Estrie  CHUS,5,2,0.0
2019-2020,CIUSSS de l'Estrie  CHUS,5,3,0.0
2019-2020,CIUSSS de l'Estrie  CHUS,5,4,638.0
2019-2020,CIUSSS de l'Estrie  CHUS,5,5,10406.0
2019-2020,CIUSSS de l'Estrie  CHUS,5,6,4190.0
2019-2020,CIUSSS de l'Estrie  CHUS,5,7,1408.0
2019-2020,CIUSSS de l'Estrie  CHUS,5,8,0.0
2019-2020,CIUSSS de l'Estrie  CHUS,5,9,16642.0
2019-2020,CIUSSS de l'Estrie  CHUS,6,1,0.0
2019-2020,CIUSSS de l'Estrie  CHUS,6,2,0.0
2019-2020,CIUSSS de l'Estrie  CHUS,6,3,2.0
2019-2020,CIUSSS de l'Estrie  CHUS,6,4,10.0
2019-2020,CIUSSS de l'Estrie  CHUS,6,5,202.0
2019-2020,CIUSSS de l'Estrie  CHUS,6,6,98.0
2019-2020,CIUSSS de l'Estrie  CHUS,6,7,4.0
2019-2020,CIUSSS de l'Estrie  CHUS,6,8,0.0
2019-2020,CIUSSS de l'Estrie  CHUS,6,9,316.0
2019-2020,CIUSSS de l'Estrie  CHUS,7,1,0.0
2019-2020,CIUSSS de l'Estrie  CHUS,7,2,0.0
2019-2020,CIUSSS de l'Estrie  CHUS,7,3,2.0
2019-2020,CIUSSS de l'Estrie  CHUS,7,4,8.0
2019-2020,CIUSSS de l'Estrie  CHUS,7,5,124.0
2019-2020,CIUSSS de l'Estrie  CHUS,7,6,64.0
2019-2020,CIUSSS de l'Estrie  CHUS,7,7,0.0
2019-2020,CIUSSS de l'Estrie  CHUS,7,8,0.0
2019-2020,CIUSSS de l'Estrie  CHUS,7,9,198.0
2019-2020,CIUSSS de l'Estrie  CHUS,8,1,0.0
2019-2020,CIUSSS de l'Estrie  CHUS,8,2,0.0
2019-2020,CIUSSS de l'Estrie  CHUS,8,3,0.0
2019-2020,CIUSSS de l'Estrie  CHUS,8,4,2.0
2019-2020,CIUSSS de l'Estrie  CHUS,8,5,78.0
2019-2020,CIUSSS de l'Estrie  CHUS,8,6,34.0
2019-2020,CIUSSS de l'Estrie  CHUS,8,7,4.0
2019-2020,CIUSSS de l'Estrie  CHUS,8,8,0.0
2019-2020,CIUSSS de l'Estrie  CHUS,8,9,118.0
2019-2020,CIUSSS de l'Estrie  CHUS,9,1,0.0
2019-2020,CIUSSS de l'Estrie  CHUS,9,2,0.0
2019-2020,CIUSSS de l'Estrie  CHUS,9,3,2.0
2019-2020,CIUSSS de l'Estrie  CHUS,9,4,4.0
2019-2020,CIUSSS de l'Estrie  CHUS,9,5,32.0
2019-2020,CIUSSS de l'Estrie  CHUS,9,6,6.0
2019-2020,CIUSSS de l'Estrie  CHUS,9,7,0.0
2019-2020,CIUSSS de l'Estrie  CHUS,9,8,0.0
2019-2020,CIUSSS de l'Estrie  CHUS,9,9,44.0
2019-2020,CIUSSS de l'Estrie  CHUS,10,1,0.0
2019-2020,CIUSSS de l'Estrie  CHUS,10,2,0.0
2019-2020,CIUSSS de l'Estrie  CHUS,10,3,0.0
2019-2020,CIUSSS de l'Estrie  CHUS,10,4,1386.0
2019-2020,CIUSSS de l'Estrie  CHUS,10,5,36374.0
2019-2020,CIUSSS de l'Estrie  CHUS,10,6,22940.0
2019-2020,CIUSSS de l'Estrie  CHUS,10,7,648.0
2019-2020,CIUSSS de l'Estrie  CHUS,10,8,0.0
2019-2020,CIUSSS de l'Estrie  CHUS,10,9,61348.0
2019-2020,CIUSSS de l'Estrie  CHUS,11,1,0.0
2019-2020,CIUSSS de l'Estrie  CHUS,11,2,0.0
2019-2020,CIUSSS de l'Estrie  CHUS,11,3,0.0
2019-2020,CIUSSS de l'Estrie  CHUS,11,4,6.0
2019-2020,CIUSSS de l'Estrie  CHUS,11,5,216.0
2019-2020,CIUSSS de l'Estrie  CHUS,11,6,140.0
2019-2020,CIUSSS de l'Estrie  CHUS,11,7,14.0
2019-2020,CIUSSS de l'Estrie  CHUS,11,8,0.0
2019-2020,CIUSSS de l'Estrie  CHUS,11,9,376.0
2019-2020,CIUSSS de l'Estrie  CHUS,12,1,0.0
2019-2020,CIUSSS de l'Estrie  CHUS,12,2,0.0
2019-2020,CIUSSS de l'Estrie  CHUS,12,3,0.0
2019-2020,CIUSSS de l'Estrie  CHUS,12,4,6.0
2019-2020,CIUSSS de l'Estrie  CHUS,12,5,120.0
2019-2020,CIUSSS de l'Estrie  CHUS,12,6,88.0
2019-2020,CIUSSS de l'Estrie  CHUS,12,7,6.0
2019-2020,CIUSSS de l'Estrie  CHUS,12,8,0.0
2019-2020,CIUSSS de l'Estrie  CHUS,12,9,220.0
2019-2020,CIUSSS de l'Estrie  CHUS,13,1,0.0
2019-2020,CIUSSS de l'Estrie  CHUS,13,2,0.0
2019-2020,CIUSSS de l'Estrie  CHUS,13,3,0.0
2019-2020,CIUSSS de l'Estrie  CHUS,13,4,0.0
2019-2020,CIUSSS de l'Estrie  CHUS,13,5,96.0
2019-2020,CIUSSS de l'Estrie  CHUS,13,6,52.0
2019-2020,CIUSSS de l'Estrie  CHUS,13,7,8.0
2019-2020,CIUSSS de l'Estrie  CHUS,13,8,0.0
2019-2020,CIUSSS de l'Estrie  CHUS,13,9,156.0
2019-2020,CIUSSS de l'Estrie  CHUS,14,1,0.0
2019-2020,CIUSSS de l'Estrie  CHUS,14,2,0.0
2019-2020,CIUSSS de l'Estrie  CHUS,14,3,0.0
2019-2020,CIUSSS de l'Estrie  CHUS,14,4,2.0
2019-2020,CIUSSS de l'Estrie  CHUS,14,5,14.0
2019-2020,CIUSSS de l'Estrie  CHUS,14,6,18.0
2019-2020,CIUSSS de l'Estrie  CHUS,14,7,0.0
2019-2020,CIUSSS de l'Estrie  CHUS,14,8,0.0
2019-2020,CIUSSS de l'Estrie  CHUS,14,9,34.0
2019-2020,CIUSSS de l'Estrie  CHUS,15,1,0.0
2019-2020,CIUSSS de l'Estrie  CHUS,15,2,0.0
2019-2020,CIUSSS de l'Estrie  CHUS,15,3,0.0
2019-2020,CIUSSS de l'Estrie  CHUS,15,4,396.0
2019-2020,CIUSSS de l'Estrie  CHUS,15,5,32168.0
2019-2020,CIUSSS de l'Estrie  CHUS,15,6,23346.0
2019-2020,CIUSSS de l'Estrie  CHUS,15,7,2764.0
2019-2020,CIUSSS de l'Estrie  CHUS,15,8,0.0
2019-2020,CIUSSS de l'Estrie  CHUS,15,9,58674.0
2019-2020,CIUSSS de l'Estrie  CHUS,16,1,0.0
2019-2020,CIUSSS de l'Estrie  CHUS,16,2,0.0
2019-2020,CIUSSS de l'Estrie  CHUS,16,3,0.0
2019-2020,CIUSSS de l'Estrie  CHUS,16,4,0.0
2019-2020,CIUSSS de l'Estrie  CHUS,16,5,2.0
2019-2020,CIUSSS de l'Estrie  CHUS,16,6,0.0
2019-2020,CIUSSS de l'Estrie  CHUS,16,7,0.0
2019-2020,CIUSSS de l'Estrie  CHUS,16,8,0.0
2019-2020,CIUSSS de l'Estrie  CHUS,16,9,2.0
2019-2020,CIUSSS de l'Estrie  CHUS,17,1,0.0
2019-2020,CIUSSS de l'Estrie  CHUS,17,2,0.0
2019-2020,CIUSSS de l'Estrie  CHUS,17,3,0.0
2019-2020,CIUSSS de l'Estrie  CHUS,17,4,0.0
2019-2020,CIUSSS de l'Estrie  CHUS,17,5,0.0
2019-2020,CIUSSS de l'Estrie  CHUS,17,6,0.0
2019-2020,CIUSSS de l'Estrie  CHUS,17,7,0.0
2019-2020,CIUSSS de l'Estrie  CHUS,17,8,0.0
2019-2020,CIUSSS de l'Estrie  CHUS,17,9,0.0
2019-2020,CIUSSS de l'Estrie  CHUS,18,1,0.0
2019-2020,CIUSSS de l'Estrie  CHUS,18,2,0.0
2019-2020,CIUSSS de l'Estrie  CHUS,18,3,0.0
2019-2020,CIUSSS de l'Estrie  CHUS,18,4,0.0
2019-2020,CIUSSS de l'Estrie  CHUS,18,5,2.0
2019-2020,CIUSSS de l'Estrie  CHUS,18,6,0.0
2019-2020,CIUSSS de l'Estrie  CHUS,18,7,0.0
2019-2020,CIUSSS de l'Estrie  CHUS,18,8,0.0
2019-2020,CIUSSS de l'Estrie  CHUS,18,9,2.0
2019-2020,CIUSSS de l'Estrie  CHUS,19,1,0.0
2019-2020,CIUSSS de l'Estrie  CHUS,19,2,0.0
2019-2020,CIUSSS de l'Estrie  CHUS,19,3,0.0
2019-2020,CIUSSS de l'Estrie  CHUS,19,4,0.0
2019-2020,CIUSSS de l'Estrie  CHUS,19,5,2.0
2019-2020,CIUSSS de l'Estrie  CHUS,19,6,0.0
2019-2020,CIUSSS de l'Estrie  CHUS,19,7,0.0
2019-2020,CIUSSS de l'Estrie  CHUS,19,8,0.0
2019-2020,CIUSSS de l'Estrie  CHUS,19,9,2.0
2019-2020,CIUSSS de l'Ouest-de-l'Île-de-Montréal,1,1,0.0
2019-2020,CIUSSS de l'Ouest-de-l'Île-de-Montréal,1,2,0.0
2019-2020,CIUSSS de l'Ouest-de-l'Île-de-Montréal,1,3,0.0
2019-2020,CIUSSS de l'Ouest-de-l'Île-de-Montréal,1,4,4.0
2019-2020,CIUSSS de l'Ouest-de-l'Île-de-Montréal,1,5,82.0
2019-2020,CIUSSS de l'Ouest-de-l'Île-de-Montréal,1,6,20.0
2019-2020,CIUSSS de l'Ouest-de-l'Île-de-Montréal,1,7,0.0
2019-2020,CIUSSS de l'Ouest-de-l'Île-de-Montréal,1,8,0.0
2019-2020,CIUSSS de l'Ouest-de-l'Île-de-Montréal,1,9,106.0
2019-2020,CIUSSS de l'Ouest-de-l'Île-de-Montréal,2,1,0.0
2019-2020,CIUSSS de l'Ouest-de-l'Île-de-Montréal,2,2,0.0
2019-2020,CIUSSS de l'Ouest-de-l'Île-de-Montréal,2,3,0.0
2019-2020,CIUSSS de l'Ouest-de-l'Île-de-Montréal,2,4,4.0
2019-2020,CIUSSS de l'Ouest-de-l'Île-de-Montréal,2,5,68.0
2019-2020,CIUSSS de l'Ouest-de-l'Île-de-Montréal,2,6,14.0
2019-2020,CIUSSS de l'Ouest-de-l'Île-de-Montréal,2,7,0.0
2019-2020,CIUSSS de l'Ouest-de-l'Île-de-Montréal,2,8,0.0
2019-2020,CIUSSS de l'Ouest-de-l'Île-de-Montréal,2,9,86.0
2019-2020,CIUSSS de l'Ouest-de-l'Île-de-Montréal,3,1,0.0
2019-2020,CIUSSS de l'Ouest-de-l'Île-de-Montréal,3,2,0.0
2019-2020,CIUSSS de l'Ouest-de-l'Île-de-Montréal,3,3,0.0
2019-2020,CIUSSS de l'Ouest-de-l'Île-de-Montréal,3,4,0.0
2019-2020,CIUSSS de l'Ouest-de-l'Île-de-Montréal,3,5,14.0
2019-2020,CIUSSS de l'Ouest-de-l'Île-de-Montréal,3,6,6.0
2019-2020,CIUSSS de l'Ouest-de-l'Île-de-Montréal,3,7,0.0
2019-2020,CIUSSS de l'Ouest-de-l'Île-de-Montréal,3,8,0.0
2019-2020,CIUSSS de l'Ouest-de-l'Île-de-Montréal,3,9,20.0
2019-2020,CIUSSS de l'Ouest-de-l'Île-de-Montréal,4,1,0.0
2019-2020,CIUSSS de l'Ouest-de-l'Île-de-Montréal,4,2,0.0
2019-2020,CIUSSS de l'Ouest-de-l'Île-de-Montréal,4,3,0.0
2019-2020,CIUSSS de l'Ouest-de-l'Île-de-Montréal,4,4,0.0
2019-2020,CIUSSS de l'Ouest-de-l'Île-de-Montréal,4,5,4.0
2019-2020,CIUSSS de l'Ouest-de-l'Île-de-Montréal,4,6,4.0
2019-2020,CIUSSS de l'Ouest-de-l'Île-de-Montréal,4,7,0.0
2019-2020,CIUSSS de l'Ouest-de-l'Île-de-Montréal,4,8,0.0
2019-2020,CIUSSS de l'Ouest-de-l'Île-de-Montréal,4,9,8.0
2019-2020,CIUSSS de l'Ouest-de-l'Île-de-Montréal,5,1,0.0
2019-2020,CIUSSS de l'Ouest-de-l'Île-de-Montréal,5,2,0.0
2019-2020,CIUSSS de l'Ouest-de-l'Île-de-Montréal,5,3,0.0
2019-2020,CIUSSS de l'Ouest-de-l'Île-de-Montréal,5,4,544.0
2019-2020,CIUSSS de l'Ouest-de-l'Île-de-Montréal,5,5,23182.0
2019-2020,CIUSSS de l'Ouest-de-l'Île-de-Montréal,5,6,6896.0
2019-2020,CIUSSS de l'Ouest-de-l'Île-de-Montréal,5,7,0.0
2019-2020,CIUSSS de l'Ouest-de-l'Île-de-Montréal,5,8,0.0
2019-2020,CIUSSS de l'Ouest-de-l'Île-de-Montréal,5,9,30622.0
2019-2020,CIUSSS de l'Ouest-de-l'Île-de-Montréal,6,1,0.0
2019-2020,CIUSSS de l'Ouest-de-l'Île-de-Montréal,6,2,0.0
2019-2020,CIUSSS de l'Ouest-de-l'Île-de-Montréal,6,3,0.0
2019-2020,CIUSSS de l'Ouest-de-l'Île-de-Montréal,6,4,4.0
2019-2020,CIUSSS de l'Ouest-de-l'Île-de-Montréal,6,5,170.0
2019-2020,CIUSSS de l'Ouest-de-l'Île-de-Montréal,6,6,110.0
2019-2020,CIUSSS de l'Ouest-de-l'Île-de-Montréal,6,7,0.0
2019-2020,CIUSSS de l'Ouest-de-l'Île-de-Montréal,6,8,0.0
2019-2020,CIUSSS de l'Ouest-de-l'Île-de-Montréal,6,9,284.0
2019-2020,CIUSSS de l'Ouest-de-l'Île-de-Montréal,7,1,0.0
2019-2020,CIUSSS de l'Ouest-de-l'Île-de-Montréal,7,2,0.0
2019-2020,CIUSSS de l'Ouest-de-l'Île-de-Montréal,7,3,0.0
2019-2020,CIUSSS de l'Ouest-de-l'Île-de-Montréal,7,4,2.0
2019-2020,CIUSSS de l'Ouest-de-l'Île-de-Montréal,7,5,102.0
2019-2020,CIUSSS de l'Ouest-de-l'Île-de-Montréal,7,6,72.0
2019-2020,CIUSSS de l'Ouest-de-l'Île-de-Montréal,7,7,0.0
2019-2020,CIUSSS de l'Ouest-de-l'Île-de-Montréal,7,8,0.0
2019-2020,CIUSSS de l'Ouest-de-l'Île-de-Montréal,7,9,176.0
2019-2020,CIUSSS de l'Ouest-de-l'Île-de-Montréal,8,1,0.0
2019-2020,CIUSSS de l'Ouest-de-l'Île-de-Montréal,8,2,0.0
2019-2020,CIUSSS de l'Ouest-de-l'Île-de-Montréal,8,3,0.0
2019-2020,CIUSSS de l'Ouest-de-l'Île-de-Montréal,8,4,2.0
2019-2020,CIUSSS de l'Ouest-de-l'Île-de-Montréal,8,5,68.0
2019-2020,CIUSSS de l'Ouest-de-l'Île-de-Montréal,8,6,38.0
2019-2020,CIUSSS de l'Ouest-de-l'Île-de-Montréal,8,7,0.0
2019-2020,CIUSSS de l'Ouest-de-l'Île-de-Montréal,8,8,0.0
2019-2020,CIUSSS de l'Ouest-de-l'Île-de-Montréal,8,9,108.0
2019-2020,CIUSSS de l'Ouest-de-l'Île-de-Montréal,9,1,0.0
2019-2020,CIUSSS de l'Ouest-de-l'Île-de-Montréal,9,2,0.0
2019-2020,CIUSSS de l'Ouest-de-l'Île-de-Montréal,9,3,0.0
2019-2020,CIUSSS de l'Ouest-de-l'Île-de-Montréal,9,4,0.0
2019-2020,CIUSSS de l'Ouest-de-l'Île-de-Montréal,9,5,22.0
2019-2020,CIUSSS de l'Ouest-de-l'Île-de-Montréal,9,6,16.0
2019-2020,CIUSSS de l'Ouest-de-l'Île-de-Montréal,9,7,0.0
2019-2020,CIUSSS de l'Ouest-de-l'Île-de-Montréal,9,8,0.0
2019-2020,CIUSSS de l'Ouest-de-l'Île-de-Montréal,9,9,38.0
2019-2020,CIUSSS de l'Ouest-de-l'Île-de-Montréal,10,1,0.0
2019-2020,CIUSSS de l'Ouest-de-l'Île-de-Montréal,10,2,0.0
2019-2020,CIUSSS de l'Ouest-de-l'Île-de-Montréal,10,3,0.0
2019-2020,CIUSSS de l'Ouest-de-l'Île-de-Montréal,10,4,1022.0
2019-2020,CIUSSS de l'Ouest-de-l'Île-de-Montréal,10,5,41060.0
2019-2020,CIUSSS de l'Ouest-de-l'Île-de-Montréal,10,6,30660.0
2019-2020,CIUSSS de l'Ouest-de-l'Île-de-Montréal,10,7,0.0
2019-2020,CIUSSS de l'Ouest-de-l'Île-de-Montréal,10,8,0.0
2019-2020,CIUSSS de l'Ouest-de-l'Île-de-Montréal,10,9,72742.0
2019-2020,CIUSSS de l'Ouest-de-l'Île-de-Montréal,11,1,0.0
2019-2020,CIUSSS de l'Ouest-de-l'Île-de-Montréal,11,2,0.0
2019-2020,CIUSSS de l'Ouest-de-l'Île-de-Montréal,11,3,0.0
2019-2020,CIUSSS de l'Ouest-de-l'Île-de-Montréal,11,4,12.0
2019-2020,CIUSSS de l'Ouest-de-l'Île-de-Montréal,11,5,398.0
2019-2020,CIUSSS de l'Ouest-de-l'Île-de-Montréal,11,6,180.0
2019-2020,CIUSSS de l'Ouest-de-l'Île-de-Montréal,11,7,14.0
2019-2020,CIUSSS de l'Ouest-de-l'Île-de-Montréal,11,8,0.0
2019-2020,CIUSSS de l'Ouest-de-l'Île-de-Montréal,11,9,604.0
2019-2020,CIUSSS de l'Ouest-de-l'Île-de-Montréal,12,1,0.0
2019-2020,CIUSSS de l'Ouest-de-l'Île-de-Montréal,12,2,0.0
2019-2020,CIUSSS de l'Ouest-de-l'Île-de-Montréal,12,3,0.0
2019-2020,CIUSSS de l'Ouest-de-l'Île-de-Montréal,12,4,10.0
2019-2020,CIUSSS de l'Ouest-de-l'Île-de-Montréal,12,5,244.0
2019-2020,CIUSSS de l'Ouest-de-l'Île-de-Montréal,12,6,106.0
2019-2020,CIUSSS de l'Ouest-de-l'Île-de-Montréal,12,7,4.0
2019-2020,CIUSSS de l'Ouest-de-l'Île-de-Montréal,12,8,0.0
2019-2020,CIUSSS de l'Ouest-de-l'Île-de-Montréal,12,9,364.0
2019-2020,CIUSSS de l'Ouest-de-l'Île-de-Montréal,13,1,0.0
2019-2020,CIUSSS de l'Ouest-de-l'Île-de-Montréal,13,2,0.0
2019-2020,CIUSSS de l'Ouest-de-l'Île-de-Montréal,13,3,0.0
2019-2020,CIUSSS de l'Ouest-de-l'Île-de-Montréal,13,4,2.0
2019-2020,CIUSSS de l'Ouest-de-l'Île-de-Montréal,13,5,154.0
2019-2020,CIUSSS de l'Ouest-de-l'Île-de-Montréal,13,6,74.0
2019-2020,CIUSSS de l'Ouest-de-l'Île-de-Montréal,13,7,10.0
2019-2020,CIUSSS de l'Ouest-de-l'Île-de-Montréal,13,8,0.0
2019-2020,CIUSSS de l'Ouest-de-l'Île-de-Montréal,13,9,240.0
2019-2020,CIUSSS de l'Ouest-de-l'Île-de-Montréal,14,1,0.0
2019-2020,CIUSSS de l'Ouest-de-l'Île-de-Montréal,14,2,0.0
2019-2020,CIUSSS de l'Ouest-de-l'Île-de-Montréal,14,3,0.0
2019-2020,CIUSSS de l'Ouest-de-l'Île-de-Montréal,14,4,2.0
2019-2020,CIUSSS de l'Ouest-de-l'Île-de-Montréal,14,5,52.0
2019-2020,CIUSSS de l'Ouest-de-l'Île-de-Montréal,14,6,12.0
2019-2020,CIUSSS de l'Ouest-de-l'Île-de-Montréal,14,7,6.0
2019-2020,CIUSSS de l'Ouest-de-l'Île-de-Montréal,14,8,0.0
2019-2020,CIUSSS de l'Ouest-de-l'Île-de-Montréal,14,9,72.0
2019-2020,CIUSSS de l'Ouest-de-l'Île-de-Montréal,15,1,0.0
2019-2020,CIUSSS de l'Ouest-de-l'Île-de-Montréal,15,2,0.0
2019-2020,CIUSSS de l'Ouest-de-l'Île-de-Montréal,15,3,0.0
2019-2020,CIUSSS de l'Ouest-de-l'Île-de-Montréal,15,4,1926.0
2019-2020,CIUSSS de l'Ouest-de-l'Île-de-Montréal,15,5,100888.0
2019-2020,CIUSSS de l'Ouest-de-l'Île-de-Montréal,15,6,51914.0
2019-2020,CIUSSS de l'Ouest-de-l'Île-de-Montréal,15,7,2386.0
2019-2020,CIUSSS de l'Ouest-de-l'Île-de-Montréal,15,8,0.0
2019-2020,CIUSSS de l'Ouest-de-l'Île-de-Montréal,15,9,157114.0
2019-2020,CIUSSS de l'Ouest-de-l'Île-de-Montréal,16,1,0.0
2019-2020,CIUSSS de l'Ouest-de-l'Île-de-Montréal,16,2,0.0
2019-2020,CIUSSS de l'Ouest-de-l'Île-de-Montréal,16,3,0.0
2019-2020,CIUSSS de l'Ouest-de-l'Île-de-Montréal,16,4,0.0
2019-2020,CIUSSS de l'Ouest-de-l'Île-de-Montréal,16,5,26.0
2019-2020,CIUSSS de l'Ouest-de-l'Île-de-Montréal,16,6,22.0
2019-2020,CIUSSS de l'Ouest-de-l'Île-de-Montréal,16,7,0.0
2019-2020,CIUSSS de l'Ouest-de-l'Île-de-Montréal,16,8,0.0
2019-2020,CIUSSS de l'Ouest-de-l'Île-de-Montréal,16,9,48.0
2019-2020,CIUSSS de l'Ouest-de-l'Île-de-Montréal,17,1,0.0
2019-2020,CIUSSS de l'Ouest-de-l'Île-de-Montréal,17,2,0.0
2019-2020,CIUSSS de l'Ouest-de-l'Île-de-Montréal,17,3,0.0
2019-2020,CIUSSS de l'Ouest-de-l'Île-de-Montréal,17,4,0.0
2019-2020,CIUSSS de l'Ouest-de-l'Île-de-Montréal,17,5,22.0
2019-2020,CIUSSS de l'Ouest-de-l'Île-de-Montréal,17,6,16.0
2019-2020,CIUSSS de l'Ouest-de-l'Île-de-Montréal,17,7,0.0
2019-2020,CIUSSS de l'Ouest-de-l'Île-de-Montréal,17,8,0.0
2019-2020,CIUSSS de l'Ouest-de-l'Île-de-Montréal,17,9,38.0
2019-2020,CIUSSS de l'Ouest-de-l'Île-de-Montréal,18,1,0.0
2019-2020,CIUSSS de l'Ouest-de-l'Île-de-Montréal,18,2,0.0
2019-2020,CIUSSS de l'Ouest-de-l'Île-de-Montréal,18,3,0.0
2019-2020,CIUSSS de l'Ouest-de-l'Île-de-Montréal,18,4,0.0
2019-2020,CIUSSS de l'Ouest-de-l'Île-de-Montréal,18,5,4.0
2019-2020,CIUSSS de l'Ouest-de-l'Île-de-Montréal,18,6,6.0
2019-2020,CIUSSS de l'Ouest-de-l'Île-de-Montréal,18,7,0.0
2019-2020,CIUSSS de l'Ouest-de-l'Île-de-Montréal,18,8,0.0
2019-2020,CIUSSS de l'Ouest-de-l'Île-de-Montréal,18,9,10.0
2019-2020,CIUSSS de l'Ouest-de-l'Île-de-Montréal,19,1,0.0
2019-2020,CIUSSS de l'Ouest-de-l'Île-de-Montréal,19,2,0.0
2019-2020,CIUSSS de l'Ouest-de-l'Île-de-Montréal,19,3,0.0
2019-2020,CIUSSS de l'Ouest-de-l'Île-de-Montréal,19,4,0.0
2019-2020,CIUSSS de l'Ouest-de-l'Île-de-Montréal,19,5,6.0
2019-2020,CIUSSS de l'Ouest-de-l'Île-de-Montréal,19,6,4.0
2019-2020,CIUSSS de l'Ouest-de-l'Île-de-Montréal,19,7,0.0
2019-2020,CIUSSS de l'Ouest-de-l'Île-de-Montréal,19,8,0.0
2019-2020,CIUSSS de l'Ouest-de-l'Île-de-Montréal,19,9,10.0
2019-2020,CIUSSS de la Capitale-Nationale,1,1,0.0
2019-2020,CIUSSS de la Capitale-Nationale,1,2,0.0
2019-2020,CIUSSS de la Capitale-Nationale,1,3,0.0
2019-2020,CIUSSS de la Capitale-Nationale,1,4,20.0
2019-2020,CIUSSS de la Capitale-Nationale,1,5,190.0
2019-2020,CIUSSS de la Capitale-Nationale,1,6,146.0
2019-2020,CIUSSS de la Capitale-Nationale,1,7,22.0
2019-2020,CIUSSS de la Capitale-Nationale,1,8,0.0
2019-2020,CIUSSS de la Capitale-Nationale,1,9,378.0
2019-2020,CIUSSS de la Capitale-Nationale,2,1,0.0
2019-2020,CIUSSS de la Capitale-Nationale,2,2,0.0
2019-2020,CIUSSS de la Capitale-Nationale,2,3,0.0
2019-2020,CIUSSS de la Capitale-Nationale,2,4,6.0
2019-2020,CIUSSS de la Capitale-Nationale,2,5,118.0
2019-2020,CIUSSS de la Capitale-Nationale,2,6,96.0
2019-2020,CIUSSS de la Capitale-Nationale,2,7,12.0
2019-2020,CIUSSS de la Capitale-Nationale,2,8,0.0
2019-2020,CIUSSS de la Capitale-Nationale,2,9,232.0
2019-2020,CIUSSS de la Capitale-Nationale,3,1,0.0
2019-2020,CIUSSS de la Capitale-Nationale,3,2,0.0
2019-2020,CIUSSS de la Capitale-Nationale,3,3,0.0
2019-2020,CIUSSS de la Capitale-Nationale,3,4,14.0
2019-2020,CIUSSS de la Capitale-Nationale,3,5,72.0
2019-2020,CIUSSS de la Capitale-Nationale,3,6,50.0
2019-2020,CIUSSS de la Capitale-Nationale,3,7,10.0
2019-2020,CIUSSS de la Capitale-Nationale,3,8,0.0
2019-2020,CIUSSS de la Capitale-Nationale,3,9,146.0
2019-2020,CIUSSS de la Capitale-Nationale,4,1,0.0
2019-2020,CIUSSS de la Capitale-Nationale,4,2,0.0
2019-2020,CIUSSS de la Capitale-Nationale,4,3,0.0
2019-2020,CIUSSS de la Capitale-Nationale,4,4,4.0
2019-2020,CIUSSS de la Capitale-Nationale,4,5,42.0
2019-2020,CIUSSS de la Capitale-Nationale,4,6,22.0
2019-2020,CIUSSS de la Capitale-Nationale,4,7,10.0
2019-2020,CIUSSS de la Capitale-Nationale,4,8,0.0
2019-2020,CIUSSS de la Capitale-Nationale,4,9,78.0
2019-2020,CIUSSS de la Capitale-Nationale,5,1,0.0
2019-2020,CIUSSS de la Capitale-Nationale,5,2,0.0
2019-2020,CIUSSS de la Capitale-Nationale,5,3,0.0
2019-2020,CIUSSS de la Capitale-Nationale,5,4,1590.0
2019-2020,CIUSSS de la Capitale-Nationale,5,5,31550.0
2019-2020,CIUSSS de la Capitale-Nationale,5,6,32280.0
2019-2020,CIUSSS de la Capitale-Nationale,5,7,3510.0
2019-2020,CIUSSS de la Capitale-Nationale,5,8,0.0
2019-2020,CIUSSS de la Capitale-Nationale,5,9,68930.0
2019-2020,CIUSSS de la Capitale-Nationale,6,1,0.0
2019-2020,CIUSSS de la Capitale-Nationale,6,2,0.0
2019-2020,CIUSSS de la Capitale-Nationale,6,3,2.0
2019-2020,CIUSSS de la Capitale-Nationale,6,4,18.0
2019-2020,CIUSSS de la Capitale-Nationale,6,5,298.0
2019-2020,CIUSSS de la Capitale-Nationale,6,6,136.0
2019-2020,CIUSSS de la Capitale-Nationale,6,7,12.0
2019-2020,CIUSSS de la Capitale-Nationale,6,8,2.0
2019-2020,CIUSSS de la Capitale-Nationale,6,9,468.0
2019-2020,CIUSSS de la Capitale-Nationale,7,1,0.0
2019-2020,CIUSSS de la Capitale-Nationale,7,2,0.0
2019-2020,CIUSSS de la Capitale-Nationale,7,3,0.0
2019-2020,CIUSSS de la Capitale-Nationale,7,4,12.0
2019-2020,CIUSSS de la Capitale-Nationale,7,5,194.0
2019-2020,CIUSSS de la Capitale-Nationale,7,6,72.0
2019-2020,CIUSSS de la Capitale-Nationale,7,7,6.0
2019-2020,CIUSSS de la Capitale-Nationale,7,8,2.0
2019-2020,CIUSSS de la Capitale-Nationale,7,9,286.0
2019-2020,CIUSSS de la Capitale-Nationale,8,1,0.0
2019-2020,CIUSSS de la Capitale-Nationale,8,2,0.0
2019-2020,CIUSSS de la Capitale-Nationale,8,3,2.0
2019-2020,CIUSSS de la Capitale-Nationale,8,4,6.0
2019-2020,CIUSSS de la Capitale-Nationale,8,5,104.0
2019-2020,CIUSSS de la Capitale-Nationale,8,6,64.0
2019-2020,CIUSSS de la Capitale-Nationale,8,7,6.0
2019-2020,CIUSSS de la Capitale-Nationale,8,8,0.0
2019-2020,CIUSSS de la Capitale-Nationale,8,9,182.0
2019-2020,CIUSSS de la Capitale-Nationale,9,1,0.0
2019-2020,CIUSSS de la Capitale-Nationale,9,2,0.0
2019-2020,CIUSSS de la Capitale-Nationale,9,3,2.0
2019-2020,CIUSSS de la Capitale-Nationale,9,4,6.0
2019-2020,CIUSSS de la Capitale-Nationale,9,5,28.0
2019-2020,CIUSSS de la Capitale-Nationale,9,6,22.0
2019-2020,CIUSSS de la Capitale-Nationale,9,7,2.0
2019-2020,CIUSSS de la Capitale-Nationale,9,8,0.0
2019-2020,CIUSSS de la Capitale-Nationale,9,9,60.0
2019-2020,CIUSSS de la Capitale-Nationale,10,1,0.0
2019-2020,CIUSSS de la Capitale-Nationale,10,2,0.0
2019-2020,CIUSSS de la Capitale-Nationale,10,3,36.0
2019-2020,CIUSSS de la Capitale-Nationale,10,4,1652.0
2019-2020,CIUSSS de la Capitale-Nationale,10,5,75278.0
2019-2020,CIUSSS de la Capitale-Nationale,10,6,39604.0
2019-2020,CIUSSS de la Capitale-Nationale,10,7,2392.0
2019-2020,CIUSSS de la Capitale-Nationale,10,8,976.0
2019-2020,CIUSSS de la Capitale-Nationale,10,9,119938.0
2019-2020,CIUSSS de la Capitale-Nationale,11,1,0.0
2019-2020,CIUSSS de la Capitale-Nationale,11,2,0.0
2019-2020,CIUSSS de la Capitale-Nationale,11,3,2.0
2019-2020,CIUSSS de la Capitale-Nationale,11,4,36.0
2019-2020,CIUSSS de la Capitale-Nationale,11,5,522.0
2019-2020,CIUSSS de la Capitale-Nationale,11,6,250.0
2019-2020,CIUSSS de la Capitale-Nationale,11,7,16.0
2019-2020,CIUSSS de la Capitale-Nationale,11,8,4.0
2019-2020,CIUSSS de la Capitale-Nationale,11,9,830.0
2019-2020,CIUSSS de la Capitale-Nationale,12,1,0.0
2019-2020,CIUSSS de la Capitale-Nationale,12,2,0.0
2019-2020,CIUSSS de la Capitale-Nationale,12,3,2.0
2019-2020,CIUSSS de la Capitale-Nationale,12,4,16.0
2019-2020,CIUSSS de la Capitale-Nationale,12,5,290.0
2019-2020,CIUSSS de la Capitale-Nationale,12,6,170.0
2019-2020,CIUSSS de la Capitale-Nationale,12,7,14.0
2019-2020,CIUSSS de la Capitale-Nationale,12,8,4.0
2019-2020,CIUSSS de la Capitale-Nationale,12,9,496.0
2019-2020,CIUSSS de la Capitale-Nationale,13,1,0.0
2019-2020,CIUSSS de la Capitale-Nationale,13,2,0.0
2019-2020,CIUSSS de la Capitale-Nationale,13,3,0.0
2019-2020,CIUSSS de la Capitale-Nationale,13,4,20.0
2019-2020,CIUSSS de la Capitale-Nationale,13,5,232.0
2019-2020,CIUSSS de la Capitale-Nationale,13,6,80.0
2019-2020,CIUSSS de la Capitale-Nationale,13,7,2.0
2019-2020,CIUSSS de la Capitale-Nationale,13,8,0.0
2019-2020,CIUSSS de la Capitale-Nationale,13,9,334.0
2019-2020,CIUSSS de la Capitale-Nationale,14,1,0.0
2019-2020,CIUSSS de la Capitale-Nationale,14,2,0.0
2019-2020,CIUSSS de la Capitale-Nationale,14,3,0.0
2019-2020,CIUSSS de la Capitale-Nationale,14,4,8.0
2019-2020,CIUSSS de la Capitale-Nationale,14,5,68.0
2019-2020,CIUSSS de la Capitale-Nationale,14,6,50.0
2019-2020,CIUSSS de la Capitale-Nationale,14,7,8.0
2019-2020,CIUSSS de la Capitale-Nationale,14,8,4.0
2019-2020,CIUSSS de la Capitale-Nationale,14,9,138.0
2019-2020,CIUSSS de la Capitale-Nationale,15,1,0.0
2019-2020,CIUSSS de la Capitale-Nationale,15,2,0.0
2019-2020,CIUSSS de la Capitale-Nationale,15,3,224.0
2019-2020,CIUSSS de la Capitale-Nationale,15,4,4114.0
2019-2020,CIUSSS de la Capitale-Nationale,15,5,110986.0
2019-2020,CIUSSS de la Capitale-Nationale,15,6,59792.0
2019-2020,CIUSSS de la Capitale-Nationale,15,7,2200.0
2019-2020,CIUSSS de la Capitale-Nationale,15,8,0.0
2019-2020,CIUSSS de la Capitale-Nationale,15,9,177316.0
2019-2020,CIUSSS de la Capitale-Nationale,16,1,0.0
2019-2020,CIUSSS de la Capitale-Nationale,16,2,0.0
2019-2020,CIUSSS de la Capitale-Nationale,16,3,0.0
2019-2020,CIUSSS de la Capitale-Nationale,16,4,6.0
2019-2020,CIUSSS de la Capitale-Nationale,16,5,46.0
2019-2020,CIUSSS de la Capitale-Nationale,16,6,44.0
2019-2020,CIUSSS de la Capitale-Nationale,16,7,6.0
2019-2020,CIUSSS de la Capitale-Nationale,16,8,0.0
2019-2020,CIUSSS de la Capitale-Nationale,16,9,102.0
2019-2020,CIUSSS de la Capitale-Nationale,17,1,0.0
2019-2020,CIUSSS de la Capitale-Nationale,17,2,0.0
2019-2020,CIUSSS de la Capitale-Nationale,17,3,0.0
2019-2020,CIUSSS de la Capitale-Nationale,17,4,2.0
2019-2020,CIUSSS de la Capitale-Nationale,17,5,32.0
2019-2020,CIUSSS de la Capitale-Nationale,17,6,32.0
2019-2020,CIUSSS de la Capitale-Nationale,17,7,6.0
2019-2020,CIUSSS de la Capitale-Nationale,17,8,0.0
2019-2020,CIUSSS de la Capitale-Nationale,17,9,72.0
2019-2020,CIUSSS de la Capitale-Nationale,18,1,0.0
2019-2020,CIUSSS de la Capitale-Nationale,18,2,0.0
2019-2020,CIUSSS de la Capitale-Nationale,18,3,0.0
2019-2020,CIUSSS de la Capitale-Nationale,18,4,4.0
2019-2020,CIUSSS de la Capitale-Nationale,18,5,14.0
2019-2020,CIUSSS de la Capitale-Nationale,18,6,12.0
2019-2020,CIUSSS de la Capitale-Nationale,18,7,0.0
2019-2020,CIUSSS de la Capitale-Nationale,18,8,0.0
2019-2020,CIUSSS de la Capitale-Nationale,18,9,30.0
2019-2020,CIUSSS de la Capitale-Nationale,19,1,0.0
2019-2020,CIUSSS de la Capitale-Nationale,19,2,0.0
2019-2020,CIUSSS de la Capitale-Nationale,19,3,0.0
2019-2020,CIUSSS de la Capitale-Nationale,19,4,0.0
2019-2020,CIUSSS de la Capitale-Nationale,19,5,0.0
2019-2020,CIUSSS de la Capitale-Nationale,19,6,2.0
2019-2020,CIUSSS de la Capitale-Nationale,19,7,0.0
2019-2020,CIUSSS de la Capitale-Nationale,19,8,0.0
2019-2020,CIUSSS de la Capitale-Nationale,19,9,2.0
2019-2020,CIUSSS de la Mauricie-et-du-Centre-du-Québec,6,3,22.0
2019-2020,CIUSSS de la Mauricie-et-du-Centre-du-Québec,6,4,92.0
2019-2020,CIUSSS de la Mauricie-et-du-Centre-du-Québec,6,5,408.0
2019-2020,CIUSSS de la Mauricie-et-du-Centre-du-Québec,6,6,96.0
2019-2020,CIUSSS de la Mauricie-et-du-Centre-du-Québec,6,7,2.0
2019-2020,CIUSSS de la Mauricie-et-du-Centre-du-Québec,6,9,620.0
2019-2020,CIUSSS de la Mauricie-et-du-Centre-du-Québec,7,3,14.0
2019-2020,CIUSSS de la Mauricie-et-du-Centre-du-Québec,7,4,72.0
2019-2020,CIUSSS de la Mauricie-et-du-Centre-du-Québec,7,5,250.0
2019-2020,CIUSSS de la Mauricie-et-du-Centre-du-Québec,7,6,60.0
2019-2020,CIUSSS de la Mauricie-et-du-Centre-du-Québec,7,7,2.0
2019-2020,CIUSSS de la Mauricie-et-du-Centre-du-Québec,7,9,398.0
2019-2020,CIUSSS de la Mauricie-et-du-Centre-du-Québec,8,3,8.0
2019-2020,CIUSSS de la Mauricie-et-du-Centre-du-Québec,8,4,20.0
2019-2020,CIUSSS de la Mauricie-et-du-Centre-du-Québec,8,5,158.0
2019-2020,CIUSSS de la Mauricie-et-du-Centre-du-Québec,8,6,36.0
2019-2020,CIUSSS de la Mauricie-et-du-Centre-du-Québec,8,9,222.0
2019-2020,CIUSSS de la Mauricie-et-du-Centre-du-Québec,9,3,14.0
2019-2020,CIUSSS de la Mauricie-et-du-Centre-du-Québec,9,4,46.0
2019-2020,CIUSSS de la Mauricie-et-du-Centre-du-Québec,9,5,48.0
2019-2020,CIUSSS de la Mauricie-et-du-Centre-du-Québec,9,6,14.0
2019-2020,CIUSSS de la Mauricie-et-du-Centre-du-Québec,9,7,2.0
2019-2020,CIUSSS de la Mauricie-et-du-Centre-du-Québec,9,9,124.0
2019-2020,CIUSSS de la Mauricie-et-du-Centre-du-Québec,10,3,516.0
2019-2020,CIUSSS de la Mauricie-et-du-Centre-du-Québec,10,4,8314.0
2019-2020,CIUSSS de la Mauricie-et-du-Centre-du-Québec,10,5,84940.0
2019-2020,CIUSSS de la Mauricie-et-du-Centre-du-Québec,10,6,17364.0
2019-2020,CIUSSS de la Mauricie-et-du-Centre-du-Québec,10,7,84.0
2019-2020,CIUSSS de la Mauricie-et-du-Centre-du-Québec,10,9,111218.0
2019-2020,CIUSSS de la Mauricie-et-du-Centre-du-Québec,11,3,8.0
2019-2020,CIUSSS de la Mauricie-et-du-Centre-du-Québec,11,4,62.0
2019-2020,CIUSSS de la Mauricie-et-du-Centre-du-Québec,11,5,462.0
2019-2020,CIUSSS de la Mauricie-et-du-Centre-du-Québec,11,6,192.0
2019-2020,CIUSSS de la Mauricie-et-du-Centre-du-Québec,11,7,2.0
2019-2020,CIUSSS de la Mauricie-et-du-Centre-du-Québec,11,9,726.0
2019-2020,CIUSSS de la Mauricie-et-du-Centre-du-Québec,12,3,6.0
2019-2020,CIUSSS de la Mauricie-et-du-Centre-du-Québec,12,4,48.0
2019-2020,CIUSSS de la Mauricie-et-du-Centre-du-Québec,12,5,276.0
2019-2020,CIUSSS de la Mauricie-et-du-Centre-du-Québec,12,6,104.0
2019-2020,CIUSSS de la Mauricie-et-du-Centre-du-Québec,12,7,2.0
2019-2020,CIUSSS de la Mauricie-et-du-Centre-du-Québec,12,9,436.0
2019-2020,CIUSSS de la Mauricie-et-du-Centre-du-Québec,13,3,2.0
2019-2020,CIUSSS de la Mauricie-et-du-Centre-du-Québec,13,4,14.0
2019-2020,CIUSSS de la Mauricie-et-du-Centre-du-Québec,13,5,186.0
2019-2020,CIUSSS de la Mauricie-et-du-Centre-du-Québec,13,6,88.0
2019-2020,CIUSSS de la Mauricie-et-du-Centre-du-Québec,13,9,290.0
2019-2020,CIUSSS de la Mauricie-et-du-Centre-du-Québec,14,3,6.0
2019-2020,CIUSSS de la Mauricie-et-du-Centre-du-Québec,14,4,22.0
2019-2020,CIUSSS de la Mauricie-et-du-Centre-du-Québec,14,5,58.0
2019-2020,CIUSSS de la Mauricie-et-du-Centre-du-Québec,14,6,28.0
2019-2020,CIUSSS de la Mauricie-et-du-Centre-du-Québec,14,7,2.0
2019-2020,CIUSSS de la Mauricie-et-du-Centre-du-Québec,14,9,116.0
2019-2020,CIUSSS de la Mauricie-et-du-Centre-du-Québec,15,3,520.0
2019-2020,CIUSSS de la Mauricie-et-du-Centre-du-Québec,15,4,5530.0
2019-2020,CIUSSS de la Mauricie-et-du-Centre-du-Québec,15,5,85318.0
2019-2020,CIUSSS de la Mauricie-et-du-Centre-du-Québec,15,6,37776.0
2019-2020,CIUSSS de la Mauricie-et-du-Centre-du-Québec,15,7,72.0
2019-2020,CIUSSS de la Mauricie-et-du-Centre-du-Québec,15,9,129216.0
2019-2020,CIUSSS de la Mauricie-et-du-Centre-du-Québec,16,4,2.0
2019-2020,CIUSSS de la Mauricie-et-du-Centre-du-Québec,16,5,8.0
2019-2020,CIUSSS de la Mauricie-et-du-Centre-du-Québec,16,6,2.0
2019-2020,CIUSSS de la Mauricie-et-du-Centre-du-Québec,16,9,12.0
2019-2020,CIUSSS de la Mauricie-et-du-Centre-du-Québec,17,4,2.0
2019-2020,CIUSSS de la Mauricie-et-du-Centre-du-Québec,17,5,8.0
2019-2020,CIUSSS de la Mauricie-et-du-Centre-du-Québec,17,9,10.0
2019-2020,CIUSSS de la Mauricie-et-du-Centre-du-Québec,18,6,2.0
2019-2020,CIUSSS de la Mauricie-et-du-Centre-du-Québec,18,9,2.0
2019-2020,CIUSSS de la Mauricie-et-du-Centre-du-Québec,19,5,4.0
2019-2020,CIUSSS de la Mauricie-et-du-Centre-du-Québec,19,6,2.0
2019-2020,CIUSSS de la Mauricie-et-du-Centre-du-Québec,19,9,6.0
2019-2020,CIUSSS du Saguenay  Lac-Saint-Jean,1,1,0.0
2019-2020,CIUSSS du Saguenay  Lac-Saint-Jean,1,2,0.0
2019-2020,CIUSSS du Saguenay  Lac-Saint-Jean,1,3,4.0
2019-2020,CIUSSS du Saguenay  Lac-Saint-Jean,1,4,34.0
2019-2020,CIUSSS du Saguenay  Lac-Saint-Jean,1,5,324.0
2019-2020,CIUSSS du Saguenay  Lac-Saint-Jean,1,6,156.0
2019-2020,CIUSSS du Saguenay  Lac-Saint-Jean,1,7,24.0
2019-2020,CIUSSS du Saguenay  Lac-Saint-Jean,1,8,2.0
2019-2020,CIUSSS du Saguenay  Lac-Saint-Jean,1,9,544.0
2019-2020,CIUSSS du Saguenay  Lac-Saint-Jean,2,1,0.0
2019-2020,CIUSSS du Saguenay  Lac-Saint-Jean,2,2,0.0
2019-2020,CIUSSS du Saguenay  Lac-Saint-Jean,2,3,4.0
2019-2020,CIUSSS du Saguenay  Lac-Saint-Jean,2,4,22.0
2019-2020,CIUSSS du Saguenay  Lac-Saint-Jean,2,5,210.0
2019-2020,CIUSSS du Saguenay  Lac-Saint-Jean,2,6,78.0
2019-2020,CIUSSS du Saguenay  Lac-Saint-Jean,2,7,10.0
2019-2020,CIUSSS du Saguenay  Lac-Saint-Jean,2,8,2.0
2019-2020,CIUSSS du Saguenay  Lac-Saint-Jean,2,9,326.0
2019-2020,CIUSSS du Saguenay  Lac-Saint-Jean,3,1,0.0
2019-2020,CIUSSS du Saguenay  Lac-Saint-Jean,3,2,0.0
2019-2020,CIUSSS du Saguenay  Lac-Saint-Jean,3,3,0.0
2019-2020,CIUSSS du Saguenay  Lac-Saint-Jean,3,4,12.0
2019-2020,CIUSSS du Saguenay  Lac-Saint-Jean,3,5,114.0
2019-2020,CIUSSS du Saguenay  Lac-Saint-Jean,3,6,78.0
2019-2020,CIUSSS du Saguenay  Lac-Saint-Jean,3,7,14.0
2019-2020,CIUSSS du Saguenay  Lac-Saint-Jean,3,8,0.0
2019-2020,CIUSSS du Saguenay  Lac-Saint-Jean,3,9,218.0
2019-2020,CIUSSS du Saguenay  Lac-Saint-Jean,4,1,0.0
2019-2020,CIUSSS du Saguenay  Lac-Saint-Jean,4,2,0.0
2019-2020,CIUSSS du Saguenay  Lac-Saint-Jean,4,3,0.0
2019-2020,CIUSSS du Saguenay  Lac-Saint-Jean,4,4,6.0
2019-2020,CIUSSS du Saguenay  Lac-Saint-Jean,4,5,50.0
2019-2020,CIUSSS du Saguenay  Lac-Saint-Jean,4,6,14.0
2019-2020,CIUSSS du Saguenay  Lac-Saint-Jean,4,7,6.0
2019-2020,CIUSSS du Saguenay  Lac-Saint-Jean,4,8,0.0
2019-2020,CIUSSS du Saguenay  Lac-Saint-Jean,4,9,76.0
2019-2020,CIUSSS du Saguenay  Lac-Saint-Jean,5,1,0.0
2019-2020,CIUSSS du Saguenay  Lac-Saint-Jean,5,2,0.0
2019-2020,CIUSSS du Saguenay  Lac-Saint-Jean,5,3,148.0
2019-2020,CIUSSS du Saguenay  Lac-Saint-Jean,5,4,4068.0
2019-2020,CIUSSS du Saguenay  Lac-Saint-Jean,5,5,55960.0
2019-2020,CIUSSS du Saguenay  Lac-Saint-Jean,5,6,32068.0
2019-2020,CIUSSS du Saguenay  Lac-Saint-Jean,5,7,3956.0
2019-2020,CIUSSS du Saguenay  Lac-Saint-Jean,5,8,702.0
2019-2020,CIUSSS du Saguenay  Lac-Saint-Jean,5,9,96902.0
2019-2020,CIUSSS du Saguenay  Lac-Saint-Jean,6,1,0.0
2019-2020,CIUSSS du Saguenay  Lac-Saint-Jean,6,2,0.0
2019-2020,CIUSSS du Saguenay  Lac-Saint-Jean,6,3,0.0
2019-2020,CIUSSS du Saguenay  Lac-Saint-Jean,6,4,16.0
2019-2020,CIUSSS du Saguenay  Lac-Saint-Jean,6,5,208.0
2019-2020,CIUSSS du Saguenay  Lac-Saint-Jean,6,6,94.0
2019-2020,CIUSSS du Saguenay  Lac-Saint-Jean,6,7,10.0
2019-2020,CIUSSS du Saguenay  Lac-Saint-Jean,6,8,0.0
2019-2020,CIUSSS du Saguenay  Lac-Saint-Jean,6,9,328.0
2019-2020,CIUSSS du Saguenay  Lac-Saint-Jean,7,1,0.0
2019-2020,CIUSSS du Saguenay  Lac-Saint-Jean,7,2,0.0
2019-2020,CIUSSS du Saguenay  Lac-Saint-Jean,7,3,0.0
2019-2020,CIUSSS du Saguenay  Lac-Saint-Jean,7,4,12.0
2019-2020,CIUSSS du Saguenay  Lac-Saint-Jean,7,5,122.0
2019-2020,CIUSSS du Saguenay  Lac-Saint-Jean,7,6,46.0
2019-2020,CIUSSS du Saguenay  Lac-Saint-Jean,7,7,4.0
2019-2020,CIUSSS du Saguenay  Lac-Saint-Jean,7,8,0.0
2019-2020,CIUSSS du Saguenay  Lac-Saint-Jean,7,9,184.0
2019-2020,CIUSSS du Saguenay  Lac-Saint-Jean,8,1,0.0
2019-2020,CIUSSS du Saguenay  Lac-Saint-Jean,8,2,0.0
2019-2020,CIUSSS du Saguenay  Lac-Saint-Jean,8,3,0.0
2019-2020,CIUSSS du Saguenay  Lac-Saint-Jean,8,4,4.0
2019-2020,CIUSSS du Saguenay  Lac-Saint-Jean,8,5,86.0
2019-2020,CIUSSS du Saguenay  Lac-Saint-Jean,8,6,48.0
2019-2020,CIUSSS du Saguenay  Lac-Saint-Jean,8,7,6.0
2019-2020,CIUSSS du Saguenay  Lac-Saint-Jean,8,8,0.0
2019-2020,CIUSSS du Saguenay  Lac-Saint-Jean,8,9,144.0
2019-2020,CIUSSS du Saguenay  Lac-Saint-Jean,9,1,0.0
2019-2020,CIUSSS du Saguenay  Lac-Saint-Jean,9,2,0.0
2019-2020,CIUSSS du Saguenay  Lac-Saint-Jean,9,3,0.0
2019-2020,CIUSSS du Saguenay  Lac-Saint-Jean,9,4,4.0
2019-2020,CIUSSS du Saguenay  Lac-Saint-Jean,9,5,24.0
2019-2020,CIUSSS du Saguenay  Lac-Saint-Jean,9,6,12.0
2019-2020,CIUSSS du Saguenay  Lac-Saint-Jean,9,7,0.0
2019-2020,CIUSSS du Saguenay  Lac-Saint-Jean,9,8,0.0
2019-2020,CIUSSS du Saguenay  Lac-Saint-Jean,9,9,40.0
2019-2020,CIUSSS du Saguenay  Lac-Saint-Jean,10,1,0.0
2019-2020,CIUSSS du Saguenay  Lac-Saint-Jean,10,2,0.0
2019-2020,CIUSSS du Saguenay  Lac-Saint-Jean,10,3,0.0
2019-2020,CIUSSS du Saguenay  Lac-Saint-Jean,10,4,1864.0
2019-2020,CIUSSS du Saguenay  Lac-Saint-Jean,10,5,43528.0
2019-2020,CIUSSS du Saguenay  Lac-Saint-Jean,10,6,22352.0
2019-2020,CIUSSS du Saguenay  Lac-Saint-Jean,10,7,1218.0
2019-2020,CIUSSS du Saguenay  Lac-Saint-Jean,10,8,0.0
2019-2020,CIUSSS du Saguenay  Lac-Saint-Jean,10,9,68962.0
2019-2020,CIUSSS du Saguenay  Lac-Saint-Jean,11,1,0.0
2019-2020,CIUSSS du Saguenay  Lac-Saint-Jean,11,2,0.0
2019-2020,CIUSSS du Saguenay  Lac-Saint-Jean,11,3,0.0
2019-2020,CIUSSS du Saguenay  Lac-Saint-Jean,11,4,10.0
2019-2020,CIUSSS du Saguenay  Lac-Saint-Jean,11,5,50.0
2019-2020,CIUSSS du Saguenay  Lac-Saint-Jean,11,6,18.0
2019-2020,CIUSSS du Saguenay  Lac-Saint-Jean,11,7,0.0
2019-2020,CIUSSS du Saguenay  Lac-Saint-Jean,11,8,0.0
2019-2020,CIUSSS du Saguenay  Lac-Saint-Jean,11,9,78.0
2019-2020,CIUSSS du Saguenay  Lac-Saint-Jean,12,1,0.0
2019-2020,CIUSSS du Saguenay  Lac-Saint-Jean,12,2,0.0
2019-2020,CIUSSS du Saguenay  Lac-Saint-Jean,12,3,0.0
2019-2020,CIUSSS du Saguenay  Lac-Saint-Jean,12,4,8.0
2019-2020,CIUSSS du Saguenay  Lac-Saint-Jean,12,5,32.0
2019-2020,CIUSSS du Saguenay  Lac-Saint-Jean,12,6,14.0
2019-2020,CIUSSS du Saguenay  Lac-Saint-Jean,12,7,0.0
2019-2020,CIUSSS du Saguenay  Lac-Saint-Jean,12,8,0.0
2019-2020,CIUSSS du Saguenay  Lac-Saint-Jean,12,9,54.0
2019-2020,CIUSSS du Saguenay  Lac-Saint-Jean,13,1,0.0
2019-2020,CIUSSS du Saguenay  Lac-Saint-Jean,13,2,0.0
2019-2020,CIUSSS du Saguenay  Lac-Saint-Jean,13,3,0.0
2019-2020,CIUSSS du Saguenay  Lac-Saint-Jean,13,4,2.0
2019-2020,CIUSSS du Saguenay  Lac-Saint-Jean,13,5,18.0
2019-2020,CIUSSS du Saguenay  Lac-Saint-Jean,13,6,4.0
2019-2020,CIUSSS du Saguenay  Lac-Saint-Jean,13,7,0.0
2019-2020,CIUSSS du Saguenay  Lac-Saint-Jean,13,8,0.0
2019-2020,CIUSSS du Saguenay  Lac-Saint-Jean,13,9,24.0
2019-2020,CIUSSS du Saguenay  Lac-Saint-Jean,14,1,0.0
2019-2020,CIUSSS du Saguenay  Lac-Saint-Jean,14,2,0.0
2019-2020,CIUSSS du Saguenay  Lac-Saint-Jean,14,3,0.0
2019-2020,CIUSSS du Saguenay  Lac-Saint-Jean,14,4,6.0
2019-2020,CIUSSS du Saguenay  Lac-Saint-Jean,14,5,28.0
2019-2020,CIUSSS du Saguenay  Lac-Saint-Jean,14,6,12.0
2019-2020,CIUSSS du Saguenay  Lac-Saint-Jean,14,7,0.0
2019-2020,CIUSSS du Saguenay  Lac-Saint-Jean,14,8,0.0
2019-2020,CIUSSS du Saguenay  Lac-Saint-Jean,14,9,46.0
2019-2020,CIUSSS du Saguenay  Lac-Saint-Jean,15,1,0.0
2019-2020,CIUSSS du Saguenay  Lac-Saint-Jean,15,2,0.0
2019-2020,CIUSSS du Saguenay  Lac-Saint-Jean,15,3,0.0
2019-2020,CIUSSS du Saguenay  Lac-Saint-Jean,15,4,1152.0
2019-2020,CIUSSS du Saguenay  Lac-Saint-Jean,15,5,7382.0
2019-2020,CIUSSS du Saguenay  Lac-Saint-Jean,15,6,2240.0
2019-2020,CIUSSS du Saguenay  Lac-Saint-Jean,15,7,0.0
2019-2020,CIUSSS du Saguenay  Lac-Saint-Jean,15,8,0.0
2019-2020,CIUSSS du Saguenay  Lac-Saint-Jean,15,9,10774.0
2020-2021,Atelier le fil d'Ariane Inc.,1,5,18.0
2020-2021,Atelier le fil d'Ariane Inc.,1,6,20.0
2020-2021,Atelier le fil d'Ariane Inc.,1,9,38.0
2020-2021,Atelier le fil d'Ariane Inc.,2,5,2.0
2020-2021,Atelier le fil d'Ariane Inc.,2,9,2.0
2020-2021,Atelier le fil d'Ariane Inc.,3,5,16.0
2020-2021,Atelier le fil d'Ariane Inc.,3,6,20.0
2020-2021,Atelier le fil d'Ariane Inc.,3,9,36.0
2020-2021,Atelier le fil d'Ariane Inc.,4,5,2.0
2020-2021,Atelier le fil d'Ariane Inc.,4,6,2.0
2020-2021,Atelier le fil d'Ariane Inc.,4,9,4.0
2020-2021,CISSS de Chaudière-Appalaches,1,1,0.0
2020-2021,CISSS de Chaudière-Appalaches,1,2,0.0
2020-2021,CISSS de Chaudière-Appalaches,1,3,0.0
2020-2021,CISSS de Chaudière-Appalaches,1,4,0.0
2020-2021,CISSS de Chaudière-Appalaches,1,5,14.0
2020-2021,CISSS de Chaudière-Appalaches,1,6,4.0
2020-2021,CISSS de Chaudière-Appalaches,1,7,0.0
2020-2021,CISSS de Chaudière-Appalaches,1,8,0.0
2020-2021,CISSS de Chaudière-Appalaches,1,9,18.0
2020-2021,CISSS de Chaudière-Appalaches,2,1,0.0
2020-2021,CISSS de Chaudière-Appalaches,2,2,0.0
2020-2021,CISSS de Chaudière-Appalaches,2,3,0.0
2020-2021,CISSS de Chaudière-Appalaches,2,4,0.0
2020-2021,CISSS de Chaudière-Appalaches,2,5,6.0
2020-2021,CISSS de Chaudière-Appalaches,2,6,2.0
2020-2021,CISSS de Chaudière-Appalaches,2,7,0.0
2020-2021,CISSS de Chaudière-Appalaches,2,8,0.0
2020-2021,CISSS de Chaudière-Appalaches,2,9,8.0
2020-2021,CISSS de Chaudière-Appalaches,3,1,0.0
2020-2021,CISSS de Chaudière-Appalaches,3,2,0.0
2020-2021,CISSS de Chaudière-Appalaches,3,3,0.0
2020-2021,CISSS de Chaudière-Appalaches,3,4,0.0
2020-2021,CISSS de Chaudière-Appalaches,3,5,8.0
2020-2021,CISSS de Chaudière-Appalaches,3,6,2.0
2020-2021,CISSS de Chaudière-Appalaches,3,7,0.0
2020-2021,CISSS de Chaudière-Appalaches,3,8,0.0
2020-2021,CISSS de Chaudière-Appalaches,3,9,10.0
2020-2021,CISSS de Chaudière-Appalaches,4,1,0.0
2020-2021,CISSS de Chaudière-Appalaches,4,2,0.0
2020-2021,CISSS de Chaudière-Appalaches,4,3,0.0
2020-2021,CISSS de Chaudière-Appalaches,4,4,0.0
2020-2021,CISSS de Chaudière-Appalaches,4,5,0.0
2020-2021,CISSS de Chaudière-Appalaches,4,6,2.0
2020-2021,CISSS de Chaudière-Appalaches,4,7,0.0
2020-2021,CISSS de Chaudière-Appalaches,4,8,0.0
2020-2021,CISSS de Chaudière-Appalaches,4,9,2.0
2020-2021,CISSS de Chaudière-Appalaches,5,1,0.0
2020-2021,CISSS de Chaudière-Appalaches,5,2,0.0
2020-2021,CISSS de Chaudière-Appalaches,5,3,0.0
2020-2021,CISSS de Chaudière-Appalaches,5,4,0.0
2020-2021,CISSS de Chaudière-Appalaches,5,5,2786.0
2020-2021,CISSS de Chaudière-Appalaches,5,6,848.0
2020-2021,CISSS de Chaudière-Appalaches,5,7,0.0
2020-2021,CISSS de Chaudière-Appalaches,5,8,0.0
2020-2021,CISSS de Chaudière-Appalaches,5,9,3634.0
2020-2021,CISSS de Chaudière-Appalaches,6,1,0.0
2020-2021,CISSS de Chaudière-Appalaches,6,2,0.0
2020-2021,CISSS de Chaudière-Appalaches,6,3,4.0
2020-2021,CISSS de Chaudière-Appalaches,6,4,42.0
2020-2021,CISSS de Chaudière-Appalaches,6,5,302.0
2020-2021,CISSS de Chaudière-Appalaches,6,6,122.0
2020-2021,CISSS de Chaudière-Appalaches,6,7,12.0
2020-2021,CISSS de Chaudière-Appalaches,6,8,0.0
2020-2021,CISSS de Chaudière-Appalaches,6,9,482.0
2020-2021,CISSS de Chaudière-Appalaches,7,1,0.0
2020-2021,CISSS de Chaudière-Appalaches,7,2,0.0
2020-2021,CISSS de Chaudière-Appalaches,7,3,4.0
2020-2021,CISSS de Chaudière-Appalaches,7,4,26.0
2020-2021,CISSS de Chaudière-Appalaches,7,5,188.0
2020-2021,CISSS de Chaudière-Appalaches,7,6,70.0
2020-2021,CISSS de Chaudière-Appalaches,7,7,8.0
2020-2021,CISSS de Chaudière-Appalaches,7,8,0.0
2020-2021,CISSS de Chaudière-Appalaches,7,9,296.0
2020-2021,CISSS de Chaudière-Appalaches,8,1,0.0
2020-2021,CISSS de Chaudière-Appalaches,8,2,0.0
2020-2021,CISSS de Chaudière-Appalaches,8,3,0.0
2020-2021,CISSS de Chaudière-Appalaches,8,4,16.0
2020-2021,CISSS de Chaudière-Appalaches,8,5,114.0
2020-2021,CISSS de Chaudière-Appalaches,8,6,52.0
2020-2021,CISSS de Chaudière-Appalaches,8,7,4.0
2020-2021,CISSS de Chaudière-Appalaches,8,8,0.0
2020-2021,CISSS de Chaudière-Appalaches,8,9,186.0
2020-2021,CISSS de Chaudière-Appalaches,9,1,0.0
2020-2021,CISSS de Chaudière-Appalaches,9,2,0.0
2020-2021,CISSS de Chaudière-Appalaches,9,3,2.0
2020-2021,CISSS de Chaudière-Appalaches,9,4,8.0
2020-2021,CISSS de Chaudière-Appalaches,9,5,56.0
2020-2021,CISSS de Chaudière-Appalaches,9,6,14.0
2020-2021,CISSS de Chaudière-Appalaches,9,7,8.0
2020-2021,CISSS de Chaudière-Appalaches,9,8,0.0
2020-2021,CISSS de Chaudière-Appalaches,9,9,88.0
2020-2021,CISSS de Chaudière-Appalaches,10,1,0.0
2020-2021,CISSS de Chaudière-Appalaches,10,2,0.0
2020-2021,CISSS de Chaudière-Appalaches,10,3,242.0
2020-2021,CISSS de Chaudière-Appalaches,10,4,4896.0
2020-2021,CISSS de Chaudière-Appalaches,10,5,63010.0
2020-2021,CISSS de Chaudière-Appalaches,10,6,26464.0
2020-2021,CISSS de Chaudière-Appalaches,10,7,2120.0
2020-2021,CISSS de Chaudière-Appalaches,10,8,0.0
2020-2021,CISSS de Chaudière-Appalaches,10,9,96732.0
2020-2021,CISSS de Chaudière-Appalaches,11,1,0.0
2020-2021,CISSS de Chaudière-Appalaches,11,2,0.0
2020-2021,CISSS de Chaudière-Appalaches,11,3,4.0
2020-2021,CISSS de Chaudière-Appalaches,11,4,24.0
2020-2021,CISSS de Chaudière-Appalaches,11,5,218.0
2020-2021,CISSS de Chaudière-Appalaches,11,6,90.0
2020-2021,CISSS de Chaudière-Appalaches,11,7,22.0
2020-2021,CISSS de Chaudière-Appalaches,11,8,4.0
2020-2021,CISSS de Chaudière-Appalaches,11,9,362.0
2020-2021,CISSS de Chaudière-Appalaches,12,1,0.0
2020-2021,CISSS de Chaudière-Appalaches,12,2,0.0
2020-2021,CISSS de Chaudière-Appalaches,12,3,4.0
2020-2021,CISSS de Chaudière-Appalaches,12,4,18.0
2020-2021,CISSS de Chaudière-Appalaches,12,5,142.0
2020-2021,CISSS de Chaudière-Appalaches,12,6,56.0
2020-2021,CISSS de Chaudière-Appalaches,12,7,14.0
2020-2021,CISSS de Chaudière-Appalaches,12,8,2.0
2020-2021,CISSS de Chaudière-Appalaches,12,9,236.0
2020-2021,CISSS de Chaudière-Appalaches,13,1,0.0
2020-2021,CISSS de Chaudière-Appalaches,13,2,0.0
2020-2021,CISSS de Chaudière-Appalaches,13,3,0.0
2020-2021,CISSS de Chaudière-Appalaches,13,4,6.0
2020-2021,CISSS de Chaudière-Appalaches,13,5,76.0
2020-2021,CISSS de Chaudière-Appalaches,13,6,34.0
2020-2021,CISSS de Chaudière-Appalaches,13,7,8.0
2020-2021,CISSS de Chaudière-Appalaches,13,8,2.0
2020-2021,CISSS de Chaudière-Appalaches,13,9,126.0
2020-2021,CISSS de Chaudière-Appalaches,14,1,0.0
2020-2021,CISSS de Chaudière-Appalaches,14,2,0.0
2020-2021,CISSS de Chaudière-Appalaches,14,3,2.0
2020-2021,CISSS de Chaudière-Appalaches,14,4,2.0
2020-2021,CISSS de Chaudière-Appalaches,14,5,18.0
2020-2021,CISSS de Chaudière-Appalaches,14,6,8.0
2020-2021,CISSS de Chaudière-Appalaches,14,7,0.0
2020-2021,CISSS de Chaudière-Appalaches,14,8,2.0
2020-2021,CISSS de Chaudière-Appalaches,14,9,32.0
2020-2021,CISSS de Chaudière-Appalaches,15,1,0.0
2020-2021,CISSS de Chaudière-Appalaches,15,2,0.0
2020-2021,CISSS de Chaudière-Appalaches,15,3,328.0
2020-2021,CISSS de Chaudière-Appalaches,15,4,3946.0
2020-2021,CISSS de Chaudière-Appalaches,15,5,41330.0
2020-2021,CISSS de Chaudière-Appalaches,15,6,18566.0
2020-2021,CISSS de Chaudière-Appalaches,15,7,3824.0
2020-2021,CISSS de Chaudière-Appalaches,15,8,616.0
2020-2021,CISSS de Chaudière-Appalaches,15,9,68610.0
2020-2021,CISSS de Chaudière-Appalaches,16,1,0.0
2020-2021,CISSS de Chaudière-Appalaches,16,2,0.0
2020-2021,CISSS de Chaudière-Appalaches,16,3,0.0
2020-2021,CISSS de Chaudière-Appalaches,16,4,2.0
2020-2021,CISSS de Chaudière-Appalaches,16,5,8.0
2020-2021,CISSS de Chaudière-Appalaches,16,6,14.0
2020-2021,CISSS de Chaudière-Appalaches,16,7,0.0
2020-2021,CISSS de Chaudière-Appalaches,16,8,0.0
2020-2021,CISSS de Chaudière-Appalaches,16,9,24.0
2020-2021,CISSS de Chaudière-Appalaches,17,1,0.0
2020-2021,CISSS de Chaudière-Appalaches,17,2,0.0
2020-2021,CISSS de Chaudière-Appalaches,17,3,0.0
2020-2021,CISSS de Chaudière-Appalaches,17,4,2.0
2020-2021,CISSS de Chaudière-Appalaches,17,5,6.0
2020-2021,CISSS de Chaudière-Appalaches,17,6,4.0
2020-2021,CISSS de Chaudière-Appalaches,17,7,0.0
2020-2021,CISSS de Chaudière-Appalaches,17,8,0.0
2020-2021,CISSS de Chaudière-Appalaches,17,9,12.0
2020-2021,CISSS de Chaudière-Appalaches,18,1,0.0
2020-2021,CISSS de Chaudière-Appalaches,18,2,0.0
2020-2021,CISSS de Chaudière-Appalaches,18,3,0.0
2020-2021,CISSS de Chaudière-Appalaches,18,4,0.0
2020-2021,CISSS de Chaudière-Appalaches,18,5,2.0
2020-2021,CISSS de Chaudière-Appalaches,18,6,10.0
2020-2021,CISSS de Chaudière-Appalaches,18,7,0.0
2020-2021,CISSS de Chaudière-Appalaches,18,8,0.0
2020-2021,CISSS de Chaudière-Appalaches,18,9,12.0
2020-2021,CISSS de Chaudière-Appalaches,19,1,0.0
2020-2021,CISSS de Chaudière-Appalaches,19,2,0.0
2020-2021,CISSS de Chaudière-Appalaches,19,3,0.0
2020-2021,CISSS de Chaudière-Appalaches,19,4,2.0
2020-2021,CISSS de Chaudière-Appalaches,19,5,4.0
2020-2021,CISSS de Chaudière-Appalaches,19,6,2.0
2020-2021,CISSS de Chaudière-Appalaches,19,7,0.0
2020-2021,CISSS de Chaudière-Appalaches,19,8,0.0
2020-2021,CISSS de Chaudière-Appalaches,19,9,8.0
2020-2021,CISSS de Laval,6,3,14.0
2020-2021,CISSS de Laval,6,4,56.0
2020-2021,CISSS de Laval,6,5,248.0
2020-2021,CISSS de Laval,6,6,70.0
2020-2021,CISSS de Laval,6,7,8.0
2020-2021,CISSS de Laval,6,9,396.0
2020-2021,CISSS de Laval,7,3,6.0
2020-2021,CISSS de Laval,7,4,34.0
2020-2021,CISSS de Laval,7,5,144.0
2020-2021,CISSS de Laval,7,6,34.0
2020-2021,CISSS de Laval,7,7,8.0
2020-2021,CISSS de Laval,7,9,226.0
2020-2021,CISSS de Laval,8,3,8.0
2020-2021,CISSS de Laval,8,4,22.0
2020-2021,CISSS de Laval,8,5,104.0
2020-2021,CISSS de Laval,8,6,36.0
2020-2021,CISSS de Laval,8,7,0.0
2020-2021,CISSS de Laval,8,9,170.0
2020-2021,CISSS de Laval,9,3,4.0
2020-2021,CISSS de Laval,9,4,8.0
2020-2021,CISSS de Laval,9,5,12.0
2020-2021,CISSS de Laval,9,6,4.0
2020-2021,CISSS de Laval,9,7,2.0
2020-2021,CISSS de Laval,9,9,30.0
2020-2021,CISSS de l'Abitibi-Témiscamingue,6,1,0.0
2020-2021,CISSS de l'Abitibi-Témiscamingue,6,2,0.0
2020-2021,CISSS de l'Abitibi-Témiscamingue,6,3,0.0
2020-2021,CISSS de l'Abitibi-Témiscamingue,6,4,2.0
2020-2021,CISSS de l'Abitibi-Témiscamingue,6,5,6.0
2020-2021,CISSS de l'Abitibi-Témiscamingue,6,6,2.0
2020-2021,CISSS de l'Abitibi-Témiscamingue,6,7,0.0
2020-2021,CISSS de l'Abitibi-Témiscamingue,6,8,0.0
2020-2021,CISSS de l'Abitibi-Témiscamingue,6,9,10.0
2020-2021,CISSS de l'Abitibi-Témiscamingue,7,1,0.0
2020-2021,CISSS de l'Abitibi-Témiscamingue,7,2,0.0
2020-2021,CISSS de l'Abitibi-Témiscamingue,7,3,0.0
2020-2021,CISSS de l'Abitibi-Témiscamingue,7,4,0.0
2020-2021,CISSS de l'Abitibi-Témiscamingue,7,5,4.0
2020-2021,CISSS de l'Abitibi-Témiscamingue,7,6,0.0
2020-2021,CISSS de l'Abitibi-Témiscamingue,7,7,0.0
2020-2021,CISSS de l'Abitibi-Témiscamingue,7,8,0.0
2020-2021,CISSS de l'Abitibi-Témiscamingue,7,9,4.0
2020-2021,CISSS de l'Abitibi-Témiscamingue,8,1,0.0
2020-2021,CISSS de l'Abitibi-Témiscamingue,8,2,0.0
2020-2021,CISSS de l'Abitibi-Témiscamingue,8,3,0.0
2020-2021,CISSS de l'Abitibi-Témiscamingue,8,4,2.0
2020-2021,CISSS de l'Abitibi-Témiscamingue,8,5,2.0
2020-2021,CISSS de l'Abitibi-Témiscamingue,8,6,2.0
2020-2021,CISSS de l'Abitibi-Témiscamingue,8,7,0.0
2020-2021,CISSS de l'Abitibi-Témiscamingue,8,8,0.0
2020-2021,CISSS de l'Abitibi-Témiscamingue,8,9,6.0
2020-2021,CISSS de l'Abitibi-Témiscamingue,9,1,0.0
2020-2021,CISSS de l'Abitibi-Témiscamingue,9,2,0.0
2020-2021,CISSS de l'Abitibi-Témiscamingue,9,3,0.0
2020-2021,CISSS de l'Abitibi-Témiscamingue,9,4,0.0
2020-2021,CISSS de l'Abitibi-Témiscamingue,9,5,4.0
2020-2021,CISSS de l'Abitibi-Témiscamingue,9,6,0.0
2020-2021,CISSS de l'Abitibi-Témiscamingue,9,7,0.0
2020-2021,CISSS de l'Abitibi-Témiscamingue,9,8,0.0
2020-2021,CISSS de l'Abitibi-Témiscamingue,9,9,4.0
2020-2021,CISSS de l'Abitibi-Témiscamingue,10,1,0.0
2020-2021,CISSS de l'Abitibi-Témiscamingue,10,2,0.0
2020-2021,CISSS de l'Abitibi-Témiscamingue,10,3,0.0
2020-2021,CISSS de l'Abitibi-Témiscamingue,10,4,0.0
2020-2021,CISSS de l'Abitibi-Témiscamingue,10,5,6.0
2020-2021,CISSS de l'Abitibi-Témiscamingue,10,6,0.0
2020-2021,CISSS de l'Abitibi-Témiscamingue,10,7,0.0
2020-2021,CISSS de l'Abitibi-Témiscamingue,10,8,0.0
2020-2021,CISSS de l'Abitibi-Témiscamingue,10,9,6.0
2020-2021,CISSS de l'Abitibi-Témiscamingue,16,1,0.0
2020-2021,CISSS de l'Abitibi-Témiscamingue,16,2,0.0
2020-2021,CISSS de l'Abitibi-Témiscamingue,16,3,0.0
2020-2021,CISSS de l'Abitibi-Témiscamingue,16,4,0.0
2020-2021,CISSS de l'Abitibi-Témiscamingue,16,5,14.0
2020-2021,CISSS de l'Abitibi-Témiscamingue,16,6,14.0
2020-2021,CISSS de l'Abitibi-Témiscamingue,16,7,0.0
2020-2021,CISSS de l'Abitibi-Témiscamingue,16,8,0.0
2020-2021,CISSS de l'Abitibi-Témiscamingue,16,9,28.0
2020-2021,CISSS de l'Abitibi-Témiscamingue,17,1,0.0
2020-2021,CISSS de l'Abitibi-Témiscamingue,17,2,0.0
2020-2021,CISSS de l'Abitibi-Témiscamingue,17,3,0.0
2020-2021,CISSS de l'Abitibi-Témiscamingue,17,4,0.0
2020-2021,CISSS de l'Abitibi-Témiscamingue,17,5,10.0
2020-2021,CISSS de l'Abitibi-Témiscamingue,17,6,14.0
2020-2021,CISSS de l'Abitibi-Témiscamingue,17,7,0.0
2020-2021,CISSS de l'Abitibi-Témiscamingue,17,8,0.0
2020-2021,CISSS de l'Abitibi-Témiscamingue,17,9,24.0
2020-2021,CISSS de l'Abitibi-Témiscamingue,18,1,0.0
2020-2021,CISSS de l'Abitibi-Témiscamingue,18,2,0.0
2020-2021,CISSS de l'Abitibi-Témiscamingue,18,3,0.0
2020-2021,CISSS de l'Abitibi-Témiscamingue,18,4,0.0
2020-2021,CISSS de l'Abitibi-Témiscamingue,18,5,4.0
2020-2021,CISSS de l'Abitibi-Témiscamingue,18,6,0.0
2020-2021,CISSS de l'Abitibi-Témiscamingue,18,7,0.0
2020-2021,CISSS de l'Abitibi-Témiscamingue,18,8,0.0
2020-2021,CISSS de l'Abitibi-Témiscamingue,18,9,4.0
2020-2021,CISSS de l'Abitibi-Témiscamingue,19,1,0.0
2020-2021,CISSS de l'Abitibi-Témiscamingue,19,2,0.0
2020-2021,CISSS de l'Abitibi-Témiscamingue,19,3,0.0
2020-2021,CISSS de l'Abitibi-Témiscamingue,19,4,0.0
2020-2021,CISSS de l'Abitibi-Témiscamingue,19,5,0.0
2020-2021,CISSS de l'Abitibi-Témiscamingue,19,6,4.0
2020-2021,CISSS de l'Abitibi-Témiscamingue,19,7,0.0
2020-2021,CISSS de l'Abitibi-Témiscamingue,19,8,0.0
2020-2021,CISSS de l'Abitibi-Témiscamingue,19,9,4.0
2020-2021,CISSS de l'Outaouais,6,5,36.0
2020-2021,CISSS de l'Outaouais,6,6,16.0
2020-2021,CISSS de l'Outaouais,6,7,2.0
2020-2021,CISSS de l'Outaouais,6,9,54.0
2020-2021,CISSS de l'Outaouais,7,5,20.0
2020-2021,CISSS de l'Outaouais,7,6,8.0
2020-2021,CISSS de l'Outaouais,7,7,2.0
2020-2021,CISSS de l'Outaouais,7,9,30.0
2020-2021,CISSS de l'Outaouais,8,5,16.0
2020-2021,CISSS de l'Outaouais,8,6,8.0
2020-2021,CISSS de l'Outaouais,8,9,24.0
2020-2021,CISSS de l'Outaouais,9,5,6.0
2020-2021,CISSS de l'Outaouais,9,6,2.0
2020-2021,CISSS de l'Outaouais,9,7,2.0
2020-2021,CISSS de l'Outaouais,9,9,10.0
2020-2021,CISSS de l'Outaouais,10,5,990.0
2020-2021,CISSS de l'Outaouais,10,6,638.0
2020-2021,CISSS de l'Outaouais,10,7,22.0
2020-2021,CISSS de l'Outaouais,10,9,1650.0
2020-2021,CISSS de l'Outaouais,11,4,2.0
2020-2021,CISSS de l'Outaouais,11,5,8.0
2020-2021,CISSS de l'Outaouais,11,6,10.0
2020-2021,CISSS de l'Outaouais,11,9,20.0
2020-2021,CISSS de l'Outaouais,12,4,2.0
2020-2021,CISSS de l'Outaouais,12,5,2.0
2020-2021,CISSS de l'Outaouais,12,6,8.0
2020-2021,CISSS de l'Outaouais,12,9,12.0
2020-2021,CISSS de l'Outaouais,13,5,6.0
2020-2021,CISSS de l'Outaouais,13,6,2.0
2020-2021,CISSS de l'Outaouais,13,9,8.0
2020-2021,CISSS de l'Outaouais,14,5,2.0
2020-2021,CISSS de l'Outaouais,14,6,2.0
2020-2021,CISSS de l'Outaouais,14,9,4.0
2020-2021,CISSS de l'Outaouais,15,4,152.0
2020-2021,CISSS de l'Outaouais,15,5,352.0
2020-2021,CISSS de l'Outaouais,15,6,40.0
2020-2021,CISSS de l'Outaouais,15,9,544.0
2020-2021,CISSS de la Côte-Nord,6,5,22.0
2020-2021,CISSS de la Côte-Nord,6,6,18.0
2020-2021,CISSS de la Côte-Nord,6,7,2.0
2020-2021,CISSS de la Côte-Nord,6,9,42.0
2020-2021,CISSS de la Côte-Nord,7,5,14.0
2020-2021,CISSS de la Côte-Nord,7,6,8.0
2020-2021,CISSS de la Côte-Nord,7,7,2.0
2020-2021,CISSS de la Côte-Nord,7,9,24.0
2020-2021,CISSS de la Côte-Nord,8,5,8.0
2020-2021,CISSS de la Côte-Nord,8,6,10.0
2020-2021,CISSS de la Côte-Nord,8,9,18.0
2020-2021,CISSS de la Côte-Nord,9,5,2.0
2020-2021,CISSS de la Côte-Nord,9,9,2.0
2020-2021,CISSS de la Côte-Nord,11,5,8.0
2020-2021,CISSS de la Côte-Nord,11,9,8.0
2020-2021,CISSS de la Côte-Nord,12,5,4.0
2020-2021,CISSS de la Côte-Nord,12,9,4.0
2020-2021,CISSS de la Côte-Nord,13,5,4.0
2020-2021,CISSS de la Côte-Nord,13,9,4.0
2020-2021,CISSS de la Côte-Nord,14,5,4.0
2020-2021,CISSS de la Côte-Nord,14,9,4.0
2020-2021,CISSS de la Côte-Nord,16,5,2.0
2020-2021,CISSS de la Côte-Nord,16,9,2.0
2020-2021,CISSS de la Côte-Nord,18,5,2.0
2020-2021,CISSS de la Côte-Nord,18,9,2.0
2020-2021,CISSS de la Gaspésie,6,4,2.0
2020-2021,CISSS de la Gaspésie,6,9,2.0
2020-2021,CISSS de la Gaspésie,7,4,2.0
2020-2021,CISSS de la Gaspésie,7,9,2.0
2020-2021,CISSS de la Gaspésie,11,6,2.0
2020-2021,CISSS de la Gaspésie,11,9,2.0
2020-2021,CISSS de la Gaspésie,13,6,2.0
2020-2021,CISSS de la Gaspésie,13,9,2.0
2020-2021,CISSS de la Gaspésie,14,6,2.0
2020-2021,CISSS de la Gaspésie,14,9,2.0
2020-2021,CISSS de la Montérégie-Ouest,11,4,8.0
2020-2021,CISSS de la Montérégie-Ouest,11,5,452.0
2020-2021,CISSS de la Montérégie-Ouest,11,6,178.0
2020-2021,CISSS de la Montérégie-Ouest,11,7,6.0
2020-2021,CISSS de la Montérégie-Ouest,11,9,644.0
2020-2021,CISSS de la Montérégie-Ouest,12,4,8.0
2020-2021,CISSS de la Montérégie-Ouest,12,5,266.0
2020-2021,CISSS de la Montérégie-Ouest,12,6,96.0
2020-2021,CISSS de la Montérégie-Ouest,12,7,6.0
2020-2021,CISSS de la Montérégie-Ouest,12,9,376.0
2020-2021,CISSS de la Montérégie-Ouest,13,5,186.0
2020-2021,CISSS de la Montérégie-Ouest,13,6,82.0
2020-2021,CISSS de la Montérégie-Ouest,13,9,268.0
2020-2021,CISSS de la Montérégie-Ouest,14,4,6.0
2020-2021,CISSS de la Montérégie-Ouest,14,5,36.0
2020-2021,CISSS de la Montérégie-Ouest,14,6,14.0
2020-2021,CISSS de la Montérégie-Ouest,14,9,56.0
2020-2021,CISSS de la Montérégie-Ouest,15,4,274.0
2020-2021,CISSS de la Montérégie-Ouest,15,5,35798.0
2020-2021,CISSS de la Montérégie-Ouest,15,6,10974.0
2020-2021,CISSS de la Montérégie-Ouest,15,7,200.0
2020-2021,CISSS de la Montérégie-Ouest,15,9,47246.0
2020-2021,CISSS de la Montérégie-Ouest,16,3,2.0
2020-2021,CISSS de la Montérégie-Ouest,16,4,28.0
2020-2021,CISSS de la Montérégie-Ouest,16,5,168.0
2020-2021,CISSS de la Montérégie-Ouest,16,6,34.0
2020-2021,CISSS de la Montérégie-Ouest,16,9,232.0
2020-2021,CISSS de la Montérégie-Ouest,17,3,2.0
2020-2021,CISSS de la Montérégie-Ouest,17,4,20.0
2020-2021,CISSS de la Montérégie-Ouest,17,5,104.0
2020-2021,CISSS de la Montérégie-Ouest,17,6,22.0
2020-2021,CISSS de la Montérégie-Ouest,17,9,148.0
2020-2021,CISSS de la Montérégie-Ouest,18,4,8.0
2020-2021,CISSS de la Montérégie-Ouest,18,5,64.0
2020-2021,CISSS de la Montérégie-Ouest,18,6,12.0
2020-2021,CISSS de la Montérégie-Ouest,18,9,84.0
2020-2021,CISSS de la Montérégie-Ouest,19,4,16.0
2020-2021,CISSS de la Montérégie-Ouest,19,5,60.0
2020-2021,CISSS de la Montérégie-Ouest,19,6,8.0
2020-2021,CISSS de la Montérégie-Ouest,19,9,84.0
2020-2021,CISSS des Laurentides,1,1,0.0
2020-2021,CISSS des Laurentides,1,2,0.0
2020-2021,CISSS des Laurentides,1,3,0.0
2020-2021,CISSS des Laurentides,1,4,0.0
2020-2021,CISSS des Laurentides,1,5,0.0
2020-2021,CISSS des Laurentides,1,6,0.0
2020-2021,CISSS des Laurentides,1,7,0.0
2020-2021,CISSS des Laurentides,1,8,0.0
2020-2021,CISSS des Laurentides,1,9,0.0
2020-2021,CISSS des Laurentides,2,1,0.0
2020-2021,CISSS des Laurentides,2,2,0.0
2020-2021,CISSS des Laurentides,2,3,0.0
2020-2021,CISSS des Laurentides,2,4,0.0
2020-2021,CISSS des Laurentides,2,5,0.0
2020-2021,CISSS des Laurentides,2,6,0.0
2020-2021,CISSS des Laurentides,2,7,0.0
2020-2021,CISSS des Laurentides,2,8,0.0
2020-2021,CISSS des Laurentides,2,9,0.0
2020-2021,CISSS des Laurentides,3,1,0.0
2020-2021,CISSS des Laurentides,3,2,0.0
2020-2021,CISSS des Laurentides,3,3,0.0
2020-2021,CISSS des Laurentides,3,4,0.0
2020-2021,CISSS des Laurentides,3,5,0.0
2020-2021,CISSS des Laurentides,3,6,0.0
2020-2021,CISSS des Laurentides,3,7,0.0
2020-2021,CISSS des Laurentides,3,8,0.0
2020-2021,CISSS des Laurentides,3,9,0.0
2020-2021,CISSS des Laurentides,4,1,0.0
2020-2021,CISSS des Laurentides,4,2,0.0
2020-2021,CISSS des Laurentides,4,3,0.0
2020-2021,CISSS des Laurentides,4,4,0.0
2020-2021,CISSS des Laurentides,4,5,0.0
2020-2021,CISSS des Laurentides,4,6,0.0
2020-2021,CISSS des Laurentides,4,7,0.0
2020-2021,CISSS des Laurentides,4,8,0.0
2020-2021,CISSS des Laurentides,4,9,0.0
2020-2021,CISSS des Laurentides,5,1,0.0
2020-2021,CISSS des Laurentides,5,2,0.0
2020-2021,CISSS des Laurentides,5,3,0.0
2020-2021,CISSS des Laurentides,5,4,0.0
2020-2021,CISSS des Laurentides,5,5,0.0
2020-2021,CISSS des Laurentides,5,6,0.0
2020-2021,CISSS des Laurentides,5,7,0.0
2020-2021,CISSS des Laurentides,5,8,0.0
2020-2021,CISSS des Laurentides,5,9,0.0
2020-2021,CISSS des Laurentides,6,1,0.0
2020-2021,CISSS des Laurentides,6,2,0.0
2020-2021,CISSS des Laurentides,6,3,4.0
2020-2021,CISSS des Laurentides,6,4,48.0
2020-2021,CISSS des Laurentides,6,5,404.0
2020-2021,CISSS des Laurentides,6,6,128.0
2020-2021,CISSS des Laurentides,6,7,10.0
2020-2021,CISSS des Laurentides,6,8,0.0
2020-2021,CISSS des Laurentides,6,9,594.0
2020-2021,CISSS des Laurentides,7,1,0.0
2020-2021,CISSS des Laurentides,7,2,0.0
2020-2021,CISSS des Laurentides,7,3,4.0
2020-2021,CISSS des Laurentides,7,4,36.0
2020-2021,CISSS des Laurentides,7,5,240.0
2020-2021,CISSS des Laurentides,7,6,76.0
2020-2021,CISSS des Laurentides,7,7,8.0
2020-2021,CISSS des Laurentides,7,8,0.0
2020-2021,CISSS des Laurentides,7,9,364.0
2020-2021,CISSS des Laurentides,8,1,0.0
2020-2021,CISSS des Laurentides,8,2,0.0
2020-2021,CISSS des Laurentides,8,3,0.0
2020-2021,CISSS des Laurentides,8,4,12.0
2020-2021,CISSS des Laurentides,8,5,164.0
2020-2021,CISSS des Laurentides,8,6,52.0
2020-2021,CISSS des Laurentides,8,7,2.0
2020-2021,CISSS des Laurentides,8,8,0.0
2020-2021,CISSS des Laurentides,8,9,230.0
2020-2021,CISSS des Laurentides,9,1,0.0
2020-2021,CISSS des Laurentides,9,2,0.0
2020-2021,CISSS des Laurentides,9,3,2.0
2020-2021,CISSS des Laurentides,9,4,12.0
2020-2021,CISSS des Laurentides,9,5,110.0
2020-2021,CISSS des Laurentides,9,6,42.0
2020-2021,CISSS des Laurentides,9,7,2.0
2020-2021,CISSS des Laurentides,9,8,0.0
2020-2021,CISSS des Laurentides,9,9,168.0
2020-2021,CISSS des Laurentides,10,1,0.0
2020-2021,CISSS des Laurentides,10,2,0.0
2020-2021,CISSS des Laurentides,10,3,118.0
2020-2021,CISSS des Laurentides,10,4,4110.0
2020-2021,CISSS des Laurentides,10,5,33678.0
2020-2021,CISSS des Laurentides,10,6,8524.0
2020-2021,CISSS des Laurentides,10,7,374.0
2020-2021,CISSS des Laurentides,10,8,0.0
2020-2021,CISSS des Laurentides,10,9,46804.0
2020-2021,CISSS des Laurentides,11,1,0.0
2020-2021,CISSS des Laurentides,11,2,0.0
2020-2021,CISSS des Laurentides,11,3,0.0
2020-2021,CISSS des Laurentides,11,4,18.0
2020-2021,CISSS des Laurentides,11,5,340.0
2020-2021,CISSS des Laurentides,11,6,138.0
2020-2021,CISSS des Laurentides,11,7,10.0
2020-2021,CISSS des Laurentides,11,8,4.0
2020-2021,CISSS des Laurentides,11,9,510.0
2020-2021,CISSS des Laurentides,12,1,0.0
2020-2021,CISSS des Laurentides,12,2,0.0
2020-2021,CISSS des Laurentides,12,3,0.0
2020-2021,CISSS des Laurentides,12,4,14.0
2020-2021,CISSS des Laurentides,12,5,208.0
2020-2021,CISSS des Laurentides,12,6,90.0
2020-2021,CISSS des Laurentides,12,7,6.0
2020-2021,CISSS des Laurentides,12,8,2.0
2020-2021,CISSS des Laurentides,12,9,320.0
2020-2021,CISSS des Laurentides,13,1,0.0
2020-2021,CISSS des Laurentides,13,2,0.0
2020-2021,CISSS des Laurentides,13,3,0.0
2020-2021,CISSS des Laurentides,13,4,4.0
2020-2021,CISSS des Laurentides,13,5,132.0
2020-2021,CISSS des Laurentides,13,6,48.0
2020-2021,CISSS des Laurentides,13,7,4.0
2020-2021,CISSS des Laurentides,13,8,2.0
2020-2021,CISSS des Laurentides,13,9,190.0
2020-2021,CISSS des Laurentides,14,1,0.0
2020-2021,CISSS des Laurentides,14,2,0.0
2020-2021,CISSS des Laurentides,14,3,0.0
2020-2021,CISSS des Laurentides,14,4,6.0
2020-2021,CISSS des Laurentides,14,5,94.0
2020-2021,CISSS des Laurentides,14,6,48.0
2020-2021,CISSS des Laurentides,14,7,6.0
2020-2021,CISSS des Laurentides,14,8,2.0
2020-2021,CISSS des Laurentides,14,9,156.0
2020-2021,CISSS des Laurentides,15,1,0.0
2020-2021,CISSS des Laurentides,15,2,0.0
2020-2021,CISSS des Laurentides,15,3,0.0
2020-2021,CISSS des Laurentides,15,4,392.0
2020-2021,CISSS des Laurentides,15,5,14788.0
2020-2021,CISSS des Laurentides,15,6,4384.0
2020-2021,CISSS des Laurentides,15,7,242.0
2020-2021,CISSS des Laurentides,15,8,148.0
2020-2021,CISSS des Laurentides,15,9,19954.0
2020-2021,CISSS des Laurentides,16,1,0.0
2020-2021,CISSS des Laurentides,16,2,0.0
2020-2021,CISSS des Laurentides,16,3,0.0
2020-2021,CISSS des Laurentides,16,4,0.0
2020-2021,CISSS des Laurentides,16,5,2.0
2020-2021,CISSS des Laurentides,16,6,2.0
2020-2021,CISSS des Laurentides,16,7,0.0
2020-2021,CISSS des Laurentides,16,8,0.0
2020-2021,CISSS des Laurentides,16,9,4.0
2020-2021,CISSS des Laurentides,17,1,0.0
2020-2021,CISSS des Laurentides,17,2,0.0
2020-2021,CISSS des Laurentides,17,3,0.0
2020-2021,CISSS des Laurentides,17,4,0.0
2020-2021,CISSS des Laurentides,17,5,0.0
2020-2021,CISSS des Laurentides,17,6,2.0
2020-2021,CISSS des Laurentides,17,7,0.0
2020-2021,CISSS des Laurentides,17,8,0.0
2020-2021,CISSS des Laurentides,17,9,2.0
2020-2021,CISSS des Laurentides,18,1,0.0
2020-2021,CISSS des Laurentides,18,2,0.0
2020-2021,CISSS des Laurentides,18,3,0.0
2020-2021,CISSS des Laurentides,18,4,0.0
2020-2021,CISSS des Laurentides,18,5,2.0
2020-2021,CISSS des Laurentides,18,6,0.0
2020-2021,CISSS des Laurentides,18,7,0.0
2020-2021,CISSS des Laurentides,18,8,0.0
2020-2021,CISSS des Laurentides,18,9,2.0
2020-2021,CISSS des Laurentides,19,1,0.0
2020-2021,CISSS des Laurentides,19,2,0.0
2020-2021,CISSS des Laurentides,19,3,0.0
2020-2021,CISSS des Laurentides,19,4,0.0
2020-2021,CISSS des Laurentides,19,5,2.0
2020-2021,CISSS des Laurentides,19,6,0.0
2020-2021,CISSS des Laurentides,19,7,0.0
2020-2021,CISSS des Laurentides,19,8,0.0
2020-2021,CISSS des Laurentides,19,9,2.0
2020-2021,CISSS des Îles,1,5,8.0
2020-2021,CISSS des Îles,1,6,22.0
2020-2021,CISSS des Îles,1,7,2.0
2020-2021,CISSS des Îles,1,9,32.0
2020-2021,CISSS des Îles,2,5,6.0
2020-2021,CISSS des Îles,2,6,8.0
2020-2021,CISSS des Îles,2,9,14.0
2020-2021,CISSS des Îles,3,5,2.0
2020-2021,CISSS des Îles,3,6,14.0
2020-2021,CISSS des Îles,3,7,2.0
2020-2021,CISSS des Îles,3,9,18.0
2020-2021,CISSS des Îles,5,5,600.0
2020-2021,CISSS des Îles,5,6,1526.0
2020-2021,CISSS des Îles,5,7,58.0
2020-2021,CISSS des Îles,5,9,2184.0
2020-2021,CISSS des Îles,11,5,2.0
2020-2021,CISSS des Îles,11,6,18.0
2020-2021,CISSS des Îles,11,7,2.0
2020-2021,CISSS des Îles,11,9,22.0
2020-2021,CISSS des Îles,12,6,4.0
2020-2021,CISSS des Îles,12,9,4.0
2020-2021,CISSS des Îles,13,5,2.0
2020-2021,CISSS des Îles,13,6,14.0
2020-2021,CISSS des Îles,13,7,2.0
2020-2021,CISSS des Îles,13,9,18.0
2020-2021,CISSS des Îles,15,5,114.0
2020-2021,CISSS des Îles,15,6,666.0
2020-2021,CISSS des Îles,15,7,62.0
2020-2021,CISSS des Îles,15,9,842.0
2020-2021,CISSS des Îles,16,3,2.0
2020-2021,CISSS des Îles,16,4,4.0
2020-2021,CISSS des Îles,16,5,4.0
2020-2021,CISSS des Îles,16,9,10.0
2020-2021,CISSS des Îles,17,3,2.0
2020-2021,CISSS des Îles,17,4,2.0
2020-2021,CISSS des Îles,17,5,4.0
2020-2021,CISSS des Îles,17,9,8.0
2020-2021,CISSS des Îles,18,4,2.0
2020-2021,CISSS des Îles,18,9,2.0
2020-2021,CISSS des Îles,19,3,2.0
2020-2021,CISSS des Îles,19,9,2.0
2020-2021,CISSS du Bas-Saint-Laurent,1,1,0.0
2020-2021,CISSS du Bas-Saint-Laurent,1,2,0.0
2020-2021,CISSS du Bas-Saint-Laurent,1,3,0.0
2020-2021,CISSS du Bas-Saint-Laurent,1,4,4.0
2020-2021,CISSS du Bas-Saint-Laurent,1,5,24.0
2020-2021,CISSS du Bas-Saint-Laurent,1,6,22.0
2020-2021,CISSS du Bas-Saint-Laurent,1,7,0.0
2020-2021,CISSS du Bas-Saint-Laurent,1,8,0.0
2020-2021,CISSS du Bas-Saint-Laurent,1,9,50.0
2020-2021,CISSS du Bas-Saint-Laurent,2,1,0.0
2020-2021,CISSS du Bas-Saint-Laurent,2,2,0.0
2020-2021,CISSS du Bas-Saint-Laurent,2,3,0.0
2020-2021,CISSS du Bas-Saint-Laurent,2,4,2.0
2020-2021,CISSS du Bas-Saint-Laurent,2,5,18.0
2020-2021,CISSS du Bas-Saint-Laurent,2,6,20.0
2020-2021,CISSS du Bas-Saint-Laurent,2,7,0.0
2020-2021,CISSS du Bas-Saint-Laurent,2,8,0.0
2020-2021,CISSS du Bas-Saint-Laurent,2,9,40.0
2020-2021,CISSS du Bas-Saint-Laurent,3,1,0.0
2020-2021,CISSS du Bas-Saint-Laurent,3,2,0.0
2020-2021,CISSS du Bas-Saint-Laurent,3,3,0.0
2020-2021,CISSS du Bas-Saint-Laurent,3,4,2.0
2020-2021,CISSS du Bas-Saint-Laurent,3,5,6.0
2020-2021,CISSS du Bas-Saint-Laurent,3,6,2.0
2020-2021,CISSS du Bas-Saint-Laurent,3,7,0.0
2020-2021,CISSS du Bas-Saint-Laurent,3,8,0.0
2020-2021,CISSS du Bas-Saint-Laurent,3,9,10.0
2020-2021,CISSS du Bas-Saint-Laurent,4,1,0.0
2020-2021,CISSS du Bas-Saint-Laurent,4,2,0.0
2020-2021,CISSS du Bas-Saint-Laurent,4,3,0.0
2020-2021,CISSS du Bas-Saint-Laurent,4,4,2.0
2020-2021,CISSS du Bas-Saint-Laurent,4,5,0.0
2020-2021,CISSS du Bas-Saint-Laurent,4,6,0.0
2020-2021,CISSS du Bas-Saint-Laurent,4,7,0.0
2020-2021,CISSS du Bas-Saint-Laurent,4,8,0.0
2020-2021,CISSS du Bas-Saint-Laurent,4,9,2.0
2020-2021,CISSS du Bas-Saint-Laurent,5,1,0.0
2020-2021,CISSS du Bas-Saint-Laurent,5,2,0.0
2020-2021,CISSS du Bas-Saint-Laurent,5,3,0.0
2020-2021,CISSS du Bas-Saint-Laurent,5,4,62.0
2020-2021,CISSS du Bas-Saint-Laurent,5,5,2086.0
2020-2021,CISSS du Bas-Saint-Laurent,5,6,1778.0
2020-2021,CISSS du Bas-Saint-Laurent,5,7,0.0
2020-2021,CISSS du Bas-Saint-Laurent,5,8,0.0
2020-2021,CISSS du Bas-Saint-Laurent,5,9,3926.0
2020-2021,CISSS du Bas-Saint-Laurent,6,1,0.0
2020-2021,CISSS du Bas-Saint-Laurent,6,2,0.0
2020-2021,CISSS du Bas-Saint-Laurent,6,3,6.0
2020-2021,CISSS du Bas-Saint-Laurent,6,4,14.0
2020-2021,CISSS du Bas-Saint-Laurent,6,5,86.0
2020-2021,CISSS du Bas-Saint-Laurent,6,6,64.0
2020-2021,CISSS du Bas-Saint-Laurent,6,7,0.0
2020-2021,CISSS du Bas-Saint-Laurent,6,8,0.0
2020-2021,CISSS du Bas-Saint-Laurent,6,9,170.0
2020-2021,CISSS du Bas-Saint-Laurent,7,1,0.0
2020-2021,CISSS du Bas-Saint-Laurent,7,2,0.0
2020-2021,CISSS du Bas-Saint-Laurent,7,3,6.0
2020-2021,CISSS du Bas-Saint-Laurent,7,4,8.0
2020-2021,CISSS du Bas-Saint-Laurent,7,5,60.0
2020-2021,CISSS du Bas-Saint-Laurent,7,6,48.0
2020-2021,CISSS du Bas-Saint-Laurent,7,7,0.0
2020-2021,CISSS du Bas-Saint-Laurent,7,8,0.0
2020-2021,CISSS du Bas-Saint-Laurent,7,9,122.0
2020-2021,CISSS du Bas-Saint-Laurent,8,1,0.0
2020-2021,CISSS du Bas-Saint-Laurent,8,2,0.0
2020-2021,CISSS du Bas-Saint-Laurent,8,3,0.0
2020-2021,CISSS du Bas-Saint-Laurent,8,4,6.0
2020-2021,CISSS du Bas-Saint-Laurent,8,5,26.0
2020-2021,CISSS du Bas-Saint-Laurent,8,6,16.0
2020-2021,CISSS du Bas-Saint-Laurent,8,7,0.0
2020-2021,CISSS du Bas-Saint-Laurent,8,8,0.0
2020-2021,CISSS du Bas-Saint-Laurent,8,9,48.0
2020-2021,CISSS du Bas-Saint-Laurent,9,1,0.0
2020-2021,CISSS du Bas-Saint-Laurent,9,2,0.0
2020-2021,CISSS du Bas-Saint-Laurent,9,3,4.0
2020-2021,CISSS du Bas-Saint-Laurent,9,4,6.0
2020-2021,CISSS du Bas-Saint-Laurent,9,5,8.0
2020-2021,CISSS du Bas-Saint-Laurent,9,6,8.0
2020-2021,CISSS du Bas-Saint-Laurent,9,7,0.0
2020-2021,CISSS du Bas-Saint-Laurent,9,8,0.0
2020-2021,CISSS du Bas-Saint-Laurent,9,9,26.0
2020-2021,CISSS du Bas-Saint-Laurent,10,1,0.0
2020-2021,CISSS du Bas-Saint-Laurent,10,2,0.0
2020-2021,CISSS du Bas-Saint-Laurent,10,3,390.0
2020-2021,CISSS du Bas-Saint-Laurent,10,4,1300.0
2020-2021,CISSS du Bas-Saint-Laurent,10,5,8884.0
2020-2021,CISSS du Bas-Saint-Laurent,10,6,5884.0
2020-2021,CISSS du Bas-Saint-Laurent,10,7,0.0
2020-2021,CISSS du Bas-Saint-Laurent,10,8,0.0
2020-2021,CISSS du Bas-Saint-Laurent,10,9,16458.0
2020-2021,CISSS du Bas-Saint-Laurent,11,1,0.0
2020-2021,CISSS du Bas-Saint-Laurent,11,2,0.0
2020-2021,CISSS du Bas-Saint-Laurent,11,3,2.0
2020-2021,CISSS du Bas-Saint-Laurent,11,4,14.0
2020-2021,CISSS du Bas-Saint-Laurent,11,5,140.0
2020-2021,CISSS du Bas-Saint-Laurent,11,6,82.0
2020-2021,CISSS du Bas-Saint-Laurent,11,7,4.0
2020-2021,CISSS du Bas-Saint-Laurent,11,8,2.0
2020-2021,CISSS du Bas-Saint-Laurent,11,9,244.0
2020-2021,CISSS du Bas-Saint-Laurent,12,1,0.0
2020-2021,CISSS du Bas-Saint-Laurent,12,2,0.0
2020-2021,CISSS du Bas-Saint-Laurent,12,3,2.0
2020-2021,CISSS du Bas-Saint-Laurent,12,4,6.0
2020-2021,CISSS du Bas-Saint-Laurent,12,5,82.0
2020-2021,CISSS du Bas-Saint-Laurent,12,6,40.0
2020-2021,CISSS du Bas-Saint-Laurent,12,7,2.0
2020-2021,CISSS du Bas-Saint-Laurent,12,8,2.0
2020-2021,CISSS du Bas-Saint-Laurent,12,9,134.0
2020-2021,CISSS du Bas-Saint-Laurent,13,1,0.0
2020-2021,CISSS du Bas-Saint-Laurent,13,2,0.0
2020-2021,CISSS du Bas-Saint-Laurent,13,3,0.0
2020-2021,CISSS du Bas-Saint-Laurent,13,4,8.0
2020-2021,CISSS du Bas-Saint-Laurent,13,5,58.0
2020-2021,CISSS du Bas-Saint-Laurent,13,6,42.0
2020-2021,CISSS du Bas-Saint-Laurent,13,7,2.0
2020-2021,CISSS du Bas-Saint-Laurent,13,8,0.0
2020-2021,CISSS du Bas-Saint-Laurent,13,9,110.0
2020-2021,CISSS du Bas-Saint-Laurent,14,1,0.0
2020-2021,CISSS du Bas-Saint-Laurent,14,2,0.0
2020-2021,CISSS du Bas-Saint-Laurent,14,3,0.0
2020-2021,CISSS du Bas-Saint-Laurent,14,4,0.0
2020-2021,CISSS du Bas-Saint-Laurent,14,5,20.0
2020-2021,CISSS du Bas-Saint-Laurent,14,6,14.0
2020-2021,CISSS du Bas-Saint-Laurent,14,7,2.0
2020-2021,CISSS du Bas-Saint-Laurent,14,8,0.0
2020-2021,CISSS du Bas-Saint-Laurent,14,9,36.0
2020-2021,CISSS du Bas-Saint-Laurent,15,1,0.0
2020-2021,CISSS du Bas-Saint-Laurent,15,2,0.0
2020-2021,CISSS du Bas-Saint-Laurent,15,3,8.0
2020-2021,CISSS du Bas-Saint-Laurent,15,4,1372.0
2020-2021,CISSS du Bas-Saint-Laurent,15,5,13220.0
2020-2021,CISSS du Bas-Saint-Laurent,15,6,4608.0
2020-2021,CISSS du Bas-Saint-Laurent,15,7,192.0
2020-2021,CISSS du Bas-Saint-Laurent,15,8,96.0
2020-2021,CISSS du Bas-Saint-Laurent,15,9,19496.0
2020-2021,CIUSSS de l'Estrie  CHUS,1,4,4.0
2020-2021,CIUSSS de l'Estrie  CHUS,1,5,80.0
2020-2021,CIUSSS de l'Estrie  CHUS,1,6,24.0
2020-2021,CIUSSS de l'Estrie  CHUS,1,7,8.0
2020-2021,CIUSSS de l'Estrie  CHUS,1,9,116.0
2020-2021,CIUSSS de l'Estrie  CHUS,2,4,4.0
2020-2021,CIUSSS de l'Estrie  CHUS,2,5,58.0
2020-2021,CIUSSS de l'Estrie  CHUS,2,6,10.0
2020-2021,CIUSSS de l'Estrie  CHUS,2,7,2.0
2020-2021,CIUSSS de l'Estrie  CHUS,2,8,0.0
2020-2021,CIUSSS de l'Estrie  CHUS,2,9,74.0
2020-2021,CIUSSS de l'Estrie  CHUS,3,5,22.0
2020-2021,CIUSSS de l'Estrie  CHUS,3,6,14.0
2020-2021,CIUSSS de l'Estrie  CHUS,3,7,6.0
2020-2021,CIUSSS de l'Estrie  CHUS,3,8,0.0
2020-2021,CIUSSS de l'Estrie  CHUS,3,9,42.0
2020-2021,CIUSSS de l'Estrie  CHUS,4,5,8.0
2020-2021,CIUSSS de l'Estrie  CHUS,4,6,0.0
2020-2021,CIUSSS de l'Estrie  CHUS,4,7,0.0
2020-2021,CIUSSS de l'Estrie  CHUS,4,8,0.0
2020-2021,CIUSSS de l'Estrie  CHUS,4,9,8.0
2020-2021,CIUSSS de l'Estrie  CHUS,5,4,4.0
2020-2021,CIUSSS de l'Estrie  CHUS,5,5,7326.0
2020-2021,CIUSSS de l'Estrie  CHUS,5,6,1542.0
2020-2021,CIUSSS de l'Estrie  CHUS,5,7,482.0
2020-2021,CIUSSS de l'Estrie  CHUS,5,8,0.0
2020-2021,CIUSSS de l'Estrie  CHUS,5,9,9354.0
2020-2021,CIUSSS de l'Estrie  CHUS,6,4,12.0
2020-2021,CIUSSS de l'Estrie  CHUS,6,5,194.0
2020-2021,CIUSSS de l'Estrie  CHUS,6,6,90.0
2020-2021,CIUSSS de l'Estrie  CHUS,6,7,6.0
2020-2021,CIUSSS de l'Estrie  CHUS,6,9,302.0
2020-2021,CIUSSS de l'Estrie  CHUS,7,4,12.0
2020-2021,CIUSSS de l'Estrie  CHUS,7,5,120.0
2020-2021,CIUSSS de l'Estrie  CHUS,7,6,60.0
2020-2021,CIUSSS de l'Estrie  CHUS,7,7,0.0
2020-2021,CIUSSS de l'Estrie  CHUS,7,8,0.0
2020-2021,CIUSSS de l'Estrie  CHUS,7,9,192.0
2020-2021,CIUSSS de l'Estrie  CHUS,8,5,74.0
2020-2021,CIUSSS de l'Estrie  CHUS,8,6,30.0
2020-2021,CIUSSS de l'Estrie  CHUS,8,7,6.0
2020-2021,CIUSSS de l'Estrie  CHUS,8,8,0.0
2020-2021,CIUSSS de l'Estrie  CHUS,8,9,110.0
2020-2021,CIUSSS de l'Estrie  CHUS,9,4,2.0
2020-2021,CIUSSS de l'Estrie  CHUS,9,5,18.0
2020-2021,CIUSSS de l'Estrie  CHUS,9,6,12.0
2020-2021,CIUSSS de l'Estrie  CHUS,9,7,2.0
2020-2021,CIUSSS de l'Estrie  CHUS,9,8,0.0
2020-2021,CIUSSS de l'Estrie  CHUS,9,9,34.0
2020-2021,CIUSSS de l'Estrie  CHUS,10,4,1010.0
2020-2021,CIUSSS de l'Estrie  CHUS,10,5,20090.0
2020-2021,CIUSSS de l'Estrie  CHUS,10,6,9844.0
2020-2021,CIUSSS de l'Estrie  CHUS,10,7,146.0
2020-2021,CIUSSS de l'Estrie  CHUS,10,8,0.0
2020-2021,CIUSSS de l'Estrie  CHUS,10,9,31090.0
2020-2021,CIUSSS de l'Estrie  CHUS,11,4,4.0
2020-2021,CIUSSS de l'Estrie  CHUS,11,5,200.0
2020-2021,CIUSSS de l'Estrie  CHUS,11,6,132.0
2020-2021,CIUSSS de l'Estrie  CHUS,11,7,22.0
2020-2021,CIUSSS de l'Estrie  CHUS,11,8,0.0
2020-2021,CIUSSS de l'Estrie  CHUS,11,9,358.0
2020-2021,CIUSSS de l'Estrie  CHUS,12,4,4.0
2020-2021,CIUSSS de l'Estrie  CHUS,12,5,106.0
2020-2021,CIUSSS de l'Estrie  CHUS,12,6,80.0
2020-2021,CIUSSS de l'Estrie  CHUS,12,7,10.0
2020-2021,CIUSSS de l'Estrie  CHUS,12,8,0.0
2020-2021,CIUSSS de l'Estrie  CHUS,12,9,200.0
2020-2021,CIUSSS de l'Estrie  CHUS,13,5,94.0
2020-2021,CIUSSS de l'Estrie  CHUS,13,6,52.0
2020-2021,CIUSSS de l'Estrie  CHUS,13,7,12.0
2020-2021,CIUSSS de l'Estrie  CHUS,13,8,0.0
2020-2021,CIUSSS de l'Estrie  CHUS,13,9,158.0
2020-2021,CIUSSS de l'Estrie  CHUS,14,5,18.0
2020-2021,CIUSSS de l'Estrie  CHUS,14,6,8.0
2020-2021,CIUSSS de l'Estrie  CHUS,14,7,0.0
2020-2021,CIUSSS de l'Estrie  CHUS,14,8,0.0
2020-2021,CIUSSS de l'Estrie  CHUS,14,9,26.0
2020-2021,CIUSSS de l'Estrie  CHUS,15,4,118.0
2020-2021,CIUSSS de l'Estrie  CHUS,15,5,14998.0
2020-2021,CIUSSS de l'Estrie  CHUS,15,6,8204.0
2020-2021,CIUSSS de l'Estrie  CHUS,15,7,1102.0
2020-2021,CIUSSS de l'Estrie  CHUS,15,9,24422.0
2020-2021,CIUSSS de l'Estrie  CHUS,16,4,2.0
2020-2021,CIUSSS de l'Estrie  CHUS,16,9,2.0
2020-2021,CIUSSS de l'Estrie  CHUS,17,4,2.0
2020-2021,CIUSSS de l'Estrie  CHUS,17,9,2.0
2020-2021,CIUSSS de l'Estrie  CHUS,19,4,2.0
2020-2021,CIUSSS de l'Estrie  CHUS,19,9,2.0
2020-2021,CIUSSS de l'Ouest-de-l'Île-de-Montréal,1,1,0.0
2020-2021,CIUSSS de l'Ouest-de-l'Île-de-Montréal,1,2,0.0
2020-2021,CIUSSS de l'Ouest-de-l'Île-de-Montréal,1,3,0.0
2020-2021,CIUSSS de l'Ouest-de-l'Île-de-Montréal,1,4,0.0
2020-2021,CIUSSS de l'Ouest-de-l'Île-de-Montréal,1,5,82.0
2020-2021,CIUSSS de l'Ouest-de-l'Île-de-Montréal,1,6,16.0
2020-2021,CIUSSS de l'Ouest-de-l'Île-de-Montréal,1,7,0.0
2020-2021,CIUSSS de l'Ouest-de-l'Île-de-Montréal,1,8,0.0
2020-2021,CIUSSS de l'Ouest-de-l'Île-de-Montréal,1,9,98.0
2020-2021,CIUSSS de l'Ouest-de-l'Île-de-Montréal,2,1,0.0
2020-2021,CIUSSS de l'Ouest-de-l'Île-de-Montréal,2,2,0.0
2020-2021,CIUSSS de l'Ouest-de-l'Île-de-Montréal,2,3,0.0
2020-2021,CIUSSS de l'Ouest-de-l'Île-de-Montréal,2,4,0.0
2020-2021,CIUSSS de l'Ouest-de-l'Île-de-Montréal,2,5,68.0
2020-2021,CIUSSS de l'Ouest-de-l'Île-de-Montréal,2,6,14.0
2020-2021,CIUSSS de l'Ouest-de-l'Île-de-Montréal,2,7,0.0
2020-2021,CIUSSS de l'Ouest-de-l'Île-de-Montréal,2,8,0.0
2020-2021,CIUSSS de l'Ouest-de-l'Île-de-Montréal,2,9,82.0
2020-2021,CIUSSS de l'Ouest-de-l'Île-de-Montréal,3,1,0.0
2020-2021,CIUSSS de l'Ouest-de-l'Île-de-Montréal,3,2,0.0
2020-2021,CIUSSS de l'Ouest-de-l'Île-de-Montréal,3,3,0.0
2020-2021,CIUSSS de l'Ouest-de-l'Île-de-Montréal,3,4,0.0
2020-2021,CIUSSS de l'Ouest-de-l'Île-de-Montréal,3,5,14.0
2020-2021,CIUSSS de l'Ouest-de-l'Île-de-Montréal,3,6,2.0
2020-2021,CIUSSS de l'Ouest-de-l'Île-de-Montréal,3,7,0.0
2020-2021,CIUSSS de l'Ouest-de-l'Île-de-Montréal,3,8,0.0
2020-2021,CIUSSS de l'Ouest-de-l'Île-de-Montréal,3,9,16.0
2020-2021,CIUSSS de l'Ouest-de-l'Île-de-Montréal,4,1,0.0
2020-2021,CIUSSS de l'Ouest-de-l'Île-de-Montréal,4,2,0.0
2020-2021,CIUSSS de l'Ouest-de-l'Île-de-Montréal,4,3,0.0
2020-2021,CIUSSS de l'Ouest-de-l'Île-de-Montréal,4,4,0.0
2020-2021,CIUSSS de l'Ouest-de-l'Île-de-Montréal,4,5,4.0
2020-2021,CIUSSS de l'Ouest-de-l'Île-de-Montréal,4,6,0.0
2020-2021,CIUSSS de l'Ouest-de-l'Île-de-Montréal,4,7,0.0
2020-2021,CIUSSS de l'Ouest-de-l'Île-de-Montréal,4,8,0.0
2020-2021,CIUSSS de l'Ouest-de-l'Île-de-Montréal,4,9,4.0
2020-2021,CIUSSS de l'Ouest-de-l'Île-de-Montréal,5,1,0.0
2020-2021,CIUSSS de l'Ouest-de-l'Île-de-Montréal,5,2,0.0
2020-2021,CIUSSS de l'Ouest-de-l'Île-de-Montréal,5,3,0.0
2020-2021,CIUSSS de l'Ouest-de-l'Île-de-Montréal,5,4,0.0
2020-2021,CIUSSS de l'Ouest-de-l'Île-de-Montréal,5,5,6208.0
2020-2021,CIUSSS de l'Ouest-de-l'Île-de-Montréal,5,6,1310.0
2020-2021,CIUSSS de l'Ouest-de-l'Île-de-Montréal,5,7,0.0
2020-2021,CIUSSS de l'Ouest-de-l'Île-de-Montréal,5,8,0.0
2020-2021,CIUSSS de l'Ouest-de-l'Île-de-Montréal,5,9,7518.0
2020-2021,CIUSSS de l'Ouest-de-l'Île-de-Montréal,6,1,0.0
2020-2021,CIUSSS de l'Ouest-de-l'Île-de-Montréal,6,2,0.0
2020-2021,CIUSSS de l'Ouest-de-l'Île-de-Montréal,6,3,0.0
2020-2021,CIUSSS de l'Ouest-de-l'Île-de-Montréal,6,4,10.0
2020-2021,CIUSSS de l'Ouest-de-l'Île-de-Montréal,6,5,184.0
2020-2021,CIUSSS de l'Ouest-de-l'Île-de-Montréal,6,6,118.0
2020-2021,CIUSSS de l'Ouest-de-l'Île-de-Montréal,6,7,4.0
2020-2021,CIUSSS de l'Ouest-de-l'Île-de-Montréal,6,8,0.0
2020-2021,CIUSSS de l'Ouest-de-l'Île-de-Montréal,6,9,316.0
2020-2021,CIUSSS de l'Ouest-de-l'Île-de-Montréal,7,1,0.0
2020-2021,CIUSSS de l'Ouest-de-l'Île-de-Montréal,7,2,0.0
2020-2021,CIUSSS de l'Ouest-de-l'Île-de-Montréal,7,3,0.0
2020-2021,CIUSSS de l'Ouest-de-l'Île-de-Montréal,7,4,8.0
2020-2021,CIUSSS de l'Ouest-de-l'Île-de-Montréal,7,5,106.0
2020-2021,CIUSSS de l'Ouest-de-l'Île-de-Montréal,7,6,74.0
2020-2021,CIUSSS de l'Ouest-de-l'Île-de-Montréal,7,7,4.0
2020-2021,CIUSSS de l'Ouest-de-l'Île-de-Montréal,7,8,0.0
2020-2021,CIUSSS de l'Ouest-de-l'Île-de-Montréal,7,9,192.0
2020-2021,CIUSSS de l'Ouest-de-l'Île-de-Montréal,8,1,0.0
2020-2021,CIUSSS de l'Ouest-de-l'Île-de-Montréal,8,2,0.0
2020-2021,CIUSSS de l'Ouest-de-l'Île-de-Montréal,8,3,0.0
2020-2021,CIUSSS de l'Ouest-de-l'Île-de-Montréal,8,4,2.0
2020-2021,CIUSSS de l'Ouest-de-l'Île-de-Montréal,8,5,78.0
2020-2021,CIUSSS de l'Ouest-de-l'Île-de-Montréal,8,6,44.0
2020-2021,CIUSSS de l'Ouest-de-l'Île-de-Montréal,8,7,0.0
2020-2021,CIUSSS de l'Ouest-de-l'Île-de-Montréal,8,8,0.0
2020-2021,CIUSSS de l'Ouest-de-l'Île-de-Montréal,8,9,124.0
2020-2021,CIUSSS de l'Ouest-de-l'Île-de-Montréal,9,1,0.0
2020-2021,CIUSSS de l'Ouest-de-l'Île-de-Montréal,9,2,0.0
2020-2021,CIUSSS de l'Ouest-de-l'Île-de-Montréal,9,3,0.0
2020-2021,CIUSSS de l'Ouest-de-l'Île-de-Montréal,9,4,2.0
2020-2021,CIUSSS de l'Ouest-de-l'Île-de-Montréal,9,5,18.0
2020-2021,CIUSSS de l'Ouest-de-l'Île-de-Montréal,9,6,4.0
2020-2021,CIUSSS de l'Ouest-de-l'Île-de-Montréal,9,7,0.0
2020-2021,CIUSSS de l'Ouest-de-l'Île-de-Montréal,9,8,0.0
2020-2021,CIUSSS de l'Ouest-de-l'Île-de-Montréal,9,9,24.0
2020-2021,CIUSSS de l'Ouest-de-l'Île-de-Montréal,10,1,0.0
2020-2021,CIUSSS de l'Ouest-de-l'Île-de-Montréal,10,2,0.0
2020-2021,CIUSSS de l'Ouest-de-l'Île-de-Montréal,10,3,0.0
2020-2021,CIUSSS de l'Ouest-de-l'Île-de-Montréal,10,4,92.0
2020-2021,CIUSSS de l'Ouest-de-l'Île-de-Montréal,10,5,14120.0
2020-2021,CIUSSS de l'Ouest-de-l'Île-de-Montréal,10,6,5584.0
2020-2021,CIUSSS de l'Ouest-de-l'Île-de-Montréal,10,7,218.0
2020-2021,CIUSSS de l'Ouest-de-l'Île-de-Montréal,10,8,0.0
2020-2021,CIUSSS de l'Ouest-de-l'Île-de-Montréal,10,9,20014.0
2020-2021,CIUSSS de l'Ouest-de-l'Île-de-Montréal,11,1,0.0
2020-2021,CIUSSS de l'Ouest-de-l'Île-de-Montréal,11,2,0.0
2020-2021,CIUSSS de l'Ouest-de-l'Île-de-Montréal,11,3,0.0
2020-2021,CIUSSS de l'Ouest-de-l'Île-de-Montréal,11,4,4.0
2020-2021,CIUSSS de l'Ouest-de-l'Île-de-Montréal,11,5,352.0
2020-2021,CIUSSS de l'Ouest-de-l'Île-de-Montréal,11,6,180.0
2020-2021,CIUSSS de l'Ouest-de-l'Île-de-Montréal,11,7,10.0
2020-2021,CIUSSS de l'Ouest-de-l'Île-de-Montréal,11,8,0.0
2020-2021,CIUSSS de l'Ouest-de-l'Île-de-Montréal,11,9,546.0
2020-2021,CIUSSS de l'Ouest-de-l'Île-de-Montréal,12,1,0.0
2020-2021,CIUSSS de l'Ouest-de-l'Île-de-Montréal,12,2,0.0
2020-2021,CIUSSS de l'Ouest-de-l'Île-de-Montréal,12,3,0.0
2020-2021,CIUSSS de l'Ouest-de-l'Île-de-Montréal,12,4,2.0
2020-2021,CIUSSS de l'Ouest-de-l'Île-de-Montréal,12,5,222.0
2020-2021,CIUSSS de l'Ouest-de-l'Île-de-Montréal,12,6,102.0
2020-2021,CIUSSS de l'Ouest-de-l'Île-de-Montréal,12,7,2.0
2020-2021,CIUSSS de l'Ouest-de-l'Île-de-Montréal,12,8,0.0
2020-2021,CIUSSS de l'Ouest-de-l'Île-de-Montréal,12,9,328.0
2020-2021,CIUSSS de l'Ouest-de-l'Île-de-Montréal,13,1,0.0
2020-2021,CIUSSS de l'Ouest-de-l'Île-de-Montréal,13,2,0.0
2020-2021,CIUSSS de l'Ouest-de-l'Île-de-Montréal,13,3,0.0
2020-2021,CIUSSS de l'Ouest-de-l'Île-de-Montréal,13,4,2.0
2020-2021,CIUSSS de l'Ouest-de-l'Île-de-Montréal,13,5,130.0
2020-2021,CIUSSS de l'Ouest-de-l'Île-de-Montréal,13,6,78.0
2020-2021,CIUSSS de l'Ouest-de-l'Île-de-Montréal,13,7,8.0
2020-2021,CIUSSS de l'Ouest-de-l'Île-de-Montréal,13,8,0.0
2020-2021,CIUSSS de l'Ouest-de-l'Île-de-Montréal,13,9,218.0
2020-2021,CIUSSS de l'Ouest-de-l'Île-de-Montréal,14,1,0.0
2020-2021,CIUSSS de l'Ouest-de-l'Île-de-Montréal,14,2,0.0
2020-2021,CIUSSS de l'Ouest-de-l'Île-de-Montréal,14,3,0.0
2020-2021,CIUSSS de l'Ouest-de-l'Île-de-Montréal,14,4,0.0
2020-2021,CIUSSS de l'Ouest-de-l'Île-de-Montréal,14,5,16.0
2020-2021,CIUSSS de l'Ouest-de-l'Île-de-Montréal,14,6,16.0
2020-2021,CIUSSS de l'Ouest-de-l'Île-de-Montréal,14,7,0.0
2020-2021,CIUSSS de l'Ouest-de-l'Île-de-Montréal,14,8,0.0
2020-2021,CIUSSS de l'Ouest-de-l'Île-de-Montréal,14,9,32.0
2020-2021,CIUSSS de l'Ouest-de-l'Île-de-Montréal,15,1,0.0
2020-2021,CIUSSS de l'Ouest-de-l'Île-de-Montréal,15,2,0.0
2020-2021,CIUSSS de l'Ouest-de-l'Île-de-Montréal,15,3,0.0
2020-2021,CIUSSS de l'Ouest-de-l'Île-de-Montréal,15,4,620.0
2020-2021,CIUSSS de l'Ouest-de-l'Île-de-Montréal,15,5,31066.0
2020-2021,CIUSSS de l'Ouest-de-l'Île-de-Montréal,15,6,10494.0
2020-2021,CIUSSS de l'Ouest-de-l'Île-de-Montréal,15,7,450.0
2020-2021,CIUSSS de l'Ouest-de-l'Île-de-Montréal,15,8,0.0
2020-2021,CIUSSS de l'Ouest-de-l'Île-de-Montréal,15,9,42630.0
2020-2021,CIUSSS de l'Ouest-de-l'Île-de-Montréal,16,1,0.0
2020-2021,CIUSSS de l'Ouest-de-l'Île-de-Montréal,16,2,0.0
2020-2021,CIUSSS de l'Ouest-de-l'Île-de-Montréal,16,3,0.0
2020-2021,CIUSSS de l'Ouest-de-l'Île-de-Montréal,16,4,0.0
2020-2021,CIUSSS de l'Ouest-de-l'Île-de-Montréal,16,5,16.0
2020-2021,CIUSSS de l'Ouest-de-l'Île-de-Montréal,16,6,24.0
2020-2021,CIUSSS de l'Ouest-de-l'Île-de-Montréal,16,7,0.0
2020-2021,CIUSSS de l'Ouest-de-l'Île-de-Montréal,16,8,0.0
2020-2021,CIUSSS de l'Ouest-de-l'Île-de-Montréal,16,9,40.0
2020-2021,CIUSSS de l'Ouest-de-l'Île-de-Montréal,17,1,0.0
2020-2021,CIUSSS de l'Ouest-de-l'Île-de-Montréal,17,2,0.0
2020-2021,CIUSSS de l'Ouest-de-l'Île-de-Montréal,17,3,0.0
2020-2021,CIUSSS de l'Ouest-de-l'Île-de-Montréal,17,4,0.0
2020-2021,CIUSSS de l'Ouest-de-l'Île-de-Montréal,17,5,12.0
2020-2021,CIUSSS de l'Ouest-de-l'Île-de-Montréal,17,6,18.0
2020-2021,CIUSSS de l'Ouest-de-l'Île-de-Montréal,17,7,0.0
2020-2021,CIUSSS de l'Ouest-de-l'Île-de-Montréal,17,8,0.0
2020-2021,CIUSSS de l'Ouest-de-l'Île-de-Montréal,17,9,30.0
2020-2021,CIUSSS de l'Ouest-de-l'Île-de-Montréal,18,1,0.0
2020-2021,CIUSSS de l'Ouest-de-l'Île-de-Montréal,18,2,0.0
2020-2021,CIUSSS de l'Ouest-de-l'Île-de-Montréal,18,3,0.0
2020-2021,CIUSSS de l'Ouest-de-l'Île-de-Montréal,18,4,0.0
2020-2021,CIUSSS de l'Ouest-de-l'Île-de-Montréal,18,5,4.0
2020-2021,CIUSSS de l'Ouest-de-l'Île-de-Montréal,18,6,6.0
2020-2021,CIUSSS de l'Ouest-de-l'Île-de-Montréal,18,7,0.0
2020-2021,CIUSSS de l'Ouest-de-l'Île-de-Montréal,18,8,0.0
2020-2021,CIUSSS de l'Ouest-de-l'Île-de-Montréal,18,9,10.0
2020-2021,CIUSSS de l'Ouest-de-l'Île-de-Montréal,19,1,0.0
2020-2021,CIUSSS de l'Ouest-de-l'Île-de-Montréal,19,2,0.0
2020-2021,CIUSSS de l'Ouest-de-l'Île-de-Montréal,19,3,0.0
2020-2021,CIUSSS de l'Ouest-de-l'Île-de-Montréal,19,4,0.0
2020-2021,CIUSSS de l'Ouest-de-l'Île-de-Montréal,19,5,2.0
2020-2021,CIUSSS de l'Ouest-de-l'Île-de-Montréal,19,6,4.0
2020-2021,CIUSSS de l'Ouest-de-l'Île-de-Montréal,19,7,0.0
2020-2021,CIUSSS de l'Ouest-de-l'Île-de-Montréal,19,8,0.0
2020-2021,CIUSSS de l'Ouest-de-l'Île-de-Montréal,19,9,6.0
2020-2021,CIUSSS de la Capitale-Nationale,1,4,10.0
2020-2021,CIUSSS de la Capitale-Nationale,1,5,148.0
2020-2021,CIUSSS de la Capitale-Nationale,1,6,136.0
2020-2021,CIUSSS de la Capitale-Nationale,1,7,12.0
2020-2021,CIUSSS de la Capitale-Nationale,1,9,306.0
2020-2021,CIUSSS de la Capitale-Nationale,2,4,6.0
2020-2021,CIUSSS de la Capitale-Nationale,2,5,86.0
2020-2021,CIUSSS de la Capitale-Nationale,2,6,82.0
2020-2021,CIUSSS de la Capitale-Nationale,2,7,8.0
2020-2021,CIUSSS de la Capitale-Nationale,2,9,182.0
2020-2021,CIUSSS de la Capitale-Nationale,3,4,4.0
2020-2021,CIUSSS de la Capitale-Nationale,3,5,62.0
2020-2021,CIUSSS de la Capitale-Nationale,3,6,54.0
2020-2021,CIUSSS de la Capitale-Nationale,3,7,4.0
2020-2021,CIUSSS de la Capitale-Nationale,3,9,124.0
2020-2021,CIUSSS de la Capitale-Nationale,4,5,50.0
2020-2021,CIUSSS de la Capitale-Nationale,4,6,48.0
2020-2021,CIUSSS de la Capitale-Nationale,4,7,2.0
2020-2021,CIUSSS de la Capitale-Nationale,4,9,100.0
2020-2021,CIUSSS de la Capitale-Nationale,5,4,1240.0
2020-2021,CIUSSS de la Capitale-Nationale,5,5,32894.0
2020-2021,CIUSSS de la Capitale-Nationale,5,6,28144.0
2020-2021,CIUSSS de la Capitale-Nationale,5,7,2424.0
2020-2021,CIUSSS de la Capitale-Nationale,5,9,64702.0
2020-2021,CIUSSS de la Capitale-Nationale,6,4,4.0
2020-2021,CIUSSS de la Capitale-Nationale,6,5,264.0
2020-2021,CIUSSS de la Capitale-Nationale,6,6,112.0
2020-2021,CIUSSS de la Capitale-Nationale,6,7,12.0
2020-2021,CIUSSS de la Capitale-Nationale,6,8,2.0
2020-2021,CIUSSS de la Capitale-Nationale,6,9,394.0
2020-2021,CIUSSS de la Capitale-Nationale,7,4,2.0
2020-2021,CIUSSS de la Capitale-Nationale,7,5,174.0
2020-2021,CIUSSS de la Capitale-Nationale,7,6,56.0
2020-2021,CIUSSS de la Capitale-Nationale,7,7,6.0
2020-2021,CIUSSS de la Capitale-Nationale,7,8,2.0
2020-2021,CIUSSS de la Capitale-Nationale,7,9,240.0
2020-2021,CIUSSS de la Capitale-Nationale,8,4,2.0
2020-2021,CIUSSS de la Capitale-Nationale,8,5,90.0
2020-2021,CIUSSS de la Capitale-Nationale,8,6,56.0
2020-2021,CIUSSS de la Capitale-Nationale,8,7,6.0
2020-2021,CIUSSS de la Capitale-Nationale,8,9,154.0
2020-2021,CIUSSS de la Capitale-Nationale,9,4,4.0
2020-2021,CIUSSS de la Capitale-Nationale,9,5,10.0
2020-2021,CIUSSS de la Capitale-Nationale,9,6,6.0
2020-2021,CIUSSS de la Capitale-Nationale,9,7,8.0
2020-2021,CIUSSS de la Capitale-Nationale,9,9,28.0
2020-2021,CIUSSS de la Capitale-Nationale,10,5,54906.0
2020-2021,CIUSSS de la Capitale-Nationale,10,6,28098.0
2020-2021,CIUSSS de la Capitale-Nationale,10,7,1294.0
2020-2021,CIUSSS de la Capitale-Nationale,10,8,684.0
2020-2021,CIUSSS de la Capitale-Nationale,10,9,84982.0
2020-2021,CIUSSS de la Capitale-Nationale,11,3,2.0
2020-2021,CIUSSS de la Capitale-Nationale,11,4,14.0
2020-2021,CIUSSS de la Capitale-Nationale,11,5,466.0
2020-2021,CIUSSS de la Capitale-Nationale,11,6,230.0
2020-2021,CIUSSS de la Capitale-Nationale,11,7,16.0
2020-2021,CIUSSS de la Capitale-Nationale,11,9,728.0
2020-2021,CIUSSS de la Capitale-Nationale,12,3,2.0
2020-2021,CIUSSS de la Capitale-Nationale,12,4,8.0
2020-2021,CIUSSS de la Capitale-Nationale,12,5,262.0
2020-2021,CIUSSS de la Capitale-Nationale,12,6,150.0
2020-2021,CIUSSS de la Capitale-Nationale,12,7,12.0
2020-2021,CIUSSS de la Capitale-Nationale,12,9,434.0
2020-2021,CIUSSS de la Capitale-Nationale,13,4,6.0
2020-2021,CIUSSS de la Capitale-Nationale,13,5,204.0
2020-2021,CIUSSS de la Capitale-Nationale,13,6,80.0
2020-2021,CIUSSS de la Capitale-Nationale,13,7,4.0
2020-2021,CIUSSS de la Capitale-Nationale,13,9,294.0
2020-2021,CIUSSS de la Capitale-Nationale,14,5,54.0
2020-2021,CIUSSS de la Capitale-Nationale,14,6,32.0
2020-2021,CIUSSS de la Capitale-Nationale,14,7,2.0
2020-2021,CIUSSS de la Capitale-Nationale,14,9,88.0
2020-2021,CIUSSS de la Capitale-Nationale,15,3,448.0
2020-2021,CIUSSS de la Capitale-Nationale,15,4,1062.0
2020-2021,CIUSSS de la Capitale-Nationale,15,5,96530.0
2020-2021,CIUSSS de la Capitale-Nationale,15,6,52986.0
2020-2021,CIUSSS de la Capitale-Nationale,15,7,1584.0
2020-2021,CIUSSS de la Capitale-Nationale,15,9,152610.0
2020-2021,CIUSSS de la Capitale-Nationale,16,4,2.0
2020-2021,CIUSSS de la Capitale-Nationale,16,5,18.0
2020-2021,CIUSSS de la Capitale-Nationale,16,6,12.0
2020-2021,CIUSSS de la Capitale-Nationale,16,7,4.0
2020-2021,CIUSSS de la Capitale-Nationale,16,9,36.0
2020-2021,CIUSSS de la Capitale-Nationale,17,5,14.0
2020-2021,CIUSSS de la Capitale-Nationale,17,6,12.0
2020-2021,CIUSSS de la Capitale-Nationale,17,7,4.0
2020-2021,CIUSSS de la Capitale-Nationale,17,9,30.0
2020-2021,CIUSSS de la Capitale-Nationale,18,4,2.0
2020-2021,CIUSSS de la Capitale-Nationale,18,5,4.0
2020-2021,CIUSSS de la Capitale-Nationale,18,9,6.0
2020-2021,CIUSSS de la Capitale-Nationale,19,5,2.0
2020-2021,CIUSSS de la Capitale-Nationale,19,6,6.0
2020-2021,CIUSSS de la Capitale-Nationale,19,7,2.0
2020-2021,CIUSSS de la Capitale-Nationale,19,9,10.0
2020-2021,CIUSSS de la Mauricie-et-du-Centre-du-Québec,6,3,4.0
2020-2021,CIUSSS de la Mauricie-et-du-Centre-du-Québec,6,4,36.0
2020-2021,CIUSSS de la Mauricie-et-du-Centre-du-Québec,6,5,404.0
2020-2021,CIUSSS de la Mauricie-et-du-Centre-du-Québec,6,6,82.0
2020-2021,CIUSSS de la Mauricie-et-du-Centre-du-Québec,6,7,2.0
2020-2021,CIUSSS de la Mauricie-et-du-Centre-du-Québec,6,9,528.0
2020-2021,CIUSSS de la Mauricie-et-du-Centre-du-Québec,7,4,22.0
2020-2021,CIUSSS de la Mauricie-et-du-Centre-du-Québec,7,5,234.0
2020-2021,CIUSSS de la Mauricie-et-du-Centre-du-Québec,7,6,44.0
2020-2021,CIUSSS de la Mauricie-et-du-Centre-du-Québec,7,9,300.0
2020-2021,CIUSSS de la Mauricie-et-du-Centre-du-Québec,8,3,4.0
2020-2021,CIUSSS de la Mauricie-et-du-Centre-du-Québec,8,4,14.0
2020-2021,CIUSSS de la Mauricie-et-du-Centre-du-Québec,8,5,170.0
2020-2021,CIUSSS de la Mauricie-et-du-Centre-du-Québec,8,6,38.0
2020-2021,CIUSSS de la Mauricie-et-du-Centre-du-Québec,8,7,2.0
2020-2021,CIUSSS de la Mauricie-et-du-Centre-du-Québec,8,9,228.0
2020-2021,CIUSSS de la Mauricie-et-du-Centre-du-Québec,9,3,4.0
2020-2021,CIUSSS de la Mauricie-et-du-Centre-du-Québec,9,4,14.0
2020-2021,CIUSSS de la Mauricie-et-du-Centre-du-Québec,9,5,46.0
2020-2021,CIUSSS de la Mauricie-et-du-Centre-du-Québec,9,6,16.0
2020-2021,CIUSSS de la Mauricie-et-du-Centre-du-Québec,9,9,80.0
2020-2021,CIUSSS de la Mauricie-et-du-Centre-du-Québec,10,3,100.0
2020-2021,CIUSSS de la Mauricie-et-du-Centre-du-Québec,10,4,2110.0
2020-2021,CIUSSS de la Mauricie-et-du-Centre-du-Québec,10,5,46740.0
2020-2021,CIUSSS de la Mauricie-et-du-Centre-du-Québec,10,6,7482.0
2020-2021,CIUSSS de la Mauricie-et-du-Centre-du-Québec,10,7,36.0
2020-2021,CIUSSS de la Mauricie-et-du-Centre-du-Québec,10,9,56468.0
2020-2021,CIUSSS de la Mauricie-et-du-Centre-du-Québec,11,4,26.0
2020-2021,CIUSSS de la Mauricie-et-du-Centre-du-Québec,11,5,436.0
2020-2021,CIUSSS de la Mauricie-et-du-Centre-du-Québec,11,6,152.0
2020-2021,CIUSSS de la Mauricie-et-du-Centre-du-Québec,11,9,614.0
2020-2021,CIUSSS de la Mauricie-et-du-Centre-du-Québec,12,4,18.0
2020-2021,CIUSSS de la Mauricie-et-du-Centre-du-Québec,12,5,252.0
2020-2021,CIUSSS de la Mauricie-et-du-Centre-du-Québec,12,6,76.0
2020-2021,CIUSSS de la Mauricie-et-du-Centre-du-Québec,12,9,346.0
2020-2021,CIUSSS de la Mauricie-et-du-Centre-du-Québec,13,4,8.0
2020-2021,CIUSSS de la Mauricie-et-du-Centre-du-Québec,13,5,184.0
2020-2021,CIUSSS de la Mauricie-et-du-Centre-du-Québec,13,6,76.0
2020-2021,CIUSSS de la Mauricie-et-du-Centre-du-Québec,13,9,268.0
2020-2021,CIUSSS de la Mauricie-et-du-Centre-du-Québec,14,4,4.0
2020-2021,CIUSSS de la Mauricie-et-du-Centre-du-Québec,14,5,38.0
2020-2021,CIUSSS de la Mauricie-et-du-Centre-du-Québec,14,6,14.0
2020-2021,CIUSSS de la Mauricie-et-du-Centre-du-Québec,14,9,56.0
2020-2021,CIUSSS de la Mauricie-et-du-Centre-du-Québec,15,4,1250.0
2020-2021,CIUSSS de la Mauricie-et-du-Centre-du-Québec,15,5,33104.0
2020-2021,CIUSSS de la Mauricie-et-du-Centre-du-Québec,15,6,8658.0
2020-2021,CIUSSS de la Mauricie-et-du-Centre-du-Québec,15,9,43012.0
2020-2021,CIUSSS de la Mauricie-et-du-Centre-du-Québec,16,4,4.0
2020-2021,CIUSSS de la Mauricie-et-du-Centre-du-Québec,16,5,12.0
2020-2021,CIUSSS de la Mauricie-et-du-Centre-du-Québec,16,9,16.0
2020-2021,CIUSSS de la Mauricie-et-du-Centre-du-Québec,17,4,2.0
2020-2021,CIUSSS de la Mauricie-et-du-Centre-du-Québec,17,5,10.0
2020-2021,CIUSSS de la Mauricie-et-du-Centre-du-Québec,17,9,12.0
2020-2021,CIUSSS de la Mauricie-et-du-Centre-du-Québec,18,4,2.0
2020-2021,CIUSSS de la Mauricie-et-du-Centre-du-Québec,18,5,2.0
2020-2021,CIUSSS de la Mauricie-et-du-Centre-du-Québec,18,9,4.0
2020-2021,CIUSSS de la Mauricie-et-du-Centre-du-Québec,19,4,2.0
2020-2021,CIUSSS de la Mauricie-et-du-Centre-du-Québec,19,5,2.0
2020-2021,CIUSSS de la Mauricie-et-du-Centre-du-Québec,19,9,4.0
2020-2021,CIUSSS du Centre-Ouest-de-l'Île-de-Montréal,6,1,0.0
2020-2021,CIUSSS du Centre-Ouest-de-l'Île-de-Montréal,6,2,0.0
2020-2021,CIUSSS du Centre-Ouest-de-l'Île-de-Montréal,6,3,0.0
2020-2021,CIUSSS du Centre-Ouest-de-l'Île-de-Montréal,6,4,2.0
2020-2021,CIUSSS du Centre-Ouest-de-l'Île-de-Montréal,6,5,50.0
2020-2021,CIUSSS du Centre-Ouest-de-l'Île-de-Montréal,6,6,22.0
2020-2021,CIUSSS du Centre-Ouest-de-l'Île-de-Montréal,6,7,0.0
2020-2021,CIUSSS du Centre-Ouest-de-l'Île-de-Montréal,6,8,0.0
2020-2021,CIUSSS du Centre-Ouest-de-l'Île-de-Montréal,6,9,74.0
2020-2021,CIUSSS du Centre-Ouest-de-l'Île-de-Montréal,7,1,0.0
2020-2021,CIUSSS du Centre-Ouest-de-l'Île-de-Montréal,7,2,0.0
2020-2021,CIUSSS du Centre-Ouest-de-l'Île-de-Montréal,7,3,0.0
2020-2021,CIUSSS du Centre-Ouest-de-l'Île-de-Montréal,7,4,2.0
2020-2021,CIUSSS du Centre-Ouest-de-l'Île-de-Montréal,7,5,26.0
2020-2021,CIUSSS du Centre-Ouest-de-l'Île-de-Montréal,7,6,12.0
2020-2021,CIUSSS du Centre-Ouest-de-l'Île-de-Montréal,7,7,0.0
2020-2021,CIUSSS du Centre-Ouest-de-l'Île-de-Montréal,7,8,0.0
2020-2021,CIUSSS du Centre-Ouest-de-l'Île-de-Montréal,7,9,40.0
2020-2021,CIUSSS du Centre-Ouest-de-l'Île-de-Montréal,8,1,0.0
2020-2021,CIUSSS du Centre-Ouest-de-l'Île-de-Montréal,8,2,0.0
2020-2021,CIUSSS du Centre-Ouest-de-l'Île-de-Montréal,8,3,0.0
2020-2021,CIUSSS du Centre-Ouest-de-l'Île-de-Montréal,8,4,0.0
2020-2021,CIUSSS du Centre-Ouest-de-l'Île-de-Montréal,8,5,24.0
2020-2021,CIUSSS du Centre-Ouest-de-l'Île-de-Montréal,8,6,10.0
2020-2021,CIUSSS du Centre-Ouest-de-l'Île-de-Montréal,8,7,0.0
2020-2021,CIUSSS du Centre-Ouest-de-l'Île-de-Montréal,8,8,0.0
2020-2021,CIUSSS du Centre-Ouest-de-l'Île-de-Montréal,8,9,34.0
2020-2021,CIUSSS du Centre-Ouest-de-l'Île-de-Montréal,9,1,0.0
2020-2021,CIUSSS du Centre-Ouest-de-l'Île-de-Montréal,9,2,0.0
2020-2021,CIUSSS du Centre-Ouest-de-l'Île-de-Montréal,9,3,0.0
2020-2021,CIUSSS du Centre-Ouest-de-l'Île-de-Montréal,9,4,0.0
2020-2021,CIUSSS du Centre-Ouest-de-l'Île-de-Montréal,9,5,8.0
2020-2021,CIUSSS du Centre-Ouest-de-l'Île-de-Montréal,9,6,0.0
2020-2021,CIUSSS du Centre-Ouest-de-l'Île-de-Montréal,9,7,0.0
2020-2021,CIUSSS du Centre-Ouest-de-l'Île-de-Montréal,9,8,0.0
2020-2021,CIUSSS du Centre-Ouest-de-l'Île-de-Montréal,9,9,8.0
2020-2021,CIUSSS du Centre-Ouest-de-l'Île-de-Montréal,10,1,0.0
2020-2021,CIUSSS du Centre-Ouest-de-l'Île-de-Montréal,10,2,0.0
2020-2021,CIUSSS du Centre-Ouest-de-l'Île-de-Montréal,10,3,0.0
2020-2021,CIUSSS du Centre-Ouest-de-l'Île-de-Montréal,10,4,310.0
2020-2021,CIUSSS du Centre-Ouest-de-l'Île-de-Montréal,10,5,4242.0
2020-2021,CIUSSS du Centre-Ouest-de-l'Île-de-Montréal,10,6,2014.0
2020-2021,CIUSSS du Centre-Ouest-de-l'Île-de-Montréal,10,7,0.0
2020-2021,CIUSSS du Centre-Ouest-de-l'Île-de-Montréal,10,8,0.0
2020-2021,CIUSSS du Centre-Ouest-de-l'Île-de-Montréal,10,9,6566.0
2020-2021,CIUSSS du Centre-Ouest-de-l'Île-de-Montréal,11,1,0.0
2020-2021,CIUSSS du Centre-Ouest-de-l'Île-de-Montréal,11,2,0.0
2020-2021,CIUSSS du Centre-Ouest-de-l'Île-de-Montréal,11,3,0.0
2020-2021,CIUSSS du Centre-Ouest-de-l'Île-de-Montréal,11,4,0.0
2020-2021,CIUSSS du Centre-Ouest-de-l'Île-de-Montréal,11,5,118.0
2020-2021,CIUSSS du Centre-Ouest-de-l'Île-de-Montréal,11,6,38.0
2020-2021,CIUSSS du Centre-Ouest-de-l'Île-de-Montréal,11,7,0.0
2020-2021,CIUSSS du Centre-Ouest-de-l'Île-de-Montréal,11,8,0.0
2020-2021,CIUSSS du Centre-Ouest-de-l'Île-de-Montréal,11,9,156.0
2020-2021,CIUSSS du Centre-Ouest-de-l'Île-de-Montréal,12,1,0.0
2020-2021,CIUSSS du Centre-Ouest-de-l'Île-de-Montréal,12,2,0.0
2020-2021,CIUSSS du Centre-Ouest-de-l'Île-de-Montréal,12,3,0.0
2020-2021,CIUSSS du Centre-Ouest-de-l'Île-de-Montréal,12,4,0.0
2020-2021,CIUSSS du Centre-Ouest-de-l'Île-de-Montréal,12,5,72.0
2020-2021,CIUSSS du Centre-Ouest-de-l'Île-de-Montréal,12,6,22.0
2020-2021,CIUSSS du Centre-Ouest-de-l'Île-de-Montréal,12,7,0.0
2020-2021,CIUSSS du Centre-Ouest-de-l'Île-de-Montréal,12,8,0.0
2020-2021,CIUSSS du Centre-Ouest-de-l'Île-de-Montréal,12,9,94.0
2020-2021,CIUSSS du Centre-Ouest-de-l'Île-de-Montréal,13,1,0.0
2020-2021,CIUSSS du Centre-Ouest-de-l'Île-de-Montréal,13,2,0.0
2020-2021,CIUSSS du Centre-Ouest-de-l'Île-de-Montréal,13,3,0.0
2020-2021,CIUSSS du Centre-Ouest-de-l'Île-de-Montréal,13,4,0.0
2020-2021,CIUSSS du Centre-Ouest-de-l'Île-de-Montréal,13,5,46.0
2020-2021,CIUSSS du Centre-Ouest-de-l'Île-de-Montréal,13,6,16.0
2020-2021,CIUSSS du Centre-Ouest-de-l'Île-de-Montréal,13,7,0.0
2020-2021,CIUSSS du Centre-Ouest-de-l'Île-de-Montréal,13,8,0.0
2020-2021,CIUSSS du Centre-Ouest-de-l'Île-de-Montréal,13,9,62.0
2020-2021,CIUSSS du Centre-Ouest-de-l'Île-de-Montréal,14,1,0.0
2020-2021,CIUSSS du Centre-Ouest-de-l'Île-de-Montréal,14,2,0.0
2020-2021,CIUSSS du Centre-Ouest-de-l'Île-de-Montréal,14,3,0.0
2020-2021,CIUSSS du Centre-Ouest-de-l'Île-de-Montréal,14,4,0.0
2020-2021,CIUSSS du Centre-Ouest-de-l'Île-de-Montréal,14,5,4.0
2020-2021,CIUSSS du Centre-Ouest-de-l'Île-de-Montréal,14,6,4.0
2020-2021,CIUSSS du Centre-Ouest-de-l'Île-de-Montréal,14,7,0.0
2020-2021,CIUSSS du Centre-Ouest-de-l'Île-de-Montréal,14,8,0.0
2020-2021,CIUSSS du Centre-Ouest-de-l'Île-de-Montréal,14,9,8.0
2020-2021,CIUSSS du Centre-Ouest-de-l'Île-de-Montréal,15,1,0.0
2020-2021,CIUSSS du Centre-Ouest-de-l'Île-de-Montréal,15,2,0.0
2020-2021,CIUSSS du Centre-Ouest-de-l'Île-de-Montréal,15,3,0.0
2020-2021,CIUSSS du Centre-Ouest-de-l'Île-de-Montréal,15,4,0.0
2020-2021,CIUSSS du Centre-Ouest-de-l'Île-de-Montréal,15,5,9154.0
2020-2021,CIUSSS du Centre-Ouest-de-l'Île-de-Montréal,15,6,4180.0
2020-2021,CIUSSS du Centre-Ouest-de-l'Île-de-Montréal,15,7,0.0
2020-2021,CIUSSS du Centre-Ouest-de-l'Île-de-Montréal,15,8,0.0
2020-2021,CIUSSS du Centre-Ouest-de-l'Île-de-Montréal,15,9,13334.0
2020-2021,CIUSSS du Centre-Ouest-de-l'Île-de-Montréal,16,1,0.0
2020-2021,CIUSSS du Centre-Ouest-de-l'Île-de-Montréal,16,2,0.0
2020-2021,CIUSSS du Centre-Ouest-de-l'Île-de-Montréal,16,3,0.0
2020-2021,CIUSSS du Centre-Ouest-de-l'Île-de-Montréal,16,4,0.0
2020-2021,CIUSSS du Centre-Ouest-de-l'Île-de-Montréal,16,5,0.0
2020-2021,CIUSSS du Centre-Ouest-de-l'Île-de-Montréal,16,6,4.0
2020-2021,CIUSSS du Centre-Ouest-de-l'Île-de-Montréal,16,7,0.0
2020-2021,CIUSSS du Centre-Ouest-de-l'Île-de-Montréal,16,8,0.0
2020-2021,CIUSSS du Centre-Ouest-de-l'Île-de-Montréal,16,9,4.0
2020-2021,CIUSSS du Centre-Ouest-de-l'Île-de-Montréal,18,1,0.0
2020-2021,CIUSSS du Centre-Ouest-de-l'Île-de-Montréal,18,2,0.0
2020-2021,CIUSSS du Centre-Ouest-de-l'Île-de-Montréal,18,3,0.0
2020-2021,CIUSSS du Centre-Ouest-de-l'Île-de-Montréal,18,4,0.0
2020-2021,CIUSSS du Centre-Ouest-de-l'Île-de-Montréal,18,5,0.0
2020-2021,CIUSSS du Centre-Ouest-de-l'Île-de-Montréal,18,6,4.0
2020-2021,CIUSSS du Centre-Ouest-de-l'Île-de-Montréal,18,7,0.0
2020-2021,CIUSSS du Centre-Ouest-de-l'Île-de-Montréal,18,8,0.0
2020-2021,CIUSSS du Centre-Ouest-de-l'Île-de-Montréal,18,9,4.0
2020-2021,CIUSSS du Centre-Sud-de-l'Île-de-Montréal,1,4,12.0
2020-2021,CIUSSS du Centre-Sud-de-l'Île-de-Montréal,1,5,276.0
2020-2021,CIUSSS du Centre-Sud-de-l'Île-de-Montréal,1,6,184.0
2020-2021,CIUSSS du Centre-Sud-de-l'Île-de-Montréal,1,7,28.0
2020-2021,CIUSSS du Centre-Sud-de-l'Île-de-Montréal,1,8,2.0
2020-2021,CIUSSS du Centre-Sud-de-l'Île-de-Montréal,1,9,502.0
2020-2021,CIUSSS du Centre-Sud-de-l'Île-de-Montréal,2,4,10.0
2020-2021,CIUSSS du Centre-Sud-de-l'Île-de-Montréal,2,5,200.0
2020-2021,CIUSSS du Centre-Sud-de-l'Île-de-Montréal,2,6,106.0
2020-2021,CIUSSS du Centre-Sud-de-l'Île-de-Montréal,2,7,18.0
2020-2021,CIUSSS du Centre-Sud-de-l'Île-de-Montréal,2,8,2.0
2020-2021,CIUSSS du Centre-Sud-de-l'Île-de-Montréal,2,9,336.0
2020-2021,CIUSSS du Centre-Sud-de-l'Île-de-Montréal,3,4,2.0
2020-2021,CIUSSS du Centre-Sud-de-l'Île-de-Montréal,3,5,76.0
2020-2021,CIUSSS du Centre-Sud-de-l'Île-de-Montréal,3,6,78.0
2020-2021,CIUSSS du Centre-Sud-de-l'Île-de-Montréal,3,7,10.0
2020-2021,CIUSSS du Centre-Sud-de-l'Île-de-Montréal,3,9,166.0
2020-2021,CIUSSS du Centre-Sud-de-l'Île-de-Montréal,4,4,2.0
2020-2021,CIUSSS du Centre-Sud-de-l'Île-de-Montréal,4,5,12.0
2020-2021,CIUSSS du Centre-Sud-de-l'Île-de-Montréal,4,6,26.0
2020-2021,CIUSSS du Centre-Sud-de-l'Île-de-Montréal,4,7,2.0
2020-2021,CIUSSS du Centre-Sud-de-l'Île-de-Montréal,4,9,42.0
2020-2021,CIUSSS du Centre-Sud-de-l'Île-de-Montréal,5,4,1730.0
2020-2021,CIUSSS du Centre-Sud-de-l'Île-de-Montréal,5,5,76066.0
2020-2021,CIUSSS du Centre-Sud-de-l'Île-de-Montréal,5,6,52640.0
2020-2021,CIUSSS du Centre-Sud-de-l'Île-de-Montréal,5,7,6816.0
2020-2021,CIUSSS du Centre-Sud-de-l'Île-de-Montréal,5,8,876.0
2020-2021,CIUSSS du Centre-Sud-de-l'Île-de-Montréal,5,9,138128.0
2020-2021,CIUSSS du Centre-Sud-de-l'Île-de-Montréal,6,4,24.0
2020-2021,CIUSSS du Centre-Sud-de-l'Île-de-Montréal,6,5,460.0
2020-2021,CIUSSS du Centre-Sud-de-l'Île-de-Montréal,6,6,176.0
2020-2021,CIUSSS du Centre-Sud-de-l'Île-de-Montréal,6,7,10.0
2020-2021,CIUSSS du Centre-Sud-de-l'Île-de-Montréal,6,9,670.0
2020-2021,CIUSSS du Centre-Sud-de-l'Île-de-Montréal,7,4,16.0
2020-2021,CIUSSS du Centre-Sud-de-l'Île-de-Montréal,7,5,300.0
2020-2021,CIUSSS du Centre-Sud-de-l'Île-de-Montréal,7,6,124.0
2020-2021,CIUSSS du Centre-Sud-de-l'Île-de-Montréal,7,7,6.0
2020-2021,CIUSSS du Centre-Sud-de-l'Île-de-Montréal,7,9,446.0
2020-2021,CIUSSS du Centre-Sud-de-l'Île-de-Montréal,8,4,8.0
2020-2021,CIUSSS du Centre-Sud-de-l'Île-de-Montréal,8,5,160.0
2020-2021,CIUSSS du Centre-Sud-de-l'Île-de-Montréal,8,6,52.0
2020-2021,CIUSSS du Centre-Sud-de-l'Île-de-Montréal,8,7,4.0
2020-2021,CIUSSS du Centre-Sud-de-l'Île-de-Montréal,8,9,224.0
2020-2021,CIUSSS du Centre-Sud-de-l'Île-de-Montréal,9,5,58.0
2020-2021,CIUSSS du Centre-Sud-de-l'Île-de-Montréal,9,6,38.0
2020-2021,CIUSSS du Centre-Sud-de-l'Île-de-Montréal,9,7,8.0
2020-2021,CIUSSS du Centre-Sud-de-l'Île-de-Montréal,9,9,104.0
2020-2021,CIUSSS du Centre-Sud-de-l'Île-de-Montréal,10,4,5324.0
2020-2021,CIUSSS du Centre-Sud-de-l'Île-de-Montréal,10,5,128690.0
2020-2021,CIUSSS du Centre-Sud-de-l'Île-de-Montréal,10,6,53276.0
2020-2021,CIUSSS du Centre-Sud-de-l'Île-de-Montréal,10,7,1256.0
2020-2021,CIUSSS du Centre-Sud-de-l'Île-de-Montréal,10,9,188546.0
2020-2021,CIUSSS du Centre-Sud-de-l'Île-de-Montréal,11,4,16.0
2020-2021,CIUSSS du Centre-Sud-de-l'Île-de-Montréal,11,5,710.0
2020-2021,CIUSSS du Centre-Sud-de-l'Île-de-Montréal,11,6,422.0
2020-2021,CIUSSS du Centre-Sud-de-l'Île-de-Montréal,11,7,14.0
2020-2021,CIUSSS du Centre-Sud-de-l'Île-de-Montréal,11,9,1162.0
2020-2021,CIUSSS du Centre-Sud-de-l'Île-de-Montréal,12,4,16.0
2020-2021,CIUSSS du Centre-Sud-de-l'Île-de-Montréal,12,5,444.0
2020-2021,CIUSSS du Centre-Sud-de-l'Île-de-Montréal,12,6,246.0
2020-2021,CIUSSS du Centre-Sud-de-l'Île-de-Montréal,12,7,4.0
2020-2021,CIUSSS du Centre-Sud-de-l'Île-de-Montréal,12,9,710.0
2020-2021,CIUSSS du Centre-Sud-de-l'Île-de-Montréal,13,5,266.0
2020-2021,CIUSSS du Centre-Sud-de-l'Île-de-Montréal,13,6,176.0
2020-2021,CIUSSS du Centre-Sud-de-l'Île-de-Montréal,13,7,10.0
2020-2021,CIUSSS du Centre-Sud-de-l'Île-de-Montréal,13,9,452.0
2020-2021,CIUSSS du Centre-Sud-de-l'Île-de-Montréal,14,4,4.0
2020-2021,CIUSSS du Centre-Sud-de-l'Île-de-Montréal,14,5,80.0
2020-2021,CIUSSS du Centre-Sud-de-l'Île-de-Montréal,14,6,28.0
2020-2021,CIUSSS du Centre-Sud-de-l'Île-de-Montréal,14,7,2.0
2020-2021,CIUSSS du Centre-Sud-de-l'Île-de-Montréal,14,9,114.0
2020-2021,CIUSSS du Centre-Sud-de-l'Île-de-Montréal,15,4,1108.0
2020-2021,CIUSSS du Centre-Sud-de-l'Île-de-Montréal,15,5,204512.0
2020-2021,CIUSSS du Centre-Sud-de-l'Île-de-Montréal,15,6,132030.0
2020-2021,CIUSSS du Centre-Sud-de-l'Île-de-Montréal,15,7,5404.0
2020-2021,CIUSSS du Centre-Sud-de-l'Île-de-Montréal,15,9,343054.0
2020-2021,CIUSSS du Saguenay  Lac-Saint-Jean,1,1,0.0
2020-2021,CIUSSS du Saguenay  Lac-Saint-Jean,1,2,0.0
2020-2021,CIUSSS du Saguenay  Lac-Saint-Jean,1,3,0.0
2020-2021,CIUSSS du Saguenay  Lac-Saint-Jean,1,4,30.0
2020-2021,CIUSSS du Saguenay  Lac-Saint-Jean,1,5,286.0
2020-2021,CIUSSS du Saguenay  Lac-Saint-Jean,1,6,146.0
2020-2021,CIUSSS du Saguenay  Lac-Saint-Jean,1,7,22.0
2020-2021,CIUSSS du Saguenay  Lac-Saint-Jean,1,8,2.0
2020-2021,CIUSSS du Saguenay  Lac-Saint-Jean,1,9,486.0
2020-2021,CIUSSS du Saguenay  Lac-Saint-Jean,2,1,0.0
2020-2021,CIUSSS du Saguenay  Lac-Saint-Jean,2,2,0.0
2020-2021,CIUSSS du Saguenay  Lac-Saint-Jean,2,3,0.0
2020-2021,CIUSSS du Saguenay  Lac-Saint-Jean,2,4,22.0
2020-2021,CIUSSS du Saguenay  Lac-Saint-Jean,2,5,178.0
2020-2021,CIUSSS du Saguenay  Lac-Saint-Jean,2,6,72.0
2020-2021,CIUSSS du Saguenay  Lac-Saint-Jean,2,7,10.0
2020-2021,CIUSSS du Saguenay  Lac-Saint-Jean,2,8,2.0
2020-2021,CIUSSS du Saguenay  Lac-Saint-Jean,2,9,284.0
2020-2021,CIUSSS du Saguenay  Lac-Saint-Jean,3,1,0.0
2020-2021,CIUSSS du Saguenay  Lac-Saint-Jean,3,2,0.0
2020-2021,CIUSSS du Saguenay  Lac-Saint-Jean,3,3,0.0
2020-2021,CIUSSS du Saguenay  Lac-Saint-Jean,3,4,8.0
2020-2021,CIUSSS du Saguenay  Lac-Saint-Jean,3,5,108.0
2020-2021,CIUSSS du Saguenay  Lac-Saint-Jean,3,6,74.0
2020-2021,CIUSSS du Saguenay  Lac-Saint-Jean,3,7,12.0
2020-2021,CIUSSS du Saguenay  Lac-Saint-Jean,3,8,0.0
2020-2021,CIUSSS du Saguenay  Lac-Saint-Jean,3,9,202.0
2020-2021,CIUSSS du Saguenay  Lac-Saint-Jean,4,1,0.0
2020-2021,CIUSSS du Saguenay  Lac-Saint-Jean,4,2,0.0
2020-2021,CIUSSS du Saguenay  Lac-Saint-Jean,4,3,0.0
2020-2021,CIUSSS du Saguenay  Lac-Saint-Jean,4,4,2.0
2020-2021,CIUSSS du Saguenay  Lac-Saint-Jean,4,5,28.0
2020-2021,CIUSSS du Saguenay  Lac-Saint-Jean,4,6,36.0
2020-2021,CIUSSS du Saguenay  Lac-Saint-Jean,4,7,4.0
2020-2021,CIUSSS du Saguenay  Lac-Saint-Jean,4,8,0.0
2020-2021,CIUSSS du Saguenay  Lac-Saint-Jean,4,9,70.0
2020-2021,CIUSSS du Saguenay  Lac-Saint-Jean,5,1,0.0
2020-2021,CIUSSS du Saguenay  Lac-Saint-Jean,5,2,0.0
2020-2021,CIUSSS du Saguenay  Lac-Saint-Jean,5,3,0.0
2020-2021,CIUSSS du Saguenay  Lac-Saint-Jean,5,4,2464.0
2020-2021,CIUSSS du Saguenay  Lac-Saint-Jean,5,5,22128.0
2020-2021,CIUSSS du Saguenay  Lac-Saint-Jean,5,6,6916.0
2020-2021,CIUSSS du Saguenay  Lac-Saint-Jean,5,7,78.0
2020-2021,CIUSSS du Saguenay  Lac-Saint-Jean,5,8,0.0
2020-2021,CIUSSS du Saguenay  Lac-Saint-Jean,5,9,31586.0
2020-2021,CIUSSS du Saguenay  Lac-Saint-Jean,6,1,0.0
2020-2021,CIUSSS du Saguenay  Lac-Saint-Jean,6,2,0.0
2020-2021,CIUSSS du Saguenay  Lac-Saint-Jean,6,3,0.0
2020-2021,CIUSSS du Saguenay  Lac-Saint-Jean,6,4,14.0
2020-2021,CIUSSS du Saguenay  Lac-Saint-Jean,6,5,188.0
2020-2021,CIUSSS du Saguenay  Lac-Saint-Jean,6,6,86.0
2020-2021,CIUSSS du Saguenay  Lac-Saint-Jean,6,7,12.0
2020-2021,CIUSSS du Saguenay  Lac-Saint-Jean,6,8,0.0
2020-2021,CIUSSS du Saguenay  Lac-Saint-Jean,6,9,300.0
2020-2021,CIUSSS du Saguenay  Lac-Saint-Jean,7,1,0.0
2020-2021,CIUSSS du Saguenay  Lac-Saint-Jean,7,2,0.0
2020-2021,CIUSSS du Saguenay  Lac-Saint-Jean,7,3,0.0
2020-2021,CIUSSS du Saguenay  Lac-Saint-Jean,7,4,12.0
2020-2021,CIUSSS du Saguenay  Lac-Saint-Jean,7,5,114.0
2020-2021,CIUSSS du Saguenay  Lac-Saint-Jean,7,6,46.0
2020-2021,CIUSSS du Saguenay  Lac-Saint-Jean,7,7,4.0
2020-2021,CIUSSS du Saguenay  Lac-Saint-Jean,7,8,0.0
2020-2021,CIUSSS du Saguenay  Lac-Saint-Jean,7,9,176.0
2020-2021,CIUSSS du Saguenay  Lac-Saint-Jean,8,1,0.0
2020-2021,CIUSSS du Saguenay  Lac-Saint-Jean,8,2,0.0
2020-2021,CIUSSS du Saguenay  Lac-Saint-Jean,8,3,0.0
2020-2021,CIUSSS du Saguenay  Lac-Saint-Jean,8,4,2.0
2020-2021,CIUSSS du Saguenay  Lac-Saint-Jean,8,5,74.0
2020-2021,CIUSSS du Saguenay  Lac-Saint-Jean,8,6,40.0
2020-2021,CIUSSS du Saguenay  Lac-Saint-Jean,8,7,8.0
2020-2021,CIUSSS du Saguenay  Lac-Saint-Jean,8,8,0.0
2020-2021,CIUSSS du Saguenay  Lac-Saint-Jean,8,9,124.0
2020-2021,CIUSSS du Saguenay  Lac-Saint-Jean,9,1,0.0
2020-2021,CIUSSS du Saguenay  Lac-Saint-Jean,9,2,0.0
2020-2021,CIUSSS du Saguenay  Lac-Saint-Jean,9,3,0.0
2020-2021,CIUSSS du Saguenay  Lac-Saint-Jean,9,4,2.0
2020-2021,CIUSSS du Saguenay  Lac-Saint-Jean,9,5,30.0
2020-2021,CIUSSS du Saguenay  Lac-Saint-Jean,9,6,10.0
2020-2021,CIUSSS du Saguenay  Lac-Saint-Jean,9,7,2.0
2020-2021,CIUSSS du Saguenay  Lac-Saint-Jean,9,8,0.0
2020-2021,CIUSSS du Saguenay  Lac-Saint-Jean,9,9,44.0
2020-2021,CIUSSS du Saguenay  Lac-Saint-Jean,10,1,0.0
2020-2021,CIUSSS du Saguenay  Lac-Saint-Jean,10,2,0.0
2020-2021,CIUSSS du Saguenay  Lac-Saint-Jean,10,3,0.0
2020-2021,CIUSSS du Saguenay  Lac-Saint-Jean,10,4,1028.0
2020-2021,CIUSSS du Saguenay  Lac-Saint-Jean,10,5,15626.0
2020-2021,CIUSSS du Saguenay  Lac-Saint-Jean,10,6,6668.0
2020-2021,CIUSSS du Saguenay  Lac-Saint-Jean,10,7,16.0
2020-2021,CIUSSS du Saguenay  Lac-Saint-Jean,10,8,0.0
2020-2021,CIUSSS du Saguenay  Lac-Saint-Jean,10,9,23338.0
2020-2021,CIUSSS du Saguenay  Lac-Saint-Jean,11,1,0.0
2020-2021,CIUSSS du Saguenay  Lac-Saint-Jean,11,2,0.0
2020-2021,CIUSSS du Saguenay  Lac-Saint-Jean,11,3,0.0
2020-2021,CIUSSS du Saguenay  Lac-Saint-Jean,11,4,2.0
2020-2021,CIUSSS du Saguenay  Lac-Saint-Jean,11,5,26.0
2020-2021,CIUSSS du Saguenay  Lac-Saint-Jean,11,6,6.0
2020-2021,CIUSSS du Saguenay  Lac-Saint-Jean,11,7,0.0
2020-2021,CIUSSS du Saguenay  Lac-Saint-Jean,11,8,0.0
2020-2021,CIUSSS du Saguenay  Lac-Saint-Jean,11,9,34.0
2020-2021,CIUSSS du Saguenay  Lac-Saint-Jean,12,1,0.0
2020-2021,CIUSSS du Saguenay  Lac-Saint-Jean,12,2,0.0
2020-2021,CIUSSS du Saguenay  Lac-Saint-Jean,12,3,0.0
2020-2021,CIUSSS du Saguenay  Lac-Saint-Jean,12,4,2.0
2020-2021,CIUSSS du Saguenay  Lac-Saint-Jean,12,5,16.0
2020-2021,CIUSSS du Saguenay  Lac-Saint-Jean,12,6,4.0
2020-2021,CIUSSS du Saguenay  Lac-Saint-Jean,12,7,0.0
2020-2021,CIUSSS du Saguenay  Lac-Saint-Jean,12,8,0.0
2020-2021,CIUSSS du Saguenay  Lac-Saint-Jean,12,9,22.0
2020-2021,CIUSSS du Saguenay  Lac-Saint-Jean,13,1,0.0
2020-2021,CIUSSS du Saguenay  Lac-Saint-Jean,13,2,0.0
2020-2021,CIUSSS du Saguenay  Lac-Saint-Jean,13,3,0.0
2020-2021,CIUSSS du Saguenay  Lac-Saint-Jean,13,4,0.0
2020-2021,CIUSSS du Saguenay  Lac-Saint-Jean,13,5,10.0
2020-2021,CIUSSS du Saguenay  Lac-Saint-Jean,13,6,2.0
2020-2021,CIUSSS du Saguenay  Lac-Saint-Jean,13,7,0.0
2020-2021,CIUSSS du Saguenay  Lac-Saint-Jean,13,8,0.0
2020-2021,CIUSSS du Saguenay  Lac-Saint-Jean,13,9,12.0
2020-2021,CIUSSS du Saguenay  Lac-Saint-Jean,14,1,0.0
2020-2021,CIUSSS du Saguenay  Lac-Saint-Jean,14,2,0.0
2020-2021,CIUSSS du Saguenay  Lac-Saint-Jean,14,3,0.0
2020-2021,CIUSSS du Saguenay  Lac-Saint-Jean,14,4,0.0
2020-2021,CIUSSS du Saguenay  Lac-Saint-Jean,14,5,10.0
2020-2021,CIUSSS du Saguenay  Lac-Saint-Jean,14,6,2.0
2020-2021,CIUSSS du Saguenay  Lac-Saint-Jean,14,7,0.0
2020-2021,CIUSSS du Saguenay  Lac-Saint-Jean,14,8,0.0
2020-2021,CIUSSS du Saguenay  Lac-Saint-Jean,14,9,12.0
2020-2021,CIUSSS du Saguenay  Lac-Saint-Jean,15,1,0.0
2020-2021,CIUSSS du Saguenay  Lac-Saint-Jean,15,2,0.0
2020-2021,CIUSSS du Saguenay  Lac-Saint-Jean,15,3,0.0
2020-2021,CIUSSS du Saguenay  Lac-Saint-Jean,15,4,294.0
2020-2021,CIUSSS du Saguenay  Lac-Saint-Jean,15,5,2452.0
2020-2021,CIUSSS du Saguenay  Lac-Saint-Jean,15,6,518.0
2020-2021,CIUSSS du Saguenay  Lac-Saint-Jean,15,7,0.0
2020-2021,CIUSSS du Saguenay  Lac-Saint-Jean,15,8,0.0
2020-2021,CIUSSS du Saguenay  Lac-Saint-Jean,15,9,3264.0
2021-2022,Atelier le fil d'Ariane Inc.,1,5,16.0
2021-2022,Atelier le fil d'Ariane Inc.,1,6,18.0
2021-2022,Atelier le fil d'Ariane Inc.,1,9,34.0
2021-2022,Atelier le fil d'Ariane Inc.,2,5,2.0
2021-2022,Atelier le fil d'Ariane Inc.,2,6,2.0
2021-2022,Atelier le fil d'Ariane Inc.,2,9,4.0
2021-2022,Atelier le fil d'Ariane Inc.,3,5,14.0
2021-2022,Atelier le fil d'Ariane Inc.,3,6,16.0
2021-2022,Atelier le fil d'Ariane Inc.,3,9,30.0
2021-2022,Atelier le fil d'Ariane Inc.,4,6,2.0
2021-2022,Atelier le fil d'Ariane Inc.,4,9,2.0
2021-2022,CISSS de Chaudière-Appalaches,1,1,0.0
2021-2022,CISSS de Chaudière-Appalaches,1,2,0.0
2021-2022,CISSS de Chaudière-Appalaches,1,3,0.0
2021-2022,CISSS de Chaudière-Appalaches,1,4,0.0
2021-2022,CISSS de Chaudière-Appalaches,1,5,28.0
2021-2022,CISSS de Chaudière-Appalaches,1,6,6.0
2021-2022,CISSS de Chaudière-Appalaches,1,7,0.0
2021-2022,CISSS de Chaudière-Appalaches,1,8,0.0
2021-2022,CISSS de Chaudière-Appalaches,1,9,34.0
2021-2022,CISSS de Chaudière-Appalaches,2,1,0.0
2021-2022,CISSS de Chaudière-Appalaches,2,2,0.0
2021-2022,CISSS de Chaudière-Appalaches,2,3,0.0
2021-2022,CISSS de Chaudière-Appalaches,2,4,0.0
2021-2022,CISSS de Chaudière-Appalaches,2,5,14.0
2021-2022,CISSS de Chaudière-Appalaches,2,6,2.0
2021-2022,CISSS de Chaudière-Appalaches,2,7,0.0
2021-2022,CISSS de Chaudière-Appalaches,2,8,0.0
2021-2022,CISSS de Chaudière-Appalaches,2,9,16.0
2021-2022,CISSS de Chaudière-Appalaches,3,1,0.0
2021-2022,CISSS de Chaudière-Appalaches,3,2,0.0
2021-2022,CISSS de Chaudière-Appalaches,3,3,0.0
2021-2022,CISSS de Chaudière-Appalaches,3,4,0.0
2021-2022,CISSS de Chaudière-Appalaches,3,5,14.0
2021-2022,CISSS de Chaudière-Appalaches,3,6,4.0
2021-2022,CISSS de Chaudière-Appalaches,3,7,0.0
2021-2022,CISSS de Chaudière-Appalaches,3,8,0.0
2021-2022,CISSS de Chaudière-Appalaches,3,9,18.0
2021-2022,CISSS de Chaudière-Appalaches,4,1,0.0
2021-2022,CISSS de Chaudière-Appalaches,4,2,0.0
2021-2022,CISSS de Chaudière-Appalaches,4,3,0.0
2021-2022,CISSS de Chaudière-Appalaches,4,4,0.0
2021-2022,CISSS de Chaudière-Appalaches,4,5,2.0
2021-2022,CISSS de Chaudière-Appalaches,4,6,0.0
2021-2022,CISSS de Chaudière-Appalaches,4,7,0.0
2021-2022,CISSS de Chaudière-Appalaches,4,8,0.0
2021-2022,CISSS de Chaudière-Appalaches,4,9,2.0
2021-2022,CISSS de Chaudière-Appalaches,5,1,0.0
2021-2022,CISSS de Chaudière-Appalaches,5,2,0.0
2021-2022,CISSS de Chaudière-Appalaches,5,3,0.0
2021-2022,CISSS de Chaudière-Appalaches,5,4,0.0
2021-2022,CISSS de Chaudière-Appalaches,5,5,2878.0
2021-2022,CISSS de Chaudière-Appalaches,5,6,810.0
2021-2022,CISSS de Chaudière-Appalaches,5,7,0.0
2021-2022,CISSS de Chaudière-Appalaches,5,8,0.0
2021-2022,CISSS de Chaudière-Appalaches,5,9,3688.0
2021-2022,CISSS de Chaudière-Appalaches,6,1,0.0
2021-2022,CISSS de Chaudière-Appalaches,6,2,0.0
2021-2022,CISSS de Chaudière-Appalaches,6,3,8.0
2021-2022,CISSS de Chaudière-Appalaches,6,4,34.0
2021-2022,CISSS de Chaudière-Appalaches,6,5,294.0
2021-2022,CISSS de Chaudière-Appalaches,6,6,116.0
2021-2022,CISSS de Chaudière-Appalaches,6,7,6.0
2021-2022,CISSS de Chaudière-Appalaches,6,8,0.0
2021-2022,CISSS de Chaudière-Appalaches,6,9,458.0
2021-2022,CISSS de Chaudière-Appalaches,7,1,0.0
2021-2022,CISSS de Chaudière-Appalaches,7,2,0.0
2021-2022,CISSS de Chaudière-Appalaches,7,3,6.0
2021-2022,CISSS de Chaudière-Appalaches,7,4,26.0
2021-2022,CISSS de Chaudière-Appalaches,7,5,174.0
2021-2022,CISSS de Chaudière-Appalaches,7,6,76.0
2021-2022,CISSS de Chaudière-Appalaches,7,7,2.0
2021-2022,CISSS de Chaudière-Appalaches,7,8,0.0
2021-2022,CISSS de Chaudière-Appalaches,7,9,284.0
2021-2022,CISSS de Chaudière-Appalaches,8,1,0.0
2021-2022,CISSS de Chaudière-Appalaches,8,2,0.0
2021-2022,CISSS de Chaudière-Appalaches,8,3,2.0
2021-2022,CISSS de Chaudière-Appalaches,8,4,8.0
2021-2022,CISSS de Chaudière-Appalaches,8,5,120.0
2021-2022,CISSS de Chaudière-Appalaches,8,6,40.0
2021-2022,CISSS de Chaudière-Appalaches,8,7,4.0
2021-2022,CISSS de Chaudière-Appalaches,8,8,0.0
2021-2022,CISSS de Chaudière-Appalaches,8,9,174.0
2021-2022,CISSS de Chaudière-Appalaches,9,1,0.0
2021-2022,CISSS de Chaudière-Appalaches,9,2,0.0
2021-2022,CISSS de Chaudière-Appalaches,9,3,4.0
2021-2022,CISSS de Chaudière-Appalaches,9,4,8.0
2021-2022,CISSS de Chaudière-Appalaches,9,5,56.0
2021-2022,CISSS de Chaudière-Appalaches,9,6,20.0
2021-2022,CISSS de Chaudière-Appalaches,9,7,2.0
2021-2022,CISSS de Chaudière-Appalaches,9,8,0.0
2021-2022,CISSS de Chaudière-Appalaches,9,9,90.0
2021-2022,CISSS de Chaudière-Appalaches,10,1,0.0
2021-2022,CISSS de Chaudière-Appalaches,10,2,0.0
2021-2022,CISSS de Chaudière-Appalaches,10,3,146.0
2021-2022,CISSS de Chaudière-Appalaches,10,4,4440.0
2021-2022,CISSS de Chaudière-Appalaches,10,5,52274.0
2021-2022,CISSS de Chaudière-Appalaches,10,6,20218.0
2021-2022,CISSS de Chaudière-Appalaches,10,7,972.0
2021-2022,CISSS de Chaudière-Appalaches,10,8,0.0
2021-2022,CISSS de Chaudière-Appalaches,10,9,78050.0
2021-2022,CISSS de Chaudière-Appalaches,11,1,0.0
2021-2022,CISSS de Chaudière-Appalaches,11,2,0.0
2021-2022,CISSS de Chaudière-Appalaches,11,3,2.0
2021-2022,CISSS de Chaudière-Appalaches,11,4,22.0
2021-2022,CISSS de Chaudière-Appalaches,11,5,228.0
2021-2022,CISSS de Chaudière-Appalaches,11,6,94.0
2021-2022,CISSS de Chaudière-Appalaches,11,7,24.0
2021-2022,CISSS de Chaudière-Appalaches,11,8,2.0
2021-2022,CISSS de Chaudière-Appalaches,11,9,372.0
2021-2022,CISSS de Chaudière-Appalaches,12,1,0.0
2021-2022,CISSS de Chaudière-Appalaches,12,2,0.0
2021-2022,CISSS de Chaudière-Appalaches,12,3,2.0
2021-2022,CISSS de Chaudière-Appalaches,12,4,18.0
2021-2022,CISSS de Chaudière-Appalaches,12,5,154.0
2021-2022,CISSS de Chaudière-Appalaches,12,6,62.0
2021-2022,CISSS de Chaudière-Appalaches,12,7,16.0
2021-2022,CISSS de Chaudière-Appalaches,12,8,0.0
2021-2022,CISSS de Chaudière-Appalaches,12,9,252.0
2021-2022,CISSS de Chaudière-Appalaches,13,1,0.0
2021-2022,CISSS de Chaudière-Appalaches,13,2,0.0
2021-2022,CISSS de Chaudière-Appalaches,13,3,0.0
2021-2022,CISSS de Chaudière-Appalaches,13,4,4.0
2021-2022,CISSS de Chaudière-Appalaches,13,5,74.0
2021-2022,CISSS de Chaudière-Appalaches,13,6,32.0
2021-2022,CISSS de Chaudière-Appalaches,13,7,8.0
2021-2022,CISSS de Chaudière-Appalaches,13,8,2.0
2021-2022,CISSS de Chaudière-Appalaches,13,9,120.0
2021-2022,CISSS de Chaudière-Appalaches,14,1,0.0
2021-2022,CISSS de Chaudière-Appalaches,14,2,0.0
2021-2022,CISSS de Chaudière-Appalaches,14,3,2.0
2021-2022,CISSS de Chaudière-Appalaches,14,4,4.0
2021-2022,CISSS de Chaudière-Appalaches,14,5,40.0
2021-2022,CISSS de Chaudière-Appalaches,14,6,18.0
2021-2022,CISSS de Chaudière-Appalaches,14,7,16.0
2021-2022,CISSS de Chaudière-Appalaches,14,8,2.0
2021-2022,CISSS de Chaudière-Appalaches,14,9,82.0
2021-2022,CISSS de Chaudière-Appalaches,15,1,0.0
2021-2022,CISSS de Chaudière-Appalaches,15,2,0.0
2021-2022,CISSS de Chaudière-Appalaches,15,3,358.0
2021-2022,CISSS de Chaudière-Appalaches,15,4,3154.0
2021-2022,CISSS de Chaudière-Appalaches,15,5,42226.0
2021-2022,CISSS de Chaudière-Appalaches,15,6,21264.0
2021-2022,CISSS de Chaudière-Appalaches,15,7,3454.0
2021-2022,CISSS de Chaudière-Appalaches,15,8,178.0
2021-2022,CISSS de Chaudière-Appalaches,15,9,70634.0
2021-2022,CISSS de Chaudière-Appalaches,16,1,0.0
2021-2022,CISSS de Chaudière-Appalaches,16,2,0.0
2021-2022,CISSS de Chaudière-Appalaches,16,3,0.0
2021-2022,CISSS de Chaudière-Appalaches,16,4,0.0
2021-2022,CISSS de Chaudière-Appalaches,16,5,6.0
2021-2022,CISSS de Chaudière-Appalaches,16,6,12.0
2021-2022,CISSS de Chaudière-Appalaches,16,7,0.0
2021-2022,CISSS de Chaudière-Appalaches,16,8,0.0
2021-2022,CISSS de Chaudière-Appalaches,16,9,18.0
2021-2022,CISSS de Chaudière-Appalaches,17,1,0.0
2021-2022,CISSS de Chaudière-Appalaches,17,2,0.0
2021-2022,CISSS de Chaudière-Appalaches,17,3,0.0
2021-2022,CISSS de Chaudière-Appalaches,17,4,0.0
2021-2022,CISSS de Chaudière-Appalaches,17,5,6.0
2021-2022,CISSS de Chaudière-Appalaches,17,6,4.0
2021-2022,CISSS de Chaudière-Appalaches,17,7,0.0
2021-2022,CISSS de Chaudière-Appalaches,17,8,0.0
2021-2022,CISSS de Chaudière-Appalaches,17,9,10.0
2021-2022,CISSS de Chaudière-Appalaches,18,1,0.0
2021-2022,CISSS de Chaudière-Appalaches,18,2,0.0
2021-2022,CISSS de Chaudière-Appalaches,18,3,0.0
2021-2022,CISSS de Chaudière-Appalaches,18,4,0.0
2021-2022,CISSS de Chaudière-Appalaches,18,5,0.0
2021-2022,CISSS de Chaudière-Appalaches,18,6,8.0
2021-2022,CISSS de Chaudière-Appalaches,18,7,0.0
2021-2022,CISSS de Chaudière-Appalaches,18,8,0.0
2021-2022,CISSS de Chaudière-Appalaches,18,9,8.0
2021-2022,CISSS de Chaudière-Appalaches,19,1,0.0
2021-2022,CISSS de Chaudière-Appalaches,19,2,0.0
2021-2022,CISSS de Chaudière-Appalaches,19,3,0.0
2021-2022,CISSS de Chaudière-Appalaches,19,4,0.0
2021-2022,CISSS de Chaudière-Appalaches,19,5,0.0
2021-2022,CISSS de Chaudière-Appalaches,19,6,2.0
2021-2022,CISSS de Chaudière-Appalaches,19,7,0.0
2021-2022,CISSS de Chaudière-Appalaches,19,8,0.0
2021-2022,CISSS de Chaudière-Appalaches,19,9,2.0
2021-2022,CISSS de Laval,6,1,0.0
2021-2022,CISSS de Laval,6,2,0.0
2021-2022,CISSS de Laval,6,3,2.0
2021-2022,CISSS de Laval,6,4,46.0
2021-2022,CISSS de Laval,6,5,232.0
2021-2022,CISSS de Laval,6,6,38.0
2021-2022,CISSS de Laval,6,7,0.0
2021-2022,CISSS de Laval,6,8,0.0
2021-2022,CISSS de Laval,6,9,318.0
2021-2022,CISSS de Laval,7,1,0.0
2021-2022,CISSS de Laval,7,2,0.0
2021-2022,CISSS de Laval,7,3,0.0
2021-2022,CISSS de Laval,7,4,22.0
2021-2022,CISSS de Laval,7,5,144.0
2021-2022,CISSS de Laval,7,6,24.0
2021-2022,CISSS de Laval,7,7,0.0
2021-2022,CISSS de Laval,7,8,0.0
2021-2022,CISSS de Laval,7,9,190.0
2021-2022,CISSS de Laval,8,1,0.0
2021-2022,CISSS de Laval,8,2,0.0
2021-2022,CISSS de Laval,8,3,2.0
2021-2022,CISSS de Laval,8,4,24.0
2021-2022,CISSS de Laval,8,5,88.0
2021-2022,CISSS de Laval,8,6,14.0
2021-2022,CISSS de Laval,8,7,0.0
2021-2022,CISSS de Laval,8,8,0.0
2021-2022,CISSS de Laval,8,9,128.0
2021-2022,CISSS de Laval,9,1,0.0
2021-2022,CISSS de Laval,9,2,0.0
2021-2022,CISSS de Laval,9,3,0.0
2021-2022,CISSS de Laval,9,4,8.0
2021-2022,CISSS de Laval,9,5,38.0
2021-2022,CISSS de Laval,9,6,2.0
2021-2022,CISSS de Laval,9,7,0.0
2021-2022,CISSS de Laval,9,8,0.0
2021-2022,CISSS de Laval,9,9,48.0
2021-2022,CISSS de l'Abitibi-Témiscamingue,6,1,0.0
2021-2022,CISSS de l'Abitibi-Témiscamingue,6,2,0.0
2021-2022,CISSS de l'Abitibi-Témiscamingue,6,3,0.0
2021-2022,CISSS de l'Abitibi-Témiscamingue,6,4,2.0
2021-2022,CISSS de l'Abitibi-Témiscamingue,6,5,2.0
2021-2022,CISSS de l'Abitibi-Témiscamingue,6,6,2.0
2021-2022,CISSS de l'Abitibi-Témiscamingue,6,7,0.0
2021-2022,CISSS de l'Abitibi-Témiscamingue,6,8,0.0
2021-2022,CISSS de l'Abitibi-Témiscamingue,6,9,6.0
2021-2022,CISSS de l'Abitibi-Témiscamingue,7,1,0.0
2021-2022,CISSS de l'Abitibi-Témiscamingue,7,2,0.0
2021-2022,CISSS de l'Abitibi-Témiscamingue,7,3,0.0
2021-2022,CISSS de l'Abitibi-Témiscamingue,7,4,0.0
2021-2022,CISSS de l'Abitibi-Témiscamingue,7,5,2.0
2021-2022,CISSS de l'Abitibi-Témiscamingue,7,6,0.0
2021-2022,CISSS de l'Abitibi-Témiscamingue,7,7,0.0
2021-2022,CISSS de l'Abitibi-Témiscamingue,7,8,0.0
2021-2022,CISSS de l'Abitibi-Témiscamingue,7,9,2.0
2021-2022,CISSS de l'Abitibi-Témiscamingue,8,1,0.0
2021-2022,CISSS de l'Abitibi-Témiscamingue,8,2,0.0
2021-2022,CISSS de l'Abitibi-Témiscamingue,8,3,0.0
2021-2022,CISSS de l'Abitibi-Témiscamingue,8,4,2.0
2021-2022,CISSS de l'Abitibi-Témiscamingue,8,5,0.0
2021-2022,CISSS de l'Abitibi-Témiscamingue,8,6,2.0
2021-2022,CISSS de l'Abitibi-Témiscamingue,8,7,0.0
2021-2022,CISSS de l'Abitibi-Témiscamingue,8,8,0.0
2021-2022,CISSS de l'Abitibi-Témiscamingue,8,9,4.0
2021-2022,CISSS de l'Abitibi-Témiscamingue,10,1,0.0
2021-2022,CISSS de l'Abitibi-Témiscamingue,10,2,0.0
2021-2022,CISSS de l'Abitibi-Témiscamingue,10,3,0.0
2021-2022,CISSS de l'Abitibi-Témiscamingue,10,4,0.0
2021-2022,CISSS de l'Abitibi-Témiscamingue,10,5,0.0
2021-2022,CISSS de l'Abitibi-Témiscamingue,10,6,0.0
2021-2022,CISSS de l'Abitibi-Témiscamingue,10,7,0.0
2021-2022,CISSS de l'Abitibi-Témiscamingue,10,8,0.0
2021-2022,CISSS de l'Abitibi-Témiscamingue,10,9,0.0
2021-2022,CISSS de l'Abitibi-Témiscamingue,16,1,0.0
2021-2022,CISSS de l'Abitibi-Témiscamingue,16,2,0.0
2021-2022,CISSS de l'Abitibi-Témiscamingue,16,3,0.0
2021-2022,CISSS de l'Abitibi-Témiscamingue,16,4,0.0
2021-2022,CISSS de l'Abitibi-Témiscamingue,16,5,14.0
2021-2022,CISSS de l'Abitibi-Témiscamingue,16,6,10.0
2021-2022,CISSS de l'Abitibi-Témiscamingue,16,7,0.0
2021-2022,CISSS de l'Abitibi-Témiscamingue,16,8,0.0
2021-2022,CISSS de l'Abitibi-Témiscamingue,16,9,24.0
2021-2022,CISSS de l'Abitibi-Témiscamingue,17,1,0.0
2021-2022,CISSS de l'Abitibi-Témiscamingue,17,2,0.0
2021-2022,CISSS de l'Abitibi-Témiscamingue,17,3,0.0
2021-2022,CISSS de l'Abitibi-Témiscamingue,17,4,0.0
2021-2022,CISSS de l'Abitibi-Témiscamingue,17,5,10.0
2021-2022,CISSS de l'Abitibi-Témiscamingue,17,6,10.0
2021-2022,CISSS de l'Abitibi-Témiscamingue,17,7,0.0
2021-2022,CISSS de l'Abitibi-Témiscamingue,17,8,0.0
2021-2022,CISSS de l'Abitibi-Témiscamingue,17,9,20.0
2021-2022,CISSS de l'Abitibi-Témiscamingue,18,1,0.0
2021-2022,CISSS de l'Abitibi-Témiscamingue,18,2,0.0
2021-2022,CISSS de l'Abitibi-Témiscamingue,18,3,0.0
2021-2022,CISSS de l'Abitibi-Témiscamingue,18,4,0.0
2021-2022,CISSS de l'Abitibi-Témiscamingue,18,5,4.0
2021-2022,CISSS de l'Abitibi-Témiscamingue,18,6,0.0
2021-2022,CISSS de l'Abitibi-Témiscamingue,18,7,0.0
2021-2022,CISSS de l'Abitibi-Témiscamingue,18,8,0.0
2021-2022,CISSS de l'Abitibi-Témiscamingue,18,9,4.0
2021-2022,CISSS de l'Abitibi-Témiscamingue,19,1,0.0
2021-2022,CISSS de l'Abitibi-Témiscamingue,19,2,0.0
2021-2022,CISSS de l'Abitibi-Témiscamingue,19,3,0.0
2021-2022,CISSS de l'Abitibi-Témiscamingue,19,4,0.0
2021-2022,CISSS de l'Abitibi-Témiscamingue,19,5,2.0
2021-2022,CISSS de l'Abitibi-Témiscamingue,19,6,4.0
2021-2022,CISSS de l'Abitibi-Témiscamingue,19,7,0.0
2021-2022,CISSS de l'Abitibi-Témiscamingue,19,8,0.0
2021-2022,CISSS de l'Abitibi-Témiscamingue,19,9,6.0
2021-2022,CISSS de l'Outaouais,6,5,34.0
2021-2022,CISSS de l'Outaouais,6,6,16.0
2021-2022,CISSS de l'Outaouais,6,9,50.0
2021-2022,CISSS de l'Outaouais,7,5,22.0
2021-2022,CISSS de l'Outaouais,7,6,8.0
2021-2022,CISSS de l'Outaouais,7,9,30.0
2021-2022,CISSS de l'Outaouais,8,5,12.0
2021-2022,CISSS de l'Outaouais,8,6,8.0
2021-2022,CISSS de l'Outaouais,8,9,20.0
2021-2022,CISSS de l'Outaouais,9,5,8.0
2021-2022,CISSS de l'Outaouais,9,6,2.0
2021-2022,CISSS de l'Outaouais,9,9,10.0
2021-2022,CISSS de l'Outaouais,10,5,1592.0
2021-2022,CISSS de l'Outaouais,10,6,458.0
2021-2022,CISSS de l'Outaouais,10,9,2050.0
2021-2022,CISSS de l'Outaouais,11,4,6.0
2021-2022,CISSS de l'Outaouais,11,5,22.0
2021-2022,CISSS de l'Outaouais,11,6,10.0
2021-2022,CISSS de l'Outaouais,11,9,38.0
2021-2022,CISSS de l'Outaouais,12,4,4.0
2021-2022,CISSS de l'Outaouais,12,5,8.0
2021-2022,CISSS de l'Outaouais,12,6,6.0
2021-2022,CISSS de l'Outaouais,12,9,18.0
2021-2022,CISSS de l'Outaouais,13,4,2.0
2021-2022,CISSS de l'Outaouais,13,5,14.0
2021-2022,CISSS de l'Outaouais,13,6,4.0
2021-2022,CISSS de l'Outaouais,13,9,20.0
2021-2022,CISSS de l'Outaouais,15,4,266.0
2021-2022,CISSS de l'Outaouais,15,5,974.0
2021-2022,CISSS de l'Outaouais,15,6,6.0
2021-2022,CISSS de l'Outaouais,15,9,1246.0
2021-2022,CISSS de l'Outaouais,16,5,2.0
2021-2022,CISSS de l'Outaouais,16,9,2.0
2021-2022,CISSS de l'Outaouais,17,5,2.0
2021-2022,CISSS de l'Outaouais,17,9,2.0
2021-2022,CISSS de la Côte-Nord,6,5,22.0
2021-2022,CISSS de la Côte-Nord,6,6,24.0
2021-2022,CISSS de la Côte-Nord,6,7,2.0
2021-2022,CISSS de la Côte-Nord,6,9,48.0
2021-2022,CISSS de la Côte-Nord,7,5,12.0
2021-2022,CISSS de la Côte-Nord,7,6,10.0
2021-2022,CISSS de la Côte-Nord,7,7,2.0
2021-2022,CISSS de la Côte-Nord,7,9,24.0
2021-2022,CISSS de la Côte-Nord,8,5,10.0
2021-2022,CISSS de la Côte-Nord,8,6,14.0
2021-2022,CISSS de la Côte-Nord,8,9,24.0
2021-2022,CISSS de la Côte-Nord,9,5,4.0
2021-2022,CISSS de la Côte-Nord,9,6,4.0
2021-2022,CISSS de la Côte-Nord,9,9,8.0
2021-2022,CISSS de la Côte-Nord,11,5,4.0
2021-2022,CISSS de la Côte-Nord,11,6,4.0
2021-2022,CISSS de la Côte-Nord,11,9,8.0
2021-2022,CISSS de la Côte-Nord,12,5,2.0
2021-2022,CISSS de la Côte-Nord,12,9,2.0
2021-2022,CISSS de la Côte-Nord,13,5,2.0
2021-2022,CISSS de la Côte-Nord,13,6,4.0
2021-2022,CISSS de la Côte-Nord,13,9,6.0
2021-2022,CISSS de la Gaspésie,6,1,0.0
2021-2022,CISSS de la Gaspésie,6,2,0.0
2021-2022,CISSS de la Gaspésie,6,3,0.0
2021-2022,CISSS de la Gaspésie,6,4,2.0
2021-2022,CISSS de la Gaspésie,6,5,0.0
2021-2022,CISSS de la Gaspésie,6,6,0.0
2021-2022,CISSS de la Gaspésie,6,7,0.0
2021-2022,CISSS de la Gaspésie,6,8,0.0
2021-2022,CISSS de la Gaspésie,6,9,2.0
2021-2022,CISSS de la Gaspésie,7,1,0.0
2021-2022,CISSS de la Gaspésie,7,2,0.0
2021-2022,CISSS de la Gaspésie,7,3,0.0
2021-2022,CISSS de la Gaspésie,7,4,2.0
2021-2022,CISSS de la Gaspésie,7,5,0.0
2021-2022,CISSS de la Gaspésie,7,6,0.0
2021-2022,CISSS de la Gaspésie,7,7,0.0
2021-2022,CISSS de la Gaspésie,7,8,0.0
2021-2022,CISSS de la Gaspésie,7,9,2.0
2021-2022,CISSS de la Gaspésie,10,1,0.0
2021-2022,CISSS de la Gaspésie,10,2,0.0
2021-2022,CISSS de la Gaspésie,10,3,0.0
2021-2022,CISSS de la Gaspésie,10,4,0.0
2021-2022,CISSS de la Gaspésie,10,5,0.0
2021-2022,CISSS de la Gaspésie,10,6,0.0
2021-2022,CISSS de la Gaspésie,10,7,0.0
2021-2022,CISSS de la Gaspésie,10,8,0.0
2021-2022,CISSS de la Gaspésie,10,9,0.0
2021-2022,CISSS de la Montérégie-Ouest,11,3,2.0
2021-2022,CISSS de la Montérégie-Ouest,11,4,2.0
2021-2022,CISSS de la Montérégie-Ouest,11,5,472.0
2021-2022,CISSS de la Montérégie-Ouest,11,6,188.0
2021-2022,CISSS de la Montérégie-Ouest,11,7,8.0
2021-2022,CISSS de la Montérégie-Ouest,11,9,672.0
2021-2022,CISSS de la Montérégie-Ouest,12,3,2.0
2021-2022,CISSS de la Montérégie-Ouest,12,4,2.0
2021-2022,CISSS de la Montérégie-Ouest,12,5,292.0
2021-2022,CISSS de la Montérégie-Ouest,12,6,96.0
2021-2022,CISSS de la Montérégie-Ouest,12,7,8.0
2021-2022,CISSS de la Montérégie-Ouest,12,9,400.0
2021-2022,CISSS de la Montérégie-Ouest,13,5,180.0
2021-2022,CISSS de la Montérégie-Ouest,13,6,92.0
2021-2022,CISSS de la Montérégie-Ouest,13,9,272.0
2021-2022,CISSS de la Montérégie-Ouest,14,3,2.0
2021-2022,CISSS de la Montérégie-Ouest,14,5,44.0
2021-2022,CISSS de la Montérégie-Ouest,14,6,26.0
2021-2022,CISSS de la Montérégie-Ouest,14,7,6.0
2021-2022,CISSS de la Montérégie-Ouest,14,9,78.0
2021-2022,CISSS de la Montérégie-Ouest,15,3,2.0
2021-2022,CISSS de la Montérégie-Ouest,15,4,68.0
2021-2022,CISSS de la Montérégie-Ouest,15,5,67960.0
2021-2022,CISSS de la Montérégie-Ouest,15,6,24776.0
2021-2022,CISSS de la Montérégie-Ouest,15,7,146.0
2021-2022,CISSS de la Montérégie-Ouest,15,9,92952.0
2021-2022,CISSS de la Montérégie-Ouest,16,3,2.0
2021-2022,CISSS de la Montérégie-Ouest,16,4,40.0
2021-2022,CISSS de la Montérégie-Ouest,16,5,96.0
2021-2022,CISSS de la Montérégie-Ouest,16,6,130.0
2021-2022,CISSS de la Montérégie-Ouest,16,7,34.0
2021-2022,CISSS de la Montérégie-Ouest,16,9,302.0
2021-2022,CISSS de la Montérégie-Ouest,17,4,26.0
2021-2022,CISSS de la Montérégie-Ouest,17,5,82.0
2021-2022,CISSS de la Montérégie-Ouest,17,6,86.0
2021-2022,CISSS de la Montérégie-Ouest,17,7,22.0
2021-2022,CISSS de la Montérégie-Ouest,17,9,216.0
2021-2022,CISSS de la Montérégie-Ouest,18,3,2.0
2021-2022,CISSS de la Montérégie-Ouest,18,4,14.0
2021-2022,CISSS de la Montérégie-Ouest,18,5,14.0
2021-2022,CISSS de la Montérégie-Ouest,18,6,44.0
2021-2022,CISSS de la Montérégie-Ouest,18,7,12.0
2021-2022,CISSS de la Montérégie-Ouest,18,9,86.0
2021-2022,CISSS de la Montérégie-Ouest,19,4,12.0
2021-2022,CISSS de la Montérégie-Ouest,19,5,38.0
2021-2022,CISSS de la Montérégie-Ouest,19,6,50.0
2021-2022,CISSS de la Montérégie-Ouest,19,7,18.0
2021-2022,CISSS de la Montérégie-Ouest,19,9,118.0
2021-2022,CISSS des Laurentides,1,1,0.0
2021-2022,CISSS des Laurentides,1,2,0.0
2021-2022,CISSS des Laurentides,1,3,0.0
2021-2022,CISSS des Laurentides,1,4,0.0
2021-2022,CISSS des Laurentides,1,5,0.0
2021-2022,CISSS des Laurentides,1,6,0.0
2021-2022,CISSS des Laurentides,1,7,0.0
2021-2022,CISSS des Laurentides,1,8,0.0
2021-2022,CISSS des Laurentides,1,9,0.0
2021-2022,CISSS des Laurentides,2,1,0.0
2021-2022,CISSS des Laurentides,2,2,0.0
2021-2022,CISSS des Laurentides,2,3,0.0
2021-2022,CISSS des Laurentides,2,4,0.0
2021-2022,CISSS des Laurentides,2,5,0.0
2021-2022,CISSS des Laurentides,2,6,0.0
2021-2022,CISSS des Laurentides,2,7,0.0
2021-2022,CISSS des Laurentides,2,8,0.0
2021-2022,CISSS des Laurentides,2,9,0.0
2021-2022,CISSS des Laurentides,3,1,0.0
2021-2022,CISSS des Laurentides,3,2,0.0
2021-2022,CISSS des Laurentides,3,3,0.0
2021-2022,CISSS des Laurentides,3,4,0.0
2021-2022,CISSS des Laurentides,3,5,0.0
2021-2022,CISSS des Laurentides,3,6,0.0
2021-2022,CISSS des Laurentides,3,7,0.0
2021-2022,CISSS des Laurentides,3,8,0.0
2021-2022,CISSS des Laurentides,3,9,0.0
2021-2022,CISSS des Laurentides,4,1,0.0
2021-2022,CISSS des Laurentides,4,2,0.0
2021-2022,CISSS des Laurentides,4,3,0.0
2021-2022,CISSS des Laurentides,4,4,0.0
2021-2022,CISSS des Laurentides,4,5,0.0
2021-2022,CISSS des Laurentides,4,6,0.0
2021-2022,CISSS des Laurentides,4,7,0.0
2021-2022,CISSS des Laurentides,4,8,0.0
2021-2022,CISSS des Laurentides,4,9,0.0
2021-2022,CISSS des Laurentides,5,1,0.0
2021-2022,CISSS des Laurentides,5,2,0.0
2021-2022,CISSS des Laurentides,5,3,0.0
2021-2022,CISSS des Laurentides,5,4,0.0
2021-2022,CISSS des Laurentides,5,5,0.0
2021-2022,CISSS des Laurentides,5,6,0.0
2021-2022,CISSS des Laurentides,5,7,0.0
2021-2022,CISSS des Laurentides,5,8,0.0
2021-2022,CISSS des Laurentides,5,9,0.0
2021-2022,CISSS des Laurentides,6,1,0.0
2021-2022,CISSS des Laurentides,6,2,0.0
2021-2022,CISSS des Laurentides,6,3,4.0
2021-2022,CISSS des Laurentides,6,4,70.0
2021-2022,CISSS des Laurentides,6,5,446.0
2021-2022,CISSS des Laurentides,6,6,110.0
2021-2022,CISSS des Laurentides,6,7,10.0
2021-2022,CISSS des Laurentides,6,8,0.0
2021-2022,CISSS des Laurentides,6,9,640.0
2021-2022,CISSS des Laurentides,7,1,0.0
2021-2022,CISSS des Laurentides,7,2,0.0
2021-2022,CISSS des Laurentides,7,3,4.0
2021-2022,CISSS des Laurentides,7,4,50.0
2021-2022,CISSS des Laurentides,7,5,254.0
2021-2022,CISSS des Laurentides,7,6,64.0
2021-2022,CISSS des Laurentides,7,7,8.0
2021-2022,CISSS des Laurentides,7,8,0.0
2021-2022,CISSS des Laurentides,7,9,380.0
2021-2022,CISSS des Laurentides,8,1,0.0
2021-2022,CISSS des Laurentides,8,2,0.0
2021-2022,CISSS des Laurentides,8,3,0.0
2021-2022,CISSS des Laurentides,8,4,20.0
2021-2022,CISSS des Laurentides,8,5,192.0
2021-2022,CISSS des Laurentides,8,6,46.0
2021-2022,CISSS des Laurentides,8,7,2.0
2021-2022,CISSS des Laurentides,8,8,0.0
2021-2022,CISSS des Laurentides,8,9,260.0
2021-2022,CISSS des Laurentides,9,1,0.0
2021-2022,CISSS des Laurentides,9,2,0.0
2021-2022,CISSS des Laurentides,9,3,4.0
2021-2022,CISSS des Laurentides,9,4,26.0
2021-2022,CISSS des Laurentides,9,5,96.0
2021-2022,CISSS des Laurentides,9,6,22.0
2021-2022,CISSS des Laurentides,9,7,4.0
2021-2022,CISSS des Laurentides,9,8,0.0
2021-2022,CISSS des Laurentides,9,9,152.0
2021-2022,CISSS des Laurentides,10,1,0.0
2021-2022,CISSS des Laurentides,10,2,0.0
2021-2022,CISSS des Laurentides,10,3,146.0
2021-2022,CISSS des Laurentides,10,4,5306.0
2021-2022,CISSS des Laurentides,10,5,64514.0
2021-2022,CISSS des Laurentides,10,6,15676.0
2021-2022,CISSS des Laurentides,10,7,1006.0
2021-2022,CISSS des Laurentides,10,8,0.0
2021-2022,CISSS des Laurentides,10,9,86648.0
2021-2022,CISSS des Laurentides,11,1,0.0
2021-2022,CISSS des Laurentides,11,2,0.0
2021-2022,CISSS des Laurentides,11,3,18.0
2021-2022,CISSS des Laurentides,11,4,38.0
2021-2022,CISSS des Laurentides,11,5,284.0
2021-2022,CISSS des Laurentides,11,6,124.0
2021-2022,CISSS des Laurentides,11,7,4.0
2021-2022,CISSS des Laurentides,11,8,2.0
2021-2022,CISSS des Laurentides,11,9,470.0
2021-2022,CISSS des Laurentides,12,1,0.0
2021-2022,CISSS des Laurentides,12,2,0.0
2021-2022,CISSS des Laurentides,12,3,10.0
2021-2022,CISSS des Laurentides,12,4,26.0
2021-2022,CISSS des Laurentides,12,5,172.0
2021-2022,CISSS des Laurentides,12,6,84.0
2021-2022,CISSS des Laurentides,12,7,4.0
2021-2022,CISSS des Laurentides,12,8,2.0
2021-2022,CISSS des Laurentides,12,9,298.0
2021-2022,CISSS des Laurentides,13,1,0.0
2021-2022,CISSS des Laurentides,13,2,0.0
2021-2022,CISSS des Laurentides,13,3,8.0
2021-2022,CISSS des Laurentides,13,4,12.0
2021-2022,CISSS des Laurentides,13,5,112.0
2021-2022,CISSS des Laurentides,13,6,40.0
2021-2022,CISSS des Laurentides,13,7,0.0
2021-2022,CISSS des Laurentides,13,8,0.0
2021-2022,CISSS des Laurentides,13,9,172.0
2021-2022,CISSS des Laurentides,14,1,0.0
2021-2022,CISSS des Laurentides,14,2,0.0
2021-2022,CISSS des Laurentides,14,3,18.0
2021-2022,CISSS des Laurentides,14,4,26.0
2021-2022,CISSS des Laurentides,14,5,78.0
2021-2022,CISSS des Laurentides,14,6,22.0
2021-2022,CISSS des Laurentides,14,7,0.0
2021-2022,CISSS des Laurentides,14,8,0.0
2021-2022,CISSS des Laurentides,14,9,144.0
2021-2022,CISSS des Laurentides,15,1,0.0
2021-2022,CISSS des Laurentides,15,2,0.0
2021-2022,CISSS des Laurentides,15,3,398.0
2021-2022,CISSS des Laurentides,15,4,1010.0
2021-2022,CISSS des Laurentides,15,5,19988.0
2021-2022,CISSS des Laurentides,15,6,7354.0
2021-2022,CISSS des Laurentides,15,7,324.0
2021-2022,CISSS des Laurentides,15,8,164.0
2021-2022,CISSS des Laurentides,15,9,29238.0
2021-2022,CISSS des Laurentides,16,1,0.0
2021-2022,CISSS des Laurentides,16,2,0.0
2021-2022,CISSS des Laurentides,16,3,0.0
2021-2022,CISSS des Laurentides,16,4,0.0
2021-2022,CISSS des Laurentides,16,5,2.0
2021-2022,CISSS des Laurentides,16,6,4.0
2021-2022,CISSS des Laurentides,16,7,2.0
2021-2022,CISSS des Laurentides,16,8,0.0
2021-2022,CISSS des Laurentides,16,9,8.0
2021-2022,CISSS des Laurentides,17,1,0.0
2021-2022,CISSS des Laurentides,17,2,0.0
2021-2022,CISSS des Laurentides,17,3,0.0
2021-2022,CISSS des Laurentides,17,4,0.0
2021-2022,CISSS des Laurentides,17,5,2.0
2021-2022,CISSS des Laurentides,17,6,2.0
2021-2022,CISSS des Laurentides,17,7,0.0
2021-2022,CISSS des Laurentides,17,8,0.0
2021-2022,CISSS des Laurentides,17,9,4.0
2021-2022,CISSS des Laurentides,18,1,0.0
2021-2022,CISSS des Laurentides,18,2,0.0
2021-2022,CISSS des Laurentides,18,3,0.0
2021-2022,CISSS des Laurentides,18,4,0.0
2021-2022,CISSS des Laurentides,18,5,0.0
2021-2022,CISSS des Laurentides,18,6,2.0
2021-2022,CISSS des Laurentides,18,7,2.0
2021-2022,CISSS des Laurentides,18,8,0.0
2021-2022,CISSS des Laurentides,18,9,4.0
2021-2022,CISSS des Laurentides,19,1,0.0
2021-2022,CISSS des Laurentides,19,2,0.0
2021-2022,CISSS des Laurentides,19,3,0.0
2021-2022,CISSS des Laurentides,19,4,0.0
2021-2022,CISSS des Laurentides,19,5,0.0
2021-2022,CISSS des Laurentides,19,6,2.0
2021-2022,CISSS des Laurentides,19,7,0.0
2021-2022,CISSS des Laurentides,19,8,0.0
2021-2022,CISSS des Laurentides,19,9,2.0
2021-2022,CISSS des Îles,1,4,2.0
2021-2022,CISSS des Îles,1,5,6.0
2021-2022,CISSS des Îles,1,6,28.0
2021-2022,CISSS des Îles,1,7,4.0
2021-2022,CISSS des Îles,1,9,40.0
2021-2022,CISSS des Îles,2,4,2.0
2021-2022,CISSS des Îles,2,5,4.0
2021-2022,CISSS des Îles,2,6,10.0
2021-2022,CISSS des Îles,2,9,16.0
2021-2022,CISSS des Îles,3,5,2.0
2021-2022,CISSS des Îles,3,6,18.0
2021-2022,CISSS des Îles,3,7,4.0
2021-2022,CISSS des Îles,3,9,24.0
2021-2022,CISSS des Îles,5,4,8.0
2021-2022,CISSS des Îles,5,5,516.0
2021-2022,CISSS des Îles,5,6,1950.0
2021-2022,CISSS des Îles,5,7,382.0
2021-2022,CISSS des Îles,5,9,2856.0
2021-2022,CISSS des Îles,6,6,4.0
2021-2022,CISSS des Îles,6,9,4.0
2021-2022,CISSS des Îles,7,6,2.0
2021-2022,CISSS des Îles,7,9,2.0
2021-2022,CISSS des Îles,8,6,2.0
2021-2022,CISSS des Îles,8,9,2.0
2021-2022,CISSS des Îles,10,6,68.0
2021-2022,CISSS des Îles,10,9,68.0
2021-2022,CISSS des Îles,11,5,4.0
2021-2022,CISSS des Îles,11,6,24.0
2021-2022,CISSS des Îles,11,9,28.0
2021-2022,CISSS des Îles,12,6,6.0
2021-2022,CISSS des Îles,12,9,6.0
2021-2022,CISSS des Îles,13,5,4.0
2021-2022,CISSS des Îles,13,6,18.0
2021-2022,CISSS des Îles,13,9,22.0
2021-2022,CISSS des Îles,15,5,86.0
2021-2022,CISSS des Îles,15,6,904.0
2021-2022,CISSS des Îles,15,9,990.0
2021-2022,CISSS des Îles,16,4,6.0
2021-2022,CISSS des Îles,16,5,4.0
2021-2022,CISSS des Îles,16,6,8.0
2021-2022,CISSS des Îles,16,9,18.0
2021-2022,CISSS des Îles,17,4,2.0
2021-2022,CISSS des Îles,17,5,2.0
2021-2022,CISSS des Îles,17,6,8.0
2021-2022,CISSS des Îles,17,9,12.0
2021-2022,CISSS des Îles,18,4,4.0
2021-2022,CISSS des Îles,18,5,2.0
2021-2022,CISSS des Îles,18,9,6.0
2021-2022,CISSS des Îles,19,4,2.0
2021-2022,CISSS des Îles,19,9,2.0
2021-2022,CISSS du Bas-Saint-Laurent,1,1,0.0
2021-2022,CISSS du Bas-Saint-Laurent,1,2,0.0
2021-2022,CISSS du Bas-Saint-Laurent,1,3,0.0
2021-2022,CISSS du Bas-Saint-Laurent,1,4,0.0
2021-2022,CISSS du Bas-Saint-Laurent,1,5,30.0
2021-2022,CISSS du Bas-Saint-Laurent,1,6,32.0
2021-2022,CISSS du Bas-Saint-Laurent,1,7,2.0
2021-2022,CISSS du Bas-Saint-Laurent,1,8,0.0
2021-2022,CISSS du Bas-Saint-Laurent,1,9,64.0
2021-2022,CISSS du Bas-Saint-Laurent,2,1,0.0
2021-2022,CISSS du Bas-Saint-Laurent,2,2,0.0
2021-2022,CISSS du Bas-Saint-Laurent,2,3,0.0
2021-2022,CISSS du Bas-Saint-Laurent,2,4,0.0
2021-2022,CISSS du Bas-Saint-Laurent,2,5,20.0
2021-2022,CISSS du Bas-Saint-Laurent,2,6,28.0
2021-2022,CISSS du Bas-Saint-Laurent,2,7,0.0
2021-2022,CISSS du Bas-Saint-Laurent,2,8,0.0
2021-2022,CISSS du Bas-Saint-Laurent,2,9,48.0
2021-2022,CISSS du Bas-Saint-Laurent,3,1,0.0
2021-2022,CISSS du Bas-Saint-Laurent,3,2,0.0
2021-2022,CISSS du Bas-Saint-Laurent,3,3,0.0
2021-2022,CISSS du Bas-Saint-Laurent,3,4,0.0
2021-2022,CISSS du Bas-Saint-Laurent,3,5,10.0
2021-2022,CISSS du Bas-Saint-Laurent,3,6,4.0
2021-2022,CISSS du Bas-Saint-Laurent,3,7,2.0
2021-2022,CISSS du Bas-Saint-Laurent,3,8,0.0
2021-2022,CISSS du Bas-Saint-Laurent,3,9,16.0
2021-2022,CISSS du Bas-Saint-Laurent,4,1,0.0
2021-2022,CISSS du Bas-Saint-Laurent,4,2,0.0
2021-2022,CISSS du Bas-Saint-Laurent,4,3,0.0
2021-2022,CISSS du Bas-Saint-Laurent,4,4,0.0
2021-2022,CISSS du Bas-Saint-Laurent,4,5,4.0
2021-2022,CISSS du Bas-Saint-Laurent,4,6,2.0
2021-2022,CISSS du Bas-Saint-Laurent,4,7,2.0
2021-2022,CISSS du Bas-Saint-Laurent,4,8,0.0
2021-2022,CISSS du Bas-Saint-Laurent,4,9,8.0
2021-2022,CISSS du Bas-Saint-Laurent,5,1,0.0
2021-2022,CISSS du Bas-Saint-Laurent,5,2,0.0
2021-2022,CISSS du Bas-Saint-Laurent,5,3,0.0
2021-2022,CISSS du Bas-Saint-Laurent,5,4,0.0
2021-2022,CISSS du Bas-Saint-Laurent,5,5,2730.0
2021-2022,CISSS du Bas-Saint-Laurent,5,6,2936.0
2021-2022,CISSS du Bas-Saint-Laurent,5,7,24.0
2021-2022,CISSS du Bas-Saint-Laurent,5,8,0.0
2021-2022,CISSS du Bas-Saint-Laurent,5,9,5690.0
2021-2022,CISSS du Bas-Saint-Laurent,6,1,0.0
2021-2022,CISSS du Bas-Saint-Laurent,6,2,0.0
2021-2022,CISSS du Bas-Saint-Laurent,6,3,0.0
2021-2022,CISSS du Bas-Saint-Laurent,6,4,14.0
2021-2022,CISSS du Bas-Saint-Laurent,6,5,118.0
2021-2022,CISSS du Bas-Saint-Laurent,6,6,64.0
2021-2022,CISSS du Bas-Saint-Laurent,6,7,4.0
2021-2022,CISSS du Bas-Saint-Laurent,6,8,0.0
2021-2022,CISSS du Bas-Saint-Laurent,6,9,200.0
2021-2022,CISSS du Bas-Saint-Laurent,7,1,0.0
2021-2022,CISSS du Bas-Saint-Laurent,7,2,0.0
2021-2022,CISSS du Bas-Saint-Laurent,7,3,0.0
2021-2022,CISSS du Bas-Saint-Laurent,7,4,8.0
2021-2022,CISSS du Bas-Saint-Laurent,7,5,68.0
2021-2022,CISSS du Bas-Saint-Laurent,7,6,46.0
2021-2022,CISSS du Bas-Saint-Laurent,7,7,0.0
2021-2022,CISSS du Bas-Saint-Laurent,7,8,0.0
2021-2022,CISSS du Bas-Saint-Laurent,7,9,122.0
2021-2022,CISSS du Bas-Saint-Laurent,8,1,0.0
2021-2022,CISSS du Bas-Saint-Laurent,8,2,0.0
2021-2022,CISSS du Bas-Saint-Laurent,8,3,0.0
2021-2022,CISSS du Bas-Saint-Laurent,8,4,6.0
2021-2022,CISSS du Bas-Saint-Laurent,8,5,50.0
2021-2022,CISSS du Bas-Saint-Laurent,8,6,18.0
2021-2022,CISSS du Bas-Saint-Laurent,8,7,4.0
2021-2022,CISSS du Bas-Saint-Laurent,8,8,0.0
2021-2022,CISSS du Bas-Saint-Laurent,8,9,78.0
2021-2022,CISSS du Bas-Saint-Laurent,9,1,0.0
2021-2022,CISSS du Bas-Saint-Laurent,9,2,0.0
2021-2022,CISSS du Bas-Saint-Laurent,9,3,0.0
2021-2022,CISSS du Bas-Saint-Laurent,9,4,12.0
2021-2022,CISSS du Bas-Saint-Laurent,9,5,34.0
2021-2022,CISSS du Bas-Saint-Laurent,9,6,16.0
2021-2022,CISSS du Bas-Saint-Laurent,9,7,2.0
2021-2022,CISSS du Bas-Saint-Laurent,9,8,0.0
2021-2022,CISSS du Bas-Saint-Laurent,9,9,64.0
2021-2022,CISSS du Bas-Saint-Laurent,10,1,0.0
2021-2022,CISSS du Bas-Saint-Laurent,10,2,0.0
2021-2022,CISSS du Bas-Saint-Laurent,10,3,0.0
2021-2022,CISSS du Bas-Saint-Laurent,10,4,1302.0
2021-2022,CISSS du Bas-Saint-Laurent,10,5,13628.0
2021-2022,CISSS du Bas-Saint-Laurent,10,6,7928.0
2021-2022,CISSS du Bas-Saint-Laurent,10,7,400.0
2021-2022,CISSS du Bas-Saint-Laurent,10,8,0.0
2021-2022,CISSS du Bas-Saint-Laurent,10,9,23258.0
2021-2022,CISSS du Bas-Saint-Laurent,11,1,0.0
2021-2022,CISSS du Bas-Saint-Laurent,11,2,0.0
2021-2022,CISSS du Bas-Saint-Laurent,11,3,0.0
2021-2022,CISSS du Bas-Saint-Laurent,11,4,10.0
2021-2022,CISSS du Bas-Saint-Laurent,11,5,186.0
2021-2022,CISSS du Bas-Saint-Laurent,11,6,104.0
2021-2022,CISSS du Bas-Saint-Laurent,11,7,24.0
2021-2022,CISSS du Bas-Saint-Laurent,11,8,4.0
2021-2022,CISSS du Bas-Saint-Laurent,11,9,328.0
2021-2022,CISSS du Bas-Saint-Laurent,12,1,0.0
2021-2022,CISSS du Bas-Saint-Laurent,12,2,0.0
2021-2022,CISSS du Bas-Saint-Laurent,12,3,0.0
2021-2022,CISSS du Bas-Saint-Laurent,12,4,8.0
2021-2022,CISSS du Bas-Saint-Laurent,12,5,112.0
2021-2022,CISSS du Bas-Saint-Laurent,12,6,54.0
2021-2022,CISSS du Bas-Saint-Laurent,12,7,10.0
2021-2022,CISSS du Bas-Saint-Laurent,12,8,2.0
2021-2022,CISSS du Bas-Saint-Laurent,12,9,186.0
2021-2022,CISSS du Bas-Saint-Laurent,13,1,0.0
2021-2022,CISSS du Bas-Saint-Laurent,13,2,0.0
2021-2022,CISSS du Bas-Saint-Laurent,13,3,0.0
2021-2022,CISSS du Bas-Saint-Laurent,13,4,2.0
2021-2022,CISSS du Bas-Saint-Laurent,13,5,74.0
2021-2022,CISSS du Bas-Saint-Laurent,13,6,50.0
2021-2022,CISSS du Bas-Saint-Laurent,13,7,14.0
2021-2022,CISSS du Bas-Saint-Laurent,13,8,2.0
2021-2022,CISSS du Bas-Saint-Laurent,13,9,142.0
2021-2022,CISSS du Bas-Saint-Laurent,14,1,0.0
2021-2022,CISSS du Bas-Saint-Laurent,14,2,0.0
2021-2022,CISSS du Bas-Saint-Laurent,14,3,0.0
2021-2022,CISSS du Bas-Saint-Laurent,14,4,6.0
2021-2022,CISSS du Bas-Saint-Laurent,14,5,32.0
2021-2022,CISSS du Bas-Saint-Laurent,14,6,20.0
2021-2022,CISSS du Bas-Saint-Laurent,14,7,4.0
2021-2022,CISSS du Bas-Saint-Laurent,14,8,0.0
2021-2022,CISSS du Bas-Saint-Laurent,14,9,62.0
2021-2022,CISSS du Bas-Saint-Laurent,15,1,0.0
2021-2022,CISSS du Bas-Saint-Laurent,15,2,0.0
2021-2022,CISSS du Bas-Saint-Laurent,15,3,0.0
2021-2022,CISSS du Bas-Saint-Laurent,15,4,406.0
2021-2022,CISSS du Bas-Saint-Laurent,15,5,21736.0
2021-2022,CISSS du Bas-Saint-Laurent,15,6,8918.0
2021-2022,CISSS du Bas-Saint-Laurent,15,7,1722.0
2021-2022,CISSS du Bas-Saint-Laurent,15,8,300.0
2021-2022,CISSS du Bas-Saint-Laurent,15,9,33082.0
2021-2022,CISSS du Bas-Saint-Laurent,16,1,0.0
2021-2022,CISSS du Bas-Saint-Laurent,16,2,0.0
2021-2022,CISSS du Bas-Saint-Laurent,16,3,0.0
2021-2022,CISSS du Bas-Saint-Laurent,16,4,0.0
2021-2022,CISSS du Bas-Saint-Laurent,16,5,0.0
2021-2022,CISSS du Bas-Saint-Laurent,16,6,0.0
2021-2022,CISSS du Bas-Saint-Laurent,16,7,0.0
2021-2022,CISSS du Bas-Saint-Laurent,16,8,0.0
2021-2022,CISSS du Bas-Saint-Laurent,16,9,0.0
2021-2022,CISSS du Bas-Saint-Laurent,17,1,0.0
2021-2022,CISSS du Bas-Saint-Laurent,17,2,0.0
2021-2022,CISSS du Bas-Saint-Laurent,17,3,0.0
2021-2022,CISSS du Bas-Saint-Laurent,17,4,0.0
2021-2022,CISSS du Bas-Saint-Laurent,17,5,0.0
2021-2022,CISSS du Bas-Saint-Laurent,17,6,0.0
2021-2022,CISSS du Bas-Saint-Laurent,17,7,0.0
2021-2022,CISSS du Bas-Saint-Laurent,17,8,0.0
2021-2022,CISSS du Bas-Saint-Laurent,17,9,0.0
2021-2022,CISSS du Bas-Saint-Laurent,18,1,0.0
2021-2022,CISSS du Bas-Saint-Laurent,18,2,0.0
2021-2022,CISSS du Bas-Saint-Laurent,18,3,0.0
2021-2022,CISSS du Bas-Saint-Laurent,18,4,0.0
2021-2022,CISSS du Bas-Saint-Laurent,18,5,0.0
2021-2022,CISSS du Bas-Saint-Laurent,18,6,0.0
2021-2022,CISSS du Bas-Saint-Laurent,18,7,0.0
2021-2022,CISSS du Bas-Saint-Laurent,18,8,0.0
2021-2022,CISSS du Bas-Saint-Laurent,18,9,0.0
2021-2022,CISSS du Bas-Saint-Laurent,19,1,0.0
2021-2022,CISSS du Bas-Saint-Laurent,19,2,0.0
2021-2022,CISSS du Bas-Saint-Laurent,19,3,0.0
2021-2022,CISSS du Bas-Saint-Laurent,19,4,0.0
2021-2022,CISSS du Bas-Saint-Laurent,19,5,0.0
2021-2022,CISSS du Bas-Saint-Laurent,19,6,0.0
2021-2022,CISSS du Bas-Saint-Laurent,19,7,0.0
2021-2022,CISSS du Bas-Saint-Laurent,19,8,0.0
2021-2022,CISSS du Bas-Saint-Laurent,19,9,0.0
2021-2022,CIUSSS de l'Estrie  CHUS,1,4,4.0
2021-2022,CIUSSS de l'Estrie  CHUS,1,5,84.0
2021-2022,CIUSSS de l'Estrie  CHUS,1,6,40.0
2021-2022,CIUSSS de l'Estrie  CHUS,1,7,8.0
2021-2022,CIUSSS de l'Estrie  CHUS,1,9,136.0
2021-2022,CIUSSS de l'Estrie  CHUS,2,4,2.0
2021-2022,CIUSSS de l'Estrie  CHUS,2,5,60.0
2021-2022,CIUSSS de l'Estrie  CHUS,2,6,22.0
2021-2022,CIUSSS de l'Estrie  CHUS,2,7,2.0
2021-2022,CIUSSS de l'Estrie  CHUS,2,9,86.0
2021-2022,CIUSSS de l'Estrie  CHUS,3,4,2.0
2021-2022,CIUSSS de l'Estrie  CHUS,3,5,24.0
2021-2022,CIUSSS de l'Estrie  CHUS,3,6,18.0
2021-2022,CIUSSS de l'Estrie  CHUS,3,7,6.0
2021-2022,CIUSSS de l'Estrie  CHUS,3,9,50.0
2021-2022,CIUSSS de l'Estrie  CHUS,4,5,12.0
2021-2022,CIUSSS de l'Estrie  CHUS,4,6,4.0
2021-2022,CIUSSS de l'Estrie  CHUS,4,7,2.0
2021-2022,CIUSSS de l'Estrie  CHUS,4,9,18.0
2021-2022,CIUSSS de l'Estrie  CHUS,5,4,140.0
2021-2022,CIUSSS de l'Estrie  CHUS,5,5,8810.0
2021-2022,CIUSSS de l'Estrie  CHUS,5,6,3254.0
2021-2022,CIUSSS de l'Estrie  CHUS,5,7,728.0
2021-2022,CIUSSS de l'Estrie  CHUS,5,9,12932.0
2021-2022,CIUSSS de l'Estrie  CHUS,6,4,6.0
2021-2022,CIUSSS de l'Estrie  CHUS,6,5,188.0
2021-2022,CIUSSS de l'Estrie  CHUS,6,6,92.0
2021-2022,CIUSSS de l'Estrie  CHUS,6,7,4.0
2021-2022,CIUSSS de l'Estrie  CHUS,6,9,290.0
2021-2022,CIUSSS de l'Estrie  CHUS,7,4,4.0
2021-2022,CIUSSS de l'Estrie  CHUS,7,5,118.0
2021-2022,CIUSSS de l'Estrie  CHUS,7,6,66.0
2021-2022,CIUSSS de l'Estrie  CHUS,7,9,188.0
2021-2022,CIUSSS de l'Estrie  CHUS,8,4,2.0
2021-2022,CIUSSS de l'Estrie  CHUS,8,5,70.0
2021-2022,CIUSSS de l'Estrie  CHUS,8,6,26.0
2021-2022,CIUSSS de l'Estrie  CHUS,8,7,4.0
2021-2022,CIUSSS de l'Estrie  CHUS,8,9,102.0
2021-2022,CIUSSS de l'Estrie  CHUS,9,4,4.0
2021-2022,CIUSSS de l'Estrie  CHUS,9,5,46.0
2021-2022,CIUSSS de l'Estrie  CHUS,9,6,14.0
2021-2022,CIUSSS de l'Estrie  CHUS,9,7,4.0
2021-2022,CIUSSS de l'Estrie  CHUS,9,9,68.0
2021-2022,CIUSSS de l'Estrie  CHUS,10,4,512.0
2021-2022,CIUSSS de l'Estrie  CHUS,10,5,29454.0
2021-2022,CIUSSS de l'Estrie  CHUS,10,6,16926.0
2021-2022,CIUSSS de l'Estrie  CHUS,10,7,48.0
2021-2022,CIUSSS de l'Estrie  CHUS,10,9,46940.0
2021-2022,CIUSSS de l'Estrie  CHUS,11,4,20.0
2021-2022,CIUSSS de l'Estrie  CHUS,11,5,214.0
2021-2022,CIUSSS de l'Estrie  CHUS,11,6,144.0
2021-2022,CIUSSS de l'Estrie  CHUS,11,7,20.0
2021-2022,CIUSSS de l'Estrie  CHUS,11,9,398.0
2021-2022,CIUSSS de l'Estrie  CHUS,12,4,12.0
2021-2022,CIUSSS de l'Estrie  CHUS,12,5,114.0
2021-2022,CIUSSS de l'Estrie  CHUS,12,6,86.0
2021-2022,CIUSSS de l'Estrie  CHUS,12,7,6.0
2021-2022,CIUSSS de l'Estrie  CHUS,12,9,218.0
2021-2022,CIUSSS de l'Estrie  CHUS,13,4,8.0
2021-2022,CIUSSS de l'Estrie  CHUS,13,5,100.0
2021-2022,CIUSSS de l'Estrie  CHUS,13,6,58.0
2021-2022,CIUSSS de l'Estrie  CHUS,13,7,14.0
2021-2022,CIUSSS de l'Estrie  CHUS,13,9,180.0
2021-2022,CIUSSS de l'Estrie  CHUS,14,4,2.0
2021-2022,CIUSSS de l'Estrie  CHUS,14,5,28.0
2021-2022,CIUSSS de l'Estrie  CHUS,14,6,38.0
2021-2022,CIUSSS de l'Estrie  CHUS,14,7,8.0
2021-2022,CIUSSS de l'Estrie  CHUS,14,9,76.0
2021-2022,CIUSSS de l'Estrie  CHUS,15,4,1732.0
2021-2022,CIUSSS de l'Estrie  CHUS,15,5,24084.0
2021-2022,CIUSSS de l'Estrie  CHUS,15,6,13858.0
2021-2022,CIUSSS de l'Estrie  CHUS,15,7,1852.0
2021-2022,CIUSSS de l'Estrie  CHUS,15,9,41526.0
2021-2022,CIUSSS de l'Ouest-de-l'Île-de-Montréal,1,1,0.0
2021-2022,CIUSSS de l'Ouest-de-l'Île-de-Montréal,1,2,0.0
2021-2022,CIUSSS de l'Ouest-de-l'Île-de-Montréal,1,3,0.0
2021-2022,CIUSSS de l'Ouest-de-l'Île-de-Montréal,1,4,0.0
2021-2022,CIUSSS de l'Ouest-de-l'Île-de-Montréal,1,5,82.0
2021-2022,CIUSSS de l'Ouest-de-l'Île-de-Montréal,1,6,16.0
2021-2022,CIUSSS de l'Ouest-de-l'Île-de-Montréal,1,7,0.0
2021-2022,CIUSSS de l'Ouest-de-l'Île-de-Montréal,1,8,0.0
2021-2022,CIUSSS de l'Ouest-de-l'Île-de-Montréal,1,9,98.0
2021-2022,CIUSSS de l'Ouest-de-l'Île-de-Montréal,2,1,0.0
2021-2022,CIUSSS de l'Ouest-de-l'Île-de-Montréal,2,2,0.0
2021-2022,CIUSSS de l'Ouest-de-l'Île-de-Montréal,2,3,0.0
2021-2022,CIUSSS de l'Ouest-de-l'Île-de-Montréal,2,4,0.0
2021-2022,CIUSSS de l'Ouest-de-l'Île-de-Montréal,2,5,68.0
2021-2022,CIUSSS de l'Ouest-de-l'Île-de-Montréal,2,6,14.0
2021-2022,CIUSSS de l'Ouest-de-l'Île-de-Montréal,2,7,0.0
2021-2022,CIUSSS de l'Ouest-de-l'Île-de-Montréal,2,8,0.0
2021-2022,CIUSSS de l'Ouest-de-l'Île-de-Montréal,2,9,82.0
2021-2022,CIUSSS de l'Ouest-de-l'Île-de-Montréal,3,1,0.0
2021-2022,CIUSSS de l'Ouest-de-l'Île-de-Montréal,3,2,0.0
2021-2022,CIUSSS de l'Ouest-de-l'Île-de-Montréal,3,3,0.0
2021-2022,CIUSSS de l'Ouest-de-l'Île-de-Montréal,3,4,0.0
2021-2022,CIUSSS de l'Ouest-de-l'Île-de-Montréal,3,5,14.0
2021-2022,CIUSSS de l'Ouest-de-l'Île-de-Montréal,3,6,2.0
2021-2022,CIUSSS de l'Ouest-de-l'Île-de-Montréal,3,7,0.0
2021-2022,CIUSSS de l'Ouest-de-l'Île-de-Montréal,3,8,0.0
2021-2022,CIUSSS de l'Ouest-de-l'Île-de-Montréal,3,9,16.0
2021-2022,CIUSSS de l'Ouest-de-l'Île-de-Montréal,4,1,0.0
2021-2022,CIUSSS de l'Ouest-de-l'Île-de-Montréal,4,2,0.0
2021-2022,CIUSSS de l'Ouest-de-l'Île-de-Montréal,4,3,0.0
2021-2022,CIUSSS de l'Ouest-de-l'Île-de-Montréal,4,4,0.0
2021-2022,CIUSSS de l'Ouest-de-l'Île-de-Montréal,4,5,10.0
2021-2022,CIUSSS de l'Ouest-de-l'Île-de-Montréal,4,6,0.0
2021-2022,CIUSSS de l'Ouest-de-l'Île-de-Montréal,4,7,0.0
2021-2022,CIUSSS de l'Ouest-de-l'Île-de-Montréal,4,8,0.0
2021-2022,CIUSSS de l'Ouest-de-l'Île-de-Montréal,4,9,10.0
2021-2022,CIUSSS de l'Ouest-de-l'Île-de-Montréal,5,1,0.0
2021-2022,CIUSSS de l'Ouest-de-l'Île-de-Montréal,5,2,0.0
2021-2022,CIUSSS de l'Ouest-de-l'Île-de-Montréal,5,3,0.0
2021-2022,CIUSSS de l'Ouest-de-l'Île-de-Montréal,5,4,0.0
2021-2022,CIUSSS de l'Ouest-de-l'Île-de-Montréal,5,5,10244.0
2021-2022,CIUSSS de l'Ouest-de-l'Île-de-Montréal,5,6,2798.0
2021-2022,CIUSSS de l'Ouest-de-l'Île-de-Montréal,5,7,0.0
2021-2022,CIUSSS de l'Ouest-de-l'Île-de-Montréal,5,8,0.0
2021-2022,CIUSSS de l'Ouest-de-l'Île-de-Montréal,5,9,13042.0
2021-2022,CIUSSS de l'Ouest-de-l'Île-de-Montréal,6,1,0.0
2021-2022,CIUSSS de l'Ouest-de-l'Île-de-Montréal,6,2,0.0
2021-2022,CIUSSS de l'Ouest-de-l'Île-de-Montréal,6,3,0.0
2021-2022,CIUSSS de l'Ouest-de-l'Île-de-Montréal,6,4,20.0
2021-2022,CIUSSS de l'Ouest-de-l'Île-de-Montréal,6,5,190.0
2021-2022,CIUSSS de l'Ouest-de-l'Île-de-Montréal,6,6,112.0
2021-2022,CIUSSS de l'Ouest-de-l'Île-de-Montréal,6,7,6.0
2021-2022,CIUSSS de l'Ouest-de-l'Île-de-Montréal,6,8,0.0
2021-2022,CIUSSS de l'Ouest-de-l'Île-de-Montréal,6,9,328.0
2021-2022,CIUSSS de l'Ouest-de-l'Île-de-Montréal,7,1,0.0
2021-2022,CIUSSS de l'Ouest-de-l'Île-de-Montréal,7,2,0.0
2021-2022,CIUSSS de l'Ouest-de-l'Île-de-Montréal,7,3,0.0
2021-2022,CIUSSS de l'Ouest-de-l'Île-de-Montréal,7,4,18.0
2021-2022,CIUSSS de l'Ouest-de-l'Île-de-Montréal,7,5,104.0
2021-2022,CIUSSS de l'Ouest-de-l'Île-de-Montréal,7,6,70.0
2021-2022,CIUSSS de l'Ouest-de-l'Île-de-Montréal,7,7,4.0
2021-2022,CIUSSS de l'Ouest-de-l'Île-de-Montréal,7,8,0.0
2021-2022,CIUSSS de l'Ouest-de-l'Île-de-Montréal,7,9,196.0
2021-2022,CIUSSS de l'Ouest-de-l'Île-de-Montréal,8,1,0.0
2021-2022,CIUSSS de l'Ouest-de-l'Île-de-Montréal,8,2,0.0
2021-2022,CIUSSS de l'Ouest-de-l'Île-de-Montréal,8,3,0.0
2021-2022,CIUSSS de l'Ouest-de-l'Île-de-Montréal,8,4,2.0
2021-2022,CIUSSS de l'Ouest-de-l'Île-de-Montréal,8,5,86.0
2021-2022,CIUSSS de l'Ouest-de-l'Île-de-Montréal,8,6,42.0
2021-2022,CIUSSS de l'Ouest-de-l'Île-de-Montréal,8,7,2.0
2021-2022,CIUSSS de l'Ouest-de-l'Île-de-Montréal,8,8,0.0
2021-2022,CIUSSS de l'Ouest-de-l'Île-de-Montréal,8,9,132.0
2021-2022,CIUSSS de l'Ouest-de-l'Île-de-Montréal,9,1,0.0
2021-2022,CIUSSS de l'Ouest-de-l'Île-de-Montréal,9,2,0.0
2021-2022,CIUSSS de l'Ouest-de-l'Île-de-Montréal,9,3,0.0
2021-2022,CIUSSS de l'Ouest-de-l'Île-de-Montréal,9,4,8.0
2021-2022,CIUSSS de l'Ouest-de-l'Île-de-Montréal,9,5,24.0
2021-2022,CIUSSS de l'Ouest-de-l'Île-de-Montréal,9,6,2.0
2021-2022,CIUSSS de l'Ouest-de-l'Île-de-Montréal,9,7,2.0
2021-2022,CIUSSS de l'Ouest-de-l'Île-de-Montréal,9,8,0.0
2021-2022,CIUSSS de l'Ouest-de-l'Île-de-Montréal,9,9,36.0
2021-2022,CIUSSS de l'Ouest-de-l'Île-de-Montréal,10,1,0.0
2021-2022,CIUSSS de l'Ouest-de-l'Île-de-Montréal,10,2,0.0
2021-2022,CIUSSS de l'Ouest-de-l'Île-de-Montréal,10,3,0.0
2021-2022,CIUSSS de l'Ouest-de-l'Île-de-Montréal,10,4,442.0
2021-2022,CIUSSS de l'Ouest-de-l'Île-de-Montréal,10,5,18698.0
2021-2022,CIUSSS de l'Ouest-de-l'Île-de-Montréal,10,6,12980.0
2021-2022,CIUSSS de l'Ouest-de-l'Île-de-Montréal,10,7,284.0
2021-2022,CIUSSS de l'Ouest-de-l'Île-de-Montréal,10,8,0.0
2021-2022,CIUSSS de l'Ouest-de-l'Île-de-Montréal,10,9,32404.0
2021-2022,CIUSSS de l'Ouest-de-l'Île-de-Montréal,11,1,0.0
2021-2022,CIUSSS de l'Ouest-de-l'Île-de-Montréal,11,2,0.0
2021-2022,CIUSSS de l'Ouest-de-l'Île-de-Montréal,11,3,0.0
2021-2022,CIUSSS de l'Ouest-de-l'Île-de-Montréal,11,4,2.0
2021-2022,CIUSSS de l'Ouest-de-l'Île-de-Montréal,11,5,386.0
2021-2022,CIUSSS de l'Ouest-de-l'Île-de-Montréal,11,6,176.0
2021-2022,CIUSSS de l'Ouest-de-l'Île-de-Montréal,11,7,12.0
2021-2022,CIUSSS de l'Ouest-de-l'Île-de-Montréal,11,8,0.0
2021-2022,CIUSSS de l'Ouest-de-l'Île-de-Montréal,11,9,576.0
2021-2022,CIUSSS de l'Ouest-de-l'Île-de-Montréal,12,1,0.0
2021-2022,CIUSSS de l'Ouest-de-l'Île-de-Montréal,12,2,0.0
2021-2022,CIUSSS de l'Ouest-de-l'Île-de-Montréal,12,3,0.0
2021-2022,CIUSSS de l'Ouest-de-l'Île-de-Montréal,12,4,2.0
2021-2022,CIUSSS de l'Ouest-de-l'Île-de-Montréal,12,5,242.0
2021-2022,CIUSSS de l'Ouest-de-l'Île-de-Montréal,12,6,102.0
2021-2022,CIUSSS de l'Ouest-de-l'Île-de-Montréal,12,7,4.0
2021-2022,CIUSSS de l'Ouest-de-l'Île-de-Montréal,12,8,0.0
2021-2022,CIUSSS de l'Ouest-de-l'Île-de-Montréal,12,9,350.0
2021-2022,CIUSSS de l'Ouest-de-l'Île-de-Montréal,13,1,0.0
2021-2022,CIUSSS de l'Ouest-de-l'Île-de-Montréal,13,2,0.0
2021-2022,CIUSSS de l'Ouest-de-l'Île-de-Montréal,13,3,0.0
2021-2022,CIUSSS de l'Ouest-de-l'Île-de-Montréal,13,4,0.0
2021-2022,CIUSSS de l'Ouest-de-l'Île-de-Montréal,13,5,144.0
2021-2022,CIUSSS de l'Ouest-de-l'Île-de-Montréal,13,6,74.0
2021-2022,CIUSSS de l'Ouest-de-l'Île-de-Montréal,13,7,8.0
2021-2022,CIUSSS de l'Ouest-de-l'Île-de-Montréal,13,8,0.0
2021-2022,CIUSSS de l'Ouest-de-l'Île-de-Montréal,13,9,226.0
2021-2022,CIUSSS de l'Ouest-de-l'Île-de-Montréal,14,1,0.0
2021-2022,CIUSSS de l'Ouest-de-l'Île-de-Montréal,14,2,0.0
2021-2022,CIUSSS de l'Ouest-de-l'Île-de-Montréal,14,3,0.0
2021-2022,CIUSSS de l'Ouest-de-l'Île-de-Montréal,14,4,0.0
2021-2022,CIUSSS de l'Ouest-de-l'Île-de-Montréal,14,5,28.0
2021-2022,CIUSSS de l'Ouest-de-l'Île-de-Montréal,14,6,18.0
2021-2022,CIUSSS de l'Ouest-de-l'Île-de-Montréal,14,7,6.0
2021-2022,CIUSSS de l'Ouest-de-l'Île-de-Montréal,14,8,0.0
2021-2022,CIUSSS de l'Ouest-de-l'Île-de-Montréal,14,9,52.0
2021-2022,CIUSSS de l'Ouest-de-l'Île-de-Montréal,15,1,0.0
2021-2022,CIUSSS de l'Ouest-de-l'Île-de-Montréal,15,2,0.0
2021-2022,CIUSSS de l'Ouest-de-l'Île-de-Montréal,15,3,0.0
2021-2022,CIUSSS de l'Ouest-de-l'Île-de-Montréal,15,4,60.0
2021-2022,CIUSSS de l'Ouest-de-l'Île-de-Montréal,15,5,53272.0
2021-2022,CIUSSS de l'Ouest-de-l'Île-de-Montréal,15,6,18560.0
2021-2022,CIUSSS de l'Ouest-de-l'Île-de-Montréal,15,7,246.0
2021-2022,CIUSSS de l'Ouest-de-l'Île-de-Montréal,15,8,0.0
2021-2022,CIUSSS de l'Ouest-de-l'Île-de-Montréal,15,9,72138.0
2021-2022,CIUSSS de l'Ouest-de-l'Île-de-Montréal,16,1,0.0
2021-2022,CIUSSS de l'Ouest-de-l'Île-de-Montréal,16,2,0.0
2021-2022,CIUSSS de l'Ouest-de-l'Île-de-Montréal,16,3,0.0
2021-2022,CIUSSS de l'Ouest-de-l'Île-de-Montréal,16,4,0.0
2021-2022,CIUSSS de l'Ouest-de-l'Île-de-Montréal,16,5,16.0
2021-2022,CIUSSS de l'Ouest-de-l'Île-de-Montréal,16,6,20.0
2021-2022,CIUSSS de l'Ouest-de-l'Île-de-Montréal,16,7,0.0
2021-2022,CIUSSS de l'Ouest-de-l'Île-de-Montréal,16,8,0.0
2021-2022,CIUSSS de l'Ouest-de-l'Île-de-Montréal,16,9,36.0
2021-2022,CIUSSS de l'Ouest-de-l'Île-de-Montréal,17,1,0.0
2021-2022,CIUSSS de l'Ouest-de-l'Île-de-Montréal,17,2,0.0
2021-2022,CIUSSS de l'Ouest-de-l'Île-de-Montréal,17,3,0.0
2021-2022,CIUSSS de l'Ouest-de-l'Île-de-Montréal,17,4,0.0
2021-2022,CIUSSS de l'Ouest-de-l'Île-de-Montréal,17,5,12.0
2021-2022,CIUSSS de l'Ouest-de-l'Île-de-Montréal,17,6,14.0
2021-2022,CIUSSS de l'Ouest-de-l'Île-de-Montréal,17,7,0.0
2021-2022,CIUSSS de l'Ouest-de-l'Île-de-Montréal,17,8,0.0
2021-2022,CIUSSS de l'Ouest-de-l'Île-de-Montréal,17,9,26.0
2021-2022,CIUSSS de l'Ouest-de-l'Île-de-Montréal,18,1,0.0
2021-2022,CIUSSS de l'Ouest-de-l'Île-de-Montréal,18,2,0.0
2021-2022,CIUSSS de l'Ouest-de-l'Île-de-Montréal,18,3,0.0
2021-2022,CIUSSS de l'Ouest-de-l'Île-de-Montréal,18,4,0.0
2021-2022,CIUSSS de l'Ouest-de-l'Île-de-Montréal,18,5,4.0
2021-2022,CIUSSS de l'Ouest-de-l'Île-de-Montréal,18,6,6.0
2021-2022,CIUSSS de l'Ouest-de-l'Île-de-Montréal,18,7,0.0
2021-2022,CIUSSS de l'Ouest-de-l'Île-de-Montréal,18,8,0.0
2021-2022,CIUSSS de l'Ouest-de-l'Île-de-Montréal,18,9,10.0
2021-2022,CIUSSS de l'Ouest-de-l'Île-de-Montréal,19,1,0.0
2021-2022,CIUSSS de l'Ouest-de-l'Île-de-Montréal,19,2,0.0
2021-2022,CIUSSS de l'Ouest-de-l'Île-de-Montréal,19,3,0.0
2021-2022,CIUSSS de l'Ouest-de-l'Île-de-Montréal,19,4,0.0
2021-2022,CIUSSS de l'Ouest-de-l'Île-de-Montréal,19,5,2.0
2021-2022,CIUSSS de l'Ouest-de-l'Île-de-Montréal,19,6,0.0
2021-2022,CIUSSS de l'Ouest-de-l'Île-de-Montréal,19,7,0.0
2021-2022,CIUSSS de l'Ouest-de-l'Île-de-Montréal,19,8,0.0
2021-2022,CIUSSS de l'Ouest-de-l'Île-de-Montréal,19,9,2.0
2021-2022,CIUSSS de la Capitale-Nationale,1,1,0.0
2021-2022,CIUSSS de la Capitale-Nationale,1,2,0.0
2021-2022,CIUSSS de la Capitale-Nationale,1,3,0.0
2021-2022,CIUSSS de la Capitale-Nationale,1,4,10.0
2021-2022,CIUSSS de la Capitale-Nationale,1,5,140.0
2021-2022,CIUSSS de la Capitale-Nationale,1,6,100.0
2021-2022,CIUSSS de la Capitale-Nationale,1,7,10.0
2021-2022,CIUSSS de la Capitale-Nationale,1,8,2.0
2021-2022,CIUSSS de la Capitale-Nationale,1,9,262.0
2021-2022,CIUSSS de la Capitale-Nationale,2,1,0.0
2021-2022,CIUSSS de la Capitale-Nationale,2,2,0.0
2021-2022,CIUSSS de la Capitale-Nationale,2,3,0.0
2021-2022,CIUSSS de la Capitale-Nationale,2,4,8.0
2021-2022,CIUSSS de la Capitale-Nationale,2,5,80.0
2021-2022,CIUSSS de la Capitale-Nationale,2,6,58.0
2021-2022,CIUSSS de la Capitale-Nationale,2,7,8.0
2021-2022,CIUSSS de la Capitale-Nationale,2,8,2.0
2021-2022,CIUSSS de la Capitale-Nationale,2,9,156.0
2021-2022,CIUSSS de la Capitale-Nationale,3,1,0.0
2021-2022,CIUSSS de la Capitale-Nationale,3,2,0.0
2021-2022,CIUSSS de la Capitale-Nationale,3,3,0.0
2021-2022,CIUSSS de la Capitale-Nationale,3,4,2.0
2021-2022,CIUSSS de la Capitale-Nationale,3,5,60.0
2021-2022,CIUSSS de la Capitale-Nationale,3,6,42.0
2021-2022,CIUSSS de la Capitale-Nationale,3,7,2.0
2021-2022,CIUSSS de la Capitale-Nationale,3,8,0.0
2021-2022,CIUSSS de la Capitale-Nationale,3,9,106.0
2021-2022,CIUSSS de la Capitale-Nationale,4,1,0.0
2021-2022,CIUSSS de la Capitale-Nationale,4,2,0.0
2021-2022,CIUSSS de la Capitale-Nationale,4,3,0.0
2021-2022,CIUSSS de la Capitale-Nationale,4,4,0.0
2021-2022,CIUSSS de la Capitale-Nationale,4,5,18.0
2021-2022,CIUSSS de la Capitale-Nationale,4,6,12.0
2021-2022,CIUSSS de la Capitale-Nationale,4,7,6.0
2021-2022,CIUSSS de la Capitale-Nationale,4,8,2.0
2021-2022,CIUSSS de la Capitale-Nationale,4,9,38.0
2021-2022,CIUSSS de la Capitale-Nationale,5,1,0.0
2021-2022,CIUSSS de la Capitale-Nationale,5,2,0.0
2021-2022,CIUSSS de la Capitale-Nationale,5,3,0.0
2021-2022,CIUSSS de la Capitale-Nationale,5,4,1320.0
2021-2022,CIUSSS de la Capitale-Nationale,5,5,9294.0
2021-2022,CIUSSS de la Capitale-Nationale,5,6,2064.0
2021-2022,CIUSSS de la Capitale-Nationale,5,7,50.0
2021-2022,CIUSSS de la Capitale-Nationale,5,8,0.0
2021-2022,CIUSSS de la Capitale-Nationale,5,9,12728.0
2021-2022,CIUSSS de la Capitale-Nationale,6,1,0.0
2021-2022,CIUSSS de la Capitale-Nationale,6,2,0.0
2021-2022,CIUSSS de la Capitale-Nationale,6,3,0.0
2021-2022,CIUSSS de la Capitale-Nationale,6,4,4.0
2021-2022,CIUSSS de la Capitale-Nationale,6,5,158.0
2021-2022,CIUSSS de la Capitale-Nationale,6,6,52.0
2021-2022,CIUSSS de la Capitale-Nationale,6,7,2.0
2021-2022,CIUSSS de la Capitale-Nationale,6,8,0.0
2021-2022,CIUSSS de la Capitale-Nationale,6,9,216.0
2021-2022,CIUSSS de la Capitale-Nationale,7,1,0.0
2021-2022,CIUSSS de la Capitale-Nationale,7,2,0.0
2021-2022,CIUSSS de la Capitale-Nationale,7,3,0.0
2021-2022,CIUSSS de la Capitale-Nationale,7,4,4.0
2021-2022,CIUSSS de la Capitale-Nationale,7,5,114.0
2021-2022,CIUSSS de la Capitale-Nationale,7,6,30.0
2021-2022,CIUSSS de la Capitale-Nationale,7,7,2.0
2021-2022,CIUSSS de la Capitale-Nationale,7,8,0.0
2021-2022,CIUSSS de la Capitale-Nationale,7,9,150.0
2021-2022,CIUSSS de la Capitale-Nationale,8,1,0.0
2021-2022,CIUSSS de la Capitale-Nationale,8,2,0.0
2021-2022,CIUSSS de la Capitale-Nationale,8,3,0.0
2021-2022,CIUSSS de la Capitale-Nationale,8,4,0.0
2021-2022,CIUSSS de la Capitale-Nationale,8,5,44.0
2021-2022,CIUSSS de la Capitale-Nationale,8,6,22.0
2021-2022,CIUSSS de la Capitale-Nationale,8,7,0.0
2021-2022,CIUSSS de la Capitale-Nationale,8,8,0.0
2021-2022,CIUSSS de la Capitale-Nationale,8,9,66.0
2021-2022,CIUSSS de la Capitale-Nationale,9,1,0.0
2021-2022,CIUSSS de la Capitale-Nationale,9,2,0.0
2021-2022,CIUSSS de la Capitale-Nationale,9,3,0.0
2021-2022,CIUSSS de la Capitale-Nationale,9,4,2.0
2021-2022,CIUSSS de la Capitale-Nationale,9,5,24.0
2021-2022,CIUSSS de la Capitale-Nationale,9,6,12.0
2021-2022,CIUSSS de la Capitale-Nationale,9,7,0.0
2021-2022,CIUSSS de la Capitale-Nationale,9,8,0.0
2021-2022,CIUSSS de la Capitale-Nationale,9,9,38.0
2021-2022,CIUSSS de la Capitale-Nationale,10,1,0.0
2021-2022,CIUSSS de la Capitale-Nationale,10,2,0.0
2021-2022,CIUSSS de la Capitale-Nationale,10,3,0.0
2021-2022,CIUSSS de la Capitale-Nationale,10,4,314.0
2021-2022,CIUSSS de la Capitale-Nationale,10,5,22774.0
2021-2022,CIUSSS de la Capitale-Nationale,10,6,8984.0
2021-2022,CIUSSS de la Capitale-Nationale,10,7,0.0
2021-2022,CIUSSS de la Capitale-Nationale,10,8,0.0
2021-2022,CIUSSS de la Capitale-Nationale,10,9,32072.0
2021-2022,CIUSSS de la Capitale-Nationale,11,1,0.0
2021-2022,CIUSSS de la Capitale-Nationale,11,2,0.0
2021-2022,CIUSSS de la Capitale-Nationale,11,3,0.0
2021-2022,CIUSSS de la Capitale-Nationale,11,4,14.0
2021-2022,CIUSSS de la Capitale-Nationale,11,5,412.0
2021-2022,CIUSSS de la Capitale-Nationale,11,6,216.0
2021-2022,CIUSSS de la Capitale-Nationale,11,7,10.0
2021-2022,CIUSSS de la Capitale-Nationale,11,8,2.0
2021-2022,CIUSSS de la Capitale-Nationale,11,9,654.0
2021-2022,CIUSSS de la Capitale-Nationale,12,1,0.0
2021-2022,CIUSSS de la Capitale-Nationale,12,2,0.0
2021-2022,CIUSSS de la Capitale-Nationale,12,3,0.0
2021-2022,CIUSSS de la Capitale-Nationale,12,4,10.0
2021-2022,CIUSSS de la Capitale-Nationale,12,5,214.0
2021-2022,CIUSSS de la Capitale-Nationale,12,6,138.0
2021-2022,CIUSSS de la Capitale-Nationale,12,7,8.0
2021-2022,CIUSSS de la Capitale-Nationale,12,8,2.0
2021-2022,CIUSSS de la Capitale-Nationale,12,9,372.0
2021-2022,CIUSSS de la Capitale-Nationale,13,1,0.0
2021-2022,CIUSSS de la Capitale-Nationale,13,2,0.0
2021-2022,CIUSSS de la Capitale-Nationale,13,3,0.0
2021-2022,CIUSSS de la Capitale-Nationale,13,4,4.0
2021-2022,CIUSSS de la Capitale-Nationale,13,5,198.0
2021-2022,CIUSSS de la Capitale-Nationale,13,6,78.0
2021-2022,CIUSSS de la Capitale-Nationale,13,7,2.0
2021-2022,CIUSSS de la Capitale-Nationale,13,8,0.0
2021-2022,CIUSSS de la Capitale-Nationale,13,9,282.0
2021-2022,CIUSSS de la Capitale-Nationale,14,1,0.0
2021-2022,CIUSSS de la Capitale-Nationale,14,2,0.0
2021-2022,CIUSSS de la Capitale-Nationale,14,3,0.0
2021-2022,CIUSSS de la Capitale-Nationale,14,4,2.0
2021-2022,CIUSSS de la Capitale-Nationale,14,5,76.0
2021-2022,CIUSSS de la Capitale-Nationale,14,6,40.0
2021-2022,CIUSSS de la Capitale-Nationale,14,7,4.0
2021-2022,CIUSSS de la Capitale-Nationale,14,8,2.0
2021-2022,CIUSSS de la Capitale-Nationale,14,9,124.0
2021-2022,CIUSSS de la Capitale-Nationale,15,1,0.0
2021-2022,CIUSSS de la Capitale-Nationale,15,2,0.0
2021-2022,CIUSSS de la Capitale-Nationale,15,3,0.0
2021-2022,CIUSSS de la Capitale-Nationale,15,4,934.0
2021-2022,CIUSSS de la Capitale-Nationale,15,5,24656.0
2021-2022,CIUSSS de la Capitale-Nationale,15,6,9512.0
2021-2022,CIUSSS de la Capitale-Nationale,15,7,340.0
2021-2022,CIUSSS de la Capitale-Nationale,15,8,0.0
2021-2022,CIUSSS de la Capitale-Nationale,15,9,35442.0
2021-2022,CIUSSS de la Capitale-Nationale,16,1,0.0
2021-2022,CIUSSS de la Capitale-Nationale,16,2,0.0
2021-2022,CIUSSS de la Capitale-Nationale,16,3,0.0
2021-2022,CIUSSS de la Capitale-Nationale,16,4,2.0
2021-2022,CIUSSS de la Capitale-Nationale,16,5,18.0
2021-2022,CIUSSS de la Capitale-Nationale,16,6,4.0
2021-2022,CIUSSS de la Capitale-Nationale,16,7,0.0
2021-2022,CIUSSS de la Capitale-Nationale,16,8,0.0
2021-2022,CIUSSS de la Capitale-Nationale,16,9,24.0
2021-2022,CIUSSS de la Capitale-Nationale,17,1,0.0
2021-2022,CIUSSS de la Capitale-Nationale,17,2,0.0
2021-2022,CIUSSS de la Capitale-Nationale,17,3,0.0
2021-2022,CIUSSS de la Capitale-Nationale,17,4,0.0
2021-2022,CIUSSS de la Capitale-Nationale,17,5,16.0
2021-2022,CIUSSS de la Capitale-Nationale,17,6,4.0
2021-2022,CIUSSS de la Capitale-Nationale,17,7,0.0
2021-2022,CIUSSS de la Capitale-Nationale,17,8,0.0
2021-2022,CIUSSS de la Capitale-Nationale,17,9,20.0
2021-2022,CIUSSS de la Capitale-Nationale,18,1,0.0
2021-2022,CIUSSS de la Capitale-Nationale,18,2,0.0
2021-2022,CIUSSS de la Capitale-Nationale,18,3,0.0
2021-2022,CIUSSS de la Capitale-Nationale,18,4,2.0
2021-2022,CIUSSS de la Capitale-Nationale,18,5,2.0
2021-2022,CIUSSS de la Capitale-Nationale,18,6,0.0
2021-2022,CIUSSS de la Capitale-Nationale,18,7,0.0
2021-2022,CIUSSS de la Capitale-Nationale,18,8,0.0
2021-2022,CIUSSS de la Capitale-Nationale,18,9,4.0
2021-2022,CIUSSS de la Capitale-Nationale,19,1,0.0
2021-2022,CIUSSS de la Capitale-Nationale,19,2,0.0
2021-2022,CIUSSS de la Capitale-Nationale,19,3,0.0
2021-2022,CIUSSS de la Capitale-Nationale,19,4,0.0
2021-2022,CIUSSS de la Capitale-Nationale,19,5,6.0
2021-2022,CIUSSS de la Capitale-Nationale,19,6,0.0
2021-2022,CIUSSS de la Capitale-Nationale,19,7,0.0
2021-2022,CIUSSS de la Capitale-Nationale,19,8,0.0
2021-2022,CIUSSS de la Capitale-Nationale,19,9,6.0
2021-2022,CIUSSS de la Mauricie-et-du-Centre-du-Québec,6,3,26.0
2021-2022,CIUSSS de la Mauricie-et-du-Centre-du-Québec,6,4,64.0
2021-2022,CIUSSS de la Mauricie-et-du-Centre-du-Québec,6,5,426.0
2021-2022,CIUSSS de la Mauricie-et-du-Centre-du-Québec,6,6,90.0
2021-2022,CIUSSS de la Mauricie-et-du-Centre-du-Québec,6,9,606.0
2021-2022,CIUSSS de la Mauricie-et-du-Centre-du-Québec,7,3,16.0
2021-2022,CIUSSS de la Mauricie-et-du-Centre-du-Québec,7,4,42.0
2021-2022,CIUSSS de la Mauricie-et-du-Centre-du-Québec,7,5,272.0
2021-2022,CIUSSS de la Mauricie-et-du-Centre-du-Québec,7,6,52.0
2021-2022,CIUSSS de la Mauricie-et-du-Centre-du-Québec,7,9,382.0
2021-2022,CIUSSS de la Mauricie-et-du-Centre-du-Québec,8,3,10.0
2021-2022,CIUSSS de la Mauricie-et-du-Centre-du-Québec,8,4,22.0
2021-2022,CIUSSS de la Mauricie-et-du-Centre-du-Québec,8,5,154.0
2021-2022,CIUSSS de la Mauricie-et-du-Centre-du-Québec,8,6,38.0
2021-2022,CIUSSS de la Mauricie-et-du-Centre-du-Québec,8,9,224.0
2021-2022,CIUSSS de la Mauricie-et-du-Centre-du-Québec,9,3,22.0
2021-2022,CIUSSS de la Mauricie-et-du-Centre-du-Québec,9,4,28.0
2021-2022,CIUSSS de la Mauricie-et-du-Centre-du-Québec,9,5,64.0
2021-2022,CIUSSS de la Mauricie-et-du-Centre-du-Québec,9,6,12.0
2021-2022,CIUSSS de la Mauricie-et-du-Centre-du-Québec,9,9,126.0
2021-2022,CIUSSS de la Mauricie-et-du-Centre-du-Québec,10,3,434.0
2021-2022,CIUSSS de la Mauricie-et-du-Centre-du-Québec,10,4,6560.0
2021-2022,CIUSSS de la Mauricie-et-du-Centre-du-Québec,10,5,76740.0
2021-2022,CIUSSS de la Mauricie-et-du-Centre-du-Québec,10,6,13024.0
2021-2022,CIUSSS de la Mauricie-et-du-Centre-du-Québec,10,9,96758.0
2021-2022,CIUSSS de la Mauricie-et-du-Centre-du-Québec,11,3,12.0
2021-2022,CIUSSS de la Mauricie-et-du-Centre-du-Québec,11,4,36.0
2021-2022,CIUSSS de la Mauricie-et-du-Centre-du-Québec,11,5,464.0
2021-2022,CIUSSS de la Mauricie-et-du-Centre-du-Québec,11,6,166.0
2021-2022,CIUSSS de la Mauricie-et-du-Centre-du-Québec,11,9,678.0
2021-2022,CIUSSS de la Mauricie-et-du-Centre-du-Québec,12,3,6.0
2021-2022,CIUSSS de la Mauricie-et-du-Centre-du-Québec,12,4,20.0
2021-2022,CIUSSS de la Mauricie-et-du-Centre-du-Québec,12,5,276.0
2021-2022,CIUSSS de la Mauricie-et-du-Centre-du-Québec,12,6,86.0
2021-2022,CIUSSS de la Mauricie-et-du-Centre-du-Québec,12,9,388.0
2021-2022,CIUSSS de la Mauricie-et-du-Centre-du-Québec,13,3,6.0
2021-2022,CIUSSS de la Mauricie-et-du-Centre-du-Québec,13,4,16.0
2021-2022,CIUSSS de la Mauricie-et-du-Centre-du-Québec,13,5,188.0
2021-2022,CIUSSS de la Mauricie-et-du-Centre-du-Québec,13,6,80.0
2021-2022,CIUSSS de la Mauricie-et-du-Centre-du-Québec,13,9,290.0
2021-2022,CIUSSS de la Mauricie-et-du-Centre-du-Québec,14,3,12.0
2021-2022,CIUSSS de la Mauricie-et-du-Centre-du-Québec,14,4,22.0
2021-2022,CIUSSS de la Mauricie-et-du-Centre-du-Québec,14,5,76.0
2021-2022,CIUSSS de la Mauricie-et-du-Centre-du-Québec,14,6,42.0
2021-2022,CIUSSS de la Mauricie-et-du-Centre-du-Québec,14,9,152.0
2021-2022,CIUSSS de la Mauricie-et-du-Centre-du-Québec,15,3,182.0
2021-2022,CIUSSS de la Mauricie-et-du-Centre-du-Québec,15,4,2034.0
2021-2022,CIUSSS de la Mauricie-et-du-Centre-du-Québec,15,5,55798.0
2021-2022,CIUSSS de la Mauricie-et-du-Centre-du-Québec,15,6,16412.0
2021-2022,CIUSSS de la Mauricie-et-du-Centre-du-Québec,15,9,74426.0
2021-2022,CIUSSS de la Mauricie-et-du-Centre-du-Québec,16,4,8.0
2021-2022,CIUSSS de la Mauricie-et-du-Centre-du-Québec,16,5,20.0
2021-2022,CIUSSS de la Mauricie-et-du-Centre-du-Québec,16,9,28.0
2021-2022,CIUSSS de la Mauricie-et-du-Centre-du-Québec,17,5,18.0
2021-2022,CIUSSS de la Mauricie-et-du-Centre-du-Québec,17,9,18.0
2021-2022,CIUSSS de la Mauricie-et-du-Centre-du-Québec,18,4,8.0
2021-2022,CIUSSS de la Mauricie-et-du-Centre-du-Québec,18,5,2.0
2021-2022,CIUSSS de la Mauricie-et-du-Centre-du-Québec,18,9,10.0
2021-2022,CIUSSS de la Mauricie-et-du-Centre-du-Québec,19,4,4.0
2021-2022,CIUSSS de la Mauricie-et-du-Centre-du-Québec,19,5,8.0
2021-2022,CIUSSS de la Mauricie-et-du-Centre-du-Québec,19,9,12.0
2021-2022,CIUSSS du Centre-Ouest-de-l'Île-de-Montréal,6,1,0.0
2021-2022,CIUSSS du Centre-Ouest-de-l'Île-de-Montréal,6,2,0.0
2021-2022,CIUSSS du Centre-Ouest-de-l'Île-de-Montréal,6,3,0.0
2021-2022,CIUSSS du Centre-Ouest-de-l'Île-de-Montréal,6,4,2.0
2021-2022,CIUSSS du Centre-Ouest-de-l'Île-de-Montréal,6,5,50.0
2021-2022,CIUSSS du Centre-Ouest-de-l'Île-de-Montréal,6,6,22.0
2021-2022,CIUSSS du Centre-Ouest-de-l'Île-de-Montréal,6,7,0.0
2021-2022,CIUSSS du Centre-Ouest-de-l'Île-de-Montréal,6,8,0.0
2021-2022,CIUSSS du Centre-Ouest-de-l'Île-de-Montréal,6,9,74.0
2021-2022,CIUSSS du Centre-Ouest-de-l'Île-de-Montréal,7,1,0.0
2021-2022,CIUSSS du Centre-Ouest-de-l'Île-de-Montréal,7,2,0.0
2021-2022,CIUSSS du Centre-Ouest-de-l'Île-de-Montréal,7,3,0.0
2021-2022,CIUSSS du Centre-Ouest-de-l'Île-de-Montréal,7,4,2.0
2021-2022,CIUSSS du Centre-Ouest-de-l'Île-de-Montréal,7,5,24.0
2021-2022,CIUSSS du Centre-Ouest-de-l'Île-de-Montréal,7,6,12.0
2021-2022,CIUSSS du Centre-Ouest-de-l'Île-de-Montréal,7,7,0.0
2021-2022,CIUSSS du Centre-Ouest-de-l'Île-de-Montréal,7,8,0.0
2021-2022,CIUSSS du Centre-Ouest-de-l'Île-de-Montréal,7,9,38.0
2021-2022,CIUSSS du Centre-Ouest-de-l'Île-de-Montréal,8,1,0.0
2021-2022,CIUSSS du Centre-Ouest-de-l'Île-de-Montréal,8,2,0.0
2021-2022,CIUSSS du Centre-Ouest-de-l'Île-de-Montréal,8,3,0.0
2021-2022,CIUSSS du Centre-Ouest-de-l'Île-de-Montréal,8,4,0.0
2021-2022,CIUSSS du Centre-Ouest-de-l'Île-de-Montréal,8,5,26.0
2021-2022,CIUSSS du Centre-Ouest-de-l'Île-de-Montréal,8,6,10.0
2021-2022,CIUSSS du Centre-Ouest-de-l'Île-de-Montréal,8,7,0.0
2021-2022,CIUSSS du Centre-Ouest-de-l'Île-de-Montréal,8,8,0.0
2021-2022,CIUSSS du Centre-Ouest-de-l'Île-de-Montréal,8,9,36.0
2021-2022,CIUSSS du Centre-Ouest-de-l'Île-de-Montréal,9,1,0.0
2021-2022,CIUSSS du Centre-Ouest-de-l'Île-de-Montréal,9,2,0.0
2021-2022,CIUSSS du Centre-Ouest-de-l'Île-de-Montréal,9,3,0.0
2021-2022,CIUSSS du Centre-Ouest-de-l'Île-de-Montréal,9,4,0.0
2021-2022,CIUSSS du Centre-Ouest-de-l'Île-de-Montréal,9,5,10.0
2021-2022,CIUSSS du Centre-Ouest-de-l'Île-de-Montréal,9,6,6.0
2021-2022,CIUSSS du Centre-Ouest-de-l'Île-de-Montréal,9,7,0.0
2021-2022,CIUSSS du Centre-Ouest-de-l'Île-de-Montréal,9,8,0.0
2021-2022,CIUSSS du Centre-Ouest-de-l'Île-de-Montréal,9,9,16.0
2021-2022,CIUSSS du Centre-Ouest-de-l'Île-de-Montréal,10,1,0.0
2021-2022,CIUSSS du Centre-Ouest-de-l'Île-de-Montréal,10,2,0.0
2021-2022,CIUSSS du Centre-Ouest-de-l'Île-de-Montréal,10,3,0.0
2021-2022,CIUSSS du Centre-Ouest-de-l'Île-de-Montréal,10,4,364.0
2021-2022,CIUSSS du Centre-Ouest-de-l'Île-de-Montréal,10,5,9662.0
2021-2022,CIUSSS du Centre-Ouest-de-l'Île-de-Montréal,10,6,3410.0
2021-2022,CIUSSS du Centre-Ouest-de-l'Île-de-Montréal,10,7,0.0
2021-2022,CIUSSS du Centre-Ouest-de-l'Île-de-Montréal,10,8,0.0
2021-2022,CIUSSS du Centre-Ouest-de-l'Île-de-Montréal,10,9,13436.0
2021-2022,CIUSSS du Centre-Ouest-de-l'Île-de-Montréal,11,1,0.0
2021-2022,CIUSSS du Centre-Ouest-de-l'Île-de-Montréal,11,2,0.0
2021-2022,CIUSSS du Centre-Ouest-de-l'Île-de-Montréal,11,3,0.0
2021-2022,CIUSSS du Centre-Ouest-de-l'Île-de-Montréal,11,4,0.0
2021-2022,CIUSSS du Centre-Ouest-de-l'Île-de-Montréal,11,5,138.0
2021-2022,CIUSSS du Centre-Ouest-de-l'Île-de-Montréal,11,6,32.0
2021-2022,CIUSSS du Centre-Ouest-de-l'Île-de-Montréal,11,7,4.0
2021-2022,CIUSSS du Centre-Ouest-de-l'Île-de-Montréal,11,8,0.0
2021-2022,CIUSSS du Centre-Ouest-de-l'Île-de-Montréal,11,9,174.0
2021-2022,CIUSSS du Centre-Ouest-de-l'Île-de-Montréal,12,1,0.0
2021-2022,CIUSSS du Centre-Ouest-de-l'Île-de-Montréal,12,2,0.0
2021-2022,CIUSSS du Centre-Ouest-de-l'Île-de-Montréal,12,3,0.0
2021-2022,CIUSSS du Centre-Ouest-de-l'Île-de-Montréal,12,4,0.0
2021-2022,CIUSSS du Centre-Ouest-de-l'Île-de-Montréal,12,5,80.0
2021-2022,CIUSSS du Centre-Ouest-de-l'Île-de-Montréal,12,6,18.0
2021-2022,CIUSSS du Centre-Ouest-de-l'Île-de-Montréal,12,7,2.0
2021-2022,CIUSSS du Centre-Ouest-de-l'Île-de-Montréal,12,8,0.0
2021-2022,CIUSSS du Centre-Ouest-de-l'Île-de-Montréal,12,9,100.0
2021-2022,CIUSSS du Centre-Ouest-de-l'Île-de-Montréal,13,1,0.0
2021-2022,CIUSSS du Centre-Ouest-de-l'Île-de-Montréal,13,2,0.0
2021-2022,CIUSSS du Centre-Ouest-de-l'Île-de-Montréal,13,3,0.0
2021-2022,CIUSSS du Centre-Ouest-de-l'Île-de-Montréal,13,4,0.0
2021-2022,CIUSSS du Centre-Ouest-de-l'Île-de-Montréal,13,5,58.0
2021-2022,CIUSSS du Centre-Ouest-de-l'Île-de-Montréal,13,6,14.0
2021-2022,CIUSSS du Centre-Ouest-de-l'Île-de-Montréal,13,7,2.0
2021-2022,CIUSSS du Centre-Ouest-de-l'Île-de-Montréal,13,8,0.0
2021-2022,CIUSSS du Centre-Ouest-de-l'Île-de-Montréal,13,9,74.0
2021-2022,CIUSSS du Centre-Ouest-de-l'Île-de-Montréal,14,1,0.0
2021-2022,CIUSSS du Centre-Ouest-de-l'Île-de-Montréal,14,2,0.0
2021-2022,CIUSSS du Centre-Ouest-de-l'Île-de-Montréal,14,3,0.0
2021-2022,CIUSSS du Centre-Ouest-de-l'Île-de-Montréal,14,4,0.0
2021-2022,CIUSSS du Centre-Ouest-de-l'Île-de-Montréal,14,5,8.0
2021-2022,CIUSSS du Centre-Ouest-de-l'Île-de-Montréal,14,6,4.0
2021-2022,CIUSSS du Centre-Ouest-de-l'Île-de-Montréal,14,7,0.0
2021-2022,CIUSSS du Centre-Ouest-de-l'Île-de-Montréal,14,8,0.0
2021-2022,CIUSSS du Centre-Ouest-de-l'Île-de-Montréal,14,9,12.0
2021-2022,CIUSSS du Centre-Ouest-de-l'Île-de-Montréal,15,1,0.0
2021-2022,CIUSSS du Centre-Ouest-de-l'Île-de-Montréal,15,2,0.0
2021-2022,CIUSSS du Centre-Ouest-de-l'Île-de-Montréal,15,3,0.0
2021-2022,CIUSSS du Centre-Ouest-de-l'Île-de-Montréal,15,4,0.0
2021-2022,CIUSSS du Centre-Ouest-de-l'Île-de-Montréal,15,5,17584.0
2021-2022,CIUSSS du Centre-Ouest-de-l'Île-de-Montréal,15,6,5816.0
2021-2022,CIUSSS du Centre-Ouest-de-l'Île-de-Montréal,15,7,1024.0
2021-2022,CIUSSS du Centre-Ouest-de-l'Île-de-Montréal,15,8,0.0
2021-2022,CIUSSS du Centre-Ouest-de-l'Île-de-Montréal,15,9,24424.0
2021-2022,CIUSSS du Centre-Ouest-de-l'Île-de-Montréal,16,1,0.0
2021-2022,CIUSSS du Centre-Ouest-de-l'Île-de-Montréal,16,2,0.0
2021-2022,CIUSSS du Centre-Ouest-de-l'Île-de-Montréal,16,3,0.0
2021-2022,CIUSSS du Centre-Ouest-de-l'Île-de-Montréal,16,4,0.0
2021-2022,CIUSSS du Centre-Ouest-de-l'Île-de-Montréal,16,5,2.0
2021-2022,CIUSSS du Centre-Ouest-de-l'Île-de-Montréal,16,6,4.0
2021-2022,CIUSSS du Centre-Ouest-de-l'Île-de-Montréal,16,7,0.0
2021-2022,CIUSSS du Centre-Ouest-de-l'Île-de-Montréal,16,8,0.0
2021-2022,CIUSSS du Centre-Ouest-de-l'Île-de-Montréal,16,9,6.0
2021-2022,CIUSSS du Centre-Ouest-de-l'Île-de-Montréal,17,1,0.0
2021-2022,CIUSSS du Centre-Ouest-de-l'Île-de-Montréal,17,2,0.0
2021-2022,CIUSSS du Centre-Ouest-de-l'Île-de-Montréal,17,3,0.0
2021-2022,CIUSSS du Centre-Ouest-de-l'Île-de-Montréal,17,4,0.0
2021-2022,CIUSSS du Centre-Ouest-de-l'Île-de-Montréal,17,5,2.0
2021-2022,CIUSSS du Centre-Ouest-de-l'Île-de-Montréal,17,6,0.0
2021-2022,CIUSSS du Centre-Ouest-de-l'Île-de-Montréal,17,7,0.0
2021-2022,CIUSSS du Centre-Ouest-de-l'Île-de-Montréal,17,8,0.0
2021-2022,CIUSSS du Centre-Ouest-de-l'Île-de-Montréal,17,9,2.0
2021-2022,CIUSSS du Centre-Ouest-de-l'Île-de-Montréal,18,1,0.0
2021-2022,CIUSSS du Centre-Ouest-de-l'Île-de-Montréal,18,2,0.0
2021-2022,CIUSSS du Centre-Ouest-de-l'Île-de-Montréal,18,3,0.0
2021-2022,CIUSSS du Centre-Ouest-de-l'Île-de-Montréal,18,4,0.0
2021-2022,CIUSSS du Centre-Ouest-de-l'Île-de-Montréal,18,5,0.0
2021-2022,CIUSSS du Centre-Ouest-de-l'Île-de-Montréal,18,6,4.0
2021-2022,CIUSSS du Centre-Ouest-de-l'Île-de-Montréal,18,7,0.0
2021-2022,CIUSSS du Centre-Ouest-de-l'Île-de-Montréal,18,8,0.0
2021-2022,CIUSSS du Centre-Ouest-de-l'Île-de-Montréal,18,9,4.0
2021-2022,CIUSSS du Centre-Sud-de-l'Île-de-Montréal,1,4,18.0
2021-2022,CIUSSS du Centre-Sud-de-l'Île-de-Montréal,1,5,284.0
2021-2022,CIUSSS du Centre-Sud-de-l'Île-de-Montréal,1,6,166.0
2021-2022,CIUSSS du Centre-Sud-de-l'Île-de-Montréal,1,7,28.0
2021-2022,CIUSSS du Centre-Sud-de-l'Île-de-Montréal,1,8,2.0
2021-2022,CIUSSS du Centre-Sud-de-l'Île-de-Montréal,1,9,498.0
2021-2022,CIUSSS du Centre-Sud-de-l'Île-de-Montréal,2,4,14.0
2021-2022,CIUSSS du Centre-Sud-de-l'Île-de-Montréal,2,5,202.0
2021-2022,CIUSSS du Centre-Sud-de-l'Île-de-Montréal,2,6,96.0
2021-2022,CIUSSS du Centre-Sud-de-l'Île-de-Montréal,2,7,20.0
2021-2022,CIUSSS du Centre-Sud-de-l'Île-de-Montréal,2,8,2.0
2021-2022,CIUSSS du Centre-Sud-de-l'Île-de-Montréal,2,9,334.0
2021-2022,CIUSSS du Centre-Sud-de-l'Île-de-Montréal,3,4,4.0
2021-2022,CIUSSS du Centre-Sud-de-l'Île-de-Montréal,3,5,82.0
2021-2022,CIUSSS du Centre-Sud-de-l'Île-de-Montréal,3,6,70.0
2021-2022,CIUSSS du Centre-Sud-de-l'Île-de-Montréal,3,7,8.0
2021-2022,CIUSSS du Centre-Sud-de-l'Île-de-Montréal,3,8,0.0
2021-2022,CIUSSS du Centre-Sud-de-l'Île-de-Montréal,3,9,164.0
2021-2022,CIUSSS du Centre-Sud-de-l'Île-de-Montréal,4,4,4.0
2021-2022,CIUSSS du Centre-Sud-de-l'Île-de-Montréal,4,5,54.0
2021-2022,CIUSSS du Centre-Sud-de-l'Île-de-Montréal,4,6,24.0
2021-2022,CIUSSS du Centre-Sud-de-l'Île-de-Montréal,4,7,14.0
2021-2022,CIUSSS du Centre-Sud-de-l'Île-de-Montréal,4,8,0.0
2021-2022,CIUSSS du Centre-Sud-de-l'Île-de-Montréal,4,9,96.0
2021-2022,CIUSSS du Centre-Sud-de-l'Île-de-Montréal,5,4,510.0
2021-2022,CIUSSS du Centre-Sud-de-l'Île-de-Montréal,5,5,53848.0
2021-2022,CIUSSS du Centre-Sud-de-l'Île-de-Montréal,5,6,34776.0
2021-2022,CIUSSS du Centre-Sud-de-l'Île-de-Montréal,5,7,5662.0
2021-2022,CIUSSS du Centre-Sud-de-l'Île-de-Montréal,5,8,932.0
2021-2022,CIUSSS du Centre-Sud-de-l'Île-de-Montréal,5,9,95728.0
2021-2022,CIUSSS du Centre-Sud-de-l'Île-de-Montréal,6,4,22.0
2021-2022,CIUSSS du Centre-Sud-de-l'Île-de-Montréal,6,5,470.0
2021-2022,CIUSSS du Centre-Sud-de-l'Île-de-Montréal,6,6,152.0
2021-2022,CIUSSS du Centre-Sud-de-l'Île-de-Montréal,6,7,6.0
2021-2022,CIUSSS du Centre-Sud-de-l'Île-de-Montréal,6,9,650.0
2021-2022,CIUSSS du Centre-Sud-de-l'Île-de-Montréal,7,4,12.0
2021-2022,CIUSSS du Centre-Sud-de-l'Île-de-Montréal,7,5,288.0
2021-2022,CIUSSS du Centre-Sud-de-l'Île-de-Montréal,7,6,106.0
2021-2022,CIUSSS du Centre-Sud-de-l'Île-de-Montréal,7,7,6.0
2021-2022,CIUSSS du Centre-Sud-de-l'Île-de-Montréal,7,9,412.0
2021-2022,CIUSSS du Centre-Sud-de-l'Île-de-Montréal,8,4,10.0
2021-2022,CIUSSS du Centre-Sud-de-l'Île-de-Montréal,8,5,182.0
2021-2022,CIUSSS du Centre-Sud-de-l'Île-de-Montréal,8,6,46.0
2021-2022,CIUSSS du Centre-Sud-de-l'Île-de-Montréal,8,7,0.0
2021-2022,CIUSSS du Centre-Sud-de-l'Île-de-Montréal,8,9,238.0
2021-2022,CIUSSS du Centre-Sud-de-l'Île-de-Montréal,9,4,8.0
2021-2022,CIUSSS du Centre-Sud-de-l'Île-de-Montréal,9,5,56.0
2021-2022,CIUSSS du Centre-Sud-de-l'Île-de-Montréal,9,6,36.0
2021-2022,CIUSSS du Centre-Sud-de-l'Île-de-Montréal,9,7,2.0
2021-2022,CIUSSS du Centre-Sud-de-l'Île-de-Montréal,9,9,102.0
2021-2022,CIUSSS du Centre-Sud-de-l'Île-de-Montréal,10,4,2400.0
2021-2022,CIUSSS du Centre-Sud-de-l'Île-de-Montréal,10,5,105484.0
2021-2022,CIUSSS du Centre-Sud-de-l'Île-de-Montréal,10,6,35334.0
2021-2022,CIUSSS du Centre-Sud-de-l'Île-de-Montréal,10,7,1248.0
2021-2022,CIUSSS du Centre-Sud-de-l'Île-de-Montréal,10,9,144466.0
2021-2022,CIUSSS du Centre-Sud-de-l'Île-de-Montréal,11,4,20.0
2021-2022,CIUSSS du Centre-Sud-de-l'Île-de-Montréal,11,5,646.0
2021-2022,CIUSSS du Centre-Sud-de-l'Île-de-Montréal,11,6,412.0
2021-2022,CIUSSS du Centre-Sud-de-l'Île-de-Montréal,11,7,18.0
2021-2022,CIUSSS du Centre-Sud-de-l'Île-de-Montréal,11,9,1096.0
2021-2022,CIUSSS du Centre-Sud-de-l'Île-de-Montréal,12,4,14.0
2021-2022,CIUSSS du Centre-Sud-de-l'Île-de-Montréal,12,5,416.0
2021-2022,CIUSSS du Centre-Sud-de-l'Île-de-Montréal,12,6,230.0
2021-2022,CIUSSS du Centre-Sud-de-l'Île-de-Montréal,12,7,8.0
2021-2022,CIUSSS du Centre-Sud-de-l'Île-de-Montréal,12,9,668.0
2021-2022,CIUSSS du Centre-Sud-de-l'Île-de-Montréal,13,4,6.0
2021-2022,CIUSSS du Centre-Sud-de-l'Île-de-Montréal,13,5,230.0
2021-2022,CIUSSS du Centre-Sud-de-l'Île-de-Montréal,13,6,182.0
2021-2022,CIUSSS du Centre-Sud-de-l'Île-de-Montréal,13,7,10.0
2021-2022,CIUSSS du Centre-Sud-de-l'Île-de-Montréal,13,9,428.0
2021-2022,CIUSSS du Centre-Sud-de-l'Île-de-Montréal,14,4,0.0
2021-2022,CIUSSS du Centre-Sud-de-l'Île-de-Montréal,14,5,66.0
2021-2022,CIUSSS du Centre-Sud-de-l'Île-de-Montréal,14,6,72.0
2021-2022,CIUSSS du Centre-Sud-de-l'Île-de-Montréal,14,7,6.0
2021-2022,CIUSSS du Centre-Sud-de-l'Île-de-Montréal,14,9,144.0
2021-2022,CIUSSS du Centre-Sud-de-l'Île-de-Montréal,15,4,1928.0
2021-2022,CIUSSS du Centre-Sud-de-l'Île-de-Montréal,15,5,122228.0
2021-2022,CIUSSS du Centre-Sud-de-l'Île-de-Montréal,15,6,78230.0
2021-2022,CIUSSS du Centre-Sud-de-l'Île-de-Montréal,15,7,4242.0
2021-2022,CIUSSS du Centre-Sud-de-l'Île-de-Montréal,15,9,206628.0
2021-2022,CIUSSS du Saguenay  Lac-Saint-Jean,1,1,0.0
2021-2022,CIUSSS du Saguenay  Lac-Saint-Jean,1,2,0.0
2021-2022,CIUSSS du Saguenay  Lac-Saint-Jean,1,3,4.0
2021-2022,CIUSSS du Saguenay  Lac-Saint-Jean,1,4,28.0
2021-2022,CIUSSS du Saguenay  Lac-Saint-Jean,1,5,274.0
2021-2022,CIUSSS du Saguenay  Lac-Saint-Jean,1,6,122.0
2021-2022,CIUSSS du Saguenay  Lac-Saint-Jean,1,7,16.0
2021-2022,CIUSSS du Saguenay  Lac-Saint-Jean,1,8,2.0
2021-2022,CIUSSS du Saguenay  Lac-Saint-Jean,1,9,446.0
2021-2022,CIUSSS du Saguenay  Lac-Saint-Jean,2,1,0.0
2021-2022,CIUSSS du Saguenay  Lac-Saint-Jean,2,2,0.0
2021-2022,CIUSSS du Saguenay  Lac-Saint-Jean,2,3,2.0
2021-2022,CIUSSS du Saguenay  Lac-Saint-Jean,2,4,20.0
2021-2022,CIUSSS du Saguenay  Lac-Saint-Jean,2,5,164.0
2021-2022,CIUSSS du Saguenay  Lac-Saint-Jean,2,6,58.0
2021-2022,CIUSSS du Saguenay  Lac-Saint-Jean,2,7,6.0
2021-2022,CIUSSS du Saguenay  Lac-Saint-Jean,2,8,2.0
2021-2022,CIUSSS du Saguenay  Lac-Saint-Jean,2,9,252.0
2021-2022,CIUSSS du Saguenay  Lac-Saint-Jean,3,1,0.0
2021-2022,CIUSSS du Saguenay  Lac-Saint-Jean,3,2,0.0
2021-2022,CIUSSS du Saguenay  Lac-Saint-Jean,3,3,2.0
2021-2022,CIUSSS du Saguenay  Lac-Saint-Jean,3,4,8.0
2021-2022,CIUSSS du Saguenay  Lac-Saint-Jean,3,5,110.0
2021-2022,CIUSSS du Saguenay  Lac-Saint-Jean,3,6,64.0
2021-2022,CIUSSS du Saguenay  Lac-Saint-Jean,3,7,10.0
2021-2022,CIUSSS du Saguenay  Lac-Saint-Jean,3,8,0.0
2021-2022,CIUSSS du Saguenay  Lac-Saint-Jean,3,9,194.0
2021-2022,CIUSSS du Saguenay  Lac-Saint-Jean,4,1,0.0
2021-2022,CIUSSS du Saguenay  Lac-Saint-Jean,4,2,0.0
2021-2022,CIUSSS du Saguenay  Lac-Saint-Jean,4,3,0.0
2021-2022,CIUSSS du Saguenay  Lac-Saint-Jean,4,4,8.0
2021-2022,CIUSSS du Saguenay  Lac-Saint-Jean,4,5,80.0
2021-2022,CIUSSS du Saguenay  Lac-Saint-Jean,4,6,58.0
2021-2022,CIUSSS du Saguenay  Lac-Saint-Jean,4,7,6.0
2021-2022,CIUSSS du Saguenay  Lac-Saint-Jean,4,8,0.0
2021-2022,CIUSSS du Saguenay  Lac-Saint-Jean,4,9,152.0
2021-2022,CIUSSS du Saguenay  Lac-Saint-Jean,5,1,0.0
2021-2022,CIUSSS du Saguenay  Lac-Saint-Jean,5,2,0.0
2021-2022,CIUSSS du Saguenay  Lac-Saint-Jean,5,3,126.0
2021-2022,CIUSSS du Saguenay  Lac-Saint-Jean,5,4,1700.0
2021-2022,CIUSSS du Saguenay  Lac-Saint-Jean,5,5,37894.0
2021-2022,CIUSSS du Saguenay  Lac-Saint-Jean,5,6,13382.0
2021-2022,CIUSSS du Saguenay  Lac-Saint-Jean,5,7,1506.0
2021-2022,CIUSSS du Saguenay  Lac-Saint-Jean,5,8,82.0
2021-2022,CIUSSS du Saguenay  Lac-Saint-Jean,5,9,54690.0
2021-2022,CIUSSS du Saguenay  Lac-Saint-Jean,6,1,0.0
2021-2022,CIUSSS du Saguenay  Lac-Saint-Jean,6,2,0.0
2021-2022,CIUSSS du Saguenay  Lac-Saint-Jean,6,3,0.0
2021-2022,CIUSSS du Saguenay  Lac-Saint-Jean,6,4,12.0
2021-2022,CIUSSS du Saguenay  Lac-Saint-Jean,6,5,200.0
2021-2022,CIUSSS du Saguenay  Lac-Saint-Jean,6,6,82.0
2021-2022,CIUSSS du Saguenay  Lac-Saint-Jean,6,7,12.0
2021-2022,CIUSSS du Saguenay  Lac-Saint-Jean,6,8,0.0
2021-2022,CIUSSS du Saguenay  Lac-Saint-Jean,6,9,306.0
2021-2022,CIUSSS du Saguenay  Lac-Saint-Jean,7,1,0.0
2021-2022,CIUSSS du Saguenay  Lac-Saint-Jean,7,2,0.0
2021-2022,CIUSSS du Saguenay  Lac-Saint-Jean,7,3,0.0
2021-2022,CIUSSS du Saguenay  Lac-Saint-Jean,7,4,6.0
2021-2022,CIUSSS du Saguenay  Lac-Saint-Jean,7,5,128.0
2021-2022,CIUSSS du Saguenay  Lac-Saint-Jean,7,6,46.0
2021-2022,CIUSSS du Saguenay  Lac-Saint-Jean,7,7,4.0
2021-2022,CIUSSS du Saguenay  Lac-Saint-Jean,7,8,0.0
2021-2022,CIUSSS du Saguenay  Lac-Saint-Jean,7,9,184.0
2021-2022,CIUSSS du Saguenay  Lac-Saint-Jean,8,1,0.0
2021-2022,CIUSSS du Saguenay  Lac-Saint-Jean,8,2,0.0
2021-2022,CIUSSS du Saguenay  Lac-Saint-Jean,8,3,0.0
2021-2022,CIUSSS du Saguenay  Lac-Saint-Jean,8,4,6.0
2021-2022,CIUSSS du Saguenay  Lac-Saint-Jean,8,5,72.0
2021-2022,CIUSSS du Saguenay  Lac-Saint-Jean,8,6,36.0
2021-2022,CIUSSS du Saguenay  Lac-Saint-Jean,8,7,8.0
2021-2022,CIUSSS du Saguenay  Lac-Saint-Jean,8,8,0.0
2021-2022,CIUSSS du Saguenay  Lac-Saint-Jean,8,9,122.0
2021-2022,CIUSSS du Saguenay  Lac-Saint-Jean,9,1,0.0
2021-2022,CIUSSS du Saguenay  Lac-Saint-Jean,9,2,0.0
2021-2022,CIUSSS du Saguenay  Lac-Saint-Jean,9,3,0.0
2021-2022,CIUSSS du Saguenay  Lac-Saint-Jean,9,4,4.0
2021-2022,CIUSSS du Saguenay  Lac-Saint-Jean,9,5,34.0
2021-2022,CIUSSS du Saguenay  Lac-Saint-Jean,9,6,18.0
2021-2022,CIUSSS du Saguenay  Lac-Saint-Jean,9,7,8.0
2021-2022,CIUSSS du Saguenay  Lac-Saint-Jean,9,8,0.0
2021-2022,CIUSSS du Saguenay  Lac-Saint-Jean,9,9,64.0
2021-2022,CIUSSS du Saguenay  Lac-Saint-Jean,10,1,0.0
2021-2022,CIUSSS du Saguenay  Lac-Saint-Jean,10,2,0.0
2021-2022,CIUSSS du Saguenay  Lac-Saint-Jean,10,3,0.0
2021-2022,CIUSSS du Saguenay  Lac-Saint-Jean,10,4,976.0
2021-2022,CIUSSS du Saguenay  Lac-Saint-Jean,10,5,34102.0
2021-2022,CIUSSS du Saguenay  Lac-Saint-Jean,10,6,14772.0
2021-2022,CIUSSS du Saguenay  Lac-Saint-Jean,10,7,544.0
2021-2022,CIUSSS du Saguenay  Lac-Saint-Jean,10,8,0.0
2021-2022,CIUSSS du Saguenay  Lac-Saint-Jean,10,9,50394.0
2021-2022,CIUSSS du Saguenay  Lac-Saint-Jean,11,1,0.0
2021-2022,CIUSSS du Saguenay  Lac-Saint-Jean,11,2,0.0
2021-2022,CIUSSS du Saguenay  Lac-Saint-Jean,11,3,0.0
2021-2022,CIUSSS du Saguenay  Lac-Saint-Jean,11,4,4.0
2021-2022,CIUSSS du Saguenay  Lac-Saint-Jean,11,5,24.0
2021-2022,CIUSSS du Saguenay  Lac-Saint-Jean,11,6,2.0
2021-2022,CIUSSS du Saguenay  Lac-Saint-Jean,11,7,2.0
2021-2022,CIUSSS du Saguenay  Lac-Saint-Jean,11,8,0.0
2021-2022,CIUSSS du Saguenay  Lac-Saint-Jean,11,9,32.0
2021-2022,CIUSSS du Saguenay  Lac-Saint-Jean,12,1,0.0
2021-2022,CIUSSS du Saguenay  Lac-Saint-Jean,12,2,0.0
2021-2022,CIUSSS du Saguenay  Lac-Saint-Jean,12,3,0.0
2021-2022,CIUSSS du Saguenay  Lac-Saint-Jean,12,4,4.0
2021-2022,CIUSSS du Saguenay  Lac-Saint-Jean,12,5,16.0
2021-2022,CIUSSS du Saguenay  Lac-Saint-Jean,12,6,0.0
2021-2022,CIUSSS du Saguenay  Lac-Saint-Jean,12,7,2.0
2021-2022,CIUSSS du Saguenay  Lac-Saint-Jean,12,8,0.0
2021-2022,CIUSSS du Saguenay  Lac-Saint-Jean,12,9,22.0
2021-2022,CIUSSS du Saguenay  Lac-Saint-Jean,13,1,0.0
2021-2022,CIUSSS du Saguenay  Lac-Saint-Jean,13,2,0.0
2021-2022,CIUSSS du Saguenay  Lac-Saint-Jean,13,3,0.0
2021-2022,CIUSSS du Saguenay  Lac-Saint-Jean,13,4,0.0
2021-2022,CIUSSS du Saguenay  Lac-Saint-Jean,13,5,8.0
2021-2022,CIUSSS du Saguenay  Lac-Saint-Jean,13,6,2.0
2021-2022,CIUSSS du Saguenay  Lac-Saint-Jean,13,7,0.0
2021-2022,CIUSSS du Saguenay  Lac-Saint-Jean,13,8,0.0
2021-2022,CIUSSS du Saguenay  Lac-Saint-Jean,13,9,10.0
2021-2022,CIUSSS du Saguenay  Lac-Saint-Jean,14,1,0.0
2021-2022,CIUSSS du Saguenay  Lac-Saint-Jean,14,2,0.0
2021-2022,CIUSSS du Saguenay  Lac-Saint-Jean,14,3,0.0
2021-2022,CIUSSS du Saguenay  Lac-Saint-Jean,14,4,0.0
2021-2022,CIUSSS du Saguenay  Lac-Saint-Jean,14,5,4.0
2021-2022,CIUSSS du Saguenay  Lac-Saint-Jean,14,6,2.0
2021-2022,CIUSSS du Saguenay  Lac-Saint-Jean,14,7,2.0
2021-2022,CIUSSS du Saguenay  Lac-Saint-Jean,14,8,0.0
2021-2022,CIUSSS du Saguenay  Lac-Saint-Jean,14,9,8.0
2021-2022,CIUSSS du Saguenay  Lac-Saint-Jean,15,1,0.0
2021-2022,CIUSSS du Saguenay  Lac-Saint-Jean,15,2,0.0
2021-2022,CIUSSS du Saguenay  Lac-Saint-Jean,15,3,0.0
2021-2022,CIUSSS du Saguenay  Lac-Saint-Jean,15,4,676.0
2021-2022,CIUSSS du Saguenay  Lac-Saint-Jean,15,5,4222.0
2021-2022,CIUSSS du Saguenay  Lac-Saint-Jean,15,6,608.0
2021-2022,CIUSSS du Saguenay  Lac-Saint-Jean,15,7,260.0
2021-2022,CIUSSS du Saguenay  Lac-Saint-Jean,15,8,0.0
2021-2022,CIUSSS du Saguenay  Lac-Saint-Jean,15,9,5766.0
2022-2023,Atelier le Fil d'Ariane inc.,1,5,16.0
2022-2023,Atelier le Fil d'Ariane inc.,1,6,16.0
2022-2023,Atelier le Fil d'Ariane inc.,1,9,32.0
2022-2023,Atelier le Fil d'Ariane inc.,2,5,2.0
2022-2023,Atelier le Fil d'Ariane inc.,2,6,0.0
2022-2023,Atelier le Fil d'Ariane inc.,2,9,2.0
2022-2023,Atelier le Fil d'Ariane inc.,3,5,14.0
2022-2023,Atelier le Fil d'Ariane inc.,3,6,16.0
2022-2023,Atelier le Fil d'Ariane inc.,3,9,30.0
2022-2023,Atelier le Fil d'Ariane inc.,4,5,2.0
2022-2023,Atelier le Fil d'Ariane inc.,4,9,2.0
2022-2023,CISSS de Chaudière-Appalaches,1,1,0.0
2022-2023,CISSS de Chaudière-Appalaches,1,2,0.0
2022-2023,CISSS de Chaudière-Appalaches,1,3,0.0
2022-2023,CISSS de Chaudière-Appalaches,1,4,0.0
2022-2023,CISSS de Chaudière-Appalaches,1,5,56.0
2022-2023,CISSS de Chaudière-Appalaches,1,6,10.0
2022-2023,CISSS de Chaudière-Appalaches,1,7,0.0
2022-2023,CISSS de Chaudière-Appalaches,1,8,0.0
2022-2023,CISSS de Chaudière-Appalaches,1,9,66.0
2022-2023,CISSS de Chaudière-Appalaches,2,1,0.0
2022-2023,CISSS de Chaudière-Appalaches,2,2,0.0
2022-2023,CISSS de Chaudière-Appalaches,2,3,0.0
2022-2023,CISSS de Chaudière-Appalaches,2,4,0.0
2022-2023,CISSS de Chaudière-Appalaches,2,5,30.0
2022-2023,CISSS de Chaudière-Appalaches,2,6,2.0
2022-2023,CISSS de Chaudière-Appalaches,2,7,0.0
2022-2023,CISSS de Chaudière-Appalaches,2,8,0.0
2022-2023,CISSS de Chaudière-Appalaches,2,9,32.0
2022-2023,CISSS de Chaudière-Appalaches,3,1,0.0
2022-2023,CISSS de Chaudière-Appalaches,3,2,0.0
2022-2023,CISSS de Chaudière-Appalaches,3,3,0.0
2022-2023,CISSS de Chaudière-Appalaches,3,4,0.0
2022-2023,CISSS de Chaudière-Appalaches,3,5,26.0
2022-2023,CISSS de Chaudière-Appalaches,3,6,8.0
2022-2023,CISSS de Chaudière-Appalaches,3,7,0.0
2022-2023,CISSS de Chaudière-Appalaches,3,8,0.0
2022-2023,CISSS de Chaudière-Appalaches,3,9,34.0
2022-2023,CISSS de Chaudière-Appalaches,4,1,0.0
2022-2023,CISSS de Chaudière-Appalaches,4,2,0.0
2022-2023,CISSS de Chaudière-Appalaches,4,3,0.0
2022-2023,CISSS de Chaudière-Appalaches,4,4,0.0
2022-2023,CISSS de Chaudière-Appalaches,4,5,4.0
2022-2023,CISSS de Chaudière-Appalaches,4,6,2.0
2022-2023,CISSS de Chaudière-Appalaches,4,7,0.0
2022-2023,CISSS de Chaudière-Appalaches,4,8,0.0
2022-2023,CISSS de Chaudière-Appalaches,4,9,6.0
2022-2023,CISSS de Chaudière-Appalaches,5,1,0.0
2022-2023,CISSS de Chaudière-Appalaches,5,2,0.0
2022-2023,CISSS de Chaudière-Appalaches,5,3,0.0
2022-2023,CISSS de Chaudière-Appalaches,5,4,0.0
2022-2023,CISSS de Chaudière-Appalaches,5,5,6204.0
2022-2023,CISSS de Chaudière-Appalaches,5,6,1314.0
2022-2023,CISSS de Chaudière-Appalaches,5,7,0.0
2022-2023,CISSS de Chaudière-Appalaches,5,8,0.0
2022-2023,CISSS de Chaudière-Appalaches,5,9,7518.0
2022-2023,CISSS de Chaudière-Appalaches,6,1,0.0
2022-2023,CISSS de Chaudière-Appalaches,6,2,0.0
2022-2023,CISSS de Chaudière-Appalaches,6,3,2.0
2022-2023,CISSS de Chaudière-Appalaches,6,4,36.0
2022-2023,CISSS de Chaudière-Appalaches,6,5,194.0
2022-2023,CISSS de Chaudière-Appalaches,6,6,108.0
2022-2023,CISSS de Chaudière-Appalaches,6,7,8.0
2022-2023,CISSS de Chaudière-Appalaches,6,8,0.0
2022-2023,CISSS de Chaudière-Appalaches,6,9,348.0
2022-2023,CISSS de Chaudière-Appalaches,7,1,0.0
2022-2023,CISSS de Chaudière-Appalaches,7,2,0.0
2022-2023,CISSS de Chaudière-Appalaches,7,3,0.0
2022-2023,CISSS de Chaudière-Appalaches,7,4,28.0
2022-2023,CISSS de Chaudière-Appalaches,7,5,100.0
2022-2023,CISSS de Chaudière-Appalaches,7,6,66.0
2022-2023,CISSS de Chaudière-Appalaches,7,7,6.0
2022-2023,CISSS de Chaudière-Appalaches,7,8,0.0
2022-2023,CISSS de Chaudière-Appalaches,7,9,200.0
2022-2023,CISSS de Chaudière-Appalaches,8,1,0.0
2022-2023,CISSS de Chaudière-Appalaches,8,2,0.0
2022-2023,CISSS de Chaudière-Appalaches,8,3,2.0
2022-2023,CISSS de Chaudière-Appalaches,8,4,8.0
2022-2023,CISSS de Chaudière-Appalaches,8,5,94.0
2022-2023,CISSS de Chaudière-Appalaches,8,6,42.0
2022-2023,CISSS de Chaudière-Appalaches,8,7,2.0
2022-2023,CISSS de Chaudière-Appalaches,8,8,0.0
2022-2023,CISSS de Chaudière-Appalaches,8,9,148.0
2022-2023,CISSS de Chaudière-Appalaches,9,1,0.0
2022-2023,CISSS de Chaudière-Appalaches,9,2,0.0
2022-2023,CISSS de Chaudière-Appalaches,9,3,2.0
2022-2023,CISSS de Chaudière-Appalaches,9,4,20.0
2022-2023,CISSS de Chaudière-Appalaches,9,5,50.0
2022-2023,CISSS de Chaudière-Appalaches,9,6,8.0
2022-2023,CISSS de Chaudière-Appalaches,9,7,0.0
2022-2023,CISSS de Chaudière-Appalaches,9,8,0.0
2022-2023,CISSS de Chaudière-Appalaches,9,9,80.0
2022-2023,CISSS de Chaudière-Appalaches,10,1,0.0
2022-2023,CISSS de Chaudière-Appalaches,10,2,0.0
2022-2023,CISSS de Chaudière-Appalaches,10,3,28.0
2022-2023,CISSS de Chaudière-Appalaches,10,4,1874.0
2022-2023,CISSS de Chaudière-Appalaches,10,5,52808.0
2022-2023,CISSS de Chaudière-Appalaches,10,6,21630.0
2022-2023,CISSS de Chaudière-Appalaches,10,7,1694.0
2022-2023,CISSS de Chaudière-Appalaches,10,8,0.0
2022-2023,CISSS de Chaudière-Appalaches,10,9,78034.0
2022-2023,CISSS de Chaudière-Appalaches,11,1,0.0
2022-2023,CISSS de Chaudière-Appalaches,11,2,0.0
2022-2023,CISSS de Chaudière-Appalaches,11,3,0.0
2022-2023,CISSS de Chaudière-Appalaches,11,4,32.0
2022-2023,CISSS de Chaudière-Appalaches,11,5,182.0
2022-2023,CISSS de Chaudière-Appalaches,11,6,98.0
2022-2023,CISSS de Chaudière-Appalaches,11,7,10.0
2022-2023,CISSS de Chaudière-Appalaches,11,8,0.0
2022-2023,CISSS de Chaudière-Appalaches,11,9,322.0
2022-2023,CISSS de Chaudière-Appalaches,12,1,0.0
2022-2023,CISSS de Chaudière-Appalaches,12,2,0.0
2022-2023,CISSS de Chaudière-Appalaches,12,3,0.0
2022-2023,CISSS de Chaudière-Appalaches,12,4,18.0
2022-2023,CISSS de Chaudière-Appalaches,12,5,126.0
2022-2023,CISSS de Chaudière-Appalaches,12,6,66.0
2022-2023,CISSS de Chaudière-Appalaches,12,7,8.0
2022-2023,CISSS de Chaudière-Appalaches,12,8,0.0
2022-2023,CISSS de Chaudière-Appalaches,12,9,218.0
2022-2023,CISSS de Chaudière-Appalaches,13,1,0.0
2022-2023,CISSS de Chaudière-Appalaches,13,2,0.0
2022-2023,CISSS de Chaudière-Appalaches,13,3,0.0
2022-2023,CISSS de Chaudière-Appalaches,13,4,14.0
2022-2023,CISSS de Chaudière-Appalaches,13,5,56.0
2022-2023,CISSS de Chaudière-Appalaches,13,6,32.0
2022-2023,CISSS de Chaudière-Appalaches,13,7,2.0
2022-2023,CISSS de Chaudière-Appalaches,13,8,0.0
2022-2023,CISSS de Chaudière-Appalaches,13,9,104.0
2022-2023,CISSS de Chaudière-Appalaches,14,1,0.0
2022-2023,CISSS de Chaudière-Appalaches,14,2,0.0
2022-2023,CISSS de Chaudière-Appalaches,14,3,0.0
2022-2023,CISSS de Chaudière-Appalaches,14,4,6.0
2022-2023,CISSS de Chaudière-Appalaches,14,5,54.0
2022-2023,CISSS de Chaudière-Appalaches,14,6,26.0
2022-2023,CISSS de Chaudière-Appalaches,14,7,2.0
2022-2023,CISSS de Chaudière-Appalaches,14,8,0.0
2022-2023,CISSS de Chaudière-Appalaches,14,9,88.0
2022-2023,CISSS de Chaudière-Appalaches,15,1,0.0
2022-2023,CISSS de Chaudière-Appalaches,15,2,0.0
2022-2023,CISSS de Chaudière-Appalaches,15,3,0.0
2022-2023,CISSS de Chaudière-Appalaches,15,4,3742.0
2022-2023,CISSS de Chaudière-Appalaches,15,5,45142.0
2022-2023,CISSS de Chaudière-Appalaches,15,6,20748.0
2022-2023,CISSS de Chaudière-Appalaches,15,7,1742.0
2022-2023,CISSS de Chaudière-Appalaches,15,8,0.0
2022-2023,CISSS de Chaudière-Appalaches,15,9,71374.0
2022-2023,CISSS de Chaudière-Appalaches,16,1,0.0
2022-2023,CISSS de Chaudière-Appalaches,16,2,0.0
2022-2023,CISSS de Chaudière-Appalaches,16,3,0.0
2022-2023,CISSS de Chaudière-Appalaches,16,4,0.0
2022-2023,CISSS de Chaudière-Appalaches,16,5,6.0
2022-2023,CISSS de Chaudière-Appalaches,16,6,10.0
2022-2023,CISSS de Chaudière-Appalaches,16,7,0.0
2022-2023,CISSS de Chaudière-Appalaches,16,8,0.0
2022-2023,CISSS de Chaudière-Appalaches,16,9,16.0
2022-2023,CISSS de Chaudière-Appalaches,17,1,0.0
2022-2023,CISSS de Chaudière-Appalaches,17,2,0.0
2022-2023,CISSS de Chaudière-Appalaches,17,3,0.0
2022-2023,CISSS de Chaudière-Appalaches,17,4,0.0
2022-2023,CISSS de Chaudière-Appalaches,17,5,6.0
2022-2023,CISSS de Chaudière-Appalaches,17,6,4.0
2022-2023,CISSS de Chaudière-Appalaches,17,7,0.0
2022-2023,CISSS de Chaudière-Appalaches,17,8,0.0
2022-2023,CISSS de Chaudière-Appalaches,17,9,10.0
2022-2023,CISSS de Chaudière-Appalaches,18,1,0.0
2022-2023,CISSS de Chaudière-Appalaches,18,2,0.0
2022-2023,CISSS de Chaudière-Appalaches,18,3,0.0
2022-2023,CISSS de Chaudière-Appalaches,18,4,0.0
2022-2023,CISSS de Chaudière-Appalaches,18,5,0.0
2022-2023,CISSS de Chaudière-Appalaches,18,6,6.0
2022-2023,CISSS de Chaudière-Appalaches,18,7,0.0
2022-2023,CISSS de Chaudière-Appalaches,18,8,0.0
2022-2023,CISSS de Chaudière-Appalaches,18,9,6.0
2022-2023,CISSS de Chaudière-Appalaches,19,1,0.0
2022-2023,CISSS de Chaudière-Appalaches,19,2,0.0
2022-2023,CISSS de Chaudière-Appalaches,19,3,0.0
2022-2023,CISSS de Chaudière-Appalaches,19,4,0.0
2022-2023,CISSS de Chaudière-Appalaches,19,5,4.0
2022-2023,CISSS de Chaudière-Appalaches,19,6,2.0
2022-2023,CISSS de Chaudière-Appalaches,19,7,0.0
2022-2023,CISSS de Chaudière-Appalaches,19,8,0.0
2022-2023,CISSS de Chaudière-Appalaches,19,9,6.0
2022-2023,CISSS de Lanaudière,1,5,10.0
2022-2023,CISSS de Lanaudière,1,6,8.0
2022-2023,CISSS de Lanaudière,1,7,4.0
2022-2023,CISSS de Lanaudière,1,9,22.0
2022-2023,CISSS de Lanaudière,2,5,8.0
2022-2023,CISSS de Lanaudière,2,6,4.0
2022-2023,CISSS de Lanaudière,2,7,2.0
2022-2023,CISSS de Lanaudière,2,9,14.0
2022-2023,CISSS de Lanaudière,3,5,2.0
2022-2023,CISSS de Lanaudière,3,6,4.0
2022-2023,CISSS de Lanaudière,3,7,2.0
2022-2023,CISSS de Lanaudière,3,9,8.0
2022-2023,CISSS de Lanaudière,4,5,4.0
2022-2023,CISSS de Lanaudière,4,6,6.0
2022-2023,CISSS de Lanaudière,4,7,2.0
2022-2023,CISSS de Lanaudière,4,9,12.0
2022-2023,CISSS de Lanaudière,5,5,144.0
2022-2023,CISSS de Lanaudière,5,6,76.0
2022-2023,CISSS de Lanaudière,5,7,70.0
2022-2023,CISSS de Lanaudière,5,9,290.0
2022-2023,CISSS de Lanaudière,6,4,4.0
2022-2023,CISSS de Lanaudière,6,5,106.0
2022-2023,CISSS de Lanaudière,6,6,16.0
2022-2023,CISSS de Lanaudière,6,9,126.0
2022-2023,CISSS de Lanaudière,7,4,4.0
2022-2023,CISSS de Lanaudière,7,5,66.0
2022-2023,CISSS de Lanaudière,7,6,10.0
2022-2023,CISSS de Lanaudière,7,9,80.0
2022-2023,CISSS de Lanaudière,8,5,40.0
2022-2023,CISSS de Lanaudière,8,6,6.0
2022-2023,CISSS de Lanaudière,8,9,46.0
2022-2023,CISSS de Lanaudière,9,5,34.0
2022-2023,CISSS de Lanaudière,9,6,4.0
2022-2023,CISSS de Lanaudière,9,9,38.0
2022-2023,CISSS de Lanaudière,10,4,122.0
2022-2023,CISSS de Lanaudière,10,5,7476.0
2022-2023,CISSS de Lanaudière,10,6,1582.0
2022-2023,CISSS de Lanaudière,10,9,9180.0
2022-2023,CISSS de Lanaudière,11,4,4.0
2022-2023,CISSS de Lanaudière,11,5,88.0
2022-2023,CISSS de Lanaudière,11,6,28.0
2022-2023,CISSS de Lanaudière,11,7,8.0
2022-2023,CISSS de Lanaudière,11,9,128.0
2022-2023,CISSS de Lanaudière,12,4,4.0
2022-2023,CISSS de Lanaudière,12,5,62.0
2022-2023,CISSS de Lanaudière,12,6,20.0
2022-2023,CISSS de Lanaudière,12,7,6.0
2022-2023,CISSS de Lanaudière,12,9,92.0
2022-2023,CISSS de Lanaudière,13,5,26.0
2022-2023,CISSS de Lanaudière,13,6,8.0
2022-2023,CISSS de Lanaudière,13,7,2.0
2022-2023,CISSS de Lanaudière,13,9,36.0
2022-2023,CISSS de Lanaudière,14,4,2.0
2022-2023,CISSS de Lanaudière,14,5,24.0
2022-2023,CISSS de Lanaudière,14,9,26.0
2022-2023,CISSS de Lanaudière,15,4,60.0
2022-2023,CISSS de Lanaudière,15,5,2934.0
2022-2023,CISSS de Lanaudière,15,6,1216.0
2022-2023,CISSS de Lanaudière,15,7,330.0
2022-2023,CISSS de Lanaudière,15,9,4540.0
2022-2023,CISSS de Lanaudière,16,5,18.0
2022-2023,CISSS de Lanaudière,16,9,18.0
2022-2023,CISSS de Lanaudière,17,5,12.0
2022-2023,CISSS de Lanaudière,17,9,12.0
2022-2023,CISSS de Lanaudière,18,5,6.0
2022-2023,CISSS de Lanaudière,18,9,6.0
2022-2023,CISSS de Laval,6,4,24.0
2022-2023,CISSS de Laval,6,5,192.0
2022-2023,CISSS de Laval,6,6,44.0
2022-2023,CISSS de Laval,6,9,260.0
2022-2023,CISSS de Laval,7,4,8.0
2022-2023,CISSS de Laval,7,5,116.0
2022-2023,CISSS de Laval,7,6,22.0
2022-2023,CISSS de Laval,7,9,146.0
2022-2023,CISSS de Laval,8,4,16.0
2022-2023,CISSS de Laval,8,5,76.0
2022-2023,CISSS de Laval,8,6,22.0
2022-2023,CISSS de Laval,8,9,114.0
2022-2023,CISSS de Laval,9,4,14.0
2022-2023,CISSS de Laval,9,5,8.0
2022-2023,CISSS de Laval,9,6,24.0
2022-2023,CISSS de Laval,9,9,46.0
2022-2023,CISSS de l'Abitibi-Témiscamingue,6,1,0.0
2022-2023,CISSS de l'Abitibi-Témiscamingue,6,2,0.0
2022-2023,CISSS de l'Abitibi-Témiscamingue,6,3,0.0
2022-2023,CISSS de l'Abitibi-Témiscamingue,6,4,0.0
2022-2023,CISSS de l'Abitibi-Témiscamingue,6,5,4.0
2022-2023,CISSS de l'Abitibi-Témiscamingue,6,6,2.0
2022-2023,CISSS de l'Abitibi-Témiscamingue,6,7,0.0
2022-2023,CISSS de l'Abitibi-Témiscamingue,6,8,0.0
2022-2023,CISSS de l'Abitibi-Témiscamingue,6,9,6.0
2022-2023,CISSS de l'Abitibi-Témiscamingue,7,1,0.0
2022-2023,CISSS de l'Abitibi-Témiscamingue,7,2,0.0
2022-2023,CISSS de l'Abitibi-Témiscamingue,7,3,0.0
2022-2023,CISSS de l'Abitibi-Témiscamingue,7,4,0.0
2022-2023,CISSS de l'Abitibi-Témiscamingue,7,5,2.0
2022-2023,CISSS de l'Abitibi-Témiscamingue,7,6,0.0
2022-2023,CISSS de l'Abitibi-Témiscamingue,7,7,0.0
2022-2023,CISSS de l'Abitibi-Témiscamingue,7,8,0.0
2022-2023,CISSS de l'Abitibi-Témiscamingue,7,9,2.0
2022-2023,CISSS de l'Abitibi-Témiscamingue,8,1,0.0
2022-2023,CISSS de l'Abitibi-Témiscamingue,8,2,0.0
2022-2023,CISSS de l'Abitibi-Témiscamingue,8,3,0.0
2022-2023,CISSS de l'Abitibi-Témiscamingue,8,4,0.0
2022-2023,CISSS de l'Abitibi-Témiscamingue,8,5,2.0
2022-2023,CISSS de l'Abitibi-Témiscamingue,8,6,2.0
2022-2023,CISSS de l'Abitibi-Témiscamingue,8,7,0.0
2022-2023,CISSS de l'Abitibi-Témiscamingue,8,8,0.0
2022-2023,CISSS de l'Abitibi-Témiscamingue,8,9,4.0
2022-2023,CISSS de l'Abitibi-Témiscamingue,10,1,0.0
2022-2023,CISSS de l'Abitibi-Témiscamingue,10,2,0.0
2022-2023,CISSS de l'Abitibi-Témiscamingue,10,3,0.0
2022-2023,CISSS de l'Abitibi-Témiscamingue,10,4,0.0
2022-2023,CISSS de l'Abitibi-Témiscamingue,10,5,0.0
2022-2023,CISSS de l'Abitibi-Témiscamingue,10,6,0.0
2022-2023,CISSS de l'Abitibi-Témiscamingue,10,7,0.0
2022-2023,CISSS de l'Abitibi-Témiscamingue,10,8,0.0
2022-2023,CISSS de l'Abitibi-Témiscamingue,10,9,0.0
2022-2023,CISSS de l'Abitibi-Témiscamingue,16,1,0.0
2022-2023,CISSS de l'Abitibi-Témiscamingue,16,2,0.0
2022-2023,CISSS de l'Abitibi-Témiscamingue,16,3,0.0
2022-2023,CISSS de l'Abitibi-Témiscamingue,16,4,0.0
2022-2023,CISSS de l'Abitibi-Témiscamingue,16,5,12.0
2022-2023,CISSS de l'Abitibi-Témiscamingue,16,6,6.0
2022-2023,CISSS de l'Abitibi-Témiscamingue,16,7,0.0
2022-2023,CISSS de l'Abitibi-Témiscamingue,16,8,0.0
2022-2023,CISSS de l'Abitibi-Témiscamingue,16,9,18.0
2022-2023,CISSS de l'Abitibi-Témiscamingue,17,1,0.0
2022-2023,CISSS de l'Abitibi-Témiscamingue,17,2,0.0
2022-2023,CISSS de l'Abitibi-Témiscamingue,17,3,0.0
2022-2023,CISSS de l'Abitibi-Témiscamingue,17,4,0.0
2022-2023,CISSS de l'Abitibi-Témiscamingue,17,5,8.0
2022-2023,CISSS de l'Abitibi-Témiscamingue,17,6,6.0
2022-2023,CISSS de l'Abitibi-Témiscamingue,17,7,0.0
2022-2023,CISSS de l'Abitibi-Témiscamingue,17,8,0.0
2022-2023,CISSS de l'Abitibi-Témiscamingue,17,9,14.0
2022-2023,CISSS de l'Abitibi-Témiscamingue,18,1,0.0
2022-2023,CISSS de l'Abitibi-Témiscamingue,18,2,0.0
2022-2023,CISSS de l'Abitibi-Témiscamingue,18,3,0.0
2022-2023,CISSS de l'Abitibi-Témiscamingue,18,4,0.0
2022-2023,CISSS de l'Abitibi-Témiscamingue,18,5,4.0
2022-2023,CISSS de l'Abitibi-Témiscamingue,18,6,0.0
2022-2023,CISSS de l'Abitibi-Témiscamingue,18,7,0.0
2022-2023,CISSS de l'Abitibi-Témiscamingue,18,8,0.0
2022-2023,CISSS de l'Abitibi-Témiscamingue,18,9,4.0
2022-2023,CISSS de l'Abitibi-Témiscamingue,19,1,0.0
2022-2023,CISSS de l'Abitibi-Témiscamingue,19,2,0.0
2022-2023,CISSS de l'Abitibi-Témiscamingue,19,3,0.0
2022-2023,CISSS de l'Abitibi-Témiscamingue,19,4,0.0
2022-2023,CISSS de l'Abitibi-Témiscamingue,19,5,0.0
2022-2023,CISSS de l'Abitibi-Témiscamingue,19,6,4.0
2022-2023,CISSS de l'Abitibi-Témiscamingue,19,7,0.0
2022-2023,CISSS de l'Abitibi-Témiscamingue,19,8,0.0
2022-2023,CISSS de l'Abitibi-Témiscamingue,19,9,4.0
2022-2023,CISSS de l'Outaouais,6,5,30.0
2022-2023,CISSS de l'Outaouais,6,6,14.0
2022-2023,CISSS de l'Outaouais,6,9,44.0
2022-2023,CISSS de l'Outaouais,7,5,20.0
2022-2023,CISSS de l'Outaouais,7,6,6.0
2022-2023,CISSS de l'Outaouais,7,9,26.0
2022-2023,CISSS de l'Outaouais,8,5,10.0
2022-2023,CISSS de l'Outaouais,8,6,8.0
2022-2023,CISSS de l'Outaouais,8,9,18.0
2022-2023,CISSS de l'Outaouais,9,5,6.0
2022-2023,CISSS de l'Outaouais,9,6,2.0
2022-2023,CISSS de l'Outaouais,9,9,8.0
2022-2023,CISSS de l'Outaouais,10,5,2518.0
2022-2023,CISSS de l'Outaouais,10,6,1012.0
2022-2023,CISSS de l'Outaouais,10,9,3530.0
2022-2023,CISSS de l'Outaouais,11,4,12.0
2022-2023,CISSS de l'Outaouais,11,5,42.0
2022-2023,CISSS de l'Outaouais,11,6,26.0
2022-2023,CISSS de l'Outaouais,11,9,80.0
2022-2023,CISSS de l'Outaouais,12,4,8.0
2022-2023,CISSS de l'Outaouais,12,5,20.0
2022-2023,CISSS de l'Outaouais,12,6,20.0
2022-2023,CISSS de l'Outaouais,12,9,48.0
2022-2023,CISSS de l'Outaouais,13,4,4.0
2022-2023,CISSS de l'Outaouais,13,5,22.0
2022-2023,CISSS de l'Outaouais,13,6,6.0
2022-2023,CISSS de l'Outaouais,13,9,32.0
2022-2023,CISSS de l'Outaouais,14,5,12.0
2022-2023,CISSS de l'Outaouais,14,6,4.0
2022-2023,CISSS de l'Outaouais,14,9,16.0
2022-2023,CISSS de l'Outaouais,15,4,700.0
2022-2023,CISSS de l'Outaouais,15,5,2416.0
2022-2023,CISSS de l'Outaouais,15,6,964.0
2022-2023,CISSS de l'Outaouais,15,9,4080.0
2022-2023,CISSS de l'Outaouais,16,5,2.0
2022-2023,CISSS de l'Outaouais,16,9,2.0
2022-2023,CISSS de l'Outaouais,17,5,2.0
2022-2023,CISSS de l'Outaouais,17,9,2.0
2022-2023,CISSS de la Côte-Nord,6,5,34.0
2022-2023,CISSS de la Côte-Nord,6,6,42.0
2022-2023,CISSS de la Côte-Nord,6,7,6.0
2022-2023,CISSS de la Côte-Nord,6,8,0.0
2022-2023,CISSS de la Côte-Nord,6,9,82.0
2022-2023,CISSS de la Côte-Nord,7,5,20.0
2022-2023,CISSS de la Côte-Nord,7,6,20.0
2022-2023,CISSS de la Côte-Nord,7,7,4.0
2022-2023,CISSS de la Côte-Nord,7,9,44.0
2022-2023,CISSS de la Côte-Nord,8,5,14.0
2022-2023,CISSS de la Côte-Nord,8,6,22.0
2022-2023,CISSS de la Côte-Nord,8,7,2.0
2022-2023,CISSS de la Côte-Nord,8,9,38.0
2022-2023,CISSS de la Côte-Nord,9,6,4.0
2022-2023,CISSS de la Côte-Nord,9,9,4.0
2022-2023,CISSS de la Côte-Nord,11,5,6.0
2022-2023,CISSS de la Côte-Nord,11,6,6.0
2022-2023,CISSS de la Côte-Nord,11,9,12.0
2022-2023,CISSS de la Côte-Nord,12,5,4.0
2022-2023,CISSS de la Côte-Nord,12,9,4.0
2022-2023,CISSS de la Côte-Nord,13,5,2.0
2022-2023,CISSS de la Côte-Nord,13,6,6.0
2022-2023,CISSS de la Côte-Nord,13,9,8.0
2022-2023,CISSS de la Côte-Nord,14,6,2.0
2022-2023,CISSS de la Côte-Nord,14,9,2.0
2022-2023,CISSS de la Gaspésie,6,4,2.0
2022-2023,CISSS de la Gaspésie,6,9,2.0
2022-2023,CISSS de la Gaspésie,7,4,2.0
2022-2023,CISSS de la Gaspésie,7,9,2.0
2022-2023,CISSS de la Montérégie-Ouest,11,3,2.0
2022-2023,CISSS de la Montérégie-Ouest,11,4,16.0
2022-2023,CISSS de la Montérégie-Ouest,11,5,504.0
2022-2023,CISSS de la Montérégie-Ouest,11,6,212.0
2022-2023,CISSS de la Montérégie-Ouest,11,7,6.0
2022-2023,CISSS de la Montérégie-Ouest,11,9,740.0
2022-2023,CISSS de la Montérégie-Ouest,12,3,2.0
2022-2023,CISSS de la Montérégie-Ouest,12,4,16.0
2022-2023,CISSS de la Montérégie-Ouest,12,5,306.0
2022-2023,CISSS de la Montérégie-Ouest,12,6,112.0
2022-2023,CISSS de la Montérégie-Ouest,12,7,6.0
2022-2023,CISSS de la Montérégie-Ouest,12,9,442.0
2022-2023,CISSS de la Montérégie-Ouest,13,5,198.0
2022-2023,CISSS de la Montérégie-Ouest,13,6,100.0
2022-2023,CISSS de la Montérégie-Ouest,13,9,298.0
2022-2023,CISSS de la Montérégie-Ouest,14,4,8.0
2022-2023,CISSS de la Montérégie-Ouest,14,5,116.0
2022-2023,CISSS de la Montérégie-Ouest,14,6,54.0
2022-2023,CISSS de la Montérégie-Ouest,14,7,2.0
2022-2023,CISSS de la Montérégie-Ouest,14,9,180.0
2022-2023,CISSS de la Montérégie-Ouest,15,3,50.0
2022-2023,CISSS de la Montérégie-Ouest,15,4,936.0
2022-2023,CISSS de la Montérégie-Ouest,15,5,86460.0
2022-2023,CISSS de la Montérégie-Ouest,15,6,36136.0
2022-2023,CISSS de la Montérégie-Ouest,15,7,318.0
2022-2023,CISSS de la Montérégie-Ouest,15,9,123900.0
2022-2023,CISSS de la Montérégie-Ouest,16,3,8.0
2022-2023,CISSS de la Montérégie-Ouest,16,4,44.0
2022-2023,CISSS de la Montérégie-Ouest,16,5,232.0
2022-2023,CISSS de la Montérégie-Ouest,16,6,38.0
2022-2023,CISSS de la Montérégie-Ouest,16,9,322.0
2022-2023,CISSS de la Montérégie-Ouest,17,3,6.0
2022-2023,CISSS de la Montérégie-Ouest,17,4,26.0
2022-2023,CISSS de la Montérégie-Ouest,17,5,140.0
2022-2023,CISSS de la Montérégie-Ouest,17,6,20.0
2022-2023,CISSS de la Montérégie-Ouest,17,9,192.0
2022-2023,CISSS de la Montérégie-Ouest,18,3,2.0
2022-2023,CISSS de la Montérégie-Ouest,18,4,18.0
2022-2023,CISSS de la Montérégie-Ouest,18,5,92.0
2022-2023,CISSS de la Montérégie-Ouest,18,6,18.0
2022-2023,CISSS de la Montérégie-Ouest,18,9,130.0
2022-2023,CISSS de la Montérégie-Ouest,19,3,6.0
2022-2023,CISSS de la Montérégie-Ouest,19,4,28.0
2022-2023,CISSS de la Montérégie-Ouest,19,5,120.0
2022-2023,CISSS de la Montérégie-Ouest,19,6,26.0
2022-2023,CISSS de la Montérégie-Ouest,19,9,180.0
2022-2023,CISSS des Laurentides,1,1,0.0
2022-2023,CISSS des Laurentides,1,2,0.0
2022-2023,CISSS des Laurentides,1,3,0.0
2022-2023,CISSS des Laurentides,1,4,0.0
2022-2023,CISSS des Laurentides,1,5,0.0
2022-2023,CISSS des Laurentides,1,6,0.0
2022-2023,CISSS des Laurentides,1,7,0.0
2022-2023,CISSS des Laurentides,1,8,0.0
2022-2023,CISSS des Laurentides,1,9,0.0
2022-2023,CISSS des Laurentides,2,1,0.0
2022-2023,CISSS des Laurentides,2,2,0.0
2022-2023,CISSS des Laurentides,2,3,0.0
2022-2023,CISSS des Laurentides,2,4,0.0
2022-2023,CISSS des Laurentides,2,5,0.0
2022-2023,CISSS des Laurentides,2,6,0.0
2022-2023,CISSS des Laurentides,2,7,0.0
2022-2023,CISSS des Laurentides,2,8,0.0
2022-2023,CISSS des Laurentides,2,9,0.0
2022-2023,CISSS des Laurentides,3,1,0.0
2022-2023,CISSS des Laurentides,3,2,0.0
2022-2023,CISSS des Laurentides,3,3,0.0
2022-2023,CISSS des Laurentides,3,4,0.0
2022-2023,CISSS des Laurentides,3,5,0.0
2022-2023,CISSS des Laurentides,3,6,0.0
2022-2023,CISSS des Laurentides,3,7,0.0
2022-2023,CISSS des Laurentides,3,8,0.0
2022-2023,CISSS des Laurentides,3,9,0.0
2022-2023,CISSS des Laurentides,4,1,0.0
2022-2023,CISSS des Laurentides,4,2,0.0
2022-2023,CISSS des Laurentides,4,3,0.0
2022-2023,CISSS des Laurentides,4,4,0.0
2022-2023,CISSS des Laurentides,4,5,0.0
2022-2023,CISSS des Laurentides,4,6,0.0
2022-2023,CISSS des Laurentides,4,7,0.0
2022-2023,CISSS des Laurentides,4,8,0.0
2022-2023,CISSS des Laurentides,4,9,0.0
2022-2023,CISSS des Laurentides,5,1,0.0
2022-2023,CISSS des Laurentides,5,2,0.0
2022-2023,CISSS des Laurentides,5,3,0.0
2022-2023,CISSS des Laurentides,5,4,0.0
2022-2023,CISSS des Laurentides,5,5,0.0
2022-2023,CISSS des Laurentides,5,6,0.0
2022-2023,CISSS des Laurentides,5,7,0.0
2022-2023,CISSS des Laurentides,5,8,0.0
2022-2023,CISSS des Laurentides,5,9,0.0
2022-2023,CISSS des Laurentides,6,1,0.0
2022-2023,CISSS des Laurentides,6,2,0.0
2022-2023,CISSS des Laurentides,6,3,8.0
2022-2023,CISSS des Laurentides,6,4,50.0
2022-2023,CISSS des Laurentides,6,5,462.0
2022-2023,CISSS des Laurentides,6,6,134.0
2022-2023,CISSS des Laurentides,6,7,8.0
2022-2023,CISSS des Laurentides,6,8,0.0
2022-2023,CISSS des Laurentides,6,9,662.0
2022-2023,CISSS des Laurentides,7,1,0.0
2022-2023,CISSS des Laurentides,7,2,0.0
2022-2023,CISSS des Laurentides,7,3,8.0
2022-2023,CISSS des Laurentides,7,4,38.0
2022-2023,CISSS des Laurentides,7,5,274.0
2022-2023,CISSS des Laurentides,7,6,84.0
2022-2023,CISSS des Laurentides,7,7,8.0
2022-2023,CISSS des Laurentides,7,8,0.0
2022-2023,CISSS des Laurentides,7,9,412.0
2022-2023,CISSS des Laurentides,8,1,0.0
2022-2023,CISSS des Laurentides,8,2,0.0
2022-2023,CISSS des Laurentides,8,3,0.0
2022-2023,CISSS des Laurentides,8,4,12.0
2022-2023,CISSS des Laurentides,8,5,188.0
2022-2023,CISSS des Laurentides,8,6,50.0
2022-2023,CISSS des Laurentides,8,7,0.0
2022-2023,CISSS des Laurentides,8,8,0.0
2022-2023,CISSS des Laurentides,8,9,250.0
2022-2023,CISSS des Laurentides,9,1,0.0
2022-2023,CISSS des Laurentides,9,2,0.0
2022-2023,CISSS des Laurentides,9,3,4.0
2022-2023,CISSS des Laurentides,9,4,10.0
2022-2023,CISSS des Laurentides,9,5,98.0
2022-2023,CISSS des Laurentides,9,6,26.0
2022-2023,CISSS des Laurentides,9,7,0.0
2022-2023,CISSS des Laurentides,9,8,0.0
2022-2023,CISSS des Laurentides,9,9,138.0
2022-2023,CISSS des Laurentides,10,1,0.0
2022-2023,CISSS des Laurentides,10,2,0.0
2022-2023,CISSS des Laurentides,10,3,490.0
2022-2023,CISSS des Laurentides,10,4,4800.0
2022-2023,CISSS des Laurentides,10,5,67254.0
2022-2023,CISSS des Laurentides,10,6,21638.0
2022-2023,CISSS des Laurentides,10,7,1608.0
2022-2023,CISSS des Laurentides,10,8,0.0
2022-2023,CISSS des Laurentides,10,9,95790.0
2022-2023,CISSS des Laurentides,11,1,0.0
2022-2023,CISSS des Laurentides,11,2,0.0
2022-2023,CISSS des Laurentides,11,3,10.0
2022-2023,CISSS des Laurentides,11,4,40.0
2022-2023,CISSS des Laurentides,11,5,254.0
2022-2023,CISSS des Laurentides,11,6,130.0
2022-2023,CISSS des Laurentides,11,7,12.0
2022-2023,CISSS des Laurentides,11,8,2.0
2022-2023,CISSS des Laurentides,11,9,448.0
2022-2023,CISSS des Laurentides,12,1,0.0
2022-2023,CISSS des Laurentides,12,2,0.0
2022-2023,CISSS des Laurentides,12,3,10.0
2022-2023,CISSS des Laurentides,12,4,32.0
2022-2023,CISSS des Laurentides,12,5,162.0
2022-2023,CISSS des Laurentides,12,6,88.0
2022-2023,CISSS des Laurentides,12,7,6.0
2022-2023,CISSS des Laurentides,12,8,2.0
2022-2023,CISSS des Laurentides,12,9,300.0
2022-2023,CISSS des Laurentides,13,1,0.0
2022-2023,CISSS des Laurentides,13,2,0.0
2022-2023,CISSS des Laurentides,13,3,0.0
2022-2023,CISSS des Laurentides,13,4,8.0
2022-2023,CISSS des Laurentides,13,5,92.0
2022-2023,CISSS des Laurentides,13,6,42.0
2022-2023,CISSS des Laurentides,13,7,6.0
2022-2023,CISSS des Laurentides,13,8,0.0
2022-2023,CISSS des Laurentides,13,9,148.0
2022-2023,CISSS des Laurentides,14,1,0.0
2022-2023,CISSS des Laurentides,14,2,0.0
2022-2023,CISSS des Laurentides,14,3,8.0
2022-2023,CISSS des Laurentides,14,4,14.0
2022-2023,CISSS des Laurentides,14,5,74.0
2022-2023,CISSS des Laurentides,14,6,32.0
2022-2023,CISSS des Laurentides,14,7,4.0
2022-2023,CISSS des Laurentides,14,8,0.0
2022-2023,CISSS des Laurentides,14,9,132.0
2022-2023,CISSS des Laurentides,15,1,0.0
2022-2023,CISSS des Laurentides,15,2,0.0
2022-2023,CISSS des Laurentides,15,3,122.0
2022-2023,CISSS des Laurentides,15,4,1840.0
2022-2023,CISSS des Laurentides,15,5,20032.0
2022-2023,CISSS des Laurentides,15,6,11004.0
2022-2023,CISSS des Laurentides,15,7,706.0
2022-2023,CISSS des Laurentides,15,8,284.0
2022-2023,CISSS des Laurentides,15,9,33988.0
2022-2023,CISSS des Laurentides,16,1,0.0
2022-2023,CISSS des Laurentides,16,2,0.0
2022-2023,CISSS des Laurentides,16,3,2.0
2022-2023,CISSS des Laurentides,16,4,4.0
2022-2023,CISSS des Laurentides,16,5,6.0
2022-2023,CISSS des Laurentides,16,6,2.0
2022-2023,CISSS des Laurentides,16,7,0.0
2022-2023,CISSS des Laurentides,16,8,0.0
2022-2023,CISSS des Laurentides,16,9,14.0
2022-2023,CISSS des Laurentides,17,1,0.0
2022-2023,CISSS des Laurentides,17,2,0.0
2022-2023,CISSS des Laurentides,17,3,2.0
2022-2023,CISSS des Laurentides,17,4,2.0
2022-2023,CISSS des Laurentides,17,5,6.0
2022-2023,CISSS des Laurentides,17,6,0.0
2022-2023,CISSS des Laurentides,17,7,0.0
2022-2023,CISSS des Laurentides,17,8,0.0
2022-2023,CISSS des Laurentides,17,9,10.0
2022-2023,CISSS des Laurentides,18,1,0.0
2022-2023,CISSS des Laurentides,18,2,0.0
2022-2023,CISSS des Laurentides,18,3,0.0
2022-2023,CISSS des Laurentides,18,4,2.0
2022-2023,CISSS des Laurentides,18,5,0.0
2022-2023,CISSS des Laurentides,18,6,2.0
2022-2023,CISSS des Laurentides,18,7,0.0
2022-2023,CISSS des Laurentides,18,8,0.0
2022-2023,CISSS des Laurentides,18,9,4.0
2022-2023,CISSS des Laurentides,19,1,0.0
2022-2023,CISSS des Laurentides,19,2,0.0
2022-2023,CISSS des Laurentides,19,3,0.0
2022-2023,CISSS des Laurentides,19,4,0.0
2022-2023,CISSS des Laurentides,19,5,2.0
2022-2023,CISSS des Laurentides,19,6,0.0
2022-2023,CISSS des Laurentides,19,7,0.0
2022-2023,CISSS des Laurentides,19,8,0.0
2022-2023,CISSS des Laurentides,19,9,2.0
2022-2023,CISSS des Îles,1,1,0.0
2022-2023,CISSS des Îles,1,2,0.0
2022-2023,CISSS des Îles,1,3,0.0
2022-2023,CISSS des Îles,1,4,8.0
2022-2023,CISSS des Îles,1,5,10.0
2022-2023,CISSS des Îles,1,6,26.0
2022-2023,CISSS des Îles,1,7,2.0
2022-2023,CISSS des Îles,1,8,0.0
2022-2023,CISSS des Îles,1,9,46.0
2022-2023,CISSS des Îles,2,1,0.0
2022-2023,CISSS des Îles,2,2,0.0
2022-2023,CISSS des Îles,2,3,0.0
2022-2023,CISSS des Îles,2,4,6.0
2022-2023,CISSS des Îles,2,5,6.0
2022-2023,CISSS des Îles,2,6,8.0
2022-2023,CISSS des Îles,2,7,0.0
2022-2023,CISSS des Îles,2,8,0.0
2022-2023,CISSS des Îles,2,9,20.0
2022-2023,CISSS des Îles,3,1,0.0
2022-2023,CISSS des Îles,3,2,0.0
2022-2023,CISSS des Îles,3,3,0.0
2022-2023,CISSS des Îles,3,4,2.0
2022-2023,CISSS des Îles,3,5,4.0
2022-2023,CISSS des Îles,3,6,18.0
2022-2023,CISSS des Îles,3,7,2.0
2022-2023,CISSS des Îles,3,8,0.0
2022-2023,CISSS des Îles,3,9,26.0
2022-2023,CISSS des Îles,4,1,0.0
2022-2023,CISSS des Îles,4,2,0.0
2022-2023,CISSS des Îles,4,3,0.0
2022-2023,CISSS des Îles,4,4,0.0
2022-2023,CISSS des Îles,4,5,0.0
2022-2023,CISSS des Îles,4,6,0.0
2022-2023,CISSS des Îles,4,7,0.0
2022-2023,CISSS des Îles,4,8,0.0
2022-2023,CISSS des Îles,4,9,0.0
2022-2023,CISSS des Îles,5,1,0.0
2022-2023,CISSS des Îles,5,2,0.0
2022-2023,CISSS des Îles,5,3,0.0
2022-2023,CISSS des Îles,5,4,258.0
2022-2023,CISSS des Îles,5,5,832.0
2022-2023,CISSS des Îles,5,6,2342.0
2022-2023,CISSS des Îles,5,7,90.0
2022-2023,CISSS des Îles,5,8,0.0
2022-2023,CISSS des Îles,5,9,3522.0
2022-2023,CISSS des Îles,6,1,0.0
2022-2023,CISSS des Îles,6,2,0.0
2022-2023,CISSS des Îles,6,3,0.0
2022-2023,CISSS des Îles,6,4,0.0
2022-2023,CISSS des Îles,6,5,0.0
2022-2023,CISSS des Îles,6,6,2.0
2022-2023,CISSS des Îles,6,7,0.0
2022-2023,CISSS des Îles,6,8,0.0
2022-2023,CISSS des Îles,6,9,2.0
2022-2023,CISSS des Îles,7,1,0.0
2022-2023,CISSS des Îles,7,2,0.0
2022-2023,CISSS des Îles,7,3,0.0
2022-2023,CISSS des Îles,7,4,0.0
2022-2023,CISSS des Îles,7,5,0.0
2022-2023,CISSS des Îles,7,6,2.0
2022-2023,CISSS des Îles,7,7,0.0
2022-2023,CISSS des Îles,7,8,0.0
2022-2023,CISSS des Îles,7,9,2.0
2022-2023,CISSS des Îles,8,1,0.0
2022-2023,CISSS des Îles,8,2,0.0
2022-2023,CISSS des Îles,8,3,0.0
2022-2023,CISSS des Îles,8,4,0.0
2022-2023,CISSS des Îles,8,5,0.0
2022-2023,CISSS des Îles,8,6,0.0
2022-2023,CISSS des Îles,8,7,0.0
2022-2023,CISSS des Îles,8,8,0.0
2022-2023,CISSS des Îles,8,9,0.0
2022-2023,CISSS des Îles,9,1,0.0
2022-2023,CISSS des Îles,9,2,0.0
2022-2023,CISSS des Îles,9,3,0.0
2022-2023,CISSS des Îles,9,4,0.0
2022-2023,CISSS des Îles,9,5,0.0
2022-2023,CISSS des Îles,9,6,2.0
2022-2023,CISSS des Îles,9,7,0.0
2022-2023,CISSS des Îles,9,8,0.0
2022-2023,CISSS des Îles,9,9,2.0
2022-2023,CISSS des Îles,10,1,0.0
2022-2023,CISSS des Îles,10,2,0.0
2022-2023,CISSS des Îles,10,3,0.0
2022-2023,CISSS des Îles,10,4,0.0
2022-2023,CISSS des Îles,10,5,0.0
2022-2023,CISSS des Îles,10,6,6.0
2022-2023,CISSS des Îles,10,7,0.0
2022-2023,CISSS des Îles,10,8,0.0
2022-2023,CISSS des Îles,10,9,6.0
2022-2023,CISSS des Îles,11,1,0.0
2022-2023,CISSS des Îles,11,2,0.0
2022-2023,CISSS des Îles,11,3,0.0
2022-2023,CISSS des Îles,11,4,2.0
2022-2023,CISSS des Îles,11,5,4.0
2022-2023,CISSS des Îles,11,6,22.0
2022-2023,CISSS des Îles,11,7,2.0
2022-2023,CISSS des Îles,11,8,0.0
2022-2023,CISSS des Îles,11,9,30.0
2022-2023,CISSS des Îles,12,1,0.0
2022-2023,CISSS des Îles,12,2,0.0
2022-2023,CISSS des Îles,12,3,0.0
2022-2023,CISSS des Îles,12,4,2.0
2022-2023,CISSS des Îles,12,5,2.0
2022-2023,CISSS des Îles,12,6,6.0
2022-2023,CISSS des Îles,12,7,0.0
2022-2023,CISSS des Îles,12,8,0.0
2022-2023,CISSS des Îles,12,9,10.0
2022-2023,CISSS des Îles,13,1,0.0
2022-2023,CISSS des Îles,13,2,0.0
2022-2023,CISSS des Îles,13,3,0.0
2022-2023,CISSS des Îles,13,4,0.0
2022-2023,CISSS des Îles,13,5,2.0
2022-2023,CISSS des Îles,13,6,16.0
2022-2023,CISSS des Îles,13,7,2.0
2022-2023,CISSS des Îles,13,8,0.0
2022-2023,CISSS des Îles,13,9,20.0
2022-2023,CISSS des Îles,14,1,0.0
2022-2023,CISSS des Îles,14,2,0.0
2022-2023,CISSS des Îles,14,3,0.0
2022-2023,CISSS des Îles,14,4,0.0
2022-2023,CISSS des Îles,14,5,0.0
2022-2023,CISSS des Îles,14,6,2.0
2022-2023,CISSS des Îles,14,7,0.0
2022-2023,CISSS des Îles,14,8,0.0
2022-2023,CISSS des Îles,14,9,2.0
2022-2023,CISSS des Îles,15,1,0.0
2022-2023,CISSS des Îles,15,2,0.0
2022-2023,CISSS des Îles,15,3,0.0
2022-2023,CISSS des Îles,15,4,46.0
2022-2023,CISSS des Îles,15,5,138.0
2022-2023,CISSS des Îles,15,6,770.0
2022-2023,CISSS des Îles,15,7,74.0
2022-2023,CISSS des Îles,15,8,0.0
2022-2023,CISSS des Îles,15,9,1028.0
2022-2023,CISSS des Îles,16,1,0.0
2022-2023,CISSS des Îles,16,2,0.0
2022-2023,CISSS des Îles,16,3,2.0
2022-2023,CISSS des Îles,16,4,4.0
2022-2023,CISSS des Îles,16,5,8.0
2022-2023,CISSS des Îles,16,6,4.0
2022-2023,CISSS des Îles,16,7,0.0
2022-2023,CISSS des Îles,16,8,0.0
2022-2023,CISSS des Îles,16,9,18.0
2022-2023,CISSS des Îles,17,1,0.0
2022-2023,CISSS des Îles,17,2,0.0
2022-2023,CISSS des Îles,17,3,0.0
2022-2023,CISSS des Îles,17,4,4.0
2022-2023,CISSS des Îles,17,5,6.0
2022-2023,CISSS des Îles,17,6,4.0
2022-2023,CISSS des Îles,17,7,0.0
2022-2023,CISSS des Îles,17,8,0.0
2022-2023,CISSS des Îles,17,9,14.0
2022-2023,CISSS des Îles,18,1,0.0
2022-2023,CISSS des Îles,18,2,0.0
2022-2023,CISSS des Îles,18,3,2.0
2022-2023,CISSS des Îles,18,4,0.0
2022-2023,CISSS des Îles,18,5,2.0
2022-2023,CISSS des Îles,18,6,0.0
2022-2023,CISSS des Îles,18,7,0.0
2022-2023,CISSS des Îles,18,8,0.0
2022-2023,CISSS des Îles,18,9,4.0
2022-2023,CISSS des Îles,19,1,0.0
2022-2023,CISSS des Îles,19,2,0.0
2022-2023,CISSS des Îles,19,3,2.0
2022-2023,CISSS des Îles,19,4,0.0
2022-2023,CISSS des Îles,19,5,4.0
2022-2023,CISSS des Îles,19,6,0.0
2022-2023,CISSS des Îles,19,7,0.0
2022-2023,CISSS des Îles,19,8,0.0
2022-2023,CISSS des Îles,19,9,6.0
2022-2023,CISSS du Bas-Saint-Laurent,1,4,4.0
2022-2023,CISSS du Bas-Saint-Laurent,1,5,32.0
2022-2023,CISSS du Bas-Saint-Laurent,1,6,32.0
2022-2023,CISSS du Bas-Saint-Laurent,1,9,68.0
2022-2023,CISSS du Bas-Saint-Laurent,2,4,4.0
2022-2023,CISSS du Bas-Saint-Laurent,2,5,24.0
2022-2023,CISSS du Bas-Saint-Laurent,2,6,28.0
2022-2023,CISSS du Bas-Saint-Laurent,2,9,56.0
2022-2023,CISSS du Bas-Saint-Laurent,3,5,8.0
2022-2023,CISSS du Bas-Saint-Laurent,3,6,4.0
2022-2023,CISSS du Bas-Saint-Laurent,3,9,12.0
2022-2023,CISSS du Bas-Saint-Laurent,4,5,4.0
2022-2023,CISSS du Bas-Saint-Laurent,4,6,2.0
2022-2023,CISSS du Bas-Saint-Laurent,4,9,6.0
2022-2023,CISSS du Bas-Saint-Laurent,5,4,148.0
2022-2023,CISSS du Bas-Saint-Laurent,5,5,4314.0
2022-2023,CISSS du Bas-Saint-Laurent,5,6,3876.0
2022-2023,CISSS du Bas-Saint-Laurent,5,9,8338.0
2022-2023,CISSS du Bas-Saint-Laurent,6,4,22.0
2022-2023,CISSS du Bas-Saint-Laurent,6,5,100.0
2022-2023,CISSS du Bas-Saint-Laurent,6,6,60.0
2022-2023,CISSS du Bas-Saint-Laurent,6,7,6.0
2022-2023,CISSS du Bas-Saint-Laurent,6,9,188.0
2022-2023,CISSS du Bas-Saint-Laurent,7,4,14.0
2022-2023,CISSS du Bas-Saint-Laurent,7,5,52.0
2022-2023,CISSS du Bas-Saint-Laurent,7,6,40.0
2022-2023,CISSS du Bas-Saint-Laurent,7,7,2.0
2022-2023,CISSS du Bas-Saint-Laurent,7,9,108.0
2022-2023,CISSS du Bas-Saint-Laurent,8,4,8.0
2022-2023,CISSS du Bas-Saint-Laurent,8,5,48.0
2022-2023,CISSS du Bas-Saint-Laurent,8,6,20.0
2022-2023,CISSS du Bas-Saint-Laurent,8,7,4.0
2022-2023,CISSS du Bas-Saint-Laurent,8,9,80.0
2022-2023,CISSS du Bas-Saint-Laurent,9,4,6.0
2022-2023,CISSS du Bas-Saint-Laurent,9,5,16.0
2022-2023,CISSS du Bas-Saint-Laurent,9,6,8.0
2022-2023,CISSS du Bas-Saint-Laurent,9,7,2.0
2022-2023,CISSS du Bas-Saint-Laurent,9,9,32.0
2022-2023,CISSS du Bas-Saint-Laurent,10,4,1674.0
2022-2023,CISSS du Bas-Saint-Laurent,10,5,15394.0
2022-2023,CISSS du Bas-Saint-Laurent,10,6,8984.0
2022-2023,CISSS du Bas-Saint-Laurent,10,7,222.0
2022-2023,CISSS du Bas-Saint-Laurent,10,9,26274.0
2022-2023,CISSS du Bas-Saint-Laurent,11,3,8.0
2022-2023,CISSS du Bas-Saint-Laurent,11,4,26.0
2022-2023,CISSS du Bas-Saint-Laurent,11,5,188.0
2022-2023,CISSS du Bas-Saint-Laurent,11,6,106.0
2022-2023,CISSS du Bas-Saint-Laurent,11,7,30.0
2022-2023,CISSS du Bas-Saint-Laurent,11,8,4.0
2022-2023,CISSS du Bas-Saint-Laurent,11,9,362.0
2022-2023,CISSS du Bas-Saint-Laurent,12,3,8.0
2022-2023,CISSS du Bas-Saint-Laurent,12,4,16.0
2022-2023,CISSS du Bas-Saint-Laurent,12,5,110.0
2022-2023,CISSS du Bas-Saint-Laurent,12,6,56.0
2022-2023,CISSS du Bas-Saint-Laurent,12,7,12.0
2022-2023,CISSS du Bas-Saint-Laurent,12,8,2.0
2022-2023,CISSS du Bas-Saint-Laurent,12,9,204.0
2022-2023,CISSS du Bas-Saint-Laurent,13,4,10.0
2022-2023,CISSS du Bas-Saint-Laurent,13,5,78.0
2022-2023,CISSS du Bas-Saint-Laurent,13,6,50.0
2022-2023,CISSS du Bas-Saint-Laurent,13,7,18.0
2022-2023,CISSS du Bas-Saint-Laurent,13,8,2.0
2022-2023,CISSS du Bas-Saint-Laurent,13,9,158.0
2022-2023,CISSS du Bas-Saint-Laurent,14,3,6.0
2022-2023,CISSS du Bas-Saint-Laurent,14,4,2.0
2022-2023,CISSS du Bas-Saint-Laurent,14,5,22.0
2022-2023,CISSS du Bas-Saint-Laurent,14,6,8.0
2022-2023,CISSS du Bas-Saint-Laurent,14,9,38.0
2022-2023,CISSS du Bas-Saint-Laurent,15,3,350.0
2022-2023,CISSS du Bas-Saint-Laurent,15,4,2130.0
2022-2023,CISSS du Bas-Saint-Laurent,15,5,25986.0
2022-2023,CISSS du Bas-Saint-Laurent,15,6,11612.0
2022-2023,CISSS du Bas-Saint-Laurent,15,7,3046.0
2022-2023,CISSS du Bas-Saint-Laurent,15,8,428.0
2022-2023,CISSS du Bas-Saint-Laurent,15,9,43552.0
2022-2023,CIUSSS de l'Estrie  CHUS,1,4,6.0
2022-2023,CIUSSS de l'Estrie  CHUS,1,5,78.0
2022-2023,CIUSSS de l'Estrie  CHUS,1,6,42.0
2022-2023,CIUSSS de l'Estrie  CHUS,1,7,6.0
2022-2023,CIUSSS de l'Estrie  CHUS,1,9,132.0
2022-2023,CIUSSS de l'Estrie  CHUS,2,4,6.0
2022-2023,CIUSSS de l'Estrie  CHUS,2,5,54.0
2022-2023,CIUSSS de l'Estrie  CHUS,2,6,26.0
2022-2023,CIUSSS de l'Estrie  CHUS,2,7,2.0
2022-2023,CIUSSS de l'Estrie  CHUS,2,9,88.0
2022-2023,CIUSSS de l'Estrie  CHUS,3,5,24.0
2022-2023,CIUSSS de l'Estrie  CHUS,3,6,16.0
2022-2023,CIUSSS de l'Estrie  CHUS,3,7,4.0
2022-2023,CIUSSS de l'Estrie  CHUS,3,9,44.0
2022-2023,CIUSSS de l'Estrie  CHUS,4,4,2.0
2022-2023,CIUSSS de l'Estrie  CHUS,4,5,14.0
2022-2023,CIUSSS de l'Estrie  CHUS,4,6,6.0
2022-2023,CIUSSS de l'Estrie  CHUS,4,7,4.0
2022-2023,CIUSSS de l'Estrie  CHUS,4,9,26.0
2022-2023,CIUSSS de l'Estrie  CHUS,5,4,152.0
2022-2023,CIUSSS de l'Estrie  CHUS,5,5,10014.0
2022-2023,CIUSSS de l'Estrie  CHUS,5,6,6154.0
2022-2023,CIUSSS de l'Estrie  CHUS,5,7,440.0
2022-2023,CIUSSS de l'Estrie  CHUS,5,9,16760.0
2022-2023,CIUSSS de l'Estrie  CHUS,6,1,0.0
2022-2023,CIUSSS de l'Estrie  CHUS,6,2,0.0
2022-2023,CIUSSS de l'Estrie  CHUS,6,3,0.0
2022-2023,CIUSSS de l'Estrie  CHUS,6,4,8.0
2022-2023,CIUSSS de l'Estrie  CHUS,6,5,146.0
2022-2023,CIUSSS de l'Estrie  CHUS,6,6,84.0
2022-2023,CIUSSS de l'Estrie  CHUS,6,9,238.0
2022-2023,CIUSSS de l'Estrie  CHUS,7,4,6.0
2022-2023,CIUSSS de l'Estrie  CHUS,7,5,92.0
2022-2023,CIUSSS de l'Estrie  CHUS,7,6,62.0
2022-2023,CIUSSS de l'Estrie  CHUS,7,9,160.0
2022-2023,CIUSSS de l'Estrie  CHUS,8,4,2.0
2022-2023,CIUSSS de l'Estrie  CHUS,8,5,54.0
2022-2023,CIUSSS de l'Estrie  CHUS,8,6,22.0
2022-2023,CIUSSS de l'Estrie  CHUS,8,9,78.0
2022-2023,CIUSSS de l'Estrie  CHUS,9,5,24.0
2022-2023,CIUSSS de l'Estrie  CHUS,9,6,12.0
2022-2023,CIUSSS de l'Estrie  CHUS,9,9,36.0
2022-2023,CIUSSS de l'Estrie  CHUS,10,4,12.0
2022-2023,CIUSSS de l'Estrie  CHUS,10,5,23764.0
2022-2023,CIUSSS de l'Estrie  CHUS,10,6,23352.0
2022-2023,CIUSSS de l'Estrie  CHUS,10,7,272.0
2022-2023,CIUSSS de l'Estrie  CHUS,10,9,47400.0
2022-2023,CIUSSS de l'Estrie  CHUS,11,4,16.0
2022-2023,CIUSSS de l'Estrie  CHUS,11,5,214.0
2022-2023,CIUSSS de l'Estrie  CHUS,11,6,138.0
2022-2023,CIUSSS de l'Estrie  CHUS,11,7,12.0
2022-2023,CIUSSS de l'Estrie  CHUS,11,9,380.0
2022-2023,CIUSSS de l'Estrie  CHUS,12,4,10.0
2022-2023,CIUSSS de l'Estrie  CHUS,12,5,110.0
2022-2023,CIUSSS de l'Estrie  CHUS,12,6,86.0
2022-2023,CIUSSS de l'Estrie  CHUS,12,7,6.0
2022-2023,CIUSSS de l'Estrie  CHUS,12,9,212.0
2022-2023,CIUSSS de l'Estrie  CHUS,13,4,6.0
2022-2023,CIUSSS de l'Estrie  CHUS,13,5,104.0
2022-2023,CIUSSS de l'Estrie  CHUS,13,6,52.0
2022-2023,CIUSSS de l'Estrie  CHUS,13,7,6.0
2022-2023,CIUSSS de l'Estrie  CHUS,13,9,168.0
2022-2023,CIUSSS de l'Estrie  CHUS,14,4,4.0
2022-2023,CIUSSS de l'Estrie  CHUS,14,5,18.0
2022-2023,CIUSSS de l'Estrie  CHUS,14,6,20.0
2022-2023,CIUSSS de l'Estrie  CHUS,14,9,42.0
2022-2023,CIUSSS de l'Estrie  CHUS,15,4,1770.0
2022-2023,CIUSSS de l'Estrie  CHUS,15,5,28302.0
2022-2023,CIUSSS de l'Estrie  CHUS,15,6,16498.0
2022-2023,CIUSSS de l'Estrie  CHUS,15,7,1810.0
2022-2023,CIUSSS de l'Estrie  CHUS,15,9,48380.0
2022-2023,CIUSSS de l'Estrie  CHUS,16,1,0.0
2022-2023,CIUSSS de l'Estrie  CHUS,16,9,0.0
2022-2023,CIUSSS de l'Estrie  CHUS,17,1,0.0
2022-2023,CIUSSS de l'Estrie  CHUS,17,9,0.0
2022-2023,CIUSSS de l'Estrie  CHUS,18,1,0.0
2022-2023,CIUSSS de l'Estrie  CHUS,18,9,0.0
2022-2023,CIUSSS de l'Estrie  CHUS,19,1,0.0
2022-2023,CIUSSS de l'Estrie  CHUS,19,9,0.0
2022-2023,CIUSSS de l'Ouest-de-l'Île-de-Montréal,1,1,0.0
2022-2023,CIUSSS de l'Ouest-de-l'Île-de-Montréal,1,2,0.0
2022-2023,CIUSSS de l'Ouest-de-l'Île-de-Montréal,1,3,0.0
2022-2023,CIUSSS de l'Ouest-de-l'Île-de-Montréal,1,4,2.0
2022-2023,CIUSSS de l'Ouest-de-l'Île-de-Montréal,1,5,96.0
2022-2023,CIUSSS de l'Ouest-de-l'Île-de-Montréal,1,6,16.0
2022-2023,CIUSSS de l'Ouest-de-l'Île-de-Montréal,1,7,2.0
2022-2023,CIUSSS de l'Ouest-de-l'Île-de-Montréal,1,8,0.0
2022-2023,CIUSSS de l'Ouest-de-l'Île-de-Montréal,1,9,116.0
2022-2023,CIUSSS de l'Ouest-de-l'Île-de-Montréal,2,1,0.0
2022-2023,CIUSSS de l'Ouest-de-l'Île-de-Montréal,2,2,0.0
2022-2023,CIUSSS de l'Ouest-de-l'Île-de-Montréal,2,3,0.0
2022-2023,CIUSSS de l'Ouest-de-l'Île-de-Montréal,2,4,2.0
2022-2023,CIUSSS de l'Ouest-de-l'Île-de-Montréal,2,5,68.0
2022-2023,CIUSSS de l'Ouest-de-l'Île-de-Montréal,2,6,14.0
2022-2023,CIUSSS de l'Ouest-de-l'Île-de-Montréal,2,7,2.0
2022-2023,CIUSSS de l'Ouest-de-l'Île-de-Montréal,2,8,0.0
2022-2023,CIUSSS de l'Ouest-de-l'Île-de-Montréal,2,9,86.0
2022-2023,CIUSSS de l'Ouest-de-l'Île-de-Montréal,3,1,0.0
2022-2023,CIUSSS de l'Ouest-de-l'Île-de-Montréal,3,2,0.0
2022-2023,CIUSSS de l'Ouest-de-l'Île-de-Montréal,3,3,0.0
2022-2023,CIUSSS de l'Ouest-de-l'Île-de-Montréal,3,4,0.0
2022-2023,CIUSSS de l'Ouest-de-l'Île-de-Montréal,3,5,28.0
2022-2023,CIUSSS de l'Ouest-de-l'Île-de-Montréal,3,6,2.0
2022-2023,CIUSSS de l'Ouest-de-l'Île-de-Montréal,3,7,0.0
2022-2023,CIUSSS de l'Ouest-de-l'Île-de-Montréal,3,8,0.0
2022-2023,CIUSSS de l'Ouest-de-l'Île-de-Montréal,3,9,30.0
2022-2023,CIUSSS de l'Ouest-de-l'Île-de-Montréal,4,1,0.0
2022-2023,CIUSSS de l'Ouest-de-l'Île-de-Montréal,4,2,0.0
2022-2023,CIUSSS de l'Ouest-de-l'Île-de-Montréal,4,3,0.0
2022-2023,CIUSSS de l'Ouest-de-l'Île-de-Montréal,4,4,0.0
2022-2023,CIUSSS de l'Ouest-de-l'Île-de-Montréal,4,5,14.0
2022-2023,CIUSSS de l'Ouest-de-l'Île-de-Montréal,4,6,8.0
2022-2023,CIUSSS de l'Ouest-de-l'Île-de-Montréal,4,7,0.0
2022-2023,CIUSSS de l'Ouest-de-l'Île-de-Montréal,4,8,0.0
2022-2023,CIUSSS de l'Ouest-de-l'Île-de-Montréal,4,9,22.0
2022-2023,CIUSSS de l'Ouest-de-l'Île-de-Montréal,5,1,0.0
2022-2023,CIUSSS de l'Ouest-de-l'Île-de-Montréal,5,2,0.0
2022-2023,CIUSSS de l'Ouest-de-l'Île-de-Montréal,5,3,0.0
2022-2023,CIUSSS de l'Ouest-de-l'Île-de-Montréal,5,4,520.0
2022-2023,CIUSSS de l'Ouest-de-l'Île-de-Montréal,5,5,16546.0
2022-2023,CIUSSS de l'Ouest-de-l'Île-de-Montréal,5,6,2894.0
2022-2023,CIUSSS de l'Ouest-de-l'Île-de-Montréal,5,7,144.0
2022-2023,CIUSSS de l'Ouest-de-l'Île-de-Montréal,5,8,0.0
2022-2023,CIUSSS de l'Ouest-de-l'Île-de-Montréal,5,9,20104.0
2022-2023,CIUSSS de l'Ouest-de-l'Île-de-Montréal,6,1,0.0
2022-2023,CIUSSS de l'Ouest-de-l'Île-de-Montréal,6,2,0.0
2022-2023,CIUSSS de l'Ouest-de-l'Île-de-Montréal,6,3,0.0
2022-2023,CIUSSS de l'Ouest-de-l'Île-de-Montréal,6,4,10.0
2022-2023,CIUSSS de l'Ouest-de-l'Île-de-Montréal,6,5,184.0
2022-2023,CIUSSS de l'Ouest-de-l'Île-de-Montréal,6,6,114.0
2022-2023,CIUSSS de l'Ouest-de-l'Île-de-Montréal,6,7,4.0
2022-2023,CIUSSS de l'Ouest-de-l'Île-de-Montréal,6,8,2.0
2022-2023,CIUSSS de l'Ouest-de-l'Île-de-Montréal,6,9,314.0
2022-2023,CIUSSS de l'Ouest-de-l'Île-de-Montréal,7,1,0.0
2022-2023,CIUSSS de l'Ouest-de-l'Île-de-Montréal,7,2,0.0
2022-2023,CIUSSS de l'Ouest-de-l'Île-de-Montréal,7,3,0.0
2022-2023,CIUSSS de l'Ouest-de-l'Île-de-Montréal,7,4,10.0
2022-2023,CIUSSS de l'Ouest-de-l'Île-de-Montréal,7,5,94.0
2022-2023,CIUSSS de l'Ouest-de-l'Île-de-Montréal,7,6,72.0
2022-2023,CIUSSS de l'Ouest-de-l'Île-de-Montréal,7,7,4.0
2022-2023,CIUSSS de l'Ouest-de-l'Île-de-Montréal,7,8,2.0
2022-2023,CIUSSS de l'Ouest-de-l'Île-de-Montréal,7,9,182.0
2022-2023,CIUSSS de l'Ouest-de-l'Île-de-Montréal,8,1,0.0
2022-2023,CIUSSS de l'Ouest-de-l'Île-de-Montréal,8,2,0.0
2022-2023,CIUSSS de l'Ouest-de-l'Île-de-Montréal,8,3,0.0
2022-2023,CIUSSS de l'Ouest-de-l'Île-de-Montréal,8,4,0.0
2022-2023,CIUSSS de l'Ouest-de-l'Île-de-Montréal,8,5,90.0
2022-2023,CIUSSS de l'Ouest-de-l'Île-de-Montréal,8,6,42.0
2022-2023,CIUSSS de l'Ouest-de-l'Île-de-Montréal,8,7,0.0
2022-2023,CIUSSS de l'Ouest-de-l'Île-de-Montréal,8,8,0.0
2022-2023,CIUSSS de l'Ouest-de-l'Île-de-Montréal,8,9,132.0
2022-2023,CIUSSS de l'Ouest-de-l'Île-de-Montréal,9,1,0.0
2022-2023,CIUSSS de l'Ouest-de-l'Île-de-Montréal,9,2,0.0
2022-2023,CIUSSS de l'Ouest-de-l'Île-de-Montréal,9,3,0.0
2022-2023,CIUSSS de l'Ouest-de-l'Île-de-Montréal,9,4,8.0
2022-2023,CIUSSS de l'Ouest-de-l'Île-de-Montréal,9,5,86.0
2022-2023,CIUSSS de l'Ouest-de-l'Île-de-Montréal,9,6,32.0
2022-2023,CIUSSS de l'Ouest-de-l'Île-de-Montréal,9,7,2.0
2022-2023,CIUSSS de l'Ouest-de-l'Île-de-Montréal,9,8,2.0
2022-2023,CIUSSS de l'Ouest-de-l'Île-de-Montréal,9,9,130.0
2022-2023,CIUSSS de l'Ouest-de-l'Île-de-Montréal,10,1,0.0
2022-2023,CIUSSS de l'Ouest-de-l'Île-de-Montréal,10,2,0.0
2022-2023,CIUSSS de l'Ouest-de-l'Île-de-Montréal,10,3,0.0
2022-2023,CIUSSS de l'Ouest-de-l'Île-de-Montréal,10,4,594.0
2022-2023,CIUSSS de l'Ouest-de-l'Île-de-Montréal,10,5,24662.0
2022-2023,CIUSSS de l'Ouest-de-l'Île-de-Montréal,10,6,21288.0
2022-2023,CIUSSS de l'Ouest-de-l'Île-de-Montréal,10,7,1088.0
2022-2023,CIUSSS de l'Ouest-de-l'Île-de-Montréal,10,8,0.0
2022-2023,CIUSSS de l'Ouest-de-l'Île-de-Montréal,10,9,47632.0
2022-2023,CIUSSS de l'Ouest-de-l'Île-de-Montréal,11,1,0.0
2022-2023,CIUSSS de l'Ouest-de-l'Île-de-Montréal,11,2,0.0
2022-2023,CIUSSS de l'Ouest-de-l'Île-de-Montréal,11,3,0.0
2022-2023,CIUSSS de l'Ouest-de-l'Île-de-Montréal,11,4,2.0
2022-2023,CIUSSS de l'Ouest-de-l'Île-de-Montréal,11,5,392.0
2022-2023,CIUSSS de l'Ouest-de-l'Île-de-Montréal,11,6,182.0
2022-2023,CIUSSS de l'Ouest-de-l'Île-de-Montréal,11,7,6.0
2022-2023,CIUSSS de l'Ouest-de-l'Île-de-Montréal,11,8,0.0
2022-2023,CIUSSS de l'Ouest-de-l'Île-de-Montréal,11,9,582.0
2022-2023,CIUSSS de l'Ouest-de-l'Île-de-Montréal,12,1,0.0
2022-2023,CIUSSS de l'Ouest-de-l'Île-de-Montréal,12,2,0.0
2022-2023,CIUSSS de l'Ouest-de-l'Île-de-Montréal,12,3,0.0
2022-2023,CIUSSS de l'Ouest-de-l'Île-de-Montréal,12,4,2.0
2022-2023,CIUSSS de l'Ouest-de-l'Île-de-Montréal,12,5,248.0
2022-2023,CIUSSS de l'Ouest-de-l'Île-de-Montréal,12,6,116.0
2022-2023,CIUSSS de l'Ouest-de-l'Île-de-Montréal,12,7,4.0
2022-2023,CIUSSS de l'Ouest-de-l'Île-de-Montréal,12,8,0.0
2022-2023,CIUSSS de l'Ouest-de-l'Île-de-Montréal,12,9,370.0
2022-2023,CIUSSS de l'Ouest-de-l'Île-de-Montréal,13,1,0.0
2022-2023,CIUSSS de l'Ouest-de-l'Île-de-Montréal,13,2,0.0
2022-2023,CIUSSS de l'Ouest-de-l'Île-de-Montréal,13,3,0.0
2022-2023,CIUSSS de l'Ouest-de-l'Île-de-Montréal,13,4,0.0
2022-2023,CIUSSS de l'Ouest-de-l'Île-de-Montréal,13,5,144.0
2022-2023,CIUSSS de l'Ouest-de-l'Île-de-Montréal,13,6,66.0
2022-2023,CIUSSS de l'Ouest-de-l'Île-de-Montréal,13,7,2.0
2022-2023,CIUSSS de l'Ouest-de-l'Île-de-Montréal,13,8,0.0
2022-2023,CIUSSS de l'Ouest-de-l'Île-de-Montréal,13,9,212.0
2022-2023,CIUSSS de l'Ouest-de-l'Île-de-Montréal,14,1,0.0
2022-2023,CIUSSS de l'Ouest-de-l'Île-de-Montréal,14,2,0.0
2022-2023,CIUSSS de l'Ouest-de-l'Île-de-Montréal,14,3,0.0
2022-2023,CIUSSS de l'Ouest-de-l'Île-de-Montréal,14,4,0.0
2022-2023,CIUSSS de l'Ouest-de-l'Île-de-Montréal,14,5,32.0
2022-2023,CIUSSS de l'Ouest-de-l'Île-de-Montréal,14,6,20.0
2022-2023,CIUSSS de l'Ouest-de-l'Île-de-Montréal,14,7,2.0
2022-2023,CIUSSS de l'Ouest-de-l'Île-de-Montréal,14,8,0.0
2022-2023,CIUSSS de l'Ouest-de-l'Île-de-Montréal,14,9,54.0
2022-2023,CIUSSS de l'Ouest-de-l'Île-de-Montréal,15,1,0.0
2022-2023,CIUSSS de l'Ouest-de-l'Île-de-Montréal,15,2,0.0
2022-2023,CIUSSS de l'Ouest-de-l'Île-de-Montréal,15,3,0.0
2022-2023,CIUSSS de l'Ouest-de-l'Île-de-Montréal,15,4,832.0
2022-2023,CIUSSS de l'Ouest-de-l'Île-de-Montréal,15,5,88210.0
2022-2023,CIUSSS de l'Ouest-de-l'Île-de-Montréal,15,6,42710.0
2022-2023,CIUSSS de l'Ouest-de-l'Île-de-Montréal,15,7,846.0
2022-2023,CIUSSS de l'Ouest-de-l'Île-de-Montréal,15,8,0.0
2022-2023,CIUSSS de l'Ouest-de-l'Île-de-Montréal,15,9,132598.0
2022-2023,CIUSSS de l'Ouest-de-l'Île-de-Montréal,16,1,0.0
2022-2023,CIUSSS de l'Ouest-de-l'Île-de-Montréal,16,2,0.0
2022-2023,CIUSSS de l'Ouest-de-l'Île-de-Montréal,16,3,0.0
2022-2023,CIUSSS de l'Ouest-de-l'Île-de-Montréal,16,4,10.0
2022-2023,CIUSSS de l'Ouest-de-l'Île-de-Montréal,16,5,68.0
2022-2023,CIUSSS de l'Ouest-de-l'Île-de-Montréal,16,6,30.0
2022-2023,CIUSSS de l'Ouest-de-l'Île-de-Montréal,16,7,0.0
2022-2023,CIUSSS de l'Ouest-de-l'Île-de-Montréal,16,8,0.0
2022-2023,CIUSSS de l'Ouest-de-l'Île-de-Montréal,16,9,108.0
2022-2023,CIUSSS de l'Ouest-de-l'Île-de-Montréal,17,1,0.0
2022-2023,CIUSSS de l'Ouest-de-l'Île-de-Montréal,17,2,0.0
2022-2023,CIUSSS de l'Ouest-de-l'Île-de-Montréal,17,3,0.0
2022-2023,CIUSSS de l'Ouest-de-l'Île-de-Montréal,17,4,6.0
2022-2023,CIUSSS de l'Ouest-de-l'Île-de-Montréal,17,5,46.0
2022-2023,CIUSSS de l'Ouest-de-l'Île-de-Montréal,17,6,24.0
2022-2023,CIUSSS de l'Ouest-de-l'Île-de-Montréal,17,7,0.0
2022-2023,CIUSSS de l'Ouest-de-l'Île-de-Montréal,17,8,0.0
2022-2023,CIUSSS de l'Ouest-de-l'Île-de-Montréal,17,9,76.0
2022-2023,CIUSSS de l'Ouest-de-l'Île-de-Montréal,18,1,0.0
2022-2023,CIUSSS de l'Ouest-de-l'Île-de-Montréal,18,2,0.0
2022-2023,CIUSSS de l'Ouest-de-l'Île-de-Montréal,18,3,0.0
2022-2023,CIUSSS de l'Ouest-de-l'Île-de-Montréal,18,4,4.0
2022-2023,CIUSSS de l'Ouest-de-l'Île-de-Montréal,18,5,22.0
2022-2023,CIUSSS de l'Ouest-de-l'Île-de-Montréal,18,6,6.0
2022-2023,CIUSSS de l'Ouest-de-l'Île-de-Montréal,18,7,0.0
2022-2023,CIUSSS de l'Ouest-de-l'Île-de-Montréal,18,8,0.0
2022-2023,CIUSSS de l'Ouest-de-l'Île-de-Montréal,18,9,32.0
2022-2023,CIUSSS de l'Ouest-de-l'Île-de-Montréal,19,1,0.0
2022-2023,CIUSSS de l'Ouest-de-l'Île-de-Montréal,19,2,0.0
2022-2023,CIUSSS de l'Ouest-de-l'Île-de-Montréal,19,3,0.0
2022-2023,CIUSSS de l'Ouest-de-l'Île-de-Montréal,19,4,0.0
2022-2023,CIUSSS de l'Ouest-de-l'Île-de-Montréal,19,5,16.0
2022-2023,CIUSSS de l'Ouest-de-l'Île-de-Montréal,19,6,12.0
2022-2023,CIUSSS de l'Ouest-de-l'Île-de-Montréal,19,7,0.0
2022-2023,CIUSSS de l'Ouest-de-l'Île-de-Montréal,19,8,0.0
2022-2023,CIUSSS de l'Ouest-de-l'Île-de-Montréal,19,9,28.0
2022-2023,CIUSSS de la Capitale-Nationale,1,4,8.0
2022-2023,CIUSSS de la Capitale-Nationale,1,5,140.0
2022-2023,CIUSSS de la Capitale-Nationale,1,6,86.0
2022-2023,CIUSSS de la Capitale-Nationale,1,7,2.0
2022-2023,CIUSSS de la Capitale-Nationale,1,9,236.0
2022-2023,CIUSSS de la Capitale-Nationale,2,4,8.0
2022-2023,CIUSSS de la Capitale-Nationale,2,5,80.0
2022-2023,CIUSSS de la Capitale-Nationale,2,6,56.0
2022-2023,CIUSSS de la Capitale-Nationale,2,7,2.0
2022-2023,CIUSSS de la Capitale-Nationale,2,9,146.0
2022-2023,CIUSSS de la Capitale-Nationale,3,5,60.0
2022-2023,CIUSSS de la Capitale-Nationale,3,6,30.0
2022-2023,CIUSSS de la Capitale-Nationale,3,9,90.0
2022-2023,CIUSSS de la Capitale-Nationale,4,4,2.0
2022-2023,CIUSSS de la Capitale-Nationale,4,5,10.0
2022-2023,CIUSSS de la Capitale-Nationale,4,6,10.0
2022-2023,CIUSSS de la Capitale-Nationale,4,7,2.0
2022-2023,CIUSSS de la Capitale-Nationale,4,9,24.0
2022-2023,CIUSSS de la Capitale-Nationale,5,4,460.0
2022-2023,CIUSSS de la Capitale-Nationale,5,5,15222.0
2022-2023,CIUSSS de la Capitale-Nationale,5,6,6486.0
2022-2023,CIUSSS de la Capitale-Nationale,5,7,52.0
2022-2023,CIUSSS de la Capitale-Nationale,5,9,22220.0
2022-2023,CIUSSS de la Capitale-Nationale,6,4,2.0
2022-2023,CIUSSS de la Capitale-Nationale,6,5,178.0
2022-2023,CIUSSS de la Capitale-Nationale,6,6,46.0
2022-2023,CIUSSS de la Capitale-Nationale,6,7,4.0
2022-2023,CIUSSS de la Capitale-Nationale,6,9,230.0
2022-2023,CIUSSS de la Capitale-Nationale,7,5,122.0
2022-2023,CIUSSS de la Capitale-Nationale,7,6,26.0
2022-2023,CIUSSS de la Capitale-Nationale,7,7,2.0
2022-2023,CIUSSS de la Capitale-Nationale,7,9,150.0
2022-2023,CIUSSS de la Capitale-Nationale,8,4,2.0
2022-2023,CIUSSS de la Capitale-Nationale,8,5,56.0
2022-2023,CIUSSS de la Capitale-Nationale,8,6,20.0
2022-2023,CIUSSS de la Capitale-Nationale,8,7,2.0
2022-2023,CIUSSS de la Capitale-Nationale,8,9,80.0
2022-2023,CIUSSS de la Capitale-Nationale,9,5,16.0
2022-2023,CIUSSS de la Capitale-Nationale,9,6,2.0
2022-2023,CIUSSS de la Capitale-Nationale,9,7,2.0
2022-2023,CIUSSS de la Capitale-Nationale,9,9,20.0
2022-2023,CIUSSS de la Capitale-Nationale,10,4,264.0
2022-2023,CIUSSS de la Capitale-Nationale,10,5,28244.0
2022-2023,CIUSSS de la Capitale-Nationale,10,6,9884.0
2022-2023,CIUSSS de la Capitale-Nationale,10,9,38392.0
2022-2023,CIUSSS de la Capitale-Nationale,11,4,10.0
2022-2023,CIUSSS de la Capitale-Nationale,11,5,366.0
2022-2023,CIUSSS de la Capitale-Nationale,11,6,180.0
2022-2023,CIUSSS de la Capitale-Nationale,11,7,8.0
2022-2023,CIUSSS de la Capitale-Nationale,11,9,564.0
2022-2023,CIUSSS de la Capitale-Nationale,12,4,8.0
2022-2023,CIUSSS de la Capitale-Nationale,12,5,204.0
2022-2023,CIUSSS de la Capitale-Nationale,12,6,122.0
2022-2023,CIUSSS de la Capitale-Nationale,12,7,8.0
2022-2023,CIUSSS de la Capitale-Nationale,12,9,342.0
2022-2023,CIUSSS de la Capitale-Nationale,13,4,2.0
2022-2023,CIUSSS de la Capitale-Nationale,13,5,162.0
2022-2023,CIUSSS de la Capitale-Nationale,13,6,58.0
2022-2023,CIUSSS de la Capitale-Nationale,13,9,222.0
2022-2023,CIUSSS de la Capitale-Nationale,14,5,28.0
2022-2023,CIUSSS de la Capitale-Nationale,14,6,24.0
2022-2023,CIUSSS de la Capitale-Nationale,14,9,52.0
2022-2023,CIUSSS de la Capitale-Nationale,15,4,1264.0
2022-2023,CIUSSS de la Capitale-Nationale,15,5,42630.0
2022-2023,CIUSSS de la Capitale-Nationale,15,6,16880.0
2022-2023,CIUSSS de la Capitale-Nationale,15,7,440.0
2022-2023,CIUSSS de la Capitale-Nationale,15,9,61214.0
2022-2023,CIUSSS de la Capitale-Nationale,16,4,2.0
2022-2023,CIUSSS de la Capitale-Nationale,16,5,12.0
2022-2023,CIUSSS de la Capitale-Nationale,16,9,14.0
2022-2023,CIUSSS de la Capitale-Nationale,17,5,10.0
2022-2023,CIUSSS de la Capitale-Nationale,17,9,10.0
2022-2023,CIUSSS de la Capitale-Nationale,18,4,2.0
2022-2023,CIUSSS de la Capitale-Nationale,18,5,2.0
2022-2023,CIUSSS de la Capitale-Nationale,18,9,4.0
2022-2023,CIUSSS de la Capitale-Nationale,19,5,4.0
2022-2023,CIUSSS de la Capitale-Nationale,19,9,4.0
2022-2023,CIUSSS de la Mauricie-et-du-Centre-du-Québec,6,3,22.0
2022-2023,CIUSSS de la Mauricie-et-du-Centre-du-Québec,6,4,68.0
2022-2023,CIUSSS de la Mauricie-et-du-Centre-du-Québec,6,5,446.0
2022-2023,CIUSSS de la Mauricie-et-du-Centre-du-Québec,6,6,92.0
2022-2023,CIUSSS de la Mauricie-et-du-Centre-du-Québec,6,9,628.0
2022-2023,CIUSSS de la Mauricie-et-du-Centre-du-Québec,7,3,10.0
2022-2023,CIUSSS de la Mauricie-et-du-Centre-du-Québec,7,4,44.0
2022-2023,CIUSSS de la Mauricie-et-du-Centre-du-Québec,7,5,272.0
2022-2023,CIUSSS de la Mauricie-et-du-Centre-du-Québec,7,6,54.0
2022-2023,CIUSSS de la Mauricie-et-du-Centre-du-Québec,7,9,380.0
2022-2023,CIUSSS de la Mauricie-et-du-Centre-du-Québec,8,3,12.0
2022-2023,CIUSSS de la Mauricie-et-du-Centre-du-Québec,8,4,24.0
2022-2023,CIUSSS de la Mauricie-et-du-Centre-du-Québec,8,5,174.0
2022-2023,CIUSSS de la Mauricie-et-du-Centre-du-Québec,8,6,38.0
2022-2023,CIUSSS de la Mauricie-et-du-Centre-du-Québec,8,9,248.0
2022-2023,CIUSSS de la Mauricie-et-du-Centre-du-Québec,9,3,18.0
2022-2023,CIUSSS de la Mauricie-et-du-Centre-du-Québec,9,4,22.0
2022-2023,CIUSSS de la Mauricie-et-du-Centre-du-Québec,9,5,80.0
2022-2023,CIUSSS de la Mauricie-et-du-Centre-du-Québec,9,6,12.0
2022-2023,CIUSSS de la Mauricie-et-du-Centre-du-Québec,9,9,132.0
2022-2023,CIUSSS de la Mauricie-et-du-Centre-du-Québec,10,3,662.0
2022-2023,CIUSSS de la Mauricie-et-du-Centre-du-Québec,10,4,6128.0
2022-2023,CIUSSS de la Mauricie-et-du-Centre-du-Québec,10,5,88752.0
2022-2023,CIUSSS de la Mauricie-et-du-Centre-du-Québec,10,6,15384.0
2022-2023,CIUSSS de la Mauricie-et-du-Centre-du-Québec,10,9,110926.0
2022-2023,CIUSSS de la Mauricie-et-du-Centre-du-Québec,11,3,10.0
2022-2023,CIUSSS de la Mauricie-et-du-Centre-du-Québec,11,4,58.0
2022-2023,CIUSSS de la Mauricie-et-du-Centre-du-Québec,11,5,446.0
2022-2023,CIUSSS de la Mauricie-et-du-Centre-du-Québec,11,6,158.0
2022-2023,CIUSSS de la Mauricie-et-du-Centre-du-Québec,11,9,672.0
2022-2023,CIUSSS de la Mauricie-et-du-Centre-du-Québec,12,3,4.0
2022-2023,CIUSSS de la Mauricie-et-du-Centre-du-Québec,12,4,36.0
2022-2023,CIUSSS de la Mauricie-et-du-Centre-du-Québec,12,5,264.0
2022-2023,CIUSSS de la Mauricie-et-du-Centre-du-Québec,12,6,92.0
2022-2023,CIUSSS de la Mauricie-et-du-Centre-du-Québec,12,9,396.0
2022-2023,CIUSSS de la Mauricie-et-du-Centre-du-Québec,13,3,6.0
2022-2023,CIUSSS de la Mauricie-et-du-Centre-du-Québec,13,4,22.0
2022-2023,CIUSSS de la Mauricie-et-du-Centre-du-Québec,13,5,182.0
2022-2023,CIUSSS de la Mauricie-et-du-Centre-du-Québec,13,6,66.0
2022-2023,CIUSSS de la Mauricie-et-du-Centre-du-Québec,13,9,276.0
2022-2023,CIUSSS de la Mauricie-et-du-Centre-du-Québec,14,3,10.0
2022-2023,CIUSSS de la Mauricie-et-du-Centre-du-Québec,14,4,22.0
2022-2023,CIUSSS de la Mauricie-et-du-Centre-du-Québec,14,5,36.0
2022-2023,CIUSSS de la Mauricie-et-du-Centre-du-Québec,14,6,26.0
2022-2023,CIUSSS de la Mauricie-et-du-Centre-du-Québec,14,9,94.0
2022-2023,CIUSSS de la Mauricie-et-du-Centre-du-Québec,15,3,160.0
2022-2023,CIUSSS de la Mauricie-et-du-Centre-du-Québec,15,4,4376.0
2022-2023,CIUSSS de la Mauricie-et-du-Centre-du-Québec,15,5,77074.0
2022-2023,CIUSSS de la Mauricie-et-du-Centre-du-Québec,15,6,23136.0
2022-2023,CIUSSS de la Mauricie-et-du-Centre-du-Québec,15,9,104746.0
2022-2023,CIUSSS de la Mauricie-et-du-Centre-du-Québec,16,4,6.0
2022-2023,CIUSSS de la Mauricie-et-du-Centre-du-Québec,16,5,12.0
2022-2023,CIUSSS de la Mauricie-et-du-Centre-du-Québec,16,9,18.0
2022-2023,CIUSSS de la Mauricie-et-du-Centre-du-Québec,17,5,10.0
2022-2023,CIUSSS de la Mauricie-et-du-Centre-du-Québec,17,9,10.0
2022-2023,CIUSSS de la Mauricie-et-du-Centre-du-Québec,18,4,6.0
2022-2023,CIUSSS de la Mauricie-et-du-Centre-du-Québec,18,5,2.0
2022-2023,CIUSSS de la Mauricie-et-du-Centre-du-Québec,18,9,8.0
2022-2023,CIUSSS de la Mauricie-et-du-Centre-du-Québec,19,4,4.0
2022-2023,CIUSSS de la Mauricie-et-du-Centre-du-Québec,19,5,8.0
2022-2023,CIUSSS de la Mauricie-et-du-Centre-du-Québec,19,9,12.0
2022-2023,CIUSSS du Centre-Ouest-de-l'Île-de-Montréal,6,1,0.0
2022-2023,CIUSSS du Centre-Ouest-de-l'Île-de-Montréal,6,2,0.0
2022-2023,CIUSSS du Centre-Ouest-de-l'Île-de-Montréal,6,3,0.0
2022-2023,CIUSSS du Centre-Ouest-de-l'Île-de-Montréal,6,4,4.0
2022-2023,CIUSSS du Centre-Ouest-de-l'Île-de-Montréal,6,5,48.0
2022-2023,CIUSSS du Centre-Ouest-de-l'Île-de-Montréal,6,6,16.0
2022-2023,CIUSSS du Centre-Ouest-de-l'Île-de-Montréal,6,7,0.0
2022-2023,CIUSSS du Centre-Ouest-de-l'Île-de-Montréal,6,8,0.0
2022-2023,CIUSSS du Centre-Ouest-de-l'Île-de-Montréal,6,9,68.0
2022-2023,CIUSSS du Centre-Ouest-de-l'Île-de-Montréal,7,1,0.0
2022-2023,CIUSSS du Centre-Ouest-de-l'Île-de-Montréal,7,2,0.0
2022-2023,CIUSSS du Centre-Ouest-de-l'Île-de-Montréal,7,3,0.0
2022-2023,CIUSSS du Centre-Ouest-de-l'Île-de-Montréal,7,4,4.0
2022-2023,CIUSSS du Centre-Ouest-de-l'Île-de-Montréal,7,5,26.0
2022-2023,CIUSSS du Centre-Ouest-de-l'Île-de-Montréal,7,6,10.0
2022-2023,CIUSSS du Centre-Ouest-de-l'Île-de-Montréal,7,7,0.0
2022-2023,CIUSSS du Centre-Ouest-de-l'Île-de-Montréal,7,8,0.0
2022-2023,CIUSSS du Centre-Ouest-de-l'Île-de-Montréal,7,9,40.0
2022-2023,CIUSSS du Centre-Ouest-de-l'Île-de-Montréal,8,1,0.0
2022-2023,CIUSSS du Centre-Ouest-de-l'Île-de-Montréal,8,2,0.0
2022-2023,CIUSSS du Centre-Ouest-de-l'Île-de-Montréal,8,3,0.0
2022-2023,CIUSSS du Centre-Ouest-de-l'Île-de-Montréal,8,4,0.0
2022-2023,CIUSSS du Centre-Ouest-de-l'Île-de-Montréal,8,5,22.0
2022-2023,CIUSSS du Centre-Ouest-de-l'Île-de-Montréal,8,6,6.0
2022-2023,CIUSSS du Centre-Ouest-de-l'Île-de-Montréal,8,7,0.0
2022-2023,CIUSSS du Centre-Ouest-de-l'Île-de-Montréal,8,8,0.0
2022-2023,CIUSSS du Centre-Ouest-de-l'Île-de-Montréal,8,9,28.0
2022-2023,CIUSSS du Centre-Ouest-de-l'Île-de-Montréal,9,1,0.0
2022-2023,CIUSSS du Centre-Ouest-de-l'Île-de-Montréal,9,2,0.0
2022-2023,CIUSSS du Centre-Ouest-de-l'Île-de-Montréal,9,3,0.0
2022-2023,CIUSSS du Centre-Ouest-de-l'Île-de-Montréal,9,4,0.0
2022-2023,CIUSSS du Centre-Ouest-de-l'Île-de-Montréal,9,5,14.0
2022-2023,CIUSSS du Centre-Ouest-de-l'Île-de-Montréal,9,6,2.0
2022-2023,CIUSSS du Centre-Ouest-de-l'Île-de-Montréal,9,7,0.0
2022-2023,CIUSSS du Centre-Ouest-de-l'Île-de-Montréal,9,8,0.0
2022-2023,CIUSSS du Centre-Ouest-de-l'Île-de-Montréal,9,9,16.0
2022-2023,CIUSSS du Centre-Ouest-de-l'Île-de-Montréal,10,1,0.0
2022-2023,CIUSSS du Centre-Ouest-de-l'Île-de-Montréal,10,2,0.0
2022-2023,CIUSSS du Centre-Ouest-de-l'Île-de-Montréal,10,3,0.0
2022-2023,CIUSSS du Centre-Ouest-de-l'Île-de-Montréal,10,4,430.0
2022-2023,CIUSSS du Centre-Ouest-de-l'Île-de-Montréal,10,5,9572.0
2022-2023,CIUSSS du Centre-Ouest-de-l'Île-de-Montréal,10,6,3704.0
2022-2023,CIUSSS du Centre-Ouest-de-l'Île-de-Montréal,10,7,0.0
2022-2023,CIUSSS du Centre-Ouest-de-l'Île-de-Montréal,10,8,0.0
2022-2023,CIUSSS du Centre-Ouest-de-l'Île-de-Montréal,10,9,13706.0
2022-2023,CIUSSS du Centre-Ouest-de-l'Île-de-Montréal,11,1,0.0
2022-2023,CIUSSS du Centre-Ouest-de-l'Île-de-Montréal,11,2,0.0
2022-2023,CIUSSS du Centre-Ouest-de-l'Île-de-Montréal,11,3,0.0
2022-2023,CIUSSS du Centre-Ouest-de-l'Île-de-Montréal,11,4,2.0
2022-2023,CIUSSS du Centre-Ouest-de-l'Île-de-Montréal,11,5,164.0
2022-2023,CIUSSS du Centre-Ouest-de-l'Île-de-Montréal,11,6,30.0
2022-2023,CIUSSS du Centre-Ouest-de-l'Île-de-Montréal,11,7,6.0
2022-2023,CIUSSS du Centre-Ouest-de-l'Île-de-Montréal,11,8,0.0
2022-2023,CIUSSS du Centre-Ouest-de-l'Île-de-Montréal,11,9,202.0
2022-2023,CIUSSS du Centre-Ouest-de-l'Île-de-Montréal,12,1,0.0
2022-2023,CIUSSS du Centre-Ouest-de-l'Île-de-Montréal,12,2,0.0
2022-2023,CIUSSS du Centre-Ouest-de-l'Île-de-Montréal,12,3,0.0
2022-2023,CIUSSS du Centre-Ouest-de-l'Île-de-Montréal,12,4,2.0
2022-2023,CIUSSS du Centre-Ouest-de-l'Île-de-Montréal,12,5,100.0
2022-2023,CIUSSS du Centre-Ouest-de-l'Île-de-Montréal,12,6,14.0
2022-2023,CIUSSS du Centre-Ouest-de-l'Île-de-Montréal,12,7,4.0
2022-2023,CIUSSS du Centre-Ouest-de-l'Île-de-Montréal,12,8,0.0
2022-2023,CIUSSS du Centre-Ouest-de-l'Île-de-Montréal,12,9,120.0
2022-2023,CIUSSS du Centre-Ouest-de-l'Île-de-Montréal,13,1,0.0
2022-2023,CIUSSS du Centre-Ouest-de-l'Île-de-Montréal,13,2,0.0
2022-2023,CIUSSS du Centre-Ouest-de-l'Île-de-Montréal,13,3,0.0
2022-2023,CIUSSS du Centre-Ouest-de-l'Île-de-Montréal,13,4,0.0
2022-2023,CIUSSS du Centre-Ouest-de-l'Île-de-Montréal,13,5,64.0
2022-2023,CIUSSS du Centre-Ouest-de-l'Île-de-Montréal,13,6,16.0
2022-2023,CIUSSS du Centre-Ouest-de-l'Île-de-Montréal,13,7,2.0
2022-2023,CIUSSS du Centre-Ouest-de-l'Île-de-Montréal,13,8,0.0
2022-2023,CIUSSS du Centre-Ouest-de-l'Île-de-Montréal,13,9,82.0
2022-2023,CIUSSS du Centre-Ouest-de-l'Île-de-Montréal,14,1,0.0
2022-2023,CIUSSS du Centre-Ouest-de-l'Île-de-Montréal,14,2,0.0
2022-2023,CIUSSS du Centre-Ouest-de-l'Île-de-Montréal,14,3,0.0
2022-2023,CIUSSS du Centre-Ouest-de-l'Île-de-Montréal,14,4,0.0
2022-2023,CIUSSS du Centre-Ouest-de-l'Île-de-Montréal,14,5,14.0
2022-2023,CIUSSS du Centre-Ouest-de-l'Île-de-Montréal,14,6,6.0
2022-2023,CIUSSS du Centre-Ouest-de-l'Île-de-Montréal,14,7,0.0
2022-2023,CIUSSS du Centre-Ouest-de-l'Île-de-Montréal,14,8,0.0
2022-2023,CIUSSS du Centre-Ouest-de-l'Île-de-Montréal,14,9,20.0
2022-2023,CIUSSS du Centre-Ouest-de-l'Île-de-Montréal,15,1,0.0
2022-2023,CIUSSS du Centre-Ouest-de-l'Île-de-Montréal,15,2,0.0
2022-2023,CIUSSS du Centre-Ouest-de-l'Île-de-Montréal,15,3,0.0
2022-2023,CIUSSS du Centre-Ouest-de-l'Île-de-Montréal,15,4,328.0
2022-2023,CIUSSS du Centre-Ouest-de-l'Île-de-Montréal,15,5,27234.0
2022-2023,CIUSSS du Centre-Ouest-de-l'Île-de-Montréal,15,6,7722.0
2022-2023,CIUSSS du Centre-Ouest-de-l'Île-de-Montréal,15,7,1028.0
2022-2023,CIUSSS du Centre-Ouest-de-l'Île-de-Montréal,15,8,0.0
2022-2023,CIUSSS du Centre-Ouest-de-l'Île-de-Montréal,15,9,36312.0
2022-2023,CIUSSS du Centre-Ouest-de-l'Île-de-Montréal,16,1,0.0
2022-2023,CIUSSS du Centre-Ouest-de-l'Île-de-Montréal,16,2,0.0
2022-2023,CIUSSS du Centre-Ouest-de-l'Île-de-Montréal,16,3,0.0
2022-2023,CIUSSS du Centre-Ouest-de-l'Île-de-Montréal,16,4,0.0
2022-2023,CIUSSS du Centre-Ouest-de-l'Île-de-Montréal,16,5,2.0
2022-2023,CIUSSS du Centre-Ouest-de-l'Île-de-Montréal,16,6,4.0
2022-2023,CIUSSS du Centre-Ouest-de-l'Île-de-Montréal,16,7,0.0
2022-2023,CIUSSS du Centre-Ouest-de-l'Île-de-Montréal,16,8,0.0
2022-2023,CIUSSS du Centre-Ouest-de-l'Île-de-Montréal,16,9,6.0
2022-2023,CIUSSS du Centre-Ouest-de-l'Île-de-Montréal,17,1,0.0
2022-2023,CIUSSS du Centre-Ouest-de-l'Île-de-Montréal,17,2,0.0
2022-2023,CIUSSS du Centre-Ouest-de-l'Île-de-Montréal,17,3,0.0
2022-2023,CIUSSS du Centre-Ouest-de-l'Île-de-Montréal,17,4,0.0
2022-2023,CIUSSS du Centre-Ouest-de-l'Île-de-Montréal,17,5,2.0
2022-2023,CIUSSS du Centre-Ouest-de-l'Île-de-Montréal,17,6,0.0
2022-2023,CIUSSS du Centre-Ouest-de-l'Île-de-Montréal,17,7,0.0
2022-2023,CIUSSS du Centre-Ouest-de-l'Île-de-Montréal,17,8,0.0
2022-2023,CIUSSS du Centre-Ouest-de-l'Île-de-Montréal,17,9,2.0
2022-2023,CIUSSS du Centre-Ouest-de-l'Île-de-Montréal,18,1,0.0
2022-2023,CIUSSS du Centre-Ouest-de-l'Île-de-Montréal,18,2,0.0
2022-2023,CIUSSS du Centre-Ouest-de-l'Île-de-Montréal,18,3,0.0
2022-2023,CIUSSS du Centre-Ouest-de-l'Île-de-Montréal,18,4,0.0
2022-2023,CIUSSS du Centre-Ouest-de-l'Île-de-Montréal,18,5,0.0
2022-2023,CIUSSS du Centre-Ouest-de-l'Île-de-Montréal,18,6,4.0
2022-2023,CIUSSS du Centre-Ouest-de-l'Île-de-Montréal,18,7,0.0
2022-2023,CIUSSS du Centre-Ouest-de-l'Île-de-Montréal,18,8,0.0
2022-2023,CIUSSS du Centre-Ouest-de-l'Île-de-Montréal,18,9,4.0
2022-2023,CIUSSS du Centre-Sud-de-l'Île-de-Montréal,1,4,18.0
2022-2023,CIUSSS du Centre-Sud-de-l'Île-de-Montréal,1,5,274.0
2022-2023,CIUSSS du Centre-Sud-de-l'Île-de-Montréal,1,6,154.0
2022-2023,CIUSSS du Centre-Sud-de-l'Île-de-Montréal,1,7,18.0
2022-2023,CIUSSS du Centre-Sud-de-l'Île-de-Montréal,1,8,2.0
2022-2023,CIUSSS du Centre-Sud-de-l'Île-de-Montréal,1,9,466.0
2022-2023,CIUSSS du Centre-Sud-de-l'Île-de-Montréal,2,4,12.0
2022-2023,CIUSSS du Centre-Sud-de-l'Île-de-Montréal,2,5,208.0
2022-2023,CIUSSS du Centre-Sud-de-l'Île-de-Montréal,2,6,98.0
2022-2023,CIUSSS du Centre-Sud-de-l'Île-de-Montréal,2,7,16.0
2022-2023,CIUSSS du Centre-Sud-de-l'Île-de-Montréal,2,8,2.0
2022-2023,CIUSSS du Centre-Sud-de-l'Île-de-Montréal,2,9,336.0
2022-2023,CIUSSS du Centre-Sud-de-l'Île-de-Montréal,3,4,6.0
2022-2023,CIUSSS du Centre-Sud-de-l'Île-de-Montréal,3,5,66.0
2022-2023,CIUSSS du Centre-Sud-de-l'Île-de-Montréal,3,6,56.0
2022-2023,CIUSSS du Centre-Sud-de-l'Île-de-Montréal,3,7,2.0
2022-2023,CIUSSS du Centre-Sud-de-l'Île-de-Montréal,3,8,0.0
2022-2023,CIUSSS du Centre-Sud-de-l'Île-de-Montréal,3,9,130.0
2022-2023,CIUSSS du Centre-Sud-de-l'Île-de-Montréal,4,4,4.0
2022-2023,CIUSSS du Centre-Sud-de-l'Île-de-Montréal,4,5,60.0
2022-2023,CIUSSS du Centre-Sud-de-l'Île-de-Montréal,4,6,88.0
2022-2023,CIUSSS du Centre-Sud-de-l'Île-de-Montréal,4,7,14.0
2022-2023,CIUSSS du Centre-Sud-de-l'Île-de-Montréal,4,8,2.0
2022-2023,CIUSSS du Centre-Sud-de-l'Île-de-Montréal,4,9,168.0
2022-2023,CIUSSS du Centre-Sud-de-l'Île-de-Montréal,5,4,1168.0
2022-2023,CIUSSS du Centre-Sud-de-l'Île-de-Montréal,5,5,32312.0
2022-2023,CIUSSS du Centre-Sud-de-l'Île-de-Montréal,5,6,14036.0
2022-2023,CIUSSS du Centre-Sud-de-l'Île-de-Montréal,5,7,3824.0
2022-2023,CIUSSS du Centre-Sud-de-l'Île-de-Montréal,5,8,648.0
2022-2023,CIUSSS du Centre-Sud-de-l'Île-de-Montréal,5,9,51988.0
2022-2023,CIUSSS du Centre-Sud-de-l'Île-de-Montréal,6,4,12.0
2022-2023,CIUSSS du Centre-Sud-de-l'Île-de-Montréal,6,5,424.0
2022-2023,CIUSSS du Centre-Sud-de-l'Île-de-Montréal,6,6,132.0
2022-2023,CIUSSS du Centre-Sud-de-l'Île-de-Montréal,6,7,4.0
2022-2023,CIUSSS du Centre-Sud-de-l'Île-de-Montréal,6,9,572.0
2022-2023,CIUSSS du Centre-Sud-de-l'Île-de-Montréal,7,4,4.0
2022-2023,CIUSSS du Centre-Sud-de-l'Île-de-Montréal,7,5,258.0
2022-2023,CIUSSS du Centre-Sud-de-l'Île-de-Montréal,7,6,92.0
2022-2023,CIUSSS du Centre-Sud-de-l'Île-de-Montréal,7,7,4.0
2022-2023,CIUSSS du Centre-Sud-de-l'Île-de-Montréal,7,9,358.0
2022-2023,CIUSSS du Centre-Sud-de-l'Île-de-Montréal,8,4,8.0
2022-2023,CIUSSS du Centre-Sud-de-l'Île-de-Montréal,8,5,166.0
2022-2023,CIUSSS du Centre-Sud-de-l'Île-de-Montréal,8,6,40.0
2022-2023,CIUSSS du Centre-Sud-de-l'Île-de-Montréal,8,7,0.0
2022-2023,CIUSSS du Centre-Sud-de-l'Île-de-Montréal,8,9,214.0
2022-2023,CIUSSS du Centre-Sud-de-l'Île-de-Montréal,9,4,6.0
2022-2023,CIUSSS du Centre-Sud-de-l'Île-de-Montréal,9,5,76.0
2022-2023,CIUSSS du Centre-Sud-de-l'Île-de-Montréal,9,6,16.0
2022-2023,CIUSSS du Centre-Sud-de-l'Île-de-Montréal,9,7,0.0
2022-2023,CIUSSS du Centre-Sud-de-l'Île-de-Montréal,9,9,98.0
2022-2023,CIUSSS du Centre-Sud-de-l'Île-de-Montréal,10,4,1778.0
2022-2023,CIUSSS du Centre-Sud-de-l'Île-de-Montréal,10,5,109096.0
2022-2023,CIUSSS du Centre-Sud-de-l'Île-de-Montréal,10,6,35908.0
2022-2023,CIUSSS du Centre-Sud-de-l'Île-de-Montréal,10,7,1560.0
2022-2023,CIUSSS du Centre-Sud-de-l'Île-de-Montréal,10,9,148342.0
2022-2023,CIUSSS du Centre-Sud-de-l'Île-de-Montréal,11,3,2.0
2022-2023,CIUSSS du Centre-Sud-de-l'Île-de-Montréal,11,4,10.0
2022-2023,CIUSSS du Centre-Sud-de-l'Île-de-Montréal,11,5,640.0
2022-2023,CIUSSS du Centre-Sud-de-l'Île-de-Montréal,11,6,380.0
2022-2023,CIUSSS du Centre-Sud-de-l'Île-de-Montréal,11,7,16.0
2022-2023,CIUSSS du Centre-Sud-de-l'Île-de-Montréal,11,9,1048.0
2022-2023,CIUSSS du Centre-Sud-de-l'Île-de-Montréal,12,3,2.0
2022-2023,CIUSSS du Centre-Sud-de-l'Île-de-Montréal,12,4,8.0
2022-2023,CIUSSS du Centre-Sud-de-l'Île-de-Montréal,12,5,412.0
2022-2023,CIUSSS du Centre-Sud-de-l'Île-de-Montréal,12,6,226.0
2022-2023,CIUSSS du Centre-Sud-de-l'Île-de-Montréal,12,7,10.0
2022-2023,CIUSSS du Centre-Sud-de-l'Île-de-Montréal,12,9,658.0
2022-2023,CIUSSS du Centre-Sud-de-l'Île-de-Montréal,13,3,0.0
2022-2023,CIUSSS du Centre-Sud-de-l'Île-de-Montréal,13,4,2.0
2022-2023,CIUSSS du Centre-Sud-de-l'Île-de-Montréal,13,5,228.0
2022-2023,CIUSSS du Centre-Sud-de-l'Île-de-Montréal,13,6,154.0
2022-2023,CIUSSS du Centre-Sud-de-l'Île-de-Montréal,13,7,6.0
2022-2023,CIUSSS du Centre-Sud-de-l'Île-de-Montréal,13,9,390.0
2022-2023,CIUSSS du Centre-Sud-de-l'Île-de-Montréal,14,3,2.0
2022-2023,CIUSSS du Centre-Sud-de-l'Île-de-Montréal,14,4,2.0
2022-2023,CIUSSS du Centre-Sud-de-l'Île-de-Montréal,14,5,98.0
2022-2023,CIUSSS du Centre-Sud-de-l'Île-de-Montréal,14,6,92.0
2022-2023,CIUSSS du Centre-Sud-de-l'Île-de-Montréal,14,7,6.0
2022-2023,CIUSSS du Centre-Sud-de-l'Île-de-Montréal,14,9,200.0
2022-2023,CIUSSS du Centre-Sud-de-l'Île-de-Montréal,15,3,0.0
2022-2023,CIUSSS du Centre-Sud-de-l'Île-de-Montréal,15,4,832.0
2022-2023,CIUSSS du Centre-Sud-de-l'Île-de-Montréal,15,5,104164.0
2022-2023,CIUSSS du Centre-Sud-de-l'Île-de-Montréal,15,6,58522.0
2022-2023,CIUSSS du Centre-Sud-de-l'Île-de-Montréal,15,7,1444.0
2022-2023,CIUSSS du Centre-Sud-de-l'Île-de-Montréal,15,9,164962.0
2022-2023,CIUSSS du Saguenay  Lac-Saint-Jean,1,1,0.0
2022-2023,CIUSSS du Saguenay  Lac-Saint-Jean,1,2,0.0
2022-2023,CIUSSS du Saguenay  Lac-Saint-Jean,1,3,2.0
2022-2023,CIUSSS du Saguenay  Lac-Saint-Jean,1,4,46.0
2022-2023,CIUSSS du Saguenay  Lac-Saint-Jean,1,5,242.0
2022-2023,CIUSSS du Saguenay  Lac-Saint-Jean,1,6,134.0
2022-2023,CIUSSS du Saguenay  Lac-Saint-Jean,1,7,20.0
2022-2023,CIUSSS du Saguenay  Lac-Saint-Jean,1,8,2.0
2022-2023,CIUSSS du Saguenay  Lac-Saint-Jean,1,9,446.0
2022-2023,CIUSSS du Saguenay  Lac-Saint-Jean,2,1,0.0
2022-2023,CIUSSS du Saguenay  Lac-Saint-Jean,2,2,0.0
2022-2023,CIUSSS du Saguenay  Lac-Saint-Jean,2,3,0.0
2022-2023,CIUSSS du Saguenay  Lac-Saint-Jean,2,4,32.0
2022-2023,CIUSSS du Saguenay  Lac-Saint-Jean,2,5,152.0
2022-2023,CIUSSS du Saguenay  Lac-Saint-Jean,2,6,72.0
2022-2023,CIUSSS du Saguenay  Lac-Saint-Jean,2,7,8.0
2022-2023,CIUSSS du Saguenay  Lac-Saint-Jean,2,8,2.0
2022-2023,CIUSSS du Saguenay  Lac-Saint-Jean,2,9,266.0
2022-2023,CIUSSS du Saguenay  Lac-Saint-Jean,3,1,0.0
2022-2023,CIUSSS du Saguenay  Lac-Saint-Jean,3,2,0.0
2022-2023,CIUSSS du Saguenay  Lac-Saint-Jean,3,3,2.0
2022-2023,CIUSSS du Saguenay  Lac-Saint-Jean,3,4,14.0
2022-2023,CIUSSS du Saguenay  Lac-Saint-Jean,3,5,90.0
2022-2023,CIUSSS du Saguenay  Lac-Saint-Jean,3,6,62.0
2022-2023,CIUSSS du Saguenay  Lac-Saint-Jean,3,7,12.0
2022-2023,CIUSSS du Saguenay  Lac-Saint-Jean,3,8,0.0
2022-2023,CIUSSS du Saguenay  Lac-Saint-Jean,3,9,180.0
2022-2023,CIUSSS du Saguenay  Lac-Saint-Jean,4,1,0.0
2022-2023,CIUSSS du Saguenay  Lac-Saint-Jean,4,2,0.0
2022-2023,CIUSSS du Saguenay  Lac-Saint-Jean,4,3,0.0
2022-2023,CIUSSS du Saguenay  Lac-Saint-Jean,4,4,6.0
2022-2023,CIUSSS du Saguenay  Lac-Saint-Jean,4,5,46.0
2022-2023,CIUSSS du Saguenay  Lac-Saint-Jean,4,6,28.0
2022-2023,CIUSSS du Saguenay  Lac-Saint-Jean,4,7,4.0
2022-2023,CIUSSS du Saguenay  Lac-Saint-Jean,4,8,0.0
2022-2023,CIUSSS du Saguenay  Lac-Saint-Jean,4,9,84.0
2022-2023,CIUSSS du Saguenay  Lac-Saint-Jean,5,1,0.0
2022-2023,CIUSSS du Saguenay  Lac-Saint-Jean,5,2,0.0
2022-2023,CIUSSS du Saguenay  Lac-Saint-Jean,5,3,138.0
2022-2023,CIUSSS du Saguenay  Lac-Saint-Jean,5,4,3470.0
2022-2023,CIUSSS du Saguenay  Lac-Saint-Jean,5,5,40514.0
2022-2023,CIUSSS du Saguenay  Lac-Saint-Jean,5,6,17126.0
2022-2023,CIUSSS du Saguenay  Lac-Saint-Jean,5,7,2822.0
2022-2023,CIUSSS du Saguenay  Lac-Saint-Jean,5,8,144.0
2022-2023,CIUSSS du Saguenay  Lac-Saint-Jean,5,9,64214.0
2022-2023,CIUSSS du Saguenay  Lac-Saint-Jean,6,1,0.0
2022-2023,CIUSSS du Saguenay  Lac-Saint-Jean,6,2,0.0
2022-2023,CIUSSS du Saguenay  Lac-Saint-Jean,6,3,4.0
2022-2023,CIUSSS du Saguenay  Lac-Saint-Jean,6,4,10.0
2022-2023,CIUSSS du Saguenay  Lac-Saint-Jean,6,5,202.0
2022-2023,CIUSSS du Saguenay  Lac-Saint-Jean,6,6,78.0
2022-2023,CIUSSS du Saguenay  Lac-Saint-Jean,6,7,6.0
2022-2023,CIUSSS du Saguenay  Lac-Saint-Jean,6,8,0.0
2022-2023,CIUSSS du Saguenay  Lac-Saint-Jean,6,9,300.0
2022-2023,CIUSSS du Saguenay  Lac-Saint-Jean,7,1,0.0
2022-2023,CIUSSS du Saguenay  Lac-Saint-Jean,7,2,0.0
2022-2023,CIUSSS du Saguenay  Lac-Saint-Jean,7,3,2.0
2022-2023,CIUSSS du Saguenay  Lac-Saint-Jean,7,4,6.0
2022-2023,CIUSSS du Saguenay  Lac-Saint-Jean,7,5,128.0
2022-2023,CIUSSS du Saguenay  Lac-Saint-Jean,7,6,40.0
2022-2023,CIUSSS du Saguenay  Lac-Saint-Jean,7,7,6.0
2022-2023,CIUSSS du Saguenay  Lac-Saint-Jean,7,8,0.0
2022-2023,CIUSSS du Saguenay  Lac-Saint-Jean,7,9,182.0
2022-2023,CIUSSS du Saguenay  Lac-Saint-Jean,8,1,0.0
2022-2023,CIUSSS du Saguenay  Lac-Saint-Jean,8,2,0.0
2022-2023,CIUSSS du Saguenay  Lac-Saint-Jean,8,3,2.0
2022-2023,CIUSSS du Saguenay  Lac-Saint-Jean,8,4,4.0
2022-2023,CIUSSS du Saguenay  Lac-Saint-Jean,8,5,74.0
2022-2023,CIUSSS du Saguenay  Lac-Saint-Jean,8,6,38.0
2022-2023,CIUSSS du Saguenay  Lac-Saint-Jean,8,7,0.0
2022-2023,CIUSSS du Saguenay  Lac-Saint-Jean,8,8,0.0
2022-2023,CIUSSS du Saguenay  Lac-Saint-Jean,8,9,118.0
2022-2023,CIUSSS du Saguenay  Lac-Saint-Jean,9,1,0.0
2022-2023,CIUSSS du Saguenay  Lac-Saint-Jean,9,2,0.0
2022-2023,CIUSSS du Saguenay  Lac-Saint-Jean,9,3,0.0
2022-2023,CIUSSS du Saguenay  Lac-Saint-Jean,9,4,2.0
2022-2023,CIUSSS du Saguenay  Lac-Saint-Jean,9,5,30.0
2022-2023,CIUSSS du Saguenay  Lac-Saint-Jean,9,6,8.0
2022-2023,CIUSSS du Saguenay  Lac-Saint-Jean,9,7,4.0
2022-2023,CIUSSS du Saguenay  Lac-Saint-Jean,9,8,0.0
2022-2023,CIUSSS du Saguenay  Lac-Saint-Jean,9,9,44.0
2022-2023,CIUSSS du Saguenay  Lac-Saint-Jean,10,1,0.0
2022-2023,CIUSSS du Saguenay  Lac-Saint-Jean,10,2,0.0
2022-2023,CIUSSS du Saguenay  Lac-Saint-Jean,10,3,668.0
2022-2023,CIUSSS du Saguenay  Lac-Saint-Jean,10,4,522.0
2022-2023,CIUSSS du Saguenay  Lac-Saint-Jean,10,5,39414.0
2022-2023,CIUSSS du Saguenay  Lac-Saint-Jean,10,6,17294.0
2022-2023,CIUSSS du Saguenay  Lac-Saint-Jean,10,7,440.0
2022-2023,CIUSSS du Saguenay  Lac-Saint-Jean,10,8,0.0
2022-2023,CIUSSS du Saguenay  Lac-Saint-Jean,10,9,58338.0
2022-2023,CIUSSS du Saguenay  Lac-Saint-Jean,11,1,0.0
2022-2023,CIUSSS du Saguenay  Lac-Saint-Jean,11,2,0.0
2022-2023,CIUSSS du Saguenay  Lac-Saint-Jean,11,3,0.0
2022-2023,CIUSSS du Saguenay  Lac-Saint-Jean,11,4,0.0
2022-2023,CIUSSS du Saguenay  Lac-Saint-Jean,11,5,26.0
2022-2023,CIUSSS du Saguenay  Lac-Saint-Jean,11,6,2.0
2022-2023,CIUSSS du Saguenay  Lac-Saint-Jean,11,7,0.0
2022-2023,CIUSSS du Saguenay  Lac-Saint-Jean,11,8,0.0
2022-2023,CIUSSS du Saguenay  Lac-Saint-Jean,11,9,28.0
2022-2023,CIUSSS du Saguenay  Lac-Saint-Jean,12,1,0.0
2022-2023,CIUSSS du Saguenay  Lac-Saint-Jean,12,2,0.0
2022-2023,CIUSSS du Saguenay  Lac-Saint-Jean,12,3,0.0
2022-2023,CIUSSS du Saguenay  Lac-Saint-Jean,12,4,0.0
2022-2023,CIUSSS du Saguenay  Lac-Saint-Jean,12,5,18.0
2022-2023,CIUSSS du Saguenay  Lac-Saint-Jean,12,6,0.0
2022-2023,CIUSSS du Saguenay  Lac-Saint-Jean,12,7,0.0
2022-2023,CIUSSS du Saguenay  Lac-Saint-Jean,12,8,0.0
2022-2023,CIUSSS du Saguenay  Lac-Saint-Jean,12,9,18.0
2022-2023,CIUSSS du Saguenay  Lac-Saint-Jean,13,1,0.0
2022-2023,CIUSSS du Saguenay  Lac-Saint-Jean,13,2,0.0
2022-2023,CIUSSS du Saguenay  Lac-Saint-Jean,13,3,0.0
2022-2023,CIUSSS du Saguenay  Lac-Saint-Jean,13,4,0.0
2022-2023,CIUSSS du Saguenay  Lac-Saint-Jean,13,5,8.0
2022-2023,CIUSSS du Saguenay  Lac-Saint-Jean,13,6,2.0
2022-2023,CIUSSS du Saguenay  Lac-Saint-Jean,13,7,0.0
2022-2023,CIUSSS du Saguenay  Lac-Saint-Jean,13,8,0.0
2022-2023,CIUSSS du Saguenay  Lac-Saint-Jean,13,9,10.0
2022-2023,CIUSSS du Saguenay  Lac-Saint-Jean,14,9,0.0
2022-2023,CIUSSS du Saguenay  Lac-Saint-Jean,15,1,0.0
2022-2023,CIUSSS du Saguenay  Lac-Saint-Jean,15,2,0.0
2022-2023,CIUSSS du Saguenay  Lac-Saint-Jean,15,3,0.0
2022-2023,CIUSSS du Saguenay  Lac-Saint-Jean,15,4,0.0
2022-2023,CIUSSS du Saguenay  Lac-Saint-Jean,15,5,5838.0
2022-2023,CIUSSS du Saguenay  Lac-Saint-Jean,15,6,42.0
2022-2023,CIUSSS du Saguenay  Lac-Saint-Jean,15,7,0.0
2022-2023,CIUSSS du Saguenay  Lac-Saint-Jean,15,8,0.0
2022-2023,CIUSSS du Saguenay  Lac-Saint-Jean,15,9,5880.0
2023-2024,Atelier le fil d'Ariane,1,4,2.0
2023-2024,Atelier le fil d'Ariane,1,5,12.0
2023-2024,Atelier le fil d'Ariane,1,6,22.0
2023-2024,Atelier le fil d'Ariane,1,9,36.0
2023-2024,Atelier le fil d'Ariane,2,5,2.0
2023-2024,Atelier le fil d'Ariane,2,6,4.0
2023-2024,Atelier le fil d'Ariane,2,9,6.0
2023-2024,Atelier le fil d'Ariane,4,4,2.0
2023-2024,Atelier le fil d'Ariane,4,5,12.0
2023-2024,Atelier le fil d'Ariane,4,6,22.0
2023-2024,Atelier le fil d'Ariane,4,9,36.0
2023-2024,Atelier le fil d'Ariane,5,5,2.0
2023-2024,Atelier le fil d'Ariane,5,6,4.0
2023-2024,Atelier le fil d'Ariane,5,9,6.0
2023-2024,Atelier le fil d'Ariane,7,4,2.0
2023-2024,Atelier le fil d'Ariane,7,5,12.0
2023-2024,Atelier le fil d'Ariane,7,6,22.0
2023-2024,Atelier le fil d'Ariane,7,9,36.0
2023-2024,Atelier le fil d'Ariane,8,5,2.0
2023-2024,Atelier le fil d'Ariane,8,6,4.0
2023-2024,Atelier le fil d'Ariane,8,9,6.0
2023-2024,Atelier le fil d'Ariane,10,4,2.0
2023-2024,Atelier le fil d'Ariane,10,5,12.0
2023-2024,Atelier le fil d'Ariane,10,6,22.0
2023-2024,Atelier le fil d'Ariane,10,9,36.0
2023-2024,Atelier le fil d'Ariane,11,5,2.0
2023-2024,Atelier le fil d'Ariane,11,6,4.0
2023-2024,Atelier le fil d'Ariane,11,9,6.0
2023-2024,CISSS de Chaudière-Appalaches,1,3,2.0
2023-2024,CISSS de Chaudière-Appalaches,1,4,38.0
2023-2024,CISSS de Chaudière-Appalaches,1,5,242.0
2023-2024,CISSS de Chaudière-Appalaches,1,6,116.0
2023-2024,CISSS de Chaudière-Appalaches,1,7,10.0
2023-2024,CISSS de Chaudière-Appalaches,1,8,2.0
2023-2024,CISSS de Chaudière-Appalaches,1,9,396.0
2023-2024,CISSS de Chaudière-Appalaches,2,4,8.0
2023-2024,CISSS de Chaudière-Appalaches,2,5,35.0
2023-2024,CISSS de Chaudière-Appalaches,2,6,14.0
2023-2024,CISSS de Chaudière-Appalaches,2,7,2.0
2023-2024,CISSS de Chaudière-Appalaches,2,9,56.0
2023-2024,CISSS de Chaudière-Appalaches,3,4,5206.0
2023-2024,CISSS de Chaudière-Appalaches,3,5,48300.0
2023-2024,CISSS de Chaudière-Appalaches,3,6,12721.0
2023-2024,CISSS de Chaudière-Appalaches,3,7,2262.0
2023-2024,CISSS de Chaudière-Appalaches,3,8,248.0
2023-2024,CISSS de Chaudière-Appalaches,3,9,79112.0
2023-2024,CISSS de Chaudière-Appalaches,4,3,2.0
2023-2024,CISSS de Chaudière-Appalaches,4,4,38.0
2023-2024,CISSS de Chaudière-Appalaches,4,5,242.0
2023-2024,CISSS de Chaudière-Appalaches,4,6,116.0
2023-2024,CISSS de Chaudière-Appalaches,4,7,10.0
2023-2024,CISSS de Chaudière-Appalaches,4,8,2.0
2023-2024,CISSS de Chaudière-Appalaches,4,9,396.0
2023-2024,CISSS de Chaudière-Appalaches,5,4,8.0
2023-2024,CISSS de Chaudière-Appalaches,5,5,35.0
2023-2024,CISSS de Chaudière-Appalaches,5,6,14.0
2023-2024,CISSS de Chaudière-Appalaches,5,7,2.0
2023-2024,CISSS de Chaudière-Appalaches,5,9,56.0
2023-2024,CISSS de Chaudière-Appalaches,6,4,5206.0
2023-2024,CISSS de Chaudière-Appalaches,6,5,48300.0
2023-2024,CISSS de Chaudière-Appalaches,6,6,12721.0
2023-2024,CISSS de Chaudière-Appalaches,6,7,2262.0
2023-2024,CISSS de Chaudière-Appalaches,6,8,248.0
2023-2024,CISSS de Chaudière-Appalaches,6,9,79112.0
2023-2024,CISSS de Chaudière-Appalaches,7,3,2.0
2023-2024,CISSS de Chaudière-Appalaches,7,4,38.0
2023-2024,CISSS de Chaudière-Appalaches,7,5,242.0
2023-2024,CISSS de Chaudière-Appalaches,7,6,116.0
2023-2024,CISSS de Chaudière-Appalaches,7,7,10.0
2023-2024,CISSS de Chaudière-Appalaches,7,8,2.0
2023-2024,CISSS de Chaudière-Appalaches,7,9,396.0
2023-2024,CISSS de Chaudière-Appalaches,8,4,8.0
2023-2024,CISSS de Chaudière-Appalaches,8,5,35.0
2023-2024,CISSS de Chaudière-Appalaches,8,6,14.0
2023-2024,CISSS de Chaudière-Appalaches,8,7,2.0
2023-2024,CISSS de Chaudière-Appalaches,8,9,56.0
2023-2024,CISSS de Chaudière-Appalaches,9,4,5206.0
2023-2024,CISSS de Chaudière-Appalaches,9,5,48300.0
2023-2024,CISSS de Chaudière-Appalaches,9,6,12721.0
2023-2024,CISSS de Chaudière-Appalaches,9,7,2262.0
2023-2024,CISSS de Chaudière-Appalaches,9,8,248.0
2023-2024,CISSS de Chaudière-Appalaches,9,9,79112.0
2023-2024,CISSS de Chaudière-Appalaches,10,3,2.0
2023-2024,CISSS de Chaudière-Appalaches,10,4,38.0
2023-2024,CISSS de Chaudière-Appalaches,10,5,242.0
2023-2024,CISSS de Chaudière-Appalaches,10,6,116.0
2023-2024,CISSS de Chaudière-Appalaches,10,7,10.0
2023-2024,CISSS de Chaudière-Appalaches,10,8,2.0
2023-2024,CISSS de Chaudière-Appalaches,10,9,396.0
2023-2024,CISSS de Chaudière-Appalaches,11,4,8.0
2023-2024,CISSS de Chaudière-Appalaches,11,5,35.0
2023-2024,CISSS de Chaudière-Appalaches,11,6,14.0
2023-2024,CISSS de Chaudière-Appalaches,11,7,2.0
2023-2024,CISSS de Chaudière-Appalaches,11,9,56.0
2023-2024,CISSS de Lanaudière,1,4,9.0
2023-2024,CISSS de Lanaudière,1,5,96.0
2023-2024,CISSS de Lanaudière,1,6,36.0
2023-2024,CISSS de Lanaudière,1,7,8.0
2023-2024,CISSS de Lanaudière,1,9,125.0
2023-2024,CISSS de Lanaudière,2,4,6.0
2023-2024,CISSS de Lanaudière,2,5,20.0
2023-2024,CISSS de Lanaudière,2,6,6.0
2023-2024,CISSS de Lanaudière,2,7,2.0
2023-2024,CISSS de Lanaudière,2,9,28.0
2023-2024,CISSS de Lanaudière,3,4,232.0
2023-2024,CISSS de Lanaudière,3,5,7642.0
2023-2024,CISSS de Lanaudière,3,6,1882.0
2023-2024,CISSS de Lanaudière,3,7,326.0
2023-2024,CISSS de Lanaudière,3,9,7341.0
2023-2024,CISSS de Lanaudière,4,4,9.0
2023-2024,CISSS de Lanaudière,4,5,96.0
2023-2024,CISSS de Lanaudière,4,6,36.0
2023-2024,CISSS de Lanaudière,4,7,8.0
2023-2024,CISSS de Lanaudière,4,9,125.0
2023-2024,CISSS de Lanaudière,5,4,6.0
2023-2024,CISSS de Lanaudière,5,5,20.0
2023-2024,CISSS de Lanaudière,5,6,6.0
2023-2024,CISSS de Lanaudière,5,7,2.0
2023-2024,CISSS de Lanaudière,5,9,28.0
2023-2024,CISSS de Lanaudière,6,4,232.0
2023-2024,CISSS de Lanaudière,6,5,7642.0
2023-2024,CISSS de Lanaudière,6,6,1882.0
2023-2024,CISSS de Lanaudière,6,7,326.0
2023-2024,CISSS de Lanaudière,6,9,4845.0
2023-2024,CISSS de Lanaudière,7,4,9.0
2023-2024,CISSS de Lanaudière,7,5,96.0
2023-2024,CISSS de Lanaudière,7,6,36.0
2023-2024,CISSS de Lanaudière,7,7,8.0
2023-2024,CISSS de Lanaudière,7,9,125.0
2023-2024,CISSS de Lanaudière,8,4,6.0
2023-2024,CISSS de Lanaudière,8,5,20.0
2023-2024,CISSS de Lanaudière,8,6,6.0
2023-2024,CISSS de Lanaudière,8,7,2.0
2023-2024,CISSS de Lanaudière,8,9,28.0
2023-2024,CISSS de Lanaudière,9,4,232.0
2023-2024,CISSS de Lanaudière,9,5,7642.0
2023-2024,CISSS de Lanaudière,9,6,1882.0
2023-2024,CISSS de Lanaudière,9,7,326.0
2023-2024,CISSS de Lanaudière,9,9,4845.0
2023-2024,CISSS de Lanaudière,10,4,9.0
2023-2024,CISSS de Lanaudière,10,5,96.0
2023-2024,CISSS de Lanaudière,10,6,36.0
2023-2024,CISSS de Lanaudière,10,7,8.0
2023-2024,CISSS de Lanaudière,10,9,125.0
2023-2024,CISSS de Lanaudière,11,4,6.0
2023-2024,CISSS de Lanaudière,11,5,20.0
2023-2024,CISSS de Lanaudière,11,6,6.0
2023-2024,CISSS de Lanaudière,11,7,2.0
2023-2024,CISSS de Lanaudière,11,9,28.0
2023-2024,CISSS de Laval,1,5,188.0
2023-2024,CISSS de Laval,1,6,24.0
2023-2024,CISSS de Laval,1,9,212.0
2023-2024,CISSS de Laval,2,5,18.0
2023-2024,CISSS de Laval,2,6,2.0
2023-2024,CISSS de Laval,2,9,20.0
2023-2024,CISSS de Laval,4,5,188.0
2023-2024,CISSS de Laval,4,6,24.0
2023-2024,CISSS de Laval,4,9,212.0
2023-2024,CISSS de Laval,5,5,18.0
2023-2024,CISSS de Laval,5,6,2.0
2023-2024,CISSS de Laval,5,9,20.0
2023-2024,CISSS de Laval,7,5,188.0
2023-2024,CISSS de Laval,7,6,24.0
2023-2024,CISSS de Laval,7,9,212.0
2023-2024,CISSS de Laval,8,5,18.0
2023-2024,CISSS de Laval,8,6,2.0
2023-2024,CISSS de Laval,8,9,20.0
2023-2024,CISSS de Laval,10,5,188.0
2023-2024,CISSS de Laval,10,6,24.0
2023-2024,CISSS de Laval,10,9,212.0
2023-2024,CISSS de Laval,11,5,18.0
2023-2024,CISSS de Laval,11,6,2.0
2023-2024,CISSS de Laval,11,9,20.0
2023-2024,CISSS de l'Abitibi-Témiscamingue,1,5,12.0
2023-2024,CISSS de l'Abitibi-Témiscamingue,1,6,2.0
2023-2024,CISSS de l'Abitibi-Témiscamingue,1,9,14.0
2023-2024,CISSS de l'Abitibi-Témiscamingue,2,5,4.0
2023-2024,CISSS de l'Abitibi-Témiscamingue,2,6,2.0
2023-2024,CISSS de l'Abitibi-Témiscamingue,2,9,6.0
2023-2024,CISSS de l'Abitibi-Témiscamingue,4,5,12.0
2023-2024,CISSS de l'Abitibi-Témiscamingue,4,6,2.0
2023-2024,CISSS de l'Abitibi-Témiscamingue,4,9,14.0
2023-2024,CISSS de l'Abitibi-Témiscamingue,5,5,4.0
2023-2024,CISSS de l'Abitibi-Témiscamingue,5,6,2.0
2023-2024,CISSS de l'Abitibi-Témiscamingue,5,9,6.0
2023-2024,CISSS de l'Abitibi-Témiscamingue,7,5,12.0
2023-2024,CISSS de l'Abitibi-Témiscamingue,7,6,2.0
2023-2024,CISSS de l'Abitibi-Témiscamingue,7,9,14.0
2023-2024,CISSS de l'Abitibi-Témiscamingue,8,5,4.0
2023-2024,CISSS de l'Abitibi-Témiscamingue,8,6,2.0
2023-2024,CISSS de l'Abitibi-Témiscamingue,8,9,6.0
2023-2024,CISSS de l'Abitibi-Témiscamingue,10,5,12.0
2023-2024,CISSS de l'Abitibi-Témiscamingue,10,6,2.0
2023-2024,CISSS de l'Abitibi-Témiscamingue,10,9,14.0
2023-2024,CISSS de l'Abitibi-Témiscamingue,11,5,4.0
2023-2024,CISSS de l'Abitibi-Témiscamingue,11,6,2.0
2023-2024,CISSS de l'Abitibi-Témiscamingue,11,9,6.0
2023-2024,CISSS de l'Outaouais,1,3,2.0
2023-2024,CISSS de l'Outaouais,1,4,10.0
2023-2024,CISSS de l'Outaouais,1,5,42.0
2023-2024,CISSS de l'Outaouais,1,6,30.0
2023-2024,CISSS de l'Outaouais,1,9,84.0
2023-2024,CISSS de l'Outaouais,2,3,2.0
2023-2024,CISSS de l'Outaouais,2,4,4.0
2023-2024,CISSS de l'Outaouais,2,5,8.0
2023-2024,CISSS de l'Outaouais,2,6,10.0
2023-2024,CISSS de l'Outaouais,2,9,24.0
2023-2024,CISSS de l'Outaouais,3,3,16.0
2023-2024,CISSS de l'Outaouais,3,4,910.0
2023-2024,CISSS de l'Outaouais,3,5,3192.0
2023-2024,CISSS de l'Outaouais,3,6,1876.0
2023-2024,CISSS de l'Outaouais,3,9,5860.0
2023-2024,CISSS de l'Outaouais,4,3,2.0
2023-2024,CISSS de l'Outaouais,4,4,10.0
2023-2024,CISSS de l'Outaouais,4,5,42.0
2023-2024,CISSS de l'Outaouais,4,6,30.0
2023-2024,CISSS de l'Outaouais,4,9,84.0
2023-2024,CISSS de l'Outaouais,5,3,2.0
2023-2024,CISSS de l'Outaouais,5,4,4.0
2023-2024,CISSS de l'Outaouais,5,5,8.0
2023-2024,CISSS de l'Outaouais,5,6,10.0
2023-2024,CISSS de l'Outaouais,5,9,24.0
2023-2024,CISSS de l'Outaouais,6,3,16.0
2023-2024,CISSS de l'Outaouais,6,4,910.0
2023-2024,CISSS de l'Outaouais,6,5,3192.0
2023-2024,CISSS de l'Outaouais,6,6,1876.0
2023-2024,CISSS de l'Outaouais,6,9,5860.0
2023-2024,CISSS de l'Outaouais,7,3,2.0
2023-2024,CISSS de l'Outaouais,7,4,10.0
2023-2024,CISSS de l'Outaouais,7,5,42.0
2023-2024,CISSS de l'Outaouais,7,6,30.0
2023-2024,CISSS de l'Outaouais,7,9,84.0
2023-2024,CISSS de l'Outaouais,8,3,2.0
2023-2024,CISSS de l'Outaouais,8,4,4.0
2023-2024,CISSS de l'Outaouais,8,5,8.0
2023-2024,CISSS de l'Outaouais,8,6,10.0
2023-2024,CISSS de l'Outaouais,8,9,24.0
2023-2024,CISSS de l'Outaouais,9,3,16.0
2023-2024,CISSS de l'Outaouais,9,4,910.0
2023-2024,CISSS de l'Outaouais,9,5,3192.0
2023-2024,CISSS de l'Outaouais,9,6,1876.0
2023-2024,CISSS de l'Outaouais,9,9,5860.0
2023-2024,CISSS de l'Outaouais,10,3,2.0
2023-2024,CISSS de l'Outaouais,10,4,10.0
2023-2024,CISSS de l'Outaouais,10,5,42.0
2023-2024,CISSS de l'Outaouais,10,6,30.0
2023-2024,CISSS de l'Outaouais,10,9,84.0
2023-2024,CISSS de l'Outaouais,11,3,2.0
2023-2024,CISSS de l'Outaouais,11,4,4.0
2023-2024,CISSS de l'Outaouais,11,5,8.0
2023-2024,CISSS de l'Outaouais,11,6,10.0
2023-2024,CISSS de l'Outaouais,11,9,24.0
2023-2024,CISSS de la Côte-Nord,1,3,4.0
2023-2024,CISSS de la Côte-Nord,1,4,6.0
2023-2024,CISSS de la Côte-Nord,1,5,50.0
2023-2024,CISSS de la Côte-Nord,1,6,40.0
2023-2024,CISSS de la Côte-Nord,1,7,14.0
2023-2024,CISSS de la Côte-Nord,1,9,80.0
2023-2024,CISSS de la Côte-Nord,2,5,16.0
2023-2024,CISSS de la Côte-Nord,2,6,10.0
2023-2024,CISSS de la Côte-Nord,2,7,2.0
2023-2024,CISSS de la Côte-Nord,2,9,28.0
2023-2024,CISSS de la Côte-Nord,4,3,4.0
2023-2024,CISSS de la Côte-Nord,4,4,6.0
2023-2024,CISSS de la Côte-Nord,4,5,50.0
2023-2024,CISSS de la Côte-Nord,4,6,40.0
2023-2024,CISSS de la Côte-Nord,4,7,14.0
2023-2024,CISSS de la Côte-Nord,4,9,80.0
2023-2024,CISSS de la Côte-Nord,5,5,16.0
2023-2024,CISSS de la Côte-Nord,5,6,10.0
2023-2024,CISSS de la Côte-Nord,5,7,2.0
2023-2024,CISSS de la Côte-Nord,5,9,28.0
2023-2024,CISSS de la Côte-Nord,7,3,4.0
2023-2024,CISSS de la Côte-Nord,7,4,6.0
2023-2024,CISSS de la Côte-Nord,7,5,50.0
2023-2024,CISSS de la Côte-Nord,7,6,40.0
2023-2024,CISSS de la Côte-Nord,7,7,14.0
2023-2024,CISSS de la Côte-Nord,7,9,80.0
2023-2024,CISSS de la Côte-Nord,8,5,16.0
2023-2024,CISSS de la Côte-Nord,8,6,10.0
2023-2024,CISSS de la Côte-Nord,8,7,2.0
2023-2024,CISSS de la Côte-Nord,8,9,28.0
2023-2024,CISSS de la Côte-Nord,10,3,4.0
2023-2024,CISSS de la Côte-Nord,10,4,6.0
2023-2024,CISSS de la Côte-Nord,10,5,50.0
2023-2024,CISSS de la Côte-Nord,10,6,40.0
2023-2024,CISSS de la Côte-Nord,10,7,14.0
2023-2024,CISSS de la Côte-Nord,10,9,112.0
2023-2024,CISSS de la Côte-Nord,11,5,16.0
2023-2024,CISSS de la Côte-Nord,11,6,10.0
2023-2024,CISSS de la Côte-Nord,11,7,2.0
2023-2024,CISSS de la Côte-Nord,11,9,28.0
2023-2024,CISSS de la Montérégie-Ouest,1,3,21.0
2023-2024,CISSS de la Montérégie-Ouest,1,4,52.0
2023-2024,CISSS de la Montérégie-Ouest,1,5,478.0
2023-2024,CISSS de la Montérégie-Ouest,1,6,190.0
2023-2024,CISSS de la Montérégie-Ouest,1,7,10.0
2023-2024,CISSS de la Montérégie-Ouest,1,9,726.0
2023-2024,CISSS de la Montérégie-Ouest,2,3,8.0
2023-2024,CISSS de la Montérégie-Ouest,2,4,18.0
2023-2024,CISSS de la Montérégie-Ouest,2,5,108.0
2023-2024,CISSS de la Montérégie-Ouest,2,6,24.0
2023-2024,CISSS de la Montérégie-Ouest,2,7,6.0
2023-2024,CISSS de la Montérégie-Ouest,2,9,148.0
2023-2024,CISSS de la Montérégie-Ouest,3,3,364.0
2023-2024,CISSS de la Montérégie-Ouest,3,4,1058.0
2023-2024,CISSS de la Montérégie-Ouest,3,5,82984.0
2023-2024,CISSS de la Montérégie-Ouest,3,6,35760.0
2023-2024,CISSS de la Montérégie-Ouest,3,7,676.0
2023-2024,CISSS de la Montérégie-Ouest,3,9,120842.0
2023-2024,CISSS de la Montérégie-Ouest,4,3,21.0
2023-2024,CISSS de la Montérégie-Ouest,4,4,52.0
2023-2024,CISSS de la Montérégie-Ouest,4,5,478.0
2023-2024,CISSS de la Montérégie-Ouest,4,6,190.0
2023-2024,CISSS de la Montérégie-Ouest,4,7,10.0
2023-2024,CISSS de la Montérégie-Ouest,4,9,726.0
2023-2024,CISSS de la Montérégie-Ouest,5,3,8.0
2023-2024,CISSS de la Montérégie-Ouest,5,4,18.0
2023-2024,CISSS de la Montérégie-Ouest,5,5,108.0
2023-2024,CISSS de la Montérégie-Ouest,5,6,24.0
2023-2024,CISSS de la Montérégie-Ouest,5,7,6.0
2023-2024,CISSS de la Montérégie-Ouest,5,9,113.0
2023-2024,CISSS de la Montérégie-Ouest,6,3,364.0
2023-2024,CISSS de la Montérégie-Ouest,6,4,1058.0
2023-2024,CISSS de la Montérégie-Ouest,6,5,82984.0
2023-2024,CISSS de la Montérégie-Ouest,6,6,35760.0
2023-2024,CISSS de la Montérégie-Ouest,6,7,676.0
2023-2024,CISSS de la Montérégie-Ouest,6,9,120842.0
2023-2024,CISSS de la Montérégie-Ouest,7,3,21.0
2023-2024,CISSS de la Montérégie-Ouest,7,4,49.0
2023-2024,CISSS de la Montérégie-Ouest,7,5,478.0
2023-2024,CISSS de la Montérégie-Ouest,7,6,190.0
2023-2024,CISSS de la Montérégie-Ouest,7,7,10.0
2023-2024,CISSS de la Montérégie-Ouest,7,9,726.0
2023-2024,CISSS de la Montérégie-Ouest,8,3,8.0
2023-2024,CISSS de la Montérégie-Ouest,8,4,18.0
2023-2024,CISSS de la Montérégie-Ouest,8,5,108.0
2023-2024,CISSS de la Montérégie-Ouest,8,6,24.0
2023-2024,CISSS de la Montérégie-Ouest,8,7,6.0
2023-2024,CISSS de la Montérégie-Ouest,8,9,113.0
2023-2024,CISSS de la Montérégie-Ouest,9,3,364.0
2023-2024,CISSS de la Montérégie-Ouest,9,4,1058.0
2023-2024,CISSS de la Montérégie-Ouest,9,5,82984.0
2023-2024,CISSS de la Montérégie-Ouest,9,6,35760.0
2023-2024,CISSS de la Montérégie-Ouest,9,7,676.0
2023-2024,CISSS de la Montérégie-Ouest,9,9,120842.0
2023-2024,CISSS de la Montérégie-Ouest,10,3,21.0
2023-2024,CISSS de la Montérégie-Ouest,10,4,49.0
2023-2024,CISSS de la Montérégie-Ouest,10,5,478.0
2023-2024,CISSS de la Montérégie-Ouest,10,6,190.0
2023-2024,CISSS de la Montérégie-Ouest,10,7,10.0
2023-2024,CISSS de la Montérégie-Ouest,10,9,726.0
2023-2024,CISSS de la Montérégie-Ouest,11,3,8.0
2023-2024,CISSS de la Montérégie-Ouest,11,4,18.0
2023-2024,CISSS de la Montérégie-Ouest,11,5,108.0
2023-2024,CISSS de la Montérégie-Ouest,11,6,24.0
2023-2024,CISSS de la Montérégie-Ouest,11,7,6.0
2023-2024,CISSS de la Montérégie-Ouest,11,9,148.0
2023-2024,CISSS des Laurentides,1,3,14.0
2023-2024,CISSS des Laurentides,1,4,66.0
2023-2024,CISSS des Laurentides,1,5,340.0
2023-2024,CISSS des Laurentides,1,6,118.0
2023-2024,CISSS des Laurentides,1,7,10.0
2023-2024,CISSS des Laurentides,1,8,2.0
2023-2024,CISSS des Laurentides,1,9,524.0
2023-2024,CISSS des Laurentides,2,3,7.0
2023-2024,CISSS des Laurentides,2,4,20.0
2023-2024,CISSS des Laurentides,2,5,78.0
2023-2024,CISSS des Laurentides,2,6,18.0
2023-2024,CISSS des Laurentides,2,7,2.0
2023-2024,CISSS des Laurentides,2,9,118.0
2023-2024,CISSS des Laurentides,3,3,400.0
2023-2024,CISSS des Laurentides,3,4,5970.0
2023-2024,CISSS des Laurentides,3,5,48650.0
2023-2024,CISSS des Laurentides,3,6,17073.0
2023-2024,CISSS des Laurentides,3,7,2010.0
2023-2024,CISSS des Laurentides,3,8,268.0
2023-2024,CISSS des Laurentides,3,9,74088.0
2023-2024,CISSS des Laurentides,4,3,14.0
2023-2024,CISSS des Laurentides,4,4,66.0
2023-2024,CISSS des Laurentides,4,5,340.0
2023-2024,CISSS des Laurentides,4,6,118.0
2023-2024,CISSS des Laurentides,4,7,10.0
2023-2024,CISSS des Laurentides,4,8,2.0
2023-2024,CISSS des Laurentides,4,9,524.0
2023-2024,CISSS des Laurentides,5,3,7.0
2023-2024,CISSS des Laurentides,5,4,20.0
2023-2024,CISSS des Laurentides,5,5,78.0
2023-2024,CISSS des Laurentides,5,6,18.0
2023-2024,CISSS des Laurentides,5,7,2.0
2023-2024,CISSS des Laurentides,5,9,118.0
2023-2024,CISSS des Laurentides,6,3,400.0
2023-2024,CISSS des Laurentides,6,4,5970.0
2023-2024,CISSS des Laurentides,6,5,48650.0
2023-2024,CISSS des Laurentides,6,6,17073.0
2023-2024,CISSS des Laurentides,6,7,2010.0
2023-2024,CISSS des Laurentides,6,8,268.0
2023-2024,CISSS des Laurentides,6,9,74088.0
2023-2024,CISSS des Laurentides,7,3,14.0
2023-2024,CISSS des Laurentides,7,4,66.0
2023-2024,CISSS des Laurentides,7,5,340.0
2023-2024,CISSS des Laurentides,7,6,118.0
2023-2024,CISSS des Laurentides,7,7,10.0
2023-2024,CISSS des Laurentides,7,8,2.0
2023-2024,CISSS des Laurentides,7,9,524.0
2023-2024,CISSS des Laurentides,8,3,7.0
2023-2024,CISSS des Laurentides,8,4,20.0
2023-2024,CISSS des Laurentides,8,5,78.0
2023-2024,CISSS des Laurentides,8,6,18.0
2023-2024,CISSS des Laurentides,8,7,2.0
2023-2024,CISSS des Laurentides,8,9,118.0
2023-2024,CISSS des Laurentides,9,3,400.0
2023-2024,CISSS des Laurentides,9,4,5970.0
2023-2024,CISSS des Laurentides,9,5,48650.0
2023-2024,CISSS des Laurentides,9,6,17073.0
2023-2024,CISSS des Laurentides,9,7,2010.0
2023-2024,CISSS des Laurentides,9,8,268.0
2023-2024,CISSS des Laurentides,9,9,74088.0
2023-2024,CISSS des Laurentides,10,3,14.0
2023-2024,CISSS des Laurentides,10,4,66.0
2023-2024,CISSS des Laurentides,10,5,340.0
2023-2024,CISSS des Laurentides,10,6,118.0
2023-2024,CISSS des Laurentides,10,7,9.0
2023-2024,CISSS des Laurentides,10,8,2.0
2023-2024,CISSS des Laurentides,10,9,524.0
2023-2024,CISSS des Laurentides,11,3,7.0
2023-2024,CISSS des Laurentides,11,4,20.0
2023-2024,CISSS des Laurentides,11,5,78.0
2023-2024,CISSS des Laurentides,11,6,18.0
2023-2024,CISSS des Laurentides,11,7,2.0
2023-2024,CISSS des Laurentides,11,9,118.0
2023-2024,CISSS des Îles,1,4,7.0
2023-2024,CISSS des Îles,1,5,12.0
2023-2024,CISSS des Îles,1,6,24.0
2023-2024,CISSS des Îles,1,7,2.0
2023-2024,CISSS des Îles,1,9,44.0
2023-2024,CISSS des Îles,2,4,2.0
2023-2024,CISSS des Îles,2,5,3.0
2023-2024,CISSS des Îles,2,6,13.0
2023-2024,CISSS des Îles,2,9,16.0
2023-2024,CISSS des Îles,3,4,280.0
2023-2024,CISSS des Îles,3,5,1028.0
2023-2024,CISSS des Îles,3,6,2344.0
2023-2024,CISSS des Îles,3,7,78.0
2023-2024,CISSS des Îles,3,9,3730.0
2023-2024,CISSS des Îles,4,4,7.0
2023-2024,CISSS des Îles,4,5,12.0
2023-2024,CISSS des Îles,4,6,24.0
2023-2024,CISSS des Îles,4,7,2.0
2023-2024,CISSS des Îles,4,9,44.0
2023-2024,CISSS des Îles,5,4,2.0
2023-2024,CISSS des Îles,5,5,3.0
2023-2024,CISSS des Îles,5,6,13.0
2023-2024,CISSS des Îles,5,9,16.0
2023-2024,CISSS des Îles,6,4,280.0
2023-2024,CISSS des Îles,6,5,1028.0
2023-2024,CISSS des Îles,6,6,2344.0
2023-2024,CISSS des Îles,6,7,78.0
2023-2024,CISSS des Îles,6,9,3730.0
2023-2024,CISSS des Îles,7,4,7.0
2023-2024,CISSS des Îles,7,5,12.0
2023-2024,CISSS des Îles,7,6,24.0
2023-2024,CISSS des Îles,7,7,2.0
2023-2024,CISSS des Îles,7,9,44.0
2023-2024,CISSS des Îles,8,4,2.0
2023-2024,CISSS des Îles,8,5,3.0
2023-2024,CISSS des Îles,8,6,13.0
2023-2024,CISSS des Îles,8,9,16.0
2023-2024,CISSS des Îles,9,4,280.0
2023-2024,CISSS des Îles,9,5,1028.0
2023-2024,CISSS des Îles,9,6,2344.0
2023-2024,CISSS des Îles,9,7,78.0
2023-2024,CISSS des Îles,9,9,3730.0
2023-2024,CISSS des Îles,10,4,7.0
2023-2024,CISSS des Îles,10,5,12.0
2023-2024,CISSS des Îles,10,6,24.0
2023-2024,CISSS des Îles,10,7,2.0
2023-2024,CISSS des Îles,10,9,44.0
2023-2024,CISSS des Îles,11,4,2.0
2023-2024,CISSS des Îles,11,5,3.0
2023-2024,CISSS des Îles,11,6,13.0
2023-2024,CISSS des Îles,11,9,16.0
2023-2024,CISSS du Bas-St-Laurent,1,3,3.0
2023-2024,CISSS du Bas-St-Laurent,1,4,26.0
2023-2024,CISSS du Bas-St-Laurent,1,5,232.0
2023-2024,CISSS du Bas-St-Laurent,1,6,128.0
2023-2024,CISSS du Bas-St-Laurent,1,7,36.0
2023-2024,CISSS du Bas-St-Laurent,1,8,6.0
2023-2024,CISSS du Bas-St-Laurent,1,9,426.0
2023-2024,CISSS du Bas-St-Laurent,2,4,9.0
2023-2024,CISSS du Bas-St-Laurent,2,5,40.0
2023-2024,CISSS du Bas-St-Laurent,2,6,18.0
2023-2024,CISSS du Bas-St-Laurent,2,9,64.0
2023-2024,CISSS du Bas-St-Laurent,3,3,15.0
2023-2024,CISSS du Bas-St-Laurent,3,4,2662.0
2023-2024,CISSS du Bas-St-Laurent,3,5,35474.0
2023-2024,CISSS du Bas-St-Laurent,3,6,12565.0
2023-2024,CISSS du Bas-St-Laurent,3,7,4890.0
2023-2024,CISSS du Bas-St-Laurent,3,8,412.0
2023-2024,CISSS du Bas-St-Laurent,3,9,58592.0
2023-2024,CISSS du Bas-St-Laurent,4,3,3.0
2023-2024,CISSS du Bas-St-Laurent,4,4,26.0
2023-2024,CISSS du Bas-St-Laurent,4,5,232.0
2023-2024,CISSS du Bas-St-Laurent,4,6,128.0
2023-2024,CISSS du Bas-St-Laurent,4,7,36.0
2023-2024,CISSS du Bas-St-Laurent,4,8,6.0
2023-2024,CISSS du Bas-St-Laurent,4,9,426.0
2023-2024,CISSS du Bas-St-Laurent,5,4,9.0
2023-2024,CISSS du Bas-St-Laurent,5,5,40.0
2023-2024,CISSS du Bas-St-Laurent,5,6,18.0
2023-2024,CISSS du Bas-St-Laurent,5,9,64.0
2023-2024,CISSS du Bas-St-Laurent,6,3,15.0
2023-2024,CISSS du Bas-St-Laurent,6,4,2662.0
2023-2024,CISSS du Bas-St-Laurent,6,5,35474.0
2023-2024,CISSS du Bas-St-Laurent,6,6,12565.0
2023-2024,CISSS du Bas-St-Laurent,6,7,4890.0
2023-2024,CISSS du Bas-St-Laurent,6,8,412.0
2023-2024,CISSS du Bas-St-Laurent,6,9,58592.0
2023-2024,CISSS du Bas-St-Laurent,7,3,3.0
2023-2024,CISSS du Bas-St-Laurent,7,4,26.0
2023-2024,CISSS du Bas-St-Laurent,7,5,232.0
2023-2024,CISSS du Bas-St-Laurent,7,6,126.0
2023-2024,CISSS du Bas-St-Laurent,7,7,36.0
2023-2024,CISSS du Bas-St-Laurent,7,8,6.0
2023-2024,CISSS du Bas-St-Laurent,7,9,426.0
2023-2024,CISSS du Bas-St-Laurent,8,4,9.0
2023-2024,CISSS du Bas-St-Laurent,8,5,40.0
2023-2024,CISSS du Bas-St-Laurent,8,6,18.0
2023-2024,CISSS du Bas-St-Laurent,8,9,64.0
2023-2024,CISSS du Bas-St-Laurent,9,3,15.0
2023-2024,CISSS du Bas-St-Laurent,9,4,2662.0
2023-2024,CISSS du Bas-St-Laurent,9,5,35474.0
2023-2024,CISSS du Bas-St-Laurent,9,6,10163.0
2023-2024,CISSS du Bas-St-Laurent,9,7,4890.0
2023-2024,CISSS du Bas-St-Laurent,9,8,412.0
2023-2024,CISSS du Bas-St-Laurent,9,9,58592.0
2023-2024,CISSS du Bas-St-Laurent,10,3,3.0
2023-2024,CISSS du Bas-St-Laurent,10,4,26.0
2023-2024,CISSS du Bas-St-Laurent,10,5,232.0
2023-2024,CISSS du Bas-St-Laurent,10,6,126.0
2023-2024,CISSS du Bas-St-Laurent,10,7,36.0
2023-2024,CISSS du Bas-St-Laurent,10,8,6.0
2023-2024,CISSS du Bas-St-Laurent,10,9,426.0
2023-2024,CISSS du Bas-St-Laurent,11,4,9.0
2023-2024,CISSS du Bas-St-Laurent,11,5,40.0
2023-2024,CISSS du Bas-St-Laurent,11,6,18.0
2023-2024,CISSS du Bas-St-Laurent,11,9,64.0
2023-2024,CIUSSS de l'Estrie - CHUS,1,4,10.0
2023-2024,CIUSSS de l'Estrie - CHUS,1,5,240.0
2023-2024,CIUSSS de l'Estrie - CHUS,1,6,147.0
2023-2024,CIUSSS de l'Estrie - CHUS,1,7,16.0
2023-2024,CIUSSS de l'Estrie - CHUS,1,9,412.0
2023-2024,CIUSSS de l'Estrie - CHUS,2,4,6.0
2023-2024,CIUSSS de l'Estrie - CHUS,2,5,46.0
2023-2024,CIUSSS de l'Estrie - CHUS,2,6,18.0
2023-2024,CIUSSS de l'Estrie - CHUS,2,7,4.0
2023-2024,CIUSSS de l'Estrie - CHUS,2,9,74.0
2023-2024,CIUSSS de l'Estrie - CHUS,3,4,273.0
2023-2024,CIUSSS de l'Estrie - CHUS,3,5,30230.0
2023-2024,CIUSSS de l'Estrie - CHUS,3,6,20969.0
2023-2024,CIUSSS de l'Estrie - CHUS,3,7,1532.0
2023-2024,CIUSSS de l'Estrie - CHUS,3,9,33854.0
2023-2024,CIUSSS de l'Estrie - CHUS,4,4,10.0
2023-2024,CIUSSS de l'Estrie - CHUS,4,5,240.0
2023-2024,CIUSSS de l'Estrie - CHUS,4,6,147.0
2023-2024,CIUSSS de l'Estrie - CHUS,4,7,16.0
2023-2024,CIUSSS de l'Estrie - CHUS,4,9,412.0
2023-2024,CIUSSS de l'Estrie - CHUS,5,4,6.0
2023-2024,CIUSSS de l'Estrie - CHUS,5,5,46.0
2023-2024,CIUSSS de l'Estrie - CHUS,5,6,18.0
2023-2024,CIUSSS de l'Estrie - CHUS,5,7,4.0
2023-2024,CIUSSS de l'Estrie - CHUS,5,9,74.0
2023-2024,CIUSSS de l'Estrie - CHUS,6,4,273.0
2023-2024,CIUSSS de l'Estrie - CHUS,6,5,30230.0
2023-2024,CIUSSS de l'Estrie - CHUS,6,6,20969.0
2023-2024,CIUSSS de l'Estrie - CHUS,6,7,1532.0
2023-2024,CIUSSS de l'Estrie - CHUS,6,9,33854.0
2023-2024,CIUSSS de l'Estrie - CHUS,7,4,10.0
2023-2024,CIUSSS de l'Estrie - CHUS,7,5,240.0
2023-2024,CIUSSS de l'Estrie - CHUS,7,6,147.0
2023-2024,CIUSSS de l'Estrie - CHUS,7,7,16.0
2023-2024,CIUSSS de l'Estrie - CHUS,7,9,412.0
2023-2024,CIUSSS de l'Estrie - CHUS,8,4,6.0
2023-2024,CIUSSS de l'Estrie - CHUS,8,5,46.0
2023-2024,CIUSSS de l'Estrie - CHUS,8,6,18.0
2023-2024,CIUSSS de l'Estrie - CHUS,8,7,4.0
2023-2024,CIUSSS de l'Estrie - CHUS,8,9,74.0
2023-2024,CIUSSS de l'Estrie - CHUS,9,4,273.0
2023-2024,CIUSSS de l'Estrie - CHUS,9,5,30230.0
2023-2024,CIUSSS de l'Estrie - CHUS,9,6,20969.0
2023-2024,CIUSSS de l'Estrie - CHUS,9,7,1532.0
2023-2024,CIUSSS de l'Estrie - CHUS,9,9,33854.0
2023-2024,CIUSSS de l'Estrie - CHUS,10,4,10.0
2023-2024,CIUSSS de l'Estrie - CHUS,10,5,240.0
2023-2024,CIUSSS de l'Estrie - CHUS,10,6,147.0
2023-2024,CIUSSS de l'Estrie - CHUS,10,7,16.0
2023-2024,CIUSSS de l'Estrie - CHUS,10,9,412.0
2023-2024,CIUSSS de l'Estrie - CHUS,11,4,6.0
2023-2024,CIUSSS de l'Estrie - CHUS,11,5,46.0
2023-2024,CIUSSS de l'Estrie - CHUS,11,6,18.0
2023-2024,CIUSSS de l'Estrie - CHUS,11,7,4.0
2023-2024,CIUSSS de l'Estrie - CHUS,11,9,74.0
2023-2024,CIUSSS de l'Ouest-de-l'Île-de-Montréal,1,4,16.0
2023-2024,CIUSSS de l'Ouest-de-l'Île-de-Montréal,1,5,348.0
2023-2024,CIUSSS de l'Ouest-de-l'Île-de-Montréal,1,6,172.0
2023-2024,CIUSSS de l'Ouest-de-l'Île-de-Montréal,1,7,6.0
2023-2024,CIUSSS de l'Ouest-de-l'Île-de-Montréal,1,9,351.0
2023-2024,CIUSSS de l'Ouest-de-l'Île-de-Montréal,2,4,8.0
2023-2024,CIUSSS de l'Ouest-de-l'Île-de-Montréal,2,5,46.0
2023-2024,CIUSSS de l'Ouest-de-l'Île-de-Montréal,2,6,14.0
2023-2024,CIUSSS de l'Ouest-de-l'Île-de-Montréal,2,7,2.0
2023-2024,CIUSSS de l'Ouest-de-l'Île-de-Montréal,2,9,62.0
2023-2024,CIUSSS de l'Ouest-de-l'Île-de-Montréal,3,4,254.0
2023-2024,CIUSSS de l'Ouest-de-l'Île-de-Montréal,3,5,47010.0
2023-2024,CIUSSS de l'Ouest-de-l'Île-de-Montréal,3,6,42414.0
2023-2024,CIUSSS de l'Ouest-de-l'Île-de-Montréal,3,7,1138.0
2023-2024,CIUSSS de l'Ouest-de-l'Île-de-Montréal,3,9,120296.0
2023-2024,CIUSSS de l'Ouest-de-l'Île-de-Montréal,4,4,16.0
2023-2024,CIUSSS de l'Ouest-de-l'Île-de-Montréal,4,5,348.0
2023-2024,CIUSSS de l'Ouest-de-l'Île-de-Montréal,4,6,172.0
2023-2024,CIUSSS de l'Ouest-de-l'Île-de-Montréal,4,7,6.0
2023-2024,CIUSSS de l'Ouest-de-l'Île-de-Montréal,4,9,351.0
2023-2024,CIUSSS de l'Ouest-de-l'Île-de-Montréal,5,4,8.0
2023-2024,CIUSSS de l'Ouest-de-l'Île-de-Montréal,5,5,46.0
2023-2024,CIUSSS de l'Ouest-de-l'Île-de-Montréal,5,6,14.0
2023-2024,CIUSSS de l'Ouest-de-l'Île-de-Montréal,5,7,2.0
2023-2024,CIUSSS de l'Ouest-de-l'Île-de-Montréal,5,9,62.0
2023-2024,CIUSSS de l'Ouest-de-l'Île-de-Montréal,6,4,254.0
2023-2024,CIUSSS de l'Ouest-de-l'Île-de-Montréal,6,5,47010.0
2023-2024,CIUSSS de l'Ouest-de-l'Île-de-Montréal,6,6,42414.0
2023-2024,CIUSSS de l'Ouest-de-l'Île-de-Montréal,6,7,1138.0
2023-2024,CIUSSS de l'Ouest-de-l'Île-de-Montréal,6,9,120296.0
2023-2024,CIUSSS de l'Ouest-de-l'Île-de-Montréal,7,4,16.0
2023-2024,CIUSSS de l'Ouest-de-l'Île-de-Montréal,7,5,348.0
2023-2024,CIUSSS de l'Ouest-de-l'Île-de-Montréal,7,6,172.0
2023-2024,CIUSSS de l'Ouest-de-l'Île-de-Montréal,7,7,6.0
2023-2024,CIUSSS de l'Ouest-de-l'Île-de-Montréal,7,9,351.0
2023-2024,CIUSSS de l'Ouest-de-l'Île-de-Montréal,8,4,8.0
2023-2024,CIUSSS de l'Ouest-de-l'Île-de-Montréal,8,5,46.0
2023-2024,CIUSSS de l'Ouest-de-l'Île-de-Montréal,8,6,14.0
2023-2024,CIUSSS de l'Ouest-de-l'Île-de-Montréal,8,7,2.0
2023-2024,CIUSSS de l'Ouest-de-l'Île-de-Montréal,8,9,62.0
2023-2024,CIUSSS de l'Ouest-de-l'Île-de-Montréal,9,4,254.0
2023-2024,CIUSSS de l'Ouest-de-l'Île-de-Montréal,9,5,76744.0
2023-2024,CIUSSS de l'Ouest-de-l'Île-de-Montréal,9,6,42414.0
2023-2024,CIUSSS de l'Ouest-de-l'Île-de-Montréal,9,7,1138.0
2023-2024,CIUSSS de l'Ouest-de-l'Île-de-Montréal,9,9,120296.0
2023-2024,CIUSSS de l'Ouest-de-l'Île-de-Montréal,10,4,16.0
2023-2024,CIUSSS de l'Ouest-de-l'Île-de-Montréal,10,5,348.0
2023-2024,CIUSSS de l'Ouest-de-l'Île-de-Montréal,10,6,172.0
2023-2024,CIUSSS de l'Ouest-de-l'Île-de-Montréal,10,7,6.0
2023-2024,CIUSSS de l'Ouest-de-l'Île-de-Montréal,10,9,526.0
2023-2024,CIUSSS de l'Ouest-de-l'Île-de-Montréal,11,4,8.0
2023-2024,CIUSSS de l'Ouest-de-l'Île-de-Montréal,11,5,46.0
2023-2024,CIUSSS de l'Ouest-de-l'Île-de-Montréal,11,6,14.0
2023-2024,CIUSSS de l'Ouest-de-l'Île-de-Montréal,11,7,2.0
2023-2024,CIUSSS de l'Ouest-de-l'Île-de-Montréal,11,9,62.0
2023-2024,CIUSSS de la Capitale-Nationale,1,4,18.0
2023-2024,CIUSSS de la Capitale-Nationale,1,5,332.0
2023-2024,CIUSSS de la Capitale-Nationale,1,6,168.0
2023-2024,CIUSSS de la Capitale-Nationale,1,7,8.0
2023-2024,CIUSSS de la Capitale-Nationale,1,9,516.0
2023-2024,CIUSSS de la Capitale-Nationale,2,4,5.0
2023-2024,CIUSSS de la Capitale-Nationale,2,5,32.0
2023-2024,CIUSSS de la Capitale-Nationale,2,6,28.0
2023-2024,CIUSSS de la Capitale-Nationale,2,7,4.0
2023-2024,CIUSSS de la Capitale-Nationale,2,9,68.0
2023-2024,CIUSSS de la Capitale-Nationale,3,4,1590.0
2023-2024,CIUSSS de la Capitale-Nationale,3,5,43624.0
2023-2024,CIUSSS de la Capitale-Nationale,3,6,18824.0
2023-2024,CIUSSS de la Capitale-Nationale,3,7,998.0
2023-2024,CIUSSS de la Capitale-Nationale,3,9,63958.0
2023-2024,CIUSSS de la Capitale-Nationale,4,4,18.0
2023-2024,CIUSSS de la Capitale-Nationale,4,5,332.0
2023-2024,CIUSSS de la Capitale-Nationale,4,6,168.0
2023-2024,CIUSSS de la Capitale-Nationale,4,7,8.0
2023-2024,CIUSSS de la Capitale-Nationale,4,9,516.0
2023-2024,CIUSSS de la Capitale-Nationale,5,4,5.0
2023-2024,CIUSSS de la Capitale-Nationale,5,5,32.0
2023-2024,CIUSSS de la Capitale-Nationale,5,6,28.0
2023-2024,CIUSSS de la Capitale-Nationale,5,7,4.0
2023-2024,CIUSSS de la Capitale-Nationale,5,9,68.0
2023-2024,CIUSSS de la Capitale-Nationale,6,4,1590.0
2023-2024,CIUSSS de la Capitale-Nationale,6,5,43624.0
2023-2024,CIUSSS de la Capitale-Nationale,6,6,18824.0
2023-2024,CIUSSS de la Capitale-Nationale,6,7,998.0
2023-2024,CIUSSS de la Capitale-Nationale,6,9,63958.0
2023-2024,CIUSSS de la Capitale-Nationale,7,4,18.0
2023-2024,CIUSSS de la Capitale-Nationale,7,5,332.0
2023-2024,CIUSSS de la Capitale-Nationale,7,6,168.0
2023-2024,CIUSSS de la Capitale-Nationale,7,7,8.0
2023-2024,CIUSSS de la Capitale-Nationale,7,9,516.0
2023-2024,CIUSSS de la Capitale-Nationale,8,4,5.0
2023-2024,CIUSSS de la Capitale-Nationale,8,5,32.0
2023-2024,CIUSSS de la Capitale-Nationale,8,6,28.0
2023-2024,CIUSSS de la Capitale-Nationale,8,7,4.0
2023-2024,CIUSSS de la Capitale-Nationale,8,9,68.0
2023-2024,CIUSSS de la Capitale-Nationale,9,4,1590.0
2023-2024,CIUSSS de la Capitale-Nationale,9,5,43624.0
2023-2024,CIUSSS de la Capitale-Nationale,9,6,18824.0
2023-2024,CIUSSS de la Capitale-Nationale,9,7,998.0
2023-2024,CIUSSS de la Capitale-Nationale,9,9,63958.0
2023-2024,CIUSSS de la Capitale-Nationale,10,4,18.0
2023-2024,CIUSSS de la Capitale-Nationale,10,5,332.0
2023-2024,CIUSSS de la Capitale-Nationale,10,6,168.0
2023-2024,CIUSSS de la Capitale-Nationale,10,7,8.0
2023-2024,CIUSSS de la Capitale-Nationale,10,9,516.0
2023-2024,CIUSSS de la Capitale-Nationale,11,4,5.0
2023-2024,CIUSSS de la Capitale-Nationale,11,5,32.0
2023-2024,CIUSSS de la Capitale-Nationale,11,6,28.0
2023-2024,CIUSSS de la Capitale-Nationale,11,7,4.0
2023-2024,CIUSSS de la Capitale-Nationale,11,9,68.0
2023-2024,CIUSSS de la Mauricie-et-du-Centre-du-Québec,1,3,36.0
2023-2024,CIUSSS de la Mauricie-et-du-Centre-du-Québec,1,4,88.0
2023-2024,CIUSSS de la Mauricie-et-du-Centre-du-Québec,1,5,482.0
2023-2024,CIUSSS de la Mauricie-et-du-Centre-du-Québec,1,6,158.0
2023-2024,CIUSSS de la Mauricie-et-du-Centre-du-Québec,1,9,752.0
2023-2024,CIUSSS de la Mauricie-et-du-Centre-du-Québec,2,3,36.0
2023-2024,CIUSSS de la Mauricie-et-du-Centre-du-Québec,2,4,45.0
2023-2024,CIUSSS de la Mauricie-et-du-Centre-du-Québec,2,5,72.0
2023-2024,CIUSSS de la Mauricie-et-du-Centre-du-Québec,2,6,22.0
2023-2024,CIUSSS de la Mauricie-et-du-Centre-du-Québec,2,9,166.0
2023-2024,CIUSSS de la Mauricie-et-du-Centre-du-Québec,3,3,899.0
2023-2024,CIUSSS de la Mauricie-et-du-Centre-du-Québec,3,4,8251.0
2023-2024,CIUSSS de la Mauricie-et-du-Centre-du-Québec,3,5,91134.0
2023-2024,CIUSSS de la Mauricie-et-du-Centre-du-Québec,3,6,24434.0
2023-2024,CIUSSS de la Mauricie-et-du-Centre-du-Québec,3,9,119687.0
2023-2024,CIUSSS de la Mauricie-et-du-Centre-du-Québec,4,3,36.0
2023-2024,CIUSSS de la Mauricie-et-du-Centre-du-Québec,4,4,88.0
2023-2024,CIUSSS de la Mauricie-et-du-Centre-du-Québec,4,5,482.0
2023-2024,CIUSSS de la Mauricie-et-du-Centre-du-Québec,4,6,158.0
2023-2024,CIUSSS de la Mauricie-et-du-Centre-du-Québec,4,9,752.0
2023-2024,CIUSSS de la Mauricie-et-du-Centre-du-Québec,5,3,36.0
2023-2024,CIUSSS de la Mauricie-et-du-Centre-du-Québec,5,4,45.0
2023-2024,CIUSSS de la Mauricie-et-du-Centre-du-Québec,5,5,72.0
2023-2024,CIUSSS de la Mauricie-et-du-Centre-du-Québec,5,6,22.0
2023-2024,CIUSSS de la Mauricie-et-du-Centre-du-Québec,5,9,166.0
2023-2024,CIUSSS de la Mauricie-et-du-Centre-du-Québec,6,3,1166.0
2023-2024,CIUSSS de la Mauricie-et-du-Centre-du-Québec,6,4,8251.0
2023-2024,CIUSSS de la Mauricie-et-du-Centre-du-Québec,6,5,91134.0
2023-2024,CIUSSS de la Mauricie-et-du-Centre-du-Québec,6,6,24434.0
2023-2024,CIUSSS de la Mauricie-et-du-Centre-du-Québec,6,9,119687.0
2023-2024,CIUSSS de la Mauricie-et-du-Centre-du-Québec,7,3,36.0
2023-2024,CIUSSS de la Mauricie-et-du-Centre-du-Québec,7,4,88.0
2023-2024,CIUSSS de la Mauricie-et-du-Centre-du-Québec,7,5,482.0
2023-2024,CIUSSS de la Mauricie-et-du-Centre-du-Québec,7,6,158.0
2023-2024,CIUSSS de la Mauricie-et-du-Centre-du-Québec,7,9,752.0
2023-2024,CIUSSS de la Mauricie-et-du-Centre-du-Québec,8,3,36.0
2023-2024,CIUSSS de la Mauricie-et-du-Centre-du-Québec,8,4,45.0
2023-2024,CIUSSS de la Mauricie-et-du-Centre-du-Québec,8,5,72.0
2023-2024,CIUSSS de la Mauricie-et-du-Centre-du-Québec,8,6,22.0
2023-2024,CIUSSS de la Mauricie-et-du-Centre-du-Québec,8,9,166.0
2023-2024,CIUSSS de la Mauricie-et-du-Centre-du-Québec,9,3,1166.0
2023-2024,CIUSSS de la Mauricie-et-du-Centre-du-Québec,9,4,8251.0
2023-2024,CIUSSS de la Mauricie-et-du-Centre-du-Québec,9,5,91134.0
2023-2024,CIUSSS de la Mauricie-et-du-Centre-du-Québec,9,6,24434.0
2023-2024,CIUSSS de la Mauricie-et-du-Centre-du-Québec,9,9,119687.0
2023-2024,CIUSSS de la Mauricie-et-du-Centre-du-Québec,10,3,36.0
2023-2024,CIUSSS de la Mauricie-et-du-Centre-du-Québec,10,4,88.0
2023-2024,CIUSSS de la Mauricie-et-du-Centre-du-Québec,10,5,482.0
2023-2024,CIUSSS de la Mauricie-et-du-Centre-du-Québec,10,6,158.0
2023-2024,CIUSSS de la Mauricie-et-du-Centre-du-Québec,10,9,752.0
2023-2024,CIUSSS de la Mauricie-et-du-Centre-du-Québec,11,3,36.0
2023-2024,CIUSSS de la Mauricie-et-du-Centre-du-Québec,11,4,45.0
2023-2024,CIUSSS de la Mauricie-et-du-Centre-du-Québec,11,5,72.0
2023-2024,CIUSSS de la Mauricie-et-du-Centre-du-Québec,11,6,22.0
2023-2024,CIUSSS de la Mauricie-et-du-Centre-du-Québec,11,9,166.0
2023-2024,CIUSSS du Centre-Ouest-de-l'Île-de-Montréal,1,4,8.0
2023-2024,CIUSSS du Centre-Ouest-de-l'Île-de-Montréal,1,5,182.0
2023-2024,CIUSSS du Centre-Ouest-de-l'Île-de-Montréal,1,6,28.0
2023-2024,CIUSSS du Centre-Ouest-de-l'Île-de-Montréal,1,7,6.0
2023-2024,CIUSSS du Centre-Ouest-de-l'Île-de-Montréal,1,9,224.0
2023-2024,CIUSSS du Centre-Ouest-de-l'Île-de-Montréal,2,5,8.0
2023-2024,CIUSSS du Centre-Ouest-de-l'Île-de-Montréal,2,7,2.0
2023-2024,CIUSSS du Centre-Ouest-de-l'Île-de-Montréal,2,9,10.0
2023-2024,CIUSSS du Centre-Ouest-de-l'Île-de-Montréal,3,4,360.0
2023-2024,CIUSSS du Centre-Ouest-de-l'Île-de-Montréal,3,5,33656.0
2023-2024,CIUSSS du Centre-Ouest-de-l'Île-de-Montréal,3,6,9378.0
2023-2024,CIUSSS du Centre-Ouest-de-l'Île-de-Montréal,3,7,704.0
2023-2024,CIUSSS du Centre-Ouest-de-l'Île-de-Montréal,3,9,44098.0
2023-2024,CIUSSS du Centre-Ouest-de-l'Île-de-Montréal,4,4,8.0
2023-2024,CIUSSS du Centre-Ouest-de-l'Île-de-Montréal,4,5,182.0
2023-2024,CIUSSS du Centre-Ouest-de-l'Île-de-Montréal,4,6,28.0
2023-2024,CIUSSS du Centre-Ouest-de-l'Île-de-Montréal,4,7,6.0
2023-2024,CIUSSS du Centre-Ouest-de-l'Île-de-Montréal,4,9,224.0
2023-2024,CIUSSS du Centre-Ouest-de-l'Île-de-Montréal,5,5,8.0
2023-2024,CIUSSS du Centre-Ouest-de-l'Île-de-Montréal,5,7,2.0
2023-2024,CIUSSS du Centre-Ouest-de-l'Île-de-Montréal,5,9,10.0
2023-2024,CIUSSS du Centre-Ouest-de-l'Île-de-Montréal,6,4,382.0
2023-2024,CIUSSS du Centre-Ouest-de-l'Île-de-Montréal,6,5,33656.0
2023-2024,CIUSSS du Centre-Ouest-de-l'Île-de-Montréal,6,6,9378.0
2023-2024,CIUSSS du Centre-Ouest-de-l'Île-de-Montréal,6,7,704.0
2023-2024,CIUSSS du Centre-Ouest-de-l'Île-de-Montréal,6,9,44098.0
2023-2024,CIUSSS du Centre-Ouest-de-l'Île-de-Montréal,7,4,8.0
2023-2024,CIUSSS du Centre-Ouest-de-l'Île-de-Montréal,7,5,182.0
2023-2024,CIUSSS du Centre-Ouest-de-l'Île-de-Montréal,7,6,28.0
2023-2024,CIUSSS du Centre-Ouest-de-l'Île-de-Montréal,7,7,6.0
2023-2024,CIUSSS du Centre-Ouest-de-l'Île-de-Montréal,7,9,224.0
2023-2024,CIUSSS du Centre-Ouest-de-l'Île-de-Montréal,8,5,8.0
2023-2024,CIUSSS du Centre-Ouest-de-l'Île-de-Montréal,8,7,2.0
2023-2024,CIUSSS du Centre-Ouest-de-l'Île-de-Montréal,8,9,10.0
2023-2024,CIUSSS du Centre-Ouest-de-l'Île-de-Montréal,9,4,382.0
2023-2024,CIUSSS du Centre-Ouest-de-l'Île-de-Montréal,9,5,33656.0
2023-2024,CIUSSS du Centre-Ouest-de-l'Île-de-Montréal,9,6,9378.0
2023-2024,CIUSSS du Centre-Ouest-de-l'Île-de-Montréal,9,7,704.0
2023-2024,CIUSSS du Centre-Ouest-de-l'Île-de-Montréal,9,9,44098.0
2023-2024,CIUSSS du Centre-Ouest-de-l'Île-de-Montréal,10,4,8.0
2023-2024,CIUSSS du Centre-Ouest-de-l'Île-de-Montréal,10,5,182.0
2023-2024,CIUSSS du Centre-Ouest-de-l'Île-de-Montréal,10,6,28.0
2023-2024,CIUSSS du Centre-Ouest-de-l'Île-de-Montréal,10,7,6.0
2023-2024,CIUSSS du Centre-Ouest-de-l'Île-de-Montréal,10,9,224.0
2023-2024,CIUSSS du Centre-Ouest-de-l'Île-de-Montréal,11,5,8.0
2023-2024,CIUSSS du Centre-Ouest-de-l'Île-de-Montréal,11,7,2.0
2023-2024,CIUSSS du Centre-Ouest-de-l'Île-de-Montréal,11,9,10.0
2023-2024,CIUSSS du Centre-Sud-de-l'Île-de-Montréal,1,4,22.0
2023-2024,CIUSSS du Centre-Sud-de-l'Île-de-Montréal,1,5,415.0
2023-2024,CIUSSS du Centre-Sud-de-l'Île-de-Montréal,1,6,304.0
2023-2024,CIUSSS du Centre-Sud-de-l'Île-de-Montréal,1,7,14.0
2023-2024,CIUSSS du Centre-Sud-de-l'Île-de-Montréal,1,9,880.0
2023-2024,CIUSSS du Centre-Sud-de-l'Île-de-Montréal,2,4,2.0
2023-2024,CIUSSS du Centre-Sud-de-l'Île-de-Montréal,2,5,59.0
2023-2024,CIUSSS du Centre-Sud-de-l'Île-de-Montréal,2,6,37.0
2023-2024,CIUSSS du Centre-Sud-de-l'Île-de-Montréal,2,7,10.0
2023-2024,CIUSSS du Centre-Sud-de-l'Île-de-Montréal,2,9,107.0
2023-2024,CIUSSS du Centre-Sud-de-l'Île-de-Montréal,3,4,1587.0
2023-2024,CIUSSS du Centre-Sud-de-l'Île-de-Montréal,3,5,101567.0
2023-2024,CIUSSS du Centre-Sud-de-l'Île-de-Montréal,3,6,56364.0
2023-2024,CIUSSS du Centre-Sud-de-l'Île-de-Montréal,3,7,1911.0
2023-2024,CIUSSS du Centre-Sud-de-l'Île-de-Montréal,3,9,156034.0
2023-2024,CIUSSS du Centre-Sud-de-l'Île-de-Montréal,4,4,22.0
2023-2024,CIUSSS du Centre-Sud-de-l'Île-de-Montréal,4,5,415.0
2023-2024,CIUSSS du Centre-Sud-de-l'Île-de-Montréal,4,6,304.0
2023-2024,CIUSSS du Centre-Sud-de-l'Île-de-Montréal,4,7,14.0
2023-2024,CIUSSS du Centre-Sud-de-l'Île-de-Montréal,4,9,880.0
2023-2024,CIUSSS du Centre-Sud-de-l'Île-de-Montréal,5,4,2.0
2023-2024,CIUSSS du Centre-Sud-de-l'Île-de-Montréal,5,5,59.0
2023-2024,CIUSSS du Centre-Sud-de-l'Île-de-Montréal,5,6,37.0
2023-2024,CIUSSS du Centre-Sud-de-l'Île-de-Montréal,5,7,10.0
2023-2024,CIUSSS du Centre-Sud-de-l'Île-de-Montréal,5,9,107.0
2023-2024,CIUSSS du Centre-Sud-de-l'Île-de-Montréal,6,4,1587.0
2023-2024,CIUSSS du Centre-Sud-de-l'Île-de-Montréal,6,5,101567.0
2023-2024,CIUSSS du Centre-Sud-de-l'Île-de-Montréal,6,6,56364.0
2023-2024,CIUSSS du Centre-Sud-de-l'Île-de-Montréal,6,7,1911.0
2023-2024,CIUSSS du Centre-Sud-de-l'Île-de-Montréal,6,9,156034.0
2023-2024,CIUSSS du Centre-Sud-de-l'Île-de-Montréal,7,4,22.0
2023-2024,CIUSSS du Centre-Sud-de-l'Île-de-Montréal,7,5,415.0
2023-2024,CIUSSS du Centre-Sud-de-l'Île-de-Montréal,7,6,304.0
2023-2024,CIUSSS du Centre-Sud-de-l'Île-de-Montréal,7,7,14.0
2023-2024,CIUSSS du Centre-Sud-de-l'Île-de-Montréal,7,9,880.0
2023-2024,CIUSSS du Centre-Sud-de-l'Île-de-Montréal,8,4,2.0
2023-2024,CIUSSS du Centre-Sud-de-l'Île-de-Montréal,8,5,59.0
2023-2024,CIUSSS du Centre-Sud-de-l'Île-de-Montréal,8,6,37.0
2023-2024,CIUSSS du Centre-Sud-de-l'Île-de-Montréal,8,7,10.0
2023-2024,CIUSSS du Centre-Sud-de-l'Île-de-Montréal,8,9,107.0
2023-2024,CIUSSS du Centre-Sud-de-l'Île-de-Montréal,9,4,1587.0
2023-2024,CIUSSS du Centre-Sud-de-l'Île-de-Montréal,9,5,101567.0
2023-2024,CIUSSS du Centre-Sud-de-l'Île-de-Montréal,9,6,56364.0
2023-2024,CIUSSS du Centre-Sud-de-l'Île-de-Montréal,9,7,1911.0
2023-2024,CIUSSS du Centre-Sud-de-l'Île-de-Montréal,9,9,156034.0
2023-2024,CIUSSS du Centre-Sud-de-l'Île-de-Montréal,10,4,22.0
2023-2024,CIUSSS du Centre-Sud-de-l'Île-de-Montréal,10,5,560.0
2023-2024,CIUSSS du Centre-Sud-de-l'Île-de-Montréal,10,6,304.0
2023-2024,CIUSSS du Centre-Sud-de-l'Île-de-Montréal,10,7,14.0
2023-2024,CIUSSS du Centre-Sud-de-l'Île-de-Montréal,10,9,880.0
2023-2024,CIUSSS du Centre-Sud-de-l'Île-de-Montréal,11,4,2.0
2023-2024,CIUSSS du Centre-Sud-de-l'Île-de-Montréal,11,5,59.0
2023-2024,CIUSSS du Centre-Sud-de-l'Île-de-Montréal,11,6,37.0
2023-2024,CIUSSS du Centre-Sud-de-l'Île-de-Montréal,11,7,10.0
2023-2024,CIUSSS du Centre-Sud-de-l'Île-de-Montréal,11,9,107.0
2023-2024,CIUSSS du SaguenayLac-St-Jean,1,3,2.0
2023-2024,CIUSSS du SaguenayLac-St-Jean,1,4,52.0
2023-2024,CIUSSS du SaguenayLac-St-Jean,1,5,242.0
2023-2024,CIUSSS du SaguenayLac-St-Jean,1,6,127.0
2023-2024,CIUSSS du SaguenayLac-St-Jean,1,7,20.0
2023-2024,CIUSSS du SaguenayLac-St-Jean,1,8,2.0
2023-2024,CIUSSS du SaguenayLac-St-Jean,1,9,441.0
2023-2024,CIUSSS du SaguenayLac-St-Jean,2,3,2.0
2023-2024,CIUSSS du SaguenayLac-St-Jean,2,4,8.0
2023-2024,CIUSSS du SaguenayLac-St-Jean,2,5,35.0
2023-2024,CIUSSS du SaguenayLac-St-Jean,2,6,16.0
2023-2024,CIUSSS du SaguenayLac-St-Jean,2,7,2.0
2023-2024,CIUSSS du SaguenayLac-St-Jean,2,8,2.0
2023-2024,CIUSSS du SaguenayLac-St-Jean,2,9,56.0
2023-2024,CIUSSS du SaguenayLac-St-Jean,3,4,5718.0
2023-2024,CIUSSS du SaguenayLac-St-Jean,3,5,40255.0
2023-2024,CIUSSS du SaguenayLac-St-Jean,3,6,17834.0
2023-2024,CIUSSS du SaguenayLac-St-Jean,3,7,3720.0
2023-2024,CIUSSS du SaguenayLac-St-Jean,3,8,14.0
2023-2024,CIUSSS du SaguenayLac-St-Jean,3,9,66969.0
2023-2024,CIUSSS du SaguenayLac-St-Jean,4,3,2.0
2023-2024,CIUSSS du SaguenayLac-St-Jean,4,4,52.0
2023-2024,CIUSSS du SaguenayLac-St-Jean,4,5,242.0
2023-2024,CIUSSS du SaguenayLac-St-Jean,4,6,127.0
2023-2024,CIUSSS du SaguenayLac-St-Jean,4,7,20.0
2023-2024,CIUSSS du SaguenayLac-St-Jean,4,8,2.0
2023-2024,CIUSSS du SaguenayLac-St-Jean,4,9,441.0
2023-2024,CIUSSS du SaguenayLac-St-Jean,5,3,2.0
2023-2024,CIUSSS du SaguenayLac-St-Jean,5,4,8.0
2023-2024,CIUSSS du SaguenayLac-St-Jean,5,5,35.0
2023-2024,CIUSSS du SaguenayLac-St-Jean,5,6,16.0
2023-2024,CIUSSS du SaguenayLac-St-Jean,5,7,2.0
2023-2024,CIUSSS du SaguenayLac-St-Jean,5,8,2.0
2023-2024,CIUSSS du SaguenayLac-St-Jean,5,9,56.0
2023-2024,CIUSSS du SaguenayLac-St-Jean,6,4,5718.0
2023-2024,CIUSSS du SaguenayLac-St-Jean,6,5,40255.0
2023-2024,CIUSSS du SaguenayLac-St-Jean,6,6,17834.0
2023-2024,CIUSSS du SaguenayLac-St-Jean,6,7,3720.0
2023-2024,CIUSSS du SaguenayLac-St-Jean,6,8,14.0
2023-2024,CIUSSS du SaguenayLac-St-Jean,6,9,66969.0
2023-2024,CIUSSS du SaguenayLac-St-Jean,7,3,2.0
2023-2024,CIUSSS du SaguenayLac-St-Jean,7,4,52.0
2023-2024,CIUSSS du SaguenayLac-St-Jean,7,5,242.0
2023-2024,CIUSSS du SaguenayLac-St-Jean,7,6,127.0
2023-2024,CIUSSS du SaguenayLac-St-Jean,7,7,20.0
2023-2024,CIUSSS du SaguenayLac-St-Jean,7,8,2.0
2023-2024,CIUSSS du SaguenayLac-St-Jean,7,9,441.0
2023-2024,CIUSSS du SaguenayLac-St-Jean,8,3,2.0
2023-2024,CIUSSS du SaguenayLac-St-Jean,8,4,8.0
2023-2024,CIUSSS du SaguenayLac-St-Jean,8,5,35.0
2023-2024,CIUSSS du SaguenayLac-St-Jean,8,6,16.0
2023-2024,CIUSSS du SaguenayLac-St-Jean,8,7,2.0
2023-2024,CIUSSS du SaguenayLac-St-Jean,8,8,2.0
2023-2024,CIUSSS du SaguenayLac-St-Jean,8,9,56.0
2023-2024,CIUSSS du SaguenayLac-St-Jean,9,4,5718.0
2023-2024,CIUSSS du SaguenayLac-St-Jean,9,5,40255.0
2023-2024,CIUSSS du SaguenayLac-St-Jean,9,6,17834.0
2023-2024,CIUSSS du SaguenayLac-St-Jean,9,7,3720.0
2023-2024,CIUSSS du SaguenayLac-St-Jean,9,8,14.0
2023-2024,CIUSSS du SaguenayLac-St-Jean,9,9,66969.0
2023-2024,CIUSSS du SaguenayLac-St-Jean,10,3,2.0
2023-2024,CIUSSS du SaguenayLac-St-Jean,10,4,52.0
2023-2024,CIUSSS du SaguenayLac-St-Jean,10,5,242.0
2023-2024,CIUSSS du SaguenayLac-St-Jean,10,6,127.0
2023-2024,CIUSSS du SaguenayLac-St-Jean,10,7,20.0
2023-2024,CIUSSS du SaguenayLac-St-Jean,10,8,2.0
2023-2024,CIUSSS du SaguenayLac-St-Jean,10,9,441.0
2023-2024,CIUSSS du SaguenayLac-St-Jean,11,3,2.0
2023-2024,CIUSSS du SaguenayLac-St-Jean,11,4,8.0
2023-2024,CIUSSS du SaguenayLac-St-Jean,11,5,35.0
2023-2024,CIUSSS du SaguenayLac-St-Jean,11,6,16.0
2023-2024,CIUSSS du SaguenayLac-St-Jean,11,7,2.0
2023-2024,CIUSSS du SaguenayLac-St-Jean,11,8,2.0
2023-2024,CIUSSS du SaguenayLac-St-Jean,11,9,56.0
2024-2025,Atelier le fil d'Ariane,1,5,16.0
2024-2025,Atelier le fil d'Ariane,1,6,18.0
2024-2025,Atelier le fil d'Ariane,1,9,34.0
2024-2025,Atelier le fil d'Ariane,2,6,4.0
2024-2025,Atelier le fil d'Ariane,2,9,4.0
2024-2025,CISSS de Chaudière-Appalaches,1,3,2.0
2024-2025,CISSS de Chaudière-Appalaches,1,4,2.0
2024-2025,CISSS de Chaudière-Appalaches,1,5,56.0
2024-2025,CISSS de Chaudière-Appalaches,1,6,12.0
2024-2025,CISSS de Chaudière-Appalaches,1,9,72.0
2024-2025,CISSS de Chaudière-Appalaches,2,5,14.0
2024-2025,CISSS de Chaudière-Appalaches,2,9,14.0
2024-2025,CISSS de Chaudière-Appalaches,3,3,116.0
2024-2025,CISSS de Chaudière-Appalaches,3,4,234.0
2024-2025,CISSS de Chaudière-Appalaches,3,5,5178.0
2024-2025,CISSS de Chaudière-Appalaches,3,6,1086.0
2024-2025,CISSS de Chaudière-Appalaches,3,9,6614.0
2024-2025,CISSS de Chaudière-Appalaches,4,3,4.0
2024-2025,CISSS de Chaudière-Appalaches,4,4,32.0
2024-2025,CISSS de Chaudière-Appalaches,4,5,232.0
2024-2025,CISSS de Chaudière-Appalaches,4,6,110.0
2024-2025,CISSS de Chaudière-Appalaches,4,7,10.0
2024-2025,CISSS de Chaudière-Appalaches,4,9,388.0
2024-2025,CISSS de Chaudière-Appalaches,5,3,4.0
2024-2025,CISSS de Chaudière-Appalaches,5,4,8.0
2024-2025,CISSS de Chaudière-Appalaches,5,5,32.0
2024-2025,CISSS de Chaudière-Appalaches,5,6,8.0
2024-2025,CISSS de Chaudière-Appalaches,5,7,4.0
2024-2025,CISSS de Chaudière-Appalaches,5,9,56.0
2024-2025,CISSS de Chaudière-Appalaches,6,3,60.0
2024-2025,CISSS de Chaudière-Appalaches,6,4,4626.0
2024-2025,CISSS de Chaudière-Appalaches,6,5,44364.0
2024-2025,CISSS de Chaudière-Appalaches,6,6,24586.0
2024-2025,CISSS de Chaudière-Appalaches,6,7,1492.0
2024-2025,CISSS de Chaudière-Appalaches,6,9,75128.0
2024-2025,CISSS de Chaudière-Appalaches,7,3,12.0
2024-2025,CISSS de Chaudière-Appalaches,7,4,24.0
2024-2025,CISSS de Chaudière-Appalaches,7,5,276.0
2024-2025,CISSS de Chaudière-Appalaches,7,6,100.0
2024-2025,CISSS de Chaudière-Appalaches,7,7,8.0
2024-2025,CISSS de Chaudière-Appalaches,7,8,2.0
2024-2025,CISSS de Chaudière-Appalaches,7,9,422.0
2024-2025,CISSS de Chaudière-Appalaches,8,3,6.0
2024-2025,CISSS de Chaudière-Appalaches,8,4,6.0
2024-2025,CISSS de Chaudière-Appalaches,8,5,58.0
2024-2025,CISSS de Chaudière-Appalaches,8,6,16.0
2024-2025,CISSS de Chaudière-Appalaches,8,9,86.0
2024-2025,CISSS de Chaudière-Appalaches,9,3,660.0
2024-2025,CISSS de Chaudière-Appalaches,9,4,2760.0
2024-2025,CISSS de Chaudière-Appalaches,9,5,44544.0
2024-2025,CISSS de Chaudière-Appalaches,9,6,22424.0
2024-2025,CISSS de Chaudière-Appalaches,9,7,2396.0
2024-2025,CISSS de Chaudière-Appalaches,9,8,256.0
2024-2025,CISSS de Chaudière-Appalaches,9,9,73040.0
2024-2025,CISSS de Chaudière-Appalaches,10,6,6.0
2024-2025,CISSS de Chaudière-Appalaches,10,9,6.0
2024-2025,CISSS de Chaudière-Appalaches,11,6,6.0
2024-2025,CISSS de Chaudière-Appalaches,11,9,6.0
2024-2025,CISSS de Lanaudière,1,5,2.0
2024-2025,CISSS de Lanaudière,1,6,2.0
2024-2025,CISSS de Lanaudière,1,7,2.0
2024-2025,CISSS de Lanaudière,1,9,6.0
2024-2025,CISSS de Lanaudière,2,5,2.0
2024-2025,CISSS de Lanaudière,2,6,2.0
2024-2025,CISSS de Lanaudière,2,7,2.0
2024-2025,CISSS de Lanaudière,2,9,6.0
2024-2025,CISSS de Lanaudière,3,5,32.0
2024-2025,CISSS de Lanaudière,3,9,32.0
2024-2025,CISSS de Lanaudière,4,4,2.0
2024-2025,CISSS de Lanaudière,4,5,98.0
2024-2025,CISSS de Lanaudière,4,6,22.0
2024-2025,CISSS de Lanaudière,4,9,122.0
2024-2025,CISSS de Lanaudière,5,4,2.0
2024-2025,CISSS de Lanaudière,5,5,20.0
2024-2025,CISSS de Lanaudière,5,6,2.0
2024-2025,CISSS de Lanaudière,5,9,24.0
2024-2025,CISSS de Lanaudière,6,4,20.0
2024-2025,CISSS de Lanaudière,6,5,7748.0
2024-2025,CISSS de Lanaudière,6,6,1826.0
2024-2025,CISSS de Lanaudière,6,9,9594.0
2024-2025,CISSS de Lanaudière,7,4,6.0
2024-2025,CISSS de Lanaudière,7,5,84.0
2024-2025,CISSS de Lanaudière,7,6,38.0
2024-2025,CISSS de Lanaudière,7,7,6.0
2024-2025,CISSS de Lanaudière,7,9,134.0
2024-2025,CISSS de Lanaudière,8,4,4.0
2024-2025,CISSS de Lanaudière,8,5,20.0
2024-2025,CISSS de Lanaudière,8,6,2.0
2024-2025,CISSS de Lanaudière,8,9,26.0
2024-2025,CISSS de Lanaudière,9,4,90.0
2024-2025,CISSS de Lanaudière,9,5,3174.0
2024-2025,CISSS de Lanaudière,9,6,1476.0
2024-2025,CISSS de Lanaudière,9,7,322.0
2024-2025,CISSS de Lanaudière,9,9,5062.0
2024-2025,CISSS de Lanaudière,10,5,10.0
2024-2025,CISSS de Lanaudière,10,9,10.0
2024-2025,CISSS de Lanaudière,11,5,6.0
2024-2025,CISSS de Lanaudière,11,9,6.0
2024-2025,CISSS de l'Outaouais,4,4,2.0
2024-2025,CISSS de l'Outaouais,4,5,26.0
2024-2025,CISSS de l'Outaouais,4,6,10.0
2024-2025,CISSS de l'Outaouais,4,9,38.0
2024-2025,CISSS de l'Outaouais,5,6,2.0
2024-2025,CISSS de l'Outaouais,5,9,2.0
2024-2025,CISSS de l'Outaouais,6,4,114.0
2024-2025,CISSS de l'Outaouais,6,5,3102.0
2024-2025,CISSS de l'Outaouais,6,6,1118.0
2024-2025,CISSS de l'Outaouais,6,9,4334.0
2024-2025,CISSS de l'Outaouais,7,4,12.0
2024-2025,CISSS de l'Outaouais,7,5,60.0
2024-2025,CISSS de l'Outaouais,7,6,20.0
2024-2025,CISSS de l'Outaouais,7,9,92.0
2024-2025,CISSS de l'Outaouais,8,5,12.0
2024-2025,CISSS de l'Outaouais,8,6,2.0
2024-2025,CISSS de l'Outaouais,8,9,14.0
2024-2025,CISSS de l'Outaouais,9,4,682.0
2024-2025,CISSS de l'Outaouais,9,5,3104.0
2024-2025,CISSS de l'Outaouais,9,6,1906.0
2024-2025,CISSS de l'Outaouais,9,9,5692.0
2024-2025,CISSS de l'Outaouais,10,5,2.0
2024-2025,CISSS de l'Outaouais,10,9,2.0
2024-2025,CISSS de la Côte-Nord,4,3,6.0
2024-2025,CISSS de la Côte-Nord,4,4,8.0
2024-2025,CISSS de la Côte-Nord,4,5,36.0
2024-2025,CISSS de la Côte-Nord,4,6,32.0
2024-2025,CISSS de la Côte-Nord,4,7,12.0
2024-2025,CISSS de la Côte-Nord,4,9,94.0
2024-2025,CISSS de la Côte-Nord,5,3,2.0
2024-2025,CISSS de la Côte-Nord,5,5,2.0
2024-2025,CISSS de la Côte-Nord,5,7,2.0
2024-2025,CISSS de la Côte-Nord,5,9,6.0
2024-2025,CISSS de la Côte-Nord,7,4,2.0
2024-2025,CISSS de la Côte-Nord,7,5,24.0
2024-2025,CISSS de la Côte-Nord,7,6,24.0
2024-2025,CISSS de la Côte-Nord,7,9,50.0
2024-2025,CISSS de la Côte-Nord,8,5,4.0
2024-2025,CISSS de la Côte-Nord,8,6,2.0
2024-2025,CISSS de la Côte-Nord,8,9,6.0
2024-2025,CISSS de la Montérégie-Ouest,4,3,2.0
2024-2025,CISSS de la Montérégie-Ouest,4,9,2.0
2024-2025,CISSS de la Montérégie-Ouest,5,3,2.0
2024-2025,CISSS de la Montérégie-Ouest,5,9,2.0
2024-2025,CISSS de la Montérégie-Ouest,7,3,4.0
2024-2025,CISSS de la Montérégie-Ouest,7,4,38.0
2024-2025,CISSS de la Montérégie-Ouest,7,5,512.0
2024-2025,CISSS de la Montérégie-Ouest,7,6,202.0
2024-2025,CISSS de la Montérégie-Ouest,7,7,6.0
2024-2025,CISSS de la Montérégie-Ouest,7,9,762.0
2024-2025,CISSS de la Montérégie-Ouest,8,3,2.0
2024-2025,CISSS de la Montérégie-Ouest,8,4,18.0
2024-2025,CISSS de la Montérégie-Ouest,8,5,84.0
2024-2025,CISSS de la Montérégie-Ouest,8,6,28.0
2024-2025,CISSS de la Montérégie-Ouest,8,9,132.0
2024-2025,CISSS de la Montérégie-Ouest,9,3,164.0
2024-2025,CISSS de la Montérégie-Ouest,9,4,1738.0
2024-2025,CISSS de la Montérégie-Ouest,9,5,87774.0
2024-2025,CISSS de la Montérégie-Ouest,9,6,41406.0
2024-2025,CISSS de la Montérégie-Ouest,9,7,1074.0
2024-2025,CISSS de la Montérégie-Ouest,9,9,132156.0
2024-2025,CISSS de la Montérégie-Ouest,10,3,28.0
2024-2025,CISSS de la Montérégie-Ouest,10,4,116.0
2024-2025,CISSS de la Montérégie-Ouest,10,5,370.0
2024-2025,CISSS de la Montérégie-Ouest,10,6,54.0
2024-2025,CISSS de la Montérégie-Ouest,10,9,568.0
2024-2025,CISSS de la Montérégie-Ouest,11,3,16.0
2024-2025,CISSS de la Montérégie-Ouest,11,4,68.0
2024-2025,CISSS de la Montérégie-Ouest,11,5,132.0
2024-2025,CISSS de la Montérégie-Ouest,11,6,34.0
2024-2025,CISSS de la Montérégie-Ouest,11,9,250.0
2024-2025,CISSS des Laurentides,4,3,20.0
2024-2025,CISSS des Laurentides,4,4,56.0
2024-2025,CISSS des Laurentides,4,5,376.0
2024-2025,CISSS des Laurentides,4,6,116.0
2024-2025,CISSS des Laurentides,4,7,12.0
2024-2025,CISSS des Laurentides,4,9,580.0
2024-2025,CISSS des Laurentides,5,3,12.0
2024-2025,CISSS des Laurentides,5,4,26.0
2024-2025,CISSS des Laurentides,5,5,54.0
2024-2025,CISSS des Laurentides,5,6,20.0
2024-2025,CISSS des Laurentides,5,9,112.0
2024-2025,CISSS des Laurentides,6,3,334.0
2024-2025,CISSS des Laurentides,6,4,4174.0
2024-2025,CISSS des Laurentides,6,5,55180.0
2024-2025,CISSS des Laurentides,6,6,20042.0
2024-2025,CISSS des Laurentides,6,7,2934.0
2024-2025,CISSS des Laurentides,6,9,82664.0
2024-2025,CISSS des Laurentides,7,3,26.0
2024-2025,CISSS des Laurentides,7,4,44.0
2024-2025,CISSS des Laurentides,7,5,274.0
2024-2025,CISSS des Laurentides,7,6,114.0
2024-2025,CISSS des Laurentides,7,7,14.0
2024-2025,CISSS des Laurentides,7,8,2.0
2024-2025,CISSS des Laurentides,7,9,474.0
2024-2025,CISSS des Laurentides,8,3,22.0
2024-2025,CISSS des Laurentides,8,4,12.0
2024-2025,CISSS des Laurentides,8,5,46.0
2024-2025,CISSS des Laurentides,8,6,24.0
2024-2025,CISSS des Laurentides,8,7,6.0
2024-2025,CISSS des Laurentides,8,8,2.0
2024-2025,CISSS des Laurentides,8,9,112.0
2024-2025,CISSS des Laurentides,9,3,552.0
2024-2025,CISSS des Laurentides,9,4,2388.0
2024-2025,CISSS des Laurentides,9,5,25468.0
2024-2025,CISSS des Laurentides,9,6,12626.0
2024-2025,CISSS des Laurentides,9,7,556.0
2024-2025,CISSS des Laurentides,9,9,41590.0
2024-2025,CISSS des Laurentides,10,3,4.0
2024-2025,CISSS des Laurentides,10,4,2.0
2024-2025,CISSS des Laurentides,10,9,6.0
2024-2025,CISSS des Laurentides,11,3,4.0
2024-2025,CISSS des Laurentides,11,9,4.0
2024-2025,CISSS des Îles,1,4,6.0
2024-2025,CISSS des Îles,1,5,14.0
2024-2025,CISSS des Îles,1,6,22.0
2024-2025,CISSS des Îles,1,7,2.0
2024-2025,CISSS des Îles,1,9,44.0
2024-2025,CISSS des Îles,2,5,2.0
2024-2025,CISSS des Îles,2,6,2.0
2024-2025,CISSS des Îles,2,9,4.0
2024-2025,CISSS des Îles,3,4,368.0
2024-2025,CISSS des Îles,3,5,1146.0
2024-2025,CISSS des Îles,3,6,1920.0
2024-2025,CISSS des Îles,3,7,82.0
2024-2025,CISSS des Îles,3,9,3516.0
2024-2025,CISSS des Îles,7,6,12.0
2024-2025,CISSS des Îles,7,7,2.0
2024-2025,CISSS des Îles,7,9,14.0
2024-2025,CISSS des Îles,9,6,394.0
2024-2025,CISSS des Îles,9,7,86.0
2024-2025,CISSS des Îles,9,9,480.0
2024-2025,CISSS des Îles,10,4,6.0
2024-2025,CISSS des Îles,10,5,12.0
2024-2025,CISSS des Îles,10,6,10.0
2024-2025,CISSS des Îles,10,9,28.0
2024-2025,CISSS des Îles,11,5,4.0
2024-2025,CISSS des Îles,11,9,4.0
2024-2025,CISSS du Bas-St-Laurent,1,4,4.0
2024-2025,CISSS du Bas-St-Laurent,1,5,36.0
2024-2025,CISSS du Bas-St-Laurent,1,6,28.0
2024-2025,CISSS du Bas-St-Laurent,1,9,68.0
2024-2025,CISSS du Bas-St-Laurent,2,4,2.0
2024-2025,CISSS du Bas-St-Laurent,2,5,2.0
2024-2025,CISSS du Bas-St-Laurent,2,6,4.0
2024-2025,CISSS du Bas-St-Laurent,2,9,8.0
2024-2025,CISSS du Bas-St-Laurent,3,4,218.0
2024-2025,CISSS du Bas-St-Laurent,3,5,5038.0
2024-2025,CISSS du Bas-St-Laurent,3,6,3252.0
2024-2025,CISSS du Bas-St-Laurent,3,9,8508.0
2024-2025,CISSS du Bas-St-Laurent,4,3,18.0
2024-2025,CISSS du Bas-St-Laurent,4,4,24.0
2024-2025,CISSS du Bas-St-Laurent,4,5,138.0
2024-2025,CISSS du Bas-St-Laurent,4,6,50.0
2024-2025,CISSS du Bas-St-Laurent,4,7,4.0
2024-2025,CISSS du Bas-St-Laurent,4,9,234.0
2024-2025,CISSS du Bas-St-Laurent,5,3,20.0
2024-2025,CISSS du Bas-St-Laurent,5,4,16.0
2024-2025,CISSS du Bas-St-Laurent,5,5,38.0
2024-2025,CISSS du Bas-St-Laurent,5,6,12.0
2024-2025,CISSS du Bas-St-Laurent,5,7,2.0
2024-2025,CISSS du Bas-St-Laurent,5,9,88.0
2024-2025,CISSS du Bas-St-Laurent,6,3,298.0
2024-2025,CISSS du Bas-St-Laurent,6,4,1210.0
2024-2025,CISSS du Bas-St-Laurent,6,5,18188.0
2024-2025,CISSS du Bas-St-Laurent,6,6,7960.0
2024-2025,CISSS du Bas-St-Laurent,6,7,186.0
2024-2025,CISSS du Bas-St-Laurent,6,9,27842.0
2024-2025,CISSS du Bas-St-Laurent,7,4,34.0
2024-2025,CISSS du Bas-St-Laurent,7,5,234.0
2024-2025,CISSS du Bas-St-Laurent,7,6,128.0
2024-2025,CISSS du Bas-St-Laurent,7,7,30.0
2024-2025,CISSS du Bas-St-Laurent,7,8,6.0
2024-2025,CISSS du Bas-St-Laurent,7,9,432.0
2024-2025,CISSS du Bas-St-Laurent,8,3,2.0
2024-2025,CISSS du Bas-St-Laurent,8,4,12.0
2024-2025,CISSS du Bas-St-Laurent,8,5,22.0
2024-2025,CISSS du Bas-St-Laurent,8,6,4.0
2024-2025,CISSS du Bas-St-Laurent,8,9,40.0
2024-2025,CISSS du Bas-St-Laurent,9,4,2564.0
2024-2025,CISSS du Bas-St-Laurent,9,5,35562.0
2024-2025,CISSS du Bas-St-Laurent,9,6,17380.0
2024-2025,CISSS du Bas-St-Laurent,9,7,4138.0
2024-2025,CISSS du Bas-St-Laurent,9,8,616.0
2024-2025,CISSS du Bas-St-Laurent,9,9,60260.0
2024-2025,CIUSSS de l'Estrie - CHUS,1,4,4.0
2024-2025,CIUSSS de l'Estrie - CHUS,1,5,74.0
2024-2025,CIUSSS de l'Estrie - CHUS,1,6,30.0
2024-2025,CIUSSS de l'Estrie - CHUS,1,7,2.0
2024-2025,CIUSSS de l'Estrie - CHUS,1,9,110.0
2024-2025,CIUSSS de l'Estrie - CHUS,2,5,4.0
2024-2025,CIUSSS de l'Estrie - CHUS,2,6,2.0
2024-2025,CIUSSS de l'Estrie - CHUS,2,9,6.0
2024-2025,CIUSSS de l'Estrie - CHUS,3,4,472.0
2024-2025,CIUSSS de l'Estrie - CHUS,3,5,9572.0
2024-2025,CIUSSS de l'Estrie - CHUS,3,6,5032.0
2024-2025,CIUSSS de l'Estrie - CHUS,3,7,344.0
2024-2025,CIUSSS de l'Estrie - CHUS,3,9,15420.0
2024-2025,CIUSSS de l'Estrie - CHUS,4,5,140.0
2024-2025,CIUSSS de l'Estrie - CHUS,4,6,72.0
2024-2025,CIUSSS de l'Estrie - CHUS,4,7,4.0
2024-2025,CIUSSS de l'Estrie - CHUS,4,9,216.0
2024-2025,CIUSSS de l'Estrie - CHUS,5,5,22.0
2024-2025,CIUSSS de l'Estrie - CHUS,5,6,4.0
2024-2025,CIUSSS de l'Estrie - CHUS,5,9,26.0
2024-2025,CIUSSS de l'Estrie - CHUS,6,5,29944.0
2024-2025,CIUSSS de l'Estrie - CHUS,6,6,18574.0
2024-2025,CIUSSS de l'Estrie - CHUS,6,7,704.0
2024-2025,CIUSSS de l'Estrie - CHUS,6,9,49222.0
2024-2025,CIUSSS de l'Estrie - CHUS,7,4,12.0
2024-2025,CIUSSS de l'Estrie - CHUS,7,5,224.0
2024-2025,CIUSSS de l'Estrie - CHUS,7,6,144.0
2024-2025,CIUSSS de l'Estrie - CHUS,7,7,16.0
2024-2025,CIUSSS de l'Estrie - CHUS,7,9,396.0
2024-2025,CIUSSS de l'Estrie - CHUS,8,4,6.0
2024-2025,CIUSSS de l'Estrie - CHUS,8,5,32.0
2024-2025,CIUSSS de l'Estrie - CHUS,8,6,10.0
2024-2025,CIUSSS de l'Estrie - CHUS,8,7,4.0
2024-2025,CIUSSS de l'Estrie - CHUS,8,9,52.0
2024-2025,CIUSSS de l'Estrie - CHUS,9,4,200.0
2024-2025,CIUSSS de l'Estrie - CHUS,9,5,34374.0
2024-2025,CIUSSS de l'Estrie - CHUS,9,6,23676.0
2024-2025,CIUSSS de l'Estrie - CHUS,9,7,1998.0
2024-2025,CIUSSS de l'Estrie - CHUS,9,9,60248.0
2024-2025,CIUSSS de l'Estrie - CHUS,10,4,4.0
2024-2025,CIUSSS de l'Estrie - CHUS,10,5,34.0
2024-2025,CIUSSS de l'Estrie - CHUS,10,6,6.0
2024-2025,CIUSSS de l'Estrie - CHUS,10,9,44.0
2024-2025,CIUSSS de l'Estrie - CHUS,11,4,2.0
2024-2025,CIUSSS de l'Estrie - CHUS,11,5,20.0
2024-2025,CIUSSS de l'Estrie - CHUS,11,9,22.0
2024-2025,CIUSSS de l'Ouest-de-l'Île-de-Montréal,1,4,2.0
2024-2025,CIUSSS de l'Ouest-de-l'Île-de-Montréal,1,5,48.0
2024-2025,CIUSSS de l'Ouest-de-l'Île-de-Montréal,1,6,10.0
2024-2025,CIUSSS de l'Ouest-de-l'Île-de-Montréal,1,9,60.0
2024-2025,CIUSSS de l'Ouest-de-l'Île-de-Montréal,2,5,4.0
2024-2025,CIUSSS de l'Ouest-de-l'Île-de-Montréal,2,6,2.0
2024-2025,CIUSSS de l'Ouest-de-l'Île-de-Montréal,2,9,6.0
2024-2025,CIUSSS de l'Ouest-de-l'Île-de-Montréal,3,4,582.0
2024-2025,CIUSSS de l'Ouest-de-l'Île-de-Montréal,3,5,10596.0
2024-2025,CIUSSS de l'Ouest-de-l'Île-de-Montréal,3,6,2764.0
2024-2025,CIUSSS de l'Ouest-de-l'Île-de-Montréal,3,9,13942.0
2024-2025,CIUSSS de l'Ouest-de-l'Île-de-Montréal,4,4,4.0
2024-2025,CIUSSS de l'Ouest-de-l'Île-de-Montréal,4,5,90.0
2024-2025,CIUSSS de l'Ouest-de-l'Île-de-Montréal,4,6,82.0
2024-2025,CIUSSS de l'Ouest-de-l'Île-de-Montréal,4,7,2.0
2024-2025,CIUSSS de l'Ouest-de-l'Île-de-Montréal,4,9,178.0
2024-2025,CIUSSS de l'Ouest-de-l'Île-de-Montréal,5,4,4.0
2024-2025,CIUSSS de l'Ouest-de-l'Île-de-Montréal,5,5,16.0
2024-2025,CIUSSS de l'Ouest-de-l'Île-de-Montréal,5,6,12.0
2024-2025,CIUSSS de l'Ouest-de-l'Île-de-Montréal,5,9,32.0
2024-2025,CIUSSS de l'Ouest-de-l'Île-de-Montréal,6,4,120.0
2024-2025,CIUSSS de l'Ouest-de-l'Île-de-Montréal,6,5,19768.0
2024-2025,CIUSSS de l'Ouest-de-l'Île-de-Montréal,6,6,21482.0
2024-2025,CIUSSS de l'Ouest-de-l'Île-de-Montréal,6,7,370.0
2024-2025,CIUSSS de l'Ouest-de-l'Île-de-Montréal,6,9,41740.0
2024-2025,CIUSSS de l'Ouest-de-l'Île-de-Montréal,7,5,346.0
2024-2025,CIUSSS de l'Ouest-de-l'Île-de-Montréal,7,6,154.0
2024-2025,CIUSSS de l'Ouest-de-l'Île-de-Montréal,7,9,500.0
2024-2025,CIUSSS de l'Ouest-de-l'Île-de-Montréal,8,5,40.0
2024-2025,CIUSSS de l'Ouest-de-l'Île-de-Montréal,8,6,28.0
2024-2025,CIUSSS de l'Ouest-de-l'Île-de-Montréal,8,9,68.0
2024-2025,CIUSSS de l'Ouest-de-l'Île-de-Montréal,9,5,86590.0
2024-2025,CIUSSS de l'Ouest-de-l'Île-de-Montréal,9,6,39134.0
2024-2025,CIUSSS de l'Ouest-de-l'Île-de-Montréal,9,9,125724.0
2024-2025,CIUSSS de l'Ouest-de-l'Île-de-Montréal,10,4,2.0
2024-2025,CIUSSS de l'Ouest-de-l'Île-de-Montréal,10,5,80.0
2024-2025,CIUSSS de l'Ouest-de-l'Île-de-Montréal,10,6,12.0
2024-2025,CIUSSS de l'Ouest-de-l'Île-de-Montréal,10,9,94.0
2024-2025,CIUSSS de l'Ouest-de-l'Île-de-Montréal,11,5,28.0
2024-2025,CIUSSS de l'Ouest-de-l'Île-de-Montréal,11,9,28.0
2024-2025,CIUSSS de la Capitale-Nationale,1,4,24.0
2024-2025,CIUSSS de la Capitale-Nationale,1,5,178.0
2024-2025,CIUSSS de la Capitale-Nationale,1,6,90.0
2024-2025,CIUSSS de la Capitale-Nationale,1,7,6.0
2024-2025,CIUSSS de la Capitale-Nationale,1,9,298.0
2024-2025,CIUSSS de la Capitale-Nationale,2,4,6.0
2024-2025,CIUSSS de la Capitale-Nationale,2,5,22.0
2024-2025,CIUSSS de la Capitale-Nationale,2,6,14.0
2024-2025,CIUSSS de la Capitale-Nationale,2,7,2.0
2024-2025,CIUSSS de la Capitale-Nationale,2,9,44.0
2024-2025,CIUSSS de la Capitale-Nationale,3,4,2620.0
2024-2025,CIUSSS de la Capitale-Nationale,3,5,23970.0
2024-2025,CIUSSS de la Capitale-Nationale,3,6,8490.0
2024-2025,CIUSSS de la Capitale-Nationale,3,7,704.0
2024-2025,CIUSSS de la Capitale-Nationale,3,9,35784.0
2024-2025,CIUSSS de la Capitale-Nationale,4,4,10.0
2024-2025,CIUSSS de la Capitale-Nationale,4,5,216.0
2024-2025,CIUSSS de la Capitale-Nationale,4,6,88.0
2024-2025,CIUSSS de la Capitale-Nationale,4,7,4.0
2024-2025,CIUSSS de la Capitale-Nationale,4,9,318.0
2024-2025,CIUSSS de la Capitale-Nationale,5,4,2.0
2024-2025,CIUSSS de la Capitale-Nationale,5,5,26.0
2024-2025,CIUSSS de la Capitale-Nationale,5,6,18.0
2024-2025,CIUSSS de la Capitale-Nationale,5,9,46.0
2024-2025,CIUSSS de la Capitale-Nationale,6,4,904.0
2024-2025,CIUSSS de la Capitale-Nationale,6,5,48752.0
2024-2025,CIUSSS de la Capitale-Nationale,6,6,20800.0
2024-2025,CIUSSS de la Capitale-Nationale,6,7,1564.0
2024-2025,CIUSSS de la Capitale-Nationale,6,9,72020.0
2024-2025,CIUSSS de la Capitale-Nationale,7,4,10.0
2024-2025,CIUSSS de la Capitale-Nationale,7,5,340.0
2024-2025,CIUSSS de la Capitale-Nationale,7,6,166.0
2024-2025,CIUSSS de la Capitale-Nationale,7,7,6.0
2024-2025,CIUSSS de la Capitale-Nationale,7,9,522.0
2024-2025,CIUSSS de la Capitale-Nationale,8,5,28.0
2024-2025,CIUSSS de la Capitale-Nationale,8,6,14.0
2024-2025,CIUSSS de la Capitale-Nationale,8,9,42.0
2024-2025,CIUSSS de la Capitale-Nationale,9,4,1094.0
2024-2025,CIUSSS de la Capitale-Nationale,9,5,50672.0
2024-2025,CIUSSS de la Capitale-Nationale,9,6,23466.0
2024-2025,CIUSSS de la Capitale-Nationale,9,7,512.0
2024-2025,CIUSSS de la Capitale-Nationale,9,9,75744.0
2024-2025,CIUSSS de la Capitale-Nationale,10,3,4.0
2024-2025,CIUSSS de la Capitale-Nationale,10,4,84.0
2024-2025,CIUSSS de la Capitale-Nationale,10,5,406.0
2024-2025,CIUSSS de la Capitale-Nationale,10,6,92.0
2024-2025,CIUSSS de la Capitale-Nationale,10,7,2.0
2024-2025,CIUSSS de la Capitale-Nationale,10,9,588.0
2024-2025,CIUSSS de la Capitale-Nationale,11,4,4.0
2024-2025,CIUSSS de la Capitale-Nationale,11,5,18.0
2024-2025,CIUSSS de la Capitale-Nationale,11,6,8.0
2024-2025,CIUSSS de la Capitale-Nationale,11,9,30.0
2024-2025,CIUSSS de la Mauricie-et-du-Centre-du-Québec,4,3,18.0
2024-2025,CIUSSS de la Mauricie-et-du-Centre-du-Québec,4,4,82.0
2024-2025,CIUSSS de la Mauricie-et-du-Centre-du-Québec,4,5,400.0
2024-2025,CIUSSS de la Mauricie-et-du-Centre-du-Québec,4,6,104.0
2024-2025,CIUSSS de la Mauricie-et-du-Centre-du-Québec,4,7,2.0
2024-2025,CIUSSS de la Mauricie-et-du-Centre-du-Québec,4,9,606.0
2024-2025,CIUSSS de la Mauricie-et-du-Centre-du-Québec,5,3,16.0
2024-2025,CIUSSS de la Mauricie-et-du-Centre-du-Québec,5,4,46.0
2024-2025,CIUSSS de la Mauricie-et-du-Centre-du-Québec,5,5,58.0
2024-2025,CIUSSS de la Mauricie-et-du-Centre-du-Québec,5,6,22.0
2024-2025,CIUSSS de la Mauricie-et-du-Centre-du-Québec,5,9,142.0
2024-2025,CIUSSS de la Mauricie-et-du-Centre-du-Québec,6,3,564.0
2024-2025,CIUSSS de la Mauricie-et-du-Centre-du-Québec,6,4,9184.0
2024-2025,CIUSSS de la Mauricie-et-du-Centre-du-Québec,6,5,86900.0
2024-2025,CIUSSS de la Mauricie-et-du-Centre-du-Québec,6,6,18996.0
2024-2025,CIUSSS de la Mauricie-et-du-Centre-du-Québec,6,9,115644.0
2024-2025,CIUSSS de la Mauricie-et-du-Centre-du-Québec,7,3,28.0
2024-2025,CIUSSS de la Mauricie-et-du-Centre-du-Québec,7,4,88.0
2024-2025,CIUSSS de la Mauricie-et-du-Centre-du-Québec,7,5,446.0
2024-2025,CIUSSS de la Mauricie-et-du-Centre-du-Québec,7,6,154.0
2024-2025,CIUSSS de la Mauricie-et-du-Centre-du-Québec,7,9,716.0
2024-2025,CIUSSS de la Mauricie-et-du-Centre-du-Québec,8,3,22.0
2024-2025,CIUSSS de la Mauricie-et-du-Centre-du-Québec,8,4,42.0
2024-2025,CIUSSS de la Mauricie-et-du-Centre-du-Québec,8,5,46.0
2024-2025,CIUSSS de la Mauricie-et-du-Centre-du-Québec,8,6,32.0
2024-2025,CIUSSS de la Mauricie-et-du-Centre-du-Québec,8,9,142.0
2024-2025,CIUSSS de la Mauricie-et-du-Centre-du-Québec,9,3,1180.0
2024-2025,CIUSSS de la Mauricie-et-du-Centre-du-Québec,9,4,6548.0
2024-2025,CIUSSS de la Mauricie-et-du-Centre-du-Québec,9,5,77076.0
2024-2025,CIUSSS de la Mauricie-et-du-Centre-du-Québec,9,6,24446.0
2024-2025,CIUSSS de la Mauricie-et-du-Centre-du-Québec,9,9,109250.0
2024-2025,CIUSSS de la Mauricie-et-du-Centre-du-Québec,10,4,2.0
2024-2025,CIUSSS de la Mauricie-et-du-Centre-du-Québec,10,5,14.0
2024-2025,CIUSSS de la Mauricie-et-du-Centre-du-Québec,10,6,2.0
2024-2025,CIUSSS de la Mauricie-et-du-Centre-du-Québec,10,9,18.0
2024-2025,CIUSSS de la Mauricie-et-du-Centre-du-Québec,11,5,2.0
2024-2025,CIUSSS de la Mauricie-et-du-Centre-du-Québec,11,9,2.0
2024-2025,CIUSSS du Centre-Ouest-de-l'Île-de-Montréal,4,5,36.0
2024-2025,CIUSSS du Centre-Ouest-de-l'Île-de-Montréal,4,6,12.0
2024-2025,CIUSSS du Centre-Ouest-de-l'Île-de-Montréal,4,7,2.0
2024-2025,CIUSSS du Centre-Ouest-de-l'Île-de-Montréal,4,9,50.0
2024-2025,CIUSSS du Centre-Ouest-de-l'Île-de-Montréal,5,5,8.0
2024-2025,CIUSSS du Centre-Ouest-de-l'Île-de-Montréal,5,6,2.0
2024-2025,CIUSSS du Centre-Ouest-de-l'Île-de-Montréal,5,9,10.0
2024-2025,CIUSSS du Centre-Ouest-de-l'Île-de-Montréal,6,5,7928.0
2024-2025,CIUSSS du Centre-Ouest-de-l'Île-de-Montréal,6,6,3286.0
2024-2025,CIUSSS du Centre-Ouest-de-l'Île-de-Montréal,6,7,588.0
2024-2025,CIUSSS du Centre-Ouest-de-l'Île-de-Montréal,6,9,11802.0
2024-2025,CIUSSS du Centre-Ouest-de-l'Île-de-Montréal,7,4,12.0
2024-2025,CIUSSS du Centre-Ouest-de-l'Île-de-Montréal,7,5,202.0
2024-2025,CIUSSS du Centre-Ouest-de-l'Île-de-Montréal,7,6,30.0
2024-2025,CIUSSS du Centre-Ouest-de-l'Île-de-Montréal,7,7,4.0
2024-2025,CIUSSS du Centre-Ouest-de-l'Île-de-Montréal,7,9,248.0
2024-2025,CIUSSS du Centre-Ouest-de-l'Île-de-Montréal,8,5,20.0
2024-2025,CIUSSS du Centre-Ouest-de-l'Île-de-Montréal,8,9,20.0
2024-2025,CIUSSS du Centre-Ouest-de-l'Île-de-Montréal,9,4,992.0
2024-2025,CIUSSS du Centre-Ouest-de-l'Île-de-Montréal,9,5,39532.0
2024-2025,CIUSSS du Centre-Ouest-de-l'Île-de-Montréal,9,6,9540.0
2024-2025,CIUSSS du Centre-Ouest-de-l'Île-de-Montréal,9,7,1042.0
2024-2025,CIUSSS du Centre-Ouest-de-l'Île-de-Montréal,9,9,51106.0
2024-2025,CIUSSS du Centre-Ouest-de-l'Île-de-Montréal,10,4,4.0
2024-2025,CIUSSS du Centre-Ouest-de-l'Île-de-Montréal,10,5,12.0
2024-2025,CIUSSS du Centre-Ouest-de-l'Île-de-Montréal,10,6,4.0
2024-2025,CIUSSS du Centre-Ouest-de-l'Île-de-Montréal,10,9,20.0
2024-2025,CIUSSS du Centre-Ouest-de-l'Île-de-Montréal,11,5,4.0
2024-2025,CIUSSS du Centre-Ouest-de-l'Île-de-Montréal,11,9,4.0
2024-2025,CIUSSS du Centre-Sud-de-l'Île-de-Montréal,1,4,20.0
2024-2025,CIUSSS du Centre-Sud-de-l'Île-de-Montréal,1,5,294.0
2024-2025,CIUSSS du Centre-Sud-de-l'Île-de-Montréal,1,6,68.0
2024-2025,CIUSSS du Centre-Sud-de-l'Île-de-Montréal,1,7,2.0
2024-2025,CIUSSS du Centre-Sud-de-l'Île-de-Montréal,1,9,384.0
2024-2025,CIUSSS du Centre-Sud-de-l'Île-de-Montréal,2,4,6.0
2024-2025,CIUSSS du Centre-Sud-de-l'Île-de-Montréal,2,5,40.0
2024-2025,CIUSSS du Centre-Sud-de-l'Île-de-Montréal,2,6,14.0
2024-2025,CIUSSS du Centre-Sud-de-l'Île-de-Montréal,2,7,2.0
2024-2025,CIUSSS du Centre-Sud-de-l'Île-de-Montréal,2,9,62.0
2024-2025,CIUSSS du Centre-Sud-de-l'Île-de-Montréal,3,4,1558.0
2024-2025,CIUSSS du Centre-Sud-de-l'Île-de-Montréal,3,5,34552.0
2024-2025,CIUSSS du Centre-Sud-de-l'Île-de-Montréal,3,6,7468.0
2024-2025,CIUSSS du Centre-Sud-de-l'Île-de-Montréal,3,7,96.0
2024-2025,CIUSSS du Centre-Sud-de-l'Île-de-Montréal,3,9,43674.0
2024-2025,CIUSSS du Centre-Sud-de-l'Île-de-Montréal,4,4,4.0
2024-2025,CIUSSS du Centre-Sud-de-l'Île-de-Montréal,4,5,324.0
2024-2025,CIUSSS du Centre-Sud-de-l'Île-de-Montréal,4,6,132.0
2024-2025,CIUSSS du Centre-Sud-de-l'Île-de-Montréal,4,7,8.0
2024-2025,CIUSSS du Centre-Sud-de-l'Île-de-Montréal,4,9,468.0
2024-2025,CIUSSS du Centre-Sud-de-l'Île-de-Montréal,5,4,4.0
2024-2025,CIUSSS du Centre-Sud-de-l'Île-de-Montréal,5,5,54.0
2024-2025,CIUSSS du Centre-Sud-de-l'Île-de-Montréal,5,6,30.0
2024-2025,CIUSSS du Centre-Sud-de-l'Île-de-Montréal,5,7,2.0
2024-2025,CIUSSS du Centre-Sud-de-l'Île-de-Montréal,5,9,90.0
2024-2025,CIUSSS du Centre-Sud-de-l'Île-de-Montréal,6,4,262.0
2024-2025,CIUSSS du Centre-Sud-de-l'Île-de-Montréal,6,5,81368.0
2024-2025,CIUSSS du Centre-Sud-de-l'Île-de-Montréal,6,6,32986.0
2024-2025,CIUSSS du Centre-Sud-de-l'Île-de-Montréal,6,7,2548.0
2024-2025,CIUSSS du Centre-Sud-de-l'Île-de-Montréal,6,9,117164.0
2024-2025,CIUSSS du Centre-Sud-de-l'Île-de-Montréal,7,4,14.0
2024-2025,CIUSSS du Centre-Sud-de-l'Île-de-Montréal,7,5,544.0
2024-2025,CIUSSS du Centre-Sud-de-l'Île-de-Montréal,7,6,298.0
2024-2025,CIUSSS du Centre-Sud-de-l'Île-de-Montréal,7,7,4.0
2024-2025,CIUSSS du Centre-Sud-de-l'Île-de-Montréal,7,9,860.0
2024-2025,CIUSSS du Centre-Sud-de-l'Île-de-Montréal,8,5,78.0
2024-2025,CIUSSS du Centre-Sud-de-l'Île-de-Montréal,8,6,70.0
2024-2025,CIUSSS du Centre-Sud-de-l'Île-de-Montréal,8,7,2.0
2024-2025,CIUSSS du Centre-Sud-de-l'Île-de-Montréal,8,9,150.0
2024-2025,CIUSSS du Centre-Sud-de-l'Île-de-Montréal,9,4,854.0
2024-2025,CIUSSS du Centre-Sud-de-l'Île-de-Montréal,9,5,94154.0
2024-2025,CIUSSS du Centre-Sud-de-l'Île-de-Montréal,9,6,50454.0
2024-2025,CIUSSS du Centre-Sud-de-l'Île-de-Montréal,9,7,450.0
2024-2025,CIUSSS du Centre-Sud-de-l'Île-de-Montréal,9,9,145912.0
2024-2025,CIUSSS du SaguenayLac-St-Jean,1,3,6.0
2024-2025,CIUSSS du SaguenayLac-St-Jean,1,4,58.0
2024-2025,CIUSSS du SaguenayLac-St-Jean,1,5,244.0
2024-2025,CIUSSS du SaguenayLac-St-Jean,1,6,124.0
2024-2025,CIUSSS du SaguenayLac-St-Jean,1,7,24.0
2024-2025,CIUSSS du SaguenayLac-St-Jean,1,9,456.0
2024-2025,CIUSSS du SaguenayLac-St-Jean,2,3,2.0
2024-2025,CIUSSS du SaguenayLac-St-Jean,2,4,18.0
2024-2025,CIUSSS du SaguenayLac-St-Jean,2,5,30.0
2024-2025,CIUSSS du SaguenayLac-St-Jean,2,6,30.0
2024-2025,CIUSSS du SaguenayLac-St-Jean,2,7,4.0
2024-2025,CIUSSS du SaguenayLac-St-Jean,2,9,84.0
2024-2025,CIUSSS du SaguenayLac-St-Jean,3,3,174.0
2024-2025,CIUSSS du SaguenayLac-St-Jean,3,4,6762.0
2024-2025,CIUSSS du SaguenayLac-St-Jean,3,5,40064.0
2024-2025,CIUSSS du SaguenayLac-St-Jean,3,6,18308.0
2024-2025,CIUSSS du SaguenayLac-St-Jean,3,7,3762.0
2024-2025,CIUSSS du SaguenayLac-St-Jean,3,9,69070.0
2024-2025,CIUSSS du SaguenayLac-St-Jean,4,3,2.0
2024-2025,CIUSSS du SaguenayLac-St-Jean,4,4,20.0
2024-2025,CIUSSS du SaguenayLac-St-Jean,4,5,214.0
2024-2025,CIUSSS du SaguenayLac-St-Jean,4,6,74.0
2024-2025,CIUSSS du SaguenayLac-St-Jean,4,7,6.0
2024-2025,CIUSSS du SaguenayLac-St-Jean,4,9,316.0
2024-2025,CIUSSS du SaguenayLac-St-Jean,5,4,6.0
2024-2025,CIUSSS du SaguenayLac-St-Jean,5,5,48.0
2024-2025,CIUSSS du SaguenayLac-St-Jean,5,6,18.0
2024-2025,CIUSSS du SaguenayLac-St-Jean,5,7,2.0
2024-2025,CIUSSS du SaguenayLac-St-Jean,5,9,74.0
2024-2025,CIUSSS du SaguenayLac-St-Jean,6,3,38.0
2024-2025,CIUSSS du SaguenayLac-St-Jean,6,4,2392.0
2024-2025,CIUSSS du SaguenayLac-St-Jean,6,5,36042.0
2024-2025,CIUSSS du SaguenayLac-St-Jean,6,6,15714.0
2024-2025,CIUSSS du SaguenayLac-St-Jean,6,7,1290.0
2024-2025,CIUSSS du SaguenayLac-St-Jean,6,9,55476.0
2024-2025,CIUSSS du SaguenayLac-St-Jean,7,4,2.0
2024-2025,CIUSSS du SaguenayLac-St-Jean,7,5,34.0
2024-2025,CIUSSS du SaguenayLac-St-Jean,7,6,4.0
2024-2025,CIUSSS du SaguenayLac-St-Jean,7,9,40.0
2024-2025,CIUSSS du SaguenayLac-St-Jean,9,4,200.0
2024-2025,CIUSSS du SaguenayLac-St-Jean,9,5,6532.0
2024-2025,CIUSSS du SaguenayLac-St-Jean,9,6,916.0
2024-2025,CIUSSS du SaguenayLac-St-Jean,9,9,7648.0
2024-2025,CIUSSS du SaguenayLac-St-Jean,10,4,4.0
2024-2025,CIUSSS du SaguenayLac-St-Jean,10,5,6.0
2024-2025,CIUSSS du SaguenayLac-St-Jean,10,6,2.0
2024-2025,CIUSSS du SaguenayLac-St-Jean,10,9,12.0
2024-2025,CIUSSS du SaguenayLac-St-Jean,11,4,4.0
2024-2025,CIUSSS du SaguenayLac-St-Jean,11,9,4.0
