Annee,NomEtablissement,Ligne,Colonne,Chiffre
2013-2014,CPR de la Côte-Nord,1,1,6.0
2013-2014,CPR de la Côte-Nord,1,2,8.0
2013-2014,CPR de la Côte-Nord,1,3,12.0
2013-2014,CPR de la Côte-Nord,1,4,5.0
2013-2014,CPR de la Côte-Nord,1,5,8.0
2013-2014,CPR de la Côte-Nord,1,6,4.0
2013-2014,CPR de la Côte-Nord,1,9,43.0
2013-2014,CPR de la Côte-Nord,2,1,9.0
2013-2014,CPR de la Côte-Nord,2,2,17.0
2013-2014,CPR de la Côte-Nord,2,3,11.0
2013-2014,CPR de la Côte-Nord,2,4,1.0
2013-2014,CPR de la Côte-Nord,2,5,1.0
2013-2014,CPR de la Côte-Nord,2,9,39.0
2013-2014,CPR de la Côte-Nord,3,1,15.0
2013-2014,CPR de la Côte-Nord,3,2,25.0
2013-2014,CPR de la Côte-Nord,3,3,23.0
2013-2014,CPR de la Côte-Nord,3,4,6.0
2013-2014,CPR de la Côte-Nord,3,5,9.0
2013-2014,CPR de la Côte-Nord,3,6,4.0
2013-2014,CPR de la Côte-Nord,3,9,82.0
2013-2014,CPR de la Côte-Nord,4,1,9.0
2013-2014,CPR de la Côte-Nord,4,2,7.0
2013-2014,CPR de la Côte-Nord,4,3,7.0
2013-2014,CPR de la Côte-Nord,4,4,1.0
2013-2014,CPR de la Côte-Nord,4,5,4.0
2013-2014,CPR de la Côte-Nord,4,6,2.0
2013-2014,CPR de la Côte-Nord,4,9,30.0
2013-2014,CPR de la Côte-Nord,5,1,5.0
2013-2014,CPR de la Côte-Nord,5,2,13.0
2013-2014,CPR de la Côte-Nord,5,3,7.0
2013-2014,CPR de la Côte-Nord,5,5,1.0
2013-2014,CPR de la Côte-Nord,5,9,26.0
2013-2014,CPR de la Côte-Nord,6,1,14.0
2013-2014,CPR de la Côte-Nord,6,2,20.0
2013-2014,CPR de la Côte-Nord,6,3,14.0
2013-2014,CPR de la Côte-Nord,6,4,1.0
2013-2014,CPR de la Côte-Nord,6,5,5.0
2013-2014,CPR de la Côte-Nord,6,6,2.0
2013-2014,CPR de la Côte-Nord,6,9,56.0
2013-2014,CPR de la Côte-Nord,7,2,8.0
2013-2014,CPR de la Côte-Nord,7,3,3.0
2013-2014,CPR de la Côte-Nord,7,4,6.0
2013-2014,CPR de la Côte-Nord,7,5,11.0
2013-2014,CPR de la Côte-Nord,7,6,6.0
2013-2014,CPR de la Côte-Nord,7,7,1.0
2013-2014,CPR de la Côte-Nord,7,9,35.0
2013-2014,CPR de la Côte-Nord,8,1,2.0
2013-2014,CPR de la Côte-Nord,8,2,6.0
2013-2014,CPR de la Côte-Nord,8,3,11.0
2013-2014,CPR de la Côte-Nord,8,4,3.0
2013-2014,CPR de la Côte-Nord,8,5,3.0
2013-2014,CPR de la Côte-Nord,8,9,25.0
2013-2014,CPR de la Côte-Nord,9,1,2.0
2013-2014,CPR de la Côte-Nord,9,2,14.0
2013-2014,CPR de la Côte-Nord,9,3,14.0
2013-2014,CPR de la Côte-Nord,9,4,9.0
2013-2014,CPR de la Côte-Nord,9,5,14.0
2013-2014,CPR de la Côte-Nord,9,6,6.0
2013-2014,CPR de la Côte-Nord,9,7,1.0
2013-2014,CPR de la Côte-Nord,9,9,60.0
2013-2014,CR Estrie Inc.,1,1,4.0
2013-2014,CR Estrie Inc.,1,2,1.0
2013-2014,CR Estrie Inc.,1,3,3.0
2013-2014,CR Estrie Inc.,1,4,3.0
2013-2014,CR Estrie Inc.,1,5,9.0
2013-2014,CR Estrie Inc.,1,6,3.0
2013-2014,CR Estrie Inc.,1,7,0.0
2013-2014,CR Estrie Inc.,1,8,0.0
2013-2014,CR Estrie Inc.,1,9,23.0
2013-2014,CR Estrie Inc.,2,1,1.0
2013-2014,CR Estrie Inc.,2,2,2.0
2013-2014,CR Estrie Inc.,2,3,0.0
2013-2014,CR Estrie Inc.,2,4,0.0
2013-2014,CR Estrie Inc.,2,5,0.0
2013-2014,CR Estrie Inc.,2,6,0.0
2013-2014,CR Estrie Inc.,2,7,0.0
2013-2014,CR Estrie Inc.,2,8,0.0
2013-2014,CR Estrie Inc.,2,9,3.0
2013-2014,CR Estrie Inc.,3,1,5.0
2013-2014,CR Estrie Inc.,3,2,3.0
2013-2014,CR Estrie Inc.,3,3,3.0
2013-2014,CR Estrie Inc.,3,4,3.0
2013-2014,CR Estrie Inc.,3,5,9.0
2013-2014,CR Estrie Inc.,3,6,3.0
2013-2014,CR Estrie Inc.,3,7,0.0
2013-2014,CR Estrie Inc.,3,8,0.0
2013-2014,CR Estrie Inc.,3,9,26.0
2013-2014,CR Estrie Inc.,4,1,4.0
2013-2014,CR Estrie Inc.,4,2,1.0
2013-2014,CR Estrie Inc.,4,3,1.0
2013-2014,CR Estrie Inc.,4,4,0.0
2013-2014,CR Estrie Inc.,4,5,1.0
2013-2014,CR Estrie Inc.,4,6,0.0
2013-2014,CR Estrie Inc.,4,7,0.0
2013-2014,CR Estrie Inc.,4,8,0.0
2013-2014,CR Estrie Inc.,4,9,7.0
2013-2014,CR Estrie Inc.,6,1,4.0
2013-2014,CR Estrie Inc.,6,2,1.0
2013-2014,CR Estrie Inc.,6,3,1.0
2013-2014,CR Estrie Inc.,6,4,0.0
2013-2014,CR Estrie Inc.,6,5,1.0
2013-2014,CR Estrie Inc.,6,6,0.0
2013-2014,CR Estrie Inc.,6,7,0.0
2013-2014,CR Estrie Inc.,6,8,0.0
2013-2014,CR Estrie Inc.,6,9,7.0
2013-2014,CR Estrie Inc.,7,1,0.0
2013-2014,CR Estrie Inc.,7,2,0.0
2013-2014,CR Estrie Inc.,7,3,1.0
2013-2014,CR Estrie Inc.,7,4,1.0
2013-2014,CR Estrie Inc.,7,5,9.0
2013-2014,CR Estrie Inc.,7,6,2.0
2013-2014,CR Estrie Inc.,7,7,0.0
2013-2014,CR Estrie Inc.,7,8,0.0
2013-2014,CR Estrie Inc.,7,9,13.0
2013-2014,CR Estrie Inc.,8,1,1.0
2013-2014,CR Estrie Inc.,8,2,2.0
2013-2014,CR Estrie Inc.,8,3,2.0
2013-2014,CR Estrie Inc.,8,4,0.0
2013-2014,CR Estrie Inc.,8,5,0.0
2013-2014,CR Estrie Inc.,8,6,0.0
2013-2014,CR Estrie Inc.,8,7,0.0
2013-2014,CR Estrie Inc.,8,8,0.0
2013-2014,CR Estrie Inc.,8,9,5.0
2013-2014,CR Estrie Inc.,9,1,1.0
2013-2014,CR Estrie Inc.,9,2,2.0
2013-2014,CR Estrie Inc.,9,3,3.0
2013-2014,CR Estrie Inc.,9,4,1.0
2013-2014,CR Estrie Inc.,9,5,9.0
2013-2014,CR Estrie Inc.,9,6,2.0
2013-2014,CR Estrie Inc.,9,7,0.0
2013-2014,CR Estrie Inc.,9,8,0.0
2013-2014,CR Estrie Inc.,9,9,18.0
2013-2014,CR La Maison,2,1,11.0
2013-2014,CR La Maison,2,2,6.0
2013-2014,CR La Maison,2,3,2.0
2013-2014,CR La Maison,2,4,2.0
2013-2014,CR La Maison,2,5,0.0
2013-2014,CR La Maison,2,6,0.0
2013-2014,CR La Maison,2,7,0.0
2013-2014,CR La Maison,2,8,0.0
2013-2014,CR La Maison,2,9,21.0
2013-2014,CR La Maison,3,1,11.0
2013-2014,CR La Maison,3,2,6.0
2013-2014,CR La Maison,3,3,2.0
2013-2014,CR La Maison,3,4,2.0
2013-2014,CR La Maison,3,5,0.0
2013-2014,CR La Maison,3,6,0.0
2013-2014,CR La Maison,3,7,0.0
2013-2014,CR La Maison,3,8,0.0
2013-2014,CR La Maison,3,9,21.0
2013-2014,CR La Maison,5,1,8.0
2013-2014,CR La Maison,5,2,6.0
2013-2014,CR La Maison,5,3,1.0
2013-2014,CR La Maison,5,4,0.0
2013-2014,CR La Maison,5,5,0.0
2013-2014,CR La Maison,5,6,0.0
2013-2014,CR La Maison,5,7,0.0
2013-2014,CR La Maison,5,8,0.0
2013-2014,CR La Maison,5,9,15.0
2013-2014,CR La Maison,6,1,8.0
2013-2014,CR La Maison,6,2,6.0
2013-2014,CR La Maison,6,3,1.0
2013-2014,CR La Maison,6,4,0.0
2013-2014,CR La Maison,6,5,0.0
2013-2014,CR La Maison,6,6,0.0
2013-2014,CR La Maison,6,7,0.0
2013-2014,CR La Maison,6,8,0.0
2013-2014,CR La Maison,6,9,15.0
2013-2014,CR La Maison,8,1,1.0
2013-2014,CR La Maison,8,2,6.0
2013-2014,CR La Maison,8,3,7.0
2013-2014,CR La Maison,8,4,4.0
2013-2014,CR La Maison,8,5,0.0
2013-2014,CR La Maison,8,6,0.0
2013-2014,CR La Maison,8,7,0.0
2013-2014,CR La Maison,8,8,0.0
2013-2014,CR La Maison,8,9,18.0
2013-2014,CR La Maison,9,1,1.0
2013-2014,CR La Maison,9,2,6.0
2013-2014,CR La Maison,9,3,7.0
2013-2014,CR La Maison,9,4,4.0
2013-2014,CR La Maison,9,5,0.0
2013-2014,CR La Maison,9,6,0.0
2013-2014,CR La Maison,9,7,0.0
2013-2014,CR La Maison,9,8,0.0
2013-2014,CR La Maison,9,9,18.0
2013-2014,CR La Myriade,1,1,32.0
2013-2014,CR La Myriade,1,2,14.0
2013-2014,CR La Myriade,1,3,35.0
2013-2014,CR La Myriade,1,4,14.0
2013-2014,CR La Myriade,1,5,16.0
2013-2014,CR La Myriade,1,6,9.0
2013-2014,CR La Myriade,1,7,0.0
2013-2014,CR La Myriade,1,8,0.0
2013-2014,CR La Myriade,1,9,120.0
2013-2014,CR La Myriade,2,1,52.0
2013-2014,CR La Myriade,2,2,61.0
2013-2014,CR La Myriade,2,3,40.0
2013-2014,CR La Myriade,2,4,12.0
2013-2014,CR La Myriade,2,5,11.0
2013-2014,CR La Myriade,2,6,0.0
2013-2014,CR La Myriade,2,7,0.0
2013-2014,CR La Myriade,2,8,0.0
2013-2014,CR La Myriade,2,9,176.0
2013-2014,CR La Myriade,3,1,84.0
2013-2014,CR La Myriade,3,2,75.0
2013-2014,CR La Myriade,3,3,75.0
2013-2014,CR La Myriade,3,4,26.0
2013-2014,CR La Myriade,3,5,27.0
2013-2014,CR La Myriade,3,6,9.0
2013-2014,CR La Myriade,3,7,0.0
2013-2014,CR La Myriade,3,8,0.0
2013-2014,CR La Myriade,3,9,296.0
2013-2014,CR La Myriade,4,1,29.0
2013-2014,CR La Myriade,4,2,4.0
2013-2014,CR La Myriade,4,3,16.0
2013-2014,CR La Myriade,4,4,10.0
2013-2014,CR La Myriade,4,5,8.0
2013-2014,CR La Myriade,4,6,2.0
2013-2014,CR La Myriade,4,7,0.0
2013-2014,CR La Myriade,4,8,0.0
2013-2014,CR La Myriade,4,9,69.0
2013-2014,CR La Myriade,5,1,28.0
2013-2014,CR La Myriade,5,2,69.0
2013-2014,CR La Myriade,5,3,5.0
2013-2014,CR La Myriade,5,4,2.0
2013-2014,CR La Myriade,5,5,0.0
2013-2014,CR La Myriade,5,6,0.0
2013-2014,CR La Myriade,5,7,0.0
2013-2014,CR La Myriade,5,8,0.0
2013-2014,CR La Myriade,5,9,104.0
2013-2014,CR La Myriade,6,1,57.0
2013-2014,CR La Myriade,6,2,73.0
2013-2014,CR La Myriade,6,3,21.0
2013-2014,CR La Myriade,6,4,12.0
2013-2014,CR La Myriade,6,5,8.0
2013-2014,CR La Myriade,6,6,2.0
2013-2014,CR La Myriade,6,7,0.0
2013-2014,CR La Myriade,6,8,0.0
2013-2014,CR La Myriade,6,9,173.0
2013-2014,CR La Myriade,7,1,10.0
2013-2014,CR La Myriade,7,2,18.0
2013-2014,CR La Myriade,7,3,26.0
2013-2014,CR La Myriade,7,4,16.0
2013-2014,CR La Myriade,7,5,39.0
2013-2014,CR La Myriade,7,6,35.0
2013-2014,CR La Myriade,7,7,3.0
2013-2014,CR La Myriade,7,8,0.0
2013-2014,CR La Myriade,7,9,147.0
2013-2014,CR La Myriade,8,1,5.0
2013-2014,CR La Myriade,8,2,80.0
2013-2014,CR La Myriade,8,3,25.0
2013-2014,CR La Myriade,8,4,6.0
2013-2014,CR La Myriade,8,5,9.0
2013-2014,CR La Myriade,8,6,0.0
2013-2014,CR La Myriade,8,7,0.0
2013-2014,CR La Myriade,8,8,0.0
2013-2014,CR La Myriade,8,9,125.0
2013-2014,CR La Myriade,9,1,15.0
2013-2014,CR La Myriade,9,2,98.0
2013-2014,CR La Myriade,9,3,51.0
2013-2014,CR La Myriade,9,4,22.0
2013-2014,CR La Myriade,9,5,48.0
2013-2014,CR La Myriade,9,6,35.0
2013-2014,CR La Myriade,9,7,3.0
2013-2014,CR La Myriade,9,8,0.0
2013-2014,CR La Myriade,9,9,272.0
2013-2014,CR de l'Ouest de Montréal,1,1,35.0
2013-2014,CR de l'Ouest de Montréal,1,2,30.0
2013-2014,CR de l'Ouest de Montréal,1,3,39.0
2013-2014,CR de l'Ouest de Montréal,1,4,29.0
2013-2014,CR de l'Ouest de Montréal,1,5,33.0
2013-2014,CR de l'Ouest de Montréal,1,6,13.0
2013-2014,CR de l'Ouest de Montréal,1,7,0.0
2013-2014,CR de l'Ouest de Montréal,1,8,0.0
2013-2014,CR de l'Ouest de Montréal,1,9,179.0
2013-2014,CR de l'Ouest de Montréal,2,1,129.0
2013-2014,CR de l'Ouest de Montréal,2,2,91.0
2013-2014,CR de l'Ouest de Montréal,2,3,35.0
2013-2014,CR de l'Ouest de Montréal,2,4,24.0
2013-2014,CR de l'Ouest de Montréal,2,5,11.0
2013-2014,CR de l'Ouest de Montréal,2,6,0.0
2013-2014,CR de l'Ouest de Montréal,2,7,0.0
2013-2014,CR de l'Ouest de Montréal,2,8,0.0
2013-2014,CR de l'Ouest de Montréal,2,9,290.0
2013-2014,CR de l'Ouest de Montréal,3,1,164.0
2013-2014,CR de l'Ouest de Montréal,3,2,121.0
2013-2014,CR de l'Ouest de Montréal,3,3,74.0
2013-2014,CR de l'Ouest de Montréal,3,4,53.0
2013-2014,CR de l'Ouest de Montréal,3,5,44.0
2013-2014,CR de l'Ouest de Montréal,3,6,13.0
2013-2014,CR de l'Ouest de Montréal,3,7,0.0
2013-2014,CR de l'Ouest de Montréal,3,8,0.0
2013-2014,CR de l'Ouest de Montréal,3,9,469.0
2013-2014,CR de l'Ouest de Montréal,4,1,56.0
2013-2014,CR de l'Ouest de Montréal,4,2,29.0
2013-2014,CR de l'Ouest de Montréal,4,3,26.0
2013-2014,CR de l'Ouest de Montréal,4,4,15.0
2013-2014,CR de l'Ouest de Montréal,4,5,24.0
2013-2014,CR de l'Ouest de Montréal,4,6,8.0
2013-2014,CR de l'Ouest de Montréal,4,7,0.0
2013-2014,CR de l'Ouest de Montréal,4,8,0.0
2013-2014,CR de l'Ouest de Montréal,4,9,158.0
2013-2014,CR de l'Ouest de Montréal,5,1,100.0
2013-2014,CR de l'Ouest de Montréal,5,2,66.0
2013-2014,CR de l'Ouest de Montréal,5,3,27.0
2013-2014,CR de l'Ouest de Montréal,5,4,16.0
2013-2014,CR de l'Ouest de Montréal,5,5,6.0
2013-2014,CR de l'Ouest de Montréal,5,6,1.0
2013-2014,CR de l'Ouest de Montréal,5,7,0.0
2013-2014,CR de l'Ouest de Montréal,5,8,0.0
2013-2014,CR de l'Ouest de Montréal,5,9,216.0
2013-2014,CR de l'Ouest de Montréal,6,1,156.0
2013-2014,CR de l'Ouest de Montréal,6,2,95.0
2013-2014,CR de l'Ouest de Montréal,6,3,53.0
2013-2014,CR de l'Ouest de Montréal,6,4,31.0
2013-2014,CR de l'Ouest de Montréal,6,5,30.0
2013-2014,CR de l'Ouest de Montréal,6,6,9.0
2013-2014,CR de l'Ouest de Montréal,6,7,0.0
2013-2014,CR de l'Ouest de Montréal,6,8,0.0
2013-2014,CR de l'Ouest de Montréal,6,9,374.0
2013-2014,CR de l'Ouest de Montréal,7,1,6.0
2013-2014,CR de l'Ouest de Montréal,7,2,32.0
2013-2014,CR de l'Ouest de Montréal,7,3,15.0
2013-2014,CR de l'Ouest de Montréal,7,4,12.0
2013-2014,CR de l'Ouest de Montréal,7,5,17.0
2013-2014,CR de l'Ouest de Montréal,7,6,10.0
2013-2014,CR de l'Ouest de Montréal,7,7,4.0
2013-2014,CR de l'Ouest de Montréal,7,8,1.0
2013-2014,CR de l'Ouest de Montréal,7,9,97.0
2013-2014,CR de l'Ouest de Montréal,8,1,16.0
2013-2014,CR de l'Ouest de Montréal,8,2,39.0
2013-2014,CR de l'Ouest de Montréal,8,3,11.0
2013-2014,CR de l'Ouest de Montréal,8,4,6.0
2013-2014,CR de l'Ouest de Montréal,8,5,0.0
2013-2014,CR de l'Ouest de Montréal,8,6,0.0
2013-2014,CR de l'Ouest de Montréal,8,7,0.0
2013-2014,CR de l'Ouest de Montréal,8,8,0.0
2013-2014,CR de l'Ouest de Montréal,8,9,72.0
2013-2014,CR de l'Ouest de Montréal,9,1,22.0
2013-2014,CR de l'Ouest de Montréal,9,2,71.0
2013-2014,CR de l'Ouest de Montréal,9,3,26.0
2013-2014,CR de l'Ouest de Montréal,9,4,18.0
2013-2014,CR de l'Ouest de Montréal,9,5,17.0
2013-2014,CR de l'Ouest de Montréal,9,6,10.0
2013-2014,CR de l'Ouest de Montréal,9,7,4.0
2013-2014,CR de l'Ouest de Montréal,9,8,1.0
2013-2014,CR de l'Ouest de Montréal,9,9,169.0
2013-2014,CR de la Gaspésie,1,1,0.0
2013-2014,CR de la Gaspésie,1,2,1.0
2013-2014,CR de la Gaspésie,1,3,2.0
2013-2014,CR de la Gaspésie,1,4,1.0
2013-2014,CR de la Gaspésie,1,5,3.0
2013-2014,CR de la Gaspésie,1,6,6.0
2013-2014,CR de la Gaspésie,1,7,1.0
2013-2014,CR de la Gaspésie,1,8,0.0
2013-2014,CR de la Gaspésie,1,9,14.0
2013-2014,CR de la Gaspésie,2,1,6.0
2013-2014,CR de la Gaspésie,2,2,2.0
2013-2014,CR de la Gaspésie,2,3,3.0
2013-2014,CR de la Gaspésie,2,4,1.0
2013-2014,CR de la Gaspésie,2,5,1.0
2013-2014,CR de la Gaspésie,2,6,0.0
2013-2014,CR de la Gaspésie,2,7,0.0
2013-2014,CR de la Gaspésie,2,8,0.0
2013-2014,CR de la Gaspésie,2,9,13.0
2013-2014,CR de la Gaspésie,3,1,6.0
2013-2014,CR de la Gaspésie,3,2,3.0
2013-2014,CR de la Gaspésie,3,3,5.0
2013-2014,CR de la Gaspésie,3,4,2.0
2013-2014,CR de la Gaspésie,3,5,4.0
2013-2014,CR de la Gaspésie,3,6,6.0
2013-2014,CR de la Gaspésie,3,7,1.0
2013-2014,CR de la Gaspésie,3,8,0.0
2013-2014,CR de la Gaspésie,3,9,27.0
2013-2014,CR de la Gaspésie,4,1,0.0
2013-2014,CR de la Gaspésie,4,2,8.0
2013-2014,CR de la Gaspésie,4,3,3.0
2013-2014,CR de la Gaspésie,4,4,2.0
2013-2014,CR de la Gaspésie,4,5,5.0
2013-2014,CR de la Gaspésie,4,6,2.0
2013-2014,CR de la Gaspésie,4,7,1.0
2013-2014,CR de la Gaspésie,4,8,0.0
2013-2014,CR de la Gaspésie,4,9,21.0
2013-2014,CR de la Gaspésie,5,1,5.0
2013-2014,CR de la Gaspésie,5,2,6.0
2013-2014,CR de la Gaspésie,5,3,3.0
2013-2014,CR de la Gaspésie,5,4,1.0
2013-2014,CR de la Gaspésie,5,5,1.0
2013-2014,CR de la Gaspésie,5,6,0.0
2013-2014,CR de la Gaspésie,5,7,0.0
2013-2014,CR de la Gaspésie,5,8,0.0
2013-2014,CR de la Gaspésie,5,9,16.0
2013-2014,CR de la Gaspésie,6,1,5.0
2013-2014,CR de la Gaspésie,6,2,14.0
2013-2014,CR de la Gaspésie,6,3,6.0
2013-2014,CR de la Gaspésie,6,4,3.0
2013-2014,CR de la Gaspésie,6,5,6.0
2013-2014,CR de la Gaspésie,6,6,2.0
2013-2014,CR de la Gaspésie,6,7,1.0
2013-2014,CR de la Gaspésie,6,8,0.0
2013-2014,CR de la Gaspésie,6,9,37.0
2013-2014,CR de la Gaspésie,7,1,0.0
2013-2014,CR de la Gaspésie,7,2,0.0
2013-2014,CR de la Gaspésie,7,3,3.0
2013-2014,CR de la Gaspésie,7,4,2.0
2013-2014,CR de la Gaspésie,7,5,16.0
2013-2014,CR de la Gaspésie,7,6,8.0
2013-2014,CR de la Gaspésie,7,7,4.0
2013-2014,CR de la Gaspésie,7,8,3.0
2013-2014,CR de la Gaspésie,7,9,36.0
2013-2014,CR de la Gaspésie,8,1,0.0
2013-2014,CR de la Gaspésie,8,2,9.0
2013-2014,CR de la Gaspésie,8,3,7.0
2013-2014,CR de la Gaspésie,8,4,4.0
2013-2014,CR de la Gaspésie,8,5,2.0
2013-2014,CR de la Gaspésie,8,6,0.0
2013-2014,CR de la Gaspésie,8,7,0.0
2013-2014,CR de la Gaspésie,8,8,0.0
2013-2014,CR de la Gaspésie,8,9,22.0
2013-2014,CR de la Gaspésie,9,1,0.0
2013-2014,CR de la Gaspésie,9,2,9.0
2013-2014,CR de la Gaspésie,9,3,10.0
2013-2014,CR de la Gaspésie,9,4,6.0
2013-2014,CR de la Gaspésie,9,5,18.0
2013-2014,CR de la Gaspésie,9,6,8.0
2013-2014,CR de la Gaspésie,9,7,4.0
2013-2014,CR de la Gaspésie,9,8,3.0
2013-2014,CR de la Gaspésie,9,9,58.0
2013-2014,CRDI de Québec,1,1,14.0
2013-2014,CRDI de Québec,1,2,14.0
2013-2014,CRDI de Québec,1,3,27.0
2013-2014,CRDI de Québec,1,4,23.0
2013-2014,CRDI de Québec,1,5,39.0
2013-2014,CRDI de Québec,1,6,18.0
2013-2014,CRDI de Québec,1,7,3.0
2013-2014,CRDI de Québec,1,9,138.0
2013-2014,CRDI de Québec,2,1,35.0
2013-2014,CRDI de Québec,2,2,59.0
2013-2014,CRDI de Québec,2,3,27.0
2013-2014,CRDI de Québec,2,4,9.0
2013-2014,CRDI de Québec,2,5,5.0
2013-2014,CRDI de Québec,2,6,1.0
2013-2014,CRDI de Québec,2,9,136.0
2013-2014,CRDI de Québec,3,1,49.0
2013-2014,CRDI de Québec,3,2,73.0
2013-2014,CRDI de Québec,3,3,54.0
2013-2014,CRDI de Québec,3,4,32.0
2013-2014,CRDI de Québec,3,5,44.0
2013-2014,CRDI de Québec,3,6,19.0
2013-2014,CRDI de Québec,3,7,3.0
2013-2014,CRDI de Québec,3,9,274.0
2013-2014,CRDI de Québec,4,1,9.0
2013-2014,CRDI de Québec,4,2,4.0
2013-2014,CRDI de Québec,4,3,6.0
2013-2014,CRDI de Québec,4,4,10.0
2013-2014,CRDI de Québec,4,5,15.0
2013-2014,CRDI de Québec,4,6,10.0
2013-2014,CRDI de Québec,4,7,1.0
2013-2014,CRDI de Québec,4,9,55.0
2013-2014,CRDI de Québec,5,1,39.0
2013-2014,CRDI de Québec,5,2,29.0
2013-2014,CRDI de Québec,5,3,20.0
2013-2014,CRDI de Québec,5,4,6.0
2013-2014,CRDI de Québec,5,5,8.0
2013-2014,CRDI de Québec,5,6,3.0
2013-2014,CRDI de Québec,5,9,105.0
2013-2014,CRDI de Québec,6,1,48.0
2013-2014,CRDI de Québec,6,2,33.0
2013-2014,CRDI de Québec,6,3,26.0
2013-2014,CRDI de Québec,6,4,16.0
2013-2014,CRDI de Québec,6,5,23.0
2013-2014,CRDI de Québec,6,6,13.0
2013-2014,CRDI de Québec,6,7,1.0
2013-2014,CRDI de Québec,6,9,160.0
2013-2014,CRDI de Québec,7,1,2.0
2013-2014,CRDI de Québec,7,2,8.0
2013-2014,CRDI de Québec,7,3,10.0
2013-2014,CRDI de Québec,7,4,11.0
2013-2014,CRDI de Québec,7,5,24.0
2013-2014,CRDI de Québec,7,6,17.0
2013-2014,CRDI de Québec,7,7,8.0
2013-2014,CRDI de Québec,7,8,1.0
2013-2014,CRDI de Québec,7,9,81.0
2013-2014,CRDI de Québec,8,1,3.0
2013-2014,CRDI de Québec,8,2,22.0
2013-2014,CRDI de Québec,8,3,21.0
2013-2014,CRDI de Québec,8,4,5.0
2013-2014,CRDI de Québec,8,5,8.0
2013-2014,CRDI de Québec,8,6,1.0
2013-2014,CRDI de Québec,8,7,1.0
2013-2014,CRDI de Québec,8,9,61.0
2013-2014,CRDI de Québec,9,1,5.0
2013-2014,CRDI de Québec,9,2,30.0
2013-2014,CRDI de Québec,9,3,31.0
2013-2014,CRDI de Québec,9,4,16.0
2013-2014,CRDI de Québec,9,5,32.0
2013-2014,CRDI de Québec,9,6,18.0
2013-2014,CRDI de Québec,9,7,9.0
2013-2014,CRDI de Québec,9,8,1.0
2013-2014,CRDI de Québec,9,9,142.0
2013-2014,CRDITED Chaudière-Appalaches,1,1,19.0
2013-2014,CRDITED Chaudière-Appalaches,1,2,19.0
2013-2014,CRDITED Chaudière-Appalaches,1,3,10.0
2013-2014,CRDITED Chaudière-Appalaches,1,4,29.0
2013-2014,CRDITED Chaudière-Appalaches,1,5,16.0
2013-2014,CRDITED Chaudière-Appalaches,1,6,17.0
2013-2014,CRDITED Chaudière-Appalaches,1,7,1.0
2013-2014,CRDITED Chaudière-Appalaches,1,8,0.0
2013-2014,CRDITED Chaudière-Appalaches,1,9,111.0
2013-2014,CRDITED Chaudière-Appalaches,2,1,29.0
2013-2014,CRDITED Chaudière-Appalaches,2,2,37.0
2013-2014,CRDITED Chaudière-Appalaches,2,3,21.0
2013-2014,CRDITED Chaudière-Appalaches,2,4,11.0
2013-2014,CRDITED Chaudière-Appalaches,2,5,4.0
2013-2014,CRDITED Chaudière-Appalaches,2,6,0.0
2013-2014,CRDITED Chaudière-Appalaches,2,7,0.0
2013-2014,CRDITED Chaudière-Appalaches,2,8,0.0
2013-2014,CRDITED Chaudière-Appalaches,2,9,102.0
2013-2014,CRDITED Chaudière-Appalaches,3,1,48.0
2013-2014,CRDITED Chaudière-Appalaches,3,2,56.0
2013-2014,CRDITED Chaudière-Appalaches,3,3,31.0
2013-2014,CRDITED Chaudière-Appalaches,3,4,40.0
2013-2014,CRDITED Chaudière-Appalaches,3,5,20.0
2013-2014,CRDITED Chaudière-Appalaches,3,6,17.0
2013-2014,CRDITED Chaudière-Appalaches,3,7,1.0
2013-2014,CRDITED Chaudière-Appalaches,3,8,0.0
2013-2014,CRDITED Chaudière-Appalaches,3,9,213.0
2013-2014,CRDITED Chaudière-Appalaches,4,1,17.0
2013-2014,CRDITED Chaudière-Appalaches,4,2,10.0
2013-2014,CRDITED Chaudière-Appalaches,4,3,6.0
2013-2014,CRDITED Chaudière-Appalaches,4,4,19.0
2013-2014,CRDITED Chaudière-Appalaches,4,5,12.0
2013-2014,CRDITED Chaudière-Appalaches,4,6,8.0
2013-2014,CRDITED Chaudière-Appalaches,4,7,0.0
2013-2014,CRDITED Chaudière-Appalaches,4,8,0.0
2013-2014,CRDITED Chaudière-Appalaches,4,9,72.0
2013-2014,CRDITED Chaudière-Appalaches,5,1,30.0
2013-2014,CRDITED Chaudière-Appalaches,5,2,34.0
2013-2014,CRDITED Chaudière-Appalaches,5,3,19.0
2013-2014,CRDITED Chaudière-Appalaches,5,4,11.0
2013-2014,CRDITED Chaudière-Appalaches,5,5,7.0
2013-2014,CRDITED Chaudière-Appalaches,5,6,0.0
2013-2014,CRDITED Chaudière-Appalaches,5,7,0.0
2013-2014,CRDITED Chaudière-Appalaches,5,8,0.0
2013-2014,CRDITED Chaudière-Appalaches,5,9,101.0
2013-2014,CRDITED Chaudière-Appalaches,6,1,47.0
2013-2014,CRDITED Chaudière-Appalaches,6,2,44.0
2013-2014,CRDITED Chaudière-Appalaches,6,3,25.0
2013-2014,CRDITED Chaudière-Appalaches,6,4,30.0
2013-2014,CRDITED Chaudière-Appalaches,6,5,19.0
2013-2014,CRDITED Chaudière-Appalaches,6,6,8.0
2013-2014,CRDITED Chaudière-Appalaches,6,7,0.0
2013-2014,CRDITED Chaudière-Appalaches,6,8,0.0
2013-2014,CRDITED Chaudière-Appalaches,6,9,173.0
2013-2014,CRDITED Chaudière-Appalaches,7,1,5.0
2013-2014,CRDITED Chaudière-Appalaches,7,2,21.0
2013-2014,CRDITED Chaudière-Appalaches,7,3,16.0
2013-2014,CRDITED Chaudière-Appalaches,7,4,16.0
2013-2014,CRDITED Chaudière-Appalaches,7,5,35.0
2013-2014,CRDITED Chaudière-Appalaches,7,6,30.0
2013-2014,CRDITED Chaudière-Appalaches,7,7,10.0
2013-2014,CRDITED Chaudière-Appalaches,7,8,1.0
2013-2014,CRDITED Chaudière-Appalaches,7,9,134.0
2013-2014,CRDITED Chaudière-Appalaches,8,1,1.0
2013-2014,CRDITED Chaudière-Appalaches,8,2,49.0
2013-2014,CRDITED Chaudière-Appalaches,8,3,35.0
2013-2014,CRDITED Chaudière-Appalaches,8,4,6.0
2013-2014,CRDITED Chaudière-Appalaches,8,5,5.0
2013-2014,CRDITED Chaudière-Appalaches,8,6,1.0
2013-2014,CRDITED Chaudière-Appalaches,8,7,0.0
2013-2014,CRDITED Chaudière-Appalaches,8,8,0.0
2013-2014,CRDITED Chaudière-Appalaches,8,9,97.0
2013-2014,CRDITED Chaudière-Appalaches,9,1,6.0
2013-2014,CRDITED Chaudière-Appalaches,9,2,70.0
2013-2014,CRDITED Chaudière-Appalaches,9,3,51.0
2013-2014,CRDITED Chaudière-Appalaches,9,4,22.0
2013-2014,CRDITED Chaudière-Appalaches,9,5,40.0
2013-2014,CRDITED Chaudière-Appalaches,9,6,31.0
2013-2014,CRDITED Chaudière-Appalaches,9,7,10.0
2013-2014,CRDITED Chaudière-Appalaches,9,8,1.0
2013-2014,CRDITED Chaudière-Appalaches,9,9,231.0
2013-2014,CRDITED Mauricie et Centre-du-Québec,1,1,33.0
2013-2014,CRDITED Mauricie et Centre-du-Québec,1,2,12.0
2013-2014,CRDITED Mauricie et Centre-du-Québec,1,3,9.0
2013-2014,CRDITED Mauricie et Centre-du-Québec,1,4,17.0
2013-2014,CRDITED Mauricie et Centre-du-Québec,1,5,30.0
2013-2014,CRDITED Mauricie et Centre-du-Québec,1,6,9.0
2013-2014,CRDITED Mauricie et Centre-du-Québec,1,7,3.0
2013-2014,CRDITED Mauricie et Centre-du-Québec,1,9,113.0
2013-2014,CRDITED Mauricie et Centre-du-Québec,2,1,36.0
2013-2014,CRDITED Mauricie et Centre-du-Québec,2,2,60.0
2013-2014,CRDITED Mauricie et Centre-du-Québec,2,3,21.0
2013-2014,CRDITED Mauricie et Centre-du-Québec,2,4,9.0
2013-2014,CRDITED Mauricie et Centre-du-Québec,2,5,9.0
2013-2014,CRDITED Mauricie et Centre-du-Québec,2,6,2.0
2013-2014,CRDITED Mauricie et Centre-du-Québec,2,9,137.0
2013-2014,CRDITED Mauricie et Centre-du-Québec,3,1,69.0
2013-2014,CRDITED Mauricie et Centre-du-Québec,3,2,72.0
2013-2014,CRDITED Mauricie et Centre-du-Québec,3,3,30.0
2013-2014,CRDITED Mauricie et Centre-du-Québec,3,4,26.0
2013-2014,CRDITED Mauricie et Centre-du-Québec,3,5,39.0
2013-2014,CRDITED Mauricie et Centre-du-Québec,3,6,11.0
2013-2014,CRDITED Mauricie et Centre-du-Québec,3,7,3.0
2013-2014,CRDITED Mauricie et Centre-du-Québec,3,9,250.0
2013-2014,CRDITED Mauricie et Centre-du-Québec,4,1,21.0
2013-2014,CRDITED Mauricie et Centre-du-Québec,4,2,12.0
2013-2014,CRDITED Mauricie et Centre-du-Québec,4,3,14.0
2013-2014,CRDITED Mauricie et Centre-du-Québec,4,4,14.0
2013-2014,CRDITED Mauricie et Centre-du-Québec,4,5,24.0
2013-2014,CRDITED Mauricie et Centre-du-Québec,4,6,1.0
2013-2014,CRDITED Mauricie et Centre-du-Québec,4,7,3.0
2013-2014,CRDITED Mauricie et Centre-du-Québec,4,9,89.0
2013-2014,CRDITED Mauricie et Centre-du-Québec,5,1,26.0
2013-2014,CRDITED Mauricie et Centre-du-Québec,5,2,40.0
2013-2014,CRDITED Mauricie et Centre-du-Québec,5,3,23.0
2013-2014,CRDITED Mauricie et Centre-du-Québec,5,4,6.0
2013-2014,CRDITED Mauricie et Centre-du-Québec,5,5,9.0
2013-2014,CRDITED Mauricie et Centre-du-Québec,5,6,1.0
2013-2014,CRDITED Mauricie et Centre-du-Québec,5,9,105.0
2013-2014,CRDITED Mauricie et Centre-du-Québec,6,1,47.0
2013-2014,CRDITED Mauricie et Centre-du-Québec,6,2,52.0
2013-2014,CRDITED Mauricie et Centre-du-Québec,6,3,37.0
2013-2014,CRDITED Mauricie et Centre-du-Québec,6,4,20.0
2013-2014,CRDITED Mauricie et Centre-du-Québec,6,5,33.0
2013-2014,CRDITED Mauricie et Centre-du-Québec,6,6,2.0
2013-2014,CRDITED Mauricie et Centre-du-Québec,6,7,3.0
2013-2014,CRDITED Mauricie et Centre-du-Québec,6,9,194.0
2013-2014,CRDITED Mauricie et Centre-du-Québec,7,1,8.0
2013-2014,CRDITED Mauricie et Centre-du-Québec,7,2,18.0
2013-2014,CRDITED Mauricie et Centre-du-Québec,7,3,22.0
2013-2014,CRDITED Mauricie et Centre-du-Québec,7,4,25.0
2013-2014,CRDITED Mauricie et Centre-du-Québec,7,5,55.0
2013-2014,CRDITED Mauricie et Centre-du-Québec,7,6,59.0
2013-2014,CRDITED Mauricie et Centre-du-Québec,7,7,20.0
2013-2014,CRDITED Mauricie et Centre-du-Québec,7,8,8.0
2013-2014,CRDITED Mauricie et Centre-du-Québec,7,9,215.0
2013-2014,CRDITED Mauricie et Centre-du-Québec,8,1,16.0
2013-2014,CRDITED Mauricie et Centre-du-Québec,8,2,80.0
2013-2014,CRDITED Mauricie et Centre-du-Québec,8,3,66.0
2013-2014,CRDITED Mauricie et Centre-du-Québec,8,4,24.0
2013-2014,CRDITED Mauricie et Centre-du-Québec,8,5,15.0
2013-2014,CRDITED Mauricie et Centre-du-Québec,8,6,4.0
2013-2014,CRDITED Mauricie et Centre-du-Québec,8,9,205.0
2013-2014,CRDITED Mauricie et Centre-du-Québec,9,1,24.0
2013-2014,CRDITED Mauricie et Centre-du-Québec,9,2,98.0
2013-2014,CRDITED Mauricie et Centre-du-Québec,9,3,88.0
2013-2014,CRDITED Mauricie et Centre-du-Québec,9,4,49.0
2013-2014,CRDITED Mauricie et Centre-du-Québec,9,5,70.0
2013-2014,CRDITED Mauricie et Centre-du-Québec,9,6,63.0
2013-2014,CRDITED Mauricie et Centre-du-Québec,9,7,20.0
2013-2014,CRDITED Mauricie et Centre-du-Québec,9,8,8.0
2013-2014,CRDITED Mauricie et Centre-du-Québec,9,9,420.0
2013-2014,CRDITED de Laval,1,1,113.0
2013-2014,CRDITED de Laval,1,2,14.0
2013-2014,CRDITED de Laval,1,3,29.0
2013-2014,CRDITED de Laval,1,4,9.0
2013-2014,CRDITED de Laval,1,5,14.0
2013-2014,CRDITED de Laval,1,6,5.0
2013-2014,CRDITED de Laval,1,9,184.0
2013-2014,CRDITED de Laval,2,1,71.0
2013-2014,CRDITED de Laval,2,2,54.0
2013-2014,CRDITED de Laval,2,3,20.0
2013-2014,CRDITED de Laval,2,4,10.0
2013-2014,CRDITED de Laval,2,5,4.0
2013-2014,CRDITED de Laval,2,6,2.0
2013-2014,CRDITED de Laval,2,9,161.0
2013-2014,CRDITED de Laval,3,1,184.0
2013-2014,CRDITED de Laval,3,2,68.0
2013-2014,CRDITED de Laval,3,3,49.0
2013-2014,CRDITED de Laval,3,4,19.0
2013-2014,CRDITED de Laval,3,5,18.0
2013-2014,CRDITED de Laval,3,6,7.0
2013-2014,CRDITED de Laval,3,9,345.0
2013-2014,CRDITED de Laval,4,1,94.0
2013-2014,CRDITED de Laval,4,2,18.0
2013-2014,CRDITED de Laval,4,3,30.0
2013-2014,CRDITED de Laval,4,4,9.0
2013-2014,CRDITED de Laval,4,5,10.0
2013-2014,CRDITED de Laval,4,6,1.0
2013-2014,CRDITED de Laval,4,9,162.0
2013-2014,CRDITED de Laval,5,1,39.0
2013-2014,CRDITED de Laval,5,2,47.0
2013-2014,CRDITED de Laval,5,3,13.0
2013-2014,CRDITED de Laval,5,4,8.0
2013-2014,CRDITED de Laval,5,5,2.0
2013-2014,CRDITED de Laval,5,9,109.0
2013-2014,CRDITED de Laval,6,1,133.0
2013-2014,CRDITED de Laval,6,2,65.0
2013-2014,CRDITED de Laval,6,3,43.0
2013-2014,CRDITED de Laval,6,4,17.0
2013-2014,CRDITED de Laval,6,5,12.0
2013-2014,CRDITED de Laval,6,6,1.0
2013-2014,CRDITED de Laval,6,9,271.0
2013-2014,CRDITED de Laval,7,1,65.0
2013-2014,CRDITED de Laval,7,2,43.0
2013-2014,CRDITED de Laval,7,3,29.0
2013-2014,CRDITED de Laval,7,4,12.0
2013-2014,CRDITED de Laval,7,5,33.0
2013-2014,CRDITED de Laval,7,6,16.0
2013-2014,CRDITED de Laval,7,7,4.0
2013-2014,CRDITED de Laval,7,8,1.0
2013-2014,CRDITED de Laval,7,9,203.0
2013-2014,CRDITED de Laval,8,1,3.0
2013-2014,CRDITED de Laval,8,2,74.0
2013-2014,CRDITED de Laval,8,3,42.0
2013-2014,CRDITED de Laval,8,4,16.0
2013-2014,CRDITED de Laval,8,5,10.0
2013-2014,CRDITED de Laval,8,6,1.0
2013-2014,CRDITED de Laval,8,8,1.0
2013-2014,CRDITED de Laval,8,9,147.0
2013-2014,CRDITED de Laval,9,1,68.0
2013-2014,CRDITED de Laval,9,2,117.0
2013-2014,CRDITED de Laval,9,3,71.0
2013-2014,CRDITED de Laval,9,4,28.0
2013-2014,CRDITED de Laval,9,5,43.0
2013-2014,CRDITED de Laval,9,6,17.0
2013-2014,CRDITED de Laval,9,7,4.0
2013-2014,CRDITED de Laval,9,8,2.0
2013-2014,CRDITED de Laval,9,9,350.0
2013-2014,CRDITED de Montréal,1,1,76.0
2013-2014,CRDITED de Montréal,1,2,39.0
2013-2014,CRDITED de Montréal,1,3,57.0
2013-2014,CRDITED de Montréal,1,4,40.0
2013-2014,CRDITED de Montréal,1,5,61.0
2013-2014,CRDITED de Montréal,1,6,35.0
2013-2014,CRDITED de Montréal,1,7,2.0
2013-2014,CRDITED de Montréal,1,8,0.0
2013-2014,CRDITED de Montréal,1,9,310.0
2013-2014,CRDITED de Montréal,2,1,158.0
2013-2014,CRDITED de Montréal,2,2,87.0
2013-2014,CRDITED de Montréal,2,3,47.0
2013-2014,CRDITED de Montréal,2,4,22.0
2013-2014,CRDITED de Montréal,2,5,12.0
2013-2014,CRDITED de Montréal,2,6,3.0
2013-2014,CRDITED de Montréal,2,7,0.0
2013-2014,CRDITED de Montréal,2,8,0.0
2013-2014,CRDITED de Montréal,2,9,329.0
2013-2014,CRDITED de Montréal,3,1,234.0
2013-2014,CRDITED de Montréal,3,2,126.0
2013-2014,CRDITED de Montréal,3,3,104.0
2013-2014,CRDITED de Montréal,3,4,62.0
2013-2014,CRDITED de Montréal,3,5,73.0
2013-2014,CRDITED de Montréal,3,6,38.0
2013-2014,CRDITED de Montréal,3,7,2.0
2013-2014,CRDITED de Montréal,3,8,0.0
2013-2014,CRDITED de Montréal,3,9,639.0
2013-2014,CRDITED de Montréal,4,1,63.0
2013-2014,CRDITED de Montréal,4,2,20.0
2013-2014,CRDITED de Montréal,4,3,37.0
2013-2014,CRDITED de Montréal,4,4,22.0
2013-2014,CRDITED de Montréal,4,5,55.0
2013-2014,CRDITED de Montréal,4,6,33.0
2013-2014,CRDITED de Montréal,4,7,2.0
2013-2014,CRDITED de Montréal,4,8,1.0
2013-2014,CRDITED de Montréal,4,9,233.0
2013-2014,CRDITED de Montréal,5,1,75.0
2013-2014,CRDITED de Montréal,5,2,75.0
2013-2014,CRDITED de Montréal,5,3,37.0
2013-2014,CRDITED de Montréal,5,4,12.0
2013-2014,CRDITED de Montréal,5,5,13.0
2013-2014,CRDITED de Montréal,5,6,5.0
2013-2014,CRDITED de Montréal,5,7,0.0
2013-2014,CRDITED de Montréal,5,8,0.0
2013-2014,CRDITED de Montréal,5,9,217.0
2013-2014,CRDITED de Montréal,6,1,138.0
2013-2014,CRDITED de Montréal,6,2,95.0
2013-2014,CRDITED de Montréal,6,3,74.0
2013-2014,CRDITED de Montréal,6,4,34.0
2013-2014,CRDITED de Montréal,6,5,68.0
2013-2014,CRDITED de Montréal,6,6,38.0
2013-2014,CRDITED de Montréal,6,7,2.0
2013-2014,CRDITED de Montréal,6,8,1.0
2013-2014,CRDITED de Montréal,6,9,450.0
2013-2014,CRDITED de Montréal,7,1,21.0
2013-2014,CRDITED de Montréal,7,2,76.0
2013-2014,CRDITED de Montréal,7,3,38.0
2013-2014,CRDITED de Montréal,7,4,50.0
2013-2014,CRDITED de Montréal,7,5,87.0
2013-2014,CRDITED de Montréal,7,6,79.0
2013-2014,CRDITED de Montréal,7,7,19.0
2013-2014,CRDITED de Montréal,7,8,4.0
2013-2014,CRDITED de Montréal,7,9,374.0
2013-2014,CRDITED de Montréal,8,1,20.0
2013-2014,CRDITED de Montréal,8,2,110.0
2013-2014,CRDITED de Montréal,8,3,52.0
2013-2014,CRDITED de Montréal,8,4,12.0
2013-2014,CRDITED de Montréal,8,5,9.0
2013-2014,CRDITED de Montréal,8,6,3.0
2013-2014,CRDITED de Montréal,8,7,0.0
2013-2014,CRDITED de Montréal,8,8,0.0
2013-2014,CRDITED de Montréal,8,9,206.0
2013-2014,CRDITED de Montréal,9,1,41.0
2013-2014,CRDITED de Montréal,9,2,186.0
2013-2014,CRDITED de Montréal,9,3,90.0
2013-2014,CRDITED de Montréal,9,4,62.0
2013-2014,CRDITED de Montréal,9,5,96.0
2013-2014,CRDITED de Montréal,9,6,82.0
2013-2014,CRDITED de Montréal,9,7,19.0
2013-2014,CRDITED de Montréal,9,8,4.0
2013-2014,CRDITED de Montréal,9,9,580.0
2013-2014,CRDITED de l'Estrie,1,1,17.0
2013-2014,CRDITED de l'Estrie,1,2,16.0
2013-2014,CRDITED de l'Estrie,1,3,31.0
2013-2014,CRDITED de l'Estrie,1,4,20.0
2013-2014,CRDITED de l'Estrie,1,5,35.0
2013-2014,CRDITED de l'Estrie,1,6,19.0
2013-2014,CRDITED de l'Estrie,1,7,2.0
2013-2014,CRDITED de l'Estrie,1,8,0.0
2013-2014,CRDITED de l'Estrie,1,9,140.0
2013-2014,CRDITED de l'Estrie,2,1,30.0
2013-2014,CRDITED de l'Estrie,2,2,40.0
2013-2014,CRDITED de l'Estrie,2,3,16.0
2013-2014,CRDITED de l'Estrie,2,4,7.0
2013-2014,CRDITED de l'Estrie,2,5,8.0
2013-2014,CRDITED de l'Estrie,2,6,0.0
2013-2014,CRDITED de l'Estrie,2,7,0.0
2013-2014,CRDITED de l'Estrie,2,8,0.0
2013-2014,CRDITED de l'Estrie,2,9,101.0
2013-2014,CRDITED de l'Estrie,3,1,47.0
2013-2014,CRDITED de l'Estrie,3,2,56.0
2013-2014,CRDITED de l'Estrie,3,3,47.0
2013-2014,CRDITED de l'Estrie,3,4,27.0
2013-2014,CRDITED de l'Estrie,3,5,43.0
2013-2014,CRDITED de l'Estrie,3,6,19.0
2013-2014,CRDITED de l'Estrie,3,7,2.0
2013-2014,CRDITED de l'Estrie,3,8,0.0
2013-2014,CRDITED de l'Estrie,3,9,241.0
2013-2014,CRDITED de l'Estrie,4,1,15.0
2013-2014,CRDITED de l'Estrie,4,2,7.0
2013-2014,CRDITED de l'Estrie,4,3,13.0
2013-2014,CRDITED de l'Estrie,4,4,12.0
2013-2014,CRDITED de l'Estrie,4,5,14.0
2013-2014,CRDITED de l'Estrie,4,6,6.0
2013-2014,CRDITED de l'Estrie,4,7,0.0
2013-2014,CRDITED de l'Estrie,4,8,0.0
2013-2014,CRDITED de l'Estrie,4,9,67.0
2013-2014,CRDITED de l'Estrie,5,1,23.0
2013-2014,CRDITED de l'Estrie,5,2,22.0
2013-2014,CRDITED de l'Estrie,5,3,12.0
2013-2014,CRDITED de l'Estrie,5,4,7.0
2013-2014,CRDITED de l'Estrie,5,5,4.0
2013-2014,CRDITED de l'Estrie,5,6,0.0
2013-2014,CRDITED de l'Estrie,5,7,0.0
2013-2014,CRDITED de l'Estrie,5,8,0.0
2013-2014,CRDITED de l'Estrie,5,9,68.0
2013-2014,CRDITED de l'Estrie,6,1,38.0
2013-2014,CRDITED de l'Estrie,6,2,29.0
2013-2014,CRDITED de l'Estrie,6,3,25.0
2013-2014,CRDITED de l'Estrie,6,4,19.0
2013-2014,CRDITED de l'Estrie,6,5,18.0
2013-2014,CRDITED de l'Estrie,6,6,6.0
2013-2014,CRDITED de l'Estrie,6,7,0.0
2013-2014,CRDITED de l'Estrie,6,8,0.0
2013-2014,CRDITED de l'Estrie,6,9,135.0
2013-2014,CRDITED de l'Estrie,7,1,9.0
2013-2014,CRDITED de l'Estrie,7,2,20.0
2013-2014,CRDITED de l'Estrie,7,3,34.0
2013-2014,CRDITED de l'Estrie,7,4,21.0
2013-2014,CRDITED de l'Estrie,7,5,30.0
2013-2014,CRDITED de l'Estrie,7,6,29.0
2013-2014,CRDITED de l'Estrie,7,7,4.0
2013-2014,CRDITED de l'Estrie,7,8,0.0
2013-2014,CRDITED de l'Estrie,7,9,147.0
2013-2014,CRDITED de l'Estrie,8,1,5.0
2013-2014,CRDITED de l'Estrie,8,2,33.0
2013-2014,CRDITED de l'Estrie,8,3,22.0
2013-2014,CRDITED de l'Estrie,8,4,6.0
2013-2014,CRDITED de l'Estrie,8,5,10.0
2013-2014,CRDITED de l'Estrie,8,6,0.0
2013-2014,CRDITED de l'Estrie,8,7,0.0
2013-2014,CRDITED de l'Estrie,8,8,0.0
2013-2014,CRDITED de l'Estrie,8,9,76.0
2013-2014,CRDITED de l'Estrie,9,1,14.0
2013-2014,CRDITED de l'Estrie,9,2,53.0
2013-2014,CRDITED de l'Estrie,9,3,56.0
2013-2014,CRDITED de l'Estrie,9,4,27.0
2013-2014,CRDITED de l'Estrie,9,5,40.0
2013-2014,CRDITED de l'Estrie,9,6,29.0
2013-2014,CRDITED de l'Estrie,9,7,4.0
2013-2014,CRDITED de l'Estrie,9,8,0.0
2013-2014,CRDITED de l'Estrie,9,9,223.0
2013-2014,CRDITED de la Montérégie-Est,1,1,22.0
2013-2014,CRDITED de la Montérégie-Est,1,2,16.0
2013-2014,CRDITED de la Montérégie-Est,1,3,27.0
2013-2014,CRDITED de la Montérégie-Est,1,4,23.0
2013-2014,CRDITED de la Montérégie-Est,1,5,19.0
2013-2014,CRDITED de la Montérégie-Est,1,6,14.0
2013-2014,CRDITED de la Montérégie-Est,1,7,1.0
2013-2014,CRDITED de la Montérégie-Est,1,8,0.0
2013-2014,CRDITED de la Montérégie-Est,1,9,122.0
2013-2014,CRDITED de la Montérégie-Est,2,1,243.0
2013-2014,CRDITED de la Montérégie-Est,2,2,258.0
2013-2014,CRDITED de la Montérégie-Est,2,3,59.0
2013-2014,CRDITED de la Montérégie-Est,2,4,16.0
2013-2014,CRDITED de la Montérégie-Est,2,5,10.0
2013-2014,CRDITED de la Montérégie-Est,2,6,3.0
2013-2014,CRDITED de la Montérégie-Est,2,7,1.0
2013-2014,CRDITED de la Montérégie-Est,2,8,0.0
2013-2014,CRDITED de la Montérégie-Est,2,9,590.0
2013-2014,CRDITED de la Montérégie-Est,3,1,265.0
2013-2014,CRDITED de la Montérégie-Est,3,2,274.0
2013-2014,CRDITED de la Montérégie-Est,3,3,86.0
2013-2014,CRDITED de la Montérégie-Est,3,4,39.0
2013-2014,CRDITED de la Montérégie-Est,3,5,29.0
2013-2014,CRDITED de la Montérégie-Est,3,6,17.0
2013-2014,CRDITED de la Montérégie-Est,3,7,2.0
2013-2014,CRDITED de la Montérégie-Est,3,8,0.0
2013-2014,CRDITED de la Montérégie-Est,3,9,712.0
2013-2014,CRDITED de la Montérégie-Est,4,1,12.0
2013-2014,CRDITED de la Montérégie-Est,4,2,23.0
2013-2014,CRDITED de la Montérégie-Est,4,3,15.0
2013-2014,CRDITED de la Montérégie-Est,4,4,17.0
2013-2014,CRDITED de la Montérégie-Est,4,5,27.0
2013-2014,CRDITED de la Montérégie-Est,4,6,6.0
2013-2014,CRDITED de la Montérégie-Est,4,7,0.0
2013-2014,CRDITED de la Montérégie-Est,4,8,0.0
2013-2014,CRDITED de la Montérégie-Est,4,9,100.0
2013-2014,CRDITED de la Montérégie-Est,5,1,171.0
2013-2014,CRDITED de la Montérégie-Est,5,2,447.0
2013-2014,CRDITED de la Montérégie-Est,5,3,82.0
2013-2014,CRDITED de la Montérégie-Est,5,4,17.0
2013-2014,CRDITED de la Montérégie-Est,5,5,18.0
2013-2014,CRDITED de la Montérégie-Est,5,6,2.0
2013-2014,CRDITED de la Montérégie-Est,5,7,1.0
2013-2014,CRDITED de la Montérégie-Est,5,8,0.0
2013-2014,CRDITED de la Montérégie-Est,5,9,738.0
2013-2014,CRDITED de la Montérégie-Est,6,1,183.0
2013-2014,CRDITED de la Montérégie-Est,6,2,470.0
2013-2014,CRDITED de la Montérégie-Est,6,3,97.0
2013-2014,CRDITED de la Montérégie-Est,6,4,34.0
2013-2014,CRDITED de la Montérégie-Est,6,5,45.0
2013-2014,CRDITED de la Montérégie-Est,6,6,8.0
2013-2014,CRDITED de la Montérégie-Est,6,7,1.0
2013-2014,CRDITED de la Montérégie-Est,6,8,0.0
2013-2014,CRDITED de la Montérégie-Est,6,9,838.0
2013-2014,CRDITED de la Montérégie-Est,7,1,2.0
2013-2014,CRDITED de la Montérégie-Est,7,2,44.0
2013-2014,CRDITED de la Montérégie-Est,7,3,41.0
2013-2014,CRDITED de la Montérégie-Est,7,4,45.0
2013-2014,CRDITED de la Montérégie-Est,7,5,84.0
2013-2014,CRDITED de la Montérégie-Est,7,6,76.0
2013-2014,CRDITED de la Montérégie-Est,7,7,12.0
2013-2014,CRDITED de la Montérégie-Est,7,8,3.0
2013-2014,CRDITED de la Montérégie-Est,7,9,307.0
2013-2014,CRDITED de la Montérégie-Est,8,1,31.0
2013-2014,CRDITED de la Montérégie-Est,8,2,480.0
2013-2014,CRDITED de la Montérégie-Est,8,3,154.0
2013-2014,CRDITED de la Montérégie-Est,8,4,40.0
2013-2014,CRDITED de la Montérégie-Est,8,5,32.0
2013-2014,CRDITED de la Montérégie-Est,8,6,2.0
2013-2014,CRDITED de la Montérégie-Est,8,7,0.0
2013-2014,CRDITED de la Montérégie-Est,8,8,0.0
2013-2014,CRDITED de la Montérégie-Est,8,9,739.0
2013-2014,CRDITED de la Montérégie-Est,9,1,33.0
2013-2014,CRDITED de la Montérégie-Est,9,2,524.0
2013-2014,CRDITED de la Montérégie-Est,9,3,195.0
2013-2014,CRDITED de la Montérégie-Est,9,4,85.0
2013-2014,CRDITED de la Montérégie-Est,9,5,116.0
2013-2014,CRDITED de la Montérégie-Est,9,6,78.0
2013-2014,CRDITED de la Montérégie-Est,9,7,12.0
2013-2014,CRDITED de la Montérégie-Est,9,8,3.0
2013-2014,CRDITED de la Montérégie-Est,9,9,1046.0
2013-2014,CRDITED du Bas-St-Laurent,1,1,14.0
2013-2014,CRDITED du Bas-St-Laurent,1,2,4.0
2013-2014,CRDITED du Bas-St-Laurent,1,3,14.0
2013-2014,CRDITED du Bas-St-Laurent,1,4,6.0
2013-2014,CRDITED du Bas-St-Laurent,1,5,13.0
2013-2014,CRDITED du Bas-St-Laurent,1,6,5.0
2013-2014,CRDITED du Bas-St-Laurent,1,9,56.0
2013-2014,CRDITED du Bas-St-Laurent,2,1,18.0
2013-2014,CRDITED du Bas-St-Laurent,2,2,17.0
2013-2014,CRDITED du Bas-St-Laurent,2,3,9.0
2013-2014,CRDITED du Bas-St-Laurent,2,4,3.0
2013-2014,CRDITED du Bas-St-Laurent,2,5,3.0
2013-2014,CRDITED du Bas-St-Laurent,2,6,2.0
2013-2014,CRDITED du Bas-St-Laurent,2,9,52.0
2013-2014,CRDITED du Bas-St-Laurent,3,1,32.0
2013-2014,CRDITED du Bas-St-Laurent,3,2,21.0
2013-2014,CRDITED du Bas-St-Laurent,3,3,23.0
2013-2014,CRDITED du Bas-St-Laurent,3,4,9.0
2013-2014,CRDITED du Bas-St-Laurent,3,5,16.0
2013-2014,CRDITED du Bas-St-Laurent,3,6,7.0
2013-2014,CRDITED du Bas-St-Laurent,3,9,108.0
2013-2014,CRDITED du Bas-St-Laurent,4,1,10.0
2013-2014,CRDITED du Bas-St-Laurent,4,2,5.0
2013-2014,CRDITED du Bas-St-Laurent,4,3,10.0
2013-2014,CRDITED du Bas-St-Laurent,4,4,5.0
2013-2014,CRDITED du Bas-St-Laurent,4,5,5.0
2013-2014,CRDITED du Bas-St-Laurent,4,6,4.0
2013-2014,CRDITED du Bas-St-Laurent,4,9,39.0
2013-2014,CRDITED du Bas-St-Laurent,5,1,20.0
2013-2014,CRDITED du Bas-St-Laurent,5,2,14.0
2013-2014,CRDITED du Bas-St-Laurent,5,3,9.0
2013-2014,CRDITED du Bas-St-Laurent,5,4,7.0
2013-2014,CRDITED du Bas-St-Laurent,5,9,50.0
2013-2014,CRDITED du Bas-St-Laurent,6,1,30.0
2013-2014,CRDITED du Bas-St-Laurent,6,2,19.0
2013-2014,CRDITED du Bas-St-Laurent,6,3,19.0
2013-2014,CRDITED du Bas-St-Laurent,6,4,12.0
2013-2014,CRDITED du Bas-St-Laurent,6,5,5.0
2013-2014,CRDITED du Bas-St-Laurent,6,6,4.0
2013-2014,CRDITED du Bas-St-Laurent,6,9,89.0
2013-2014,CRDITED du Bas-St-Laurent,7,1,4.0
2013-2014,CRDITED du Bas-St-Laurent,7,2,11.0
2013-2014,CRDITED du Bas-St-Laurent,7,3,8.0
2013-2014,CRDITED du Bas-St-Laurent,7,4,17.0
2013-2014,CRDITED du Bas-St-Laurent,7,5,15.0
2013-2014,CRDITED du Bas-St-Laurent,7,6,22.0
2013-2014,CRDITED du Bas-St-Laurent,7,7,7.0
2013-2014,CRDITED du Bas-St-Laurent,7,8,1.0
2013-2014,CRDITED du Bas-St-Laurent,7,9,85.0
2013-2014,CRDITED du Bas-St-Laurent,8,2,5.0
2013-2014,CRDITED du Bas-St-Laurent,8,3,4.0
2013-2014,CRDITED du Bas-St-Laurent,8,4,6.0
2013-2014,CRDITED du Bas-St-Laurent,8,5,6.0
2013-2014,CRDITED du Bas-St-Laurent,8,6,1.0
2013-2014,CRDITED du Bas-St-Laurent,8,9,22.0
2013-2014,CRDITED du Bas-St-Laurent,9,1,4.0
2013-2014,CRDITED du Bas-St-Laurent,9,2,16.0
2013-2014,CRDITED du Bas-St-Laurent,9,3,12.0
2013-2014,CRDITED du Bas-St-Laurent,9,4,23.0
2013-2014,CRDITED du Bas-St-Laurent,9,5,21.0
2013-2014,CRDITED du Bas-St-Laurent,9,6,23.0
2013-2014,CRDITED du Bas-St-Laurent,9,7,7.0
2013-2014,CRDITED du Bas-St-Laurent,9,8,1.0
2013-2014,CRDITED du Bas-St-Laurent,9,9,107.0
2013-2014,CRDITED du SaguenayLac-St-Jean,1,1,29.0
2013-2014,CRDITED du SaguenayLac-St-Jean,1,2,9.0
2013-2014,CRDITED du SaguenayLac-St-Jean,1,3,10.0
2013-2014,CRDITED du SaguenayLac-St-Jean,1,4,9.0
2013-2014,CRDITED du SaguenayLac-St-Jean,1,5,12.0
2013-2014,CRDITED du SaguenayLac-St-Jean,1,6,10.0
2013-2014,CRDITED du SaguenayLac-St-Jean,1,7,1.0
2013-2014,CRDITED du SaguenayLac-St-Jean,1,8,0.0
2013-2014,CRDITED du SaguenayLac-St-Jean,1,9,80.0
2013-2014,CRDITED du SaguenayLac-St-Jean,2,1,19.0
2013-2014,CRDITED du SaguenayLac-St-Jean,2,2,12.0
2013-2014,CRDITED du SaguenayLac-St-Jean,2,3,8.0
2013-2014,CRDITED du SaguenayLac-St-Jean,2,4,0.0
2013-2014,CRDITED du SaguenayLac-St-Jean,2,5,2.0
2013-2014,CRDITED du SaguenayLac-St-Jean,2,6,0.0
2013-2014,CRDITED du SaguenayLac-St-Jean,2,7,0.0
2013-2014,CRDITED du SaguenayLac-St-Jean,2,8,0.0
2013-2014,CRDITED du SaguenayLac-St-Jean,2,9,41.0
2013-2014,CRDITED du SaguenayLac-St-Jean,3,1,48.0
2013-2014,CRDITED du SaguenayLac-St-Jean,3,2,21.0
2013-2014,CRDITED du SaguenayLac-St-Jean,3,3,18.0
2013-2014,CRDITED du SaguenayLac-St-Jean,3,4,9.0
2013-2014,CRDITED du SaguenayLac-St-Jean,3,5,14.0
2013-2014,CRDITED du SaguenayLac-St-Jean,3,6,10.0
2013-2014,CRDITED du SaguenayLac-St-Jean,3,7,1.0
2013-2014,CRDITED du SaguenayLac-St-Jean,3,8,0.0
2013-2014,CRDITED du SaguenayLac-St-Jean,3,9,121.0
2013-2014,CRDITED du SaguenayLac-St-Jean,4,1,31.0
2013-2014,CRDITED du SaguenayLac-St-Jean,4,2,8.0
2013-2014,CRDITED du SaguenayLac-St-Jean,4,3,10.0
2013-2014,CRDITED du SaguenayLac-St-Jean,4,4,4.0
2013-2014,CRDITED du SaguenayLac-St-Jean,4,5,13.0
2013-2014,CRDITED du SaguenayLac-St-Jean,4,6,9.0
2013-2014,CRDITED du SaguenayLac-St-Jean,4,7,0.0
2013-2014,CRDITED du SaguenayLac-St-Jean,4,8,0.0
2013-2014,CRDITED du SaguenayLac-St-Jean,4,9,75.0
2013-2014,CRDITED du SaguenayLac-St-Jean,5,1,10.0
2013-2014,CRDITED du SaguenayLac-St-Jean,5,2,11.0
2013-2014,CRDITED du SaguenayLac-St-Jean,5,3,6.0
2013-2014,CRDITED du SaguenayLac-St-Jean,5,4,3.0
2013-2014,CRDITED du SaguenayLac-St-Jean,5,5,2.0
2013-2014,CRDITED du SaguenayLac-St-Jean,5,6,0.0
2013-2014,CRDITED du SaguenayLac-St-Jean,5,7,0.0
2013-2014,CRDITED du SaguenayLac-St-Jean,5,8,0.0
2013-2014,CRDITED du SaguenayLac-St-Jean,5,9,32.0
2013-2014,CRDITED du SaguenayLac-St-Jean,6,1,41.0
2013-2014,CRDITED du SaguenayLac-St-Jean,6,2,19.0
2013-2014,CRDITED du SaguenayLac-St-Jean,6,3,16.0
2013-2014,CRDITED du SaguenayLac-St-Jean,6,4,7.0
2013-2014,CRDITED du SaguenayLac-St-Jean,6,5,15.0
2013-2014,CRDITED du SaguenayLac-St-Jean,6,6,9.0
2013-2014,CRDITED du SaguenayLac-St-Jean,6,7,0.0
2013-2014,CRDITED du SaguenayLac-St-Jean,6,8,0.0
2013-2014,CRDITED du SaguenayLac-St-Jean,6,9,107.0
2013-2014,CRDITED du SaguenayLac-St-Jean,7,1,2.0
2013-2014,CRDITED du SaguenayLac-St-Jean,7,2,27.0
2013-2014,CRDITED du SaguenayLac-St-Jean,7,3,26.0
2013-2014,CRDITED du SaguenayLac-St-Jean,7,4,4.0
2013-2014,CRDITED du SaguenayLac-St-Jean,7,5,32.0
2013-2014,CRDITED du SaguenayLac-St-Jean,7,6,28.0
2013-2014,CRDITED du SaguenayLac-St-Jean,7,7,5.0
2013-2014,CRDITED du SaguenayLac-St-Jean,7,8,3.0
2013-2014,CRDITED du SaguenayLac-St-Jean,7,9,127.0
2013-2014,CRDITED du SaguenayLac-St-Jean,8,1,0.0
2013-2014,CRDITED du SaguenayLac-St-Jean,8,2,24.0
2013-2014,CRDITED du SaguenayLac-St-Jean,8,3,8.0
2013-2014,CRDITED du SaguenayLac-St-Jean,8,4,7.0
2013-2014,CRDITED du SaguenayLac-St-Jean,8,5,8.0
2013-2014,CRDITED du SaguenayLac-St-Jean,8,6,1.0
2013-2014,CRDITED du SaguenayLac-St-Jean,8,7,0.0
2013-2014,CRDITED du SaguenayLac-St-Jean,8,8,0.0
2013-2014,CRDITED du SaguenayLac-St-Jean,8,9,48.0
2013-2014,CRDITED du SaguenayLac-St-Jean,9,1,2.0
2013-2014,CRDITED du SaguenayLac-St-Jean,9,2,51.0
2013-2014,CRDITED du SaguenayLac-St-Jean,9,3,34.0
2013-2014,CRDITED du SaguenayLac-St-Jean,9,4,11.0
2013-2014,CRDITED du SaguenayLac-St-Jean,9,5,40.0
2013-2014,CRDITED du SaguenayLac-St-Jean,9,6,29.0
2013-2014,CRDITED du SaguenayLac-St-Jean,9,7,5.0
2013-2014,CRDITED du SaguenayLac-St-Jean,9,8,3.0
2013-2014,CRDITED du SaguenayLac-St-Jean,9,9,175.0
2013-2014,CSSS de Charlevoix,1,1,1.0
2013-2014,CSSS de Charlevoix,1,2,2.0
2013-2014,CSSS de Charlevoix,1,3,2.0
2013-2014,CSSS de Charlevoix,1,4,0.0
2013-2014,CSSS de Charlevoix,1,5,3.0
2013-2014,CSSS de Charlevoix,1,6,4.0
2013-2014,CSSS de Charlevoix,1,7,0.0
2013-2014,CSSS de Charlevoix,1,8,2.0
2013-2014,CSSS de Charlevoix,1,9,14.0
2013-2014,CSSS de Charlevoix,2,1,1.0
2013-2014,CSSS de Charlevoix,2,2,6.0
2013-2014,CSSS de Charlevoix,2,3,1.0
2013-2014,CSSS de Charlevoix,2,4,0.0
2013-2014,CSSS de Charlevoix,2,5,0.0
2013-2014,CSSS de Charlevoix,2,6,0.0
2013-2014,CSSS de Charlevoix,2,7,0.0
2013-2014,CSSS de Charlevoix,2,8,0.0
2013-2014,CSSS de Charlevoix,2,9,8.0
2013-2014,CSSS de Charlevoix,3,1,2.0
2013-2014,CSSS de Charlevoix,3,2,8.0
2013-2014,CSSS de Charlevoix,3,3,3.0
2013-2014,CSSS de Charlevoix,3,4,0.0
2013-2014,CSSS de Charlevoix,3,5,3.0
2013-2014,CSSS de Charlevoix,3,6,4.0
2013-2014,CSSS de Charlevoix,3,7,0.0
2013-2014,CSSS de Charlevoix,3,8,2.0
2013-2014,CSSS de Charlevoix,3,9,22.0
2013-2014,CSSS de Charlevoix,4,1,1.0
2013-2014,CSSS de Charlevoix,4,2,3.0
2013-2014,CSSS de Charlevoix,4,3,1.0
2013-2014,CSSS de Charlevoix,4,4,0.0
2013-2014,CSSS de Charlevoix,4,5,4.0
2013-2014,CSSS de Charlevoix,4,6,4.0
2013-2014,CSSS de Charlevoix,4,7,0.0
2013-2014,CSSS de Charlevoix,4,8,2.0
2013-2014,CSSS de Charlevoix,4,9,15.0
2013-2014,CSSS de Charlevoix,5,1,1.0
2013-2014,CSSS de Charlevoix,5,2,5.0
2013-2014,CSSS de Charlevoix,5,3,2.0
2013-2014,CSSS de Charlevoix,5,4,0.0
2013-2014,CSSS de Charlevoix,5,5,0.0
2013-2014,CSSS de Charlevoix,5,6,0.0
2013-2014,CSSS de Charlevoix,5,7,0.0
2013-2014,CSSS de Charlevoix,5,8,0.0
2013-2014,CSSS de Charlevoix,5,9,8.0
2013-2014,CSSS de Charlevoix,6,1,2.0
2013-2014,CSSS de Charlevoix,6,2,8.0
2013-2014,CSSS de Charlevoix,6,3,3.0
2013-2014,CSSS de Charlevoix,6,4,0.0
2013-2014,CSSS de Charlevoix,6,5,4.0
2013-2014,CSSS de Charlevoix,6,6,4.0
2013-2014,CSSS de Charlevoix,6,7,0.0
2013-2014,CSSS de Charlevoix,6,8,2.0
2013-2014,CSSS de Charlevoix,6,9,23.0
2013-2014,CSSS de Charlevoix,7,1,0.0
2013-2014,CSSS de Charlevoix,7,2,0.0
2013-2014,CSSS de Charlevoix,7,3,0.0
2013-2014,CSSS de Charlevoix,7,4,0.0
2013-2014,CSSS de Charlevoix,7,5,1.0
2013-2014,CSSS de Charlevoix,7,6,7.0
2013-2014,CSSS de Charlevoix,7,7,5.0
2013-2014,CSSS de Charlevoix,7,8,3.0
2013-2014,CSSS de Charlevoix,7,9,16.0
2013-2014,CSSS de Charlevoix,9,1,0.0
2013-2014,CSSS de Charlevoix,9,2,0.0
2013-2014,CSSS de Charlevoix,9,3,0.0
2013-2014,CSSS de Charlevoix,9,4,0.0
2013-2014,CSSS de Charlevoix,9,5,1.0
2013-2014,CSSS de Charlevoix,9,6,7.0
2013-2014,CSSS de Charlevoix,9,7,5.0
2013-2014,CSSS de Charlevoix,9,8,3.0
2013-2014,CSSS de Charlevoix,9,9,16.0
2013-2014,CSSS des Îles,1,1,0.0
2013-2014,CSSS des Îles,1,2,0.0
2013-2014,CSSS des Îles,1,3,0.0
2013-2014,CSSS des Îles,1,4,0.0
2013-2014,CSSS des Îles,1,5,0.0
2013-2014,CSSS des Îles,1,6,1.0
2013-2014,CSSS des Îles,1,7,0.0
2013-2014,CSSS des Îles,1,8,0.0
2013-2014,CSSS des Îles,1,9,1.0
2013-2014,CSSS des Îles,2,1,1.0
2013-2014,CSSS des Îles,2,2,2.0
2013-2014,CSSS des Îles,2,3,4.0
2013-2014,CSSS des Îles,2,4,1.0
2013-2014,CSSS des Îles,2,5,1.0
2013-2014,CSSS des Îles,2,6,0.0
2013-2014,CSSS des Îles,2,7,0.0
2013-2014,CSSS des Îles,2,8,0.0
2013-2014,CSSS des Îles,2,9,9.0
2013-2014,CSSS des Îles,3,1,1.0
2013-2014,CSSS des Îles,3,2,2.0
2013-2014,CSSS des Îles,3,3,4.0
2013-2014,CSSS des Îles,3,4,1.0
2013-2014,CSSS des Îles,3,5,1.0
2013-2014,CSSS des Îles,3,6,1.0
2013-2014,CSSS des Îles,3,7,0.0
2013-2014,CSSS des Îles,3,8,0.0
2013-2014,CSSS des Îles,3,9,10.0
2013-2014,CSSS des Îles,4,1,0.0
2013-2014,CSSS des Îles,4,2,0.0
2013-2014,CSSS des Îles,4,3,0.0
2013-2014,CSSS des Îles,4,4,0.0
2013-2014,CSSS des Îles,4,5,0.0
2013-2014,CSSS des Îles,4,6,2.0
2013-2014,CSSS des Îles,4,7,4.0
2013-2014,CSSS des Îles,4,8,0.0
2013-2014,CSSS des Îles,4,9,6.0
2013-2014,CSSS des Îles,5,1,1.0
2013-2014,CSSS des Îles,5,2,1.0
2013-2014,CSSS des Îles,5,3,4.0
2013-2014,CSSS des Îles,5,4,1.0
2013-2014,CSSS des Îles,5,5,1.0
2013-2014,CSSS des Îles,5,6,0.0
2013-2014,CSSS des Îles,5,7,0.0
2013-2014,CSSS des Îles,5,8,0.0
2013-2014,CSSS des Îles,5,9,8.0
2013-2014,CSSS des Îles,6,1,1.0
2013-2014,CSSS des Îles,6,2,1.0
2013-2014,CSSS des Îles,6,3,4.0
2013-2014,CSSS des Îles,6,4,1.0
2013-2014,CSSS des Îles,6,5,1.0
2013-2014,CSSS des Îles,6,6,2.0
2013-2014,CSSS des Îles,6,7,4.0
2013-2014,CSSS des Îles,6,8,0.0
2013-2014,CSSS des Îles,6,9,14.0
2013-2014,CSSS des Îles,7,1,0.0
2013-2014,CSSS des Îles,7,2,1.0
2013-2014,CSSS des Îles,7,3,1.0
2013-2014,CSSS des Îles,7,4,1.0
2013-2014,CSSS des Îles,7,5,7.0
2013-2014,CSSS des Îles,7,6,6.0
2013-2014,CSSS des Îles,7,7,6.0
2013-2014,CSSS des Îles,7,8,2.0
2013-2014,CSSS des Îles,7,9,24.0
2013-2014,CSSS des Îles,8,1,0.0
2013-2014,CSSS des Îles,8,2,1.0
2013-2014,CSSS des Îles,8,3,0.0
2013-2014,CSSS des Îles,8,4,1.0
2013-2014,CSSS des Îles,8,5,2.0
2013-2014,CSSS des Îles,8,6,1.0
2013-2014,CSSS des Îles,8,7,0.0
2013-2014,CSSS des Îles,8,8,0.0
2013-2014,CSSS des Îles,8,9,5.0
2013-2014,CSSS des Îles,9,1,0.0
2013-2014,CSSS des Îles,9,2,2.0
2013-2014,CSSS des Îles,9,3,1.0
2013-2014,CSSS des Îles,9,4,2.0
2013-2014,CSSS des Îles,9,5,9.0
2013-2014,CSSS des Îles,9,6,7.0
2013-2014,CSSS des Îles,9,7,6.0
2013-2014,CSSS des Îles,9,8,2.0
2013-2014,CSSS des Îles,9,9,29.0
2013-2014,Centre Miriam,1,1,9.0
2013-2014,Centre Miriam,1,2,8.0
2013-2014,Centre Miriam,1,3,6.0
2013-2014,Centre Miriam,1,4,8.0
2013-2014,Centre Miriam,1,5,7.0
2013-2014,Centre Miriam,1,6,6.0
2013-2014,Centre Miriam,1,7,0.0
2013-2014,Centre Miriam,1,8,0.0
2013-2014,Centre Miriam,1,9,44.0
2013-2014,Centre Miriam,2,1,39.0
2013-2014,Centre Miriam,2,2,26.0
2013-2014,Centre Miriam,2,3,20.0
2013-2014,Centre Miriam,2,4,3.0
2013-2014,Centre Miriam,2,5,7.0
2013-2014,Centre Miriam,2,6,0.0
2013-2014,Centre Miriam,2,7,0.0
2013-2014,Centre Miriam,2,8,0.0
2013-2014,Centre Miriam,2,9,95.0
2013-2014,Centre Miriam,3,1,48.0
2013-2014,Centre Miriam,3,2,34.0
2013-2014,Centre Miriam,3,3,26.0
2013-2014,Centre Miriam,3,4,11.0
2013-2014,Centre Miriam,3,5,14.0
2013-2014,Centre Miriam,3,6,6.0
2013-2014,Centre Miriam,3,7,0.0
2013-2014,Centre Miriam,3,8,0.0
2013-2014,Centre Miriam,3,9,139.0
2013-2014,Centre Miriam,4,1,17.0
2013-2014,Centre Miriam,4,2,11.0
2013-2014,Centre Miriam,4,3,8.0
2013-2014,Centre Miriam,4,4,1.0
2013-2014,Centre Miriam,4,5,10.0
2013-2014,Centre Miriam,4,6,7.0
2013-2014,Centre Miriam,4,7,1.0
2013-2014,Centre Miriam,4,8,0.0
2013-2014,Centre Miriam,4,9,55.0
2013-2014,Centre Miriam,5,1,36.0
2013-2014,Centre Miriam,5,2,40.0
2013-2014,Centre Miriam,5,3,24.0
2013-2014,Centre Miriam,5,4,5.0
2013-2014,Centre Miriam,5,5,3.0
2013-2014,Centre Miriam,5,6,0.0
2013-2014,Centre Miriam,5,7,0.0
2013-2014,Centre Miriam,5,8,0.0
2013-2014,Centre Miriam,5,9,108.0
2013-2014,Centre Miriam,6,1,53.0
2013-2014,Centre Miriam,6,2,51.0
2013-2014,Centre Miriam,6,3,32.0
2013-2014,Centre Miriam,6,4,6.0
2013-2014,Centre Miriam,6,5,13.0
2013-2014,Centre Miriam,6,6,7.0
2013-2014,Centre Miriam,6,7,1.0
2013-2014,Centre Miriam,6,8,0.0
2013-2014,Centre Miriam,6,9,163.0
2013-2014,Centre Miriam,7,1,4.0
2013-2014,Centre Miriam,7,2,14.0
2013-2014,Centre Miriam,7,3,8.0
2013-2014,Centre Miriam,7,4,5.0
2013-2014,Centre Miriam,7,5,3.0
2013-2014,Centre Miriam,7,6,6.0
2013-2014,Centre Miriam,7,7,2.0
2013-2014,Centre Miriam,7,8,1.0
2013-2014,Centre Miriam,7,9,43.0
2013-2014,Centre Miriam,8,1,9.0
2013-2014,Centre Miriam,8,2,21.0
2013-2014,Centre Miriam,8,3,8.0
2013-2014,Centre Miriam,8,4,1.0
2013-2014,Centre Miriam,8,5,2.0
2013-2014,Centre Miriam,8,6,0.0
2013-2014,Centre Miriam,8,7,0.0
2013-2014,Centre Miriam,8,8,0.0
2013-2014,Centre Miriam,8,9,41.0
2013-2014,Centre Miriam,9,1,13.0
2013-2014,Centre Miriam,9,2,35.0
2013-2014,Centre Miriam,9,3,16.0
2013-2014,Centre Miriam,9,4,6.0
2013-2014,Centre Miriam,9,5,5.0
2013-2014,Centre Miriam,9,6,6.0
2013-2014,Centre Miriam,9,7,2.0
2013-2014,Centre Miriam,9,8,1.0
2013-2014,Centre Miriam,9,9,84.0
2013-2014,Centre du Florès,1,1,11.0
2013-2014,Centre du Florès,1,2,22.0
2013-2014,Centre du Florès,1,3,14.0
2013-2014,Centre du Florès,1,4,43.0
2013-2014,Centre du Florès,1,5,122.0
2013-2014,Centre du Florès,1,6,87.0
2013-2014,Centre du Florès,1,7,9.0
2013-2014,Centre du Florès,1,9,308.0
2013-2014,Centre du Florès,2,1,35.0
2013-2014,Centre du Florès,2,2,66.0
2013-2014,Centre du Florès,2,3,35.0
2013-2014,Centre du Florès,2,4,12.0
2013-2014,Centre du Florès,2,5,4.0
2013-2014,Centre du Florès,2,6,1.0
2013-2014,Centre du Florès,2,9,153.0
2013-2014,Centre du Florès,3,1,46.0
2013-2014,Centre du Florès,3,2,88.0
2013-2014,Centre du Florès,3,3,49.0
2013-2014,Centre du Florès,3,4,55.0
2013-2014,Centre du Florès,3,5,126.0
2013-2014,Centre du Florès,3,6,88.0
2013-2014,Centre du Florès,3,7,9.0
2013-2014,Centre du Florès,3,9,461.0
2013-2014,Centre du Florès,4,1,10.0
2013-2014,Centre du Florès,4,2,15.0
2013-2014,Centre du Florès,4,3,13.0
2013-2014,Centre du Florès,4,4,17.0
2013-2014,Centre du Florès,4,5,37.0
2013-2014,Centre du Florès,4,6,16.0
2013-2014,Centre du Florès,4,9,108.0
2013-2014,Centre du Florès,5,1,33.0
2013-2014,Centre du Florès,5,2,63.0
2013-2014,Centre du Florès,5,3,29.0
2013-2014,Centre du Florès,5,4,9.0
2013-2014,Centre du Florès,5,5,4.0
2013-2014,Centre du Florès,5,6,1.0
2013-2014,Centre du Florès,5,9,139.0
2013-2014,Centre du Florès,6,1,43.0
2013-2014,Centre du Florès,6,2,78.0
2013-2014,Centre du Florès,6,3,42.0
2013-2014,Centre du Florès,6,4,26.0
2013-2014,Centre du Florès,6,5,41.0
2013-2014,Centre du Florès,6,6,17.0
2013-2014,Centre du Florès,6,9,247.0
2013-2014,Centre du Florès,7,1,2.0
2013-2014,Centre du Florès,7,2,27.0
2013-2014,Centre du Florès,7,3,22.0
2013-2014,Centre du Florès,7,4,10.0
2013-2014,Centre du Florès,7,5,25.0
2013-2014,Centre du Florès,7,6,21.0
2013-2014,Centre du Florès,7,7,3.0
2013-2014,Centre du Florès,7,9,110.0
2013-2014,Centre du Florès,8,1,4.0
2013-2014,Centre du Florès,8,2,78.0
2013-2014,Centre du Florès,8,3,42.0
2013-2014,Centre du Florès,8,4,9.0
2013-2014,Centre du Florès,8,5,5.0
2013-2014,Centre du Florès,8,9,138.0
2013-2014,Centre du Florès,9,1,6.0
2013-2014,Centre du Florès,9,2,105.0
2013-2014,Centre du Florès,9,3,64.0
2013-2014,Centre du Florès,9,4,19.0
2013-2014,Centre du Florès,9,5,30.0
2013-2014,Centre du Florès,9,6,21.0
2013-2014,Centre du Florès,9,7,3.0
2013-2014,Centre du Florès,9,9,248.0
2013-2014,Clair Foyer Inc.,1,1,13.0
2013-2014,Clair Foyer Inc.,1,2,7.0
2013-2014,Clair Foyer Inc.,1,3,13.0
2013-2014,Clair Foyer Inc.,1,4,1.0
2013-2014,Clair Foyer Inc.,1,5,10.0
2013-2014,Clair Foyer Inc.,1,6,3.0
2013-2014,Clair Foyer Inc.,1,7,2.0
2013-2014,Clair Foyer Inc.,1,9,49.0
2013-2014,Clair Foyer Inc.,3,1,13.0
2013-2014,Clair Foyer Inc.,3,2,7.0
2013-2014,Clair Foyer Inc.,3,3,13.0
2013-2014,Clair Foyer Inc.,3,4,1.0
2013-2014,Clair Foyer Inc.,3,5,10.0
2013-2014,Clair Foyer Inc.,3,6,3.0
2013-2014,Clair Foyer Inc.,3,7,2.0
2013-2014,Clair Foyer Inc.,3,9,49.0
2013-2014,Clair Foyer Inc.,4,1,12.0
2013-2014,Clair Foyer Inc.,4,2,4.0
2013-2014,Clair Foyer Inc.,4,3,7.0
2013-2014,Clair Foyer Inc.,4,4,4.0
2013-2014,Clair Foyer Inc.,4,5,2.0
2013-2014,Clair Foyer Inc.,4,6,5.0
2013-2014,Clair Foyer Inc.,4,7,1.0
2013-2014,Clair Foyer Inc.,4,9,35.0
2013-2014,Clair Foyer Inc.,6,1,12.0
2013-2014,Clair Foyer Inc.,6,2,4.0
2013-2014,Clair Foyer Inc.,6,3,7.0
2013-2014,Clair Foyer Inc.,6,4,4.0
2013-2014,Clair Foyer Inc.,6,5,2.0
2013-2014,Clair Foyer Inc.,6,6,5.0
2013-2014,Clair Foyer Inc.,6,7,1.0
2013-2014,Clair Foyer Inc.,6,9,35.0
2013-2014,Clair Foyer Inc.,7,1,1.0
2013-2014,Clair Foyer Inc.,7,2,5.0
2013-2014,Clair Foyer Inc.,7,3,8.0
2013-2014,Clair Foyer Inc.,7,4,9.0
2013-2014,Clair Foyer Inc.,7,5,6.0
2013-2014,Clair Foyer Inc.,7,6,10.0
2013-2014,Clair Foyer Inc.,7,7,4.0
2013-2014,Clair Foyer Inc.,7,8,1.0
2013-2014,Clair Foyer Inc.,7,9,44.0
2013-2014,Clair Foyer Inc.,9,1,1.0
2013-2014,Clair Foyer Inc.,9,2,5.0
2013-2014,Clair Foyer Inc.,9,3,8.0
2013-2014,Clair Foyer Inc.,9,4,9.0
2013-2014,Clair Foyer Inc.,9,5,6.0
2013-2014,Clair Foyer Inc.,9,6,10.0
2013-2014,Clair Foyer Inc.,9,7,4.0
2013-2014,Clair Foyer Inc.,9,8,1.0
2013-2014,Clair Foyer Inc.,9,9,44.0
2013-2014,Pavillon du Parc,1,1,17.0
2013-2014,Pavillon du Parc,1,2,11.0
2013-2014,Pavillon du Parc,1,3,27.0
2013-2014,Pavillon du Parc,1,4,10.0
2013-2014,Pavillon du Parc,1,5,17.0
2013-2014,Pavillon du Parc,1,6,6.0
2013-2014,Pavillon du Parc,1,7,1.0
2013-2014,Pavillon du Parc,1,9,89.0
2013-2014,Pavillon du Parc,2,1,19.0
2013-2014,Pavillon du Parc,2,2,17.0
2013-2014,Pavillon du Parc,2,3,5.0
2013-2014,Pavillon du Parc,2,4,4.0
2013-2014,Pavillon du Parc,2,5,3.0
2013-2014,Pavillon du Parc,2,9,48.0
2013-2014,Pavillon du Parc,3,1,36.0
2013-2014,Pavillon du Parc,3,2,28.0
2013-2014,Pavillon du Parc,3,3,32.0
2013-2014,Pavillon du Parc,3,4,14.0
2013-2014,Pavillon du Parc,3,5,20.0
2013-2014,Pavillon du Parc,3,6,6.0
2013-2014,Pavillon du Parc,3,7,1.0
2013-2014,Pavillon du Parc,3,9,137.0
2013-2014,Pavillon du Parc,4,1,17.0
2013-2014,Pavillon du Parc,4,2,5.0
2013-2014,Pavillon du Parc,4,3,14.0
2013-2014,Pavillon du Parc,4,4,5.0
2013-2014,Pavillon du Parc,4,5,7.0
2013-2014,Pavillon du Parc,4,6,6.0
2013-2014,Pavillon du Parc,4,7,1.0
2013-2014,Pavillon du Parc,4,9,55.0
2013-2014,Pavillon du Parc,5,1,15.0
2013-2014,Pavillon du Parc,5,2,16.0
2013-2014,Pavillon du Parc,5,3,5.0
2013-2014,Pavillon du Parc,5,4,2.0
2013-2014,Pavillon du Parc,5,9,38.0
2013-2014,Pavillon du Parc,6,1,32.0
2013-2014,Pavillon du Parc,6,2,21.0
2013-2014,Pavillon du Parc,6,3,19.0
2013-2014,Pavillon du Parc,6,4,7.0
2013-2014,Pavillon du Parc,6,5,7.0
2013-2014,Pavillon du Parc,6,6,6.0
2013-2014,Pavillon du Parc,6,7,1.0
2013-2014,Pavillon du Parc,6,9,93.0
2013-2014,Pavillon du Parc,7,1,2.0
2013-2014,Pavillon du Parc,7,2,14.0
2013-2014,Pavillon du Parc,7,3,16.0
2013-2014,Pavillon du Parc,7,4,6.0
2013-2014,Pavillon du Parc,7,5,52.0
2013-2014,Pavillon du Parc,7,6,22.0
2013-2014,Pavillon du Parc,7,7,2.0
2013-2014,Pavillon du Parc,7,8,1.0
2013-2014,Pavillon du Parc,7,9,115.0
2013-2014,Pavillon du Parc,8,1,4.0
2013-2014,Pavillon du Parc,8,2,21.0
2013-2014,Pavillon du Parc,8,3,15.0
2013-2014,Pavillon du Parc,8,4,2.0
2013-2014,Pavillon du Parc,8,5,5.0
2013-2014,Pavillon du Parc,8,9,47.0
2013-2014,Pavillon du Parc,9,1,6.0
2013-2014,Pavillon du Parc,9,2,35.0
2013-2014,Pavillon du Parc,9,3,31.0
2013-2014,Pavillon du Parc,9,4,8.0
2013-2014,Pavillon du Parc,9,5,57.0
2013-2014,Pavillon du Parc,9,6,22.0
2013-2014,Pavillon du Parc,9,7,2.0
2013-2014,Pavillon du Parc,9,8,1.0
2013-2014,Pavillon du Parc,9,9,162.0
2013-2014,Réadaptation du Sud-Ouest et du Renfort,1,1,8.0
2013-2014,Réadaptation du Sud-Ouest et du Renfort,1,2,31.0
2013-2014,Réadaptation du Sud-Ouest et du Renfort,1,3,40.0
2013-2014,Réadaptation du Sud-Ouest et du Renfort,1,4,29.0
2013-2014,Réadaptation du Sud-Ouest et du Renfort,1,5,42.0
2013-2014,Réadaptation du Sud-Ouest et du Renfort,1,6,20.0
2013-2014,Réadaptation du Sud-Ouest et du Renfort,1,7,1.0
2013-2014,Réadaptation du Sud-Ouest et du Renfort,1,9,171.0
2013-2014,Réadaptation du Sud-Ouest et du Renfort,2,1,159.0
2013-2014,Réadaptation du Sud-Ouest et du Renfort,2,2,206.0
2013-2014,Réadaptation du Sud-Ouest et du Renfort,2,3,45.0
2013-2014,Réadaptation du Sud-Ouest et du Renfort,2,4,10.0
2013-2014,Réadaptation du Sud-Ouest et du Renfort,2,5,14.0
2013-2014,Réadaptation du Sud-Ouest et du Renfort,2,9,434.0
2013-2014,Réadaptation du Sud-Ouest et du Renfort,3,1,167.0
2013-2014,Réadaptation du Sud-Ouest et du Renfort,3,2,237.0
2013-2014,Réadaptation du Sud-Ouest et du Renfort,3,3,85.0
2013-2014,Réadaptation du Sud-Ouest et du Renfort,3,4,39.0
2013-2014,Réadaptation du Sud-Ouest et du Renfort,3,5,56.0
2013-2014,Réadaptation du Sud-Ouest et du Renfort,3,6,20.0
2013-2014,Réadaptation du Sud-Ouest et du Renfort,3,7,1.0
2013-2014,Réadaptation du Sud-Ouest et du Renfort,3,9,605.0
2013-2014,Réadaptation du Sud-Ouest et du Renfort,4,1,9.0
2013-2014,Réadaptation du Sud-Ouest et du Renfort,4,2,27.0
2013-2014,Réadaptation du Sud-Ouest et du Renfort,4,3,25.0
2013-2014,Réadaptation du Sud-Ouest et du Renfort,4,4,18.0
2013-2014,Réadaptation du Sud-Ouest et du Renfort,4,5,14.0
2013-2014,Réadaptation du Sud-Ouest et du Renfort,4,6,11.0
2013-2014,Réadaptation du Sud-Ouest et du Renfort,4,7,1.0
2013-2014,Réadaptation du Sud-Ouest et du Renfort,4,9,105.0
2013-2014,Réadaptation du Sud-Ouest et du Renfort,5,1,132.0
2013-2014,Réadaptation du Sud-Ouest et du Renfort,5,2,225.0
2013-2014,Réadaptation du Sud-Ouest et du Renfort,5,3,52.0
2013-2014,Réadaptation du Sud-Ouest et du Renfort,5,4,14.0
2013-2014,Réadaptation du Sud-Ouest et du Renfort,5,5,5.0
2013-2014,Réadaptation du Sud-Ouest et du Renfort,5,9,428.0
2013-2014,Réadaptation du Sud-Ouest et du Renfort,6,1,141.0
2013-2014,Réadaptation du Sud-Ouest et du Renfort,6,2,252.0
2013-2014,Réadaptation du Sud-Ouest et du Renfort,6,3,77.0
2013-2014,Réadaptation du Sud-Ouest et du Renfort,6,4,32.0
2013-2014,Réadaptation du Sud-Ouest et du Renfort,6,5,19.0
2013-2014,Réadaptation du Sud-Ouest et du Renfort,6,6,11.0
2013-2014,Réadaptation du Sud-Ouest et du Renfort,6,7,1.0
2013-2014,Réadaptation du Sud-Ouest et du Renfort,6,9,533.0
2013-2014,Réadaptation du Sud-Ouest et du Renfort,7,1,15.0
2013-2014,Réadaptation du Sud-Ouest et du Renfort,7,2,47.0
2013-2014,Réadaptation du Sud-Ouest et du Renfort,7,3,26.0
2013-2014,Réadaptation du Sud-Ouest et du Renfort,7,4,21.0
2013-2014,Réadaptation du Sud-Ouest et du Renfort,7,5,51.0
2013-2014,Réadaptation du Sud-Ouest et du Renfort,7,6,38.0
2013-2014,Réadaptation du Sud-Ouest et du Renfort,7,7,6.0
2013-2014,Réadaptation du Sud-Ouest et du Renfort,7,9,204.0
2013-2014,Réadaptation du Sud-Ouest et du Renfort,8,1,26.0
2013-2014,Réadaptation du Sud-Ouest et du Renfort,8,2,322.0
2013-2014,Réadaptation du Sud-Ouest et du Renfort,8,3,90.0
2013-2014,Réadaptation du Sud-Ouest et du Renfort,8,4,23.0
2013-2014,Réadaptation du Sud-Ouest et du Renfort,8,5,22.0
2013-2014,Réadaptation du Sud-Ouest et du Renfort,8,6,1.0
2013-2014,Réadaptation du Sud-Ouest et du Renfort,8,9,484.0
2013-2014,Réadaptation du Sud-Ouest et du Renfort,9,1,41.0
2013-2014,Réadaptation du Sud-Ouest et du Renfort,9,2,369.0
2013-2014,Réadaptation du Sud-Ouest et du Renfort,9,3,116.0
2013-2014,Réadaptation du Sud-Ouest et du Renfort,9,4,44.0
2013-2014,Réadaptation du Sud-Ouest et du Renfort,9,5,73.0
2013-2014,Réadaptation du Sud-Ouest et du Renfort,9,6,39.0
2013-2014,Réadaptation du Sud-Ouest et du Renfort,9,7,6.0
2013-2014,Réadaptation du Sud-Ouest et du Renfort,9,9,688.0
2014-2015,CPR de la Côte-Nord,1,1,8.0
2014-2015,CPR de la Côte-Nord,1,2,2.0
2014-2015,CPR de la Côte-Nord,1,3,6.0
2014-2015,CPR de la Côte-Nord,1,4,11.0
2014-2015,CPR de la Côte-Nord,1,5,5.0
2014-2015,CPR de la Côte-Nord,1,6,6.0
2014-2015,CPR de la Côte-Nord,1,7,0.0
2014-2015,CPR de la Côte-Nord,1,8,0.0
2014-2015,CPR de la Côte-Nord,1,9,38.0
2014-2015,CPR de la Côte-Nord,2,1,9.0
2014-2015,CPR de la Côte-Nord,2,2,15.0
2014-2015,CPR de la Côte-Nord,2,3,7.0
2014-2015,CPR de la Côte-Nord,2,4,3.0
2014-2015,CPR de la Côte-Nord,2,5,0.0
2014-2015,CPR de la Côte-Nord,2,6,0.0
2014-2015,CPR de la Côte-Nord,2,7,0.0
2014-2015,CPR de la Côte-Nord,2,8,0.0
2014-2015,CPR de la Côte-Nord,2,9,34.0
2014-2015,CPR de la Côte-Nord,3,1,17.0
2014-2015,CPR de la Côte-Nord,3,2,17.0
2014-2015,CPR de la Côte-Nord,3,3,13.0
2014-2015,CPR de la Côte-Nord,3,4,14.0
2014-2015,CPR de la Côte-Nord,3,5,5.0
2014-2015,CPR de la Côte-Nord,3,6,6.0
2014-2015,CPR de la Côte-Nord,3,7,0.0
2014-2015,CPR de la Côte-Nord,3,8,0.0
2014-2015,CPR de la Côte-Nord,3,9,72.0
2014-2015,CPR de la Côte-Nord,4,1,3.0
2014-2015,CPR de la Côte-Nord,4,2,2.0
2014-2015,CPR de la Côte-Nord,4,3,2.0
2014-2015,CPR de la Côte-Nord,4,4,11.0
2014-2015,CPR de la Côte-Nord,4,5,3.0
2014-2015,CPR de la Côte-Nord,4,6,3.0
2014-2015,CPR de la Côte-Nord,4,7,0.0
2014-2015,CPR de la Côte-Nord,4,8,0.0
2014-2015,CPR de la Côte-Nord,4,9,24.0
2014-2015,CPR de la Côte-Nord,5,1,3.0
2014-2015,CPR de la Côte-Nord,5,2,12.0
2014-2015,CPR de la Côte-Nord,5,3,10.0
2014-2015,CPR de la Côte-Nord,5,4,2.0
2014-2015,CPR de la Côte-Nord,5,5,1.0
2014-2015,CPR de la Côte-Nord,5,6,0.0
2014-2015,CPR de la Côte-Nord,5,7,0.0
2014-2015,CPR de la Côte-Nord,5,8,0.0
2014-2015,CPR de la Côte-Nord,5,9,28.0
2014-2015,CPR de la Côte-Nord,6,1,6.0
2014-2015,CPR de la Côte-Nord,6,2,14.0
2014-2015,CPR de la Côte-Nord,6,3,12.0
2014-2015,CPR de la Côte-Nord,6,4,13.0
2014-2015,CPR de la Côte-Nord,6,5,4.0
2014-2015,CPR de la Côte-Nord,6,6,3.0
2014-2015,CPR de la Côte-Nord,6,7,0.0
2014-2015,CPR de la Côte-Nord,6,8,0.0
2014-2015,CPR de la Côte-Nord,6,9,52.0
2014-2015,CPR de la Côte-Nord,7,1,1.0
2014-2015,CPR de la Côte-Nord,7,2,5.0
2014-2015,CPR de la Côte-Nord,7,3,4.0
2014-2015,CPR de la Côte-Nord,7,4,8.0
2014-2015,CPR de la Côte-Nord,7,5,3.0
2014-2015,CPR de la Côte-Nord,7,6,10.0
2014-2015,CPR de la Côte-Nord,7,7,1.0
2014-2015,CPR de la Côte-Nord,7,8,0.0
2014-2015,CPR de la Côte-Nord,7,9,32.0
2014-2015,CPR de la Côte-Nord,8,1,1.0
2014-2015,CPR de la Côte-Nord,8,2,7.0
2014-2015,CPR de la Côte-Nord,8,3,11.0
2014-2015,CPR de la Côte-Nord,8,4,6.0
2014-2015,CPR de la Côte-Nord,8,5,4.0
2014-2015,CPR de la Côte-Nord,8,6,0.0
2014-2015,CPR de la Côte-Nord,8,7,0.0
2014-2015,CPR de la Côte-Nord,8,8,0.0
2014-2015,CPR de la Côte-Nord,8,9,29.0
2014-2015,CPR de la Côte-Nord,9,1,2.0
2014-2015,CPR de la Côte-Nord,9,2,12.0
2014-2015,CPR de la Côte-Nord,9,3,15.0
2014-2015,CPR de la Côte-Nord,9,4,14.0
2014-2015,CPR de la Côte-Nord,9,5,7.0
2014-2015,CPR de la Côte-Nord,9,6,10.0
2014-2015,CPR de la Côte-Nord,9,7,1.0
2014-2015,CPR de la Côte-Nord,9,8,0.0
2014-2015,CPR de la Côte-Nord,9,9,61.0
2014-2015,CR Estrie Inc.,1,1,0.0
2014-2015,CR Estrie Inc.,1,2,0.0
2014-2015,CR Estrie Inc.,1,3,2.0
2014-2015,CR Estrie Inc.,1,4,0.0
2014-2015,CR Estrie Inc.,1,5,4.0
2014-2015,CR Estrie Inc.,1,6,3.0
2014-2015,CR Estrie Inc.,1,7,0.0
2014-2015,CR Estrie Inc.,1,8,0.0
2014-2015,CR Estrie Inc.,1,9,9.0
2014-2015,CR Estrie Inc.,3,1,0.0
2014-2015,CR Estrie Inc.,3,2,0.0
2014-2015,CR Estrie Inc.,3,3,2.0
2014-2015,CR Estrie Inc.,3,4,0.0
2014-2015,CR Estrie Inc.,3,5,4.0
2014-2015,CR Estrie Inc.,3,6,3.0
2014-2015,CR Estrie Inc.,3,7,0.0
2014-2015,CR Estrie Inc.,3,8,0.0
2014-2015,CR Estrie Inc.,3,9,9.0
2014-2015,CR Estrie Inc.,4,1,0.0
2014-2015,CR Estrie Inc.,4,2,0.0
2014-2015,CR Estrie Inc.,4,3,3.0
2014-2015,CR Estrie Inc.,4,4,1.0
2014-2015,CR Estrie Inc.,4,5,3.0
2014-2015,CR Estrie Inc.,4,6,1.0
2014-2015,CR Estrie Inc.,4,7,0.0
2014-2015,CR Estrie Inc.,4,8,0.0
2014-2015,CR Estrie Inc.,4,9,8.0
2014-2015,CR Estrie Inc.,6,1,0.0
2014-2015,CR Estrie Inc.,6,2,0.0
2014-2015,CR Estrie Inc.,6,3,3.0
2014-2015,CR Estrie Inc.,6,4,1.0
2014-2015,CR Estrie Inc.,6,5,3.0
2014-2015,CR Estrie Inc.,6,6,1.0
2014-2015,CR Estrie Inc.,6,7,0.0
2014-2015,CR Estrie Inc.,6,8,0.0
2014-2015,CR Estrie Inc.,6,9,8.0
2014-2015,CR Estrie Inc.,7,1,0.0
2014-2015,CR Estrie Inc.,7,2,4.0
2014-2015,CR Estrie Inc.,7,3,0.0
2014-2015,CR Estrie Inc.,7,4,2.0
2014-2015,CR Estrie Inc.,7,5,3.0
2014-2015,CR Estrie Inc.,7,6,1.0
2014-2015,CR Estrie Inc.,7,7,0.0
2014-2015,CR Estrie Inc.,7,8,0.0
2014-2015,CR Estrie Inc.,7,9,10.0
2014-2015,CR Estrie Inc.,8,1,1.0
2014-2015,CR Estrie Inc.,8,2,0.0
2014-2015,CR Estrie Inc.,8,3,0.0
2014-2015,CR Estrie Inc.,8,4,0.0
2014-2015,CR Estrie Inc.,8,5,0.0
2014-2015,CR Estrie Inc.,8,6,0.0
2014-2015,CR Estrie Inc.,8,7,0.0
2014-2015,CR Estrie Inc.,8,8,0.0
2014-2015,CR Estrie Inc.,8,9,1.0
2014-2015,CR Estrie Inc.,9,1,1.0
2014-2015,CR Estrie Inc.,9,2,4.0
2014-2015,CR Estrie Inc.,9,3,0.0
2014-2015,CR Estrie Inc.,9,4,2.0
2014-2015,CR Estrie Inc.,9,5,3.0
2014-2015,CR Estrie Inc.,9,6,1.0
2014-2015,CR Estrie Inc.,9,7,0.0
2014-2015,CR Estrie Inc.,9,8,0.0
2014-2015,CR Estrie Inc.,9,9,11.0
2014-2015,CR La Maison,2,1,5.0
2014-2015,CR La Maison,2,2,12.0
2014-2015,CR La Maison,2,3,3.0
2014-2015,CR La Maison,2,4,2.0
2014-2015,CR La Maison,2,5,4.0
2014-2015,CR La Maison,2,9,26.0
2014-2015,CR La Maison,3,1,5.0
2014-2015,CR La Maison,3,2,12.0
2014-2015,CR La Maison,3,3,3.0
2014-2015,CR La Maison,3,4,2.0
2014-2015,CR La Maison,3,5,4.0
2014-2015,CR La Maison,3,9,26.0
2014-2015,CR La Maison,5,1,8.0
2014-2015,CR La Maison,5,2,15.0
2014-2015,CR La Maison,5,3,4.0
2014-2015,CR La Maison,5,4,1.0
2014-2015,CR La Maison,5,5,2.0
2014-2015,CR La Maison,5,9,30.0
2014-2015,CR La Maison,6,1,8.0
2014-2015,CR La Maison,6,2,15.0
2014-2015,CR La Maison,6,3,4.0
2014-2015,CR La Maison,6,4,1.0
2014-2015,CR La Maison,6,5,2.0
2014-2015,CR La Maison,6,9,30.0
2014-2015,CR La Maison,8,1,1.0
2014-2015,CR La Maison,8,2,7.0
2014-2015,CR La Maison,8,3,19.0
2014-2015,CR La Maison,8,4,2.0
2014-2015,CR La Maison,8,5,3.0
2014-2015,CR La Maison,8,9,32.0
2014-2015,CR La Maison,9,1,1.0
2014-2015,CR La Maison,9,2,7.0
2014-2015,CR La Maison,9,3,19.0
2014-2015,CR La Maison,9,4,2.0
2014-2015,CR La Maison,9,5,3.0
2014-2015,CR La Maison,9,9,32.0
2014-2015,CR La Myriade,1,1,24.0
2014-2015,CR La Myriade,1,2,19.0
2014-2015,CR La Myriade,1,3,14.0
2014-2015,CR La Myriade,1,4,13.0
2014-2015,CR La Myriade,1,5,14.0
2014-2015,CR La Myriade,1,6,6.0
2014-2015,CR La Myriade,1,7,0.0
2014-2015,CR La Myriade,1,8,0.0
2014-2015,CR La Myriade,1,9,90.0
2014-2015,CR La Myriade,2,1,65.0
2014-2015,CR La Myriade,2,2,64.0
2014-2015,CR La Myriade,2,3,30.0
2014-2015,CR La Myriade,2,4,7.0
2014-2015,CR La Myriade,2,5,5.0
2014-2015,CR La Myriade,2,6,0.0
2014-2015,CR La Myriade,2,7,0.0
2014-2015,CR La Myriade,2,8,0.0
2014-2015,CR La Myriade,2,9,171.0
2014-2015,CR La Myriade,3,1,89.0
2014-2015,CR La Myriade,3,2,83.0
2014-2015,CR La Myriade,3,3,44.0
2014-2015,CR La Myriade,3,4,20.0
2014-2015,CR La Myriade,3,5,19.0
2014-2015,CR La Myriade,3,6,6.0
2014-2015,CR La Myriade,3,7,0.0
2014-2015,CR La Myriade,3,8,0.0
2014-2015,CR La Myriade,3,9,261.0
2014-2015,CR La Myriade,4,1,26.0
2014-2015,CR La Myriade,4,2,20.0
2014-2015,CR La Myriade,4,3,17.0
2014-2015,CR La Myriade,4,4,8.0
2014-2015,CR La Myriade,4,5,9.0
2014-2015,CR La Myriade,4,6,6.0
2014-2015,CR La Myriade,4,7,0.0
2014-2015,CR La Myriade,4,8,0.0
2014-2015,CR La Myriade,4,9,86.0
2014-2015,CR La Myriade,5,1,89.0
2014-2015,CR La Myriade,5,2,142.0
2014-2015,CR La Myriade,5,3,82.0
2014-2015,CR La Myriade,5,4,16.0
2014-2015,CR La Myriade,5,5,19.0
2014-2015,CR La Myriade,5,6,1.0
2014-2015,CR La Myriade,5,7,0.0
2014-2015,CR La Myriade,5,8,0.0
2014-2015,CR La Myriade,5,9,349.0
2014-2015,CR La Myriade,6,1,115.0
2014-2015,CR La Myriade,6,2,162.0
2014-2015,CR La Myriade,6,3,99.0
2014-2015,CR La Myriade,6,4,24.0
2014-2015,CR La Myriade,6,5,28.0
2014-2015,CR La Myriade,6,6,7.0
2014-2015,CR La Myriade,6,7,0.0
2014-2015,CR La Myriade,6,8,0.0
2014-2015,CR La Myriade,6,9,435.0
2014-2015,CR La Myriade,7,1,6.0
2014-2015,CR La Myriade,7,2,31.0
2014-2015,CR La Myriade,7,3,20.0
2014-2015,CR La Myriade,7,4,22.0
2014-2015,CR La Myriade,7,5,42.0
2014-2015,CR La Myriade,7,6,28.0
2014-2015,CR La Myriade,7,7,8.0
2014-2015,CR La Myriade,7,8,1.0
2014-2015,CR La Myriade,7,9,158.0
2014-2015,CR La Myriade,8,1,3.0
2014-2015,CR La Myriade,8,2,114.0
2014-2015,CR La Myriade,8,3,28.0
2014-2015,CR La Myriade,8,4,4.0
2014-2015,CR La Myriade,8,5,9.0
2014-2015,CR La Myriade,8,6,1.0
2014-2015,CR La Myriade,8,7,0.0
2014-2015,CR La Myriade,8,8,0.0
2014-2015,CR La Myriade,8,9,159.0
2014-2015,CR La Myriade,9,1,9.0
2014-2015,CR La Myriade,9,2,145.0
2014-2015,CR La Myriade,9,3,48.0
2014-2015,CR La Myriade,9,4,26.0
2014-2015,CR La Myriade,9,5,51.0
2014-2015,CR La Myriade,9,6,29.0
2014-2015,CR La Myriade,9,7,8.0
2014-2015,CR La Myriade,9,8,1.0
2014-2015,CR La Myriade,9,9,317.0
2014-2015,CR de l'Ouest de Montréal,1,1,34.0
2014-2015,CR de l'Ouest de Montréal,1,2,21.0
2014-2015,CR de l'Ouest de Montréal,1,3,14.0
2014-2015,CR de l'Ouest de Montréal,1,4,16.0
2014-2015,CR de l'Ouest de Montréal,1,5,18.0
2014-2015,CR de l'Ouest de Montréal,1,6,13.0
2014-2015,CR de l'Ouest de Montréal,1,7,0.0
2014-2015,CR de l'Ouest de Montréal,1,8,0.0
2014-2015,CR de l'Ouest de Montréal,1,9,116.0
2014-2015,CR de l'Ouest de Montréal,2,1,117.0
2014-2015,CR de l'Ouest de Montréal,2,2,73.0
2014-2015,CR de l'Ouest de Montréal,2,3,29.0
2014-2015,CR de l'Ouest de Montréal,2,4,5.0
2014-2015,CR de l'Ouest de Montréal,2,5,4.0
2014-2015,CR de l'Ouest de Montréal,2,6,1.0
2014-2015,CR de l'Ouest de Montréal,2,9,229.0
2014-2015,CR de l'Ouest de Montréal,3,1,151.0
2014-2015,CR de l'Ouest de Montréal,3,2,94.0
2014-2015,CR de l'Ouest de Montréal,3,3,43.0
2014-2015,CR de l'Ouest de Montréal,3,4,21.0
2014-2015,CR de l'Ouest de Montréal,3,5,22.0
2014-2015,CR de l'Ouest de Montréal,3,6,14.0
2014-2015,CR de l'Ouest de Montréal,3,7,0.0
2014-2015,CR de l'Ouest de Montréal,3,8,0.0
2014-2015,CR de l'Ouest de Montréal,3,9,345.0
2014-2015,CR de l'Ouest de Montréal,4,1,32.0
2014-2015,CR de l'Ouest de Montréal,4,2,24.0
2014-2015,CR de l'Ouest de Montréal,4,3,21.0
2014-2015,CR de l'Ouest de Montréal,4,4,13.0
2014-2015,CR de l'Ouest de Montréal,4,5,17.0
2014-2015,CR de l'Ouest de Montréal,4,6,9.0
2014-2015,CR de l'Ouest de Montréal,4,7,1.0
2014-2015,CR de l'Ouest de Montréal,4,8,0.0
2014-2015,CR de l'Ouest de Montréal,4,9,117.0
2014-2015,CR de l'Ouest de Montréal,5,1,58.0
2014-2015,CR de l'Ouest de Montréal,5,2,72.0
2014-2015,CR de l'Ouest de Montréal,5,3,32.0
2014-2015,CR de l'Ouest de Montréal,5,4,11.0
2014-2015,CR de l'Ouest de Montréal,5,5,7.0
2014-2015,CR de l'Ouest de Montréal,5,6,0.0
2014-2015,CR de l'Ouest de Montréal,5,7,0.0
2014-2015,CR de l'Ouest de Montréal,5,8,0.0
2014-2015,CR de l'Ouest de Montréal,5,9,180.0
2014-2015,CR de l'Ouest de Montréal,6,1,90.0
2014-2015,CR de l'Ouest de Montréal,6,2,96.0
2014-2015,CR de l'Ouest de Montréal,6,3,53.0
2014-2015,CR de l'Ouest de Montréal,6,4,24.0
2014-2015,CR de l'Ouest de Montréal,6,5,24.0
2014-2015,CR de l'Ouest de Montréal,6,6,9.0
2014-2015,CR de l'Ouest de Montréal,6,7,1.0
2014-2015,CR de l'Ouest de Montréal,6,8,0.0
2014-2015,CR de l'Ouest de Montréal,6,9,297.0
2014-2015,CR de l'Ouest de Montréal,7,1,6.0
2014-2015,CR de l'Ouest de Montréal,7,2,64.0
2014-2015,CR de l'Ouest de Montréal,7,3,36.0
2014-2015,CR de l'Ouest de Montréal,7,4,14.0
2014-2015,CR de l'Ouest de Montréal,7,5,34.0
2014-2015,CR de l'Ouest de Montréal,7,6,11.0
2014-2015,CR de l'Ouest de Montréal,7,7,2.0
2014-2015,CR de l'Ouest de Montréal,7,8,7.0
2014-2015,CR de l'Ouest de Montréal,7,9,174.0
2014-2015,CR de l'Ouest de Montréal,8,1,10.0
2014-2015,CR de l'Ouest de Montréal,8,2,51.0
2014-2015,CR de l'Ouest de Montréal,8,3,41.0
2014-2015,CR de l'Ouest de Montréal,8,4,14.0
2014-2015,CR de l'Ouest de Montréal,8,5,12.0
2014-2015,CR de l'Ouest de Montréal,8,6,2.0
2014-2015,CR de l'Ouest de Montréal,8,7,0.0
2014-2015,CR de l'Ouest de Montréal,8,8,0.0
2014-2015,CR de l'Ouest de Montréal,8,9,130.0
2014-2015,CR de l'Ouest de Montréal,9,1,16.0
2014-2015,CR de l'Ouest de Montréal,9,2,115.0
2014-2015,CR de l'Ouest de Montréal,9,3,77.0
2014-2015,CR de l'Ouest de Montréal,9,4,28.0
2014-2015,CR de l'Ouest de Montréal,9,5,46.0
2014-2015,CR de l'Ouest de Montréal,9,6,13.0
2014-2015,CR de l'Ouest de Montréal,9,7,2.0
2014-2015,CR de l'Ouest de Montréal,9,8,7.0
2014-2015,CR de l'Ouest de Montréal,9,9,304.0
2014-2015,CR de la Gaspésie,1,1,2.0
2014-2015,CR de la Gaspésie,1,2,3.0
2014-2015,CR de la Gaspésie,1,3,3.0
2014-2015,CR de la Gaspésie,1,4,3.0
2014-2015,CR de la Gaspésie,1,5,5.0
2014-2015,CR de la Gaspésie,1,6,7.0
2014-2015,CR de la Gaspésie,1,7,0.0
2014-2015,CR de la Gaspésie,1,8,0.0
2014-2015,CR de la Gaspésie,1,9,23.0
2014-2015,CR de la Gaspésie,2,1,11.0
2014-2015,CR de la Gaspésie,2,2,16.0
2014-2015,CR de la Gaspésie,2,3,7.0
2014-2015,CR de la Gaspésie,2,4,1.0
2014-2015,CR de la Gaspésie,2,5,1.0
2014-2015,CR de la Gaspésie,2,6,0.0
2014-2015,CR de la Gaspésie,2,7,0.0
2014-2015,CR de la Gaspésie,2,8,0.0
2014-2015,CR de la Gaspésie,2,9,36.0
2014-2015,CR de la Gaspésie,3,1,13.0
2014-2015,CR de la Gaspésie,3,2,19.0
2014-2015,CR de la Gaspésie,3,3,10.0
2014-2015,CR de la Gaspésie,3,4,4.0
2014-2015,CR de la Gaspésie,3,5,6.0
2014-2015,CR de la Gaspésie,3,6,7.0
2014-2015,CR de la Gaspésie,3,7,0.0
2014-2015,CR de la Gaspésie,3,8,0.0
2014-2015,CR de la Gaspésie,3,9,59.0
2014-2015,CR de la Gaspésie,4,1,1.0
2014-2015,CR de la Gaspésie,4,2,2.0
2014-2015,CR de la Gaspésie,4,3,4.0
2014-2015,CR de la Gaspésie,4,4,4.0
2014-2015,CR de la Gaspésie,4,5,6.0
2014-2015,CR de la Gaspésie,4,6,8.0
2014-2015,CR de la Gaspésie,4,7,0.0
2014-2015,CR de la Gaspésie,4,8,0.0
2014-2015,CR de la Gaspésie,4,9,25.0
2014-2015,CR de la Gaspésie,5,1,8.0
2014-2015,CR de la Gaspésie,5,2,9.0
2014-2015,CR de la Gaspésie,5,3,6.0
2014-2015,CR de la Gaspésie,5,4,2.0
2014-2015,CR de la Gaspésie,5,5,1.0
2014-2015,CR de la Gaspésie,5,6,0.0
2014-2015,CR de la Gaspésie,5,7,0.0
2014-2015,CR de la Gaspésie,5,8,0.0
2014-2015,CR de la Gaspésie,5,9,26.0
2014-2015,CR de la Gaspésie,6,1,9.0
2014-2015,CR de la Gaspésie,6,2,11.0
2014-2015,CR de la Gaspésie,6,3,10.0
2014-2015,CR de la Gaspésie,6,4,6.0
2014-2015,CR de la Gaspésie,6,5,7.0
2014-2015,CR de la Gaspésie,6,6,8.0
2014-2015,CR de la Gaspésie,6,7,0.0
2014-2015,CR de la Gaspésie,6,8,0.0
2014-2015,CR de la Gaspésie,6,9,51.0
2014-2015,CR de la Gaspésie,7,1,0.0
2014-2015,CR de la Gaspésie,7,2,6.0
2014-2015,CR de la Gaspésie,7,3,5.0
2014-2015,CR de la Gaspésie,7,4,7.0
2014-2015,CR de la Gaspésie,7,5,18.0
2014-2015,CR de la Gaspésie,7,6,15.0
2014-2015,CR de la Gaspésie,7,7,2.0
2014-2015,CR de la Gaspésie,7,8,2.0
2014-2015,CR de la Gaspésie,7,9,55.0
2014-2015,CR de la Gaspésie,8,1,1.0
2014-2015,CR de la Gaspésie,8,2,6.0
2014-2015,CR de la Gaspésie,8,3,6.0
2014-2015,CR de la Gaspésie,8,4,2.0
2014-2015,CR de la Gaspésie,8,5,2.0
2014-2015,CR de la Gaspésie,8,6,0.0
2014-2015,CR de la Gaspésie,8,7,0.0
2014-2015,CR de la Gaspésie,8,8,0.0
2014-2015,CR de la Gaspésie,8,9,17.0
2014-2015,CR de la Gaspésie,9,1,1.0
2014-2015,CR de la Gaspésie,9,2,12.0
2014-2015,CR de la Gaspésie,9,3,11.0
2014-2015,CR de la Gaspésie,9,4,9.0
2014-2015,CR de la Gaspésie,9,5,20.0
2014-2015,CR de la Gaspésie,9,6,15.0
2014-2015,CR de la Gaspésie,9,7,2.0
2014-2015,CR de la Gaspésie,9,8,2.0
2014-2015,CR de la Gaspésie,9,9,72.0
2014-2015,CRDI de Québec,1,1,27.0
2014-2015,CRDI de Québec,1,2,20.0
2014-2015,CRDI de Québec,1,3,24.0
2014-2015,CRDI de Québec,1,4,25.0
2014-2015,CRDI de Québec,1,5,33.0
2014-2015,CRDI de Québec,1,6,27.0
2014-2015,CRDI de Québec,1,7,4.0
2014-2015,CRDI de Québec,1,9,160.0
2014-2015,CRDI de Québec,2,1,57.0
2014-2015,CRDI de Québec,2,2,161.0
2014-2015,CRDI de Québec,2,3,89.0
2014-2015,CRDI de Québec,2,4,18.0
2014-2015,CRDI de Québec,2,5,14.0
2014-2015,CRDI de Québec,2,6,5.0
2014-2015,CRDI de Québec,2,9,344.0
2014-2015,CRDI de Québec,3,1,84.0
2014-2015,CRDI de Québec,3,2,181.0
2014-2015,CRDI de Québec,3,3,113.0
2014-2015,CRDI de Québec,3,4,43.0
2014-2015,CRDI de Québec,3,5,47.0
2014-2015,CRDI de Québec,3,6,32.0
2014-2015,CRDI de Québec,3,7,4.0
2014-2015,CRDI de Québec,3,9,504.0
2014-2015,CRDI de Québec,4,1,19.0
2014-2015,CRDI de Québec,4,2,19.0
2014-2015,CRDI de Québec,4,3,12.0
2014-2015,CRDI de Québec,4,4,12.0
2014-2015,CRDI de Québec,4,5,8.0
2014-2015,CRDI de Québec,4,6,10.0
2014-2015,CRDI de Québec,4,7,1.0
2014-2015,CRDI de Québec,4,9,81.0
2014-2015,CRDI de Québec,5,1,50.0
2014-2015,CRDI de Québec,5,2,27.0
2014-2015,CRDI de Québec,5,3,28.0
2014-2015,CRDI de Québec,5,4,7.0
2014-2015,CRDI de Québec,5,5,5.0
2014-2015,CRDI de Québec,5,6,2.0
2014-2015,CRDI de Québec,5,9,119.0
2014-2015,CRDI de Québec,6,1,69.0
2014-2015,CRDI de Québec,6,2,46.0
2014-2015,CRDI de Québec,6,3,40.0
2014-2015,CRDI de Québec,6,4,19.0
2014-2015,CRDI de Québec,6,5,13.0
2014-2015,CRDI de Québec,6,6,12.0
2014-2015,CRDI de Québec,6,7,1.0
2014-2015,CRDI de Québec,6,9,200.0
2014-2015,CRDI de Québec,7,1,5.0
2014-2015,CRDI de Québec,7,2,5.0
2014-2015,CRDI de Québec,7,3,11.0
2014-2015,CRDI de Québec,7,4,15.0
2014-2015,CRDI de Québec,7,5,33.0
2014-2015,CRDI de Québec,7,6,33.0
2014-2015,CRDI de Québec,7,7,9.0
2014-2015,CRDI de Québec,7,8,13.0
2014-2015,CRDI de Québec,7,9,124.0
2014-2015,CRDI de Québec,8,1,1.0
2014-2015,CRDI de Québec,8,2,39.0
2014-2015,CRDI de Québec,8,3,21.0
2014-2015,CRDI de Québec,8,4,11.0
2014-2015,CRDI de Québec,8,5,6.0
2014-2015,CRDI de Québec,8,6,1.0
2014-2015,CRDI de Québec,8,9,79.0
2014-2015,CRDI de Québec,9,1,6.0
2014-2015,CRDI de Québec,9,2,44.0
2014-2015,CRDI de Québec,9,3,32.0
2014-2015,CRDI de Québec,9,4,26.0
2014-2015,CRDI de Québec,9,5,39.0
2014-2015,CRDI de Québec,9,6,34.0
2014-2015,CRDI de Québec,9,7,9.0
2014-2015,CRDI de Québec,9,8,13.0
2014-2015,CRDI de Québec,9,9,203.0
2014-2015,CRDITED Chaudière-Appalaches,1,1,19.0
2014-2015,CRDITED Chaudière-Appalaches,1,2,16.0
2014-2015,CRDITED Chaudière-Appalaches,1,3,13.0
2014-2015,CRDITED Chaudière-Appalaches,1,4,25.0
2014-2015,CRDITED Chaudière-Appalaches,1,5,28.0
2014-2015,CRDITED Chaudière-Appalaches,1,6,19.0
2014-2015,CRDITED Chaudière-Appalaches,1,7,2.0
2014-2015,CRDITED Chaudière-Appalaches,1,8,0.0
2014-2015,CRDITED Chaudière-Appalaches,1,9,122.0
2014-2015,CRDITED Chaudière-Appalaches,2,1,31.0
2014-2015,CRDITED Chaudière-Appalaches,2,2,48.0
2014-2015,CRDITED Chaudière-Appalaches,2,3,30.0
2014-2015,CRDITED Chaudière-Appalaches,2,4,12.0
2014-2015,CRDITED Chaudière-Appalaches,2,5,6.0
2014-2015,CRDITED Chaudière-Appalaches,2,6,0.0
2014-2015,CRDITED Chaudière-Appalaches,2,7,0.0
2014-2015,CRDITED Chaudière-Appalaches,2,8,0.0
2014-2015,CRDITED Chaudière-Appalaches,2,9,127.0
2014-2015,CRDITED Chaudière-Appalaches,3,1,50.0
2014-2015,CRDITED Chaudière-Appalaches,3,2,64.0
2014-2015,CRDITED Chaudière-Appalaches,3,3,43.0
2014-2015,CRDITED Chaudière-Appalaches,3,4,37.0
2014-2015,CRDITED Chaudière-Appalaches,3,5,34.0
2014-2015,CRDITED Chaudière-Appalaches,3,6,19.0
2014-2015,CRDITED Chaudière-Appalaches,3,7,2.0
2014-2015,CRDITED Chaudière-Appalaches,3,8,0.0
2014-2015,CRDITED Chaudière-Appalaches,3,9,249.0
2014-2015,CRDITED Chaudière-Appalaches,4,1,16.0
2014-2015,CRDITED Chaudière-Appalaches,4,2,11.0
2014-2015,CRDITED Chaudière-Appalaches,4,3,8.0
2014-2015,CRDITED Chaudière-Appalaches,4,4,22.0
2014-2015,CRDITED Chaudière-Appalaches,4,5,14.0
2014-2015,CRDITED Chaudière-Appalaches,4,6,9.0
2014-2015,CRDITED Chaudière-Appalaches,4,7,0.0
2014-2015,CRDITED Chaudière-Appalaches,4,8,0.0
2014-2015,CRDITED Chaudière-Appalaches,4,9,80.0
2014-2015,CRDITED Chaudière-Appalaches,5,1,27.0
2014-2015,CRDITED Chaudière-Appalaches,5,2,44.0
2014-2015,CRDITED Chaudière-Appalaches,5,3,24.0
2014-2015,CRDITED Chaudière-Appalaches,5,4,12.0
2014-2015,CRDITED Chaudière-Appalaches,5,5,3.0
2014-2015,CRDITED Chaudière-Appalaches,5,6,0.0
2014-2015,CRDITED Chaudière-Appalaches,5,7,0.0
2014-2015,CRDITED Chaudière-Appalaches,5,8,0.0
2014-2015,CRDITED Chaudière-Appalaches,5,9,110.0
2014-2015,CRDITED Chaudière-Appalaches,6,1,43.0
2014-2015,CRDITED Chaudière-Appalaches,6,2,55.0
2014-2015,CRDITED Chaudière-Appalaches,6,3,32.0
2014-2015,CRDITED Chaudière-Appalaches,6,4,34.0
2014-2015,CRDITED Chaudière-Appalaches,6,5,17.0
2014-2015,CRDITED Chaudière-Appalaches,6,6,9.0
2014-2015,CRDITED Chaudière-Appalaches,6,7,0.0
2014-2015,CRDITED Chaudière-Appalaches,6,8,0.0
2014-2015,CRDITED Chaudière-Appalaches,6,9,190.0
2014-2015,CRDITED Chaudière-Appalaches,7,1,1.0
2014-2015,CRDITED Chaudière-Appalaches,7,2,18.0
2014-2015,CRDITED Chaudière-Appalaches,7,3,20.0
2014-2015,CRDITED Chaudière-Appalaches,7,4,15.0
2014-2015,CRDITED Chaudière-Appalaches,7,5,37.0
2014-2015,CRDITED Chaudière-Appalaches,7,6,53.0
2014-2015,CRDITED Chaudière-Appalaches,7,7,12.0
2014-2015,CRDITED Chaudière-Appalaches,7,8,1.0
2014-2015,CRDITED Chaudière-Appalaches,7,9,157.0
2014-2015,CRDITED Chaudière-Appalaches,8,1,4.0
2014-2015,CRDITED Chaudière-Appalaches,8,2,53.0
2014-2015,CRDITED Chaudière-Appalaches,8,3,25.0
2014-2015,CRDITED Chaudière-Appalaches,8,4,7.0
2014-2015,CRDITED Chaudière-Appalaches,8,5,5.0
2014-2015,CRDITED Chaudière-Appalaches,8,6,1.0
2014-2015,CRDITED Chaudière-Appalaches,8,7,0.0
2014-2015,CRDITED Chaudière-Appalaches,8,8,0.0
2014-2015,CRDITED Chaudière-Appalaches,8,9,95.0
2014-2015,CRDITED Chaudière-Appalaches,9,1,5.0
2014-2015,CRDITED Chaudière-Appalaches,9,2,71.0
2014-2015,CRDITED Chaudière-Appalaches,9,3,45.0
2014-2015,CRDITED Chaudière-Appalaches,9,4,22.0
2014-2015,CRDITED Chaudière-Appalaches,9,5,42.0
2014-2015,CRDITED Chaudière-Appalaches,9,6,54.0
2014-2015,CRDITED Chaudière-Appalaches,9,7,12.0
2014-2015,CRDITED Chaudière-Appalaches,9,8,1.0
2014-2015,CRDITED Chaudière-Appalaches,9,9,252.0
2014-2015,CRDITED Mauricie et Centre-du-Québec,1,1,25.0
2014-2015,CRDITED Mauricie et Centre-du-Québec,1,2,15.0
2014-2015,CRDITED Mauricie et Centre-du-Québec,1,3,19.0
2014-2015,CRDITED Mauricie et Centre-du-Québec,1,4,27.0
2014-2015,CRDITED Mauricie et Centre-du-Québec,1,5,27.0
2014-2015,CRDITED Mauricie et Centre-du-Québec,1,6,9.0
2014-2015,CRDITED Mauricie et Centre-du-Québec,1,7,2.0
2014-2015,CRDITED Mauricie et Centre-du-Québec,1,9,124.0
2014-2015,CRDITED Mauricie et Centre-du-Québec,2,1,43.0
2014-2015,CRDITED Mauricie et Centre-du-Québec,2,2,75.0
2014-2015,CRDITED Mauricie et Centre-du-Québec,2,3,34.0
2014-2015,CRDITED Mauricie et Centre-du-Québec,2,4,13.0
2014-2015,CRDITED Mauricie et Centre-du-Québec,2,5,11.0
2014-2015,CRDITED Mauricie et Centre-du-Québec,2,9,176.0
2014-2015,CRDITED Mauricie et Centre-du-Québec,3,1,68.0
2014-2015,CRDITED Mauricie et Centre-du-Québec,3,2,90.0
2014-2015,CRDITED Mauricie et Centre-du-Québec,3,3,53.0
2014-2015,CRDITED Mauricie et Centre-du-Québec,3,4,40.0
2014-2015,CRDITED Mauricie et Centre-du-Québec,3,5,38.0
2014-2015,CRDITED Mauricie et Centre-du-Québec,3,6,9.0
2014-2015,CRDITED Mauricie et Centre-du-Québec,3,7,2.0
2014-2015,CRDITED Mauricie et Centre-du-Québec,3,9,300.0
2014-2015,CRDITED Mauricie et Centre-du-Québec,4,1,24.0
2014-2015,CRDITED Mauricie et Centre-du-Québec,4,2,11.0
2014-2015,CRDITED Mauricie et Centre-du-Québec,4,3,12.0
2014-2015,CRDITED Mauricie et Centre-du-Québec,4,4,11.0
2014-2015,CRDITED Mauricie et Centre-du-Québec,4,5,16.0
2014-2015,CRDITED Mauricie et Centre-du-Québec,4,6,7.0
2014-2015,CRDITED Mauricie et Centre-du-Québec,4,9,81.0
2014-2015,CRDITED Mauricie et Centre-du-Québec,5,1,27.0
2014-2015,CRDITED Mauricie et Centre-du-Québec,5,2,39.0
2014-2015,CRDITED Mauricie et Centre-du-Québec,5,3,16.0
2014-2015,CRDITED Mauricie et Centre-du-Québec,5,4,11.0
2014-2015,CRDITED Mauricie et Centre-du-Québec,5,5,6.0
2014-2015,CRDITED Mauricie et Centre-du-Québec,5,6,1.0
2014-2015,CRDITED Mauricie et Centre-du-Québec,5,9,100.0
2014-2015,CRDITED Mauricie et Centre-du-Québec,6,1,51.0
2014-2015,CRDITED Mauricie et Centre-du-Québec,6,2,50.0
2014-2015,CRDITED Mauricie et Centre-du-Québec,6,3,28.0
2014-2015,CRDITED Mauricie et Centre-du-Québec,6,4,22.0
2014-2015,CRDITED Mauricie et Centre-du-Québec,6,5,22.0
2014-2015,CRDITED Mauricie et Centre-du-Québec,6,6,8.0
2014-2015,CRDITED Mauricie et Centre-du-Québec,6,9,181.0
2014-2015,CRDITED Mauricie et Centre-du-Québec,7,1,12.0
2014-2015,CRDITED Mauricie et Centre-du-Québec,7,2,24.0
2014-2015,CRDITED Mauricie et Centre-du-Québec,7,3,27.0
2014-2015,CRDITED Mauricie et Centre-du-Québec,7,4,22.0
2014-2015,CRDITED Mauricie et Centre-du-Québec,7,5,43.0
2014-2015,CRDITED Mauricie et Centre-du-Québec,7,6,37.0
2014-2015,CRDITED Mauricie et Centre-du-Québec,7,7,14.0
2014-2015,CRDITED Mauricie et Centre-du-Québec,7,8,2.0
2014-2015,CRDITED Mauricie et Centre-du-Québec,7,9,181.0
2014-2015,CRDITED Mauricie et Centre-du-Québec,8,1,7.0
2014-2015,CRDITED Mauricie et Centre-du-Québec,8,2,78.0
2014-2015,CRDITED Mauricie et Centre-du-Québec,8,3,45.0
2014-2015,CRDITED Mauricie et Centre-du-Québec,8,4,15.0
2014-2015,CRDITED Mauricie et Centre-du-Québec,8,5,14.0
2014-2015,CRDITED Mauricie et Centre-du-Québec,8,6,1.0
2014-2015,CRDITED Mauricie et Centre-du-Québec,8,9,160.0
2014-2015,CRDITED Mauricie et Centre-du-Québec,9,1,19.0
2014-2015,CRDITED Mauricie et Centre-du-Québec,9,2,102.0
2014-2015,CRDITED Mauricie et Centre-du-Québec,9,3,72.0
2014-2015,CRDITED Mauricie et Centre-du-Québec,9,4,37.0
2014-2015,CRDITED Mauricie et Centre-du-Québec,9,5,57.0
2014-2015,CRDITED Mauricie et Centre-du-Québec,9,6,38.0
2014-2015,CRDITED Mauricie et Centre-du-Québec,9,7,14.0
2014-2015,CRDITED Mauricie et Centre-du-Québec,9,8,2.0
2014-2015,CRDITED Mauricie et Centre-du-Québec,9,9,341.0
2014-2015,CRDITED de Laval,1,1,110.0
2014-2015,CRDITED de Laval,1,2,19.0
2014-2015,CRDITED de Laval,1,3,20.0
2014-2015,CRDITED de Laval,1,4,4.0
2014-2015,CRDITED de Laval,1,5,21.0
2014-2015,CRDITED de Laval,1,6,8.0
2014-2015,CRDITED de Laval,1,7,0.0
2014-2015,CRDITED de Laval,1,8,0.0
2014-2015,CRDITED de Laval,1,9,182.0
2014-2015,CRDITED de Laval,2,1,65.0
2014-2015,CRDITED de Laval,2,2,48.0
2014-2015,CRDITED de Laval,2,3,15.0
2014-2015,CRDITED de Laval,2,4,12.0
2014-2015,CRDITED de Laval,2,5,8.0
2014-2015,CRDITED de Laval,2,6,0.0
2014-2015,CRDITED de Laval,2,7,0.0
2014-2015,CRDITED de Laval,2,8,0.0
2014-2015,CRDITED de Laval,2,9,148.0
2014-2015,CRDITED de Laval,3,1,175.0
2014-2015,CRDITED de Laval,3,2,67.0
2014-2015,CRDITED de Laval,3,3,35.0
2014-2015,CRDITED de Laval,3,4,16.0
2014-2015,CRDITED de Laval,3,5,29.0
2014-2015,CRDITED de Laval,3,6,8.0
2014-2015,CRDITED de Laval,3,7,0.0
2014-2015,CRDITED de Laval,3,8,0.0
2014-2015,CRDITED de Laval,3,9,330.0
2014-2015,CRDITED de Laval,4,1,116.0
2014-2015,CRDITED de Laval,4,2,31.0
2014-2015,CRDITED de Laval,4,3,29.0
2014-2015,CRDITED de Laval,4,4,13.0
2014-2015,CRDITED de Laval,4,5,12.0
2014-2015,CRDITED de Laval,4,6,5.0
2014-2015,CRDITED de Laval,4,7,0.0
2014-2015,CRDITED de Laval,4,8,0.0
2014-2015,CRDITED de Laval,4,9,206.0
2014-2015,CRDITED de Laval,5,1,65.0
2014-2015,CRDITED de Laval,5,2,130.0
2014-2015,CRDITED de Laval,5,3,33.0
2014-2015,CRDITED de Laval,5,4,25.0
2014-2015,CRDITED de Laval,5,5,7.0
2014-2015,CRDITED de Laval,5,6,0.0
2014-2015,CRDITED de Laval,5,7,0.0
2014-2015,CRDITED de Laval,5,8,0.0
2014-2015,CRDITED de Laval,5,9,260.0
2014-2015,CRDITED de Laval,6,1,181.0
2014-2015,CRDITED de Laval,6,2,161.0
2014-2015,CRDITED de Laval,6,3,62.0
2014-2015,CRDITED de Laval,6,4,38.0
2014-2015,CRDITED de Laval,6,5,19.0
2014-2015,CRDITED de Laval,6,6,5.0
2014-2015,CRDITED de Laval,6,7,0.0
2014-2015,CRDITED de Laval,6,8,0.0
2014-2015,CRDITED de Laval,6,9,466.0
2014-2015,CRDITED de Laval,7,1,85.0
2014-2015,CRDITED de Laval,7,2,55.0
2014-2015,CRDITED de Laval,7,3,26.0
2014-2015,CRDITED de Laval,7,4,14.0
2014-2015,CRDITED de Laval,7,5,37.0
2014-2015,CRDITED de Laval,7,6,17.0
2014-2015,CRDITED de Laval,7,7,2.0
2014-2015,CRDITED de Laval,7,8,0.0
2014-2015,CRDITED de Laval,7,9,236.0
2014-2015,CRDITED de Laval,8,1,7.0
2014-2015,CRDITED de Laval,8,2,191.0
2014-2015,CRDITED de Laval,8,3,59.0
2014-2015,CRDITED de Laval,8,4,25.0
2014-2015,CRDITED de Laval,8,5,12.0
2014-2015,CRDITED de Laval,8,6,2.0
2014-2015,CRDITED de Laval,8,7,0.0
2014-2015,CRDITED de Laval,8,8,0.0
2014-2015,CRDITED de Laval,8,9,296.0
2014-2015,CRDITED de Laval,9,1,92.0
2014-2015,CRDITED de Laval,9,2,246.0
2014-2015,CRDITED de Laval,9,3,85.0
2014-2015,CRDITED de Laval,9,4,39.0
2014-2015,CRDITED de Laval,9,5,49.0
2014-2015,CRDITED de Laval,9,6,19.0
2014-2015,CRDITED de Laval,9,7,2.0
2014-2015,CRDITED de Laval,9,8,0.0
2014-2015,CRDITED de Laval,9,9,532.0
2014-2015,CRDITED de Montréal,1,1,73.0
2014-2015,CRDITED de Montréal,1,2,42.0
2014-2015,CRDITED de Montréal,1,3,57.0
2014-2015,CRDITED de Montréal,1,4,66.0
2014-2015,CRDITED de Montréal,1,5,73.0
2014-2015,CRDITED de Montréal,1,6,50.0
2014-2015,CRDITED de Montréal,1,7,7.0
2014-2015,CRDITED de Montréal,1,8,0.0
2014-2015,CRDITED de Montréal,1,9,368.0
2014-2015,CRDITED de Montréal,2,1,207.0
2014-2015,CRDITED de Montréal,2,2,114.0
2014-2015,CRDITED de Montréal,2,3,50.0
2014-2015,CRDITED de Montréal,2,4,21.0
2014-2015,CRDITED de Montréal,2,5,21.0
2014-2015,CRDITED de Montréal,2,6,5.0
2014-2015,CRDITED de Montréal,2,7,0.0
2014-2015,CRDITED de Montréal,2,8,0.0
2014-2015,CRDITED de Montréal,2,9,418.0
2014-2015,CRDITED de Montréal,3,1,280.0
2014-2015,CRDITED de Montréal,3,2,156.0
2014-2015,CRDITED de Montréal,3,3,107.0
2014-2015,CRDITED de Montréal,3,4,87.0
2014-2015,CRDITED de Montréal,3,5,94.0
2014-2015,CRDITED de Montréal,3,6,55.0
2014-2015,CRDITED de Montréal,3,7,7.0
2014-2015,CRDITED de Montréal,3,8,0.0
2014-2015,CRDITED de Montréal,3,9,786.0
2014-2015,CRDITED de Montréal,4,1,52.0
2014-2015,CRDITED de Montréal,4,2,24.0
2014-2015,CRDITED de Montréal,4,3,47.0
2014-2015,CRDITED de Montréal,4,4,48.0
2014-2015,CRDITED de Montréal,4,5,59.0
2014-2015,CRDITED de Montréal,4,6,50.0
2014-2015,CRDITED de Montréal,4,7,7.0
2014-2015,CRDITED de Montréal,4,8,0.0
2014-2015,CRDITED de Montréal,4,9,287.0
2014-2015,CRDITED de Montréal,5,1,81.0
2014-2015,CRDITED de Montréal,5,2,99.0
2014-2015,CRDITED de Montréal,5,3,30.0
2014-2015,CRDITED de Montréal,5,4,18.0
2014-2015,CRDITED de Montréal,5,5,16.0
2014-2015,CRDITED de Montréal,5,6,5.0
2014-2015,CRDITED de Montréal,5,7,0.0
2014-2015,CRDITED de Montréal,5,8,0.0
2014-2015,CRDITED de Montréal,5,9,249.0
2014-2015,CRDITED de Montréal,6,1,133.0
2014-2015,CRDITED de Montréal,6,2,123.0
2014-2015,CRDITED de Montréal,6,3,77.0
2014-2015,CRDITED de Montréal,6,4,66.0
2014-2015,CRDITED de Montréal,6,5,75.0
2014-2015,CRDITED de Montréal,6,6,55.0
2014-2015,CRDITED de Montréal,6,7,7.0
2014-2015,CRDITED de Montréal,6,8,0.0
2014-2015,CRDITED de Montréal,6,9,536.0
2014-2015,CRDITED de Montréal,7,1,22.0
2014-2015,CRDITED de Montréal,7,2,80.0
2014-2015,CRDITED de Montréal,7,3,54.0
2014-2015,CRDITED de Montréal,7,4,42.0
2014-2015,CRDITED de Montréal,7,5,109.0
2014-2015,CRDITED de Montréal,7,6,106.0
2014-2015,CRDITED de Montréal,7,7,27.0
2014-2015,CRDITED de Montréal,7,8,7.0
2014-2015,CRDITED de Montréal,7,9,447.0
2014-2015,CRDITED de Montréal,8,1,7.0
2014-2015,CRDITED de Montréal,8,2,154.0
2014-2015,CRDITED de Montréal,8,3,94.0
2014-2015,CRDITED de Montréal,8,4,24.0
2014-2015,CRDITED de Montréal,8,5,20.0
2014-2015,CRDITED de Montréal,8,6,10.0
2014-2015,CRDITED de Montréal,8,7,0.0
2014-2015,CRDITED de Montréal,8,8,0.0
2014-2015,CRDITED de Montréal,8,9,309.0
2014-2015,CRDITED de Montréal,9,1,29.0
2014-2015,CRDITED de Montréal,9,2,234.0
2014-2015,CRDITED de Montréal,9,3,148.0
2014-2015,CRDITED de Montréal,9,4,66.0
2014-2015,CRDITED de Montréal,9,5,129.0
2014-2015,CRDITED de Montréal,9,6,116.0
2014-2015,CRDITED de Montréal,9,7,27.0
2014-2015,CRDITED de Montréal,9,8,7.0
2014-2015,CRDITED de Montréal,9,9,756.0
2014-2015,CRDITED de l'Estrie,1,1,11.0
2014-2015,CRDITED de l'Estrie,1,2,22.0
2014-2015,CRDITED de l'Estrie,1,3,27.0
2014-2015,CRDITED de l'Estrie,1,4,24.0
2014-2015,CRDITED de l'Estrie,1,5,27.0
2014-2015,CRDITED de l'Estrie,1,6,22.0
2014-2015,CRDITED de l'Estrie,1,7,0.0
2014-2015,CRDITED de l'Estrie,1,8,0.0
2014-2015,CRDITED de l'Estrie,1,9,133.0
2014-2015,CRDITED de l'Estrie,2,1,22.0
2014-2015,CRDITED de l'Estrie,2,2,35.0
2014-2015,CRDITED de l'Estrie,2,3,15.0
2014-2015,CRDITED de l'Estrie,2,4,8.0
2014-2015,CRDITED de l'Estrie,2,5,4.0
2014-2015,CRDITED de l'Estrie,2,6,0.0
2014-2015,CRDITED de l'Estrie,2,7,0.0
2014-2015,CRDITED de l'Estrie,2,8,0.0
2014-2015,CRDITED de l'Estrie,2,9,84.0
2014-2015,CRDITED de l'Estrie,3,1,33.0
2014-2015,CRDITED de l'Estrie,3,2,57.0
2014-2015,CRDITED de l'Estrie,3,3,42.0
2014-2015,CRDITED de l'Estrie,3,4,32.0
2014-2015,CRDITED de l'Estrie,3,5,31.0
2014-2015,CRDITED de l'Estrie,3,6,22.0
2014-2015,CRDITED de l'Estrie,3,7,0.0
2014-2015,CRDITED de l'Estrie,3,8,0.0
2014-2015,CRDITED de l'Estrie,3,9,217.0
2014-2015,CRDITED de l'Estrie,4,1,9.0
2014-2015,CRDITED de l'Estrie,4,2,8.0
2014-2015,CRDITED de l'Estrie,4,3,16.0
2014-2015,CRDITED de l'Estrie,4,4,15.0
2014-2015,CRDITED de l'Estrie,4,5,15.0
2014-2015,CRDITED de l'Estrie,4,6,15.0
2014-2015,CRDITED de l'Estrie,4,7,0.0
2014-2015,CRDITED de l'Estrie,4,8,0.0
2014-2015,CRDITED de l'Estrie,4,9,78.0
2014-2015,CRDITED de l'Estrie,5,1,27.0
2014-2015,CRDITED de l'Estrie,5,2,33.0
2014-2015,CRDITED de l'Estrie,5,3,12.0
2014-2015,CRDITED de l'Estrie,5,4,4.0
2014-2015,CRDITED de l'Estrie,5,5,1.0
2014-2015,CRDITED de l'Estrie,5,6,0.0
2014-2015,CRDITED de l'Estrie,5,7,0.0
2014-2015,CRDITED de l'Estrie,5,8,0.0
2014-2015,CRDITED de l'Estrie,5,9,77.0
2014-2015,CRDITED de l'Estrie,6,1,36.0
2014-2015,CRDITED de l'Estrie,6,2,41.0
2014-2015,CRDITED de l'Estrie,6,3,28.0
2014-2015,CRDITED de l'Estrie,6,4,19.0
2014-2015,CRDITED de l'Estrie,6,5,16.0
2014-2015,CRDITED de l'Estrie,6,6,15.0
2014-2015,CRDITED de l'Estrie,6,7,0.0
2014-2015,CRDITED de l'Estrie,6,8,0.0
2014-2015,CRDITED de l'Estrie,6,9,155.0
2014-2015,CRDITED de l'Estrie,7,1,5.0
2014-2015,CRDITED de l'Estrie,7,2,22.0
2014-2015,CRDITED de l'Estrie,7,3,20.0
2014-2015,CRDITED de l'Estrie,7,4,19.0
2014-2015,CRDITED de l'Estrie,7,5,24.0
2014-2015,CRDITED de l'Estrie,7,6,36.0
2014-2015,CRDITED de l'Estrie,7,7,8.0
2014-2015,CRDITED de l'Estrie,7,8,3.0
2014-2015,CRDITED de l'Estrie,7,9,137.0
2014-2015,CRDITED de l'Estrie,8,1,5.0
2014-2015,CRDITED de l'Estrie,8,2,57.0
2014-2015,CRDITED de l'Estrie,8,3,28.0
2014-2015,CRDITED de l'Estrie,8,4,12.0
2014-2015,CRDITED de l'Estrie,8,5,7.0
2014-2015,CRDITED de l'Estrie,8,6,1.0
2014-2015,CRDITED de l'Estrie,8,7,0.0
2014-2015,CRDITED de l'Estrie,8,8,0.0
2014-2015,CRDITED de l'Estrie,8,9,110.0
2014-2015,CRDITED de l'Estrie,9,1,10.0
2014-2015,CRDITED de l'Estrie,9,2,79.0
2014-2015,CRDITED de l'Estrie,9,3,48.0
2014-2015,CRDITED de l'Estrie,9,4,31.0
2014-2015,CRDITED de l'Estrie,9,5,31.0
2014-2015,CRDITED de l'Estrie,9,6,37.0
2014-2015,CRDITED de l'Estrie,9,7,8.0
2014-2015,CRDITED de l'Estrie,9,8,3.0
2014-2015,CRDITED de l'Estrie,9,9,247.0
2014-2015,CRDITED de la Montérégie-Est,1,1,29.0
2014-2015,CRDITED de la Montérégie-Est,1,2,23.0
2014-2015,CRDITED de la Montérégie-Est,1,3,29.0
2014-2015,CRDITED de la Montérégie-Est,1,4,23.0
2014-2015,CRDITED de la Montérégie-Est,1,5,32.0
2014-2015,CRDITED de la Montérégie-Est,1,6,12.0
2014-2015,CRDITED de la Montérégie-Est,1,7,1.0
2014-2015,CRDITED de la Montérégie-Est,1,8,0.0
2014-2015,CRDITED de la Montérégie-Est,1,9,149.0
2014-2015,CRDITED de la Montérégie-Est,2,1,245.0
2014-2015,CRDITED de la Montérégie-Est,2,2,254.0
2014-2015,CRDITED de la Montérégie-Est,2,3,72.0
2014-2015,CRDITED de la Montérégie-Est,2,4,18.0
2014-2015,CRDITED de la Montérégie-Est,2,5,14.0
2014-2015,CRDITED de la Montérégie-Est,2,6,4.0
2014-2015,CRDITED de la Montérégie-Est,2,7,0.0
2014-2015,CRDITED de la Montérégie-Est,2,8,0.0
2014-2015,CRDITED de la Montérégie-Est,2,9,607.0
2014-2015,CRDITED de la Montérégie-Est,3,1,274.0
2014-2015,CRDITED de la Montérégie-Est,3,2,277.0
2014-2015,CRDITED de la Montérégie-Est,3,3,101.0
2014-2015,CRDITED de la Montérégie-Est,3,4,41.0
2014-2015,CRDITED de la Montérégie-Est,3,5,46.0
2014-2015,CRDITED de la Montérégie-Est,3,6,16.0
2014-2015,CRDITED de la Montérégie-Est,3,7,1.0
2014-2015,CRDITED de la Montérégie-Est,3,8,0.0
2014-2015,CRDITED de la Montérégie-Est,3,9,756.0
2014-2015,CRDITED de la Montérégie-Est,4,1,18.0
2014-2015,CRDITED de la Montérégie-Est,4,2,23.0
2014-2015,CRDITED de la Montérégie-Est,4,3,28.0
2014-2015,CRDITED de la Montérégie-Est,4,4,26.0
2014-2015,CRDITED de la Montérégie-Est,4,5,30.0
2014-2015,CRDITED de la Montérégie-Est,4,6,10.0
2014-2015,CRDITED de la Montérégie-Est,4,7,0.0
2014-2015,CRDITED de la Montérégie-Est,4,8,0.0
2014-2015,CRDITED de la Montérégie-Est,4,9,135.0
2014-2015,CRDITED de la Montérégie-Est,5,1,191.0
2014-2015,CRDITED de la Montérégie-Est,5,2,390.0
2014-2015,CRDITED de la Montérégie-Est,5,3,78.0
2014-2015,CRDITED de la Montérégie-Est,5,4,20.0
2014-2015,CRDITED de la Montérégie-Est,5,5,15.0
2014-2015,CRDITED de la Montérégie-Est,5,6,3.0
2014-2015,CRDITED de la Montérégie-Est,5,7,0.0
2014-2015,CRDITED de la Montérégie-Est,5,8,0.0
2014-2015,CRDITED de la Montérégie-Est,5,9,697.0
2014-2015,CRDITED de la Montérégie-Est,6,1,209.0
2014-2015,CRDITED de la Montérégie-Est,6,2,413.0
2014-2015,CRDITED de la Montérégie-Est,6,3,106.0
2014-2015,CRDITED de la Montérégie-Est,6,4,46.0
2014-2015,CRDITED de la Montérégie-Est,6,5,45.0
2014-2015,CRDITED de la Montérégie-Est,6,6,13.0
2014-2015,CRDITED de la Montérégie-Est,6,7,0.0
2014-2015,CRDITED de la Montérégie-Est,6,8,0.0
2014-2015,CRDITED de la Montérégie-Est,6,9,832.0
2014-2015,CRDITED de la Montérégie-Est,7,1,2.0
2014-2015,CRDITED de la Montérégie-Est,7,2,45.0
2014-2015,CRDITED de la Montérégie-Est,7,3,39.0
2014-2015,CRDITED de la Montérégie-Est,7,4,37.0
2014-2015,CRDITED de la Montérégie-Est,7,5,119.0
2014-2015,CRDITED de la Montérégie-Est,7,6,80.0
2014-2015,CRDITED de la Montérégie-Est,7,7,14.0
2014-2015,CRDITED de la Montérégie-Est,7,8,0.0
2014-2015,CRDITED de la Montérégie-Est,7,9,336.0
2014-2015,CRDITED de la Montérégie-Est,8,1,36.0
2014-2015,CRDITED de la Montérégie-Est,8,2,532.0
2014-2015,CRDITED de la Montérégie-Est,8,3,177.0
2014-2015,CRDITED de la Montérégie-Est,8,4,42.0
2014-2015,CRDITED de la Montérégie-Est,8,5,41.0
2014-2015,CRDITED de la Montérégie-Est,8,6,6.0
2014-2015,CRDITED de la Montérégie-Est,8,7,0.0
2014-2015,CRDITED de la Montérégie-Est,8,8,0.0
2014-2015,CRDITED de la Montérégie-Est,8,9,834.0
2014-2015,CRDITED de la Montérégie-Est,9,1,38.0
2014-2015,CRDITED de la Montérégie-Est,9,2,577.0
2014-2015,CRDITED de la Montérégie-Est,9,3,216.0
2014-2015,CRDITED de la Montérégie-Est,9,4,79.0
2014-2015,CRDITED de la Montérégie-Est,9,5,160.0
2014-2015,CRDITED de la Montérégie-Est,9,6,86.0
2014-2015,CRDITED de la Montérégie-Est,9,7,14.0
2014-2015,CRDITED de la Montérégie-Est,9,8,0.0
2014-2015,CRDITED de la Montérégie-Est,9,9,1170.0
2014-2015,CRDITED du Bas-St-Laurent,1,1,15.0
2014-2015,CRDITED du Bas-St-Laurent,1,2,10.0
2014-2015,CRDITED du Bas-St-Laurent,1,3,10.0
2014-2015,CRDITED du Bas-St-Laurent,1,4,7.0
2014-2015,CRDITED du Bas-St-Laurent,1,5,14.0
2014-2015,CRDITED du Bas-St-Laurent,1,6,13.0
2014-2015,CRDITED du Bas-St-Laurent,1,7,0.0
2014-2015,CRDITED du Bas-St-Laurent,1,8,0.0
2014-2015,CRDITED du Bas-St-Laurent,1,9,69.0
2014-2015,CRDITED du Bas-St-Laurent,2,1,13.0
2014-2015,CRDITED du Bas-St-Laurent,2,2,32.0
2014-2015,CRDITED du Bas-St-Laurent,2,3,11.0
2014-2015,CRDITED du Bas-St-Laurent,2,4,2.0
2014-2015,CRDITED du Bas-St-Laurent,2,5,1.0
2014-2015,CRDITED du Bas-St-Laurent,2,6,0.0
2014-2015,CRDITED du Bas-St-Laurent,2,7,0.0
2014-2015,CRDITED du Bas-St-Laurent,2,8,0.0
2014-2015,CRDITED du Bas-St-Laurent,2,9,59.0
2014-2015,CRDITED du Bas-St-Laurent,3,1,28.0
2014-2015,CRDITED du Bas-St-Laurent,3,2,42.0
2014-2015,CRDITED du Bas-St-Laurent,3,3,21.0
2014-2015,CRDITED du Bas-St-Laurent,3,4,9.0
2014-2015,CRDITED du Bas-St-Laurent,3,5,15.0
2014-2015,CRDITED du Bas-St-Laurent,3,6,13.0
2014-2015,CRDITED du Bas-St-Laurent,3,7,0.0
2014-2015,CRDITED du Bas-St-Laurent,3,8,0.0
2014-2015,CRDITED du Bas-St-Laurent,3,9,128.0
2014-2015,CRDITED du Bas-St-Laurent,4,1,15.0
2014-2015,CRDITED du Bas-St-Laurent,4,2,5.0
2014-2015,CRDITED du Bas-St-Laurent,4,3,6.0
2014-2015,CRDITED du Bas-St-Laurent,4,4,5.0
2014-2015,CRDITED du Bas-St-Laurent,4,5,5.0
2014-2015,CRDITED du Bas-St-Laurent,4,6,4.0
2014-2015,CRDITED du Bas-St-Laurent,4,7,0.0
2014-2015,CRDITED du Bas-St-Laurent,4,8,0.0
2014-2015,CRDITED du Bas-St-Laurent,4,9,40.0
2014-2015,CRDITED du Bas-St-Laurent,5,1,12.0
2014-2015,CRDITED du Bas-St-Laurent,5,2,28.0
2014-2015,CRDITED du Bas-St-Laurent,5,3,7.0
2014-2015,CRDITED du Bas-St-Laurent,5,4,0.0
2014-2015,CRDITED du Bas-St-Laurent,5,5,2.0
2014-2015,CRDITED du Bas-St-Laurent,5,6,2.0
2014-2015,CRDITED du Bas-St-Laurent,5,7,0.0
2014-2015,CRDITED du Bas-St-Laurent,5,8,0.0
2014-2015,CRDITED du Bas-St-Laurent,5,9,51.0
2014-2015,CRDITED du Bas-St-Laurent,6,1,27.0
2014-2015,CRDITED du Bas-St-Laurent,6,2,33.0
2014-2015,CRDITED du Bas-St-Laurent,6,3,13.0
2014-2015,CRDITED du Bas-St-Laurent,6,4,5.0
2014-2015,CRDITED du Bas-St-Laurent,6,5,7.0
2014-2015,CRDITED du Bas-St-Laurent,6,6,6.0
2014-2015,CRDITED du Bas-St-Laurent,6,7,0.0
2014-2015,CRDITED du Bas-St-Laurent,6,8,0.0
2014-2015,CRDITED du Bas-St-Laurent,6,9,91.0
2014-2015,CRDITED du Bas-St-Laurent,7,1,4.0
2014-2015,CRDITED du Bas-St-Laurent,7,2,6.0
2014-2015,CRDITED du Bas-St-Laurent,7,3,16.0
2014-2015,CRDITED du Bas-St-Laurent,7,4,6.0
2014-2015,CRDITED du Bas-St-Laurent,7,5,13.0
2014-2015,CRDITED du Bas-St-Laurent,7,6,13.0
2014-2015,CRDITED du Bas-St-Laurent,7,7,0.0
2014-2015,CRDITED du Bas-St-Laurent,7,8,0.0
2014-2015,CRDITED du Bas-St-Laurent,7,9,58.0
2014-2015,CRDITED du Bas-St-Laurent,8,1,1.0
2014-2015,CRDITED du Bas-St-Laurent,8,2,8.0
2014-2015,CRDITED du Bas-St-Laurent,8,3,10.0
2014-2015,CRDITED du Bas-St-Laurent,8,4,7.0
2014-2015,CRDITED du Bas-St-Laurent,8,5,5.0
2014-2015,CRDITED du Bas-St-Laurent,8,6,0.0
2014-2015,CRDITED du Bas-St-Laurent,8,7,0.0
2014-2015,CRDITED du Bas-St-Laurent,8,8,0.0
2014-2015,CRDITED du Bas-St-Laurent,8,9,31.0
2014-2015,CRDITED du Bas-St-Laurent,9,1,5.0
2014-2015,CRDITED du Bas-St-Laurent,9,2,14.0
2014-2015,CRDITED du Bas-St-Laurent,9,3,26.0
2014-2015,CRDITED du Bas-St-Laurent,9,4,13.0
2014-2015,CRDITED du Bas-St-Laurent,9,5,18.0
2014-2015,CRDITED du Bas-St-Laurent,9,6,13.0
2014-2015,CRDITED du Bas-St-Laurent,9,7,0.0
2014-2015,CRDITED du Bas-St-Laurent,9,8,0.0
2014-2015,CRDITED du Bas-St-Laurent,9,9,89.0
2014-2015,CRDITED du SaguenayLac-St-Jean,1,1,28.0
2014-2015,CRDITED du SaguenayLac-St-Jean,1,2,7.0
2014-2015,CRDITED du SaguenayLac-St-Jean,1,3,7.0
2014-2015,CRDITED du SaguenayLac-St-Jean,1,4,8.0
2014-2015,CRDITED du SaguenayLac-St-Jean,1,5,6.0
2014-2015,CRDITED du SaguenayLac-St-Jean,1,6,11.0
2014-2015,CRDITED du SaguenayLac-St-Jean,1,7,2.0
2014-2015,CRDITED du SaguenayLac-St-Jean,1,8,0.0
2014-2015,CRDITED du SaguenayLac-St-Jean,1,9,69.0
2014-2015,CRDITED du SaguenayLac-St-Jean,2,1,12.0
2014-2015,CRDITED du SaguenayLac-St-Jean,2,2,6.0
2014-2015,CRDITED du SaguenayLac-St-Jean,2,3,8.0
2014-2015,CRDITED du SaguenayLac-St-Jean,2,4,4.0
2014-2015,CRDITED du SaguenayLac-St-Jean,2,5,4.0
2014-2015,CRDITED du SaguenayLac-St-Jean,2,6,1.0
2014-2015,CRDITED du SaguenayLac-St-Jean,2,7,0.0
2014-2015,CRDITED du SaguenayLac-St-Jean,2,8,0.0
2014-2015,CRDITED du SaguenayLac-St-Jean,2,9,35.0
2014-2015,CRDITED du SaguenayLac-St-Jean,3,1,40.0
2014-2015,CRDITED du SaguenayLac-St-Jean,3,2,13.0
2014-2015,CRDITED du SaguenayLac-St-Jean,3,3,15.0
2014-2015,CRDITED du SaguenayLac-St-Jean,3,4,12.0
2014-2015,CRDITED du SaguenayLac-St-Jean,3,5,10.0
2014-2015,CRDITED du SaguenayLac-St-Jean,3,6,12.0
2014-2015,CRDITED du SaguenayLac-St-Jean,3,7,2.0
2014-2015,CRDITED du SaguenayLac-St-Jean,3,8,0.0
2014-2015,CRDITED du SaguenayLac-St-Jean,3,9,104.0
2014-2015,CRDITED du SaguenayLac-St-Jean,4,1,27.0
2014-2015,CRDITED du SaguenayLac-St-Jean,4,2,7.0
2014-2015,CRDITED du SaguenayLac-St-Jean,4,3,6.0
2014-2015,CRDITED du SaguenayLac-St-Jean,4,4,9.0
2014-2015,CRDITED du SaguenayLac-St-Jean,4,5,5.0
2014-2015,CRDITED du SaguenayLac-St-Jean,4,6,8.0
2014-2015,CRDITED du SaguenayLac-St-Jean,4,7,1.0
2014-2015,CRDITED du SaguenayLac-St-Jean,4,8,0.0
2014-2015,CRDITED du SaguenayLac-St-Jean,4,9,63.0
2014-2015,CRDITED du SaguenayLac-St-Jean,5,1,6.0
2014-2015,CRDITED du SaguenayLac-St-Jean,5,2,5.0
2014-2015,CRDITED du SaguenayLac-St-Jean,5,3,12.0
2014-2015,CRDITED du SaguenayLac-St-Jean,5,4,3.0
2014-2015,CRDITED du SaguenayLac-St-Jean,5,5,3.0
2014-2015,CRDITED du SaguenayLac-St-Jean,5,6,1.0
2014-2015,CRDITED du SaguenayLac-St-Jean,5,7,0.0
2014-2015,CRDITED du SaguenayLac-St-Jean,5,8,0.0
2014-2015,CRDITED du SaguenayLac-St-Jean,5,9,30.0
2014-2015,CRDITED du SaguenayLac-St-Jean,6,1,33.0
2014-2015,CRDITED du SaguenayLac-St-Jean,6,2,12.0
2014-2015,CRDITED du SaguenayLac-St-Jean,6,3,18.0
2014-2015,CRDITED du SaguenayLac-St-Jean,6,4,12.0
2014-2015,CRDITED du SaguenayLac-St-Jean,6,5,8.0
2014-2015,CRDITED du SaguenayLac-St-Jean,6,6,9.0
2014-2015,CRDITED du SaguenayLac-St-Jean,6,7,1.0
2014-2015,CRDITED du SaguenayLac-St-Jean,6,8,0.0
2014-2015,CRDITED du SaguenayLac-St-Jean,6,9,93.0
2014-2015,CRDITED du SaguenayLac-St-Jean,7,1,6.0
2014-2015,CRDITED du SaguenayLac-St-Jean,7,2,18.0
2014-2015,CRDITED du SaguenayLac-St-Jean,7,3,15.0
2014-2015,CRDITED du SaguenayLac-St-Jean,7,4,6.0
2014-2015,CRDITED du SaguenayLac-St-Jean,7,5,25.0
2014-2015,CRDITED du SaguenayLac-St-Jean,7,6,32.0
2014-2015,CRDITED du SaguenayLac-St-Jean,7,7,6.0
2014-2015,CRDITED du SaguenayLac-St-Jean,7,8,7.0
2014-2015,CRDITED du SaguenayLac-St-Jean,7,9,115.0
2014-2015,CRDITED du SaguenayLac-St-Jean,8,1,1.0
2014-2015,CRDITED du SaguenayLac-St-Jean,8,2,14.0
2014-2015,CRDITED du SaguenayLac-St-Jean,8,3,13.0
2014-2015,CRDITED du SaguenayLac-St-Jean,8,4,8.0
2014-2015,CRDITED du SaguenayLac-St-Jean,8,5,7.0
2014-2015,CRDITED du SaguenayLac-St-Jean,8,6,1.0
2014-2015,CRDITED du SaguenayLac-St-Jean,8,7,0.0
2014-2015,CRDITED du SaguenayLac-St-Jean,8,8,0.0
2014-2015,CRDITED du SaguenayLac-St-Jean,8,9,44.0
2014-2015,CRDITED du SaguenayLac-St-Jean,9,1,7.0
2014-2015,CRDITED du SaguenayLac-St-Jean,9,2,32.0
2014-2015,CRDITED du SaguenayLac-St-Jean,9,3,28.0
2014-2015,CRDITED du SaguenayLac-St-Jean,9,4,14.0
2014-2015,CRDITED du SaguenayLac-St-Jean,9,5,32.0
2014-2015,CRDITED du SaguenayLac-St-Jean,9,6,33.0
2014-2015,CRDITED du SaguenayLac-St-Jean,9,7,6.0
2014-2015,CRDITED du SaguenayLac-St-Jean,9,8,7.0
2014-2015,CRDITED du SaguenayLac-St-Jean,9,9,159.0
2014-2015,CSSS de Charlevoix,1,1,2.0
2014-2015,CSSS de Charlevoix,1,2,1.0
2014-2015,CSSS de Charlevoix,1,3,2.0
2014-2015,CSSS de Charlevoix,1,4,2.0
2014-2015,CSSS de Charlevoix,1,5,1.0
2014-2015,CSSS de Charlevoix,1,6,4.0
2014-2015,CSSS de Charlevoix,1,7,2.0
2014-2015,CSSS de Charlevoix,1,8,0.0
2014-2015,CSSS de Charlevoix,1,9,14.0
2014-2015,CSSS de Charlevoix,2,1,2.0
2014-2015,CSSS de Charlevoix,2,2,2.0
2014-2015,CSSS de Charlevoix,2,3,3.0
2014-2015,CSSS de Charlevoix,2,4,0.0
2014-2015,CSSS de Charlevoix,2,5,0.0
2014-2015,CSSS de Charlevoix,2,6,0.0
2014-2015,CSSS de Charlevoix,2,7,0.0
2014-2015,CSSS de Charlevoix,2,8,0.0
2014-2015,CSSS de Charlevoix,2,9,7.0
2014-2015,CSSS de Charlevoix,3,1,4.0
2014-2015,CSSS de Charlevoix,3,2,3.0
2014-2015,CSSS de Charlevoix,3,3,5.0
2014-2015,CSSS de Charlevoix,3,4,2.0
2014-2015,CSSS de Charlevoix,3,5,1.0
2014-2015,CSSS de Charlevoix,3,6,4.0
2014-2015,CSSS de Charlevoix,3,7,2.0
2014-2015,CSSS de Charlevoix,3,8,0.0
2014-2015,CSSS de Charlevoix,3,9,21.0
2014-2015,CSSS de Charlevoix,4,1,2.0
2014-2015,CSSS de Charlevoix,4,2,1.0
2014-2015,CSSS de Charlevoix,4,3,3.0
2014-2015,CSSS de Charlevoix,4,4,1.0
2014-2015,CSSS de Charlevoix,4,5,3.0
2014-2015,CSSS de Charlevoix,4,6,3.0
2014-2015,CSSS de Charlevoix,4,7,2.0
2014-2015,CSSS de Charlevoix,4,8,0.0
2014-2015,CSSS de Charlevoix,4,9,15.0
2014-2015,CSSS de Charlevoix,5,1,2.0
2014-2015,CSSS de Charlevoix,5,2,2.0
2014-2015,CSSS de Charlevoix,5,3,1.0
2014-2015,CSSS de Charlevoix,5,4,0.0
2014-2015,CSSS de Charlevoix,5,5,0.0
2014-2015,CSSS de Charlevoix,5,6,0.0
2014-2015,CSSS de Charlevoix,5,7,0.0
2014-2015,CSSS de Charlevoix,5,8,0.0
2014-2015,CSSS de Charlevoix,5,9,5.0
2014-2015,CSSS de Charlevoix,6,1,4.0
2014-2015,CSSS de Charlevoix,6,2,3.0
2014-2015,CSSS de Charlevoix,6,3,4.0
2014-2015,CSSS de Charlevoix,6,4,1.0
2014-2015,CSSS de Charlevoix,6,5,3.0
2014-2015,CSSS de Charlevoix,6,6,3.0
2014-2015,CSSS de Charlevoix,6,7,2.0
2014-2015,CSSS de Charlevoix,6,8,0.0
2014-2015,CSSS de Charlevoix,6,9,20.0
2014-2015,CSSS de Charlevoix,7,1,0.0
2014-2015,CSSS de Charlevoix,7,2,1.0
2014-2015,CSSS de Charlevoix,7,3,1.0
2014-2015,CSSS de Charlevoix,7,4,2.0
2014-2015,CSSS de Charlevoix,7,5,2.0
2014-2015,CSSS de Charlevoix,7,6,10.0
2014-2015,CSSS de Charlevoix,7,7,14.0
2014-2015,CSSS de Charlevoix,7,8,10.0
2014-2015,CSSS de Charlevoix,7,9,40.0
2014-2015,CSSS de Charlevoix,8,1,0.0
2014-2015,CSSS de Charlevoix,8,2,1.0
2014-2015,CSSS de Charlevoix,8,3,1.0
2014-2015,CSSS de Charlevoix,8,4,0.0
2014-2015,CSSS de Charlevoix,8,5,0.0
2014-2015,CSSS de Charlevoix,8,6,1.0
2014-2015,CSSS de Charlevoix,8,7,0.0
2014-2015,CSSS de Charlevoix,8,8,0.0
2014-2015,CSSS de Charlevoix,8,9,3.0
2014-2015,CSSS de Charlevoix,9,1,0.0
2014-2015,CSSS de Charlevoix,9,2,2.0
2014-2015,CSSS de Charlevoix,9,3,2.0
2014-2015,CSSS de Charlevoix,9,4,2.0
2014-2015,CSSS de Charlevoix,9,5,2.0
2014-2015,CSSS de Charlevoix,9,6,11.0
2014-2015,CSSS de Charlevoix,9,7,14.0
2014-2015,CSSS de Charlevoix,9,8,10.0
2014-2015,CSSS de Charlevoix,9,9,43.0
2014-2015,CSSS des Îles,1,1,1.0
2014-2015,CSSS des Îles,1,2,0.0
2014-2015,CSSS des Îles,1,3,1.0
2014-2015,CSSS des Îles,1,4,0.0
2014-2015,CSSS des Îles,1,5,1.0
2014-2015,CSSS des Îles,1,6,4.0
2014-2015,CSSS des Îles,1,7,0.0
2014-2015,CSSS des Îles,1,8,0.0
2014-2015,CSSS des Îles,1,9,7.0
2014-2015,CSSS des Îles,2,1,0.0
2014-2015,CSSS des Îles,2,2,2.0
2014-2015,CSSS des Îles,2,3,2.0
2014-2015,CSSS des Îles,2,4,1.0
2014-2015,CSSS des Îles,2,5,0.0
2014-2015,CSSS des Îles,2,6,0.0
2014-2015,CSSS des Îles,2,7,0.0
2014-2015,CSSS des Îles,2,8,0.0
2014-2015,CSSS des Îles,2,9,5.0
2014-2015,CSSS des Îles,3,1,1.0
2014-2015,CSSS des Îles,3,2,2.0
2014-2015,CSSS des Îles,3,3,3.0
2014-2015,CSSS des Îles,3,4,1.0
2014-2015,CSSS des Îles,3,5,1.0
2014-2015,CSSS des Îles,3,6,4.0
2014-2015,CSSS des Îles,3,7,0.0
2014-2015,CSSS des Îles,3,8,0.0
2014-2015,CSSS des Îles,3,9,12.0
2014-2015,CSSS des Îles,4,1,0.0
2014-2015,CSSS des Îles,4,2,0.0
2014-2015,CSSS des Îles,4,3,1.0
2014-2015,CSSS des Îles,4,4,0.0
2014-2015,CSSS des Îles,4,5,1.0
2014-2015,CSSS des Îles,4,6,3.0
2014-2015,CSSS des Îles,4,7,0.0
2014-2015,CSSS des Îles,4,8,0.0
2014-2015,CSSS des Îles,4,9,5.0
2014-2015,CSSS des Îles,5,1,0.0
2014-2015,CSSS des Îles,5,2,1.0
2014-2015,CSSS des Îles,5,3,2.0
2014-2015,CSSS des Îles,5,4,1.0
2014-2015,CSSS des Îles,5,5,0.0
2014-2015,CSSS des Îles,5,6,0.0
2014-2015,CSSS des Îles,5,7,0.0
2014-2015,CSSS des Îles,5,8,0.0
2014-2015,CSSS des Îles,5,9,4.0
2014-2015,CSSS des Îles,6,1,0.0
2014-2015,CSSS des Îles,6,2,1.0
2014-2015,CSSS des Îles,6,3,3.0
2014-2015,CSSS des Îles,6,4,1.0
2014-2015,CSSS des Îles,6,5,1.0
2014-2015,CSSS des Îles,6,6,3.0
2014-2015,CSSS des Îles,6,7,0.0
2014-2015,CSSS des Îles,6,8,0.0
2014-2015,CSSS des Îles,6,9,9.0
2014-2015,CSSS des Îles,7,1,0.0
2014-2015,CSSS des Îles,7,2,0.0
2014-2015,CSSS des Îles,7,3,1.0
2014-2015,CSSS des Îles,7,4,0.0
2014-2015,CSSS des Îles,7,5,1.0
2014-2015,CSSS des Îles,7,6,3.0
2014-2015,CSSS des Îles,7,7,0.0
2014-2015,CSSS des Îles,7,8,0.0
2014-2015,CSSS des Îles,7,9,5.0
2014-2015,CSSS des Îles,8,1,0.0
2014-2015,CSSS des Îles,8,2,2.0
2014-2015,CSSS des Îles,8,3,2.0
2014-2015,CSSS des Îles,8,4,0.0
2014-2015,CSSS des Îles,8,5,0.0
2014-2015,CSSS des Îles,8,6,0.0
2014-2015,CSSS des Îles,8,7,0.0
2014-2015,CSSS des Îles,8,8,0.0
2014-2015,CSSS des Îles,8,9,4.0
2014-2015,CSSS des Îles,9,1,0.0
2014-2015,CSSS des Îles,9,2,2.0
2014-2015,CSSS des Îles,9,3,3.0
2014-2015,CSSS des Îles,9,4,0.0
2014-2015,CSSS des Îles,9,5,1.0
2014-2015,CSSS des Îles,9,6,3.0
2014-2015,CSSS des Îles,9,7,0.0
2014-2015,CSSS des Îles,9,8,0.0
2014-2015,CSSS des Îles,9,9,9.0
2014-2015,Centre Miriam,1,1,11.0
2014-2015,Centre Miriam,1,2,8.0
2014-2015,Centre Miriam,1,3,4.0
2014-2015,Centre Miriam,1,4,7.0
2014-2015,Centre Miriam,1,5,8.0
2014-2015,Centre Miriam,1,6,1.0
2014-2015,Centre Miriam,1,7,0.0
2014-2015,Centre Miriam,1,8,0.0
2014-2015,Centre Miriam,1,9,39.0
2014-2015,Centre Miriam,2,1,35.0
2014-2015,Centre Miriam,2,2,31.0
2014-2015,Centre Miriam,2,3,18.0
2014-2015,Centre Miriam,2,4,7.0
2014-2015,Centre Miriam,2,5,1.0
2014-2015,Centre Miriam,2,6,1.0
2014-2015,Centre Miriam,2,7,0.0
2014-2015,Centre Miriam,2,8,0.0
2014-2015,Centre Miriam,2,9,93.0
2014-2015,Centre Miriam,3,1,46.0
2014-2015,Centre Miriam,3,2,39.0
2014-2015,Centre Miriam,3,3,22.0
2014-2015,Centre Miriam,3,4,14.0
2014-2015,Centre Miriam,3,5,9.0
2014-2015,Centre Miriam,3,6,2.0
2014-2015,Centre Miriam,3,7,0.0
2014-2015,Centre Miriam,3,8,0.0
2014-2015,Centre Miriam,3,9,132.0
2014-2015,Centre Miriam,4,1,9.0
2014-2015,Centre Miriam,4,2,7.0
2014-2015,Centre Miriam,4,3,6.0
2014-2015,Centre Miriam,4,4,7.0
2014-2015,Centre Miriam,4,5,6.0
2014-2015,Centre Miriam,4,6,1.0
2014-2015,Centre Miriam,4,7,0.0
2014-2015,Centre Miriam,4,8,0.0
2014-2015,Centre Miriam,4,9,36.0
2014-2015,Centre Miriam,5,1,28.0
2014-2015,Centre Miriam,5,2,32.0
2014-2015,Centre Miriam,5,3,20.0
2014-2015,Centre Miriam,5,4,4.0
2014-2015,Centre Miriam,5,5,3.0
2014-2015,Centre Miriam,5,6,1.0
2014-2015,Centre Miriam,5,7,0.0
2014-2015,Centre Miriam,5,8,0.0
2014-2015,Centre Miriam,5,9,88.0
2014-2015,Centre Miriam,6,1,37.0
2014-2015,Centre Miriam,6,2,39.0
2014-2015,Centre Miriam,6,3,26.0
2014-2015,Centre Miriam,6,4,11.0
2014-2015,Centre Miriam,6,5,9.0
2014-2015,Centre Miriam,6,6,2.0
2014-2015,Centre Miriam,6,7,0.0
2014-2015,Centre Miriam,6,8,0.0
2014-2015,Centre Miriam,6,9,124.0
2014-2015,Centre Miriam,7,1,3.0
2014-2015,Centre Miriam,7,2,6.0
2014-2015,Centre Miriam,7,3,9.0
2014-2015,Centre Miriam,7,4,2.0
2014-2015,Centre Miriam,7,5,10.0
2014-2015,Centre Miriam,7,6,4.0
2014-2015,Centre Miriam,7,7,0.0
2014-2015,Centre Miriam,7,8,0.0
2014-2015,Centre Miriam,7,9,34.0
2014-2015,Centre Miriam,8,1,6.0
2014-2015,Centre Miriam,8,2,28.0
2014-2015,Centre Miriam,8,3,21.0
2014-2015,Centre Miriam,8,4,2.0
2014-2015,Centre Miriam,8,5,1.0
2014-2015,Centre Miriam,8,6,3.0
2014-2015,Centre Miriam,8,7,0.0
2014-2015,Centre Miriam,8,8,0.0
2014-2015,Centre Miriam,8,9,61.0
2014-2015,Centre Miriam,9,1,9.0
2014-2015,Centre Miriam,9,2,34.0
2014-2015,Centre Miriam,9,3,30.0
2014-2015,Centre Miriam,9,4,4.0
2014-2015,Centre Miriam,9,5,11.0
2014-2015,Centre Miriam,9,6,7.0
2014-2015,Centre Miriam,9,7,0.0
2014-2015,Centre Miriam,9,8,0.0
2014-2015,Centre Miriam,9,9,95.0
2014-2015,Centre du Florès,1,1,19.0
2014-2015,Centre du Florès,1,2,22.0
2014-2015,Centre du Florès,1,3,23.0
2014-2015,Centre du Florès,1,4,21.0
2014-2015,Centre du Florès,1,5,33.0
2014-2015,Centre du Florès,1,6,17.0
2014-2015,Centre du Florès,1,9,135.0
2014-2015,Centre du Florès,2,1,41.0
2014-2015,Centre du Florès,2,2,70.0
2014-2015,Centre du Florès,2,3,31.0
2014-2015,Centre du Florès,2,4,11.0
2014-2015,Centre du Florès,2,5,12.0
2014-2015,Centre du Florès,2,9,165.0
2014-2015,Centre du Florès,3,1,60.0
2014-2015,Centre du Florès,3,2,92.0
2014-2015,Centre du Florès,3,3,54.0
2014-2015,Centre du Florès,3,4,32.0
2014-2015,Centre du Florès,3,5,45.0
2014-2015,Centre du Florès,3,6,17.0
2014-2015,Centre du Florès,3,9,300.0
2014-2015,Centre du Florès,4,1,12.0
2014-2015,Centre du Florès,4,2,21.0
2014-2015,Centre du Florès,4,3,19.0
2014-2015,Centre du Florès,4,4,22.0
2014-2015,Centre du Florès,4,5,14.0
2014-2015,Centre du Florès,4,6,9.0
2014-2015,Centre du Florès,4,9,97.0
2014-2015,Centre du Florès,5,1,39.0
2014-2015,Centre du Florès,5,2,69.0
2014-2015,Centre du Florès,5,3,23.0
2014-2015,Centre du Florès,5,4,12.0
2014-2015,Centre du Florès,5,5,2.0
2014-2015,Centre du Florès,5,9,145.0
2014-2015,Centre du Florès,6,1,51.0
2014-2015,Centre du Florès,6,2,90.0
2014-2015,Centre du Florès,6,3,42.0
2014-2015,Centre du Florès,6,4,34.0
2014-2015,Centre du Florès,6,5,16.0
2014-2015,Centre du Florès,6,6,9.0
2014-2015,Centre du Florès,6,9,242.0
2014-2015,Centre du Florès,7,1,4.0
2014-2015,Centre du Florès,7,2,23.0
2014-2015,Centre du Florès,7,3,28.0
2014-2015,Centre du Florès,7,4,9.0
2014-2015,Centre du Florès,7,5,42.0
2014-2015,Centre du Florès,7,6,37.0
2014-2015,Centre du Florès,7,7,4.0
2014-2015,Centre du Florès,7,8,3.0
2014-2015,Centre du Florès,7,9,150.0
2014-2015,Centre du Florès,8,1,2.0
2014-2015,Centre du Florès,8,2,79.0
2014-2015,Centre du Florès,8,3,47.0
2014-2015,Centre du Florès,8,4,22.0
2014-2015,Centre du Florès,8,5,7.0
2014-2015,Centre du Florès,8,6,3.0
2014-2015,Centre du Florès,8,9,160.0
2014-2015,Centre du Florès,9,1,6.0
2014-2015,Centre du Florès,9,2,102.0
2014-2015,Centre du Florès,9,3,75.0
2014-2015,Centre du Florès,9,4,31.0
2014-2015,Centre du Florès,9,5,49.0
2014-2015,Centre du Florès,9,6,40.0
2014-2015,Centre du Florès,9,7,4.0
2014-2015,Centre du Florès,9,8,3.0
2014-2015,Centre du Florès,9,9,310.0
2014-2015,Clair Foyer Inc.,1,1,12.0
2014-2015,Clair Foyer Inc.,1,2,16.0
2014-2015,Clair Foyer Inc.,1,3,7.0
2014-2015,Clair Foyer Inc.,1,4,5.0
2014-2015,Clair Foyer Inc.,1,5,10.0
2014-2015,Clair Foyer Inc.,1,6,5.0
2014-2015,Clair Foyer Inc.,1,7,3.0
2014-2015,Clair Foyer Inc.,1,9,58.0
2014-2015,Clair Foyer Inc.,3,1,12.0
2014-2015,Clair Foyer Inc.,3,2,16.0
2014-2015,Clair Foyer Inc.,3,3,7.0
2014-2015,Clair Foyer Inc.,3,4,5.0
2014-2015,Clair Foyer Inc.,3,5,10.0
2014-2015,Clair Foyer Inc.,3,6,5.0
2014-2015,Clair Foyer Inc.,3,7,3.0
2014-2015,Clair Foyer Inc.,3,9,58.0
2014-2015,Clair Foyer Inc.,4,1,5.0
2014-2015,Clair Foyer Inc.,4,2,9.0
2014-2015,Clair Foyer Inc.,4,3,7.0
2014-2015,Clair Foyer Inc.,4,4,4.0
2014-2015,Clair Foyer Inc.,4,5,5.0
2014-2015,Clair Foyer Inc.,4,6,4.0
2014-2015,Clair Foyer Inc.,4,7,1.0
2014-2015,Clair Foyer Inc.,4,9,35.0
2014-2015,Clair Foyer Inc.,6,1,5.0
2014-2015,Clair Foyer Inc.,6,2,9.0
2014-2015,Clair Foyer Inc.,6,3,7.0
2014-2015,Clair Foyer Inc.,6,4,4.0
2014-2015,Clair Foyer Inc.,6,5,5.0
2014-2015,Clair Foyer Inc.,6,6,4.0
2014-2015,Clair Foyer Inc.,6,7,1.0
2014-2015,Clair Foyer Inc.,6,9,35.0
2014-2015,Clair Foyer Inc.,7,1,5.0
2014-2015,Clair Foyer Inc.,7,2,11.0
2014-2015,Clair Foyer Inc.,7,3,11.0
2014-2015,Clair Foyer Inc.,7,4,9.0
2014-2015,Clair Foyer Inc.,7,5,24.0
2014-2015,Clair Foyer Inc.,7,6,15.0
2014-2015,Clair Foyer Inc.,7,7,2.0
2014-2015,Clair Foyer Inc.,7,9,77.0
2014-2015,Clair Foyer Inc.,9,1,5.0
2014-2015,Clair Foyer Inc.,9,2,11.0
2014-2015,Clair Foyer Inc.,9,3,11.0
2014-2015,Clair Foyer Inc.,9,4,9.0
2014-2015,Clair Foyer Inc.,9,5,24.0
2014-2015,Clair Foyer Inc.,9,6,15.0
2014-2015,Clair Foyer Inc.,9,7,2.0
2014-2015,Clair Foyer Inc.,9,9,77.0
2014-2015,Pavillon du Parc,1,1,11.0
2014-2015,Pavillon du Parc,1,2,13.0
2014-2015,Pavillon du Parc,1,3,27.0
2014-2015,Pavillon du Parc,1,4,12.0
2014-2015,Pavillon du Parc,1,5,8.0
2014-2015,Pavillon du Parc,1,6,11.0
2014-2015,Pavillon du Parc,1,7,0.0
2014-2015,Pavillon du Parc,1,8,0.0
2014-2015,Pavillon du Parc,1,9,82.0
2014-2015,Pavillon du Parc,2,1,25.0
2014-2015,Pavillon du Parc,2,2,35.0
2014-2015,Pavillon du Parc,2,3,10.0
2014-2015,Pavillon du Parc,2,4,1.0
2014-2015,Pavillon du Parc,2,5,2.0
2014-2015,Pavillon du Parc,2,6,0.0
2014-2015,Pavillon du Parc,2,7,0.0
2014-2015,Pavillon du Parc,2,8,0.0
2014-2015,Pavillon du Parc,2,9,73.0
2014-2015,Pavillon du Parc,3,1,36.0
2014-2015,Pavillon du Parc,3,2,48.0
2014-2015,Pavillon du Parc,3,3,37.0
2014-2015,Pavillon du Parc,3,4,13.0
2014-2015,Pavillon du Parc,3,5,10.0
2014-2015,Pavillon du Parc,3,6,11.0
2014-2015,Pavillon du Parc,3,7,0.0
2014-2015,Pavillon du Parc,3,8,0.0
2014-2015,Pavillon du Parc,3,9,155.0
2014-2015,Pavillon du Parc,4,1,8.0
2014-2015,Pavillon du Parc,4,2,7.0
2014-2015,Pavillon du Parc,4,3,10.0
2014-2015,Pavillon du Parc,4,4,3.0
2014-2015,Pavillon du Parc,4,5,6.0
2014-2015,Pavillon du Parc,4,6,6.0
2014-2015,Pavillon du Parc,4,7,0.0
2014-2015,Pavillon du Parc,4,8,0.0
2014-2015,Pavillon du Parc,4,9,40.0
2014-2015,Pavillon du Parc,5,1,21.0
2014-2015,Pavillon du Parc,5,2,12.0
2014-2015,Pavillon du Parc,5,3,7.0
2014-2015,Pavillon du Parc,5,4,3.0
2014-2015,Pavillon du Parc,5,5,0.0
2014-2015,Pavillon du Parc,5,6,0.0
2014-2015,Pavillon du Parc,5,7,0.0
2014-2015,Pavillon du Parc,5,8,0.0
2014-2015,Pavillon du Parc,5,9,43.0
2014-2015,Pavillon du Parc,6,1,29.0
2014-2015,Pavillon du Parc,6,2,19.0
2014-2015,Pavillon du Parc,6,3,17.0
2014-2015,Pavillon du Parc,6,4,6.0
2014-2015,Pavillon du Parc,6,5,6.0
2014-2015,Pavillon du Parc,6,6,6.0
2014-2015,Pavillon du Parc,6,7,0.0
2014-2015,Pavillon du Parc,6,8,0.0
2014-2015,Pavillon du Parc,6,9,83.0
2014-2015,Pavillon du Parc,7,1,0.0
2014-2015,Pavillon du Parc,7,2,10.0
2014-2015,Pavillon du Parc,7,3,14.0
2014-2015,Pavillon du Parc,7,4,9.0
2014-2015,Pavillon du Parc,7,5,25.0
2014-2015,Pavillon du Parc,7,6,10.0
2014-2015,Pavillon du Parc,7,7,3.0
2014-2015,Pavillon du Parc,7,8,0.0
2014-2015,Pavillon du Parc,7,9,71.0
2014-2015,Pavillon du Parc,8,1,1.0
2014-2015,Pavillon du Parc,8,2,25.0
2014-2015,Pavillon du Parc,8,3,10.0
2014-2015,Pavillon du Parc,8,4,0.0
2014-2015,Pavillon du Parc,8,5,3.0
2014-2015,Pavillon du Parc,8,6,0.0
2014-2015,Pavillon du Parc,8,7,0.0
2014-2015,Pavillon du Parc,8,8,0.0
2014-2015,Pavillon du Parc,8,9,39.0
2014-2015,Pavillon du Parc,9,1,1.0
2014-2015,Pavillon du Parc,9,2,35.0
2014-2015,Pavillon du Parc,9,3,24.0
2014-2015,Pavillon du Parc,9,4,9.0
2014-2015,Pavillon du Parc,9,5,28.0
2014-2015,Pavillon du Parc,9,6,10.0
2014-2015,Pavillon du Parc,9,7,3.0
2014-2015,Pavillon du Parc,9,8,0.0
2014-2015,Pavillon du Parc,9,9,110.0
2014-2015,Réadaptation du Sud-Ouest et du Renfort,1,1,17.0
2014-2015,Réadaptation du Sud-Ouest et du Renfort,1,2,35.0
2014-2015,Réadaptation du Sud-Ouest et du Renfort,1,3,42.0
2014-2015,Réadaptation du Sud-Ouest et du Renfort,1,4,35.0
2014-2015,Réadaptation du Sud-Ouest et du Renfort,1,5,53.0
2014-2015,Réadaptation du Sud-Ouest et du Renfort,1,6,17.0
2014-2015,Réadaptation du Sud-Ouest et du Renfort,1,7,3.0
2014-2015,Réadaptation du Sud-Ouest et du Renfort,1,9,202.0
2014-2015,Réadaptation du Sud-Ouest et du Renfort,2,1,133.0
2014-2015,Réadaptation du Sud-Ouest et du Renfort,2,2,216.0
2014-2015,Réadaptation du Sud-Ouest et du Renfort,2,3,71.0
2014-2015,Réadaptation du Sud-Ouest et du Renfort,2,4,13.0
2014-2015,Réadaptation du Sud-Ouest et du Renfort,2,5,9.0
2014-2015,Réadaptation du Sud-Ouest et du Renfort,2,6,1.0
2014-2015,Réadaptation du Sud-Ouest et du Renfort,2,9,443.0
2014-2015,Réadaptation du Sud-Ouest et du Renfort,3,1,150.0
2014-2015,Réadaptation du Sud-Ouest et du Renfort,3,2,251.0
2014-2015,Réadaptation du Sud-Ouest et du Renfort,3,3,113.0
2014-2015,Réadaptation du Sud-Ouest et du Renfort,3,4,48.0
2014-2015,Réadaptation du Sud-Ouest et du Renfort,3,5,62.0
2014-2015,Réadaptation du Sud-Ouest et du Renfort,3,6,18.0
2014-2015,Réadaptation du Sud-Ouest et du Renfort,3,7,3.0
2014-2015,Réadaptation du Sud-Ouest et du Renfort,3,9,645.0
2014-2015,Réadaptation du Sud-Ouest et du Renfort,4,1,4.0
2014-2015,Réadaptation du Sud-Ouest et du Renfort,4,2,21.0
2014-2015,Réadaptation du Sud-Ouest et du Renfort,4,3,18.0
2014-2015,Réadaptation du Sud-Ouest et du Renfort,4,4,20.0
2014-2015,Réadaptation du Sud-Ouest et du Renfort,4,5,18.0
2014-2015,Réadaptation du Sud-Ouest et du Renfort,4,6,2.0
2014-2015,Réadaptation du Sud-Ouest et du Renfort,4,7,1.0
2014-2015,Réadaptation du Sud-Ouest et du Renfort,4,9,84.0
2014-2015,Réadaptation du Sud-Ouest et du Renfort,5,1,118.0
2014-2015,Réadaptation du Sud-Ouest et du Renfort,5,2,234.0
2014-2015,Réadaptation du Sud-Ouest et du Renfort,5,3,53.0
2014-2015,Réadaptation du Sud-Ouest et du Renfort,5,4,18.0
2014-2015,Réadaptation du Sud-Ouest et du Renfort,5,5,4.0
2014-2015,Réadaptation du Sud-Ouest et du Renfort,5,9,427.0
2014-2015,Réadaptation du Sud-Ouest et du Renfort,6,1,122.0
2014-2015,Réadaptation du Sud-Ouest et du Renfort,6,2,255.0
2014-2015,Réadaptation du Sud-Ouest et du Renfort,6,3,71.0
2014-2015,Réadaptation du Sud-Ouest et du Renfort,6,4,38.0
2014-2015,Réadaptation du Sud-Ouest et du Renfort,6,5,22.0
2014-2015,Réadaptation du Sud-Ouest et du Renfort,6,6,2.0
2014-2015,Réadaptation du Sud-Ouest et du Renfort,6,7,1.0
2014-2015,Réadaptation du Sud-Ouest et du Renfort,6,9,511.0
2014-2015,Réadaptation du Sud-Ouest et du Renfort,7,1,7.0
2014-2015,Réadaptation du Sud-Ouest et du Renfort,7,2,37.0
2014-2015,Réadaptation du Sud-Ouest et du Renfort,7,3,20.0
2014-2015,Réadaptation du Sud-Ouest et du Renfort,7,4,24.0
2014-2015,Réadaptation du Sud-Ouest et du Renfort,7,5,44.0
2014-2015,Réadaptation du Sud-Ouest et du Renfort,7,6,42.0
2014-2015,Réadaptation du Sud-Ouest et du Renfort,7,7,8.0
2014-2015,Réadaptation du Sud-Ouest et du Renfort,7,8,2.0
2014-2015,Réadaptation du Sud-Ouest et du Renfort,7,9,184.0
2014-2015,Réadaptation du Sud-Ouest et du Renfort,8,1,29.0
2014-2015,Réadaptation du Sud-Ouest et du Renfort,8,2,315.0
2014-2015,Réadaptation du Sud-Ouest et du Renfort,8,3,75.0
2014-2015,Réadaptation du Sud-Ouest et du Renfort,8,4,26.0
2014-2015,Réadaptation du Sud-Ouest et du Renfort,8,5,16.0
2014-2015,Réadaptation du Sud-Ouest et du Renfort,8,6,4.0
2014-2015,Réadaptation du Sud-Ouest et du Renfort,8,9,465.0
2014-2015,Réadaptation du Sud-Ouest et du Renfort,9,1,36.0
2014-2015,Réadaptation du Sud-Ouest et du Renfort,9,2,352.0
2014-2015,Réadaptation du Sud-Ouest et du Renfort,9,3,95.0
2014-2015,Réadaptation du Sud-Ouest et du Renfort,9,4,50.0
2014-2015,Réadaptation du Sud-Ouest et du Renfort,9,5,60.0
2014-2015,Réadaptation du Sud-Ouest et du Renfort,9,6,46.0
2014-2015,Réadaptation du Sud-Ouest et du Renfort,9,7,8.0
2014-2015,Réadaptation du Sud-Ouest et du Renfort,9,8,2.0
2014-2015,Réadaptation du Sud-Ouest et du Renfort,9,9,649.0
2015-2016,CISSS des Îles,1,1,2.0
2015-2016,CISSS des Îles,1,2,0.0
2015-2016,CISSS des Îles,1,3,0.0
2015-2016,CISSS des Îles,1,4,2.0
2015-2016,CISSS des Îles,1,5,1.0
2015-2016,CISSS des Îles,1,6,5.0
2015-2016,CISSS des Îles,1,7,2.0
2015-2016,CISSS des Îles,1,8,0.0
2015-2016,CISSS des Îles,1,9,12.0
2015-2016,CISSS des Îles,2,1,3.0
2015-2016,CISSS des Îles,2,2,1.0
2015-2016,CISSS des Îles,2,3,2.0
2015-2016,CISSS des Îles,2,4,1.0
2015-2016,CISSS des Îles,2,5,0.0
2015-2016,CISSS des Îles,2,6,0.0
2015-2016,CISSS des Îles,2,7,0.0
2015-2016,CISSS des Îles,2,8,0.0
2015-2016,CISSS des Îles,2,9,7.0
2015-2016,CISSS des Îles,3,1,5.0
2015-2016,CISSS des Îles,3,2,1.0
2015-2016,CISSS des Îles,3,3,2.0
2015-2016,CISSS des Îles,3,4,3.0
2015-2016,CISSS des Îles,3,5,1.0
2015-2016,CISSS des Îles,3,6,5.0
2015-2016,CISSS des Îles,3,7,2.0
2015-2016,CISSS des Îles,3,8,0.0
2015-2016,CISSS des Îles,3,9,19.0
2015-2016,CISSS des Îles,4,1,3.0
2015-2016,CISSS des Îles,4,2,0.0
2015-2016,CISSS des Îles,4,3,0.0
2015-2016,CISSS des Îles,4,4,2.0
2015-2016,CISSS des Îles,4,5,0.0
2015-2016,CISSS des Îles,4,6,3.0
2015-2016,CISSS des Îles,4,7,0.0
2015-2016,CISSS des Îles,4,8,0.0
2015-2016,CISSS des Îles,4,9,8.0
2015-2016,CISSS des Îles,5,1,2.0
2015-2016,CISSS des Îles,5,2,1.0
2015-2016,CISSS des Îles,5,3,2.0
2015-2016,CISSS des Îles,5,4,1.0
2015-2016,CISSS des Îles,5,5,0.0
2015-2016,CISSS des Îles,5,6,0.0
2015-2016,CISSS des Îles,5,7,0.0
2015-2016,CISSS des Îles,5,8,0.0
2015-2016,CISSS des Îles,5,9,6.0
2015-2016,CISSS des Îles,6,1,5.0
2015-2016,CISSS des Îles,6,2,1.0
2015-2016,CISSS des Îles,6,3,2.0
2015-2016,CISSS des Îles,6,4,3.0
2015-2016,CISSS des Îles,6,5,0.0
2015-2016,CISSS des Îles,6,6,3.0
2015-2016,CISSS des Îles,6,7,0.0
2015-2016,CISSS des Îles,6,8,0.0
2015-2016,CISSS des Îles,6,9,14.0
2015-2016,CISSS des Îles,7,1,0.0
2015-2016,CISSS des Îles,7,2,0.0
2015-2016,CISSS des Îles,7,3,0.0
2015-2016,CISSS des Îles,7,4,0.0
2015-2016,CISSS des Îles,7,5,1.0
2015-2016,CISSS des Îles,7,6,3.0
2015-2016,CISSS des Îles,7,7,0.0
2015-2016,CISSS des Îles,7,8,0.0
2015-2016,CISSS des Îles,7,9,4.0
2015-2016,CISSS des Îles,8,1,0.0
2015-2016,CISSS des Îles,8,2,0.0
2015-2016,CISSS des Îles,8,3,1.0
2015-2016,CISSS des Îles,8,4,2.0
2015-2016,CISSS des Îles,8,5,0.0
2015-2016,CISSS des Îles,8,6,0.0
2015-2016,CISSS des Îles,8,7,0.0
2015-2016,CISSS des Îles,8,8,0.0
2015-2016,CISSS des Îles,8,9,3.0
2015-2016,CISSS des Îles,9,1,0.0
2015-2016,CISSS des Îles,9,2,0.0
2015-2016,CISSS des Îles,9,3,1.0
2015-2016,CISSS des Îles,9,4,2.0
2015-2016,CISSS des Îles,9,5,1.0
2015-2016,CISSS des Îles,9,6,3.0
2015-2016,CISSS des Îles,9,7,0.0
2015-2016,CISSS des Îles,9,8,0.0
2015-2016,CISSS des Îles,9,9,7.0
2015-2016,CPR de la Côte-Nord,1,1,10.0
2015-2016,CPR de la Côte-Nord,1,2,7.0
2015-2016,CPR de la Côte-Nord,1,3,8.0
2015-2016,CPR de la Côte-Nord,1,4,5.0
2015-2016,CPR de la Côte-Nord,1,5,3.0
2015-2016,CPR de la Côte-Nord,1,6,5.0
2015-2016,CPR de la Côte-Nord,1,9,38.0
2015-2016,CPR de la Côte-Nord,2,1,12.0
2015-2016,CPR de la Côte-Nord,2,2,8.0
2015-2016,CPR de la Côte-Nord,2,3,5.0
2015-2016,CPR de la Côte-Nord,2,5,1.0
2015-2016,CPR de la Côte-Nord,2,9,26.0
2015-2016,CPR de la Côte-Nord,3,1,22.0
2015-2016,CPR de la Côte-Nord,3,2,15.0
2015-2016,CPR de la Côte-Nord,3,3,13.0
2015-2016,CPR de la Côte-Nord,3,4,5.0
2015-2016,CPR de la Côte-Nord,3,5,4.0
2015-2016,CPR de la Côte-Nord,3,6,5.0
2015-2016,CPR de la Côte-Nord,3,9,64.0
2015-2016,CPR de la Côte-Nord,4,1,15.0
2015-2016,CPR de la Côte-Nord,4,2,5.0
2015-2016,CPR de la Côte-Nord,4,3,4.0
2015-2016,CPR de la Côte-Nord,4,4,3.0
2015-2016,CPR de la Côte-Nord,4,5,1.0
2015-2016,CPR de la Côte-Nord,4,6,1.0
2015-2016,CPR de la Côte-Nord,4,9,29.0
2015-2016,CPR de la Côte-Nord,5,1,11.0
2015-2016,CPR de la Côte-Nord,5,2,10.0
2015-2016,CPR de la Côte-Nord,5,3,4.0
2015-2016,CPR de la Côte-Nord,5,5,1.0
2015-2016,CPR de la Côte-Nord,5,9,26.0
2015-2016,CPR de la Côte-Nord,6,1,26.0
2015-2016,CPR de la Côte-Nord,6,2,15.0
2015-2016,CPR de la Côte-Nord,6,3,8.0
2015-2016,CPR de la Côte-Nord,6,4,3.0
2015-2016,CPR de la Côte-Nord,6,5,2.0
2015-2016,CPR de la Côte-Nord,6,6,1.0
2015-2016,CPR de la Côte-Nord,6,9,55.0
2015-2016,CPR de la Côte-Nord,7,1,3.0
2015-2016,CPR de la Côte-Nord,7,2,5.0
2015-2016,CPR de la Côte-Nord,7,3,4.0
2015-2016,CPR de la Côte-Nord,7,4,9.0
2015-2016,CPR de la Côte-Nord,7,5,8.0
2015-2016,CPR de la Côte-Nord,7,6,12.0
2015-2016,CPR de la Côte-Nord,7,7,2.0
2015-2016,CPR de la Côte-Nord,7,9,43.0
2015-2016,CPR de la Côte-Nord,8,1,3.0
2015-2016,CPR de la Côte-Nord,8,2,8.0
2015-2016,CPR de la Côte-Nord,8,3,15.0
2015-2016,CPR de la Côte-Nord,8,4,3.0
2015-2016,CPR de la Côte-Nord,8,5,3.0
2015-2016,CPR de la Côte-Nord,8,9,32.0
2015-2016,CPR de la Côte-Nord,9,1,6.0
2015-2016,CPR de la Côte-Nord,9,2,13.0
2015-2016,CPR de la Côte-Nord,9,3,19.0
2015-2016,CPR de la Côte-Nord,9,4,12.0
2015-2016,CPR de la Côte-Nord,9,5,11.0
2015-2016,CPR de la Côte-Nord,9,6,12.0
2015-2016,CPR de la Côte-Nord,9,7,2.0
2015-2016,CPR de la Côte-Nord,9,9,75.0
2015-2016,CR Estrie Inc.,1,5,3.0
2015-2016,CR Estrie Inc.,1,6,10.0
2015-2016,CR Estrie Inc.,1,9,13.0
2015-2016,CR Estrie Inc.,2,3,1.0
2015-2016,CR Estrie Inc.,2,5,1.0
2015-2016,CR Estrie Inc.,2,9,2.0
2015-2016,CR Estrie Inc.,3,3,1.0
2015-2016,CR Estrie Inc.,3,5,4.0
2015-2016,CR Estrie Inc.,3,6,10.0
2015-2016,CR Estrie Inc.,3,9,15.0
2015-2016,CR Estrie Inc.,4,5,3.0
2015-2016,CR Estrie Inc.,4,6,3.0
2015-2016,CR Estrie Inc.,4,9,6.0
2015-2016,CR Estrie Inc.,6,5,3.0
2015-2016,CR Estrie Inc.,6,6,3.0
2015-2016,CR Estrie Inc.,6,9,6.0
2015-2016,CR Estrie Inc.,7,2,2.0
2015-2016,CR Estrie Inc.,7,3,1.0
2015-2016,CR Estrie Inc.,7,4,2.0
2015-2016,CR Estrie Inc.,7,5,9.0
2015-2016,CR Estrie Inc.,7,6,9.0
2015-2016,CR Estrie Inc.,7,9,23.0
2015-2016,CR Estrie Inc.,8,2,1.0
2015-2016,CR Estrie Inc.,8,3,2.0
2015-2016,CR Estrie Inc.,8,5,1.0
2015-2016,CR Estrie Inc.,8,9,4.0
2015-2016,CR Estrie Inc.,9,2,3.0
2015-2016,CR Estrie Inc.,9,3,3.0
2015-2016,CR Estrie Inc.,9,4,2.0
2015-2016,CR Estrie Inc.,9,5,10.0
2015-2016,CR Estrie Inc.,9,6,9.0
2015-2016,CR Estrie Inc.,9,9,27.0
2015-2016,CR La Maison,1,1,0.0
2015-2016,CR La Maison,1,2,0.0
2015-2016,CR La Maison,1,3,0.0
2015-2016,CR La Maison,1,4,0.0
2015-2016,CR La Maison,1,5,1.0
2015-2016,CR La Maison,1,6,0.0
2015-2016,CR La Maison,1,7,0.0
2015-2016,CR La Maison,1,8,0.0
2015-2016,CR La Maison,1,9,1.0
2015-2016,CR La Maison,2,1,12.0
2015-2016,CR La Maison,2,2,17.0
2015-2016,CR La Maison,2,3,9.0
2015-2016,CR La Maison,2,4,7.0
2015-2016,CR La Maison,2,5,2.0
2015-2016,CR La Maison,2,6,1.0
2015-2016,CR La Maison,2,7,0.0
2015-2016,CR La Maison,2,8,0.0
2015-2016,CR La Maison,2,9,48.0
2015-2016,CR La Maison,3,1,12.0
2015-2016,CR La Maison,3,2,17.0
2015-2016,CR La Maison,3,3,9.0
2015-2016,CR La Maison,3,4,7.0
2015-2016,CR La Maison,3,5,3.0
2015-2016,CR La Maison,3,6,1.0
2015-2016,CR La Maison,3,7,0.0
2015-2016,CR La Maison,3,8,0.0
2015-2016,CR La Maison,3,9,49.0
2015-2016,CR La Maison,5,1,13.0
2015-2016,CR La Maison,5,2,13.0
2015-2016,CR La Maison,5,3,6.0
2015-2016,CR La Maison,5,4,0.0
2015-2016,CR La Maison,5,5,2.0
2015-2016,CR La Maison,5,6,0.0
2015-2016,CR La Maison,5,7,0.0
2015-2016,CR La Maison,5,8,0.0
2015-2016,CR La Maison,5,9,34.0
2015-2016,CR La Maison,6,1,13.0
2015-2016,CR La Maison,6,2,13.0
2015-2016,CR La Maison,6,3,6.0
2015-2016,CR La Maison,6,4,0.0
2015-2016,CR La Maison,6,5,2.0
2015-2016,CR La Maison,6,6,0.0
2015-2016,CR La Maison,6,7,0.0
2015-2016,CR La Maison,6,8,0.0
2015-2016,CR La Maison,6,9,34.0
2015-2016,CR La Maison,8,1,1.0
2015-2016,CR La Maison,8,2,13.0
2015-2016,CR La Maison,8,3,11.0
2015-2016,CR La Maison,8,4,7.0
2015-2016,CR La Maison,8,5,6.0
2015-2016,CR La Maison,8,6,1.0
2015-2016,CR La Maison,8,7,0.0
2015-2016,CR La Maison,8,8,0.0
2015-2016,CR La Maison,8,9,39.0
2015-2016,CR La Maison,9,1,1.0
2015-2016,CR La Maison,9,2,13.0
2015-2016,CR La Maison,9,3,11.0
2015-2016,CR La Maison,9,4,7.0
2015-2016,CR La Maison,9,5,6.0
2015-2016,CR La Maison,9,6,1.0
2015-2016,CR La Maison,9,7,0.0
2015-2016,CR La Maison,9,8,0.0
2015-2016,CR La Maison,9,9,39.0
2015-2016,CR La Myriade,1,1,29.0
2015-2016,CR La Myriade,1,2,23.0
2015-2016,CR La Myriade,1,3,26.0
2015-2016,CR La Myriade,1,4,14.0
2015-2016,CR La Myriade,1,5,28.0
2015-2016,CR La Myriade,1,6,15.0
2015-2016,CR La Myriade,1,7,0.0
2015-2016,CR La Myriade,1,8,0.0
2015-2016,CR La Myriade,1,9,135.0
2015-2016,CR La Myriade,2,1,66.0
2015-2016,CR La Myriade,2,2,94.0
2015-2016,CR La Myriade,2,3,52.0
2015-2016,CR La Myriade,2,4,13.0
2015-2016,CR La Myriade,2,5,6.0
2015-2016,CR La Myriade,2,6,3.0
2015-2016,CR La Myriade,2,7,0.0
2015-2016,CR La Myriade,2,8,0.0
2015-2016,CR La Myriade,2,9,234.0
2015-2016,CR La Myriade,3,1,95.0
2015-2016,CR La Myriade,3,2,117.0
2015-2016,CR La Myriade,3,3,78.0
2015-2016,CR La Myriade,3,4,27.0
2015-2016,CR La Myriade,3,5,34.0
2015-2016,CR La Myriade,3,6,18.0
2015-2016,CR La Myriade,3,7,0.0
2015-2016,CR La Myriade,3,8,0.0
2015-2016,CR La Myriade,3,9,369.0
2015-2016,CR La Myriade,4,1,24.0
2015-2016,CR La Myriade,4,2,10.0
2015-2016,CR La Myriade,4,3,17.0
2015-2016,CR La Myriade,4,4,4.0
2015-2016,CR La Myriade,4,5,9.0
2015-2016,CR La Myriade,4,6,5.0
2015-2016,CR La Myriade,4,7,0.0
2015-2016,CR La Myriade,4,8,0.0
2015-2016,CR La Myriade,4,9,69.0
2015-2016,CR La Myriade,5,1,64.0
2015-2016,CR La Myriade,5,2,115.0
2015-2016,CR La Myriade,5,3,42.0
2015-2016,CR La Myriade,5,4,14.0
2015-2016,CR La Myriade,5,5,5.0
2015-2016,CR La Myriade,5,6,0.0
2015-2016,CR La Myriade,5,7,0.0
2015-2016,CR La Myriade,5,8,0.0
2015-2016,CR La Myriade,5,9,240.0
2015-2016,CR La Myriade,6,1,88.0
2015-2016,CR La Myriade,6,2,125.0
2015-2016,CR La Myriade,6,3,59.0
2015-2016,CR La Myriade,6,4,18.0
2015-2016,CR La Myriade,6,5,14.0
2015-2016,CR La Myriade,6,6,5.0
2015-2016,CR La Myriade,6,7,0.0
2015-2016,CR La Myriade,6,8,0.0
2015-2016,CR La Myriade,6,9,309.0
2015-2016,CR La Myriade,7,1,7.0
2015-2016,CR La Myriade,7,2,31.0
2015-2016,CR La Myriade,7,3,21.0
2015-2016,CR La Myriade,7,4,19.0
2015-2016,CR La Myriade,7,5,33.0
2015-2016,CR La Myriade,7,6,12.0
2015-2016,CR La Myriade,7,7,3.0
2015-2016,CR La Myriade,7,8,1.0
2015-2016,CR La Myriade,7,9,127.0
2015-2016,CR La Myriade,8,1,38.0
2015-2016,CR La Myriade,8,2,175.0
2015-2016,CR La Myriade,8,3,73.0
2015-2016,CR La Myriade,8,4,29.0
2015-2016,CR La Myriade,8,5,6.0
2015-2016,CR La Myriade,8,6,1.0
2015-2016,CR La Myriade,8,7,0.0
2015-2016,CR La Myriade,8,8,0.0
2015-2016,CR La Myriade,8,9,322.0
2015-2016,CR La Myriade,9,1,45.0
2015-2016,CR La Myriade,9,2,206.0
2015-2016,CR La Myriade,9,3,94.0
2015-2016,CR La Myriade,9,4,48.0
2015-2016,CR La Myriade,9,5,39.0
2015-2016,CR La Myriade,9,6,13.0
2015-2016,CR La Myriade,9,7,3.0
2015-2016,CR La Myriade,9,8,1.0
2015-2016,CR La Myriade,9,9,449.0
2015-2016,CR de l'Ouest de Montréal,1,1,44.0
2015-2016,CR de l'Ouest de Montréal,1,2,17.0
2015-2016,CR de l'Ouest de Montréal,1,3,20.0
2015-2016,CR de l'Ouest de Montréal,1,4,11.0
2015-2016,CR de l'Ouest de Montréal,1,5,15.0
2015-2016,CR de l'Ouest de Montréal,1,6,8.0
2015-2016,CR de l'Ouest de Montréal,1,7,1.0
2015-2016,CR de l'Ouest de Montréal,1,8,0.0
2015-2016,CR de l'Ouest de Montréal,1,9,116.0
2015-2016,CR de l'Ouest de Montréal,2,1,105.0
2015-2016,CR de l'Ouest de Montréal,2,2,47.0
2015-2016,CR de l'Ouest de Montréal,2,3,20.0
2015-2016,CR de l'Ouest de Montréal,2,4,5.0
2015-2016,CR de l'Ouest de Montréal,2,5,10.0
2015-2016,CR de l'Ouest de Montréal,2,6,2.0
2015-2016,CR de l'Ouest de Montréal,2,7,0.0
2015-2016,CR de l'Ouest de Montréal,2,8,0.0
2015-2016,CR de l'Ouest de Montréal,2,9,189.0
2015-2016,CR de l'Ouest de Montréal,3,1,149.0
2015-2016,CR de l'Ouest de Montréal,3,2,64.0
2015-2016,CR de l'Ouest de Montréal,3,3,40.0
2015-2016,CR de l'Ouest de Montréal,3,4,16.0
2015-2016,CR de l'Ouest de Montréal,3,5,25.0
2015-2016,CR de l'Ouest de Montréal,3,6,10.0
2015-2016,CR de l'Ouest de Montréal,3,7,1.0
2015-2016,CR de l'Ouest de Montréal,3,8,0.0
2015-2016,CR de l'Ouest de Montréal,3,9,305.0
2015-2016,CR de l'Ouest de Montréal,4,1,36.0
2015-2016,CR de l'Ouest de Montréal,4,2,10.0
2015-2016,CR de l'Ouest de Montréal,4,3,14.0
2015-2016,CR de l'Ouest de Montréal,4,4,11.0
2015-2016,CR de l'Ouest de Montréal,4,5,9.0
2015-2016,CR de l'Ouest de Montréal,4,6,1.0
2015-2016,CR de l'Ouest de Montréal,4,7,0.0
2015-2016,CR de l'Ouest de Montréal,4,8,0.0
2015-2016,CR de l'Ouest de Montréal,4,9,81.0
2015-2016,CR de l'Ouest de Montréal,5,1,37.0
2015-2016,CR de l'Ouest de Montréal,5,2,35.0
2015-2016,CR de l'Ouest de Montréal,5,3,15.0
2015-2016,CR de l'Ouest de Montréal,5,4,2.0
2015-2016,CR de l'Ouest de Montréal,5,5,3.0
2015-2016,CR de l'Ouest de Montréal,5,6,1.0
2015-2016,CR de l'Ouest de Montréal,5,7,0.0
2015-2016,CR de l'Ouest de Montréal,5,8,0.0
2015-2016,CR de l'Ouest de Montréal,5,9,93.0
2015-2016,CR de l'Ouest de Montréal,6,1,73.0
2015-2016,CR de l'Ouest de Montréal,6,2,45.0
2015-2016,CR de l'Ouest de Montréal,6,3,29.0
2015-2016,CR de l'Ouest de Montréal,6,4,13.0
2015-2016,CR de l'Ouest de Montréal,6,5,12.0
2015-2016,CR de l'Ouest de Montréal,6,6,2.0
2015-2016,CR de l'Ouest de Montréal,6,7,0.0
2015-2016,CR de l'Ouest de Montréal,6,8,0.0
2015-2016,CR de l'Ouest de Montréal,6,9,174.0
2015-2016,CR de l'Ouest de Montréal,7,1,10.0
2015-2016,CR de l'Ouest de Montréal,7,2,18.0
2015-2016,CR de l'Ouest de Montréal,7,3,11.0
2015-2016,CR de l'Ouest de Montréal,7,4,6.0
2015-2016,CR de l'Ouest de Montréal,7,5,26.0
2015-2016,CR de l'Ouest de Montréal,7,6,24.0
2015-2016,CR de l'Ouest de Montréal,7,7,14.0
2015-2016,CR de l'Ouest de Montréal,7,8,2.0
2015-2016,CR de l'Ouest de Montréal,7,9,111.0
2015-2016,CR de l'Ouest de Montréal,8,1,9.0
2015-2016,CR de l'Ouest de Montréal,8,2,18.0
2015-2016,CR de l'Ouest de Montréal,8,3,4.0
2015-2016,CR de l'Ouest de Montréal,8,4,3.0
2015-2016,CR de l'Ouest de Montréal,8,5,7.0
2015-2016,CR de l'Ouest de Montréal,8,6,1.0
2015-2016,CR de l'Ouest de Montréal,8,7,0.0
2015-2016,CR de l'Ouest de Montréal,8,8,0.0
2015-2016,CR de l'Ouest de Montréal,8,9,42.0
2015-2016,CR de l'Ouest de Montréal,9,1,19.0
2015-2016,CR de l'Ouest de Montréal,9,2,36.0
2015-2016,CR de l'Ouest de Montréal,9,3,15.0
2015-2016,CR de l'Ouest de Montréal,9,4,9.0
2015-2016,CR de l'Ouest de Montréal,9,5,33.0
2015-2016,CR de l'Ouest de Montréal,9,6,25.0
2015-2016,CR de l'Ouest de Montréal,9,7,14.0
2015-2016,CR de l'Ouest de Montréal,9,8,2.0
2015-2016,CR de l'Ouest de Montréal,9,9,153.0
2015-2016,CR de la Gaspésie,1,1,1.0
2015-2016,CR de la Gaspésie,1,2,0.0
2015-2016,CR de la Gaspésie,1,3,6.0
2015-2016,CR de la Gaspésie,1,4,2.0
2015-2016,CR de la Gaspésie,1,5,5.0
2015-2016,CR de la Gaspésie,1,6,1.0
2015-2016,CR de la Gaspésie,1,7,1.0
2015-2016,CR de la Gaspésie,1,8,0.0
2015-2016,CR de la Gaspésie,1,9,16.0
2015-2016,CR de la Gaspésie,2,1,20.0
2015-2016,CR de la Gaspésie,2,2,25.0
2015-2016,CR de la Gaspésie,2,3,7.0
2015-2016,CR de la Gaspésie,2,4,2.0
2015-2016,CR de la Gaspésie,2,5,2.0
2015-2016,CR de la Gaspésie,2,6,1.0
2015-2016,CR de la Gaspésie,2,7,0.0
2015-2016,CR de la Gaspésie,2,8,0.0
2015-2016,CR de la Gaspésie,2,9,57.0
2015-2016,CR de la Gaspésie,3,1,21.0
2015-2016,CR de la Gaspésie,3,2,25.0
2015-2016,CR de la Gaspésie,3,3,13.0
2015-2016,CR de la Gaspésie,3,4,4.0
2015-2016,CR de la Gaspésie,3,5,7.0
2015-2016,CR de la Gaspésie,3,6,2.0
2015-2016,CR de la Gaspésie,3,7,1.0
2015-2016,CR de la Gaspésie,3,8,0.0
2015-2016,CR de la Gaspésie,3,9,73.0
2015-2016,CR de la Gaspésie,4,1,2.0
2015-2016,CR de la Gaspésie,4,2,4.0
2015-2016,CR de la Gaspésie,4,3,3.0
2015-2016,CR de la Gaspésie,4,4,3.0
2015-2016,CR de la Gaspésie,4,5,4.0
2015-2016,CR de la Gaspésie,4,6,3.0
2015-2016,CR de la Gaspésie,4,7,0.0
2015-2016,CR de la Gaspésie,4,8,0.0
2015-2016,CR de la Gaspésie,4,9,19.0
2015-2016,CR de la Gaspésie,5,1,15.0
2015-2016,CR de la Gaspésie,5,2,14.0
2015-2016,CR de la Gaspésie,5,3,9.0
2015-2016,CR de la Gaspésie,5,4,2.0
2015-2016,CR de la Gaspésie,5,5,1.0
2015-2016,CR de la Gaspésie,5,6,1.0
2015-2016,CR de la Gaspésie,5,7,0.0
2015-2016,CR de la Gaspésie,5,8,0.0
2015-2016,CR de la Gaspésie,5,9,42.0
2015-2016,CR de la Gaspésie,6,1,17.0
2015-2016,CR de la Gaspésie,6,2,18.0
2015-2016,CR de la Gaspésie,6,3,12.0
2015-2016,CR de la Gaspésie,6,4,5.0
2015-2016,CR de la Gaspésie,6,5,5.0
2015-2016,CR de la Gaspésie,6,6,4.0
2015-2016,CR de la Gaspésie,6,7,0.0
2015-2016,CR de la Gaspésie,6,8,0.0
2015-2016,CR de la Gaspésie,6,9,61.0
2015-2016,CR de la Gaspésie,7,1,0.0
2015-2016,CR de la Gaspésie,7,2,3.0
2015-2016,CR de la Gaspésie,7,3,4.0
2015-2016,CR de la Gaspésie,7,4,3.0
2015-2016,CR de la Gaspésie,7,5,9.0
2015-2016,CR de la Gaspésie,7,6,8.0
2015-2016,CR de la Gaspésie,7,7,7.0
2015-2016,CR de la Gaspésie,7,8,0.0
2015-2016,CR de la Gaspésie,7,9,34.0
2015-2016,CR de la Gaspésie,8,1,2.0
2015-2016,CR de la Gaspésie,8,2,12.0
2015-2016,CR de la Gaspésie,8,3,4.0
2015-2016,CR de la Gaspésie,8,4,1.0
2015-2016,CR de la Gaspésie,8,5,4.0
2015-2016,CR de la Gaspésie,8,6,0.0
2015-2016,CR de la Gaspésie,8,7,0.0
2015-2016,CR de la Gaspésie,8,8,0.0
2015-2016,CR de la Gaspésie,8,9,23.0
2015-2016,CR de la Gaspésie,9,1,2.0
2015-2016,CR de la Gaspésie,9,2,15.0
2015-2016,CR de la Gaspésie,9,3,8.0
2015-2016,CR de la Gaspésie,9,4,4.0
2015-2016,CR de la Gaspésie,9,5,13.0
2015-2016,CR de la Gaspésie,9,6,8.0
2015-2016,CR de la Gaspésie,9,7,7.0
2015-2016,CR de la Gaspésie,9,8,0.0
2015-2016,CR de la Gaspésie,9,9,57.0
2015-2016,CRDI de Québec,1,1,27.0
2015-2016,CRDI de Québec,1,2,18.0
2015-2016,CRDI de Québec,1,3,32.0
2015-2016,CRDI de Québec,1,4,27.0
2015-2016,CRDI de Québec,1,5,43.0
2015-2016,CRDI de Québec,1,6,25.0
2015-2016,CRDI de Québec,1,7,1.0
2015-2016,CRDI de Québec,1,8,1.0
2015-2016,CRDI de Québec,1,9,174.0
2015-2016,CRDI de Québec,2,1,54.0
2015-2016,CRDI de Québec,2,2,134.0
2015-2016,CRDI de Québec,2,3,72.0
2015-2016,CRDI de Québec,2,4,19.0
2015-2016,CRDI de Québec,2,5,18.0
2015-2016,CRDI de Québec,2,6,2.0
2015-2016,CRDI de Québec,2,7,1.0
2015-2016,CRDI de Québec,2,8,0.0
2015-2016,CRDI de Québec,2,9,300.0
2015-2016,CRDI de Québec,3,1,81.0
2015-2016,CRDI de Québec,3,2,152.0
2015-2016,CRDI de Québec,3,3,104.0
2015-2016,CRDI de Québec,3,4,46.0
2015-2016,CRDI de Québec,3,5,61.0
2015-2016,CRDI de Québec,3,6,27.0
2015-2016,CRDI de Québec,3,7,2.0
2015-2016,CRDI de Québec,3,8,1.0
2015-2016,CRDI de Québec,3,9,474.0
2015-2016,CRDI de Québec,4,1,30.0
2015-2016,CRDI de Québec,4,2,16.0
2015-2016,CRDI de Québec,4,3,19.0
2015-2016,CRDI de Québec,4,4,13.0
2015-2016,CRDI de Québec,4,5,14.0
2015-2016,CRDI de Québec,4,6,8.0
2015-2016,CRDI de Québec,4,7,1.0
2015-2016,CRDI de Québec,4,8,0.0
2015-2016,CRDI de Québec,4,9,101.0
2015-2016,CRDI de Québec,5,1,52.0
2015-2016,CRDI de Québec,5,2,177.0
2015-2016,CRDI de Québec,5,3,77.0
2015-2016,CRDI de Québec,5,4,15.0
2015-2016,CRDI de Québec,5,5,5.0
2015-2016,CRDI de Québec,5,6,3.0
2015-2016,CRDI de Québec,5,7,1.0
2015-2016,CRDI de Québec,5,8,0.0
2015-2016,CRDI de Québec,5,9,330.0
2015-2016,CRDI de Québec,6,1,82.0
2015-2016,CRDI de Québec,6,2,193.0
2015-2016,CRDI de Québec,6,3,96.0
2015-2016,CRDI de Québec,6,4,28.0
2015-2016,CRDI de Québec,6,5,19.0
2015-2016,CRDI de Québec,6,6,11.0
2015-2016,CRDI de Québec,6,7,2.0
2015-2016,CRDI de Québec,6,8,0.0
2015-2016,CRDI de Québec,6,9,431.0
2015-2016,CRDI de Québec,7,1,4.0
2015-2016,CRDI de Québec,7,2,25.0
2015-2016,CRDI de Québec,7,3,13.0
2015-2016,CRDI de Québec,7,4,11.0
2015-2016,CRDI de Québec,7,5,33.0
2015-2016,CRDI de Québec,7,6,35.0
2015-2016,CRDI de Québec,7,7,10.0
2015-2016,CRDI de Québec,7,8,4.0
2015-2016,CRDI de Québec,7,9,135.0
2015-2016,CRDI de Québec,8,1,8.0
2015-2016,CRDI de Québec,8,2,76.0
2015-2016,CRDI de Québec,8,3,40.0
2015-2016,CRDI de Québec,8,4,17.0
2015-2016,CRDI de Québec,8,5,25.0
2015-2016,CRDI de Québec,8,6,1.0
2015-2016,CRDI de Québec,8,7,0.0
2015-2016,CRDI de Québec,8,8,0.0
2015-2016,CRDI de Québec,8,9,167.0
2015-2016,CRDI de Québec,9,1,12.0
2015-2016,CRDI de Québec,9,2,101.0
2015-2016,CRDI de Québec,9,3,53.0
2015-2016,CRDI de Québec,9,4,28.0
2015-2016,CRDI de Québec,9,5,58.0
2015-2016,CRDI de Québec,9,6,36.0
2015-2016,CRDI de Québec,9,7,10.0
2015-2016,CRDI de Québec,9,8,4.0
2015-2016,CRDI de Québec,9,9,302.0
2015-2016,CRDITED Chaudière-Appalaches,1,1,35.0
2015-2016,CRDITED Chaudière-Appalaches,1,2,15.0
2015-2016,CRDITED Chaudière-Appalaches,1,3,16.0
2015-2016,CRDITED Chaudière-Appalaches,1,4,24.0
2015-2016,CRDITED Chaudière-Appalaches,1,5,17.0
2015-2016,CRDITED Chaudière-Appalaches,1,6,5.0
2015-2016,CRDITED Chaudière-Appalaches,1,7,4.0
2015-2016,CRDITED Chaudière-Appalaches,1,8,0.0
2015-2016,CRDITED Chaudière-Appalaches,1,9,116.0
2015-2016,CRDITED Chaudière-Appalaches,2,1,40.0
2015-2016,CRDITED Chaudière-Appalaches,2,2,68.0
2015-2016,CRDITED Chaudière-Appalaches,2,3,26.0
2015-2016,CRDITED Chaudière-Appalaches,2,4,10.0
2015-2016,CRDITED Chaudière-Appalaches,2,5,7.0
2015-2016,CRDITED Chaudière-Appalaches,2,6,2.0
2015-2016,CRDITED Chaudière-Appalaches,2,7,0.0
2015-2016,CRDITED Chaudière-Appalaches,2,8,0.0
2015-2016,CRDITED Chaudière-Appalaches,2,9,153.0
2015-2016,CRDITED Chaudière-Appalaches,3,1,75.0
2015-2016,CRDITED Chaudière-Appalaches,3,2,83.0
2015-2016,CRDITED Chaudière-Appalaches,3,3,42.0
2015-2016,CRDITED Chaudière-Appalaches,3,4,34.0
2015-2016,CRDITED Chaudière-Appalaches,3,5,24.0
2015-2016,CRDITED Chaudière-Appalaches,3,6,7.0
2015-2016,CRDITED Chaudière-Appalaches,3,7,4.0
2015-2016,CRDITED Chaudière-Appalaches,3,8,0.0
2015-2016,CRDITED Chaudière-Appalaches,3,9,269.0
2015-2016,CRDITED Chaudière-Appalaches,4,1,33.0
2015-2016,CRDITED Chaudière-Appalaches,4,2,9.0
2015-2016,CRDITED Chaudière-Appalaches,4,3,9.0
2015-2016,CRDITED Chaudière-Appalaches,4,4,21.0
2015-2016,CRDITED Chaudière-Appalaches,4,5,14.0
2015-2016,CRDITED Chaudière-Appalaches,4,6,7.0
2015-2016,CRDITED Chaudière-Appalaches,4,7,2.0
2015-2016,CRDITED Chaudière-Appalaches,4,8,0.0
2015-2016,CRDITED Chaudière-Appalaches,4,9,95.0
2015-2016,CRDITED Chaudière-Appalaches,5,1,38.0
2015-2016,CRDITED Chaudière-Appalaches,5,2,56.0
2015-2016,CRDITED Chaudière-Appalaches,5,3,25.0
2015-2016,CRDITED Chaudière-Appalaches,5,4,9.0
2015-2016,CRDITED Chaudière-Appalaches,5,5,9.0
2015-2016,CRDITED Chaudière-Appalaches,5,6,1.0
2015-2016,CRDITED Chaudière-Appalaches,5,7,0.0
2015-2016,CRDITED Chaudière-Appalaches,5,8,0.0
2015-2016,CRDITED Chaudière-Appalaches,5,9,138.0
2015-2016,CRDITED Chaudière-Appalaches,6,1,71.0
2015-2016,CRDITED Chaudière-Appalaches,6,2,65.0
2015-2016,CRDITED Chaudière-Appalaches,6,3,34.0
2015-2016,CRDITED Chaudière-Appalaches,6,4,30.0
2015-2016,CRDITED Chaudière-Appalaches,6,5,23.0
2015-2016,CRDITED Chaudière-Appalaches,6,6,8.0
2015-2016,CRDITED Chaudière-Appalaches,6,7,2.0
2015-2016,CRDITED Chaudière-Appalaches,6,8,0.0
2015-2016,CRDITED Chaudière-Appalaches,6,9,233.0
2015-2016,CRDITED Chaudière-Appalaches,7,1,3.0
2015-2016,CRDITED Chaudière-Appalaches,7,2,32.0
2015-2016,CRDITED Chaudière-Appalaches,7,3,11.0
2015-2016,CRDITED Chaudière-Appalaches,7,4,8.0
2015-2016,CRDITED Chaudière-Appalaches,7,5,33.0
2015-2016,CRDITED Chaudière-Appalaches,7,6,56.0
2015-2016,CRDITED Chaudière-Appalaches,7,7,13.0
2015-2016,CRDITED Chaudière-Appalaches,7,8,2.0
2015-2016,CRDITED Chaudière-Appalaches,7,9,158.0
2015-2016,CRDITED Chaudière-Appalaches,8,1,4.0
2015-2016,CRDITED Chaudière-Appalaches,8,2,70.0
2015-2016,CRDITED Chaudière-Appalaches,8,3,31.0
2015-2016,CRDITED Chaudière-Appalaches,8,4,10.0
2015-2016,CRDITED Chaudière-Appalaches,8,5,10.0
2015-2016,CRDITED Chaudière-Appalaches,8,6,1.0
2015-2016,CRDITED Chaudière-Appalaches,8,7,0.0
2015-2016,CRDITED Chaudière-Appalaches,8,8,0.0
2015-2016,CRDITED Chaudière-Appalaches,8,9,126.0
2015-2016,CRDITED Chaudière-Appalaches,9,1,7.0
2015-2016,CRDITED Chaudière-Appalaches,9,2,102.0
2015-2016,CRDITED Chaudière-Appalaches,9,3,42.0
2015-2016,CRDITED Chaudière-Appalaches,9,4,18.0
2015-2016,CRDITED Chaudière-Appalaches,9,5,43.0
2015-2016,CRDITED Chaudière-Appalaches,9,6,57.0
2015-2016,CRDITED Chaudière-Appalaches,9,7,13.0
2015-2016,CRDITED Chaudière-Appalaches,9,8,2.0
2015-2016,CRDITED Chaudière-Appalaches,9,9,284.0
2015-2016,CRDITED Mauricie et Centre-du-Québec,1,1,38.0
2015-2016,CRDITED Mauricie et Centre-du-Québec,1,2,17.0
2015-2016,CRDITED Mauricie et Centre-du-Québec,1,3,22.0
2015-2016,CRDITED Mauricie et Centre-du-Québec,1,4,22.0
2015-2016,CRDITED Mauricie et Centre-du-Québec,1,5,30.0
2015-2016,CRDITED Mauricie et Centre-du-Québec,1,6,15.0
2015-2016,CRDITED Mauricie et Centre-du-Québec,1,7,4.0
2015-2016,CRDITED Mauricie et Centre-du-Québec,1,9,148.0
2015-2016,CRDITED Mauricie et Centre-du-Québec,2,1,58.0
2015-2016,CRDITED Mauricie et Centre-du-Québec,2,2,101.0
2015-2016,CRDITED Mauricie et Centre-du-Québec,2,3,41.0
2015-2016,CRDITED Mauricie et Centre-du-Québec,2,4,10.0
2015-2016,CRDITED Mauricie et Centre-du-Québec,2,5,12.0
2015-2016,CRDITED Mauricie et Centre-du-Québec,2,6,3.0
2015-2016,CRDITED Mauricie et Centre-du-Québec,2,9,225.0
2015-2016,CRDITED Mauricie et Centre-du-Québec,3,1,96.0
2015-2016,CRDITED Mauricie et Centre-du-Québec,3,2,118.0
2015-2016,CRDITED Mauricie et Centre-du-Québec,3,3,63.0
2015-2016,CRDITED Mauricie et Centre-du-Québec,3,4,32.0
2015-2016,CRDITED Mauricie et Centre-du-Québec,3,5,42.0
2015-2016,CRDITED Mauricie et Centre-du-Québec,3,6,18.0
2015-2016,CRDITED Mauricie et Centre-du-Québec,3,7,4.0
2015-2016,CRDITED Mauricie et Centre-du-Québec,3,9,373.0
2015-2016,CRDITED Mauricie et Centre-du-Québec,4,1,34.0
2015-2016,CRDITED Mauricie et Centre-du-Québec,4,2,13.0
2015-2016,CRDITED Mauricie et Centre-du-Québec,4,3,14.0
2015-2016,CRDITED Mauricie et Centre-du-Québec,4,4,25.0
2015-2016,CRDITED Mauricie et Centre-du-Québec,4,5,25.0
2015-2016,CRDITED Mauricie et Centre-du-Québec,4,6,12.0
2015-2016,CRDITED Mauricie et Centre-du-Québec,4,7,1.0
2015-2016,CRDITED Mauricie et Centre-du-Québec,4,9,124.0
2015-2016,CRDITED Mauricie et Centre-du-Québec,5,1,46.0
2015-2016,CRDITED Mauricie et Centre-du-Québec,5,2,69.0
2015-2016,CRDITED Mauricie et Centre-du-Québec,5,3,29.0
2015-2016,CRDITED Mauricie et Centre-du-Québec,5,4,16.0
2015-2016,CRDITED Mauricie et Centre-du-Québec,5,5,12.0
2015-2016,CRDITED Mauricie et Centre-du-Québec,5,6,1.0
2015-2016,CRDITED Mauricie et Centre-du-Québec,5,9,173.0
2015-2016,CRDITED Mauricie et Centre-du-Québec,6,1,80.0
2015-2016,CRDITED Mauricie et Centre-du-Québec,6,2,82.0
2015-2016,CRDITED Mauricie et Centre-du-Québec,6,3,43.0
2015-2016,CRDITED Mauricie et Centre-du-Québec,6,4,41.0
2015-2016,CRDITED Mauricie et Centre-du-Québec,6,5,37.0
2015-2016,CRDITED Mauricie et Centre-du-Québec,6,6,13.0
2015-2016,CRDITED Mauricie et Centre-du-Québec,6,7,1.0
2015-2016,CRDITED Mauricie et Centre-du-Québec,6,9,297.0
2015-2016,CRDITED Mauricie et Centre-du-Québec,7,1,10.0
2015-2016,CRDITED Mauricie et Centre-du-Québec,7,2,21.0
2015-2016,CRDITED Mauricie et Centre-du-Québec,7,3,20.0
2015-2016,CRDITED Mauricie et Centre-du-Québec,7,4,15.0
2015-2016,CRDITED Mauricie et Centre-du-Québec,7,5,24.0
2015-2016,CRDITED Mauricie et Centre-du-Québec,7,6,30.0
2015-2016,CRDITED Mauricie et Centre-du-Québec,7,7,12.0
2015-2016,CRDITED Mauricie et Centre-du-Québec,7,8,8.0
2015-2016,CRDITED Mauricie et Centre-du-Québec,7,9,140.0
2015-2016,CRDITED Mauricie et Centre-du-Québec,8,1,10.0
2015-2016,CRDITED Mauricie et Centre-du-Québec,8,2,89.0
2015-2016,CRDITED Mauricie et Centre-du-Québec,8,3,56.0
2015-2016,CRDITED Mauricie et Centre-du-Québec,8,4,25.0
2015-2016,CRDITED Mauricie et Centre-du-Québec,8,5,15.0
2015-2016,CRDITED Mauricie et Centre-du-Québec,8,6,2.0
2015-2016,CRDITED Mauricie et Centre-du-Québec,8,9,197.0
2015-2016,CRDITED Mauricie et Centre-du-Québec,9,1,20.0
2015-2016,CRDITED Mauricie et Centre-du-Québec,9,2,110.0
2015-2016,CRDITED Mauricie et Centre-du-Québec,9,3,76.0
2015-2016,CRDITED Mauricie et Centre-du-Québec,9,4,40.0
2015-2016,CRDITED Mauricie et Centre-du-Québec,9,5,39.0
2015-2016,CRDITED Mauricie et Centre-du-Québec,9,6,32.0
2015-2016,CRDITED Mauricie et Centre-du-Québec,9,7,12.0
2015-2016,CRDITED Mauricie et Centre-du-Québec,9,8,8.0
2015-2016,CRDITED Mauricie et Centre-du-Québec,9,9,337.0
2015-2016,CRDITED de Laval,1,1,19.0
2015-2016,CRDITED de Laval,1,2,10.0
2015-2016,CRDITED de Laval,1,3,14.0
2015-2016,CRDITED de Laval,1,4,12.0
2015-2016,CRDITED de Laval,1,5,17.0
2015-2016,CRDITED de Laval,1,6,7.0
2015-2016,CRDITED de Laval,1,7,1.0
2015-2016,CRDITED de Laval,1,8,0.0
2015-2016,CRDITED de Laval,1,9,80.0
2015-2016,CRDITED de Laval,2,1,85.0
2015-2016,CRDITED de Laval,2,2,83.0
2015-2016,CRDITED de Laval,2,3,29.0
2015-2016,CRDITED de Laval,2,4,12.0
2015-2016,CRDITED de Laval,2,5,9.0
2015-2016,CRDITED de Laval,2,6,0.0
2015-2016,CRDITED de Laval,2,7,0.0
2015-2016,CRDITED de Laval,2,8,0.0
2015-2016,CRDITED de Laval,2,9,218.0
2015-2016,CRDITED de Laval,3,1,104.0
2015-2016,CRDITED de Laval,3,2,93.0
2015-2016,CRDITED de Laval,3,3,43.0
2015-2016,CRDITED de Laval,3,4,24.0
2015-2016,CRDITED de Laval,3,5,26.0
2015-2016,CRDITED de Laval,3,6,7.0
2015-2016,CRDITED de Laval,3,7,1.0
2015-2016,CRDITED de Laval,3,8,0.0
2015-2016,CRDITED de Laval,3,9,298.0
2015-2016,CRDITED de Laval,4,1,23.0
2015-2016,CRDITED de Laval,4,2,9.0
2015-2016,CRDITED de Laval,4,3,12.0
2015-2016,CRDITED de Laval,4,4,7.0
2015-2016,CRDITED de Laval,4,5,20.0
2015-2016,CRDITED de Laval,4,6,7.0
2015-2016,CRDITED de Laval,4,7,0.0
2015-2016,CRDITED de Laval,4,8,0.0
2015-2016,CRDITED de Laval,4,9,78.0
2015-2016,CRDITED de Laval,5,1,40.0
2015-2016,CRDITED de Laval,5,2,56.0
2015-2016,CRDITED de Laval,5,3,22.0
2015-2016,CRDITED de Laval,5,4,9.0
2015-2016,CRDITED de Laval,5,5,3.0
2015-2016,CRDITED de Laval,5,6,0.0
2015-2016,CRDITED de Laval,5,7,0.0
2015-2016,CRDITED de Laval,5,8,0.0
2015-2016,CRDITED de Laval,5,9,130.0
2015-2016,CRDITED de Laval,6,1,63.0
2015-2016,CRDITED de Laval,6,2,65.0
2015-2016,CRDITED de Laval,6,3,34.0
2015-2016,CRDITED de Laval,6,4,16.0
2015-2016,CRDITED de Laval,6,5,23.0
2015-2016,CRDITED de Laval,6,6,7.0
2015-2016,CRDITED de Laval,6,7,0.0
2015-2016,CRDITED de Laval,6,8,0.0
2015-2016,CRDITED de Laval,6,9,208.0
2015-2016,CRDITED de Laval,7,1,57.0
2015-2016,CRDITED de Laval,7,2,43.0
2015-2016,CRDITED de Laval,7,3,20.0
2015-2016,CRDITED de Laval,7,4,19.0
2015-2016,CRDITED de Laval,7,5,41.0
2015-2016,CRDITED de Laval,7,6,16.0
2015-2016,CRDITED de Laval,7,7,4.0
2015-2016,CRDITED de Laval,7,9,200.0
2015-2016,CRDITED de Laval,8,1,5.0
2015-2016,CRDITED de Laval,8,2,130.0
2015-2016,CRDITED de Laval,8,3,42.0
2015-2016,CRDITED de Laval,8,4,17.0
2015-2016,CRDITED de Laval,8,5,12.0
2015-2016,CRDITED de Laval,8,6,0.0
2015-2016,CRDITED de Laval,8,7,0.0
2015-2016,CRDITED de Laval,8,8,0.0
2015-2016,CRDITED de Laval,8,9,206.0
2015-2016,CRDITED de Laval,9,1,62.0
2015-2016,CRDITED de Laval,9,2,173.0
2015-2016,CRDITED de Laval,9,3,62.0
2015-2016,CRDITED de Laval,9,4,36.0
2015-2016,CRDITED de Laval,9,5,53.0
2015-2016,CRDITED de Laval,9,6,16.0
2015-2016,CRDITED de Laval,9,7,4.0
2015-2016,CRDITED de Laval,9,8,0.0
2015-2016,CRDITED de Laval,9,9,406.0
2015-2016,CRDITED de Montréal,1,1,71.0
2015-2016,CRDITED de Montréal,1,2,31.0
2015-2016,CRDITED de Montréal,1,3,50.0
2015-2016,CRDITED de Montréal,1,4,52.0
2015-2016,CRDITED de Montréal,1,5,65.0
2015-2016,CRDITED de Montréal,1,6,50.0
2015-2016,CRDITED de Montréal,1,7,6.0
2015-2016,CRDITED de Montréal,1,9,325.0
2015-2016,CRDITED de Montréal,2,1,204.0
2015-2016,CRDITED de Montréal,2,2,105.0
2015-2016,CRDITED de Montréal,2,3,54.0
2015-2016,CRDITED de Montréal,2,4,27.0
2015-2016,CRDITED de Montréal,2,5,24.0
2015-2016,CRDITED de Montréal,2,6,5.0
2015-2016,CRDITED de Montréal,2,9,419.0
2015-2016,CRDITED de Montréal,3,1,275.0
2015-2016,CRDITED de Montréal,3,2,136.0
2015-2016,CRDITED de Montréal,3,3,104.0
2015-2016,CRDITED de Montréal,3,4,79.0
2015-2016,CRDITED de Montréal,3,5,89.0
2015-2016,CRDITED de Montréal,3,6,55.0
2015-2016,CRDITED de Montréal,3,7,6.0
2015-2016,CRDITED de Montréal,3,9,744.0
2015-2016,CRDITED de Montréal,4,1,46.0
2015-2016,CRDITED de Montréal,4,2,15.0
2015-2016,CRDITED de Montréal,4,3,26.0
2015-2016,CRDITED de Montréal,4,4,21.0
2015-2016,CRDITED de Montréal,4,5,34.0
2015-2016,CRDITED de Montréal,4,6,36.0
2015-2016,CRDITED de Montréal,4,7,6.0
2015-2016,CRDITED de Montréal,4,9,184.0
2015-2016,CRDITED de Montréal,5,1,23.0
2015-2016,CRDITED de Montréal,5,2,28.0
2015-2016,CRDITED de Montréal,5,3,23.0
2015-2016,CRDITED de Montréal,5,4,12.0
2015-2016,CRDITED de Montréal,5,5,19.0
2015-2016,CRDITED de Montréal,5,6,4.0
2015-2016,CRDITED de Montréal,5,7,0.0
2015-2016,CRDITED de Montréal,5,9,109.0
2015-2016,CRDITED de Montréal,6,1,69.0
2015-2016,CRDITED de Montréal,6,2,43.0
2015-2016,CRDITED de Montréal,6,3,49.0
2015-2016,CRDITED de Montréal,6,4,33.0
2015-2016,CRDITED de Montréal,6,5,53.0
2015-2016,CRDITED de Montréal,6,6,40.0
2015-2016,CRDITED de Montréal,6,7,6.0
2015-2016,CRDITED de Montréal,6,9,293.0
2015-2016,CRDITED de Montréal,7,1,8.0
2015-2016,CRDITED de Montréal,7,2,3.0
2015-2016,CRDITED de Montréal,7,3,6.0
2015-2016,CRDITED de Montréal,7,4,8.0
2015-2016,CRDITED de Montréal,7,5,9.0
2015-2016,CRDITED de Montréal,7,6,9.0
2015-2016,CRDITED de Montréal,7,9,43.0
2015-2016,CRDITED de Montréal,8,1,4.0
2015-2016,CRDITED de Montréal,8,2,16.0
2015-2016,CRDITED de Montréal,8,3,5.0
2015-2016,CRDITED de Montréal,8,4,3.0
2015-2016,CRDITED de Montréal,8,5,0.0
2015-2016,CRDITED de Montréal,8,6,0.0
2015-2016,CRDITED de Montréal,8,9,28.0
2015-2016,CRDITED de Montréal,9,1,12.0
2015-2016,CRDITED de Montréal,9,2,19.0
2015-2016,CRDITED de Montréal,9,3,11.0
2015-2016,CRDITED de Montréal,9,4,11.0
2015-2016,CRDITED de Montréal,9,5,9.0
2015-2016,CRDITED de Montréal,9,6,9.0
2015-2016,CRDITED de Montréal,9,9,71.0
2015-2016,CRDITED de l'Estrie,1,1,13.0
2015-2016,CRDITED de l'Estrie,1,2,16.0
2015-2016,CRDITED de l'Estrie,1,3,27.0
2015-2016,CRDITED de l'Estrie,1,4,37.0
2015-2016,CRDITED de l'Estrie,1,5,37.0
2015-2016,CRDITED de l'Estrie,1,6,27.0
2015-2016,CRDITED de l'Estrie,1,7,4.0
2015-2016,CRDITED de l'Estrie,1,8,0.0
2015-2016,CRDITED de l'Estrie,1,9,161.0
2015-2016,CRDITED de l'Estrie,2,1,27.0
2015-2016,CRDITED de l'Estrie,2,2,58.0
2015-2016,CRDITED de l'Estrie,2,3,18.0
2015-2016,CRDITED de l'Estrie,2,4,6.0
2015-2016,CRDITED de l'Estrie,2,5,9.0
2015-2016,CRDITED de l'Estrie,2,6,2.0
2015-2016,CRDITED de l'Estrie,2,7,0.0
2015-2016,CRDITED de l'Estrie,2,8,0.0
2015-2016,CRDITED de l'Estrie,2,9,120.0
2015-2016,CRDITED de l'Estrie,3,1,40.0
2015-2016,CRDITED de l'Estrie,3,2,74.0
2015-2016,CRDITED de l'Estrie,3,3,45.0
2015-2016,CRDITED de l'Estrie,3,4,43.0
2015-2016,CRDITED de l'Estrie,3,5,46.0
2015-2016,CRDITED de l'Estrie,3,6,29.0
2015-2016,CRDITED de l'Estrie,3,7,4.0
2015-2016,CRDITED de l'Estrie,3,8,0.0
2015-2016,CRDITED de l'Estrie,3,9,281.0
2015-2016,CRDITED de l'Estrie,4,1,9.0
2015-2016,CRDITED de l'Estrie,4,2,3.0
2015-2016,CRDITED de l'Estrie,4,3,15.0
2015-2016,CRDITED de l'Estrie,4,4,16.0
2015-2016,CRDITED de l'Estrie,4,5,22.0
2015-2016,CRDITED de l'Estrie,4,6,11.0
2015-2016,CRDITED de l'Estrie,4,7,2.0
2015-2016,CRDITED de l'Estrie,4,8,0.0
2015-2016,CRDITED de l'Estrie,4,9,78.0
2015-2016,CRDITED de l'Estrie,5,1,19.0
2015-2016,CRDITED de l'Estrie,5,2,33.0
2015-2016,CRDITED de l'Estrie,5,3,16.0
2015-2016,CRDITED de l'Estrie,5,4,4.0
2015-2016,CRDITED de l'Estrie,5,5,5.0
2015-2016,CRDITED de l'Estrie,5,6,2.0
2015-2016,CRDITED de l'Estrie,5,7,0.0
2015-2016,CRDITED de l'Estrie,5,8,0.0
2015-2016,CRDITED de l'Estrie,5,9,79.0
2015-2016,CRDITED de l'Estrie,6,1,28.0
2015-2016,CRDITED de l'Estrie,6,2,36.0
2015-2016,CRDITED de l'Estrie,6,3,31.0
2015-2016,CRDITED de l'Estrie,6,4,20.0
2015-2016,CRDITED de l'Estrie,6,5,27.0
2015-2016,CRDITED de l'Estrie,6,6,13.0
2015-2016,CRDITED de l'Estrie,6,7,2.0
2015-2016,CRDITED de l'Estrie,6,8,0.0
2015-2016,CRDITED de l'Estrie,6,9,157.0
2015-2016,CRDITED de l'Estrie,7,1,6.0
2015-2016,CRDITED de l'Estrie,7,2,19.0
2015-2016,CRDITED de l'Estrie,7,3,16.0
2015-2016,CRDITED de l'Estrie,7,4,27.0
2015-2016,CRDITED de l'Estrie,7,5,36.0
2015-2016,CRDITED de l'Estrie,7,6,43.0
2015-2016,CRDITED de l'Estrie,7,7,7.0
2015-2016,CRDITED de l'Estrie,7,8,1.0
2015-2016,CRDITED de l'Estrie,7,9,155.0
2015-2016,CRDITED de l'Estrie,8,1,7.0
2015-2016,CRDITED de l'Estrie,8,2,66.0
2015-2016,CRDITED de l'Estrie,8,3,27.0
2015-2016,CRDITED de l'Estrie,8,4,8.0
2015-2016,CRDITED de l'Estrie,8,5,7.0
2015-2016,CRDITED de l'Estrie,8,6,0.0
2015-2016,CRDITED de l'Estrie,8,7,0.0
2015-2016,CRDITED de l'Estrie,8,8,0.0
2015-2016,CRDITED de l'Estrie,8,9,115.0
2015-2016,CRDITED de l'Estrie,9,1,13.0
2015-2016,CRDITED de l'Estrie,9,2,85.0
2015-2016,CRDITED de l'Estrie,9,3,43.0
2015-2016,CRDITED de l'Estrie,9,4,35.0
2015-2016,CRDITED de l'Estrie,9,5,43.0
2015-2016,CRDITED de l'Estrie,9,6,43.0
2015-2016,CRDITED de l'Estrie,9,7,7.0
2015-2016,CRDITED de l'Estrie,9,8,1.0
2015-2016,CRDITED de l'Estrie,9,9,270.0
2015-2016,CRDITED de la Montérégie-Est,1,1,32.0
2015-2016,CRDITED de la Montérégie-Est,1,2,36.0
2015-2016,CRDITED de la Montérégie-Est,1,3,30.0
2015-2016,CRDITED de la Montérégie-Est,1,4,37.0
2015-2016,CRDITED de la Montérégie-Est,1,5,48.0
2015-2016,CRDITED de la Montérégie-Est,1,6,23.0
2015-2016,CRDITED de la Montérégie-Est,1,7,2.0
2015-2016,CRDITED de la Montérégie-Est,1,8,0.0
2015-2016,CRDITED de la Montérégie-Est,1,9,208.0
2015-2016,CRDITED de la Montérégie-Est,2,1,245.0
2015-2016,CRDITED de la Montérégie-Est,2,2,346.0
2015-2016,CRDITED de la Montérégie-Est,2,3,98.0
2015-2016,CRDITED de la Montérégie-Est,2,4,25.0
2015-2016,CRDITED de la Montérégie-Est,2,5,23.0
2015-2016,CRDITED de la Montérégie-Est,2,6,2.0
2015-2016,CRDITED de la Montérégie-Est,2,7,0.0
2015-2016,CRDITED de la Montérégie-Est,2,8,0.0
2015-2016,CRDITED de la Montérégie-Est,2,9,739.0
2015-2016,CRDITED de la Montérégie-Est,3,1,277.0
2015-2016,CRDITED de la Montérégie-Est,3,2,382.0
2015-2016,CRDITED de la Montérégie-Est,3,3,128.0
2015-2016,CRDITED de la Montérégie-Est,3,4,62.0
2015-2016,CRDITED de la Montérégie-Est,3,5,71.0
2015-2016,CRDITED de la Montérégie-Est,3,6,25.0
2015-2016,CRDITED de la Montérégie-Est,3,7,2.0
2015-2016,CRDITED de la Montérégie-Est,3,8,0.0
2015-2016,CRDITED de la Montérégie-Est,3,9,947.0
2015-2016,CRDITED de la Montérégie-Est,4,1,21.0
2015-2016,CRDITED de la Montérégie-Est,4,2,23.0
2015-2016,CRDITED de la Montérégie-Est,4,3,16.0
2015-2016,CRDITED de la Montérégie-Est,4,4,23.0
2015-2016,CRDITED de la Montérégie-Est,4,5,26.0
2015-2016,CRDITED de la Montérégie-Est,4,6,18.0
2015-2016,CRDITED de la Montérégie-Est,4,7,2.0
2015-2016,CRDITED de la Montérégie-Est,4,8,0.0
2015-2016,CRDITED de la Montérégie-Est,4,9,129.0
2015-2016,CRDITED de la Montérégie-Est,5,1,256.0
2015-2016,CRDITED de la Montérégie-Est,5,2,331.0
2015-2016,CRDITED de la Montérégie-Est,5,3,72.0
2015-2016,CRDITED de la Montérégie-Est,5,4,23.0
2015-2016,CRDITED de la Montérégie-Est,5,5,15.0
2015-2016,CRDITED de la Montérégie-Est,5,6,3.0
2015-2016,CRDITED de la Montérégie-Est,5,7,0.0
2015-2016,CRDITED de la Montérégie-Est,5,8,0.0
2015-2016,CRDITED de la Montérégie-Est,5,9,700.0
2015-2016,CRDITED de la Montérégie-Est,6,1,277.0
2015-2016,CRDITED de la Montérégie-Est,6,2,354.0
2015-2016,CRDITED de la Montérégie-Est,6,3,88.0
2015-2016,CRDITED de la Montérégie-Est,6,4,46.0
2015-2016,CRDITED de la Montérégie-Est,6,5,41.0
2015-2016,CRDITED de la Montérégie-Est,6,6,21.0
2015-2016,CRDITED de la Montérégie-Est,6,7,2.0
2015-2016,CRDITED de la Montérégie-Est,6,8,0.0
2015-2016,CRDITED de la Montérégie-Est,6,9,829.0
2015-2016,CRDITED de la Montérégie-Est,7,1,5.0
2015-2016,CRDITED de la Montérégie-Est,7,2,46.0
2015-2016,CRDITED de la Montérégie-Est,7,3,28.0
2015-2016,CRDITED de la Montérégie-Est,7,4,31.0
2015-2016,CRDITED de la Montérégie-Est,7,5,137.0
2015-2016,CRDITED de la Montérégie-Est,7,6,74.0
2015-2016,CRDITED de la Montérégie-Est,7,7,8.0
2015-2016,CRDITED de la Montérégie-Est,7,8,2.0
2015-2016,CRDITED de la Montérégie-Est,7,9,331.0
2015-2016,CRDITED de la Montérégie-Est,8,1,42.0
2015-2016,CRDITED de la Montérégie-Est,8,2,699.0
2015-2016,CRDITED de la Montérégie-Est,8,3,212.0
2015-2016,CRDITED de la Montérégie-Est,8,4,47.0
2015-2016,CRDITED de la Montérégie-Est,8,5,49.0
2015-2016,CRDITED de la Montérégie-Est,8,6,3.0
2015-2016,CRDITED de la Montérégie-Est,8,7,0.0
2015-2016,CRDITED de la Montérégie-Est,8,8,0.0
2015-2016,CRDITED de la Montérégie-Est,8,9,1052.0
2015-2016,CRDITED de la Montérégie-Est,9,1,47.0
2015-2016,CRDITED de la Montérégie-Est,9,2,745.0
2015-2016,CRDITED de la Montérégie-Est,9,3,240.0
2015-2016,CRDITED de la Montérégie-Est,9,4,78.0
2015-2016,CRDITED de la Montérégie-Est,9,5,186.0
2015-2016,CRDITED de la Montérégie-Est,9,6,77.0
2015-2016,CRDITED de la Montérégie-Est,9,7,8.0
2015-2016,CRDITED de la Montérégie-Est,9,8,2.0
2015-2016,CRDITED de la Montérégie-Est,9,9,1383.0
2015-2016,CRDITED du Bas-St-Laurent,1,1,19.0
2015-2016,CRDITED du Bas-St-Laurent,1,2,11.0
2015-2016,CRDITED du Bas-St-Laurent,1,3,8.0
2015-2016,CRDITED du Bas-St-Laurent,1,4,10.0
2015-2016,CRDITED du Bas-St-Laurent,1,5,23.0
2015-2016,CRDITED du Bas-St-Laurent,1,6,19.0
2015-2016,CRDITED du Bas-St-Laurent,1,7,4.0
2015-2016,CRDITED du Bas-St-Laurent,1,8,1.0
2015-2016,CRDITED du Bas-St-Laurent,1,9,95.0
2015-2016,CRDITED du Bas-St-Laurent,2,1,14.0
2015-2016,CRDITED du Bas-St-Laurent,2,2,35.0
2015-2016,CRDITED du Bas-St-Laurent,2,3,26.0
2015-2016,CRDITED du Bas-St-Laurent,2,4,13.0
2015-2016,CRDITED du Bas-St-Laurent,2,5,6.0
2015-2016,CRDITED du Bas-St-Laurent,2,6,0.0
2015-2016,CRDITED du Bas-St-Laurent,2,7,0.0
2015-2016,CRDITED du Bas-St-Laurent,2,8,0.0
2015-2016,CRDITED du Bas-St-Laurent,2,9,94.0
2015-2016,CRDITED du Bas-St-Laurent,3,1,33.0
2015-2016,CRDITED du Bas-St-Laurent,3,2,46.0
2015-2016,CRDITED du Bas-St-Laurent,3,3,34.0
2015-2016,CRDITED du Bas-St-Laurent,3,4,23.0
2015-2016,CRDITED du Bas-St-Laurent,3,5,29.0
2015-2016,CRDITED du Bas-St-Laurent,3,6,19.0
2015-2016,CRDITED du Bas-St-Laurent,3,7,4.0
2015-2016,CRDITED du Bas-St-Laurent,3,8,1.0
2015-2016,CRDITED du Bas-St-Laurent,3,9,189.0
2015-2016,CRDITED du Bas-St-Laurent,4,1,11.0
2015-2016,CRDITED du Bas-St-Laurent,4,2,10.0
2015-2016,CRDITED du Bas-St-Laurent,4,3,8.0
2015-2016,CRDITED du Bas-St-Laurent,4,4,6.0
2015-2016,CRDITED du Bas-St-Laurent,4,5,11.0
2015-2016,CRDITED du Bas-St-Laurent,4,6,7.0
2015-2016,CRDITED du Bas-St-Laurent,4,7,0.0
2015-2016,CRDITED du Bas-St-Laurent,4,8,0.0
2015-2016,CRDITED du Bas-St-Laurent,4,9,53.0
2015-2016,CRDITED du Bas-St-Laurent,5,1,17.0
2015-2016,CRDITED du Bas-St-Laurent,5,2,32.0
2015-2016,CRDITED du Bas-St-Laurent,5,3,19.0
2015-2016,CRDITED du Bas-St-Laurent,5,4,8.0
2015-2016,CRDITED du Bas-St-Laurent,5,5,0.0
2015-2016,CRDITED du Bas-St-Laurent,5,6,0.0
2015-2016,CRDITED du Bas-St-Laurent,5,7,0.0
2015-2016,CRDITED du Bas-St-Laurent,5,8,0.0
2015-2016,CRDITED du Bas-St-Laurent,5,9,76.0
2015-2016,CRDITED du Bas-St-Laurent,6,1,28.0
2015-2016,CRDITED du Bas-St-Laurent,6,2,42.0
2015-2016,CRDITED du Bas-St-Laurent,6,3,27.0
2015-2016,CRDITED du Bas-St-Laurent,6,4,14.0
2015-2016,CRDITED du Bas-St-Laurent,6,5,11.0
2015-2016,CRDITED du Bas-St-Laurent,6,6,7.0
2015-2016,CRDITED du Bas-St-Laurent,6,7,0.0
2015-2016,CRDITED du Bas-St-Laurent,6,8,0.0
2015-2016,CRDITED du Bas-St-Laurent,6,9,129.0
2015-2016,CRDITED du Bas-St-Laurent,7,1,6.0
2015-2016,CRDITED du Bas-St-Laurent,7,2,14.0
2015-2016,CRDITED du Bas-St-Laurent,7,3,8.0
2015-2016,CRDITED du Bas-St-Laurent,7,4,6.0
2015-2016,CRDITED du Bas-St-Laurent,7,5,16.0
2015-2016,CRDITED du Bas-St-Laurent,7,6,14.0
2015-2016,CRDITED du Bas-St-Laurent,7,7,8.0
2015-2016,CRDITED du Bas-St-Laurent,7,8,1.0
2015-2016,CRDITED du Bas-St-Laurent,7,9,73.0
2015-2016,CRDITED du Bas-St-Laurent,8,1,0.0
2015-2016,CRDITED du Bas-St-Laurent,8,2,13.0
2015-2016,CRDITED du Bas-St-Laurent,8,3,19.0
2015-2016,CRDITED du Bas-St-Laurent,8,4,8.0
2015-2016,CRDITED du Bas-St-Laurent,8,5,6.0
2015-2016,CRDITED du Bas-St-Laurent,8,6,1.0
2015-2016,CRDITED du Bas-St-Laurent,8,7,0.0
2015-2016,CRDITED du Bas-St-Laurent,8,8,0.0
2015-2016,CRDITED du Bas-St-Laurent,8,9,47.0
2015-2016,CRDITED du Bas-St-Laurent,9,1,6.0
2015-2016,CRDITED du Bas-St-Laurent,9,2,27.0
2015-2016,CRDITED du Bas-St-Laurent,9,3,27.0
2015-2016,CRDITED du Bas-St-Laurent,9,4,14.0
2015-2016,CRDITED du Bas-St-Laurent,9,5,22.0
2015-2016,CRDITED du Bas-St-Laurent,9,6,15.0
2015-2016,CRDITED du Bas-St-Laurent,9,7,8.0
2015-2016,CRDITED du Bas-St-Laurent,9,8,1.0
2015-2016,CRDITED du Bas-St-Laurent,9,9,120.0
2015-2016,CRDITED du SaguenayLac-St-Jean,1,1,30.0
2015-2016,CRDITED du SaguenayLac-St-Jean,1,2,14.0
2015-2016,CRDITED du SaguenayLac-St-Jean,1,3,10.0
2015-2016,CRDITED du SaguenayLac-St-Jean,1,4,11.0
2015-2016,CRDITED du SaguenayLac-St-Jean,1,5,22.0
2015-2016,CRDITED du SaguenayLac-St-Jean,1,6,20.0
2015-2016,CRDITED du SaguenayLac-St-Jean,1,7,1.0
2015-2016,CRDITED du SaguenayLac-St-Jean,1,8,0.0
2015-2016,CRDITED du SaguenayLac-St-Jean,1,9,108.0
2015-2016,CRDITED du SaguenayLac-St-Jean,2,1,34.0
2015-2016,CRDITED du SaguenayLac-St-Jean,2,2,16.0
2015-2016,CRDITED du SaguenayLac-St-Jean,2,3,14.0
2015-2016,CRDITED du SaguenayLac-St-Jean,2,4,6.0
2015-2016,CRDITED du SaguenayLac-St-Jean,2,5,6.0
2015-2016,CRDITED du SaguenayLac-St-Jean,2,6,0.0
2015-2016,CRDITED du SaguenayLac-St-Jean,2,7,0.0
2015-2016,CRDITED du SaguenayLac-St-Jean,2,8,0.0
2015-2016,CRDITED du SaguenayLac-St-Jean,2,9,76.0
2015-2016,CRDITED du SaguenayLac-St-Jean,3,1,64.0
2015-2016,CRDITED du SaguenayLac-St-Jean,3,2,30.0
2015-2016,CRDITED du SaguenayLac-St-Jean,3,3,24.0
2015-2016,CRDITED du SaguenayLac-St-Jean,3,4,17.0
2015-2016,CRDITED du SaguenayLac-St-Jean,3,5,28.0
2015-2016,CRDITED du SaguenayLac-St-Jean,3,6,20.0
2015-2016,CRDITED du SaguenayLac-St-Jean,3,7,1.0
2015-2016,CRDITED du SaguenayLac-St-Jean,3,8,0.0
2015-2016,CRDITED du SaguenayLac-St-Jean,3,9,184.0
2015-2016,CRDITED du SaguenayLac-St-Jean,4,1,30.0
2015-2016,CRDITED du SaguenayLac-St-Jean,4,2,10.0
2015-2016,CRDITED du SaguenayLac-St-Jean,4,3,5.0
2015-2016,CRDITED du SaguenayLac-St-Jean,4,4,4.0
2015-2016,CRDITED du SaguenayLac-St-Jean,4,5,11.0
2015-2016,CRDITED du SaguenayLac-St-Jean,4,6,14.0
2015-2016,CRDITED du SaguenayLac-St-Jean,4,7,2.0
2015-2016,CRDITED du SaguenayLac-St-Jean,4,8,0.0
2015-2016,CRDITED du SaguenayLac-St-Jean,4,9,76.0
2015-2016,CRDITED du SaguenayLac-St-Jean,5,1,19.0
2015-2016,CRDITED du SaguenayLac-St-Jean,5,2,16.0
2015-2016,CRDITED du SaguenayLac-St-Jean,5,3,12.0
2015-2016,CRDITED du SaguenayLac-St-Jean,5,4,3.0
2015-2016,CRDITED du SaguenayLac-St-Jean,5,5,5.0
2015-2016,CRDITED du SaguenayLac-St-Jean,5,6,0.0
2015-2016,CRDITED du SaguenayLac-St-Jean,5,7,0.0
2015-2016,CRDITED du SaguenayLac-St-Jean,5,8,0.0
2015-2016,CRDITED du SaguenayLac-St-Jean,5,9,55.0
2015-2016,CRDITED du SaguenayLac-St-Jean,6,1,49.0
2015-2016,CRDITED du SaguenayLac-St-Jean,6,2,26.0
2015-2016,CRDITED du SaguenayLac-St-Jean,6,3,17.0
2015-2016,CRDITED du SaguenayLac-St-Jean,6,4,7.0
2015-2016,CRDITED du SaguenayLac-St-Jean,6,5,16.0
2015-2016,CRDITED du SaguenayLac-St-Jean,6,6,14.0
2015-2016,CRDITED du SaguenayLac-St-Jean,6,7,2.0
2015-2016,CRDITED du SaguenayLac-St-Jean,6,8,0.0
2015-2016,CRDITED du SaguenayLac-St-Jean,6,9,131.0
2015-2016,CRDITED du SaguenayLac-St-Jean,7,1,0.0
2015-2016,CRDITED du SaguenayLac-St-Jean,7,2,29.0
2015-2016,CRDITED du SaguenayLac-St-Jean,7,3,26.0
2015-2016,CRDITED du SaguenayLac-St-Jean,7,4,21.0
2015-2016,CRDITED du SaguenayLac-St-Jean,7,5,21.0
2015-2016,CRDITED du SaguenayLac-St-Jean,7,6,21.0
2015-2016,CRDITED du SaguenayLac-St-Jean,7,7,2.0
2015-2016,CRDITED du SaguenayLac-St-Jean,7,8,4.0
2015-2016,CRDITED du SaguenayLac-St-Jean,7,9,124.0
2015-2016,CRDITED du SaguenayLac-St-Jean,8,1,3.0
2015-2016,CRDITED du SaguenayLac-St-Jean,8,2,26.0
2015-2016,CRDITED du SaguenayLac-St-Jean,8,3,28.0
2015-2016,CRDITED du SaguenayLac-St-Jean,8,4,19.0
2015-2016,CRDITED du SaguenayLac-St-Jean,8,5,6.0
2015-2016,CRDITED du SaguenayLac-St-Jean,8,6,1.0
2015-2016,CRDITED du SaguenayLac-St-Jean,8,7,0.0
2015-2016,CRDITED du SaguenayLac-St-Jean,8,8,0.0
2015-2016,CRDITED du SaguenayLac-St-Jean,8,9,83.0
2015-2016,CRDITED du SaguenayLac-St-Jean,9,1,3.0
2015-2016,CRDITED du SaguenayLac-St-Jean,9,2,55.0
2015-2016,CRDITED du SaguenayLac-St-Jean,9,3,54.0
2015-2016,CRDITED du SaguenayLac-St-Jean,9,4,40.0
2015-2016,CRDITED du SaguenayLac-St-Jean,9,5,27.0
2015-2016,CRDITED du SaguenayLac-St-Jean,9,6,22.0
2015-2016,CRDITED du SaguenayLac-St-Jean,9,7,2.0
2015-2016,CRDITED du SaguenayLac-St-Jean,9,8,4.0
2015-2016,CRDITED du SaguenayLac-St-Jean,9,9,207.0
2015-2016,CSSS de Charlevoix,1,1,4.0
2015-2016,CSSS de Charlevoix,1,2,1.0
2015-2016,CSSS de Charlevoix,1,3,1.0
2015-2016,CSSS de Charlevoix,1,4,0.0
2015-2016,CSSS de Charlevoix,1,5,2.0
2015-2016,CSSS de Charlevoix,1,6,4.0
2015-2016,CSSS de Charlevoix,1,7,1.0
2015-2016,CSSS de Charlevoix,1,8,0.0
2015-2016,CSSS de Charlevoix,1,9,13.0
2015-2016,CSSS de Charlevoix,2,1,1.0
2015-2016,CSSS de Charlevoix,2,2,0.0
2015-2016,CSSS de Charlevoix,2,3,0.0
2015-2016,CSSS de Charlevoix,2,4,1.0
2015-2016,CSSS de Charlevoix,2,5,1.0
2015-2016,CSSS de Charlevoix,2,6,1.0
2015-2016,CSSS de Charlevoix,2,7,0.0
2015-2016,CSSS de Charlevoix,2,8,0.0
2015-2016,CSSS de Charlevoix,2,9,4.0
2015-2016,CSSS de Charlevoix,3,1,5.0
2015-2016,CSSS de Charlevoix,3,2,1.0
2015-2016,CSSS de Charlevoix,3,3,1.0
2015-2016,CSSS de Charlevoix,3,4,1.0
2015-2016,CSSS de Charlevoix,3,5,3.0
2015-2016,CSSS de Charlevoix,3,6,5.0
2015-2016,CSSS de Charlevoix,3,7,1.0
2015-2016,CSSS de Charlevoix,3,8,0.0
2015-2016,CSSS de Charlevoix,3,9,17.0
2015-2016,CSSS de Charlevoix,4,1,2.0
2015-2016,CSSS de Charlevoix,4,2,2.0
2015-2016,CSSS de Charlevoix,4,3,0.0
2015-2016,CSSS de Charlevoix,4,4,0.0
2015-2016,CSSS de Charlevoix,4,5,2.0
2015-2016,CSSS de Charlevoix,4,6,2.0
2015-2016,CSSS de Charlevoix,4,7,1.0
2015-2016,CSSS de Charlevoix,4,8,0.0
2015-2016,CSSS de Charlevoix,4,9,9.0
2015-2016,CSSS de Charlevoix,5,1,1.0
2015-2016,CSSS de Charlevoix,5,2,1.0
2015-2016,CSSS de Charlevoix,5,3,1.0
2015-2016,CSSS de Charlevoix,5,4,1.0
2015-2016,CSSS de Charlevoix,5,5,1.0
2015-2016,CSSS de Charlevoix,5,6,1.0
2015-2016,CSSS de Charlevoix,5,7,0.0
2015-2016,CSSS de Charlevoix,5,8,0.0
2015-2016,CSSS de Charlevoix,5,9,6.0
2015-2016,CSSS de Charlevoix,6,1,3.0
2015-2016,CSSS de Charlevoix,6,2,3.0
2015-2016,CSSS de Charlevoix,6,3,1.0
2015-2016,CSSS de Charlevoix,6,4,1.0
2015-2016,CSSS de Charlevoix,6,5,3.0
2015-2016,CSSS de Charlevoix,6,6,3.0
2015-2016,CSSS de Charlevoix,6,7,1.0
2015-2016,CSSS de Charlevoix,6,8,0.0
2015-2016,CSSS de Charlevoix,6,9,15.0
2015-2016,CSSS de Charlevoix,7,1,1.0
2015-2016,CSSS de Charlevoix,7,2,2.0
2015-2016,CSSS de Charlevoix,7,3,4.0
2015-2016,CSSS de Charlevoix,7,4,1.0
2015-2016,CSSS de Charlevoix,7,5,0.0
2015-2016,CSSS de Charlevoix,7,6,15.0
2015-2016,CSSS de Charlevoix,7,7,10.0
2015-2016,CSSS de Charlevoix,7,8,4.0
2015-2016,CSSS de Charlevoix,7,9,37.0
2015-2016,CSSS de Charlevoix,8,1,1.0
2015-2016,CSSS de Charlevoix,8,2,1.0
2015-2016,CSSS de Charlevoix,8,3,1.0
2015-2016,CSSS de Charlevoix,8,4,0.0
2015-2016,CSSS de Charlevoix,8,5,0.0
2015-2016,CSSS de Charlevoix,8,6,0.0
2015-2016,CSSS de Charlevoix,8,7,0.0
2015-2016,CSSS de Charlevoix,8,8,0.0
2015-2016,CSSS de Charlevoix,8,9,3.0
2015-2016,CSSS de Charlevoix,9,1,2.0
2015-2016,CSSS de Charlevoix,9,2,3.0
2015-2016,CSSS de Charlevoix,9,3,5.0
2015-2016,CSSS de Charlevoix,9,4,1.0
2015-2016,CSSS de Charlevoix,9,5,0.0
2015-2016,CSSS de Charlevoix,9,6,15.0
2015-2016,CSSS de Charlevoix,9,7,10.0
2015-2016,CSSS de Charlevoix,9,8,4.0
2015-2016,CSSS de Charlevoix,9,9,40.0
2015-2016,Centre Miriam,1,1,18.0
2015-2016,Centre Miriam,1,2,8.0
2015-2016,Centre Miriam,1,3,11.0
2015-2016,Centre Miriam,1,4,9.0
2015-2016,Centre Miriam,1,5,9.0
2015-2016,Centre Miriam,1,6,2.0
2015-2016,Centre Miriam,1,7,0.0
2015-2016,Centre Miriam,1,8,0.0
2015-2016,Centre Miriam,1,9,57.0
2015-2016,Centre Miriam,2,1,29.0
2015-2016,Centre Miriam,2,2,47.0
2015-2016,Centre Miriam,2,3,11.0
2015-2016,Centre Miriam,2,4,4.0
2015-2016,Centre Miriam,2,5,2.0
2015-2016,Centre Miriam,2,6,0.0
2015-2016,Centre Miriam,2,7,0.0
2015-2016,Centre Miriam,2,8,0.0
2015-2016,Centre Miriam,2,9,93.0
2015-2016,Centre Miriam,3,1,47.0
2015-2016,Centre Miriam,3,2,55.0
2015-2016,Centre Miriam,3,3,22.0
2015-2016,Centre Miriam,3,4,13.0
2015-2016,Centre Miriam,3,5,11.0
2015-2016,Centre Miriam,3,6,2.0
2015-2016,Centre Miriam,3,7,0.0
2015-2016,Centre Miriam,3,8,0.0
2015-2016,Centre Miriam,3,9,150.0
2015-2016,Centre Miriam,4,1,10.0
2015-2016,Centre Miriam,4,2,5.0
2015-2016,Centre Miriam,4,3,4.0
2015-2016,Centre Miriam,4,4,2.0
2015-2016,Centre Miriam,4,5,1.0
2015-2016,Centre Miriam,4,6,1.0
2015-2016,Centre Miriam,4,7,0.0
2015-2016,Centre Miriam,4,8,0.0
2015-2016,Centre Miriam,4,9,23.0
2015-2016,Centre Miriam,5,1,19.0
2015-2016,Centre Miriam,5,2,27.0
2015-2016,Centre Miriam,5,3,6.0
2015-2016,Centre Miriam,5,4,3.0
2015-2016,Centre Miriam,5,5,1.0
2015-2016,Centre Miriam,5,6,0.0
2015-2016,Centre Miriam,5,7,0.0
2015-2016,Centre Miriam,5,8,0.0
2015-2016,Centre Miriam,5,9,56.0
2015-2016,Centre Miriam,6,1,29.0
2015-2016,Centre Miriam,6,2,32.0
2015-2016,Centre Miriam,6,3,10.0
2015-2016,Centre Miriam,6,4,5.0
2015-2016,Centre Miriam,6,5,2.0
2015-2016,Centre Miriam,6,6,1.0
2015-2016,Centre Miriam,6,7,0.0
2015-2016,Centre Miriam,6,8,0.0
2015-2016,Centre Miriam,6,9,79.0
2015-2016,Centre Miriam,7,1,2.0
2015-2016,Centre Miriam,7,2,6.0
2015-2016,Centre Miriam,7,3,5.0
2015-2016,Centre Miriam,7,4,1.0
2015-2016,Centre Miriam,7,5,6.0
2015-2016,Centre Miriam,7,6,4.0
2015-2016,Centre Miriam,7,7,1.0
2015-2016,Centre Miriam,7,8,2.0
2015-2016,Centre Miriam,7,9,27.0
2015-2016,Centre Miriam,8,1,15.0
2015-2016,Centre Miriam,8,2,21.0
2015-2016,Centre Miriam,8,3,10.0
2015-2016,Centre Miriam,8,4,4.0
2015-2016,Centre Miriam,8,5,4.0
2015-2016,Centre Miriam,8,6,1.0
2015-2016,Centre Miriam,8,7,0.0
2015-2016,Centre Miriam,8,8,0.0
2015-2016,Centre Miriam,8,9,55.0
2015-2016,Centre Miriam,9,1,17.0
2015-2016,Centre Miriam,9,2,27.0
2015-2016,Centre Miriam,9,3,15.0
2015-2016,Centre Miriam,9,4,5.0
2015-2016,Centre Miriam,9,5,10.0
2015-2016,Centre Miriam,9,6,5.0
2015-2016,Centre Miriam,9,7,1.0
2015-2016,Centre Miriam,9,8,2.0
2015-2016,Centre Miriam,9,9,82.0
2015-2016,Centre du Florès,1,1,29.0
2015-2016,Centre du Florès,1,2,24.0
2015-2016,Centre du Florès,1,3,29.0
2015-2016,Centre du Florès,1,4,42.0
2015-2016,Centre du Florès,1,5,173.0
2015-2016,Centre du Florès,1,6,89.0
2015-2016,Centre du Florès,1,7,15.0
2015-2016,Centre du Florès,1,9,401.0
2015-2016,Centre du Florès,2,1,47.0
2015-2016,Centre du Florès,2,2,80.0
2015-2016,Centre du Florès,2,3,41.0
2015-2016,Centre du Florès,2,4,15.0
2015-2016,Centre du Florès,2,5,8.0
2015-2016,Centre du Florès,2,6,1.0
2015-2016,Centre du Florès,2,9,192.0
2015-2016,Centre du Florès,3,1,76.0
2015-2016,Centre du Florès,3,2,104.0
2015-2016,Centre du Florès,3,3,70.0
2015-2016,Centre du Florès,3,4,57.0
2015-2016,Centre du Florès,3,5,181.0
2015-2016,Centre du Florès,3,6,90.0
2015-2016,Centre du Florès,3,7,15.0
2015-2016,Centre du Florès,3,9,593.0
2015-2016,Centre du Florès,4,1,16.0
2015-2016,Centre du Florès,4,2,25.0
2015-2016,Centre du Florès,4,3,23.0
2015-2016,Centre du Florès,4,4,24.0
2015-2016,Centre du Florès,4,5,129.0
2015-2016,Centre du Florès,4,6,66.0
2015-2016,Centre du Florès,4,7,7.0
2015-2016,Centre du Florès,4,9,290.0
2015-2016,Centre du Florès,5,1,44.0
2015-2016,Centre du Florès,5,2,75.0
2015-2016,Centre du Florès,5,3,40.0
2015-2016,Centre du Florès,5,4,11.0
2015-2016,Centre du Florès,5,5,10.0
2015-2016,Centre du Florès,5,9,180.0
2015-2016,Centre du Florès,6,1,60.0
2015-2016,Centre du Florès,6,2,100.0
2015-2016,Centre du Florès,6,3,63.0
2015-2016,Centre du Florès,6,4,35.0
2015-2016,Centre du Florès,6,5,139.0
2015-2016,Centre du Florès,6,6,66.0
2015-2016,Centre du Florès,6,7,7.0
2015-2016,Centre du Florès,6,9,470.0
2015-2016,Centre du Florès,7,1,2.0
2015-2016,Centre du Florès,7,2,21.0
2015-2016,Centre du Florès,7,3,29.0
2015-2016,Centre du Florès,7,4,37.0
2015-2016,Centre du Florès,7,5,160.0
2015-2016,Centre du Florès,7,6,121.0
2015-2016,Centre du Florès,7,7,20.0
2015-2016,Centre du Florès,7,9,390.0
2015-2016,Centre du Florès,8,1,5.0
2015-2016,Centre du Florès,8,2,91.0
2015-2016,Centre du Florès,8,3,35.0
2015-2016,Centre du Florès,8,4,17.0
2015-2016,Centre du Florès,8,5,8.0
2015-2016,Centre du Florès,8,6,1.0
2015-2016,Centre du Florès,8,7,1.0
2015-2016,Centre du Florès,8,9,158.0
2015-2016,Centre du Florès,9,1,7.0
2015-2016,Centre du Florès,9,2,112.0
2015-2016,Centre du Florès,9,3,64.0
2015-2016,Centre du Florès,9,4,54.0
2015-2016,Centre du Florès,9,5,168.0
2015-2016,Centre du Florès,9,6,122.0
2015-2016,Centre du Florès,9,7,21.0
2015-2016,Centre du Florès,9,9,548.0
2015-2016,Clair Foyer Inc.,1,1,17.0
2015-2016,Clair Foyer Inc.,1,2,11.0
2015-2016,Clair Foyer Inc.,1,3,8.0
2015-2016,Clair Foyer Inc.,1,4,8.0
2015-2016,Clair Foyer Inc.,1,5,17.0
2015-2016,Clair Foyer Inc.,1,6,11.0
2015-2016,Clair Foyer Inc.,1,7,1.0
2015-2016,Clair Foyer Inc.,1,9,73.0
2015-2016,Clair Foyer Inc.,3,1,17.0
2015-2016,Clair Foyer Inc.,3,2,11.0
2015-2016,Clair Foyer Inc.,3,3,8.0
2015-2016,Clair Foyer Inc.,3,4,8.0
2015-2016,Clair Foyer Inc.,3,5,17.0
2015-2016,Clair Foyer Inc.,3,6,11.0
2015-2016,Clair Foyer Inc.,3,7,1.0
2015-2016,Clair Foyer Inc.,3,9,73.0
2015-2016,Clair Foyer Inc.,4,1,14.0
2015-2016,Clair Foyer Inc.,4,2,15.0
2015-2016,Clair Foyer Inc.,4,3,5.0
2015-2016,Clair Foyer Inc.,4,4,6.0
2015-2016,Clair Foyer Inc.,4,5,12.0
2015-2016,Clair Foyer Inc.,4,6,10.0
2015-2016,Clair Foyer Inc.,4,7,2.0
2015-2016,Clair Foyer Inc.,4,9,64.0
2015-2016,Clair Foyer Inc.,6,1,14.0
2015-2016,Clair Foyer Inc.,6,2,15.0
2015-2016,Clair Foyer Inc.,6,3,5.0
2015-2016,Clair Foyer Inc.,6,4,6.0
2015-2016,Clair Foyer Inc.,6,5,12.0
2015-2016,Clair Foyer Inc.,6,6,10.0
2015-2016,Clair Foyer Inc.,6,7,2.0
2015-2016,Clair Foyer Inc.,6,9,64.0
2015-2016,Clair Foyer Inc.,7,1,11.0
2015-2016,Clair Foyer Inc.,7,2,14.0
2015-2016,Clair Foyer Inc.,7,3,7.0
2015-2016,Clair Foyer Inc.,7,4,11.0
2015-2016,Clair Foyer Inc.,7,5,24.0
2015-2016,Clair Foyer Inc.,7,6,10.0
2015-2016,Clair Foyer Inc.,7,7,2.0
2015-2016,Clair Foyer Inc.,7,8,2.0
2015-2016,Clair Foyer Inc.,7,9,81.0
2015-2016,Clair Foyer Inc.,9,1,11.0
2015-2016,Clair Foyer Inc.,9,2,14.0
2015-2016,Clair Foyer Inc.,9,3,7.0
2015-2016,Clair Foyer Inc.,9,4,11.0
2015-2016,Clair Foyer Inc.,9,5,24.0
2015-2016,Clair Foyer Inc.,9,6,10.0
2015-2016,Clair Foyer Inc.,9,7,2.0
2015-2016,Clair Foyer Inc.,9,8,2.0
2015-2016,Clair Foyer Inc.,9,9,81.0
2015-2016,Pavillon du Parc,1,1,12.0
2015-2016,Pavillon du Parc,1,2,33.0
2015-2016,Pavillon du Parc,1,3,23.0
2015-2016,Pavillon du Parc,1,4,16.0
2015-2016,Pavillon du Parc,1,5,20.0
2015-2016,Pavillon du Parc,1,6,11.0
2015-2016,Pavillon du Parc,1,9,115.0
2015-2016,Pavillon du Parc,2,1,37.0
2015-2016,Pavillon du Parc,2,2,71.0
2015-2016,Pavillon du Parc,2,3,18.0
2015-2016,Pavillon du Parc,2,4,5.0
2015-2016,Pavillon du Parc,2,5,4.0
2015-2016,Pavillon du Parc,2,9,135.0
2015-2016,Pavillon du Parc,3,1,49.0
2015-2016,Pavillon du Parc,3,2,104.0
2015-2016,Pavillon du Parc,3,3,41.0
2015-2016,Pavillon du Parc,3,4,21.0
2015-2016,Pavillon du Parc,3,5,24.0
2015-2016,Pavillon du Parc,3,6,11.0
2015-2016,Pavillon du Parc,3,9,250.0
2015-2016,Pavillon du Parc,4,1,15.0
2015-2016,Pavillon du Parc,4,2,19.0
2015-2016,Pavillon du Parc,4,3,12.0
2015-2016,Pavillon du Parc,4,4,6.0
2015-2016,Pavillon du Parc,4,5,7.0
2015-2016,Pavillon du Parc,4,6,6.0
2015-2016,Pavillon du Parc,4,9,65.0
2015-2016,Pavillon du Parc,5,1,28.0
2015-2016,Pavillon du Parc,5,2,45.0
2015-2016,Pavillon du Parc,5,3,10.0
2015-2016,Pavillon du Parc,5,4,3.0
2015-2016,Pavillon du Parc,5,5,3.0
2015-2016,Pavillon du Parc,5,9,89.0
2015-2016,Pavillon du Parc,6,1,43.0
2015-2016,Pavillon du Parc,6,2,64.0
2015-2016,Pavillon du Parc,6,3,22.0
2015-2016,Pavillon du Parc,6,4,9.0
2015-2016,Pavillon du Parc,6,5,10.0
2015-2016,Pavillon du Parc,6,6,6.0
2015-2016,Pavillon du Parc,6,9,154.0
2015-2016,Pavillon du Parc,7,2,14.0
2015-2016,Pavillon du Parc,7,3,22.0
2015-2016,Pavillon du Parc,7,4,15.0
2015-2016,Pavillon du Parc,7,5,38.0
2015-2016,Pavillon du Parc,7,6,10.0
2015-2016,Pavillon du Parc,7,7,3.0
2015-2016,Pavillon du Parc,7,9,102.0
2015-2016,Pavillon du Parc,8,1,5.0
2015-2016,Pavillon du Parc,8,2,27.0
2015-2016,Pavillon du Parc,8,3,17.0
2015-2016,Pavillon du Parc,8,4,5.0
2015-2016,Pavillon du Parc,8,5,5.0
2015-2016,Pavillon du Parc,8,6,1.0
2015-2016,Pavillon du Parc,8,9,60.0
2015-2016,Pavillon du Parc,9,1,5.0
2015-2016,Pavillon du Parc,9,2,41.0
2015-2016,Pavillon du Parc,9,3,39.0
2015-2016,Pavillon du Parc,9,4,20.0
2015-2016,Pavillon du Parc,9,5,43.0
2015-2016,Pavillon du Parc,9,6,11.0
2015-2016,Pavillon du Parc,9,7,3.0
2015-2016,Pavillon du Parc,9,9,162.0
2015-2016,Réadaptation du Sud-Ouest et du Renfort,1,1,18.0
2015-2016,Réadaptation du Sud-Ouest et du Renfort,1,2,52.0
2015-2016,Réadaptation du Sud-Ouest et du Renfort,1,3,30.0
2015-2016,Réadaptation du Sud-Ouest et du Renfort,1,4,40.0
2015-2016,Réadaptation du Sud-Ouest et du Renfort,1,5,50.0
2015-2016,Réadaptation du Sud-Ouest et du Renfort,1,6,24.0
2015-2016,Réadaptation du Sud-Ouest et du Renfort,1,7,3.0
2015-2016,Réadaptation du Sud-Ouest et du Renfort,1,9,217.0
2015-2016,Réadaptation du Sud-Ouest et du Renfort,2,1,130.0
2015-2016,Réadaptation du Sud-Ouest et du Renfort,2,2,238.0
2015-2016,Réadaptation du Sud-Ouest et du Renfort,2,3,68.0
2015-2016,Réadaptation du Sud-Ouest et du Renfort,2,4,17.0
2015-2016,Réadaptation du Sud-Ouest et du Renfort,2,5,12.0
2015-2016,Réadaptation du Sud-Ouest et du Renfort,2,9,465.0
2015-2016,Réadaptation du Sud-Ouest et du Renfort,3,1,148.0
2015-2016,Réadaptation du Sud-Ouest et du Renfort,3,2,290.0
2015-2016,Réadaptation du Sud-Ouest et du Renfort,3,3,98.0
2015-2016,Réadaptation du Sud-Ouest et du Renfort,3,4,57.0
2015-2016,Réadaptation du Sud-Ouest et du Renfort,3,5,62.0
2015-2016,Réadaptation du Sud-Ouest et du Renfort,3,6,24.0
2015-2016,Réadaptation du Sud-Ouest et du Renfort,3,7,3.0
2015-2016,Réadaptation du Sud-Ouest et du Renfort,3,9,682.0
2015-2016,Réadaptation du Sud-Ouest et du Renfort,4,1,10.0
2015-2016,Réadaptation du Sud-Ouest et du Renfort,4,2,30.0
2015-2016,Réadaptation du Sud-Ouest et du Renfort,4,3,22.0
2015-2016,Réadaptation du Sud-Ouest et du Renfort,4,4,20.0
2015-2016,Réadaptation du Sud-Ouest et du Renfort,4,5,34.0
2015-2016,Réadaptation du Sud-Ouest et du Renfort,4,6,12.0
2015-2016,Réadaptation du Sud-Ouest et du Renfort,4,7,1.0
2015-2016,Réadaptation du Sud-Ouest et du Renfort,4,9,129.0
2015-2016,Réadaptation du Sud-Ouest et du Renfort,5,1,147.0
2015-2016,Réadaptation du Sud-Ouest et du Renfort,5,2,232.0
2015-2016,Réadaptation du Sud-Ouest et du Renfort,5,3,81.0
2015-2016,Réadaptation du Sud-Ouest et du Renfort,5,4,17.0
2015-2016,Réadaptation du Sud-Ouest et du Renfort,5,5,12.0
2015-2016,Réadaptation du Sud-Ouest et du Renfort,5,6,1.0
2015-2016,Réadaptation du Sud-Ouest et du Renfort,5,9,490.0
2015-2016,Réadaptation du Sud-Ouest et du Renfort,6,1,157.0
2015-2016,Réadaptation du Sud-Ouest et du Renfort,6,2,262.0
2015-2016,Réadaptation du Sud-Ouest et du Renfort,6,3,103.0
2015-2016,Réadaptation du Sud-Ouest et du Renfort,6,4,37.0
2015-2016,Réadaptation du Sud-Ouest et du Renfort,6,5,46.0
2015-2016,Réadaptation du Sud-Ouest et du Renfort,6,6,13.0
2015-2016,Réadaptation du Sud-Ouest et du Renfort,6,7,1.0
2015-2016,Réadaptation du Sud-Ouest et du Renfort,6,9,619.0
2015-2016,Réadaptation du Sud-Ouest et du Renfort,7,1,4.0
2015-2016,Réadaptation du Sud-Ouest et du Renfort,7,2,30.0
2015-2016,Réadaptation du Sud-Ouest et du Renfort,7,3,25.0
2015-2016,Réadaptation du Sud-Ouest et du Renfort,7,4,15.0
2015-2016,Réadaptation du Sud-Ouest et du Renfort,7,5,60.0
2015-2016,Réadaptation du Sud-Ouest et du Renfort,7,6,30.0
2015-2016,Réadaptation du Sud-Ouest et du Renfort,7,7,4.0
2015-2016,Réadaptation du Sud-Ouest et du Renfort,7,9,168.0
2015-2016,Réadaptation du Sud-Ouest et du Renfort,8,1,35.0
2015-2016,Réadaptation du Sud-Ouest et du Renfort,8,2,275.0
2015-2016,Réadaptation du Sud-Ouest et du Renfort,8,3,109.0
2015-2016,Réadaptation du Sud-Ouest et du Renfort,8,4,24.0
2015-2016,Réadaptation du Sud-Ouest et du Renfort,8,5,26.0
2015-2016,Réadaptation du Sud-Ouest et du Renfort,8,6,4.0
2015-2016,Réadaptation du Sud-Ouest et du Renfort,8,9,473.0
2015-2016,Réadaptation du Sud-Ouest et du Renfort,9,1,39.0
2015-2016,Réadaptation du Sud-Ouest et du Renfort,9,2,305.0
2015-2016,Réadaptation du Sud-Ouest et du Renfort,9,3,134.0
2015-2016,Réadaptation du Sud-Ouest et du Renfort,9,4,39.0
2015-2016,Réadaptation du Sud-Ouest et du Renfort,9,5,86.0
2015-2016,Réadaptation du Sud-Ouest et du Renfort,9,6,34.0
2015-2016,Réadaptation du Sud-Ouest et du Renfort,9,7,4.0
2015-2016,Réadaptation du Sud-Ouest et du Renfort,9,9,641.0
2016-2017,CPR de la Côte-Nord,1,1,1.0
2016-2017,CPR de la Côte-Nord,1,2,2.0
2016-2017,CPR de la Côte-Nord,1,3,5.0
2016-2017,CPR de la Côte-Nord,1,4,6.0
2016-2017,CPR de la Côte-Nord,1,5,4.0
2016-2017,CPR de la Côte-Nord,1,6,4.0
2016-2017,CPR de la Côte-Nord,1,7,2.0
2016-2017,CPR de la Côte-Nord,1,8,1.0
2016-2017,CPR de la Côte-Nord,1,9,25.0
2016-2017,CPR de la Côte-Nord,2,1,8.0
2016-2017,CPR de la Côte-Nord,2,2,19.0
2016-2017,CPR de la Côte-Nord,2,3,8.0
2016-2017,CPR de la Côte-Nord,2,4,1.0
2016-2017,CPR de la Côte-Nord,2,5,5.0
2016-2017,CPR de la Côte-Nord,2,6,1.0
2016-2017,CPR de la Côte-Nord,2,7,0.0
2016-2017,CPR de la Côte-Nord,2,8,0.0
2016-2017,CPR de la Côte-Nord,2,9,42.0
2016-2017,CPR de la Côte-Nord,3,1,9.0
2016-2017,CPR de la Côte-Nord,3,2,21.0
2016-2017,CPR de la Côte-Nord,3,3,13.0
2016-2017,CPR de la Côte-Nord,3,4,7.0
2016-2017,CPR de la Côte-Nord,3,5,9.0
2016-2017,CPR de la Côte-Nord,3,6,5.0
2016-2017,CPR de la Côte-Nord,3,7,2.0
2016-2017,CPR de la Côte-Nord,3,8,1.0
2016-2017,CPR de la Côte-Nord,3,9,67.0
2016-2017,CPR de la Côte-Nord,4,1,2.0
2016-2017,CPR de la Côte-Nord,4,2,3.0
2016-2017,CPR de la Côte-Nord,4,3,5.0
2016-2017,CPR de la Côte-Nord,4,4,5.0
2016-2017,CPR de la Côte-Nord,4,5,2.0
2016-2017,CPR de la Côte-Nord,4,6,5.0
2016-2017,CPR de la Côte-Nord,4,7,1.0
2016-2017,CPR de la Côte-Nord,4,8,0.0
2016-2017,CPR de la Côte-Nord,4,9,23.0
2016-2017,CPR de la Côte-Nord,5,1,8.0
2016-2017,CPR de la Côte-Nord,5,2,17.0
2016-2017,CPR de la Côte-Nord,5,3,6.0
2016-2017,CPR de la Côte-Nord,5,4,1.0
2016-2017,CPR de la Côte-Nord,5,5,3.0
2016-2017,CPR de la Côte-Nord,5,6,0.0
2016-2017,CPR de la Côte-Nord,5,7,0.0
2016-2017,CPR de la Côte-Nord,5,8,0.0
2016-2017,CPR de la Côte-Nord,5,9,35.0
2016-2017,CPR de la Côte-Nord,6,1,10.0
2016-2017,CPR de la Côte-Nord,6,2,20.0
2016-2017,CPR de la Côte-Nord,6,3,11.0
2016-2017,CPR de la Côte-Nord,6,4,6.0
2016-2017,CPR de la Côte-Nord,6,5,5.0
2016-2017,CPR de la Côte-Nord,6,6,5.0
2016-2017,CPR de la Côte-Nord,6,7,1.0
2016-2017,CPR de la Côte-Nord,6,8,0.0
2016-2017,CPR de la Côte-Nord,6,9,58.0
2016-2017,CPR de la Côte-Nord,7,1,0.0
2016-2017,CPR de la Côte-Nord,7,2,9.0
2016-2017,CPR de la Côte-Nord,7,3,8.0
2016-2017,CPR de la Côte-Nord,7,4,4.0
2016-2017,CPR de la Côte-Nord,7,5,7.0
2016-2017,CPR de la Côte-Nord,7,6,12.0
2016-2017,CPR de la Côte-Nord,7,7,3.0
2016-2017,CPR de la Côte-Nord,7,8,1.0
2016-2017,CPR de la Côte-Nord,7,9,44.0
2016-2017,CPR de la Côte-Nord,8,1,4.0
2016-2017,CPR de la Côte-Nord,8,2,9.0
2016-2017,CPR de la Côte-Nord,8,3,11.0
2016-2017,CPR de la Côte-Nord,8,4,2.0
2016-2017,CPR de la Côte-Nord,8,5,4.0
2016-2017,CPR de la Côte-Nord,8,6,0.0
2016-2017,CPR de la Côte-Nord,8,7,0.0
2016-2017,CPR de la Côte-Nord,8,8,0.0
2016-2017,CPR de la Côte-Nord,8,9,30.0
2016-2017,CPR de la Côte-Nord,9,1,4.0
2016-2017,CPR de la Côte-Nord,9,2,18.0
2016-2017,CPR de la Côte-Nord,9,3,19.0
2016-2017,CPR de la Côte-Nord,9,4,6.0
2016-2017,CPR de la Côte-Nord,9,5,11.0
2016-2017,CPR de la Côte-Nord,9,6,12.0
2016-2017,CPR de la Côte-Nord,9,7,3.0
2016-2017,CPR de la Côte-Nord,9,8,1.0
2016-2017,CPR de la Côte-Nord,9,9,74.0
2016-2017,CR Estrie Inc.,1,1,0.0
2016-2017,CR Estrie Inc.,1,2,0.0
2016-2017,CR Estrie Inc.,1,3,2.0
2016-2017,CR Estrie Inc.,1,4,1.0
2016-2017,CR Estrie Inc.,1,5,2.0
2016-2017,CR Estrie Inc.,1,6,0.0
2016-2017,CR Estrie Inc.,1,7,0.0
2016-2017,CR Estrie Inc.,1,9,5.0
2016-2017,CR Estrie Inc.,3,1,0.0
2016-2017,CR Estrie Inc.,3,2,0.0
2016-2017,CR Estrie Inc.,3,3,2.0
2016-2017,CR Estrie Inc.,3,4,1.0
2016-2017,CR Estrie Inc.,3,5,2.0
2016-2017,CR Estrie Inc.,3,6,0.0
2016-2017,CR Estrie Inc.,3,7,0.0
2016-2017,CR Estrie Inc.,3,9,5.0
2016-2017,CR Estrie Inc.,4,1,0.0
2016-2017,CR Estrie Inc.,4,2,0.0
2016-2017,CR Estrie Inc.,4,3,0.0
2016-2017,CR Estrie Inc.,4,4,0.0
2016-2017,CR Estrie Inc.,4,5,0.0
2016-2017,CR Estrie Inc.,4,6,2.0
2016-2017,CR Estrie Inc.,4,7,0.0
2016-2017,CR Estrie Inc.,4,8,0.0
2016-2017,CR Estrie Inc.,4,9,2.0
2016-2017,CR Estrie Inc.,6,1,0.0
2016-2017,CR Estrie Inc.,6,2,0.0
2016-2017,CR Estrie Inc.,6,3,0.0
2016-2017,CR Estrie Inc.,6,4,0.0
2016-2017,CR Estrie Inc.,6,5,0.0
2016-2017,CR Estrie Inc.,6,6,2.0
2016-2017,CR Estrie Inc.,6,7,0.0
2016-2017,CR Estrie Inc.,6,8,0.0
2016-2017,CR Estrie Inc.,6,9,2.0
2016-2017,CR Estrie Inc.,7,1,0.0
2016-2017,CR Estrie Inc.,7,2,1.0
2016-2017,CR Estrie Inc.,7,3,3.0
2016-2017,CR Estrie Inc.,7,4,0.0
2016-2017,CR Estrie Inc.,7,5,3.0
2016-2017,CR Estrie Inc.,7,6,4.0
2016-2017,CR Estrie Inc.,7,7,0.0
2016-2017,CR Estrie Inc.,7,8,0.0
2016-2017,CR Estrie Inc.,7,9,11.0
2016-2017,CR Estrie Inc.,8,1,0.0
2016-2017,CR Estrie Inc.,8,2,1.0
2016-2017,CR Estrie Inc.,8,3,0.0
2016-2017,CR Estrie Inc.,8,4,1.0
2016-2017,CR Estrie Inc.,8,5,0.0
2016-2017,CR Estrie Inc.,8,6,0.0
2016-2017,CR Estrie Inc.,8,7,0.0
2016-2017,CR Estrie Inc.,8,8,0.0
2016-2017,CR Estrie Inc.,8,9,2.0
2016-2017,CR Estrie Inc.,9,1,0.0
2016-2017,CR Estrie Inc.,9,2,2.0
2016-2017,CR Estrie Inc.,9,3,3.0
2016-2017,CR Estrie Inc.,9,4,1.0
2016-2017,CR Estrie Inc.,9,5,3.0
2016-2017,CR Estrie Inc.,9,6,4.0
2016-2017,CR Estrie Inc.,9,7,0.0
2016-2017,CR Estrie Inc.,9,8,0.0
2016-2017,CR Estrie Inc.,9,9,13.0
2016-2017,CR La Maison,1,1,0.0
2016-2017,CR La Maison,1,2,0.0
2016-2017,CR La Maison,1,3,1.0
2016-2017,CR La Maison,1,4,0.0
2016-2017,CR La Maison,1,5,0.0
2016-2017,CR La Maison,1,6,0.0
2016-2017,CR La Maison,1,7,0.0
2016-2017,CR La Maison,1,8,0.0
2016-2017,CR La Maison,1,9,1.0
2016-2017,CR La Maison,2,1,32.0
2016-2017,CR La Maison,2,2,49.0
2016-2017,CR La Maison,2,3,14.0
2016-2017,CR La Maison,2,4,5.0
2016-2017,CR La Maison,2,5,7.0
2016-2017,CR La Maison,2,6,3.0
2016-2017,CR La Maison,2,7,0.0
2016-2017,CR La Maison,2,8,0.0
2016-2017,CR La Maison,2,9,110.0
2016-2017,CR La Maison,3,1,32.0
2016-2017,CR La Maison,3,2,49.0
2016-2017,CR La Maison,3,3,15.0
2016-2017,CR La Maison,3,4,5.0
2016-2017,CR La Maison,3,5,7.0
2016-2017,CR La Maison,3,6,3.0
2016-2017,CR La Maison,3,7,0.0
2016-2017,CR La Maison,3,8,0.0
2016-2017,CR La Maison,3,9,111.0
2016-2017,CR La Maison,4,1,0.0
2016-2017,CR La Maison,4,2,0.0
2016-2017,CR La Maison,4,3,1.0
2016-2017,CR La Maison,4,4,0.0
2016-2017,CR La Maison,4,5,0.0
2016-2017,CR La Maison,4,6,0.0
2016-2017,CR La Maison,4,7,0.0
2016-2017,CR La Maison,4,8,0.0
2016-2017,CR La Maison,4,9,1.0
2016-2017,CR La Maison,5,1,21.0
2016-2017,CR La Maison,5,2,26.0
2016-2017,CR La Maison,5,3,5.0
2016-2017,CR La Maison,5,4,4.0
2016-2017,CR La Maison,5,5,3.0
2016-2017,CR La Maison,5,6,1.0
2016-2017,CR La Maison,5,7,0.0
2016-2017,CR La Maison,5,8,0.0
2016-2017,CR La Maison,5,9,60.0
2016-2017,CR La Maison,6,1,21.0
2016-2017,CR La Maison,6,2,26.0
2016-2017,CR La Maison,6,3,6.0
2016-2017,CR La Maison,6,4,4.0
2016-2017,CR La Maison,6,5,3.0
2016-2017,CR La Maison,6,6,1.0
2016-2017,CR La Maison,6,7,0.0
2016-2017,CR La Maison,6,8,0.0
2016-2017,CR La Maison,6,9,61.0
2016-2017,CR La Maison,8,1,4.0
2016-2017,CR La Maison,8,2,8.0
2016-2017,CR La Maison,8,3,8.0
2016-2017,CR La Maison,8,4,3.0
2016-2017,CR La Maison,8,5,2.0
2016-2017,CR La Maison,8,6,0.0
2016-2017,CR La Maison,8,7,0.0
2016-2017,CR La Maison,8,8,0.0
2016-2017,CR La Maison,8,9,25.0
2016-2017,CR La Maison,9,1,4.0
2016-2017,CR La Maison,9,2,8.0
2016-2017,CR La Maison,9,3,8.0
2016-2017,CR La Maison,9,4,3.0
2016-2017,CR La Maison,9,5,2.0
2016-2017,CR La Maison,9,6,0.0
2016-2017,CR La Maison,9,7,0.0
2016-2017,CR La Maison,9,8,0.0
2016-2017,CR La Maison,9,9,25.0
2016-2017,CR La Myriade,1,1,27.0
2016-2017,CR La Myriade,1,2,22.0
2016-2017,CR La Myriade,1,3,28.0
2016-2017,CR La Myriade,1,4,28.0
2016-2017,CR La Myriade,1,5,63.0
2016-2017,CR La Myriade,1,6,20.0
2016-2017,CR La Myriade,1,7,3.0
2016-2017,CR La Myriade,1,8,0.0
2016-2017,CR La Myriade,1,9,191.0
2016-2017,CR La Myriade,2,1,88.0
2016-2017,CR La Myriade,2,2,136.0
2016-2017,CR La Myriade,2,3,63.0
2016-2017,CR La Myriade,2,4,35.0
2016-2017,CR La Myriade,2,5,20.0
2016-2017,CR La Myriade,2,6,2.0
2016-2017,CR La Myriade,2,7,0.0
2016-2017,CR La Myriade,2,8,0.0
2016-2017,CR La Myriade,2,9,344.0
2016-2017,CR La Myriade,3,1,115.0
2016-2017,CR La Myriade,3,2,158.0
2016-2017,CR La Myriade,3,3,91.0
2016-2017,CR La Myriade,3,4,63.0
2016-2017,CR La Myriade,3,5,83.0
2016-2017,CR La Myriade,3,6,22.0
2016-2017,CR La Myriade,3,7,3.0
2016-2017,CR La Myriade,3,8,0.0
2016-2017,CR La Myriade,3,9,535.0
2016-2017,CR La Myriade,4,1,20.0
2016-2017,CR La Myriade,4,2,25.0
2016-2017,CR La Myriade,4,3,30.0
2016-2017,CR La Myriade,4,4,19.0
2016-2017,CR La Myriade,4,5,31.0
2016-2017,CR La Myriade,4,6,20.0
2016-2017,CR La Myriade,4,7,1.0
2016-2017,CR La Myriade,4,8,0.0
2016-2017,CR La Myriade,4,9,146.0
2016-2017,CR La Myriade,5,1,73.0
2016-2017,CR La Myriade,5,2,111.0
2016-2017,CR La Myriade,5,3,61.0
2016-2017,CR La Myriade,5,4,19.0
2016-2017,CR La Myriade,5,5,8.0
2016-2017,CR La Myriade,5,6,1.0
2016-2017,CR La Myriade,5,7,0.0
2016-2017,CR La Myriade,5,8,0.0
2016-2017,CR La Myriade,5,9,273.0
2016-2017,CR La Myriade,6,1,93.0
2016-2017,CR La Myriade,6,2,136.0
2016-2017,CR La Myriade,6,3,91.0
2016-2017,CR La Myriade,6,4,38.0
2016-2017,CR La Myriade,6,5,39.0
2016-2017,CR La Myriade,6,6,21.0
2016-2017,CR La Myriade,6,7,1.0
2016-2017,CR La Myriade,6,8,0.0
2016-2017,CR La Myriade,6,9,419.0
2016-2017,CR La Myriade,7,1,5.0
2016-2017,CR La Myriade,7,2,31.0
2016-2017,CR La Myriade,7,3,13.0
2016-2017,CR La Myriade,7,4,17.0
2016-2017,CR La Myriade,7,5,53.0
2016-2017,CR La Myriade,7,6,15.0
2016-2017,CR La Myriade,7,7,5.0
2016-2017,CR La Myriade,7,8,0.0
2016-2017,CR La Myriade,7,9,139.0
2016-2017,CR La Myriade,8,1,37.0
2016-2017,CR La Myriade,8,2,152.0
2016-2017,CR La Myriade,8,3,61.0
2016-2017,CR La Myriade,8,4,29.0
2016-2017,CR La Myriade,8,5,14.0
2016-2017,CR La Myriade,8,6,3.0
2016-2017,CR La Myriade,8,7,0.0
2016-2017,CR La Myriade,8,8,0.0
2016-2017,CR La Myriade,8,9,296.0
2016-2017,CR La Myriade,9,1,42.0
2016-2017,CR La Myriade,9,2,183.0
2016-2017,CR La Myriade,9,3,74.0
2016-2017,CR La Myriade,9,4,46.0
2016-2017,CR La Myriade,9,5,67.0
2016-2017,CR La Myriade,9,6,18.0
2016-2017,CR La Myriade,9,7,5.0
2016-2017,CR La Myriade,9,8,0.0
2016-2017,CR La Myriade,9,9,435.0
2016-2017,CR de l'Ouest de Montréal,1,1,29.0
2016-2017,CR de l'Ouest de Montréal,1,2,8.0
2016-2017,CR de l'Ouest de Montréal,1,3,9.0
2016-2017,CR de l'Ouest de Montréal,1,4,7.0
2016-2017,CR de l'Ouest de Montréal,1,5,14.0
2016-2017,CR de l'Ouest de Montréal,1,6,2.0
2016-2017,CR de l'Ouest de Montréal,1,7,0.0
2016-2017,CR de l'Ouest de Montréal,1,8,0.0
2016-2017,CR de l'Ouest de Montréal,1,9,69.0
2016-2017,CR de l'Ouest de Montréal,2,1,108.0
2016-2017,CR de l'Ouest de Montréal,2,2,58.0
2016-2017,CR de l'Ouest de Montréal,2,3,12.0
2016-2017,CR de l'Ouest de Montréal,2,4,5.0
2016-2017,CR de l'Ouest de Montréal,2,5,7.0
2016-2017,CR de l'Ouest de Montréal,2,6,1.0
2016-2017,CR de l'Ouest de Montréal,2,7,0.0
2016-2017,CR de l'Ouest de Montréal,2,8,0.0
2016-2017,CR de l'Ouest de Montréal,2,9,191.0
2016-2017,CR de l'Ouest de Montréal,3,1,137.0
2016-2017,CR de l'Ouest de Montréal,3,2,66.0
2016-2017,CR de l'Ouest de Montréal,3,3,21.0
2016-2017,CR de l'Ouest de Montréal,3,4,12.0
2016-2017,CR de l'Ouest de Montréal,3,5,21.0
2016-2017,CR de l'Ouest de Montréal,3,6,3.0
2016-2017,CR de l'Ouest de Montréal,3,7,0.0
2016-2017,CR de l'Ouest de Montréal,3,8,0.0
2016-2017,CR de l'Ouest de Montréal,3,9,260.0
2016-2017,CR de l'Ouest de Montréal,4,1,20.0
2016-2017,CR de l'Ouest de Montréal,4,2,10.0
2016-2017,CR de l'Ouest de Montréal,4,3,7.0
2016-2017,CR de l'Ouest de Montréal,4,4,5.0
2016-2017,CR de l'Ouest de Montréal,4,5,10.0
2016-2017,CR de l'Ouest de Montréal,4,6,1.0
2016-2017,CR de l'Ouest de Montréal,4,7,0.0
2016-2017,CR de l'Ouest de Montréal,4,8,0.0
2016-2017,CR de l'Ouest de Montréal,4,9,53.0
2016-2017,CR de l'Ouest de Montréal,5,1,72.0
2016-2017,CR de l'Ouest de Montréal,5,2,39.0
2016-2017,CR de l'Ouest de Montréal,5,3,7.0
2016-2017,CR de l'Ouest de Montréal,5,4,4.0
2016-2017,CR de l'Ouest de Montréal,5,5,3.0
2016-2017,CR de l'Ouest de Montréal,5,6,1.0
2016-2017,CR de l'Ouest de Montréal,5,7,0.0
2016-2017,CR de l'Ouest de Montréal,5,8,0.0
2016-2017,CR de l'Ouest de Montréal,5,9,126.0
2016-2017,CR de l'Ouest de Montréal,6,1,92.0
2016-2017,CR de l'Ouest de Montréal,6,2,49.0
2016-2017,CR de l'Ouest de Montréal,6,3,14.0
2016-2017,CR de l'Ouest de Montréal,6,4,9.0
2016-2017,CR de l'Ouest de Montréal,6,5,13.0
2016-2017,CR de l'Ouest de Montréal,6,6,2.0
2016-2017,CR de l'Ouest de Montréal,6,7,0.0
2016-2017,CR de l'Ouest de Montréal,6,8,0.0
2016-2017,CR de l'Ouest de Montréal,6,9,179.0
2016-2017,CR de l'Ouest de Montréal,7,1,14.0
2016-2017,CR de l'Ouest de Montréal,7,2,32.0
2016-2017,CR de l'Ouest de Montréal,7,3,14.0
2016-2017,CR de l'Ouest de Montréal,7,4,10.0
2016-2017,CR de l'Ouest de Montréal,7,5,34.0
2016-2017,CR de l'Ouest de Montréal,7,6,21.0
2016-2017,CR de l'Ouest de Montréal,7,7,9.0
2016-2017,CR de l'Ouest de Montréal,7,8,3.0
2016-2017,CR de l'Ouest de Montréal,7,9,137.0
2016-2017,CR de l'Ouest de Montréal,8,1,26.0
2016-2017,CR de l'Ouest de Montréal,8,2,111.0
2016-2017,CR de l'Ouest de Montréal,8,3,34.0
2016-2017,CR de l'Ouest de Montréal,8,4,16.0
2016-2017,CR de l'Ouest de Montréal,8,5,20.0
2016-2017,CR de l'Ouest de Montréal,8,6,1.0
2016-2017,CR de l'Ouest de Montréal,8,7,0.0
2016-2017,CR de l'Ouest de Montréal,8,8,0.0
2016-2017,CR de l'Ouest de Montréal,8,9,208.0
2016-2017,CR de l'Ouest de Montréal,9,1,40.0
2016-2017,CR de l'Ouest de Montréal,9,2,143.0
2016-2017,CR de l'Ouest de Montréal,9,3,48.0
2016-2017,CR de l'Ouest de Montréal,9,4,26.0
2016-2017,CR de l'Ouest de Montréal,9,5,54.0
2016-2017,CR de l'Ouest de Montréal,9,6,22.0
2016-2017,CR de l'Ouest de Montréal,9,7,9.0
2016-2017,CR de l'Ouest de Montréal,9,8,3.0
2016-2017,CR de l'Ouest de Montréal,9,9,345.0
2016-2017,CR de la Gaspésie,1,1,3.0
2016-2017,CR de la Gaspésie,1,2,1.0
2016-2017,CR de la Gaspésie,1,3,2.0
2016-2017,CR de la Gaspésie,1,4,2.0
2016-2017,CR de la Gaspésie,1,5,8.0
2016-2017,CR de la Gaspésie,1,6,4.0
2016-2017,CR de la Gaspésie,1,7,2.0
2016-2017,CR de la Gaspésie,1,8,0.0
2016-2017,CR de la Gaspésie,1,9,22.0
2016-2017,CR de la Gaspésie,2,1,11.0
2016-2017,CR de la Gaspésie,2,2,16.0
2016-2017,CR de la Gaspésie,2,3,8.0
2016-2017,CR de la Gaspésie,2,4,1.0
2016-2017,CR de la Gaspésie,2,5,2.0
2016-2017,CR de la Gaspésie,2,6,0.0
2016-2017,CR de la Gaspésie,2,7,0.0
2016-2017,CR de la Gaspésie,2,8,0.0
2016-2017,CR de la Gaspésie,2,9,38.0
2016-2017,CR de la Gaspésie,3,1,14.0
2016-2017,CR de la Gaspésie,3,2,17.0
2016-2017,CR de la Gaspésie,3,3,10.0
2016-2017,CR de la Gaspésie,3,4,3.0
2016-2017,CR de la Gaspésie,3,5,10.0
2016-2017,CR de la Gaspésie,3,6,4.0
2016-2017,CR de la Gaspésie,3,7,2.0
2016-2017,CR de la Gaspésie,3,8,0.0
2016-2017,CR de la Gaspésie,3,9,60.0
2016-2017,CR de la Gaspésie,4,1,3.0
2016-2017,CR de la Gaspésie,4,2,1.0
2016-2017,CR de la Gaspésie,4,3,5.0
2016-2017,CR de la Gaspésie,4,4,2.0
2016-2017,CR de la Gaspésie,4,5,6.0
2016-2017,CR de la Gaspésie,4,6,2.0
2016-2017,CR de la Gaspésie,4,7,2.0
2016-2017,CR de la Gaspésie,4,8,0.0
2016-2017,CR de la Gaspésie,4,9,21.0
2016-2017,CR de la Gaspésie,5,1,7.0
2016-2017,CR de la Gaspésie,5,2,12.0
2016-2017,CR de la Gaspésie,5,3,4.0
2016-2017,CR de la Gaspésie,5,4,1.0
2016-2017,CR de la Gaspésie,5,5,1.0
2016-2017,CR de la Gaspésie,5,6,0.0
2016-2017,CR de la Gaspésie,5,7,0.0
2016-2017,CR de la Gaspésie,5,8,0.0
2016-2017,CR de la Gaspésie,5,9,25.0
2016-2017,CR de la Gaspésie,6,1,10.0
2016-2017,CR de la Gaspésie,6,2,13.0
2016-2017,CR de la Gaspésie,6,3,9.0
2016-2017,CR de la Gaspésie,6,4,3.0
2016-2017,CR de la Gaspésie,6,5,7.0
2016-2017,CR de la Gaspésie,6,6,2.0
2016-2017,CR de la Gaspésie,6,7,2.0
2016-2017,CR de la Gaspésie,6,8,0.0
2016-2017,CR de la Gaspésie,6,9,46.0
2016-2017,CR de la Gaspésie,7,1,0.0
2016-2017,CR de la Gaspésie,7,2,2.0
2016-2017,CR de la Gaspésie,7,3,3.0
2016-2017,CR de la Gaspésie,7,4,2.0
2016-2017,CR de la Gaspésie,7,5,12.0
2016-2017,CR de la Gaspésie,7,6,6.0
2016-2017,CR de la Gaspésie,7,7,5.0
2016-2017,CR de la Gaspésie,7,8,1.0
2016-2017,CR de la Gaspésie,7,9,31.0
2016-2017,CR de la Gaspésie,8,1,1.0
2016-2017,CR de la Gaspésie,8,2,9.0
2016-2017,CR de la Gaspésie,8,3,9.0
2016-2017,CR de la Gaspésie,8,4,5.0
2016-2017,CR de la Gaspésie,8,5,5.0
2016-2017,CR de la Gaspésie,8,6,1.0
2016-2017,CR de la Gaspésie,8,7,0.0
2016-2017,CR de la Gaspésie,8,8,0.0
2016-2017,CR de la Gaspésie,8,9,30.0
2016-2017,CR de la Gaspésie,9,1,1.0
2016-2017,CR de la Gaspésie,9,2,11.0
2016-2017,CR de la Gaspésie,9,3,12.0
2016-2017,CR de la Gaspésie,9,4,7.0
2016-2017,CR de la Gaspésie,9,5,17.0
2016-2017,CR de la Gaspésie,9,6,7.0
2016-2017,CR de la Gaspésie,9,7,5.0
2016-2017,CR de la Gaspésie,9,8,1.0
2016-2017,CR de la Gaspésie,9,9,61.0
2016-2017,CRDI de Québec,1,1,16.0
2016-2017,CRDI de Québec,1,2,16.0
2016-2017,CRDI de Québec,1,3,30.0
2016-2017,CRDI de Québec,1,4,22.0
2016-2017,CRDI de Québec,1,5,39.0
2016-2017,CRDI de Québec,1,6,28.0
2016-2017,CRDI de Québec,1,7,5.0
2016-2017,CRDI de Québec,1,8,1.0
2016-2017,CRDI de Québec,1,9,157.0
2016-2017,CRDI de Québec,2,1,74.0
2016-2017,CRDI de Québec,2,2,146.0
2016-2017,CRDI de Québec,2,3,82.0
2016-2017,CRDI de Québec,2,4,24.0
2016-2017,CRDI de Québec,2,5,12.0
2016-2017,CRDI de Québec,2,6,2.0
2016-2017,CRDI de Québec,2,9,340.0
2016-2017,CRDI de Québec,3,1,90.0
2016-2017,CRDI de Québec,3,2,162.0
2016-2017,CRDI de Québec,3,3,112.0
2016-2017,CRDI de Québec,3,4,46.0
2016-2017,CRDI de Québec,3,5,51.0
2016-2017,CRDI de Québec,3,6,30.0
2016-2017,CRDI de Québec,3,7,5.0
2016-2017,CRDI de Québec,3,8,1.0
2016-2017,CRDI de Québec,3,9,497.0
2016-2017,CRDI de Québec,4,1,15.0
2016-2017,CRDI de Québec,4,2,6.0
2016-2017,CRDI de Québec,4,3,10.0
2016-2017,CRDI de Québec,4,4,17.0
2016-2017,CRDI de Québec,4,5,29.0
2016-2017,CRDI de Québec,4,6,10.0
2016-2017,CRDI de Québec,4,7,1.0
2016-2017,CRDI de Québec,4,8,1.0
2016-2017,CRDI de Québec,4,9,89.0
2016-2017,CRDI de Québec,5,1,64.0
2016-2017,CRDI de Québec,5,2,57.0
2016-2017,CRDI de Québec,5,3,47.0
2016-2017,CRDI de Québec,5,4,23.0
2016-2017,CRDI de Québec,5,5,27.0
2016-2017,CRDI de Québec,5,6,2.0
2016-2017,CRDI de Québec,5,9,220.0
2016-2017,CRDI de Québec,6,1,79.0
2016-2017,CRDI de Québec,6,2,63.0
2016-2017,CRDI de Québec,6,3,57.0
2016-2017,CRDI de Québec,6,4,40.0
2016-2017,CRDI de Québec,6,5,56.0
2016-2017,CRDI de Québec,6,6,12.0
2016-2017,CRDI de Québec,6,7,1.0
2016-2017,CRDI de Québec,6,8,1.0
2016-2017,CRDI de Québec,6,9,309.0
2016-2017,CRDI de Québec,7,1,5.0
2016-2017,CRDI de Québec,7,2,8.0
2016-2017,CRDI de Québec,7,3,7.0
2016-2017,CRDI de Québec,7,4,14.0
2016-2017,CRDI de Québec,7,5,50.0
2016-2017,CRDI de Québec,7,6,37.0
2016-2017,CRDI de Québec,7,7,11.0
2016-2017,CRDI de Québec,7,8,8.0
2016-2017,CRDI de Québec,7,9,140.0
2016-2017,CRDI de Québec,8,1,4.0
2016-2017,CRDI de Québec,8,2,86.0
2016-2017,CRDI de Québec,8,3,67.0
2016-2017,CRDI de Québec,8,4,32.0
2016-2017,CRDI de Québec,8,5,17.0
2016-2017,CRDI de Québec,8,6,2.0
2016-2017,CRDI de Québec,8,9,208.0
2016-2017,CRDI de Québec,9,1,9.0
2016-2017,CRDI de Québec,9,2,94.0
2016-2017,CRDI de Québec,9,3,74.0
2016-2017,CRDI de Québec,9,4,46.0
2016-2017,CRDI de Québec,9,5,67.0
2016-2017,CRDI de Québec,9,6,39.0
2016-2017,CRDI de Québec,9,7,11.0
2016-2017,CRDI de Québec,9,8,8.0
2016-2017,CRDI de Québec,9,9,348.0
2016-2017,CRDITED Chaudière-Appalaches,1,1,35.0
2016-2017,CRDITED Chaudière-Appalaches,1,2,30.0
2016-2017,CRDITED Chaudière-Appalaches,1,3,17.0
2016-2017,CRDITED Chaudière-Appalaches,1,4,36.0
2016-2017,CRDITED Chaudière-Appalaches,1,5,25.0
2016-2017,CRDITED Chaudière-Appalaches,1,6,22.0
2016-2017,CRDITED Chaudière-Appalaches,1,7,4.0
2016-2017,CRDITED Chaudière-Appalaches,1,8,5.0
2016-2017,CRDITED Chaudière-Appalaches,1,9,174.0
2016-2017,CRDITED Chaudière-Appalaches,2,1,33.0
2016-2017,CRDITED Chaudière-Appalaches,2,2,73.0
2016-2017,CRDITED Chaudière-Appalaches,2,3,39.0
2016-2017,CRDITED Chaudière-Appalaches,2,4,21.0
2016-2017,CRDITED Chaudière-Appalaches,2,5,16.0
2016-2017,CRDITED Chaudière-Appalaches,2,6,4.0
2016-2017,CRDITED Chaudière-Appalaches,2,7,0.0
2016-2017,CRDITED Chaudière-Appalaches,2,8,0.0
2016-2017,CRDITED Chaudière-Appalaches,2,9,186.0
2016-2017,CRDITED Chaudière-Appalaches,3,1,68.0
2016-2017,CRDITED Chaudière-Appalaches,3,2,103.0
2016-2017,CRDITED Chaudière-Appalaches,3,3,56.0
2016-2017,CRDITED Chaudière-Appalaches,3,4,57.0
2016-2017,CRDITED Chaudière-Appalaches,3,5,41.0
2016-2017,CRDITED Chaudière-Appalaches,3,6,26.0
2016-2017,CRDITED Chaudière-Appalaches,3,7,4.0
2016-2017,CRDITED Chaudière-Appalaches,3,8,5.0
2016-2017,CRDITED Chaudière-Appalaches,3,9,360.0
2016-2017,CRDITED Chaudière-Appalaches,4,1,28.0
2016-2017,CRDITED Chaudière-Appalaches,4,2,21.0
2016-2017,CRDITED Chaudière-Appalaches,4,3,17.0
2016-2017,CRDITED Chaudière-Appalaches,4,4,25.0
2016-2017,CRDITED Chaudière-Appalaches,4,5,21.0
2016-2017,CRDITED Chaudière-Appalaches,4,6,16.0
2016-2017,CRDITED Chaudière-Appalaches,4,7,2.0
2016-2017,CRDITED Chaudière-Appalaches,4,8,2.0
2016-2017,CRDITED Chaudière-Appalaches,4,9,132.0
2016-2017,CRDITED Chaudière-Appalaches,5,1,30.0
2016-2017,CRDITED Chaudière-Appalaches,5,2,69.0
2016-2017,CRDITED Chaudière-Appalaches,5,3,25.0
2016-2017,CRDITED Chaudière-Appalaches,5,4,11.0
2016-2017,CRDITED Chaudière-Appalaches,5,5,10.0
2016-2017,CRDITED Chaudière-Appalaches,5,6,3.0
2016-2017,CRDITED Chaudière-Appalaches,5,7,0.0
2016-2017,CRDITED Chaudière-Appalaches,5,8,0.0
2016-2017,CRDITED Chaudière-Appalaches,5,9,148.0
2016-2017,CRDITED Chaudière-Appalaches,6,1,58.0
2016-2017,CRDITED Chaudière-Appalaches,6,2,90.0
2016-2017,CRDITED Chaudière-Appalaches,6,3,42.0
2016-2017,CRDITED Chaudière-Appalaches,6,4,36.0
2016-2017,CRDITED Chaudière-Appalaches,6,5,31.0
2016-2017,CRDITED Chaudière-Appalaches,6,6,19.0
2016-2017,CRDITED Chaudière-Appalaches,6,7,2.0
2016-2017,CRDITED Chaudière-Appalaches,6,8,2.0
2016-2017,CRDITED Chaudière-Appalaches,6,9,280.0
2016-2017,CRDITED Chaudière-Appalaches,7,1,3.0
2016-2017,CRDITED Chaudière-Appalaches,7,2,26.0
2016-2017,CRDITED Chaudière-Appalaches,7,3,10.0
2016-2017,CRDITED Chaudière-Appalaches,7,4,10.0
2016-2017,CRDITED Chaudière-Appalaches,7,5,32.0
2016-2017,CRDITED Chaudière-Appalaches,7,6,38.0
2016-2017,CRDITED Chaudière-Appalaches,7,7,9.0
2016-2017,CRDITED Chaudière-Appalaches,7,8,5.0
2016-2017,CRDITED Chaudière-Appalaches,7,9,133.0
2016-2017,CRDITED Chaudière-Appalaches,8,1,3.0
2016-2017,CRDITED Chaudière-Appalaches,8,2,59.0
2016-2017,CRDITED Chaudière-Appalaches,8,3,37.0
2016-2017,CRDITED Chaudière-Appalaches,8,4,20.0
2016-2017,CRDITED Chaudière-Appalaches,8,5,16.0
2016-2017,CRDITED Chaudière-Appalaches,8,6,4.0
2016-2017,CRDITED Chaudière-Appalaches,8,7,0.0
2016-2017,CRDITED Chaudière-Appalaches,8,8,0.0
2016-2017,CRDITED Chaudière-Appalaches,8,9,139.0
2016-2017,CRDITED Chaudière-Appalaches,9,1,6.0
2016-2017,CRDITED Chaudière-Appalaches,9,2,85.0
2016-2017,CRDITED Chaudière-Appalaches,9,3,47.0
2016-2017,CRDITED Chaudière-Appalaches,9,4,30.0
2016-2017,CRDITED Chaudière-Appalaches,9,5,48.0
2016-2017,CRDITED Chaudière-Appalaches,9,6,42.0
2016-2017,CRDITED Chaudière-Appalaches,9,7,9.0
2016-2017,CRDITED Chaudière-Appalaches,9,8,5.0
2016-2017,CRDITED Chaudière-Appalaches,9,9,272.0
2016-2017,CRDITED Mauricie et Centre-du-Québec,1,1,41.0
2016-2017,CRDITED Mauricie et Centre-du-Québec,1,2,19.0
2016-2017,CRDITED Mauricie et Centre-du-Québec,1,3,16.0
2016-2017,CRDITED Mauricie et Centre-du-Québec,1,4,21.0
2016-2017,CRDITED Mauricie et Centre-du-Québec,1,5,32.0
2016-2017,CRDITED Mauricie et Centre-du-Québec,1,6,29.0
2016-2017,CRDITED Mauricie et Centre-du-Québec,1,7,6.0
2016-2017,CRDITED Mauricie et Centre-du-Québec,1,9,164.0
2016-2017,CRDITED Mauricie et Centre-du-Québec,2,1,58.0
2016-2017,CRDITED Mauricie et Centre-du-Québec,2,2,102.0
2016-2017,CRDITED Mauricie et Centre-du-Québec,2,3,55.0
2016-2017,CRDITED Mauricie et Centre-du-Québec,2,4,11.0
2016-2017,CRDITED Mauricie et Centre-du-Québec,2,5,23.0
2016-2017,CRDITED Mauricie et Centre-du-Québec,2,6,1.0
2016-2017,CRDITED Mauricie et Centre-du-Québec,2,9,250.0
2016-2017,CRDITED Mauricie et Centre-du-Québec,3,1,99.0
2016-2017,CRDITED Mauricie et Centre-du-Québec,3,2,121.0
2016-2017,CRDITED Mauricie et Centre-du-Québec,3,3,71.0
2016-2017,CRDITED Mauricie et Centre-du-Québec,3,4,32.0
2016-2017,CRDITED Mauricie et Centre-du-Québec,3,5,55.0
2016-2017,CRDITED Mauricie et Centre-du-Québec,3,6,30.0
2016-2017,CRDITED Mauricie et Centre-du-Québec,3,7,6.0
2016-2017,CRDITED Mauricie et Centre-du-Québec,3,9,414.0
2016-2017,CRDITED Mauricie et Centre-du-Québec,4,1,40.0
2016-2017,CRDITED Mauricie et Centre-du-Québec,4,2,23.0
2016-2017,CRDITED Mauricie et Centre-du-Québec,4,3,19.0
2016-2017,CRDITED Mauricie et Centre-du-Québec,4,4,16.0
2016-2017,CRDITED Mauricie et Centre-du-Québec,4,5,25.0
2016-2017,CRDITED Mauricie et Centre-du-Québec,4,6,15.0
2016-2017,CRDITED Mauricie et Centre-du-Québec,4,7,6.0
2016-2017,CRDITED Mauricie et Centre-du-Québec,4,9,144.0
2016-2017,CRDITED Mauricie et Centre-du-Québec,5,1,34.0
2016-2017,CRDITED Mauricie et Centre-du-Québec,5,2,59.0
2016-2017,CRDITED Mauricie et Centre-du-Québec,5,3,42.0
2016-2017,CRDITED Mauricie et Centre-du-Québec,5,4,7.0
2016-2017,CRDITED Mauricie et Centre-du-Québec,5,5,14.0
2016-2017,CRDITED Mauricie et Centre-du-Québec,5,6,1.0
2016-2017,CRDITED Mauricie et Centre-du-Québec,5,9,157.0
2016-2017,CRDITED Mauricie et Centre-du-Québec,6,1,74.0
2016-2017,CRDITED Mauricie et Centre-du-Québec,6,2,82.0
2016-2017,CRDITED Mauricie et Centre-du-Québec,6,3,61.0
2016-2017,CRDITED Mauricie et Centre-du-Québec,6,4,23.0
2016-2017,CRDITED Mauricie et Centre-du-Québec,6,5,39.0
2016-2017,CRDITED Mauricie et Centre-du-Québec,6,6,16.0
2016-2017,CRDITED Mauricie et Centre-du-Québec,6,7,6.0
2016-2017,CRDITED Mauricie et Centre-du-Québec,6,9,301.0
2016-2017,CRDITED Mauricie et Centre-du-Québec,7,1,10.0
2016-2017,CRDITED Mauricie et Centre-du-Québec,7,2,17.0
2016-2017,CRDITED Mauricie et Centre-du-Québec,7,3,15.0
2016-2017,CRDITED Mauricie et Centre-du-Québec,7,4,13.0
2016-2017,CRDITED Mauricie et Centre-du-Québec,7,5,36.0
2016-2017,CRDITED Mauricie et Centre-du-Québec,7,6,40.0
2016-2017,CRDITED Mauricie et Centre-du-Québec,7,7,10.0
2016-2017,CRDITED Mauricie et Centre-du-Québec,7,8,4.0
2016-2017,CRDITED Mauricie et Centre-du-Québec,7,9,145.0
2016-2017,CRDITED Mauricie et Centre-du-Québec,8,1,6.0
2016-2017,CRDITED Mauricie et Centre-du-Québec,8,2,70.0
2016-2017,CRDITED Mauricie et Centre-du-Québec,8,3,55.0
2016-2017,CRDITED Mauricie et Centre-du-Québec,8,4,15.0
2016-2017,CRDITED Mauricie et Centre-du-Québec,8,5,20.0
2016-2017,CRDITED Mauricie et Centre-du-Québec,8,6,2.0
2016-2017,CRDITED Mauricie et Centre-du-Québec,8,9,168.0
2016-2017,CRDITED Mauricie et Centre-du-Québec,9,1,16.0
2016-2017,CRDITED Mauricie et Centre-du-Québec,9,2,87.0
2016-2017,CRDITED Mauricie et Centre-du-Québec,9,3,70.0
2016-2017,CRDITED Mauricie et Centre-du-Québec,9,4,28.0
2016-2017,CRDITED Mauricie et Centre-du-Québec,9,5,56.0
2016-2017,CRDITED Mauricie et Centre-du-Québec,9,6,42.0
2016-2017,CRDITED Mauricie et Centre-du-Québec,9,7,10.0
2016-2017,CRDITED Mauricie et Centre-du-Québec,9,8,4.0
2016-2017,CRDITED Mauricie et Centre-du-Québec,9,9,313.0
2016-2017,CRDITED de Laval,1,1,32.0
2016-2017,CRDITED de Laval,1,2,13.0
2016-2017,CRDITED de Laval,1,3,23.0
2016-2017,CRDITED de Laval,1,4,9.0
2016-2017,CRDITED de Laval,1,5,15.0
2016-2017,CRDITED de Laval,1,6,7.0
2016-2017,CRDITED de Laval,1,7,1.0
2016-2017,CRDITED de Laval,1,8,0.0
2016-2017,CRDITED de Laval,1,9,100.0
2016-2017,CRDITED de Laval,2,1,77.0
2016-2017,CRDITED de Laval,2,2,80.0
2016-2017,CRDITED de Laval,2,3,32.0
2016-2017,CRDITED de Laval,2,4,19.0
2016-2017,CRDITED de Laval,2,5,7.0
2016-2017,CRDITED de Laval,2,6,2.0
2016-2017,CRDITED de Laval,2,7,0.0
2016-2017,CRDITED de Laval,2,8,0.0
2016-2017,CRDITED de Laval,2,9,217.0
2016-2017,CRDITED de Laval,3,1,109.0
2016-2017,CRDITED de Laval,3,2,93.0
2016-2017,CRDITED de Laval,3,3,55.0
2016-2017,CRDITED de Laval,3,4,28.0
2016-2017,CRDITED de Laval,3,5,22.0
2016-2017,CRDITED de Laval,3,6,9.0
2016-2017,CRDITED de Laval,3,7,1.0
2016-2017,CRDITED de Laval,3,8,0.0
2016-2017,CRDITED de Laval,3,9,317.0
2016-2017,CRDITED de Laval,4,1,12.0
2016-2017,CRDITED de Laval,4,2,12.0
2016-2017,CRDITED de Laval,4,3,19.0
2016-2017,CRDITED de Laval,4,4,11.0
2016-2017,CRDITED de Laval,4,5,6.0
2016-2017,CRDITED de Laval,4,6,3.0
2016-2017,CRDITED de Laval,4,7,1.0
2016-2017,CRDITED de Laval,4,8,0.0
2016-2017,CRDITED de Laval,4,9,64.0
2016-2017,CRDITED de Laval,5,1,63.0
2016-2017,CRDITED de Laval,5,2,69.0
2016-2017,CRDITED de Laval,5,3,22.0
2016-2017,CRDITED de Laval,5,4,13.0
2016-2017,CRDITED de Laval,5,5,7.0
2016-2017,CRDITED de Laval,5,6,3.0
2016-2017,CRDITED de Laval,5,7,0.0
2016-2017,CRDITED de Laval,5,8,0.0
2016-2017,CRDITED de Laval,5,9,177.0
2016-2017,CRDITED de Laval,6,1,75.0
2016-2017,CRDITED de Laval,6,2,81.0
2016-2017,CRDITED de Laval,6,3,41.0
2016-2017,CRDITED de Laval,6,4,24.0
2016-2017,CRDITED de Laval,6,5,13.0
2016-2017,CRDITED de Laval,6,6,6.0
2016-2017,CRDITED de Laval,6,7,1.0
2016-2017,CRDITED de Laval,6,8,0.0
2016-2017,CRDITED de Laval,6,9,241.0
2016-2017,CRDITED de Laval,7,1,16.0
2016-2017,CRDITED de Laval,7,2,34.0
2016-2017,CRDITED de Laval,7,3,16.0
2016-2017,CRDITED de Laval,7,4,18.0
2016-2017,CRDITED de Laval,7,5,33.0
2016-2017,CRDITED de Laval,7,6,15.0
2016-2017,CRDITED de Laval,7,7,2.0
2016-2017,CRDITED de Laval,7,8,2.0
2016-2017,CRDITED de Laval,7,9,136.0
2016-2017,CRDITED de Laval,8,1,9.0
2016-2017,CRDITED de Laval,8,2,128.0
2016-2017,CRDITED de Laval,8,3,27.0
2016-2017,CRDITED de Laval,8,4,25.0
2016-2017,CRDITED de Laval,8,5,16.0
2016-2017,CRDITED de Laval,8,6,0.0
2016-2017,CRDITED de Laval,8,7,0.0
2016-2017,CRDITED de Laval,8,8,0.0
2016-2017,CRDITED de Laval,8,9,205.0
2016-2017,CRDITED de Laval,9,1,25.0
2016-2017,CRDITED de Laval,9,2,162.0
2016-2017,CRDITED de Laval,9,3,43.0
2016-2017,CRDITED de Laval,9,4,43.0
2016-2017,CRDITED de Laval,9,5,49.0
2016-2017,CRDITED de Laval,9,6,15.0
2016-2017,CRDITED de Laval,9,7,2.0
2016-2017,CRDITED de Laval,9,8,2.0
2016-2017,CRDITED de Laval,9,9,341.0
2016-2017,CRDITED de Montréal,1,1,90.0
2016-2017,CRDITED de Montréal,1,2,68.0
2016-2017,CRDITED de Montréal,1,3,42.0
2016-2017,CRDITED de Montréal,1,4,40.0
2016-2017,CRDITED de Montréal,1,5,76.0
2016-2017,CRDITED de Montréal,1,6,21.0
2016-2017,CRDITED de Montréal,1,7,6.0
2016-2017,CRDITED de Montréal,1,9,343.0
2016-2017,CRDITED de Montréal,2,1,286.0
2016-2017,CRDITED de Montréal,2,2,109.0
2016-2017,CRDITED de Montréal,2,3,50.0
2016-2017,CRDITED de Montréal,2,4,32.0
2016-2017,CRDITED de Montréal,2,5,23.0
2016-2017,CRDITED de Montréal,2,6,2.0
2016-2017,CRDITED de Montréal,2,7,1.0
2016-2017,CRDITED de Montréal,2,9,503.0
2016-2017,CRDITED de Montréal,3,1,376.0
2016-2017,CRDITED de Montréal,3,2,177.0
2016-2017,CRDITED de Montréal,3,3,92.0
2016-2017,CRDITED de Montréal,3,4,72.0
2016-2017,CRDITED de Montréal,3,5,99.0
2016-2017,CRDITED de Montréal,3,6,23.0
2016-2017,CRDITED de Montréal,3,7,7.0
2016-2017,CRDITED de Montréal,3,9,846.0
2016-2017,CRDITED de Montréal,4,1,57.0
2016-2017,CRDITED de Montréal,4,2,22.0
2016-2017,CRDITED de Montréal,4,3,27.0
2016-2017,CRDITED de Montréal,4,4,27.0
2016-2017,CRDITED de Montréal,4,5,41.0
2016-2017,CRDITED de Montréal,4,6,17.0
2016-2017,CRDITED de Montréal,4,7,5.0
2016-2017,CRDITED de Montréal,4,8,1.0
2016-2017,CRDITED de Montréal,4,9,197.0
2016-2017,CRDITED de Montréal,5,1,139.0
2016-2017,CRDITED de Montréal,5,2,108.0
2016-2017,CRDITED de Montréal,5,3,40.0
2016-2017,CRDITED de Montréal,5,4,19.0
2016-2017,CRDITED de Montréal,5,5,12.0
2016-2017,CRDITED de Montréal,5,6,2.0
2016-2017,CRDITED de Montréal,5,9,320.0
2016-2017,CRDITED de Montréal,6,1,196.0
2016-2017,CRDITED de Montréal,6,2,130.0
2016-2017,CRDITED de Montréal,6,3,67.0
2016-2017,CRDITED de Montréal,6,4,46.0
2016-2017,CRDITED de Montréal,6,5,53.0
2016-2017,CRDITED de Montréal,6,6,19.0
2016-2017,CRDITED de Montréal,6,7,5.0
2016-2017,CRDITED de Montréal,6,8,1.0
2016-2017,CRDITED de Montréal,6,9,517.0
2016-2017,CRDITED de Montréal,7,1,23.0
2016-2017,CRDITED de Montréal,7,2,64.0
2016-2017,CRDITED de Montréal,7,3,41.0
2016-2017,CRDITED de Montréal,7,4,39.0
2016-2017,CRDITED de Montréal,7,5,85.0
2016-2017,CRDITED de Montréal,7,6,82.0
2016-2017,CRDITED de Montréal,7,7,19.0
2016-2017,CRDITED de Montréal,7,8,4.0
2016-2017,CRDITED de Montréal,7,9,357.0
2016-2017,CRDITED de Montréal,8,1,23.0
2016-2017,CRDITED de Montréal,8,2,194.0
2016-2017,CRDITED de Montréal,8,3,95.0
2016-2017,CRDITED de Montréal,8,4,38.0
2016-2017,CRDITED de Montréal,8,5,28.0
2016-2017,CRDITED de Montréal,8,6,5.0
2016-2017,CRDITED de Montréal,8,7,1.0
2016-2017,CRDITED de Montréal,8,8,1.0
2016-2017,CRDITED de Montréal,8,9,385.0
2016-2017,CRDITED de Montréal,9,1,46.0
2016-2017,CRDITED de Montréal,9,2,258.0
2016-2017,CRDITED de Montréal,9,3,136.0
2016-2017,CRDITED de Montréal,9,4,77.0
2016-2017,CRDITED de Montréal,9,5,113.0
2016-2017,CRDITED de Montréal,9,6,87.0
2016-2017,CRDITED de Montréal,9,7,20.0
2016-2017,CRDITED de Montréal,9,8,5.0
2016-2017,CRDITED de Montréal,9,9,742.0
2016-2017,CRDITED de l'Estrie,1,1,12.0
2016-2017,CRDITED de l'Estrie,1,2,19.0
2016-2017,CRDITED de l'Estrie,1,3,32.0
2016-2017,CRDITED de l'Estrie,1,4,30.0
2016-2017,CRDITED de l'Estrie,1,5,28.0
2016-2017,CRDITED de l'Estrie,1,6,22.0
2016-2017,CRDITED de l'Estrie,1,7,2.0
2016-2017,CRDITED de l'Estrie,1,8,0.0
2016-2017,CRDITED de l'Estrie,1,9,145.0
2016-2017,CRDITED de l'Estrie,2,1,31.0
2016-2017,CRDITED de l'Estrie,2,2,42.0
2016-2017,CRDITED de l'Estrie,2,3,23.0
2016-2017,CRDITED de l'Estrie,2,4,9.0
2016-2017,CRDITED de l'Estrie,2,5,4.0
2016-2017,CRDITED de l'Estrie,2,6,1.0
2016-2017,CRDITED de l'Estrie,2,7,0.0
2016-2017,CRDITED de l'Estrie,2,8,0.0
2016-2017,CRDITED de l'Estrie,2,9,110.0
2016-2017,CRDITED de l'Estrie,3,1,43.0
2016-2017,CRDITED de l'Estrie,3,2,61.0
2016-2017,CRDITED de l'Estrie,3,3,55.0
2016-2017,CRDITED de l'Estrie,3,4,39.0
2016-2017,CRDITED de l'Estrie,3,5,32.0
2016-2017,CRDITED de l'Estrie,3,6,23.0
2016-2017,CRDITED de l'Estrie,3,7,2.0
2016-2017,CRDITED de l'Estrie,3,8,0.0
2016-2017,CRDITED de l'Estrie,3,9,255.0
2016-2017,CRDITED de l'Estrie,4,1,8.0
2016-2017,CRDITED de l'Estrie,4,2,5.0
2016-2017,CRDITED de l'Estrie,4,3,12.0
2016-2017,CRDITED de l'Estrie,4,4,21.0
2016-2017,CRDITED de l'Estrie,4,5,15.0
2016-2017,CRDITED de l'Estrie,4,6,10.0
2016-2017,CRDITED de l'Estrie,4,7,5.0
2016-2017,CRDITED de l'Estrie,4,8,0.0
2016-2017,CRDITED de l'Estrie,4,9,76.0
2016-2017,CRDITED de l'Estrie,5,1,22.0
2016-2017,CRDITED de l'Estrie,5,2,35.0
2016-2017,CRDITED de l'Estrie,5,3,9.0
2016-2017,CRDITED de l'Estrie,5,4,4.0
2016-2017,CRDITED de l'Estrie,5,5,5.0
2016-2017,CRDITED de l'Estrie,5,6,0.0
2016-2017,CRDITED de l'Estrie,5,7,0.0
2016-2017,CRDITED de l'Estrie,5,8,0.0
2016-2017,CRDITED de l'Estrie,5,9,75.0
2016-2017,CRDITED de l'Estrie,6,1,30.0
2016-2017,CRDITED de l'Estrie,6,2,40.0
2016-2017,CRDITED de l'Estrie,6,3,21.0
2016-2017,CRDITED de l'Estrie,6,4,25.0
2016-2017,CRDITED de l'Estrie,6,5,20.0
2016-2017,CRDITED de l'Estrie,6,6,10.0
2016-2017,CRDITED de l'Estrie,6,7,5.0
2016-2017,CRDITED de l'Estrie,6,8,0.0
2016-2017,CRDITED de l'Estrie,6,9,151.0
2016-2017,CRDITED de l'Estrie,7,1,6.0
2016-2017,CRDITED de l'Estrie,7,2,16.0
2016-2017,CRDITED de l'Estrie,7,3,19.0
2016-2017,CRDITED de l'Estrie,7,4,15.0
2016-2017,CRDITED de l'Estrie,7,5,29.0
2016-2017,CRDITED de l'Estrie,7,6,32.0
2016-2017,CRDITED de l'Estrie,7,7,8.0
2016-2017,CRDITED de l'Estrie,7,8,5.0
2016-2017,CRDITED de l'Estrie,7,9,130.0
2016-2017,CRDITED de l'Estrie,8,1,16.0
2016-2017,CRDITED de l'Estrie,8,2,64.0
2016-2017,CRDITED de l'Estrie,8,3,24.0
2016-2017,CRDITED de l'Estrie,8,4,5.0
2016-2017,CRDITED de l'Estrie,8,5,3.0
2016-2017,CRDITED de l'Estrie,8,6,3.0
2016-2017,CRDITED de l'Estrie,8,7,0.0
2016-2017,CRDITED de l'Estrie,8,8,0.0
2016-2017,CRDITED de l'Estrie,8,9,115.0
2016-2017,CRDITED de l'Estrie,9,1,22.0
2016-2017,CRDITED de l'Estrie,9,2,80.0
2016-2017,CRDITED de l'Estrie,9,3,43.0
2016-2017,CRDITED de l'Estrie,9,4,20.0
2016-2017,CRDITED de l'Estrie,9,5,32.0
2016-2017,CRDITED de l'Estrie,9,6,35.0
2016-2017,CRDITED de l'Estrie,9,7,8.0
2016-2017,CRDITED de l'Estrie,9,8,5.0
2016-2017,CRDITED de l'Estrie,9,9,245.0
2016-2017,CRDITED de la Montérégie-Est,1,1,38.0
2016-2017,CRDITED de la Montérégie-Est,1,2,44.0
2016-2017,CRDITED de la Montérégie-Est,1,3,39.0
2016-2017,CRDITED de la Montérégie-Est,1,4,28.0
2016-2017,CRDITED de la Montérégie-Est,1,5,59.0
2016-2017,CRDITED de la Montérégie-Est,1,6,31.0
2016-2017,CRDITED de la Montérégie-Est,1,7,0.0
2016-2017,CRDITED de la Montérégie-Est,1,8,0.0
2016-2017,CRDITED de la Montérégie-Est,1,9,239.0
2016-2017,CRDITED de la Montérégie-Est,2,1,247.0
2016-2017,CRDITED de la Montérégie-Est,2,2,409.0
2016-2017,CRDITED de la Montérégie-Est,2,3,133.0
2016-2017,CRDITED de la Montérégie-Est,2,4,42.0
2016-2017,CRDITED de la Montérégie-Est,2,5,34.0
2016-2017,CRDITED de la Montérégie-Est,2,6,2.0
2016-2017,CRDITED de la Montérégie-Est,2,7,0.0
2016-2017,CRDITED de la Montérégie-Est,2,8,0.0
2016-2017,CRDITED de la Montérégie-Est,2,9,867.0
2016-2017,CRDITED de la Montérégie-Est,3,1,285.0
2016-2017,CRDITED de la Montérégie-Est,3,2,453.0
2016-2017,CRDITED de la Montérégie-Est,3,3,172.0
2016-2017,CRDITED de la Montérégie-Est,3,4,70.0
2016-2017,CRDITED de la Montérégie-Est,3,5,93.0
2016-2017,CRDITED de la Montérégie-Est,3,6,33.0
2016-2017,CRDITED de la Montérégie-Est,3,7,0.0
2016-2017,CRDITED de la Montérégie-Est,3,8,0.0
2016-2017,CRDITED de la Montérégie-Est,3,9,1106.0
2016-2017,CRDITED de la Montérégie-Est,4,1,32.0
2016-2017,CRDITED de la Montérégie-Est,4,2,47.0
2016-2017,CRDITED de la Montérégie-Est,4,3,31.0
2016-2017,CRDITED de la Montérégie-Est,4,4,30.0
2016-2017,CRDITED de la Montérégie-Est,4,5,47.0
2016-2017,CRDITED de la Montérégie-Est,4,6,33.0
2016-2017,CRDITED de la Montérégie-Est,4,7,0.0
2016-2017,CRDITED de la Montérégie-Est,4,8,0.0
2016-2017,CRDITED de la Montérégie-Est,4,9,220.0
2016-2017,CRDITED de la Montérégie-Est,5,1,308.0
2016-2017,CRDITED de la Montérégie-Est,5,2,550.0
2016-2017,CRDITED de la Montérégie-Est,5,3,164.0
2016-2017,CRDITED de la Montérégie-Est,5,4,30.0
2016-2017,CRDITED de la Montérégie-Est,5,5,33.0
2016-2017,CRDITED de la Montérégie-Est,5,6,3.0
2016-2017,CRDITED de la Montérégie-Est,5,7,0.0
2016-2017,CRDITED de la Montérégie-Est,5,8,0.0
2016-2017,CRDITED de la Montérégie-Est,5,9,1088.0
2016-2017,CRDITED de la Montérégie-Est,6,1,340.0
2016-2017,CRDITED de la Montérégie-Est,6,2,597.0
2016-2017,CRDITED de la Montérégie-Est,6,3,195.0
2016-2017,CRDITED de la Montérégie-Est,6,4,60.0
2016-2017,CRDITED de la Montérégie-Est,6,5,80.0
2016-2017,CRDITED de la Montérégie-Est,6,6,36.0
2016-2017,CRDITED de la Montérégie-Est,6,7,0.0
2016-2017,CRDITED de la Montérégie-Est,6,8,0.0
2016-2017,CRDITED de la Montérégie-Est,6,9,1308.0
2016-2017,CRDITED de la Montérégie-Est,7,1,2.0
2016-2017,CRDITED de la Montérégie-Est,7,2,41.0
2016-2017,CRDITED de la Montérégie-Est,7,3,26.0
2016-2017,CRDITED de la Montérégie-Est,7,4,29.0
2016-2017,CRDITED de la Montérégie-Est,7,5,118.0
2016-2017,CRDITED de la Montérégie-Est,7,6,74.0
2016-2017,CRDITED de la Montérégie-Est,7,7,9.0
2016-2017,CRDITED de la Montérégie-Est,7,8,0.0
2016-2017,CRDITED de la Montérégie-Est,7,9,299.0
2016-2017,CRDITED de la Montérégie-Est,8,1,45.0
2016-2017,CRDITED de la Montérégie-Est,8,2,485.0
2016-2017,CRDITED de la Montérégie-Est,8,3,192.0
2016-2017,CRDITED de la Montérégie-Est,8,4,52.0
2016-2017,CRDITED de la Montérégie-Est,8,5,54.0
2016-2017,CRDITED de la Montérégie-Est,8,6,3.0
2016-2017,CRDITED de la Montérégie-Est,8,7,1.0
2016-2017,CRDITED de la Montérégie-Est,8,8,0.0
2016-2017,CRDITED de la Montérégie-Est,8,9,832.0
2016-2017,CRDITED de la Montérégie-Est,9,1,47.0
2016-2017,CRDITED de la Montérégie-Est,9,2,526.0
2016-2017,CRDITED de la Montérégie-Est,9,3,218.0
2016-2017,CRDITED de la Montérégie-Est,9,4,81.0
2016-2017,CRDITED de la Montérégie-Est,9,5,172.0
2016-2017,CRDITED de la Montérégie-Est,9,6,77.0
2016-2017,CRDITED de la Montérégie-Est,9,7,10.0
2016-2017,CRDITED de la Montérégie-Est,9,8,0.0
2016-2017,CRDITED de la Montérégie-Est,9,9,1131.0
2016-2017,CRDITED du Bas-St-Laurent,1,1,20.0
2016-2017,CRDITED du Bas-St-Laurent,1,2,10.0
2016-2017,CRDITED du Bas-St-Laurent,1,3,3.0
2016-2017,CRDITED du Bas-St-Laurent,1,4,14.0
2016-2017,CRDITED du Bas-St-Laurent,1,5,25.0
2016-2017,CRDITED du Bas-St-Laurent,1,6,20.0
2016-2017,CRDITED du Bas-St-Laurent,1,7,2.0
2016-2017,CRDITED du Bas-St-Laurent,1,8,0.0
2016-2017,CRDITED du Bas-St-Laurent,1,9,94.0
2016-2017,CRDITED du Bas-St-Laurent,2,1,16.0
2016-2017,CRDITED du Bas-St-Laurent,2,2,32.0
2016-2017,CRDITED du Bas-St-Laurent,2,3,23.0
2016-2017,CRDITED du Bas-St-Laurent,2,4,7.0
2016-2017,CRDITED du Bas-St-Laurent,2,5,8.0
2016-2017,CRDITED du Bas-St-Laurent,2,6,0.0
2016-2017,CRDITED du Bas-St-Laurent,2,7,1.0
2016-2017,CRDITED du Bas-St-Laurent,2,8,0.0
2016-2017,CRDITED du Bas-St-Laurent,2,9,87.0
2016-2017,CRDITED du Bas-St-Laurent,3,1,36.0
2016-2017,CRDITED du Bas-St-Laurent,3,2,42.0
2016-2017,CRDITED du Bas-St-Laurent,3,3,26.0
2016-2017,CRDITED du Bas-St-Laurent,3,4,21.0
2016-2017,CRDITED du Bas-St-Laurent,3,5,33.0
2016-2017,CRDITED du Bas-St-Laurent,3,6,20.0
2016-2017,CRDITED du Bas-St-Laurent,3,7,3.0
2016-2017,CRDITED du Bas-St-Laurent,3,8,0.0
2016-2017,CRDITED du Bas-St-Laurent,3,9,181.0
2016-2017,CRDITED du Bas-St-Laurent,4,1,16.0
2016-2017,CRDITED du Bas-St-Laurent,4,2,6.0
2016-2017,CRDITED du Bas-St-Laurent,4,3,6.0
2016-2017,CRDITED du Bas-St-Laurent,4,4,9.0
2016-2017,CRDITED du Bas-St-Laurent,4,5,17.0
2016-2017,CRDITED du Bas-St-Laurent,4,6,18.0
2016-2017,CRDITED du Bas-St-Laurent,4,7,1.0
2016-2017,CRDITED du Bas-St-Laurent,4,8,0.0
2016-2017,CRDITED du Bas-St-Laurent,4,9,73.0
2016-2017,CRDITED du Bas-St-Laurent,5,1,15.0
2016-2017,CRDITED du Bas-St-Laurent,5,2,33.0
2016-2017,CRDITED du Bas-St-Laurent,5,3,27.0
2016-2017,CRDITED du Bas-St-Laurent,5,4,14.0
2016-2017,CRDITED du Bas-St-Laurent,5,5,10.0
2016-2017,CRDITED du Bas-St-Laurent,5,6,1.0
2016-2017,CRDITED du Bas-St-Laurent,5,7,0.0
2016-2017,CRDITED du Bas-St-Laurent,5,8,0.0
2016-2017,CRDITED du Bas-St-Laurent,5,9,100.0
2016-2017,CRDITED du Bas-St-Laurent,6,1,31.0
2016-2017,CRDITED du Bas-St-Laurent,6,2,39.0
2016-2017,CRDITED du Bas-St-Laurent,6,3,33.0
2016-2017,CRDITED du Bas-St-Laurent,6,4,23.0
2016-2017,CRDITED du Bas-St-Laurent,6,5,27.0
2016-2017,CRDITED du Bas-St-Laurent,6,6,19.0
2016-2017,CRDITED du Bas-St-Laurent,6,7,1.0
2016-2017,CRDITED du Bas-St-Laurent,6,8,0.0
2016-2017,CRDITED du Bas-St-Laurent,6,9,173.0
2016-2017,CRDITED du Bas-St-Laurent,7,1,4.0
2016-2017,CRDITED du Bas-St-Laurent,7,2,10.0
2016-2017,CRDITED du Bas-St-Laurent,7,3,8.0
2016-2017,CRDITED du Bas-St-Laurent,7,4,7.0
2016-2017,CRDITED du Bas-St-Laurent,7,5,16.0
2016-2017,CRDITED du Bas-St-Laurent,7,6,12.0
2016-2017,CRDITED du Bas-St-Laurent,7,7,6.0
2016-2017,CRDITED du Bas-St-Laurent,7,8,2.0
2016-2017,CRDITED du Bas-St-Laurent,7,9,65.0
2016-2017,CRDITED du Bas-St-Laurent,8,1,3.0
2016-2017,CRDITED du Bas-St-Laurent,8,2,16.0
2016-2017,CRDITED du Bas-St-Laurent,8,3,17.0
2016-2017,CRDITED du Bas-St-Laurent,8,4,12.0
2016-2017,CRDITED du Bas-St-Laurent,8,5,15.0
2016-2017,CRDITED du Bas-St-Laurent,8,6,3.0
2016-2017,CRDITED du Bas-St-Laurent,8,7,0.0
2016-2017,CRDITED du Bas-St-Laurent,8,8,0.0
2016-2017,CRDITED du Bas-St-Laurent,8,9,66.0
2016-2017,CRDITED du Bas-St-Laurent,9,1,7.0
2016-2017,CRDITED du Bas-St-Laurent,9,2,26.0
2016-2017,CRDITED du Bas-St-Laurent,9,3,25.0
2016-2017,CRDITED du Bas-St-Laurent,9,4,19.0
2016-2017,CRDITED du Bas-St-Laurent,9,5,31.0
2016-2017,CRDITED du Bas-St-Laurent,9,6,15.0
2016-2017,CRDITED du Bas-St-Laurent,9,7,6.0
2016-2017,CRDITED du Bas-St-Laurent,9,8,2.0
2016-2017,CRDITED du Bas-St-Laurent,9,9,131.0
2016-2017,CRDITED du SaguenayLac-St-Jean,1,1,34.0
2016-2017,CRDITED du SaguenayLac-St-Jean,1,2,11.0
2016-2017,CRDITED du SaguenayLac-St-Jean,1,3,22.0
2016-2017,CRDITED du SaguenayLac-St-Jean,1,4,23.0
2016-2017,CRDITED du SaguenayLac-St-Jean,1,5,17.0
2016-2017,CRDITED du SaguenayLac-St-Jean,1,6,15.0
2016-2017,CRDITED du SaguenayLac-St-Jean,1,7,0.0
2016-2017,CRDITED du SaguenayLac-St-Jean,1,8,2.0
2016-2017,CRDITED du SaguenayLac-St-Jean,1,9,124.0
2016-2017,CRDITED du SaguenayLac-St-Jean,2,1,12.0
2016-2017,CRDITED du SaguenayLac-St-Jean,2,2,26.0
2016-2017,CRDITED du SaguenayLac-St-Jean,2,3,17.0
2016-2017,CRDITED du SaguenayLac-St-Jean,2,4,15.0
2016-2017,CRDITED du SaguenayLac-St-Jean,2,5,10.0
2016-2017,CRDITED du SaguenayLac-St-Jean,2,6,2.0
2016-2017,CRDITED du SaguenayLac-St-Jean,2,7,0.0
2016-2017,CRDITED du SaguenayLac-St-Jean,2,8,0.0
2016-2017,CRDITED du SaguenayLac-St-Jean,2,9,82.0
2016-2017,CRDITED du SaguenayLac-St-Jean,3,1,46.0
2016-2017,CRDITED du SaguenayLac-St-Jean,3,2,37.0
2016-2017,CRDITED du SaguenayLac-St-Jean,3,3,39.0
2016-2017,CRDITED du SaguenayLac-St-Jean,3,4,38.0
2016-2017,CRDITED du SaguenayLac-St-Jean,3,5,27.0
2016-2017,CRDITED du SaguenayLac-St-Jean,3,6,17.0
2016-2017,CRDITED du SaguenayLac-St-Jean,3,7,0.0
2016-2017,CRDITED du SaguenayLac-St-Jean,3,8,2.0
2016-2017,CRDITED du SaguenayLac-St-Jean,3,9,206.0
2016-2017,CRDITED du SaguenayLac-St-Jean,4,1,26.0
2016-2017,CRDITED du SaguenayLac-St-Jean,4,2,12.0
2016-2017,CRDITED du SaguenayLac-St-Jean,4,3,20.0
2016-2017,CRDITED du SaguenayLac-St-Jean,4,4,23.0
2016-2017,CRDITED du SaguenayLac-St-Jean,4,5,16.0
2016-2017,CRDITED du SaguenayLac-St-Jean,4,6,8.0
2016-2017,CRDITED du SaguenayLac-St-Jean,4,7,0.0
2016-2017,CRDITED du SaguenayLac-St-Jean,4,8,0.0
2016-2017,CRDITED du SaguenayLac-St-Jean,4,9,105.0
2016-2017,CRDITED du SaguenayLac-St-Jean,5,1,8.0
2016-2017,CRDITED du SaguenayLac-St-Jean,5,2,22.0
2016-2017,CRDITED du SaguenayLac-St-Jean,5,3,14.0
2016-2017,CRDITED du SaguenayLac-St-Jean,5,4,11.0
2016-2017,CRDITED du SaguenayLac-St-Jean,5,5,7.0
2016-2017,CRDITED du SaguenayLac-St-Jean,5,6,2.0
2016-2017,CRDITED du SaguenayLac-St-Jean,5,7,0.0
2016-2017,CRDITED du SaguenayLac-St-Jean,5,8,0.0
2016-2017,CRDITED du SaguenayLac-St-Jean,5,9,64.0
2016-2017,CRDITED du SaguenayLac-St-Jean,6,1,34.0
2016-2017,CRDITED du SaguenayLac-St-Jean,6,2,34.0
2016-2017,CRDITED du SaguenayLac-St-Jean,6,3,34.0
2016-2017,CRDITED du SaguenayLac-St-Jean,6,4,34.0
2016-2017,CRDITED du SaguenayLac-St-Jean,6,5,23.0
2016-2017,CRDITED du SaguenayLac-St-Jean,6,6,10.0
2016-2017,CRDITED du SaguenayLac-St-Jean,6,7,0.0
2016-2017,CRDITED du SaguenayLac-St-Jean,6,8,0.0
2016-2017,CRDITED du SaguenayLac-St-Jean,6,9,169.0
2016-2017,CRDITED du SaguenayLac-St-Jean,7,1,5.0
2016-2017,CRDITED du SaguenayLac-St-Jean,7,2,32.0
2016-2017,CRDITED du SaguenayLac-St-Jean,7,3,14.0
2016-2017,CRDITED du SaguenayLac-St-Jean,7,4,10.0
2016-2017,CRDITED du SaguenayLac-St-Jean,7,5,30.0
2016-2017,CRDITED du SaguenayLac-St-Jean,7,6,28.0
2016-2017,CRDITED du SaguenayLac-St-Jean,7,7,3.0
2016-2017,CRDITED du SaguenayLac-St-Jean,7,8,7.0
2016-2017,CRDITED du SaguenayLac-St-Jean,7,9,129.0
2016-2017,CRDITED du SaguenayLac-St-Jean,8,1,1.0
2016-2017,CRDITED du SaguenayLac-St-Jean,8,2,32.0
2016-2017,CRDITED du SaguenayLac-St-Jean,8,3,14.0
2016-2017,CRDITED du SaguenayLac-St-Jean,8,4,7.0
2016-2017,CRDITED du SaguenayLac-St-Jean,8,5,11.0
2016-2017,CRDITED du SaguenayLac-St-Jean,8,6,2.0
2016-2017,CRDITED du SaguenayLac-St-Jean,8,7,0.0
2016-2017,CRDITED du SaguenayLac-St-Jean,8,8,0.0
2016-2017,CRDITED du SaguenayLac-St-Jean,8,9,67.0
2016-2017,CRDITED du SaguenayLac-St-Jean,9,1,6.0
2016-2017,CRDITED du SaguenayLac-St-Jean,9,2,64.0
2016-2017,CRDITED du SaguenayLac-St-Jean,9,3,28.0
2016-2017,CRDITED du SaguenayLac-St-Jean,9,4,17.0
2016-2017,CRDITED du SaguenayLac-St-Jean,9,5,41.0
2016-2017,CRDITED du SaguenayLac-St-Jean,9,6,30.0
2016-2017,CRDITED du SaguenayLac-St-Jean,9,7,3.0
2016-2017,CRDITED du SaguenayLac-St-Jean,9,8,7.0
2016-2017,CRDITED du SaguenayLac-St-Jean,9,9,196.0
2016-2017,CSSS de Charlevoix,1,1,1.0
2016-2017,CSSS de Charlevoix,1,2,1.0
2016-2017,CSSS de Charlevoix,1,3,1.0
2016-2017,CSSS de Charlevoix,1,5,5.0
2016-2017,CSSS de Charlevoix,1,6,2.0
2016-2017,CSSS de Charlevoix,1,8,1.0
2016-2017,CSSS de Charlevoix,1,9,11.0
2016-2017,CSSS de Charlevoix,2,2,2.0
2016-2017,CSSS de Charlevoix,2,9,2.0
2016-2017,CSSS de Charlevoix,3,1,1.0
2016-2017,CSSS de Charlevoix,3,2,3.0
2016-2017,CSSS de Charlevoix,3,3,1.0
2016-2017,CSSS de Charlevoix,3,5,5.0
2016-2017,CSSS de Charlevoix,3,6,2.0
2016-2017,CSSS de Charlevoix,3,8,1.0
2016-2017,CSSS de Charlevoix,3,9,13.0
2016-2017,CSSS de Charlevoix,4,1,2.0
2016-2017,CSSS de Charlevoix,4,3,1.0
2016-2017,CSSS de Charlevoix,4,4,1.0
2016-2017,CSSS de Charlevoix,4,5,7.0
2016-2017,CSSS de Charlevoix,4,6,2.0
2016-2017,CSSS de Charlevoix,4,8,1.0
2016-2017,CSSS de Charlevoix,4,9,14.0
2016-2017,CSSS de Charlevoix,5,2,1.0
2016-2017,CSSS de Charlevoix,5,9,1.0
2016-2017,CSSS de Charlevoix,6,1,2.0
2016-2017,CSSS de Charlevoix,6,2,1.0
2016-2017,CSSS de Charlevoix,6,3,1.0
2016-2017,CSSS de Charlevoix,6,4,1.0
2016-2017,CSSS de Charlevoix,6,5,7.0
2016-2017,CSSS de Charlevoix,6,6,2.0
2016-2017,CSSS de Charlevoix,6,8,1.0
2016-2017,CSSS de Charlevoix,6,9,15.0
2016-2017,CSSS de Charlevoix,7,2,1.0
2016-2017,CSSS de Charlevoix,7,4,1.0
2016-2017,CSSS de Charlevoix,7,5,4.0
2016-2017,CSSS de Charlevoix,7,6,3.0
2016-2017,CSSS de Charlevoix,7,7,10.0
2016-2017,CSSS de Charlevoix,7,8,7.0
2016-2017,CSSS de Charlevoix,7,9,26.0
2016-2017,CSSS de Charlevoix,8,1,1.0
2016-2017,CSSS de Charlevoix,8,3,1.0
2016-2017,CSSS de Charlevoix,8,9,2.0
2016-2017,CSSS de Charlevoix,9,1,1.0
2016-2017,CSSS de Charlevoix,9,2,1.0
2016-2017,CSSS de Charlevoix,9,3,1.0
2016-2017,CSSS de Charlevoix,9,4,1.0
2016-2017,CSSS de Charlevoix,9,5,4.0
2016-2017,CSSS de Charlevoix,9,6,3.0
2016-2017,CSSS de Charlevoix,9,7,10.0
2016-2017,CSSS de Charlevoix,9,8,7.0
2016-2017,CSSS de Charlevoix,9,9,28.0
2016-2017,CSSS des Îles,1,4,2.0
2016-2017,CSSS des Îles,1,9,2.0
2016-2017,CSSS des Îles,2,2,1.0
2016-2017,CSSS des Îles,2,3,1.0
2016-2017,CSSS des Îles,2,4,2.0
2016-2017,CSSS des Îles,2,9,4.0
2016-2017,CSSS des Îles,3,2,1.0
2016-2017,CSSS des Îles,3,3,1.0
2016-2017,CSSS des Îles,3,4,4.0
2016-2017,CSSS des Îles,3,9,6.0
2016-2017,CSSS des Îles,4,4,1.0
2016-2017,CSSS des Îles,4,6,1.0
2016-2017,CSSS des Îles,4,9,2.0
2016-2017,CSSS des Îles,5,2,1.0
2016-2017,CSSS des Îles,5,3,1.0
2016-2017,CSSS des Îles,5,9,2.0
2016-2017,CSSS des Îles,6,2,1.0
2016-2017,CSSS des Îles,6,3,1.0
2016-2017,CSSS des Îles,6,4,1.0
2016-2017,CSSS des Îles,6,6,1.0
2016-2017,CSSS des Îles,6,9,4.0
2016-2017,CSSS des Îles,7,5,1.0
2016-2017,CSSS des Îles,7,6,1.0
2016-2017,CSSS des Îles,7,7,1.0
2016-2017,CSSS des Îles,7,9,3.0
2016-2017,CSSS des Îles,8,5,2.0
2016-2017,CSSS des Îles,8,6,1.0
2016-2017,CSSS des Îles,8,9,3.0
2016-2017,CSSS des Îles,9,5,3.0
2016-2017,CSSS des Îles,9,6,2.0
2016-2017,CSSS des Îles,9,7,1.0
2016-2017,CSSS des Îles,9,9,6.0
2016-2017,Centre Miriam,1,1,25.0
2016-2017,Centre Miriam,1,2,12.0
2016-2017,Centre Miriam,1,3,16.0
2016-2017,Centre Miriam,1,4,10.0
2016-2017,Centre Miriam,1,5,19.0
2016-2017,Centre Miriam,1,6,5.0
2016-2017,Centre Miriam,1,7,1.0
2016-2017,Centre Miriam,1,8,0.0
2016-2017,Centre Miriam,1,9,88.0
2016-2017,Centre Miriam,2,1,77.0
2016-2017,Centre Miriam,2,2,68.0
2016-2017,Centre Miriam,2,3,25.0
2016-2017,Centre Miriam,2,4,7.0
2016-2017,Centre Miriam,2,5,4.0
2016-2017,Centre Miriam,2,6,1.0
2016-2017,Centre Miriam,2,7,0.0
2016-2017,Centre Miriam,2,8,0.0
2016-2017,Centre Miriam,2,9,182.0
2016-2017,Centre Miriam,3,1,102.0
2016-2017,Centre Miriam,3,2,80.0
2016-2017,Centre Miriam,3,3,41.0
2016-2017,Centre Miriam,3,4,17.0
2016-2017,Centre Miriam,3,5,23.0
2016-2017,Centre Miriam,3,6,6.0
2016-2017,Centre Miriam,3,7,1.0
2016-2017,Centre Miriam,3,8,0.0
2016-2017,Centre Miriam,3,9,270.0
2016-2017,Centre Miriam,4,1,16.0
2016-2017,Centre Miriam,4,2,2.0
2016-2017,Centre Miriam,4,3,5.0
2016-2017,Centre Miriam,4,4,2.0
2016-2017,Centre Miriam,4,5,11.0
2016-2017,Centre Miriam,4,6,3.0
2016-2017,Centre Miriam,4,7,0.0
2016-2017,Centre Miriam,4,8,0.0
2016-2017,Centre Miriam,4,9,39.0
2016-2017,Centre Miriam,5,1,20.0
2016-2017,Centre Miriam,5,2,26.0
2016-2017,Centre Miriam,5,3,12.0
2016-2017,Centre Miriam,5,4,4.0
2016-2017,Centre Miriam,5,5,2.0
2016-2017,Centre Miriam,5,6,1.0
2016-2017,Centre Miriam,5,7,0.0
2016-2017,Centre Miriam,5,8,0.0
2016-2017,Centre Miriam,5,9,65.0
2016-2017,Centre Miriam,6,1,36.0
2016-2017,Centre Miriam,6,2,28.0
2016-2017,Centre Miriam,6,3,17.0
2016-2017,Centre Miriam,6,4,6.0
2016-2017,Centre Miriam,6,5,13.0
2016-2017,Centre Miriam,6,6,4.0
2016-2017,Centre Miriam,6,7,0.0
2016-2017,Centre Miriam,6,8,0.0
2016-2017,Centre Miriam,6,9,104.0
2016-2017,Centre Miriam,7,1,8.0
2016-2017,Centre Miriam,7,2,11.0
2016-2017,Centre Miriam,7,3,14.0
2016-2017,Centre Miriam,7,4,8.0
2016-2017,Centre Miriam,7,5,7.0
2016-2017,Centre Miriam,7,6,7.0
2016-2017,Centre Miriam,7,7,3.0
2016-2017,Centre Miriam,7,8,0.0
2016-2017,Centre Miriam,7,9,58.0
2016-2017,Centre Miriam,8,1,4.0
2016-2017,Centre Miriam,8,2,47.0
2016-2017,Centre Miriam,8,3,18.0
2016-2017,Centre Miriam,8,4,6.0
2016-2017,Centre Miriam,8,5,5.0
2016-2017,Centre Miriam,8,6,1.0
2016-2017,Centre Miriam,8,7,0.0
2016-2017,Centre Miriam,8,8,0.0
2016-2017,Centre Miriam,8,9,81.0
2016-2017,Centre Miriam,9,1,12.0
2016-2017,Centre Miriam,9,2,58.0
2016-2017,Centre Miriam,9,3,32.0
2016-2017,Centre Miriam,9,4,14.0
2016-2017,Centre Miriam,9,5,12.0
2016-2017,Centre Miriam,9,6,8.0
2016-2017,Centre Miriam,9,7,3.0
2016-2017,Centre Miriam,9,8,0.0
2016-2017,Centre Miriam,9,9,139.0
2016-2017,Centre du Florès,1,1,20.0
2016-2017,Centre du Florès,1,2,14.0
2016-2017,Centre du Florès,1,3,20.0
2016-2017,Centre du Florès,1,4,51.0
2016-2017,Centre du Florès,1,5,201.0
2016-2017,Centre du Florès,1,6,120.0
2016-2017,Centre du Florès,1,7,16.0
2016-2017,Centre du Florès,1,8,2.0
2016-2017,Centre du Florès,1,9,444.0
2016-2017,Centre du Florès,2,1,41.0
2016-2017,Centre du Florès,2,2,89.0
2016-2017,Centre du Florès,2,3,40.0
2016-2017,Centre du Florès,2,4,13.0
2016-2017,Centre du Florès,2,5,13.0
2016-2017,Centre du Florès,2,6,1.0
2016-2017,Centre du Florès,2,7,1.0
2016-2017,Centre du Florès,2,8,0.0
2016-2017,Centre du Florès,2,9,198.0
2016-2017,Centre du Florès,3,1,61.0
2016-2017,Centre du Florès,3,2,103.0
2016-2017,Centre du Florès,3,3,60.0
2016-2017,Centre du Florès,3,4,64.0
2016-2017,Centre du Florès,3,5,214.0
2016-2017,Centre du Florès,3,6,121.0
2016-2017,Centre du Florès,3,7,17.0
2016-2017,Centre du Florès,3,8,2.0
2016-2017,Centre du Florès,3,9,642.0
2016-2017,Centre du Florès,4,1,32.0
2016-2017,Centre du Florès,4,2,22.0
2016-2017,Centre du Florès,4,3,22.0
2016-2017,Centre du Florès,4,4,46.0
2016-2017,Centre du Florès,4,5,168.0
2016-2017,Centre du Florès,4,6,94.0
2016-2017,Centre du Florès,4,7,12.0
2016-2017,Centre du Florès,4,8,1.0
2016-2017,Centre du Florès,4,9,397.0
2016-2017,Centre du Florès,5,1,36.0
2016-2017,Centre du Florès,5,2,87.0
2016-2017,Centre du Florès,5,3,43.0
2016-2017,Centre du Florès,5,4,16.0
2016-2017,Centre du Florès,5,5,11.0
2016-2017,Centre du Florès,5,6,2.0
2016-2017,Centre du Florès,5,7,1.0
2016-2017,Centre du Florès,5,8,0.0
2016-2017,Centre du Florès,5,9,196.0
2016-2017,Centre du Florès,6,1,68.0
2016-2017,Centre du Florès,6,2,109.0
2016-2017,Centre du Florès,6,3,65.0
2016-2017,Centre du Florès,6,4,62.0
2016-2017,Centre du Florès,6,5,179.0
2016-2017,Centre du Florès,6,6,96.0
2016-2017,Centre du Florès,6,7,13.0
2016-2017,Centre du Florès,6,8,1.0
2016-2017,Centre du Florès,6,9,593.0
2016-2017,Centre du Florès,7,1,4.0
2016-2017,Centre du Florès,7,2,41.0
2016-2017,Centre du Florès,7,3,22.0
2016-2017,Centre du Florès,7,4,39.0
2016-2017,Centre du Florès,7,5,182.0
2016-2017,Centre du Florès,7,6,122.0
2016-2017,Centre du Florès,7,7,27.0
2016-2017,Centre du Florès,7,8,2.0
2016-2017,Centre du Florès,7,9,439.0
2016-2017,Centre du Florès,8,1,5.0
2016-2017,Centre du Florès,8,2,89.0
2016-2017,Centre du Florès,8,3,41.0
2016-2017,Centre du Florès,8,4,22.0
2016-2017,Centre du Florès,8,5,10.0
2016-2017,Centre du Florès,8,6,1.0
2016-2017,Centre du Florès,8,7,0.0
2016-2017,Centre du Florès,8,8,0.0
2016-2017,Centre du Florès,8,9,168.0
2016-2017,Centre du Florès,9,1,9.0
2016-2017,Centre du Florès,9,2,130.0
2016-2017,Centre du Florès,9,3,63.0
2016-2017,Centre du Florès,9,4,61.0
2016-2017,Centre du Florès,9,5,192.0
2016-2017,Centre du Florès,9,6,123.0
2016-2017,Centre du Florès,9,7,27.0
2016-2017,Centre du Florès,9,8,2.0
2016-2017,Centre du Florès,9,9,607.0
2016-2017,Clair Foyer Inc.,1,1,11.0
2016-2017,Clair Foyer Inc.,1,2,11.0
2016-2017,Clair Foyer Inc.,1,3,17.0
2016-2017,Clair Foyer Inc.,1,4,7.0
2016-2017,Clair Foyer Inc.,1,5,16.0
2016-2017,Clair Foyer Inc.,1,6,13.0
2016-2017,Clair Foyer Inc.,1,7,2.0
2016-2017,Clair Foyer Inc.,1,8,0.0
2016-2017,Clair Foyer Inc.,1,9,77.0
2016-2017,Clair Foyer Inc.,3,1,11.0
2016-2017,Clair Foyer Inc.,3,2,11.0
2016-2017,Clair Foyer Inc.,3,3,17.0
2016-2017,Clair Foyer Inc.,3,4,7.0
2016-2017,Clair Foyer Inc.,3,5,16.0
2016-2017,Clair Foyer Inc.,3,6,13.0
2016-2017,Clair Foyer Inc.,3,7,2.0
2016-2017,Clair Foyer Inc.,3,8,0.0
2016-2017,Clair Foyer Inc.,3,9,77.0
2016-2017,Clair Foyer Inc.,4,1,7.0
2016-2017,Clair Foyer Inc.,4,2,7.0
2016-2017,Clair Foyer Inc.,4,3,7.0
2016-2017,Clair Foyer Inc.,4,4,4.0
2016-2017,Clair Foyer Inc.,4,5,16.0
2016-2017,Clair Foyer Inc.,4,6,9.0
2016-2017,Clair Foyer Inc.,4,7,2.0
2016-2017,Clair Foyer Inc.,4,8,0.0
2016-2017,Clair Foyer Inc.,4,9,52.0
2016-2017,Clair Foyer Inc.,6,1,7.0
2016-2017,Clair Foyer Inc.,6,2,7.0
2016-2017,Clair Foyer Inc.,6,3,7.0
2016-2017,Clair Foyer Inc.,6,4,4.0
2016-2017,Clair Foyer Inc.,6,5,16.0
2016-2017,Clair Foyer Inc.,6,6,9.0
2016-2017,Clair Foyer Inc.,6,7,2.0
2016-2017,Clair Foyer Inc.,6,8,0.0
2016-2017,Clair Foyer Inc.,6,9,52.0
2016-2017,Clair Foyer Inc.,7,1,6.0
2016-2017,Clair Foyer Inc.,7,2,8.0
2016-2017,Clair Foyer Inc.,7,3,10.0
2016-2017,Clair Foyer Inc.,7,4,4.0
2016-2017,Clair Foyer Inc.,7,5,27.0
2016-2017,Clair Foyer Inc.,7,6,13.0
2016-2017,Clair Foyer Inc.,7,7,5.0
2016-2017,Clair Foyer Inc.,7,8,2.0
2016-2017,Clair Foyer Inc.,7,9,75.0
2016-2017,Clair Foyer Inc.,9,1,6.0
2016-2017,Clair Foyer Inc.,9,2,8.0
2016-2017,Clair Foyer Inc.,9,3,10.0
2016-2017,Clair Foyer Inc.,9,4,4.0
2016-2017,Clair Foyer Inc.,9,5,27.0
2016-2017,Clair Foyer Inc.,9,6,13.0
2016-2017,Clair Foyer Inc.,9,7,5.0
2016-2017,Clair Foyer Inc.,9,8,2.0
2016-2017,Clair Foyer Inc.,9,9,75.0
2016-2017,Pavillon du Parc,1,1,36.0
2016-2017,Pavillon du Parc,1,2,31.0
2016-2017,Pavillon du Parc,1,3,19.0
2016-2017,Pavillon du Parc,1,4,14.0
2016-2017,Pavillon du Parc,1,5,33.0
2016-2017,Pavillon du Parc,1,6,22.0
2016-2017,Pavillon du Parc,1,7,3.0
2016-2017,Pavillon du Parc,1,9,158.0
2016-2017,Pavillon du Parc,2,1,37.0
2016-2017,Pavillon du Parc,2,2,90.0
2016-2017,Pavillon du Parc,2,3,20.0
2016-2017,Pavillon du Parc,2,4,3.0
2016-2017,Pavillon du Parc,2,5,5.0
2016-2017,Pavillon du Parc,2,9,155.0
2016-2017,Pavillon du Parc,3,1,73.0
2016-2017,Pavillon du Parc,3,2,121.0
2016-2017,Pavillon du Parc,3,3,39.0
2016-2017,Pavillon du Parc,3,4,17.0
2016-2017,Pavillon du Parc,3,5,38.0
2016-2017,Pavillon du Parc,3,6,22.0
2016-2017,Pavillon du Parc,3,7,3.0
2016-2017,Pavillon du Parc,3,9,313.0
2016-2017,Pavillon du Parc,4,1,30.0
2016-2017,Pavillon du Parc,4,2,19.0
2016-2017,Pavillon du Parc,4,3,8.0
2016-2017,Pavillon du Parc,4,4,3.0
2016-2017,Pavillon du Parc,4,5,13.0
2016-2017,Pavillon du Parc,4,6,11.0
2016-2017,Pavillon du Parc,4,9,84.0
2016-2017,Pavillon du Parc,5,1,45.0
2016-2017,Pavillon du Parc,5,2,65.0
2016-2017,Pavillon du Parc,5,3,12.0
2016-2017,Pavillon du Parc,5,4,3.0
2016-2017,Pavillon du Parc,5,5,2.0
2016-2017,Pavillon du Parc,5,9,127.0
2016-2017,Pavillon du Parc,6,1,75.0
2016-2017,Pavillon du Parc,6,2,84.0
2016-2017,Pavillon du Parc,6,3,20.0
2016-2017,Pavillon du Parc,6,4,6.0
2016-2017,Pavillon du Parc,6,5,15.0
2016-2017,Pavillon du Parc,6,6,11.0
2016-2017,Pavillon du Parc,6,9,211.0
2016-2017,Pavillon du Parc,7,1,4.0
2016-2017,Pavillon du Parc,7,2,22.0
2016-2017,Pavillon du Parc,7,3,19.0
2016-2017,Pavillon du Parc,7,4,19.0
2016-2017,Pavillon du Parc,7,5,25.0
2016-2017,Pavillon du Parc,7,6,17.0
2016-2017,Pavillon du Parc,7,7,3.0
2016-2017,Pavillon du Parc,7,9,109.0
2016-2017,Pavillon du Parc,8,1,2.0
2016-2017,Pavillon du Parc,8,2,34.0
2016-2017,Pavillon du Parc,8,3,13.0
2016-2017,Pavillon du Parc,8,4,5.0
2016-2017,Pavillon du Parc,8,5,2.0
2016-2017,Pavillon du Parc,8,9,56.0
2016-2017,Pavillon du Parc,9,1,6.0
2016-2017,Pavillon du Parc,9,2,56.0
2016-2017,Pavillon du Parc,9,3,32.0
2016-2017,Pavillon du Parc,9,4,24.0
2016-2017,Pavillon du Parc,9,5,27.0
2016-2017,Pavillon du Parc,9,6,17.0
2016-2017,Pavillon du Parc,9,7,3.0
2016-2017,Pavillon du Parc,9,9,165.0
2016-2017,Réadaptation du Sud-Ouest et du Renfort,1,1,30.0
2016-2017,Réadaptation du Sud-Ouest et du Renfort,1,2,44.0
2016-2017,Réadaptation du Sud-Ouest et du Renfort,1,3,43.0
2016-2017,Réadaptation du Sud-Ouest et du Renfort,1,4,40.0
2016-2017,Réadaptation du Sud-Ouest et du Renfort,1,5,66.0
2016-2017,Réadaptation du Sud-Ouest et du Renfort,1,6,26.0
2016-2017,Réadaptation du Sud-Ouest et du Renfort,1,7,1.0
2016-2017,Réadaptation du Sud-Ouest et du Renfort,1,9,250.0
2016-2017,Réadaptation du Sud-Ouest et du Renfort,2,1,193.0
2016-2017,Réadaptation du Sud-Ouest et du Renfort,2,2,304.0
2016-2017,Réadaptation du Sud-Ouest et du Renfort,2,3,91.0
2016-2017,Réadaptation du Sud-Ouest et du Renfort,2,4,24.0
2016-2017,Réadaptation du Sud-Ouest et du Renfort,2,5,21.0
2016-2017,Réadaptation du Sud-Ouest et du Renfort,2,6,2.0
2016-2017,Réadaptation du Sud-Ouest et du Renfort,2,9,635.0
2016-2017,Réadaptation du Sud-Ouest et du Renfort,3,1,223.0
2016-2017,Réadaptation du Sud-Ouest et du Renfort,3,2,348.0
2016-2017,Réadaptation du Sud-Ouest et du Renfort,3,3,134.0
2016-2017,Réadaptation du Sud-Ouest et du Renfort,3,4,64.0
2016-2017,Réadaptation du Sud-Ouest et du Renfort,3,5,87.0
2016-2017,Réadaptation du Sud-Ouest et du Renfort,3,6,28.0
2016-2017,Réadaptation du Sud-Ouest et du Renfort,3,7,1.0
2016-2017,Réadaptation du Sud-Ouest et du Renfort,3,9,885.0
2016-2017,Réadaptation du Sud-Ouest et du Renfort,4,1,20.0
2016-2017,Réadaptation du Sud-Ouest et du Renfort,4,2,25.0
2016-2017,Réadaptation du Sud-Ouest et du Renfort,4,3,21.0
2016-2017,Réadaptation du Sud-Ouest et du Renfort,4,4,23.0
2016-2017,Réadaptation du Sud-Ouest et du Renfort,4,5,34.0
2016-2017,Réadaptation du Sud-Ouest et du Renfort,4,6,19.0
2016-2017,Réadaptation du Sud-Ouest et du Renfort,4,9,142.0
2016-2017,Réadaptation du Sud-Ouest et du Renfort,5,1,161.0
2016-2017,Réadaptation du Sud-Ouest et du Renfort,5,2,290.0
2016-2017,Réadaptation du Sud-Ouest et du Renfort,5,3,87.0
2016-2017,Réadaptation du Sud-Ouest et du Renfort,5,4,22.0
2016-2017,Réadaptation du Sud-Ouest et du Renfort,5,5,23.0
2016-2017,Réadaptation du Sud-Ouest et du Renfort,5,6,1.0
2016-2017,Réadaptation du Sud-Ouest et du Renfort,5,9,584.0
2016-2017,Réadaptation du Sud-Ouest et du Renfort,6,1,181.0
2016-2017,Réadaptation du Sud-Ouest et du Renfort,6,2,315.0
2016-2017,Réadaptation du Sud-Ouest et du Renfort,6,3,108.0
2016-2017,Réadaptation du Sud-Ouest et du Renfort,6,4,45.0
2016-2017,Réadaptation du Sud-Ouest et du Renfort,6,5,57.0
2016-2017,Réadaptation du Sud-Ouest et du Renfort,6,6,20.0
2016-2017,Réadaptation du Sud-Ouest et du Renfort,6,9,726.0
2016-2017,Réadaptation du Sud-Ouest et du Renfort,7,1,3.0
2016-2017,Réadaptation du Sud-Ouest et du Renfort,7,2,24.0
2016-2017,Réadaptation du Sud-Ouest et du Renfort,7,3,21.0
2016-2017,Réadaptation du Sud-Ouest et du Renfort,7,4,26.0
2016-2017,Réadaptation du Sud-Ouest et du Renfort,7,5,102.0
2016-2017,Réadaptation du Sud-Ouest et du Renfort,7,6,55.0
2016-2017,Réadaptation du Sud-Ouest et du Renfort,7,7,3.0
2016-2017,Réadaptation du Sud-Ouest et du Renfort,7,9,234.0
2016-2017,Réadaptation du Sud-Ouest et du Renfort,8,1,21.0
2016-2017,Réadaptation du Sud-Ouest et du Renfort,8,2,327.0
2016-2017,Réadaptation du Sud-Ouest et du Renfort,8,3,100.0
2016-2017,Réadaptation du Sud-Ouest et du Renfort,8,4,28.0
2016-2017,Réadaptation du Sud-Ouest et du Renfort,8,5,23.0
2016-2017,Réadaptation du Sud-Ouest et du Renfort,8,6,2.0
2016-2017,Réadaptation du Sud-Ouest et du Renfort,8,7,1.0
2016-2017,Réadaptation du Sud-Ouest et du Renfort,8,9,502.0
2016-2017,Réadaptation du Sud-Ouest et du Renfort,9,1,24.0
2016-2017,Réadaptation du Sud-Ouest et du Renfort,9,2,351.0
2016-2017,Réadaptation du Sud-Ouest et du Renfort,9,3,121.0
2016-2017,Réadaptation du Sud-Ouest et du Renfort,9,4,54.0
2016-2017,Réadaptation du Sud-Ouest et du Renfort,9,5,125.0
2016-2017,Réadaptation du Sud-Ouest et du Renfort,9,6,57.0
2016-2017,Réadaptation du Sud-Ouest et du Renfort,9,7,4.0
2016-2017,Réadaptation du Sud-Ouest et du Renfort,9,9,736.0
2017-2018,CPR de la Côte-Nord,1,1,3.0
2017-2018,CPR de la Côte-Nord,1,2,4.0
2017-2018,CPR de la Côte-Nord,1,3,4.0
2017-2018,CPR de la Côte-Nord,1,4,5.0
2017-2018,CPR de la Côte-Nord,1,5,6.0
2017-2018,CPR de la Côte-Nord,1,6,4.0
2017-2018,CPR de la Côte-Nord,1,7,1.0
2017-2018,CPR de la Côte-Nord,1,8,1.0
2017-2018,CPR de la Côte-Nord,1,9,28.0
2017-2018,CPR de la Côte-Nord,2,1,12.0
2017-2018,CPR de la Côte-Nord,2,2,26.0
2017-2018,CPR de la Côte-Nord,2,3,10.0
2017-2018,CPR de la Côte-Nord,2,4,8.0
2017-2018,CPR de la Côte-Nord,2,5,9.0
2017-2018,CPR de la Côte-Nord,2,6,0.0
2017-2018,CPR de la Côte-Nord,2,7,0.0
2017-2018,CPR de la Côte-Nord,2,8,0.0
2017-2018,CPR de la Côte-Nord,2,9,65.0
2017-2018,CPR de la Côte-Nord,3,1,15.0
2017-2018,CPR de la Côte-Nord,3,2,30.0
2017-2018,CPR de la Côte-Nord,3,3,14.0
2017-2018,CPR de la Côte-Nord,3,4,13.0
2017-2018,CPR de la Côte-Nord,3,5,15.0
2017-2018,CPR de la Côte-Nord,3,6,4.0
2017-2018,CPR de la Côte-Nord,3,7,1.0
2017-2018,CPR de la Côte-Nord,3,8,1.0
2017-2018,CPR de la Côte-Nord,3,9,93.0
2017-2018,CPR de la Côte-Nord,4,1,5.0
2017-2018,CPR de la Côte-Nord,4,2,7.0
2017-2018,CPR de la Côte-Nord,4,3,5.0
2017-2018,CPR de la Côte-Nord,4,4,3.0
2017-2018,CPR de la Côte-Nord,4,5,3.0
2017-2018,CPR de la Côte-Nord,4,6,4.0
2017-2018,CPR de la Côte-Nord,4,7,0.0
2017-2018,CPR de la Côte-Nord,4,8,1.0
2017-2018,CPR de la Côte-Nord,4,9,28.0
2017-2018,CPR de la Côte-Nord,5,1,14.0
2017-2018,CPR de la Côte-Nord,5,2,28.0
2017-2018,CPR de la Côte-Nord,5,3,10.0
2017-2018,CPR de la Côte-Nord,5,4,5.0
2017-2018,CPR de la Côte-Nord,5,5,8.0
2017-2018,CPR de la Côte-Nord,5,6,1.0
2017-2018,CPR de la Côte-Nord,5,7,0.0
2017-2018,CPR de la Côte-Nord,5,8,0.0
2017-2018,CPR de la Côte-Nord,5,9,66.0
2017-2018,CPR de la Côte-Nord,6,1,19.0
2017-2018,CPR de la Côte-Nord,6,2,35.0
2017-2018,CPR de la Côte-Nord,6,3,15.0
2017-2018,CPR de la Côte-Nord,6,4,8.0
2017-2018,CPR de la Côte-Nord,6,5,11.0
2017-2018,CPR de la Côte-Nord,6,6,5.0
2017-2018,CPR de la Côte-Nord,6,7,0.0
2017-2018,CPR de la Côte-Nord,6,8,1.0
2017-2018,CPR de la Côte-Nord,6,9,94.0
2017-2018,CPR de la Côte-Nord,7,1,0.0
2017-2018,CPR de la Côte-Nord,7,2,4.0
2017-2018,CPR de la Côte-Nord,7,3,6.0
2017-2018,CPR de la Côte-Nord,7,4,0.0
2017-2018,CPR de la Côte-Nord,7,5,15.0
2017-2018,CPR de la Côte-Nord,7,6,5.0
2017-2018,CPR de la Côte-Nord,7,7,2.0
2017-2018,CPR de la Côte-Nord,7,8,2.0
2017-2018,CPR de la Côte-Nord,7,9,34.0
2017-2018,CPR de la Côte-Nord,8,1,0.0
2017-2018,CPR de la Côte-Nord,8,2,11.0
2017-2018,CPR de la Côte-Nord,8,3,7.0
2017-2018,CPR de la Côte-Nord,8,4,2.0
2017-2018,CPR de la Côte-Nord,8,5,4.0
2017-2018,CPR de la Côte-Nord,8,6,1.0
2017-2018,CPR de la Côte-Nord,8,7,0.0
2017-2018,CPR de la Côte-Nord,8,8,0.0
2017-2018,CPR de la Côte-Nord,8,9,25.0
2017-2018,CPR de la Côte-Nord,9,1,0.0
2017-2018,CPR de la Côte-Nord,9,2,15.0
2017-2018,CPR de la Côte-Nord,9,3,13.0
2017-2018,CPR de la Côte-Nord,9,4,2.0
2017-2018,CPR de la Côte-Nord,9,5,19.0
2017-2018,CPR de la Côte-Nord,9,6,6.0
2017-2018,CPR de la Côte-Nord,9,7,2.0
2017-2018,CPR de la Côte-Nord,9,8,2.0
2017-2018,CPR de la Côte-Nord,9,9,59.0
2017-2018,CR Estrie Inc.,1,1,0.0
2017-2018,CR Estrie Inc.,1,2,0.0
2017-2018,CR Estrie Inc.,1,3,0.0
2017-2018,CR Estrie Inc.,1,4,1.0
2017-2018,CR Estrie Inc.,1,5,3.0
2017-2018,CR Estrie Inc.,1,6,2.0
2017-2018,CR Estrie Inc.,1,7,0.0
2017-2018,CR Estrie Inc.,1,8,0.0
2017-2018,CR Estrie Inc.,1,9,6.0
2017-2018,CR Estrie Inc.,2,1,0.0
2017-2018,CR Estrie Inc.,2,2,0.0
2017-2018,CR Estrie Inc.,2,3,1.0
2017-2018,CR Estrie Inc.,2,4,1.0
2017-2018,CR Estrie Inc.,2,5,1.0
2017-2018,CR Estrie Inc.,2,6,0.0
2017-2018,CR Estrie Inc.,2,7,0.0
2017-2018,CR Estrie Inc.,2,8,0.0
2017-2018,CR Estrie Inc.,2,9,3.0
2017-2018,CR Estrie Inc.,3,1,0.0
2017-2018,CR Estrie Inc.,3,2,0.0
2017-2018,CR Estrie Inc.,3,3,1.0
2017-2018,CR Estrie Inc.,3,4,2.0
2017-2018,CR Estrie Inc.,3,5,4.0
2017-2018,CR Estrie Inc.,3,6,2.0
2017-2018,CR Estrie Inc.,3,7,0.0
2017-2018,CR Estrie Inc.,3,8,0.0
2017-2018,CR Estrie Inc.,3,9,9.0
2017-2018,CR Estrie Inc.,4,1,0.0
2017-2018,CR Estrie Inc.,4,2,0.0
2017-2018,CR Estrie Inc.,4,3,0.0
2017-2018,CR Estrie Inc.,4,4,0.0
2017-2018,CR Estrie Inc.,4,5,1.0
2017-2018,CR Estrie Inc.,4,6,0.0
2017-2018,CR Estrie Inc.,4,7,0.0
2017-2018,CR Estrie Inc.,4,8,0.0
2017-2018,CR Estrie Inc.,4,9,1.0
2017-2018,CR Estrie Inc.,6,1,0.0
2017-2018,CR Estrie Inc.,6,2,0.0
2017-2018,CR Estrie Inc.,6,3,0.0
2017-2018,CR Estrie Inc.,6,4,0.0
2017-2018,CR Estrie Inc.,6,5,1.0
2017-2018,CR Estrie Inc.,6,6,0.0
2017-2018,CR Estrie Inc.,6,7,0.0
2017-2018,CR Estrie Inc.,6,8,0.0
2017-2018,CR Estrie Inc.,6,9,1.0
2017-2018,CR Estrie Inc.,7,1,0.0
2017-2018,CR Estrie Inc.,7,2,1.0
2017-2018,CR Estrie Inc.,7,3,0.0
2017-2018,CR Estrie Inc.,7,4,1.0
2017-2018,CR Estrie Inc.,7,5,1.0
2017-2018,CR Estrie Inc.,7,6,0.0
2017-2018,CR Estrie Inc.,7,7,1.0
2017-2018,CR Estrie Inc.,7,8,0.0
2017-2018,CR Estrie Inc.,7,9,4.0
2017-2018,CR Estrie Inc.,8,1,0.0
2017-2018,CR Estrie Inc.,8,2,0.0
2017-2018,CR Estrie Inc.,8,3,1.0
2017-2018,CR Estrie Inc.,8,4,1.0
2017-2018,CR Estrie Inc.,8,5,1.0
2017-2018,CR Estrie Inc.,8,6,0.0
2017-2018,CR Estrie Inc.,8,7,0.0
2017-2018,CR Estrie Inc.,8,8,0.0
2017-2018,CR Estrie Inc.,8,9,3.0
2017-2018,CR Estrie Inc.,9,1,0.0
2017-2018,CR Estrie Inc.,9,2,1.0
2017-2018,CR Estrie Inc.,9,3,1.0
2017-2018,CR Estrie Inc.,9,4,2.0
2017-2018,CR Estrie Inc.,9,5,2.0
2017-2018,CR Estrie Inc.,9,6,0.0
2017-2018,CR Estrie Inc.,9,7,1.0
2017-2018,CR Estrie Inc.,9,8,0.0
2017-2018,CR Estrie Inc.,9,9,7.0
2017-2018,CR La Maison,2,1,40.0
2017-2018,CR La Maison,2,2,39.0
2017-2018,CR La Maison,2,3,10.0
2017-2018,CR La Maison,2,4,7.0
2017-2018,CR La Maison,2,5,12.0
2017-2018,CR La Maison,2,6,2.0
2017-2018,CR La Maison,2,7,1.0
2017-2018,CR La Maison,2,8,0.0
2017-2018,CR La Maison,2,9,111.0
2017-2018,CR La Maison,3,1,40.0
2017-2018,CR La Maison,3,2,39.0
2017-2018,CR La Maison,3,3,10.0
2017-2018,CR La Maison,3,4,7.0
2017-2018,CR La Maison,3,5,12.0
2017-2018,CR La Maison,3,6,2.0
2017-2018,CR La Maison,3,7,1.0
2017-2018,CR La Maison,3,8,0.0
2017-2018,CR La Maison,3,9,111.0
2017-2018,CR La Maison,5,1,22.0
2017-2018,CR La Maison,5,2,32.0
2017-2018,CR La Maison,5,3,6.0
2017-2018,CR La Maison,5,4,3.0
2017-2018,CR La Maison,5,5,5.0
2017-2018,CR La Maison,5,6,0.0
2017-2018,CR La Maison,5,7,0.0
2017-2018,CR La Maison,5,8,0.0
2017-2018,CR La Maison,5,9,68.0
2017-2018,CR La Maison,6,1,22.0
2017-2018,CR La Maison,6,2,32.0
2017-2018,CR La Maison,6,3,6.0
2017-2018,CR La Maison,6,4,3.0
2017-2018,CR La Maison,6,5,5.0
2017-2018,CR La Maison,6,6,0.0
2017-2018,CR La Maison,6,7,0.0
2017-2018,CR La Maison,6,8,0.0
2017-2018,CR La Maison,6,9,68.0
2017-2018,CR La Maison,7,1,0.0
2017-2018,CR La Maison,7,2,0.0
2017-2018,CR La Maison,7,3,0.0
2017-2018,CR La Maison,7,4,1.0
2017-2018,CR La Maison,7,5,0.0
2017-2018,CR La Maison,7,6,0.0
2017-2018,CR La Maison,7,7,0.0
2017-2018,CR La Maison,7,8,0.0
2017-2018,CR La Maison,7,9,1.0
2017-2018,CR La Maison,8,1,1.0
2017-2018,CR La Maison,8,2,11.0
2017-2018,CR La Maison,8,3,7.0
2017-2018,CR La Maison,8,4,2.0
2017-2018,CR La Maison,8,5,10.0
2017-2018,CR La Maison,8,6,1.0
2017-2018,CR La Maison,8,7,1.0
2017-2018,CR La Maison,8,8,0.0
2017-2018,CR La Maison,8,9,33.0
2017-2018,CR La Maison,9,1,1.0
2017-2018,CR La Maison,9,2,11.0
2017-2018,CR La Maison,9,3,7.0
2017-2018,CR La Maison,9,4,3.0
2017-2018,CR La Maison,9,5,10.0
2017-2018,CR La Maison,9,6,1.0
2017-2018,CR La Maison,9,7,1.0
2017-2018,CR La Maison,9,8,0.0
2017-2018,CR La Maison,9,9,34.0
2017-2018,CR La Myriade,1,1,15.0
2017-2018,CR La Myriade,1,2,34.0
2017-2018,CR La Myriade,1,3,26.0
2017-2018,CR La Myriade,1,4,16.0
2017-2018,CR La Myriade,1,5,36.0
2017-2018,CR La Myriade,1,6,20.0
2017-2018,CR La Myriade,1,7,2.0
2017-2018,CR La Myriade,1,8,0.0
2017-2018,CR La Myriade,1,9,149.0
2017-2018,CR La Myriade,2,1,99.0
2017-2018,CR La Myriade,2,2,194.0
2017-2018,CR La Myriade,2,3,81.0
2017-2018,CR La Myriade,2,4,24.0
2017-2018,CR La Myriade,2,5,15.0
2017-2018,CR La Myriade,2,6,2.0
2017-2018,CR La Myriade,2,7,0.0
2017-2018,CR La Myriade,2,8,0.0
2017-2018,CR La Myriade,2,9,415.0
2017-2018,CR La Myriade,3,1,114.0
2017-2018,CR La Myriade,3,2,228.0
2017-2018,CR La Myriade,3,3,107.0
2017-2018,CR La Myriade,3,4,40.0
2017-2018,CR La Myriade,3,5,51.0
2017-2018,CR La Myriade,3,6,22.0
2017-2018,CR La Myriade,3,7,2.0
2017-2018,CR La Myriade,3,8,0.0
2017-2018,CR La Myriade,3,9,564.0
2017-2018,CR La Myriade,4,1,30.0
2017-2018,CR La Myriade,4,2,27.0
2017-2018,CR La Myriade,4,3,26.0
2017-2018,CR La Myriade,4,4,18.0
2017-2018,CR La Myriade,4,5,60.0
2017-2018,CR La Myriade,4,6,19.0
2017-2018,CR La Myriade,4,7,1.0
2017-2018,CR La Myriade,4,8,0.0
2017-2018,CR La Myriade,4,9,181.0
2017-2018,CR La Myriade,5,1,138.0
2017-2018,CR La Myriade,5,2,203.0
2017-2018,CR La Myriade,5,3,66.0
2017-2018,CR La Myriade,5,4,28.0
2017-2018,CR La Myriade,5,5,20.0
2017-2018,CR La Myriade,5,6,3.0
2017-2018,CR La Myriade,5,7,0.0
2017-2018,CR La Myriade,5,8,0.0
2017-2018,CR La Myriade,5,9,458.0
2017-2018,CR La Myriade,6,1,168.0
2017-2018,CR La Myriade,6,2,230.0
2017-2018,CR La Myriade,6,3,92.0
2017-2018,CR La Myriade,6,4,46.0
2017-2018,CR La Myriade,6,5,80.0
2017-2018,CR La Myriade,6,6,22.0
2017-2018,CR La Myriade,6,7,1.0
2017-2018,CR La Myriade,6,8,0.0
2017-2018,CR La Myriade,6,9,639.0
2017-2018,CR La Myriade,7,1,5.0
2017-2018,CR La Myriade,7,2,26.0
2017-2018,CR La Myriade,7,3,28.0
2017-2018,CR La Myriade,7,4,26.0
2017-2018,CR La Myriade,7,5,103.0
2017-2018,CR La Myriade,7,6,70.0
2017-2018,CR La Myriade,7,7,13.0
2017-2018,CR La Myriade,7,8,4.0
2017-2018,CR La Myriade,7,9,275.0
2017-2018,CR La Myriade,8,1,9.0
2017-2018,CR La Myriade,8,2,126.0
2017-2018,CR La Myriade,8,3,50.0
2017-2018,CR La Myriade,8,4,21.0
2017-2018,CR La Myriade,8,5,18.0
2017-2018,CR La Myriade,8,6,2.0
2017-2018,CR La Myriade,8,7,0.0
2017-2018,CR La Myriade,8,8,0.0
2017-2018,CR La Myriade,8,9,226.0
2017-2018,CR La Myriade,9,1,14.0
2017-2018,CR La Myriade,9,2,152.0
2017-2018,CR La Myriade,9,3,78.0
2017-2018,CR La Myriade,9,4,47.0
2017-2018,CR La Myriade,9,5,121.0
2017-2018,CR La Myriade,9,6,72.0
2017-2018,CR La Myriade,9,7,13.0
2017-2018,CR La Myriade,9,8,4.0
2017-2018,CR La Myriade,9,9,501.0
2017-2018,CR de l'Ouest de Montréal,1,1,39.0
2017-2018,CR de l'Ouest de Montréal,1,2,15.0
2017-2018,CR de l'Ouest de Montréal,1,3,15.0
2017-2018,CR de l'Ouest de Montréal,1,4,10.0
2017-2018,CR de l'Ouest de Montréal,1,5,16.0
2017-2018,CR de l'Ouest de Montréal,1,6,9.0
2017-2018,CR de l'Ouest de Montréal,1,7,0.0
2017-2018,CR de l'Ouest de Montréal,1,8,0.0
2017-2018,CR de l'Ouest de Montréal,1,9,104.0
2017-2018,CR de l'Ouest de Montréal,2,1,107.0
2017-2018,CR de l'Ouest de Montréal,2,2,75.0
2017-2018,CR de l'Ouest de Montréal,2,3,34.0
2017-2018,CR de l'Ouest de Montréal,2,4,12.0
2017-2018,CR de l'Ouest de Montréal,2,5,14.0
2017-2018,CR de l'Ouest de Montréal,2,6,0.0
2017-2018,CR de l'Ouest de Montréal,2,7,1.0
2017-2018,CR de l'Ouest de Montréal,2,8,0.0
2017-2018,CR de l'Ouest de Montréal,2,9,243.0
2017-2018,CR de l'Ouest de Montréal,3,1,146.0
2017-2018,CR de l'Ouest de Montréal,3,2,90.0
2017-2018,CR de l'Ouest de Montréal,3,3,49.0
2017-2018,CR de l'Ouest de Montréal,3,4,22.0
2017-2018,CR de l'Ouest de Montréal,3,5,30.0
2017-2018,CR de l'Ouest de Montréal,3,6,9.0
2017-2018,CR de l'Ouest de Montréal,3,7,1.0
2017-2018,CR de l'Ouest de Montréal,3,8,0.0
2017-2018,CR de l'Ouest de Montréal,3,9,347.0
2017-2018,CR de l'Ouest de Montréal,4,1,17.0
2017-2018,CR de l'Ouest de Montréal,4,2,12.0
2017-2018,CR de l'Ouest de Montréal,4,3,20.0
2017-2018,CR de l'Ouest de Montréal,4,4,12.0
2017-2018,CR de l'Ouest de Montréal,4,5,9.0
2017-2018,CR de l'Ouest de Montréal,4,6,5.0
2017-2018,CR de l'Ouest de Montréal,4,7,0.0
2017-2018,CR de l'Ouest de Montréal,4,8,0.0
2017-2018,CR de l'Ouest de Montréal,4,9,75.0
2017-2018,CR de l'Ouest de Montréal,5,1,77.0
2017-2018,CR de l'Ouest de Montréal,5,2,99.0
2017-2018,CR de l'Ouest de Montréal,5,3,41.0
2017-2018,CR de l'Ouest de Montréal,5,4,17.0
2017-2018,CR de l'Ouest de Montréal,5,5,14.0
2017-2018,CR de l'Ouest de Montréal,5,6,1.0
2017-2018,CR de l'Ouest de Montréal,5,7,0.0
2017-2018,CR de l'Ouest de Montréal,5,8,0.0
2017-2018,CR de l'Ouest de Montréal,5,9,249.0
2017-2018,CR de l'Ouest de Montréal,6,1,94.0
2017-2018,CR de l'Ouest de Montréal,6,2,111.0
2017-2018,CR de l'Ouest de Montréal,6,3,61.0
2017-2018,CR de l'Ouest de Montréal,6,4,29.0
2017-2018,CR de l'Ouest de Montréal,6,5,23.0
2017-2018,CR de l'Ouest de Montréal,6,6,6.0
2017-2018,CR de l'Ouest de Montréal,6,7,0.0
2017-2018,CR de l'Ouest de Montréal,6,8,0.0
2017-2018,CR de l'Ouest de Montréal,6,9,324.0
2017-2018,CR de l'Ouest de Montréal,7,1,7.0
2017-2018,CR de l'Ouest de Montréal,7,2,40.0
2017-2018,CR de l'Ouest de Montréal,7,3,35.0
2017-2018,CR de l'Ouest de Montréal,7,4,25.0
2017-2018,CR de l'Ouest de Montréal,7,5,38.0
2017-2018,CR de l'Ouest de Montréal,7,6,22.0
2017-2018,CR de l'Ouest de Montréal,7,7,1.0
2017-2018,CR de l'Ouest de Montréal,7,8,1.0
2017-2018,CR de l'Ouest de Montréal,7,9,169.0
2017-2018,CR de l'Ouest de Montréal,8,1,13.0
2017-2018,CR de l'Ouest de Montréal,8,2,139.0
2017-2018,CR de l'Ouest de Montréal,8,3,147.0
2017-2018,CR de l'Ouest de Montréal,8,4,57.0
2017-2018,CR de l'Ouest de Montréal,8,5,23.0
2017-2018,CR de l'Ouest de Montréal,8,6,4.0
2017-2018,CR de l'Ouest de Montréal,8,7,0.0
2017-2018,CR de l'Ouest de Montréal,8,8,0.0
2017-2018,CR de l'Ouest de Montréal,8,9,383.0
2017-2018,CR de l'Ouest de Montréal,9,1,20.0
2017-2018,CR de l'Ouest de Montréal,9,2,179.0
2017-2018,CR de l'Ouest de Montréal,9,3,182.0
2017-2018,CR de l'Ouest de Montréal,9,4,82.0
2017-2018,CR de l'Ouest de Montréal,9,5,61.0
2017-2018,CR de l'Ouest de Montréal,9,6,26.0
2017-2018,CR de l'Ouest de Montréal,9,7,1.0
2017-2018,CR de l'Ouest de Montréal,9,8,1.0
2017-2018,CR de l'Ouest de Montréal,9,9,552.0
2017-2018,CR de la Gaspésie,1,1,1.0
2017-2018,CR de la Gaspésie,1,2,2.0
2017-2018,CR de la Gaspésie,1,3,4.0
2017-2018,CR de la Gaspésie,1,4,5.0
2017-2018,CR de la Gaspésie,1,5,6.0
2017-2018,CR de la Gaspésie,1,6,15.0
2017-2018,CR de la Gaspésie,1,7,6.0
2017-2018,CR de la Gaspésie,1,8,0.0
2017-2018,CR de la Gaspésie,1,9,39.0
2017-2018,CR de la Gaspésie,2,1,21.0
2017-2018,CR de la Gaspésie,2,2,22.0
2017-2018,CR de la Gaspésie,2,3,5.0
2017-2018,CR de la Gaspésie,2,4,4.0
2017-2018,CR de la Gaspésie,2,5,6.0
2017-2018,CR de la Gaspésie,2,6,0.0
2017-2018,CR de la Gaspésie,2,7,0.0
2017-2018,CR de la Gaspésie,2,8,0.0
2017-2018,CR de la Gaspésie,2,9,58.0
2017-2018,CR de la Gaspésie,3,1,22.0
2017-2018,CR de la Gaspésie,3,2,24.0
2017-2018,CR de la Gaspésie,3,3,9.0
2017-2018,CR de la Gaspésie,3,4,9.0
2017-2018,CR de la Gaspésie,3,5,12.0
2017-2018,CR de la Gaspésie,3,6,15.0
2017-2018,CR de la Gaspésie,3,7,6.0
2017-2018,CR de la Gaspésie,3,8,0.0
2017-2018,CR de la Gaspésie,3,9,97.0
2017-2018,CR de la Gaspésie,4,1,1.0
2017-2018,CR de la Gaspésie,4,2,2.0
2017-2018,CR de la Gaspésie,4,3,3.0
2017-2018,CR de la Gaspésie,4,4,1.0
2017-2018,CR de la Gaspésie,4,5,6.0
2017-2018,CR de la Gaspésie,4,6,12.0
2017-2018,CR de la Gaspésie,4,7,4.0
2017-2018,CR de la Gaspésie,4,8,0.0
2017-2018,CR de la Gaspésie,4,9,29.0
2017-2018,CR de la Gaspésie,5,1,12.0
2017-2018,CR de la Gaspésie,5,2,12.0
2017-2018,CR de la Gaspésie,5,3,3.0
2017-2018,CR de la Gaspésie,5,4,3.0
2017-2018,CR de la Gaspésie,5,5,5.0
2017-2018,CR de la Gaspésie,5,6,0.0
2017-2018,CR de la Gaspésie,5,7,0.0
2017-2018,CR de la Gaspésie,5,8,0.0
2017-2018,CR de la Gaspésie,5,9,35.0
2017-2018,CR de la Gaspésie,6,1,13.0
2017-2018,CR de la Gaspésie,6,2,14.0
2017-2018,CR de la Gaspésie,6,3,6.0
2017-2018,CR de la Gaspésie,6,4,4.0
2017-2018,CR de la Gaspésie,6,5,11.0
2017-2018,CR de la Gaspésie,6,6,12.0
2017-2018,CR de la Gaspésie,6,7,4.0
2017-2018,CR de la Gaspésie,6,8,0.0
2017-2018,CR de la Gaspésie,6,9,64.0
2017-2018,CR de la Gaspésie,7,1,0.0
2017-2018,CR de la Gaspésie,7,2,1.0
2017-2018,CR de la Gaspésie,7,3,4.0
2017-2018,CR de la Gaspésie,7,4,6.0
2017-2018,CR de la Gaspésie,7,5,12.0
2017-2018,CR de la Gaspésie,7,6,10.0
2017-2018,CR de la Gaspésie,7,7,5.0
2017-2018,CR de la Gaspésie,7,8,4.0
2017-2018,CR de la Gaspésie,7,9,42.0
2017-2018,CR de la Gaspésie,8,1,1.0
2017-2018,CR de la Gaspésie,8,2,14.0
2017-2018,CR de la Gaspésie,8,3,12.0
2017-2018,CR de la Gaspésie,8,4,1.0
2017-2018,CR de la Gaspésie,8,5,5.0
2017-2018,CR de la Gaspésie,8,6,1.0
2017-2018,CR de la Gaspésie,8,7,0.0
2017-2018,CR de la Gaspésie,8,8,0.0
2017-2018,CR de la Gaspésie,8,9,34.0
2017-2018,CR de la Gaspésie,9,1,1.0
2017-2018,CR de la Gaspésie,9,2,15.0
2017-2018,CR de la Gaspésie,9,3,16.0
2017-2018,CR de la Gaspésie,9,4,7.0
2017-2018,CR de la Gaspésie,9,5,17.0
2017-2018,CR de la Gaspésie,9,6,11.0
2017-2018,CR de la Gaspésie,9,7,5.0
2017-2018,CR de la Gaspésie,9,8,4.0
2017-2018,CR de la Gaspésie,9,9,76.0
2017-2018,CRDI de Québec,1,1,26.0
2017-2018,CRDI de Québec,1,2,13.0
2017-2018,CRDI de Québec,1,3,20.0
2017-2018,CRDI de Québec,1,4,18.0
2017-2018,CRDI de Québec,1,5,24.0
2017-2018,CRDI de Québec,1,6,25.0
2017-2018,CRDI de Québec,1,7,3.0
2017-2018,CRDI de Québec,1,8,2.0
2017-2018,CRDI de Québec,1,9,131.0
2017-2018,CRDI de Québec,2,1,74.0
2017-2018,CRDI de Québec,2,2,181.0
2017-2018,CRDI de Québec,2,3,105.0
2017-2018,CRDI de Québec,2,4,17.0
2017-2018,CRDI de Québec,2,5,24.0
2017-2018,CRDI de Québec,2,6,5.0
2017-2018,CRDI de Québec,2,7,0.0
2017-2018,CRDI de Québec,2,8,1.0
2017-2018,CRDI de Québec,2,9,407.0
2017-2018,CRDI de Québec,3,1,100.0
2017-2018,CRDI de Québec,3,2,194.0
2017-2018,CRDI de Québec,3,3,125.0
2017-2018,CRDI de Québec,3,4,35.0
2017-2018,CRDI de Québec,3,5,48.0
2017-2018,CRDI de Québec,3,6,30.0
2017-2018,CRDI de Québec,3,7,3.0
2017-2018,CRDI de Québec,3,8,3.0
2017-2018,CRDI de Québec,3,9,538.0
2017-2018,CRDI de Québec,4,1,26.0
2017-2018,CRDI de Québec,4,2,10.0
2017-2018,CRDI de Québec,4,3,20.0
2017-2018,CRDI de Québec,4,4,25.0
2017-2018,CRDI de Québec,4,5,18.0
2017-2018,CRDI de Québec,4,6,14.0
2017-2018,CRDI de Québec,4,7,2.0
2017-2018,CRDI de Québec,4,8,1.0
2017-2018,CRDI de Québec,4,9,116.0
2017-2018,CRDI de Québec,5,1,75.0
2017-2018,CRDI de Québec,5,2,108.0
2017-2018,CRDI de Québec,5,3,82.0
2017-2018,CRDI de Québec,5,4,26.0
2017-2018,CRDI de Québec,5,5,21.0
2017-2018,CRDI de Québec,5,6,4.0
2017-2018,CRDI de Québec,5,7,0.0
2017-2018,CRDI de Québec,5,8,1.0
2017-2018,CRDI de Québec,5,9,317.0
2017-2018,CRDI de Québec,6,1,101.0
2017-2018,CRDI de Québec,6,2,118.0
2017-2018,CRDI de Québec,6,3,102.0
2017-2018,CRDI de Québec,6,4,51.0
2017-2018,CRDI de Québec,6,5,39.0
2017-2018,CRDI de Québec,6,6,18.0
2017-2018,CRDI de Québec,6,7,2.0
2017-2018,CRDI de Québec,6,8,2.0
2017-2018,CRDI de Québec,6,9,433.0
2017-2018,CRDI de Québec,7,1,6.0
2017-2018,CRDI de Québec,7,2,21.0
2017-2018,CRDI de Québec,7,3,28.0
2017-2018,CRDI de Québec,7,4,8.0
2017-2018,CRDI de Québec,7,5,35.0
2017-2018,CRDI de Québec,7,6,41.0
2017-2018,CRDI de Québec,7,7,18.0
2017-2018,CRDI de Québec,7,8,7.0
2017-2018,CRDI de Québec,7,9,164.0
2017-2018,CRDI de Québec,8,1,5.0
2017-2018,CRDI de Québec,8,2,172.0
2017-2018,CRDI de Québec,8,3,161.0
2017-2018,CRDI de Québec,8,4,63.0
2017-2018,CRDI de Québec,8,5,30.0
2017-2018,CRDI de Québec,8,6,1.0
2017-2018,CRDI de Québec,8,7,1.0
2017-2018,CRDI de Québec,8,8,0.0
2017-2018,CRDI de Québec,8,9,433.0
2017-2018,CRDI de Québec,9,1,11.0
2017-2018,CRDI de Québec,9,2,193.0
2017-2018,CRDI de Québec,9,3,189.0
2017-2018,CRDI de Québec,9,4,71.0
2017-2018,CRDI de Québec,9,5,65.0
2017-2018,CRDI de Québec,9,6,42.0
2017-2018,CRDI de Québec,9,7,19.0
2017-2018,CRDI de Québec,9,8,7.0
2017-2018,CRDI de Québec,9,9,597.0
2017-2018,CRDITED Chaudière-Appalaches,1,1,48.0
2017-2018,CRDITED Chaudière-Appalaches,1,2,15.0
2017-2018,CRDITED Chaudière-Appalaches,1,3,24.0
2017-2018,CRDITED Chaudière-Appalaches,1,4,28.0
2017-2018,CRDITED Chaudière-Appalaches,1,5,46.0
2017-2018,CRDITED Chaudière-Appalaches,1,6,26.0
2017-2018,CRDITED Chaudière-Appalaches,1,7,6.0
2017-2018,CRDITED Chaudière-Appalaches,1,8,1.0
2017-2018,CRDITED Chaudière-Appalaches,1,9,194.0
2017-2018,CRDITED Chaudière-Appalaches,2,1,37.0
2017-2018,CRDITED Chaudière-Appalaches,2,2,97.0
2017-2018,CRDITED Chaudière-Appalaches,2,3,52.0
2017-2018,CRDITED Chaudière-Appalaches,2,4,23.0
2017-2018,CRDITED Chaudière-Appalaches,2,5,16.0
2017-2018,CRDITED Chaudière-Appalaches,2,6,4.0
2017-2018,CRDITED Chaudière-Appalaches,2,7,0.0
2017-2018,CRDITED Chaudière-Appalaches,2,8,0.0
2017-2018,CRDITED Chaudière-Appalaches,2,9,229.0
2017-2018,CRDITED Chaudière-Appalaches,3,1,85.0
2017-2018,CRDITED Chaudière-Appalaches,3,2,112.0
2017-2018,CRDITED Chaudière-Appalaches,3,3,76.0
2017-2018,CRDITED Chaudière-Appalaches,3,4,51.0
2017-2018,CRDITED Chaudière-Appalaches,3,5,62.0
2017-2018,CRDITED Chaudière-Appalaches,3,6,30.0
2017-2018,CRDITED Chaudière-Appalaches,3,7,6.0
2017-2018,CRDITED Chaudière-Appalaches,3,8,1.0
2017-2018,CRDITED Chaudière-Appalaches,3,9,423.0
2017-2018,CRDITED Chaudière-Appalaches,4,1,36.0
2017-2018,CRDITED Chaudière-Appalaches,4,2,24.0
2017-2018,CRDITED Chaudière-Appalaches,4,3,22.0
2017-2018,CRDITED Chaudière-Appalaches,4,4,25.0
2017-2018,CRDITED Chaudière-Appalaches,4,5,42.0
2017-2018,CRDITED Chaudière-Appalaches,4,6,20.0
2017-2018,CRDITED Chaudière-Appalaches,4,7,7.0
2017-2018,CRDITED Chaudière-Appalaches,4,8,1.0
2017-2018,CRDITED Chaudière-Appalaches,4,9,177.0
2017-2018,CRDITED Chaudière-Appalaches,5,1,47.0
2017-2018,CRDITED Chaudière-Appalaches,5,2,86.0
2017-2018,CRDITED Chaudière-Appalaches,5,3,50.0
2017-2018,CRDITED Chaudière-Appalaches,5,4,19.0
2017-2018,CRDITED Chaudière-Appalaches,5,5,17.0
2017-2018,CRDITED Chaudière-Appalaches,5,6,4.0
2017-2018,CRDITED Chaudière-Appalaches,5,7,0.0
2017-2018,CRDITED Chaudière-Appalaches,5,8,0.0
2017-2018,CRDITED Chaudière-Appalaches,5,9,223.0
2017-2018,CRDITED Chaudière-Appalaches,6,1,83.0
2017-2018,CRDITED Chaudière-Appalaches,6,2,110.0
2017-2018,CRDITED Chaudière-Appalaches,6,3,72.0
2017-2018,CRDITED Chaudière-Appalaches,6,4,44.0
2017-2018,CRDITED Chaudière-Appalaches,6,5,59.0
2017-2018,CRDITED Chaudière-Appalaches,6,6,24.0
2017-2018,CRDITED Chaudière-Appalaches,6,7,7.0
2017-2018,CRDITED Chaudière-Appalaches,6,8,1.0
2017-2018,CRDITED Chaudière-Appalaches,6,9,400.0
2017-2018,CRDITED Chaudière-Appalaches,7,1,3.0
2017-2018,CRDITED Chaudière-Appalaches,7,2,26.0
2017-2018,CRDITED Chaudière-Appalaches,7,3,13.0
2017-2018,CRDITED Chaudière-Appalaches,7,4,17.0
2017-2018,CRDITED Chaudière-Appalaches,7,5,38.0
2017-2018,CRDITED Chaudière-Appalaches,7,6,35.0
2017-2018,CRDITED Chaudière-Appalaches,7,7,15.0
2017-2018,CRDITED Chaudière-Appalaches,7,8,9.0
2017-2018,CRDITED Chaudière-Appalaches,7,9,156.0
2017-2018,CRDITED Chaudière-Appalaches,8,1,2.0
2017-2018,CRDITED Chaudière-Appalaches,8,2,76.0
2017-2018,CRDITED Chaudière-Appalaches,8,3,25.0
2017-2018,CRDITED Chaudière-Appalaches,8,4,10.0
2017-2018,CRDITED Chaudière-Appalaches,8,5,10.0
2017-2018,CRDITED Chaudière-Appalaches,8,6,1.0
2017-2018,CRDITED Chaudière-Appalaches,8,7,0.0
2017-2018,CRDITED Chaudière-Appalaches,8,8,0.0
2017-2018,CRDITED Chaudière-Appalaches,8,9,124.0
2017-2018,CRDITED Chaudière-Appalaches,9,1,5.0
2017-2018,CRDITED Chaudière-Appalaches,9,2,102.0
2017-2018,CRDITED Chaudière-Appalaches,9,3,38.0
2017-2018,CRDITED Chaudière-Appalaches,9,4,27.0
2017-2018,CRDITED Chaudière-Appalaches,9,5,48.0
2017-2018,CRDITED Chaudière-Appalaches,9,6,36.0
2017-2018,CRDITED Chaudière-Appalaches,9,7,15.0
2017-2018,CRDITED Chaudière-Appalaches,9,8,9.0
2017-2018,CRDITED Chaudière-Appalaches,9,9,280.0
2017-2018,CRDITED Mauricie et Centre-du-Québec,1,1,22.0
2017-2018,CRDITED Mauricie et Centre-du-Québec,1,2,28.0
2017-2018,CRDITED Mauricie et Centre-du-Québec,1,3,23.0
2017-2018,CRDITED Mauricie et Centre-du-Québec,1,4,19.0
2017-2018,CRDITED Mauricie et Centre-du-Québec,1,5,34.0
2017-2018,CRDITED Mauricie et Centre-du-Québec,1,6,14.0
2017-2018,CRDITED Mauricie et Centre-du-Québec,1,7,3.0
2017-2018,CRDITED Mauricie et Centre-du-Québec,1,8,1.0
2017-2018,CRDITED Mauricie et Centre-du-Québec,1,9,144.0
2017-2018,CRDITED Mauricie et Centre-du-Québec,2,1,27.0
2017-2018,CRDITED Mauricie et Centre-du-Québec,2,2,77.0
2017-2018,CRDITED Mauricie et Centre-du-Québec,2,3,46.0
2017-2018,CRDITED Mauricie et Centre-du-Québec,2,4,20.0
2017-2018,CRDITED Mauricie et Centre-du-Québec,2,5,20.0
2017-2018,CRDITED Mauricie et Centre-du-Québec,2,6,2.0
2017-2018,CRDITED Mauricie et Centre-du-Québec,2,7,0.0
2017-2018,CRDITED Mauricie et Centre-du-Québec,2,8,0.0
2017-2018,CRDITED Mauricie et Centre-du-Québec,2,9,192.0
2017-2018,CRDITED Mauricie et Centre-du-Québec,3,1,49.0
2017-2018,CRDITED Mauricie et Centre-du-Québec,3,2,105.0
2017-2018,CRDITED Mauricie et Centre-du-Québec,3,3,69.0
2017-2018,CRDITED Mauricie et Centre-du-Québec,3,4,39.0
2017-2018,CRDITED Mauricie et Centre-du-Québec,3,5,54.0
2017-2018,CRDITED Mauricie et Centre-du-Québec,3,6,16.0
2017-2018,CRDITED Mauricie et Centre-du-Québec,3,7,3.0
2017-2018,CRDITED Mauricie et Centre-du-Québec,3,8,1.0
2017-2018,CRDITED Mauricie et Centre-du-Québec,3,9,336.0
2017-2018,CRDITED Mauricie et Centre-du-Québec,4,1,31.0
2017-2018,CRDITED Mauricie et Centre-du-Québec,4,2,28.0
2017-2018,CRDITED Mauricie et Centre-du-Québec,4,3,16.0
2017-2018,CRDITED Mauricie et Centre-du-Québec,4,4,26.0
2017-2018,CRDITED Mauricie et Centre-du-Québec,4,5,28.0
2017-2018,CRDITED Mauricie et Centre-du-Québec,4,6,24.0
2017-2018,CRDITED Mauricie et Centre-du-Québec,4,7,7.0
2017-2018,CRDITED Mauricie et Centre-du-Québec,4,8,0.0
2017-2018,CRDITED Mauricie et Centre-du-Québec,4,9,160.0
2017-2018,CRDITED Mauricie et Centre-du-Québec,5,1,48.0
2017-2018,CRDITED Mauricie et Centre-du-Québec,5,2,78.0
2017-2018,CRDITED Mauricie et Centre-du-Québec,5,3,38.0
2017-2018,CRDITED Mauricie et Centre-du-Québec,5,4,24.0
2017-2018,CRDITED Mauricie et Centre-du-Québec,5,5,27.0
2017-2018,CRDITED Mauricie et Centre-du-Québec,5,6,1.0
2017-2018,CRDITED Mauricie et Centre-du-Québec,5,7,0.0
2017-2018,CRDITED Mauricie et Centre-du-Québec,5,8,0.0
2017-2018,CRDITED Mauricie et Centre-du-Québec,5,9,216.0
2017-2018,CRDITED Mauricie et Centre-du-Québec,6,1,79.0
2017-2018,CRDITED Mauricie et Centre-du-Québec,6,2,106.0
2017-2018,CRDITED Mauricie et Centre-du-Québec,6,3,54.0
2017-2018,CRDITED Mauricie et Centre-du-Québec,6,4,50.0
2017-2018,CRDITED Mauricie et Centre-du-Québec,6,5,55.0
2017-2018,CRDITED Mauricie et Centre-du-Québec,6,6,25.0
2017-2018,CRDITED Mauricie et Centre-du-Québec,6,7,7.0
2017-2018,CRDITED Mauricie et Centre-du-Québec,6,8,0.0
2017-2018,CRDITED Mauricie et Centre-du-Québec,6,9,376.0
2017-2018,CRDITED Mauricie et Centre-du-Québec,7,1,4.0
2017-2018,CRDITED Mauricie et Centre-du-Québec,7,2,29.0
2017-2018,CRDITED Mauricie et Centre-du-Québec,7,3,23.0
2017-2018,CRDITED Mauricie et Centre-du-Québec,7,4,13.0
2017-2018,CRDITED Mauricie et Centre-du-Québec,7,5,54.0
2017-2018,CRDITED Mauricie et Centre-du-Québec,7,6,95.0
2017-2018,CRDITED Mauricie et Centre-du-Québec,7,7,59.0
2017-2018,CRDITED Mauricie et Centre-du-Québec,7,8,21.0
2017-2018,CRDITED Mauricie et Centre-du-Québec,7,9,298.0
2017-2018,CRDITED Mauricie et Centre-du-Québec,8,1,6.0
2017-2018,CRDITED Mauricie et Centre-du-Québec,8,2,83.0
2017-2018,CRDITED Mauricie et Centre-du-Québec,8,3,55.0
2017-2018,CRDITED Mauricie et Centre-du-Québec,8,4,16.0
2017-2018,CRDITED Mauricie et Centre-du-Québec,8,5,22.0
2017-2018,CRDITED Mauricie et Centre-du-Québec,8,6,4.0
2017-2018,CRDITED Mauricie et Centre-du-Québec,8,7,0.0
2017-2018,CRDITED Mauricie et Centre-du-Québec,8,8,0.0
2017-2018,CRDITED Mauricie et Centre-du-Québec,8,9,186.0
2017-2018,CRDITED Mauricie et Centre-du-Québec,9,1,10.0
2017-2018,CRDITED Mauricie et Centre-du-Québec,9,2,112.0
2017-2018,CRDITED Mauricie et Centre-du-Québec,9,3,78.0
2017-2018,CRDITED Mauricie et Centre-du-Québec,9,4,29.0
2017-2018,CRDITED Mauricie et Centre-du-Québec,9,5,76.0
2017-2018,CRDITED Mauricie et Centre-du-Québec,9,6,99.0
2017-2018,CRDITED Mauricie et Centre-du-Québec,9,7,59.0
2017-2018,CRDITED Mauricie et Centre-du-Québec,9,8,21.0
2017-2018,CRDITED Mauricie et Centre-du-Québec,9,9,484.0
2017-2018,CRDITED de Laval,1,1,33.0
2017-2018,CRDITED de Laval,1,2,30.0
2017-2018,CRDITED de Laval,1,3,22.0
2017-2018,CRDITED de Laval,1,4,16.0
2017-2018,CRDITED de Laval,1,5,28.0
2017-2018,CRDITED de Laval,1,6,10.0
2017-2018,CRDITED de Laval,1,7,0.0
2017-2018,CRDITED de Laval,1,8,0.0
2017-2018,CRDITED de Laval,1,9,139.0
2017-2018,CRDITED de Laval,2,1,80.0
2017-2018,CRDITED de Laval,2,2,116.0
2017-2018,CRDITED de Laval,2,3,48.0
2017-2018,CRDITED de Laval,2,4,35.0
2017-2018,CRDITED de Laval,2,5,18.0
2017-2018,CRDITED de Laval,2,6,5.0
2017-2018,CRDITED de Laval,2,7,0.0
2017-2018,CRDITED de Laval,2,8,0.0
2017-2018,CRDITED de Laval,2,9,302.0
2017-2018,CRDITED de Laval,3,1,113.0
2017-2018,CRDITED de Laval,3,2,146.0
2017-2018,CRDITED de Laval,3,3,70.0
2017-2018,CRDITED de Laval,3,4,51.0
2017-2018,CRDITED de Laval,3,5,46.0
2017-2018,CRDITED de Laval,3,6,15.0
2017-2018,CRDITED de Laval,3,7,0.0
2017-2018,CRDITED de Laval,3,8,0.0
2017-2018,CRDITED de Laval,3,9,441.0
2017-2018,CRDITED de Laval,4,1,26.0
2017-2018,CRDITED de Laval,4,2,17.0
2017-2018,CRDITED de Laval,4,3,13.0
2017-2018,CRDITED de Laval,4,4,12.0
2017-2018,CRDITED de Laval,4,5,25.0
2017-2018,CRDITED de Laval,4,6,9.0
2017-2018,CRDITED de Laval,4,7,0.0
2017-2018,CRDITED de Laval,4,8,0.0
2017-2018,CRDITED de Laval,4,9,102.0
2017-2018,CRDITED de Laval,5,1,111.0
2017-2018,CRDITED de Laval,5,2,116.0
2017-2018,CRDITED de Laval,5,3,39.0
2017-2018,CRDITED de Laval,5,4,24.0
2017-2018,CRDITED de Laval,5,5,25.0
2017-2018,CRDITED de Laval,5,6,3.0
2017-2018,CRDITED de Laval,5,7,0.0
2017-2018,CRDITED de Laval,5,8,0.0
2017-2018,CRDITED de Laval,5,9,318.0
2017-2018,CRDITED de Laval,6,1,137.0
2017-2018,CRDITED de Laval,6,2,133.0
2017-2018,CRDITED de Laval,6,3,52.0
2017-2018,CRDITED de Laval,6,4,36.0
2017-2018,CRDITED de Laval,6,5,50.0
2017-2018,CRDITED de Laval,6,6,12.0
2017-2018,CRDITED de Laval,6,7,0.0
2017-2018,CRDITED de Laval,6,8,0.0
2017-2018,CRDITED de Laval,6,9,420.0
2017-2018,CRDITED de Laval,7,1,6.0
2017-2018,CRDITED de Laval,7,2,44.0
2017-2018,CRDITED de Laval,7,3,16.0
2017-2018,CRDITED de Laval,7,4,32.0
2017-2018,CRDITED de Laval,7,5,31.0
2017-2018,CRDITED de Laval,7,6,13.0
2017-2018,CRDITED de Laval,7,7,4.0
2017-2018,CRDITED de Laval,7,8,0.0
2017-2018,CRDITED de Laval,7,9,146.0
2017-2018,CRDITED de Laval,8,1,6.0
2017-2018,CRDITED de Laval,8,2,128.0
2017-2018,CRDITED de Laval,8,3,43.0
2017-2018,CRDITED de Laval,8,4,12.0
2017-2018,CRDITED de Laval,8,5,23.0
2017-2018,CRDITED de Laval,8,6,2.0
2017-2018,CRDITED de Laval,8,7,0.0
2017-2018,CRDITED de Laval,8,8,0.0
2017-2018,CRDITED de Laval,8,9,214.0
2017-2018,CRDITED de Laval,9,1,12.0
2017-2018,CRDITED de Laval,9,2,172.0
2017-2018,CRDITED de Laval,9,3,59.0
2017-2018,CRDITED de Laval,9,4,44.0
2017-2018,CRDITED de Laval,9,5,54.0
2017-2018,CRDITED de Laval,9,6,15.0
2017-2018,CRDITED de Laval,9,7,4.0
2017-2018,CRDITED de Laval,9,8,0.0
2017-2018,CRDITED de Laval,9,9,360.0
2017-2018,CRDITED de Montréal,1,1,96.0
2017-2018,CRDITED de Montréal,1,2,66.0
2017-2018,CRDITED de Montréal,1,3,46.0
2017-2018,CRDITED de Montréal,1,4,42.0
2017-2018,CRDITED de Montréal,1,5,66.0
2017-2018,CRDITED de Montréal,1,6,26.0
2017-2018,CRDITED de Montréal,1,9,342.0
2017-2018,CRDITED de Montréal,2,1,348.0
2017-2018,CRDITED de Montréal,2,2,141.0
2017-2018,CRDITED de Montréal,2,3,47.0
2017-2018,CRDITED de Montréal,2,4,27.0
2017-2018,CRDITED de Montréal,2,5,34.0
2017-2018,CRDITED de Montréal,2,6,7.0
2017-2018,CRDITED de Montréal,2,9,604.0
2017-2018,CRDITED de Montréal,3,1,444.0
2017-2018,CRDITED de Montréal,3,2,207.0
2017-2018,CRDITED de Montréal,3,3,93.0
2017-2018,CRDITED de Montréal,3,4,69.0
2017-2018,CRDITED de Montréal,3,5,100.0
2017-2018,CRDITED de Montréal,3,6,33.0
2017-2018,CRDITED de Montréal,3,9,946.0
2017-2018,CRDITED de Montréal,4,1,59.0
2017-2018,CRDITED de Montréal,4,2,42.0
2017-2018,CRDITED de Montréal,4,3,35.0
2017-2018,CRDITED de Montréal,4,4,39.0
2017-2018,CRDITED de Montréal,4,5,61.0
2017-2018,CRDITED de Montréal,4,6,22.0
2017-2018,CRDITED de Montréal,4,7,1.0
2017-2018,CRDITED de Montréal,4,9,259.0
2017-2018,CRDITED de Montréal,5,1,123.0
2017-2018,CRDITED de Montréal,5,2,76.0
2017-2018,CRDITED de Montréal,5,3,24.0
2017-2018,CRDITED de Montréal,5,4,19.0
2017-2018,CRDITED de Montréal,5,5,22.0
2017-2018,CRDITED de Montréal,5,6,3.0
2017-2018,CRDITED de Montréal,5,9,267.0
2017-2018,CRDITED de Montréal,6,1,182.0
2017-2018,CRDITED de Montréal,6,2,118.0
2017-2018,CRDITED de Montréal,6,3,59.0
2017-2018,CRDITED de Montréal,6,4,58.0
2017-2018,CRDITED de Montréal,6,5,83.0
2017-2018,CRDITED de Montréal,6,6,25.0
2017-2018,CRDITED de Montréal,6,7,1.0
2017-2018,CRDITED de Montréal,6,9,526.0
2017-2018,CRDITED de Montréal,7,1,21.0
2017-2018,CRDITED de Montréal,7,2,69.0
2017-2018,CRDITED de Montréal,7,3,33.0
2017-2018,CRDITED de Montréal,7,4,24.0
2017-2018,CRDITED de Montréal,7,5,65.0
2017-2018,CRDITED de Montréal,7,6,78.0
2017-2018,CRDITED de Montréal,7,7,12.0
2017-2018,CRDITED de Montréal,7,8,4.0
2017-2018,CRDITED de Montréal,7,9,306.0
2017-2018,CRDITED de Montréal,8,1,36.0
2017-2018,CRDITED de Montréal,8,2,161.0
2017-2018,CRDITED de Montréal,8,3,44.0
2017-2018,CRDITED de Montréal,8,4,15.0
2017-2018,CRDITED de Montréal,8,5,16.0
2017-2018,CRDITED de Montréal,8,6,6.0
2017-2018,CRDITED de Montréal,8,7,2.0
2017-2018,CRDITED de Montréal,8,9,280.0
2017-2018,CRDITED de Montréal,9,1,57.0
2017-2018,CRDITED de Montréal,9,2,230.0
2017-2018,CRDITED de Montréal,9,3,77.0
2017-2018,CRDITED de Montréal,9,4,39.0
2017-2018,CRDITED de Montréal,9,5,81.0
2017-2018,CRDITED de Montréal,9,6,84.0
2017-2018,CRDITED de Montréal,9,7,14.0
2017-2018,CRDITED de Montréal,9,8,4.0
2017-2018,CRDITED de Montréal,9,9,586.0
2017-2018,CRDITED de l'Estrie,1,1,15.0
2017-2018,CRDITED de l'Estrie,1,2,22.0
2017-2018,CRDITED de l'Estrie,1,3,35.0
2017-2018,CRDITED de l'Estrie,1,4,27.0
2017-2018,CRDITED de l'Estrie,1,5,27.0
2017-2018,CRDITED de l'Estrie,1,6,15.0
2017-2018,CRDITED de l'Estrie,1,7,0.0
2017-2018,CRDITED de l'Estrie,1,8,0.0
2017-2018,CRDITED de l'Estrie,1,9,141.0
2017-2018,CRDITED de l'Estrie,2,1,29.0
2017-2018,CRDITED de l'Estrie,2,2,43.0
2017-2018,CRDITED de l'Estrie,2,3,21.0
2017-2018,CRDITED de l'Estrie,2,4,11.0
2017-2018,CRDITED de l'Estrie,2,5,11.0
2017-2018,CRDITED de l'Estrie,2,6,1.0
2017-2018,CRDITED de l'Estrie,2,7,0.0
2017-2018,CRDITED de l'Estrie,2,8,0.0
2017-2018,CRDITED de l'Estrie,2,9,116.0
2017-2018,CRDITED de l'Estrie,3,1,44.0
2017-2018,CRDITED de l'Estrie,3,2,65.0
2017-2018,CRDITED de l'Estrie,3,3,56.0
2017-2018,CRDITED de l'Estrie,3,4,38.0
2017-2018,CRDITED de l'Estrie,3,5,38.0
2017-2018,CRDITED de l'Estrie,3,6,16.0
2017-2018,CRDITED de l'Estrie,3,7,0.0
2017-2018,CRDITED de l'Estrie,3,8,0.0
2017-2018,CRDITED de l'Estrie,3,9,257.0
2017-2018,CRDITED de l'Estrie,4,1,11.0
2017-2018,CRDITED de l'Estrie,4,2,15.0
2017-2018,CRDITED de l'Estrie,4,3,19.0
2017-2018,CRDITED de l'Estrie,4,4,28.0
2017-2018,CRDITED de l'Estrie,4,5,25.0
2017-2018,CRDITED de l'Estrie,4,6,6.0
2017-2018,CRDITED de l'Estrie,4,7,0.0
2017-2018,CRDITED de l'Estrie,4,8,0.0
2017-2018,CRDITED de l'Estrie,4,9,104.0
2017-2018,CRDITED de l'Estrie,5,1,22.0
2017-2018,CRDITED de l'Estrie,5,2,40.0
2017-2018,CRDITED de l'Estrie,5,3,18.0
2017-2018,CRDITED de l'Estrie,5,4,11.0
2017-2018,CRDITED de l'Estrie,5,5,5.0
2017-2018,CRDITED de l'Estrie,5,6,0.0
2017-2018,CRDITED de l'Estrie,5,7,0.0
2017-2018,CRDITED de l'Estrie,5,8,0.0
2017-2018,CRDITED de l'Estrie,5,9,96.0
2017-2018,CRDITED de l'Estrie,6,1,33.0
2017-2018,CRDITED de l'Estrie,6,2,55.0
2017-2018,CRDITED de l'Estrie,6,3,37.0
2017-2018,CRDITED de l'Estrie,6,4,39.0
2017-2018,CRDITED de l'Estrie,6,5,30.0
2017-2018,CRDITED de l'Estrie,6,6,6.0
2017-2018,CRDITED de l'Estrie,6,7,0.0
2017-2018,CRDITED de l'Estrie,6,8,0.0
2017-2018,CRDITED de l'Estrie,6,9,200.0
2017-2018,CRDITED de l'Estrie,7,1,6.0
2017-2018,CRDITED de l'Estrie,7,2,19.0
2017-2018,CRDITED de l'Estrie,7,3,22.0
2017-2018,CRDITED de l'Estrie,7,4,16.0
2017-2018,CRDITED de l'Estrie,7,5,30.0
2017-2018,CRDITED de l'Estrie,7,6,27.0
2017-2018,CRDITED de l'Estrie,7,7,9.0
2017-2018,CRDITED de l'Estrie,7,8,2.0
2017-2018,CRDITED de l'Estrie,7,9,131.0
2017-2018,CRDITED de l'Estrie,8,1,9.0
2017-2018,CRDITED de l'Estrie,8,2,48.0
2017-2018,CRDITED de l'Estrie,8,3,13.0
2017-2018,CRDITED de l'Estrie,8,4,8.0
2017-2018,CRDITED de l'Estrie,8,5,9.0
2017-2018,CRDITED de l'Estrie,8,6,2.0
2017-2018,CRDITED de l'Estrie,8,7,0.0
2017-2018,CRDITED de l'Estrie,8,8,0.0
2017-2018,CRDITED de l'Estrie,8,9,89.0
2017-2018,CRDITED de l'Estrie,9,1,15.0
2017-2018,CRDITED de l'Estrie,9,2,67.0
2017-2018,CRDITED de l'Estrie,9,3,35.0
2017-2018,CRDITED de l'Estrie,9,4,24.0
2017-2018,CRDITED de l'Estrie,9,5,39.0
2017-2018,CRDITED de l'Estrie,9,6,29.0
2017-2018,CRDITED de l'Estrie,9,7,9.0
2017-2018,CRDITED de l'Estrie,9,8,2.0
2017-2018,CRDITED de l'Estrie,9,9,220.0
2017-2018,CRDITED de la Montérégie-Est,1,1,41.0
2017-2018,CRDITED de la Montérégie-Est,1,2,28.0
2017-2018,CRDITED de la Montérégie-Est,1,3,40.0
2017-2018,CRDITED de la Montérégie-Est,1,4,17.0
2017-2018,CRDITED de la Montérégie-Est,1,5,63.0
2017-2018,CRDITED de la Montérégie-Est,1,6,26.0
2017-2018,CRDITED de la Montérégie-Est,1,7,2.0
2017-2018,CRDITED de la Montérégie-Est,1,8,1.0
2017-2018,CRDITED de la Montérégie-Est,1,9,218.0
2017-2018,CRDITED de la Montérégie-Est,2,1,362.0
2017-2018,CRDITED de la Montérégie-Est,2,2,398.0
2017-2018,CRDITED de la Montérégie-Est,2,3,138.0
2017-2018,CRDITED de la Montérégie-Est,2,4,37.0
2017-2018,CRDITED de la Montérégie-Est,2,5,31.0
2017-2018,CRDITED de la Montérégie-Est,2,6,3.0
2017-2018,CRDITED de la Montérégie-Est,2,7,1.0
2017-2018,CRDITED de la Montérégie-Est,2,9,970.0
2017-2018,CRDITED de la Montérégie-Est,3,1,403.0
2017-2018,CRDITED de la Montérégie-Est,3,2,426.0
2017-2018,CRDITED de la Montérégie-Est,3,3,178.0
2017-2018,CRDITED de la Montérégie-Est,3,4,54.0
2017-2018,CRDITED de la Montérégie-Est,3,5,94.0
2017-2018,CRDITED de la Montérégie-Est,3,6,29.0
2017-2018,CRDITED de la Montérégie-Est,3,7,3.0
2017-2018,CRDITED de la Montérégie-Est,3,8,1.0
2017-2018,CRDITED de la Montérégie-Est,3,9,1188.0
2017-2018,CRDITED de la Montérégie-Est,4,1,32.0
2017-2018,CRDITED de la Montérégie-Est,4,2,37.0
2017-2018,CRDITED de la Montérégie-Est,4,3,33.0
2017-2018,CRDITED de la Montérégie-Est,4,4,28.0
2017-2018,CRDITED de la Montérégie-Est,4,5,67.0
2017-2018,CRDITED de la Montérégie-Est,4,6,27.0
2017-2018,CRDITED de la Montérégie-Est,4,7,1.0
2017-2018,CRDITED de la Montérégie-Est,4,8,1.0
2017-2018,CRDITED de la Montérégie-Est,4,9,226.0
2017-2018,CRDITED de la Montérégie-Est,5,1,352.0
2017-2018,CRDITED de la Montérégie-Est,5,2,515.0
2017-2018,CRDITED de la Montérégie-Est,5,3,152.0
2017-2018,CRDITED de la Montérégie-Est,5,4,45.0
2017-2018,CRDITED de la Montérégie-Est,5,5,38.0
2017-2018,CRDITED de la Montérégie-Est,5,6,4.0
2017-2018,CRDITED de la Montérégie-Est,5,9,1106.0
2017-2018,CRDITED de la Montérégie-Est,6,1,384.0
2017-2018,CRDITED de la Montérégie-Est,6,2,552.0
2017-2018,CRDITED de la Montérégie-Est,6,3,185.0
2017-2018,CRDITED de la Montérégie-Est,6,4,73.0
2017-2018,CRDITED de la Montérégie-Est,6,5,105.0
2017-2018,CRDITED de la Montérégie-Est,6,6,31.0
2017-2018,CRDITED de la Montérégie-Est,6,7,1.0
2017-2018,CRDITED de la Montérégie-Est,6,8,1.0
2017-2018,CRDITED de la Montérégie-Est,6,9,1332.0
2017-2018,CRDITED de la Montérégie-Est,7,1,9.0
2017-2018,CRDITED de la Montérégie-Est,7,2,63.0
2017-2018,CRDITED de la Montérégie-Est,7,3,31.0
2017-2018,CRDITED de la Montérégie-Est,7,4,37.0
2017-2018,CRDITED de la Montérégie-Est,7,5,106.0
2017-2018,CRDITED de la Montérégie-Est,7,6,50.0
2017-2018,CRDITED de la Montérégie-Est,7,7,13.0
2017-2018,CRDITED de la Montérégie-Est,7,8,7.0
2017-2018,CRDITED de la Montérégie-Est,7,9,316.0
2017-2018,CRDITED de la Montérégie-Est,8,1,93.0
2017-2018,CRDITED de la Montérégie-Est,8,2,602.0
2017-2018,CRDITED de la Montérégie-Est,8,3,171.0
2017-2018,CRDITED de la Montérégie-Est,8,4,32.0
2017-2018,CRDITED de la Montérégie-Est,8,5,40.0
2017-2018,CRDITED de la Montérégie-Est,8,6,5.0
2017-2018,CRDITED de la Montérégie-Est,8,7,1.0
2017-2018,CRDITED de la Montérégie-Est,8,8,1.0
2017-2018,CRDITED de la Montérégie-Est,8,9,945.0
2017-2018,CRDITED de la Montérégie-Est,9,1,102.0
2017-2018,CRDITED de la Montérégie-Est,9,2,665.0
2017-2018,CRDITED de la Montérégie-Est,9,3,202.0
2017-2018,CRDITED de la Montérégie-Est,9,4,69.0
2017-2018,CRDITED de la Montérégie-Est,9,5,146.0
2017-2018,CRDITED de la Montérégie-Est,9,6,55.0
2017-2018,CRDITED de la Montérégie-Est,9,7,14.0
2017-2018,CRDITED de la Montérégie-Est,9,8,8.0
2017-2018,CRDITED de la Montérégie-Est,9,9,1261.0
2017-2018,CRDITED du Bas-St-Laurent,1,1,21.0
2017-2018,CRDITED du Bas-St-Laurent,1,2,5.0
2017-2018,CRDITED du Bas-St-Laurent,1,3,7.0
2017-2018,CRDITED du Bas-St-Laurent,1,4,7.0
2017-2018,CRDITED du Bas-St-Laurent,1,5,22.0
2017-2018,CRDITED du Bas-St-Laurent,1,6,16.0
2017-2018,CRDITED du Bas-St-Laurent,1,7,6.0
2017-2018,CRDITED du Bas-St-Laurent,1,9,84.0
2017-2018,CRDITED du Bas-St-Laurent,2,1,10.0
2017-2018,CRDITED du Bas-St-Laurent,2,2,35.0
2017-2018,CRDITED du Bas-St-Laurent,2,3,23.0
2017-2018,CRDITED du Bas-St-Laurent,2,4,3.0
2017-2018,CRDITED du Bas-St-Laurent,2,5,7.0
2017-2018,CRDITED du Bas-St-Laurent,2,9,78.0
2017-2018,CRDITED du Bas-St-Laurent,3,1,31.0
2017-2018,CRDITED du Bas-St-Laurent,3,2,40.0
2017-2018,CRDITED du Bas-St-Laurent,3,3,30.0
2017-2018,CRDITED du Bas-St-Laurent,3,4,10.0
2017-2018,CRDITED du Bas-St-Laurent,3,5,29.0
2017-2018,CRDITED du Bas-St-Laurent,3,6,16.0
2017-2018,CRDITED du Bas-St-Laurent,3,7,6.0
2017-2018,CRDITED du Bas-St-Laurent,3,9,162.0
2017-2018,CRDITED du Bas-St-Laurent,4,1,17.0
2017-2018,CRDITED du Bas-St-Laurent,4,2,6.0
2017-2018,CRDITED du Bas-St-Laurent,4,3,5.0
2017-2018,CRDITED du Bas-St-Laurent,4,4,10.0
2017-2018,CRDITED du Bas-St-Laurent,4,5,23.0
2017-2018,CRDITED du Bas-St-Laurent,4,6,14.0
2017-2018,CRDITED du Bas-St-Laurent,4,7,2.0
2017-2018,CRDITED du Bas-St-Laurent,4,9,77.0
2017-2018,CRDITED du Bas-St-Laurent,5,1,11.0
2017-2018,CRDITED du Bas-St-Laurent,5,2,29.0
2017-2018,CRDITED du Bas-St-Laurent,5,3,28.0
2017-2018,CRDITED du Bas-St-Laurent,5,4,2.0
2017-2018,CRDITED du Bas-St-Laurent,5,5,8.0
2017-2018,CRDITED du Bas-St-Laurent,5,7,1.0
2017-2018,CRDITED du Bas-St-Laurent,5,9,79.0
2017-2018,CRDITED du Bas-St-Laurent,6,1,28.0
2017-2018,CRDITED du Bas-St-Laurent,6,2,35.0
2017-2018,CRDITED du Bas-St-Laurent,6,3,33.0
2017-2018,CRDITED du Bas-St-Laurent,6,4,12.0
2017-2018,CRDITED du Bas-St-Laurent,6,5,31.0
2017-2018,CRDITED du Bas-St-Laurent,6,6,14.0
2017-2018,CRDITED du Bas-St-Laurent,6,7,3.0
2017-2018,CRDITED du Bas-St-Laurent,6,9,156.0
2017-2018,CRDITED du Bas-St-Laurent,7,1,5.0
2017-2018,CRDITED du Bas-St-Laurent,7,2,6.0
2017-2018,CRDITED du Bas-St-Laurent,7,3,4.0
2017-2018,CRDITED du Bas-St-Laurent,7,4,2.0
2017-2018,CRDITED du Bas-St-Laurent,7,5,23.0
2017-2018,CRDITED du Bas-St-Laurent,7,6,18.0
2017-2018,CRDITED du Bas-St-Laurent,7,7,2.0
2017-2018,CRDITED du Bas-St-Laurent,7,8,1.0
2017-2018,CRDITED du Bas-St-Laurent,7,9,61.0
2017-2018,CRDITED du Bas-St-Laurent,8,1,2.0
2017-2018,CRDITED du Bas-St-Laurent,8,2,20.0
2017-2018,CRDITED du Bas-St-Laurent,8,3,21.0
2017-2018,CRDITED du Bas-St-Laurent,8,4,6.0
2017-2018,CRDITED du Bas-St-Laurent,8,5,12.0
2017-2018,CRDITED du Bas-St-Laurent,8,9,61.0
2017-2018,CRDITED du Bas-St-Laurent,9,1,7.0
2017-2018,CRDITED du Bas-St-Laurent,9,2,26.0
2017-2018,CRDITED du Bas-St-Laurent,9,3,25.0
2017-2018,CRDITED du Bas-St-Laurent,9,4,8.0
2017-2018,CRDITED du Bas-St-Laurent,9,5,35.0
2017-2018,CRDITED du Bas-St-Laurent,9,6,18.0
2017-2018,CRDITED du Bas-St-Laurent,9,7,2.0
2017-2018,CRDITED du Bas-St-Laurent,9,8,1.0
2017-2018,CRDITED du Bas-St-Laurent,9,9,122.0
2017-2018,CRDITED du SaguenayLac-St-Jean,1,1,27.0
2017-2018,CRDITED du SaguenayLac-St-Jean,1,2,13.0
2017-2018,CRDITED du SaguenayLac-St-Jean,1,3,22.0
2017-2018,CRDITED du SaguenayLac-St-Jean,1,4,10.0
2017-2018,CRDITED du SaguenayLac-St-Jean,1,5,29.0
2017-2018,CRDITED du SaguenayLac-St-Jean,1,6,13.0
2017-2018,CRDITED du SaguenayLac-St-Jean,1,7,3.0
2017-2018,CRDITED du SaguenayLac-St-Jean,1,8,0.0
2017-2018,CRDITED du SaguenayLac-St-Jean,1,9,117.0
2017-2018,CRDITED du SaguenayLac-St-Jean,2,1,22.0
2017-2018,CRDITED du SaguenayLac-St-Jean,2,2,24.0
2017-2018,CRDITED du SaguenayLac-St-Jean,2,3,21.0
2017-2018,CRDITED du SaguenayLac-St-Jean,2,4,8.0
2017-2018,CRDITED du SaguenayLac-St-Jean,2,5,6.0
2017-2018,CRDITED du SaguenayLac-St-Jean,2,6,0.0
2017-2018,CRDITED du SaguenayLac-St-Jean,2,7,0.0
2017-2018,CRDITED du SaguenayLac-St-Jean,2,8,0.0
2017-2018,CRDITED du SaguenayLac-St-Jean,2,9,81.0
2017-2018,CRDITED du SaguenayLac-St-Jean,3,1,49.0
2017-2018,CRDITED du SaguenayLac-St-Jean,3,2,37.0
2017-2018,CRDITED du SaguenayLac-St-Jean,3,3,43.0
2017-2018,CRDITED du SaguenayLac-St-Jean,3,4,18.0
2017-2018,CRDITED du SaguenayLac-St-Jean,3,5,35.0
2017-2018,CRDITED du SaguenayLac-St-Jean,3,6,13.0
2017-2018,CRDITED du SaguenayLac-St-Jean,3,7,3.0
2017-2018,CRDITED du SaguenayLac-St-Jean,3,8,0.0
2017-2018,CRDITED du SaguenayLac-St-Jean,3,9,198.0
2017-2018,CRDITED du SaguenayLac-St-Jean,4,1,25.0
2017-2018,CRDITED du SaguenayLac-St-Jean,4,2,10.0
2017-2018,CRDITED du SaguenayLac-St-Jean,4,3,15.0
2017-2018,CRDITED du SaguenayLac-St-Jean,4,4,9.0
2017-2018,CRDITED du SaguenayLac-St-Jean,4,5,24.0
2017-2018,CRDITED du SaguenayLac-St-Jean,4,6,12.0
2017-2018,CRDITED du SaguenayLac-St-Jean,4,7,3.0
2017-2018,CRDITED du SaguenayLac-St-Jean,4,8,1.0
2017-2018,CRDITED du SaguenayLac-St-Jean,4,9,99.0
2017-2018,CRDITED du SaguenayLac-St-Jean,5,1,18.0
2017-2018,CRDITED du SaguenayLac-St-Jean,5,2,18.0
2017-2018,CRDITED du SaguenayLac-St-Jean,5,3,16.0
2017-2018,CRDITED du SaguenayLac-St-Jean,5,4,13.0
2017-2018,CRDITED du SaguenayLac-St-Jean,5,5,9.0
2017-2018,CRDITED du SaguenayLac-St-Jean,5,6,0.0
2017-2018,CRDITED du SaguenayLac-St-Jean,5,7,0.0
2017-2018,CRDITED du SaguenayLac-St-Jean,5,8,0.0
2017-2018,CRDITED du SaguenayLac-St-Jean,5,9,74.0
2017-2018,CRDITED du SaguenayLac-St-Jean,6,1,43.0
2017-2018,CRDITED du SaguenayLac-St-Jean,6,2,28.0
2017-2018,CRDITED du SaguenayLac-St-Jean,6,3,31.0
2017-2018,CRDITED du SaguenayLac-St-Jean,6,4,22.0
2017-2018,CRDITED du SaguenayLac-St-Jean,6,5,33.0
2017-2018,CRDITED du SaguenayLac-St-Jean,6,6,12.0
2017-2018,CRDITED du SaguenayLac-St-Jean,6,7,3.0
2017-2018,CRDITED du SaguenayLac-St-Jean,6,8,1.0
2017-2018,CRDITED du SaguenayLac-St-Jean,6,9,173.0
2017-2018,CRDITED du SaguenayLac-St-Jean,7,1,9.0
2017-2018,CRDITED du SaguenayLac-St-Jean,7,2,17.0
2017-2018,CRDITED du SaguenayLac-St-Jean,7,3,8.0
2017-2018,CRDITED du SaguenayLac-St-Jean,7,4,8.0
2017-2018,CRDITED du SaguenayLac-St-Jean,7,5,33.0
2017-2018,CRDITED du SaguenayLac-St-Jean,7,6,32.0
2017-2018,CRDITED du SaguenayLac-St-Jean,7,7,4.0
2017-2018,CRDITED du SaguenayLac-St-Jean,7,8,2.0
2017-2018,CRDITED du SaguenayLac-St-Jean,7,9,113.0
2017-2018,CRDITED du SaguenayLac-St-Jean,8,1,2.0
2017-2018,CRDITED du SaguenayLac-St-Jean,8,2,27.0
2017-2018,CRDITED du SaguenayLac-St-Jean,8,3,21.0
2017-2018,CRDITED du SaguenayLac-St-Jean,8,4,8.0
2017-2018,CRDITED du SaguenayLac-St-Jean,8,5,7.0
2017-2018,CRDITED du SaguenayLac-St-Jean,8,6,2.0
2017-2018,CRDITED du SaguenayLac-St-Jean,8,7,0.0
2017-2018,CRDITED du SaguenayLac-St-Jean,8,8,0.0
2017-2018,CRDITED du SaguenayLac-St-Jean,8,9,67.0
2017-2018,CRDITED du SaguenayLac-St-Jean,9,1,11.0
2017-2018,CRDITED du SaguenayLac-St-Jean,9,2,44.0
2017-2018,CRDITED du SaguenayLac-St-Jean,9,3,29.0
2017-2018,CRDITED du SaguenayLac-St-Jean,9,4,16.0
2017-2018,CRDITED du SaguenayLac-St-Jean,9,5,40.0
2017-2018,CRDITED du SaguenayLac-St-Jean,9,6,34.0
2017-2018,CRDITED du SaguenayLac-St-Jean,9,7,4.0
2017-2018,CRDITED du SaguenayLac-St-Jean,9,8,2.0
2017-2018,CRDITED du SaguenayLac-St-Jean,9,9,180.0
2017-2018,CSSS de Charlevoix,1,1,1.0
2017-2018,CSSS de Charlevoix,1,2,2.0
2017-2018,CSSS de Charlevoix,1,3,0.0
2017-2018,CSSS de Charlevoix,1,4,1.0
2017-2018,CSSS de Charlevoix,1,5,0.0
2017-2018,CSSS de Charlevoix,1,6,2.0
2017-2018,CSSS de Charlevoix,1,7,1.0
2017-2018,CSSS de Charlevoix,1,8,2.0
2017-2018,CSSS de Charlevoix,1,9,9.0
2017-2018,CSSS de Charlevoix,2,1,1.0
2017-2018,CSSS de Charlevoix,2,2,5.0
2017-2018,CSSS de Charlevoix,2,3,4.0
2017-2018,CSSS de Charlevoix,2,4,1.0
2017-2018,CSSS de Charlevoix,2,5,0.0
2017-2018,CSSS de Charlevoix,2,6,1.0
2017-2018,CSSS de Charlevoix,2,7,0.0
2017-2018,CSSS de Charlevoix,2,8,0.0
2017-2018,CSSS de Charlevoix,2,9,12.0
2017-2018,CSSS de Charlevoix,3,1,2.0
2017-2018,CSSS de Charlevoix,3,2,7.0
2017-2018,CSSS de Charlevoix,3,3,4.0
2017-2018,CSSS de Charlevoix,3,4,2.0
2017-2018,CSSS de Charlevoix,3,5,0.0
2017-2018,CSSS de Charlevoix,3,6,3.0
2017-2018,CSSS de Charlevoix,3,7,1.0
2017-2018,CSSS de Charlevoix,3,8,2.0
2017-2018,CSSS de Charlevoix,3,9,21.0
2017-2018,CSSS de Charlevoix,4,1,1.0
2017-2018,CSSS de Charlevoix,4,2,1.0
2017-2018,CSSS de Charlevoix,4,3,0.0
2017-2018,CSSS de Charlevoix,4,4,1.0
2017-2018,CSSS de Charlevoix,4,5,0.0
2017-2018,CSSS de Charlevoix,4,6,3.0
2017-2018,CSSS de Charlevoix,4,7,1.0
2017-2018,CSSS de Charlevoix,4,8,2.0
2017-2018,CSSS de Charlevoix,4,9,9.0
2017-2018,CSSS de Charlevoix,5,1,1.0
2017-2018,CSSS de Charlevoix,5,2,5.0
2017-2018,CSSS de Charlevoix,5,3,4.0
2017-2018,CSSS de Charlevoix,5,4,1.0
2017-2018,CSSS de Charlevoix,5,5,0.0
2017-2018,CSSS de Charlevoix,5,6,1.0
2017-2018,CSSS de Charlevoix,5,7,0.0
2017-2018,CSSS de Charlevoix,5,8,0.0
2017-2018,CSSS de Charlevoix,5,9,12.0
2017-2018,CSSS de Charlevoix,6,1,2.0
2017-2018,CSSS de Charlevoix,6,2,6.0
2017-2018,CSSS de Charlevoix,6,3,4.0
2017-2018,CSSS de Charlevoix,6,4,2.0
2017-2018,CSSS de Charlevoix,6,5,0.0
2017-2018,CSSS de Charlevoix,6,6,4.0
2017-2018,CSSS de Charlevoix,6,7,1.0
2017-2018,CSSS de Charlevoix,6,8,2.0
2017-2018,CSSS de Charlevoix,6,9,21.0
2017-2018,CSSS de Charlevoix,7,1,0.0
2017-2018,CSSS de Charlevoix,7,2,2.0
2017-2018,CSSS de Charlevoix,7,3,0.0
2017-2018,CSSS de Charlevoix,7,4,3.0
2017-2018,CSSS de Charlevoix,7,5,2.0
2017-2018,CSSS de Charlevoix,7,6,7.0
2017-2018,CSSS de Charlevoix,7,7,10.0
2017-2018,CSSS de Charlevoix,7,8,4.0
2017-2018,CSSS de Charlevoix,7,9,28.0
2017-2018,CSSS de Charlevoix,8,1,0.0
2017-2018,CSSS de Charlevoix,8,2,0.0
2017-2018,CSSS de Charlevoix,8,3,0.0
2017-2018,CSSS de Charlevoix,8,4,2.0
2017-2018,CSSS de Charlevoix,8,5,2.0
2017-2018,CSSS de Charlevoix,8,6,0.0
2017-2018,CSSS de Charlevoix,8,7,0.0
2017-2018,CSSS de Charlevoix,8,8,0.0
2017-2018,CSSS de Charlevoix,8,9,4.0
2017-2018,CSSS de Charlevoix,9,1,0.0
2017-2018,CSSS de Charlevoix,9,2,2.0
2017-2018,CSSS de Charlevoix,9,3,0.0
2017-2018,CSSS de Charlevoix,9,4,5.0
2017-2018,CSSS de Charlevoix,9,5,4.0
2017-2018,CSSS de Charlevoix,9,6,7.0
2017-2018,CSSS de Charlevoix,9,7,10.0
2017-2018,CSSS de Charlevoix,9,8,4.0
2017-2018,CSSS de Charlevoix,9,9,32.0
2017-2018,CSSS des Îles,1,1,1.0
2017-2018,CSSS des Îles,1,2,5.0
2017-2018,CSSS des Îles,1,3,0.0
2017-2018,CSSS des Îles,1,4,1.0
2017-2018,CSSS des Îles,1,5,0.0
2017-2018,CSSS des Îles,1,6,1.0
2017-2018,CSSS des Îles,1,7,0.0
2017-2018,CSSS des Îles,1,8,0.0
2017-2018,CSSS des Îles,1,9,8.0
2017-2018,CSSS des Îles,2,1,3.0
2017-2018,CSSS des Îles,2,2,4.0
2017-2018,CSSS des Îles,2,3,0.0
2017-2018,CSSS des Îles,2,4,2.0
2017-2018,CSSS des Îles,2,5,0.0
2017-2018,CSSS des Îles,2,6,0.0
2017-2018,CSSS des Îles,2,7,0.0
2017-2018,CSSS des Îles,2,8,0.0
2017-2018,CSSS des Îles,2,9,9.0
2017-2018,CSSS des Îles,3,1,4.0
2017-2018,CSSS des Îles,3,2,9.0
2017-2018,CSSS des Îles,3,3,0.0
2017-2018,CSSS des Îles,3,4,3.0
2017-2018,CSSS des Îles,3,5,0.0
2017-2018,CSSS des Îles,3,6,1.0
2017-2018,CSSS des Îles,3,7,0.0
2017-2018,CSSS des Îles,3,8,0.0
2017-2018,CSSS des Îles,3,9,17.0
2017-2018,CSSS des Îles,4,1,1.0
2017-2018,CSSS des Îles,4,2,4.0
2017-2018,CSSS des Îles,4,3,0.0
2017-2018,CSSS des Îles,4,4,1.0
2017-2018,CSSS des Îles,4,5,1.0
2017-2018,CSSS des Îles,4,6,1.0
2017-2018,CSSS des Îles,4,7,0.0
2017-2018,CSSS des Îles,4,8,0.0
2017-2018,CSSS des Îles,4,9,8.0
2017-2018,CSSS des Îles,5,1,3.0
2017-2018,CSSS des Îles,5,2,3.0
2017-2018,CSSS des Îles,5,3,0.0
2017-2018,CSSS des Îles,5,4,0.0
2017-2018,CSSS des Îles,5,5,0.0
2017-2018,CSSS des Îles,5,6,0.0
2017-2018,CSSS des Îles,5,7,0.0
2017-2018,CSSS des Îles,5,8,0.0
2017-2018,CSSS des Îles,5,9,6.0
2017-2018,CSSS des Îles,6,1,4.0
2017-2018,CSSS des Îles,6,2,7.0
2017-2018,CSSS des Îles,6,3,0.0
2017-2018,CSSS des Îles,6,4,1.0
2017-2018,CSSS des Îles,6,5,1.0
2017-2018,CSSS des Îles,6,6,1.0
2017-2018,CSSS des Îles,6,7,0.0
2017-2018,CSSS des Îles,6,8,0.0
2017-2018,CSSS des Îles,6,9,14.0
2017-2018,CSSS des Îles,7,1,0.0
2017-2018,CSSS des Îles,7,2,2.0
2017-2018,CSSS des Îles,7,3,2.0
2017-2018,CSSS des Îles,7,4,3.0
2017-2018,CSSS des Îles,7,5,2.0
2017-2018,CSSS des Îles,7,6,5.0
2017-2018,CSSS des Îles,7,7,5.0
2017-2018,CSSS des Îles,7,8,0.0
2017-2018,CSSS des Îles,7,9,19.0
2017-2018,CSSS des Îles,8,1,0.0
2017-2018,CSSS des Îles,8,2,3.0
2017-2018,CSSS des Îles,8,3,2.0
2017-2018,CSSS des Îles,8,4,1.0
2017-2018,CSSS des Îles,8,5,1.0
2017-2018,CSSS des Îles,8,6,0.0
2017-2018,CSSS des Îles,8,7,0.0
2017-2018,CSSS des Îles,8,8,0.0
2017-2018,CSSS des Îles,8,9,7.0
2017-2018,CSSS des Îles,9,1,0.0
2017-2018,CSSS des Îles,9,2,5.0
2017-2018,CSSS des Îles,9,3,4.0
2017-2018,CSSS des Îles,9,4,4.0
2017-2018,CSSS des Îles,9,5,3.0
2017-2018,CSSS des Îles,9,6,5.0
2017-2018,CSSS des Îles,9,7,5.0
2017-2018,CSSS des Îles,9,8,0.0
2017-2018,CSSS des Îles,9,9,26.0
2017-2018,Centre Miriam,1,1,20.0
2017-2018,Centre Miriam,1,2,23.0
2017-2018,Centre Miriam,1,3,12.0
2017-2018,Centre Miriam,1,4,13.0
2017-2018,Centre Miriam,1,5,26.0
2017-2018,Centre Miriam,1,6,10.0
2017-2018,Centre Miriam,1,7,2.0
2017-2018,Centre Miriam,1,8,0.0
2017-2018,Centre Miriam,1,9,106.0
2017-2018,Centre Miriam,2,1,143.0
2017-2018,Centre Miriam,2,2,143.0
2017-2018,Centre Miriam,2,3,41.0
2017-2018,Centre Miriam,2,4,13.0
2017-2018,Centre Miriam,2,5,7.0
2017-2018,Centre Miriam,2,6,2.0
2017-2018,Centre Miriam,2,7,0.0
2017-2018,Centre Miriam,2,8,0.0
2017-2018,Centre Miriam,2,9,349.0
2017-2018,Centre Miriam,3,1,163.0
2017-2018,Centre Miriam,3,2,166.0
2017-2018,Centre Miriam,3,3,53.0
2017-2018,Centre Miriam,3,4,26.0
2017-2018,Centre Miriam,3,5,33.0
2017-2018,Centre Miriam,3,6,12.0
2017-2018,Centre Miriam,3,7,2.0
2017-2018,Centre Miriam,3,8,0.0
2017-2018,Centre Miriam,3,9,455.0
2017-2018,Centre Miriam,4,1,13.0
2017-2018,Centre Miriam,4,2,5.0
2017-2018,Centre Miriam,4,3,5.0
2017-2018,Centre Miriam,4,4,7.0
2017-2018,Centre Miriam,4,5,22.0
2017-2018,Centre Miriam,4,6,4.0
2017-2018,Centre Miriam,4,7,0.0
2017-2018,Centre Miriam,4,8,0.0
2017-2018,Centre Miriam,4,9,56.0
2017-2018,Centre Miriam,5,1,56.0
2017-2018,Centre Miriam,5,2,44.0
2017-2018,Centre Miriam,5,3,10.0
2017-2018,Centre Miriam,5,4,6.0
2017-2018,Centre Miriam,5,5,4.0
2017-2018,Centre Miriam,5,6,0.0
2017-2018,Centre Miriam,5,7,0.0
2017-2018,Centre Miriam,5,8,0.0
2017-2018,Centre Miriam,5,9,120.0
2017-2018,Centre Miriam,6,1,69.0
2017-2018,Centre Miriam,6,2,49.0
2017-2018,Centre Miriam,6,3,15.0
2017-2018,Centre Miriam,6,4,13.0
2017-2018,Centre Miriam,6,5,26.0
2017-2018,Centre Miriam,6,6,4.0
2017-2018,Centre Miriam,6,7,0.0
2017-2018,Centre Miriam,6,8,0.0
2017-2018,Centre Miriam,6,9,176.0
2017-2018,Centre Miriam,7,1,11.0
2017-2018,Centre Miriam,7,2,30.0
2017-2018,Centre Miriam,7,3,22.0
2017-2018,Centre Miriam,7,4,2.0
2017-2018,Centre Miriam,7,5,13.0
2017-2018,Centre Miriam,7,6,7.0
2017-2018,Centre Miriam,7,7,5.0
2017-2018,Centre Miriam,7,8,2.0
2017-2018,Centre Miriam,7,9,92.0
2017-2018,Centre Miriam,8,1,17.0
2017-2018,Centre Miriam,8,2,129.0
2017-2018,Centre Miriam,8,3,50.0
2017-2018,Centre Miriam,8,4,9.0
2017-2018,Centre Miriam,8,5,4.0
2017-2018,Centre Miriam,8,6,1.0
2017-2018,Centre Miriam,8,7,1.0
2017-2018,Centre Miriam,8,8,0.0
2017-2018,Centre Miriam,8,9,211.0
2017-2018,Centre Miriam,9,1,28.0
2017-2018,Centre Miriam,9,2,159.0
2017-2018,Centre Miriam,9,3,72.0
2017-2018,Centre Miriam,9,4,11.0
2017-2018,Centre Miriam,9,5,17.0
2017-2018,Centre Miriam,9,6,8.0
2017-2018,Centre Miriam,9,7,6.0
2017-2018,Centre Miriam,9,8,2.0
2017-2018,Centre Miriam,9,9,303.0
2017-2018,Centre du Florès,1,1,33.0
2017-2018,Centre du Florès,1,2,14.0
2017-2018,Centre du Florès,1,3,25.0
2017-2018,Centre du Florès,1,4,57.0
2017-2018,Centre du Florès,1,5,218.0
2017-2018,Centre du Florès,1,6,135.0
2017-2018,Centre du Florès,1,7,15.0
2017-2018,Centre du Florès,1,8,2.0
2017-2018,Centre du Florès,1,9,499.0
2017-2018,Centre du Florès,2,1,50.0
2017-2018,Centre du Florès,2,2,103.0
2017-2018,Centre du Florès,2,3,56.0
2017-2018,Centre du Florès,2,4,17.0
2017-2018,Centre du Florès,2,5,13.0
2017-2018,Centre du Florès,2,6,2.0
2017-2018,Centre du Florès,2,9,241.0
2017-2018,Centre du Florès,3,1,83.0
2017-2018,Centre du Florès,3,2,117.0
2017-2018,Centre du Florès,3,3,81.0
2017-2018,Centre du Florès,3,4,74.0
2017-2018,Centre du Florès,3,5,231.0
2017-2018,Centre du Florès,3,6,137.0
2017-2018,Centre du Florès,3,7,15.0
2017-2018,Centre du Florès,3,8,2.0
2017-2018,Centre du Florès,3,9,740.0
2017-2018,Centre du Florès,4,1,20.0
2017-2018,Centre du Florès,4,2,16.0
2017-2018,Centre du Florès,4,3,25.0
2017-2018,Centre du Florès,4,4,56.0
2017-2018,Centre du Florès,4,5,190.0
2017-2018,Centre du Florès,4,6,99.0
2017-2018,Centre du Florès,4,7,10.0
2017-2018,Centre du Florès,4,8,1.0
2017-2018,Centre du Florès,4,9,417.0
2017-2018,Centre du Florès,5,1,50.0
2017-2018,Centre du Florès,5,2,95.0
2017-2018,Centre du Florès,5,3,48.0
2017-2018,Centre du Florès,5,4,26.0
2017-2018,Centre du Florès,5,5,15.0
2017-2018,Centre du Florès,5,6,1.0
2017-2018,Centre du Florès,5,9,235.0
2017-2018,Centre du Florès,6,1,70.0
2017-2018,Centre du Florès,6,2,111.0
2017-2018,Centre du Florès,6,3,73.0
2017-2018,Centre du Florès,6,4,82.0
2017-2018,Centre du Florès,6,5,205.0
2017-2018,Centre du Florès,6,6,100.0
2017-2018,Centre du Florès,6,7,10.0
2017-2018,Centre du Florès,6,8,1.0
2017-2018,Centre du Florès,6,9,652.0
2017-2018,Centre du Florès,7,1,7.0
2017-2018,Centre du Florès,7,2,38.0
2017-2018,Centre du Florès,7,3,14.0
2017-2018,Centre du Florès,7,4,52.0
2017-2018,Centre du Florès,7,5,234.0
2017-2018,Centre du Florès,7,6,125.0
2017-2018,Centre du Florès,7,7,22.0
2017-2018,Centre du Florès,7,8,3.0
2017-2018,Centre du Florès,7,9,495.0
2017-2018,Centre du Florès,8,1,6.0
2017-2018,Centre du Florès,8,2,111.0
2017-2018,Centre du Florès,8,3,56.0
2017-2018,Centre du Florès,8,4,16.0
2017-2018,Centre du Florès,8,5,16.0
2017-2018,Centre du Florès,8,9,205.0
2017-2018,Centre du Florès,9,1,13.0
2017-2018,Centre du Florès,9,2,149.0
2017-2018,Centre du Florès,9,3,70.0
2017-2018,Centre du Florès,9,4,68.0
2017-2018,Centre du Florès,9,5,250.0
2017-2018,Centre du Florès,9,6,125.0
2017-2018,Centre du Florès,9,7,22.0
2017-2018,Centre du Florès,9,8,3.0
2017-2018,Centre du Florès,9,9,700.0
2017-2018,Clair Foyer Inc.,1,1,7.0
2017-2018,Clair Foyer Inc.,1,2,11.0
2017-2018,Clair Foyer Inc.,1,3,10.0
2017-2018,Clair Foyer Inc.,1,4,2.0
2017-2018,Clair Foyer Inc.,1,5,23.0
2017-2018,Clair Foyer Inc.,1,6,12.0
2017-2018,Clair Foyer Inc.,1,7,2.0
2017-2018,Clair Foyer Inc.,1,8,0.0
2017-2018,Clair Foyer Inc.,1,9,67.0
2017-2018,Clair Foyer Inc.,3,1,7.0
2017-2018,Clair Foyer Inc.,3,2,11.0
2017-2018,Clair Foyer Inc.,3,3,10.0
2017-2018,Clair Foyer Inc.,3,4,2.0
2017-2018,Clair Foyer Inc.,3,5,23.0
2017-2018,Clair Foyer Inc.,3,6,12.0
2017-2018,Clair Foyer Inc.,3,7,2.0
2017-2018,Clair Foyer Inc.,3,8,0.0
2017-2018,Clair Foyer Inc.,3,9,67.0
2017-2018,Clair Foyer Inc.,4,1,15.0
2017-2018,Clair Foyer Inc.,4,2,15.0
2017-2018,Clair Foyer Inc.,4,3,10.0
2017-2018,Clair Foyer Inc.,4,4,5.0
2017-2018,Clair Foyer Inc.,4,5,11.0
2017-2018,Clair Foyer Inc.,4,6,11.0
2017-2018,Clair Foyer Inc.,4,7,1.0
2017-2018,Clair Foyer Inc.,4,9,68.0
2017-2018,Clair Foyer Inc.,6,1,15.0
2017-2018,Clair Foyer Inc.,6,2,15.0
2017-2018,Clair Foyer Inc.,6,3,10.0
2017-2018,Clair Foyer Inc.,6,4,5.0
2017-2018,Clair Foyer Inc.,6,5,11.0
2017-2018,Clair Foyer Inc.,6,6,11.0
2017-2018,Clair Foyer Inc.,6,7,1.0
2017-2018,Clair Foyer Inc.,6,9,68.0
2017-2018,Clair Foyer Inc.,7,1,4.0
2017-2018,Clair Foyer Inc.,7,2,7.0
2017-2018,Clair Foyer Inc.,7,3,12.0
2017-2018,Clair Foyer Inc.,7,4,6.0
2017-2018,Clair Foyer Inc.,7,5,41.0
2017-2018,Clair Foyer Inc.,7,6,15.0
2017-2018,Clair Foyer Inc.,7,7,3.0
2017-2018,Clair Foyer Inc.,7,8,0.0
2017-2018,Clair Foyer Inc.,7,9,88.0
2017-2018,Clair Foyer Inc.,9,1,4.0
2017-2018,Clair Foyer Inc.,9,2,7.0
2017-2018,Clair Foyer Inc.,9,3,12.0
2017-2018,Clair Foyer Inc.,9,4,6.0
2017-2018,Clair Foyer Inc.,9,5,41.0
2017-2018,Clair Foyer Inc.,9,6,15.0
2017-2018,Clair Foyer Inc.,9,7,3.0
2017-2018,Clair Foyer Inc.,9,8,0.0
2017-2018,Clair Foyer Inc.,9,9,88.0
2017-2018,Pavillon du Parc,1,1,20.0
2017-2018,Pavillon du Parc,1,2,16.0
2017-2018,Pavillon du Parc,1,3,16.0
2017-2018,Pavillon du Parc,1,4,9.0
2017-2018,Pavillon du Parc,1,5,37.0
2017-2018,Pavillon du Parc,1,6,10.0
2017-2018,Pavillon du Parc,1,7,1.0
2017-2018,Pavillon du Parc,1,8,2.0
2017-2018,Pavillon du Parc,1,9,111.0
2017-2018,Pavillon du Parc,2,1,55.0
2017-2018,Pavillon du Parc,2,2,89.0
2017-2018,Pavillon du Parc,2,3,17.0
2017-2018,Pavillon du Parc,2,4,6.0
2017-2018,Pavillon du Parc,2,5,23.0
2017-2018,Pavillon du Parc,2,6,3.0
2017-2018,Pavillon du Parc,2,9,193.0
2017-2018,Pavillon du Parc,3,1,75.0
2017-2018,Pavillon du Parc,3,2,105.0
2017-2018,Pavillon du Parc,3,3,33.0
2017-2018,Pavillon du Parc,3,4,15.0
2017-2018,Pavillon du Parc,3,5,60.0
2017-2018,Pavillon du Parc,3,6,13.0
2017-2018,Pavillon du Parc,3,7,1.0
2017-2018,Pavillon du Parc,3,8,2.0
2017-2018,Pavillon du Parc,3,9,304.0
2017-2018,Pavillon du Parc,4,1,22.0
2017-2018,Pavillon du Parc,4,2,19.0
2017-2018,Pavillon du Parc,4,3,18.0
2017-2018,Pavillon du Parc,4,4,9.0
2017-2018,Pavillon du Parc,4,5,24.0
2017-2018,Pavillon du Parc,4,6,6.0
2017-2018,Pavillon du Parc,4,9,98.0
2017-2018,Pavillon du Parc,5,1,52.0
2017-2018,Pavillon du Parc,5,2,87.0
2017-2018,Pavillon du Parc,5,3,22.0
2017-2018,Pavillon du Parc,5,4,3.0
2017-2018,Pavillon du Parc,5,5,8.0
2017-2018,Pavillon du Parc,5,9,172.0
2017-2018,Pavillon du Parc,6,1,74.0
2017-2018,Pavillon du Parc,6,2,106.0
2017-2018,Pavillon du Parc,6,3,40.0
2017-2018,Pavillon du Parc,6,4,12.0
2017-2018,Pavillon du Parc,6,5,32.0
2017-2018,Pavillon du Parc,6,6,6.0
2017-2018,Pavillon du Parc,6,9,270.0
2017-2018,Pavillon du Parc,7,1,7.0
2017-2018,Pavillon du Parc,7,2,25.0
2017-2018,Pavillon du Parc,7,3,34.0
2017-2018,Pavillon du Parc,7,4,23.0
2017-2018,Pavillon du Parc,7,5,78.0
2017-2018,Pavillon du Parc,7,6,122.0
2017-2018,Pavillon du Parc,7,7,30.0
2017-2018,Pavillon du Parc,7,8,11.0
2017-2018,Pavillon du Parc,7,9,330.0
2017-2018,Pavillon du Parc,8,1,5.0
2017-2018,Pavillon du Parc,8,2,65.0
2017-2018,Pavillon du Parc,8,3,38.0
2017-2018,Pavillon du Parc,8,4,9.0
2017-2018,Pavillon du Parc,8,5,18.0
2017-2018,Pavillon du Parc,8,6,1.0
2017-2018,Pavillon du Parc,8,9,136.0
2017-2018,Pavillon du Parc,9,1,12.0
2017-2018,Pavillon du Parc,9,2,90.0
2017-2018,Pavillon du Parc,9,3,72.0
2017-2018,Pavillon du Parc,9,4,32.0
2017-2018,Pavillon du Parc,9,5,96.0
2017-2018,Pavillon du Parc,9,6,123.0
2017-2018,Pavillon du Parc,9,7,30.0
2017-2018,Pavillon du Parc,9,8,11.0
2017-2018,Pavillon du Parc,9,9,466.0
2017-2018,Réadaptation du Sud-Ouest et du Renfort,1,1,30.0
2017-2018,Réadaptation du Sud-Ouest et du Renfort,1,2,38.0
2017-2018,Réadaptation du Sud-Ouest et du Renfort,1,3,53.0
2017-2018,Réadaptation du Sud-Ouest et du Renfort,1,4,38.0
2017-2018,Réadaptation du Sud-Ouest et du Renfort,1,5,72.0
2017-2018,Réadaptation du Sud-Ouest et du Renfort,1,6,31.0
2017-2018,Réadaptation du Sud-Ouest et du Renfort,1,7,1.0
2017-2018,Réadaptation du Sud-Ouest et du Renfort,1,9,263.0
2017-2018,Réadaptation du Sud-Ouest et du Renfort,2,1,195.0
2017-2018,Réadaptation du Sud-Ouest et du Renfort,2,2,349.0
2017-2018,Réadaptation du Sud-Ouest et du Renfort,2,3,99.0
2017-2018,Réadaptation du Sud-Ouest et du Renfort,2,4,31.0
2017-2018,Réadaptation du Sud-Ouest et du Renfort,2,5,28.0
2017-2018,Réadaptation du Sud-Ouest et du Renfort,2,6,3.0
2017-2018,Réadaptation du Sud-Ouest et du Renfort,2,7,2.0
2017-2018,Réadaptation du Sud-Ouest et du Renfort,2,9,707.0
2017-2018,Réadaptation du Sud-Ouest et du Renfort,3,1,225.0
2017-2018,Réadaptation du Sud-Ouest et du Renfort,3,2,387.0
2017-2018,Réadaptation du Sud-Ouest et du Renfort,3,3,152.0
2017-2018,Réadaptation du Sud-Ouest et du Renfort,3,4,69.0
2017-2018,Réadaptation du Sud-Ouest et du Renfort,3,5,100.0
2017-2018,Réadaptation du Sud-Ouest et du Renfort,3,6,34.0
2017-2018,Réadaptation du Sud-Ouest et du Renfort,3,7,3.0
2017-2018,Réadaptation du Sud-Ouest et du Renfort,3,9,970.0
2017-2018,Réadaptation du Sud-Ouest et du Renfort,4,1,27.0
2017-2018,Réadaptation du Sud-Ouest et du Renfort,4,2,21.0
2017-2018,Réadaptation du Sud-Ouest et du Renfort,4,3,29.0
2017-2018,Réadaptation du Sud-Ouest et du Renfort,4,4,24.0
2017-2018,Réadaptation du Sud-Ouest et du Renfort,4,5,36.0
2017-2018,Réadaptation du Sud-Ouest et du Renfort,4,6,19.0
2017-2018,Réadaptation du Sud-Ouest et du Renfort,4,9,156.0
2017-2018,Réadaptation du Sud-Ouest et du Renfort,5,1,186.0
2017-2018,Réadaptation du Sud-Ouest et du Renfort,5,2,278.0
2017-2018,Réadaptation du Sud-Ouest et du Renfort,5,3,80.0
2017-2018,Réadaptation du Sud-Ouest et du Renfort,5,4,26.0
2017-2018,Réadaptation du Sud-Ouest et du Renfort,5,5,17.0
2017-2018,Réadaptation du Sud-Ouest et du Renfort,5,6,3.0
2017-2018,Réadaptation du Sud-Ouest et du Renfort,5,7,1.0
2017-2018,Réadaptation du Sud-Ouest et du Renfort,5,9,591.0
2017-2018,Réadaptation du Sud-Ouest et du Renfort,6,1,213.0
2017-2018,Réadaptation du Sud-Ouest et du Renfort,6,2,299.0
2017-2018,Réadaptation du Sud-Ouest et du Renfort,6,3,109.0
2017-2018,Réadaptation du Sud-Ouest et du Renfort,6,4,50.0
2017-2018,Réadaptation du Sud-Ouest et du Renfort,6,5,53.0
2017-2018,Réadaptation du Sud-Ouest et du Renfort,6,6,22.0
2017-2018,Réadaptation du Sud-Ouest et du Renfort,6,7,1.0
2017-2018,Réadaptation du Sud-Ouest et du Renfort,6,9,747.0
2017-2018,Réadaptation du Sud-Ouest et du Renfort,7,1,4.0
2017-2018,Réadaptation du Sud-Ouest et du Renfort,7,2,29.0
2017-2018,Réadaptation du Sud-Ouest et du Renfort,7,3,26.0
2017-2018,Réadaptation du Sud-Ouest et du Renfort,7,4,31.0
2017-2018,Réadaptation du Sud-Ouest et du Renfort,7,5,88.0
2017-2018,Réadaptation du Sud-Ouest et du Renfort,7,6,38.0
2017-2018,Réadaptation du Sud-Ouest et du Renfort,7,7,5.0
2017-2018,Réadaptation du Sud-Ouest et du Renfort,7,9,221.0
2017-2018,Réadaptation du Sud-Ouest et du Renfort,8,1,26.0
2017-2018,Réadaptation du Sud-Ouest et du Renfort,8,2,314.0
2017-2018,Réadaptation du Sud-Ouest et du Renfort,8,3,117.0
2017-2018,Réadaptation du Sud-Ouest et du Renfort,8,4,30.0
2017-2018,Réadaptation du Sud-Ouest et du Renfort,8,5,30.0
2017-2018,Réadaptation du Sud-Ouest et du Renfort,8,6,2.0
2017-2018,Réadaptation du Sud-Ouest et du Renfort,8,7,1.0
2017-2018,Réadaptation du Sud-Ouest et du Renfort,8,9,520.0
2017-2018,Réadaptation du Sud-Ouest et du Renfort,9,1,30.0
2017-2018,Réadaptation du Sud-Ouest et du Renfort,9,2,343.0
2017-2018,Réadaptation du Sud-Ouest et du Renfort,9,3,143.0
2017-2018,Réadaptation du Sud-Ouest et du Renfort,9,4,61.0
2017-2018,Réadaptation du Sud-Ouest et du Renfort,9,5,118.0
2017-2018,Réadaptation du Sud-Ouest et du Renfort,9,6,40.0
2017-2018,Réadaptation du Sud-Ouest et du Renfort,9,7,6.0
2017-2018,Réadaptation du Sud-Ouest et du Renfort,9,9,741.0
2018-2019,CISSS de Chaudière-Appalaches,1,1,24.0
2018-2019,CISSS de Chaudière-Appalaches,1,2,18.0
2018-2019,CISSS de Chaudière-Appalaches,1,3,28.0
2018-2019,CISSS de Chaudière-Appalaches,1,4,31.0
2018-2019,CISSS de Chaudière-Appalaches,1,5,36.0
2018-2019,CISSS de Chaudière-Appalaches,1,6,36.0
2018-2019,CISSS de Chaudière-Appalaches,1,7,5.0
2018-2019,CISSS de Chaudière-Appalaches,1,8,8.0
2018-2019,CISSS de Chaudière-Appalaches,1,9,186.0
2018-2019,CISSS de Chaudière-Appalaches,2,1,51.0
2018-2019,CISSS de Chaudière-Appalaches,2,2,103.0
2018-2019,CISSS de Chaudière-Appalaches,2,3,57.0
2018-2019,CISSS de Chaudière-Appalaches,2,4,23.0
2018-2019,CISSS de Chaudière-Appalaches,2,5,19.0
2018-2019,CISSS de Chaudière-Appalaches,2,6,2.0
2018-2019,CISSS de Chaudière-Appalaches,2,7,0.0
2018-2019,CISSS de Chaudière-Appalaches,2,8,0.0
2018-2019,CISSS de Chaudière-Appalaches,2,9,255.0
2018-2019,CISSS de Chaudière-Appalaches,3,1,75.0
2018-2019,CISSS de Chaudière-Appalaches,3,2,121.0
2018-2019,CISSS de Chaudière-Appalaches,3,3,85.0
2018-2019,CISSS de Chaudière-Appalaches,3,4,54.0
2018-2019,CISSS de Chaudière-Appalaches,3,5,55.0
2018-2019,CISSS de Chaudière-Appalaches,3,6,38.0
2018-2019,CISSS de Chaudière-Appalaches,3,7,5.0
2018-2019,CISSS de Chaudière-Appalaches,3,8,8.0
2018-2019,CISSS de Chaudière-Appalaches,3,9,441.0
2018-2019,CISSS de Chaudière-Appalaches,4,1,30.0
2018-2019,CISSS de Chaudière-Appalaches,4,2,12.0
2018-2019,CISSS de Chaudière-Appalaches,4,3,19.0
2018-2019,CISSS de Chaudière-Appalaches,4,4,20.0
2018-2019,CISSS de Chaudière-Appalaches,4,5,27.0
2018-2019,CISSS de Chaudière-Appalaches,4,6,25.0
2018-2019,CISSS de Chaudière-Appalaches,4,7,3.0
2018-2019,CISSS de Chaudière-Appalaches,4,8,5.0
2018-2019,CISSS de Chaudière-Appalaches,4,9,141.0
2018-2019,CISSS de Chaudière-Appalaches,5,1,45.0
2018-2019,CISSS de Chaudière-Appalaches,5,2,79.0
2018-2019,CISSS de Chaudière-Appalaches,5,3,44.0
2018-2019,CISSS de Chaudière-Appalaches,5,4,24.0
2018-2019,CISSS de Chaudière-Appalaches,5,5,11.0
2018-2019,CISSS de Chaudière-Appalaches,5,6,3.0
2018-2019,CISSS de Chaudière-Appalaches,5,7,0.0
2018-2019,CISSS de Chaudière-Appalaches,5,8,0.0
2018-2019,CISSS de Chaudière-Appalaches,5,9,206.0
2018-2019,CISSS de Chaudière-Appalaches,6,1,75.0
2018-2019,CISSS de Chaudière-Appalaches,6,2,91.0
2018-2019,CISSS de Chaudière-Appalaches,6,3,63.0
2018-2019,CISSS de Chaudière-Appalaches,6,4,44.0
2018-2019,CISSS de Chaudière-Appalaches,6,5,38.0
2018-2019,CISSS de Chaudière-Appalaches,6,6,28.0
2018-2019,CISSS de Chaudière-Appalaches,6,7,3.0
2018-2019,CISSS de Chaudière-Appalaches,6,8,5.0
2018-2019,CISSS de Chaudière-Appalaches,6,9,347.0
2018-2019,CISSS de Chaudière-Appalaches,7,1,3.0
2018-2019,CISSS de Chaudière-Appalaches,7,2,16.0
2018-2019,CISSS de Chaudière-Appalaches,7,3,17.0
2018-2019,CISSS de Chaudière-Appalaches,7,4,16.0
2018-2019,CISSS de Chaudière-Appalaches,7,5,50.0
2018-2019,CISSS de Chaudière-Appalaches,7,6,46.0
2018-2019,CISSS de Chaudière-Appalaches,7,7,7.0
2018-2019,CISSS de Chaudière-Appalaches,7,8,4.0
2018-2019,CISSS de Chaudière-Appalaches,7,9,159.0
2018-2019,CISSS de Chaudière-Appalaches,8,1,3.0
2018-2019,CISSS de Chaudière-Appalaches,8,2,94.0
2018-2019,CISSS de Chaudière-Appalaches,8,3,54.0
2018-2019,CISSS de Chaudière-Appalaches,8,4,12.0
2018-2019,CISSS de Chaudière-Appalaches,8,5,12.0
2018-2019,CISSS de Chaudière-Appalaches,8,6,5.0
2018-2019,CISSS de Chaudière-Appalaches,8,7,1.0
2018-2019,CISSS de Chaudière-Appalaches,8,8,0.0
2018-2019,CISSS de Chaudière-Appalaches,8,9,181.0
2018-2019,CISSS de Chaudière-Appalaches,9,1,6.0
2018-2019,CISSS de Chaudière-Appalaches,9,2,110.0
2018-2019,CISSS de Chaudière-Appalaches,9,3,71.0
2018-2019,CISSS de Chaudière-Appalaches,9,4,28.0
2018-2019,CISSS de Chaudière-Appalaches,9,5,62.0
2018-2019,CISSS de Chaudière-Appalaches,9,6,51.0
2018-2019,CISSS de Chaudière-Appalaches,9,7,8.0
2018-2019,CISSS de Chaudière-Appalaches,9,8,4.0
2018-2019,CISSS de Chaudière-Appalaches,9,9,340.0
2018-2019,CISSS de Lanaudière,1,1,18.0
2018-2019,CISSS de Lanaudière,1,2,36.0
2018-2019,CISSS de Lanaudière,1,3,30.0
2018-2019,CISSS de Lanaudière,1,4,26.0
2018-2019,CISSS de Lanaudière,1,5,74.0
2018-2019,CISSS de Lanaudière,1,6,23.0
2018-2019,CISSS de Lanaudière,1,7,10.0
2018-2019,CISSS de Lanaudière,1,8,3.0
2018-2019,CISSS de Lanaudière,1,9,220.0
2018-2019,CISSS de Lanaudière,2,1,150.0
2018-2019,CISSS de Lanaudière,2,2,200.0
2018-2019,CISSS de Lanaudière,2,3,80.0
2018-2019,CISSS de Lanaudière,2,4,23.0
2018-2019,CISSS de Lanaudière,2,5,21.0
2018-2019,CISSS de Lanaudière,2,6,2.0
2018-2019,CISSS de Lanaudière,2,7,0.0
2018-2019,CISSS de Lanaudière,2,8,0.0
2018-2019,CISSS de Lanaudière,2,9,476.0
2018-2019,CISSS de Lanaudière,3,1,168.0
2018-2019,CISSS de Lanaudière,3,2,236.0
2018-2019,CISSS de Lanaudière,3,3,110.0
2018-2019,CISSS de Lanaudière,3,4,49.0
2018-2019,CISSS de Lanaudière,3,5,95.0
2018-2019,CISSS de Lanaudière,3,6,25.0
2018-2019,CISSS de Lanaudière,3,7,10.0
2018-2019,CISSS de Lanaudière,3,8,3.0
2018-2019,CISSS de Lanaudière,3,9,696.0
2018-2019,CISSS de Lanaudière,4,1,22.0
2018-2019,CISSS de Lanaudière,4,2,44.0
2018-2019,CISSS de Lanaudière,4,3,31.0
2018-2019,CISSS de Lanaudière,4,4,18.0
2018-2019,CISSS de Lanaudière,4,5,76.0
2018-2019,CISSS de Lanaudière,4,6,33.0
2018-2019,CISSS de Lanaudière,4,7,9.0
2018-2019,CISSS de Lanaudière,4,8,1.0
2018-2019,CISSS de Lanaudière,4,9,234.0
2018-2019,CISSS de Lanaudière,5,1,146.0
2018-2019,CISSS de Lanaudière,5,2,216.0
2018-2019,CISSS de Lanaudière,5,3,92.0
2018-2019,CISSS de Lanaudière,5,4,27.0
2018-2019,CISSS de Lanaudière,5,5,30.0
2018-2019,CISSS de Lanaudière,5,6,2.0
2018-2019,CISSS de Lanaudière,5,7,0.0
2018-2019,CISSS de Lanaudière,5,8,0.0
2018-2019,CISSS de Lanaudière,5,9,513.0
2018-2019,CISSS de Lanaudière,6,1,168.0
2018-2019,CISSS de Lanaudière,6,2,260.0
2018-2019,CISSS de Lanaudière,6,3,123.0
2018-2019,CISSS de Lanaudière,6,4,45.0
2018-2019,CISSS de Lanaudière,6,5,106.0
2018-2019,CISSS de Lanaudière,6,6,35.0
2018-2019,CISSS de Lanaudière,6,7,9.0
2018-2019,CISSS de Lanaudière,6,8,1.0
2018-2019,CISSS de Lanaudière,6,9,747.0
2018-2019,CISSS de Lanaudière,7,1,3.0
2018-2019,CISSS de Lanaudière,7,2,44.0
2018-2019,CISSS de Lanaudière,7,3,25.0
2018-2019,CISSS de Lanaudière,7,4,37.0
2018-2019,CISSS de Lanaudière,7,5,134.0
2018-2019,CISSS de Lanaudière,7,6,147.0
2018-2019,CISSS de Lanaudière,7,7,30.0
2018-2019,CISSS de Lanaudière,7,8,5.0
2018-2019,CISSS de Lanaudière,7,9,425.0
2018-2019,CISSS de Lanaudière,8,1,17.0
2018-2019,CISSS de Lanaudière,8,2,162.0
2018-2019,CISSS de Lanaudière,8,3,88.0
2018-2019,CISSS de Lanaudière,8,4,25.0
2018-2019,CISSS de Lanaudière,8,5,30.0
2018-2019,CISSS de Lanaudière,8,6,2.0
2018-2019,CISSS de Lanaudière,8,7,0.0
2018-2019,CISSS de Lanaudière,8,8,0.0
2018-2019,CISSS de Lanaudière,8,9,324.0
2018-2019,CISSS de Lanaudière,9,1,20.0
2018-2019,CISSS de Lanaudière,9,2,206.0
2018-2019,CISSS de Lanaudière,9,3,113.0
2018-2019,CISSS de Lanaudière,9,4,62.0
2018-2019,CISSS de Lanaudière,9,5,164.0
2018-2019,CISSS de Lanaudière,9,6,149.0
2018-2019,CISSS de Lanaudière,9,7,30.0
2018-2019,CISSS de Lanaudière,9,8,5.0
2018-2019,CISSS de Lanaudière,9,9,749.0
2018-2019,CISSS de Laval,1,1,29.0
2018-2019,CISSS de Laval,1,2,15.0
2018-2019,CISSS de Laval,1,3,21.0
2018-2019,CISSS de Laval,1,4,19.0
2018-2019,CISSS de Laval,1,5,33.0
2018-2019,CISSS de Laval,1,6,7.0
2018-2019,CISSS de Laval,1,7,0.0
2018-2019,CISSS de Laval,1,8,0.0
2018-2019,CISSS de Laval,1,9,124.0
2018-2019,CISSS de Laval,2,1,88.0
2018-2019,CISSS de Laval,2,2,99.0
2018-2019,CISSS de Laval,2,3,34.0
2018-2019,CISSS de Laval,2,4,25.0
2018-2019,CISSS de Laval,2,5,22.0
2018-2019,CISSS de Laval,2,6,3.0
2018-2019,CISSS de Laval,2,7,0.0
2018-2019,CISSS de Laval,2,8,1.0
2018-2019,CISSS de Laval,2,9,272.0
2018-2019,CISSS de Laval,3,1,117.0
2018-2019,CISSS de Laval,3,2,114.0
2018-2019,CISSS de Laval,3,3,55.0
2018-2019,CISSS de Laval,3,4,44.0
2018-2019,CISSS de Laval,3,5,55.0
2018-2019,CISSS de Laval,3,6,10.0
2018-2019,CISSS de Laval,3,7,0.0
2018-2019,CISSS de Laval,3,8,1.0
2018-2019,CISSS de Laval,3,9,396.0
2018-2019,CISSS de Laval,4,1,31.0
2018-2019,CISSS de Laval,4,2,21.0
2018-2019,CISSS de Laval,4,3,20.0
2018-2019,CISSS de Laval,4,4,17.0
2018-2019,CISSS de Laval,4,5,31.0
2018-2019,CISSS de Laval,4,6,5.0
2018-2019,CISSS de Laval,4,7,0.0
2018-2019,CISSS de Laval,4,8,0.0
2018-2019,CISSS de Laval,4,9,125.0
2018-2019,CISSS de Laval,5,1,82.0
2018-2019,CISSS de Laval,5,2,93.0
2018-2019,CISSS de Laval,5,3,46.0
2018-2019,CISSS de Laval,5,4,25.0
2018-2019,CISSS de Laval,5,5,20.0
2018-2019,CISSS de Laval,5,6,1.0
2018-2019,CISSS de Laval,5,7,0.0
2018-2019,CISSS de Laval,5,8,0.0
2018-2019,CISSS de Laval,5,9,267.0
2018-2019,CISSS de Laval,6,1,113.0
2018-2019,CISSS de Laval,6,2,114.0
2018-2019,CISSS de Laval,6,3,66.0
2018-2019,CISSS de Laval,6,4,42.0
2018-2019,CISSS de Laval,6,5,51.0
2018-2019,CISSS de Laval,6,6,6.0
2018-2019,CISSS de Laval,6,7,0.0
2018-2019,CISSS de Laval,6,8,0.0
2018-2019,CISSS de Laval,6,9,392.0
2018-2019,CISSS de Laval,7,1,6.0
2018-2019,CISSS de Laval,7,2,28.0
2018-2019,CISSS de Laval,7,3,8.0
2018-2019,CISSS de Laval,7,4,19.0
2018-2019,CISSS de Laval,7,5,43.0
2018-2019,CISSS de Laval,7,6,26.0
2018-2019,CISSS de Laval,7,7,4.0
2018-2019,CISSS de Laval,7,8,3.0
2018-2019,CISSS de Laval,7,9,137.0
2018-2019,CISSS de Laval,8,1,12.0
2018-2019,CISSS de Laval,8,2,142.0
2018-2019,CISSS de Laval,8,3,40.0
2018-2019,CISSS de Laval,8,4,32.0
2018-2019,CISSS de Laval,8,5,39.0
2018-2019,CISSS de Laval,8,6,2.0
2018-2019,CISSS de Laval,8,7,0.0
2018-2019,CISSS de Laval,8,8,1.0
2018-2019,CISSS de Laval,8,9,268.0
2018-2019,CISSS de Laval,9,1,18.0
2018-2019,CISSS de Laval,9,2,170.0
2018-2019,CISSS de Laval,9,3,48.0
2018-2019,CISSS de Laval,9,4,51.0
2018-2019,CISSS de Laval,9,5,82.0
2018-2019,CISSS de Laval,9,6,28.0
2018-2019,CISSS de Laval,9,7,4.0
2018-2019,CISSS de Laval,9,8,4.0
2018-2019,CISSS de Laval,9,9,405.0
2018-2019,CISSS de l'Abitibi-Témiscamingue,1,1,11.0
2018-2019,CISSS de l'Abitibi-Témiscamingue,1,2,14.0
2018-2019,CISSS de l'Abitibi-Témiscamingue,1,3,5.0
2018-2019,CISSS de l'Abitibi-Témiscamingue,1,4,5.0
2018-2019,CISSS de l'Abitibi-Témiscamingue,1,5,18.0
2018-2019,CISSS de l'Abitibi-Témiscamingue,1,6,12.0
2018-2019,CISSS de l'Abitibi-Témiscamingue,1,7,2.0
2018-2019,CISSS de l'Abitibi-Témiscamingue,1,8,0.0
2018-2019,CISSS de l'Abitibi-Témiscamingue,1,9,67.0
2018-2019,CISSS de l'Abitibi-Témiscamingue,2,1,34.0
2018-2019,CISSS de l'Abitibi-Témiscamingue,2,2,39.0
2018-2019,CISSS de l'Abitibi-Témiscamingue,2,3,13.0
2018-2019,CISSS de l'Abitibi-Témiscamingue,2,4,8.0
2018-2019,CISSS de l'Abitibi-Témiscamingue,2,5,18.0
2018-2019,CISSS de l'Abitibi-Témiscamingue,2,6,1.0
2018-2019,CISSS de l'Abitibi-Témiscamingue,2,7,0.0
2018-2019,CISSS de l'Abitibi-Témiscamingue,2,8,0.0
2018-2019,CISSS de l'Abitibi-Témiscamingue,2,9,113.0
2018-2019,CISSS de l'Abitibi-Témiscamingue,3,1,45.0
2018-2019,CISSS de l'Abitibi-Témiscamingue,3,2,53.0
2018-2019,CISSS de l'Abitibi-Témiscamingue,3,3,18.0
2018-2019,CISSS de l'Abitibi-Témiscamingue,3,4,13.0
2018-2019,CISSS de l'Abitibi-Témiscamingue,3,5,36.0
2018-2019,CISSS de l'Abitibi-Témiscamingue,3,6,13.0
2018-2019,CISSS de l'Abitibi-Témiscamingue,3,7,2.0
2018-2019,CISSS de l'Abitibi-Témiscamingue,3,8,0.0
2018-2019,CISSS de l'Abitibi-Témiscamingue,3,9,180.0
2018-2019,CISSS de l'Abitibi-Témiscamingue,4,1,9.0
2018-2019,CISSS de l'Abitibi-Témiscamingue,4,2,11.0
2018-2019,CISSS de l'Abitibi-Témiscamingue,4,3,3.0
2018-2019,CISSS de l'Abitibi-Témiscamingue,4,4,3.0
2018-2019,CISSS de l'Abitibi-Témiscamingue,4,5,13.0
2018-2019,CISSS de l'Abitibi-Témiscamingue,4,6,10.0
2018-2019,CISSS de l'Abitibi-Témiscamingue,4,7,2.0
2018-2019,CISSS de l'Abitibi-Témiscamingue,4,8,0.0
2018-2019,CISSS de l'Abitibi-Témiscamingue,4,9,51.0
2018-2019,CISSS de l'Abitibi-Témiscamingue,5,1,28.0
2018-2019,CISSS de l'Abitibi-Témiscamingue,5,2,37.0
2018-2019,CISSS de l'Abitibi-Témiscamingue,5,3,15.0
2018-2019,CISSS de l'Abitibi-Témiscamingue,5,4,2.0
2018-2019,CISSS de l'Abitibi-Témiscamingue,5,5,3.0
2018-2019,CISSS de l'Abitibi-Témiscamingue,5,6,2.0
2018-2019,CISSS de l'Abitibi-Témiscamingue,5,7,0.0
2018-2019,CISSS de l'Abitibi-Témiscamingue,5,8,0.0
2018-2019,CISSS de l'Abitibi-Témiscamingue,5,9,87.0
2018-2019,CISSS de l'Abitibi-Témiscamingue,6,1,37.0
2018-2019,CISSS de l'Abitibi-Témiscamingue,6,2,48.0
2018-2019,CISSS de l'Abitibi-Témiscamingue,6,3,18.0
2018-2019,CISSS de l'Abitibi-Témiscamingue,6,4,5.0
2018-2019,CISSS de l'Abitibi-Témiscamingue,6,5,16.0
2018-2019,CISSS de l'Abitibi-Témiscamingue,6,6,12.0
2018-2019,CISSS de l'Abitibi-Témiscamingue,6,7,2.0
2018-2019,CISSS de l'Abitibi-Témiscamingue,6,8,0.0
2018-2019,CISSS de l'Abitibi-Témiscamingue,6,9,138.0
2018-2019,CISSS de l'Abitibi-Témiscamingue,7,1,3.0
2018-2019,CISSS de l'Abitibi-Témiscamingue,7,2,20.0
2018-2019,CISSS de l'Abitibi-Témiscamingue,7,3,11.0
2018-2019,CISSS de l'Abitibi-Témiscamingue,7,4,19.0
2018-2019,CISSS de l'Abitibi-Témiscamingue,7,5,25.0
2018-2019,CISSS de l'Abitibi-Témiscamingue,7,6,14.0
2018-2019,CISSS de l'Abitibi-Témiscamingue,7,7,2.0
2018-2019,CISSS de l'Abitibi-Témiscamingue,7,8,0.0
2018-2019,CISSS de l'Abitibi-Témiscamingue,7,9,94.0
2018-2019,CISSS de l'Abitibi-Témiscamingue,8,1,5.0
2018-2019,CISSS de l'Abitibi-Témiscamingue,8,2,21.0
2018-2019,CISSS de l'Abitibi-Témiscamingue,8,3,15.0
2018-2019,CISSS de l'Abitibi-Témiscamingue,8,4,8.0
2018-2019,CISSS de l'Abitibi-Témiscamingue,8,5,11.0
2018-2019,CISSS de l'Abitibi-Témiscamingue,8,6,1.0
2018-2019,CISSS de l'Abitibi-Témiscamingue,8,7,0.0
2018-2019,CISSS de l'Abitibi-Témiscamingue,8,8,0.0
2018-2019,CISSS de l'Abitibi-Témiscamingue,8,9,61.0
2018-2019,CISSS de l'Abitibi-Témiscamingue,9,1,8.0
2018-2019,CISSS de l'Abitibi-Témiscamingue,9,2,41.0
2018-2019,CISSS de l'Abitibi-Témiscamingue,9,3,26.0
2018-2019,CISSS de l'Abitibi-Témiscamingue,9,4,27.0
2018-2019,CISSS de l'Abitibi-Témiscamingue,9,5,36.0
2018-2019,CISSS de l'Abitibi-Témiscamingue,9,6,15.0
2018-2019,CISSS de l'Abitibi-Témiscamingue,9,7,2.0
2018-2019,CISSS de l'Abitibi-Témiscamingue,9,8,0.0
2018-2019,CISSS de l'Abitibi-Témiscamingue,9,9,155.0
2018-2019,CISSS de l'Outaouais,1,1,18.0
2018-2019,CISSS de l'Outaouais,1,2,17.0
2018-2019,CISSS de l'Outaouais,1,3,18.0
2018-2019,CISSS de l'Outaouais,1,4,20.0
2018-2019,CISSS de l'Outaouais,1,5,34.0
2018-2019,CISSS de l'Outaouais,1,6,11.0
2018-2019,CISSS de l'Outaouais,1,9,118.0
2018-2019,CISSS de l'Outaouais,2,1,50.0
2018-2019,CISSS de l'Outaouais,2,2,85.0
2018-2019,CISSS de l'Outaouais,2,3,26.0
2018-2019,CISSS de l'Outaouais,2,4,12.0
2018-2019,CISSS de l'Outaouais,2,5,24.0
2018-2019,CISSS de l'Outaouais,2,6,1.0
2018-2019,CISSS de l'Outaouais,2,9,198.0
2018-2019,CISSS de l'Outaouais,3,1,68.0
2018-2019,CISSS de l'Outaouais,3,2,102.0
2018-2019,CISSS de l'Outaouais,3,3,44.0
2018-2019,CISSS de l'Outaouais,3,4,32.0
2018-2019,CISSS de l'Outaouais,3,5,58.0
2018-2019,CISSS de l'Outaouais,3,6,12.0
2018-2019,CISSS de l'Outaouais,3,9,316.0
2018-2019,CISSS de l'Outaouais,4,1,21.0
2018-2019,CISSS de l'Outaouais,4,2,19.0
2018-2019,CISSS de l'Outaouais,4,3,22.0
2018-2019,CISSS de l'Outaouais,4,4,16.0
2018-2019,CISSS de l'Outaouais,4,5,49.0
2018-2019,CISSS de l'Outaouais,4,6,20.0
2018-2019,CISSS de l'Outaouais,4,7,1.0
2018-2019,CISSS de l'Outaouais,4,9,148.0
2018-2019,CISSS de l'Outaouais,5,1,66.0
2018-2019,CISSS de l'Outaouais,5,2,92.0
2018-2019,CISSS de l'Outaouais,5,3,26.0
2018-2019,CISSS de l'Outaouais,5,4,10.0
2018-2019,CISSS de l'Outaouais,5,5,22.0
2018-2019,CISSS de l'Outaouais,5,6,2.0
2018-2019,CISSS de l'Outaouais,5,9,218.0
2018-2019,CISSS de l'Outaouais,6,1,87.0
2018-2019,CISSS de l'Outaouais,6,2,111.0
2018-2019,CISSS de l'Outaouais,6,3,48.0
2018-2019,CISSS de l'Outaouais,6,4,26.0
2018-2019,CISSS de l'Outaouais,6,5,71.0
2018-2019,CISSS de l'Outaouais,6,6,22.0
2018-2019,CISSS de l'Outaouais,6,7,1.0
2018-2019,CISSS de l'Outaouais,6,9,366.0
2018-2019,CISSS de l'Outaouais,7,1,2.0
2018-2019,CISSS de l'Outaouais,7,2,30.0
2018-2019,CISSS de l'Outaouais,7,3,19.0
2018-2019,CISSS de l'Outaouais,7,4,17.0
2018-2019,CISSS de l'Outaouais,7,5,54.0
2018-2019,CISSS de l'Outaouais,7,6,35.0
2018-2019,CISSS de l'Outaouais,7,7,3.0
2018-2019,CISSS de l'Outaouais,7,9,160.0
2018-2019,CISSS de l'Outaouais,8,1,7.0
2018-2019,CISSS de l'Outaouais,8,2,93.0
2018-2019,CISSS de l'Outaouais,8,3,33.0
2018-2019,CISSS de l'Outaouais,8,4,13.0
2018-2019,CISSS de l'Outaouais,8,5,16.0
2018-2019,CISSS de l'Outaouais,8,6,2.0
2018-2019,CISSS de l'Outaouais,8,9,164.0
2018-2019,CISSS de l'Outaouais,9,1,9.0
2018-2019,CISSS de l'Outaouais,9,2,123.0
2018-2019,CISSS de l'Outaouais,9,3,52.0
2018-2019,CISSS de l'Outaouais,9,4,30.0
2018-2019,CISSS de l'Outaouais,9,5,70.0
2018-2019,CISSS de l'Outaouais,9,6,37.0
2018-2019,CISSS de l'Outaouais,9,7,3.0
2018-2019,CISSS de l'Outaouais,9,9,324.0
2018-2019,CISSS de la Côte-Nord,1,1,7.0
2018-2019,CISSS de la Côte-Nord,1,2,6.0
2018-2019,CISSS de la Côte-Nord,1,3,2.0
2018-2019,CISSS de la Côte-Nord,1,4,4.0
2018-2019,CISSS de la Côte-Nord,1,5,12.0
2018-2019,CISSS de la Côte-Nord,1,6,4.0
2018-2019,CISSS de la Côte-Nord,1,7,0.0
2018-2019,CISSS de la Côte-Nord,1,8,1.0
2018-2019,CISSS de la Côte-Nord,1,9,36.0
2018-2019,CISSS de la Côte-Nord,2,1,15.0
2018-2019,CISSS de la Côte-Nord,2,2,30.0
2018-2019,CISSS de la Côte-Nord,2,3,24.0
2018-2019,CISSS de la Côte-Nord,2,4,10.0
2018-2019,CISSS de la Côte-Nord,2,5,9.0
2018-2019,CISSS de la Côte-Nord,2,6,0.0
2018-2019,CISSS de la Côte-Nord,2,7,0.0
2018-2019,CISSS de la Côte-Nord,2,8,0.0
2018-2019,CISSS de la Côte-Nord,2,9,88.0
2018-2019,CISSS de la Côte-Nord,3,1,22.0
2018-2019,CISSS de la Côte-Nord,3,2,36.0
2018-2019,CISSS de la Côte-Nord,3,3,26.0
2018-2019,CISSS de la Côte-Nord,3,4,14.0
2018-2019,CISSS de la Côte-Nord,3,5,21.0
2018-2019,CISSS de la Côte-Nord,3,6,4.0
2018-2019,CISSS de la Côte-Nord,3,7,0.0
2018-2019,CISSS de la Côte-Nord,3,8,1.0
2018-2019,CISSS de la Côte-Nord,3,9,124.0
2018-2019,CISSS de la Côte-Nord,4,1,2.0
2018-2019,CISSS de la Côte-Nord,4,2,2.0
2018-2019,CISSS de la Côte-Nord,4,3,2.0
2018-2019,CISSS de la Côte-Nord,4,4,5.0
2018-2019,CISSS de la Côte-Nord,4,5,7.0
2018-2019,CISSS de la Côte-Nord,4,6,6.0
2018-2019,CISSS de la Côte-Nord,4,7,1.0
2018-2019,CISSS de la Côte-Nord,4,8,1.0
2018-2019,CISSS de la Côte-Nord,4,9,26.0
2018-2019,CISSS de la Côte-Nord,5,1,16.0
2018-2019,CISSS de la Côte-Nord,5,2,23.0
2018-2019,CISSS de la Côte-Nord,5,3,14.0
2018-2019,CISSS de la Côte-Nord,5,4,6.0
2018-2019,CISSS de la Côte-Nord,5,5,1.0
2018-2019,CISSS de la Côte-Nord,5,6,0.0
2018-2019,CISSS de la Côte-Nord,5,7,0.0
2018-2019,CISSS de la Côte-Nord,5,8,0.0
2018-2019,CISSS de la Côte-Nord,5,9,60.0
2018-2019,CISSS de la Côte-Nord,6,1,18.0
2018-2019,CISSS de la Côte-Nord,6,2,25.0
2018-2019,CISSS de la Côte-Nord,6,3,16.0
2018-2019,CISSS de la Côte-Nord,6,4,11.0
2018-2019,CISSS de la Côte-Nord,6,5,8.0
2018-2019,CISSS de la Côte-Nord,6,6,6.0
2018-2019,CISSS de la Côte-Nord,6,7,1.0
2018-2019,CISSS de la Côte-Nord,6,8,1.0
2018-2019,CISSS de la Côte-Nord,6,9,86.0
2018-2019,CISSS de la Côte-Nord,7,1,1.0
2018-2019,CISSS de la Côte-Nord,7,2,5.0
2018-2019,CISSS de la Côte-Nord,7,3,8.0
2018-2019,CISSS de la Côte-Nord,7,4,6.0
2018-2019,CISSS de la Côte-Nord,7,5,10.0
2018-2019,CISSS de la Côte-Nord,7,6,9.0
2018-2019,CISSS de la Côte-Nord,7,7,3.0
2018-2019,CISSS de la Côte-Nord,7,8,1.0
2018-2019,CISSS de la Côte-Nord,7,9,43.0
2018-2019,CISSS de la Côte-Nord,8,1,2.0
2018-2019,CISSS de la Côte-Nord,8,2,10.0
2018-2019,CISSS de la Côte-Nord,8,3,7.0
2018-2019,CISSS de la Côte-Nord,8,4,8.0
2018-2019,CISSS de la Côte-Nord,8,5,8.0
2018-2019,CISSS de la Côte-Nord,8,6,1.0
2018-2019,CISSS de la Côte-Nord,8,7,0.0
2018-2019,CISSS de la Côte-Nord,8,8,0.0
2018-2019,CISSS de la Côte-Nord,8,9,36.0
2018-2019,CISSS de la Côte-Nord,9,1,3.0
2018-2019,CISSS de la Côte-Nord,9,2,15.0
2018-2019,CISSS de la Côte-Nord,9,3,15.0
2018-2019,CISSS de la Côte-Nord,9,4,14.0
2018-2019,CISSS de la Côte-Nord,9,5,18.0
2018-2019,CISSS de la Côte-Nord,9,6,10.0
2018-2019,CISSS de la Côte-Nord,9,7,3.0
2018-2019,CISSS de la Côte-Nord,9,8,1.0
2018-2019,CISSS de la Côte-Nord,9,9,79.0
2018-2019,CISSS de la Gaspésie,1,2,5.0
2018-2019,CISSS de la Gaspésie,1,3,9.0
2018-2019,CISSS de la Gaspésie,1,4,4.0
2018-2019,CISSS de la Gaspésie,1,5,13.0
2018-2019,CISSS de la Gaspésie,1,6,6.0
2018-2019,CISSS de la Gaspésie,1,7,1.0
2018-2019,CISSS de la Gaspésie,1,9,38.0
2018-2019,CISSS de la Gaspésie,2,1,25.0
2018-2019,CISSS de la Gaspésie,2,2,21.0
2018-2019,CISSS de la Gaspésie,2,3,21.0
2018-2019,CISSS de la Gaspésie,2,4,2.0
2018-2019,CISSS de la Gaspésie,2,5,12.0
2018-2019,CISSS de la Gaspésie,2,6,2.0
2018-2019,CISSS de la Gaspésie,2,9,83.0
2018-2019,CISSS de la Gaspésie,3,1,25.0
2018-2019,CISSS de la Gaspésie,3,2,26.0
2018-2019,CISSS de la Gaspésie,3,3,30.0
2018-2019,CISSS de la Gaspésie,3,4,6.0
2018-2019,CISSS de la Gaspésie,3,5,25.0
2018-2019,CISSS de la Gaspésie,3,6,8.0
2018-2019,CISSS de la Gaspésie,3,7,1.0
2018-2019,CISSS de la Gaspésie,3,9,121.0
2018-2019,CISSS de la Gaspésie,4,2,5.0
2018-2019,CISSS de la Gaspésie,4,3,4.0
2018-2019,CISSS de la Gaspésie,4,4,3.0
2018-2019,CISSS de la Gaspésie,4,5,6.0
2018-2019,CISSS de la Gaspésie,4,6,6.0
2018-2019,CISSS de la Gaspésie,4,7,3.0
2018-2019,CISSS de la Gaspésie,4,9,27.0
2018-2019,CISSS de la Gaspésie,5,1,14.0
2018-2019,CISSS de la Gaspésie,5,2,17.0
2018-2019,CISSS de la Gaspésie,5,3,13.0
2018-2019,CISSS de la Gaspésie,5,4,1.0
2018-2019,CISSS de la Gaspésie,5,5,3.0
2018-2019,CISSS de la Gaspésie,5,6,1.0
2018-2019,CISSS de la Gaspésie,5,9,49.0
2018-2019,CISSS de la Gaspésie,6,1,14.0
2018-2019,CISSS de la Gaspésie,6,2,22.0
2018-2019,CISSS de la Gaspésie,6,3,17.0
2018-2019,CISSS de la Gaspésie,6,4,4.0
2018-2019,CISSS de la Gaspésie,6,5,9.0
2018-2019,CISSS de la Gaspésie,6,6,7.0
2018-2019,CISSS de la Gaspésie,6,7,3.0
2018-2019,CISSS de la Gaspésie,6,9,76.0
2018-2019,CISSS de la Gaspésie,7,1,1.0
2018-2019,CISSS de la Gaspésie,7,2,6.0
2018-2019,CISSS de la Gaspésie,7,3,6.0
2018-2019,CISSS de la Gaspésie,7,4,7.0
2018-2019,CISSS de la Gaspésie,7,5,33.0
2018-2019,CISSS de la Gaspésie,7,6,70.0
2018-2019,CISSS de la Gaspésie,7,7,16.0
2018-2019,CISSS de la Gaspésie,7,8,10.0
2018-2019,CISSS de la Gaspésie,7,9,149.0
2018-2019,CISSS de la Gaspésie,8,1,6.0
2018-2019,CISSS de la Gaspésie,8,2,14.0
2018-2019,CISSS de la Gaspésie,8,3,19.0
2018-2019,CISSS de la Gaspésie,8,4,4.0
2018-2019,CISSS de la Gaspésie,8,5,16.0
2018-2019,CISSS de la Gaspésie,8,6,5.0
2018-2019,CISSS de la Gaspésie,8,9,64.0
2018-2019,CISSS de la Gaspésie,9,1,7.0
2018-2019,CISSS de la Gaspésie,9,2,20.0
2018-2019,CISSS de la Gaspésie,9,3,25.0
2018-2019,CISSS de la Gaspésie,9,4,11.0
2018-2019,CISSS de la Gaspésie,9,5,49.0
2018-2019,CISSS de la Gaspésie,9,6,75.0
2018-2019,CISSS de la Gaspésie,9,7,16.0
2018-2019,CISSS de la Gaspésie,9,8,10.0
2018-2019,CISSS de la Gaspésie,9,9,213.0
2018-2019,CISSS de la Montérégie-Ouest,1,1,82.0
2018-2019,CISSS de la Montérégie-Ouest,1,2,92.0
2018-2019,CISSS de la Montérégie-Ouest,1,3,102.0
2018-2019,CISSS de la Montérégie-Ouest,1,4,54.0
2018-2019,CISSS de la Montérégie-Ouest,1,5,138.0
2018-2019,CISSS de la Montérégie-Ouest,1,6,61.0
2018-2019,CISSS de la Montérégie-Ouest,1,7,16.0
2018-2019,CISSS de la Montérégie-Ouest,1,9,545.0
2018-2019,CISSS de la Montérégie-Ouest,2,1,634.0
2018-2019,CISSS de la Montérégie-Ouest,2,2,863.0
2018-2019,CISSS de la Montérégie-Ouest,2,3,290.0
2018-2019,CISSS de la Montérégie-Ouest,2,4,73.0
2018-2019,CISSS de la Montérégie-Ouest,2,5,58.0
2018-2019,CISSS de la Montérégie-Ouest,2,6,21.0
2018-2019,CISSS de la Montérégie-Ouest,2,7,1.0
2018-2019,CISSS de la Montérégie-Ouest,2,9,1940.0
2018-2019,CISSS de la Montérégie-Ouest,3,1,716.0
2018-2019,CISSS de la Montérégie-Ouest,3,2,955.0
2018-2019,CISSS de la Montérégie-Ouest,3,3,392.0
2018-2019,CISSS de la Montérégie-Ouest,3,4,127.0
2018-2019,CISSS de la Montérégie-Ouest,3,5,196.0
2018-2019,CISSS de la Montérégie-Ouest,3,6,82.0
2018-2019,CISSS de la Montérégie-Ouest,3,7,17.0
2018-2019,CISSS de la Montérégie-Ouest,3,9,2485.0
2018-2019,CISSS de la Montérégie-Ouest,4,1,61.0
2018-2019,CISSS de la Montérégie-Ouest,4,2,40.0
2018-2019,CISSS de la Montérégie-Ouest,4,3,73.0
2018-2019,CISSS de la Montérégie-Ouest,4,4,58.0
2018-2019,CISSS de la Montérégie-Ouest,4,5,132.0
2018-2019,CISSS de la Montérégie-Ouest,4,6,44.0
2018-2019,CISSS de la Montérégie-Ouest,4,7,10.0
2018-2019,CISSS de la Montérégie-Ouest,4,9,418.0
2018-2019,CISSS de la Montérégie-Ouest,5,1,565.0
2018-2019,CISSS de la Montérégie-Ouest,5,2,809.0
2018-2019,CISSS de la Montérégie-Ouest,5,3,277.0
2018-2019,CISSS de la Montérégie-Ouest,5,4,75.0
2018-2019,CISSS de la Montérégie-Ouest,5,5,66.0
2018-2019,CISSS de la Montérégie-Ouest,5,6,12.0
2018-2019,CISSS de la Montérégie-Ouest,5,7,1.0
2018-2019,CISSS de la Montérégie-Ouest,5,9,1805.0
2018-2019,CISSS de la Montérégie-Ouest,6,1,626.0
2018-2019,CISSS de la Montérégie-Ouest,6,2,849.0
2018-2019,CISSS de la Montérégie-Ouest,6,3,350.0
2018-2019,CISSS de la Montérégie-Ouest,6,4,133.0
2018-2019,CISSS de la Montérégie-Ouest,6,5,198.0
2018-2019,CISSS de la Montérégie-Ouest,6,6,56.0
2018-2019,CISSS de la Montérégie-Ouest,6,7,11.0
2018-2019,CISSS de la Montérégie-Ouest,6,9,2223.0
2018-2019,CISSS de la Montérégie-Ouest,7,1,17.0
2018-2019,CISSS de la Montérégie-Ouest,7,2,58.0
2018-2019,CISSS de la Montérégie-Ouest,7,3,49.0
2018-2019,CISSS de la Montérégie-Ouest,7,4,40.0
2018-2019,CISSS de la Montérégie-Ouest,7,5,147.0
2018-2019,CISSS de la Montérégie-Ouest,7,6,92.0
2018-2019,CISSS de la Montérégie-Ouest,7,7,14.0
2018-2019,CISSS de la Montérégie-Ouest,7,8,3.0
2018-2019,CISSS de la Montérégie-Ouest,7,9,420.0
2018-2019,CISSS de la Montérégie-Ouest,8,1,149.0
2018-2019,CISSS de la Montérégie-Ouest,8,2,873.0
2018-2019,CISSS de la Montérégie-Ouest,8,3,333.0
2018-2019,CISSS de la Montérégie-Ouest,8,4,77.0
2018-2019,CISSS de la Montérégie-Ouest,8,5,95.0
2018-2019,CISSS de la Montérégie-Ouest,8,6,13.0
2018-2019,CISSS de la Montérégie-Ouest,8,9,1540.0
2018-2019,CISSS de la Montérégie-Ouest,9,1,166.0
2018-2019,CISSS de la Montérégie-Ouest,9,2,931.0
2018-2019,CISSS de la Montérégie-Ouest,9,3,382.0
2018-2019,CISSS de la Montérégie-Ouest,9,4,117.0
2018-2019,CISSS de la Montérégie-Ouest,9,5,242.0
2018-2019,CISSS de la Montérégie-Ouest,9,6,105.0
2018-2019,CISSS de la Montérégie-Ouest,9,7,14.0
2018-2019,CISSS de la Montérégie-Ouest,9,8,3.0
2018-2019,CISSS de la Montérégie-Ouest,9,9,1960.0
2018-2019,CISSS des Laurentides,1,1,15.0
2018-2019,CISSS des Laurentides,1,2,30.0
2018-2019,CISSS des Laurentides,1,3,32.0
2018-2019,CISSS des Laurentides,1,4,64.0
2018-2019,CISSS des Laurentides,1,5,228.0
2018-2019,CISSS des Laurentides,1,6,159.0
2018-2019,CISSS des Laurentides,1,7,22.0
2018-2019,CISSS des Laurentides,1,8,6.0
2018-2019,CISSS des Laurentides,1,9,556.0
2018-2019,CISSS des Laurentides,2,1,97.0
2018-2019,CISSS des Laurentides,2,2,179.0
2018-2019,CISSS des Laurentides,2,3,45.0
2018-2019,CISSS des Laurentides,2,4,20.0
2018-2019,CISSS des Laurentides,2,5,21.0
2018-2019,CISSS des Laurentides,2,6,1.0
2018-2019,CISSS des Laurentides,2,7,0.0
2018-2019,CISSS des Laurentides,2,8,0.0
2018-2019,CISSS des Laurentides,2,9,363.0
2018-2019,CISSS des Laurentides,3,1,112.0
2018-2019,CISSS des Laurentides,3,2,209.0
2018-2019,CISSS des Laurentides,3,3,77.0
2018-2019,CISSS des Laurentides,3,4,84.0
2018-2019,CISSS des Laurentides,3,5,249.0
2018-2019,CISSS des Laurentides,3,6,160.0
2018-2019,CISSS des Laurentides,3,7,22.0
2018-2019,CISSS des Laurentides,3,8,6.0
2018-2019,CISSS des Laurentides,3,9,919.0
2018-2019,CISSS des Laurentides,4,1,23.0
2018-2019,CISSS des Laurentides,4,2,23.0
2018-2019,CISSS des Laurentides,4,3,27.0
2018-2019,CISSS des Laurentides,4,4,47.0
2018-2019,CISSS des Laurentides,4,5,174.0
2018-2019,CISSS des Laurentides,4,6,121.0
2018-2019,CISSS des Laurentides,4,7,17.0
2018-2019,CISSS des Laurentides,4,8,5.0
2018-2019,CISSS des Laurentides,4,9,437.0
2018-2019,CISSS des Laurentides,5,1,96.0
2018-2019,CISSS des Laurentides,5,2,142.0
2018-2019,CISSS des Laurentides,5,3,46.0
2018-2019,CISSS des Laurentides,5,4,19.0
2018-2019,CISSS des Laurentides,5,5,20.0
2018-2019,CISSS des Laurentides,5,6,0.0
2018-2019,CISSS des Laurentides,5,7,0.0
2018-2019,CISSS des Laurentides,5,8,0.0
2018-2019,CISSS des Laurentides,5,9,323.0
2018-2019,CISSS des Laurentides,6,1,119.0
2018-2019,CISSS des Laurentides,6,2,165.0
2018-2019,CISSS des Laurentides,6,3,73.0
2018-2019,CISSS des Laurentides,6,4,66.0
2018-2019,CISSS des Laurentides,6,5,194.0
2018-2019,CISSS des Laurentides,6,6,121.0
2018-2019,CISSS des Laurentides,6,7,17.0
2018-2019,CISSS des Laurentides,6,8,5.0
2018-2019,CISSS des Laurentides,6,9,760.0
2018-2019,CISSS des Laurentides,7,1,3.0
2018-2019,CISSS des Laurentides,7,2,29.0
2018-2019,CISSS des Laurentides,7,3,22.0
2018-2019,CISSS des Laurentides,7,4,41.0
2018-2019,CISSS des Laurentides,7,5,223.0
2018-2019,CISSS des Laurentides,7,6,174.0
2018-2019,CISSS des Laurentides,7,7,26.0
2018-2019,CISSS des Laurentides,7,8,8.0
2018-2019,CISSS des Laurentides,7,9,526.0
2018-2019,CISSS des Laurentides,8,1,10.0
2018-2019,CISSS des Laurentides,8,2,151.0
2018-2019,CISSS des Laurentides,8,3,62.0
2018-2019,CISSS des Laurentides,8,4,26.0
2018-2019,CISSS des Laurentides,8,5,22.0
2018-2019,CISSS des Laurentides,8,6,4.0
2018-2019,CISSS des Laurentides,8,7,1.0
2018-2019,CISSS des Laurentides,8,8,0.0
2018-2019,CISSS des Laurentides,8,9,276.0
2018-2019,CISSS des Laurentides,9,1,13.0
2018-2019,CISSS des Laurentides,9,2,180.0
2018-2019,CISSS des Laurentides,9,3,84.0
2018-2019,CISSS des Laurentides,9,4,67.0
2018-2019,CISSS des Laurentides,9,5,245.0
2018-2019,CISSS des Laurentides,9,6,178.0
2018-2019,CISSS des Laurentides,9,7,27.0
2018-2019,CISSS des Laurentides,9,8,8.0
2018-2019,CISSS des Laurentides,9,9,802.0
2018-2019,CISSS des Îles,1,1,0.0
2018-2019,CISSS des Îles,1,2,0.0
2018-2019,CISSS des Îles,1,3,1.0
2018-2019,CISSS des Îles,1,4,1.0
2018-2019,CISSS des Îles,1,5,1.0
2018-2019,CISSS des Îles,1,6,1.0
2018-2019,CISSS des Îles,1,7,0.0
2018-2019,CISSS des Îles,1,8,0.0
2018-2019,CISSS des Îles,1,9,4.0
2018-2019,CISSS des Îles,2,1,1.0
2018-2019,CISSS des Îles,2,2,3.0
2018-2019,CISSS des Îles,2,3,1.0
2018-2019,CISSS des Îles,2,4,1.0
2018-2019,CISSS des Îles,2,5,2.0
2018-2019,CISSS des Îles,2,6,0.0
2018-2019,CISSS des Îles,2,7,0.0
2018-2019,CISSS des Îles,2,8,0.0
2018-2019,CISSS des Îles,2,9,8.0
2018-2019,CISSS des Îles,3,1,1.0
2018-2019,CISSS des Îles,3,2,3.0
2018-2019,CISSS des Îles,3,3,2.0
2018-2019,CISSS des Îles,3,4,2.0
2018-2019,CISSS des Îles,3,5,3.0
2018-2019,CISSS des Îles,3,6,1.0
2018-2019,CISSS des Îles,3,7,0.0
2018-2019,CISSS des Îles,3,8,0.0
2018-2019,CISSS des Îles,3,9,12.0
2018-2019,CISSS des Îles,4,1,0.0
2018-2019,CISSS des Îles,4,2,2.0
2018-2019,CISSS des Îles,4,3,1.0
2018-2019,CISSS des Îles,4,4,1.0
2018-2019,CISSS des Îles,4,5,0.0
2018-2019,CISSS des Îles,4,6,0.0
2018-2019,CISSS des Îles,4,7,0.0
2018-2019,CISSS des Îles,4,8,0.0
2018-2019,CISSS des Îles,4,9,4.0
2018-2019,CISSS des Îles,5,1,1.0
2018-2019,CISSS des Îles,5,2,1.0
2018-2019,CISSS des Îles,5,3,1.0
2018-2019,CISSS des Îles,5,4,2.0
2018-2019,CISSS des Îles,5,5,0.0
2018-2019,CISSS des Îles,5,6,0.0
2018-2019,CISSS des Îles,5,7,0.0
2018-2019,CISSS des Îles,5,8,0.0
2018-2019,CISSS des Îles,5,9,5.0
2018-2019,CISSS des Îles,6,1,1.0
2018-2019,CISSS des Îles,6,2,3.0
2018-2019,CISSS des Îles,6,3,2.0
2018-2019,CISSS des Îles,6,4,3.0
2018-2019,CISSS des Îles,6,5,0.0
2018-2019,CISSS des Îles,6,6,0.0
2018-2019,CISSS des Îles,6,7,0.0
2018-2019,CISSS des Îles,6,8,0.0
2018-2019,CISSS des Îles,6,9,9.0
2018-2019,CISSS des Îles,7,1,0.0
2018-2019,CISSS des Îles,7,2,1.0
2018-2019,CISSS des Îles,7,3,1.0
2018-2019,CISSS des Îles,7,4,0.0
2018-2019,CISSS des Îles,7,5,0.0
2018-2019,CISSS des Îles,7,6,0.0
2018-2019,CISSS des Îles,7,7,0.0
2018-2019,CISSS des Îles,7,8,0.0
2018-2019,CISSS des Îles,7,9,2.0
2018-2019,CISSS des Îles,8,1,0.0
2018-2019,CISSS des Îles,8,2,1.0
2018-2019,CISSS des Îles,8,3,1.0
2018-2019,CISSS des Îles,8,4,3.0
2018-2019,CISSS des Îles,8,5,0.0
2018-2019,CISSS des Îles,8,6,0.0
2018-2019,CISSS des Îles,8,7,0.0
2018-2019,CISSS des Îles,8,8,0.0
2018-2019,CISSS des Îles,8,9,5.0
2018-2019,CISSS des Îles,9,1,0.0
2018-2019,CISSS des Îles,9,2,2.0
2018-2019,CISSS des Îles,9,3,2.0
2018-2019,CISSS des Îles,9,4,3.0
2018-2019,CISSS des Îles,9,5,0.0
2018-2019,CISSS des Îles,9,6,0.0
2018-2019,CISSS des Îles,9,7,0.0
2018-2019,CISSS des Îles,9,8,0.0
2018-2019,CISSS des Îles,9,9,7.0
2018-2019,CISSS du Bas-Saint-Laurent,1,1,14.0
2018-2019,CISSS du Bas-Saint-Laurent,1,2,8.0
2018-2019,CISSS du Bas-Saint-Laurent,1,3,8.0
2018-2019,CISSS du Bas-Saint-Laurent,1,4,7.0
2018-2019,CISSS du Bas-Saint-Laurent,1,5,20.0
2018-2019,CISSS du Bas-Saint-Laurent,1,6,13.0
2018-2019,CISSS du Bas-Saint-Laurent,1,7,2.0
2018-2019,CISSS du Bas-Saint-Laurent,1,8,1.0
2018-2019,CISSS du Bas-Saint-Laurent,1,9,73.0
2018-2019,CISSS du Bas-Saint-Laurent,2,1,15.0
2018-2019,CISSS du Bas-Saint-Laurent,2,2,30.0
2018-2019,CISSS du Bas-Saint-Laurent,2,3,33.0
2018-2019,CISSS du Bas-Saint-Laurent,2,4,12.0
2018-2019,CISSS du Bas-Saint-Laurent,2,5,8.0
2018-2019,CISSS du Bas-Saint-Laurent,2,6,1.0
2018-2019,CISSS du Bas-Saint-Laurent,2,7,0.0
2018-2019,CISSS du Bas-Saint-Laurent,2,8,0.0
2018-2019,CISSS du Bas-Saint-Laurent,2,9,99.0
2018-2019,CISSS du Bas-Saint-Laurent,3,1,29.0
2018-2019,CISSS du Bas-Saint-Laurent,3,2,38.0
2018-2019,CISSS du Bas-Saint-Laurent,3,3,41.0
2018-2019,CISSS du Bas-Saint-Laurent,3,4,19.0
2018-2019,CISSS du Bas-Saint-Laurent,3,5,28.0
2018-2019,CISSS du Bas-Saint-Laurent,3,6,14.0
2018-2019,CISSS du Bas-Saint-Laurent,3,7,2.0
2018-2019,CISSS du Bas-Saint-Laurent,3,8,1.0
2018-2019,CISSS du Bas-Saint-Laurent,3,9,172.0
2018-2019,CISSS du Bas-Saint-Laurent,4,1,8.0
2018-2019,CISSS du Bas-Saint-Laurent,4,2,5.0
2018-2019,CISSS du Bas-Saint-Laurent,4,3,10.0
2018-2019,CISSS du Bas-Saint-Laurent,4,4,4.0
2018-2019,CISSS du Bas-Saint-Laurent,4,5,16.0
2018-2019,CISSS du Bas-Saint-Laurent,4,6,9.0
2018-2019,CISSS du Bas-Saint-Laurent,4,7,2.0
2018-2019,CISSS du Bas-Saint-Laurent,4,9,54.0
2018-2019,CISSS du Bas-Saint-Laurent,5,1,12.0
2018-2019,CISSS du Bas-Saint-Laurent,5,2,38.0
2018-2019,CISSS du Bas-Saint-Laurent,5,3,32.0
2018-2019,CISSS du Bas-Saint-Laurent,5,4,7.0
2018-2019,CISSS du Bas-Saint-Laurent,5,5,6.0
2018-2019,CISSS du Bas-Saint-Laurent,5,6,1.0
2018-2019,CISSS du Bas-Saint-Laurent,5,9,96.0
2018-2019,CISSS du Bas-Saint-Laurent,6,1,20.0
2018-2019,CISSS du Bas-Saint-Laurent,6,2,43.0
2018-2019,CISSS du Bas-Saint-Laurent,6,3,42.0
2018-2019,CISSS du Bas-Saint-Laurent,6,4,11.0
2018-2019,CISSS du Bas-Saint-Laurent,6,5,22.0
2018-2019,CISSS du Bas-Saint-Laurent,6,6,10.0
2018-2019,CISSS du Bas-Saint-Laurent,6,7,2.0
2018-2019,CISSS du Bas-Saint-Laurent,6,9,150.0
2018-2019,CISSS du Bas-Saint-Laurent,7,1,4.0
2018-2019,CISSS du Bas-Saint-Laurent,7,2,9.0
2018-2019,CISSS du Bas-Saint-Laurent,7,3,10.0
2018-2019,CISSS du Bas-Saint-Laurent,7,4,8.0
2018-2019,CISSS du Bas-Saint-Laurent,7,5,30.0
2018-2019,CISSS du Bas-Saint-Laurent,7,6,24.0
2018-2019,CISSS du Bas-Saint-Laurent,7,7,16.0
2018-2019,CISSS du Bas-Saint-Laurent,7,8,5.0
2018-2019,CISSS du Bas-Saint-Laurent,7,9,106.0
2018-2019,CISSS du Bas-Saint-Laurent,8,1,2.0
2018-2019,CISSS du Bas-Saint-Laurent,8,2,11.0
2018-2019,CISSS du Bas-Saint-Laurent,8,3,19.0
2018-2019,CISSS du Bas-Saint-Laurent,8,4,20.0
2018-2019,CISSS du Bas-Saint-Laurent,8,5,17.0
2018-2019,CISSS du Bas-Saint-Laurent,8,6,1.0
2018-2019,CISSS du Bas-Saint-Laurent,8,7,1.0
2018-2019,CISSS du Bas-Saint-Laurent,8,9,71.0
2018-2019,CISSS du Bas-Saint-Laurent,9,1,6.0
2018-2019,CISSS du Bas-Saint-Laurent,9,2,20.0
2018-2019,CISSS du Bas-Saint-Laurent,9,3,29.0
2018-2019,CISSS du Bas-Saint-Laurent,9,4,28.0
2018-2019,CISSS du Bas-Saint-Laurent,9,5,47.0
2018-2019,CISSS du Bas-Saint-Laurent,9,6,25.0
2018-2019,CISSS du Bas-Saint-Laurent,9,7,17.0
2018-2019,CISSS du Bas-Saint-Laurent,9,8,5.0
2018-2019,CISSS du Bas-Saint-Laurent,9,9,177.0
2018-2019,CIUSSS de l'Estrie - CHUS,1,1,8.0
2018-2019,CIUSSS de l'Estrie - CHUS,1,2,19.0
2018-2019,CIUSSS de l'Estrie - CHUS,1,3,15.0
2018-2019,CIUSSS de l'Estrie - CHUS,1,4,25.0
2018-2019,CIUSSS de l'Estrie - CHUS,1,5,38.0
2018-2019,CIUSSS de l'Estrie - CHUS,1,6,11.0
2018-2019,CIUSSS de l'Estrie - CHUS,1,7,0.0
2018-2019,CIUSSS de l'Estrie - CHUS,1,8,0.0
2018-2019,CIUSSS de l'Estrie - CHUS,1,9,116.0
2018-2019,CIUSSS de l'Estrie - CHUS,2,1,43.0
2018-2019,CIUSSS de l'Estrie - CHUS,2,2,66.0
2018-2019,CIUSSS de l'Estrie - CHUS,2,3,22.0
2018-2019,CIUSSS de l'Estrie - CHUS,2,4,15.0
2018-2019,CIUSSS de l'Estrie - CHUS,2,5,12.0
2018-2019,CIUSSS de l'Estrie - CHUS,2,6,0.0
2018-2019,CIUSSS de l'Estrie - CHUS,2,7,0.0
2018-2019,CIUSSS de l'Estrie - CHUS,2,8,0.0
2018-2019,CIUSSS de l'Estrie - CHUS,2,9,158.0
2018-2019,CIUSSS de l'Estrie - CHUS,3,1,51.0
2018-2019,CIUSSS de l'Estrie - CHUS,3,2,85.0
2018-2019,CIUSSS de l'Estrie - CHUS,3,3,37.0
2018-2019,CIUSSS de l'Estrie - CHUS,3,4,40.0
2018-2019,CIUSSS de l'Estrie - CHUS,3,5,50.0
2018-2019,CIUSSS de l'Estrie - CHUS,3,6,11.0
2018-2019,CIUSSS de l'Estrie - CHUS,3,7,0.0
2018-2019,CIUSSS de l'Estrie - CHUS,3,8,0.0
2018-2019,CIUSSS de l'Estrie - CHUS,3,9,274.0
2018-2019,CIUSSS de l'Estrie - CHUS,4,1,7.0
2018-2019,CIUSSS de l'Estrie - CHUS,4,2,16.0
2018-2019,CIUSSS de l'Estrie - CHUS,4,3,20.0
2018-2019,CIUSSS de l'Estrie - CHUS,4,4,16.0
2018-2019,CIUSSS de l'Estrie - CHUS,4,5,18.0
2018-2019,CIUSSS de l'Estrie - CHUS,4,6,10.0
2018-2019,CIUSSS de l'Estrie - CHUS,4,7,1.0
2018-2019,CIUSSS de l'Estrie - CHUS,4,8,0.0
2018-2019,CIUSSS de l'Estrie - CHUS,4,9,88.0
2018-2019,CIUSSS de l'Estrie - CHUS,5,1,36.0
2018-2019,CIUSSS de l'Estrie - CHUS,5,2,29.0
2018-2019,CIUSSS de l'Estrie - CHUS,5,3,13.0
2018-2019,CIUSSS de l'Estrie - CHUS,5,4,5.0
2018-2019,CIUSSS de l'Estrie - CHUS,5,5,3.0
2018-2019,CIUSSS de l'Estrie - CHUS,5,6,0.0
2018-2019,CIUSSS de l'Estrie - CHUS,5,7,0.0
2018-2019,CIUSSS de l'Estrie - CHUS,5,8,0.0
2018-2019,CIUSSS de l'Estrie - CHUS,5,9,86.0
2018-2019,CIUSSS de l'Estrie - CHUS,6,1,43.0
2018-2019,CIUSSS de l'Estrie - CHUS,6,2,45.0
2018-2019,CIUSSS de l'Estrie - CHUS,6,3,33.0
2018-2019,CIUSSS de l'Estrie - CHUS,6,4,21.0
2018-2019,CIUSSS de l'Estrie - CHUS,6,5,21.0
2018-2019,CIUSSS de l'Estrie - CHUS,6,6,10.0
2018-2019,CIUSSS de l'Estrie - CHUS,6,7,1.0
2018-2019,CIUSSS de l'Estrie - CHUS,6,8,0.0
2018-2019,CIUSSS de l'Estrie - CHUS,6,9,174.0
2018-2019,CIUSSS de l'Estrie - CHUS,7,1,2.0
2018-2019,CIUSSS de l'Estrie - CHUS,7,2,16.0
2018-2019,CIUSSS de l'Estrie - CHUS,7,3,20.0
2018-2019,CIUSSS de l'Estrie - CHUS,7,4,17.0
2018-2019,CIUSSS de l'Estrie - CHUS,7,5,35.0
2018-2019,CIUSSS de l'Estrie - CHUS,7,6,21.0
2018-2019,CIUSSS de l'Estrie - CHUS,7,7,6.0
2018-2019,CIUSSS de l'Estrie - CHUS,7,8,1.0
2018-2019,CIUSSS de l'Estrie - CHUS,7,9,118.0
2018-2019,CIUSSS de l'Estrie - CHUS,8,1,7.0
2018-2019,CIUSSS de l'Estrie - CHUS,8,2,42.0
2018-2019,CIUSSS de l'Estrie - CHUS,8,3,17.0
2018-2019,CIUSSS de l'Estrie - CHUS,8,4,10.0
2018-2019,CIUSSS de l'Estrie - CHUS,8,5,10.0
2018-2019,CIUSSS de l'Estrie - CHUS,8,6,0.0
2018-2019,CIUSSS de l'Estrie - CHUS,8,7,0.0
2018-2019,CIUSSS de l'Estrie - CHUS,8,8,0.0
2018-2019,CIUSSS de l'Estrie - CHUS,8,9,86.0
2018-2019,CIUSSS de l'Estrie - CHUS,9,1,9.0
2018-2019,CIUSSS de l'Estrie - CHUS,9,2,58.0
2018-2019,CIUSSS de l'Estrie - CHUS,9,3,37.0
2018-2019,CIUSSS de l'Estrie - CHUS,9,4,27.0
2018-2019,CIUSSS de l'Estrie - CHUS,9,5,45.0
2018-2019,CIUSSS de l'Estrie - CHUS,9,6,21.0
2018-2019,CIUSSS de l'Estrie - CHUS,9,7,6.0
2018-2019,CIUSSS de l'Estrie - CHUS,9,8,1.0
2018-2019,CIUSSS de l'Estrie - CHUS,9,9,204.0
2018-2019,CIUSSS de l'Ouest-de-l'Île-de-Montréal,1,1,20.0
2018-2019,CIUSSS de l'Ouest-de-l'Île-de-Montréal,1,2,13.0
2018-2019,CIUSSS de l'Ouest-de-l'Île-de-Montréal,1,3,13.0
2018-2019,CIUSSS de l'Ouest-de-l'Île-de-Montréal,1,4,10.0
2018-2019,CIUSSS de l'Ouest-de-l'Île-de-Montréal,1,5,20.0
2018-2019,CIUSSS de l'Ouest-de-l'Île-de-Montréal,1,6,5.0
2018-2019,CIUSSS de l'Ouest-de-l'Île-de-Montréal,1,7,0.0
2018-2019,CIUSSS de l'Ouest-de-l'Île-de-Montréal,1,8,0.0
2018-2019,CIUSSS de l'Ouest-de-l'Île-de-Montréal,1,9,81.0
2018-2019,CIUSSS de l'Ouest-de-l'Île-de-Montréal,2,1,104.0
2018-2019,CIUSSS de l'Ouest-de-l'Île-de-Montréal,2,2,78.0
2018-2019,CIUSSS de l'Ouest-de-l'Île-de-Montréal,2,3,30.0
2018-2019,CIUSSS de l'Ouest-de-l'Île-de-Montréal,2,4,13.0
2018-2019,CIUSSS de l'Ouest-de-l'Île-de-Montréal,2,5,12.0
2018-2019,CIUSSS de l'Ouest-de-l'Île-de-Montréal,2,6,2.0
2018-2019,CIUSSS de l'Ouest-de-l'Île-de-Montréal,2,7,0.0
2018-2019,CIUSSS de l'Ouest-de-l'Île-de-Montréal,2,8,0.0
2018-2019,CIUSSS de l'Ouest-de-l'Île-de-Montréal,2,9,239.0
2018-2019,CIUSSS de l'Ouest-de-l'Île-de-Montréal,3,1,124.0
2018-2019,CIUSSS de l'Ouest-de-l'Île-de-Montréal,3,2,91.0
2018-2019,CIUSSS de l'Ouest-de-l'Île-de-Montréal,3,3,43.0
2018-2019,CIUSSS de l'Ouest-de-l'Île-de-Montréal,3,4,23.0
2018-2019,CIUSSS de l'Ouest-de-l'Île-de-Montréal,3,5,32.0
2018-2019,CIUSSS de l'Ouest-de-l'Île-de-Montréal,3,6,7.0
2018-2019,CIUSSS de l'Ouest-de-l'Île-de-Montréal,3,7,0.0
2018-2019,CIUSSS de l'Ouest-de-l'Île-de-Montréal,3,8,0.0
2018-2019,CIUSSS de l'Ouest-de-l'Île-de-Montréal,3,9,320.0
2018-2019,CIUSSS de l'Ouest-de-l'Île-de-Montréal,4,1,26.0
2018-2019,CIUSSS de l'Ouest-de-l'Île-de-Montréal,4,2,16.0
2018-2019,CIUSSS de l'Ouest-de-l'Île-de-Montréal,4,3,19.0
2018-2019,CIUSSS de l'Ouest-de-l'Île-de-Montréal,4,4,10.0
2018-2019,CIUSSS de l'Ouest-de-l'Île-de-Montréal,4,5,18.0
2018-2019,CIUSSS de l'Ouest-de-l'Île-de-Montréal,4,6,5.0
2018-2019,CIUSSS de l'Ouest-de-l'Île-de-Montréal,4,7,1.0
2018-2019,CIUSSS de l'Ouest-de-l'Île-de-Montréal,4,8,0.0
2018-2019,CIUSSS de l'Ouest-de-l'Île-de-Montréal,4,9,95.0
2018-2019,CIUSSS de l'Ouest-de-l'Île-de-Montréal,5,1,95.0
2018-2019,CIUSSS de l'Ouest-de-l'Île-de-Montréal,5,2,80.0
2018-2019,CIUSSS de l'Ouest-de-l'Île-de-Montréal,5,3,36.0
2018-2019,CIUSSS de l'Ouest-de-l'Île-de-Montréal,5,4,8.0
2018-2019,CIUSSS de l'Ouest-de-l'Île-de-Montréal,5,5,2.0
2018-2019,CIUSSS de l'Ouest-de-l'Île-de-Montréal,5,6,1.0
2018-2019,CIUSSS de l'Ouest-de-l'Île-de-Montréal,5,7,1.0
2018-2019,CIUSSS de l'Ouest-de-l'Île-de-Montréal,5,8,0.0
2018-2019,CIUSSS de l'Ouest-de-l'Île-de-Montréal,5,9,223.0
2018-2019,CIUSSS de l'Ouest-de-l'Île-de-Montréal,6,1,121.0
2018-2019,CIUSSS de l'Ouest-de-l'Île-de-Montréal,6,2,96.0
2018-2019,CIUSSS de l'Ouest-de-l'Île-de-Montréal,6,3,55.0
2018-2019,CIUSSS de l'Ouest-de-l'Île-de-Montréal,6,4,18.0
2018-2019,CIUSSS de l'Ouest-de-l'Île-de-Montréal,6,5,20.0
2018-2019,CIUSSS de l'Ouest-de-l'Île-de-Montréal,6,6,6.0
2018-2019,CIUSSS de l'Ouest-de-l'Île-de-Montréal,6,7,2.0
2018-2019,CIUSSS de l'Ouest-de-l'Île-de-Montréal,6,8,0.0
2018-2019,CIUSSS de l'Ouest-de-l'Île-de-Montréal,6,9,318.0
2018-2019,CIUSSS de l'Ouest-de-l'Île-de-Montréal,7,1,6.0
2018-2019,CIUSSS de l'Ouest-de-l'Île-de-Montréal,7,2,47.0
2018-2019,CIUSSS de l'Ouest-de-l'Île-de-Montréal,7,3,29.0
2018-2019,CIUSSS de l'Ouest-de-l'Île-de-Montréal,7,4,9.0
2018-2019,CIUSSS de l'Ouest-de-l'Île-de-Montréal,7,5,35.0
2018-2019,CIUSSS de l'Ouest-de-l'Île-de-Montréal,7,6,12.0
2018-2019,CIUSSS de l'Ouest-de-l'Île-de-Montréal,7,7,2.0
2018-2019,CIUSSS de l'Ouest-de-l'Île-de-Montréal,7,8,2.0
2018-2019,CIUSSS de l'Ouest-de-l'Île-de-Montréal,7,9,142.0
2018-2019,CIUSSS de l'Ouest-de-l'Île-de-Montréal,8,1,14.0
2018-2019,CIUSSS de l'Ouest-de-l'Île-de-Montréal,8,2,110.0
2018-2019,CIUSSS de l'Ouest-de-l'Île-de-Montréal,8,3,46.0
2018-2019,CIUSSS de l'Ouest-de-l'Île-de-Montréal,8,4,35.0
2018-2019,CIUSSS de l'Ouest-de-l'Île-de-Montréal,8,5,24.0
2018-2019,CIUSSS de l'Ouest-de-l'Île-de-Montréal,8,6,3.0
2018-2019,CIUSSS de l'Ouest-de-l'Île-de-Montréal,8,7,0.0
2018-2019,CIUSSS de l'Ouest-de-l'Île-de-Montréal,8,8,0.0
2018-2019,CIUSSS de l'Ouest-de-l'Île-de-Montréal,8,9,232.0
2018-2019,CIUSSS de l'Ouest-de-l'Île-de-Montréal,9,1,20.0
2018-2019,CIUSSS de l'Ouest-de-l'Île-de-Montréal,9,2,157.0
2018-2019,CIUSSS de l'Ouest-de-l'Île-de-Montréal,9,3,75.0
2018-2019,CIUSSS de l'Ouest-de-l'Île-de-Montréal,9,4,44.0
2018-2019,CIUSSS de l'Ouest-de-l'Île-de-Montréal,9,5,59.0
2018-2019,CIUSSS de l'Ouest-de-l'Île-de-Montréal,9,6,15.0
2018-2019,CIUSSS de l'Ouest-de-l'Île-de-Montréal,9,7,2.0
2018-2019,CIUSSS de l'Ouest-de-l'Île-de-Montréal,9,8,2.0
2018-2019,CIUSSS de l'Ouest-de-l'Île-de-Montréal,9,9,374.0
2018-2019,CIUSSS de la Capitale-Nationale,1,2,24.0
2018-2019,CIUSSS de la Capitale-Nationale,1,3,21.0
2018-2019,CIUSSS de la Capitale-Nationale,1,4,20.0
2018-2019,CIUSSS de la Capitale-Nationale,1,5,36.0
2018-2019,CIUSSS de la Capitale-Nationale,1,6,31.0
2018-2019,CIUSSS de la Capitale-Nationale,1,7,8.0
2018-2019,CIUSSS de la Capitale-Nationale,1,8,3.0
2018-2019,CIUSSS de la Capitale-Nationale,1,9,143.0
2018-2019,CIUSSS de la Capitale-Nationale,2,1,77.0
2018-2019,CIUSSS de la Capitale-Nationale,2,2,235.0
2018-2019,CIUSSS de la Capitale-Nationale,2,3,96.0
2018-2019,CIUSSS de la Capitale-Nationale,2,4,27.0
2018-2019,CIUSSS de la Capitale-Nationale,2,5,28.0
2018-2019,CIUSSS de la Capitale-Nationale,2,6,6.0
2018-2019,CIUSSS de la Capitale-Nationale,2,7,1.0
2018-2019,CIUSSS de la Capitale-Nationale,2,9,470.0
2018-2019,CIUSSS de la Capitale-Nationale,3,1,77.0
2018-2019,CIUSSS de la Capitale-Nationale,3,2,259.0
2018-2019,CIUSSS de la Capitale-Nationale,3,3,117.0
2018-2019,CIUSSS de la Capitale-Nationale,3,4,47.0
2018-2019,CIUSSS de la Capitale-Nationale,3,5,64.0
2018-2019,CIUSSS de la Capitale-Nationale,3,6,37.0
2018-2019,CIUSSS de la Capitale-Nationale,3,7,9.0
2018-2019,CIUSSS de la Capitale-Nationale,3,8,3.0
2018-2019,CIUSSS de la Capitale-Nationale,3,9,613.0
2018-2019,CIUSSS de la Capitale-Nationale,4,1,2.0
2018-2019,CIUSSS de la Capitale-Nationale,4,2,16.0
2018-2019,CIUSSS de la Capitale-Nationale,4,3,11.0
2018-2019,CIUSSS de la Capitale-Nationale,4,4,18.0
2018-2019,CIUSSS de la Capitale-Nationale,4,5,25.0
2018-2019,CIUSSS de la Capitale-Nationale,4,6,27.0
2018-2019,CIUSSS de la Capitale-Nationale,4,7,4.0
2018-2019,CIUSSS de la Capitale-Nationale,4,8,3.0
2018-2019,CIUSSS de la Capitale-Nationale,4,9,106.0
2018-2019,CIUSSS de la Capitale-Nationale,5,1,70.0
2018-2019,CIUSSS de la Capitale-Nationale,5,2,150.0
2018-2019,CIUSSS de la Capitale-Nationale,5,3,81.0
2018-2019,CIUSSS de la Capitale-Nationale,5,4,30.0
2018-2019,CIUSSS de la Capitale-Nationale,5,5,23.0
2018-2019,CIUSSS de la Capitale-Nationale,5,6,5.0
2018-2019,CIUSSS de la Capitale-Nationale,5,7,2.0
2018-2019,CIUSSS de la Capitale-Nationale,5,9,361.0
2018-2019,CIUSSS de la Capitale-Nationale,6,1,72.0
2018-2019,CIUSSS de la Capitale-Nationale,6,2,166.0
2018-2019,CIUSSS de la Capitale-Nationale,6,3,92.0
2018-2019,CIUSSS de la Capitale-Nationale,6,4,48.0
2018-2019,CIUSSS de la Capitale-Nationale,6,5,48.0
2018-2019,CIUSSS de la Capitale-Nationale,6,6,32.0
2018-2019,CIUSSS de la Capitale-Nationale,6,7,6.0
2018-2019,CIUSSS de la Capitale-Nationale,6,8,3.0
2018-2019,CIUSSS de la Capitale-Nationale,6,9,467.0
2018-2019,CIUSSS de la Capitale-Nationale,7,1,44.0
2018-2019,CIUSSS de la Capitale-Nationale,7,2,37.0
2018-2019,CIUSSS de la Capitale-Nationale,7,3,14.0
2018-2019,CIUSSS de la Capitale-Nationale,7,4,12.0
2018-2019,CIUSSS de la Capitale-Nationale,7,5,32.0
2018-2019,CIUSSS de la Capitale-Nationale,7,6,37.0
2018-2019,CIUSSS de la Capitale-Nationale,7,7,24.0
2018-2019,CIUSSS de la Capitale-Nationale,7,8,15.0
2018-2019,CIUSSS de la Capitale-Nationale,7,9,215.0
2018-2019,CIUSSS de la Capitale-Nationale,8,1,7.0
2018-2019,CIUSSS de la Capitale-Nationale,8,2,145.0
2018-2019,CIUSSS de la Capitale-Nationale,8,3,120.0
2018-2019,CIUSSS de la Capitale-Nationale,8,4,41.0
2018-2019,CIUSSS de la Capitale-Nationale,8,5,18.0
2018-2019,CIUSSS de la Capitale-Nationale,8,6,4.0
2018-2019,CIUSSS de la Capitale-Nationale,8,7,1.0
2018-2019,CIUSSS de la Capitale-Nationale,8,9,336.0
2018-2019,CIUSSS de la Capitale-Nationale,9,1,51.0
2018-2019,CIUSSS de la Capitale-Nationale,9,2,182.0
2018-2019,CIUSSS de la Capitale-Nationale,9,3,134.0
2018-2019,CIUSSS de la Capitale-Nationale,9,4,53.0
2018-2019,CIUSSS de la Capitale-Nationale,9,5,50.0
2018-2019,CIUSSS de la Capitale-Nationale,9,6,41.0
2018-2019,CIUSSS de la Capitale-Nationale,9,7,25.0
2018-2019,CIUSSS de la Capitale-Nationale,9,8,15.0
2018-2019,CIUSSS de la Capitale-Nationale,9,9,551.0
2018-2019,CIUSSS de la Mauricie et du Centre-du-Québec,1,1,4.0
2018-2019,CIUSSS de la Mauricie et du Centre-du-Québec,1,2,17.0
2018-2019,CIUSSS de la Mauricie et du Centre-du-Québec,1,3,20.0
2018-2019,CIUSSS de la Mauricie et du Centre-du-Québec,1,4,26.0
2018-2019,CIUSSS de la Mauricie et du Centre-du-Québec,1,5,21.0
2018-2019,CIUSSS de la Mauricie et du Centre-du-Québec,1,6,15.0
2018-2019,CIUSSS de la Mauricie et du Centre-du-Québec,1,7,4.0
2018-2019,CIUSSS de la Mauricie et du Centre-du-Québec,1,8,0.0
2018-2019,CIUSSS de la Mauricie et du Centre-du-Québec,1,9,107.0
2018-2019,CIUSSS de la Mauricie et du Centre-du-Québec,2,1,13.0
2018-2019,CIUSSS de la Mauricie et du Centre-du-Québec,2,2,43.0
2018-2019,CIUSSS de la Mauricie et du Centre-du-Québec,2,3,27.0
2018-2019,CIUSSS de la Mauricie et du Centre-du-Québec,2,4,11.0
2018-2019,CIUSSS de la Mauricie et du Centre-du-Québec,2,5,20.0
2018-2019,CIUSSS de la Mauricie et du Centre-du-Québec,2,6,2.0
2018-2019,CIUSSS de la Mauricie et du Centre-du-Québec,2,7,0.0
2018-2019,CIUSSS de la Mauricie et du Centre-du-Québec,2,8,0.0
2018-2019,CIUSSS de la Mauricie et du Centre-du-Québec,2,9,116.0
2018-2019,CIUSSS de la Mauricie et du Centre-du-Québec,3,1,17.0
2018-2019,CIUSSS de la Mauricie et du Centre-du-Québec,3,2,60.0
2018-2019,CIUSSS de la Mauricie et du Centre-du-Québec,3,3,47.0
2018-2019,CIUSSS de la Mauricie et du Centre-du-Québec,3,4,37.0
2018-2019,CIUSSS de la Mauricie et du Centre-du-Québec,3,5,41.0
2018-2019,CIUSSS de la Mauricie et du Centre-du-Québec,3,6,17.0
2018-2019,CIUSSS de la Mauricie et du Centre-du-Québec,3,7,4.0
2018-2019,CIUSSS de la Mauricie et du Centre-du-Québec,3,8,0.0
2018-2019,CIUSSS de la Mauricie et du Centre-du-Québec,3,9,223.0
2018-2019,CIUSSS de la Mauricie et du Centre-du-Québec,4,1,26.0
2018-2019,CIUSSS de la Mauricie et du Centre-du-Québec,4,2,25.0
2018-2019,CIUSSS de la Mauricie et du Centre-du-Québec,4,3,24.0
2018-2019,CIUSSS de la Mauricie et du Centre-du-Québec,4,4,37.0
2018-2019,CIUSSS de la Mauricie et du Centre-du-Québec,4,5,48.0
2018-2019,CIUSSS de la Mauricie et du Centre-du-Québec,4,6,43.0
2018-2019,CIUSSS de la Mauricie et du Centre-du-Québec,4,7,24.0
2018-2019,CIUSSS de la Mauricie et du Centre-du-Québec,4,8,8.0
2018-2019,CIUSSS de la Mauricie et du Centre-du-Québec,4,9,235.0
2018-2019,CIUSSS de la Mauricie et du Centre-du-Québec,5,1,78.0
2018-2019,CIUSSS de la Mauricie et du Centre-du-Québec,5,2,112.0
2018-2019,CIUSSS de la Mauricie et du Centre-du-Québec,5,3,43.0
2018-2019,CIUSSS de la Mauricie et du Centre-du-Québec,5,4,13.0
2018-2019,CIUSSS de la Mauricie et du Centre-du-Québec,5,5,34.0
2018-2019,CIUSSS de la Mauricie et du Centre-du-Québec,5,6,8.0
2018-2019,CIUSSS de la Mauricie et du Centre-du-Québec,5,7,0.0
2018-2019,CIUSSS de la Mauricie et du Centre-du-Québec,5,8,0.0
2018-2019,CIUSSS de la Mauricie et du Centre-du-Québec,5,9,288.0
2018-2019,CIUSSS de la Mauricie et du Centre-du-Québec,6,1,104.0
2018-2019,CIUSSS de la Mauricie et du Centre-du-Québec,6,2,137.0
2018-2019,CIUSSS de la Mauricie et du Centre-du-Québec,6,3,67.0
2018-2019,CIUSSS de la Mauricie et du Centre-du-Québec,6,4,50.0
2018-2019,CIUSSS de la Mauricie et du Centre-du-Québec,6,5,82.0
2018-2019,CIUSSS de la Mauricie et du Centre-du-Québec,6,6,51.0
2018-2019,CIUSSS de la Mauricie et du Centre-du-Québec,6,7,24.0
2018-2019,CIUSSS de la Mauricie et du Centre-du-Québec,6,8,8.0
2018-2019,CIUSSS de la Mauricie et du Centre-du-Québec,6,9,523.0
2018-2019,CIUSSS de la Mauricie et du Centre-du-Québec,7,1,10.0
2018-2019,CIUSSS de la Mauricie et du Centre-du-Québec,7,2,26.0
2018-2019,CIUSSS de la Mauricie et du Centre-du-Québec,7,3,14.0
2018-2019,CIUSSS de la Mauricie et du Centre-du-Québec,7,4,24.0
2018-2019,CIUSSS de la Mauricie et du Centre-du-Québec,7,5,63.0
2018-2019,CIUSSS de la Mauricie et du Centre-du-Québec,7,6,126.0
2018-2019,CIUSSS de la Mauricie et du Centre-du-Québec,7,7,66.0
2018-2019,CIUSSS de la Mauricie et du Centre-du-Québec,7,8,31.0
2018-2019,CIUSSS de la Mauricie et du Centre-du-Québec,7,9,360.0
2018-2019,CIUSSS de la Mauricie et du Centre-du-Québec,8,1,12.0
2018-2019,CIUSSS de la Mauricie et du Centre-du-Québec,8,2,118.0
2018-2019,CIUSSS de la Mauricie et du Centre-du-Québec,8,3,72.0
2018-2019,CIUSSS de la Mauricie et du Centre-du-Québec,8,4,24.0
2018-2019,CIUSSS de la Mauricie et du Centre-du-Québec,8,5,27.0
2018-2019,CIUSSS de la Mauricie et du Centre-du-Québec,8,6,7.0
2018-2019,CIUSSS de la Mauricie et du Centre-du-Québec,8,7,1.0
2018-2019,CIUSSS de la Mauricie et du Centre-du-Québec,8,8,0.0
2018-2019,CIUSSS de la Mauricie et du Centre-du-Québec,8,9,261.0
2018-2019,CIUSSS de la Mauricie et du Centre-du-Québec,9,1,22.0
2018-2019,CIUSSS de la Mauricie et du Centre-du-Québec,9,2,144.0
2018-2019,CIUSSS de la Mauricie et du Centre-du-Québec,9,3,86.0
2018-2019,CIUSSS de la Mauricie et du Centre-du-Québec,9,4,48.0
2018-2019,CIUSSS de la Mauricie et du Centre-du-Québec,9,5,90.0
2018-2019,CIUSSS de la Mauricie et du Centre-du-Québec,9,6,133.0
2018-2019,CIUSSS de la Mauricie et du Centre-du-Québec,9,7,67.0
2018-2019,CIUSSS de la Mauricie et du Centre-du-Québec,9,8,31.0
2018-2019,CIUSSS de la Mauricie et du Centre-du-Québec,9,9,621.0
2018-2019,CIUSSS du Centre-Ouest-de-l'Île-de-Montréal,1,1,30.0
2018-2019,CIUSSS du Centre-Ouest-de-l'Île-de-Montréal,1,2,29.0
2018-2019,CIUSSS du Centre-Ouest-de-l'Île-de-Montréal,1,3,22.0
2018-2019,CIUSSS du Centre-Ouest-de-l'Île-de-Montréal,1,4,13.0
2018-2019,CIUSSS du Centre-Ouest-de-l'Île-de-Montréal,1,5,18.0
2018-2019,CIUSSS du Centre-Ouest-de-l'Île-de-Montréal,1,6,9.0
2018-2019,CIUSSS du Centre-Ouest-de-l'Île-de-Montréal,1,7,1.0
2018-2019,CIUSSS du Centre-Ouest-de-l'Île-de-Montréal,1,8,0.0
2018-2019,CIUSSS du Centre-Ouest-de-l'Île-de-Montréal,1,9,122.0
2018-2019,CIUSSS du Centre-Ouest-de-l'Île-de-Montréal,2,1,114.0
2018-2019,CIUSSS du Centre-Ouest-de-l'Île-de-Montréal,2,2,135.0
2018-2019,CIUSSS du Centre-Ouest-de-l'Île-de-Montréal,2,3,46.0
2018-2019,CIUSSS du Centre-Ouest-de-l'Île-de-Montréal,2,4,15.0
2018-2019,CIUSSS du Centre-Ouest-de-l'Île-de-Montréal,2,5,25.0
2018-2019,CIUSSS du Centre-Ouest-de-l'Île-de-Montréal,2,6,1.0
2018-2019,CIUSSS du Centre-Ouest-de-l'Île-de-Montréal,2,7,0.0
2018-2019,CIUSSS du Centre-Ouest-de-l'Île-de-Montréal,2,8,0.0
2018-2019,CIUSSS du Centre-Ouest-de-l'Île-de-Montréal,2,9,336.0
2018-2019,CIUSSS du Centre-Ouest-de-l'Île-de-Montréal,3,1,144.0
2018-2019,CIUSSS du Centre-Ouest-de-l'Île-de-Montréal,3,2,164.0
2018-2019,CIUSSS du Centre-Ouest-de-l'Île-de-Montréal,3,3,68.0
2018-2019,CIUSSS du Centre-Ouest-de-l'Île-de-Montréal,3,4,28.0
2018-2019,CIUSSS du Centre-Ouest-de-l'Île-de-Montréal,3,5,43.0
2018-2019,CIUSSS du Centre-Ouest-de-l'Île-de-Montréal,3,6,10.0
2018-2019,CIUSSS du Centre-Ouest-de-l'Île-de-Montréal,3,7,1.0
2018-2019,CIUSSS du Centre-Ouest-de-l'Île-de-Montréal,3,8,0.0
2018-2019,CIUSSS du Centre-Ouest-de-l'Île-de-Montréal,3,9,458.0
2018-2019,CIUSSS du Centre-Ouest-de-l'Île-de-Montréal,4,1,10.0
2018-2019,CIUSSS du Centre-Ouest-de-l'Île-de-Montréal,4,2,5.0
2018-2019,CIUSSS du Centre-Ouest-de-l'Île-de-Montréal,4,3,5.0
2018-2019,CIUSSS du Centre-Ouest-de-l'Île-de-Montréal,4,4,7.0
2018-2019,CIUSSS du Centre-Ouest-de-l'Île-de-Montréal,4,5,20.0
2018-2019,CIUSSS du Centre-Ouest-de-l'Île-de-Montréal,4,6,3.0
2018-2019,CIUSSS du Centre-Ouest-de-l'Île-de-Montréal,4,7,0.0
2018-2019,CIUSSS du Centre-Ouest-de-l'Île-de-Montréal,4,8,0.0
2018-2019,CIUSSS du Centre-Ouest-de-l'Île-de-Montréal,4,9,50.0
2018-2019,CIUSSS du Centre-Ouest-de-l'Île-de-Montréal,5,1,137.0
2018-2019,CIUSSS du Centre-Ouest-de-l'Île-de-Montréal,5,2,21.0
2018-2019,CIUSSS du Centre-Ouest-de-l'Île-de-Montréal,5,3,9.0
2018-2019,CIUSSS du Centre-Ouest-de-l'Île-de-Montréal,5,4,7.0
2018-2019,CIUSSS du Centre-Ouest-de-l'Île-de-Montréal,5,5,12.0
2018-2019,CIUSSS du Centre-Ouest-de-l'Île-de-Montréal,5,6,1.0
2018-2019,CIUSSS du Centre-Ouest-de-l'Île-de-Montréal,5,7,0.0
2018-2019,CIUSSS du Centre-Ouest-de-l'Île-de-Montréal,5,8,0.0
2018-2019,CIUSSS du Centre-Ouest-de-l'Île-de-Montréal,5,9,187.0
2018-2019,CIUSSS du Centre-Ouest-de-l'Île-de-Montréal,6,1,147.0
2018-2019,CIUSSS du Centre-Ouest-de-l'Île-de-Montréal,6,2,26.0
2018-2019,CIUSSS du Centre-Ouest-de-l'Île-de-Montréal,6,3,14.0
2018-2019,CIUSSS du Centre-Ouest-de-l'Île-de-Montréal,6,4,14.0
2018-2019,CIUSSS du Centre-Ouest-de-l'Île-de-Montréal,6,5,32.0
2018-2019,CIUSSS du Centre-Ouest-de-l'Île-de-Montréal,6,6,4.0
2018-2019,CIUSSS du Centre-Ouest-de-l'Île-de-Montréal,6,7,0.0
2018-2019,CIUSSS du Centre-Ouest-de-l'Île-de-Montréal,6,8,0.0
2018-2019,CIUSSS du Centre-Ouest-de-l'Île-de-Montréal,6,9,237.0
2018-2019,CIUSSS du Centre-Ouest-de-l'Île-de-Montréal,7,1,11.0
2018-2019,CIUSSS du Centre-Ouest-de-l'Île-de-Montréal,7,2,22.0
2018-2019,CIUSSS du Centre-Ouest-de-l'Île-de-Montréal,7,3,5.0
2018-2019,CIUSSS du Centre-Ouest-de-l'Île-de-Montréal,7,4,8.0
2018-2019,CIUSSS du Centre-Ouest-de-l'Île-de-Montréal,7,5,16.0
2018-2019,CIUSSS du Centre-Ouest-de-l'Île-de-Montréal,7,6,12.0
2018-2019,CIUSSS du Centre-Ouest-de-l'Île-de-Montréal,7,7,9.0
2018-2019,CIUSSS du Centre-Ouest-de-l'Île-de-Montréal,7,8,1.0
2018-2019,CIUSSS du Centre-Ouest-de-l'Île-de-Montréal,7,9,84.0
2018-2019,CIUSSS du Centre-Ouest-de-l'Île-de-Montréal,8,1,41.0
2018-2019,CIUSSS du Centre-Ouest-de-l'Île-de-Montréal,8,2,91.0
2018-2019,CIUSSS du Centre-Ouest-de-l'Île-de-Montréal,8,3,18.0
2018-2019,CIUSSS du Centre-Ouest-de-l'Île-de-Montréal,8,4,7.0
2018-2019,CIUSSS du Centre-Ouest-de-l'Île-de-Montréal,8,5,10.0
2018-2019,CIUSSS du Centre-Ouest-de-l'Île-de-Montréal,8,6,4.0
2018-2019,CIUSSS du Centre-Ouest-de-l'Île-de-Montréal,8,7,0.0
2018-2019,CIUSSS du Centre-Ouest-de-l'Île-de-Montréal,8,8,0.0
2018-2019,CIUSSS du Centre-Ouest-de-l'Île-de-Montréal,8,9,171.0
2018-2019,CIUSSS du Centre-Ouest-de-l'Île-de-Montréal,9,1,52.0
2018-2019,CIUSSS du Centre-Ouest-de-l'Île-de-Montréal,9,2,113.0
2018-2019,CIUSSS du Centre-Ouest-de-l'Île-de-Montréal,9,3,23.0
2018-2019,CIUSSS du Centre-Ouest-de-l'Île-de-Montréal,9,4,15.0
2018-2019,CIUSSS du Centre-Ouest-de-l'Île-de-Montréal,9,5,26.0
2018-2019,CIUSSS du Centre-Ouest-de-l'Île-de-Montréal,9,6,16.0
2018-2019,CIUSSS du Centre-Ouest-de-l'Île-de-Montréal,9,7,9.0
2018-2019,CIUSSS du Centre-Ouest-de-l'Île-de-Montréal,9,8,1.0
2018-2019,CIUSSS du Centre-Ouest-de-l'Île-de-Montréal,9,9,255.0
2018-2019,CIUSSS du Centre-Sud-de-l'Île-de-Montréal,1,1,113.0
2018-2019,CIUSSS du Centre-Sud-de-l'Île-de-Montréal,1,2,69.0
2018-2019,CIUSSS du Centre-Sud-de-l'Île-de-Montréal,1,3,53.0
2018-2019,CIUSSS du Centre-Sud-de-l'Île-de-Montréal,1,4,70.0
2018-2019,CIUSSS du Centre-Sud-de-l'Île-de-Montréal,1,5,93.0
2018-2019,CIUSSS du Centre-Sud-de-l'Île-de-Montréal,1,6,33.0
2018-2019,CIUSSS du Centre-Sud-de-l'Île-de-Montréal,1,7,1.0
2018-2019,CIUSSS du Centre-Sud-de-l'Île-de-Montréal,1,9,432.0
2018-2019,CIUSSS du Centre-Sud-de-l'Île-de-Montréal,2,1,390.0
2018-2019,CIUSSS du Centre-Sud-de-l'Île-de-Montréal,2,2,198.0
2018-2019,CIUSSS du Centre-Sud-de-l'Île-de-Montréal,2,3,63.0
2018-2019,CIUSSS du Centre-Sud-de-l'Île-de-Montréal,2,4,58.0
2018-2019,CIUSSS du Centre-Sud-de-l'Île-de-Montréal,2,5,38.0
2018-2019,CIUSSS du Centre-Sud-de-l'Île-de-Montréal,2,6,5.0
2018-2019,CIUSSS du Centre-Sud-de-l'Île-de-Montréal,2,9,752.0
2018-2019,CIUSSS du Centre-Sud-de-l'Île-de-Montréal,3,1,503.0
2018-2019,CIUSSS du Centre-Sud-de-l'Île-de-Montréal,3,2,267.0
2018-2019,CIUSSS du Centre-Sud-de-l'Île-de-Montréal,3,3,116.0
2018-2019,CIUSSS du Centre-Sud-de-l'Île-de-Montréal,3,4,128.0
2018-2019,CIUSSS du Centre-Sud-de-l'Île-de-Montréal,3,5,131.0
2018-2019,CIUSSS du Centre-Sud-de-l'Île-de-Montréal,3,6,38.0
2018-2019,CIUSSS du Centre-Sud-de-l'Île-de-Montréal,3,7,1.0
2018-2019,CIUSSS du Centre-Sud-de-l'Île-de-Montréal,3,9,1184.0
2018-2019,CIUSSS du Centre-Sud-de-l'Île-de-Montréal,4,1,63.0
2018-2019,CIUSSS du Centre-Sud-de-l'Île-de-Montréal,4,2,53.0
2018-2019,CIUSSS du Centre-Sud-de-l'Île-de-Montréal,4,3,43.0
2018-2019,CIUSSS du Centre-Sud-de-l'Île-de-Montréal,4,4,19.0
2018-2019,CIUSSS du Centre-Sud-de-l'Île-de-Montréal,4,5,53.0
2018-2019,CIUSSS du Centre-Sud-de-l'Île-de-Montréal,4,6,14.0
2018-2019,CIUSSS du Centre-Sud-de-l'Île-de-Montréal,4,7,2.0
2018-2019,CIUSSS du Centre-Sud-de-l'Île-de-Montréal,4,9,247.0
2018-2019,CIUSSS du Centre-Sud-de-l'Île-de-Montréal,5,1,213.0
2018-2019,CIUSSS du Centre-Sud-de-l'Île-de-Montréal,5,2,160.0
2018-2019,CIUSSS du Centre-Sud-de-l'Île-de-Montréal,5,3,41.0
2018-2019,CIUSSS du Centre-Sud-de-l'Île-de-Montréal,5,4,25.0
2018-2019,CIUSSS du Centre-Sud-de-l'Île-de-Montréal,5,5,15.0
2018-2019,CIUSSS du Centre-Sud-de-l'Île-de-Montréal,5,6,2.0
2018-2019,CIUSSS du Centre-Sud-de-l'Île-de-Montréal,5,9,456.0
2018-2019,CIUSSS du Centre-Sud-de-l'Île-de-Montréal,6,1,276.0
2018-2019,CIUSSS du Centre-Sud-de-l'Île-de-Montréal,6,2,213.0
2018-2019,CIUSSS du Centre-Sud-de-l'Île-de-Montréal,6,3,84.0
2018-2019,CIUSSS du Centre-Sud-de-l'Île-de-Montréal,6,4,44.0
2018-2019,CIUSSS du Centre-Sud-de-l'Île-de-Montréal,6,5,68.0
2018-2019,CIUSSS du Centre-Sud-de-l'Île-de-Montréal,6,6,16.0
2018-2019,CIUSSS du Centre-Sud-de-l'Île-de-Montréal,6,7,2.0
2018-2019,CIUSSS du Centre-Sud-de-l'Île-de-Montréal,6,9,703.0
2018-2019,CIUSSS du Centre-Sud-de-l'Île-de-Montréal,7,1,37.0
2018-2019,CIUSSS du Centre-Sud-de-l'Île-de-Montréal,7,2,60.0
2018-2019,CIUSSS du Centre-Sud-de-l'Île-de-Montréal,7,3,25.0
2018-2019,CIUSSS du Centre-Sud-de-l'Île-de-Montréal,7,4,35.0
2018-2019,CIUSSS du Centre-Sud-de-l'Île-de-Montréal,7,5,67.0
2018-2019,CIUSSS du Centre-Sud-de-l'Île-de-Montréal,7,6,85.0
2018-2019,CIUSSS du Centre-Sud-de-l'Île-de-Montréal,7,7,24.0
2018-2019,CIUSSS du Centre-Sud-de-l'Île-de-Montréal,7,8,3.0
2018-2019,CIUSSS du Centre-Sud-de-l'Île-de-Montréal,7,9,336.0
2018-2019,CIUSSS du Centre-Sud-de-l'Île-de-Montréal,8,1,76.0
2018-2019,CIUSSS du Centre-Sud-de-l'Île-de-Montréal,8,2,276.0
2018-2019,CIUSSS du Centre-Sud-de-l'Île-de-Montréal,8,3,64.0
2018-2019,CIUSSS du Centre-Sud-de-l'Île-de-Montréal,8,4,24.0
2018-2019,CIUSSS du Centre-Sud-de-l'Île-de-Montréal,8,5,29.0
2018-2019,CIUSSS du Centre-Sud-de-l'Île-de-Montréal,8,6,7.0
2018-2019,CIUSSS du Centre-Sud-de-l'Île-de-Montréal,8,7,2.0
2018-2019,CIUSSS du Centre-Sud-de-l'Île-de-Montréal,8,9,478.0
2018-2019,CIUSSS du Centre-Sud-de-l'Île-de-Montréal,9,1,113.0
2018-2019,CIUSSS du Centre-Sud-de-l'Île-de-Montréal,9,2,336.0
2018-2019,CIUSSS du Centre-Sud-de-l'Île-de-Montréal,9,3,89.0
2018-2019,CIUSSS du Centre-Sud-de-l'Île-de-Montréal,9,4,59.0
2018-2019,CIUSSS du Centre-Sud-de-l'Île-de-Montréal,9,5,96.0
2018-2019,CIUSSS du Centre-Sud-de-l'Île-de-Montréal,9,6,92.0
2018-2019,CIUSSS du Centre-Sud-de-l'Île-de-Montréal,9,7,26.0
2018-2019,CIUSSS du Centre-Sud-de-l'Île-de-Montréal,9,8,3.0
2018-2019,CIUSSS du Centre-Sud-de-l'Île-de-Montréal,9,9,814.0
2018-2019,CIUSSS du SaguenayLac-Saint-Jean,1,1,35.0
2018-2019,CIUSSS du SaguenayLac-Saint-Jean,1,2,14.0
2018-2019,CIUSSS du SaguenayLac-Saint-Jean,1,3,15.0
2018-2019,CIUSSS du SaguenayLac-Saint-Jean,1,4,15.0
2018-2019,CIUSSS du SaguenayLac-Saint-Jean,1,5,31.0
2018-2019,CIUSSS du SaguenayLac-Saint-Jean,1,6,9.0
2018-2019,CIUSSS du SaguenayLac-Saint-Jean,1,7,3.0
2018-2019,CIUSSS du SaguenayLac-Saint-Jean,1,8,2.0
2018-2019,CIUSSS du SaguenayLac-Saint-Jean,1,9,124.0
2018-2019,CIUSSS du SaguenayLac-Saint-Jean,2,1,20.0
2018-2019,CIUSSS du SaguenayLac-Saint-Jean,2,2,35.0
2018-2019,CIUSSS du SaguenayLac-Saint-Jean,2,3,23.0
2018-2019,CIUSSS du SaguenayLac-Saint-Jean,2,4,15.0
2018-2019,CIUSSS du SaguenayLac-Saint-Jean,2,5,12.0
2018-2019,CIUSSS du SaguenayLac-Saint-Jean,2,6,1.0
2018-2019,CIUSSS du SaguenayLac-Saint-Jean,2,7,0.0
2018-2019,CIUSSS du SaguenayLac-Saint-Jean,2,8,0.0
2018-2019,CIUSSS du SaguenayLac-Saint-Jean,2,9,106.0
2018-2019,CIUSSS du SaguenayLac-Saint-Jean,3,1,55.0
2018-2019,CIUSSS du SaguenayLac-Saint-Jean,3,2,49.0
2018-2019,CIUSSS du SaguenayLac-Saint-Jean,3,3,38.0
2018-2019,CIUSSS du SaguenayLac-Saint-Jean,3,4,30.0
2018-2019,CIUSSS du SaguenayLac-Saint-Jean,3,5,43.0
2018-2019,CIUSSS du SaguenayLac-Saint-Jean,3,6,10.0
2018-2019,CIUSSS du SaguenayLac-Saint-Jean,3,7,3.0
2018-2019,CIUSSS du SaguenayLac-Saint-Jean,3,8,2.0
2018-2019,CIUSSS du SaguenayLac-Saint-Jean,3,9,230.0
2018-2019,CIUSSS du SaguenayLac-Saint-Jean,4,1,33.0
2018-2019,CIUSSS du SaguenayLac-Saint-Jean,4,2,10.0
2018-2019,CIUSSS du SaguenayLac-Saint-Jean,4,3,14.0
2018-2019,CIUSSS du SaguenayLac-Saint-Jean,4,4,7.0
2018-2019,CIUSSS du SaguenayLac-Saint-Jean,4,5,17.0
2018-2019,CIUSSS du SaguenayLac-Saint-Jean,4,6,6.0
2018-2019,CIUSSS du SaguenayLac-Saint-Jean,4,7,3.0
2018-2019,CIUSSS du SaguenayLac-Saint-Jean,4,8,1.0
2018-2019,CIUSSS du SaguenayLac-Saint-Jean,4,9,91.0
2018-2019,CIUSSS du SaguenayLac-Saint-Jean,5,1,17.0
2018-2019,CIUSSS du SaguenayLac-Saint-Jean,5,2,27.0
2018-2019,CIUSSS du SaguenayLac-Saint-Jean,5,3,26.0
2018-2019,CIUSSS du SaguenayLac-Saint-Jean,5,4,12.0
2018-2019,CIUSSS du SaguenayLac-Saint-Jean,5,5,10.0
2018-2019,CIUSSS du SaguenayLac-Saint-Jean,5,6,0.0
2018-2019,CIUSSS du SaguenayLac-Saint-Jean,5,7,0.0
2018-2019,CIUSSS du SaguenayLac-Saint-Jean,5,8,0.0
2018-2019,CIUSSS du SaguenayLac-Saint-Jean,5,9,92.0
2018-2019,CIUSSS du SaguenayLac-Saint-Jean,6,1,50.0
2018-2019,CIUSSS du SaguenayLac-Saint-Jean,6,2,37.0
2018-2019,CIUSSS du SaguenayLac-Saint-Jean,6,3,40.0
2018-2019,CIUSSS du SaguenayLac-Saint-Jean,6,4,19.0
2018-2019,CIUSSS du SaguenayLac-Saint-Jean,6,5,27.0
2018-2019,CIUSSS du SaguenayLac-Saint-Jean,6,6,6.0
2018-2019,CIUSSS du SaguenayLac-Saint-Jean,6,7,3.0
2018-2019,CIUSSS du SaguenayLac-Saint-Jean,6,8,1.0
2018-2019,CIUSSS du SaguenayLac-Saint-Jean,6,9,183.0
2018-2019,CIUSSS du SaguenayLac-Saint-Jean,7,1,2.0
2018-2019,CIUSSS du SaguenayLac-Saint-Jean,7,2,24.0
2018-2019,CIUSSS du SaguenayLac-Saint-Jean,7,3,18.0
2018-2019,CIUSSS du SaguenayLac-Saint-Jean,7,4,13.0
2018-2019,CIUSSS du SaguenayLac-Saint-Jean,7,5,36.0
2018-2019,CIUSSS du SaguenayLac-Saint-Jean,7,6,23.0
2018-2019,CIUSSS du SaguenayLac-Saint-Jean,7,7,7.0
2018-2019,CIUSSS du SaguenayLac-Saint-Jean,7,8,4.0
2018-2019,CIUSSS du SaguenayLac-Saint-Jean,7,9,127.0
2018-2019,CIUSSS du SaguenayLac-Saint-Jean,8,1,3.0
2018-2019,CIUSSS du SaguenayLac-Saint-Jean,8,2,35.0
2018-2019,CIUSSS du SaguenayLac-Saint-Jean,8,3,17.0
2018-2019,CIUSSS du SaguenayLac-Saint-Jean,8,4,8.0
2018-2019,CIUSSS du SaguenayLac-Saint-Jean,8,5,10.0
2018-2019,CIUSSS du SaguenayLac-Saint-Jean,8,6,2.0
2018-2019,CIUSSS du SaguenayLac-Saint-Jean,8,7,0.0
2018-2019,CIUSSS du SaguenayLac-Saint-Jean,8,8,0.0
2018-2019,CIUSSS du SaguenayLac-Saint-Jean,8,9,75.0
2018-2019,CIUSSS du SaguenayLac-Saint-Jean,9,1,5.0
2018-2019,CIUSSS du SaguenayLac-Saint-Jean,9,2,59.0
2018-2019,CIUSSS du SaguenayLac-Saint-Jean,9,3,35.0
2018-2019,CIUSSS du SaguenayLac-Saint-Jean,9,4,21.0
2018-2019,CIUSSS du SaguenayLac-Saint-Jean,9,5,46.0
2018-2019,CIUSSS du SaguenayLac-Saint-Jean,9,6,25.0
2018-2019,CIUSSS du SaguenayLac-Saint-Jean,9,7,7.0
2018-2019,CIUSSS du SaguenayLac-Saint-Jean,9,8,4.0
2018-2019,CIUSSS du SaguenayLac-Saint-Jean,9,9,202.0
2019-2020,CISSS DE LA MONTÉRÉGIE-OUEST,1,1,77.0
2019-2020,CISSS DE LA MONTÉRÉGIE-OUEST,1,2,99.0
2019-2020,CISSS DE LA MONTÉRÉGIE-OUEST,1,3,88.0
2019-2020,CISSS DE LA MONTÉRÉGIE-OUEST,1,4,39.0
2019-2020,CISSS DE LA MONTÉRÉGIE-OUEST,1,5,138.0
2019-2020,CISSS DE LA MONTÉRÉGIE-OUEST,1,6,87.0
2019-2020,CISSS DE LA MONTÉRÉGIE-OUEST,1,7,16.0
2019-2020,CISSS DE LA MONTÉRÉGIE-OUEST,1,8,0.0
2019-2020,CISSS DE LA MONTÉRÉGIE-OUEST,1,9,544.0
2019-2020,CISSS DE LA MONTÉRÉGIE-OUEST,2,1,625.0
2019-2020,CISSS DE LA MONTÉRÉGIE-OUEST,2,2,829.0
2019-2020,CISSS DE LA MONTÉRÉGIE-OUEST,2,3,298.0
2019-2020,CISSS DE LA MONTÉRÉGIE-OUEST,2,4,74.0
2019-2020,CISSS DE LA MONTÉRÉGIE-OUEST,2,5,89.0
2019-2020,CISSS DE LA MONTÉRÉGIE-OUEST,2,6,13.0
2019-2020,CISSS DE LA MONTÉRÉGIE-OUEST,2,7,1.0
2019-2020,CISSS DE LA MONTÉRÉGIE-OUEST,2,8,0.0
2019-2020,CISSS DE LA MONTÉRÉGIE-OUEST,2,9,1929.0
2019-2020,CISSS DE LA MONTÉRÉGIE-OUEST,3,1,702.0
2019-2020,CISSS DE LA MONTÉRÉGIE-OUEST,3,2,928.0
2019-2020,CISSS DE LA MONTÉRÉGIE-OUEST,3,3,386.0
2019-2020,CISSS DE LA MONTÉRÉGIE-OUEST,3,4,113.0
2019-2020,CISSS DE LA MONTÉRÉGIE-OUEST,3,5,227.0
2019-2020,CISSS DE LA MONTÉRÉGIE-OUEST,3,6,100.0
2019-2020,CISSS DE LA MONTÉRÉGIE-OUEST,3,7,17.0
2019-2020,CISSS DE LA MONTÉRÉGIE-OUEST,3,8,0.0
2019-2020,CISSS DE LA MONTÉRÉGIE-OUEST,3,9,2473.0
2019-2020,CISSS DE LA MONTÉRÉGIE-OUEST,4,1,82.0
2019-2020,CISSS DE LA MONTÉRÉGIE-OUEST,4,2,80.0
2019-2020,CISSS DE LA MONTÉRÉGIE-OUEST,4,3,69.0
2019-2020,CISSS DE LA MONTÉRÉGIE-OUEST,4,4,41.0
2019-2020,CISSS DE LA MONTÉRÉGIE-OUEST,4,5,106.0
2019-2020,CISSS DE LA MONTÉRÉGIE-OUEST,4,6,60.0
2019-2020,CISSS DE LA MONTÉRÉGIE-OUEST,4,7,16.0
2019-2020,CISSS DE LA MONTÉRÉGIE-OUEST,4,8,0.0
2019-2020,CISSS DE LA MONTÉRÉGIE-OUEST,4,9,454.0
2019-2020,CISSS DE LA MONTÉRÉGIE-OUEST,5,1,630.0
2019-2020,CISSS DE LA MONTÉRÉGIE-OUEST,5,2,805.0
2019-2020,CISSS DE LA MONTÉRÉGIE-OUEST,5,3,281.0
2019-2020,CISSS DE LA MONTÉRÉGIE-OUEST,5,4,69.0
2019-2020,CISSS DE LA MONTÉRÉGIE-OUEST,5,5,72.0
2019-2020,CISSS DE LA MONTÉRÉGIE-OUEST,5,6,15.0
2019-2020,CISSS DE LA MONTÉRÉGIE-OUEST,5,7,1.0
2019-2020,CISSS DE LA MONTÉRÉGIE-OUEST,5,9,1873.0
2019-2020,CISSS DE LA MONTÉRÉGIE-OUEST,6,1,712.0
2019-2020,CISSS DE LA MONTÉRÉGIE-OUEST,6,2,885.0
2019-2020,CISSS DE LA MONTÉRÉGIE-OUEST,6,3,350.0
2019-2020,CISSS DE LA MONTÉRÉGIE-OUEST,6,4,110.0
2019-2020,CISSS DE LA MONTÉRÉGIE-OUEST,6,5,178.0
2019-2020,CISSS DE LA MONTÉRÉGIE-OUEST,6,6,75.0
2019-2020,CISSS DE LA MONTÉRÉGIE-OUEST,6,7,17.0
2019-2020,CISSS DE LA MONTÉRÉGIE-OUEST,6,8,0.0
2019-2020,CISSS DE LA MONTÉRÉGIE-OUEST,6,9,2327.0
2019-2020,CISSS DE LA MONTÉRÉGIE-OUEST,7,1,29.0
2019-2020,CISSS DE LA MONTÉRÉGIE-OUEST,7,2,92.0
2019-2020,CISSS DE LA MONTÉRÉGIE-OUEST,7,3,61.0
2019-2020,CISSS DE LA MONTÉRÉGIE-OUEST,7,4,44.0
2019-2020,CISSS DE LA MONTÉRÉGIE-OUEST,7,5,194.0
2019-2020,CISSS DE LA MONTÉRÉGIE-OUEST,7,6,105.0
2019-2020,CISSS DE LA MONTÉRÉGIE-OUEST,7,7,25.0
2019-2020,CISSS DE LA MONTÉRÉGIE-OUEST,7,8,5.0
2019-2020,CISSS DE LA MONTÉRÉGIE-OUEST,7,9,555.0
2019-2020,CISSS DE LA MONTÉRÉGIE-OUEST,8,1,185.0
2019-2020,CISSS DE LA MONTÉRÉGIE-OUEST,8,2,1114.0
2019-2020,CISSS DE LA MONTÉRÉGIE-OUEST,8,3,418.0
2019-2020,CISSS DE LA MONTÉRÉGIE-OUEST,8,4,102.0
2019-2020,CISSS DE LA MONTÉRÉGIE-OUEST,8,5,104.0
2019-2020,CISSS DE LA MONTÉRÉGIE-OUEST,8,6,17.0
2019-2020,CISSS DE LA MONTÉRÉGIE-OUEST,8,7,2.0
2019-2020,CISSS DE LA MONTÉRÉGIE-OUEST,8,8,0.0
2019-2020,CISSS DE LA MONTÉRÉGIE-OUEST,8,9,1942.0
2019-2020,CISSS DE LA MONTÉRÉGIE-OUEST,9,1,214.0
2019-2020,CISSS DE LA MONTÉRÉGIE-OUEST,9,2,1206.0
2019-2020,CISSS DE LA MONTÉRÉGIE-OUEST,9,3,479.0
2019-2020,CISSS DE LA MONTÉRÉGIE-OUEST,9,4,146.0
2019-2020,CISSS DE LA MONTÉRÉGIE-OUEST,9,5,298.0
2019-2020,CISSS DE LA MONTÉRÉGIE-OUEST,9,6,122.0
2019-2020,CISSS DE LA MONTÉRÉGIE-OUEST,9,7,27.0
2019-2020,CISSS DE LA MONTÉRÉGIE-OUEST,9,8,5.0
2019-2020,CISSS DE LA MONTÉRÉGIE-OUEST,9,9,2497.0
2019-2020,CISSS DES ÎLES,1,1,1.0
2019-2020,CISSS DES ÎLES,1,2,0.0
2019-2020,CISSS DES ÎLES,1,3,0.0
2019-2020,CISSS DES ÎLES,1,4,0.0
2019-2020,CISSS DES ÎLES,1,5,0.0
2019-2020,CISSS DES ÎLES,1,6,1.0
2019-2020,CISSS DES ÎLES,1,7,0.0
2019-2020,CISSS DES ÎLES,1,8,0.0
2019-2020,CISSS DES ÎLES,1,9,2.0
2019-2020,CISSS DES ÎLES,2,1,1.0
2019-2020,CISSS DES ÎLES,2,2,4.0
2019-2020,CISSS DES ÎLES,2,3,4.0
2019-2020,CISSS DES ÎLES,2,4,1.0
2019-2020,CISSS DES ÎLES,2,5,2.0
2019-2020,CISSS DES ÎLES,2,6,0.0
2019-2020,CISSS DES ÎLES,2,7,0.0
2019-2020,CISSS DES ÎLES,2,8,0.0
2019-2020,CISSS DES ÎLES,2,9,12.0
2019-2020,CISSS DES ÎLES,3,1,2.0
2019-2020,CISSS DES ÎLES,3,2,4.0
2019-2020,CISSS DES ÎLES,3,3,4.0
2019-2020,CISSS DES ÎLES,3,4,1.0
2019-2020,CISSS DES ÎLES,3,5,2.0
2019-2020,CISSS DES ÎLES,3,6,1.0
2019-2020,CISSS DES ÎLES,3,7,0.0
2019-2020,CISSS DES ÎLES,3,8,0.0
2019-2020,CISSS DES ÎLES,3,9,14.0
2019-2020,CISSS DES ÎLES,4,1,1.0
2019-2020,CISSS DES ÎLES,4,2,0.0
2019-2020,CISSS DES ÎLES,4,3,0.0
2019-2020,CISSS DES ÎLES,4,4,1.0
2019-2020,CISSS DES ÎLES,4,5,0.0
2019-2020,CISSS DES ÎLES,4,6,3.0
2019-2020,CISSS DES ÎLES,4,7,0.0
2019-2020,CISSS DES ÎLES,4,8,0.0
2019-2020,CISSS DES ÎLES,4,9,5.0
2019-2020,CISSS DES ÎLES,5,1,1.0
2019-2020,CISSS DES ÎLES,5,2,2.0
2019-2020,CISSS DES ÎLES,5,3,3.0
2019-2020,CISSS DES ÎLES,5,4,1.0
2019-2020,CISSS DES ÎLES,5,5,4.0
2019-2020,CISSS DES ÎLES,5,6,0.0
2019-2020,CISSS DES ÎLES,5,7,0.0
2019-2020,CISSS DES ÎLES,5,8,0.0
2019-2020,CISSS DES ÎLES,5,9,11.0
2019-2020,CISSS DES ÎLES,6,1,2.0
2019-2020,CISSS DES ÎLES,6,2,2.0
2019-2020,CISSS DES ÎLES,6,3,3.0
2019-2020,CISSS DES ÎLES,6,4,2.0
2019-2020,CISSS DES ÎLES,6,5,4.0
2019-2020,CISSS DES ÎLES,6,6,3.0
2019-2020,CISSS DES ÎLES,6,7,0.0
2019-2020,CISSS DES ÎLES,6,8,0.0
2019-2020,CISSS DES ÎLES,6,9,16.0
2019-2020,CISSS DES ÎLES,7,1,0.0
2019-2020,CISSS DES ÎLES,7,2,0.0
2019-2020,CISSS DES ÎLES,7,3,0.0
2019-2020,CISSS DES ÎLES,7,4,1.0
2019-2020,CISSS DES ÎLES,7,5,0.0
2019-2020,CISSS DES ÎLES,7,6,2.0
2019-2020,CISSS DES ÎLES,7,7,0.0
2019-2020,CISSS DES ÎLES,7,8,0.0
2019-2020,CISSS DES ÎLES,7,9,3.0
2019-2020,CISSS DES ÎLES,8,1,0.0
2019-2020,CISSS DES ÎLES,8,2,1.0
2019-2020,CISSS DES ÎLES,8,3,1.0
2019-2020,CISSS DES ÎLES,8,4,0.0
2019-2020,CISSS DES ÎLES,8,5,1.0
2019-2020,CISSS DES ÎLES,8,6,0.0
2019-2020,CISSS DES ÎLES,8,7,0.0
2019-2020,CISSS DES ÎLES,8,8,0.0
2019-2020,CISSS DES ÎLES,8,9,3.0
2019-2020,CISSS DES ÎLES,9,1,0.0
2019-2020,CISSS DES ÎLES,9,2,1.0
2019-2020,CISSS DES ÎLES,9,3,1.0
2019-2020,CISSS DES ÎLES,9,4,1.0
2019-2020,CISSS DES ÎLES,9,5,1.0
2019-2020,CISSS DES ÎLES,9,6,2.0
2019-2020,CISSS DES ÎLES,9,7,0.0
2019-2020,CISSS DES ÎLES,9,8,0.0
2019-2020,CISSS DES ÎLES,9,9,6.0
2019-2020,CISSS de Chaudière-Appalaches,1,1,31.0
2019-2020,CISSS de Chaudière-Appalaches,1,2,29.0
2019-2020,CISSS de Chaudière-Appalaches,1,3,25.0
2019-2020,CISSS de Chaudière-Appalaches,1,4,33.0
2019-2020,CISSS de Chaudière-Appalaches,1,5,49.0
2019-2020,CISSS de Chaudière-Appalaches,1,6,32.0
2019-2020,CISSS de Chaudière-Appalaches,1,7,7.0
2019-2020,CISSS de Chaudière-Appalaches,1,8,8.0
2019-2020,CISSS de Chaudière-Appalaches,1,9,214.0
2019-2020,CISSS de Chaudière-Appalaches,2,1,56.0
2019-2020,CISSS de Chaudière-Appalaches,2,2,123.0
2019-2020,CISSS de Chaudière-Appalaches,2,3,54.0
2019-2020,CISSS de Chaudière-Appalaches,2,4,27.0
2019-2020,CISSS de Chaudière-Appalaches,2,5,26.0
2019-2020,CISSS de Chaudière-Appalaches,2,6,1.0
2019-2020,CISSS de Chaudière-Appalaches,2,7,0.0
2019-2020,CISSS de Chaudière-Appalaches,2,8,0.0
2019-2020,CISSS de Chaudière-Appalaches,2,9,287.0
2019-2020,CISSS de Chaudière-Appalaches,3,1,87.0
2019-2020,CISSS de Chaudière-Appalaches,3,2,152.0
2019-2020,CISSS de Chaudière-Appalaches,3,3,79.0
2019-2020,CISSS de Chaudière-Appalaches,3,4,60.0
2019-2020,CISSS de Chaudière-Appalaches,3,5,75.0
2019-2020,CISSS de Chaudière-Appalaches,3,6,33.0
2019-2020,CISSS de Chaudière-Appalaches,3,7,7.0
2019-2020,CISSS de Chaudière-Appalaches,3,8,8.0
2019-2020,CISSS de Chaudière-Appalaches,3,9,501.0
2019-2020,CISSS de Chaudière-Appalaches,4,1,27.0
2019-2020,CISSS de Chaudière-Appalaches,4,2,23.0
2019-2020,CISSS de Chaudière-Appalaches,4,3,23.0
2019-2020,CISSS de Chaudière-Appalaches,4,4,27.0
2019-2020,CISSS de Chaudière-Appalaches,4,5,39.0
2019-2020,CISSS de Chaudière-Appalaches,4,6,26.0
2019-2020,CISSS de Chaudière-Appalaches,4,7,3.0
2019-2020,CISSS de Chaudière-Appalaches,4,8,5.0
2019-2020,CISSS de Chaudière-Appalaches,4,9,173.0
2019-2020,CISSS de Chaudière-Appalaches,5,1,56.0
2019-2020,CISSS de Chaudière-Appalaches,5,2,83.0
2019-2020,CISSS de Chaudière-Appalaches,5,3,58.0
2019-2020,CISSS de Chaudière-Appalaches,5,4,18.0
2019-2020,CISSS de Chaudière-Appalaches,5,5,16.0
2019-2020,CISSS de Chaudière-Appalaches,5,6,1.0
2019-2020,CISSS de Chaudière-Appalaches,5,7,0.0
2019-2020,CISSS de Chaudière-Appalaches,5,8,0.0
2019-2020,CISSS de Chaudière-Appalaches,5,9,232.0
2019-2020,CISSS de Chaudière-Appalaches,6,1,83.0
2019-2020,CISSS de Chaudière-Appalaches,6,2,106.0
2019-2020,CISSS de Chaudière-Appalaches,6,3,81.0
2019-2020,CISSS de Chaudière-Appalaches,6,4,45.0
2019-2020,CISSS de Chaudière-Appalaches,6,5,55.0
2019-2020,CISSS de Chaudière-Appalaches,6,6,27.0
2019-2020,CISSS de Chaudière-Appalaches,6,7,3.0
2019-2020,CISSS de Chaudière-Appalaches,6,8,5.0
2019-2020,CISSS de Chaudière-Appalaches,6,9,405.0
2019-2020,CISSS de Chaudière-Appalaches,7,1,6.0
2019-2020,CISSS de Chaudière-Appalaches,7,2,25.0
2019-2020,CISSS de Chaudière-Appalaches,7,3,17.0
2019-2020,CISSS de Chaudière-Appalaches,7,4,18.0
2019-2020,CISSS de Chaudière-Appalaches,7,5,44.0
2019-2020,CISSS de Chaudière-Appalaches,7,6,52.0
2019-2020,CISSS de Chaudière-Appalaches,7,7,15.0
2019-2020,CISSS de Chaudière-Appalaches,7,8,18.0
2019-2020,CISSS de Chaudière-Appalaches,7,9,195.0
2019-2020,CISSS de Chaudière-Appalaches,8,1,2.0
2019-2020,CISSS de Chaudière-Appalaches,8,2,101.0
2019-2020,CISSS de Chaudière-Appalaches,8,3,59.0
2019-2020,CISSS de Chaudière-Appalaches,8,4,34.0
2019-2020,CISSS de Chaudière-Appalaches,8,5,36.0
2019-2020,CISSS de Chaudière-Appalaches,8,6,5.0
2019-2020,CISSS de Chaudière-Appalaches,8,7,0.0
2019-2020,CISSS de Chaudière-Appalaches,8,8,0.0
2019-2020,CISSS de Chaudière-Appalaches,8,9,237.0
2019-2020,CISSS de Chaudière-Appalaches,9,1,8.0
2019-2020,CISSS de Chaudière-Appalaches,9,2,126.0
2019-2020,CISSS de Chaudière-Appalaches,9,3,76.0
2019-2020,CISSS de Chaudière-Appalaches,9,4,52.0
2019-2020,CISSS de Chaudière-Appalaches,9,5,80.0
2019-2020,CISSS de Chaudière-Appalaches,9,6,57.0
2019-2020,CISSS de Chaudière-Appalaches,9,7,15.0
2019-2020,CISSS de Chaudière-Appalaches,9,8,18.0
2019-2020,CISSS de Chaudière-Appalaches,9,9,432.0
2019-2020,CISSS de Lanaudière,1,1,30.0
2019-2020,CISSS de Lanaudière,1,2,25.0
2019-2020,CISSS de Lanaudière,1,3,24.0
2019-2020,CISSS de Lanaudière,1,4,28.0
2019-2020,CISSS de Lanaudière,1,5,52.0
2019-2020,CISSS de Lanaudière,1,6,24.0
2019-2020,CISSS de Lanaudière,1,7,6.0
2019-2020,CISSS de Lanaudière,1,8,1.0
2019-2020,CISSS de Lanaudière,1,9,190.0
2019-2020,CISSS de Lanaudière,2,1,138.0
2019-2020,CISSS de Lanaudière,2,2,213.0
2019-2020,CISSS de Lanaudière,2,3,102.0
2019-2020,CISSS de Lanaudière,2,4,46.0
2019-2020,CISSS de Lanaudière,2,5,32.0
2019-2020,CISSS de Lanaudière,2,6,1.0
2019-2020,CISSS de Lanaudière,2,7,0.0
2019-2020,CISSS de Lanaudière,2,8,0.0
2019-2020,CISSS de Lanaudière,2,9,532.0
2019-2020,CISSS de Lanaudière,3,1,168.0
2019-2020,CISSS de Lanaudière,3,2,238.0
2019-2020,CISSS de Lanaudière,3,3,126.0
2019-2020,CISSS de Lanaudière,3,4,74.0
2019-2020,CISSS de Lanaudière,3,5,84.0
2019-2020,CISSS de Lanaudière,3,6,25.0
2019-2020,CISSS de Lanaudière,3,7,6.0
2019-2020,CISSS de Lanaudière,3,8,1.0
2019-2020,CISSS de Lanaudière,3,9,722.0
2019-2020,CISSS de Lanaudière,4,1,38.0
2019-2020,CISSS de Lanaudière,4,2,31.0
2019-2020,CISSS de Lanaudière,4,3,31.0
2019-2020,CISSS de Lanaudière,4,4,30.0
2019-2020,CISSS de Lanaudière,4,5,57.0
2019-2020,CISSS de Lanaudière,4,6,35.0
2019-2020,CISSS de Lanaudière,4,7,7.0
2019-2020,CISSS de Lanaudière,4,8,5.0
2019-2020,CISSS de Lanaudière,4,9,234.0
2019-2020,CISSS de Lanaudière,5,1,215.0
2019-2020,CISSS de Lanaudière,5,2,272.0
2019-2020,CISSS de Lanaudière,5,3,87.0
2019-2020,CISSS de Lanaudière,5,4,47.0
2019-2020,CISSS de Lanaudière,5,5,30.0
2019-2020,CISSS de Lanaudière,5,6,2.0
2019-2020,CISSS de Lanaudière,5,7,0.0
2019-2020,CISSS de Lanaudière,5,8,0.0
2019-2020,CISSS de Lanaudière,5,9,653.0
2019-2020,CISSS de Lanaudière,6,1,253.0
2019-2020,CISSS de Lanaudière,6,2,303.0
2019-2020,CISSS de Lanaudière,6,3,118.0
2019-2020,CISSS de Lanaudière,6,4,77.0
2019-2020,CISSS de Lanaudière,6,5,87.0
2019-2020,CISSS de Lanaudière,6,6,37.0
2019-2020,CISSS de Lanaudière,6,7,7.0
2019-2020,CISSS de Lanaudière,6,8,5.0
2019-2020,CISSS de Lanaudière,6,9,887.0
2019-2020,CISSS de Lanaudière,7,1,9.0
2019-2020,CISSS de Lanaudière,7,2,48.0
2019-2020,CISSS de Lanaudière,7,3,23.0
2019-2020,CISSS de Lanaudière,7,4,25.0
2019-2020,CISSS de Lanaudière,7,5,131.0
2019-2020,CISSS de Lanaudière,7,6,80.0
2019-2020,CISSS de Lanaudière,7,7,16.0
2019-2020,CISSS de Lanaudière,7,8,11.0
2019-2020,CISSS de Lanaudière,7,9,343.0
2019-2020,CISSS de Lanaudière,8,1,21.0
2019-2020,CISSS de Lanaudière,8,2,212.0
2019-2020,CISSS de Lanaudière,8,3,73.0
2019-2020,CISSS de Lanaudière,8,4,45.0
2019-2020,CISSS de Lanaudière,8,5,50.0
2019-2020,CISSS de Lanaudière,8,6,3.0
2019-2020,CISSS de Lanaudière,8,7,0.0
2019-2020,CISSS de Lanaudière,8,8,0.0
2019-2020,CISSS de Lanaudière,8,9,404.0
2019-2020,CISSS de Lanaudière,9,1,30.0
2019-2020,CISSS de Lanaudière,9,2,260.0
2019-2020,CISSS de Lanaudière,9,3,96.0
2019-2020,CISSS de Lanaudière,9,4,70.0
2019-2020,CISSS de Lanaudière,9,5,181.0
2019-2020,CISSS de Lanaudière,9,6,83.0
2019-2020,CISSS de Lanaudière,9,7,16.0
2019-2020,CISSS de Lanaudière,9,8,11.0
2019-2020,CISSS de Lanaudière,9,9,747.0
2019-2020,CISSS de Laval,1,1,19.0
2019-2020,CISSS de Laval,1,2,9.0
2019-2020,CISSS de Laval,1,3,13.0
2019-2020,CISSS de Laval,1,4,12.0
2019-2020,CISSS de Laval,1,5,20.0
2019-2020,CISSS de Laval,1,6,10.0
2019-2020,CISSS de Laval,1,7,2.0
2019-2020,CISSS de Laval,1,8,0.0
2019-2020,CISSS de Laval,1,9,85.0
2019-2020,CISSS de Laval,2,1,108.0
2019-2020,CISSS de Laval,2,2,58.0
2019-2020,CISSS de Laval,2,3,24.0
2019-2020,CISSS de Laval,2,4,14.0
2019-2020,CISSS de Laval,2,5,10.0
2019-2020,CISSS de Laval,2,6,1.0
2019-2020,CISSS de Laval,2,7,0.0
2019-2020,CISSS de Laval,2,8,0.0
2019-2020,CISSS de Laval,2,9,215.0
2019-2020,CISSS de Laval,3,1,127.0
2019-2020,CISSS de Laval,3,2,67.0
2019-2020,CISSS de Laval,3,3,37.0
2019-2020,CISSS de Laval,3,4,26.0
2019-2020,CISSS de Laval,3,5,30.0
2019-2020,CISSS de Laval,3,6,11.0
2019-2020,CISSS de Laval,3,7,2.0
2019-2020,CISSS de Laval,3,8,0.0
2019-2020,CISSS de Laval,3,9,300.0
2019-2020,CISSS de Laval,4,1,23.0
2019-2020,CISSS de Laval,4,2,11.0
2019-2020,CISSS de Laval,4,3,13.0
2019-2020,CISSS de Laval,4,4,7.0
2019-2020,CISSS de Laval,4,5,17.0
2019-2020,CISSS de Laval,4,6,7.0
2019-2020,CISSS de Laval,4,7,0.0
2019-2020,CISSS de Laval,4,8,0.0
2019-2020,CISSS de Laval,4,9,78.0
2019-2020,CISSS de Laval,5,1,97.0
2019-2020,CISSS de Laval,5,2,41.0
2019-2020,CISSS de Laval,5,3,16.0
2019-2020,CISSS de Laval,5,4,13.0
2019-2020,CISSS de Laval,5,5,14.0
2019-2020,CISSS de Laval,5,6,3.0
2019-2020,CISSS de Laval,5,7,0.0
2019-2020,CISSS de Laval,5,8,1.0
2019-2020,CISSS de Laval,5,9,185.0
2019-2020,CISSS de Laval,6,1,120.0
2019-2020,CISSS de Laval,6,2,52.0
2019-2020,CISSS de Laval,6,3,29.0
2019-2020,CISSS de Laval,6,4,20.0
2019-2020,CISSS de Laval,6,5,31.0
2019-2020,CISSS de Laval,6,6,10.0
2019-2020,CISSS de Laval,6,7,0.0
2019-2020,CISSS de Laval,6,8,1.0
2019-2020,CISSS de Laval,6,9,263.0
2019-2020,CISSS de Laval,7,1,9.0
2019-2020,CISSS de Laval,7,2,25.0
2019-2020,CISSS de Laval,7,3,12.0
2019-2020,CISSS de Laval,7,4,12.0
2019-2020,CISSS de Laval,7,5,21.0
2019-2020,CISSS de Laval,7,6,14.0
2019-2020,CISSS de Laval,7,7,1.0
2019-2020,CISSS de Laval,7,8,4.0
2019-2020,CISSS de Laval,7,9,98.0
2019-2020,CISSS de Laval,8,1,16.0
2019-2020,CISSS de Laval,8,2,142.0
2019-2020,CISSS de Laval,8,3,35.0
2019-2020,CISSS de Laval,8,4,14.0
2019-2020,CISSS de Laval,8,5,26.0
2019-2020,CISSS de Laval,8,6,3.0
2019-2020,CISSS de Laval,8,7,0.0
2019-2020,CISSS de Laval,8,8,0.0
2019-2020,CISSS de Laval,8,9,236.0
2019-2020,CISSS de Laval,9,1,25.0
2019-2020,CISSS de Laval,9,2,167.0
2019-2020,CISSS de Laval,9,3,47.0
2019-2020,CISSS de Laval,9,4,26.0
2019-2020,CISSS de Laval,9,5,47.0
2019-2020,CISSS de Laval,9,6,17.0
2019-2020,CISSS de Laval,9,7,1.0
2019-2020,CISSS de Laval,9,8,4.0
2019-2020,CISSS de Laval,9,9,334.0
2019-2020,CISSS de l'Abitibi-Témiscamingue,1,1,10.0
2019-2020,CISSS de l'Abitibi-Témiscamingue,1,2,7.0
2019-2020,CISSS de l'Abitibi-Témiscamingue,1,3,11.0
2019-2020,CISSS de l'Abitibi-Témiscamingue,1,4,3.0
2019-2020,CISSS de l'Abitibi-Témiscamingue,1,5,23.0
2019-2020,CISSS de l'Abitibi-Témiscamingue,1,6,3.0
2019-2020,CISSS de l'Abitibi-Témiscamingue,1,7,0.0
2019-2020,CISSS de l'Abitibi-Témiscamingue,1,8,0.0
2019-2020,CISSS de l'Abitibi-Témiscamingue,1,9,57.0
2019-2020,CISSS de l'Abitibi-Témiscamingue,2,1,20.0
2019-2020,CISSS de l'Abitibi-Témiscamingue,2,2,27.0
2019-2020,CISSS de l'Abitibi-Témiscamingue,2,3,19.0
2019-2020,CISSS de l'Abitibi-Témiscamingue,2,4,3.0
2019-2020,CISSS de l'Abitibi-Témiscamingue,2,5,5.0
2019-2020,CISSS de l'Abitibi-Témiscamingue,2,6,2.0
2019-2020,CISSS de l'Abitibi-Témiscamingue,2,7,1.0
2019-2020,CISSS de l'Abitibi-Témiscamingue,2,8,0.0
2019-2020,CISSS de l'Abitibi-Témiscamingue,2,9,77.0
2019-2020,CISSS de l'Abitibi-Témiscamingue,3,1,30.0
2019-2020,CISSS de l'Abitibi-Témiscamingue,3,2,34.0
2019-2020,CISSS de l'Abitibi-Témiscamingue,3,3,30.0
2019-2020,CISSS de l'Abitibi-Témiscamingue,3,4,6.0
2019-2020,CISSS de l'Abitibi-Témiscamingue,3,5,28.0
2019-2020,CISSS de l'Abitibi-Témiscamingue,3,6,5.0
2019-2020,CISSS de l'Abitibi-Témiscamingue,3,7,1.0
2019-2020,CISSS de l'Abitibi-Témiscamingue,3,8,0.0
2019-2020,CISSS de l'Abitibi-Témiscamingue,3,9,134.0
2019-2020,CISSS de l'Abitibi-Témiscamingue,4,1,12.0
2019-2020,CISSS de l'Abitibi-Témiscamingue,4,2,8.0
2019-2020,CISSS de l'Abitibi-Témiscamingue,4,3,9.0
2019-2020,CISSS de l'Abitibi-Témiscamingue,4,4,1.0
2019-2020,CISSS de l'Abitibi-Témiscamingue,4,5,21.0
2019-2020,CISSS de l'Abitibi-Témiscamingue,4,6,3.0
2019-2020,CISSS de l'Abitibi-Témiscamingue,4,7,2.0
2019-2020,CISSS de l'Abitibi-Témiscamingue,4,8,0.0
2019-2020,CISSS de l'Abitibi-Témiscamingue,4,9,56.0
2019-2020,CISSS de l'Abitibi-Témiscamingue,5,1,27.0
2019-2020,CISSS de l'Abitibi-Témiscamingue,5,2,27.0
2019-2020,CISSS de l'Abitibi-Témiscamingue,5,3,12.0
2019-2020,CISSS de l'Abitibi-Témiscamingue,5,4,6.0
2019-2020,CISSS de l'Abitibi-Témiscamingue,5,5,8.0
2019-2020,CISSS de l'Abitibi-Témiscamingue,5,6,1.0
2019-2020,CISSS de l'Abitibi-Témiscamingue,5,7,1.0
2019-2020,CISSS de l'Abitibi-Témiscamingue,5,8,0.0
2019-2020,CISSS de l'Abitibi-Témiscamingue,5,9,82.0
2019-2020,CISSS de l'Abitibi-Témiscamingue,6,1,39.0
2019-2020,CISSS de l'Abitibi-Témiscamingue,6,2,35.0
2019-2020,CISSS de l'Abitibi-Témiscamingue,6,3,21.0
2019-2020,CISSS de l'Abitibi-Témiscamingue,6,4,7.0
2019-2020,CISSS de l'Abitibi-Témiscamingue,6,5,29.0
2019-2020,CISSS de l'Abitibi-Témiscamingue,6,6,4.0
2019-2020,CISSS de l'Abitibi-Témiscamingue,6,7,3.0
2019-2020,CISSS de l'Abitibi-Témiscamingue,6,8,0.0
2019-2020,CISSS de l'Abitibi-Témiscamingue,6,9,138.0
2019-2020,CISSS de l'Abitibi-Témiscamingue,7,1,4.0
2019-2020,CISSS de l'Abitibi-Témiscamingue,7,2,10.0
2019-2020,CISSS de l'Abitibi-Témiscamingue,7,3,10.0
2019-2020,CISSS de l'Abitibi-Témiscamingue,7,4,3.0
2019-2020,CISSS de l'Abitibi-Témiscamingue,7,5,30.0
2019-2020,CISSS de l'Abitibi-Témiscamingue,7,6,19.0
2019-2020,CISSS de l'Abitibi-Témiscamingue,7,7,3.0
2019-2020,CISSS de l'Abitibi-Témiscamingue,7,8,3.0
2019-2020,CISSS de l'Abitibi-Témiscamingue,7,9,82.0
2019-2020,CISSS de l'Abitibi-Témiscamingue,8,1,2.0
2019-2020,CISSS de l'Abitibi-Témiscamingue,8,2,14.0
2019-2020,CISSS de l'Abitibi-Témiscamingue,8,3,11.0
2019-2020,CISSS de l'Abitibi-Témiscamingue,8,4,5.0
2019-2020,CISSS de l'Abitibi-Témiscamingue,8,5,8.0
2019-2020,CISSS de l'Abitibi-Témiscamingue,8,6,4.0
2019-2020,CISSS de l'Abitibi-Témiscamingue,8,7,1.0
2019-2020,CISSS de l'Abitibi-Témiscamingue,8,8,0.0
2019-2020,CISSS de l'Abitibi-Témiscamingue,8,9,45.0
2019-2020,CISSS de l'Abitibi-Témiscamingue,9,1,6.0
2019-2020,CISSS de l'Abitibi-Témiscamingue,9,2,24.0
2019-2020,CISSS de l'Abitibi-Témiscamingue,9,3,21.0
2019-2020,CISSS de l'Abitibi-Témiscamingue,9,4,8.0
2019-2020,CISSS de l'Abitibi-Témiscamingue,9,5,38.0
2019-2020,CISSS de l'Abitibi-Témiscamingue,9,6,23.0
2019-2020,CISSS de l'Abitibi-Témiscamingue,9,7,4.0
2019-2020,CISSS de l'Abitibi-Témiscamingue,9,8,3.0
2019-2020,CISSS de l'Abitibi-Témiscamingue,9,9,127.0
2019-2020,CISSS de l'Outaouais,1,1,24.0
2019-2020,CISSS de l'Outaouais,1,2,25.0
2019-2020,CISSS de l'Outaouais,1,3,10.0
2019-2020,CISSS de l'Outaouais,1,4,14.0
2019-2020,CISSS de l'Outaouais,1,5,32.0
2019-2020,CISSS de l'Outaouais,1,6,11.0
2019-2020,CISSS de l'Outaouais,1,7,2.0
2019-2020,CISSS de l'Outaouais,1,9,118.0
2019-2020,CISSS de l'Outaouais,2,1,48.0
2019-2020,CISSS de l'Outaouais,2,2,94.0
2019-2020,CISSS de l'Outaouais,2,3,29.0
2019-2020,CISSS de l'Outaouais,2,4,20.0
2019-2020,CISSS de l'Outaouais,2,5,25.0
2019-2020,CISSS de l'Outaouais,2,6,2.0
2019-2020,CISSS de l'Outaouais,2,7,1.0
2019-2020,CISSS de l'Outaouais,2,9,219.0
2019-2020,CISSS de l'Outaouais,3,1,72.0
2019-2020,CISSS de l'Outaouais,3,2,119.0
2019-2020,CISSS de l'Outaouais,3,3,39.0
2019-2020,CISSS de l'Outaouais,3,4,34.0
2019-2020,CISSS de l'Outaouais,3,5,57.0
2019-2020,CISSS de l'Outaouais,3,6,13.0
2019-2020,CISSS de l'Outaouais,3,7,3.0
2019-2020,CISSS de l'Outaouais,3,9,337.0
2019-2020,CISSS de l'Outaouais,4,1,31.0
2019-2020,CISSS de l'Outaouais,4,2,23.0
2019-2020,CISSS de l'Outaouais,4,3,18.0
2019-2020,CISSS de l'Outaouais,4,4,16.0
2019-2020,CISSS de l'Outaouais,4,5,43.0
2019-2020,CISSS de l'Outaouais,4,6,19.0
2019-2020,CISSS de l'Outaouais,4,7,1.0
2019-2020,CISSS de l'Outaouais,4,9,151.0
2019-2020,CISSS de l'Outaouais,5,1,100.0
2019-2020,CISSS de l'Outaouais,5,2,106.0
2019-2020,CISSS de l'Outaouais,5,3,28.0
2019-2020,CISSS de l'Outaouais,5,4,14.0
2019-2020,CISSS de l'Outaouais,5,5,28.0
2019-2020,CISSS de l'Outaouais,5,6,1.0
2019-2020,CISSS de l'Outaouais,5,9,277.0
2019-2020,CISSS de l'Outaouais,6,1,131.0
2019-2020,CISSS de l'Outaouais,6,2,129.0
2019-2020,CISSS de l'Outaouais,6,3,46.0
2019-2020,CISSS de l'Outaouais,6,4,30.0
2019-2020,CISSS de l'Outaouais,6,5,71.0
2019-2020,CISSS de l'Outaouais,6,6,20.0
2019-2020,CISSS de l'Outaouais,6,7,1.0
2019-2020,CISSS de l'Outaouais,6,9,428.0
2019-2020,CISSS de l'Outaouais,7,1,6.0
2019-2020,CISSS de l'Outaouais,7,2,26.0
2019-2020,CISSS de l'Outaouais,7,3,26.0
2019-2020,CISSS de l'Outaouais,7,4,28.0
2019-2020,CISSS de l'Outaouais,7,5,72.0
2019-2020,CISSS de l'Outaouais,7,6,55.0
2019-2020,CISSS de l'Outaouais,7,7,6.0
2019-2020,CISSS de l'Outaouais,7,8,2.0
2019-2020,CISSS de l'Outaouais,7,9,221.0
2019-2020,CISSS de l'Outaouais,8,1,15.0
2019-2020,CISSS de l'Outaouais,8,2,123.0
2019-2020,CISSS de l'Outaouais,8,3,41.0
2019-2020,CISSS de l'Outaouais,8,4,19.0
2019-2020,CISSS de l'Outaouais,8,5,22.0
2019-2020,CISSS de l'Outaouais,8,6,3.0
2019-2020,CISSS de l'Outaouais,8,7,1.0
2019-2020,CISSS de l'Outaouais,8,9,224.0
2019-2020,CISSS de l'Outaouais,9,1,21.0
2019-2020,CISSS de l'Outaouais,9,2,149.0
2019-2020,CISSS de l'Outaouais,9,3,67.0
2019-2020,CISSS de l'Outaouais,9,4,47.0
2019-2020,CISSS de l'Outaouais,9,5,94.0
2019-2020,CISSS de l'Outaouais,9,6,58.0
2019-2020,CISSS de l'Outaouais,9,7,7.0
2019-2020,CISSS de l'Outaouais,9,8,2.0
2019-2020,CISSS de l'Outaouais,9,9,445.0
2019-2020,CISSS de la Côte-Nord,1,1,15.0
2019-2020,CISSS de la Côte-Nord,1,2,8.0
2019-2020,CISSS de la Côte-Nord,1,3,2.0
2019-2020,CISSS de la Côte-Nord,1,4,2.0
2019-2020,CISSS de la Côte-Nord,1,5,4.0
2019-2020,CISSS de la Côte-Nord,1,6,3.0
2019-2020,CISSS de la Côte-Nord,1,7,0.0
2019-2020,CISSS de la Côte-Nord,1,8,1.0
2019-2020,CISSS de la Côte-Nord,1,9,35.0
2019-2020,CISSS de la Côte-Nord,2,1,8.0
2019-2020,CISSS de la Côte-Nord,2,2,26.0
2019-2020,CISSS de la Côte-Nord,2,3,18.0
2019-2020,CISSS de la Côte-Nord,2,4,5.0
2019-2020,CISSS de la Côte-Nord,2,5,7.0
2019-2020,CISSS de la Côte-Nord,2,6,0.0
2019-2020,CISSS de la Côte-Nord,2,7,1.0
2019-2020,CISSS de la Côte-Nord,2,8,0.0
2019-2020,CISSS de la Côte-Nord,2,9,65.0
2019-2020,CISSS de la Côte-Nord,3,1,23.0
2019-2020,CISSS de la Côte-Nord,3,2,34.0
2019-2020,CISSS de la Côte-Nord,3,3,20.0
2019-2020,CISSS de la Côte-Nord,3,4,7.0
2019-2020,CISSS de la Côte-Nord,3,5,11.0
2019-2020,CISSS de la Côte-Nord,3,6,3.0
2019-2020,CISSS de la Côte-Nord,3,7,1.0
2019-2020,CISSS de la Côte-Nord,3,8,1.0
2019-2020,CISSS de la Côte-Nord,3,9,100.0
2019-2020,CISSS de la Côte-Nord,4,1,8.0
2019-2020,CISSS de la Côte-Nord,4,2,3.0
2019-2020,CISSS de la Côte-Nord,4,3,1.0
2019-2020,CISSS de la Côte-Nord,4,4,2.0
2019-2020,CISSS de la Côte-Nord,4,5,4.0
2019-2020,CISSS de la Côte-Nord,4,6,0.0
2019-2020,CISSS de la Côte-Nord,4,7,0.0
2019-2020,CISSS de la Côte-Nord,4,8,0.0
2019-2020,CISSS de la Côte-Nord,4,9,18.0
2019-2020,CISSS de la Côte-Nord,5,1,9.0
2019-2020,CISSS de la Côte-Nord,5,2,23.0
2019-2020,CISSS de la Côte-Nord,5,3,19.0
2019-2020,CISSS de la Côte-Nord,5,4,6.0
2019-2020,CISSS de la Côte-Nord,5,5,6.0
2019-2020,CISSS de la Côte-Nord,5,6,0.0
2019-2020,CISSS de la Côte-Nord,5,7,1.0
2019-2020,CISSS de la Côte-Nord,5,8,0.0
2019-2020,CISSS de la Côte-Nord,5,9,64.0
2019-2020,CISSS de la Côte-Nord,6,1,17.0
2019-2020,CISSS de la Côte-Nord,6,2,26.0
2019-2020,CISSS de la Côte-Nord,6,3,20.0
2019-2020,CISSS de la Côte-Nord,6,4,8.0
2019-2020,CISSS de la Côte-Nord,6,5,10.0
2019-2020,CISSS de la Côte-Nord,6,6,0.0
2019-2020,CISSS de la Côte-Nord,6,7,1.0
2019-2020,CISSS de la Côte-Nord,6,8,0.0
2019-2020,CISSS de la Côte-Nord,6,9,82.0
2019-2020,CISSS de la Côte-Nord,7,1,1.0
2019-2020,CISSS de la Côte-Nord,7,2,3.0
2019-2020,CISSS de la Côte-Nord,7,3,2.0
2019-2020,CISSS de la Côte-Nord,7,4,3.0
2019-2020,CISSS de la Côte-Nord,7,5,12.0
2019-2020,CISSS de la Côte-Nord,7,6,13.0
2019-2020,CISSS de la Côte-Nord,7,7,1.0
2019-2020,CISSS de la Côte-Nord,7,8,0.0
2019-2020,CISSS de la Côte-Nord,7,9,35.0
2019-2020,CISSS de la Côte-Nord,8,1,2.0
2019-2020,CISSS de la Côte-Nord,8,2,24.0
2019-2020,CISSS de la Côte-Nord,8,3,15.0
2019-2020,CISSS de la Côte-Nord,8,4,8.0
2019-2020,CISSS de la Côte-Nord,8,5,8.0
2019-2020,CISSS de la Côte-Nord,8,6,1.0
2019-2020,CISSS de la Côte-Nord,8,7,1.0
2019-2020,CISSS de la Côte-Nord,8,8,0.0
2019-2020,CISSS de la Côte-Nord,8,9,59.0
2019-2020,CISSS de la Côte-Nord,9,1,3.0
2019-2020,CISSS de la Côte-Nord,9,2,27.0
2019-2020,CISSS de la Côte-Nord,9,3,17.0
2019-2020,CISSS de la Côte-Nord,9,4,11.0
2019-2020,CISSS de la Côte-Nord,9,5,20.0
2019-2020,CISSS de la Côte-Nord,9,6,14.0
2019-2020,CISSS de la Côte-Nord,9,7,2.0
2019-2020,CISSS de la Côte-Nord,9,8,0.0
2019-2020,CISSS de la Côte-Nord,9,9,94.0
2019-2020,CISSS de la Gaspésie,1,1,1.0
2019-2020,CISSS de la Gaspésie,1,2,4.0
2019-2020,CISSS de la Gaspésie,1,3,9.0
2019-2020,CISSS de la Gaspésie,1,4,7.0
2019-2020,CISSS de la Gaspésie,1,5,8.0
2019-2020,CISSS de la Gaspésie,1,6,8.0
2019-2020,CISSS de la Gaspésie,1,7,3.0
2019-2020,CISSS de la Gaspésie,1,9,40.0
2019-2020,CISSS de la Gaspésie,2,1,13.0
2019-2020,CISSS de la Gaspésie,2,2,13.0
2019-2020,CISSS de la Gaspésie,2,3,17.0
2019-2020,CISSS de la Gaspésie,2,4,5.0
2019-2020,CISSS de la Gaspésie,2,5,10.0
2019-2020,CISSS de la Gaspésie,2,6,1.0
2019-2020,CISSS de la Gaspésie,2,9,59.0
2019-2020,CISSS de la Gaspésie,3,1,14.0
2019-2020,CISSS de la Gaspésie,3,2,17.0
2019-2020,CISSS de la Gaspésie,3,3,26.0
2019-2020,CISSS de la Gaspésie,3,4,12.0
2019-2020,CISSS de la Gaspésie,3,5,18.0
2019-2020,CISSS de la Gaspésie,3,6,9.0
2019-2020,CISSS de la Gaspésie,3,7,3.0
2019-2020,CISSS de la Gaspésie,3,9,99.0
2019-2020,CISSS de la Gaspésie,4,1,1.0
2019-2020,CISSS de la Gaspésie,4,2,7.0
2019-2020,CISSS de la Gaspésie,4,3,10.0
2019-2020,CISSS de la Gaspésie,4,4,7.0
2019-2020,CISSS de la Gaspésie,4,5,8.0
2019-2020,CISSS de la Gaspésie,4,6,16.0
2019-2020,CISSS de la Gaspésie,4,7,4.0
2019-2020,CISSS de la Gaspésie,4,8,2.0
2019-2020,CISSS de la Gaspésie,4,9,55.0
2019-2020,CISSS de la Gaspésie,5,1,11.0
2019-2020,CISSS de la Gaspésie,5,2,15.0
2019-2020,CISSS de la Gaspésie,5,3,13.0
2019-2020,CISSS de la Gaspésie,5,4,7.0
2019-2020,CISSS de la Gaspésie,5,5,7.0
2019-2020,CISSS de la Gaspésie,5,6,2.0
2019-2020,CISSS de la Gaspésie,5,9,55.0
2019-2020,CISSS de la Gaspésie,6,1,12.0
2019-2020,CISSS de la Gaspésie,6,2,22.0
2019-2020,CISSS de la Gaspésie,6,3,23.0
2019-2020,CISSS de la Gaspésie,6,4,14.0
2019-2020,CISSS de la Gaspésie,6,5,15.0
2019-2020,CISSS de la Gaspésie,6,6,18.0
2019-2020,CISSS de la Gaspésie,6,7,4.0
2019-2020,CISSS de la Gaspésie,6,8,2.0
2019-2020,CISSS de la Gaspésie,6,9,110.0
2019-2020,CISSS de la Gaspésie,7,2,3.0
2019-2020,CISSS de la Gaspésie,7,3,8.0
2019-2020,CISSS de la Gaspésie,7,4,10.0
2019-2020,CISSS de la Gaspésie,7,5,28.0
2019-2020,CISSS de la Gaspésie,7,6,53.0
2019-2020,CISSS de la Gaspésie,7,7,15.0
2019-2020,CISSS de la Gaspésie,7,8,7.0
2019-2020,CISSS de la Gaspésie,7,9,124.0
2019-2020,CISSS de la Gaspésie,8,1,4.0
2019-2020,CISSS de la Gaspésie,8,2,11.0
2019-2020,CISSS de la Gaspésie,8,3,11.0
2019-2020,CISSS de la Gaspésie,8,4,7.0
2019-2020,CISSS de la Gaspésie,8,5,13.0
2019-2020,CISSS de la Gaspésie,8,6,3.0
2019-2020,CISSS de la Gaspésie,8,7,1.0
2019-2020,CISSS de la Gaspésie,8,8,1.0
2019-2020,CISSS de la Gaspésie,8,9,51.0
2019-2020,CISSS de la Gaspésie,9,1,4.0
2019-2020,CISSS de la Gaspésie,9,2,14.0
2019-2020,CISSS de la Gaspésie,9,3,19.0
2019-2020,CISSS de la Gaspésie,9,4,17.0
2019-2020,CISSS de la Gaspésie,9,5,41.0
2019-2020,CISSS de la Gaspésie,9,6,56.0
2019-2020,CISSS de la Gaspésie,9,7,16.0
2019-2020,CISSS de la Gaspésie,9,8,8.0
2019-2020,CISSS de la Gaspésie,9,9,175.0
2019-2020,CISSS des Laurentides,1,1,26.0
2019-2020,CISSS des Laurentides,1,2,30.0
2019-2020,CISSS des Laurentides,1,3,22.0
2019-2020,CISSS des Laurentides,1,4,33.0
2019-2020,CISSS des Laurentides,1,5,43.0
2019-2020,CISSS des Laurentides,1,6,25.0
2019-2020,CISSS des Laurentides,1,7,1.0
2019-2020,CISSS des Laurentides,1,8,4.0
2019-2020,CISSS des Laurentides,1,9,184.0
2019-2020,CISSS des Laurentides,2,1,84.0
2019-2020,CISSS des Laurentides,2,2,158.0
2019-2020,CISSS des Laurentides,2,3,58.0
2019-2020,CISSS des Laurentides,2,4,19.0
2019-2020,CISSS des Laurentides,2,5,25.0
2019-2020,CISSS des Laurentides,2,6,2.0
2019-2020,CISSS des Laurentides,2,7,0.0
2019-2020,CISSS des Laurentides,2,8,0.0
2019-2020,CISSS des Laurentides,2,9,346.0
2019-2020,CISSS des Laurentides,3,1,110.0
2019-2020,CISSS des Laurentides,3,2,188.0
2019-2020,CISSS des Laurentides,3,3,80.0
2019-2020,CISSS des Laurentides,3,4,52.0
2019-2020,CISSS des Laurentides,3,5,68.0
2019-2020,CISSS des Laurentides,3,6,27.0
2019-2020,CISSS des Laurentides,3,7,1.0
2019-2020,CISSS des Laurentides,3,8,4.0
2019-2020,CISSS des Laurentides,3,9,530.0
2019-2020,CISSS des Laurentides,4,1,23.0
2019-2020,CISSS des Laurentides,4,2,36.0
2019-2020,CISSS des Laurentides,4,3,22.0
2019-2020,CISSS des Laurentides,4,4,25.0
2019-2020,CISSS des Laurentides,4,5,29.0
2019-2020,CISSS des Laurentides,4,6,21.0
2019-2020,CISSS des Laurentides,4,7,0.0
2019-2020,CISSS des Laurentides,4,8,2.0
2019-2020,CISSS des Laurentides,4,9,158.0
2019-2020,CISSS des Laurentides,5,1,86.0
2019-2020,CISSS des Laurentides,5,2,175.0
2019-2020,CISSS des Laurentides,5,3,59.0
2019-2020,CISSS des Laurentides,5,4,20.0
2019-2020,CISSS des Laurentides,5,5,19.0
2019-2020,CISSS des Laurentides,5,6,0.0
2019-2020,CISSS des Laurentides,5,7,0.0
2019-2020,CISSS des Laurentides,5,8,0.0
2019-2020,CISSS des Laurentides,5,9,359.0
2019-2020,CISSS des Laurentides,6,1,109.0
2019-2020,CISSS des Laurentides,6,2,211.0
2019-2020,CISSS des Laurentides,6,3,81.0
2019-2020,CISSS des Laurentides,6,4,45.0
2019-2020,CISSS des Laurentides,6,5,48.0
2019-2020,CISSS des Laurentides,6,6,21.0
2019-2020,CISSS des Laurentides,6,7,0.0
2019-2020,CISSS des Laurentides,6,8,2.0
2019-2020,CISSS des Laurentides,6,9,517.0
2019-2020,CISSS des Laurentides,7,1,10.0
2019-2020,CISSS des Laurentides,7,2,58.0
2019-2020,CISSS des Laurentides,7,3,22.0
2019-2020,CISSS des Laurentides,7,4,29.0
2019-2020,CISSS des Laurentides,7,5,62.0
2019-2020,CISSS des Laurentides,7,6,50.0
2019-2020,CISSS des Laurentides,7,7,17.0
2019-2020,CISSS des Laurentides,7,8,4.0
2019-2020,CISSS des Laurentides,7,9,252.0
2019-2020,CISSS des Laurentides,8,1,19.0
2019-2020,CISSS des Laurentides,8,2,205.0
2019-2020,CISSS des Laurentides,8,3,85.0
2019-2020,CISSS des Laurentides,8,4,22.0
2019-2020,CISSS des Laurentides,8,5,28.0
2019-2020,CISSS des Laurentides,8,6,4.0
2019-2020,CISSS des Laurentides,8,7,1.0
2019-2020,CISSS des Laurentides,8,8,0.0
2019-2020,CISSS des Laurentides,8,9,364.0
2019-2020,CISSS des Laurentides,9,1,29.0
2019-2020,CISSS des Laurentides,9,2,263.0
2019-2020,CISSS des Laurentides,9,3,107.0
2019-2020,CISSS des Laurentides,9,4,51.0
2019-2020,CISSS des Laurentides,9,5,90.0
2019-2020,CISSS des Laurentides,9,6,54.0
2019-2020,CISSS des Laurentides,9,7,18.0
2019-2020,CISSS des Laurentides,9,8,4.0
2019-2020,CISSS des Laurentides,9,9,616.0
2019-2020,CISSS du Bas-Saint-Laurent,1,1,33.0
2019-2020,CISSS du Bas-Saint-Laurent,1,2,7.0
2019-2020,CISSS du Bas-Saint-Laurent,1,3,6.0
2019-2020,CISSS du Bas-Saint-Laurent,1,4,21.0
2019-2020,CISSS du Bas-Saint-Laurent,1,5,35.0
2019-2020,CISSS du Bas-Saint-Laurent,1,6,37.0
2019-2020,CISSS du Bas-Saint-Laurent,1,7,5.0
2019-2020,CISSS du Bas-Saint-Laurent,1,8,4.0
2019-2020,CISSS du Bas-Saint-Laurent,1,9,148.0
2019-2020,CISSS du Bas-Saint-Laurent,2,1,18.0
2019-2020,CISSS du Bas-Saint-Laurent,2,2,23.0
2019-2020,CISSS du Bas-Saint-Laurent,2,3,25.0
2019-2020,CISSS du Bas-Saint-Laurent,2,4,15.0
2019-2020,CISSS du Bas-Saint-Laurent,2,5,11.0
2019-2020,CISSS du Bas-Saint-Laurent,2,6,2.0
2019-2020,CISSS du Bas-Saint-Laurent,2,7,2.0
2019-2020,CISSS du Bas-Saint-Laurent,2,8,0.0
2019-2020,CISSS du Bas-Saint-Laurent,2,9,96.0
2019-2020,CISSS du Bas-Saint-Laurent,3,1,51.0
2019-2020,CISSS du Bas-Saint-Laurent,3,2,30.0
2019-2020,CISSS du Bas-Saint-Laurent,3,3,31.0
2019-2020,CISSS du Bas-Saint-Laurent,3,4,36.0
2019-2020,CISSS du Bas-Saint-Laurent,3,5,46.0
2019-2020,CISSS du Bas-Saint-Laurent,3,6,39.0
2019-2020,CISSS du Bas-Saint-Laurent,3,7,7.0
2019-2020,CISSS du Bas-Saint-Laurent,3,8,4.0
2019-2020,CISSS du Bas-Saint-Laurent,3,9,244.0
2019-2020,CISSS du Bas-Saint-Laurent,4,1,20.0
2019-2020,CISSS du Bas-Saint-Laurent,4,2,4.0
2019-2020,CISSS du Bas-Saint-Laurent,4,3,7.0
2019-2020,CISSS du Bas-Saint-Laurent,4,4,14.0
2019-2020,CISSS du Bas-Saint-Laurent,4,5,16.0
2019-2020,CISSS du Bas-Saint-Laurent,4,6,12.0
2019-2020,CISSS du Bas-Saint-Laurent,4,7,1.0
2019-2020,CISSS du Bas-Saint-Laurent,4,8,0.0
2019-2020,CISSS du Bas-Saint-Laurent,4,9,74.0
2019-2020,CISSS du Bas-Saint-Laurent,5,1,17.0
2019-2020,CISSS du Bas-Saint-Laurent,5,2,19.0
2019-2020,CISSS du Bas-Saint-Laurent,5,3,21.0
2019-2020,CISSS du Bas-Saint-Laurent,5,4,12.0
2019-2020,CISSS du Bas-Saint-Laurent,5,5,4.0
2019-2020,CISSS du Bas-Saint-Laurent,5,6,0.0
2019-2020,CISSS du Bas-Saint-Laurent,5,7,0.0
2019-2020,CISSS du Bas-Saint-Laurent,5,8,0.0
2019-2020,CISSS du Bas-Saint-Laurent,5,9,73.0
2019-2020,CISSS du Bas-Saint-Laurent,6,1,37.0
2019-2020,CISSS du Bas-Saint-Laurent,6,2,23.0
2019-2020,CISSS du Bas-Saint-Laurent,6,3,28.0
2019-2020,CISSS du Bas-Saint-Laurent,6,4,26.0
2019-2020,CISSS du Bas-Saint-Laurent,6,5,20.0
2019-2020,CISSS du Bas-Saint-Laurent,6,6,12.0
2019-2020,CISSS du Bas-Saint-Laurent,6,7,1.0
2019-2020,CISSS du Bas-Saint-Laurent,6,8,0.0
2019-2020,CISSS du Bas-Saint-Laurent,6,9,147.0
2019-2020,CISSS du Bas-Saint-Laurent,7,1,9.0
2019-2020,CISSS du Bas-Saint-Laurent,7,2,12.0
2019-2020,CISSS du Bas-Saint-Laurent,7,3,2.0
2019-2020,CISSS du Bas-Saint-Laurent,7,4,3.0
2019-2020,CISSS du Bas-Saint-Laurent,7,5,13.0
2019-2020,CISSS du Bas-Saint-Laurent,7,6,14.0
2019-2020,CISSS du Bas-Saint-Laurent,7,7,3.0
2019-2020,CISSS du Bas-Saint-Laurent,7,8,2.0
2019-2020,CISSS du Bas-Saint-Laurent,7,9,58.0
2019-2020,CISSS du Bas-Saint-Laurent,8,1,0.0
2019-2020,CISSS du Bas-Saint-Laurent,8,2,17.0
2019-2020,CISSS du Bas-Saint-Laurent,8,3,23.0
2019-2020,CISSS du Bas-Saint-Laurent,8,4,7.0
2019-2020,CISSS du Bas-Saint-Laurent,8,5,5.0
2019-2020,CISSS du Bas-Saint-Laurent,8,6,1.0
2019-2020,CISSS du Bas-Saint-Laurent,8,7,0.0
2019-2020,CISSS du Bas-Saint-Laurent,8,8,0.0
2019-2020,CISSS du Bas-Saint-Laurent,8,9,53.0
2019-2020,CISSS du Bas-Saint-Laurent,9,1,9.0
2019-2020,CISSS du Bas-Saint-Laurent,9,2,29.0
2019-2020,CISSS du Bas-Saint-Laurent,9,3,25.0
2019-2020,CISSS du Bas-Saint-Laurent,9,4,10.0
2019-2020,CISSS du Bas-Saint-Laurent,9,5,18.0
2019-2020,CISSS du Bas-Saint-Laurent,9,6,15.0
2019-2020,CISSS du Bas-Saint-Laurent,9,7,3.0
2019-2020,CISSS du Bas-Saint-Laurent,9,8,2.0
2019-2020,CISSS du Bas-Saint-Laurent,9,9,111.0
2019-2020,CIUSSS DU CENTRE-OUEST-DE-L'ÎLE-DE-MONTRÉAL,1,1,19.0
2019-2020,CIUSSS DU CENTRE-OUEST-DE-L'ÎLE-DE-MONTRÉAL,1,2,25.0
2019-2020,CIUSSS DU CENTRE-OUEST-DE-L'ÎLE-DE-MONTRÉAL,1,3,17.0
2019-2020,CIUSSS DU CENTRE-OUEST-DE-L'ÎLE-DE-MONTRÉAL,1,4,9.0
2019-2020,CIUSSS DU CENTRE-OUEST-DE-L'ÎLE-DE-MONTRÉAL,1,5,27.0
2019-2020,CIUSSS DU CENTRE-OUEST-DE-L'ÎLE-DE-MONTRÉAL,1,6,3.0
2019-2020,CIUSSS DU CENTRE-OUEST-DE-L'ÎLE-DE-MONTRÉAL,1,7,1.0
2019-2020,CIUSSS DU CENTRE-OUEST-DE-L'ÎLE-DE-MONTRÉAL,1,8,0.0
2019-2020,CIUSSS DU CENTRE-OUEST-DE-L'ÎLE-DE-MONTRÉAL,1,9,101.0
2019-2020,CIUSSS DU CENTRE-OUEST-DE-L'ÎLE-DE-MONTRÉAL,2,1,112.0
2019-2020,CIUSSS DU CENTRE-OUEST-DE-L'ÎLE-DE-MONTRÉAL,2,2,114.0
2019-2020,CIUSSS DU CENTRE-OUEST-DE-L'ÎLE-DE-MONTRÉAL,2,3,37.0
2019-2020,CIUSSS DU CENTRE-OUEST-DE-L'ÎLE-DE-MONTRÉAL,2,4,18.0
2019-2020,CIUSSS DU CENTRE-OUEST-DE-L'ÎLE-DE-MONTRÉAL,2,5,27.0
2019-2020,CIUSSS DU CENTRE-OUEST-DE-L'ÎLE-DE-MONTRÉAL,2,6,8.0
2019-2020,CIUSSS DU CENTRE-OUEST-DE-L'ÎLE-DE-MONTRÉAL,2,7,0.0
2019-2020,CIUSSS DU CENTRE-OUEST-DE-L'ÎLE-DE-MONTRÉAL,2,8,0.0
2019-2020,CIUSSS DU CENTRE-OUEST-DE-L'ÎLE-DE-MONTRÉAL,2,9,316.0
2019-2020,CIUSSS DU CENTRE-OUEST-DE-L'ÎLE-DE-MONTRÉAL,3,1,131.0
2019-2020,CIUSSS DU CENTRE-OUEST-DE-L'ÎLE-DE-MONTRÉAL,3,2,139.0
2019-2020,CIUSSS DU CENTRE-OUEST-DE-L'ÎLE-DE-MONTRÉAL,3,3,54.0
2019-2020,CIUSSS DU CENTRE-OUEST-DE-L'ÎLE-DE-MONTRÉAL,3,4,27.0
2019-2020,CIUSSS DU CENTRE-OUEST-DE-L'ÎLE-DE-MONTRÉAL,3,5,54.0
2019-2020,CIUSSS DU CENTRE-OUEST-DE-L'ÎLE-DE-MONTRÉAL,3,6,11.0
2019-2020,CIUSSS DU CENTRE-OUEST-DE-L'ÎLE-DE-MONTRÉAL,3,7,1.0
2019-2020,CIUSSS DU CENTRE-OUEST-DE-L'ÎLE-DE-MONTRÉAL,3,8,0.0
2019-2020,CIUSSS DU CENTRE-OUEST-DE-L'ÎLE-DE-MONTRÉAL,3,9,417.0
2019-2020,CIUSSS DU CENTRE-OUEST-DE-L'ÎLE-DE-MONTRÉAL,4,1,17.0
2019-2020,CIUSSS DU CENTRE-OUEST-DE-L'ÎLE-DE-MONTRÉAL,4,2,9.0
2019-2020,CIUSSS DU CENTRE-OUEST-DE-L'ÎLE-DE-MONTRÉAL,4,3,7.0
2019-2020,CIUSSS DU CENTRE-OUEST-DE-L'ÎLE-DE-MONTRÉAL,4,4,6.0
2019-2020,CIUSSS DU CENTRE-OUEST-DE-L'ÎLE-DE-MONTRÉAL,4,5,17.0
2019-2020,CIUSSS DU CENTRE-OUEST-DE-L'ÎLE-DE-MONTRÉAL,4,6,6.0
2019-2020,CIUSSS DU CENTRE-OUEST-DE-L'ÎLE-DE-MONTRÉAL,4,7,0.0
2019-2020,CIUSSS DU CENTRE-OUEST-DE-L'ÎLE-DE-MONTRÉAL,4,8,0.0
2019-2020,CIUSSS DU CENTRE-OUEST-DE-L'ÎLE-DE-MONTRÉAL,4,9,62.0
2019-2020,CIUSSS DU CENTRE-OUEST-DE-L'ÎLE-DE-MONTRÉAL,5,1,101.0
2019-2020,CIUSSS DU CENTRE-OUEST-DE-L'ÎLE-DE-MONTRÉAL,5,2,94.0
2019-2020,CIUSSS DU CENTRE-OUEST-DE-L'ÎLE-DE-MONTRÉAL,5,3,29.0
2019-2020,CIUSSS DU CENTRE-OUEST-DE-L'ÎLE-DE-MONTRÉAL,5,4,11.0
2019-2020,CIUSSS DU CENTRE-OUEST-DE-L'ÎLE-DE-MONTRÉAL,5,5,14.0
2019-2020,CIUSSS DU CENTRE-OUEST-DE-L'ÎLE-DE-MONTRÉAL,5,6,1.0
2019-2020,CIUSSS DU CENTRE-OUEST-DE-L'ÎLE-DE-MONTRÉAL,5,7,0.0
2019-2020,CIUSSS DU CENTRE-OUEST-DE-L'ÎLE-DE-MONTRÉAL,5,8,0.0
2019-2020,CIUSSS DU CENTRE-OUEST-DE-L'ÎLE-DE-MONTRÉAL,5,9,250.0
2019-2020,CIUSSS DU CENTRE-OUEST-DE-L'ÎLE-DE-MONTRÉAL,6,1,118.0
2019-2020,CIUSSS DU CENTRE-OUEST-DE-L'ÎLE-DE-MONTRÉAL,6,2,103.0
2019-2020,CIUSSS DU CENTRE-OUEST-DE-L'ÎLE-DE-MONTRÉAL,6,3,36.0
2019-2020,CIUSSS DU CENTRE-OUEST-DE-L'ÎLE-DE-MONTRÉAL,6,4,17.0
2019-2020,CIUSSS DU CENTRE-OUEST-DE-L'ÎLE-DE-MONTRÉAL,6,5,31.0
2019-2020,CIUSSS DU CENTRE-OUEST-DE-L'ÎLE-DE-MONTRÉAL,6,6,7.0
2019-2020,CIUSSS DU CENTRE-OUEST-DE-L'ÎLE-DE-MONTRÉAL,6,7,0.0
2019-2020,CIUSSS DU CENTRE-OUEST-DE-L'ÎLE-DE-MONTRÉAL,6,8,0.0
2019-2020,CIUSSS DU CENTRE-OUEST-DE-L'ÎLE-DE-MONTRÉAL,6,9,312.0
2019-2020,CIUSSS DU CENTRE-OUEST-DE-L'ÎLE-DE-MONTRÉAL,7,1,11.0
2019-2020,CIUSSS DU CENTRE-OUEST-DE-L'ÎLE-DE-MONTRÉAL,7,2,29.0
2019-2020,CIUSSS DU CENTRE-OUEST-DE-L'ÎLE-DE-MONTRÉAL,7,3,9.0
2019-2020,CIUSSS DU CENTRE-OUEST-DE-L'ÎLE-DE-MONTRÉAL,7,4,2.0
2019-2020,CIUSSS DU CENTRE-OUEST-DE-L'ÎLE-DE-MONTRÉAL,7,5,19.0
2019-2020,CIUSSS DU CENTRE-OUEST-DE-L'ÎLE-DE-MONTRÉAL,7,6,9.0
2019-2020,CIUSSS DU CENTRE-OUEST-DE-L'ÎLE-DE-MONTRÉAL,7,7,2.0
2019-2020,CIUSSS DU CENTRE-OUEST-DE-L'ÎLE-DE-MONTRÉAL,7,8,0.0
2019-2020,CIUSSS DU CENTRE-OUEST-DE-L'ÎLE-DE-MONTRÉAL,7,9,81.0
2019-2020,CIUSSS DU CENTRE-OUEST-DE-L'ÎLE-DE-MONTRÉAL,8,1,40.0
2019-2020,CIUSSS DU CENTRE-OUEST-DE-L'ÎLE-DE-MONTRÉAL,8,2,99.0
2019-2020,CIUSSS DU CENTRE-OUEST-DE-L'ÎLE-DE-MONTRÉAL,8,3,33.0
2019-2020,CIUSSS DU CENTRE-OUEST-DE-L'ÎLE-DE-MONTRÉAL,8,4,10.0
2019-2020,CIUSSS DU CENTRE-OUEST-DE-L'ÎLE-DE-MONTRÉAL,8,5,16.0
2019-2020,CIUSSS DU CENTRE-OUEST-DE-L'ÎLE-DE-MONTRÉAL,8,6,4.0
2019-2020,CIUSSS DU CENTRE-OUEST-DE-L'ÎLE-DE-MONTRÉAL,8,7,0.0
2019-2020,CIUSSS DU CENTRE-OUEST-DE-L'ÎLE-DE-MONTRÉAL,8,8,0.0
2019-2020,CIUSSS DU CENTRE-OUEST-DE-L'ÎLE-DE-MONTRÉAL,8,9,202.0
2019-2020,CIUSSS DU CENTRE-OUEST-DE-L'ÎLE-DE-MONTRÉAL,9,1,51.0
2019-2020,CIUSSS DU CENTRE-OUEST-DE-L'ÎLE-DE-MONTRÉAL,9,2,128.0
2019-2020,CIUSSS DU CENTRE-OUEST-DE-L'ÎLE-DE-MONTRÉAL,9,3,42.0
2019-2020,CIUSSS DU CENTRE-OUEST-DE-L'ÎLE-DE-MONTRÉAL,9,4,12.0
2019-2020,CIUSSS DU CENTRE-OUEST-DE-L'ÎLE-DE-MONTRÉAL,9,5,35.0
2019-2020,CIUSSS DU CENTRE-OUEST-DE-L'ÎLE-DE-MONTRÉAL,9,6,13.0
2019-2020,CIUSSS DU CENTRE-OUEST-DE-L'ÎLE-DE-MONTRÉAL,9,7,2.0
2019-2020,CIUSSS DU CENTRE-OUEST-DE-L'ÎLE-DE-MONTRÉAL,9,8,0.0
2019-2020,CIUSSS DU CENTRE-OUEST-DE-L'ÎLE-DE-MONTRÉAL,9,9,283.0
2019-2020,CIUSSS DU CENTRE-SUD-DE-L'ÎLE-DE-MONTRÉAL,1,1,87.0
2019-2020,CIUSSS DU CENTRE-SUD-DE-L'ÎLE-DE-MONTRÉAL,1,2,62.0
2019-2020,CIUSSS DU CENTRE-SUD-DE-L'ÎLE-DE-MONTRÉAL,1,3,57.0
2019-2020,CIUSSS DU CENTRE-SUD-DE-L'ÎLE-DE-MONTRÉAL,1,4,133.0
2019-2020,CIUSSS DU CENTRE-SUD-DE-L'ÎLE-DE-MONTRÉAL,1,5,122.0
2019-2020,CIUSSS DU CENTRE-SUD-DE-L'ÎLE-DE-MONTRÉAL,1,6,39.0
2019-2020,CIUSSS DU CENTRE-SUD-DE-L'ÎLE-DE-MONTRÉAL,1,7,1.0
2019-2020,CIUSSS DU CENTRE-SUD-DE-L'ÎLE-DE-MONTRÉAL,1,8,1.0
2019-2020,CIUSSS DU CENTRE-SUD-DE-L'ÎLE-DE-MONTRÉAL,1,9,502.0
2019-2020,CIUSSS DU CENTRE-SUD-DE-L'ÎLE-DE-MONTRÉAL,2,1,434.0
2019-2020,CIUSSS DU CENTRE-SUD-DE-L'ÎLE-DE-MONTRÉAL,2,2,196.0
2019-2020,CIUSSS DU CENTRE-SUD-DE-L'ÎLE-DE-MONTRÉAL,2,3,67.0
2019-2020,CIUSSS DU CENTRE-SUD-DE-L'ÎLE-DE-MONTRÉAL,2,4,43.0
2019-2020,CIUSSS DU CENTRE-SUD-DE-L'ÎLE-DE-MONTRÉAL,2,5,35.0
2019-2020,CIUSSS DU CENTRE-SUD-DE-L'ÎLE-DE-MONTRÉAL,2,6,6.0
2019-2020,CIUSSS DU CENTRE-SUD-DE-L'ÎLE-DE-MONTRÉAL,2,7,0.0
2019-2020,CIUSSS DU CENTRE-SUD-DE-L'ÎLE-DE-MONTRÉAL,2,8,0.0
2019-2020,CIUSSS DU CENTRE-SUD-DE-L'ÎLE-DE-MONTRÉAL,2,9,781.0
2019-2020,CIUSSS DU CENTRE-SUD-DE-L'ÎLE-DE-MONTRÉAL,3,1,521.0
2019-2020,CIUSSS DU CENTRE-SUD-DE-L'ÎLE-DE-MONTRÉAL,3,2,258.0
2019-2020,CIUSSS DU CENTRE-SUD-DE-L'ÎLE-DE-MONTRÉAL,3,3,124.0
2019-2020,CIUSSS DU CENTRE-SUD-DE-L'ÎLE-DE-MONTRÉAL,3,4,176.0
2019-2020,CIUSSS DU CENTRE-SUD-DE-L'ÎLE-DE-MONTRÉAL,3,5,157.0
2019-2020,CIUSSS DU CENTRE-SUD-DE-L'ÎLE-DE-MONTRÉAL,3,6,45.0
2019-2020,CIUSSS DU CENTRE-SUD-DE-L'ÎLE-DE-MONTRÉAL,3,7,1.0
2019-2020,CIUSSS DU CENTRE-SUD-DE-L'ÎLE-DE-MONTRÉAL,3,8,1.0
2019-2020,CIUSSS DU CENTRE-SUD-DE-L'ÎLE-DE-MONTRÉAL,3,9,1283.0
2019-2020,CIUSSS DU CENTRE-SUD-DE-L'ÎLE-DE-MONTRÉAL,4,1,73.0
2019-2020,CIUSSS DU CENTRE-SUD-DE-L'ÎLE-DE-MONTRÉAL,4,2,47.0
2019-2020,CIUSSS DU CENTRE-SUD-DE-L'ÎLE-DE-MONTRÉAL,4,3,29.0
2019-2020,CIUSSS DU CENTRE-SUD-DE-L'ÎLE-DE-MONTRÉAL,4,4,17.0
2019-2020,CIUSSS DU CENTRE-SUD-DE-L'ÎLE-DE-MONTRÉAL,4,5,45.0
2019-2020,CIUSSS DU CENTRE-SUD-DE-L'ÎLE-DE-MONTRÉAL,4,6,14.0
2019-2020,CIUSSS DU CENTRE-SUD-DE-L'ÎLE-DE-MONTRÉAL,4,7,0.0
2019-2020,CIUSSS DU CENTRE-SUD-DE-L'ÎLE-DE-MONTRÉAL,4,8,0.0
2019-2020,CIUSSS DU CENTRE-SUD-DE-L'ÎLE-DE-MONTRÉAL,4,9,225.0
2019-2020,CIUSSS DU CENTRE-SUD-DE-L'ÎLE-DE-MONTRÉAL,5,1,356.0
2019-2020,CIUSSS DU CENTRE-SUD-DE-L'ÎLE-DE-MONTRÉAL,5,2,173.0
2019-2020,CIUSSS DU CENTRE-SUD-DE-L'ÎLE-DE-MONTRÉAL,5,3,68.0
2019-2020,CIUSSS DU CENTRE-SUD-DE-L'ÎLE-DE-MONTRÉAL,5,4,30.0
2019-2020,CIUSSS DU CENTRE-SUD-DE-L'ÎLE-DE-MONTRÉAL,5,5,23.0
2019-2020,CIUSSS DU CENTRE-SUD-DE-L'ÎLE-DE-MONTRÉAL,5,6,5.0
2019-2020,CIUSSS DU CENTRE-SUD-DE-L'ÎLE-DE-MONTRÉAL,5,7,0.0
2019-2020,CIUSSS DU CENTRE-SUD-DE-L'ÎLE-DE-MONTRÉAL,5,8,0.0
2019-2020,CIUSSS DU CENTRE-SUD-DE-L'ÎLE-DE-MONTRÉAL,5,9,655.0
2019-2020,CIUSSS DU CENTRE-SUD-DE-L'ÎLE-DE-MONTRÉAL,6,1,429.0
2019-2020,CIUSSS DU CENTRE-SUD-DE-L'ÎLE-DE-MONTRÉAL,6,2,220.0
2019-2020,CIUSSS DU CENTRE-SUD-DE-L'ÎLE-DE-MONTRÉAL,6,3,97.0
2019-2020,CIUSSS DU CENTRE-SUD-DE-L'ÎLE-DE-MONTRÉAL,6,4,47.0
2019-2020,CIUSSS DU CENTRE-SUD-DE-L'ÎLE-DE-MONTRÉAL,6,5,68.0
2019-2020,CIUSSS DU CENTRE-SUD-DE-L'ÎLE-DE-MONTRÉAL,6,6,19.0
2019-2020,CIUSSS DU CENTRE-SUD-DE-L'ÎLE-DE-MONTRÉAL,6,7,0.0
2019-2020,CIUSSS DU CENTRE-SUD-DE-L'ÎLE-DE-MONTRÉAL,6,8,0.0
2019-2020,CIUSSS DU CENTRE-SUD-DE-L'ÎLE-DE-MONTRÉAL,6,9,880.0
2019-2020,CIUSSS DU CENTRE-SUD-DE-L'ÎLE-DE-MONTRÉAL,7,1,26.0
2019-2020,CIUSSS DU CENTRE-SUD-DE-L'ÎLE-DE-MONTRÉAL,7,2,78.0
2019-2020,CIUSSS DU CENTRE-SUD-DE-L'ÎLE-DE-MONTRÉAL,7,3,33.0
2019-2020,CIUSSS DU CENTRE-SUD-DE-L'ÎLE-DE-MONTRÉAL,7,4,47.0
2019-2020,CIUSSS DU CENTRE-SUD-DE-L'ÎLE-DE-MONTRÉAL,7,5,86.0
2019-2020,CIUSSS DU CENTRE-SUD-DE-L'ÎLE-DE-MONTRÉAL,7,6,75.0
2019-2020,CIUSSS DU CENTRE-SUD-DE-L'ÎLE-DE-MONTRÉAL,7,7,21.0
2019-2020,CIUSSS DU CENTRE-SUD-DE-L'ÎLE-DE-MONTRÉAL,7,8,4.0
2019-2020,CIUSSS DU CENTRE-SUD-DE-L'ÎLE-DE-MONTRÉAL,7,9,370.0
2019-2020,CIUSSS DU CENTRE-SUD-DE-L'ÎLE-DE-MONTRÉAL,8,1,93.0
2019-2020,CIUSSS DU CENTRE-SUD-DE-L'ÎLE-DE-MONTRÉAL,8,2,289.0
2019-2020,CIUSSS DU CENTRE-SUD-DE-L'ÎLE-DE-MONTRÉAL,8,3,55.0
2019-2020,CIUSSS DU CENTRE-SUD-DE-L'ÎLE-DE-MONTRÉAL,8,4,41.0
2019-2020,CIUSSS DU CENTRE-SUD-DE-L'ÎLE-DE-MONTRÉAL,8,5,24.0
2019-2020,CIUSSS DU CENTRE-SUD-DE-L'ÎLE-DE-MONTRÉAL,8,6,4.0
2019-2020,CIUSSS DU CENTRE-SUD-DE-L'ÎLE-DE-MONTRÉAL,8,7,0.0
2019-2020,CIUSSS DU CENTRE-SUD-DE-L'ÎLE-DE-MONTRÉAL,8,8,0.0
2019-2020,CIUSSS DU CENTRE-SUD-DE-L'ÎLE-DE-MONTRÉAL,8,9,506.0
2019-2020,CIUSSS DU CENTRE-SUD-DE-L'ÎLE-DE-MONTRÉAL,9,1,119.0
2019-2020,CIUSSS DU CENTRE-SUD-DE-L'ÎLE-DE-MONTRÉAL,9,2,367.0
2019-2020,CIUSSS DU CENTRE-SUD-DE-L'ÎLE-DE-MONTRÉAL,9,3,88.0
2019-2020,CIUSSS DU CENTRE-SUD-DE-L'ÎLE-DE-MONTRÉAL,9,4,88.0
2019-2020,CIUSSS DU CENTRE-SUD-DE-L'ÎLE-DE-MONTRÉAL,9,5,110.0
2019-2020,CIUSSS DU CENTRE-SUD-DE-L'ÎLE-DE-MONTRÉAL,9,6,79.0
2019-2020,CIUSSS DU CENTRE-SUD-DE-L'ÎLE-DE-MONTRÉAL,9,7,21.0
2019-2020,CIUSSS DU CENTRE-SUD-DE-L'ÎLE-DE-MONTRÉAL,9,8,4.0
2019-2020,CIUSSS DU CENTRE-SUD-DE-L'ÎLE-DE-MONTRÉAL,9,9,876.0
2019-2020,CIUSSS de l'Estrie  CHUS,1,1,11.0
2019-2020,CIUSSS de l'Estrie  CHUS,1,2,12.0
2019-2020,CIUSSS de l'Estrie  CHUS,1,3,13.0
2019-2020,CIUSSS de l'Estrie  CHUS,1,4,15.0
2019-2020,CIUSSS de l'Estrie  CHUS,1,5,27.0
2019-2020,CIUSSS de l'Estrie  CHUS,1,6,12.0
2019-2020,CIUSSS de l'Estrie  CHUS,1,7,2.0
2019-2020,CIUSSS de l'Estrie  CHUS,1,8,0.0
2019-2020,CIUSSS de l'Estrie  CHUS,1,9,92.0
2019-2020,CIUSSS de l'Estrie  CHUS,2,1,33.0
2019-2020,CIUSSS de l'Estrie  CHUS,2,2,69.0
2019-2020,CIUSSS de l'Estrie  CHUS,2,3,16.0
2019-2020,CIUSSS de l'Estrie  CHUS,2,4,11.0
2019-2020,CIUSSS de l'Estrie  CHUS,2,5,11.0
2019-2020,CIUSSS de l'Estrie  CHUS,2,6,2.0
2019-2020,CIUSSS de l'Estrie  CHUS,2,7,0.0
2019-2020,CIUSSS de l'Estrie  CHUS,2,8,0.0
2019-2020,CIUSSS de l'Estrie  CHUS,2,9,142.0
2019-2020,CIUSSS de l'Estrie  CHUS,3,1,44.0
2019-2020,CIUSSS de l'Estrie  CHUS,3,2,81.0
2019-2020,CIUSSS de l'Estrie  CHUS,3,3,29.0
2019-2020,CIUSSS de l'Estrie  CHUS,3,4,26.0
2019-2020,CIUSSS de l'Estrie  CHUS,3,5,38.0
2019-2020,CIUSSS de l'Estrie  CHUS,3,6,14.0
2019-2020,CIUSSS de l'Estrie  CHUS,3,7,2.0
2019-2020,CIUSSS de l'Estrie  CHUS,3,8,0.0
2019-2020,CIUSSS de l'Estrie  CHUS,3,9,234.0
2019-2020,CIUSSS de l'Estrie  CHUS,4,1,7.0
2019-2020,CIUSSS de l'Estrie  CHUS,4,2,8.0
2019-2020,CIUSSS de l'Estrie  CHUS,4,3,3.0
2019-2020,CIUSSS de l'Estrie  CHUS,4,4,9.0
2019-2020,CIUSSS de l'Estrie  CHUS,4,5,18.0
2019-2020,CIUSSS de l'Estrie  CHUS,4,6,5.0
2019-2020,CIUSSS de l'Estrie  CHUS,4,7,0.0
2019-2020,CIUSSS de l'Estrie  CHUS,4,8,0.0
2019-2020,CIUSSS de l'Estrie  CHUS,4,9,50.0
2019-2020,CIUSSS de l'Estrie  CHUS,5,1,29.0
2019-2020,CIUSSS de l'Estrie  CHUS,5,2,49.0
2019-2020,CIUSSS de l'Estrie  CHUS,5,3,8.0
2019-2020,CIUSSS de l'Estrie  CHUS,5,4,7.0
2019-2020,CIUSSS de l'Estrie  CHUS,5,5,8.0
2019-2020,CIUSSS de l'Estrie  CHUS,5,6,1.0
2019-2020,CIUSSS de l'Estrie  CHUS,5,7,0.0
2019-2020,CIUSSS de l'Estrie  CHUS,5,8,0.0
2019-2020,CIUSSS de l'Estrie  CHUS,5,9,102.0
2019-2020,CIUSSS de l'Estrie  CHUS,6,1,36.0
2019-2020,CIUSSS de l'Estrie  CHUS,6,2,57.0
2019-2020,CIUSSS de l'Estrie  CHUS,6,3,11.0
2019-2020,CIUSSS de l'Estrie  CHUS,6,4,16.0
2019-2020,CIUSSS de l'Estrie  CHUS,6,5,26.0
2019-2020,CIUSSS de l'Estrie  CHUS,6,6,6.0
2019-2020,CIUSSS de l'Estrie  CHUS,6,7,0.0
2019-2020,CIUSSS de l'Estrie  CHUS,6,8,0.0
2019-2020,CIUSSS de l'Estrie  CHUS,6,9,152.0
2019-2020,CIUSSS de l'Estrie  CHUS,7,1,20.0
2019-2020,CIUSSS de l'Estrie  CHUS,7,2,16.0
2019-2020,CIUSSS de l'Estrie  CHUS,7,3,12.0
2019-2020,CIUSSS de l'Estrie  CHUS,7,4,20.0
2019-2020,CIUSSS de l'Estrie  CHUS,7,5,47.0
2019-2020,CIUSSS de l'Estrie  CHUS,7,6,70.0
2019-2020,CIUSSS de l'Estrie  CHUS,7,7,47.0
2019-2020,CIUSSS de l'Estrie  CHUS,7,8,18.0
2019-2020,CIUSSS de l'Estrie  CHUS,7,9,250.0
2019-2020,CIUSSS de l'Estrie  CHUS,8,1,3.0
2019-2020,CIUSSS de l'Estrie  CHUS,8,2,28.0
2019-2020,CIUSSS de l'Estrie  CHUS,8,3,18.0
2019-2020,CIUSSS de l'Estrie  CHUS,8,4,6.0
2019-2020,CIUSSS de l'Estrie  CHUS,8,5,17.0
2019-2020,CIUSSS de l'Estrie  CHUS,8,6,4.0
2019-2020,CIUSSS de l'Estrie  CHUS,8,7,0.0
2019-2020,CIUSSS de l'Estrie  CHUS,8,8,0.0
2019-2020,CIUSSS de l'Estrie  CHUS,8,9,76.0
2019-2020,CIUSSS de l'Estrie  CHUS,9,1,23.0
2019-2020,CIUSSS de l'Estrie  CHUS,9,2,44.0
2019-2020,CIUSSS de l'Estrie  CHUS,9,3,30.0
2019-2020,CIUSSS de l'Estrie  CHUS,9,4,26.0
2019-2020,CIUSSS de l'Estrie  CHUS,9,5,64.0
2019-2020,CIUSSS de l'Estrie  CHUS,9,6,74.0
2019-2020,CIUSSS de l'Estrie  CHUS,9,7,47.0
2019-2020,CIUSSS de l'Estrie  CHUS,9,8,18.0
2019-2020,CIUSSS de l'Estrie  CHUS,9,9,326.0
2019-2020,CIUSSS de l'Ouest-de-l'Île-de-Montréal,1,1,14.0
2019-2020,CIUSSS de l'Ouest-de-l'Île-de-Montréal,1,2,17.0
2019-2020,CIUSSS de l'Ouest-de-l'Île-de-Montréal,1,3,14.0
2019-2020,CIUSSS de l'Ouest-de-l'Île-de-Montréal,1,4,7.0
2019-2020,CIUSSS de l'Ouest-de-l'Île-de-Montréal,1,5,20.0
2019-2020,CIUSSS de l'Ouest-de-l'Île-de-Montréal,1,6,3.0
2019-2020,CIUSSS de l'Ouest-de-l'Île-de-Montréal,1,7,0.0
2019-2020,CIUSSS de l'Ouest-de-l'Île-de-Montréal,1,8,0.0
2019-2020,CIUSSS de l'Ouest-de-l'Île-de-Montréal,1,9,75.0
2019-2020,CIUSSS de l'Ouest-de-l'Île-de-Montréal,2,1,83.0
2019-2020,CIUSSS de l'Ouest-de-l'Île-de-Montréal,2,2,101.0
2019-2020,CIUSSS de l'Ouest-de-l'Île-de-Montréal,2,3,39.0
2019-2020,CIUSSS de l'Ouest-de-l'Île-de-Montréal,2,4,19.0
2019-2020,CIUSSS de l'Ouest-de-l'Île-de-Montréal,2,5,12.0
2019-2020,CIUSSS de l'Ouest-de-l'Île-de-Montréal,2,6,2.0
2019-2020,CIUSSS de l'Ouest-de-l'Île-de-Montréal,2,7,0.0
2019-2020,CIUSSS de l'Ouest-de-l'Île-de-Montréal,2,8,0.0
2019-2020,CIUSSS de l'Ouest-de-l'Île-de-Montréal,2,9,256.0
2019-2020,CIUSSS de l'Ouest-de-l'Île-de-Montréal,3,1,97.0
2019-2020,CIUSSS de l'Ouest-de-l'Île-de-Montréal,3,2,118.0
2019-2020,CIUSSS de l'Ouest-de-l'Île-de-Montréal,3,3,53.0
2019-2020,CIUSSS de l'Ouest-de-l'Île-de-Montréal,3,4,26.0
2019-2020,CIUSSS de l'Ouest-de-l'Île-de-Montréal,3,5,32.0
2019-2020,CIUSSS de l'Ouest-de-l'Île-de-Montréal,3,6,5.0
2019-2020,CIUSSS de l'Ouest-de-l'Île-de-Montréal,3,7,0.0
2019-2020,CIUSSS de l'Ouest-de-l'Île-de-Montréal,3,8,0.0
2019-2020,CIUSSS de l'Ouest-de-l'Île-de-Montréal,3,9,331.0
2019-2020,CIUSSS de l'Ouest-de-l'Île-de-Montréal,4,1,12.0
2019-2020,CIUSSS de l'Ouest-de-l'Île-de-Montréal,4,2,9.0
2019-2020,CIUSSS de l'Ouest-de-l'Île-de-Montréal,4,3,8.0
2019-2020,CIUSSS de l'Ouest-de-l'Île-de-Montréal,4,4,8.0
2019-2020,CIUSSS de l'Ouest-de-l'Île-de-Montréal,4,5,19.0
2019-2020,CIUSSS de l'Ouest-de-l'Île-de-Montréal,4,6,3.0
2019-2020,CIUSSS de l'Ouest-de-l'Île-de-Montréal,4,7,0.0
2019-2020,CIUSSS de l'Ouest-de-l'Île-de-Montréal,4,8,0.0
2019-2020,CIUSSS de l'Ouest-de-l'Île-de-Montréal,4,9,59.0
2019-2020,CIUSSS de l'Ouest-de-l'Île-de-Montréal,5,1,64.0
2019-2020,CIUSSS de l'Ouest-de-l'Île-de-Montréal,5,2,84.0
2019-2020,CIUSSS de l'Ouest-de-l'Île-de-Montréal,5,3,25.0
2019-2020,CIUSSS de l'Ouest-de-l'Île-de-Montréal,5,4,8.0
2019-2020,CIUSSS de l'Ouest-de-l'Île-de-Montréal,5,5,14.0
2019-2020,CIUSSS de l'Ouest-de-l'Île-de-Montréal,5,6,2.0
2019-2020,CIUSSS de l'Ouest-de-l'Île-de-Montréal,5,7,0.0
2019-2020,CIUSSS de l'Ouest-de-l'Île-de-Montréal,5,8,0.0
2019-2020,CIUSSS de l'Ouest-de-l'Île-de-Montréal,5,9,197.0
2019-2020,CIUSSS de l'Ouest-de-l'Île-de-Montréal,6,1,76.0
2019-2020,CIUSSS de l'Ouest-de-l'Île-de-Montréal,6,2,93.0
2019-2020,CIUSSS de l'Ouest-de-l'Île-de-Montréal,6,3,33.0
2019-2020,CIUSSS de l'Ouest-de-l'Île-de-Montréal,6,4,16.0
2019-2020,CIUSSS de l'Ouest-de-l'Île-de-Montréal,6,5,33.0
2019-2020,CIUSSS de l'Ouest-de-l'Île-de-Montréal,6,6,5.0
2019-2020,CIUSSS de l'Ouest-de-l'Île-de-Montréal,6,7,0.0
2019-2020,CIUSSS de l'Ouest-de-l'Île-de-Montréal,6,8,0.0
2019-2020,CIUSSS de l'Ouest-de-l'Île-de-Montréal,6,9,256.0
2019-2020,CIUSSS de l'Ouest-de-l'Île-de-Montréal,7,1,5.0
2019-2020,CIUSSS de l'Ouest-de-l'Île-de-Montréal,7,2,34.0
2019-2020,CIUSSS de l'Ouest-de-l'Île-de-Montréal,7,3,14.0
2019-2020,CIUSSS de l'Ouest-de-l'Île-de-Montréal,7,4,7.0
2019-2020,CIUSSS de l'Ouest-de-l'Île-de-Montréal,7,5,48.0
2019-2020,CIUSSS de l'Ouest-de-l'Île-de-Montréal,7,6,18.0
2019-2020,CIUSSS de l'Ouest-de-l'Île-de-Montréal,7,7,2.0
2019-2020,CIUSSS de l'Ouest-de-l'Île-de-Montréal,7,8,1.0
2019-2020,CIUSSS de l'Ouest-de-l'Île-de-Montréal,7,9,129.0
2019-2020,CIUSSS de l'Ouest-de-l'Île-de-Montréal,8,1,21.0
2019-2020,CIUSSS de l'Ouest-de-l'Île-de-Montréal,8,2,125.0
2019-2020,CIUSSS de l'Ouest-de-l'Île-de-Montréal,8,3,61.0
2019-2020,CIUSSS de l'Ouest-de-l'Île-de-Montréal,8,4,22.0
2019-2020,CIUSSS de l'Ouest-de-l'Île-de-Montréal,8,5,28.0
2019-2020,CIUSSS de l'Ouest-de-l'Île-de-Montréal,8,6,2.0
2019-2020,CIUSSS de l'Ouest-de-l'Île-de-Montréal,8,7,1.0
2019-2020,CIUSSS de l'Ouest-de-l'Île-de-Montréal,8,8,0.0
2019-2020,CIUSSS de l'Ouest-de-l'Île-de-Montréal,8,9,260.0
2019-2020,CIUSSS de l'Ouest-de-l'Île-de-Montréal,9,1,26.0
2019-2020,CIUSSS de l'Ouest-de-l'Île-de-Montréal,9,2,159.0
2019-2020,CIUSSS de l'Ouest-de-l'Île-de-Montréal,9,3,75.0
2019-2020,CIUSSS de l'Ouest-de-l'Île-de-Montréal,9,4,29.0
2019-2020,CIUSSS de l'Ouest-de-l'Île-de-Montréal,9,5,76.0
2019-2020,CIUSSS de l'Ouest-de-l'Île-de-Montréal,9,6,20.0
2019-2020,CIUSSS de l'Ouest-de-l'Île-de-Montréal,9,7,3.0
2019-2020,CIUSSS de l'Ouest-de-l'Île-de-Montréal,9,8,1.0
2019-2020,CIUSSS de l'Ouest-de-l'Île-de-Montréal,9,9,389.0
2019-2020,CIUSSS de la Capitale-Nationale,1,1,0.0
2019-2020,CIUSSS de la Capitale-Nationale,1,2,19.0
2019-2020,CIUSSS de la Capitale-Nationale,1,3,23.0
2019-2020,CIUSSS de la Capitale-Nationale,1,4,18.0
2019-2020,CIUSSS de la Capitale-Nationale,1,5,40.0
2019-2020,CIUSSS de la Capitale-Nationale,1,6,36.0
2019-2020,CIUSSS de la Capitale-Nationale,1,7,7.0
2019-2020,CIUSSS de la Capitale-Nationale,1,8,5.0
2019-2020,CIUSSS de la Capitale-Nationale,1,9,148.0
2019-2020,CIUSSS de la Capitale-Nationale,2,1,85.0
2019-2020,CIUSSS de la Capitale-Nationale,2,2,207.0
2019-2020,CIUSSS de la Capitale-Nationale,2,3,100.0
2019-2020,CIUSSS de la Capitale-Nationale,2,4,40.0
2019-2020,CIUSSS de la Capitale-Nationale,2,5,30.0
2019-2020,CIUSSS de la Capitale-Nationale,2,6,5.0
2019-2020,CIUSSS de la Capitale-Nationale,2,7,0.0
2019-2020,CIUSSS de la Capitale-Nationale,2,8,0.0
2019-2020,CIUSSS de la Capitale-Nationale,2,9,467.0
2019-2020,CIUSSS de la Capitale-Nationale,3,1,85.0
2019-2020,CIUSSS de la Capitale-Nationale,3,2,226.0
2019-2020,CIUSSS de la Capitale-Nationale,3,3,123.0
2019-2020,CIUSSS de la Capitale-Nationale,3,4,58.0
2019-2020,CIUSSS de la Capitale-Nationale,3,5,70.0
2019-2020,CIUSSS de la Capitale-Nationale,3,6,41.0
2019-2020,CIUSSS de la Capitale-Nationale,3,7,7.0
2019-2020,CIUSSS de la Capitale-Nationale,3,8,5.0
2019-2020,CIUSSS de la Capitale-Nationale,3,9,615.0
2019-2020,CIUSSS de la Capitale-Nationale,4,1,0.0
2019-2020,CIUSSS de la Capitale-Nationale,4,2,11.0
2019-2020,CIUSSS de la Capitale-Nationale,4,3,10.0
2019-2020,CIUSSS de la Capitale-Nationale,4,4,14.0
2019-2020,CIUSSS de la Capitale-Nationale,4,5,20.0
2019-2020,CIUSSS de la Capitale-Nationale,4,6,29.0
2019-2020,CIUSSS de la Capitale-Nationale,4,7,5.0
2019-2020,CIUSSS de la Capitale-Nationale,4,8,1.0
2019-2020,CIUSSS de la Capitale-Nationale,4,9,90.0
2019-2020,CIUSSS de la Capitale-Nationale,5,1,81.0
2019-2020,CIUSSS de la Capitale-Nationale,5,2,169.0
2019-2020,CIUSSS de la Capitale-Nationale,5,3,119.0
2019-2020,CIUSSS de la Capitale-Nationale,5,4,30.0
2019-2020,CIUSSS de la Capitale-Nationale,5,5,35.0
2019-2020,CIUSSS de la Capitale-Nationale,5,6,5.0
2019-2020,CIUSSS de la Capitale-Nationale,5,7,0.0
2019-2020,CIUSSS de la Capitale-Nationale,5,8,0.0
2019-2020,CIUSSS de la Capitale-Nationale,5,9,439.0
2019-2020,CIUSSS de la Capitale-Nationale,6,1,81.0
2019-2020,CIUSSS de la Capitale-Nationale,6,2,180.0
2019-2020,CIUSSS de la Capitale-Nationale,6,3,129.0
2019-2020,CIUSSS de la Capitale-Nationale,6,4,44.0
2019-2020,CIUSSS de la Capitale-Nationale,6,5,55.0
2019-2020,CIUSSS de la Capitale-Nationale,6,6,34.0
2019-2020,CIUSSS de la Capitale-Nationale,6,7,5.0
2019-2020,CIUSSS de la Capitale-Nationale,6,8,1.0
2019-2020,CIUSSS de la Capitale-Nationale,6,9,529.0
2019-2020,CIUSSS de la Capitale-Nationale,7,1,0.0
2019-2020,CIUSSS de la Capitale-Nationale,7,2,50.0
2019-2020,CIUSSS de la Capitale-Nationale,7,3,61.0
2019-2020,CIUSSS de la Capitale-Nationale,7,4,49.0
2019-2020,CIUSSS de la Capitale-Nationale,7,5,157.0
2019-2020,CIUSSS de la Capitale-Nationale,7,6,174.0
2019-2020,CIUSSS de la Capitale-Nationale,7,7,90.0
2019-2020,CIUSSS de la Capitale-Nationale,7,8,39.0
2019-2020,CIUSSS de la Capitale-Nationale,7,9,620.0
2019-2020,CIUSSS de la Capitale-Nationale,8,1,13.0
2019-2020,CIUSSS de la Capitale-Nationale,8,2,447.0
2019-2020,CIUSSS de la Capitale-Nationale,8,3,362.0
2019-2020,CIUSSS de la Capitale-Nationale,8,4,163.0
2019-2020,CIUSSS de la Capitale-Nationale,8,5,169.0
2019-2020,CIUSSS de la Capitale-Nationale,8,6,27.0
2019-2020,CIUSSS de la Capitale-Nationale,8,7,5.0
2019-2020,CIUSSS de la Capitale-Nationale,8,8,1.0
2019-2020,CIUSSS de la Capitale-Nationale,8,9,1187.0
2019-2020,CIUSSS de la Capitale-Nationale,9,1,13.0
2019-2020,CIUSSS de la Capitale-Nationale,9,2,497.0
2019-2020,CIUSSS de la Capitale-Nationale,9,3,423.0
2019-2020,CIUSSS de la Capitale-Nationale,9,4,212.0
2019-2020,CIUSSS de la Capitale-Nationale,9,5,326.0
2019-2020,CIUSSS de la Capitale-Nationale,9,6,201.0
2019-2020,CIUSSS de la Capitale-Nationale,9,7,95.0
2019-2020,CIUSSS de la Capitale-Nationale,9,8,40.0
2019-2020,CIUSSS de la Capitale-Nationale,9,9,1807.0
2019-2020,CIUSSS de la Mauricie-et-du-Centre-du-Québec,1,1,27.0
2019-2020,CIUSSS de la Mauricie-et-du-Centre-du-Québec,1,2,32.0
2019-2020,CIUSSS de la Mauricie-et-du-Centre-du-Québec,1,3,37.0
2019-2020,CIUSSS de la Mauricie-et-du-Centre-du-Québec,1,4,42.0
2019-2020,CIUSSS de la Mauricie-et-du-Centre-du-Québec,1,5,88.0
2019-2020,CIUSSS de la Mauricie-et-du-Centre-du-Québec,1,6,73.0
2019-2020,CIUSSS de la Mauricie-et-du-Centre-du-Québec,1,7,32.0
2019-2020,CIUSSS de la Mauricie-et-du-Centre-du-Québec,1,8,9.0
2019-2020,CIUSSS de la Mauricie-et-du-Centre-du-Québec,1,9,340.0
2019-2020,CIUSSS de la Mauricie-et-du-Centre-du-Québec,2,1,71.0
2019-2020,CIUSSS de la Mauricie-et-du-Centre-du-Québec,2,2,127.0
2019-2020,CIUSSS de la Mauricie-et-du-Centre-du-Québec,2,3,95.0
2019-2020,CIUSSS de la Mauricie-et-du-Centre-du-Québec,2,4,28.0
2019-2020,CIUSSS de la Mauricie-et-du-Centre-du-Québec,2,5,40.0
2019-2020,CIUSSS de la Mauricie-et-du-Centre-du-Québec,2,6,4.0
2019-2020,CIUSSS de la Mauricie-et-du-Centre-du-Québec,2,9,365.0
2019-2020,CIUSSS de la Mauricie-et-du-Centre-du-Québec,3,1,98.0
2019-2020,CIUSSS de la Mauricie-et-du-Centre-du-Québec,3,2,159.0
2019-2020,CIUSSS de la Mauricie-et-du-Centre-du-Québec,3,3,132.0
2019-2020,CIUSSS de la Mauricie-et-du-Centre-du-Québec,3,4,70.0
2019-2020,CIUSSS de la Mauricie-et-du-Centre-du-Québec,3,5,128.0
2019-2020,CIUSSS de la Mauricie-et-du-Centre-du-Québec,3,6,77.0
2019-2020,CIUSSS de la Mauricie-et-du-Centre-du-Québec,3,7,32.0
2019-2020,CIUSSS de la Mauricie-et-du-Centre-du-Québec,3,8,9.0
2019-2020,CIUSSS de la Mauricie-et-du-Centre-du-Québec,3,9,705.0
2019-2020,CIUSSS de la Mauricie-et-du-Centre-du-Québec,4,1,26.0
2019-2020,CIUSSS de la Mauricie-et-du-Centre-du-Québec,4,2,31.0
2019-2020,CIUSSS de la Mauricie-et-du-Centre-du-Québec,4,3,31.0
2019-2020,CIUSSS de la Mauricie-et-du-Centre-du-Québec,4,4,31.0
2019-2020,CIUSSS de la Mauricie-et-du-Centre-du-Québec,4,5,63.0
2019-2020,CIUSSS de la Mauricie-et-du-Centre-du-Québec,4,6,53.0
2019-2020,CIUSSS de la Mauricie-et-du-Centre-du-Québec,4,7,19.0
2019-2020,CIUSSS de la Mauricie-et-du-Centre-du-Québec,4,8,4.0
2019-2020,CIUSSS de la Mauricie-et-du-Centre-du-Québec,4,9,258.0
2019-2020,CIUSSS de la Mauricie-et-du-Centre-du-Québec,5,1,68.0
2019-2020,CIUSSS de la Mauricie-et-du-Centre-du-Québec,5,2,123.0
2019-2020,CIUSSS de la Mauricie-et-du-Centre-du-Québec,5,3,72.0
2019-2020,CIUSSS de la Mauricie-et-du-Centre-du-Québec,5,4,21.0
2019-2020,CIUSSS de la Mauricie-et-du-Centre-du-Québec,5,5,38.0
2019-2020,CIUSSS de la Mauricie-et-du-Centre-du-Québec,5,6,5.0
2019-2020,CIUSSS de la Mauricie-et-du-Centre-du-Québec,5,9,327.0
2019-2020,CIUSSS de la Mauricie-et-du-Centre-du-Québec,6,1,94.0
2019-2020,CIUSSS de la Mauricie-et-du-Centre-du-Québec,6,2,154.0
2019-2020,CIUSSS de la Mauricie-et-du-Centre-du-Québec,6,3,103.0
2019-2020,CIUSSS de la Mauricie-et-du-Centre-du-Québec,6,4,52.0
2019-2020,CIUSSS de la Mauricie-et-du-Centre-du-Québec,6,5,101.0
2019-2020,CIUSSS de la Mauricie-et-du-Centre-du-Québec,6,6,58.0
2019-2020,CIUSSS de la Mauricie-et-du-Centre-du-Québec,6,7,19.0
2019-2020,CIUSSS de la Mauricie-et-du-Centre-du-Québec,6,8,4.0
2019-2020,CIUSSS de la Mauricie-et-du-Centre-du-Québec,6,9,585.0
2019-2020,CIUSSS de la Mauricie-et-du-Centre-du-Québec,7,1,5.0
2019-2020,CIUSSS de la Mauricie-et-du-Centre-du-Québec,7,2,41.0
2019-2020,CIUSSS de la Mauricie-et-du-Centre-du-Québec,7,3,33.0
2019-2020,CIUSSS de la Mauricie-et-du-Centre-du-Québec,7,4,29.0
2019-2020,CIUSSS de la Mauricie-et-du-Centre-du-Québec,7,5,66.0
2019-2020,CIUSSS de la Mauricie-et-du-Centre-du-Québec,7,6,80.0
2019-2020,CIUSSS de la Mauricie-et-du-Centre-du-Québec,7,7,47.0
2019-2020,CIUSSS de la Mauricie-et-du-Centre-du-Québec,7,8,18.0
2019-2020,CIUSSS de la Mauricie-et-du-Centre-du-Québec,7,9,319.0
2019-2020,CIUSSS de la Mauricie-et-du-Centre-du-Québec,8,1,6.0
2019-2020,CIUSSS de la Mauricie-et-du-Centre-du-Québec,8,2,125.0
2019-2020,CIUSSS de la Mauricie-et-du-Centre-du-Québec,8,3,81.0
2019-2020,CIUSSS de la Mauricie-et-du-Centre-du-Québec,8,4,22.0
2019-2020,CIUSSS de la Mauricie-et-du-Centre-du-Québec,8,5,37.0
2019-2020,CIUSSS de la Mauricie-et-du-Centre-du-Québec,8,6,9.0
2019-2020,CIUSSS de la Mauricie-et-du-Centre-du-Québec,8,7,2.0
2019-2020,CIUSSS de la Mauricie-et-du-Centre-du-Québec,8,9,282.0
2019-2020,CIUSSS de la Mauricie-et-du-Centre-du-Québec,9,1,11.0
2019-2020,CIUSSS de la Mauricie-et-du-Centre-du-Québec,9,2,166.0
2019-2020,CIUSSS de la Mauricie-et-du-Centre-du-Québec,9,3,114.0
2019-2020,CIUSSS de la Mauricie-et-du-Centre-du-Québec,9,4,51.0
2019-2020,CIUSSS de la Mauricie-et-du-Centre-du-Québec,9,5,103.0
2019-2020,CIUSSS de la Mauricie-et-du-Centre-du-Québec,9,6,89.0
2019-2020,CIUSSS de la Mauricie-et-du-Centre-du-Québec,9,7,49.0
2019-2020,CIUSSS de la Mauricie-et-du-Centre-du-Québec,9,8,18.0
2019-2020,CIUSSS de la Mauricie-et-du-Centre-du-Québec,9,9,601.0
2019-2020,CIUSSS du Saguenay  Lac-Saint-Jean,1,1,33.0
2019-2020,CIUSSS du Saguenay  Lac-Saint-Jean,1,2,5.0
2019-2020,CIUSSS du Saguenay  Lac-Saint-Jean,1,3,10.0
2019-2020,CIUSSS du Saguenay  Lac-Saint-Jean,1,4,13.0
2019-2020,CIUSSS du Saguenay  Lac-Saint-Jean,1,5,35.0
2019-2020,CIUSSS du Saguenay  Lac-Saint-Jean,1,6,14.0
2019-2020,CIUSSS du Saguenay  Lac-Saint-Jean,1,7,4.0
2019-2020,CIUSSS du Saguenay  Lac-Saint-Jean,1,8,1.0
2019-2020,CIUSSS du Saguenay  Lac-Saint-Jean,1,9,115.0
2019-2020,CIUSSS du Saguenay  Lac-Saint-Jean,2,1,30.0
2019-2020,CIUSSS du Saguenay  Lac-Saint-Jean,2,2,32.0
2019-2020,CIUSSS du Saguenay  Lac-Saint-Jean,2,3,15.0
2019-2020,CIUSSS du Saguenay  Lac-Saint-Jean,2,4,8.0
2019-2020,CIUSSS du Saguenay  Lac-Saint-Jean,2,5,12.0
2019-2020,CIUSSS du Saguenay  Lac-Saint-Jean,2,6,1.0
2019-2020,CIUSSS du Saguenay  Lac-Saint-Jean,2,7,0.0
2019-2020,CIUSSS du Saguenay  Lac-Saint-Jean,2,8,0.0
2019-2020,CIUSSS du Saguenay  Lac-Saint-Jean,2,9,98.0
2019-2020,CIUSSS du Saguenay  Lac-Saint-Jean,3,1,63.0
2019-2020,CIUSSS du Saguenay  Lac-Saint-Jean,3,2,37.0
2019-2020,CIUSSS du Saguenay  Lac-Saint-Jean,3,3,25.0
2019-2020,CIUSSS du Saguenay  Lac-Saint-Jean,3,4,21.0
2019-2020,CIUSSS du Saguenay  Lac-Saint-Jean,3,5,47.0
2019-2020,CIUSSS du Saguenay  Lac-Saint-Jean,3,6,15.0
2019-2020,CIUSSS du Saguenay  Lac-Saint-Jean,3,7,4.0
2019-2020,CIUSSS du Saguenay  Lac-Saint-Jean,3,8,1.0
2019-2020,CIUSSS du Saguenay  Lac-Saint-Jean,3,9,213.0
2019-2020,CIUSSS du Saguenay  Lac-Saint-Jean,4,1,29.0
2019-2020,CIUSSS du Saguenay  Lac-Saint-Jean,4,2,9.0
2019-2020,CIUSSS du Saguenay  Lac-Saint-Jean,4,3,9.0
2019-2020,CIUSSS du Saguenay  Lac-Saint-Jean,4,4,12.0
2019-2020,CIUSSS du Saguenay  Lac-Saint-Jean,4,5,24.0
2019-2020,CIUSSS du Saguenay  Lac-Saint-Jean,4,6,11.0
2019-2020,CIUSSS du Saguenay  Lac-Saint-Jean,4,7,4.0
2019-2020,CIUSSS du Saguenay  Lac-Saint-Jean,4,8,1.0
2019-2020,CIUSSS du Saguenay  Lac-Saint-Jean,4,9,99.0
2019-2020,CIUSSS du Saguenay  Lac-Saint-Jean,5,1,27.0
2019-2020,CIUSSS du Saguenay  Lac-Saint-Jean,5,2,35.0
2019-2020,CIUSSS du Saguenay  Lac-Saint-Jean,5,3,19.0
2019-2020,CIUSSS du Saguenay  Lac-Saint-Jean,5,4,8.0
2019-2020,CIUSSS du Saguenay  Lac-Saint-Jean,5,5,14.0
2019-2020,CIUSSS du Saguenay  Lac-Saint-Jean,5,6,0.0
2019-2020,CIUSSS du Saguenay  Lac-Saint-Jean,5,7,0.0
2019-2020,CIUSSS du Saguenay  Lac-Saint-Jean,5,8,0.0
2019-2020,CIUSSS du Saguenay  Lac-Saint-Jean,5,9,103.0
2019-2020,CIUSSS du Saguenay  Lac-Saint-Jean,6,1,56.0
2019-2020,CIUSSS du Saguenay  Lac-Saint-Jean,6,2,44.0
2019-2020,CIUSSS du Saguenay  Lac-Saint-Jean,6,3,28.0
2019-2020,CIUSSS du Saguenay  Lac-Saint-Jean,6,4,20.0
2019-2020,CIUSSS du Saguenay  Lac-Saint-Jean,6,5,38.0
2019-2020,CIUSSS du Saguenay  Lac-Saint-Jean,6,6,11.0
2019-2020,CIUSSS du Saguenay  Lac-Saint-Jean,6,7,4.0
2019-2020,CIUSSS du Saguenay  Lac-Saint-Jean,6,8,1.0
2019-2020,CIUSSS du Saguenay  Lac-Saint-Jean,6,9,202.0
2019-2020,CIUSSS du Saguenay  Lac-Saint-Jean,7,1,3.0
2019-2020,CIUSSS du Saguenay  Lac-Saint-Jean,7,2,31.0
2019-2020,CIUSSS du Saguenay  Lac-Saint-Jean,7,3,8.0
2019-2020,CIUSSS du Saguenay  Lac-Saint-Jean,7,4,8.0
2019-2020,CIUSSS du Saguenay  Lac-Saint-Jean,7,5,36.0
2019-2020,CIUSSS du Saguenay  Lac-Saint-Jean,7,6,20.0
2019-2020,CIUSSS du Saguenay  Lac-Saint-Jean,7,7,12.0
2019-2020,CIUSSS du Saguenay  Lac-Saint-Jean,7,8,4.0
2019-2020,CIUSSS du Saguenay  Lac-Saint-Jean,7,9,122.0
2019-2020,CIUSSS du Saguenay  Lac-Saint-Jean,8,1,1.0
2019-2020,CIUSSS du Saguenay  Lac-Saint-Jean,8,2,22.0
2019-2020,CIUSSS du Saguenay  Lac-Saint-Jean,8,3,14.0
2019-2020,CIUSSS du Saguenay  Lac-Saint-Jean,8,4,8.0
2019-2020,CIUSSS du Saguenay  Lac-Saint-Jean,8,5,5.0
2019-2020,CIUSSS du Saguenay  Lac-Saint-Jean,8,6,2.0
2019-2020,CIUSSS du Saguenay  Lac-Saint-Jean,8,7,0.0
2019-2020,CIUSSS du Saguenay  Lac-Saint-Jean,8,8,0.0
2019-2020,CIUSSS du Saguenay  Lac-Saint-Jean,8,9,52.0
2019-2020,CIUSSS du Saguenay  Lac-Saint-Jean,9,1,4.0
2019-2020,CIUSSS du Saguenay  Lac-Saint-Jean,9,2,53.0
2019-2020,CIUSSS du Saguenay  Lac-Saint-Jean,9,3,22.0
2019-2020,CIUSSS du Saguenay  Lac-Saint-Jean,9,4,16.0
2019-2020,CIUSSS du Saguenay  Lac-Saint-Jean,9,5,41.0
2019-2020,CIUSSS du Saguenay  Lac-Saint-Jean,9,6,22.0
2019-2020,CIUSSS du Saguenay  Lac-Saint-Jean,9,7,12.0
2019-2020,CIUSSS du Saguenay  Lac-Saint-Jean,9,8,4.0
2019-2020,CIUSSS du Saguenay  Lac-Saint-Jean,9,9,174.0
2020-2021,CISSS de Chaudière-Appalaches,1,1,32.0
2020-2021,CISSS de Chaudière-Appalaches,1,2,29.0
2020-2021,CISSS de Chaudière-Appalaches,1,3,32.0
2020-2021,CISSS de Chaudière-Appalaches,1,4,31.0
2020-2021,CISSS de Chaudière-Appalaches,1,5,50.0
2020-2021,CISSS de Chaudière-Appalaches,1,6,30.0
2020-2021,CISSS de Chaudière-Appalaches,1,7,8.0
2020-2021,CISSS de Chaudière-Appalaches,1,8,4.0
2020-2021,CISSS de Chaudière-Appalaches,1,9,216.0
2020-2021,CISSS de Chaudière-Appalaches,2,1,50.0
2020-2021,CISSS de Chaudière-Appalaches,2,2,120.0
2020-2021,CISSS de Chaudière-Appalaches,2,3,93.0
2020-2021,CISSS de Chaudière-Appalaches,2,4,23.0
2020-2021,CISSS de Chaudière-Appalaches,2,5,30.0
2020-2021,CISSS de Chaudière-Appalaches,2,6,8.0
2020-2021,CISSS de Chaudière-Appalaches,2,7,0.0
2020-2021,CISSS de Chaudière-Appalaches,2,8,0.0
2020-2021,CISSS de Chaudière-Appalaches,2,9,324.0
2020-2021,CISSS de Chaudière-Appalaches,3,1,82.0
2020-2021,CISSS de Chaudière-Appalaches,3,2,149.0
2020-2021,CISSS de Chaudière-Appalaches,3,3,125.0
2020-2021,CISSS de Chaudière-Appalaches,3,4,54.0
2020-2021,CISSS de Chaudière-Appalaches,3,5,80.0
2020-2021,CISSS de Chaudière-Appalaches,3,6,38.0
2020-2021,CISSS de Chaudière-Appalaches,3,7,8.0
2020-2021,CISSS de Chaudière-Appalaches,3,8,4.0
2020-2021,CISSS de Chaudière-Appalaches,3,9,540.0
2020-2021,CISSS de Chaudière-Appalaches,4,1,25.0
2020-2021,CISSS de Chaudière-Appalaches,4,2,27.0
2020-2021,CISSS de Chaudière-Appalaches,4,3,28.0
2020-2021,CISSS de Chaudière-Appalaches,4,4,40.0
2020-2021,CISSS de Chaudière-Appalaches,4,5,48.0
2020-2021,CISSS de Chaudière-Appalaches,4,6,29.0
2020-2021,CISSS de Chaudière-Appalaches,4,7,10.0
2020-2021,CISSS de Chaudière-Appalaches,4,8,4.0
2020-2021,CISSS de Chaudière-Appalaches,4,9,211.0
2020-2021,CISSS de Chaudière-Appalaches,5,1,52.0
2020-2021,CISSS de Chaudière-Appalaches,5,2,115.0
2020-2021,CISSS de Chaudière-Appalaches,5,3,68.0
2020-2021,CISSS de Chaudière-Appalaches,5,4,25.0
2020-2021,CISSS de Chaudière-Appalaches,5,5,29.0
2020-2021,CISSS de Chaudière-Appalaches,5,6,5.0
2020-2021,CISSS de Chaudière-Appalaches,5,7,0.0
2020-2021,CISSS de Chaudière-Appalaches,5,8,0.0
2020-2021,CISSS de Chaudière-Appalaches,5,9,294.0
2020-2021,CISSS de Chaudière-Appalaches,6,1,77.0
2020-2021,CISSS de Chaudière-Appalaches,6,2,142.0
2020-2021,CISSS de Chaudière-Appalaches,6,3,96.0
2020-2021,CISSS de Chaudière-Appalaches,6,4,65.0
2020-2021,CISSS de Chaudière-Appalaches,6,5,77.0
2020-2021,CISSS de Chaudière-Appalaches,6,6,34.0
2020-2021,CISSS de Chaudière-Appalaches,6,7,10.0
2020-2021,CISSS de Chaudière-Appalaches,6,8,4.0
2020-2021,CISSS de Chaudière-Appalaches,6,9,505.0
2020-2021,CISSS de Chaudière-Appalaches,7,1,5.0
2020-2021,CISSS de Chaudière-Appalaches,7,2,36.0
2020-2021,CISSS de Chaudière-Appalaches,7,3,22.0
2020-2021,CISSS de Chaudière-Appalaches,7,4,26.0
2020-2021,CISSS de Chaudière-Appalaches,7,5,64.0
2020-2021,CISSS de Chaudière-Appalaches,7,6,64.0
2020-2021,CISSS de Chaudière-Appalaches,7,7,27.0
2020-2021,CISSS de Chaudière-Appalaches,7,8,12.0
2020-2021,CISSS de Chaudière-Appalaches,7,9,256.0
2020-2021,CISSS de Chaudière-Appalaches,8,1,7.0
2020-2021,CISSS de Chaudière-Appalaches,8,2,117.0
2020-2021,CISSS de Chaudière-Appalaches,8,3,59.0
2020-2021,CISSS de Chaudière-Appalaches,8,4,24.0
2020-2021,CISSS de Chaudière-Appalaches,8,5,33.0
2020-2021,CISSS de Chaudière-Appalaches,8,6,7.0
2020-2021,CISSS de Chaudière-Appalaches,8,7,0.0
2020-2021,CISSS de Chaudière-Appalaches,8,8,0.0
2020-2021,CISSS de Chaudière-Appalaches,8,9,247.0
2020-2021,CISSS de Chaudière-Appalaches,9,1,12.0
2020-2021,CISSS de Chaudière-Appalaches,9,2,153.0
2020-2021,CISSS de Chaudière-Appalaches,9,3,81.0
2020-2021,CISSS de Chaudière-Appalaches,9,4,50.0
2020-2021,CISSS de Chaudière-Appalaches,9,5,97.0
2020-2021,CISSS de Chaudière-Appalaches,9,6,71.0
2020-2021,CISSS de Chaudière-Appalaches,9,7,27.0
2020-2021,CISSS de Chaudière-Appalaches,9,8,12.0
2020-2021,CISSS de Chaudière-Appalaches,9,9,503.0
2020-2021,CISSS de Lanaudière,1,1,25.0
2020-2021,CISSS de Lanaudière,1,2,21.0
2020-2021,CISSS de Lanaudière,1,3,21.0
2020-2021,CISSS de Lanaudière,1,4,16.0
2020-2021,CISSS de Lanaudière,1,5,49.0
2020-2021,CISSS de Lanaudière,1,6,18.0
2020-2021,CISSS de Lanaudière,1,7,4.0
2020-2021,CISSS de Lanaudière,1,8,1.0
2020-2021,CISSS de Lanaudière,1,9,155.0
2020-2021,CISSS de Lanaudière,2,1,175.0
2020-2021,CISSS de Lanaudière,2,2,250.0
2020-2021,CISSS de Lanaudière,2,3,103.0
2020-2021,CISSS de Lanaudière,2,4,20.0
2020-2021,CISSS de Lanaudière,2,5,18.0
2020-2021,CISSS de Lanaudière,2,6,5.0
2020-2021,CISSS de Lanaudière,2,7,0.0
2020-2021,CISSS de Lanaudière,2,8,1.0
2020-2021,CISSS de Lanaudière,2,9,572.0
2020-2021,CISSS de Lanaudière,3,1,200.0
2020-2021,CISSS de Lanaudière,3,2,271.0
2020-2021,CISSS de Lanaudière,3,3,124.0
2020-2021,CISSS de Lanaudière,3,4,36.0
2020-2021,CISSS de Lanaudière,3,5,67.0
2020-2021,CISSS de Lanaudière,3,6,23.0
2020-2021,CISSS de Lanaudière,3,7,4.0
2020-2021,CISSS de Lanaudière,3,8,2.0
2020-2021,CISSS de Lanaudière,3,9,727.0
2020-2021,CISSS de Lanaudière,4,1,28.0
2020-2021,CISSS de Lanaudière,4,2,29.0
2020-2021,CISSS de Lanaudière,4,3,17.0
2020-2021,CISSS de Lanaudière,4,4,22.0
2020-2021,CISSS de Lanaudière,4,5,62.0
2020-2021,CISSS de Lanaudière,4,6,42.0
2020-2021,CISSS de Lanaudière,4,7,7.0
2020-2021,CISSS de Lanaudière,4,8,2.0
2020-2021,CISSS de Lanaudière,4,9,209.0
2020-2021,CISSS de Lanaudière,5,1,177.0
2020-2021,CISSS de Lanaudière,5,2,226.0
2020-2021,CISSS de Lanaudière,5,3,76.0
2020-2021,CISSS de Lanaudière,5,4,29.0
2020-2021,CISSS de Lanaudière,5,5,31.0
2020-2021,CISSS de Lanaudière,5,6,2.0
2020-2021,CISSS de Lanaudière,5,8,1.0
2020-2021,CISSS de Lanaudière,5,9,542.0
2020-2021,CISSS de Lanaudière,6,1,205.0
2020-2021,CISSS de Lanaudière,6,2,255.0
2020-2021,CISSS de Lanaudière,6,3,93.0
2020-2021,CISSS de Lanaudière,6,4,51.0
2020-2021,CISSS de Lanaudière,6,5,93.0
2020-2021,CISSS de Lanaudière,6,6,44.0
2020-2021,CISSS de Lanaudière,6,7,7.0
2020-2021,CISSS de Lanaudière,6,8,3.0
2020-2021,CISSS de Lanaudière,6,9,751.0
2020-2021,CISSS de Lanaudière,7,1,22.0
2020-2021,CISSS de Lanaudière,7,2,41.0
2020-2021,CISSS de Lanaudière,7,3,18.0
2020-2021,CISSS de Lanaudière,7,4,33.0
2020-2021,CISSS de Lanaudière,7,5,73.0
2020-2021,CISSS de Lanaudière,7,6,46.0
2020-2021,CISSS de Lanaudière,7,7,9.0
2020-2021,CISSS de Lanaudière,7,8,4.0
2020-2021,CISSS de Lanaudière,7,9,246.0
2020-2021,CISSS de Lanaudière,8,1,32.0
2020-2021,CISSS de Lanaudière,8,2,298.0
2020-2021,CISSS de Lanaudière,8,3,89.0
2020-2021,CISSS de Lanaudière,8,4,44.0
2020-2021,CISSS de Lanaudière,8,5,37.0
2020-2021,CISSS de Lanaudière,8,6,4.0
2020-2021,CISSS de Lanaudière,8,8,1.0
2020-2021,CISSS de Lanaudière,8,9,505.0
2020-2021,CISSS de Lanaudière,9,1,54.0
2020-2021,CISSS de Lanaudière,9,2,339.0
2020-2021,CISSS de Lanaudière,9,3,107.0
2020-2021,CISSS de Lanaudière,9,4,77.0
2020-2021,CISSS de Lanaudière,9,5,110.0
2020-2021,CISSS de Lanaudière,9,6,50.0
2020-2021,CISSS de Lanaudière,9,7,9.0
2020-2021,CISSS de Lanaudière,9,8,5.0
2020-2021,CISSS de Lanaudière,9,9,751.0
2020-2021,CISSS de Laval,1,1,21.0
2020-2021,CISSS de Laval,1,2,15.0
2020-2021,CISSS de Laval,1,3,19.0
2020-2021,CISSS de Laval,1,4,8.0
2020-2021,CISSS de Laval,1,5,21.0
2020-2021,CISSS de Laval,1,6,7.0
2020-2021,CISSS de Laval,1,7,1.0
2020-2021,CISSS de Laval,1,8,0.0
2020-2021,CISSS de Laval,1,9,92.0
2020-2021,CISSS de Laval,2,1,85.0
2020-2021,CISSS de Laval,2,2,54.0
2020-2021,CISSS de Laval,2,3,36.0
2020-2021,CISSS de Laval,2,4,13.0
2020-2021,CISSS de Laval,2,5,7.0
2020-2021,CISSS de Laval,2,6,1.0
2020-2021,CISSS de Laval,2,7,0.0
2020-2021,CISSS de Laval,2,8,0.0
2020-2021,CISSS de Laval,2,9,196.0
2020-2021,CISSS de Laval,3,1,106.0
2020-2021,CISSS de Laval,3,2,69.0
2020-2021,CISSS de Laval,3,3,55.0
2020-2021,CISSS de Laval,3,4,21.0
2020-2021,CISSS de Laval,3,5,28.0
2020-2021,CISSS de Laval,3,6,8.0
2020-2021,CISSS de Laval,3,7,1.0
2020-2021,CISSS de Laval,3,8,0.0
2020-2021,CISSS de Laval,3,9,288.0
2020-2021,CISSS de Laval,4,1,17.0
2020-2021,CISSS de Laval,4,2,8.0
2020-2021,CISSS de Laval,4,3,16.0
2020-2021,CISSS de Laval,4,4,1.0
2020-2021,CISSS de Laval,4,5,7.0
2020-2021,CISSS de Laval,4,6,3.0
2020-2021,CISSS de Laval,4,7,3.0
2020-2021,CISSS de Laval,4,8,0.0
2020-2021,CISSS de Laval,4,9,55.0
2020-2021,CISSS de Laval,5,1,80.0
2020-2021,CISSS de Laval,5,2,56.0
2020-2021,CISSS de Laval,5,3,25.0
2020-2021,CISSS de Laval,5,4,6.0
2020-2021,CISSS de Laval,5,5,7.0
2020-2021,CISSS de Laval,5,6,0.0
2020-2021,CISSS de Laval,5,7,0.0
2020-2021,CISSS de Laval,5,8,0.0
2020-2021,CISSS de Laval,5,9,174.0
2020-2021,CISSS de Laval,6,1,97.0
2020-2021,CISSS de Laval,6,2,64.0
2020-2021,CISSS de Laval,6,3,41.0
2020-2021,CISSS de Laval,6,4,7.0
2020-2021,CISSS de Laval,6,5,14.0
2020-2021,CISSS de Laval,6,6,3.0
2020-2021,CISSS de Laval,6,7,3.0
2020-2021,CISSS de Laval,6,8,0.0
2020-2021,CISSS de Laval,6,9,229.0
2020-2021,CISSS de Laval,7,1,10.0
2020-2021,CISSS de Laval,7,2,20.0
2020-2021,CISSS de Laval,7,3,8.0
2020-2021,CISSS de Laval,7,4,12.0
2020-2021,CISSS de Laval,7,5,25.0
2020-2021,CISSS de Laval,7,6,10.0
2020-2021,CISSS de Laval,7,7,5.0
2020-2021,CISSS de Laval,7,8,1.0
2020-2021,CISSS de Laval,7,9,91.0
2020-2021,CISSS de Laval,8,1,12.0
2020-2021,CISSS de Laval,8,2,121.0
2020-2021,CISSS de Laval,8,3,30.0
2020-2021,CISSS de Laval,8,4,14.0
2020-2021,CISSS de Laval,8,5,12.0
2020-2021,CISSS de Laval,8,6,2.0
2020-2021,CISSS de Laval,8,7,0.0
2020-2021,CISSS de Laval,8,8,1.0
2020-2021,CISSS de Laval,8,9,192.0
2020-2021,CISSS de Laval,9,1,22.0
2020-2021,CISSS de Laval,9,2,141.0
2020-2021,CISSS de Laval,9,3,38.0
2020-2021,CISSS de Laval,9,4,26.0
2020-2021,CISSS de Laval,9,5,37.0
2020-2021,CISSS de Laval,9,6,12.0
2020-2021,CISSS de Laval,9,7,5.0
2020-2021,CISSS de Laval,9,8,2.0
2020-2021,CISSS de Laval,9,9,283.0
2020-2021,CISSS de l'Abitibi-Témiscamingue,1,1,10.0
2020-2021,CISSS de l'Abitibi-Témiscamingue,1,2,8.0
2020-2021,CISSS de l'Abitibi-Témiscamingue,1,3,8.0
2020-2021,CISSS de l'Abitibi-Témiscamingue,1,4,5.0
2020-2021,CISSS de l'Abitibi-Témiscamingue,1,5,18.0
2020-2021,CISSS de l'Abitibi-Témiscamingue,1,6,17.0
2020-2021,CISSS de l'Abitibi-Témiscamingue,1,7,4.0
2020-2021,CISSS de l'Abitibi-Témiscamingue,1,8,0.0
2020-2021,CISSS de l'Abitibi-Témiscamingue,1,9,70.0
2020-2021,CISSS de l'Abitibi-Témiscamingue,2,1,54.0
2020-2021,CISSS de l'Abitibi-Témiscamingue,2,2,30.0
2020-2021,CISSS de l'Abitibi-Témiscamingue,2,3,18.0
2020-2021,CISSS de l'Abitibi-Témiscamingue,2,4,7.0
2020-2021,CISSS de l'Abitibi-Témiscamingue,2,5,9.0
2020-2021,CISSS de l'Abitibi-Témiscamingue,2,6,1.0
2020-2021,CISSS de l'Abitibi-Témiscamingue,2,7,0.0
2020-2021,CISSS de l'Abitibi-Témiscamingue,2,8,0.0
2020-2021,CISSS de l'Abitibi-Témiscamingue,2,9,119.0
2020-2021,CISSS de l'Abitibi-Témiscamingue,3,1,64.0
2020-2021,CISSS de l'Abitibi-Témiscamingue,3,2,38.0
2020-2021,CISSS de l'Abitibi-Témiscamingue,3,3,26.0
2020-2021,CISSS de l'Abitibi-Témiscamingue,3,4,12.0
2020-2021,CISSS de l'Abitibi-Témiscamingue,3,5,27.0
2020-2021,CISSS de l'Abitibi-Témiscamingue,3,6,18.0
2020-2021,CISSS de l'Abitibi-Témiscamingue,3,7,4.0
2020-2021,CISSS de l'Abitibi-Témiscamingue,3,8,0.0
2020-2021,CISSS de l'Abitibi-Témiscamingue,3,9,189.0
2020-2021,CISSS de l'Abitibi-Témiscamingue,4,1,14.0
2020-2021,CISSS de l'Abitibi-Témiscamingue,4,2,15.0
2020-2021,CISSS de l'Abitibi-Témiscamingue,4,3,8.0
2020-2021,CISSS de l'Abitibi-Témiscamingue,4,4,3.0
2020-2021,CISSS de l'Abitibi-Témiscamingue,4,5,18.0
2020-2021,CISSS de l'Abitibi-Témiscamingue,4,6,7.0
2020-2021,CISSS de l'Abitibi-Témiscamingue,4,7,2.0
2020-2021,CISSS de l'Abitibi-Témiscamingue,4,8,0.0
2020-2021,CISSS de l'Abitibi-Témiscamingue,4,9,67.0
2020-2021,CISSS de l'Abitibi-Témiscamingue,5,1,40.0
2020-2021,CISSS de l'Abitibi-Témiscamingue,5,2,39.0
2020-2021,CISSS de l'Abitibi-Témiscamingue,5,3,24.0
2020-2021,CISSS de l'Abitibi-Témiscamingue,5,4,4.0
2020-2021,CISSS de l'Abitibi-Témiscamingue,5,5,10.0
2020-2021,CISSS de l'Abitibi-Témiscamingue,5,6,0.0
2020-2021,CISSS de l'Abitibi-Témiscamingue,5,7,0.0
2020-2021,CISSS de l'Abitibi-Témiscamingue,5,8,0.0
2020-2021,CISSS de l'Abitibi-Témiscamingue,5,9,117.0
2020-2021,CISSS de l'Abitibi-Témiscamingue,6,1,54.0
2020-2021,CISSS de l'Abitibi-Témiscamingue,6,2,54.0
2020-2021,CISSS de l'Abitibi-Témiscamingue,6,3,32.0
2020-2021,CISSS de l'Abitibi-Témiscamingue,6,4,7.0
2020-2021,CISSS de l'Abitibi-Témiscamingue,6,5,28.0
2020-2021,CISSS de l'Abitibi-Témiscamingue,6,6,7.0
2020-2021,CISSS de l'Abitibi-Témiscamingue,6,7,2.0
2020-2021,CISSS de l'Abitibi-Témiscamingue,6,8,0.0
2020-2021,CISSS de l'Abitibi-Témiscamingue,6,9,184.0
2020-2021,CISSS de l'Abitibi-Témiscamingue,7,1,4.0
2020-2021,CISSS de l'Abitibi-Témiscamingue,7,2,18.0
2020-2021,CISSS de l'Abitibi-Témiscamingue,7,3,9.0
2020-2021,CISSS de l'Abitibi-Témiscamingue,7,4,4.0
2020-2021,CISSS de l'Abitibi-Témiscamingue,7,5,24.0
2020-2021,CISSS de l'Abitibi-Témiscamingue,7,6,18.0
2020-2021,CISSS de l'Abitibi-Témiscamingue,7,7,5.0
2020-2021,CISSS de l'Abitibi-Témiscamingue,7,8,0.0
2020-2021,CISSS de l'Abitibi-Témiscamingue,7,9,82.0
2020-2021,CISSS de l'Abitibi-Témiscamingue,8,1,6.0
2020-2021,CISSS de l'Abitibi-Témiscamingue,8,2,31.0
2020-2021,CISSS de l'Abitibi-Témiscamingue,8,3,23.0
2020-2021,CISSS de l'Abitibi-Témiscamingue,8,4,6.0
2020-2021,CISSS de l'Abitibi-Témiscamingue,8,5,12.0
2020-2021,CISSS de l'Abitibi-Témiscamingue,8,6,3.0
2020-2021,CISSS de l'Abitibi-Témiscamingue,8,7,0.0
2020-2021,CISSS de l'Abitibi-Témiscamingue,8,8,0.0
2020-2021,CISSS de l'Abitibi-Témiscamingue,8,9,81.0
2020-2021,CISSS de l'Abitibi-Témiscamingue,9,1,10.0
2020-2021,CISSS de l'Abitibi-Témiscamingue,9,2,49.0
2020-2021,CISSS de l'Abitibi-Témiscamingue,9,3,32.0
2020-2021,CISSS de l'Abitibi-Témiscamingue,9,4,10.0
2020-2021,CISSS de l'Abitibi-Témiscamingue,9,5,36.0
2020-2021,CISSS de l'Abitibi-Témiscamingue,9,6,21.0
2020-2021,CISSS de l'Abitibi-Témiscamingue,9,7,5.0
2020-2021,CISSS de l'Abitibi-Témiscamingue,9,8,0.0
2020-2021,CISSS de l'Abitibi-Témiscamingue,9,9,163.0
2020-2021,CISSS de l'Outaouais,1,1,29.0
2020-2021,CISSS de l'Outaouais,1,2,18.0
2020-2021,CISSS de l'Outaouais,1,3,22.0
2020-2021,CISSS de l'Outaouais,1,4,20.0
2020-2021,CISSS de l'Outaouais,1,5,38.0
2020-2021,CISSS de l'Outaouais,1,6,18.0
2020-2021,CISSS de l'Outaouais,1,7,2.0
2020-2021,CISSS de l'Outaouais,1,9,147.0
2020-2021,CISSS de l'Outaouais,2,1,116.0
2020-2021,CISSS de l'Outaouais,2,2,109.0
2020-2021,CISSS de l'Outaouais,2,3,46.0
2020-2021,CISSS de l'Outaouais,2,4,19.0
2020-2021,CISSS de l'Outaouais,2,5,19.0
2020-2021,CISSS de l'Outaouais,2,6,6.0
2020-2021,CISSS de l'Outaouais,2,9,315.0
2020-2021,CISSS de l'Outaouais,3,1,145.0
2020-2021,CISSS de l'Outaouais,3,2,127.0
2020-2021,CISSS de l'Outaouais,3,3,68.0
2020-2021,CISSS de l'Outaouais,3,4,39.0
2020-2021,CISSS de l'Outaouais,3,5,57.0
2020-2021,CISSS de l'Outaouais,3,6,24.0
2020-2021,CISSS de l'Outaouais,3,7,2.0
2020-2021,CISSS de l'Outaouais,3,9,462.0
2020-2021,CISSS de l'Outaouais,4,1,35.0
2020-2021,CISSS de l'Outaouais,4,2,30.0
2020-2021,CISSS de l'Outaouais,4,3,15.0
2020-2021,CISSS de l'Outaouais,4,4,24.0
2020-2021,CISSS de l'Outaouais,4,5,52.0
2020-2021,CISSS de l'Outaouais,4,6,18.0
2020-2021,CISSS de l'Outaouais,4,7,3.0
2020-2021,CISSS de l'Outaouais,4,9,177.0
2020-2021,CISSS de l'Outaouais,5,1,103.0
2020-2021,CISSS de l'Outaouais,5,2,133.0
2020-2021,CISSS de l'Outaouais,5,3,47.0
2020-2021,CISSS de l'Outaouais,5,4,17.0
2020-2021,CISSS de l'Outaouais,5,5,19.0
2020-2021,CISSS de l'Outaouais,5,6,3.0
2020-2021,CISSS de l'Outaouais,5,9,322.0
2020-2021,CISSS de l'Outaouais,6,1,138.0
2020-2021,CISSS de l'Outaouais,6,2,163.0
2020-2021,CISSS de l'Outaouais,6,3,62.0
2020-2021,CISSS de l'Outaouais,6,4,41.0
2020-2021,CISSS de l'Outaouais,6,5,71.0
2020-2021,CISSS de l'Outaouais,6,6,21.0
2020-2021,CISSS de l'Outaouais,6,7,3.0
2020-2021,CISSS de l'Outaouais,6,9,499.0
2020-2021,CISSS de l'Outaouais,7,1,5.0
2020-2021,CISSS de l'Outaouais,7,2,32.0
2020-2021,CISSS de l'Outaouais,7,3,23.0
2020-2021,CISSS de l'Outaouais,7,4,16.0
2020-2021,CISSS de l'Outaouais,7,5,58.0
2020-2021,CISSS de l'Outaouais,7,6,44.0
2020-2021,CISSS de l'Outaouais,7,7,8.0
2020-2021,CISSS de l'Outaouais,7,9,186.0
2020-2021,CISSS de l'Outaouais,8,1,8.0
2020-2021,CISSS de l'Outaouais,8,2,171.0
2020-2021,CISSS de l'Outaouais,8,3,53.0
2020-2021,CISSS de l'Outaouais,8,4,18.0
2020-2021,CISSS de l'Outaouais,8,5,37.0
2020-2021,CISSS de l'Outaouais,8,6,3.0
2020-2021,CISSS de l'Outaouais,8,9,290.0
2020-2021,CISSS de l'Outaouais,9,1,13.0
2020-2021,CISSS de l'Outaouais,9,2,203.0
2020-2021,CISSS de l'Outaouais,9,3,76.0
2020-2021,CISSS de l'Outaouais,9,4,34.0
2020-2021,CISSS de l'Outaouais,9,5,95.0
2020-2021,CISSS de l'Outaouais,9,6,47.0
2020-2021,CISSS de l'Outaouais,9,7,8.0
2020-2021,CISSS de l'Outaouais,9,9,476.0
2020-2021,CISSS de la Côte-Nord,1,1,12.0
2020-2021,CISSS de la Côte-Nord,1,2,7.0
2020-2021,CISSS de la Côte-Nord,1,3,0.0
2020-2021,CISSS de la Côte-Nord,1,4,3.0
2020-2021,CISSS de la Côte-Nord,1,5,9.0
2020-2021,CISSS de la Côte-Nord,1,6,4.0
2020-2021,CISSS de la Côte-Nord,1,7,0.0
2020-2021,CISSS de la Côte-Nord,1,8,0.0
2020-2021,CISSS de la Côte-Nord,1,9,35.0
2020-2021,CISSS de la Côte-Nord,2,1,6.0
2020-2021,CISSS de la Côte-Nord,2,2,40.0
2020-2021,CISSS de la Côte-Nord,2,3,24.0
2020-2021,CISSS de la Côte-Nord,2,4,7.0
2020-2021,CISSS de la Côte-Nord,2,5,8.0
2020-2021,CISSS de la Côte-Nord,2,9,85.0
2020-2021,CISSS de la Côte-Nord,3,1,18.0
2020-2021,CISSS de la Côte-Nord,3,2,47.0
2020-2021,CISSS de la Côte-Nord,3,3,24.0
2020-2021,CISSS de la Côte-Nord,3,4,10.0
2020-2021,CISSS de la Côte-Nord,3,5,17.0
2020-2021,CISSS de la Côte-Nord,3,6,4.0
2020-2021,CISSS de la Côte-Nord,3,7,0.0
2020-2021,CISSS de la Côte-Nord,3,8,0.0
2020-2021,CISSS de la Côte-Nord,3,9,120.0
2020-2021,CISSS de la Côte-Nord,4,1,8.0
2020-2021,CISSS de la Côte-Nord,4,2,8.0
2020-2021,CISSS de la Côte-Nord,4,3,1.0
2020-2021,CISSS de la Côte-Nord,4,4,1.0
2020-2021,CISSS de la Côte-Nord,4,5,5.0
2020-2021,CISSS de la Côte-Nord,4,6,4.0
2020-2021,CISSS de la Côte-Nord,4,7,0.0
2020-2021,CISSS de la Côte-Nord,4,8,0.0
2020-2021,CISSS de la Côte-Nord,4,9,27.0
2020-2021,CISSS de la Côte-Nord,5,1,7.0
2020-2021,CISSS de la Côte-Nord,5,2,28.0
2020-2021,CISSS de la Côte-Nord,5,3,14.0
2020-2021,CISSS de la Côte-Nord,5,4,3.0
2020-2021,CISSS de la Côte-Nord,5,5,4.0
2020-2021,CISSS de la Côte-Nord,5,6,0.0
2020-2021,CISSS de la Côte-Nord,5,9,56.0
2020-2021,CISSS de la Côte-Nord,6,1,15.0
2020-2021,CISSS de la Côte-Nord,6,2,36.0
2020-2021,CISSS de la Côte-Nord,6,3,15.0
2020-2021,CISSS de la Côte-Nord,6,4,4.0
2020-2021,CISSS de la Côte-Nord,6,5,9.0
2020-2021,CISSS de la Côte-Nord,6,6,4.0
2020-2021,CISSS de la Côte-Nord,6,7,0.0
2020-2021,CISSS de la Côte-Nord,6,8,0.0
2020-2021,CISSS de la Côte-Nord,6,9,83.0
2020-2021,CISSS de la Côte-Nord,7,1,1.0
2020-2021,CISSS de la Côte-Nord,7,2,7.0
2020-2021,CISSS de la Côte-Nord,7,3,4.0
2020-2021,CISSS de la Côte-Nord,7,4,1.0
2020-2021,CISSS de la Côte-Nord,7,5,15.0
2020-2021,CISSS de la Côte-Nord,7,6,7.0
2020-2021,CISSS de la Côte-Nord,7,7,3.0
2020-2021,CISSS de la Côte-Nord,7,8,1.0
2020-2021,CISSS de la Côte-Nord,7,9,39.0
2020-2021,CISSS de la Côte-Nord,8,1,3.0
2020-2021,CISSS de la Côte-Nord,8,2,25.0
2020-2021,CISSS de la Côte-Nord,8,3,17.0
2020-2021,CISSS de la Côte-Nord,8,4,8.0
2020-2021,CISSS de la Côte-Nord,8,5,7.0
2020-2021,CISSS de la Côte-Nord,8,9,60.0
2020-2021,CISSS de la Côte-Nord,9,1,4.0
2020-2021,CISSS de la Côte-Nord,9,2,32.0
2020-2021,CISSS de la Côte-Nord,9,3,21.0
2020-2021,CISSS de la Côte-Nord,9,4,9.0
2020-2021,CISSS de la Côte-Nord,9,5,22.0
2020-2021,CISSS de la Côte-Nord,9,6,7.0
2020-2021,CISSS de la Côte-Nord,9,7,3.0
2020-2021,CISSS de la Côte-Nord,9,8,1.0
2020-2021,CISSS de la Côte-Nord,9,9,99.0
2020-2021,CISSS de la Gaspésie,1,2,4.0
2020-2021,CISSS de la Gaspésie,1,3,3.0
2020-2021,CISSS de la Gaspésie,1,4,1.0
2020-2021,CISSS de la Gaspésie,1,5,16.0
2020-2021,CISSS de la Gaspésie,1,6,6.0
2020-2021,CISSS de la Gaspésie,1,9,30.0
2020-2021,CISSS de la Gaspésie,2,1,25.0
2020-2021,CISSS de la Gaspésie,2,2,19.0
2020-2021,CISSS de la Gaspésie,2,3,19.0
2020-2021,CISSS de la Gaspésie,2,4,8.0
2020-2021,CISSS de la Gaspésie,2,5,5.0
2020-2021,CISSS de la Gaspésie,2,9,76.0
2020-2021,CISSS de la Gaspésie,3,1,25.0
2020-2021,CISSS de la Gaspésie,3,2,23.0
2020-2021,CISSS de la Gaspésie,3,3,22.0
2020-2021,CISSS de la Gaspésie,3,4,9.0
2020-2021,CISSS de la Gaspésie,3,5,21.0
2020-2021,CISSS de la Gaspésie,3,6,6.0
2020-2021,CISSS de la Gaspésie,3,9,106.0
2020-2021,CISSS de la Gaspésie,4,2,4.0
2020-2021,CISSS de la Gaspésie,4,3,3.0
2020-2021,CISSS de la Gaspésie,4,4,2.0
2020-2021,CISSS de la Gaspésie,4,5,8.0
2020-2021,CISSS de la Gaspésie,4,6,9.0
2020-2021,CISSS de la Gaspésie,4,9,26.0
2020-2021,CISSS de la Gaspésie,5,1,18.0
2020-2021,CISSS de la Gaspésie,5,2,24.0
2020-2021,CISSS de la Gaspésie,5,3,19.0
2020-2021,CISSS de la Gaspésie,5,4,6.0
2020-2021,CISSS de la Gaspésie,5,5,2.0
2020-2021,CISSS de la Gaspésie,5,6,2.0
2020-2021,CISSS de la Gaspésie,5,9,71.0
2020-2021,CISSS de la Gaspésie,6,1,18.0
2020-2021,CISSS de la Gaspésie,6,2,28.0
2020-2021,CISSS de la Gaspésie,6,3,22.0
2020-2021,CISSS de la Gaspésie,6,4,8.0
2020-2021,CISSS de la Gaspésie,6,5,10.0
2020-2021,CISSS de la Gaspésie,6,6,11.0
2020-2021,CISSS de la Gaspésie,6,9,97.0
2020-2021,CISSS de la Gaspésie,7,2,4.0
2020-2021,CISSS de la Gaspésie,7,3,9.0
2020-2021,CISSS de la Gaspésie,7,4,1.0
2020-2021,CISSS de la Gaspésie,7,5,26.0
2020-2021,CISSS de la Gaspésie,7,6,22.0
2020-2021,CISSS de la Gaspésie,7,7,11.0
2020-2021,CISSS de la Gaspésie,7,8,2.0
2020-2021,CISSS de la Gaspésie,7,9,75.0
2020-2021,CISSS de la Gaspésie,8,1,7.0
2020-2021,CISSS de la Gaspésie,8,2,12.0
2020-2021,CISSS de la Gaspésie,8,3,19.0
2020-2021,CISSS de la Gaspésie,8,4,12.0
2020-2021,CISSS de la Gaspésie,8,5,14.0
2020-2021,CISSS de la Gaspésie,8,6,2.0
2020-2021,CISSS de la Gaspésie,8,9,66.0
2020-2021,CISSS de la Gaspésie,9,1,7.0
2020-2021,CISSS de la Gaspésie,9,2,16.0
2020-2021,CISSS de la Gaspésie,9,3,28.0
2020-2021,CISSS de la Gaspésie,9,4,13.0
2020-2021,CISSS de la Gaspésie,9,5,40.0
2020-2021,CISSS de la Gaspésie,9,6,24.0
2020-2021,CISSS de la Gaspésie,9,7,11.0
2020-2021,CISSS de la Gaspésie,9,8,2.0
2020-2021,CISSS de la Gaspésie,9,9,141.0
2020-2021,CISSS de la Montérégie-Ouest,1,1,64.0
2020-2021,CISSS de la Montérégie-Ouest,1,2,79.0
2020-2021,CISSS de la Montérégie-Ouest,1,3,90.0
2020-2021,CISSS de la Montérégie-Ouest,1,4,42.0
2020-2021,CISSS de la Montérégie-Ouest,1,5,143.0
2020-2021,CISSS de la Montérégie-Ouest,1,6,77.0
2020-2021,CISSS de la Montérégie-Ouest,1,7,11.0
2020-2021,CISSS de la Montérégie-Ouest,1,8,2.0
2020-2021,CISSS de la Montérégie-Ouest,1,9,508.0
2020-2021,CISSS de la Montérégie-Ouest,2,1,487.0
2020-2021,CISSS de la Montérégie-Ouest,2,2,741.0
2020-2021,CISSS de la Montérégie-Ouest,2,3,257.0
2020-2021,CISSS de la Montérégie-Ouest,2,4,79.0
2020-2021,CISSS de la Montérégie-Ouest,2,5,98.0
2020-2021,CISSS de la Montérégie-Ouest,2,6,13.0
2020-2021,CISSS de la Montérégie-Ouest,2,9,1675.0
2020-2021,CISSS de la Montérégie-Ouest,3,1,551.0
2020-2021,CISSS de la Montérégie-Ouest,3,2,820.0
2020-2021,CISSS de la Montérégie-Ouest,3,3,347.0
2020-2021,CISSS de la Montérégie-Ouest,3,4,121.0
2020-2021,CISSS de la Montérégie-Ouest,3,5,241.0
2020-2021,CISSS de la Montérégie-Ouest,3,6,90.0
2020-2021,CISSS de la Montérégie-Ouest,3,7,11.0
2020-2021,CISSS de la Montérégie-Ouest,3,8,2.0
2020-2021,CISSS de la Montérégie-Ouest,3,9,2183.0
2020-2021,CISSS de la Montérégie-Ouest,4,1,60.0
2020-2021,CISSS de la Montérégie-Ouest,4,2,38.0
2020-2021,CISSS de la Montérégie-Ouest,4,3,48.0
2020-2021,CISSS de la Montérégie-Ouest,4,4,28.0
2020-2021,CISSS de la Montérégie-Ouest,4,5,104.0
2020-2021,CISSS de la Montérégie-Ouest,4,6,60.0
2020-2021,CISSS de la Montérégie-Ouest,4,7,4.0
2020-2021,CISSS de la Montérégie-Ouest,4,8,2.0
2020-2021,CISSS de la Montérégie-Ouest,4,9,344.0
2020-2021,CISSS de la Montérégie-Ouest,5,1,448.0
2020-2021,CISSS de la Montérégie-Ouest,5,2,512.0
2020-2021,CISSS de la Montérégie-Ouest,5,3,178.0
2020-2021,CISSS de la Montérégie-Ouest,5,4,53.0
2020-2021,CISSS de la Montérégie-Ouest,5,5,56.0
2020-2021,CISSS de la Montérégie-Ouest,5,6,7.0
2020-2021,CISSS de la Montérégie-Ouest,5,9,1254.0
2020-2021,CISSS de la Montérégie-Ouest,6,1,508.0
2020-2021,CISSS de la Montérégie-Ouest,6,2,550.0
2020-2021,CISSS de la Montérégie-Ouest,6,3,226.0
2020-2021,CISSS de la Montérégie-Ouest,6,4,81.0
2020-2021,CISSS de la Montérégie-Ouest,6,5,160.0
2020-2021,CISSS de la Montérégie-Ouest,6,6,67.0
2020-2021,CISSS de la Montérégie-Ouest,6,7,4.0
2020-2021,CISSS de la Montérégie-Ouest,6,8,2.0
2020-2021,CISSS de la Montérégie-Ouest,6,9,1598.0
2020-2021,CISSS de la Montérégie-Ouest,7,1,19.0
2020-2021,CISSS de la Montérégie-Ouest,7,2,70.0
2020-2021,CISSS de la Montérégie-Ouest,7,3,54.0
2020-2021,CISSS de la Montérégie-Ouest,7,4,38.0
2020-2021,CISSS de la Montérégie-Ouest,7,5,139.0
2020-2021,CISSS de la Montérégie-Ouest,7,6,107.0
2020-2021,CISSS de la Montérégie-Ouest,7,7,25.0
2020-2021,CISSS de la Montérégie-Ouest,7,8,7.0
2020-2021,CISSS de la Montérégie-Ouest,7,9,459.0
2020-2021,CISSS de la Montérégie-Ouest,8,1,120.0
2020-2021,CISSS de la Montérégie-Ouest,8,2,817.0
2020-2021,CISSS de la Montérégie-Ouest,8,3,331.0
2020-2021,CISSS de la Montérégie-Ouest,8,4,87.0
2020-2021,CISSS de la Montérégie-Ouest,8,5,105.0
2020-2021,CISSS de la Montérégie-Ouest,8,6,16.0
2020-2021,CISSS de la Montérégie-Ouest,8,7,1.0
2020-2021,CISSS de la Montérégie-Ouest,8,9,1477.0
2020-2021,CISSS de la Montérégie-Ouest,9,1,139.0
2020-2021,CISSS de la Montérégie-Ouest,9,2,887.0
2020-2021,CISSS de la Montérégie-Ouest,9,3,385.0
2020-2021,CISSS de la Montérégie-Ouest,9,4,125.0
2020-2021,CISSS de la Montérégie-Ouest,9,5,244.0
2020-2021,CISSS de la Montérégie-Ouest,9,6,123.0
2020-2021,CISSS de la Montérégie-Ouest,9,7,26.0
2020-2021,CISSS de la Montérégie-Ouest,9,8,7.0
2020-2021,CISSS de la Montérégie-Ouest,9,9,1936.0
2020-2021,CISSS des Laurentides,1,1,35.0
2020-2021,CISSS des Laurentides,1,2,25.0
2020-2021,CISSS des Laurentides,1,3,20.0
2020-2021,CISSS des Laurentides,1,4,18.0
2020-2021,CISSS des Laurentides,1,5,45.0
2020-2021,CISSS des Laurentides,1,6,44.0
2020-2021,CISSS des Laurentides,1,7,11.0
2020-2021,CISSS des Laurentides,1,8,3.0
2020-2021,CISSS des Laurentides,1,9,201.0
2020-2021,CISSS des Laurentides,2,1,72.0
2020-2021,CISSS des Laurentides,2,2,174.0
2020-2021,CISSS des Laurentides,2,3,60.0
2020-2021,CISSS des Laurentides,2,4,26.0
2020-2021,CISSS des Laurentides,2,5,22.0
2020-2021,CISSS des Laurentides,2,6,9.0
2020-2021,CISSS des Laurentides,2,7,0.0
2020-2021,CISSS des Laurentides,2,8,0.0
2020-2021,CISSS des Laurentides,2,9,363.0
2020-2021,CISSS des Laurentides,3,1,107.0
2020-2021,CISSS des Laurentides,3,2,199.0
2020-2021,CISSS des Laurentides,3,3,80.0
2020-2021,CISSS des Laurentides,3,4,44.0
2020-2021,CISSS des Laurentides,3,5,67.0
2020-2021,CISSS des Laurentides,3,6,53.0
2020-2021,CISSS des Laurentides,3,7,11.0
2020-2021,CISSS des Laurentides,3,8,3.0
2020-2021,CISSS des Laurentides,3,9,564.0
2020-2021,CISSS des Laurentides,4,1,35.0
2020-2021,CISSS des Laurentides,4,2,20.0
2020-2021,CISSS des Laurentides,4,3,15.0
2020-2021,CISSS des Laurentides,4,4,16.0
2020-2021,CISSS des Laurentides,4,5,25.0
2020-2021,CISSS des Laurentides,4,6,22.0
2020-2021,CISSS des Laurentides,4,7,9.0
2020-2021,CISSS des Laurentides,4,8,0.0
2020-2021,CISSS des Laurentides,4,9,142.0
2020-2021,CISSS des Laurentides,5,1,74.0
2020-2021,CISSS des Laurentides,5,2,154.0
2020-2021,CISSS des Laurentides,5,3,47.0
2020-2021,CISSS des Laurentides,5,4,20.0
2020-2021,CISSS des Laurentides,5,5,20.0
2020-2021,CISSS des Laurentides,5,6,4.0
2020-2021,CISSS des Laurentides,5,7,0.0
2020-2021,CISSS des Laurentides,5,8,0.0
2020-2021,CISSS des Laurentides,5,9,319.0
2020-2021,CISSS des Laurentides,6,1,109.0
2020-2021,CISSS des Laurentides,6,2,174.0
2020-2021,CISSS des Laurentides,6,3,62.0
2020-2021,CISSS des Laurentides,6,4,36.0
2020-2021,CISSS des Laurentides,6,5,45.0
2020-2021,CISSS des Laurentides,6,6,26.0
2020-2021,CISSS des Laurentides,6,7,9.0
2020-2021,CISSS des Laurentides,6,8,0.0
2020-2021,CISSS des Laurentides,6,9,461.0
2020-2021,CISSS des Laurentides,7,1,7.0
2020-2021,CISSS des Laurentides,7,2,30.0
2020-2021,CISSS des Laurentides,7,3,29.0
2020-2021,CISSS des Laurentides,7,4,28.0
2020-2021,CISSS des Laurentides,7,5,86.0
2020-2021,CISSS des Laurentides,7,6,116.0
2020-2021,CISSS des Laurentides,7,7,41.0
2020-2021,CISSS des Laurentides,7,8,6.0
2020-2021,CISSS des Laurentides,7,9,343.0
2020-2021,CISSS des Laurentides,8,1,19.0
2020-2021,CISSS des Laurentides,8,2,232.0
2020-2021,CISSS des Laurentides,8,3,98.0
2020-2021,CISSS des Laurentides,8,4,30.0
2020-2021,CISSS des Laurentides,8,5,56.0
2020-2021,CISSS des Laurentides,8,6,9.0
2020-2021,CISSS des Laurentides,8,7,1.0
2020-2021,CISSS des Laurentides,8,8,0.0
2020-2021,CISSS des Laurentides,8,9,445.0
2020-2021,CISSS des Laurentides,9,1,26.0
2020-2021,CISSS des Laurentides,9,2,262.0
2020-2021,CISSS des Laurentides,9,3,127.0
2020-2021,CISSS des Laurentides,9,4,58.0
2020-2021,CISSS des Laurentides,9,5,142.0
2020-2021,CISSS des Laurentides,9,6,125.0
2020-2021,CISSS des Laurentides,9,7,42.0
2020-2021,CISSS des Laurentides,9,8,6.0
2020-2021,CISSS des Laurentides,9,9,788.0
2020-2021,CISSS des Îles,1,4,1.0
2020-2021,CISSS des Îles,1,5,1.0
2020-2021,CISSS des Îles,1,6,2.0
2020-2021,CISSS des Îles,1,9,4.0
2020-2021,CISSS des Îles,2,1,2.0
2020-2021,CISSS des Îles,2,2,5.0
2020-2021,CISSS des Îles,2,3,2.0
2020-2021,CISSS des Îles,2,4,1.0
2020-2021,CISSS des Îles,2,5,2.0
2020-2021,CISSS des Îles,2,9,12.0
2020-2021,CISSS des Îles,3,1,2.0
2020-2021,CISSS des Îles,3,2,5.0
2020-2021,CISSS des Îles,3,3,2.0
2020-2021,CISSS des Îles,3,4,2.0
2020-2021,CISSS des Îles,3,5,3.0
2020-2021,CISSS des Îles,3,6,2.0
2020-2021,CISSS des Îles,3,9,16.0
2020-2021,CISSS des Îles,4,4,1.0
2020-2021,CISSS des Îles,4,5,1.0
2020-2021,CISSS des Îles,4,6,1.0
2020-2021,CISSS des Îles,4,9,3.0
2020-2021,CISSS des Îles,5,1,2.0
2020-2021,CISSS des Îles,5,2,4.0
2020-2021,CISSS des Îles,5,3,2.0
2020-2021,CISSS des Îles,5,4,1.0
2020-2021,CISSS des Îles,5,5,2.0
2020-2021,CISSS des Îles,5,9,11.0
2020-2021,CISSS des Îles,6,1,2.0
2020-2021,CISSS des Îles,6,2,4.0
2020-2021,CISSS des Îles,6,3,2.0
2020-2021,CISSS des Îles,6,4,2.0
2020-2021,CISSS des Îles,6,5,3.0
2020-2021,CISSS des Îles,6,6,1.0
2020-2021,CISSS des Îles,6,9,14.0
2020-2021,CISSS des Îles,7,1,1.0
2020-2021,CISSS des Îles,7,3,1.0
2020-2021,CISSS des Îles,7,4,1.0
2020-2021,CISSS des Îles,7,6,1.0
2020-2021,CISSS des Îles,7,9,4.0
2020-2021,CISSS des Îles,8,2,4.0
2020-2021,CISSS des Îles,8,3,7.0
2020-2021,CISSS des Îles,8,4,3.0
2020-2021,CISSS des Îles,8,5,2.0
2020-2021,CISSS des Îles,8,9,16.0
2020-2021,CISSS des Îles,9,1,1.0
2020-2021,CISSS des Îles,9,2,4.0
2020-2021,CISSS des Îles,9,3,8.0
2020-2021,CISSS des Îles,9,4,4.0
2020-2021,CISSS des Îles,9,5,2.0
2020-2021,CISSS des Îles,9,6,1.0
2020-2021,CISSS des Îles,9,9,20.0
2020-2021,CISSS du Bas-Saint-Laurent,1,1,26.0
2020-2021,CISSS du Bas-Saint-Laurent,1,2,10.0
2020-2021,CISSS du Bas-Saint-Laurent,1,3,6.0
2020-2021,CISSS du Bas-Saint-Laurent,1,4,5.0
2020-2021,CISSS du Bas-Saint-Laurent,1,5,4.0
2020-2021,CISSS du Bas-Saint-Laurent,1,6,9.0
2020-2021,CISSS du Bas-Saint-Laurent,1,7,6.0
2020-2021,CISSS du Bas-Saint-Laurent,1,8,0.0
2020-2021,CISSS du Bas-Saint-Laurent,1,9,66.0
2020-2021,CISSS du Bas-Saint-Laurent,2,1,18.0
2020-2021,CISSS du Bas-Saint-Laurent,2,2,35.0
2020-2021,CISSS du Bas-Saint-Laurent,2,3,40.0
2020-2021,CISSS du Bas-Saint-Laurent,2,4,1.0
2020-2021,CISSS du Bas-Saint-Laurent,2,5,1.0
2020-2021,CISSS du Bas-Saint-Laurent,2,6,0.0
2020-2021,CISSS du Bas-Saint-Laurent,2,7,0.0
2020-2021,CISSS du Bas-Saint-Laurent,2,8,0.0
2020-2021,CISSS du Bas-Saint-Laurent,2,9,95.0
2020-2021,CISSS du Bas-Saint-Laurent,3,1,44.0
2020-2021,CISSS du Bas-Saint-Laurent,3,2,45.0
2020-2021,CISSS du Bas-Saint-Laurent,3,3,46.0
2020-2021,CISSS du Bas-Saint-Laurent,3,4,6.0
2020-2021,CISSS du Bas-Saint-Laurent,3,5,5.0
2020-2021,CISSS du Bas-Saint-Laurent,3,6,9.0
2020-2021,CISSS du Bas-Saint-Laurent,3,7,6.0
2020-2021,CISSS du Bas-Saint-Laurent,3,8,0.0
2020-2021,CISSS du Bas-Saint-Laurent,3,9,161.0
2020-2021,CISSS du Bas-Saint-Laurent,4,1,17.0
2020-2021,CISSS du Bas-Saint-Laurent,4,2,6.0
2020-2021,CISSS du Bas-Saint-Laurent,4,3,5.0
2020-2021,CISSS du Bas-Saint-Laurent,4,4,3.0
2020-2021,CISSS du Bas-Saint-Laurent,4,5,16.0
2020-2021,CISSS du Bas-Saint-Laurent,4,6,4.0
2020-2021,CISSS du Bas-Saint-Laurent,4,7,2.0
2020-2021,CISSS du Bas-Saint-Laurent,4,8,0.0
2020-2021,CISSS du Bas-Saint-Laurent,4,9,53.0
2020-2021,CISSS du Bas-Saint-Laurent,5,1,12.0
2020-2021,CISSS du Bas-Saint-Laurent,5,2,30.0
2020-2021,CISSS du Bas-Saint-Laurent,5,3,35.0
2020-2021,CISSS du Bas-Saint-Laurent,5,4,5.0
2020-2021,CISSS du Bas-Saint-Laurent,5,5,6.0
2020-2021,CISSS du Bas-Saint-Laurent,5,6,2.0
2020-2021,CISSS du Bas-Saint-Laurent,5,7,1.0
2020-2021,CISSS du Bas-Saint-Laurent,5,8,0.0
2020-2021,CISSS du Bas-Saint-Laurent,5,9,91.0
2020-2021,CISSS du Bas-Saint-Laurent,6,1,29.0
2020-2021,CISSS du Bas-Saint-Laurent,6,2,36.0
2020-2021,CISSS du Bas-Saint-Laurent,6,3,40.0
2020-2021,CISSS du Bas-Saint-Laurent,6,4,8.0
2020-2021,CISSS du Bas-Saint-Laurent,6,5,22.0
2020-2021,CISSS du Bas-Saint-Laurent,6,6,6.0
2020-2021,CISSS du Bas-Saint-Laurent,6,7,3.0
2020-2021,CISSS du Bas-Saint-Laurent,6,8,0.0
2020-2021,CISSS du Bas-Saint-Laurent,6,9,144.0
2020-2021,CISSS du Bas-Saint-Laurent,7,1,9.0
2020-2021,CISSS du Bas-Saint-Laurent,7,2,6.0
2020-2021,CISSS du Bas-Saint-Laurent,7,3,3.0
2020-2021,CISSS du Bas-Saint-Laurent,7,4,1.0
2020-2021,CISSS du Bas-Saint-Laurent,7,5,2.0
2020-2021,CISSS du Bas-Saint-Laurent,7,6,8.0
2020-2021,CISSS du Bas-Saint-Laurent,7,7,6.0
2020-2021,CISSS du Bas-Saint-Laurent,7,8,1.0
2020-2021,CISSS du Bas-Saint-Laurent,7,9,36.0
2020-2021,CISSS du Bas-Saint-Laurent,8,1,2.0
2020-2021,CISSS du Bas-Saint-Laurent,8,2,6.0
2020-2021,CISSS du Bas-Saint-Laurent,8,3,19.0
2020-2021,CISSS du Bas-Saint-Laurent,8,4,10.0
2020-2021,CISSS du Bas-Saint-Laurent,8,5,3.0
2020-2021,CISSS du Bas-Saint-Laurent,8,6,0.0
2020-2021,CISSS du Bas-Saint-Laurent,8,7,0.0
2020-2021,CISSS du Bas-Saint-Laurent,8,8,0.0
2020-2021,CISSS du Bas-Saint-Laurent,8,9,40.0
2020-2021,CISSS du Bas-Saint-Laurent,9,1,11.0
2020-2021,CISSS du Bas-Saint-Laurent,9,2,12.0
2020-2021,CISSS du Bas-Saint-Laurent,9,3,22.0
2020-2021,CISSS du Bas-Saint-Laurent,9,4,11.0
2020-2021,CISSS du Bas-Saint-Laurent,9,5,5.0
2020-2021,CISSS du Bas-Saint-Laurent,9,6,8.0
2020-2021,CISSS du Bas-Saint-Laurent,9,7,6.0
2020-2021,CISSS du Bas-Saint-Laurent,9,8,1.0
2020-2021,CISSS du Bas-Saint-Laurent,9,9,76.0
2020-2021,CIUSSS de l'Estrie  CHUS,1,1,5.0
2020-2021,CIUSSS de l'Estrie  CHUS,1,2,8.0
2020-2021,CIUSSS de l'Estrie  CHUS,1,3,24.0
2020-2021,CIUSSS de l'Estrie  CHUS,1,4,12.0
2020-2021,CIUSSS de l'Estrie  CHUS,1,5,36.0
2020-2021,CIUSSS de l'Estrie  CHUS,1,6,8.0
2020-2021,CIUSSS de l'Estrie  CHUS,1,7,3.0
2020-2021,CIUSSS de l'Estrie  CHUS,1,8,1.0
2020-2021,CIUSSS de l'Estrie  CHUS,1,9,97.0
2020-2021,CIUSSS de l'Estrie  CHUS,2,1,17.0
2020-2021,CIUSSS de l'Estrie  CHUS,2,2,48.0
2020-2021,CIUSSS de l'Estrie  CHUS,2,3,18.0
2020-2021,CIUSSS de l'Estrie  CHUS,2,4,7.0
2020-2021,CIUSSS de l'Estrie  CHUS,2,5,6.0
2020-2021,CIUSSS de l'Estrie  CHUS,2,6,1.0
2020-2021,CIUSSS de l'Estrie  CHUS,2,9,97.0
2020-2021,CIUSSS de l'Estrie  CHUS,3,1,22.0
2020-2021,CIUSSS de l'Estrie  CHUS,3,2,56.0
2020-2021,CIUSSS de l'Estrie  CHUS,3,3,42.0
2020-2021,CIUSSS de l'Estrie  CHUS,3,4,19.0
2020-2021,CIUSSS de l'Estrie  CHUS,3,5,42.0
2020-2021,CIUSSS de l'Estrie  CHUS,3,6,9.0
2020-2021,CIUSSS de l'Estrie  CHUS,3,7,3.0
2020-2021,CIUSSS de l'Estrie  CHUS,3,8,1.0
2020-2021,CIUSSS de l'Estrie  CHUS,3,9,194.0
2020-2021,CIUSSS de l'Estrie  CHUS,4,1,4.0
2020-2021,CIUSSS de l'Estrie  CHUS,4,2,12.0
2020-2021,CIUSSS de l'Estrie  CHUS,4,3,21.0
2020-2021,CIUSSS de l'Estrie  CHUS,4,4,10.0
2020-2021,CIUSSS de l'Estrie  CHUS,4,5,24.0
2020-2021,CIUSSS de l'Estrie  CHUS,4,6,5.0
2020-2021,CIUSSS de l'Estrie  CHUS,4,9,76.0
2020-2021,CIUSSS de l'Estrie  CHUS,5,1,16.0
2020-2021,CIUSSS de l'Estrie  CHUS,5,2,35.0
2020-2021,CIUSSS de l'Estrie  CHUS,5,3,7.0
2020-2021,CIUSSS de l'Estrie  CHUS,5,4,3.0
2020-2021,CIUSSS de l'Estrie  CHUS,5,5,2.0
2020-2021,CIUSSS de l'Estrie  CHUS,5,9,63.0
2020-2021,CIUSSS de l'Estrie  CHUS,6,1,20.0
2020-2021,CIUSSS de l'Estrie  CHUS,6,2,47.0
2020-2021,CIUSSS de l'Estrie  CHUS,6,3,28.0
2020-2021,CIUSSS de l'Estrie  CHUS,6,4,13.0
2020-2021,CIUSSS de l'Estrie  CHUS,6,5,26.0
2020-2021,CIUSSS de l'Estrie  CHUS,6,6,5.0
2020-2021,CIUSSS de l'Estrie  CHUS,6,9,139.0
2020-2021,CIUSSS de l'Estrie  CHUS,7,1,5.0
2020-2021,CIUSSS de l'Estrie  CHUS,7,2,14.0
2020-2021,CIUSSS de l'Estrie  CHUS,7,3,17.0
2020-2021,CIUSSS de l'Estrie  CHUS,7,4,16.0
2020-2021,CIUSSS de l'Estrie  CHUS,7,5,39.0
2020-2021,CIUSSS de l'Estrie  CHUS,7,6,18.0
2020-2021,CIUSSS de l'Estrie  CHUS,7,7,6.0
2020-2021,CIUSSS de l'Estrie  CHUS,7,8,2.0
2020-2021,CIUSSS de l'Estrie  CHUS,7,9,117.0
2020-2021,CIUSSS de l'Estrie  CHUS,8,1,4.0
2020-2021,CIUSSS de l'Estrie  CHUS,8,2,49.0
2020-2021,CIUSSS de l'Estrie  CHUS,8,3,20.0
2020-2021,CIUSSS de l'Estrie  CHUS,8,4,8.0
2020-2021,CIUSSS de l'Estrie  CHUS,8,5,13.0
2020-2021,CIUSSS de l'Estrie  CHUS,8,6,2.0
2020-2021,CIUSSS de l'Estrie  CHUS,8,9,96.0
2020-2021,CIUSSS de l'Estrie  CHUS,9,1,9.0
2020-2021,CIUSSS de l'Estrie  CHUS,9,2,63.0
2020-2021,CIUSSS de l'Estrie  CHUS,9,3,37.0
2020-2021,CIUSSS de l'Estrie  CHUS,9,4,24.0
2020-2021,CIUSSS de l'Estrie  CHUS,9,5,52.0
2020-2021,CIUSSS de l'Estrie  CHUS,9,6,20.0
2020-2021,CIUSSS de l'Estrie  CHUS,9,7,6.0
2020-2021,CIUSSS de l'Estrie  CHUS,9,8,2.0
2020-2021,CIUSSS de l'Estrie  CHUS,9,9,213.0
2020-2021,CIUSSS de l'Ouest-de-l'Île-de-Montréal,1,1,10.0
2020-2021,CIUSSS de l'Ouest-de-l'Île-de-Montréal,1,2,6.0
2020-2021,CIUSSS de l'Ouest-de-l'Île-de-Montréal,1,3,14.0
2020-2021,CIUSSS de l'Ouest-de-l'Île-de-Montréal,1,4,4.0
2020-2021,CIUSSS de l'Ouest-de-l'Île-de-Montréal,1,5,12.0
2020-2021,CIUSSS de l'Ouest-de-l'Île-de-Montréal,1,6,3.0
2020-2021,CIUSSS de l'Ouest-de-l'Île-de-Montréal,1,7,1.0
2020-2021,CIUSSS de l'Ouest-de-l'Île-de-Montréal,1,8,0.0
2020-2021,CIUSSS de l'Ouest-de-l'Île-de-Montréal,1,9,50.0
2020-2021,CIUSSS de l'Ouest-de-l'Île-de-Montréal,2,1,80.0
2020-2021,CIUSSS de l'Ouest-de-l'Île-de-Montréal,2,2,56.0
2020-2021,CIUSSS de l'Ouest-de-l'Île-de-Montréal,2,3,26.0
2020-2021,CIUSSS de l'Ouest-de-l'Île-de-Montréal,2,4,17.0
2020-2021,CIUSSS de l'Ouest-de-l'Île-de-Montréal,2,5,18.0
2020-2021,CIUSSS de l'Ouest-de-l'Île-de-Montréal,2,6,0.0
2020-2021,CIUSSS de l'Ouest-de-l'Île-de-Montréal,2,7,0.0
2020-2021,CIUSSS de l'Ouest-de-l'Île-de-Montréal,2,8,0.0
2020-2021,CIUSSS de l'Ouest-de-l'Île-de-Montréal,2,9,197.0
2020-2021,CIUSSS de l'Ouest-de-l'Île-de-Montréal,3,1,90.0
2020-2021,CIUSSS de l'Ouest-de-l'Île-de-Montréal,3,2,62.0
2020-2021,CIUSSS de l'Ouest-de-l'Île-de-Montréal,3,3,40.0
2020-2021,CIUSSS de l'Ouest-de-l'Île-de-Montréal,3,4,21.0
2020-2021,CIUSSS de l'Ouest-de-l'Île-de-Montréal,3,5,30.0
2020-2021,CIUSSS de l'Ouest-de-l'Île-de-Montréal,3,6,3.0
2020-2021,CIUSSS de l'Ouest-de-l'Île-de-Montréal,3,7,1.0
2020-2021,CIUSSS de l'Ouest-de-l'Île-de-Montréal,3,8,0.0
2020-2021,CIUSSS de l'Ouest-de-l'Île-de-Montréal,3,9,247.0
2020-2021,CIUSSS de l'Ouest-de-l'Île-de-Montréal,4,1,14.0
2020-2021,CIUSSS de l'Ouest-de-l'Île-de-Montréal,4,2,12.0
2020-2021,CIUSSS de l'Ouest-de-l'Île-de-Montréal,4,3,10.0
2020-2021,CIUSSS de l'Ouest-de-l'Île-de-Montréal,4,4,1.0
2020-2021,CIUSSS de l'Ouest-de-l'Île-de-Montréal,4,5,7.0
2020-2021,CIUSSS de l'Ouest-de-l'Île-de-Montréal,4,6,4.0
2020-2021,CIUSSS de l'Ouest-de-l'Île-de-Montréal,4,7,1.0
2020-2021,CIUSSS de l'Ouest-de-l'Île-de-Montréal,4,8,0.0
2020-2021,CIUSSS de l'Ouest-de-l'Île-de-Montréal,4,9,49.0
2020-2021,CIUSSS de l'Ouest-de-l'Île-de-Montréal,5,1,33.0
2020-2021,CIUSSS de l'Ouest-de-l'Île-de-Montréal,5,2,56.0
2020-2021,CIUSSS de l'Ouest-de-l'Île-de-Montréal,5,3,25.0
2020-2021,CIUSSS de l'Ouest-de-l'Île-de-Montréal,5,4,14.0
2020-2021,CIUSSS de l'Ouest-de-l'Île-de-Montréal,5,5,13.0
2020-2021,CIUSSS de l'Ouest-de-l'Île-de-Montréal,5,6,1.0
2020-2021,CIUSSS de l'Ouest-de-l'Île-de-Montréal,5,7,1.0
2020-2021,CIUSSS de l'Ouest-de-l'Île-de-Montréal,5,8,0.0
2020-2021,CIUSSS de l'Ouest-de-l'Île-de-Montréal,5,9,143.0
2020-2021,CIUSSS de l'Ouest-de-l'Île-de-Montréal,6,1,47.0
2020-2021,CIUSSS de l'Ouest-de-l'Île-de-Montréal,6,2,68.0
2020-2021,CIUSSS de l'Ouest-de-l'Île-de-Montréal,6,3,35.0
2020-2021,CIUSSS de l'Ouest-de-l'Île-de-Montréal,6,4,15.0
2020-2021,CIUSSS de l'Ouest-de-l'Île-de-Montréal,6,5,20.0
2020-2021,CIUSSS de l'Ouest-de-l'Île-de-Montréal,6,6,5.0
2020-2021,CIUSSS de l'Ouest-de-l'Île-de-Montréal,6,7,2.0
2020-2021,CIUSSS de l'Ouest-de-l'Île-de-Montréal,6,8,0.0
2020-2021,CIUSSS de l'Ouest-de-l'Île-de-Montréal,6,9,192.0
2020-2021,CIUSSS de l'Ouest-de-l'Île-de-Montréal,7,1,5.0
2020-2021,CIUSSS de l'Ouest-de-l'Île-de-Montréal,7,2,34.0
2020-2021,CIUSSS de l'Ouest-de-l'Île-de-Montréal,7,3,19.0
2020-2021,CIUSSS de l'Ouest-de-l'Île-de-Montréal,7,4,16.0
2020-2021,CIUSSS de l'Ouest-de-l'Île-de-Montréal,7,5,27.0
2020-2021,CIUSSS de l'Ouest-de-l'Île-de-Montréal,7,6,18.0
2020-2021,CIUSSS de l'Ouest-de-l'Île-de-Montréal,7,7,2.0
2020-2021,CIUSSS de l'Ouest-de-l'Île-de-Montréal,7,8,1.0
2020-2021,CIUSSS de l'Ouest-de-l'Île-de-Montréal,7,9,122.0
2020-2021,CIUSSS de l'Ouest-de-l'Île-de-Montréal,8,1,13.0
2020-2021,CIUSSS de l'Ouest-de-l'Île-de-Montréal,8,2,86.0
2020-2021,CIUSSS de l'Ouest-de-l'Île-de-Montréal,8,3,41.0
2020-2021,CIUSSS de l'Ouest-de-l'Île-de-Montréal,8,4,23.0
2020-2021,CIUSSS de l'Ouest-de-l'Île-de-Montréal,8,5,18.0
2020-2021,CIUSSS de l'Ouest-de-l'Île-de-Montréal,8,6,2.0
2020-2021,CIUSSS de l'Ouest-de-l'Île-de-Montréal,8,7,0.0
2020-2021,CIUSSS de l'Ouest-de-l'Île-de-Montréal,8,8,0.0
2020-2021,CIUSSS de l'Ouest-de-l'Île-de-Montréal,8,9,183.0
2020-2021,CIUSSS de l'Ouest-de-l'Île-de-Montréal,9,1,18.0
2020-2021,CIUSSS de l'Ouest-de-l'Île-de-Montréal,9,2,120.0
2020-2021,CIUSSS de l'Ouest-de-l'Île-de-Montréal,9,3,60.0
2020-2021,CIUSSS de l'Ouest-de-l'Île-de-Montréal,9,4,39.0
2020-2021,CIUSSS de l'Ouest-de-l'Île-de-Montréal,9,5,45.0
2020-2021,CIUSSS de l'Ouest-de-l'Île-de-Montréal,9,6,20.0
2020-2021,CIUSSS de l'Ouest-de-l'Île-de-Montréal,9,7,2.0
2020-2021,CIUSSS de l'Ouest-de-l'Île-de-Montréal,9,8,1.0
2020-2021,CIUSSS de l'Ouest-de-l'Île-de-Montréal,9,9,305.0
2020-2021,CIUSSS de la Capitale-Nationale,1,1,0.0
2020-2021,CIUSSS de la Capitale-Nationale,1,2,6.0
2020-2021,CIUSSS de la Capitale-Nationale,1,3,6.0
2020-2021,CIUSSS de la Capitale-Nationale,1,4,9.0
2020-2021,CIUSSS de la Capitale-Nationale,1,5,26.0
2020-2021,CIUSSS de la Capitale-Nationale,1,6,21.0
2020-2021,CIUSSS de la Capitale-Nationale,1,7,2.0
2020-2021,CIUSSS de la Capitale-Nationale,1,8,3.0
2020-2021,CIUSSS de la Capitale-Nationale,1,9,73.0
2020-2021,CIUSSS de la Capitale-Nationale,2,1,110.0
2020-2021,CIUSSS de la Capitale-Nationale,2,2,46.0
2020-2021,CIUSSS de la Capitale-Nationale,2,3,17.0
2020-2021,CIUSSS de la Capitale-Nationale,2,4,3.0
2020-2021,CIUSSS de la Capitale-Nationale,2,5,0.0
2020-2021,CIUSSS de la Capitale-Nationale,2,6,0.0
2020-2021,CIUSSS de la Capitale-Nationale,2,7,1.0
2020-2021,CIUSSS de la Capitale-Nationale,2,8,0.0
2020-2021,CIUSSS de la Capitale-Nationale,2,9,177.0
2020-2021,CIUSSS de la Capitale-Nationale,3,1,110.0
2020-2021,CIUSSS de la Capitale-Nationale,3,2,52.0
2020-2021,CIUSSS de la Capitale-Nationale,3,3,23.0
2020-2021,CIUSSS de la Capitale-Nationale,3,4,12.0
2020-2021,CIUSSS de la Capitale-Nationale,3,5,26.0
2020-2021,CIUSSS de la Capitale-Nationale,3,6,21.0
2020-2021,CIUSSS de la Capitale-Nationale,3,7,3.0
2020-2021,CIUSSS de la Capitale-Nationale,3,8,3.0
2020-2021,CIUSSS de la Capitale-Nationale,3,9,250.0
2020-2021,CIUSSS de la Capitale-Nationale,4,2,1.0
2020-2021,CIUSSS de la Capitale-Nationale,4,3,2.0
2020-2021,CIUSSS de la Capitale-Nationale,4,4,9.0
2020-2021,CIUSSS de la Capitale-Nationale,4,5,10.0
2020-2021,CIUSSS de la Capitale-Nationale,4,6,9.0
2020-2021,CIUSSS de la Capitale-Nationale,4,7,0.0
2020-2021,CIUSSS de la Capitale-Nationale,4,8,2.0
2020-2021,CIUSSS de la Capitale-Nationale,4,9,33.0
2020-2021,CIUSSS de la Capitale-Nationale,5,1,0.0
2020-2021,CIUSSS de la Capitale-Nationale,5,2,3.0
2020-2021,CIUSSS de la Capitale-Nationale,5,3,6.0
2020-2021,CIUSSS de la Capitale-Nationale,5,4,4.0
2020-2021,CIUSSS de la Capitale-Nationale,5,9,13.0
2020-2021,CIUSSS de la Capitale-Nationale,6,1,0.0
2020-2021,CIUSSS de la Capitale-Nationale,6,2,4.0
2020-2021,CIUSSS de la Capitale-Nationale,6,3,8.0
2020-2021,CIUSSS de la Capitale-Nationale,6,4,13.0
2020-2021,CIUSSS de la Capitale-Nationale,6,5,10.0
2020-2021,CIUSSS de la Capitale-Nationale,6,6,9.0
2020-2021,CIUSSS de la Capitale-Nationale,6,7,0.0
2020-2021,CIUSSS de la Capitale-Nationale,6,8,2.0
2020-2021,CIUSSS de la Capitale-Nationale,6,9,46.0
2020-2021,CIUSSS de la Capitale-Nationale,7,1,1.0
2020-2021,CIUSSS de la Capitale-Nationale,7,2,17.0
2020-2021,CIUSSS de la Capitale-Nationale,7,3,23.0
2020-2021,CIUSSS de la Capitale-Nationale,7,4,19.0
2020-2021,CIUSSS de la Capitale-Nationale,7,5,45.0
2020-2021,CIUSSS de la Capitale-Nationale,7,6,56.0
2020-2021,CIUSSS de la Capitale-Nationale,7,7,38.0
2020-2021,CIUSSS de la Capitale-Nationale,7,8,40.0
2020-2021,CIUSSS de la Capitale-Nationale,7,9,239.0
2020-2021,CIUSSS de la Capitale-Nationale,8,1,9.0
2020-2021,CIUSSS de la Capitale-Nationale,8,2,224.0
2020-2021,CIUSSS de la Capitale-Nationale,8,3,93.0
2020-2021,CIUSSS de la Capitale-Nationale,8,4,21.0
2020-2021,CIUSSS de la Capitale-Nationale,8,5,23.0
2020-2021,CIUSSS de la Capitale-Nationale,8,6,5.0
2020-2021,CIUSSS de la Capitale-Nationale,8,7,0.0
2020-2021,CIUSSS de la Capitale-Nationale,8,8,0.0
2020-2021,CIUSSS de la Capitale-Nationale,8,9,375.0
2020-2021,CIUSSS de la Capitale-Nationale,9,1,10.0
2020-2021,CIUSSS de la Capitale-Nationale,9,2,241.0
2020-2021,CIUSSS de la Capitale-Nationale,9,3,116.0
2020-2021,CIUSSS de la Capitale-Nationale,9,4,40.0
2020-2021,CIUSSS de la Capitale-Nationale,9,5,68.0
2020-2021,CIUSSS de la Capitale-Nationale,9,6,61.0
2020-2021,CIUSSS de la Capitale-Nationale,9,7,38.0
2020-2021,CIUSSS de la Capitale-Nationale,9,8,40.0
2020-2021,CIUSSS de la Capitale-Nationale,9,9,614.0
2020-2021,CIUSSS de la Mauricie-et-du-Centre-du-Québec,1,1,23.0
2020-2021,CIUSSS de la Mauricie-et-du-Centre-du-Québec,1,2,25.0
2020-2021,CIUSSS de la Mauricie-et-du-Centre-du-Québec,1,3,39.0
2020-2021,CIUSSS de la Mauricie-et-du-Centre-du-Québec,1,4,33.0
2020-2021,CIUSSS de la Mauricie-et-du-Centre-du-Québec,1,5,70.0
2020-2021,CIUSSS de la Mauricie-et-du-Centre-du-Québec,1,6,84.0
2020-2021,CIUSSS de la Mauricie-et-du-Centre-du-Québec,1,7,31.0
2020-2021,CIUSSS de la Mauricie-et-du-Centre-du-Québec,1,8,11.0
2020-2021,CIUSSS de la Mauricie-et-du-Centre-du-Québec,1,9,316.0
2020-2021,CIUSSS de la Mauricie-et-du-Centre-du-Québec,2,1,52.0
2020-2021,CIUSSS de la Mauricie-et-du-Centre-du-Québec,2,2,132.0
2020-2021,CIUSSS de la Mauricie-et-du-Centre-du-Québec,2,3,92.0
2020-2021,CIUSSS de la Mauricie-et-du-Centre-du-Québec,2,4,27.0
2020-2021,CIUSSS de la Mauricie-et-du-Centre-du-Québec,2,5,51.0
2020-2021,CIUSSS de la Mauricie-et-du-Centre-du-Québec,2,6,6.0
2020-2021,CIUSSS de la Mauricie-et-du-Centre-du-Québec,2,7,2.0
2020-2021,CIUSSS de la Mauricie-et-du-Centre-du-Québec,2,9,362.0
2020-2021,CIUSSS de la Mauricie-et-du-Centre-du-Québec,3,1,75.0
2020-2021,CIUSSS de la Mauricie-et-du-Centre-du-Québec,3,2,157.0
2020-2021,CIUSSS de la Mauricie-et-du-Centre-du-Québec,3,3,131.0
2020-2021,CIUSSS de la Mauricie-et-du-Centre-du-Québec,3,4,60.0
2020-2021,CIUSSS de la Mauricie-et-du-Centre-du-Québec,3,5,121.0
2020-2021,CIUSSS de la Mauricie-et-du-Centre-du-Québec,3,6,90.0
2020-2021,CIUSSS de la Mauricie-et-du-Centre-du-Québec,3,7,33.0
2020-2021,CIUSSS de la Mauricie-et-du-Centre-du-Québec,3,8,11.0
2020-2021,CIUSSS de la Mauricie-et-du-Centre-du-Québec,3,9,678.0
2020-2021,CIUSSS de la Mauricie-et-du-Centre-du-Québec,4,1,26.0
2020-2021,CIUSSS de la Mauricie-et-du-Centre-du-Québec,4,2,26.0
2020-2021,CIUSSS de la Mauricie-et-du-Centre-du-Québec,4,3,35.0
2020-2021,CIUSSS de la Mauricie-et-du-Centre-du-Québec,4,4,31.0
2020-2021,CIUSSS de la Mauricie-et-du-Centre-du-Québec,4,5,53.0
2020-2021,CIUSSS de la Mauricie-et-du-Centre-du-Québec,4,6,58.0
2020-2021,CIUSSS de la Mauricie-et-du-Centre-du-Québec,4,7,26.0
2020-2021,CIUSSS de la Mauricie-et-du-Centre-du-Québec,4,8,10.0
2020-2021,CIUSSS de la Mauricie-et-du-Centre-du-Québec,4,9,265.0
2020-2021,CIUSSS de la Mauricie-et-du-Centre-du-Québec,5,1,51.0
2020-2021,CIUSSS de la Mauricie-et-du-Centre-du-Québec,5,2,119.0
2020-2021,CIUSSS de la Mauricie-et-du-Centre-du-Québec,5,3,78.0
2020-2021,CIUSSS de la Mauricie-et-du-Centre-du-Québec,5,4,34.0
2020-2021,CIUSSS de la Mauricie-et-du-Centre-du-Québec,5,5,43.0
2020-2021,CIUSSS de la Mauricie-et-du-Centre-du-Québec,5,6,4.0
2020-2021,CIUSSS de la Mauricie-et-du-Centre-du-Québec,5,7,1.0
2020-2021,CIUSSS de la Mauricie-et-du-Centre-du-Québec,5,9,330.0
2020-2021,CIUSSS de la Mauricie-et-du-Centre-du-Québec,6,1,77.0
2020-2021,CIUSSS de la Mauricie-et-du-Centre-du-Québec,6,2,145.0
2020-2021,CIUSSS de la Mauricie-et-du-Centre-du-Québec,6,3,113.0
2020-2021,CIUSSS de la Mauricie-et-du-Centre-du-Québec,6,4,65.0
2020-2021,CIUSSS de la Mauricie-et-du-Centre-du-Québec,6,5,96.0
2020-2021,CIUSSS de la Mauricie-et-du-Centre-du-Québec,6,6,62.0
2020-2021,CIUSSS de la Mauricie-et-du-Centre-du-Québec,6,7,27.0
2020-2021,CIUSSS de la Mauricie-et-du-Centre-du-Québec,6,8,10.0
2020-2021,CIUSSS de la Mauricie-et-du-Centre-du-Québec,6,9,595.0
2020-2021,CIUSSS de la Mauricie-et-du-Centre-du-Québec,7,1,7.0
2020-2021,CIUSSS de la Mauricie-et-du-Centre-du-Québec,7,2,27.0
2020-2021,CIUSSS de la Mauricie-et-du-Centre-du-Québec,7,3,22.0
2020-2021,CIUSSS de la Mauricie-et-du-Centre-du-Québec,7,4,30.0
2020-2021,CIUSSS de la Mauricie-et-du-Centre-du-Québec,7,5,50.0
2020-2021,CIUSSS de la Mauricie-et-du-Centre-du-Québec,7,6,77.0
2020-2021,CIUSSS de la Mauricie-et-du-Centre-du-Québec,7,7,43.0
2020-2021,CIUSSS de la Mauricie-et-du-Centre-du-Québec,7,8,11.0
2020-2021,CIUSSS de la Mauricie-et-du-Centre-du-Québec,7,9,267.0
2020-2021,CIUSSS de la Mauricie-et-du-Centre-du-Québec,8,1,6.0
2020-2021,CIUSSS de la Mauricie-et-du-Centre-du-Québec,8,2,93.0
2020-2021,CIUSSS de la Mauricie-et-du-Centre-du-Québec,8,3,81.0
2020-2021,CIUSSS de la Mauricie-et-du-Centre-du-Québec,8,4,31.0
2020-2021,CIUSSS de la Mauricie-et-du-Centre-du-Québec,8,5,39.0
2020-2021,CIUSSS de la Mauricie-et-du-Centre-du-Québec,8,6,3.0
2020-2021,CIUSSS de la Mauricie-et-du-Centre-du-Québec,8,7,2.0
2020-2021,CIUSSS de la Mauricie-et-du-Centre-du-Québec,8,9,255.0
2020-2021,CIUSSS de la Mauricie-et-du-Centre-du-Québec,9,1,13.0
2020-2021,CIUSSS de la Mauricie-et-du-Centre-du-Québec,9,2,120.0
2020-2021,CIUSSS de la Mauricie-et-du-Centre-du-Québec,9,3,103.0
2020-2021,CIUSSS de la Mauricie-et-du-Centre-du-Québec,9,4,61.0
2020-2021,CIUSSS de la Mauricie-et-du-Centre-du-Québec,9,5,89.0
2020-2021,CIUSSS de la Mauricie-et-du-Centre-du-Québec,9,6,80.0
2020-2021,CIUSSS de la Mauricie-et-du-Centre-du-Québec,9,7,45.0
2020-2021,CIUSSS de la Mauricie-et-du-Centre-du-Québec,9,8,11.0
2020-2021,CIUSSS de la Mauricie-et-du-Centre-du-Québec,9,9,522.0
2020-2021,CIUSSS du Centre-Ouest-de-l'Île-de-Montréal,1,1,4.0
2020-2021,CIUSSS du Centre-Ouest-de-l'Île-de-Montréal,1,2,9.0
2020-2021,CIUSSS du Centre-Ouest-de-l'Île-de-Montréal,1,3,8.0
2020-2021,CIUSSS du Centre-Ouest-de-l'Île-de-Montréal,1,4,8.0
2020-2021,CIUSSS du Centre-Ouest-de-l'Île-de-Montréal,1,5,13.0
2020-2021,CIUSSS du Centre-Ouest-de-l'Île-de-Montréal,1,6,5.0
2020-2021,CIUSSS du Centre-Ouest-de-l'Île-de-Montréal,1,7,0.0
2020-2021,CIUSSS du Centre-Ouest-de-l'Île-de-Montréal,1,8,0.0
2020-2021,CIUSSS du Centre-Ouest-de-l'Île-de-Montréal,1,9,47.0
2020-2021,CIUSSS du Centre-Ouest-de-l'Île-de-Montréal,2,1,117.0
2020-2021,CIUSSS du Centre-Ouest-de-l'Île-de-Montréal,2,2,109.0
2020-2021,CIUSSS du Centre-Ouest-de-l'Île-de-Montréal,2,3,36.0
2020-2021,CIUSSS du Centre-Ouest-de-l'Île-de-Montréal,2,4,11.0
2020-2021,CIUSSS du Centre-Ouest-de-l'Île-de-Montréal,2,5,22.0
2020-2021,CIUSSS du Centre-Ouest-de-l'Île-de-Montréal,2,6,2.0
2020-2021,CIUSSS du Centre-Ouest-de-l'Île-de-Montréal,2,7,0.0
2020-2021,CIUSSS du Centre-Ouest-de-l'Île-de-Montréal,2,8,0.0
2020-2021,CIUSSS du Centre-Ouest-de-l'Île-de-Montréal,2,9,297.0
2020-2021,CIUSSS du Centre-Ouest-de-l'Île-de-Montréal,3,1,121.0
2020-2021,CIUSSS du Centre-Ouest-de-l'Île-de-Montréal,3,2,118.0
2020-2021,CIUSSS du Centre-Ouest-de-l'Île-de-Montréal,3,3,44.0
2020-2021,CIUSSS du Centre-Ouest-de-l'Île-de-Montréal,3,4,19.0
2020-2021,CIUSSS du Centre-Ouest-de-l'Île-de-Montréal,3,5,35.0
2020-2021,CIUSSS du Centre-Ouest-de-l'Île-de-Montréal,3,6,7.0
2020-2021,CIUSSS du Centre-Ouest-de-l'Île-de-Montréal,3,7,0.0
2020-2021,CIUSSS du Centre-Ouest-de-l'Île-de-Montréal,3,8,0.0
2020-2021,CIUSSS du Centre-Ouest-de-l'Île-de-Montréal,3,9,344.0
2020-2021,CIUSSS du Centre-Ouest-de-l'Île-de-Montréal,4,1,0.0
2020-2021,CIUSSS du Centre-Ouest-de-l'Île-de-Montréal,4,2,17.0
2020-2021,CIUSSS du Centre-Ouest-de-l'Île-de-Montréal,4,3,16.0
2020-2021,CIUSSS du Centre-Ouest-de-l'Île-de-Montréal,4,4,8.0
2020-2021,CIUSSS du Centre-Ouest-de-l'Île-de-Montréal,4,5,15.0
2020-2021,CIUSSS du Centre-Ouest-de-l'Île-de-Montréal,4,6,2.0
2020-2021,CIUSSS du Centre-Ouest-de-l'Île-de-Montréal,4,7,1.0
2020-2021,CIUSSS du Centre-Ouest-de-l'Île-de-Montréal,4,8,0.0
2020-2021,CIUSSS du Centre-Ouest-de-l'Île-de-Montréal,4,9,59.0
2020-2021,CIUSSS du Centre-Ouest-de-l'Île-de-Montréal,5,1,69.0
2020-2021,CIUSSS du Centre-Ouest-de-l'Île-de-Montréal,5,2,64.0
2020-2021,CIUSSS du Centre-Ouest-de-l'Île-de-Montréal,5,3,25.0
2020-2021,CIUSSS du Centre-Ouest-de-l'Île-de-Montréal,5,4,21.0
2020-2021,CIUSSS du Centre-Ouest-de-l'Île-de-Montréal,5,5,18.0
2020-2021,CIUSSS du Centre-Ouest-de-l'Île-de-Montréal,5,6,2.0
2020-2021,CIUSSS du Centre-Ouest-de-l'Île-de-Montréal,5,7,0.0
2020-2021,CIUSSS du Centre-Ouest-de-l'Île-de-Montréal,5,8,0.0
2020-2021,CIUSSS du Centre-Ouest-de-l'Île-de-Montréal,5,9,199.0
2020-2021,CIUSSS du Centre-Ouest-de-l'Île-de-Montréal,6,1,69.0
2020-2021,CIUSSS du Centre-Ouest-de-l'Île-de-Montréal,6,2,81.0
2020-2021,CIUSSS du Centre-Ouest-de-l'Île-de-Montréal,6,3,41.0
2020-2021,CIUSSS du Centre-Ouest-de-l'Île-de-Montréal,6,4,29.0
2020-2021,CIUSSS du Centre-Ouest-de-l'Île-de-Montréal,6,5,33.0
2020-2021,CIUSSS du Centre-Ouest-de-l'Île-de-Montréal,6,6,4.0
2020-2021,CIUSSS du Centre-Ouest-de-l'Île-de-Montréal,6,7,1.0
2020-2021,CIUSSS du Centre-Ouest-de-l'Île-de-Montréal,6,8,0.0
2020-2021,CIUSSS du Centre-Ouest-de-l'Île-de-Montréal,6,9,258.0
2020-2021,CIUSSS du Centre-Ouest-de-l'Île-de-Montréal,7,1,29.0
2020-2021,CIUSSS du Centre-Ouest-de-l'Île-de-Montréal,7,2,18.0
2020-2021,CIUSSS du Centre-Ouest-de-l'Île-de-Montréal,7,3,16.0
2020-2021,CIUSSS du Centre-Ouest-de-l'Île-de-Montréal,7,4,8.0
2020-2021,CIUSSS du Centre-Ouest-de-l'Île-de-Montréal,7,5,28.0
2020-2021,CIUSSS du Centre-Ouest-de-l'Île-de-Montréal,7,6,18.0
2020-2021,CIUSSS du Centre-Ouest-de-l'Île-de-Montréal,7,7,5.0
2020-2021,CIUSSS du Centre-Ouest-de-l'Île-de-Montréal,7,8,0.0
2020-2021,CIUSSS du Centre-Ouest-de-l'Île-de-Montréal,7,9,122.0
2020-2021,CIUSSS du Centre-Ouest-de-l'Île-de-Montréal,8,1,57.0
2020-2021,CIUSSS du Centre-Ouest-de-l'Île-de-Montréal,8,2,92.0
2020-2021,CIUSSS du Centre-Ouest-de-l'Île-de-Montréal,8,3,35.0
2020-2021,CIUSSS du Centre-Ouest-de-l'Île-de-Montréal,8,4,19.0
2020-2021,CIUSSS du Centre-Ouest-de-l'Île-de-Montréal,8,5,32.0
2020-2021,CIUSSS du Centre-Ouest-de-l'Île-de-Montréal,8,6,5.0
2020-2021,CIUSSS du Centre-Ouest-de-l'Île-de-Montréal,8,7,0.0
2020-2021,CIUSSS du Centre-Ouest-de-l'Île-de-Montréal,8,8,0.0
2020-2021,CIUSSS du Centre-Ouest-de-l'Île-de-Montréal,8,9,240.0
2020-2021,CIUSSS du Centre-Ouest-de-l'Île-de-Montréal,9,1,86.0
2020-2021,CIUSSS du Centre-Ouest-de-l'Île-de-Montréal,9,2,110.0
2020-2021,CIUSSS du Centre-Ouest-de-l'Île-de-Montréal,9,3,51.0
2020-2021,CIUSSS du Centre-Ouest-de-l'Île-de-Montréal,9,4,27.0
2020-2021,CIUSSS du Centre-Ouest-de-l'Île-de-Montréal,9,5,60.0
2020-2021,CIUSSS du Centre-Ouest-de-l'Île-de-Montréal,9,6,23.0
2020-2021,CIUSSS du Centre-Ouest-de-l'Île-de-Montréal,9,7,5.0
2020-2021,CIUSSS du Centre-Ouest-de-l'Île-de-Montréal,9,8,0.0
2020-2021,CIUSSS du Centre-Ouest-de-l'Île-de-Montréal,9,9,362.0
2020-2021,CIUSSS du Centre-Sud-de-l'Île-de-Montréal,1,1,105.0
2020-2021,CIUSSS du Centre-Sud-de-l'Île-de-Montréal,1,2,68.0
2020-2021,CIUSSS du Centre-Sud-de-l'Île-de-Montréal,1,3,71.0
2020-2021,CIUSSS du Centre-Sud-de-l'Île-de-Montréal,1,4,136.0
2020-2021,CIUSSS du Centre-Sud-de-l'Île-de-Montréal,1,5,126.0
2020-2021,CIUSSS du Centre-Sud-de-l'Île-de-Montréal,1,6,48.0
2020-2021,CIUSSS du Centre-Sud-de-l'Île-de-Montréal,1,7,7.0
2020-2021,CIUSSS du Centre-Sud-de-l'Île-de-Montréal,1,8,2.0
2020-2021,CIUSSS du Centre-Sud-de-l'Île-de-Montréal,1,9,563.0
2020-2021,CIUSSS du Centre-Sud-de-l'Île-de-Montréal,2,1,359.0
2020-2021,CIUSSS du Centre-Sud-de-l'Île-de-Montréal,2,2,207.0
2020-2021,CIUSSS du Centre-Sud-de-l'Île-de-Montréal,2,3,62.0
2020-2021,CIUSSS du Centre-Sud-de-l'Île-de-Montréal,2,4,41.0
2020-2021,CIUSSS du Centre-Sud-de-l'Île-de-Montréal,2,5,41.0
2020-2021,CIUSSS du Centre-Sud-de-l'Île-de-Montréal,2,6,3.0
2020-2021,CIUSSS du Centre-Sud-de-l'Île-de-Montréal,2,9,713.0
2020-2021,CIUSSS du Centre-Sud-de-l'Île-de-Montréal,3,1,464.0
2020-2021,CIUSSS du Centre-Sud-de-l'Île-de-Montréal,3,2,275.0
2020-2021,CIUSSS du Centre-Sud-de-l'Île-de-Montréal,3,3,133.0
2020-2021,CIUSSS du Centre-Sud-de-l'Île-de-Montréal,3,4,177.0
2020-2021,CIUSSS du Centre-Sud-de-l'Île-de-Montréal,3,5,167.0
2020-2021,CIUSSS du Centre-Sud-de-l'Île-de-Montréal,3,6,51.0
2020-2021,CIUSSS du Centre-Sud-de-l'Île-de-Montréal,3,7,7.0
2020-2021,CIUSSS du Centre-Sud-de-l'Île-de-Montréal,3,8,2.0
2020-2021,CIUSSS du Centre-Sud-de-l'Île-de-Montréal,3,9,1276.0
2020-2021,CIUSSS du Centre-Sud-de-l'Île-de-Montréal,4,1,71.0
2020-2021,CIUSSS du Centre-Sud-de-l'Île-de-Montréal,4,2,39.0
2020-2021,CIUSSS du Centre-Sud-de-l'Île-de-Montréal,4,3,27.0
2020-2021,CIUSSS du Centre-Sud-de-l'Île-de-Montréal,4,4,19.0
2020-2021,CIUSSS du Centre-Sud-de-l'Île-de-Montréal,4,5,67.0
2020-2021,CIUSSS du Centre-Sud-de-l'Île-de-Montréal,4,6,21.0
2020-2021,CIUSSS du Centre-Sud-de-l'Île-de-Montréal,4,7,5.0
2020-2021,CIUSSS du Centre-Sud-de-l'Île-de-Montréal,4,9,249.0
2020-2021,CIUSSS du Centre-Sud-de-l'Île-de-Montréal,5,1,211.0
2020-2021,CIUSSS du Centre-Sud-de-l'Île-de-Montréal,5,2,135.0
2020-2021,CIUSSS du Centre-Sud-de-l'Île-de-Montréal,5,3,50.0
2020-2021,CIUSSS du Centre-Sud-de-l'Île-de-Montréal,5,4,21.0
2020-2021,CIUSSS du Centre-Sud-de-l'Île-de-Montréal,5,5,38.0
2020-2021,CIUSSS du Centre-Sud-de-l'Île-de-Montréal,5,6,4.0
2020-2021,CIUSSS du Centre-Sud-de-l'Île-de-Montréal,5,9,459.0
2020-2021,CIUSSS du Centre-Sud-de-l'Île-de-Montréal,6,1,282.0
2020-2021,CIUSSS du Centre-Sud-de-l'Île-de-Montréal,6,2,174.0
2020-2021,CIUSSS du Centre-Sud-de-l'Île-de-Montréal,6,3,77.0
2020-2021,CIUSSS du Centre-Sud-de-l'Île-de-Montréal,6,4,40.0
2020-2021,CIUSSS du Centre-Sud-de-l'Île-de-Montréal,6,5,105.0
2020-2021,CIUSSS du Centre-Sud-de-l'Île-de-Montréal,6,6,25.0
2020-2021,CIUSSS du Centre-Sud-de-l'Île-de-Montréal,6,7,5.0
2020-2021,CIUSSS du Centre-Sud-de-l'Île-de-Montréal,6,9,708.0
2020-2021,CIUSSS du Centre-Sud-de-l'Île-de-Montréal,7,1,50.0
2020-2021,CIUSSS du Centre-Sud-de-l'Île-de-Montréal,7,2,75.0
2020-2021,CIUSSS du Centre-Sud-de-l'Île-de-Montréal,7,3,35.0
2020-2021,CIUSSS du Centre-Sud-de-l'Île-de-Montréal,7,4,115.0
2020-2021,CIUSSS du Centre-Sud-de-l'Île-de-Montréal,7,5,93.0
2020-2021,CIUSSS du Centre-Sud-de-l'Île-de-Montréal,7,6,74.0
2020-2021,CIUSSS du Centre-Sud-de-l'Île-de-Montréal,7,7,43.0
2020-2021,CIUSSS du Centre-Sud-de-l'Île-de-Montréal,7,8,6.0
2020-2021,CIUSSS du Centre-Sud-de-l'Île-de-Montréal,7,9,491.0
2020-2021,CIUSSS du Centre-Sud-de-l'Île-de-Montréal,8,1,150.0
2020-2021,CIUSSS du Centre-Sud-de-l'Île-de-Montréal,8,2,348.0
2020-2021,CIUSSS du Centre-Sud-de-l'Île-de-Montréal,8,3,85.0
2020-2021,CIUSSS du Centre-Sud-de-l'Île-de-Montréal,8,4,28.0
2020-2021,CIUSSS du Centre-Sud-de-l'Île-de-Montréal,8,5,42.0
2020-2021,CIUSSS du Centre-Sud-de-l'Île-de-Montréal,8,6,11.0
2020-2021,CIUSSS du Centre-Sud-de-l'Île-de-Montréal,8,7,3.0
2020-2021,CIUSSS du Centre-Sud-de-l'Île-de-Montréal,8,9,667.0
2020-2021,CIUSSS du Centre-Sud-de-l'Île-de-Montréal,9,1,200.0
2020-2021,CIUSSS du Centre-Sud-de-l'Île-de-Montréal,9,2,423.0
2020-2021,CIUSSS du Centre-Sud-de-l'Île-de-Montréal,9,3,120.0
2020-2021,CIUSSS du Centre-Sud-de-l'Île-de-Montréal,9,4,143.0
2020-2021,CIUSSS du Centre-Sud-de-l'Île-de-Montréal,9,5,135.0
2020-2021,CIUSSS du Centre-Sud-de-l'Île-de-Montréal,9,6,85.0
2020-2021,CIUSSS du Centre-Sud-de-l'Île-de-Montréal,9,7,46.0
2020-2021,CIUSSS du Centre-Sud-de-l'Île-de-Montréal,9,8,6.0
2020-2021,CIUSSS du Centre-Sud-de-l'Île-de-Montréal,9,9,1158.0
2020-2021,CIUSSS du Saguenay  Lac-Saint-Jean,1,1,38.0
2020-2021,CIUSSS du Saguenay  Lac-Saint-Jean,1,2,15.0
2020-2021,CIUSSS du Saguenay  Lac-Saint-Jean,1,3,14.0
2020-2021,CIUSSS du Saguenay  Lac-Saint-Jean,1,4,16.0
2020-2021,CIUSSS du Saguenay  Lac-Saint-Jean,1,5,15.0
2020-2021,CIUSSS du Saguenay  Lac-Saint-Jean,1,6,13.0
2020-2021,CIUSSS du Saguenay  Lac-Saint-Jean,1,7,2.0
2020-2021,CIUSSS du Saguenay  Lac-Saint-Jean,1,8,1.0
2020-2021,CIUSSS du Saguenay  Lac-Saint-Jean,1,9,114.0
2020-2021,CIUSSS du Saguenay  Lac-Saint-Jean,2,1,29.0
2020-2021,CIUSSS du Saguenay  Lac-Saint-Jean,2,2,37.0
2020-2021,CIUSSS du Saguenay  Lac-Saint-Jean,2,3,18.0
2020-2021,CIUSSS du Saguenay  Lac-Saint-Jean,2,4,8.0
2020-2021,CIUSSS du Saguenay  Lac-Saint-Jean,2,5,6.0
2020-2021,CIUSSS du Saguenay  Lac-Saint-Jean,2,6,1.0
2020-2021,CIUSSS du Saguenay  Lac-Saint-Jean,2,7,0.0
2020-2021,CIUSSS du Saguenay  Lac-Saint-Jean,2,8,0.0
2020-2021,CIUSSS du Saguenay  Lac-Saint-Jean,2,9,99.0
2020-2021,CIUSSS du Saguenay  Lac-Saint-Jean,3,1,67.0
2020-2021,CIUSSS du Saguenay  Lac-Saint-Jean,3,2,52.0
2020-2021,CIUSSS du Saguenay  Lac-Saint-Jean,3,3,32.0
2020-2021,CIUSSS du Saguenay  Lac-Saint-Jean,3,4,24.0
2020-2021,CIUSSS du Saguenay  Lac-Saint-Jean,3,5,21.0
2020-2021,CIUSSS du Saguenay  Lac-Saint-Jean,3,6,14.0
2020-2021,CIUSSS du Saguenay  Lac-Saint-Jean,3,7,2.0
2020-2021,CIUSSS du Saguenay  Lac-Saint-Jean,3,8,1.0
2020-2021,CIUSSS du Saguenay  Lac-Saint-Jean,3,9,213.0
2020-2021,CIUSSS du Saguenay  Lac-Saint-Jean,4,1,22.0
2020-2021,CIUSSS du Saguenay  Lac-Saint-Jean,4,2,10.0
2020-2021,CIUSSS du Saguenay  Lac-Saint-Jean,4,3,7.0
2020-2021,CIUSSS du Saguenay  Lac-Saint-Jean,4,4,11.0
2020-2021,CIUSSS du Saguenay  Lac-Saint-Jean,4,5,8.0
2020-2021,CIUSSS du Saguenay  Lac-Saint-Jean,4,6,9.0
2020-2021,CIUSSS du Saguenay  Lac-Saint-Jean,4,7,2.0
2020-2021,CIUSSS du Saguenay  Lac-Saint-Jean,4,8,0.0
2020-2021,CIUSSS du Saguenay  Lac-Saint-Jean,4,9,69.0
2020-2021,CIUSSS du Saguenay  Lac-Saint-Jean,5,1,26.0
2020-2021,CIUSSS du Saguenay  Lac-Saint-Jean,5,2,25.0
2020-2021,CIUSSS du Saguenay  Lac-Saint-Jean,5,3,11.0
2020-2021,CIUSSS du Saguenay  Lac-Saint-Jean,5,4,5.0
2020-2021,CIUSSS du Saguenay  Lac-Saint-Jean,5,5,4.0
2020-2021,CIUSSS du Saguenay  Lac-Saint-Jean,5,6,1.0
2020-2021,CIUSSS du Saguenay  Lac-Saint-Jean,5,7,0.0
2020-2021,CIUSSS du Saguenay  Lac-Saint-Jean,5,8,0.0
2020-2021,CIUSSS du Saguenay  Lac-Saint-Jean,5,9,72.0
2020-2021,CIUSSS du Saguenay  Lac-Saint-Jean,6,1,48.0
2020-2021,CIUSSS du Saguenay  Lac-Saint-Jean,6,2,35.0
2020-2021,CIUSSS du Saguenay  Lac-Saint-Jean,6,3,18.0
2020-2021,CIUSSS du Saguenay  Lac-Saint-Jean,6,4,16.0
2020-2021,CIUSSS du Saguenay  Lac-Saint-Jean,6,5,12.0
2020-2021,CIUSSS du Saguenay  Lac-Saint-Jean,6,6,10.0
2020-2021,CIUSSS du Saguenay  Lac-Saint-Jean,6,7,2.0
2020-2021,CIUSSS du Saguenay  Lac-Saint-Jean,6,8,0.0
2020-2021,CIUSSS du Saguenay  Lac-Saint-Jean,6,9,141.0
2020-2021,CIUSSS du Saguenay  Lac-Saint-Jean,7,1,6.0
2020-2021,CIUSSS du Saguenay  Lac-Saint-Jean,7,2,30.0
2020-2021,CIUSSS du Saguenay  Lac-Saint-Jean,7,3,11.0
2020-2021,CIUSSS du Saguenay  Lac-Saint-Jean,7,4,9.0
2020-2021,CIUSSS du Saguenay  Lac-Saint-Jean,7,5,29.0
2020-2021,CIUSSS du Saguenay  Lac-Saint-Jean,7,6,26.0
2020-2021,CIUSSS du Saguenay  Lac-Saint-Jean,7,7,8.0
2020-2021,CIUSSS du Saguenay  Lac-Saint-Jean,7,8,6.0
2020-2021,CIUSSS du Saguenay  Lac-Saint-Jean,7,9,125.0
2020-2021,CIUSSS du Saguenay  Lac-Saint-Jean,8,1,2.0
2020-2021,CIUSSS du Saguenay  Lac-Saint-Jean,8,2,37.0
2020-2021,CIUSSS du Saguenay  Lac-Saint-Jean,8,3,21.0
2020-2021,CIUSSS du Saguenay  Lac-Saint-Jean,8,4,14.0
2020-2021,CIUSSS du Saguenay  Lac-Saint-Jean,8,5,17.0
2020-2021,CIUSSS du Saguenay  Lac-Saint-Jean,8,6,4.0
2020-2021,CIUSSS du Saguenay  Lac-Saint-Jean,8,7,0.0
2020-2021,CIUSSS du Saguenay  Lac-Saint-Jean,8,8,0.0
2020-2021,CIUSSS du Saguenay  Lac-Saint-Jean,8,9,95.0
2020-2021,CIUSSS du Saguenay  Lac-Saint-Jean,9,1,8.0
2020-2021,CIUSSS du Saguenay  Lac-Saint-Jean,9,2,67.0
2020-2021,CIUSSS du Saguenay  Lac-Saint-Jean,9,3,32.0
2020-2021,CIUSSS du Saguenay  Lac-Saint-Jean,9,4,23.0
2020-2021,CIUSSS du Saguenay  Lac-Saint-Jean,9,5,46.0
2020-2021,CIUSSS du Saguenay  Lac-Saint-Jean,9,6,30.0
2020-2021,CIUSSS du Saguenay  Lac-Saint-Jean,9,7,8.0
2020-2021,CIUSSS du Saguenay  Lac-Saint-Jean,9,8,6.0
2020-2021,CIUSSS du Saguenay  Lac-Saint-Jean,9,9,220.0
2021-2022,CISSS de Chaudière-Appalaches,1,1,47.0
2021-2022,CISSS de Chaudière-Appalaches,1,2,30.0
2021-2022,CISSS de Chaudière-Appalaches,1,3,41.0
2021-2022,CISSS de Chaudière-Appalaches,1,4,28.0
2021-2022,CISSS de Chaudière-Appalaches,1,5,59.0
2021-2022,CISSS de Chaudière-Appalaches,1,6,34.0
2021-2022,CISSS de Chaudière-Appalaches,1,7,13.0
2021-2022,CISSS de Chaudière-Appalaches,1,8,2.0
2021-2022,CISSS de Chaudière-Appalaches,1,9,254.0
2021-2022,CISSS de Chaudière-Appalaches,2,1,58.0
2021-2022,CISSS de Chaudière-Appalaches,2,2,129.0
2021-2022,CISSS de Chaudière-Appalaches,2,3,73.0
2021-2022,CISSS de Chaudière-Appalaches,2,4,28.0
2021-2022,CISSS de Chaudière-Appalaches,2,5,41.0
2021-2022,CISSS de Chaudière-Appalaches,2,6,4.0
2021-2022,CISSS de Chaudière-Appalaches,2,7,0.0
2021-2022,CISSS de Chaudière-Appalaches,2,8,0.0
2021-2022,CISSS de Chaudière-Appalaches,2,9,333.0
2021-2022,CISSS de Chaudière-Appalaches,3,1,105.0
2021-2022,CISSS de Chaudière-Appalaches,3,2,159.0
2021-2022,CISSS de Chaudière-Appalaches,3,3,114.0
2021-2022,CISSS de Chaudière-Appalaches,3,4,56.0
2021-2022,CISSS de Chaudière-Appalaches,3,5,100.0
2021-2022,CISSS de Chaudière-Appalaches,3,6,38.0
2021-2022,CISSS de Chaudière-Appalaches,3,7,13.0
2021-2022,CISSS de Chaudière-Appalaches,3,8,2.0
2021-2022,CISSS de Chaudière-Appalaches,3,9,587.0
2021-2022,CISSS de Chaudière-Appalaches,4,1,42.0
2021-2022,CISSS de Chaudière-Appalaches,4,2,34.0
2021-2022,CISSS de Chaudière-Appalaches,4,3,43.0
2021-2022,CISSS de Chaudière-Appalaches,4,4,26.0
2021-2022,CISSS de Chaudière-Appalaches,4,5,45.0
2021-2022,CISSS de Chaudière-Appalaches,4,6,31.0
2021-2022,CISSS de Chaudière-Appalaches,4,7,11.0
2021-2022,CISSS de Chaudière-Appalaches,4,8,2.0
2021-2022,CISSS de Chaudière-Appalaches,4,9,234.0
2021-2022,CISSS de Chaudière-Appalaches,5,1,57.0
2021-2022,CISSS de Chaudière-Appalaches,5,2,123.0
2021-2022,CISSS de Chaudière-Appalaches,5,3,82.0
2021-2022,CISSS de Chaudière-Appalaches,5,4,24.0
2021-2022,CISSS de Chaudière-Appalaches,5,5,27.0
2021-2022,CISSS de Chaudière-Appalaches,5,6,4.0
2021-2022,CISSS de Chaudière-Appalaches,5,7,0.0
2021-2022,CISSS de Chaudière-Appalaches,5,8,0.0
2021-2022,CISSS de Chaudière-Appalaches,5,9,317.0
2021-2022,CISSS de Chaudière-Appalaches,6,1,99.0
2021-2022,CISSS de Chaudière-Appalaches,6,2,157.0
2021-2022,CISSS de Chaudière-Appalaches,6,3,125.0
2021-2022,CISSS de Chaudière-Appalaches,6,4,50.0
2021-2022,CISSS de Chaudière-Appalaches,6,5,72.0
2021-2022,CISSS de Chaudière-Appalaches,6,6,35.0
2021-2022,CISSS de Chaudière-Appalaches,6,7,11.0
2021-2022,CISSS de Chaudière-Appalaches,6,8,2.0
2021-2022,CISSS de Chaudière-Appalaches,6,9,551.0
2021-2022,CISSS de Chaudière-Appalaches,7,1,3.0
2021-2022,CISSS de Chaudière-Appalaches,7,2,41.0
2021-2022,CISSS de Chaudière-Appalaches,7,3,23.0
2021-2022,CISSS de Chaudière-Appalaches,7,4,35.0
2021-2022,CISSS de Chaudière-Appalaches,7,5,72.0
2021-2022,CISSS de Chaudière-Appalaches,7,6,41.0
2021-2022,CISSS de Chaudière-Appalaches,7,7,19.0
2021-2022,CISSS de Chaudière-Appalaches,7,8,4.0
2021-2022,CISSS de Chaudière-Appalaches,7,9,238.0
2021-2022,CISSS de Chaudière-Appalaches,8,1,5.0
2021-2022,CISSS de Chaudière-Appalaches,8,2,124.0
2021-2022,CISSS de Chaudière-Appalaches,8,3,85.0
2021-2022,CISSS de Chaudière-Appalaches,8,4,26.0
2021-2022,CISSS de Chaudière-Appalaches,8,5,37.0
2021-2022,CISSS de Chaudière-Appalaches,8,6,10.0
2021-2022,CISSS de Chaudière-Appalaches,8,7,0.0
2021-2022,CISSS de Chaudière-Appalaches,8,8,0.0
2021-2022,CISSS de Chaudière-Appalaches,8,9,287.0
2021-2022,CISSS de Chaudière-Appalaches,9,1,8.0
2021-2022,CISSS de Chaudière-Appalaches,9,2,165.0
2021-2022,CISSS de Chaudière-Appalaches,9,3,108.0
2021-2022,CISSS de Chaudière-Appalaches,9,4,61.0
2021-2022,CISSS de Chaudière-Appalaches,9,5,109.0
2021-2022,CISSS de Chaudière-Appalaches,9,6,51.0
2021-2022,CISSS de Chaudière-Appalaches,9,7,19.0
2021-2022,CISSS de Chaudière-Appalaches,9,8,4.0
2021-2022,CISSS de Chaudière-Appalaches,9,9,525.0
2021-2022,CISSS de Lanaudière,1,1,34.0
2021-2022,CISSS de Lanaudière,1,2,24.0
2021-2022,CISSS de Lanaudière,1,3,19.0
2021-2022,CISSS de Lanaudière,1,4,14.0
2021-2022,CISSS de Lanaudière,1,5,29.0
2021-2022,CISSS de Lanaudière,1,6,16.0
2021-2022,CISSS de Lanaudière,1,7,6.0
2021-2022,CISSS de Lanaudière,1,8,1.0
2021-2022,CISSS de Lanaudière,1,9,143.0
2021-2022,CISSS de Lanaudière,2,1,143.0
2021-2022,CISSS de Lanaudière,2,2,238.0
2021-2022,CISSS de Lanaudière,2,3,104.0
2021-2022,CISSS de Lanaudière,2,4,17.0
2021-2022,CISSS de Lanaudière,2,5,27.0
2021-2022,CISSS de Lanaudière,2,6,3.0
2021-2022,CISSS de Lanaudière,2,9,532.0
2021-2022,CISSS de Lanaudière,3,1,177.0
2021-2022,CISSS de Lanaudière,3,2,262.0
2021-2022,CISSS de Lanaudière,3,3,123.0
2021-2022,CISSS de Lanaudière,3,4,31.0
2021-2022,CISSS de Lanaudière,3,5,56.0
2021-2022,CISSS de Lanaudière,3,6,19.0
2021-2022,CISSS de Lanaudière,3,7,6.0
2021-2022,CISSS de Lanaudière,3,8,1.0
2021-2022,CISSS de Lanaudière,3,9,675.0
2021-2022,CISSS de Lanaudière,4,1,44.0
2021-2022,CISSS de Lanaudière,4,2,28.0
2021-2022,CISSS de Lanaudière,4,3,18.0
2021-2022,CISSS de Lanaudière,4,4,22.0
2021-2022,CISSS de Lanaudière,4,5,53.0
2021-2022,CISSS de Lanaudière,4,6,29.0
2021-2022,CISSS de Lanaudière,4,7,6.0
2021-2022,CISSS de Lanaudière,4,8,3.0
2021-2022,CISSS de Lanaudière,4,9,203.0
2021-2022,CISSS de Lanaudière,5,1,187.0
2021-2022,CISSS de Lanaudière,5,2,289.0
2021-2022,CISSS de Lanaudière,5,3,106.0
2021-2022,CISSS de Lanaudière,5,4,21.0
2021-2022,CISSS de Lanaudière,5,5,29.0
2021-2022,CISSS de Lanaudière,5,6,1.0
2021-2022,CISSS de Lanaudière,5,7,1.0
2021-2022,CISSS de Lanaudière,5,9,634.0
2021-2022,CISSS de Lanaudière,6,1,231.0
2021-2022,CISSS de Lanaudière,6,2,317.0
2021-2022,CISSS de Lanaudière,6,3,124.0
2021-2022,CISSS de Lanaudière,6,4,43.0
2021-2022,CISSS de Lanaudière,6,5,82.0
2021-2022,CISSS de Lanaudière,6,6,30.0
2021-2022,CISSS de Lanaudière,6,7,7.0
2021-2022,CISSS de Lanaudière,6,8,3.0
2021-2022,CISSS de Lanaudière,6,9,837.0
2021-2022,CISSS de Lanaudière,7,1,15.0
2021-2022,CISSS de Lanaudière,7,2,37.0
2021-2022,CISSS de Lanaudière,7,3,19.0
2021-2022,CISSS de Lanaudière,7,4,36.0
2021-2022,CISSS de Lanaudière,7,5,73.0
2021-2022,CISSS de Lanaudière,7,6,36.0
2021-2022,CISSS de Lanaudière,7,7,9.0
2021-2022,CISSS de Lanaudière,7,8,1.0
2021-2022,CISSS de Lanaudière,7,9,226.0
2021-2022,CISSS de Lanaudière,8,1,30.0
2021-2022,CISSS de Lanaudière,8,2,314.0
2021-2022,CISSS de Lanaudière,8,3,92.0
2021-2022,CISSS de Lanaudière,8,4,51.0
2021-2022,CISSS de Lanaudière,8,5,23.0
2021-2022,CISSS de Lanaudière,8,6,6.0
2021-2022,CISSS de Lanaudière,8,7,2.0
2021-2022,CISSS de Lanaudière,8,9,518.0
2021-2022,CISSS de Lanaudière,9,1,45.0
2021-2022,CISSS de Lanaudière,9,2,351.0
2021-2022,CISSS de Lanaudière,9,3,111.0
2021-2022,CISSS de Lanaudière,9,4,87.0
2021-2022,CISSS de Lanaudière,9,5,96.0
2021-2022,CISSS de Lanaudière,9,6,42.0
2021-2022,CISSS de Lanaudière,9,7,11.0
2021-2022,CISSS de Lanaudière,9,8,1.0
2021-2022,CISSS de Lanaudière,9,9,744.0
2021-2022,CISSS de Laval,1,1,25.0
2021-2022,CISSS de Laval,1,2,18.0
2021-2022,CISSS de Laval,1,3,13.0
2021-2022,CISSS de Laval,1,4,11.0
2021-2022,CISSS de Laval,1,5,9.0
2021-2022,CISSS de Laval,1,6,14.0
2021-2022,CISSS de Laval,1,7,2.0
2021-2022,CISSS de Laval,1,8,0.0
2021-2022,CISSS de Laval,1,9,92.0
2021-2022,CISSS de Laval,2,1,91.0
2021-2022,CISSS de Laval,2,2,118.0
2021-2022,CISSS de Laval,2,3,61.0
2021-2022,CISSS de Laval,2,4,11.0
2021-2022,CISSS de Laval,2,5,16.0
2021-2022,CISSS de Laval,2,6,4.0
2021-2022,CISSS de Laval,2,7,0.0
2021-2022,CISSS de Laval,2,8,0.0
2021-2022,CISSS de Laval,2,9,301.0
2021-2022,CISSS de Laval,3,1,116.0
2021-2022,CISSS de Laval,3,2,136.0
2021-2022,CISSS de Laval,3,3,74.0
2021-2022,CISSS de Laval,3,4,22.0
2021-2022,CISSS de Laval,3,5,25.0
2021-2022,CISSS de Laval,3,6,18.0
2021-2022,CISSS de Laval,3,7,2.0
2021-2022,CISSS de Laval,3,8,0.0
2021-2022,CISSS de Laval,3,9,393.0
2021-2022,CISSS de Laval,4,1,26.0
2021-2022,CISSS de Laval,4,2,23.0
2021-2022,CISSS de Laval,4,3,16.0
2021-2022,CISSS de Laval,4,4,15.0
2021-2022,CISSS de Laval,4,5,10.0
2021-2022,CISSS de Laval,4,6,5.0
2021-2022,CISSS de Laval,4,7,0.0
2021-2022,CISSS de Laval,4,8,0.0
2021-2022,CISSS de Laval,4,9,95.0
2021-2022,CISSS de Laval,5,1,101.0
2021-2022,CISSS de Laval,5,2,106.0
2021-2022,CISSS de Laval,5,3,63.0
2021-2022,CISSS de Laval,5,4,16.0
2021-2022,CISSS de Laval,5,5,12.0
2021-2022,CISSS de Laval,5,6,3.0
2021-2022,CISSS de Laval,5,7,0.0
2021-2022,CISSS de Laval,5,8,0.0
2021-2022,CISSS de Laval,5,9,301.0
2021-2022,CISSS de Laval,6,1,127.0
2021-2022,CISSS de Laval,6,2,129.0
2021-2022,CISSS de Laval,6,3,79.0
2021-2022,CISSS de Laval,6,4,31.0
2021-2022,CISSS de Laval,6,5,22.0
2021-2022,CISSS de Laval,6,6,8.0
2021-2022,CISSS de Laval,6,7,0.0
2021-2022,CISSS de Laval,6,8,0.0
2021-2022,CISSS de Laval,6,9,396.0
2021-2022,CISSS de Laval,7,1,12.0
2021-2022,CISSS de Laval,7,2,33.0
2021-2022,CISSS de Laval,7,3,11.0
2021-2022,CISSS de Laval,7,4,19.0
2021-2022,CISSS de Laval,7,5,23.0
2021-2022,CISSS de Laval,7,6,11.0
2021-2022,CISSS de Laval,7,7,4.0
2021-2022,CISSS de Laval,7,8,1.0
2021-2022,CISSS de Laval,7,9,114.0
2021-2022,CISSS de Laval,8,1,13.0
2021-2022,CISSS de Laval,8,2,188.0
2021-2022,CISSS de Laval,8,3,62.0
2021-2022,CISSS de Laval,8,4,21.0
2021-2022,CISSS de Laval,8,5,29.0
2021-2022,CISSS de Laval,8,6,2.0
2021-2022,CISSS de Laval,8,7,1.0
2021-2022,CISSS de Laval,8,8,0.0
2021-2022,CISSS de Laval,8,9,316.0
2021-2022,CISSS de Laval,9,1,25.0
2021-2022,CISSS de Laval,9,2,221.0
2021-2022,CISSS de Laval,9,3,73.0
2021-2022,CISSS de Laval,9,4,40.0
2021-2022,CISSS de Laval,9,5,52.0
2021-2022,CISSS de Laval,9,6,13.0
2021-2022,CISSS de Laval,9,7,5.0
2021-2022,CISSS de Laval,9,8,1.0
2021-2022,CISSS de Laval,9,9,430.0
2021-2022,CISSS de l'Abitibi-Témiscamingue,1,1,6.0
2021-2022,CISSS de l'Abitibi-Témiscamingue,1,2,11.0
2021-2022,CISSS de l'Abitibi-Témiscamingue,1,3,8.0
2021-2022,CISSS de l'Abitibi-Témiscamingue,1,4,7.0
2021-2022,CISSS de l'Abitibi-Témiscamingue,1,5,16.0
2021-2022,CISSS de l'Abitibi-Témiscamingue,1,6,11.0
2021-2022,CISSS de l'Abitibi-Témiscamingue,1,7,7.0
2021-2022,CISSS de l'Abitibi-Témiscamingue,1,8,0.0
2021-2022,CISSS de l'Abitibi-Témiscamingue,1,9,66.0
2021-2022,CISSS de l'Abitibi-Témiscamingue,2,1,58.0
2021-2022,CISSS de l'Abitibi-Témiscamingue,2,2,40.0
2021-2022,CISSS de l'Abitibi-Témiscamingue,2,3,18.0
2021-2022,CISSS de l'Abitibi-Témiscamingue,2,4,4.0
2021-2022,CISSS de l'Abitibi-Témiscamingue,2,5,2.0
2021-2022,CISSS de l'Abitibi-Témiscamingue,2,6,5.0
2021-2022,CISSS de l'Abitibi-Témiscamingue,2,7,0.0
2021-2022,CISSS de l'Abitibi-Témiscamingue,2,8,0.0
2021-2022,CISSS de l'Abitibi-Témiscamingue,2,9,127.0
2021-2022,CISSS de l'Abitibi-Témiscamingue,3,1,64.0
2021-2022,CISSS de l'Abitibi-Témiscamingue,3,2,51.0
2021-2022,CISSS de l'Abitibi-Témiscamingue,3,3,26.0
2021-2022,CISSS de l'Abitibi-Témiscamingue,3,4,11.0
2021-2022,CISSS de l'Abitibi-Témiscamingue,3,5,18.0
2021-2022,CISSS de l'Abitibi-Témiscamingue,3,6,16.0
2021-2022,CISSS de l'Abitibi-Témiscamingue,3,7,7.0
2021-2022,CISSS de l'Abitibi-Témiscamingue,3,8,0.0
2021-2022,CISSS de l'Abitibi-Témiscamingue,3,9,193.0
2021-2022,CISSS de l'Abitibi-Témiscamingue,4,1,10.0
2021-2022,CISSS de l'Abitibi-Témiscamingue,4,2,13.0
2021-2022,CISSS de l'Abitibi-Témiscamingue,4,3,5.0
2021-2022,CISSS de l'Abitibi-Témiscamingue,4,4,9.0
2021-2022,CISSS de l'Abitibi-Témiscamingue,4,5,17.0
2021-2022,CISSS de l'Abitibi-Témiscamingue,4,6,12.0
2021-2022,CISSS de l'Abitibi-Témiscamingue,4,7,9.0
2021-2022,CISSS de l'Abitibi-Témiscamingue,4,8,0.0
2021-2022,CISSS de l'Abitibi-Témiscamingue,4,9,75.0
2021-2022,CISSS de l'Abitibi-Témiscamingue,5,1,35.0
2021-2022,CISSS de l'Abitibi-Témiscamingue,5,2,18.0
2021-2022,CISSS de l'Abitibi-Témiscamingue,5,3,9.0
2021-2022,CISSS de l'Abitibi-Témiscamingue,5,4,5.0
2021-2022,CISSS de l'Abitibi-Témiscamingue,5,5,4.0
2021-2022,CISSS de l'Abitibi-Témiscamingue,5,6,2.0
2021-2022,CISSS de l'Abitibi-Témiscamingue,5,7,0.0
2021-2022,CISSS de l'Abitibi-Témiscamingue,5,8,0.0
2021-2022,CISSS de l'Abitibi-Témiscamingue,5,9,73.0
2021-2022,CISSS de l'Abitibi-Témiscamingue,6,1,45.0
2021-2022,CISSS de l'Abitibi-Témiscamingue,6,2,31.0
2021-2022,CISSS de l'Abitibi-Témiscamingue,6,3,14.0
2021-2022,CISSS de l'Abitibi-Témiscamingue,6,4,14.0
2021-2022,CISSS de l'Abitibi-Témiscamingue,6,5,21.0
2021-2022,CISSS de l'Abitibi-Témiscamingue,6,6,14.0
2021-2022,CISSS de l'Abitibi-Témiscamingue,6,7,9.0
2021-2022,CISSS de l'Abitibi-Témiscamingue,6,8,0.0
2021-2022,CISSS de l'Abitibi-Témiscamingue,6,9,148.0
2021-2022,CISSS de l'Abitibi-Témiscamingue,7,1,1.0
2021-2022,CISSS de l'Abitibi-Témiscamingue,7,2,22.0
2021-2022,CISSS de l'Abitibi-Témiscamingue,7,3,10.0
2021-2022,CISSS de l'Abitibi-Témiscamingue,7,4,10.0
2021-2022,CISSS de l'Abitibi-Témiscamingue,7,5,22.0
2021-2022,CISSS de l'Abitibi-Témiscamingue,7,6,16.0
2021-2022,CISSS de l'Abitibi-Témiscamingue,7,7,5.0
2021-2022,CISSS de l'Abitibi-Témiscamingue,7,8,1.0
2021-2022,CISSS de l'Abitibi-Témiscamingue,7,9,87.0
2021-2022,CISSS de l'Abitibi-Témiscamingue,8,1,8.0
2021-2022,CISSS de l'Abitibi-Témiscamingue,8,2,20.0
2021-2022,CISSS de l'Abitibi-Témiscamingue,8,3,35.0
2021-2022,CISSS de l'Abitibi-Témiscamingue,8,4,8.0
2021-2022,CISSS de l'Abitibi-Témiscamingue,8,5,5.0
2021-2022,CISSS de l'Abitibi-Témiscamingue,8,6,1.0
2021-2022,CISSS de l'Abitibi-Témiscamingue,8,7,0.0
2021-2022,CISSS de l'Abitibi-Témiscamingue,8,8,0.0
2021-2022,CISSS de l'Abitibi-Témiscamingue,8,9,77.0
2021-2022,CISSS de l'Abitibi-Témiscamingue,9,1,9.0
2021-2022,CISSS de l'Abitibi-Témiscamingue,9,2,42.0
2021-2022,CISSS de l'Abitibi-Témiscamingue,9,3,45.0
2021-2022,CISSS de l'Abitibi-Témiscamingue,9,4,18.0
2021-2022,CISSS de l'Abitibi-Témiscamingue,9,5,27.0
2021-2022,CISSS de l'Abitibi-Témiscamingue,9,6,17.0
2021-2022,CISSS de l'Abitibi-Témiscamingue,9,7,5.0
2021-2022,CISSS de l'Abitibi-Témiscamingue,9,8,1.0
2021-2022,CISSS de l'Abitibi-Témiscamingue,9,9,164.0
2021-2022,CISSS de l'Outaouais,1,1,40.0
2021-2022,CISSS de l'Outaouais,1,2,29.0
2021-2022,CISSS de l'Outaouais,1,3,24.0
2021-2022,CISSS de l'Outaouais,1,4,15.0
2021-2022,CISSS de l'Outaouais,1,5,39.0
2021-2022,CISSS de l'Outaouais,1,6,19.0
2021-2022,CISSS de l'Outaouais,1,9,166.0
2021-2022,CISSS de l'Outaouais,2,1,140.0
2021-2022,CISSS de l'Outaouais,2,2,104.0
2021-2022,CISSS de l'Outaouais,2,3,48.0
2021-2022,CISSS de l'Outaouais,2,4,13.0
2021-2022,CISSS de l'Outaouais,2,5,35.0
2021-2022,CISSS de l'Outaouais,2,6,7.0
2021-2022,CISSS de l'Outaouais,2,9,347.0
2021-2022,CISSS de l'Outaouais,3,1,180.0
2021-2022,CISSS de l'Outaouais,3,2,133.0
2021-2022,CISSS de l'Outaouais,3,3,72.0
2021-2022,CISSS de l'Outaouais,3,4,28.0
2021-2022,CISSS de l'Outaouais,3,5,74.0
2021-2022,CISSS de l'Outaouais,3,6,26.0
2021-2022,CISSS de l'Outaouais,3,9,513.0
2021-2022,CISSS de l'Outaouais,4,1,26.0
2021-2022,CISSS de l'Outaouais,4,2,15.0
2021-2022,CISSS de l'Outaouais,4,3,18.0
2021-2022,CISSS de l'Outaouais,4,4,12.0
2021-2022,CISSS de l'Outaouais,4,5,49.0
2021-2022,CISSS de l'Outaouais,4,6,26.0
2021-2022,CISSS de l'Outaouais,4,7,5.0
2021-2022,CISSS de l'Outaouais,4,9,151.0
2021-2022,CISSS de l'Outaouais,5,1,129.0
2021-2022,CISSS de l'Outaouais,5,2,75.0
2021-2022,CISSS de l'Outaouais,5,3,29.0
2021-2022,CISSS de l'Outaouais,5,4,13.0
2021-2022,CISSS de l'Outaouais,5,5,31.0
2021-2022,CISSS de l'Outaouais,5,6,6.0
2021-2022,CISSS de l'Outaouais,5,9,283.0
2021-2022,CISSS de l'Outaouais,6,1,155.0
2021-2022,CISSS de l'Outaouais,6,2,90.0
2021-2022,CISSS de l'Outaouais,6,3,47.0
2021-2022,CISSS de l'Outaouais,6,4,25.0
2021-2022,CISSS de l'Outaouais,6,5,80.0
2021-2022,CISSS de l'Outaouais,6,6,32.0
2021-2022,CISSS de l'Outaouais,6,7,5.0
2021-2022,CISSS de l'Outaouais,6,9,434.0
2021-2022,CISSS de l'Outaouais,7,1,13.0
2021-2022,CISSS de l'Outaouais,7,2,33.0
2021-2022,CISSS de l'Outaouais,7,3,31.0
2021-2022,CISSS de l'Outaouais,7,4,21.0
2021-2022,CISSS de l'Outaouais,7,5,76.0
2021-2022,CISSS de l'Outaouais,7,6,33.0
2021-2022,CISSS de l'Outaouais,7,7,8.0
2021-2022,CISSS de l'Outaouais,7,8,2.0
2021-2022,CISSS de l'Outaouais,7,9,217.0
2021-2022,CISSS de l'Outaouais,8,1,8.0
2021-2022,CISSS de l'Outaouais,8,2,144.0
2021-2022,CISSS de l'Outaouais,8,3,73.0
2021-2022,CISSS de l'Outaouais,8,4,25.0
2021-2022,CISSS de l'Outaouais,8,5,38.0
2021-2022,CISSS de l'Outaouais,8,6,11.0
2021-2022,CISSS de l'Outaouais,8,9,299.0
2021-2022,CISSS de l'Outaouais,9,1,21.0
2021-2022,CISSS de l'Outaouais,9,2,177.0
2021-2022,CISSS de l'Outaouais,9,3,104.0
2021-2022,CISSS de l'Outaouais,9,4,46.0
2021-2022,CISSS de l'Outaouais,9,5,114.0
2021-2022,CISSS de l'Outaouais,9,6,44.0
2021-2022,CISSS de l'Outaouais,9,7,8.0
2021-2022,CISSS de l'Outaouais,9,8,2.0
2021-2022,CISSS de l'Outaouais,9,9,516.0
2021-2022,CISSS de la Côte-Nord,1,1,23.0
2021-2022,CISSS de la Côte-Nord,1,2,13.0
2021-2022,CISSS de la Côte-Nord,1,3,7.0
2021-2022,CISSS de la Côte-Nord,1,4,1.0
2021-2022,CISSS de la Côte-Nord,1,5,8.0
2021-2022,CISSS de la Côte-Nord,1,6,3.0
2021-2022,CISSS de la Côte-Nord,1,7,0.0
2021-2022,CISSS de la Côte-Nord,1,8,1.0
2021-2022,CISSS de la Côte-Nord,1,9,56.0
2021-2022,CISSS de la Côte-Nord,2,1,9.0
2021-2022,CISSS de la Côte-Nord,2,2,41.0
2021-2022,CISSS de la Côte-Nord,2,3,22.0
2021-2022,CISSS de la Côte-Nord,2,4,7.0
2021-2022,CISSS de la Côte-Nord,2,5,11.0
2021-2022,CISSS de la Côte-Nord,2,6,1.0
2021-2022,CISSS de la Côte-Nord,2,7,0.0
2021-2022,CISSS de la Côte-Nord,2,8,0.0
2021-2022,CISSS de la Côte-Nord,2,9,91.0
2021-2022,CISSS de la Côte-Nord,3,1,32.0
2021-2022,CISSS de la Côte-Nord,3,2,54.0
2021-2022,CISSS de la Côte-Nord,3,3,29.0
2021-2022,CISSS de la Côte-Nord,3,4,8.0
2021-2022,CISSS de la Côte-Nord,3,5,19.0
2021-2022,CISSS de la Côte-Nord,3,6,4.0
2021-2022,CISSS de la Côte-Nord,3,7,0.0
2021-2022,CISSS de la Côte-Nord,3,8,1.0
2021-2022,CISSS de la Côte-Nord,3,9,147.0
2021-2022,CISSS de la Côte-Nord,4,1,10.0
2021-2022,CISSS de la Côte-Nord,4,2,5.0
2021-2022,CISSS de la Côte-Nord,4,3,2.0
2021-2022,CISSS de la Côte-Nord,4,4,0.0
2021-2022,CISSS de la Côte-Nord,4,5,3.0
2021-2022,CISSS de la Côte-Nord,4,6,3.0
2021-2022,CISSS de la Côte-Nord,4,7,0.0
2021-2022,CISSS de la Côte-Nord,4,8,0.0
2021-2022,CISSS de la Côte-Nord,4,9,23.0
2021-2022,CISSS de la Côte-Nord,5,1,2.0
2021-2022,CISSS de la Côte-Nord,5,2,22.0
2021-2022,CISSS de la Côte-Nord,5,3,15.0
2021-2022,CISSS de la Côte-Nord,5,4,2.0
2021-2022,CISSS de la Côte-Nord,5,5,3.0
2021-2022,CISSS de la Côte-Nord,5,6,1.0
2021-2022,CISSS de la Côte-Nord,5,7,0.0
2021-2022,CISSS de la Côte-Nord,5,8,0.0
2021-2022,CISSS de la Côte-Nord,5,9,45.0
2021-2022,CISSS de la Côte-Nord,6,1,12.0
2021-2022,CISSS de la Côte-Nord,6,2,27.0
2021-2022,CISSS de la Côte-Nord,6,3,17.0
2021-2022,CISSS de la Côte-Nord,6,4,2.0
2021-2022,CISSS de la Côte-Nord,6,5,6.0
2021-2022,CISSS de la Côte-Nord,6,6,4.0
2021-2022,CISSS de la Côte-Nord,6,7,0.0
2021-2022,CISSS de la Côte-Nord,6,8,0.0
2021-2022,CISSS de la Côte-Nord,6,9,68.0
2021-2022,CISSS de la Côte-Nord,7,1,4.0
2021-2022,CISSS de la Côte-Nord,7,2,7.0
2021-2022,CISSS de la Côte-Nord,7,3,2.0
2021-2022,CISSS de la Côte-Nord,7,4,1.0
2021-2022,CISSS de la Côte-Nord,7,5,7.0
2021-2022,CISSS de la Côte-Nord,7,6,7.0
2021-2022,CISSS de la Côte-Nord,7,7,1.0
2021-2022,CISSS de la Côte-Nord,7,8,0.0
2021-2022,CISSS de la Côte-Nord,7,9,29.0
2021-2022,CISSS de la Côte-Nord,8,1,2.0
2021-2022,CISSS de la Côte-Nord,8,2,22.0
2021-2022,CISSS de la Côte-Nord,8,3,21.0
2021-2022,CISSS de la Côte-Nord,8,4,6.0
2021-2022,CISSS de la Côte-Nord,8,5,9.0
2021-2022,CISSS de la Côte-Nord,8,6,1.0
2021-2022,CISSS de la Côte-Nord,8,7,0.0
2021-2022,CISSS de la Côte-Nord,8,8,0.0
2021-2022,CISSS de la Côte-Nord,8,9,61.0
2021-2022,CISSS de la Côte-Nord,9,1,6.0
2021-2022,CISSS de la Côte-Nord,9,2,29.0
2021-2022,CISSS de la Côte-Nord,9,3,23.0
2021-2022,CISSS de la Côte-Nord,9,4,7.0
2021-2022,CISSS de la Côte-Nord,9,5,16.0
2021-2022,CISSS de la Côte-Nord,9,6,8.0
2021-2022,CISSS de la Côte-Nord,9,7,1.0
2021-2022,CISSS de la Côte-Nord,9,8,0.0
2021-2022,CISSS de la Côte-Nord,9,9,90.0
2021-2022,CISSS de la Gaspésie,1,1,0.0
2021-2022,CISSS de la Gaspésie,1,2,5.0
2021-2022,CISSS de la Gaspésie,1,3,7.0
2021-2022,CISSS de la Gaspésie,1,4,0.0
2021-2022,CISSS de la Gaspésie,1,5,12.0
2021-2022,CISSS de la Gaspésie,1,6,7.0
2021-2022,CISSS de la Gaspésie,1,7,1.0
2021-2022,CISSS de la Gaspésie,1,8,1.0
2021-2022,CISSS de la Gaspésie,1,9,33.0
2021-2022,CISSS de la Gaspésie,2,1,31.0
2021-2022,CISSS de la Gaspésie,2,2,39.0
2021-2022,CISSS de la Gaspésie,2,3,27.0
2021-2022,CISSS de la Gaspésie,2,4,3.0
2021-2022,CISSS de la Gaspésie,2,5,8.0
2021-2022,CISSS de la Gaspésie,2,6,0.0
2021-2022,CISSS de la Gaspésie,2,7,0.0
2021-2022,CISSS de la Gaspésie,2,8,0.0
2021-2022,CISSS de la Gaspésie,2,9,108.0
2021-2022,CISSS de la Gaspésie,3,1,31.0
2021-2022,CISSS de la Gaspésie,3,2,44.0
2021-2022,CISSS de la Gaspésie,3,3,34.0
2021-2022,CISSS de la Gaspésie,3,4,3.0
2021-2022,CISSS de la Gaspésie,3,5,20.0
2021-2022,CISSS de la Gaspésie,3,6,7.0
2021-2022,CISSS de la Gaspésie,3,7,1.0
2021-2022,CISSS de la Gaspésie,3,8,1.0
2021-2022,CISSS de la Gaspésie,3,9,141.0
2021-2022,CISSS de la Gaspésie,4,1,0.0
2021-2022,CISSS de la Gaspésie,4,2,6.0
2021-2022,CISSS de la Gaspésie,4,3,7.0
2021-2022,CISSS de la Gaspésie,4,4,2.0
2021-2022,CISSS de la Gaspésie,4,5,6.0
2021-2022,CISSS de la Gaspésie,4,6,8.0
2021-2022,CISSS de la Gaspésie,4,7,2.0
2021-2022,CISSS de la Gaspésie,4,8,0.0
2021-2022,CISSS de la Gaspésie,4,9,31.0
2021-2022,CISSS de la Gaspésie,5,1,21.0
2021-2022,CISSS de la Gaspésie,5,2,15.0
2021-2022,CISSS de la Gaspésie,5,3,12.0
2021-2022,CISSS de la Gaspésie,5,4,2.0
2021-2022,CISSS de la Gaspésie,5,5,6.0
2021-2022,CISSS de la Gaspésie,5,6,2.0
2021-2022,CISSS de la Gaspésie,5,7,0.0
2021-2022,CISSS de la Gaspésie,5,8,0.0
2021-2022,CISSS de la Gaspésie,5,9,58.0
2021-2022,CISSS de la Gaspésie,6,1,21.0
2021-2022,CISSS de la Gaspésie,6,2,21.0
2021-2022,CISSS de la Gaspésie,6,3,19.0
2021-2022,CISSS de la Gaspésie,6,4,4.0
2021-2022,CISSS de la Gaspésie,6,5,12.0
2021-2022,CISSS de la Gaspésie,6,6,10.0
2021-2022,CISSS de la Gaspésie,6,7,2.0
2021-2022,CISSS de la Gaspésie,6,8,0.0
2021-2022,CISSS de la Gaspésie,6,9,89.0
2021-2022,CISSS de la Gaspésie,7,1,0.0
2021-2022,CISSS de la Gaspésie,7,2,5.0
2021-2022,CISSS de la Gaspésie,7,3,7.0
2021-2022,CISSS de la Gaspésie,7,4,5.0
2021-2022,CISSS de la Gaspésie,7,5,18.0
2021-2022,CISSS de la Gaspésie,7,6,7.0
2021-2022,CISSS de la Gaspésie,7,7,2.0
2021-2022,CISSS de la Gaspésie,7,8,1.0
2021-2022,CISSS de la Gaspésie,7,9,45.0
2021-2022,CISSS de la Gaspésie,8,1,8.0
2021-2022,CISSS de la Gaspésie,8,2,21.0
2021-2022,CISSS de la Gaspésie,8,3,17.0
2021-2022,CISSS de la Gaspésie,8,4,11.0
2021-2022,CISSS de la Gaspésie,8,5,9.0
2021-2022,CISSS de la Gaspésie,8,6,4.0
2021-2022,CISSS de la Gaspésie,8,7,0.0
2021-2022,CISSS de la Gaspésie,8,8,0.0
2021-2022,CISSS de la Gaspésie,8,9,70.0
2021-2022,CISSS de la Gaspésie,9,1,8.0
2021-2022,CISSS de la Gaspésie,9,2,26.0
2021-2022,CISSS de la Gaspésie,9,3,24.0
2021-2022,CISSS de la Gaspésie,9,4,16.0
2021-2022,CISSS de la Gaspésie,9,5,27.0
2021-2022,CISSS de la Gaspésie,9,6,11.0
2021-2022,CISSS de la Gaspésie,9,7,2.0
2021-2022,CISSS de la Gaspésie,9,8,1.0
2021-2022,CISSS de la Gaspésie,9,9,115.0
2021-2022,CISSS de la Montérégie-Ouest,1,1,85.0
2021-2022,CISSS de la Montérégie-Ouest,1,2,166.0
2021-2022,CISSS de la Montérégie-Ouest,1,3,138.0
2021-2022,CISSS de la Montérégie-Ouest,1,4,70.0
2021-2022,CISSS de la Montérégie-Ouest,1,5,162.0
2021-2022,CISSS de la Montérégie-Ouest,1,6,84.0
2021-2022,CISSS de la Montérégie-Ouest,1,7,20.0
2021-2022,CISSS de la Montérégie-Ouest,1,8,1.0
2021-2022,CISSS de la Montérégie-Ouest,1,9,726.0
2021-2022,CISSS de la Montérégie-Ouest,2,1,797.0
2021-2022,CISSS de la Montérégie-Ouest,2,2,989.0
2021-2022,CISSS de la Montérégie-Ouest,2,3,377.0
2021-2022,CISSS de la Montérégie-Ouest,2,4,101.0
2021-2022,CISSS de la Montérégie-Ouest,2,5,117.0
2021-2022,CISSS de la Montérégie-Ouest,2,6,7.0
2021-2022,CISSS de la Montérégie-Ouest,2,8,1.0
2021-2022,CISSS de la Montérégie-Ouest,2,9,2389.0
2021-2022,CISSS de la Montérégie-Ouest,3,1,882.0
2021-2022,CISSS de la Montérégie-Ouest,3,2,1155.0
2021-2022,CISSS de la Montérégie-Ouest,3,3,515.0
2021-2022,CISSS de la Montérégie-Ouest,3,4,171.0
2021-2022,CISSS de la Montérégie-Ouest,3,5,279.0
2021-2022,CISSS de la Montérégie-Ouest,3,6,91.0
2021-2022,CISSS de la Montérégie-Ouest,3,7,20.0
2021-2022,CISSS de la Montérégie-Ouest,3,8,2.0
2021-2022,CISSS de la Montérégie-Ouest,3,9,3115.0
2021-2022,CISSS de la Montérégie-Ouest,4,1,72.0
2021-2022,CISSS de la Montérégie-Ouest,4,2,120.0
2021-2022,CISSS de la Montérégie-Ouest,4,3,80.0
2021-2022,CISSS de la Montérégie-Ouest,4,4,44.0
2021-2022,CISSS de la Montérégie-Ouest,4,5,110.0
2021-2022,CISSS de la Montérégie-Ouest,4,6,63.0
2021-2022,CISSS de la Montérégie-Ouest,4,7,13.0
2021-2022,CISSS de la Montérégie-Ouest,4,9,502.0
2021-2022,CISSS de la Montérégie-Ouest,5,1,670.0
2021-2022,CISSS de la Montérégie-Ouest,5,2,709.0
2021-2022,CISSS de la Montérégie-Ouest,5,3,285.0
2021-2022,CISSS de la Montérégie-Ouest,5,4,77.0
2021-2022,CISSS de la Montérégie-Ouest,5,5,84.0
2021-2022,CISSS de la Montérégie-Ouest,5,6,9.0
2021-2022,CISSS de la Montérégie-Ouest,5,9,1834.0
2021-2022,CISSS de la Montérégie-Ouest,6,1,742.0
2021-2022,CISSS de la Montérégie-Ouest,6,2,829.0
2021-2022,CISSS de la Montérégie-Ouest,6,3,365.0
2021-2022,CISSS de la Montérégie-Ouest,6,4,121.0
2021-2022,CISSS de la Montérégie-Ouest,6,5,194.0
2021-2022,CISSS de la Montérégie-Ouest,6,6,72.0
2021-2022,CISSS de la Montérégie-Ouest,6,7,13.0
2021-2022,CISSS de la Montérégie-Ouest,6,9,2336.0
2021-2022,CISSS de la Montérégie-Ouest,7,1,15.0
2021-2022,CISSS de la Montérégie-Ouest,7,2,91.0
2021-2022,CISSS de la Montérégie-Ouest,7,3,51.0
2021-2022,CISSS de la Montérégie-Ouest,7,4,48.0
2021-2022,CISSS de la Montérégie-Ouest,7,5,176.0
2021-2022,CISSS de la Montérégie-Ouest,7,6,105.0
2021-2022,CISSS de la Montérégie-Ouest,7,7,31.0
2021-2022,CISSS de la Montérégie-Ouest,7,8,6.0
2021-2022,CISSS de la Montérégie-Ouest,7,9,523.0
2021-2022,CISSS de la Montérégie-Ouest,8,1,199.0
2021-2022,CISSS de la Montérégie-Ouest,8,2,963.0
2021-2022,CISSS de la Montérégie-Ouest,8,3,444.0
2021-2022,CISSS de la Montérégie-Ouest,8,4,119.0
2021-2022,CISSS de la Montérégie-Ouest,8,5,101.0
2021-2022,CISSS de la Montérégie-Ouest,8,6,11.0
2021-2022,CISSS de la Montérégie-Ouest,8,9,1837.0
2021-2022,CISSS de la Montérégie-Ouest,9,1,214.0
2021-2022,CISSS de la Montérégie-Ouest,9,2,1054.0
2021-2022,CISSS de la Montérégie-Ouest,9,3,495.0
2021-2022,CISSS de la Montérégie-Ouest,9,4,167.0
2021-2022,CISSS de la Montérégie-Ouest,9,5,277.0
2021-2022,CISSS de la Montérégie-Ouest,9,6,116.0
2021-2022,CISSS de la Montérégie-Ouest,9,7,31.0
2021-2022,CISSS de la Montérégie-Ouest,9,8,6.0
2021-2022,CISSS de la Montérégie-Ouest,9,9,2360.0
2021-2022,CISSS des Laurentides,1,1,40.0
2021-2022,CISSS des Laurentides,1,2,26.0
2021-2022,CISSS des Laurentides,1,3,29.0
2021-2022,CISSS des Laurentides,1,4,40.0
2021-2022,CISSS des Laurentides,1,5,58.0
2021-2022,CISSS des Laurentides,1,6,35.0
2021-2022,CISSS des Laurentides,1,7,8.0
2021-2022,CISSS des Laurentides,1,8,0.0
2021-2022,CISSS des Laurentides,1,9,236.0
2021-2022,CISSS des Laurentides,2,1,140.0
2021-2022,CISSS des Laurentides,2,2,155.0
2021-2022,CISSS des Laurentides,2,3,74.0
2021-2022,CISSS des Laurentides,2,4,37.0
2021-2022,CISSS des Laurentides,2,5,38.0
2021-2022,CISSS des Laurentides,2,6,12.0
2021-2022,CISSS des Laurentides,2,7,2.0
2021-2022,CISSS des Laurentides,2,8,0.0
2021-2022,CISSS des Laurentides,2,9,458.0
2021-2022,CISSS des Laurentides,3,1,180.0
2021-2022,CISSS des Laurentides,3,2,181.0
2021-2022,CISSS des Laurentides,3,3,103.0
2021-2022,CISSS des Laurentides,3,4,77.0
2021-2022,CISSS des Laurentides,3,5,96.0
2021-2022,CISSS des Laurentides,3,6,47.0
2021-2022,CISSS des Laurentides,3,7,10.0
2021-2022,CISSS des Laurentides,3,8,0.0
2021-2022,CISSS des Laurentides,3,9,694.0
2021-2022,CISSS des Laurentides,4,1,33.0
2021-2022,CISSS des Laurentides,4,2,17.0
2021-2022,CISSS des Laurentides,4,3,18.0
2021-2022,CISSS des Laurentides,4,4,25.0
2021-2022,CISSS des Laurentides,4,5,50.0
2021-2022,CISSS des Laurentides,4,6,25.0
2021-2022,CISSS des Laurentides,4,7,5.0
2021-2022,CISSS des Laurentides,4,8,0.0
2021-2022,CISSS des Laurentides,4,9,173.0
2021-2022,CISSS des Laurentides,5,1,115.0
2021-2022,CISSS des Laurentides,5,2,145.0
2021-2022,CISSS des Laurentides,5,3,69.0
2021-2022,CISSS des Laurentides,5,4,23.0
2021-2022,CISSS des Laurentides,5,5,28.0
2021-2022,CISSS des Laurentides,5,6,12.0
2021-2022,CISSS des Laurentides,5,7,2.0
2021-2022,CISSS des Laurentides,5,8,0.0
2021-2022,CISSS des Laurentides,5,9,394.0
2021-2022,CISSS des Laurentides,6,1,148.0
2021-2022,CISSS des Laurentides,6,2,162.0
2021-2022,CISSS des Laurentides,6,3,87.0
2021-2022,CISSS des Laurentides,6,4,48.0
2021-2022,CISSS des Laurentides,6,5,78.0
2021-2022,CISSS des Laurentides,6,6,37.0
2021-2022,CISSS des Laurentides,6,7,7.0
2021-2022,CISSS des Laurentides,6,8,0.0
2021-2022,CISSS des Laurentides,6,9,567.0
2021-2022,CISSS des Laurentides,7,1,11.0
2021-2022,CISSS des Laurentides,7,2,47.0
2021-2022,CISSS des Laurentides,7,3,22.0
2021-2022,CISSS des Laurentides,7,4,20.0
2021-2022,CISSS des Laurentides,7,5,79.0
2021-2022,CISSS des Laurentides,7,6,46.0
2021-2022,CISSS des Laurentides,7,7,20.0
2021-2022,CISSS des Laurentides,7,8,3.0
2021-2022,CISSS des Laurentides,7,9,248.0
2021-2022,CISSS des Laurentides,8,1,18.0
2021-2022,CISSS des Laurentides,8,2,197.0
2021-2022,CISSS des Laurentides,8,3,78.0
2021-2022,CISSS des Laurentides,8,4,27.0
2021-2022,CISSS des Laurentides,8,5,27.0
2021-2022,CISSS des Laurentides,8,6,9.0
2021-2022,CISSS des Laurentides,8,7,0.0
2021-2022,CISSS des Laurentides,8,8,0.0
2021-2022,CISSS des Laurentides,8,9,356.0
2021-2022,CISSS des Laurentides,9,1,29.0
2021-2022,CISSS des Laurentides,9,2,244.0
2021-2022,CISSS des Laurentides,9,3,100.0
2021-2022,CISSS des Laurentides,9,4,47.0
2021-2022,CISSS des Laurentides,9,5,106.0
2021-2022,CISSS des Laurentides,9,6,55.0
2021-2022,CISSS des Laurentides,9,7,20.0
2021-2022,CISSS des Laurentides,9,8,3.0
2021-2022,CISSS des Laurentides,9,9,604.0
2021-2022,CISSS des Îles,1,1,1.0
2021-2022,CISSS des Îles,1,3,1.0
2021-2022,CISSS des Îles,1,4,0.0
2021-2022,CISSS des Îles,1,5,1.0
2021-2022,CISSS des Îles,1,6,2.0
2021-2022,CISSS des Îles,1,7,0.0
2021-2022,CISSS des Îles,1,8,0.0
2021-2022,CISSS des Îles,1,9,5.0
2021-2022,CISSS des Îles,2,1,2.0
2021-2022,CISSS des Îles,2,2,6.0
2021-2022,CISSS des Îles,2,3,6.0
2021-2022,CISSS des Îles,2,4,2.0
2021-2022,CISSS des Îles,2,5,2.0
2021-2022,CISSS des Îles,2,6,0.0
2021-2022,CISSS des Îles,2,7,0.0
2021-2022,CISSS des Îles,2,8,0.0
2021-2022,CISSS des Îles,2,9,18.0
2021-2022,CISSS des Îles,3,1,3.0
2021-2022,CISSS des Îles,3,2,6.0
2021-2022,CISSS des Îles,3,3,7.0
2021-2022,CISSS des Îles,3,4,2.0
2021-2022,CISSS des Îles,3,5,3.0
2021-2022,CISSS des Îles,3,6,2.0
2021-2022,CISSS des Îles,3,7,0.0
2021-2022,CISSS des Îles,3,8,0.0
2021-2022,CISSS des Îles,3,9,23.0
2021-2022,CISSS des Îles,4,1,1.0
2021-2022,CISSS des Îles,4,2,0.0
2021-2022,CISSS des Îles,4,3,0.0
2021-2022,CISSS des Îles,4,4,0.0
2021-2022,CISSS des Îles,4,5,0.0
2021-2022,CISSS des Îles,4,6,1.0
2021-2022,CISSS des Îles,4,7,0.0
2021-2022,CISSS des Îles,4,8,0.0
2021-2022,CISSS des Îles,4,9,2.0
2021-2022,CISSS des Îles,5,1,0.0
2021-2022,CISSS des Îles,5,2,3.0
2021-2022,CISSS des Îles,5,3,5.0
2021-2022,CISSS des Îles,5,4,1.0
2021-2022,CISSS des Îles,5,5,2.0
2021-2022,CISSS des Îles,5,6,0.0
2021-2022,CISSS des Îles,5,7,0.0
2021-2022,CISSS des Îles,5,8,0.0
2021-2022,CISSS des Îles,5,9,11.0
2021-2022,CISSS des Îles,6,1,1.0
2021-2022,CISSS des Îles,6,2,3.0
2021-2022,CISSS des Îles,6,3,5.0
2021-2022,CISSS des Îles,6,4,1.0
2021-2022,CISSS des Îles,6,5,2.0
2021-2022,CISSS des Îles,6,6,1.0
2021-2022,CISSS des Îles,6,7,0.0
2021-2022,CISSS des Îles,6,8,0.0
2021-2022,CISSS des Îles,6,9,13.0
2021-2022,CISSS des Îles,7,1,0.0
2021-2022,CISSS des Îles,7,2,0.0
2021-2022,CISSS des Îles,7,3,1.0
2021-2022,CISSS des Îles,7,4,0.0
2021-2022,CISSS des Îles,7,5,0.0
2021-2022,CISSS des Îles,7,6,1.0
2021-2022,CISSS des Îles,7,7,0.0
2021-2022,CISSS des Îles,7,8,0.0
2021-2022,CISSS des Îles,7,9,2.0
2021-2022,CISSS des Îles,8,1,0.0
2021-2022,CISSS des Îles,8,2,3.0
2021-2022,CISSS des Îles,8,3,3.0
2021-2022,CISSS des Îles,8,4,1.0
2021-2022,CISSS des Îles,8,5,0.0
2021-2022,CISSS des Îles,8,6,0.0
2021-2022,CISSS des Îles,8,7,0.0
2021-2022,CISSS des Îles,8,8,0.0
2021-2022,CISSS des Îles,8,9,7.0
2021-2022,CISSS des Îles,9,1,0.0
2021-2022,CISSS des Îles,9,2,3.0
2021-2022,CISSS des Îles,9,3,4.0
2021-2022,CISSS des Îles,9,4,1.0
2021-2022,CISSS des Îles,9,5,0.0
2021-2022,CISSS des Îles,9,6,1.0
2021-2022,CISSS des Îles,9,7,0.0
2021-2022,CISSS des Îles,9,8,0.0
2021-2022,CISSS des Îles,9,9,9.0
2021-2022,CISSS du Bas-Saint-Laurent,1,1,23.0
2021-2022,CISSS du Bas-Saint-Laurent,1,2,17.0
2021-2022,CISSS du Bas-Saint-Laurent,1,3,13.0
2021-2022,CISSS du Bas-Saint-Laurent,1,4,1.0
2021-2022,CISSS du Bas-Saint-Laurent,1,5,4.0
2021-2022,CISSS du Bas-Saint-Laurent,1,6,4.0
2021-2022,CISSS du Bas-Saint-Laurent,1,7,2.0
2021-2022,CISSS du Bas-Saint-Laurent,1,9,64.0
2021-2022,CISSS du Bas-Saint-Laurent,2,1,25.0
2021-2022,CISSS du Bas-Saint-Laurent,2,2,42.0
2021-2022,CISSS du Bas-Saint-Laurent,2,3,43.0
2021-2022,CISSS du Bas-Saint-Laurent,2,4,2.0
2021-2022,CISSS du Bas-Saint-Laurent,2,9,112.0
2021-2022,CISSS du Bas-Saint-Laurent,3,1,48.0
2021-2022,CISSS du Bas-Saint-Laurent,3,2,59.0
2021-2022,CISSS du Bas-Saint-Laurent,3,3,56.0
2021-2022,CISSS du Bas-Saint-Laurent,3,4,3.0
2021-2022,CISSS du Bas-Saint-Laurent,3,5,4.0
2021-2022,CISSS du Bas-Saint-Laurent,3,6,4.0
2021-2022,CISSS du Bas-Saint-Laurent,3,7,2.0
2021-2022,CISSS du Bas-Saint-Laurent,3,9,176.0
2021-2022,CISSS du Bas-Saint-Laurent,4,1,28.0
2021-2022,CISSS du Bas-Saint-Laurent,4,2,16.0
2021-2022,CISSS du Bas-Saint-Laurent,4,3,12.0
2021-2022,CISSS du Bas-Saint-Laurent,4,4,7.0
2021-2022,CISSS du Bas-Saint-Laurent,4,5,11.0
2021-2022,CISSS du Bas-Saint-Laurent,4,6,6.0
2021-2022,CISSS du Bas-Saint-Laurent,4,7,1.0
2021-2022,CISSS du Bas-Saint-Laurent,4,8,1.0
2021-2022,CISSS du Bas-Saint-Laurent,4,9,82.0
2021-2022,CISSS du Bas-Saint-Laurent,5,1,21.0
2021-2022,CISSS du Bas-Saint-Laurent,5,2,40.0
2021-2022,CISSS du Bas-Saint-Laurent,5,3,47.0
2021-2022,CISSS du Bas-Saint-Laurent,5,4,1.0
2021-2022,CISSS du Bas-Saint-Laurent,5,5,4.0
2021-2022,CISSS du Bas-Saint-Laurent,5,9,113.0
2021-2022,CISSS du Bas-Saint-Laurent,6,1,49.0
2021-2022,CISSS du Bas-Saint-Laurent,6,2,56.0
2021-2022,CISSS du Bas-Saint-Laurent,6,3,59.0
2021-2022,CISSS du Bas-Saint-Laurent,6,4,8.0
2021-2022,CISSS du Bas-Saint-Laurent,6,5,15.0
2021-2022,CISSS du Bas-Saint-Laurent,6,6,6.0
2021-2022,CISSS du Bas-Saint-Laurent,6,7,1.0
2021-2022,CISSS du Bas-Saint-Laurent,6,8,1.0
2021-2022,CISSS du Bas-Saint-Laurent,6,9,195.0
2021-2022,CISSS du Bas-Saint-Laurent,7,1,4.0
2021-2022,CISSS du Bas-Saint-Laurent,7,2,16.0
2021-2022,CISSS du Bas-Saint-Laurent,7,3,6.0
2021-2022,CISSS du Bas-Saint-Laurent,7,4,1.0
2021-2022,CISSS du Bas-Saint-Laurent,7,5,15.0
2021-2022,CISSS du Bas-Saint-Laurent,7,6,16.0
2021-2022,CISSS du Bas-Saint-Laurent,7,7,5.0
2021-2022,CISSS du Bas-Saint-Laurent,7,8,5.0
2021-2022,CISSS du Bas-Saint-Laurent,7,9,68.0
2021-2022,CISSS du Bas-Saint-Laurent,8,1,1.0
2021-2022,CISSS du Bas-Saint-Laurent,8,2,7.0
2021-2022,CISSS du Bas-Saint-Laurent,8,3,31.0
2021-2022,CISSS du Bas-Saint-Laurent,8,4,12.0
2021-2022,CISSS du Bas-Saint-Laurent,8,5,4.0
2021-2022,CISSS du Bas-Saint-Laurent,8,6,2.0
2021-2022,CISSS du Bas-Saint-Laurent,8,9,57.0
2021-2022,CISSS du Bas-Saint-Laurent,9,1,5.0
2021-2022,CISSS du Bas-Saint-Laurent,9,2,23.0
2021-2022,CISSS du Bas-Saint-Laurent,9,3,37.0
2021-2022,CISSS du Bas-Saint-Laurent,9,4,13.0
2021-2022,CISSS du Bas-Saint-Laurent,9,5,19.0
2021-2022,CISSS du Bas-Saint-Laurent,9,6,18.0
2021-2022,CISSS du Bas-Saint-Laurent,9,7,5.0
2021-2022,CISSS du Bas-Saint-Laurent,9,8,5.0
2021-2022,CISSS du Bas-Saint-Laurent,9,9,125.0
2021-2022,CIUSSS de l'Estrie  CHUS,1,2,9.0
2021-2022,CIUSSS de l'Estrie  CHUS,1,3,27.0
2021-2022,CIUSSS de l'Estrie  CHUS,1,4,10.0
2021-2022,CIUSSS de l'Estrie  CHUS,1,5,21.0
2021-2022,CIUSSS de l'Estrie  CHUS,1,6,14.0
2021-2022,CIUSSS de l'Estrie  CHUS,1,7,6.0
2021-2022,CIUSSS de l'Estrie  CHUS,1,8,1.0
2021-2022,CIUSSS de l'Estrie  CHUS,1,9,88.0
2021-2022,CIUSSS de l'Estrie  CHUS,2,1,35.0
2021-2022,CIUSSS de l'Estrie  CHUS,2,2,68.0
2021-2022,CIUSSS de l'Estrie  CHUS,2,3,36.0
2021-2022,CIUSSS de l'Estrie  CHUS,2,4,8.0
2021-2022,CIUSSS de l'Estrie  CHUS,2,5,6.0
2021-2022,CIUSSS de l'Estrie  CHUS,2,6,2.0
2021-2022,CIUSSS de l'Estrie  CHUS,2,7,1.0
2021-2022,CIUSSS de l'Estrie  CHUS,2,9,156.0
2021-2022,CIUSSS de l'Estrie  CHUS,3,1,35.0
2021-2022,CIUSSS de l'Estrie  CHUS,3,2,77.0
2021-2022,CIUSSS de l'Estrie  CHUS,3,3,63.0
2021-2022,CIUSSS de l'Estrie  CHUS,3,4,18.0
2021-2022,CIUSSS de l'Estrie  CHUS,3,5,27.0
2021-2022,CIUSSS de l'Estrie  CHUS,3,6,16.0
2021-2022,CIUSSS de l'Estrie  CHUS,3,7,7.0
2021-2022,CIUSSS de l'Estrie  CHUS,3,8,1.0
2021-2022,CIUSSS de l'Estrie  CHUS,3,9,244.0
2021-2022,CIUSSS de l'Estrie  CHUS,4,2,4.0
2021-2022,CIUSSS de l'Estrie  CHUS,4,3,12.0
2021-2022,CIUSSS de l'Estrie  CHUS,4,4,9.0
2021-2022,CIUSSS de l'Estrie  CHUS,4,5,20.0
2021-2022,CIUSSS de l'Estrie  CHUS,4,6,3.0
2021-2022,CIUSSS de l'Estrie  CHUS,4,7,3.0
2021-2022,CIUSSS de l'Estrie  CHUS,4,9,51.0
2021-2022,CIUSSS de l'Estrie  CHUS,5,1,20.0
2021-2022,CIUSSS de l'Estrie  CHUS,5,2,20.0
2021-2022,CIUSSS de l'Estrie  CHUS,5,3,16.0
2021-2022,CIUSSS de l'Estrie  CHUS,5,4,5.0
2021-2022,CIUSSS de l'Estrie  CHUS,5,5,5.0
2021-2022,CIUSSS de l'Estrie  CHUS,5,6,1.0
2021-2022,CIUSSS de l'Estrie  CHUS,5,9,67.0
2021-2022,CIUSSS de l'Estrie  CHUS,6,1,20.0
2021-2022,CIUSSS de l'Estrie  CHUS,6,2,24.0
2021-2022,CIUSSS de l'Estrie  CHUS,6,3,28.0
2021-2022,CIUSSS de l'Estrie  CHUS,6,4,14.0
2021-2022,CIUSSS de l'Estrie  CHUS,6,5,25.0
2021-2022,CIUSSS de l'Estrie  CHUS,6,6,4.0
2021-2022,CIUSSS de l'Estrie  CHUS,6,7,3.0
2021-2022,CIUSSS de l'Estrie  CHUS,6,9,118.0
2021-2022,CIUSSS de l'Estrie  CHUS,7,1,4.0
2021-2022,CIUSSS de l'Estrie  CHUS,7,2,7.0
2021-2022,CIUSSS de l'Estrie  CHUS,7,3,11.0
2021-2022,CIUSSS de l'Estrie  CHUS,7,4,8.0
2021-2022,CIUSSS de l'Estrie  CHUS,7,5,35.0
2021-2022,CIUSSS de l'Estrie  CHUS,7,6,34.0
2021-2022,CIUSSS de l'Estrie  CHUS,7,7,13.0
2021-2022,CIUSSS de l'Estrie  CHUS,7,8,7.0
2021-2022,CIUSSS de l'Estrie  CHUS,7,9,119.0
2021-2022,CIUSSS de l'Estrie  CHUS,8,1,8.0
2021-2022,CIUSSS de l'Estrie  CHUS,8,2,41.0
2021-2022,CIUSSS de l'Estrie  CHUS,8,3,20.0
2021-2022,CIUSSS de l'Estrie  CHUS,8,4,9.0
2021-2022,CIUSSS de l'Estrie  CHUS,8,5,8.0
2021-2022,CIUSSS de l'Estrie  CHUS,8,6,3.0
2021-2022,CIUSSS de l'Estrie  CHUS,8,9,89.0
2021-2022,CIUSSS de l'Estrie  CHUS,9,1,12.0
2021-2022,CIUSSS de l'Estrie  CHUS,9,2,48.0
2021-2022,CIUSSS de l'Estrie  CHUS,9,3,31.0
2021-2022,CIUSSS de l'Estrie  CHUS,9,4,17.0
2021-2022,CIUSSS de l'Estrie  CHUS,9,5,43.0
2021-2022,CIUSSS de l'Estrie  CHUS,9,6,37.0
2021-2022,CIUSSS de l'Estrie  CHUS,9,7,13.0
2021-2022,CIUSSS de l'Estrie  CHUS,9,8,7.0
2021-2022,CIUSSS de l'Estrie  CHUS,9,9,208.0
2021-2022,CIUSSS de l'Ouest-de-l'Île-de-Montréal,1,1,14.0
2021-2022,CIUSSS de l'Ouest-de-l'Île-de-Montréal,1,2,16.0
2021-2022,CIUSSS de l'Ouest-de-l'Île-de-Montréal,1,3,11.0
2021-2022,CIUSSS de l'Ouest-de-l'Île-de-Montréal,1,4,14.0
2021-2022,CIUSSS de l'Ouest-de-l'Île-de-Montréal,1,5,25.0
2021-2022,CIUSSS de l'Ouest-de-l'Île-de-Montréal,1,6,8.0
2021-2022,CIUSSS de l'Ouest-de-l'Île-de-Montréal,1,7,1.0
2021-2022,CIUSSS de l'Ouest-de-l'Île-de-Montréal,1,8,0.0
2021-2022,CIUSSS de l'Ouest-de-l'Île-de-Montréal,1,9,89.0
2021-2022,CIUSSS de l'Ouest-de-l'Île-de-Montréal,2,1,103.0
2021-2022,CIUSSS de l'Ouest-de-l'Île-de-Montréal,2,2,82.0
2021-2022,CIUSSS de l'Ouest-de-l'Île-de-Montréal,2,3,48.0
2021-2022,CIUSSS de l'Ouest-de-l'Île-de-Montréal,2,4,20.0
2021-2022,CIUSSS de l'Ouest-de-l'Île-de-Montréal,2,5,22.0
2021-2022,CIUSSS de l'Ouest-de-l'Île-de-Montréal,2,6,3.0
2021-2022,CIUSSS de l'Ouest-de-l'Île-de-Montréal,2,7,0.0
2021-2022,CIUSSS de l'Ouest-de-l'Île-de-Montréal,2,8,0.0
2021-2022,CIUSSS de l'Ouest-de-l'Île-de-Montréal,2,9,278.0
2021-2022,CIUSSS de l'Ouest-de-l'Île-de-Montréal,3,1,117.0
2021-2022,CIUSSS de l'Ouest-de-l'Île-de-Montréal,3,2,98.0
2021-2022,CIUSSS de l'Ouest-de-l'Île-de-Montréal,3,3,59.0
2021-2022,CIUSSS de l'Ouest-de-l'Île-de-Montréal,3,4,34.0
2021-2022,CIUSSS de l'Ouest-de-l'Île-de-Montréal,3,5,47.0
2021-2022,CIUSSS de l'Ouest-de-l'Île-de-Montréal,3,6,11.0
2021-2022,CIUSSS de l'Ouest-de-l'Île-de-Montréal,3,7,1.0
2021-2022,CIUSSS de l'Ouest-de-l'Île-de-Montréal,3,8,0.0
2021-2022,CIUSSS de l'Ouest-de-l'Île-de-Montréal,3,9,367.0
2021-2022,CIUSSS de l'Ouest-de-l'Île-de-Montréal,4,1,9.0
2021-2022,CIUSSS de l'Ouest-de-l'Île-de-Montréal,4,2,7.0
2021-2022,CIUSSS de l'Ouest-de-l'Île-de-Montréal,4,3,5.0
2021-2022,CIUSSS de l'Ouest-de-l'Île-de-Montréal,4,4,6.0
2021-2022,CIUSSS de l'Ouest-de-l'Île-de-Montréal,4,5,16.0
2021-2022,CIUSSS de l'Ouest-de-l'Île-de-Montréal,4,6,8.0
2021-2022,CIUSSS de l'Ouest-de-l'Île-de-Montréal,4,7,1.0
2021-2022,CIUSSS de l'Ouest-de-l'Île-de-Montréal,4,8,0.0
2021-2022,CIUSSS de l'Ouest-de-l'Île-de-Montréal,4,9,52.0
2021-2022,CIUSSS de l'Ouest-de-l'Île-de-Montréal,5,1,65.0
2021-2022,CIUSSS de l'Ouest-de-l'Île-de-Montréal,5,2,63.0
2021-2022,CIUSSS de l'Ouest-de-l'Île-de-Montréal,5,3,31.0
2021-2022,CIUSSS de l'Ouest-de-l'Île-de-Montréal,5,4,11.0
2021-2022,CIUSSS de l'Ouest-de-l'Île-de-Montréal,5,5,22.0
2021-2022,CIUSSS de l'Ouest-de-l'Île-de-Montréal,5,6,1.0
2021-2022,CIUSSS de l'Ouest-de-l'Île-de-Montréal,5,7,0.0
2021-2022,CIUSSS de l'Ouest-de-l'Île-de-Montréal,5,8,0.0
2021-2022,CIUSSS de l'Ouest-de-l'Île-de-Montréal,5,9,193.0
2021-2022,CIUSSS de l'Ouest-de-l'Île-de-Montréal,6,1,74.0
2021-2022,CIUSSS de l'Ouest-de-l'Île-de-Montréal,6,2,70.0
2021-2022,CIUSSS de l'Ouest-de-l'Île-de-Montréal,6,3,36.0
2021-2022,CIUSSS de l'Ouest-de-l'Île-de-Montréal,6,4,17.0
2021-2022,CIUSSS de l'Ouest-de-l'Île-de-Montréal,6,5,38.0
2021-2022,CIUSSS de l'Ouest-de-l'Île-de-Montréal,6,6,9.0
2021-2022,CIUSSS de l'Ouest-de-l'Île-de-Montréal,6,7,1.0
2021-2022,CIUSSS de l'Ouest-de-l'Île-de-Montréal,6,8,0.0
2021-2022,CIUSSS de l'Ouest-de-l'Île-de-Montréal,6,9,245.0
2021-2022,CIUSSS de l'Ouest-de-l'Île-de-Montréal,7,1,6.0
2021-2022,CIUSSS de l'Ouest-de-l'Île-de-Montréal,7,2,35.0
2021-2022,CIUSSS de l'Ouest-de-l'Île-de-Montréal,7,3,11.0
2021-2022,CIUSSS de l'Ouest-de-l'Île-de-Montréal,7,4,3.0
2021-2022,CIUSSS de l'Ouest-de-l'Île-de-Montréal,7,5,24.0
2021-2022,CIUSSS de l'Ouest-de-l'Île-de-Montréal,7,6,17.0
2021-2022,CIUSSS de l'Ouest-de-l'Île-de-Montréal,7,7,0.0
2021-2022,CIUSSS de l'Ouest-de-l'Île-de-Montréal,7,8,0.0
2021-2022,CIUSSS de l'Ouest-de-l'Île-de-Montréal,7,9,96.0
2021-2022,CIUSSS de l'Ouest-de-l'Île-de-Montréal,8,1,22.0
2021-2022,CIUSSS de l'Ouest-de-l'Île-de-Montréal,8,2,72.0
2021-2022,CIUSSS de l'Ouest-de-l'Île-de-Montréal,8,3,28.0
2021-2022,CIUSSS de l'Ouest-de-l'Île-de-Montréal,8,4,13.0
2021-2022,CIUSSS de l'Ouest-de-l'Île-de-Montréal,8,5,22.0
2021-2022,CIUSSS de l'Ouest-de-l'Île-de-Montréal,8,6,1.0
2021-2022,CIUSSS de l'Ouest-de-l'Île-de-Montréal,8,7,0.0
2021-2022,CIUSSS de l'Ouest-de-l'Île-de-Montréal,8,8,0.0
2021-2022,CIUSSS de l'Ouest-de-l'Île-de-Montréal,8,9,158.0
2021-2022,CIUSSS de l'Ouest-de-l'Île-de-Montréal,9,1,28.0
2021-2022,CIUSSS de l'Ouest-de-l'Île-de-Montréal,9,2,107.0
2021-2022,CIUSSS de l'Ouest-de-l'Île-de-Montréal,9,3,39.0
2021-2022,CIUSSS de l'Ouest-de-l'Île-de-Montréal,9,4,16.0
2021-2022,CIUSSS de l'Ouest-de-l'Île-de-Montréal,9,5,46.0
2021-2022,CIUSSS de l'Ouest-de-l'Île-de-Montréal,9,6,18.0
2021-2022,CIUSSS de l'Ouest-de-l'Île-de-Montréal,9,7,0.0
2021-2022,CIUSSS de l'Ouest-de-l'Île-de-Montréal,9,8,0.0
2021-2022,CIUSSS de l'Ouest-de-l'Île-de-Montréal,9,9,254.0
2021-2022,CIUSSS de la Capitale-Nationale,1,1,0.0
2021-2022,CIUSSS de la Capitale-Nationale,1,2,5.0
2021-2022,CIUSSS de la Capitale-Nationale,1,3,11.0
2021-2022,CIUSSS de la Capitale-Nationale,1,4,24.0
2021-2022,CIUSSS de la Capitale-Nationale,1,5,41.0
2021-2022,CIUSSS de la Capitale-Nationale,1,6,24.0
2021-2022,CIUSSS de la Capitale-Nationale,1,7,5.0
2021-2022,CIUSSS de la Capitale-Nationale,1,8,3.0
2021-2022,CIUSSS de la Capitale-Nationale,1,9,113.0
2021-2022,CIUSSS de la Capitale-Nationale,2,1,173.0
2021-2022,CIUSSS de la Capitale-Nationale,2,2,41.0
2021-2022,CIUSSS de la Capitale-Nationale,2,3,20.0
2021-2022,CIUSSS de la Capitale-Nationale,2,4,3.0
2021-2022,CIUSSS de la Capitale-Nationale,2,5,3.0
2021-2022,CIUSSS de la Capitale-Nationale,2,6,0.0
2021-2022,CIUSSS de la Capitale-Nationale,2,7,0.0
2021-2022,CIUSSS de la Capitale-Nationale,2,8,0.0
2021-2022,CIUSSS de la Capitale-Nationale,2,9,240.0
2021-2022,CIUSSS de la Capitale-Nationale,3,1,173.0
2021-2022,CIUSSS de la Capitale-Nationale,3,2,46.0
2021-2022,CIUSSS de la Capitale-Nationale,3,3,31.0
2021-2022,CIUSSS de la Capitale-Nationale,3,4,27.0
2021-2022,CIUSSS de la Capitale-Nationale,3,5,44.0
2021-2022,CIUSSS de la Capitale-Nationale,3,6,24.0
2021-2022,CIUSSS de la Capitale-Nationale,3,7,5.0
2021-2022,CIUSSS de la Capitale-Nationale,3,8,3.0
2021-2022,CIUSSS de la Capitale-Nationale,3,9,353.0
2021-2022,CIUSSS de la Capitale-Nationale,4,1,0.0
2021-2022,CIUSSS de la Capitale-Nationale,4,2,2.0
2021-2022,CIUSSS de la Capitale-Nationale,4,3,4.0
2021-2022,CIUSSS de la Capitale-Nationale,4,4,12.0
2021-2022,CIUSSS de la Capitale-Nationale,4,5,21.0
2021-2022,CIUSSS de la Capitale-Nationale,4,6,21.0
2021-2022,CIUSSS de la Capitale-Nationale,4,7,10.0
2021-2022,CIUSSS de la Capitale-Nationale,4,8,12.0
2021-2022,CIUSSS de la Capitale-Nationale,4,9,82.0
2021-2022,CIUSSS de la Capitale-Nationale,5,1,122.0
2021-2022,CIUSSS de la Capitale-Nationale,5,2,45.0
2021-2022,CIUSSS de la Capitale-Nationale,5,3,15.0
2021-2022,CIUSSS de la Capitale-Nationale,5,4,4.0
2021-2022,CIUSSS de la Capitale-Nationale,5,5,4.0
2021-2022,CIUSSS de la Capitale-Nationale,5,6,0.0
2021-2022,CIUSSS de la Capitale-Nationale,5,7,0.0
2021-2022,CIUSSS de la Capitale-Nationale,5,8,0.0
2021-2022,CIUSSS de la Capitale-Nationale,5,9,190.0
2021-2022,CIUSSS de la Capitale-Nationale,6,1,122.0
2021-2022,CIUSSS de la Capitale-Nationale,6,2,47.0
2021-2022,CIUSSS de la Capitale-Nationale,6,3,19.0
2021-2022,CIUSSS de la Capitale-Nationale,6,4,16.0
2021-2022,CIUSSS de la Capitale-Nationale,6,5,25.0
2021-2022,CIUSSS de la Capitale-Nationale,6,6,21.0
2021-2022,CIUSSS de la Capitale-Nationale,6,7,10.0
2021-2022,CIUSSS de la Capitale-Nationale,6,8,12.0
2021-2022,CIUSSS de la Capitale-Nationale,6,9,272.0
2021-2022,CIUSSS de la Capitale-Nationale,7,1,0.0
2021-2022,CIUSSS de la Capitale-Nationale,7,2,5.0
2021-2022,CIUSSS de la Capitale-Nationale,7,3,5.0
2021-2022,CIUSSS de la Capitale-Nationale,7,4,10.0
2021-2022,CIUSSS de la Capitale-Nationale,7,5,63.0
2021-2022,CIUSSS de la Capitale-Nationale,7,6,108.0
2021-2022,CIUSSS de la Capitale-Nationale,7,7,51.0
2021-2022,CIUSSS de la Capitale-Nationale,7,8,22.0
2021-2022,CIUSSS de la Capitale-Nationale,7,9,264.0
2021-2022,CIUSSS de la Capitale-Nationale,8,1,9.0
2021-2022,CIUSSS de la Capitale-Nationale,8,2,181.0
2021-2022,CIUSSS de la Capitale-Nationale,8,3,16.0
2021-2022,CIUSSS de la Capitale-Nationale,8,4,5.0
2021-2022,CIUSSS de la Capitale-Nationale,8,5,10.0
2021-2022,CIUSSS de la Capitale-Nationale,8,6,4.0
2021-2022,CIUSSS de la Capitale-Nationale,8,7,3.0
2021-2022,CIUSSS de la Capitale-Nationale,8,8,0.0
2021-2022,CIUSSS de la Capitale-Nationale,8,9,228.0
2021-2022,CIUSSS de la Capitale-Nationale,9,1,9.0
2021-2022,CIUSSS de la Capitale-Nationale,9,2,186.0
2021-2022,CIUSSS de la Capitale-Nationale,9,3,21.0
2021-2022,CIUSSS de la Capitale-Nationale,9,4,15.0
2021-2022,CIUSSS de la Capitale-Nationale,9,5,73.0
2021-2022,CIUSSS de la Capitale-Nationale,9,6,112.0
2021-2022,CIUSSS de la Capitale-Nationale,9,7,54.0
2021-2022,CIUSSS de la Capitale-Nationale,9,8,22.0
2021-2022,CIUSSS de la Capitale-Nationale,9,9,492.0
2021-2022,CIUSSS de la Mauricie-et-du-Centre-du-Québec,1,1,47.0
2021-2022,CIUSSS de la Mauricie-et-du-Centre-du-Québec,1,2,41.0
2021-2022,CIUSSS de la Mauricie-et-du-Centre-du-Québec,1,3,41.0
2021-2022,CIUSSS de la Mauricie-et-du-Centre-du-Québec,1,4,33.0
2021-2022,CIUSSS de la Mauricie-et-du-Centre-du-Québec,1,5,109.0
2021-2022,CIUSSS de la Mauricie-et-du-Centre-du-Québec,1,6,76.0
2021-2022,CIUSSS de la Mauricie-et-du-Centre-du-Québec,1,7,25.0
2021-2022,CIUSSS de la Mauricie-et-du-Centre-du-Québec,1,8,11.0
2021-2022,CIUSSS de la Mauricie-et-du-Centre-du-Québec,1,9,383.0
2021-2022,CIUSSS de la Mauricie-et-du-Centre-du-Québec,2,1,80.0
2021-2022,CIUSSS de la Mauricie-et-du-Centre-du-Québec,2,2,203.0
2021-2022,CIUSSS de la Mauricie-et-du-Centre-du-Québec,2,3,135.0
2021-2022,CIUSSS de la Mauricie-et-du-Centre-du-Québec,2,4,43.0
2021-2022,CIUSSS de la Mauricie-et-du-Centre-du-Québec,2,5,75.0
2021-2022,CIUSSS de la Mauricie-et-du-Centre-du-Québec,2,6,6.0
2021-2022,CIUSSS de la Mauricie-et-du-Centre-du-Québec,2,7,3.0
2021-2022,CIUSSS de la Mauricie-et-du-Centre-du-Québec,2,9,545.0
2021-2022,CIUSSS de la Mauricie-et-du-Centre-du-Québec,3,1,127.0
2021-2022,CIUSSS de la Mauricie-et-du-Centre-du-Québec,3,2,244.0
2021-2022,CIUSSS de la Mauricie-et-du-Centre-du-Québec,3,3,176.0
2021-2022,CIUSSS de la Mauricie-et-du-Centre-du-Québec,3,4,76.0
2021-2022,CIUSSS de la Mauricie-et-du-Centre-du-Québec,3,5,184.0
2021-2022,CIUSSS de la Mauricie-et-du-Centre-du-Québec,3,6,82.0
2021-2022,CIUSSS de la Mauricie-et-du-Centre-du-Québec,3,7,28.0
2021-2022,CIUSSS de la Mauricie-et-du-Centre-du-Québec,3,8,11.0
2021-2022,CIUSSS de la Mauricie-et-du-Centre-du-Québec,3,9,928.0
2021-2022,CIUSSS de la Mauricie-et-du-Centre-du-Québec,4,1,42.0
2021-2022,CIUSSS de la Mauricie-et-du-Centre-du-Québec,4,2,32.0
2021-2022,CIUSSS de la Mauricie-et-du-Centre-du-Québec,4,3,28.0
2021-2022,CIUSSS de la Mauricie-et-du-Centre-du-Québec,4,4,28.0
2021-2022,CIUSSS de la Mauricie-et-du-Centre-du-Québec,4,5,62.0
2021-2022,CIUSSS de la Mauricie-et-du-Centre-du-Québec,4,6,54.0
2021-2022,CIUSSS de la Mauricie-et-du-Centre-du-Québec,4,7,23.0
2021-2022,CIUSSS de la Mauricie-et-du-Centre-du-Québec,4,8,12.0
2021-2022,CIUSSS de la Mauricie-et-du-Centre-du-Québec,4,9,281.0
2021-2022,CIUSSS de la Mauricie-et-du-Centre-du-Québec,5,1,72.0
2021-2022,CIUSSS de la Mauricie-et-du-Centre-du-Québec,5,2,165.0
2021-2022,CIUSSS de la Mauricie-et-du-Centre-du-Québec,5,3,99.0
2021-2022,CIUSSS de la Mauricie-et-du-Centre-du-Québec,5,4,30.0
2021-2022,CIUSSS de la Mauricie-et-du-Centre-du-Québec,5,5,41.0
2021-2022,CIUSSS de la Mauricie-et-du-Centre-du-Québec,5,6,4.0
2021-2022,CIUSSS de la Mauricie-et-du-Centre-du-Québec,5,7,2.0
2021-2022,CIUSSS de la Mauricie-et-du-Centre-du-Québec,5,9,413.0
2021-2022,CIUSSS de la Mauricie-et-du-Centre-du-Québec,6,1,114.0
2021-2022,CIUSSS de la Mauricie-et-du-Centre-du-Québec,6,2,197.0
2021-2022,CIUSSS de la Mauricie-et-du-Centre-du-Québec,6,3,127.0
2021-2022,CIUSSS de la Mauricie-et-du-Centre-du-Québec,6,4,58.0
2021-2022,CIUSSS de la Mauricie-et-du-Centre-du-Québec,6,5,103.0
2021-2022,CIUSSS de la Mauricie-et-du-Centre-du-Québec,6,6,58.0
2021-2022,CIUSSS de la Mauricie-et-du-Centre-du-Québec,6,7,25.0
2021-2022,CIUSSS de la Mauricie-et-du-Centre-du-Québec,6,8,12.0
2021-2022,CIUSSS de la Mauricie-et-du-Centre-du-Québec,6,9,694.0
2021-2022,CIUSSS de la Mauricie-et-du-Centre-du-Québec,7,1,5.0
2021-2022,CIUSSS de la Mauricie-et-du-Centre-du-Québec,7,2,43.0
2021-2022,CIUSSS de la Mauricie-et-du-Centre-du-Québec,7,3,29.0
2021-2022,CIUSSS de la Mauricie-et-du-Centre-du-Québec,7,4,21.0
2021-2022,CIUSSS de la Mauricie-et-du-Centre-du-Québec,7,5,79.0
2021-2022,CIUSSS de la Mauricie-et-du-Centre-du-Québec,7,6,83.0
2021-2022,CIUSSS de la Mauricie-et-du-Centre-du-Québec,7,7,42.0
2021-2022,CIUSSS de la Mauricie-et-du-Centre-du-Québec,7,8,18.0
2021-2022,CIUSSS de la Mauricie-et-du-Centre-du-Québec,7,9,320.0
2021-2022,CIUSSS de la Mauricie-et-du-Centre-du-Québec,8,1,7.0
2021-2022,CIUSSS de la Mauricie-et-du-Centre-du-Québec,8,2,139.0
2021-2022,CIUSSS de la Mauricie-et-du-Centre-du-Québec,8,3,107.0
2021-2022,CIUSSS de la Mauricie-et-du-Centre-du-Québec,8,4,39.0
2021-2022,CIUSSS de la Mauricie-et-du-Centre-du-Québec,8,5,63.0
2021-2022,CIUSSS de la Mauricie-et-du-Centre-du-Québec,8,6,8.0
2021-2022,CIUSSS de la Mauricie-et-du-Centre-du-Québec,8,7,2.0
2021-2022,CIUSSS de la Mauricie-et-du-Centre-du-Québec,8,9,365.0
2021-2022,CIUSSS de la Mauricie-et-du-Centre-du-Québec,9,1,12.0
2021-2022,CIUSSS de la Mauricie-et-du-Centre-du-Québec,9,2,182.0
2021-2022,CIUSSS de la Mauricie-et-du-Centre-du-Québec,9,3,136.0
2021-2022,CIUSSS de la Mauricie-et-du-Centre-du-Québec,9,4,60.0
2021-2022,CIUSSS de la Mauricie-et-du-Centre-du-Québec,9,5,142.0
2021-2022,CIUSSS de la Mauricie-et-du-Centre-du-Québec,9,6,91.0
2021-2022,CIUSSS de la Mauricie-et-du-Centre-du-Québec,9,7,44.0
2021-2022,CIUSSS de la Mauricie-et-du-Centre-du-Québec,9,8,18.0
2021-2022,CIUSSS de la Mauricie-et-du-Centre-du-Québec,9,9,685.0
2021-2022,CIUSSS du Centre-Ouest-de-l'Île-de-Montréal,1,1,3.0
2021-2022,CIUSSS du Centre-Ouest-de-l'Île-de-Montréal,1,2,13.0
2021-2022,CIUSSS du Centre-Ouest-de-l'Île-de-Montréal,1,3,11.0
2021-2022,CIUSSS du Centre-Ouest-de-l'Île-de-Montréal,1,4,13.0
2021-2022,CIUSSS du Centre-Ouest-de-l'Île-de-Montréal,1,5,28.0
2021-2022,CIUSSS du Centre-Ouest-de-l'Île-de-Montréal,1,6,9.0
2021-2022,CIUSSS du Centre-Ouest-de-l'Île-de-Montréal,1,7,1.0
2021-2022,CIUSSS du Centre-Ouest-de-l'Île-de-Montréal,1,8,0.0
2021-2022,CIUSSS du Centre-Ouest-de-l'Île-de-Montréal,1,9,78.0
2021-2022,CIUSSS du Centre-Ouest-de-l'Île-de-Montréal,2,1,199.0
2021-2022,CIUSSS du Centre-Ouest-de-l'Île-de-Montréal,2,2,108.0
2021-2022,CIUSSS du Centre-Ouest-de-l'Île-de-Montréal,2,3,51.0
2021-2022,CIUSSS du Centre-Ouest-de-l'Île-de-Montréal,2,4,11.0
2021-2022,CIUSSS du Centre-Ouest-de-l'Île-de-Montréal,2,5,24.0
2021-2022,CIUSSS du Centre-Ouest-de-l'Île-de-Montréal,2,6,4.0
2021-2022,CIUSSS du Centre-Ouest-de-l'Île-de-Montréal,2,7,0.0
2021-2022,CIUSSS du Centre-Ouest-de-l'Île-de-Montréal,2,8,0.0
2021-2022,CIUSSS du Centre-Ouest-de-l'Île-de-Montréal,2,9,397.0
2021-2022,CIUSSS du Centre-Ouest-de-l'Île-de-Montréal,3,1,202.0
2021-2022,CIUSSS du Centre-Ouest-de-l'Île-de-Montréal,3,2,121.0
2021-2022,CIUSSS du Centre-Ouest-de-l'Île-de-Montréal,3,3,62.0
2021-2022,CIUSSS du Centre-Ouest-de-l'Île-de-Montréal,3,4,24.0
2021-2022,CIUSSS du Centre-Ouest-de-l'Île-de-Montréal,3,5,52.0
2021-2022,CIUSSS du Centre-Ouest-de-l'Île-de-Montréal,3,6,13.0
2021-2022,CIUSSS du Centre-Ouest-de-l'Île-de-Montréal,3,7,1.0
2021-2022,CIUSSS du Centre-Ouest-de-l'Île-de-Montréal,3,8,0.0
2021-2022,CIUSSS du Centre-Ouest-de-l'Île-de-Montréal,3,9,475.0
2021-2022,CIUSSS du Centre-Ouest-de-l'Île-de-Montréal,4,1,0.0
2021-2022,CIUSSS du Centre-Ouest-de-l'Île-de-Montréal,4,2,10.0
2021-2022,CIUSSS du Centre-Ouest-de-l'Île-de-Montréal,4,3,14.0
2021-2022,CIUSSS du Centre-Ouest-de-l'Île-de-Montréal,4,4,13.0
2021-2022,CIUSSS du Centre-Ouest-de-l'Île-de-Montréal,4,5,14.0
2021-2022,CIUSSS du Centre-Ouest-de-l'Île-de-Montréal,4,6,2.0
2021-2022,CIUSSS du Centre-Ouest-de-l'Île-de-Montréal,4,7,0.0
2021-2022,CIUSSS du Centre-Ouest-de-l'Île-de-Montréal,4,8,0.0
2021-2022,CIUSSS du Centre-Ouest-de-l'Île-de-Montréal,4,9,53.0
2021-2022,CIUSSS du Centre-Ouest-de-l'Île-de-Montréal,5,1,138.0
2021-2022,CIUSSS du Centre-Ouest-de-l'Île-de-Montréal,5,2,71.0
2021-2022,CIUSSS du Centre-Ouest-de-l'Île-de-Montréal,5,3,50.0
2021-2022,CIUSSS du Centre-Ouest-de-l'Île-de-Montréal,5,4,6.0
2021-2022,CIUSSS du Centre-Ouest-de-l'Île-de-Montréal,5,5,12.0
2021-2022,CIUSSS du Centre-Ouest-de-l'Île-de-Montréal,5,6,5.0
2021-2022,CIUSSS du Centre-Ouest-de-l'Île-de-Montréal,5,7,0.0
2021-2022,CIUSSS du Centre-Ouest-de-l'Île-de-Montréal,5,8,0.0
2021-2022,CIUSSS du Centre-Ouest-de-l'Île-de-Montréal,5,9,282.0
2021-2022,CIUSSS du Centre-Ouest-de-l'Île-de-Montréal,6,1,138.0
2021-2022,CIUSSS du Centre-Ouest-de-l'Île-de-Montréal,6,2,81.0
2021-2022,CIUSSS du Centre-Ouest-de-l'Île-de-Montréal,6,3,64.0
2021-2022,CIUSSS du Centre-Ouest-de-l'Île-de-Montréal,6,4,19.0
2021-2022,CIUSSS du Centre-Ouest-de-l'Île-de-Montréal,6,5,26.0
2021-2022,CIUSSS du Centre-Ouest-de-l'Île-de-Montréal,6,6,7.0
2021-2022,CIUSSS du Centre-Ouest-de-l'Île-de-Montréal,6,7,0.0
2021-2022,CIUSSS du Centre-Ouest-de-l'Île-de-Montréal,6,8,0.0
2021-2022,CIUSSS du Centre-Ouest-de-l'Île-de-Montréal,6,9,335.0
2021-2022,CIUSSS du Centre-Ouest-de-l'Île-de-Montréal,7,1,6.0
2021-2022,CIUSSS du Centre-Ouest-de-l'Île-de-Montréal,7,2,12.0
2021-2022,CIUSSS du Centre-Ouest-de-l'Île-de-Montréal,7,3,9.0
2021-2022,CIUSSS du Centre-Ouest-de-l'Île-de-Montréal,7,4,8.0
2021-2022,CIUSSS du Centre-Ouest-de-l'Île-de-Montréal,7,5,26.0
2021-2022,CIUSSS du Centre-Ouest-de-l'Île-de-Montréal,7,6,17.0
2021-2022,CIUSSS du Centre-Ouest-de-l'Île-de-Montréal,7,7,5.0
2021-2022,CIUSSS du Centre-Ouest-de-l'Île-de-Montréal,7,8,0.0
2021-2022,CIUSSS du Centre-Ouest-de-l'Île-de-Montréal,7,9,83.0
2021-2022,CIUSSS du Centre-Ouest-de-l'Île-de-Montréal,8,1,33.0
2021-2022,CIUSSS du Centre-Ouest-de-l'Île-de-Montréal,8,2,126.0
2021-2022,CIUSSS du Centre-Ouest-de-l'Île-de-Montréal,8,3,71.0
2021-2022,CIUSSS du Centre-Ouest-de-l'Île-de-Montréal,8,4,14.0
2021-2022,CIUSSS du Centre-Ouest-de-l'Île-de-Montréal,8,5,27.0
2021-2022,CIUSSS du Centre-Ouest-de-l'Île-de-Montréal,8,6,5.0
2021-2022,CIUSSS du Centre-Ouest-de-l'Île-de-Montréal,8,7,0.0
2021-2022,CIUSSS du Centre-Ouest-de-l'Île-de-Montréal,8,8,0.0
2021-2022,CIUSSS du Centre-Ouest-de-l'Île-de-Montréal,8,9,276.0
2021-2022,CIUSSS du Centre-Ouest-de-l'Île-de-Montréal,9,1,39.0
2021-2022,CIUSSS du Centre-Ouest-de-l'Île-de-Montréal,9,2,138.0
2021-2022,CIUSSS du Centre-Ouest-de-l'Île-de-Montréal,9,3,80.0
2021-2022,CIUSSS du Centre-Ouest-de-l'Île-de-Montréal,9,4,22.0
2021-2022,CIUSSS du Centre-Ouest-de-l'Île-de-Montréal,9,5,53.0
2021-2022,CIUSSS du Centre-Ouest-de-l'Île-de-Montréal,9,6,22.0
2021-2022,CIUSSS du Centre-Ouest-de-l'Île-de-Montréal,9,7,5.0
2021-2022,CIUSSS du Centre-Ouest-de-l'Île-de-Montréal,9,8,0.0
2021-2022,CIUSSS du Centre-Ouest-de-l'Île-de-Montréal,9,9,359.0
2021-2022,CIUSSS du Centre-Sud-de-l'Île-de-Montréal,1,1,78.0
2021-2022,CIUSSS du Centre-Sud-de-l'Île-de-Montréal,1,2,64.0
2021-2022,CIUSSS du Centre-Sud-de-l'Île-de-Montréal,1,3,38.0
2021-2022,CIUSSS du Centre-Sud-de-l'Île-de-Montréal,1,4,96.0
2021-2022,CIUSSS du Centre-Sud-de-l'Île-de-Montréal,1,5,120.0
2021-2022,CIUSSS du Centre-Sud-de-l'Île-de-Montréal,1,6,38.0
2021-2022,CIUSSS du Centre-Sud-de-l'Île-de-Montréal,1,7,9.0
2021-2022,CIUSSS du Centre-Sud-de-l'Île-de-Montréal,1,9,443.0
2021-2022,CIUSSS du Centre-Sud-de-l'Île-de-Montréal,2,1,387.0
2021-2022,CIUSSS du Centre-Sud-de-l'Île-de-Montréal,2,2,193.0
2021-2022,CIUSSS du Centre-Sud-de-l'Île-de-Montréal,2,3,80.0
2021-2022,CIUSSS du Centre-Sud-de-l'Île-de-Montréal,2,4,40.0
2021-2022,CIUSSS du Centre-Sud-de-l'Île-de-Montréal,2,5,42.0
2021-2022,CIUSSS du Centre-Sud-de-l'Île-de-Montréal,2,6,7.0
2021-2022,CIUSSS du Centre-Sud-de-l'Île-de-Montréal,2,7,0.0
2021-2022,CIUSSS du Centre-Sud-de-l'Île-de-Montréal,2,9,749.0
2021-2022,CIUSSS du Centre-Sud-de-l'Île-de-Montréal,3,1,465.0
2021-2022,CIUSSS du Centre-Sud-de-l'Île-de-Montréal,3,2,257.0
2021-2022,CIUSSS du Centre-Sud-de-l'Île-de-Montréal,3,3,118.0
2021-2022,CIUSSS du Centre-Sud-de-l'Île-de-Montréal,3,4,136.0
2021-2022,CIUSSS du Centre-Sud-de-l'Île-de-Montréal,3,5,162.0
2021-2022,CIUSSS du Centre-Sud-de-l'Île-de-Montréal,3,6,45.0
2021-2022,CIUSSS du Centre-Sud-de-l'Île-de-Montréal,3,7,9.0
2021-2022,CIUSSS du Centre-Sud-de-l'Île-de-Montréal,3,9,1192.0
2021-2022,CIUSSS du Centre-Sud-de-l'Île-de-Montréal,4,1,66.0
2021-2022,CIUSSS du Centre-Sud-de-l'Île-de-Montréal,4,2,36.0
2021-2022,CIUSSS du Centre-Sud-de-l'Île-de-Montréal,4,3,17.0
2021-2022,CIUSSS du Centre-Sud-de-l'Île-de-Montréal,4,4,22.0
2021-2022,CIUSSS du Centre-Sud-de-l'Île-de-Montréal,4,5,51.0
2021-2022,CIUSSS du Centre-Sud-de-l'Île-de-Montréal,4,6,14.0
2021-2022,CIUSSS du Centre-Sud-de-l'Île-de-Montréal,4,7,3.0
2021-2022,CIUSSS du Centre-Sud-de-l'Île-de-Montréal,4,9,209.0
2021-2022,CIUSSS du Centre-Sud-de-l'Île-de-Montréal,5,1,276.0
2021-2022,CIUSSS du Centre-Sud-de-l'Île-de-Montréal,5,2,135.0
2021-2022,CIUSSS du Centre-Sud-de-l'Île-de-Montréal,5,3,68.0
2021-2022,CIUSSS du Centre-Sud-de-l'Île-de-Montréal,5,4,13.0
2021-2022,CIUSSS du Centre-Sud-de-l'Île-de-Montréal,5,5,15.0
2021-2022,CIUSSS du Centre-Sud-de-l'Île-de-Montréal,5,6,2.0
2021-2022,CIUSSS du Centre-Sud-de-l'Île-de-Montréal,5,7,0.0
2021-2022,CIUSSS du Centre-Sud-de-l'Île-de-Montréal,5,9,509.0
2021-2022,CIUSSS du Centre-Sud-de-l'Île-de-Montréal,6,1,342.0
2021-2022,CIUSSS du Centre-Sud-de-l'Île-de-Montréal,6,2,171.0
2021-2022,CIUSSS du Centre-Sud-de-l'Île-de-Montréal,6,3,85.0
2021-2022,CIUSSS du Centre-Sud-de-l'Île-de-Montréal,6,4,35.0
2021-2022,CIUSSS du Centre-Sud-de-l'Île-de-Montréal,6,5,66.0
2021-2022,CIUSSS du Centre-Sud-de-l'Île-de-Montréal,6,6,16.0
2021-2022,CIUSSS du Centre-Sud-de-l'Île-de-Montréal,6,7,3.0
2021-2022,CIUSSS du Centre-Sud-de-l'Île-de-Montréal,6,9,718.0
2021-2022,CIUSSS du Centre-Sud-de-l'Île-de-Montréal,7,1,39.0
2021-2022,CIUSSS du Centre-Sud-de-l'Île-de-Montréal,7,2,75.0
2021-2022,CIUSSS du Centre-Sud-de-l'Île-de-Montréal,7,3,39.0
2021-2022,CIUSSS du Centre-Sud-de-l'Île-de-Montréal,7,4,77.0
2021-2022,CIUSSS du Centre-Sud-de-l'Île-de-Montréal,7,5,115.0
2021-2022,CIUSSS du Centre-Sud-de-l'Île-de-Montréal,7,6,78.0
2021-2022,CIUSSS du Centre-Sud-de-l'Île-de-Montréal,7,7,38.0
2021-2022,CIUSSS du Centre-Sud-de-l'Île-de-Montréal,7,8,16.0
2021-2022,CIUSSS du Centre-Sud-de-l'Île-de-Montréal,7,9,477.0
2021-2022,CIUSSS du Centre-Sud-de-l'Île-de-Montréal,8,1,115.0
2021-2022,CIUSSS du Centre-Sud-de-l'Île-de-Montréal,8,2,525.0
2021-2022,CIUSSS du Centre-Sud-de-l'Île-de-Montréal,8,3,162.0
2021-2022,CIUSSS du Centre-Sud-de-l'Île-de-Montréal,8,4,54.0
2021-2022,CIUSSS du Centre-Sud-de-l'Île-de-Montréal,8,5,61.0
2021-2022,CIUSSS du Centre-Sud-de-l'Île-de-Montréal,8,6,9.0
2021-2022,CIUSSS du Centre-Sud-de-l'Île-de-Montréal,8,7,7.0
2021-2022,CIUSSS du Centre-Sud-de-l'Île-de-Montréal,8,8,0.0
2021-2022,CIUSSS du Centre-Sud-de-l'Île-de-Montréal,8,9,933.0
2021-2022,CIUSSS du Centre-Sud-de-l'Île-de-Montréal,9,1,154.0
2021-2022,CIUSSS du Centre-Sud-de-l'Île-de-Montréal,9,2,600.0
2021-2022,CIUSSS du Centre-Sud-de-l'Île-de-Montréal,9,3,201.0
2021-2022,CIUSSS du Centre-Sud-de-l'Île-de-Montréal,9,4,131.0
2021-2022,CIUSSS du Centre-Sud-de-l'Île-de-Montréal,9,5,176.0
2021-2022,CIUSSS du Centre-Sud-de-l'Île-de-Montréal,9,6,87.0
2021-2022,CIUSSS du Centre-Sud-de-l'Île-de-Montréal,9,7,45.0
2021-2022,CIUSSS du Centre-Sud-de-l'Île-de-Montréal,9,8,16.0
2021-2022,CIUSSS du Centre-Sud-de-l'Île-de-Montréal,9,9,1410.0
2021-2022,CIUSSS du Saguenay  Lac-Saint-Jean,1,1,29.0
2021-2022,CIUSSS du Saguenay  Lac-Saint-Jean,1,2,18.0
2021-2022,CIUSSS du Saguenay  Lac-Saint-Jean,1,3,16.0
2021-2022,CIUSSS du Saguenay  Lac-Saint-Jean,1,4,12.0
2021-2022,CIUSSS du Saguenay  Lac-Saint-Jean,1,5,24.0
2021-2022,CIUSSS du Saguenay  Lac-Saint-Jean,1,6,10.0
2021-2022,CIUSSS du Saguenay  Lac-Saint-Jean,1,7,4.0
2021-2022,CIUSSS du Saguenay  Lac-Saint-Jean,1,8,1.0
2021-2022,CIUSSS du Saguenay  Lac-Saint-Jean,1,9,114.0
2021-2022,CIUSSS du Saguenay  Lac-Saint-Jean,2,1,36.0
2021-2022,CIUSSS du Saguenay  Lac-Saint-Jean,2,2,66.0
2021-2022,CIUSSS du Saguenay  Lac-Saint-Jean,2,3,27.0
2021-2022,CIUSSS du Saguenay  Lac-Saint-Jean,2,4,14.0
2021-2022,CIUSSS du Saguenay  Lac-Saint-Jean,2,5,16.0
2021-2022,CIUSSS du Saguenay  Lac-Saint-Jean,2,6,5.0
2021-2022,CIUSSS du Saguenay  Lac-Saint-Jean,2,7,1.0
2021-2022,CIUSSS du Saguenay  Lac-Saint-Jean,2,8,0.0
2021-2022,CIUSSS du Saguenay  Lac-Saint-Jean,2,9,165.0
2021-2022,CIUSSS du Saguenay  Lac-Saint-Jean,3,1,65.0
2021-2022,CIUSSS du Saguenay  Lac-Saint-Jean,3,2,84.0
2021-2022,CIUSSS du Saguenay  Lac-Saint-Jean,3,3,43.0
2021-2022,CIUSSS du Saguenay  Lac-Saint-Jean,3,4,26.0
2021-2022,CIUSSS du Saguenay  Lac-Saint-Jean,3,5,40.0
2021-2022,CIUSSS du Saguenay  Lac-Saint-Jean,3,6,15.0
2021-2022,CIUSSS du Saguenay  Lac-Saint-Jean,3,7,5.0
2021-2022,CIUSSS du Saguenay  Lac-Saint-Jean,3,8,1.0
2021-2022,CIUSSS du Saguenay  Lac-Saint-Jean,3,9,279.0
2021-2022,CIUSSS du Saguenay  Lac-Saint-Jean,4,1,34.0
2021-2022,CIUSSS du Saguenay  Lac-Saint-Jean,4,2,10.0
2021-2022,CIUSSS du Saguenay  Lac-Saint-Jean,4,3,14.0
2021-2022,CIUSSS du Saguenay  Lac-Saint-Jean,4,4,9.0
2021-2022,CIUSSS du Saguenay  Lac-Saint-Jean,4,5,14.0
2021-2022,CIUSSS du Saguenay  Lac-Saint-Jean,4,6,7.0
2021-2022,CIUSSS du Saguenay  Lac-Saint-Jean,4,7,2.0
2021-2022,CIUSSS du Saguenay  Lac-Saint-Jean,4,8,1.0
2021-2022,CIUSSS du Saguenay  Lac-Saint-Jean,4,9,91.0
2021-2022,CIUSSS du Saguenay  Lac-Saint-Jean,5,1,34.0
2021-2022,CIUSSS du Saguenay  Lac-Saint-Jean,5,2,47.0
2021-2022,CIUSSS du Saguenay  Lac-Saint-Jean,5,3,24.0
2021-2022,CIUSSS du Saguenay  Lac-Saint-Jean,5,4,8.0
2021-2022,CIUSSS du Saguenay  Lac-Saint-Jean,5,5,10.0
2021-2022,CIUSSS du Saguenay  Lac-Saint-Jean,5,6,2.0
2021-2022,CIUSSS du Saguenay  Lac-Saint-Jean,5,7,0.0
2021-2022,CIUSSS du Saguenay  Lac-Saint-Jean,5,8,0.0
2021-2022,CIUSSS du Saguenay  Lac-Saint-Jean,5,9,125.0
2021-2022,CIUSSS du Saguenay  Lac-Saint-Jean,6,1,68.0
2021-2022,CIUSSS du Saguenay  Lac-Saint-Jean,6,2,57.0
2021-2022,CIUSSS du Saguenay  Lac-Saint-Jean,6,3,38.0
2021-2022,CIUSSS du Saguenay  Lac-Saint-Jean,6,4,17.0
2021-2022,CIUSSS du Saguenay  Lac-Saint-Jean,6,5,24.0
2021-2022,CIUSSS du Saguenay  Lac-Saint-Jean,6,6,9.0
2021-2022,CIUSSS du Saguenay  Lac-Saint-Jean,6,7,2.0
2021-2022,CIUSSS du Saguenay  Lac-Saint-Jean,6,8,1.0
2021-2022,CIUSSS du Saguenay  Lac-Saint-Jean,6,9,216.0
2021-2022,CIUSSS du Saguenay  Lac-Saint-Jean,7,1,9.0
2021-2022,CIUSSS du Saguenay  Lac-Saint-Jean,7,2,34.0
2021-2022,CIUSSS du Saguenay  Lac-Saint-Jean,7,3,17.0
2021-2022,CIUSSS du Saguenay  Lac-Saint-Jean,7,4,16.0
2021-2022,CIUSSS du Saguenay  Lac-Saint-Jean,7,5,49.0
2021-2022,CIUSSS du Saguenay  Lac-Saint-Jean,7,6,27.0
2021-2022,CIUSSS du Saguenay  Lac-Saint-Jean,7,7,17.0
2021-2022,CIUSSS du Saguenay  Lac-Saint-Jean,7,8,5.0
2021-2022,CIUSSS du Saguenay  Lac-Saint-Jean,7,9,174.0
2021-2022,CIUSSS du Saguenay  Lac-Saint-Jean,8,1,10.0
2021-2022,CIUSSS du Saguenay  Lac-Saint-Jean,8,2,70.0
2021-2022,CIUSSS du Saguenay  Lac-Saint-Jean,8,3,37.0
2021-2022,CIUSSS du Saguenay  Lac-Saint-Jean,8,4,12.0
2021-2022,CIUSSS du Saguenay  Lac-Saint-Jean,8,5,22.0
2021-2022,CIUSSS du Saguenay  Lac-Saint-Jean,8,6,0.0
2021-2022,CIUSSS du Saguenay  Lac-Saint-Jean,8,7,0.0
2021-2022,CIUSSS du Saguenay  Lac-Saint-Jean,8,8,0.0
2021-2022,CIUSSS du Saguenay  Lac-Saint-Jean,8,9,151.0
2021-2022,CIUSSS du Saguenay  Lac-Saint-Jean,9,1,19.0
2021-2022,CIUSSS du Saguenay  Lac-Saint-Jean,9,2,104.0
2021-2022,CIUSSS du Saguenay  Lac-Saint-Jean,9,3,54.0
2021-2022,CIUSSS du Saguenay  Lac-Saint-Jean,9,4,28.0
2021-2022,CIUSSS du Saguenay  Lac-Saint-Jean,9,5,71.0
2021-2022,CIUSSS du Saguenay  Lac-Saint-Jean,9,6,27.0
2021-2022,CIUSSS du Saguenay  Lac-Saint-Jean,9,7,17.0
2021-2022,CIUSSS du Saguenay  Lac-Saint-Jean,9,8,5.0
2021-2022,CIUSSS du Saguenay  Lac-Saint-Jean,9,9,325.0
2022-2023,CISSS de Chaudière-Appalaches,1,1,40.0
2022-2023,CISSS de Chaudière-Appalaches,1,2,19.0
2022-2023,CISSS de Chaudière-Appalaches,1,3,28.0
2022-2023,CISSS de Chaudière-Appalaches,1,4,26.0
2022-2023,CISSS de Chaudière-Appalaches,1,5,60.0
2022-2023,CISSS de Chaudière-Appalaches,1,6,41.0
2022-2023,CISSS de Chaudière-Appalaches,1,7,25.0
2022-2023,CISSS de Chaudière-Appalaches,1,8,8.0
2022-2023,CISSS de Chaudière-Appalaches,1,9,247.0
2022-2023,CISSS de Chaudière-Appalaches,2,1,54.0
2022-2023,CISSS de Chaudière-Appalaches,2,2,87.0
2022-2023,CISSS de Chaudière-Appalaches,2,3,74.0
2022-2023,CISSS de Chaudière-Appalaches,2,4,29.0
2022-2023,CISSS de Chaudière-Appalaches,2,5,35.0
2022-2023,CISSS de Chaudière-Appalaches,2,6,13.0
2022-2023,CISSS de Chaudière-Appalaches,2,7,0.0
2022-2023,CISSS de Chaudière-Appalaches,2,8,0.0
2022-2023,CISSS de Chaudière-Appalaches,2,9,292.0
2022-2023,CISSS de Chaudière-Appalaches,3,1,94.0
2022-2023,CISSS de Chaudière-Appalaches,3,2,106.0
2022-2023,CISSS de Chaudière-Appalaches,3,3,102.0
2022-2023,CISSS de Chaudière-Appalaches,3,4,55.0
2022-2023,CISSS de Chaudière-Appalaches,3,5,95.0
2022-2023,CISSS de Chaudière-Appalaches,3,6,54.0
2022-2023,CISSS de Chaudière-Appalaches,3,7,25.0
2022-2023,CISSS de Chaudière-Appalaches,3,8,8.0
2022-2023,CISSS de Chaudière-Appalaches,3,9,539.0
2022-2023,CISSS de Chaudière-Appalaches,4,1,33.0
2022-2023,CISSS de Chaudière-Appalaches,4,2,11.0
2022-2023,CISSS de Chaudière-Appalaches,4,3,22.0
2022-2023,CISSS de Chaudière-Appalaches,4,4,25.0
2022-2023,CISSS de Chaudière-Appalaches,4,5,49.0
2022-2023,CISSS de Chaudière-Appalaches,4,6,34.0
2022-2023,CISSS de Chaudière-Appalaches,4,7,17.0
2022-2023,CISSS de Chaudière-Appalaches,4,8,7.0
2022-2023,CISSS de Chaudière-Appalaches,4,9,198.0
2022-2023,CISSS de Chaudière-Appalaches,5,1,56.0
2022-2023,CISSS de Chaudière-Appalaches,5,2,101.0
2022-2023,CISSS de Chaudière-Appalaches,5,3,56.0
2022-2023,CISSS de Chaudière-Appalaches,5,4,27.0
2022-2023,CISSS de Chaudière-Appalaches,5,5,36.0
2022-2023,CISSS de Chaudière-Appalaches,5,6,7.0
2022-2023,CISSS de Chaudière-Appalaches,5,7,0.0
2022-2023,CISSS de Chaudière-Appalaches,5,8,0.0
2022-2023,CISSS de Chaudière-Appalaches,5,9,283.0
2022-2023,CISSS de Chaudière-Appalaches,6,1,89.0
2022-2023,CISSS de Chaudière-Appalaches,6,2,112.0
2022-2023,CISSS de Chaudière-Appalaches,6,3,78.0
2022-2023,CISSS de Chaudière-Appalaches,6,4,52.0
2022-2023,CISSS de Chaudière-Appalaches,6,5,85.0
2022-2023,CISSS de Chaudière-Appalaches,6,6,41.0
2022-2023,CISSS de Chaudière-Appalaches,6,7,17.0
2022-2023,CISSS de Chaudière-Appalaches,6,8,7.0
2022-2023,CISSS de Chaudière-Appalaches,6,9,481.0
2022-2023,CISSS de Chaudière-Appalaches,7,1,5.0
2022-2023,CISSS de Chaudière-Appalaches,7,2,34.0
2022-2023,CISSS de Chaudière-Appalaches,7,3,31.0
2022-2023,CISSS de Chaudière-Appalaches,7,4,25.0
2022-2023,CISSS de Chaudière-Appalaches,7,5,62.0
2022-2023,CISSS de Chaudière-Appalaches,7,6,49.0
2022-2023,CISSS de Chaudière-Appalaches,7,7,21.0
2022-2023,CISSS de Chaudière-Appalaches,7,8,10.0
2022-2023,CISSS de Chaudière-Appalaches,7,9,237.0
2022-2023,CISSS de Chaudière-Appalaches,8,1,4.0
2022-2023,CISSS de Chaudière-Appalaches,8,2,120.0
2022-2023,CISSS de Chaudière-Appalaches,8,3,107.0
2022-2023,CISSS de Chaudière-Appalaches,8,4,35.0
2022-2023,CISSS de Chaudière-Appalaches,8,5,50.0
2022-2023,CISSS de Chaudière-Appalaches,8,6,10.0
2022-2023,CISSS de Chaudière-Appalaches,8,7,2.0
2022-2023,CISSS de Chaudière-Appalaches,8,8,0.0
2022-2023,CISSS de Chaudière-Appalaches,8,9,328.0
2022-2023,CISSS de Chaudière-Appalaches,9,1,9.0
2022-2023,CISSS de Chaudière-Appalaches,9,2,154.0
2022-2023,CISSS de Chaudière-Appalaches,9,3,138.0
2022-2023,CISSS de Chaudière-Appalaches,9,4,60.0
2022-2023,CISSS de Chaudière-Appalaches,9,5,112.0
2022-2023,CISSS de Chaudière-Appalaches,9,6,59.0
2022-2023,CISSS de Chaudière-Appalaches,9,7,23.0
2022-2023,CISSS de Chaudière-Appalaches,9,8,10.0
2022-2023,CISSS de Chaudière-Appalaches,9,9,565.0
2022-2023,CISSS de Lanaudière,1,1,21.0
2022-2023,CISSS de Lanaudière,1,2,20.0
2022-2023,CISSS de Lanaudière,1,3,22.0
2022-2023,CISSS de Lanaudière,1,4,14.0
2022-2023,CISSS de Lanaudière,1,5,84.0
2022-2023,CISSS de Lanaudière,1,6,26.0
2022-2023,CISSS de Lanaudière,1,7,4.0
2022-2023,CISSS de Lanaudière,1,9,191.0
2022-2023,CISSS de Lanaudière,2,1,140.0
2022-2023,CISSS de Lanaudière,2,2,298.0
2022-2023,CISSS de Lanaudière,2,3,130.0
2022-2023,CISSS de Lanaudière,2,4,32.0
2022-2023,CISSS de Lanaudière,2,5,34.0
2022-2023,CISSS de Lanaudière,2,6,2.0
2022-2023,CISSS de Lanaudière,2,9,636.0
2022-2023,CISSS de Lanaudière,3,1,161.0
2022-2023,CISSS de Lanaudière,3,2,318.0
2022-2023,CISSS de Lanaudière,3,3,152.0
2022-2023,CISSS de Lanaudière,3,4,46.0
2022-2023,CISSS de Lanaudière,3,5,118.0
2022-2023,CISSS de Lanaudière,3,6,28.0
2022-2023,CISSS de Lanaudière,3,7,4.0
2022-2023,CISSS de Lanaudière,3,9,827.0
2022-2023,CISSS de Lanaudière,4,1,31.0
2022-2023,CISSS de Lanaudière,4,2,27.0
2022-2023,CISSS de Lanaudière,4,3,28.0
2022-2023,CISSS de Lanaudière,4,4,18.0
2022-2023,CISSS de Lanaudière,4,5,96.0
2022-2023,CISSS de Lanaudière,4,6,41.0
2022-2023,CISSS de Lanaudière,4,7,13.0
2022-2023,CISSS de Lanaudière,4,8,2.0
2022-2023,CISSS de Lanaudière,4,9,256.0
2022-2023,CISSS de Lanaudière,5,1,203.0
2022-2023,CISSS de Lanaudière,5,2,275.0
2022-2023,CISSS de Lanaudière,5,3,116.0
2022-2023,CISSS de Lanaudière,5,4,26.0
2022-2023,CISSS de Lanaudière,5,5,39.0
2022-2023,CISSS de Lanaudière,5,6,1.0
2022-2023,CISSS de Lanaudière,5,9,660.0
2022-2023,CISSS de Lanaudière,6,1,234.0
2022-2023,CISSS de Lanaudière,6,2,302.0
2022-2023,CISSS de Lanaudière,6,3,144.0
2022-2023,CISSS de Lanaudière,6,4,44.0
2022-2023,CISSS de Lanaudière,6,5,135.0
2022-2023,CISSS de Lanaudière,6,6,42.0
2022-2023,CISSS de Lanaudière,6,7,13.0
2022-2023,CISSS de Lanaudière,6,8,2.0
2022-2023,CISSS de Lanaudière,6,9,916.0
2022-2023,CISSS de Lanaudière,7,1,10.0
2022-2023,CISSS de Lanaudière,7,2,35.0
2022-2023,CISSS de Lanaudière,7,3,15.0
2022-2023,CISSS de Lanaudière,7,4,17.0
2022-2023,CISSS de Lanaudière,7,5,82.0
2022-2023,CISSS de Lanaudière,7,6,31.0
2022-2023,CISSS de Lanaudière,7,7,11.0
2022-2023,CISSS de Lanaudière,7,8,2.0
2022-2023,CISSS de Lanaudière,7,9,203.0
2022-2023,CISSS de Lanaudière,8,1,59.0
2022-2023,CISSS de Lanaudière,8,2,297.0
2022-2023,CISSS de Lanaudière,8,3,93.0
2022-2023,CISSS de Lanaudière,8,4,49.0
2022-2023,CISSS de Lanaudière,8,5,45.0
2022-2023,CISSS de Lanaudière,8,6,5.0
2022-2023,CISSS de Lanaudière,8,7,1.0
2022-2023,CISSS de Lanaudière,8,9,549.0
2022-2023,CISSS de Lanaudière,9,1,69.0
2022-2023,CISSS de Lanaudière,9,2,332.0
2022-2023,CISSS de Lanaudière,9,3,108.0
2022-2023,CISSS de Lanaudière,9,4,66.0
2022-2023,CISSS de Lanaudière,9,5,127.0
2022-2023,CISSS de Lanaudière,9,6,36.0
2022-2023,CISSS de Lanaudière,9,7,12.0
2022-2023,CISSS de Lanaudière,9,8,2.0
2022-2023,CISSS de Lanaudière,9,9,752.0
2022-2023,CISSS de Laval,1,1,18.0
2022-2023,CISSS de Laval,1,2,36.0
2022-2023,CISSS de Laval,1,3,21.0
2022-2023,CISSS de Laval,1,4,26.0
2022-2023,CISSS de Laval,1,5,16.0
2022-2023,CISSS de Laval,1,6,8.0
2022-2023,CISSS de Laval,1,7,4.0
2022-2023,CISSS de Laval,1,8,0.0
2022-2023,CISSS de Laval,1,9,129.0
2022-2023,CISSS de Laval,2,1,548.0
2022-2023,CISSS de Laval,2,2,350.0
2022-2023,CISSS de Laval,2,3,124.0
2022-2023,CISSS de Laval,2,4,36.0
2022-2023,CISSS de Laval,2,5,15.0
2022-2023,CISSS de Laval,2,6,3.0
2022-2023,CISSS de Laval,2,9,1076.0
2022-2023,CISSS de Laval,3,1,566.0
2022-2023,CISSS de Laval,3,2,386.0
2022-2023,CISSS de Laval,3,3,145.0
2022-2023,CISSS de Laval,3,4,62.0
2022-2023,CISSS de Laval,3,5,31.0
2022-2023,CISSS de Laval,3,6,11.0
2022-2023,CISSS de Laval,3,7,4.0
2022-2023,CISSS de Laval,3,8,0.0
2022-2023,CISSS de Laval,3,9,1205.0
2022-2023,CISSS de Laval,4,1,13.0
2022-2023,CISSS de Laval,4,2,26.0
2022-2023,CISSS de Laval,4,3,15.0
2022-2023,CISSS de Laval,4,4,12.0
2022-2023,CISSS de Laval,4,5,7.0
2022-2023,CISSS de Laval,4,6,5.0
2022-2023,CISSS de Laval,4,7,1.0
2022-2023,CISSS de Laval,4,9,79.0
2022-2023,CISSS de Laval,5,1,150.0
2022-2023,CISSS de Laval,5,2,170.0
2022-2023,CISSS de Laval,5,3,95.0
2022-2023,CISSS de Laval,5,4,13.0
2022-2023,CISSS de Laval,5,5,6.0
2022-2023,CISSS de Laval,5,6,2.0
2022-2023,CISSS de Laval,5,9,436.0
2022-2023,CISSS de Laval,6,1,163.0
2022-2023,CISSS de Laval,6,2,196.0
2022-2023,CISSS de Laval,6,3,110.0
2022-2023,CISSS de Laval,6,4,25.0
2022-2023,CISSS de Laval,6,5,13.0
2022-2023,CISSS de Laval,6,6,7.0
2022-2023,CISSS de Laval,6,7,1.0
2022-2023,CISSS de Laval,6,9,515.0
2022-2023,CISSS de Laval,7,1,10.0
2022-2023,CISSS de Laval,7,2,26.0
2022-2023,CISSS de Laval,7,3,20.0
2022-2023,CISSS de Laval,7,4,9.0
2022-2023,CISSS de Laval,7,5,25.0
2022-2023,CISSS de Laval,7,6,14.0
2022-2023,CISSS de Laval,7,7,2.0
2022-2023,CISSS de Laval,7,8,1.0
2022-2023,CISSS de Laval,7,9,107.0
2022-2023,CISSS de Laval,8,1,26.0
2022-2023,CISSS de Laval,8,2,187.0
2022-2023,CISSS de Laval,8,3,58.0
2022-2023,CISSS de Laval,8,4,14.0
2022-2023,CISSS de Laval,8,5,14.0
2022-2023,CISSS de Laval,8,6,2.0
2022-2023,CISSS de Laval,8,7,0.0
2022-2023,CISSS de Laval,8,8,1.0
2022-2023,CISSS de Laval,8,9,302.0
2022-2023,CISSS de Laval,9,1,36.0
2022-2023,CISSS de Laval,9,2,213.0
2022-2023,CISSS de Laval,9,3,78.0
2022-2023,CISSS de Laval,9,4,23.0
2022-2023,CISSS de Laval,9,5,39.0
2022-2023,CISSS de Laval,9,6,16.0
2022-2023,CISSS de Laval,9,7,2.0
2022-2023,CISSS de Laval,9,8,2.0
2022-2023,CISSS de Laval,9,9,409.0
2022-2023,CISSS de l'Abitibi-Témiscamingue,1,1,7.0
2022-2023,CISSS de l'Abitibi-Témiscamingue,1,2,7.0
2022-2023,CISSS de l'Abitibi-Témiscamingue,1,3,11.0
2022-2023,CISSS de l'Abitibi-Témiscamingue,1,4,3.0
2022-2023,CISSS de l'Abitibi-Témiscamingue,1,5,21.0
2022-2023,CISSS de l'Abitibi-Témiscamingue,1,6,12.0
2022-2023,CISSS de l'Abitibi-Témiscamingue,1,7,2.0
2022-2023,CISSS de l'Abitibi-Témiscamingue,1,8,0.0
2022-2023,CISSS de l'Abitibi-Témiscamingue,1,9,63.0
2022-2023,CISSS de l'Abitibi-Témiscamingue,2,1,60.0
2022-2023,CISSS de l'Abitibi-Témiscamingue,2,2,36.0
2022-2023,CISSS de l'Abitibi-Témiscamingue,2,3,17.0
2022-2023,CISSS de l'Abitibi-Témiscamingue,2,4,8.0
2022-2023,CISSS de l'Abitibi-Témiscamingue,2,5,27.0
2022-2023,CISSS de l'Abitibi-Témiscamingue,2,6,0.0
2022-2023,CISSS de l'Abitibi-Témiscamingue,2,7,0.0
2022-2023,CISSS de l'Abitibi-Témiscamingue,2,8,0.0
2022-2023,CISSS de l'Abitibi-Témiscamingue,2,9,148.0
2022-2023,CISSS de l'Abitibi-Témiscamingue,3,1,67.0
2022-2023,CISSS de l'Abitibi-Témiscamingue,3,2,43.0
2022-2023,CISSS de l'Abitibi-Témiscamingue,3,3,28.0
2022-2023,CISSS de l'Abitibi-Témiscamingue,3,4,11.0
2022-2023,CISSS de l'Abitibi-Témiscamingue,3,5,48.0
2022-2023,CISSS de l'Abitibi-Témiscamingue,3,6,12.0
2022-2023,CISSS de l'Abitibi-Témiscamingue,3,7,2.0
2022-2023,CISSS de l'Abitibi-Témiscamingue,3,8,0.0
2022-2023,CISSS de l'Abitibi-Témiscamingue,3,9,211.0
2022-2023,CISSS de l'Abitibi-Témiscamingue,4,1,7.0
2022-2023,CISSS de l'Abitibi-Témiscamingue,4,2,12.0
2022-2023,CISSS de l'Abitibi-Témiscamingue,4,3,8.0
2022-2023,CISSS de l'Abitibi-Témiscamingue,4,4,3.0
2022-2023,CISSS de l'Abitibi-Témiscamingue,4,5,18.0
2022-2023,CISSS de l'Abitibi-Témiscamingue,4,6,11.0
2022-2023,CISSS de l'Abitibi-Témiscamingue,4,7,3.0
2022-2023,CISSS de l'Abitibi-Témiscamingue,4,8,0.0
2022-2023,CISSS de l'Abitibi-Témiscamingue,4,9,62.0
2022-2023,CISSS de l'Abitibi-Témiscamingue,5,1,40.0
2022-2023,CISSS de l'Abitibi-Témiscamingue,5,2,44.0
2022-2023,CISSS de l'Abitibi-Témiscamingue,5,3,17.0
2022-2023,CISSS de l'Abitibi-Témiscamingue,5,4,9.0
2022-2023,CISSS de l'Abitibi-Témiscamingue,5,5,13.0
2022-2023,CISSS de l'Abitibi-Témiscamingue,5,6,3.0
2022-2023,CISSS de l'Abitibi-Témiscamingue,5,7,0.0
2022-2023,CISSS de l'Abitibi-Témiscamingue,5,8,0.0
2022-2023,CISSS de l'Abitibi-Témiscamingue,5,9,126.0
2022-2023,CISSS de l'Abitibi-Témiscamingue,6,1,47.0
2022-2023,CISSS de l'Abitibi-Témiscamingue,6,2,56.0
2022-2023,CISSS de l'Abitibi-Témiscamingue,6,3,25.0
2022-2023,CISSS de l'Abitibi-Témiscamingue,6,4,12.0
2022-2023,CISSS de l'Abitibi-Témiscamingue,6,5,31.0
2022-2023,CISSS de l'Abitibi-Témiscamingue,6,6,14.0
2022-2023,CISSS de l'Abitibi-Témiscamingue,6,7,3.0
2022-2023,CISSS de l'Abitibi-Témiscamingue,6,8,0.0
2022-2023,CISSS de l'Abitibi-Témiscamingue,6,9,188.0
2022-2023,CISSS de l'Abitibi-Témiscamingue,7,1,1.0
2022-2023,CISSS de l'Abitibi-Témiscamingue,7,2,20.0
2022-2023,CISSS de l'Abitibi-Témiscamingue,7,3,9.0
2022-2023,CISSS de l'Abitibi-Témiscamingue,7,4,3.0
2022-2023,CISSS de l'Abitibi-Témiscamingue,7,5,21.0
2022-2023,CISSS de l'Abitibi-Témiscamingue,7,6,20.0
2022-2023,CISSS de l'Abitibi-Témiscamingue,7,7,5.0
2022-2023,CISSS de l'Abitibi-Témiscamingue,7,8,1.0
2022-2023,CISSS de l'Abitibi-Témiscamingue,7,9,80.0
2022-2023,CISSS de l'Abitibi-Témiscamingue,8,1,5.0
2022-2023,CISSS de l'Abitibi-Témiscamingue,8,2,34.0
2022-2023,CISSS de l'Abitibi-Témiscamingue,8,3,42.0
2022-2023,CISSS de l'Abitibi-Témiscamingue,8,4,15.0
2022-2023,CISSS de l'Abitibi-Témiscamingue,8,5,32.0
2022-2023,CISSS de l'Abitibi-Témiscamingue,8,6,4.0
2022-2023,CISSS de l'Abitibi-Témiscamingue,8,7,0.0
2022-2023,CISSS de l'Abitibi-Témiscamingue,8,8,0.0
2022-2023,CISSS de l'Abitibi-Témiscamingue,8,9,132.0
2022-2023,CISSS de l'Abitibi-Témiscamingue,9,1,6.0
2022-2023,CISSS de l'Abitibi-Témiscamingue,9,2,54.0
2022-2023,CISSS de l'Abitibi-Témiscamingue,9,3,51.0
2022-2023,CISSS de l'Abitibi-Témiscamingue,9,4,18.0
2022-2023,CISSS de l'Abitibi-Témiscamingue,9,5,53.0
2022-2023,CISSS de l'Abitibi-Témiscamingue,9,6,24.0
2022-2023,CISSS de l'Abitibi-Témiscamingue,9,7,5.0
2022-2023,CISSS de l'Abitibi-Témiscamingue,9,8,1.0
2022-2023,CISSS de l'Abitibi-Témiscamingue,9,9,212.0
2022-2023,CISSS de l'Outaouais,1,1,30.0
2022-2023,CISSS de l'Outaouais,1,2,39.0
2022-2023,CISSS de l'Outaouais,1,3,21.0
2022-2023,CISSS de l'Outaouais,1,4,17.0
2022-2023,CISSS de l'Outaouais,1,5,54.0
2022-2023,CISSS de l'Outaouais,1,6,11.0
2022-2023,CISSS de l'Outaouais,1,7,2.0
2022-2023,CISSS de l'Outaouais,1,9,174.0
2022-2023,CISSS de l'Outaouais,2,1,165.0
2022-2023,CISSS de l'Outaouais,2,2,173.0
2022-2023,CISSS de l'Outaouais,2,3,73.0
2022-2023,CISSS de l'Outaouais,2,4,17.0
2022-2023,CISSS de l'Outaouais,2,5,44.0
2022-2023,CISSS de l'Outaouais,2,6,8.0
2022-2023,CISSS de l'Outaouais,2,9,480.0
2022-2023,CISSS de l'Outaouais,3,1,195.0
2022-2023,CISSS de l'Outaouais,3,2,212.0
2022-2023,CISSS de l'Outaouais,3,3,94.0
2022-2023,CISSS de l'Outaouais,3,4,34.0
2022-2023,CISSS de l'Outaouais,3,5,98.0
2022-2023,CISSS de l'Outaouais,3,6,19.0
2022-2023,CISSS de l'Outaouais,3,7,2.0
2022-2023,CISSS de l'Outaouais,3,9,654.0
2022-2023,CISSS de l'Outaouais,4,1,22.0
2022-2023,CISSS de l'Outaouais,4,2,28.0
2022-2023,CISSS de l'Outaouais,4,3,14.0
2022-2023,CISSS de l'Outaouais,4,4,16.0
2022-2023,CISSS de l'Outaouais,4,5,49.0
2022-2023,CISSS de l'Outaouais,4,6,29.0
2022-2023,CISSS de l'Outaouais,4,7,5.0
2022-2023,CISSS de l'Outaouais,4,8,2.0
2022-2023,CISSS de l'Outaouais,4,9,165.0
2022-2023,CISSS de l'Outaouais,5,1,147.0
2022-2023,CISSS de l'Outaouais,5,2,117.0
2022-2023,CISSS de l'Outaouais,5,3,43.0
2022-2023,CISSS de l'Outaouais,5,4,16.0
2022-2023,CISSS de l'Outaouais,5,5,34.0
2022-2023,CISSS de l'Outaouais,5,6,5.0
2022-2023,CISSS de l'Outaouais,5,9,362.0
2022-2023,CISSS de l'Outaouais,6,1,169.0
2022-2023,CISSS de l'Outaouais,6,2,145.0
2022-2023,CISSS de l'Outaouais,6,3,57.0
2022-2023,CISSS de l'Outaouais,6,4,32.0
2022-2023,CISSS de l'Outaouais,6,5,83.0
2022-2023,CISSS de l'Outaouais,6,6,34.0
2022-2023,CISSS de l'Outaouais,6,7,5.0
2022-2023,CISSS de l'Outaouais,6,8,2.0
2022-2023,CISSS de l'Outaouais,6,9,527.0
2022-2023,CISSS de l'Outaouais,7,1,16.0
2022-2023,CISSS de l'Outaouais,7,2,38.0
2022-2023,CISSS de l'Outaouais,7,3,33.0
2022-2023,CISSS de l'Outaouais,7,4,17.0
2022-2023,CISSS de l'Outaouais,7,5,68.0
2022-2023,CISSS de l'Outaouais,7,6,43.0
2022-2023,CISSS de l'Outaouais,7,7,7.0
2022-2023,CISSS de l'Outaouais,7,8,2.0
2022-2023,CISSS de l'Outaouais,7,9,224.0
2022-2023,CISSS de l'Outaouais,8,1,29.0
2022-2023,CISSS de l'Outaouais,8,2,216.0
2022-2023,CISSS de l'Outaouais,8,3,103.0
2022-2023,CISSS de l'Outaouais,8,4,13.0
2022-2023,CISSS de l'Outaouais,8,5,50.0
2022-2023,CISSS de l'Outaouais,8,6,6.0
2022-2023,CISSS de l'Outaouais,8,9,417.0
2022-2023,CISSS de l'Outaouais,9,1,45.0
2022-2023,CISSS de l'Outaouais,9,2,254.0
2022-2023,CISSS de l'Outaouais,9,3,136.0
2022-2023,CISSS de l'Outaouais,9,4,30.0
2022-2023,CISSS de l'Outaouais,9,5,118.0
2022-2023,CISSS de l'Outaouais,9,6,49.0
2022-2023,CISSS de l'Outaouais,9,7,7.0
2022-2023,CISSS de l'Outaouais,9,8,2.0
2022-2023,CISSS de l'Outaouais,9,9,641.0
2022-2023,CISSS de la Côte-Nord,1,1,9.0
2022-2023,CISSS de la Côte-Nord,1,2,9.0
2022-2023,CISSS de la Côte-Nord,1,3,8.0
2022-2023,CISSS de la Côte-Nord,1,4,2.0
2022-2023,CISSS de la Côte-Nord,1,5,25.0
2022-2023,CISSS de la Côte-Nord,1,6,15.0
2022-2023,CISSS de la Côte-Nord,1,7,3.0
2022-2023,CISSS de la Côte-Nord,1,9,71.0
2022-2023,CISSS de la Côte-Nord,2,1,23.0
2022-2023,CISSS de la Côte-Nord,2,2,51.0
2022-2023,CISSS de la Côte-Nord,2,3,28.0
2022-2023,CISSS de la Côte-Nord,2,4,2.0
2022-2023,CISSS de la Côte-Nord,2,5,7.0
2022-2023,CISSS de la Côte-Nord,2,6,1.0
2022-2023,CISSS de la Côte-Nord,2,7,0.0
2022-2023,CISSS de la Côte-Nord,2,8,0.0
2022-2023,CISSS de la Côte-Nord,2,9,112.0
2022-2023,CISSS de la Côte-Nord,3,1,32.0
2022-2023,CISSS de la Côte-Nord,3,2,60.0
2022-2023,CISSS de la Côte-Nord,3,3,36.0
2022-2023,CISSS de la Côte-Nord,3,4,4.0
2022-2023,CISSS de la Côte-Nord,3,5,32.0
2022-2023,CISSS de la Côte-Nord,3,6,16.0
2022-2023,CISSS de la Côte-Nord,3,7,3.0
2022-2023,CISSS de la Côte-Nord,3,8,0.0
2022-2023,CISSS de la Côte-Nord,3,9,183.0
2022-2023,CISSS de la Côte-Nord,4,1,9.0
2022-2023,CISSS de la Côte-Nord,4,2,4.0
2022-2023,CISSS de la Côte-Nord,4,3,1.0
2022-2023,CISSS de la Côte-Nord,4,4,0.0
2022-2023,CISSS de la Côte-Nord,4,5,16.0
2022-2023,CISSS de la Côte-Nord,4,6,10.0
2022-2023,CISSS de la Côte-Nord,4,7,2.0
2022-2023,CISSS de la Côte-Nord,4,8,0.0
2022-2023,CISSS de la Côte-Nord,4,9,42.0
2022-2023,CISSS de la Côte-Nord,5,1,15.0
2022-2023,CISSS de la Côte-Nord,5,2,17.0
2022-2023,CISSS de la Côte-Nord,5,3,9.0
2022-2023,CISSS de la Côte-Nord,5,4,3.0
2022-2023,CISSS de la Côte-Nord,5,5,2.0
2022-2023,CISSS de la Côte-Nord,5,6,2.0
2022-2023,CISSS de la Côte-Nord,5,9,48.0
2022-2023,CISSS de la Côte-Nord,6,1,24.0
2022-2023,CISSS de la Côte-Nord,6,2,21.0
2022-2023,CISSS de la Côte-Nord,6,3,10.0
2022-2023,CISSS de la Côte-Nord,6,4,3.0
2022-2023,CISSS de la Côte-Nord,6,5,18.0
2022-2023,CISSS de la Côte-Nord,6,6,12.0
2022-2023,CISSS de la Côte-Nord,6,7,2.0
2022-2023,CISSS de la Côte-Nord,6,8,0.0
2022-2023,CISSS de la Côte-Nord,6,9,90.0
2022-2023,CISSS de la Côte-Nord,7,1,1.0
2022-2023,CISSS de la Côte-Nord,7,2,5.0
2022-2023,CISSS de la Côte-Nord,7,3,2.0
2022-2023,CISSS de la Côte-Nord,7,4,1.0
2022-2023,CISSS de la Côte-Nord,7,5,6.0
2022-2023,CISSS de la Côte-Nord,7,6,10.0
2022-2023,CISSS de la Côte-Nord,7,7,2.0
2022-2023,CISSS de la Côte-Nord,7,8,2.0
2022-2023,CISSS de la Côte-Nord,7,9,29.0
2022-2023,CISSS de la Côte-Nord,8,1,7.0
2022-2023,CISSS de la Côte-Nord,8,2,14.0
2022-2023,CISSS de la Côte-Nord,8,3,16.0
2022-2023,CISSS de la Côte-Nord,8,4,5.0
2022-2023,CISSS de la Côte-Nord,8,5,4.0
2022-2023,CISSS de la Côte-Nord,8,6,1.0
2022-2023,CISSS de la Côte-Nord,8,9,47.0
2022-2023,CISSS de la Côte-Nord,9,1,8.0
2022-2023,CISSS de la Côte-Nord,9,2,19.0
2022-2023,CISSS de la Côte-Nord,9,3,18.0
2022-2023,CISSS de la Côte-Nord,9,4,6.0
2022-2023,CISSS de la Côte-Nord,9,5,10.0
2022-2023,CISSS de la Côte-Nord,9,6,11.0
2022-2023,CISSS de la Côte-Nord,9,7,2.0
2022-2023,CISSS de la Côte-Nord,9,8,2.0
2022-2023,CISSS de la Côte-Nord,9,9,76.0
2022-2023,CISSS de la Gaspésie,1,2,2.0
2022-2023,CISSS de la Gaspésie,1,3,7.0
2022-2023,CISSS de la Gaspésie,1,4,6.0
2022-2023,CISSS de la Gaspésie,1,5,17.0
2022-2023,CISSS de la Gaspésie,1,6,9.0
2022-2023,CISSS de la Gaspésie,1,7,3.0
2022-2023,CISSS de la Gaspésie,1,9,44.0
2022-2023,CISSS de la Gaspésie,2,1,14.0
2022-2023,CISSS de la Gaspésie,2,2,24.0
2022-2023,CISSS de la Gaspésie,2,3,33.0
2022-2023,CISSS de la Gaspésie,2,4,11.0
2022-2023,CISSS de la Gaspésie,2,5,17.0
2022-2023,CISSS de la Gaspésie,2,6,1.0
2022-2023,CISSS de la Gaspésie,2,9,100.0
2022-2023,CISSS de la Gaspésie,3,1,14.0
2022-2023,CISSS de la Gaspésie,3,2,26.0
2022-2023,CISSS de la Gaspésie,3,3,40.0
2022-2023,CISSS de la Gaspésie,3,4,17.0
2022-2023,CISSS de la Gaspésie,3,5,34.0
2022-2023,CISSS de la Gaspésie,3,6,10.0
2022-2023,CISSS de la Gaspésie,3,7,3.0
2022-2023,CISSS de la Gaspésie,3,9,144.0
2022-2023,CISSS de la Gaspésie,4,2,2.0
2022-2023,CISSS de la Gaspésie,4,3,6.0
2022-2023,CISSS de la Gaspésie,4,4,5.0
2022-2023,CISSS de la Gaspésie,4,5,7.0
2022-2023,CISSS de la Gaspésie,4,6,6.0
2022-2023,CISSS de la Gaspésie,4,7,3.0
2022-2023,CISSS de la Gaspésie,4,9,29.0
2022-2023,CISSS de la Gaspésie,5,1,11.0
2022-2023,CISSS de la Gaspésie,5,2,26.0
2022-2023,CISSS de la Gaspésie,5,3,34.0
2022-2023,CISSS de la Gaspésie,5,4,5.0
2022-2023,CISSS de la Gaspésie,5,5,7.0
2022-2023,CISSS de la Gaspésie,5,9,83.0
2022-2023,CISSS de la Gaspésie,6,1,11.0
2022-2023,CISSS de la Gaspésie,6,2,28.0
2022-2023,CISSS de la Gaspésie,6,3,40.0
2022-2023,CISSS de la Gaspésie,6,4,10.0
2022-2023,CISSS de la Gaspésie,6,5,14.0
2022-2023,CISSS de la Gaspésie,6,6,6.0
2022-2023,CISSS de la Gaspésie,6,7,3.0
2022-2023,CISSS de la Gaspésie,6,9,112.0
2022-2023,CISSS de la Gaspésie,7,3,6.0
2022-2023,CISSS de la Gaspésie,7,4,9.0
2022-2023,CISSS de la Gaspésie,7,5,16.0
2022-2023,CISSS de la Gaspésie,7,6,16.0
2022-2023,CISSS de la Gaspésie,7,7,3.0
2022-2023,CISSS de la Gaspésie,7,9,50.0
2022-2023,CISSS de la Gaspésie,8,1,3.0
2022-2023,CISSS de la Gaspésie,8,2,19.0
2022-2023,CISSS de la Gaspésie,8,3,29.0
2022-2023,CISSS de la Gaspésie,8,4,9.0
2022-2023,CISSS de la Gaspésie,8,5,8.0
2022-2023,CISSS de la Gaspésie,8,6,1.0
2022-2023,CISSS de la Gaspésie,8,9,69.0
2022-2023,CISSS de la Gaspésie,9,1,3.0
2022-2023,CISSS de la Gaspésie,9,2,19.0
2022-2023,CISSS de la Gaspésie,9,3,35.0
2022-2023,CISSS de la Gaspésie,9,4,18.0
2022-2023,CISSS de la Gaspésie,9,5,24.0
2022-2023,CISSS de la Gaspésie,9,6,17.0
2022-2023,CISSS de la Gaspésie,9,7,3.0
2022-2023,CISSS de la Gaspésie,9,9,119.0
2022-2023,CISSS de la Montérégie-Ouest,1,1,67.0
2022-2023,CISSS de la Montérégie-Ouest,1,2,87.0
2022-2023,CISSS de la Montérégie-Ouest,1,3,99.0
2022-2023,CISSS de la Montérégie-Ouest,1,4,37.0
2022-2023,CISSS de la Montérégie-Ouest,1,5,143.0
2022-2023,CISSS de la Montérégie-Ouest,1,6,84.0
2022-2023,CISSS de la Montérégie-Ouest,1,7,9.0
2022-2023,CISSS de la Montérégie-Ouest,1,8,3.0
2022-2023,CISSS de la Montérégie-Ouest,1,9,529.0
2022-2023,CISSS de la Montérégie-Ouest,2,1,588.0
2022-2023,CISSS de la Montérégie-Ouest,2,2,755.0
2022-2023,CISSS de la Montérégie-Ouest,2,3,370.0
2022-2023,CISSS de la Montérégie-Ouest,2,4,97.0
2022-2023,CISSS de la Montérégie-Ouest,2,5,98.0
2022-2023,CISSS de la Montérégie-Ouest,2,6,15.0
2022-2023,CISSS de la Montérégie-Ouest,2,7,1.0
2022-2023,CISSS de la Montérégie-Ouest,2,9,1924.0
2022-2023,CISSS de la Montérégie-Ouest,3,1,655.0
2022-2023,CISSS de la Montérégie-Ouest,3,2,842.0
2022-2023,CISSS de la Montérégie-Ouest,3,3,469.0
2022-2023,CISSS de la Montérégie-Ouest,3,4,134.0
2022-2023,CISSS de la Montérégie-Ouest,3,5,241.0
2022-2023,CISSS de la Montérégie-Ouest,3,6,99.0
2022-2023,CISSS de la Montérégie-Ouest,3,7,10.0
2022-2023,CISSS de la Montérégie-Ouest,3,8,3.0
2022-2023,CISSS de la Montérégie-Ouest,3,9,2453.0
2022-2023,CISSS de la Montérégie-Ouest,4,1,68.0
2022-2023,CISSS de la Montérégie-Ouest,4,2,50.0
2022-2023,CISSS de la Montérégie-Ouest,4,3,59.0
2022-2023,CISSS de la Montérégie-Ouest,4,4,37.0
2022-2023,CISSS de la Montérégie-Ouest,4,5,127.0
2022-2023,CISSS de la Montérégie-Ouest,4,6,70.0
2022-2023,CISSS de la Montérégie-Ouest,4,7,10.0
2022-2023,CISSS de la Montérégie-Ouest,4,8,3.0
2022-2023,CISSS de la Montérégie-Ouest,4,9,424.0
2022-2023,CISSS de la Montérégie-Ouest,5,1,615.0
2022-2023,CISSS de la Montérégie-Ouest,5,2,673.0
2022-2023,CISSS de la Montérégie-Ouest,5,3,348.0
2022-2023,CISSS de la Montérégie-Ouest,5,4,91.0
2022-2023,CISSS de la Montérégie-Ouest,5,5,102.0
2022-2023,CISSS de la Montérégie-Ouest,5,6,15.0
2022-2023,CISSS de la Montérégie-Ouest,5,9,1844.0
2022-2023,CISSS de la Montérégie-Ouest,6,1,683.0
2022-2023,CISSS de la Montérégie-Ouest,6,2,723.0
2022-2023,CISSS de la Montérégie-Ouest,6,3,407.0
2022-2023,CISSS de la Montérégie-Ouest,6,4,128.0
2022-2023,CISSS de la Montérégie-Ouest,6,5,229.0
2022-2023,CISSS de la Montérégie-Ouest,6,6,85.0
2022-2023,CISSS de la Montérégie-Ouest,6,7,10.0
2022-2023,CISSS de la Montérégie-Ouest,6,8,3.0
2022-2023,CISSS de la Montérégie-Ouest,6,9,2268.0
2022-2023,CISSS de la Montérégie-Ouest,7,1,35.0
2022-2023,CISSS de la Montérégie-Ouest,7,2,105.0
2022-2023,CISSS de la Montérégie-Ouest,7,3,67.0
2022-2023,CISSS de la Montérégie-Ouest,7,4,49.0
2022-2023,CISSS de la Montérégie-Ouest,7,5,268.0
2022-2023,CISSS de la Montérégie-Ouest,7,6,240.0
2022-2023,CISSS de la Montérégie-Ouest,7,7,90.0
2022-2023,CISSS de la Montérégie-Ouest,7,8,21.0
2022-2023,CISSS de la Montérégie-Ouest,7,9,875.0
2022-2023,CISSS de la Montérégie-Ouest,8,1,359.0
2022-2023,CISSS de la Montérégie-Ouest,8,2,1395.0
2022-2023,CISSS de la Montérégie-Ouest,8,3,750.0
2022-2023,CISSS de la Montérégie-Ouest,8,4,186.0
2022-2023,CISSS de la Montérégie-Ouest,8,5,179.0
2022-2023,CISSS de la Montérégie-Ouest,8,6,27.0
2022-2023,CISSS de la Montérégie-Ouest,8,7,1.0
2022-2023,CISSS de la Montérégie-Ouest,8,9,2897.0
2022-2023,CISSS de la Montérégie-Ouest,9,1,394.0
2022-2023,CISSS de la Montérégie-Ouest,9,2,1500.0
2022-2023,CISSS de la Montérégie-Ouest,9,3,817.0
2022-2023,CISSS de la Montérégie-Ouest,9,4,235.0
2022-2023,CISSS de la Montérégie-Ouest,9,5,447.0
2022-2023,CISSS de la Montérégie-Ouest,9,6,267.0
2022-2023,CISSS de la Montérégie-Ouest,9,7,91.0
2022-2023,CISSS de la Montérégie-Ouest,9,8,21.0
2022-2023,CISSS de la Montérégie-Ouest,9,9,3772.0
2022-2023,CISSS des Laurentides,1,1,37.0
2022-2023,CISSS des Laurentides,1,2,26.0
2022-2023,CISSS des Laurentides,1,3,19.0
2022-2023,CISSS des Laurentides,1,4,30.0
2022-2023,CISSS des Laurentides,1,5,87.0
2022-2023,CISSS des Laurentides,1,6,44.0
2022-2023,CISSS des Laurentides,1,7,17.0
2022-2023,CISSS des Laurentides,1,8,1.0
2022-2023,CISSS des Laurentides,1,9,261.0
2022-2023,CISSS des Laurentides,2,1,174.0
2022-2023,CISSS des Laurentides,2,2,232.0
2022-2023,CISSS des Laurentides,2,3,69.0
2022-2023,CISSS des Laurentides,2,4,37.0
2022-2023,CISSS des Laurentides,2,5,51.0
2022-2023,CISSS des Laurentides,2,6,7.0
2022-2023,CISSS des Laurentides,2,7,0.0
2022-2023,CISSS des Laurentides,2,8,0.0
2022-2023,CISSS des Laurentides,2,9,570.0
2022-2023,CISSS des Laurentides,3,1,211.0
2022-2023,CISSS des Laurentides,3,2,258.0
2022-2023,CISSS des Laurentides,3,3,88.0
2022-2023,CISSS des Laurentides,3,4,67.0
2022-2023,CISSS des Laurentides,3,5,138.0
2022-2023,CISSS des Laurentides,3,6,51.0
2022-2023,CISSS des Laurentides,3,7,17.0
2022-2023,CISSS des Laurentides,3,8,1.0
2022-2023,CISSS des Laurentides,3,9,831.0
2022-2023,CISSS des Laurentides,4,1,33.0
2022-2023,CISSS des Laurentides,4,2,30.0
2022-2023,CISSS des Laurentides,4,3,20.0
2022-2023,CISSS des Laurentides,4,4,26.0
2022-2023,CISSS des Laurentides,4,5,42.0
2022-2023,CISSS des Laurentides,4,6,24.0
2022-2023,CISSS des Laurentides,4,7,13.0
2022-2023,CISSS des Laurentides,4,8,1.0
2022-2023,CISSS des Laurentides,4,9,189.0
2022-2023,CISSS des Laurentides,5,1,163.0
2022-2023,CISSS des Laurentides,5,2,200.0
2022-2023,CISSS des Laurentides,5,3,75.0
2022-2023,CISSS des Laurentides,5,4,23.0
2022-2023,CISSS des Laurentides,5,5,26.0
2022-2023,CISSS des Laurentides,5,6,3.0
2022-2023,CISSS des Laurentides,5,7,0.0
2022-2023,CISSS des Laurentides,5,8,0.0
2022-2023,CISSS des Laurentides,5,9,490.0
2022-2023,CISSS des Laurentides,6,1,196.0
2022-2023,CISSS des Laurentides,6,2,230.0
2022-2023,CISSS des Laurentides,6,3,95.0
2022-2023,CISSS des Laurentides,6,4,49.0
2022-2023,CISSS des Laurentides,6,5,68.0
2022-2023,CISSS des Laurentides,6,6,27.0
2022-2023,CISSS des Laurentides,6,7,13.0
2022-2023,CISSS des Laurentides,6,8,1.0
2022-2023,CISSS des Laurentides,6,9,679.0
2022-2023,CISSS des Laurentides,7,1,26.0
2022-2023,CISSS des Laurentides,7,2,40.0
2022-2023,CISSS des Laurentides,7,3,26.0
2022-2023,CISSS des Laurentides,7,4,23.0
2022-2023,CISSS des Laurentides,7,5,76.0
2022-2023,CISSS des Laurentides,7,6,55.0
2022-2023,CISSS des Laurentides,7,7,14.0
2022-2023,CISSS des Laurentides,7,8,4.0
2022-2023,CISSS des Laurentides,7,9,264.0
2022-2023,CISSS des Laurentides,8,1,40.0
2022-2023,CISSS des Laurentides,8,2,246.0
2022-2023,CISSS des Laurentides,8,3,94.0
2022-2023,CISSS des Laurentides,8,4,29.0
2022-2023,CISSS des Laurentides,8,5,52.0
2022-2023,CISSS des Laurentides,8,6,11.0
2022-2023,CISSS des Laurentides,8,7,0.0
2022-2023,CISSS des Laurentides,8,8,0.0
2022-2023,CISSS des Laurentides,8,9,472.0
2022-2023,CISSS des Laurentides,9,1,66.0
2022-2023,CISSS des Laurentides,9,2,286.0
2022-2023,CISSS des Laurentides,9,3,120.0
2022-2023,CISSS des Laurentides,9,4,52.0
2022-2023,CISSS des Laurentides,9,5,128.0
2022-2023,CISSS des Laurentides,9,6,66.0
2022-2023,CISSS des Laurentides,9,7,14.0
2022-2023,CISSS des Laurentides,9,8,4.0
2022-2023,CISSS des Laurentides,9,9,736.0
2022-2023,CISSS des Îles,1,1,0.0
2022-2023,CISSS des Îles,1,2,0.0
2022-2023,CISSS des Îles,1,3,2.0
2022-2023,CISSS des Îles,1,4,0.0
2022-2023,CISSS des Îles,1,5,3.0
2022-2023,CISSS des Îles,1,6,4.0
2022-2023,CISSS des Îles,1,7,1.0
2022-2023,CISSS des Îles,1,8,0.0
2022-2023,CISSS des Îles,1,9,10.0
2022-2023,CISSS des Îles,2,1,3.0
2022-2023,CISSS des Îles,2,2,5.0
2022-2023,CISSS des Îles,2,3,1.0
2022-2023,CISSS des Îles,2,4,0.0
2022-2023,CISSS des Îles,2,5,0.0
2022-2023,CISSS des Îles,2,6,0.0
2022-2023,CISSS des Îles,2,7,0.0
2022-2023,CISSS des Îles,2,8,0.0
2022-2023,CISSS des Îles,2,9,9.0
2022-2023,CISSS des Îles,3,1,3.0
2022-2023,CISSS des Îles,3,2,5.0
2022-2023,CISSS des Îles,3,3,3.0
2022-2023,CISSS des Îles,3,4,0.0
2022-2023,CISSS des Îles,3,5,3.0
2022-2023,CISSS des Îles,3,6,4.0
2022-2023,CISSS des Îles,3,7,1.0
2022-2023,CISSS des Îles,3,8,0.0
2022-2023,CISSS des Îles,3,9,19.0
2022-2023,CISSS des Îles,4,1,0.0
2022-2023,CISSS des Îles,4,2,0.0
2022-2023,CISSS des Îles,4,3,1.0
2022-2023,CISSS des Îles,4,4,1.0
2022-2023,CISSS des Îles,4,5,1.0
2022-2023,CISSS des Îles,4,6,2.0
2022-2023,CISSS des Îles,4,7,0.0
2022-2023,CISSS des Îles,4,8,0.0
2022-2023,CISSS des Îles,4,9,5.0
2022-2023,CISSS des Îles,5,1,2.0
2022-2023,CISSS des Îles,5,2,3.0
2022-2023,CISSS des Îles,5,3,2.0
2022-2023,CISSS des Îles,5,4,0.0
2022-2023,CISSS des Îles,5,5,0.0
2022-2023,CISSS des Îles,5,6,0.0
2022-2023,CISSS des Îles,5,7,0.0
2022-2023,CISSS des Îles,5,8,0.0
2022-2023,CISSS des Îles,5,9,7.0
2022-2023,CISSS des Îles,6,1,2.0
2022-2023,CISSS des Îles,6,2,3.0
2022-2023,CISSS des Îles,6,3,3.0
2022-2023,CISSS des Îles,6,4,1.0
2022-2023,CISSS des Îles,6,5,1.0
2022-2023,CISSS des Îles,6,6,2.0
2022-2023,CISSS des Îles,6,7,0.0
2022-2023,CISSS des Îles,6,8,0.0
2022-2023,CISSS des Îles,6,9,12.0
2022-2023,CISSS des Îles,7,1,1.0
2022-2023,CISSS des Îles,7,2,1.0
2022-2023,CISSS des Îles,7,3,1.0
2022-2023,CISSS des Îles,7,4,0.0
2022-2023,CISSS des Îles,7,5,1.0
2022-2023,CISSS des Îles,7,6,2.0
2022-2023,CISSS des Îles,7,7,1.0
2022-2023,CISSS des Îles,7,8,0.0
2022-2023,CISSS des Îles,7,9,7.0
2022-2023,CISSS des Îles,8,1,0.0
2022-2023,CISSS des Îles,8,2,8.0
2022-2023,CISSS des Îles,8,3,3.0
2022-2023,CISSS des Îles,8,4,0.0
2022-2023,CISSS des Îles,8,5,4.0
2022-2023,CISSS des Îles,8,6,0.0
2022-2023,CISSS des Îles,8,7,0.0
2022-2023,CISSS des Îles,8,8,0.0
2022-2023,CISSS des Îles,8,9,15.0
2022-2023,CISSS des Îles,9,1,1.0
2022-2023,CISSS des Îles,9,2,9.0
2022-2023,CISSS des Îles,9,3,4.0
2022-2023,CISSS des Îles,9,4,0.0
2022-2023,CISSS des Îles,9,5,5.0
2022-2023,CISSS des Îles,9,6,2.0
2022-2023,CISSS des Îles,9,7,1.0
2022-2023,CISSS des Îles,9,8,0.0
2022-2023,CISSS des Îles,9,9,22.0
2022-2023,CISSS du Bas-Saint-Laurent,1,1,45.0
2022-2023,CISSS du Bas-Saint-Laurent,1,2,14.0
2022-2023,CISSS du Bas-Saint-Laurent,1,3,11.0
2022-2023,CISSS du Bas-Saint-Laurent,1,4,2.0
2022-2023,CISSS du Bas-Saint-Laurent,1,5,1.0
2022-2023,CISSS du Bas-Saint-Laurent,1,6,5.0
2022-2023,CISSS du Bas-Saint-Laurent,1,8,1.0
2022-2023,CISSS du Bas-Saint-Laurent,1,9,79.0
2022-2023,CISSS du Bas-Saint-Laurent,2,1,29.0
2022-2023,CISSS du Bas-Saint-Laurent,2,2,37.0
2022-2023,CISSS du Bas-Saint-Laurent,2,3,36.0
2022-2023,CISSS du Bas-Saint-Laurent,2,4,1.0
2022-2023,CISSS du Bas-Saint-Laurent,2,5,4.0
2022-2023,CISSS du Bas-Saint-Laurent,2,7,1.0
2022-2023,CISSS du Bas-Saint-Laurent,2,9,108.0
2022-2023,CISSS du Bas-Saint-Laurent,3,1,74.0
2022-2023,CISSS du Bas-Saint-Laurent,3,2,51.0
2022-2023,CISSS du Bas-Saint-Laurent,3,3,47.0
2022-2023,CISSS du Bas-Saint-Laurent,3,4,3.0
2022-2023,CISSS du Bas-Saint-Laurent,3,5,5.0
2022-2023,CISSS du Bas-Saint-Laurent,3,6,5.0
2022-2023,CISSS du Bas-Saint-Laurent,3,7,1.0
2022-2023,CISSS du Bas-Saint-Laurent,3,8,1.0
2022-2023,CISSS du Bas-Saint-Laurent,3,9,187.0
2022-2023,CISSS du Bas-Saint-Laurent,4,1,31.0
2022-2023,CISSS du Bas-Saint-Laurent,4,2,12.0
2022-2023,CISSS du Bas-Saint-Laurent,4,3,9.0
2022-2023,CISSS du Bas-Saint-Laurent,4,4,1.0
2022-2023,CISSS du Bas-Saint-Laurent,4,5,8.0
2022-2023,CISSS du Bas-Saint-Laurent,4,6,10.0
2022-2023,CISSS du Bas-Saint-Laurent,4,7,1.0
2022-2023,CISSS du Bas-Saint-Laurent,4,8,1.0
2022-2023,CISSS du Bas-Saint-Laurent,4,9,73.0
2022-2023,CISSS du Bas-Saint-Laurent,5,1,25.0
2022-2023,CISSS du Bas-Saint-Laurent,5,2,29.0
2022-2023,CISSS du Bas-Saint-Laurent,5,3,31.0
2022-2023,CISSS du Bas-Saint-Laurent,5,4,7.0
2022-2023,CISSS du Bas-Saint-Laurent,5,5,10.0
2022-2023,CISSS du Bas-Saint-Laurent,5,9,102.0
2022-2023,CISSS du Bas-Saint-Laurent,6,1,56.0
2022-2023,CISSS du Bas-Saint-Laurent,6,2,41.0
2022-2023,CISSS du Bas-Saint-Laurent,6,3,40.0
2022-2023,CISSS du Bas-Saint-Laurent,6,4,8.0
2022-2023,CISSS du Bas-Saint-Laurent,6,5,18.0
2022-2023,CISSS du Bas-Saint-Laurent,6,6,10.0
2022-2023,CISSS du Bas-Saint-Laurent,6,7,1.0
2022-2023,CISSS du Bas-Saint-Laurent,6,8,1.0
2022-2023,CISSS du Bas-Saint-Laurent,6,9,175.0
2022-2023,CISSS du Bas-Saint-Laurent,7,1,10.0
2022-2023,CISSS du Bas-Saint-Laurent,7,2,20.0
2022-2023,CISSS du Bas-Saint-Laurent,7,3,7.0
2022-2023,CISSS du Bas-Saint-Laurent,7,4,5.0
2022-2023,CISSS du Bas-Saint-Laurent,7,5,9.0
2022-2023,CISSS du Bas-Saint-Laurent,7,6,15.0
2022-2023,CISSS du Bas-Saint-Laurent,7,7,6.0
2022-2023,CISSS du Bas-Saint-Laurent,7,8,7.0
2022-2023,CISSS du Bas-Saint-Laurent,7,9,79.0
2022-2023,CISSS du Bas-Saint-Laurent,8,1,2.0
2022-2023,CISSS du Bas-Saint-Laurent,8,2,6.0
2022-2023,CISSS du Bas-Saint-Laurent,8,3,26.0
2022-2023,CISSS du Bas-Saint-Laurent,8,4,8.0
2022-2023,CISSS du Bas-Saint-Laurent,8,5,7.0
2022-2023,CISSS du Bas-Saint-Laurent,8,6,1.0
2022-2023,CISSS du Bas-Saint-Laurent,8,9,50.0
2022-2023,CISSS du Bas-Saint-Laurent,9,1,12.0
2022-2023,CISSS du Bas-Saint-Laurent,9,2,26.0
2022-2023,CISSS du Bas-Saint-Laurent,9,3,33.0
2022-2023,CISSS du Bas-Saint-Laurent,9,4,13.0
2022-2023,CISSS du Bas-Saint-Laurent,9,5,16.0
2022-2023,CISSS du Bas-Saint-Laurent,9,6,16.0
2022-2023,CISSS du Bas-Saint-Laurent,9,7,6.0
2022-2023,CISSS du Bas-Saint-Laurent,9,8,7.0
2022-2023,CISSS du Bas-Saint-Laurent,9,9,129.0
2022-2023,CIUSSS de l'Estrie  CHUS,1,1,4.0
2022-2023,CIUSSS de l'Estrie  CHUS,1,2,16.0
2022-2023,CIUSSS de l'Estrie  CHUS,1,3,24.0
2022-2023,CIUSSS de l'Estrie  CHUS,1,4,18.0
2022-2023,CIUSSS de l'Estrie  CHUS,1,5,36.0
2022-2023,CIUSSS de l'Estrie  CHUS,1,6,20.0
2022-2023,CIUSSS de l'Estrie  CHUS,1,7,6.0
2022-2023,CIUSSS de l'Estrie  CHUS,1,8,4.0
2022-2023,CIUSSS de l'Estrie  CHUS,1,9,128.0
2022-2023,CIUSSS de l'Estrie  CHUS,2,1,47.0
2022-2023,CIUSSS de l'Estrie  CHUS,2,2,83.0
2022-2023,CIUSSS de l'Estrie  CHUS,2,3,52.0
2022-2023,CIUSSS de l'Estrie  CHUS,2,4,6.0
2022-2023,CIUSSS de l'Estrie  CHUS,2,5,7.0
2022-2023,CIUSSS de l'Estrie  CHUS,2,6,0.0
2022-2023,CIUSSS de l'Estrie  CHUS,2,7,0.0
2022-2023,CIUSSS de l'Estrie  CHUS,2,8,0.0
2022-2023,CIUSSS de l'Estrie  CHUS,2,9,195.0
2022-2023,CIUSSS de l'Estrie  CHUS,3,1,51.0
2022-2023,CIUSSS de l'Estrie  CHUS,3,2,99.0
2022-2023,CIUSSS de l'Estrie  CHUS,3,3,76.0
2022-2023,CIUSSS de l'Estrie  CHUS,3,4,24.0
2022-2023,CIUSSS de l'Estrie  CHUS,3,5,43.0
2022-2023,CIUSSS de l'Estrie  CHUS,3,6,20.0
2022-2023,CIUSSS de l'Estrie  CHUS,3,7,6.0
2022-2023,CIUSSS de l'Estrie  CHUS,3,8,4.0
2022-2023,CIUSSS de l'Estrie  CHUS,3,9,323.0
2022-2023,CIUSSS de l'Estrie  CHUS,4,1,0.0
2022-2023,CIUSSS de l'Estrie  CHUS,4,2,9.0
2022-2023,CIUSSS de l'Estrie  CHUS,4,3,14.0
2022-2023,CIUSSS de l'Estrie  CHUS,4,4,13.0
2022-2023,CIUSSS de l'Estrie  CHUS,4,5,13.0
2022-2023,CIUSSS de l'Estrie  CHUS,4,6,5.0
2022-2023,CIUSSS de l'Estrie  CHUS,4,7,0.0
2022-2023,CIUSSS de l'Estrie  CHUS,4,8,0.0
2022-2023,CIUSSS de l'Estrie  CHUS,4,9,54.0
2022-2023,CIUSSS de l'Estrie  CHUS,5,1,16.0
2022-2023,CIUSSS de l'Estrie  CHUS,5,2,14.0
2022-2023,CIUSSS de l'Estrie  CHUS,5,3,19.0
2022-2023,CIUSSS de l'Estrie  CHUS,5,4,4.0
2022-2023,CIUSSS de l'Estrie  CHUS,5,5,7.0
2022-2023,CIUSSS de l'Estrie  CHUS,5,6,1.0
2022-2023,CIUSSS de l'Estrie  CHUS,5,7,0.0
2022-2023,CIUSSS de l'Estrie  CHUS,5,8,0.0
2022-2023,CIUSSS de l'Estrie  CHUS,5,9,61.0
2022-2023,CIUSSS de l'Estrie  CHUS,6,1,16.0
2022-2023,CIUSSS de l'Estrie  CHUS,6,2,23.0
2022-2023,CIUSSS de l'Estrie  CHUS,6,3,33.0
2022-2023,CIUSSS de l'Estrie  CHUS,6,4,17.0
2022-2023,CIUSSS de l'Estrie  CHUS,6,5,20.0
2022-2023,CIUSSS de l'Estrie  CHUS,6,6,6.0
2022-2023,CIUSSS de l'Estrie  CHUS,6,7,0.0
2022-2023,CIUSSS de l'Estrie  CHUS,6,8,0.0
2022-2023,CIUSSS de l'Estrie  CHUS,6,9,115.0
2022-2023,CIUSSS de l'Estrie  CHUS,7,1,4.0
2022-2023,CIUSSS de l'Estrie  CHUS,7,2,6.0
2022-2023,CIUSSS de l'Estrie  CHUS,7,3,18.0
2022-2023,CIUSSS de l'Estrie  CHUS,7,4,14.0
2022-2023,CIUSSS de l'Estrie  CHUS,7,5,61.0
2022-2023,CIUSSS de l'Estrie  CHUS,7,6,53.0
2022-2023,CIUSSS de l'Estrie  CHUS,7,7,41.0
2022-2023,CIUSSS de l'Estrie  CHUS,7,8,5.0
2022-2023,CIUSSS de l'Estrie  CHUS,7,9,202.0
2022-2023,CIUSSS de l'Estrie  CHUS,8,1,6.0
2022-2023,CIUSSS de l'Estrie  CHUS,8,2,37.0
2022-2023,CIUSSS de l'Estrie  CHUS,8,3,16.0
2022-2023,CIUSSS de l'Estrie  CHUS,8,4,8.0
2022-2023,CIUSSS de l'Estrie  CHUS,8,5,7.0
2022-2023,CIUSSS de l'Estrie  CHUS,8,6,1.0
2022-2023,CIUSSS de l'Estrie  CHUS,8,7,3.0
2022-2023,CIUSSS de l'Estrie  CHUS,8,8,0.0
2022-2023,CIUSSS de l'Estrie  CHUS,8,9,78.0
2022-2023,CIUSSS de l'Estrie  CHUS,9,1,10.0
2022-2023,CIUSSS de l'Estrie  CHUS,9,2,43.0
2022-2023,CIUSSS de l'Estrie  CHUS,9,3,34.0
2022-2023,CIUSSS de l'Estrie  CHUS,9,4,22.0
2022-2023,CIUSSS de l'Estrie  CHUS,9,5,68.0
2022-2023,CIUSSS de l'Estrie  CHUS,9,6,54.0
2022-2023,CIUSSS de l'Estrie  CHUS,9,7,44.0
2022-2023,CIUSSS de l'Estrie  CHUS,9,8,5.0
2022-2023,CIUSSS de l'Estrie  CHUS,9,9,280.0
2022-2023,CIUSSS de l'Ouest-de-l'Île-de-Montréal,1,1,6.0
2022-2023,CIUSSS de l'Ouest-de-l'Île-de-Montréal,1,2,32.0
2022-2023,CIUSSS de l'Ouest-de-l'Île-de-Montréal,1,3,15.0
2022-2023,CIUSSS de l'Ouest-de-l'Île-de-Montréal,1,4,13.0
2022-2023,CIUSSS de l'Ouest-de-l'Île-de-Montréal,1,5,20.0
2022-2023,CIUSSS de l'Ouest-de-l'Île-de-Montréal,1,6,4.0
2022-2023,CIUSSS de l'Ouest-de-l'Île-de-Montréal,1,7,1.0
2022-2023,CIUSSS de l'Ouest-de-l'Île-de-Montréal,1,8,0.0
2022-2023,CIUSSS de l'Ouest-de-l'Île-de-Montréal,1,9,91.0
2022-2023,CIUSSS de l'Ouest-de-l'Île-de-Montréal,2,1,130.0
2022-2023,CIUSSS de l'Ouest-de-l'Île-de-Montréal,2,2,93.0
2022-2023,CIUSSS de l'Ouest-de-l'Île-de-Montréal,2,3,44.0
2022-2023,CIUSSS de l'Ouest-de-l'Île-de-Montréal,2,4,24.0
2022-2023,CIUSSS de l'Ouest-de-l'Île-de-Montréal,2,5,23.0
2022-2023,CIUSSS de l'Ouest-de-l'Île-de-Montréal,2,6,0.0
2022-2023,CIUSSS de l'Ouest-de-l'Île-de-Montréal,2,7,0.0
2022-2023,CIUSSS de l'Ouest-de-l'Île-de-Montréal,2,8,0.0
2022-2023,CIUSSS de l'Ouest-de-l'Île-de-Montréal,2,9,314.0
2022-2023,CIUSSS de l'Ouest-de-l'Île-de-Montréal,3,1,136.0
2022-2023,CIUSSS de l'Ouest-de-l'Île-de-Montréal,3,2,125.0
2022-2023,CIUSSS de l'Ouest-de-l'Île-de-Montréal,3,3,59.0
2022-2023,CIUSSS de l'Ouest-de-l'Île-de-Montréal,3,4,37.0
2022-2023,CIUSSS de l'Ouest-de-l'Île-de-Montréal,3,5,43.0
2022-2023,CIUSSS de l'Ouest-de-l'Île-de-Montréal,3,6,4.0
2022-2023,CIUSSS de l'Ouest-de-l'Île-de-Montréal,3,7,1.0
2022-2023,CIUSSS de l'Ouest-de-l'Île-de-Montréal,3,8,0.0
2022-2023,CIUSSS de l'Ouest-de-l'Île-de-Montréal,3,9,405.0
2022-2023,CIUSSS de l'Ouest-de-l'Île-de-Montréal,4,1,15.0
2022-2023,CIUSSS de l'Ouest-de-l'Île-de-Montréal,4,2,15.0
2022-2023,CIUSSS de l'Ouest-de-l'Île-de-Montréal,4,3,13.0
2022-2023,CIUSSS de l'Ouest-de-l'Île-de-Montréal,4,4,10.0
2022-2023,CIUSSS de l'Ouest-de-l'Île-de-Montréal,4,5,25.0
2022-2023,CIUSSS de l'Ouest-de-l'Île-de-Montréal,4,6,4.0
2022-2023,CIUSSS de l'Ouest-de-l'Île-de-Montréal,4,7,0.0
2022-2023,CIUSSS de l'Ouest-de-l'Île-de-Montréal,4,8,0.0
2022-2023,CIUSSS de l'Ouest-de-l'Île-de-Montréal,4,9,82.0
2022-2023,CIUSSS de l'Ouest-de-l'Île-de-Montréal,5,1,43.0
2022-2023,CIUSSS de l'Ouest-de-l'Île-de-Montréal,5,2,74.0
2022-2023,CIUSSS de l'Ouest-de-l'Île-de-Montréal,5,3,46.0
2022-2023,CIUSSS de l'Ouest-de-l'Île-de-Montréal,5,4,15.0
2022-2023,CIUSSS de l'Ouest-de-l'Île-de-Montréal,5,5,20.0
2022-2023,CIUSSS de l'Ouest-de-l'Île-de-Montréal,5,6,1.0
2022-2023,CIUSSS de l'Ouest-de-l'Île-de-Montréal,5,7,0.0
2022-2023,CIUSSS de l'Ouest-de-l'Île-de-Montréal,5,8,0.0
2022-2023,CIUSSS de l'Ouest-de-l'Île-de-Montréal,5,9,199.0
2022-2023,CIUSSS de l'Ouest-de-l'Île-de-Montréal,6,1,58.0
2022-2023,CIUSSS de l'Ouest-de-l'Île-de-Montréal,6,2,89.0
2022-2023,CIUSSS de l'Ouest-de-l'Île-de-Montréal,6,3,59.0
2022-2023,CIUSSS de l'Ouest-de-l'Île-de-Montréal,6,4,25.0
2022-2023,CIUSSS de l'Ouest-de-l'Île-de-Montréal,6,5,45.0
2022-2023,CIUSSS de l'Ouest-de-l'Île-de-Montréal,6,6,5.0
2022-2023,CIUSSS de l'Ouest-de-l'Île-de-Montréal,6,7,0.0
2022-2023,CIUSSS de l'Ouest-de-l'Île-de-Montréal,6,8,0.0
2022-2023,CIUSSS de l'Ouest-de-l'Île-de-Montréal,6,9,281.0
2022-2023,CIUSSS de l'Ouest-de-l'Île-de-Montréal,7,1,0.0
2022-2023,CIUSSS de l'Ouest-de-l'Île-de-Montréal,7,2,26.0
2022-2023,CIUSSS de l'Ouest-de-l'Île-de-Montréal,7,3,11.0
2022-2023,CIUSSS de l'Ouest-de-l'Île-de-Montréal,7,4,9.0
2022-2023,CIUSSS de l'Ouest-de-l'Île-de-Montréal,7,5,35.0
2022-2023,CIUSSS de l'Ouest-de-l'Île-de-Montréal,7,6,24.0
2022-2023,CIUSSS de l'Ouest-de-l'Île-de-Montréal,7,7,5.0
2022-2023,CIUSSS de l'Ouest-de-l'Île-de-Montréal,7,8,4.0
2022-2023,CIUSSS de l'Ouest-de-l'Île-de-Montréal,7,9,114.0
2022-2023,CIUSSS de l'Ouest-de-l'Île-de-Montréal,8,1,19.0
2022-2023,CIUSSS de l'Ouest-de-l'Île-de-Montréal,8,2,73.0
2022-2023,CIUSSS de l'Ouest-de-l'Île-de-Montréal,8,3,92.0
2022-2023,CIUSSS de l'Ouest-de-l'Île-de-Montréal,8,4,31.0
2022-2023,CIUSSS de l'Ouest-de-l'Île-de-Montréal,8,5,30.0
2022-2023,CIUSSS de l'Ouest-de-l'Île-de-Montréal,8,6,6.0
2022-2023,CIUSSS de l'Ouest-de-l'Île-de-Montréal,8,7,0.0
2022-2023,CIUSSS de l'Ouest-de-l'Île-de-Montréal,8,8,0.0
2022-2023,CIUSSS de l'Ouest-de-l'Île-de-Montréal,8,9,251.0
2022-2023,CIUSSS de l'Ouest-de-l'Île-de-Montréal,9,1,19.0
2022-2023,CIUSSS de l'Ouest-de-l'Île-de-Montréal,9,2,99.0
2022-2023,CIUSSS de l'Ouest-de-l'Île-de-Montréal,9,3,103.0
2022-2023,CIUSSS de l'Ouest-de-l'Île-de-Montréal,9,4,40.0
2022-2023,CIUSSS de l'Ouest-de-l'Île-de-Montréal,9,5,65.0
2022-2023,CIUSSS de l'Ouest-de-l'Île-de-Montréal,9,6,30.0
2022-2023,CIUSSS de l'Ouest-de-l'Île-de-Montréal,9,7,5.0
2022-2023,CIUSSS de l'Ouest-de-l'Île-de-Montréal,9,8,4.0
2022-2023,CIUSSS de l'Ouest-de-l'Île-de-Montréal,9,9,365.0
2022-2023,CIUSSS de la Capitale-Nationale,1,2,2.0
2022-2023,CIUSSS de la Capitale-Nationale,1,3,2.0
2022-2023,CIUSSS de la Capitale-Nationale,1,4,15.0
2022-2023,CIUSSS de la Capitale-Nationale,1,5,20.0
2022-2023,CIUSSS de la Capitale-Nationale,1,6,19.0
2022-2023,CIUSSS de la Capitale-Nationale,1,7,8.0
2022-2023,CIUSSS de la Capitale-Nationale,1,8,2.0
2022-2023,CIUSSS de la Capitale-Nationale,1,9,68.0
2022-2023,CIUSSS de la Capitale-Nationale,2,1,191.0
2022-2023,CIUSSS de la Capitale-Nationale,2,2,39.0
2022-2023,CIUSSS de la Capitale-Nationale,2,3,4.0
2022-2023,CIUSSS de la Capitale-Nationale,2,4,5.0
2022-2023,CIUSSS de la Capitale-Nationale,2,5,4.0
2022-2023,CIUSSS de la Capitale-Nationale,2,6,1.0
2022-2023,CIUSSS de la Capitale-Nationale,2,9,244.0
2022-2023,CIUSSS de la Capitale-Nationale,3,1,191.0
2022-2023,CIUSSS de la Capitale-Nationale,3,2,41.0
2022-2023,CIUSSS de la Capitale-Nationale,3,3,6.0
2022-2023,CIUSSS de la Capitale-Nationale,3,4,20.0
2022-2023,CIUSSS de la Capitale-Nationale,3,5,24.0
2022-2023,CIUSSS de la Capitale-Nationale,3,6,20.0
2022-2023,CIUSSS de la Capitale-Nationale,3,7,8.0
2022-2023,CIUSSS de la Capitale-Nationale,3,8,2.0
2022-2023,CIUSSS de la Capitale-Nationale,3,9,312.0
2022-2023,CIUSSS de la Capitale-Nationale,4,2,6.0
2022-2023,CIUSSS de la Capitale-Nationale,4,3,2.0
2022-2023,CIUSSS de la Capitale-Nationale,4,4,13.0
2022-2023,CIUSSS de la Capitale-Nationale,4,5,22.0
2022-2023,CIUSSS de la Capitale-Nationale,4,6,19.0
2022-2023,CIUSSS de la Capitale-Nationale,4,7,8.0
2022-2023,CIUSSS de la Capitale-Nationale,4,8,3.0
2022-2023,CIUSSS de la Capitale-Nationale,4,9,73.0
2022-2023,CIUSSS de la Capitale-Nationale,5,1,213.0
2022-2023,CIUSSS de la Capitale-Nationale,5,2,53.0
2022-2023,CIUSSS de la Capitale-Nationale,5,3,8.0
2022-2023,CIUSSS de la Capitale-Nationale,5,4,3.0
2022-2023,CIUSSS de la Capitale-Nationale,5,5,5.0
2022-2023,CIUSSS de la Capitale-Nationale,5,6,1.0
2022-2023,CIUSSS de la Capitale-Nationale,5,9,283.0
2022-2023,CIUSSS de la Capitale-Nationale,6,1,213.0
2022-2023,CIUSSS de la Capitale-Nationale,6,2,59.0
2022-2023,CIUSSS de la Capitale-Nationale,6,3,10.0
2022-2023,CIUSSS de la Capitale-Nationale,6,4,16.0
2022-2023,CIUSSS de la Capitale-Nationale,6,5,27.0
2022-2023,CIUSSS de la Capitale-Nationale,6,6,20.0
2022-2023,CIUSSS de la Capitale-Nationale,6,7,8.0
2022-2023,CIUSSS de la Capitale-Nationale,6,8,3.0
2022-2023,CIUSSS de la Capitale-Nationale,6,9,356.0
2022-2023,CIUSSS de la Capitale-Nationale,7,2,1.0
2022-2023,CIUSSS de la Capitale-Nationale,7,3,2.0
2022-2023,CIUSSS de la Capitale-Nationale,7,4,3.0
2022-2023,CIUSSS de la Capitale-Nationale,7,5,19.0
2022-2023,CIUSSS de la Capitale-Nationale,7,6,41.0
2022-2023,CIUSSS de la Capitale-Nationale,7,7,39.0
2022-2023,CIUSSS de la Capitale-Nationale,7,8,13.0
2022-2023,CIUSSS de la Capitale-Nationale,7,9,118.0
2022-2023,CIUSSS de la Capitale-Nationale,8,1,21.0
2022-2023,CIUSSS de la Capitale-Nationale,8,2,134.0
2022-2023,CIUSSS de la Capitale-Nationale,8,3,6.0
2022-2023,CIUSSS de la Capitale-Nationale,8,6,3.0
2022-2023,CIUSSS de la Capitale-Nationale,8,9,164.0
2022-2023,CIUSSS de la Capitale-Nationale,9,1,21.0
2022-2023,CIUSSS de la Capitale-Nationale,9,2,135.0
2022-2023,CIUSSS de la Capitale-Nationale,9,3,8.0
2022-2023,CIUSSS de la Capitale-Nationale,9,4,3.0
2022-2023,CIUSSS de la Capitale-Nationale,9,5,19.0
2022-2023,CIUSSS de la Capitale-Nationale,9,6,44.0
2022-2023,CIUSSS de la Capitale-Nationale,9,7,39.0
2022-2023,CIUSSS de la Capitale-Nationale,9,8,13.0
2022-2023,CIUSSS de la Capitale-Nationale,9,9,282.0
2022-2023,CIUSSS de la Mauricie-et-du-Centre-du-Québec,1,1,32.0
2022-2023,CIUSSS de la Mauricie-et-du-Centre-du-Québec,1,2,32.0
2022-2023,CIUSSS de la Mauricie-et-du-Centre-du-Québec,1,3,37.0
2022-2023,CIUSSS de la Mauricie-et-du-Centre-du-Québec,1,4,39.0
2022-2023,CIUSSS de la Mauricie-et-du-Centre-du-Québec,1,5,95.0
2022-2023,CIUSSS de la Mauricie-et-du-Centre-du-Québec,1,6,78.0
2022-2023,CIUSSS de la Mauricie-et-du-Centre-du-Québec,1,7,21.0
2022-2023,CIUSSS de la Mauricie-et-du-Centre-du-Québec,1,8,12.0
2022-2023,CIUSSS de la Mauricie-et-du-Centre-du-Québec,1,9,346.0
2022-2023,CIUSSS de la Mauricie-et-du-Centre-du-Québec,2,1,104.0
2022-2023,CIUSSS de la Mauricie-et-du-Centre-du-Québec,2,2,215.0
2022-2023,CIUSSS de la Mauricie-et-du-Centre-du-Québec,2,3,136.0
2022-2023,CIUSSS de la Mauricie-et-du-Centre-du-Québec,2,4,42.0
2022-2023,CIUSSS de la Mauricie-et-du-Centre-du-Québec,2,5,68.0
2022-2023,CIUSSS de la Mauricie-et-du-Centre-du-Québec,2,6,9.0
2022-2023,CIUSSS de la Mauricie-et-du-Centre-du-Québec,2,9,574.0
2022-2023,CIUSSS de la Mauricie-et-du-Centre-du-Québec,3,1,136.0
2022-2023,CIUSSS de la Mauricie-et-du-Centre-du-Québec,3,2,247.0
2022-2023,CIUSSS de la Mauricie-et-du-Centre-du-Québec,3,3,173.0
2022-2023,CIUSSS de la Mauricie-et-du-Centre-du-Québec,3,4,81.0
2022-2023,CIUSSS de la Mauricie-et-du-Centre-du-Québec,3,5,163.0
2022-2023,CIUSSS de la Mauricie-et-du-Centre-du-Québec,3,6,87.0
2022-2023,CIUSSS de la Mauricie-et-du-Centre-du-Québec,3,7,21.0
2022-2023,CIUSSS de la Mauricie-et-du-Centre-du-Québec,3,8,12.0
2022-2023,CIUSSS de la Mauricie-et-du-Centre-du-Québec,3,9,920.0
2022-2023,CIUSSS de la Mauricie-et-du-Centre-du-Québec,4,1,32.0
2022-2023,CIUSSS de la Mauricie-et-du-Centre-du-Québec,4,2,33.0
2022-2023,CIUSSS de la Mauricie-et-du-Centre-du-Québec,4,3,38.0
2022-2023,CIUSSS de la Mauricie-et-du-Centre-du-Québec,4,4,34.0
2022-2023,CIUSSS de la Mauricie-et-du-Centre-du-Québec,4,5,68.0
2022-2023,CIUSSS de la Mauricie-et-du-Centre-du-Québec,4,6,56.0
2022-2023,CIUSSS de la Mauricie-et-du-Centre-du-Québec,4,7,14.0
2022-2023,CIUSSS de la Mauricie-et-du-Centre-du-Québec,4,8,7.0
2022-2023,CIUSSS de la Mauricie-et-du-Centre-du-Québec,4,9,282.0
2022-2023,CIUSSS de la Mauricie-et-du-Centre-du-Québec,5,1,97.0
2022-2023,CIUSSS de la Mauricie-et-du-Centre-du-Québec,5,2,179.0
2022-2023,CIUSSS de la Mauricie-et-du-Centre-du-Québec,5,3,135.0
2022-2023,CIUSSS de la Mauricie-et-du-Centre-du-Québec,5,4,45.0
2022-2023,CIUSSS de la Mauricie-et-du-Centre-du-Québec,5,5,58.0
2022-2023,CIUSSS de la Mauricie-et-du-Centre-du-Québec,5,6,7.0
2022-2023,CIUSSS de la Mauricie-et-du-Centre-du-Québec,5,9,521.0
2022-2023,CIUSSS de la Mauricie-et-du-Centre-du-Québec,6,1,129.0
2022-2023,CIUSSS de la Mauricie-et-du-Centre-du-Québec,6,2,212.0
2022-2023,CIUSSS de la Mauricie-et-du-Centre-du-Québec,6,3,173.0
2022-2023,CIUSSS de la Mauricie-et-du-Centre-du-Québec,6,4,79.0
2022-2023,CIUSSS de la Mauricie-et-du-Centre-du-Québec,6,5,126.0
2022-2023,CIUSSS de la Mauricie-et-du-Centre-du-Québec,6,6,63.0
2022-2023,CIUSSS de la Mauricie-et-du-Centre-du-Québec,6,7,14.0
2022-2023,CIUSSS de la Mauricie-et-du-Centre-du-Québec,6,8,7.0
2022-2023,CIUSSS de la Mauricie-et-du-Centre-du-Québec,6,9,803.0
2022-2023,CIUSSS de la Mauricie-et-du-Centre-du-Québec,7,1,7.0
2022-2023,CIUSSS de la Mauricie-et-du-Centre-du-Québec,7,2,21.0
2022-2023,CIUSSS de la Mauricie-et-du-Centre-du-Québec,7,3,36.0
2022-2023,CIUSSS de la Mauricie-et-du-Centre-du-Québec,7,4,32.0
2022-2023,CIUSSS de la Mauricie-et-du-Centre-du-Québec,7,5,97.0
2022-2023,CIUSSS de la Mauricie-et-du-Centre-du-Québec,7,6,75.0
2022-2023,CIUSSS de la Mauricie-et-du-Centre-du-Québec,7,7,33.0
2022-2023,CIUSSS de la Mauricie-et-du-Centre-du-Québec,7,8,11.0
2022-2023,CIUSSS de la Mauricie-et-du-Centre-du-Québec,7,9,312.0
2022-2023,CIUSSS de la Mauricie-et-du-Centre-du-Québec,8,1,8.0
2022-2023,CIUSSS de la Mauricie-et-du-Centre-du-Québec,8,2,141.0
2022-2023,CIUSSS de la Mauricie-et-du-Centre-du-Québec,8,3,122.0
2022-2023,CIUSSS de la Mauricie-et-du-Centre-du-Québec,8,4,42.0
2022-2023,CIUSSS de la Mauricie-et-du-Centre-du-Québec,8,5,59.0
2022-2023,CIUSSS de la Mauricie-et-du-Centre-du-Québec,8,6,8.0
2022-2023,CIUSSS de la Mauricie-et-du-Centre-du-Québec,8,7,2.0
2022-2023,CIUSSS de la Mauricie-et-du-Centre-du-Québec,8,9,382.0
2022-2023,CIUSSS de la Mauricie-et-du-Centre-du-Québec,9,1,15.0
2022-2023,CIUSSS de la Mauricie-et-du-Centre-du-Québec,9,2,162.0
2022-2023,CIUSSS de la Mauricie-et-du-Centre-du-Québec,9,3,158.0
2022-2023,CIUSSS de la Mauricie-et-du-Centre-du-Québec,9,4,74.0
2022-2023,CIUSSS de la Mauricie-et-du-Centre-du-Québec,9,5,156.0
2022-2023,CIUSSS de la Mauricie-et-du-Centre-du-Québec,9,6,83.0
2022-2023,CIUSSS de la Mauricie-et-du-Centre-du-Québec,9,7,35.0
2022-2023,CIUSSS de la Mauricie-et-du-Centre-du-Québec,9,8,11.0
2022-2023,CIUSSS de la Mauricie-et-du-Centre-du-Québec,9,9,694.0
2022-2023,CIUSSS du Centre-Ouest-de-l'Île-de-Montréal,1,1,0.0
2022-2023,CIUSSS du Centre-Ouest-de-l'Île-de-Montréal,1,2,14.0
2022-2023,CIUSSS du Centre-Ouest-de-l'Île-de-Montréal,1,3,13.0
2022-2023,CIUSSS du Centre-Ouest-de-l'Île-de-Montréal,1,4,13.0
2022-2023,CIUSSS du Centre-Ouest-de-l'Île-de-Montréal,1,5,31.0
2022-2023,CIUSSS du Centre-Ouest-de-l'Île-de-Montréal,1,6,7.0
2022-2023,CIUSSS du Centre-Ouest-de-l'Île-de-Montréal,1,7,2.0
2022-2023,CIUSSS du Centre-Ouest-de-l'Île-de-Montréal,1,8,0.0
2022-2023,CIUSSS du Centre-Ouest-de-l'Île-de-Montréal,1,9,80.0
2022-2023,CIUSSS du Centre-Ouest-de-l'Île-de-Montréal,2,1,230.0
2022-2023,CIUSSS du Centre-Ouest-de-l'Île-de-Montréal,2,2,124.0
2022-2023,CIUSSS du Centre-Ouest-de-l'Île-de-Montréal,2,3,63.0
2022-2023,CIUSSS du Centre-Ouest-de-l'Île-de-Montréal,2,4,16.0
2022-2023,CIUSSS du Centre-Ouest-de-l'Île-de-Montréal,2,5,45.0
2022-2023,CIUSSS du Centre-Ouest-de-l'Île-de-Montréal,2,6,11.0
2022-2023,CIUSSS du Centre-Ouest-de-l'Île-de-Montréal,2,7,0.0
2022-2023,CIUSSS du Centre-Ouest-de-l'Île-de-Montréal,2,8,0.0
2022-2023,CIUSSS du Centre-Ouest-de-l'Île-de-Montréal,2,9,489.0
2022-2023,CIUSSS du Centre-Ouest-de-l'Île-de-Montréal,3,1,230.0
2022-2023,CIUSSS du Centre-Ouest-de-l'Île-de-Montréal,3,2,138.0
2022-2023,CIUSSS du Centre-Ouest-de-l'Île-de-Montréal,3,3,76.0
2022-2023,CIUSSS du Centre-Ouest-de-l'Île-de-Montréal,3,4,29.0
2022-2023,CIUSSS du Centre-Ouest-de-l'Île-de-Montréal,3,5,76.0
2022-2023,CIUSSS du Centre-Ouest-de-l'Île-de-Montréal,3,6,18.0
2022-2023,CIUSSS du Centre-Ouest-de-l'Île-de-Montréal,3,7,2.0
2022-2023,CIUSSS du Centre-Ouest-de-l'Île-de-Montréal,3,8,0.0
2022-2023,CIUSSS du Centre-Ouest-de-l'Île-de-Montréal,3,9,569.0
2022-2023,CIUSSS du Centre-Ouest-de-l'Île-de-Montréal,4,1,0.0
2022-2023,CIUSSS du Centre-Ouest-de-l'Île-de-Montréal,4,2,7.0
2022-2023,CIUSSS du Centre-Ouest-de-l'Île-de-Montréal,4,3,4.0
2022-2023,CIUSSS du Centre-Ouest-de-l'Île-de-Montréal,4,4,6.0
2022-2023,CIUSSS du Centre-Ouest-de-l'Île-de-Montréal,4,5,18.0
2022-2023,CIUSSS du Centre-Ouest-de-l'Île-de-Montréal,4,6,4.0
2022-2023,CIUSSS du Centre-Ouest-de-l'Île-de-Montréal,4,7,1.0
2022-2023,CIUSSS du Centre-Ouest-de-l'Île-de-Montréal,4,8,0.0
2022-2023,CIUSSS du Centre-Ouest-de-l'Île-de-Montréal,4,9,40.0
2022-2023,CIUSSS du Centre-Ouest-de-l'Île-de-Montréal,5,1,187.0
2022-2023,CIUSSS du Centre-Ouest-de-l'Île-de-Montréal,5,2,88.0
2022-2023,CIUSSS du Centre-Ouest-de-l'Île-de-Montréal,5,3,45.0
2022-2023,CIUSSS du Centre-Ouest-de-l'Île-de-Montréal,5,4,8.0
2022-2023,CIUSSS du Centre-Ouest-de-l'Île-de-Montréal,5,5,21.0
2022-2023,CIUSSS du Centre-Ouest-de-l'Île-de-Montréal,5,6,2.0
2022-2023,CIUSSS du Centre-Ouest-de-l'Île-de-Montréal,5,7,0.0
2022-2023,CIUSSS du Centre-Ouest-de-l'Île-de-Montréal,5,8,0.0
2022-2023,CIUSSS du Centre-Ouest-de-l'Île-de-Montréal,5,9,351.0
2022-2023,CIUSSS du Centre-Ouest-de-l'Île-de-Montréal,6,1,187.0
2022-2023,CIUSSS du Centre-Ouest-de-l'Île-de-Montréal,6,2,95.0
2022-2023,CIUSSS du Centre-Ouest-de-l'Île-de-Montréal,6,3,49.0
2022-2023,CIUSSS du Centre-Ouest-de-l'Île-de-Montréal,6,4,14.0
2022-2023,CIUSSS du Centre-Ouest-de-l'Île-de-Montréal,6,5,39.0
2022-2023,CIUSSS du Centre-Ouest-de-l'Île-de-Montréal,6,6,6.0
2022-2023,CIUSSS du Centre-Ouest-de-l'Île-de-Montréal,6,7,1.0
2022-2023,CIUSSS du Centre-Ouest-de-l'Île-de-Montréal,6,8,0.0
2022-2023,CIUSSS du Centre-Ouest-de-l'Île-de-Montréal,6,9,391.0
2022-2023,CIUSSS du Centre-Ouest-de-l'Île-de-Montréal,7,1,0.0
2022-2023,CIUSSS du Centre-Ouest-de-l'Île-de-Montréal,7,2,8.0
2022-2023,CIUSSS du Centre-Ouest-de-l'Île-de-Montréal,7,3,10.0
2022-2023,CIUSSS du Centre-Ouest-de-l'Île-de-Montréal,7,4,6.0
2022-2023,CIUSSS du Centre-Ouest-de-l'Île-de-Montréal,7,5,16.0
2022-2023,CIUSSS du Centre-Ouest-de-l'Île-de-Montréal,7,6,9.0
2022-2023,CIUSSS du Centre-Ouest-de-l'Île-de-Montréal,7,7,6.0
2022-2023,CIUSSS du Centre-Ouest-de-l'Île-de-Montréal,7,8,1.0
2022-2023,CIUSSS du Centre-Ouest-de-l'Île-de-Montréal,7,9,56.0
2022-2023,CIUSSS du Centre-Ouest-de-l'Île-de-Montréal,8,1,54.0
2022-2023,CIUSSS du Centre-Ouest-de-l'Île-de-Montréal,8,2,108.0
2022-2023,CIUSSS du Centre-Ouest-de-l'Île-de-Montréal,8,3,55.0
2022-2023,CIUSSS du Centre-Ouest-de-l'Île-de-Montréal,8,4,9.0
2022-2023,CIUSSS du Centre-Ouest-de-l'Île-de-Montréal,8,5,19.0
2022-2023,CIUSSS du Centre-Ouest-de-l'Île-de-Montréal,8,6,10.0
2022-2023,CIUSSS du Centre-Ouest-de-l'Île-de-Montréal,8,7,1.0
2022-2023,CIUSSS du Centre-Ouest-de-l'Île-de-Montréal,8,8,0.0
2022-2023,CIUSSS du Centre-Ouest-de-l'Île-de-Montréal,8,9,256.0
2022-2023,CIUSSS du Centre-Ouest-de-l'Île-de-Montréal,9,1,54.0
2022-2023,CIUSSS du Centre-Ouest-de-l'Île-de-Montréal,9,2,116.0
2022-2023,CIUSSS du Centre-Ouest-de-l'Île-de-Montréal,9,3,65.0
2022-2023,CIUSSS du Centre-Ouest-de-l'Île-de-Montréal,9,4,15.0
2022-2023,CIUSSS du Centre-Ouest-de-l'Île-de-Montréal,9,5,35.0
2022-2023,CIUSSS du Centre-Ouest-de-l'Île-de-Montréal,9,6,19.0
2022-2023,CIUSSS du Centre-Ouest-de-l'Île-de-Montréal,9,7,7.0
2022-2023,CIUSSS du Centre-Ouest-de-l'Île-de-Montréal,9,8,1.0
2022-2023,CIUSSS du Centre-Ouest-de-l'Île-de-Montréal,9,9,312.0
2022-2023,CIUSSS du Centre-Sud-de-l'Île-de-Montréal,1,1,99.0
2022-2023,CIUSSS du Centre-Sud-de-l'Île-de-Montréal,1,2,59.0
2022-2023,CIUSSS du Centre-Sud-de-l'Île-de-Montréal,1,3,46.0
2022-2023,CIUSSS du Centre-Sud-de-l'Île-de-Montréal,1,4,60.0
2022-2023,CIUSSS du Centre-Sud-de-l'Île-de-Montréal,1,5,131.0
2022-2023,CIUSSS du Centre-Sud-de-l'Île-de-Montréal,1,6,49.0
2022-2023,CIUSSS du Centre-Sud-de-l'Île-de-Montréal,1,7,11.0
2022-2023,CIUSSS du Centre-Sud-de-l'Île-de-Montréal,1,9,455.0
2022-2023,CIUSSS du Centre-Sud-de-l'Île-de-Montréal,2,1,575.0
2022-2023,CIUSSS du Centre-Sud-de-l'Île-de-Montréal,2,2,345.0
2022-2023,CIUSSS du Centre-Sud-de-l'Île-de-Montréal,2,3,101.0
2022-2023,CIUSSS du Centre-Sud-de-l'Île-de-Montréal,2,4,32.0
2022-2023,CIUSSS du Centre-Sud-de-l'Île-de-Montréal,2,5,57.0
2022-2023,CIUSSS du Centre-Sud-de-l'Île-de-Montréal,2,6,4.0
2022-2023,CIUSSS du Centre-Sud-de-l'Île-de-Montréal,2,7,3.0
2022-2023,CIUSSS du Centre-Sud-de-l'Île-de-Montréal,2,9,1117.0
2022-2023,CIUSSS du Centre-Sud-de-l'Île-de-Montréal,3,1,674.0
2022-2023,CIUSSS du Centre-Sud-de-l'Île-de-Montréal,3,2,404.0
2022-2023,CIUSSS du Centre-Sud-de-l'Île-de-Montréal,3,3,147.0
2022-2023,CIUSSS du Centre-Sud-de-l'Île-de-Montréal,3,4,92.0
2022-2023,CIUSSS du Centre-Sud-de-l'Île-de-Montréal,3,5,188.0
2022-2023,CIUSSS du Centre-Sud-de-l'Île-de-Montréal,3,6,53.0
2022-2023,CIUSSS du Centre-Sud-de-l'Île-de-Montréal,3,7,14.0
2022-2023,CIUSSS du Centre-Sud-de-l'Île-de-Montréal,3,9,1572.0
2022-2023,CIUSSS du Centre-Sud-de-l'Île-de-Montréal,4,1,60.0
2022-2023,CIUSSS du Centre-Sud-de-l'Île-de-Montréal,4,2,29.0
2022-2023,CIUSSS du Centre-Sud-de-l'Île-de-Montréal,4,3,16.0
2022-2023,CIUSSS du Centre-Sud-de-l'Île-de-Montréal,4,4,16.0
2022-2023,CIUSSS du Centre-Sud-de-l'Île-de-Montréal,4,5,44.0
2022-2023,CIUSSS du Centre-Sud-de-l'Île-de-Montréal,4,6,20.0
2022-2023,CIUSSS du Centre-Sud-de-l'Île-de-Montréal,4,7,4.0
2022-2023,CIUSSS du Centre-Sud-de-l'Île-de-Montréal,4,9,189.0
2022-2023,CIUSSS du Centre-Sud-de-l'Île-de-Montréal,5,1,269.0
2022-2023,CIUSSS du Centre-Sud-de-l'Île-de-Montréal,5,2,204.0
2022-2023,CIUSSS du Centre-Sud-de-l'Île-de-Montréal,5,3,97.0
2022-2023,CIUSSS du Centre-Sud-de-l'Île-de-Montréal,5,4,25.0
2022-2023,CIUSSS du Centre-Sud-de-l'Île-de-Montréal,5,5,47.0
2022-2023,CIUSSS du Centre-Sud-de-l'Île-de-Montréal,5,6,7.0
2022-2023,CIUSSS du Centre-Sud-de-l'Île-de-Montréal,5,7,3.0
2022-2023,CIUSSS du Centre-Sud-de-l'Île-de-Montréal,5,9,652.0
2022-2023,CIUSSS du Centre-Sud-de-l'Île-de-Montréal,6,1,329.0
2022-2023,CIUSSS du Centre-Sud-de-l'Île-de-Montréal,6,2,233.0
2022-2023,CIUSSS du Centre-Sud-de-l'Île-de-Montréal,6,3,113.0
2022-2023,CIUSSS du Centre-Sud-de-l'Île-de-Montréal,6,4,41.0
2022-2023,CIUSSS du Centre-Sud-de-l'Île-de-Montréal,6,5,91.0
2022-2023,CIUSSS du Centre-Sud-de-l'Île-de-Montréal,6,6,27.0
2022-2023,CIUSSS du Centre-Sud-de-l'Île-de-Montréal,6,7,7.0
2022-2023,CIUSSS du Centre-Sud-de-l'Île-de-Montréal,6,9,841.0
2022-2023,CIUSSS du Centre-Sud-de-l'Île-de-Montréal,7,1,45.0
2022-2023,CIUSSS du Centre-Sud-de-l'Île-de-Montréal,7,2,80.0
2022-2023,CIUSSS du Centre-Sud-de-l'Île-de-Montréal,7,3,32.0
2022-2023,CIUSSS du Centre-Sud-de-l'Île-de-Montréal,7,4,35.0
2022-2023,CIUSSS du Centre-Sud-de-l'Île-de-Montréal,7,5,110.0
2022-2023,CIUSSS du Centre-Sud-de-l'Île-de-Montréal,7,6,75.0
2022-2023,CIUSSS du Centre-Sud-de-l'Île-de-Montréal,7,7,40.0
2022-2023,CIUSSS du Centre-Sud-de-l'Île-de-Montréal,7,8,13.0
2022-2023,CIUSSS du Centre-Sud-de-l'Île-de-Montréal,7,9,430.0
2022-2023,CIUSSS du Centre-Sud-de-l'Île-de-Montréal,8,1,102.0
2022-2023,CIUSSS du Centre-Sud-de-l'Île-de-Montréal,8,2,481.0
2022-2023,CIUSSS du Centre-Sud-de-l'Île-de-Montréal,8,3,163.0
2022-2023,CIUSSS du Centre-Sud-de-l'Île-de-Montréal,8,4,54.0
2022-2023,CIUSSS du Centre-Sud-de-l'Île-de-Montréal,8,5,83.0
2022-2023,CIUSSS du Centre-Sud-de-l'Île-de-Montréal,8,6,13.0
2022-2023,CIUSSS du Centre-Sud-de-l'Île-de-Montréal,8,7,0.0
2022-2023,CIUSSS du Centre-Sud-de-l'Île-de-Montréal,8,8,0.0
2022-2023,CIUSSS du Centre-Sud-de-l'Île-de-Montréal,8,9,896.0
2022-2023,CIUSSS du Centre-Sud-de-l'Île-de-Montréal,9,1,147.0
2022-2023,CIUSSS du Centre-Sud-de-l'Île-de-Montréal,9,2,561.0
2022-2023,CIUSSS du Centre-Sud-de-l'Île-de-Montréal,9,3,195.0
2022-2023,CIUSSS du Centre-Sud-de-l'Île-de-Montréal,9,4,89.0
2022-2023,CIUSSS du Centre-Sud-de-l'Île-de-Montréal,9,5,193.0
2022-2023,CIUSSS du Centre-Sud-de-l'Île-de-Montréal,9,6,88.0
2022-2023,CIUSSS du Centre-Sud-de-l'Île-de-Montréal,9,7,40.0
2022-2023,CIUSSS du Centre-Sud-de-l'Île-de-Montréal,9,8,13.0
2022-2023,CIUSSS du Centre-Sud-de-l'Île-de-Montréal,9,9,1326.0
2022-2023,CIUSSS du Saguenay  Lac-Saint-Jean,1,1,44.0
2022-2023,CIUSSS du Saguenay  Lac-Saint-Jean,1,2,17.0
2022-2023,CIUSSS du Saguenay  Lac-Saint-Jean,1,3,15.0
2022-2023,CIUSSS du Saguenay  Lac-Saint-Jean,1,4,22.0
2022-2023,CIUSSS du Saguenay  Lac-Saint-Jean,1,5,40.0
2022-2023,CIUSSS du Saguenay  Lac-Saint-Jean,1,6,14.0
2022-2023,CIUSSS du Saguenay  Lac-Saint-Jean,1,7,3.0
2022-2023,CIUSSS du Saguenay  Lac-Saint-Jean,1,8,2.0
2022-2023,CIUSSS du Saguenay  Lac-Saint-Jean,1,9,157.0
2022-2023,CIUSSS du Saguenay  Lac-Saint-Jean,2,1,41.0
2022-2023,CIUSSS du Saguenay  Lac-Saint-Jean,2,2,58.0
2022-2023,CIUSSS du Saguenay  Lac-Saint-Jean,2,3,44.0
2022-2023,CIUSSS du Saguenay  Lac-Saint-Jean,2,4,10.0
2022-2023,CIUSSS du Saguenay  Lac-Saint-Jean,2,5,12.0
2022-2023,CIUSSS du Saguenay  Lac-Saint-Jean,2,6,0.0
2022-2023,CIUSSS du Saguenay  Lac-Saint-Jean,2,7,0.0
2022-2023,CIUSSS du Saguenay  Lac-Saint-Jean,2,8,0.0
2022-2023,CIUSSS du Saguenay  Lac-Saint-Jean,2,9,165.0
2022-2023,CIUSSS du Saguenay  Lac-Saint-Jean,3,1,85.0
2022-2023,CIUSSS du Saguenay  Lac-Saint-Jean,3,2,75.0
2022-2023,CIUSSS du Saguenay  Lac-Saint-Jean,3,3,59.0
2022-2023,CIUSSS du Saguenay  Lac-Saint-Jean,3,4,32.0
2022-2023,CIUSSS du Saguenay  Lac-Saint-Jean,3,5,52.0
2022-2023,CIUSSS du Saguenay  Lac-Saint-Jean,3,6,14.0
2022-2023,CIUSSS du Saguenay  Lac-Saint-Jean,3,7,3.0
2022-2023,CIUSSS du Saguenay  Lac-Saint-Jean,3,8,2.0
2022-2023,CIUSSS du Saguenay  Lac-Saint-Jean,3,9,322.0
2022-2023,CIUSSS du Saguenay  Lac-Saint-Jean,4,1,38.0
2022-2023,CIUSSS du Saguenay  Lac-Saint-Jean,4,2,15.0
2022-2023,CIUSSS du Saguenay  Lac-Saint-Jean,4,3,7.0
2022-2023,CIUSSS du Saguenay  Lac-Saint-Jean,4,4,14.0
2022-2023,CIUSSS du Saguenay  Lac-Saint-Jean,4,5,27.0
2022-2023,CIUSSS du Saguenay  Lac-Saint-Jean,4,6,13.0
2022-2023,CIUSSS du Saguenay  Lac-Saint-Jean,4,7,1.0
2022-2023,CIUSSS du Saguenay  Lac-Saint-Jean,4,8,0.0
2022-2023,CIUSSS du Saguenay  Lac-Saint-Jean,4,9,115.0
2022-2023,CIUSSS du Saguenay  Lac-Saint-Jean,5,1,31.0
2022-2023,CIUSSS du Saguenay  Lac-Saint-Jean,5,2,43.0
2022-2023,CIUSSS du Saguenay  Lac-Saint-Jean,5,3,36.0
2022-2023,CIUSSS du Saguenay  Lac-Saint-Jean,5,4,9.0
2022-2023,CIUSSS du Saguenay  Lac-Saint-Jean,5,5,17.0
2022-2023,CIUSSS du Saguenay  Lac-Saint-Jean,5,6,0.0
2022-2023,CIUSSS du Saguenay  Lac-Saint-Jean,5,7,0.0
2022-2023,CIUSSS du Saguenay  Lac-Saint-Jean,5,8,0.0
2022-2023,CIUSSS du Saguenay  Lac-Saint-Jean,5,9,136.0
2022-2023,CIUSSS du Saguenay  Lac-Saint-Jean,6,1,69.0
2022-2023,CIUSSS du Saguenay  Lac-Saint-Jean,6,2,58.0
2022-2023,CIUSSS du Saguenay  Lac-Saint-Jean,6,3,43.0
2022-2023,CIUSSS du Saguenay  Lac-Saint-Jean,6,4,23.0
2022-2023,CIUSSS du Saguenay  Lac-Saint-Jean,6,5,44.0
2022-2023,CIUSSS du Saguenay  Lac-Saint-Jean,6,6,13.0
2022-2023,CIUSSS du Saguenay  Lac-Saint-Jean,6,7,1.0
2022-2023,CIUSSS du Saguenay  Lac-Saint-Jean,6,8,0.0
2022-2023,CIUSSS du Saguenay  Lac-Saint-Jean,6,9,251.0
2022-2023,CIUSSS du Saguenay  Lac-Saint-Jean,7,1,14.0
2022-2023,CIUSSS du Saguenay  Lac-Saint-Jean,7,2,37.0
2022-2023,CIUSSS du Saguenay  Lac-Saint-Jean,7,3,19.0
2022-2023,CIUSSS du Saguenay  Lac-Saint-Jean,7,4,9.0
2022-2023,CIUSSS du Saguenay  Lac-Saint-Jean,7,5,33.0
2022-2023,CIUSSS du Saguenay  Lac-Saint-Jean,7,6,31.0
2022-2023,CIUSSS du Saguenay  Lac-Saint-Jean,7,7,9.0
2022-2023,CIUSSS du Saguenay  Lac-Saint-Jean,7,8,9.0
2022-2023,CIUSSS du Saguenay  Lac-Saint-Jean,7,9,161.0
2022-2023,CIUSSS du Saguenay  Lac-Saint-Jean,8,1,10.0
2022-2023,CIUSSS du Saguenay  Lac-Saint-Jean,8,2,71.0
2022-2023,CIUSSS du Saguenay  Lac-Saint-Jean,8,3,42.0
2022-2023,CIUSSS du Saguenay  Lac-Saint-Jean,8,4,7.0
2022-2023,CIUSSS du Saguenay  Lac-Saint-Jean,8,5,9.0
2022-2023,CIUSSS du Saguenay  Lac-Saint-Jean,8,6,4.0
2022-2023,CIUSSS du Saguenay  Lac-Saint-Jean,8,7,1.0
2022-2023,CIUSSS du Saguenay  Lac-Saint-Jean,8,8,0.0
2022-2023,CIUSSS du Saguenay  Lac-Saint-Jean,8,9,144.0
2022-2023,CIUSSS du Saguenay  Lac-Saint-Jean,9,1,24.0
2022-2023,CIUSSS du Saguenay  Lac-Saint-Jean,9,2,108.0
2022-2023,CIUSSS du Saguenay  Lac-Saint-Jean,9,3,61.0
2022-2023,CIUSSS du Saguenay  Lac-Saint-Jean,9,4,16.0
2022-2023,CIUSSS du Saguenay  Lac-Saint-Jean,9,5,42.0
2022-2023,CIUSSS du Saguenay  Lac-Saint-Jean,9,6,35.0
2022-2023,CIUSSS du Saguenay  Lac-Saint-Jean,9,7,10.0
2022-2023,CIUSSS du Saguenay  Lac-Saint-Jean,9,8,9.0
2022-2023,CIUSSS du Saguenay  Lac-Saint-Jean,9,9,305.0
2023-2024,CISSS de Chaudière-Appalaches,1,1,28.0
2023-2024,CISSS de Chaudière-Appalaches,1,2,28.0
2023-2024,CISSS de Chaudière-Appalaches,1,3,30.0
2023-2024,CISSS de Chaudière-Appalaches,1,4,16.0
2023-2024,CISSS de Chaudière-Appalaches,1,5,54.0
2023-2024,CISSS de Chaudière-Appalaches,1,6,36.0
2023-2024,CISSS de Chaudière-Appalaches,1,7,12.0
2023-2024,CISSS de Chaudière-Appalaches,1,8,8.0
2023-2024,CISSS de Chaudière-Appalaches,1,9,212.0
2023-2024,CISSS de Chaudière-Appalaches,2,1,59.0
2023-2024,CISSS de Chaudière-Appalaches,2,2,102.0
2023-2024,CISSS de Chaudière-Appalaches,2,3,81.0
2023-2024,CISSS de Chaudière-Appalaches,2,4,14.0
2023-2024,CISSS de Chaudière-Appalaches,2,5,38.0
2023-2024,CISSS de Chaudière-Appalaches,2,6,5.0
2023-2024,CISSS de Chaudière-Appalaches,2,7,2.0
2023-2024,CISSS de Chaudière-Appalaches,2,9,301.0
2023-2024,CISSS de Chaudière-Appalaches,3,1,87.0
2023-2024,CISSS de Chaudière-Appalaches,3,2,130.0
2023-2024,CISSS de Chaudière-Appalaches,3,3,111.0
2023-2024,CISSS de Chaudière-Appalaches,3,4,30.0
2023-2024,CISSS de Chaudière-Appalaches,3,5,92.0
2023-2024,CISSS de Chaudière-Appalaches,3,6,41.0
2023-2024,CISSS de Chaudière-Appalaches,3,7,14.0
2023-2024,CISSS de Chaudière-Appalaches,3,8,8.0
2023-2024,CISSS de Chaudière-Appalaches,3,9,513.0
2023-2024,CISSS de Chaudière-Appalaches,4,1,36.0
2023-2024,CISSS de Chaudière-Appalaches,4,2,15.0
2023-2024,CISSS de Chaudière-Appalaches,4,3,27.0
2023-2024,CISSS de Chaudière-Appalaches,4,4,12.0
2023-2024,CISSS de Chaudière-Appalaches,4,5,52.0
2023-2024,CISSS de Chaudière-Appalaches,4,6,25.0
2023-2024,CISSS de Chaudière-Appalaches,4,7,11.0
2023-2024,CISSS de Chaudière-Appalaches,4,8,5.0
2023-2024,CISSS de Chaudière-Appalaches,4,9,183.0
2023-2024,CISSS de Chaudière-Appalaches,5,1,47.0
2023-2024,CISSS de Chaudière-Appalaches,5,2,60.0
2023-2024,CISSS de Chaudière-Appalaches,5,3,71.0
2023-2024,CISSS de Chaudière-Appalaches,5,4,20.0
2023-2024,CISSS de Chaudière-Appalaches,5,5,31.0
2023-2024,CISSS de Chaudière-Appalaches,5,6,7.0
2023-2024,CISSS de Chaudière-Appalaches,5,7,2.0
2023-2024,CISSS de Chaudière-Appalaches,5,9,238.0
2023-2024,CISSS de Chaudière-Appalaches,6,1,83.0
2023-2024,CISSS de Chaudière-Appalaches,6,2,75.0
2023-2024,CISSS de Chaudière-Appalaches,6,3,98.0
2023-2024,CISSS de Chaudière-Appalaches,6,4,32.0
2023-2024,CISSS de Chaudière-Appalaches,6,5,83.0
2023-2024,CISSS de Chaudière-Appalaches,6,6,32.0
2023-2024,CISSS de Chaudière-Appalaches,6,7,13.0
2023-2024,CISSS de Chaudière-Appalaches,6,8,5.0
2023-2024,CISSS de Chaudière-Appalaches,6,9,421.0
2023-2024,CISSS de Chaudière-Appalaches,7,1,2.0
2023-2024,CISSS de Chaudière-Appalaches,7,2,35.0
2023-2024,CISSS de Chaudière-Appalaches,7,3,20.0
2023-2024,CISSS de Chaudière-Appalaches,7,4,33.0
2023-2024,CISSS de Chaudière-Appalaches,7,5,117.0
2023-2024,CISSS de Chaudière-Appalaches,7,6,97.0
2023-2024,CISSS de Chaudière-Appalaches,7,7,38.0
2023-2024,CISSS de Chaudière-Appalaches,7,8,13.0
2023-2024,CISSS de Chaudière-Appalaches,7,9,355.0
2023-2024,CISSS de Chaudière-Appalaches,8,1,7.0
2023-2024,CISSS de Chaudière-Appalaches,8,2,93.0
2023-2024,CISSS de Chaudière-Appalaches,8,3,86.0
2023-2024,CISSS de Chaudière-Appalaches,8,4,40.0
2023-2024,CISSS de Chaudière-Appalaches,8,5,70.0
2023-2024,CISSS de Chaudière-Appalaches,8,6,8.0
2023-2024,CISSS de Chaudière-Appalaches,8,7,1.0
2023-2024,CISSS de Chaudière-Appalaches,8,9,305.0
2023-2024,CISSS de Chaudière-Appalaches,9,1,9.0
2023-2024,CISSS de Chaudière-Appalaches,9,2,128.0
2023-2024,CISSS de Chaudière-Appalaches,9,3,106.0
2023-2024,CISSS de Chaudière-Appalaches,9,4,73.0
2023-2024,CISSS de Chaudière-Appalaches,9,5,187.0
2023-2024,CISSS de Chaudière-Appalaches,9,6,105.0
2023-2024,CISSS de Chaudière-Appalaches,9,7,39.0
2023-2024,CISSS de Chaudière-Appalaches,9,8,13.0
2023-2024,CISSS de Chaudière-Appalaches,9,9,660.0
2023-2024,CISSS de Lanaudière,1,1,21.0
2023-2024,CISSS de Lanaudière,1,2,29.0
2023-2024,CISSS de Lanaudière,1,3,21.0
2023-2024,CISSS de Lanaudière,1,4,9.0
2023-2024,CISSS de Lanaudière,1,5,41.0
2023-2024,CISSS de Lanaudière,1,6,15.0
2023-2024,CISSS de Lanaudière,1,7,4.0
2023-2024,CISSS de Lanaudière,1,9,140.0
2023-2024,CISSS de Lanaudière,2,1,220.0
2023-2024,CISSS de Lanaudière,2,2,373.0
2023-2024,CISSS de Lanaudière,2,3,127.0
2023-2024,CISSS de Lanaudière,2,4,31.0
2023-2024,CISSS de Lanaudière,2,5,34.0
2023-2024,CISSS de Lanaudière,2,6,7.0
2023-2024,CISSS de Lanaudière,2,9,792.0
2023-2024,CISSS de Lanaudière,3,1,241.0
2023-2024,CISSS de Lanaudière,3,2,402.0
2023-2024,CISSS de Lanaudière,3,3,148.0
2023-2024,CISSS de Lanaudière,3,4,40.0
2023-2024,CISSS de Lanaudière,3,5,75.0
2023-2024,CISSS de Lanaudière,3,6,22.0
2023-2024,CISSS de Lanaudière,3,7,4.0
2023-2024,CISSS de Lanaudière,3,9,932.0
2023-2024,CISSS de Lanaudière,4,1,17.0
2023-2024,CISSS de Lanaudière,4,2,28.0
2023-2024,CISSS de Lanaudière,4,3,10.0
2023-2024,CISSS de Lanaudière,4,4,14.0
2023-2024,CISSS de Lanaudière,4,5,92.0
2023-2024,CISSS de Lanaudière,4,6,34.0
2023-2024,CISSS de Lanaudière,4,7,11.0
2023-2024,CISSS de Lanaudière,4,8,1.0
2023-2024,CISSS de Lanaudière,4,9,207.0
2023-2024,CISSS de Lanaudière,5,1,233.0
2023-2024,CISSS de Lanaudière,5,2,360.0
2023-2024,CISSS de Lanaudière,5,3,108.0
2023-2024,CISSS de Lanaudière,5,4,32.0
2023-2024,CISSS de Lanaudière,5,5,32.0
2023-2024,CISSS de Lanaudière,5,6,4.0
2023-2024,CISSS de Lanaudière,5,9,769.0
2023-2024,CISSS de Lanaudière,6,1,250.0
2023-2024,CISSS de Lanaudière,6,2,388.0
2023-2024,CISSS de Lanaudière,6,3,118.0
2023-2024,CISSS de Lanaudière,6,4,46.0
2023-2024,CISSS de Lanaudière,6,5,124.0
2023-2024,CISSS de Lanaudière,6,6,38.0
2023-2024,CISSS de Lanaudière,6,7,11.0
2023-2024,CISSS de Lanaudière,6,8,1.0
2023-2024,CISSS de Lanaudière,6,9,976.0
2023-2024,CISSS de Lanaudière,7,1,14.0
2023-2024,CISSS de Lanaudière,7,2,41.0
2023-2024,CISSS de Lanaudière,7,3,20.0
2023-2024,CISSS de Lanaudière,7,4,25.0
2023-2024,CISSS de Lanaudière,7,5,120.0
2023-2024,CISSS de Lanaudière,7,6,43.0
2023-2024,CISSS de Lanaudière,7,7,17.0
2023-2024,CISSS de Lanaudière,7,8,6.0
2023-2024,CISSS de Lanaudière,7,9,286.0
2023-2024,CISSS de Lanaudière,8,1,62.0
2023-2024,CISSS de Lanaudière,8,2,351.0
2023-2024,CISSS de Lanaudière,8,3,139.0
2023-2024,CISSS de Lanaudière,8,4,66.0
2023-2024,CISSS de Lanaudière,8,5,61.0
2023-2024,CISSS de Lanaudière,8,6,4.0
2023-2024,CISSS de Lanaudière,8,9,683.0
2023-2024,CISSS de Lanaudière,9,1,76.0
2023-2024,CISSS de Lanaudière,9,2,392.0
2023-2024,CISSS de Lanaudière,9,3,159.0
2023-2024,CISSS de Lanaudière,9,4,91.0
2023-2024,CISSS de Lanaudière,9,5,181.0
2023-2024,CISSS de Lanaudière,9,6,47.0
2023-2024,CISSS de Lanaudière,9,7,17.0
2023-2024,CISSS de Lanaudière,9,8,6.0
2023-2024,CISSS de Lanaudière,9,9,969.0
2023-2024,CISSS de Laval,1,1,1.0
2023-2024,CISSS de Laval,1,2,20.0
2023-2024,CISSS de Laval,1,3,34.0
2023-2024,CISSS de Laval,1,4,18.0
2023-2024,CISSS de Laval,1,5,13.0
2023-2024,CISSS de Laval,1,6,5.0
2023-2024,CISSS de Laval,1,7,1.0
2023-2024,CISSS de Laval,1,9,92.0
2023-2024,CISSS de Laval,2,1,390.0
2023-2024,CISSS de Laval,2,2,235.0
2023-2024,CISSS de Laval,2,3,97.0
2023-2024,CISSS de Laval,2,4,45.0
2023-2024,CISSS de Laval,2,5,7.0
2023-2024,CISSS de Laval,2,6,1.0
2023-2024,CISSS de Laval,2,7,1.0
2023-2024,CISSS de Laval,2,9,776.0
2023-2024,CISSS de Laval,3,1,391.0
2023-2024,CISSS de Laval,3,2,255.0
2023-2024,CISSS de Laval,3,3,131.0
2023-2024,CISSS de Laval,3,4,63.0
2023-2024,CISSS de Laval,3,5,20.0
2023-2024,CISSS de Laval,3,6,6.0
2023-2024,CISSS de Laval,3,7,2.0
2023-2024,CISSS de Laval,3,9,868.0
2023-2024,CISSS de Laval,4,2,22.0
2023-2024,CISSS de Laval,4,3,21.0
2023-2024,CISSS de Laval,4,4,17.0
2023-2024,CISSS de Laval,4,5,10.0
2023-2024,CISSS de Laval,4,6,2.0
2023-2024,CISSS de Laval,4,9,72.0
2023-2024,CISSS de Laval,5,1,288.0
2023-2024,CISSS de Laval,5,2,295.0
2023-2024,CISSS de Laval,5,3,98.0
2023-2024,CISSS de Laval,5,4,35.0
2023-2024,CISSS de Laval,5,5,3.0
2023-2024,CISSS de Laval,5,6,2.0
2023-2024,CISSS de Laval,5,7,1.0
2023-2024,CISSS de Laval,5,9,722.0
2023-2024,CISSS de Laval,6,1,288.0
2023-2024,CISSS de Laval,6,2,317.0
2023-2024,CISSS de Laval,6,3,119.0
2023-2024,CISSS de Laval,6,4,52.0
2023-2024,CISSS de Laval,6,5,13.0
2023-2024,CISSS de Laval,6,6,4.0
2023-2024,CISSS de Laval,6,7,1.0
2023-2024,CISSS de Laval,6,9,794.0
2023-2024,CISSS de Laval,7,1,24.0
2023-2024,CISSS de Laval,7,2,33.0
2023-2024,CISSS de Laval,7,3,17.0
2023-2024,CISSS de Laval,7,4,14.0
2023-2024,CISSS de Laval,7,5,16.0
2023-2024,CISSS de Laval,7,6,16.0
2023-2024,CISSS de Laval,7,7,5.0
2023-2024,CISSS de Laval,7,8,3.0
2023-2024,CISSS de Laval,7,9,128.0
2023-2024,CISSS de Laval,8,1,146.0
2023-2024,CISSS de Laval,8,2,249.0
2023-2024,CISSS de Laval,8,3,93.0
2023-2024,CISSS de Laval,8,4,21.0
2023-2024,CISSS de Laval,8,5,12.0
2023-2024,CISSS de Laval,8,6,2.0
2023-2024,CISSS de Laval,8,9,523.0
2023-2024,CISSS de Laval,9,1,170.0
2023-2024,CISSS de Laval,9,2,282.0
2023-2024,CISSS de Laval,9,3,110.0
2023-2024,CISSS de Laval,9,4,35.0
2023-2024,CISSS de Laval,9,5,28.0
2023-2024,CISSS de Laval,9,6,18.0
2023-2024,CISSS de Laval,9,7,5.0
2023-2024,CISSS de Laval,9,8,3.0
2023-2024,CISSS de Laval,9,9,651.0
2023-2024,CISSS de l'Abitibi-Témiscamingue,1,1,13.0
2023-2024,CISSS de l'Abitibi-Témiscamingue,1,2,12.0
2023-2024,CISSS de l'Abitibi-Témiscamingue,1,3,23.0
2023-2024,CISSS de l'Abitibi-Témiscamingue,1,4,7.0
2023-2024,CISSS de l'Abitibi-Témiscamingue,1,5,12.0
2023-2024,CISSS de l'Abitibi-Témiscamingue,1,6,7.0
2023-2024,CISSS de l'Abitibi-Témiscamingue,1,7,4.0
2023-2024,CISSS de l'Abitibi-Témiscamingue,1,9,78.0
2023-2024,CISSS de l'Abitibi-Témiscamingue,2,1,65.0
2023-2024,CISSS de l'Abitibi-Témiscamingue,2,2,31.0
2023-2024,CISSS de l'Abitibi-Témiscamingue,2,3,38.0
2023-2024,CISSS de l'Abitibi-Témiscamingue,2,4,6.0
2023-2024,CISSS de l'Abitibi-Témiscamingue,2,5,23.0
2023-2024,CISSS de l'Abitibi-Témiscamingue,2,6,5.0
2023-2024,CISSS de l'Abitibi-Témiscamingue,2,7,1.0
2023-2024,CISSS de l'Abitibi-Témiscamingue,2,9,169.0
2023-2024,CISSS de l'Abitibi-Témiscamingue,3,1,78.0
2023-2024,CISSS de l'Abitibi-Témiscamingue,3,2,43.0
2023-2024,CISSS de l'Abitibi-Témiscamingue,3,3,61.0
2023-2024,CISSS de l'Abitibi-Témiscamingue,3,4,13.0
2023-2024,CISSS de l'Abitibi-Témiscamingue,3,5,35.0
2023-2024,CISSS de l'Abitibi-Témiscamingue,3,6,12.0
2023-2024,CISSS de l'Abitibi-Témiscamingue,3,7,5.0
2023-2024,CISSS de l'Abitibi-Témiscamingue,3,9,247.0
2023-2024,CISSS de l'Abitibi-Témiscamingue,4,1,11.0
2023-2024,CISSS de l'Abitibi-Témiscamingue,4,2,14.0
2023-2024,CISSS de l'Abitibi-Témiscamingue,4,3,13.0
2023-2024,CISSS de l'Abitibi-Témiscamingue,4,4,7.0
2023-2024,CISSS de l'Abitibi-Témiscamingue,4,5,12.0
2023-2024,CISSS de l'Abitibi-Témiscamingue,4,6,9.0
2023-2024,CISSS de l'Abitibi-Témiscamingue,4,7,4.0
2023-2024,CISSS de l'Abitibi-Témiscamingue,4,9,70.0
2023-2024,CISSS de l'Abitibi-Témiscamingue,5,1,43.0
2023-2024,CISSS de l'Abitibi-Témiscamingue,5,2,34.0
2023-2024,CISSS de l'Abitibi-Témiscamingue,5,3,23.0
2023-2024,CISSS de l'Abitibi-Témiscamingue,5,4,4.0
2023-2024,CISSS de l'Abitibi-Témiscamingue,5,5,13.0
2023-2024,CISSS de l'Abitibi-Témiscamingue,5,9,117.0
2023-2024,CISSS de l'Abitibi-Témiscamingue,6,1,54.0
2023-2024,CISSS de l'Abitibi-Témiscamingue,6,2,48.0
2023-2024,CISSS de l'Abitibi-Témiscamingue,6,3,36.0
2023-2024,CISSS de l'Abitibi-Témiscamingue,6,4,11.0
2023-2024,CISSS de l'Abitibi-Témiscamingue,6,5,25.0
2023-2024,CISSS de l'Abitibi-Témiscamingue,6,6,9.0
2023-2024,CISSS de l'Abitibi-Témiscamingue,6,7,4.0
2023-2024,CISSS de l'Abitibi-Témiscamingue,6,9,187.0
2023-2024,CISSS de l'Abitibi-Témiscamingue,7,1,2.0
2023-2024,CISSS de l'Abitibi-Témiscamingue,7,2,7.0
2023-2024,CISSS de l'Abitibi-Témiscamingue,7,3,17.0
2023-2024,CISSS de l'Abitibi-Témiscamingue,7,4,7.0
2023-2024,CISSS de l'Abitibi-Témiscamingue,7,5,20.0
2023-2024,CISSS de l'Abitibi-Témiscamingue,7,6,14.0
2023-2024,CISSS de l'Abitibi-Témiscamingue,7,7,4.0
2023-2024,CISSS de l'Abitibi-Témiscamingue,7,8,1.0
2023-2024,CISSS de l'Abitibi-Témiscamingue,7,9,72.0
2023-2024,CISSS de l'Abitibi-Témiscamingue,8,1,14.0
2023-2024,CISSS de l'Abitibi-Témiscamingue,8,2,43.0
2023-2024,CISSS de l'Abitibi-Témiscamingue,8,3,36.0
2023-2024,CISSS de l'Abitibi-Témiscamingue,8,4,18.0
2023-2024,CISSS de l'Abitibi-Témiscamingue,8,5,23.0
2023-2024,CISSS de l'Abitibi-Témiscamingue,8,6,6.0
2023-2024,CISSS de l'Abitibi-Témiscamingue,8,9,140.0
2023-2024,CISSS de l'Abitibi-Témiscamingue,9,1,16.0
2023-2024,CISSS de l'Abitibi-Témiscamingue,9,2,50.0
2023-2024,CISSS de l'Abitibi-Témiscamingue,9,3,53.0
2023-2024,CISSS de l'Abitibi-Témiscamingue,9,4,25.0
2023-2024,CISSS de l'Abitibi-Témiscamingue,9,5,43.0
2023-2024,CISSS de l'Abitibi-Témiscamingue,9,6,20.0
2023-2024,CISSS de l'Abitibi-Témiscamingue,9,7,4.0
2023-2024,CISSS de l'Abitibi-Témiscamingue,9,8,1.0
2023-2024,CISSS de l'Abitibi-Témiscamingue,9,9,212.0
2023-2024,CISSS de l'Outaouais,1,1,6.0
2023-2024,CISSS de l'Outaouais,1,2,21.0
2023-2024,CISSS de l'Outaouais,1,3,27.0
2023-2024,CISSS de l'Outaouais,1,4,20.0
2023-2024,CISSS de l'Outaouais,1,5,29.0
2023-2024,CISSS de l'Outaouais,1,6,15.0
2023-2024,CISSS de l'Outaouais,1,7,1.0
2023-2024,CISSS de l'Outaouais,1,9,119.0
2023-2024,CISSS de l'Outaouais,2,1,230.0
2023-2024,CISSS de l'Outaouais,2,2,178.0
2023-2024,CISSS de l'Outaouais,2,3,79.0
2023-2024,CISSS de l'Outaouais,2,4,22.0
2023-2024,CISSS de l'Outaouais,2,5,42.0
2023-2024,CISSS de l'Outaouais,2,6,6.0
2023-2024,CISSS de l'Outaouais,2,7,2.0
2023-2024,CISSS de l'Outaouais,2,9,559.0
2023-2024,CISSS de l'Outaouais,3,1,236.0
2023-2024,CISSS de l'Outaouais,3,2,199.0
2023-2024,CISSS de l'Outaouais,3,3,106.0
2023-2024,CISSS de l'Outaouais,3,4,42.0
2023-2024,CISSS de l'Outaouais,3,5,71.0
2023-2024,CISSS de l'Outaouais,3,6,21.0
2023-2024,CISSS de l'Outaouais,3,7,3.0
2023-2024,CISSS de l'Outaouais,3,9,678.0
2023-2024,CISSS de l'Outaouais,4,1,14.0
2023-2024,CISSS de l'Outaouais,4,2,24.0
2023-2024,CISSS de l'Outaouais,4,3,16.0
2023-2024,CISSS de l'Outaouais,4,4,21.0
2023-2024,CISSS de l'Outaouais,4,5,49.0
2023-2024,CISSS de l'Outaouais,4,6,33.0
2023-2024,CISSS de l'Outaouais,4,7,4.0
2023-2024,CISSS de l'Outaouais,4,9,161.0
2023-2024,CISSS de l'Outaouais,5,1,201.0
2023-2024,CISSS de l'Outaouais,5,2,178.0
2023-2024,CISSS de l'Outaouais,5,3,69.0
2023-2024,CISSS de l'Outaouais,5,4,22.0
2023-2024,CISSS de l'Outaouais,5,5,39.0
2023-2024,CISSS de l'Outaouais,5,6,8.0
2023-2024,CISSS de l'Outaouais,5,9,517.0
2023-2024,CISSS de l'Outaouais,6,1,215.0
2023-2024,CISSS de l'Outaouais,6,2,202.0
2023-2024,CISSS de l'Outaouais,6,3,85.0
2023-2024,CISSS de l'Outaouais,6,4,43.0
2023-2024,CISSS de l'Outaouais,6,5,88.0
2023-2024,CISSS de l'Outaouais,6,6,41.0
2023-2024,CISSS de l'Outaouais,6,7,4.0
2023-2024,CISSS de l'Outaouais,6,9,678.0
2023-2024,CISSS de l'Outaouais,7,1,9.0
2023-2024,CISSS de l'Outaouais,7,2,35.0
2023-2024,CISSS de l'Outaouais,7,3,28.0
2023-2024,CISSS de l'Outaouais,7,4,22.0
2023-2024,CISSS de l'Outaouais,7,5,84.0
2023-2024,CISSS de l'Outaouais,7,6,37.0
2023-2024,CISSS de l'Outaouais,7,7,6.0
2023-2024,CISSS de l'Outaouais,7,9,221.0
2023-2024,CISSS de l'Outaouais,8,1,13.0
2023-2024,CISSS de l'Outaouais,8,2,237.0
2023-2024,CISSS de l'Outaouais,8,3,102.0
2023-2024,CISSS de l'Outaouais,8,4,32.0
2023-2024,CISSS de l'Outaouais,8,5,58.0
2023-2024,CISSS de l'Outaouais,8,6,14.0
2023-2024,CISSS de l'Outaouais,8,9,456.0
2023-2024,CISSS de l'Outaouais,9,1,22.0
2023-2024,CISSS de l'Outaouais,9,2,272.0
2023-2024,CISSS de l'Outaouais,9,3,130.0
2023-2024,CISSS de l'Outaouais,9,4,54.0
2023-2024,CISSS de l'Outaouais,9,5,142.0
2023-2024,CISSS de l'Outaouais,9,6,51.0
2023-2024,CISSS de l'Outaouais,9,7,6.0
2023-2024,CISSS de l'Outaouais,9,9,677.0
2023-2024,CISSS de la Côte-Nord,1,1,5.0
2023-2024,CISSS de la Côte-Nord,1,2,2.0
2023-2024,CISSS de la Côte-Nord,1,3,3.0
2023-2024,CISSS de la Côte-Nord,1,4,3.0
2023-2024,CISSS de la Côte-Nord,1,5,14.0
2023-2024,CISSS de la Côte-Nord,1,6,7.0
2023-2024,CISSS de la Côte-Nord,1,7,4.0
2023-2024,CISSS de la Côte-Nord,1,8,1.0
2023-2024,CISSS de la Côte-Nord,1,9,39.0
2023-2024,CISSS de la Côte-Nord,2,1,32.0
2023-2024,CISSS de la Côte-Nord,2,2,52.0
2023-2024,CISSS de la Côte-Nord,2,3,26.0
2023-2024,CISSS de la Côte-Nord,2,4,9.0
2023-2024,CISSS de la Côte-Nord,2,5,10.0
2023-2024,CISSS de la Côte-Nord,2,6,5.0
2023-2024,CISSS de la Côte-Nord,2,7,1.0
2023-2024,CISSS de la Côte-Nord,2,9,135.0
2023-2024,CISSS de la Côte-Nord,3,1,37.0
2023-2024,CISSS de la Côte-Nord,3,2,54.0
2023-2024,CISSS de la Côte-Nord,3,3,29.0
2023-2024,CISSS de la Côte-Nord,3,4,12.0
2023-2024,CISSS de la Côte-Nord,3,5,24.0
2023-2024,CISSS de la Côte-Nord,3,6,12.0
2023-2024,CISSS de la Côte-Nord,3,7,5.0
2023-2024,CISSS de la Côte-Nord,3,8,1.0
2023-2024,CISSS de la Côte-Nord,3,9,174.0
2023-2024,CISSS de la Côte-Nord,4,1,2.0
2023-2024,CISSS de la Côte-Nord,4,2,5.0
2023-2024,CISSS de la Côte-Nord,4,3,4.0
2023-2024,CISSS de la Côte-Nord,4,4,5.0
2023-2024,CISSS de la Côte-Nord,4,5,11.0
2023-2024,CISSS de la Côte-Nord,4,6,3.0
2023-2024,CISSS de la Côte-Nord,4,7,3.0
2023-2024,CISSS de la Côte-Nord,4,9,33.0
2023-2024,CISSS de la Côte-Nord,5,1,13.0
2023-2024,CISSS de la Côte-Nord,5,2,17.0
2023-2024,CISSS de la Côte-Nord,5,3,14.0
2023-2024,CISSS de la Côte-Nord,5,4,7.0
2023-2024,CISSS de la Côte-Nord,5,5,5.0
2023-2024,CISSS de la Côte-Nord,5,6,1.0
2023-2024,CISSS de la Côte-Nord,5,7,1.0
2023-2024,CISSS de la Côte-Nord,5,9,58.0
2023-2024,CISSS de la Côte-Nord,6,1,15.0
2023-2024,CISSS de la Côte-Nord,6,2,22.0
2023-2024,CISSS de la Côte-Nord,6,3,18.0
2023-2024,CISSS de la Côte-Nord,6,4,12.0
2023-2024,CISSS de la Côte-Nord,6,5,16.0
2023-2024,CISSS de la Côte-Nord,6,6,4.0
2023-2024,CISSS de la Côte-Nord,6,7,4.0
2023-2024,CISSS de la Côte-Nord,6,9,91.0
2023-2024,CISSS de la Côte-Nord,7,1,2.0
2023-2024,CISSS de la Côte-Nord,7,2,5.0
2023-2024,CISSS de la Côte-Nord,7,3,2.0
2023-2024,CISSS de la Côte-Nord,7,4,1.0
2023-2024,CISSS de la Côte-Nord,7,5,9.0
2023-2024,CISSS de la Côte-Nord,7,6,5.0
2023-2024,CISSS de la Côte-Nord,7,7,4.0
2023-2024,CISSS de la Côte-Nord,7,8,2.0
2023-2024,CISSS de la Côte-Nord,7,9,30.0
2023-2024,CISSS de la Côte-Nord,8,1,2.0
2023-2024,CISSS de la Côte-Nord,8,2,24.0
2023-2024,CISSS de la Côte-Nord,8,3,13.0
2023-2024,CISSS de la Côte-Nord,8,4,5.0
2023-2024,CISSS de la Côte-Nord,8,5,6.0
2023-2024,CISSS de la Côte-Nord,8,6,3.0
2023-2024,CISSS de la Côte-Nord,8,9,53.0
2023-2024,CISSS de la Côte-Nord,9,1,4.0
2023-2024,CISSS de la Côte-Nord,9,2,29.0
2023-2024,CISSS de la Côte-Nord,9,3,15.0
2023-2024,CISSS de la Côte-Nord,9,4,6.0
2023-2024,CISSS de la Côte-Nord,9,5,15.0
2023-2024,CISSS de la Côte-Nord,9,6,8.0
2023-2024,CISSS de la Côte-Nord,9,7,4.0
2023-2024,CISSS de la Côte-Nord,9,8,2.0
2023-2024,CISSS de la Côte-Nord,9,9,83.0
2023-2024,CISSS de la Gaspésie,1,2,4.0
2023-2024,CISSS de la Gaspésie,1,3,6.0
2023-2024,CISSS de la Gaspésie,1,4,8.0
2023-2024,CISSS de la Gaspésie,1,5,18.0
2023-2024,CISSS de la Gaspésie,1,6,14.0
2023-2024,CISSS de la Gaspésie,1,7,5.0
2023-2024,CISSS de la Gaspésie,1,9,55.0
2023-2024,CISSS de la Gaspésie,2,1,37.0
2023-2024,CISSS de la Gaspésie,2,2,80.0
2023-2024,CISSS de la Gaspésie,2,3,48.0
2023-2024,CISSS de la Gaspésie,2,4,9.0
2023-2024,CISSS de la Gaspésie,2,5,19.0
2023-2024,CISSS de la Gaspésie,2,6,5.0
2023-2024,CISSS de la Gaspésie,2,7,1.0
2023-2024,CISSS de la Gaspésie,2,8,1.0
2023-2024,CISSS de la Gaspésie,2,9,200.0
2023-2024,CISSS de la Gaspésie,3,1,37.0
2023-2024,CISSS de la Gaspésie,3,2,84.0
2023-2024,CISSS de la Gaspésie,3,3,54.0
2023-2024,CISSS de la Gaspésie,3,4,17.0
2023-2024,CISSS de la Gaspésie,3,5,37.0
2023-2024,CISSS de la Gaspésie,3,6,19.0
2023-2024,CISSS de la Gaspésie,3,7,6.0
2023-2024,CISSS de la Gaspésie,3,8,1.0
2023-2024,CISSS de la Gaspésie,3,9,255.0
2023-2024,CISSS de la Gaspésie,4,1,1.0
2023-2024,CISSS de la Gaspésie,4,2,2.0
2023-2024,CISSS de la Gaspésie,4,3,4.0
2023-2024,CISSS de la Gaspésie,4,4,1.0
2023-2024,CISSS de la Gaspésie,4,5,22.0
2023-2024,CISSS de la Gaspésie,4,6,18.0
2023-2024,CISSS de la Gaspésie,4,7,4.0
2023-2024,CISSS de la Gaspésie,4,8,1.0
2023-2024,CISSS de la Gaspésie,4,9,53.0
2023-2024,CISSS de la Gaspésie,5,1,16.0
2023-2024,CISSS de la Gaspésie,5,2,37.0
2023-2024,CISSS de la Gaspésie,5,3,21.0
2023-2024,CISSS de la Gaspésie,5,4,4.0
2023-2024,CISSS de la Gaspésie,5,5,16.0
2023-2024,CISSS de la Gaspésie,5,6,8.0
2023-2024,CISSS de la Gaspésie,5,7,1.0
2023-2024,CISSS de la Gaspésie,5,9,103.0
2023-2024,CISSS de la Gaspésie,6,1,17.0
2023-2024,CISSS de la Gaspésie,6,2,39.0
2023-2024,CISSS de la Gaspésie,6,3,25.0
2023-2024,CISSS de la Gaspésie,6,4,5.0
2023-2024,CISSS de la Gaspésie,6,5,38.0
2023-2024,CISSS de la Gaspésie,6,6,26.0
2023-2024,CISSS de la Gaspésie,6,7,5.0
2023-2024,CISSS de la Gaspésie,6,8,1.0
2023-2024,CISSS de la Gaspésie,6,9,156.0
2023-2024,CISSS de la Gaspésie,7,2,2.0
2023-2024,CISSS de la Gaspésie,7,3,8.0
2023-2024,CISSS de la Gaspésie,7,4,3.0
2023-2024,CISSS de la Gaspésie,7,5,20.0
2023-2024,CISSS de la Gaspésie,7,6,12.0
2023-2024,CISSS de la Gaspésie,7,7,6.0
2023-2024,CISSS de la Gaspésie,7,8,1.0
2023-2024,CISSS de la Gaspésie,7,9,52.0
2023-2024,CISSS de la Gaspésie,8,1,7.0
2023-2024,CISSS de la Gaspésie,8,2,26.0
2023-2024,CISSS de la Gaspésie,8,3,27.0
2023-2024,CISSS de la Gaspésie,8,4,10.0
2023-2024,CISSS de la Gaspésie,8,5,10.0
2023-2024,CISSS de la Gaspésie,8,6,4.0
2023-2024,CISSS de la Gaspésie,8,8,1.0
2023-2024,CISSS de la Gaspésie,8,9,85.0
2023-2024,CISSS de la Gaspésie,9,1,7.0
2023-2024,CISSS de la Gaspésie,9,2,28.0
2023-2024,CISSS de la Gaspésie,9,3,35.0
2023-2024,CISSS de la Gaspésie,9,4,13.0
2023-2024,CISSS de la Gaspésie,9,5,30.0
2023-2024,CISSS de la Gaspésie,9,6,16.0
2023-2024,CISSS de la Gaspésie,9,7,6.0
2023-2024,CISSS de la Gaspésie,9,8,2.0
2023-2024,CISSS de la Gaspésie,9,9,137.0
2023-2024,CISSS de la Montérégie-Ouest,1,1,60.0
2023-2024,CISSS de la Montérégie-Ouest,1,2,85.0
2023-2024,CISSS de la Montérégie-Ouest,1,3,73.0
2023-2024,CISSS de la Montérégie-Ouest,1,4,34.0
2023-2024,CISSS de la Montérégie-Ouest,1,5,160.0
2023-2024,CISSS de la Montérégie-Ouest,1,6,84.0
2023-2024,CISSS de la Montérégie-Ouest,1,7,11.0
2023-2024,CISSS de la Montérégie-Ouest,1,8,1.0
2023-2024,CISSS de la Montérégie-Ouest,1,9,508.0
2023-2024,CISSS de la Montérégie-Ouest,2,1,388.0
2023-2024,CISSS de la Montérégie-Ouest,2,2,640.0
2023-2024,CISSS de la Montérégie-Ouest,2,3,304.0
2023-2024,CISSS de la Montérégie-Ouest,2,4,76.0
2023-2024,CISSS de la Montérégie-Ouest,2,5,98.0
2023-2024,CISSS de la Montérégie-Ouest,2,6,14.0
2023-2024,CISSS de la Montérégie-Ouest,2,9,1520.0
2023-2024,CISSS de la Montérégie-Ouest,3,1,448.0
2023-2024,CISSS de la Montérégie-Ouest,3,2,725.0
2023-2024,CISSS de la Montérégie-Ouest,3,3,377.0
2023-2024,CISSS de la Montérégie-Ouest,3,4,110.0
2023-2024,CISSS de la Montérégie-Ouest,3,5,258.0
2023-2024,CISSS de la Montérégie-Ouest,3,6,98.0
2023-2024,CISSS de la Montérégie-Ouest,3,7,11.0
2023-2024,CISSS de la Montérégie-Ouest,3,8,1.0
2023-2024,CISSS de la Montérégie-Ouest,3,9,2028.0
2023-2024,CISSS de la Montérégie-Ouest,4,1,55.0
2023-2024,CISSS de la Montérégie-Ouest,4,2,61.0
2023-2024,CISSS de la Montérégie-Ouest,4,3,47.0
2023-2024,CISSS de la Montérégie-Ouest,4,4,21.0
2023-2024,CISSS de la Montérégie-Ouest,4,5,94.0
2023-2024,CISSS de la Montérégie-Ouest,4,6,49.0
2023-2024,CISSS de la Montérégie-Ouest,4,7,7.0
2023-2024,CISSS de la Montérégie-Ouest,4,8,1.0
2023-2024,CISSS de la Montérégie-Ouest,4,9,335.0
2023-2024,CISSS de la Montérégie-Ouest,5,1,388.0
2023-2024,CISSS de la Montérégie-Ouest,5,2,645.0
2023-2024,CISSS de la Montérégie-Ouest,5,3,342.0
2023-2024,CISSS de la Montérégie-Ouest,5,4,89.0
2023-2024,CISSS de la Montérégie-Ouest,5,5,114.0
2023-2024,CISSS de la Montérégie-Ouest,5,6,11.0
2023-2024,CISSS de la Montérégie-Ouest,5,9,1589.0
2023-2024,CISSS de la Montérégie-Ouest,6,1,443.0
2023-2024,CISSS de la Montérégie-Ouest,6,2,706.0
2023-2024,CISSS de la Montérégie-Ouest,6,3,389.0
2023-2024,CISSS de la Montérégie-Ouest,6,4,110.0
2023-2024,CISSS de la Montérégie-Ouest,6,5,208.0
2023-2024,CISSS de la Montérégie-Ouest,6,6,60.0
2023-2024,CISSS de la Montérégie-Ouest,6,7,7.0
2023-2024,CISSS de la Montérégie-Ouest,6,8,1.0
2023-2024,CISSS de la Montérégie-Ouest,6,9,1924.0
2023-2024,CISSS de la Montérégie-Ouest,7,1,22.0
2023-2024,CISSS de la Montérégie-Ouest,7,2,90.0
2023-2024,CISSS de la Montérégie-Ouest,7,3,46.0
2023-2024,CISSS de la Montérégie-Ouest,7,4,40.0
2023-2024,CISSS de la Montérégie-Ouest,7,5,148.0
2023-2024,CISSS de la Montérégie-Ouest,7,6,106.0
2023-2024,CISSS de la Montérégie-Ouest,7,7,27.0
2023-2024,CISSS de la Montérégie-Ouest,7,8,9.0
2023-2024,CISSS de la Montérégie-Ouest,7,9,488.0
2023-2024,CISSS de la Montérégie-Ouest,8,1,148.0
2023-2024,CISSS de la Montérégie-Ouest,8,2,883.0
2023-2024,CISSS de la Montérégie-Ouest,8,3,569.0
2023-2024,CISSS de la Montérégie-Ouest,8,4,139.0
2023-2024,CISSS de la Montérégie-Ouest,8,5,148.0
2023-2024,CISSS de la Montérégie-Ouest,8,6,16.0
2023-2024,CISSS de la Montérégie-Ouest,8,7,1.0
2023-2024,CISSS de la Montérégie-Ouest,8,9,1904.0
2023-2024,CISSS de la Montérégie-Ouest,9,1,170.0
2023-2024,CISSS de la Montérégie-Ouest,9,2,973.0
2023-2024,CISSS de la Montérégie-Ouest,9,3,615.0
2023-2024,CISSS de la Montérégie-Ouest,9,4,179.0
2023-2024,CISSS de la Montérégie-Ouest,9,5,296.0
2023-2024,CISSS de la Montérégie-Ouest,9,6,122.0
2023-2024,CISSS de la Montérégie-Ouest,9,7,28.0
2023-2024,CISSS de la Montérégie-Ouest,9,8,9.0
2023-2024,CISSS de la Montérégie-Ouest,9,9,2392.0
2023-2024,CISSS des Laurentides,1,1,60.0
2023-2024,CISSS des Laurentides,1,2,43.0
2023-2024,CISSS des Laurentides,1,3,36.0
2023-2024,CISSS des Laurentides,1,4,29.0
2023-2024,CISSS des Laurentides,1,5,83.0
2023-2024,CISSS des Laurentides,1,6,59.0
2023-2024,CISSS des Laurentides,1,7,15.0
2023-2024,CISSS des Laurentides,1,8,2.0
2023-2024,CISSS des Laurentides,1,9,327.0
2023-2024,CISSS des Laurentides,2,1,247.0
2023-2024,CISSS des Laurentides,2,2,267.0
2023-2024,CISSS des Laurentides,2,3,95.0
2023-2024,CISSS des Laurentides,2,4,41.0
2023-2024,CISSS des Laurentides,2,5,64.0
2023-2024,CISSS des Laurentides,2,6,10.0
2023-2024,CISSS des Laurentides,2,7,3.0
2023-2024,CISSS des Laurentides,2,9,727.0
2023-2024,CISSS des Laurentides,3,1,307.0
2023-2024,CISSS des Laurentides,3,2,310.0
2023-2024,CISSS des Laurentides,3,3,131.0
2023-2024,CISSS des Laurentides,3,4,70.0
2023-2024,CISSS des Laurentides,3,5,147.0
2023-2024,CISSS des Laurentides,3,6,69.0
2023-2024,CISSS des Laurentides,3,7,18.0
2023-2024,CISSS des Laurentides,3,8,2.0
2023-2024,CISSS des Laurentides,3,9,1054.0
2023-2024,CISSS des Laurentides,4,1,26.0
2023-2024,CISSS des Laurentides,4,2,28.0
2023-2024,CISSS des Laurentides,4,3,24.0
2023-2024,CISSS des Laurentides,4,4,20.0
2023-2024,CISSS des Laurentides,4,5,33.0
2023-2024,CISSS des Laurentides,4,6,32.0
2023-2024,CISSS des Laurentides,4,7,7.0
2023-2024,CISSS des Laurentides,4,8,1.0
2023-2024,CISSS des Laurentides,4,9,171.0
2023-2024,CISSS des Laurentides,5,1,166.0
2023-2024,CISSS des Laurentides,5,2,208.0
2023-2024,CISSS des Laurentides,5,3,69.0
2023-2024,CISSS des Laurentides,5,4,23.0
2023-2024,CISSS des Laurentides,5,5,30.0
2023-2024,CISSS des Laurentides,5,6,6.0
2023-2024,CISSS des Laurentides,5,7,2.0
2023-2024,CISSS des Laurentides,5,9,504.0
2023-2024,CISSS des Laurentides,6,1,192.0
2023-2024,CISSS des Laurentides,6,2,236.0
2023-2024,CISSS des Laurentides,6,3,93.0
2023-2024,CISSS des Laurentides,6,4,43.0
2023-2024,CISSS des Laurentides,6,5,63.0
2023-2024,CISSS des Laurentides,6,6,38.0
2023-2024,CISSS des Laurentides,6,7,9.0
2023-2024,CISSS des Laurentides,6,8,1.0
2023-2024,CISSS des Laurentides,6,9,675.0
2023-2024,CISSS des Laurentides,7,1,14.0
2023-2024,CISSS des Laurentides,7,2,43.0
2023-2024,CISSS des Laurentides,7,3,17.0
2023-2024,CISSS des Laurentides,7,4,16.0
2023-2024,CISSS des Laurentides,7,5,50.0
2023-2024,CISSS des Laurentides,7,6,40.0
2023-2024,CISSS des Laurentides,7,7,12.0
2023-2024,CISSS des Laurentides,7,8,4.0
2023-2024,CISSS des Laurentides,7,9,196.0
2023-2024,CISSS des Laurentides,8,1,43.0
2023-2024,CISSS des Laurentides,8,2,298.0
2023-2024,CISSS des Laurentides,8,3,97.0
2023-2024,CISSS des Laurentides,8,4,22.0
2023-2024,CISSS des Laurentides,8,5,37.0
2023-2024,CISSS des Laurentides,8,6,6.0
2023-2024,CISSS des Laurentides,8,9,503.0
2023-2024,CISSS des Laurentides,9,1,57.0
2023-2024,CISSS des Laurentides,9,2,341.0
2023-2024,CISSS des Laurentides,9,3,114.0
2023-2024,CISSS des Laurentides,9,4,38.0
2023-2024,CISSS des Laurentides,9,5,87.0
2023-2024,CISSS des Laurentides,9,6,46.0
2023-2024,CISSS des Laurentides,9,7,12.0
2023-2024,CISSS des Laurentides,9,8,4.0
2023-2024,CISSS des Laurentides,9,9,699.0
2023-2024,CISSS des Îles,1,5,1.0
2023-2024,CISSS des Îles,1,6,1.0
2023-2024,CISSS des Îles,1,9,2.0
2023-2024,CISSS des Îles,2,1,3.0
2023-2024,CISSS des Îles,2,2,1.0
2023-2024,CISSS des Îles,2,6,1.0
2023-2024,CISSS des Îles,2,9,5.0
2023-2024,CISSS des Îles,3,1,3.0
2023-2024,CISSS des Îles,3,2,1.0
2023-2024,CISSS des Îles,3,5,1.0
2023-2024,CISSS des Îles,3,6,2.0
2023-2024,CISSS des Îles,3,9,7.0
2023-2024,CISSS des Îles,4,4,1.0
2023-2024,CISSS des Îles,4,5,2.0
2023-2024,CISSS des Îles,4,9,3.0
2023-2024,CISSS des Îles,5,1,3.0
2023-2024,CISSS des Îles,5,2,1.0
2023-2024,CISSS des Îles,5,6,1.0
2023-2024,CISSS des Îles,5,9,5.0
2023-2024,CISSS des Îles,6,1,3.0
2023-2024,CISSS des Îles,6,2,1.0
2023-2024,CISSS des Îles,6,4,1.0
2023-2024,CISSS des Îles,6,5,2.0
2023-2024,CISSS des Îles,6,6,1.0
2023-2024,CISSS des Îles,6,9,8.0
2023-2024,CISSS des Îles,7,3,1.0
2023-2024,CISSS des Îles,7,9,1.0
2023-2024,CISSS des Îles,8,1,1.0
2023-2024,CISSS des Îles,8,2,3.0
2023-2024,CISSS des Îles,8,3,5.0
2023-2024,CISSS des Îles,8,4,1.0
2023-2024,CISSS des Îles,8,5,1.0
2023-2024,CISSS des Îles,8,9,11.0
2023-2024,CISSS des Îles,9,1,1.0
2023-2024,CISSS des Îles,9,2,3.0
2023-2024,CISSS des Îles,9,3,6.0
2023-2024,CISSS des Îles,9,4,1.0
2023-2024,CISSS des Îles,9,5,1.0
2023-2024,CISSS des Îles,9,9,12.0
2023-2024,CISSS du Bas-St-Laurent,1,1,48.0
2023-2024,CISSS du Bas-St-Laurent,1,2,12.0
2023-2024,CISSS du Bas-St-Laurent,1,3,5.0
2023-2024,CISSS du Bas-St-Laurent,1,4,1.0
2023-2024,CISSS du Bas-St-Laurent,1,5,5.0
2023-2024,CISSS du Bas-St-Laurent,1,6,2.0
2023-2024,CISSS du Bas-St-Laurent,1,7,1.0
2023-2024,CISSS du Bas-St-Laurent,1,9,74.0
2023-2024,CISSS du Bas-St-Laurent,2,1,38.0
2023-2024,CISSS du Bas-St-Laurent,2,2,62.0
2023-2024,CISSS du Bas-St-Laurent,2,3,69.0
2023-2024,CISSS du Bas-St-Laurent,2,4,1.0
2023-2024,CISSS du Bas-St-Laurent,2,9,170.0
2023-2024,CISSS du Bas-St-Laurent,3,1,86.0
2023-2024,CISSS du Bas-St-Laurent,3,2,74.0
2023-2024,CISSS du Bas-St-Laurent,3,3,74.0
2023-2024,CISSS du Bas-St-Laurent,3,4,2.0
2023-2024,CISSS du Bas-St-Laurent,3,5,5.0
2023-2024,CISSS du Bas-St-Laurent,3,6,2.0
2023-2024,CISSS du Bas-St-Laurent,3,7,1.0
2023-2024,CISSS du Bas-St-Laurent,3,9,244.0
2023-2024,CISSS du Bas-St-Laurent,4,1,42.0
2023-2024,CISSS du Bas-St-Laurent,4,2,14.0
2023-2024,CISSS du Bas-St-Laurent,4,3,4.0
2023-2024,CISSS du Bas-St-Laurent,4,4,5.0
2023-2024,CISSS du Bas-St-Laurent,4,5,7.0
2023-2024,CISSS du Bas-St-Laurent,4,6,10.0
2023-2024,CISSS du Bas-St-Laurent,4,8,1.0
2023-2024,CISSS du Bas-St-Laurent,4,9,83.0
2023-2024,CISSS du Bas-St-Laurent,5,1,31.0
2023-2024,CISSS du Bas-St-Laurent,5,2,52.0
2023-2024,CISSS du Bas-St-Laurent,5,3,59.0
2023-2024,CISSS du Bas-St-Laurent,5,4,6.0
2023-2024,CISSS du Bas-St-Laurent,5,5,10.0
2023-2024,CISSS du Bas-St-Laurent,5,6,1.0
2023-2024,CISSS du Bas-St-Laurent,5,9,159.0
2023-2024,CISSS du Bas-St-Laurent,6,1,73.0
2023-2024,CISSS du Bas-St-Laurent,6,2,66.0
2023-2024,CISSS du Bas-St-Laurent,6,3,63.0
2023-2024,CISSS du Bas-St-Laurent,6,4,11.0
2023-2024,CISSS du Bas-St-Laurent,6,5,17.0
2023-2024,CISSS du Bas-St-Laurent,6,6,11.0
2023-2024,CISSS du Bas-St-Laurent,6,8,1.0
2023-2024,CISSS du Bas-St-Laurent,6,9,242.0
2023-2024,CISSS du Bas-St-Laurent,7,1,7.0
2023-2024,CISSS du Bas-St-Laurent,7,2,25.0
2023-2024,CISSS du Bas-St-Laurent,7,3,6.0
2023-2024,CISSS du Bas-St-Laurent,7,4,3.0
2023-2024,CISSS du Bas-St-Laurent,7,5,10.0
2023-2024,CISSS du Bas-St-Laurent,7,6,18.0
2023-2024,CISSS du Bas-St-Laurent,7,7,7.0
2023-2024,CISSS du Bas-St-Laurent,7,8,10.0
2023-2024,CISSS du Bas-St-Laurent,7,9,86.0
2023-2024,CISSS du Bas-St-Laurent,8,1,1.0
2023-2024,CISSS du Bas-St-Laurent,8,2,21.0
2023-2024,CISSS du Bas-St-Laurent,8,3,30.0
2023-2024,CISSS du Bas-St-Laurent,8,4,14.0
2023-2024,CISSS du Bas-St-Laurent,8,5,11.0
2023-2024,CISSS du Bas-St-Laurent,8,6,1.0
2023-2024,CISSS du Bas-St-Laurent,8,7,1.0
2023-2024,CISSS du Bas-St-Laurent,8,9,79.0
2023-2024,CISSS du Bas-St-Laurent,9,1,8.0
2023-2024,CISSS du Bas-St-Laurent,9,2,46.0
2023-2024,CISSS du Bas-St-Laurent,9,3,36.0
2023-2024,CISSS du Bas-St-Laurent,9,4,17.0
2023-2024,CISSS du Bas-St-Laurent,9,5,21.0
2023-2024,CISSS du Bas-St-Laurent,9,6,19.0
2023-2024,CISSS du Bas-St-Laurent,9,7,8.0
2023-2024,CISSS du Bas-St-Laurent,9,8,10.0
2023-2024,CISSS du Bas-St-Laurent,9,9,165.0
2023-2024,CIUSSS de l'Estrie - CHUS,1,1,4.0
2023-2024,CIUSSS de l'Estrie - CHUS,1,2,10.0
2023-2024,CIUSSS de l'Estrie - CHUS,1,3,24.0
2023-2024,CIUSSS de l'Estrie - CHUS,1,4,17.0
2023-2024,CIUSSS de l'Estrie - CHUS,1,5,43.0
2023-2024,CIUSSS de l'Estrie - CHUS,1,6,18.0
2023-2024,CIUSSS de l'Estrie - CHUS,1,7,5.0
2023-2024,CIUSSS de l'Estrie - CHUS,1,8,1.0
2023-2024,CIUSSS de l'Estrie - CHUS,1,9,122.0
2023-2024,CIUSSS de l'Estrie - CHUS,2,1,171.0
2023-2024,CIUSSS de l'Estrie - CHUS,2,2,204.0
2023-2024,CIUSSS de l'Estrie - CHUS,2,3,103.0
2023-2024,CIUSSS de l'Estrie - CHUS,2,4,16.0
2023-2024,CIUSSS de l'Estrie - CHUS,2,5,27.0
2023-2024,CIUSSS de l'Estrie - CHUS,2,6,2.0
2023-2024,CIUSSS de l'Estrie - CHUS,2,7,1.0
2023-2024,CIUSSS de l'Estrie - CHUS,2,9,524.0
2023-2024,CIUSSS de l'Estrie - CHUS,3,1,175.0
2023-2024,CIUSSS de l'Estrie - CHUS,3,2,214.0
2023-2024,CIUSSS de l'Estrie - CHUS,3,3,127.0
2023-2024,CIUSSS de l'Estrie - CHUS,3,4,33.0
2023-2024,CIUSSS de l'Estrie - CHUS,3,5,70.0
2023-2024,CIUSSS de l'Estrie - CHUS,3,6,20.0
2023-2024,CIUSSS de l'Estrie - CHUS,3,7,6.0
2023-2024,CIUSSS de l'Estrie - CHUS,3,8,1.0
2023-2024,CIUSSS de l'Estrie - CHUS,3,9,646.0
2023-2024,CIUSSS de l'Estrie - CHUS,4,1,13.0
2023-2024,CIUSSS de l'Estrie - CHUS,4,2,21.0
2023-2024,CIUSSS de l'Estrie - CHUS,4,3,16.0
2023-2024,CIUSSS de l'Estrie - CHUS,4,4,16.0
2023-2024,CIUSSS de l'Estrie - CHUS,4,5,58.0
2023-2024,CIUSSS de l'Estrie - CHUS,4,6,29.0
2023-2024,CIUSSS de l'Estrie - CHUS,4,7,3.0
2023-2024,CIUSSS de l'Estrie - CHUS,4,8,1.0
2023-2024,CIUSSS de l'Estrie - CHUS,4,9,157.0
2023-2024,CIUSSS de l'Estrie - CHUS,5,1,221.0
2023-2024,CIUSSS de l'Estrie - CHUS,5,2,329.0
2023-2024,CIUSSS de l'Estrie - CHUS,5,3,171.0
2023-2024,CIUSSS de l'Estrie - CHUS,5,4,25.0
2023-2024,CIUSSS de l'Estrie - CHUS,5,5,33.0
2023-2024,CIUSSS de l'Estrie - CHUS,5,6,4.0
2023-2024,CIUSSS de l'Estrie - CHUS,5,9,783.0
2023-2024,CIUSSS de l'Estrie - CHUS,6,1,234.0
2023-2024,CIUSSS de l'Estrie - CHUS,6,2,350.0
2023-2024,CIUSSS de l'Estrie - CHUS,6,3,187.0
2023-2024,CIUSSS de l'Estrie - CHUS,6,4,41.0
2023-2024,CIUSSS de l'Estrie - CHUS,6,5,91.0
2023-2024,CIUSSS de l'Estrie - CHUS,6,6,33.0
2023-2024,CIUSSS de l'Estrie - CHUS,6,7,3.0
2023-2024,CIUSSS de l'Estrie - CHUS,6,8,1.0
2023-2024,CIUSSS de l'Estrie - CHUS,6,9,940.0
2023-2024,CIUSSS de l'Estrie - CHUS,7,2,16.0
2023-2024,CIUSSS de l'Estrie - CHUS,7,3,23.0
2023-2024,CIUSSS de l'Estrie - CHUS,7,4,19.0
2023-2024,CIUSSS de l'Estrie - CHUS,7,5,59.0
2023-2024,CIUSSS de l'Estrie - CHUS,7,6,40.0
2023-2024,CIUSSS de l'Estrie - CHUS,7,7,16.0
2023-2024,CIUSSS de l'Estrie - CHUS,7,8,4.0
2023-2024,CIUSSS de l'Estrie - CHUS,7,9,177.0
2023-2024,CIUSSS de l'Estrie - CHUS,8,1,36.0
2023-2024,CIUSSS de l'Estrie - CHUS,8,2,182.0
2023-2024,CIUSSS de l'Estrie - CHUS,8,3,91.0
2023-2024,CIUSSS de l'Estrie - CHUS,8,4,23.0
2023-2024,CIUSSS de l'Estrie - CHUS,8,5,25.0
2023-2024,CIUSSS de l'Estrie - CHUS,8,6,4.0
2023-2024,CIUSSS de l'Estrie - CHUS,8,7,1.0
2023-2024,CIUSSS de l'Estrie - CHUS,8,9,362.0
2023-2024,CIUSSS de l'Estrie - CHUS,9,1,36.0
2023-2024,CIUSSS de l'Estrie - CHUS,9,2,198.0
2023-2024,CIUSSS de l'Estrie - CHUS,9,3,114.0
2023-2024,CIUSSS de l'Estrie - CHUS,9,4,42.0
2023-2024,CIUSSS de l'Estrie - CHUS,9,5,84.0
2023-2024,CIUSSS de l'Estrie - CHUS,9,6,44.0
2023-2024,CIUSSS de l'Estrie - CHUS,9,7,17.0
2023-2024,CIUSSS de l'Estrie - CHUS,9,8,4.0
2023-2024,CIUSSS de l'Estrie - CHUS,9,9,539.0
2023-2024,CIUSSS de l'Ouest-de-l'Île-de-Montréal,1,1,12.0
2023-2024,CIUSSS de l'Ouest-de-l'Île-de-Montréal,1,2,7.0
2023-2024,CIUSSS de l'Ouest-de-l'Île-de-Montréal,1,3,21.0
2023-2024,CIUSSS de l'Ouest-de-l'Île-de-Montréal,1,4,13.0
2023-2024,CIUSSS de l'Ouest-de-l'Île-de-Montréal,1,5,22.0
2023-2024,CIUSSS de l'Ouest-de-l'Île-de-Montréal,1,6,6.0
2023-2024,CIUSSS de l'Ouest-de-l'Île-de-Montréal,1,9,81.0
2023-2024,CIUSSS de l'Ouest-de-l'Île-de-Montréal,2,1,89.0
2023-2024,CIUSSS de l'Ouest-de-l'Île-de-Montréal,2,2,101.0
2023-2024,CIUSSS de l'Ouest-de-l'Île-de-Montréal,2,3,45.0
2023-2024,CIUSSS de l'Ouest-de-l'Île-de-Montréal,2,4,23.0
2023-2024,CIUSSS de l'Ouest-de-l'Île-de-Montréal,2,5,18.0
2023-2024,CIUSSS de l'Ouest-de-l'Île-de-Montréal,2,6,2.0
2023-2024,CIUSSS de l'Ouest-de-l'Île-de-Montréal,2,7,1.0
2023-2024,CIUSSS de l'Ouest-de-l'Île-de-Montréal,2,9,279.0
2023-2024,CIUSSS de l'Ouest-de-l'Île-de-Montréal,3,1,101.0
2023-2024,CIUSSS de l'Ouest-de-l'Île-de-Montréal,3,2,108.0
2023-2024,CIUSSS de l'Ouest-de-l'Île-de-Montréal,3,3,66.0
2023-2024,CIUSSS de l'Ouest-de-l'Île-de-Montréal,3,4,36.0
2023-2024,CIUSSS de l'Ouest-de-l'Île-de-Montréal,3,5,40.0
2023-2024,CIUSSS de l'Ouest-de-l'Île-de-Montréal,3,6,8.0
2023-2024,CIUSSS de l'Ouest-de-l'Île-de-Montréal,3,7,1.0
2023-2024,CIUSSS de l'Ouest-de-l'Île-de-Montréal,3,9,360.0
2023-2024,CIUSSS de l'Ouest-de-l'Île-de-Montréal,4,1,13.0
2023-2024,CIUSSS de l'Ouest-de-l'Île-de-Montréal,4,2,16.0
2023-2024,CIUSSS de l'Ouest-de-l'Île-de-Montréal,4,3,20.0
2023-2024,CIUSSS de l'Ouest-de-l'Île-de-Montréal,4,4,13.0
2023-2024,CIUSSS de l'Ouest-de-l'Île-de-Montréal,4,5,15.0
2023-2024,CIUSSS de l'Ouest-de-l'Île-de-Montréal,4,6,6.0
2023-2024,CIUSSS de l'Ouest-de-l'Île-de-Montréal,4,7,1.0
2023-2024,CIUSSS de l'Ouest-de-l'Île-de-Montréal,4,9,84.0
2023-2024,CIUSSS de l'Ouest-de-l'Île-de-Montréal,5,1,63.0
2023-2024,CIUSSS de l'Ouest-de-l'Île-de-Montréal,5,2,113.0
2023-2024,CIUSSS de l'Ouest-de-l'Île-de-Montréal,5,3,52.0
2023-2024,CIUSSS de l'Ouest-de-l'Île-de-Montréal,5,4,31.0
2023-2024,CIUSSS de l'Ouest-de-l'Île-de-Montréal,5,5,18.0
2023-2024,CIUSSS de l'Ouest-de-l'Île-de-Montréal,5,6,2.0
2023-2024,CIUSSS de l'Ouest-de-l'Île-de-Montréal,5,7,1.0
2023-2024,CIUSSS de l'Ouest-de-l'Île-de-Montréal,5,9,280.0
2023-2024,CIUSSS de l'Ouest-de-l'Île-de-Montréal,6,1,76.0
2023-2024,CIUSSS de l'Ouest-de-l'Île-de-Montréal,6,2,129.0
2023-2024,CIUSSS de l'Ouest-de-l'Île-de-Montréal,6,3,72.0
2023-2024,CIUSSS de l'Ouest-de-l'Île-de-Montréal,6,4,44.0
2023-2024,CIUSSS de l'Ouest-de-l'Île-de-Montréal,6,5,33.0
2023-2024,CIUSSS de l'Ouest-de-l'Île-de-Montréal,6,6,8.0
2023-2024,CIUSSS de l'Ouest-de-l'Île-de-Montréal,6,7,2.0
2023-2024,CIUSSS de l'Ouest-de-l'Île-de-Montréal,6,9,364.0
2023-2024,CIUSSS de l'Ouest-de-l'Île-de-Montréal,7,1,11.0
2023-2024,CIUSSS de l'Ouest-de-l'Île-de-Montréal,7,2,16.0
2023-2024,CIUSSS de l'Ouest-de-l'Île-de-Montréal,7,3,23.0
2023-2024,CIUSSS de l'Ouest-de-l'Île-de-Montréal,7,4,15.0
2023-2024,CIUSSS de l'Ouest-de-l'Île-de-Montréal,7,5,56.0
2023-2024,CIUSSS de l'Ouest-de-l'Île-de-Montréal,7,6,23.0
2023-2024,CIUSSS de l'Ouest-de-l'Île-de-Montréal,7,7,7.0
2023-2024,CIUSSS de l'Ouest-de-l'Île-de-Montréal,7,8,5.0
2023-2024,CIUSSS de l'Ouest-de-l'Île-de-Montréal,7,9,156.0
2023-2024,CIUSSS de l'Ouest-de-l'Île-de-Montréal,8,1,24.0
2023-2024,CIUSSS de l'Ouest-de-l'Île-de-Montréal,8,2,153.0
2023-2024,CIUSSS de l'Ouest-de-l'Île-de-Montréal,8,3,94.0
2023-2024,CIUSSS de l'Ouest-de-l'Île-de-Montréal,8,4,51.0
2023-2024,CIUSSS de l'Ouest-de-l'Île-de-Montréal,8,5,48.0
2023-2024,CIUSSS de l'Ouest-de-l'Île-de-Montréal,8,6,7.0
2023-2024,CIUSSS de l'Ouest-de-l'Île-de-Montréal,8,7,2.0
2023-2024,CIUSSS de l'Ouest-de-l'Île-de-Montréal,8,9,379.0
2023-2024,CIUSSS de l'Ouest-de-l'Île-de-Montréal,9,1,35.0
2023-2024,CIUSSS de l'Ouest-de-l'Île-de-Montréal,9,2,169.0
2023-2024,CIUSSS de l'Ouest-de-l'Île-de-Montréal,9,3,117.0
2023-2024,CIUSSS de l'Ouest-de-l'Île-de-Montréal,9,4,66.0
2023-2024,CIUSSS de l'Ouest-de-l'Île-de-Montréal,9,5,104.0
2023-2024,CIUSSS de l'Ouest-de-l'Île-de-Montréal,9,6,30.0
2023-2024,CIUSSS de l'Ouest-de-l'Île-de-Montréal,9,7,9.0
2023-2024,CIUSSS de l'Ouest-de-l'Île-de-Montréal,9,8,5.0
2023-2024,CIUSSS de l'Ouest-de-l'Île-de-Montréal,9,9,535.0
2023-2024,CIUSSS de la Capitale-Nationale,1,3,8.0
2023-2024,CIUSSS de la Capitale-Nationale,1,4,16.0
2023-2024,CIUSSS de la Capitale-Nationale,1,5,44.0
2023-2024,CIUSSS de la Capitale-Nationale,1,6,37.0
2023-2024,CIUSSS de la Capitale-Nationale,1,7,2.0
2023-2024,CIUSSS de la Capitale-Nationale,1,8,3.0
2023-2024,CIUSSS de la Capitale-Nationale,1,9,110.0
2023-2024,CIUSSS de la Capitale-Nationale,2,1,528.0
2023-2024,CIUSSS de la Capitale-Nationale,2,2,142.0
2023-2024,CIUSSS de la Capitale-Nationale,2,3,8.0
2023-2024,CIUSSS de la Capitale-Nationale,2,4,12.0
2023-2024,CIUSSS de la Capitale-Nationale,2,5,17.0
2023-2024,CIUSSS de la Capitale-Nationale,2,6,7.0
2023-2024,CIUSSS de la Capitale-Nationale,2,7,1.0
2023-2024,CIUSSS de la Capitale-Nationale,2,8,1.0
2023-2024,CIUSSS de la Capitale-Nationale,2,9,716.0
2023-2024,CIUSSS de la Capitale-Nationale,3,1,528.0
2023-2024,CIUSSS de la Capitale-Nationale,3,2,142.0
2023-2024,CIUSSS de la Capitale-Nationale,3,3,16.0
2023-2024,CIUSSS de la Capitale-Nationale,3,4,28.0
2023-2024,CIUSSS de la Capitale-Nationale,3,5,61.0
2023-2024,CIUSSS de la Capitale-Nationale,3,6,44.0
2023-2024,CIUSSS de la Capitale-Nationale,3,7,3.0
2023-2024,CIUSSS de la Capitale-Nationale,3,8,4.0
2023-2024,CIUSSS de la Capitale-Nationale,3,9,826.0
2023-2024,CIUSSS de la Capitale-Nationale,4,3,8.0
2023-2024,CIUSSS de la Capitale-Nationale,4,4,12.0
2023-2024,CIUSSS de la Capitale-Nationale,4,5,19.0
2023-2024,CIUSSS de la Capitale-Nationale,4,6,19.0
2023-2024,CIUSSS de la Capitale-Nationale,4,7,11.0
2023-2024,CIUSSS de la Capitale-Nationale,4,8,7.0
2023-2024,CIUSSS de la Capitale-Nationale,4,9,76.0
2023-2024,CIUSSS de la Capitale-Nationale,5,1,516.0
2023-2024,CIUSSS de la Capitale-Nationale,5,2,124.0
2023-2024,CIUSSS de la Capitale-Nationale,5,3,7.0
2023-2024,CIUSSS de la Capitale-Nationale,5,4,6.0
2023-2024,CIUSSS de la Capitale-Nationale,5,5,5.0
2023-2024,CIUSSS de la Capitale-Nationale,5,6,2.0
2023-2024,CIUSSS de la Capitale-Nationale,5,7,1.0
2023-2024,CIUSSS de la Capitale-Nationale,5,8,1.0
2023-2024,CIUSSS de la Capitale-Nationale,5,9,662.0
2023-2024,CIUSSS de la Capitale-Nationale,6,1,516.0
2023-2024,CIUSSS de la Capitale-Nationale,6,2,124.0
2023-2024,CIUSSS de la Capitale-Nationale,6,3,15.0
2023-2024,CIUSSS de la Capitale-Nationale,6,4,18.0
2023-2024,CIUSSS de la Capitale-Nationale,6,5,24.0
2023-2024,CIUSSS de la Capitale-Nationale,6,6,21.0
2023-2024,CIUSSS de la Capitale-Nationale,6,7,12.0
2023-2024,CIUSSS de la Capitale-Nationale,6,8,8.0
2023-2024,CIUSSS de la Capitale-Nationale,6,9,738.0
2023-2024,CIUSSS de la Capitale-Nationale,7,3,8.0
2023-2024,CIUSSS de la Capitale-Nationale,7,4,6.0
2023-2024,CIUSSS de la Capitale-Nationale,7,5,16.0
2023-2024,CIUSSS de la Capitale-Nationale,7,6,16.0
2023-2024,CIUSSS de la Capitale-Nationale,7,7,19.0
2023-2024,CIUSSS de la Capitale-Nationale,7,8,18.0
2023-2024,CIUSSS de la Capitale-Nationale,7,9,83.0
2023-2024,CIUSSS de la Capitale-Nationale,8,1,134.0
2023-2024,CIUSSS de la Capitale-Nationale,8,2,163.0
2023-2024,CIUSSS de la Capitale-Nationale,8,3,60.0
2023-2024,CIUSSS de la Capitale-Nationale,8,4,37.0
2023-2024,CIUSSS de la Capitale-Nationale,8,5,5.0
2023-2024,CIUSSS de la Capitale-Nationale,8,9,399.0
2023-2024,CIUSSS de la Capitale-Nationale,9,1,134.0
2023-2024,CIUSSS de la Capitale-Nationale,9,2,163.0
2023-2024,CIUSSS de la Capitale-Nationale,9,3,68.0
2023-2024,CIUSSS de la Capitale-Nationale,9,4,43.0
2023-2024,CIUSSS de la Capitale-Nationale,9,5,21.0
2023-2024,CIUSSS de la Capitale-Nationale,9,6,16.0
2023-2024,CIUSSS de la Capitale-Nationale,9,7,19.0
2023-2024,CIUSSS de la Capitale-Nationale,9,8,18.0
2023-2024,CIUSSS de la Capitale-Nationale,9,9,482.0
2023-2024,CIUSSS de la Mauricie-et-du-Centre-du-Québec,1,1,34.0
2023-2024,CIUSSS de la Mauricie-et-du-Centre-du-Québec,1,2,38.0
2023-2024,CIUSSS de la Mauricie-et-du-Centre-du-Québec,1,3,49.0
2023-2024,CIUSSS de la Mauricie-et-du-Centre-du-Québec,1,4,34.0
2023-2024,CIUSSS de la Mauricie-et-du-Centre-du-Québec,1,5,74.0
2023-2024,CIUSSS de la Mauricie-et-du-Centre-du-Québec,1,6,79.0
2023-2024,CIUSSS de la Mauricie-et-du-Centre-du-Québec,1,7,37.0
2023-2024,CIUSSS de la Mauricie-et-du-Centre-du-Québec,1,8,14.0
2023-2024,CIUSSS de la Mauricie-et-du-Centre-du-Québec,1,9,359.0
2023-2024,CIUSSS de la Mauricie-et-du-Centre-du-Québec,2,1,113.0
2023-2024,CIUSSS de la Mauricie-et-du-Centre-du-Québec,2,2,277.0
2023-2024,CIUSSS de la Mauricie-et-du-Centre-du-Québec,2,3,218.0
2023-2024,CIUSSS de la Mauricie-et-du-Centre-du-Québec,2,4,56.0
2023-2024,CIUSSS de la Mauricie-et-du-Centre-du-Québec,2,5,80.0
2023-2024,CIUSSS de la Mauricie-et-du-Centre-du-Québec,2,6,18.0
2023-2024,CIUSSS de la Mauricie-et-du-Centre-du-Québec,2,8,1.0
2023-2024,CIUSSS de la Mauricie-et-du-Centre-du-Québec,2,9,763.0
2023-2024,CIUSSS de la Mauricie-et-du-Centre-du-Québec,3,1,147.0
2023-2024,CIUSSS de la Mauricie-et-du-Centre-du-Québec,3,2,315.0
2023-2024,CIUSSS de la Mauricie-et-du-Centre-du-Québec,3,3,267.0
2023-2024,CIUSSS de la Mauricie-et-du-Centre-du-Québec,3,4,90.0
2023-2024,CIUSSS de la Mauricie-et-du-Centre-du-Québec,3,5,154.0
2023-2024,CIUSSS de la Mauricie-et-du-Centre-du-Québec,3,6,97.0
2023-2024,CIUSSS de la Mauricie-et-du-Centre-du-Québec,3,7,37.0
2023-2024,CIUSSS de la Mauricie-et-du-Centre-du-Québec,3,8,15.0
2023-2024,CIUSSS de la Mauricie-et-du-Centre-du-Québec,3,9,1122.0
2023-2024,CIUSSS de la Mauricie-et-du-Centre-du-Québec,4,1,31.0
2023-2024,CIUSSS de la Mauricie-et-du-Centre-du-Québec,4,2,27.0
2023-2024,CIUSSS de la Mauricie-et-du-Centre-du-Québec,4,3,31.0
2023-2024,CIUSSS de la Mauricie-et-du-Centre-du-Québec,4,4,37.0
2023-2024,CIUSSS de la Mauricie-et-du-Centre-du-Québec,4,5,77.0
2023-2024,CIUSSS de la Mauricie-et-du-Centre-du-Québec,4,6,66.0
2023-2024,CIUSSS de la Mauricie-et-du-Centre-du-Québec,4,7,29.0
2023-2024,CIUSSS de la Mauricie-et-du-Centre-du-Québec,4,8,10.0
2023-2024,CIUSSS de la Mauricie-et-du-Centre-du-Québec,4,9,308.0
2023-2024,CIUSSS de la Mauricie-et-du-Centre-du-Québec,5,1,116.0
2023-2024,CIUSSS de la Mauricie-et-du-Centre-du-Québec,5,2,229.0
2023-2024,CIUSSS de la Mauricie-et-du-Centre-du-Québec,5,3,179.0
2023-2024,CIUSSS de la Mauricie-et-du-Centre-du-Québec,5,4,63.0
2023-2024,CIUSSS de la Mauricie-et-du-Centre-du-Québec,5,5,73.0
2023-2024,CIUSSS de la Mauricie-et-du-Centre-du-Québec,5,6,18.0
2023-2024,CIUSSS de la Mauricie-et-du-Centre-du-Québec,5,7,1.0
2023-2024,CIUSSS de la Mauricie-et-du-Centre-du-Québec,5,9,679.0
2023-2024,CIUSSS de la Mauricie-et-du-Centre-du-Québec,6,1,147.0
2023-2024,CIUSSS de la Mauricie-et-du-Centre-du-Québec,6,2,256.0
2023-2024,CIUSSS de la Mauricie-et-du-Centre-du-Québec,6,3,210.0
2023-2024,CIUSSS de la Mauricie-et-du-Centre-du-Québec,6,4,100.0
2023-2024,CIUSSS de la Mauricie-et-du-Centre-du-Québec,6,5,150.0
2023-2024,CIUSSS de la Mauricie-et-du-Centre-du-Québec,6,6,84.0
2023-2024,CIUSSS de la Mauricie-et-du-Centre-du-Québec,6,7,30.0
2023-2024,CIUSSS de la Mauricie-et-du-Centre-du-Québec,6,8,10.0
2023-2024,CIUSSS de la Mauricie-et-du-Centre-du-Québec,6,9,987.0
2023-2024,CIUSSS de la Mauricie-et-du-Centre-du-Québec,7,1,6.0
2023-2024,CIUSSS de la Mauricie-et-du-Centre-du-Québec,7,2,30.0
2023-2024,CIUSSS de la Mauricie-et-du-Centre-du-Québec,7,3,35.0
2023-2024,CIUSSS de la Mauricie-et-du-Centre-du-Québec,7,4,24.0
2023-2024,CIUSSS de la Mauricie-et-du-Centre-du-Québec,7,5,104.0
2023-2024,CIUSSS de la Mauricie-et-du-Centre-du-Québec,7,6,107.0
2023-2024,CIUSSS de la Mauricie-et-du-Centre-du-Québec,7,7,26.0
2023-2024,CIUSSS de la Mauricie-et-du-Centre-du-Québec,7,8,15.0
2023-2024,CIUSSS de la Mauricie-et-du-Centre-du-Québec,7,9,347.0
2023-2024,CIUSSS de la Mauricie-et-du-Centre-du-Québec,8,1,4.0
2023-2024,CIUSSS de la Mauricie-et-du-Centre-du-Québec,8,2,167.0
2023-2024,CIUSSS de la Mauricie-et-du-Centre-du-Québec,8,3,181.0
2023-2024,CIUSSS de la Mauricie-et-du-Centre-du-Québec,8,4,65.0
2023-2024,CIUSSS de la Mauricie-et-du-Centre-du-Québec,8,5,82.0
2023-2024,CIUSSS de la Mauricie-et-du-Centre-du-Québec,8,6,14.0
2023-2024,CIUSSS de la Mauricie-et-du-Centre-du-Québec,8,7,1.0
2023-2024,CIUSSS de la Mauricie-et-du-Centre-du-Québec,8,9,514.0
2023-2024,CIUSSS de la Mauricie-et-du-Centre-du-Québec,9,1,10.0
2023-2024,CIUSSS de la Mauricie-et-du-Centre-du-Québec,9,2,197.0
2023-2024,CIUSSS de la Mauricie-et-du-Centre-du-Québec,9,3,216.0
2023-2024,CIUSSS de la Mauricie-et-du-Centre-du-Québec,9,4,89.0
2023-2024,CIUSSS de la Mauricie-et-du-Centre-du-Québec,9,5,186.0
2023-2024,CIUSSS de la Mauricie-et-du-Centre-du-Québec,9,6,121.0
2023-2024,CIUSSS de la Mauricie-et-du-Centre-du-Québec,9,7,27.0
2023-2024,CIUSSS de la Mauricie-et-du-Centre-du-Québec,9,8,15.0
2023-2024,CIUSSS de la Mauricie-et-du-Centre-du-Québec,9,9,861.0
2023-2024,CIUSSS du Centre-Ouest-de-l'Île-de-Montréal,1,2,10.0
2023-2024,CIUSSS du Centre-Ouest-de-l'Île-de-Montréal,1,3,14.0
2023-2024,CIUSSS du Centre-Ouest-de-l'Île-de-Montréal,1,4,20.0
2023-2024,CIUSSS du Centre-Ouest-de-l'Île-de-Montréal,1,5,17.0
2023-2024,CIUSSS du Centre-Ouest-de-l'Île-de-Montréal,1,6,11.0
2023-2024,CIUSSS du Centre-Ouest-de-l'Île-de-Montréal,1,7,1.0
2023-2024,CIUSSS du Centre-Ouest-de-l'Île-de-Montréal,1,9,73.0
2023-2024,CIUSSS du Centre-Ouest-de-l'Île-de-Montréal,2,1,195.0
2023-2024,CIUSSS du Centre-Ouest-de-l'Île-de-Montréal,2,2,158.0
2023-2024,CIUSSS du Centre-Ouest-de-l'Île-de-Montréal,2,3,67.0
2023-2024,CIUSSS du Centre-Ouest-de-l'Île-de-Montréal,2,4,29.0
2023-2024,CIUSSS du Centre-Ouest-de-l'Île-de-Montréal,2,5,38.0
2023-2024,CIUSSS du Centre-Ouest-de-l'Île-de-Montréal,2,6,15.0
2023-2024,CIUSSS du Centre-Ouest-de-l'Île-de-Montréal,2,7,1.0
2023-2024,CIUSSS du Centre-Ouest-de-l'Île-de-Montréal,2,9,503.0
2023-2024,CIUSSS du Centre-Ouest-de-l'Île-de-Montréal,3,1,195.0
2023-2024,CIUSSS du Centre-Ouest-de-l'Île-de-Montréal,3,2,168.0
2023-2024,CIUSSS du Centre-Ouest-de-l'Île-de-Montréal,3,3,81.0
2023-2024,CIUSSS du Centre-Ouest-de-l'Île-de-Montréal,3,4,49.0
2023-2024,CIUSSS du Centre-Ouest-de-l'Île-de-Montréal,3,5,55.0
2023-2024,CIUSSS du Centre-Ouest-de-l'Île-de-Montréal,3,6,26.0
2023-2024,CIUSSS du Centre-Ouest-de-l'Île-de-Montréal,3,7,2.0
2023-2024,CIUSSS du Centre-Ouest-de-l'Île-de-Montréal,3,9,576.0
2023-2024,CIUSSS du Centre-Ouest-de-l'Île-de-Montréal,4,1,1.0
2023-2024,CIUSSS du Centre-Ouest-de-l'Île-de-Montréal,4,2,6.0
2023-2024,CIUSSS du Centre-Ouest-de-l'Île-de-Montréal,4,3,7.0
2023-2024,CIUSSS du Centre-Ouest-de-l'Île-de-Montréal,4,4,6.0
2023-2024,CIUSSS du Centre-Ouest-de-l'Île-de-Montréal,4,5,8.0
2023-2024,CIUSSS du Centre-Ouest-de-l'Île-de-Montréal,4,6,3.0
2023-2024,CIUSSS du Centre-Ouest-de-l'Île-de-Montréal,4,9,31.0
2023-2024,CIUSSS du Centre-Ouest-de-l'Île-de-Montréal,5,1,132.0
2023-2024,CIUSSS du Centre-Ouest-de-l'Île-de-Montréal,5,2,58.0
2023-2024,CIUSSS du Centre-Ouest-de-l'Île-de-Montréal,5,3,43.0
2023-2024,CIUSSS du Centre-Ouest-de-l'Île-de-Montréal,5,4,19.0
2023-2024,CIUSSS du Centre-Ouest-de-l'Île-de-Montréal,5,5,19.0
2023-2024,CIUSSS du Centre-Ouest-de-l'Île-de-Montréal,5,6,4.0
2023-2024,CIUSSS du Centre-Ouest-de-l'Île-de-Montréal,5,7,1.0
2023-2024,CIUSSS du Centre-Ouest-de-l'Île-de-Montréal,5,9,276.0
2023-2024,CIUSSS du Centre-Ouest-de-l'Île-de-Montréal,6,1,133.0
2023-2024,CIUSSS du Centre-Ouest-de-l'Île-de-Montréal,6,2,64.0
2023-2024,CIUSSS du Centre-Ouest-de-l'Île-de-Montréal,6,3,50.0
2023-2024,CIUSSS du Centre-Ouest-de-l'Île-de-Montréal,6,4,25.0
2023-2024,CIUSSS du Centre-Ouest-de-l'Île-de-Montréal,6,5,27.0
2023-2024,CIUSSS du Centre-Ouest-de-l'Île-de-Montréal,6,6,7.0
2023-2024,CIUSSS du Centre-Ouest-de-l'Île-de-Montréal,6,7,1.0
2023-2024,CIUSSS du Centre-Ouest-de-l'Île-de-Montréal,6,9,307.0
2023-2024,CIUSSS du Centre-Ouest-de-l'Île-de-Montréal,7,2,8.0
2023-2024,CIUSSS du Centre-Ouest-de-l'Île-de-Montréal,7,3,8.0
2023-2024,CIUSSS du Centre-Ouest-de-l'Île-de-Montréal,7,4,11.0
2023-2024,CIUSSS du Centre-Ouest-de-l'Île-de-Montréal,7,5,18.0
2023-2024,CIUSSS du Centre-Ouest-de-l'Île-de-Montréal,7,6,9.0
2023-2024,CIUSSS du Centre-Ouest-de-l'Île-de-Montréal,7,7,6.0
2023-2024,CIUSSS du Centre-Ouest-de-l'Île-de-Montréal,7,8,1.0
2023-2024,CIUSSS du Centre-Ouest-de-l'Île-de-Montréal,7,9,61.0
2023-2024,CIUSSS du Centre-Ouest-de-l'Île-de-Montréal,8,1,52.0
2023-2024,CIUSSS du Centre-Ouest-de-l'Île-de-Montréal,8,2,164.0
2023-2024,CIUSSS du Centre-Ouest-de-l'Île-de-Montréal,8,3,75.0
2023-2024,CIUSSS du Centre-Ouest-de-l'Île-de-Montréal,8,4,13.0
2023-2024,CIUSSS du Centre-Ouest-de-l'Île-de-Montréal,8,5,20.0
2023-2024,CIUSSS du Centre-Ouest-de-l'Île-de-Montréal,8,6,7.0
2023-2024,CIUSSS du Centre-Ouest-de-l'Île-de-Montréal,8,7,1.0
2023-2024,CIUSSS du Centre-Ouest-de-l'Île-de-Montréal,8,9,332.0
2023-2024,CIUSSS du Centre-Ouest-de-l'Île-de-Montréal,9,1,52.0
2023-2024,CIUSSS du Centre-Ouest-de-l'Île-de-Montréal,9,2,172.0
2023-2024,CIUSSS du Centre-Ouest-de-l'Île-de-Montréal,9,3,83.0
2023-2024,CIUSSS du Centre-Ouest-de-l'Île-de-Montréal,9,4,24.0
2023-2024,CIUSSS du Centre-Ouest-de-l'Île-de-Montréal,9,5,38.0
2023-2024,CIUSSS du Centre-Ouest-de-l'Île-de-Montréal,9,6,16.0
2023-2024,CIUSSS du Centre-Ouest-de-l'Île-de-Montréal,9,7,7.0
2023-2024,CIUSSS du Centre-Ouest-de-l'Île-de-Montréal,9,8,1.0
2023-2024,CIUSSS du Centre-Ouest-de-l'Île-de-Montréal,9,9,393.0
2023-2024,CIUSSS du Centre-Sud-de-l'Île-de-Montréal,1,1,79.0
2023-2024,CIUSSS du Centre-Sud-de-l'Île-de-Montréal,1,2,54.0
2023-2024,CIUSSS du Centre-Sud-de-l'Île-de-Montréal,1,3,35.0
2023-2024,CIUSSS du Centre-Sud-de-l'Île-de-Montréal,1,4,45.0
2023-2024,CIUSSS du Centre-Sud-de-l'Île-de-Montréal,1,5,99.0
2023-2024,CIUSSS du Centre-Sud-de-l'Île-de-Montréal,1,6,38.0
2023-2024,CIUSSS du Centre-Sud-de-l'Île-de-Montréal,1,7,6.0
2023-2024,CIUSSS du Centre-Sud-de-l'Île-de-Montréal,1,8,1.0
2023-2024,CIUSSS du Centre-Sud-de-l'Île-de-Montréal,1,9,357.0
2023-2024,CIUSSS du Centre-Sud-de-l'Île-de-Montréal,2,1,524.0
2023-2024,CIUSSS du Centre-Sud-de-l'Île-de-Montréal,2,2,338.0
2023-2024,CIUSSS du Centre-Sud-de-l'Île-de-Montréal,2,3,108.0
2023-2024,CIUSSS du Centre-Sud-de-l'Île-de-Montréal,2,4,50.0
2023-2024,CIUSSS du Centre-Sud-de-l'Île-de-Montréal,2,5,46.0
2023-2024,CIUSSS du Centre-Sud-de-l'Île-de-Montréal,2,6,8.0
2023-2024,CIUSSS du Centre-Sud-de-l'Île-de-Montréal,2,9,1074.0
2023-2024,CIUSSS du Centre-Sud-de-l'Île-de-Montréal,3,1,603.0
2023-2024,CIUSSS du Centre-Sud-de-l'Île-de-Montréal,3,2,392.0
2023-2024,CIUSSS du Centre-Sud-de-l'Île-de-Montréal,3,3,143.0
2023-2024,CIUSSS du Centre-Sud-de-l'Île-de-Montréal,3,4,95.0
2023-2024,CIUSSS du Centre-Sud-de-l'Île-de-Montréal,3,5,145.0
2023-2024,CIUSSS du Centre-Sud-de-l'Île-de-Montréal,3,6,46.0
2023-2024,CIUSSS du Centre-Sud-de-l'Île-de-Montréal,3,7,6.0
2023-2024,CIUSSS du Centre-Sud-de-l'Île-de-Montréal,3,8,1.0
2023-2024,CIUSSS du Centre-Sud-de-l'Île-de-Montréal,3,9,1431.0
2023-2024,CIUSSS du Centre-Sud-de-l'Île-de-Montréal,4,1,83.0
2023-2024,CIUSSS du Centre-Sud-de-l'Île-de-Montréal,4,2,43.0
2023-2024,CIUSSS du Centre-Sud-de-l'Île-de-Montréal,4,3,17.0
2023-2024,CIUSSS du Centre-Sud-de-l'Île-de-Montréal,4,4,6.0
2023-2024,CIUSSS du Centre-Sud-de-l'Île-de-Montréal,4,5,41.0
2023-2024,CIUSSS du Centre-Sud-de-l'Île-de-Montréal,4,6,19.0
2023-2024,CIUSSS du Centre-Sud-de-l'Île-de-Montréal,4,7,2.0
2023-2024,CIUSSS du Centre-Sud-de-l'Île-de-Montréal,4,9,211.0
2023-2024,CIUSSS du Centre-Sud-de-l'Île-de-Montréal,5,1,404.0
2023-2024,CIUSSS du Centre-Sud-de-l'Île-de-Montréal,5,2,329.0
2023-2024,CIUSSS du Centre-Sud-de-l'Île-de-Montréal,5,3,101.0
2023-2024,CIUSSS du Centre-Sud-de-l'Île-de-Montréal,5,4,29.0
2023-2024,CIUSSS du Centre-Sud-de-l'Île-de-Montréal,5,5,36.0
2023-2024,CIUSSS du Centre-Sud-de-l'Île-de-Montréal,5,6,3.0
2023-2024,CIUSSS du Centre-Sud-de-l'Île-de-Montréal,5,9,902.0
2023-2024,CIUSSS du Centre-Sud-de-l'Île-de-Montréal,6,1,487.0
2023-2024,CIUSSS du Centre-Sud-de-l'Île-de-Montréal,6,2,372.0
2023-2024,CIUSSS du Centre-Sud-de-l'Île-de-Montréal,6,3,118.0
2023-2024,CIUSSS du Centre-Sud-de-l'Île-de-Montréal,6,4,35.0
2023-2024,CIUSSS du Centre-Sud-de-l'Île-de-Montréal,6,5,77.0
2023-2024,CIUSSS du Centre-Sud-de-l'Île-de-Montréal,6,6,22.0
2023-2024,CIUSSS du Centre-Sud-de-l'Île-de-Montréal,6,7,2.0
2023-2024,CIUSSS du Centre-Sud-de-l'Île-de-Montréal,6,9,1113.0
2023-2024,CIUSSS du Centre-Sud-de-l'Île-de-Montréal,7,1,45.0
2023-2024,CIUSSS du Centre-Sud-de-l'Île-de-Montréal,7,2,99.0
2023-2024,CIUSSS du Centre-Sud-de-l'Île-de-Montréal,7,3,41.0
2023-2024,CIUSSS du Centre-Sud-de-l'Île-de-Montréal,7,4,37.0
2023-2024,CIUSSS du Centre-Sud-de-l'Île-de-Montréal,7,5,127.0
2023-2024,CIUSSS du Centre-Sud-de-l'Île-de-Montréal,7,6,82.0
2023-2024,CIUSSS du Centre-Sud-de-l'Île-de-Montréal,7,7,35.0
2023-2024,CIUSSS du Centre-Sud-de-l'Île-de-Montréal,7,8,16.0
2023-2024,CIUSSS du Centre-Sud-de-l'Île-de-Montréal,7,9,482.0
2023-2024,CIUSSS du Centre-Sud-de-l'Île-de-Montréal,8,1,102.0
2023-2024,CIUSSS du Centre-Sud-de-l'Île-de-Montréal,8,2,448.0
2023-2024,CIUSSS du Centre-Sud-de-l'Île-de-Montréal,8,3,145.0
2023-2024,CIUSSS du Centre-Sud-de-l'Île-de-Montréal,8,4,47.0
2023-2024,CIUSSS du Centre-Sud-de-l'Île-de-Montréal,8,5,92.0
2023-2024,CIUSSS du Centre-Sud-de-l'Île-de-Montréal,8,6,9.0
2023-2024,CIUSSS du Centre-Sud-de-l'Île-de-Montréal,8,7,8.0
2023-2024,CIUSSS du Centre-Sud-de-l'Île-de-Montréal,8,8,2.0
2023-2024,CIUSSS du Centre-Sud-de-l'Île-de-Montréal,8,9,853.0
2023-2024,CIUSSS du Centre-Sud-de-l'Île-de-Montréal,9,1,147.0
2023-2024,CIUSSS du Centre-Sud-de-l'Île-de-Montréal,9,2,547.0
2023-2024,CIUSSS du Centre-Sud-de-l'Île-de-Montréal,9,3,186.0
2023-2024,CIUSSS du Centre-Sud-de-l'Île-de-Montréal,9,4,84.0
2023-2024,CIUSSS du Centre-Sud-de-l'Île-de-Montréal,9,5,219.0
2023-2024,CIUSSS du Centre-Sud-de-l'Île-de-Montréal,9,6,91.0
2023-2024,CIUSSS du Centre-Sud-de-l'Île-de-Montréal,9,7,43.0
2023-2024,CIUSSS du Centre-Sud-de-l'Île-de-Montréal,9,8,18.0
2023-2024,CIUSSS du Centre-Sud-de-l'Île-de-Montréal,9,9,1335.0
2023-2024,CIUSSS du SaguenayLac-St-Jean,1,1,13.0
2023-2024,CIUSSS du SaguenayLac-St-Jean,1,2,15.0
2023-2024,CIUSSS du SaguenayLac-St-Jean,1,3,29.0
2023-2024,CIUSSS du SaguenayLac-St-Jean,1,4,57.0
2023-2024,CIUSSS du SaguenayLac-St-Jean,1,5,203.0
2023-2024,CIUSSS du SaguenayLac-St-Jean,1,6,220.0
2023-2024,CIUSSS du SaguenayLac-St-Jean,1,7,91.0
2023-2024,CIUSSS du SaguenayLac-St-Jean,1,8,19.0
2023-2024,CIUSSS du SaguenayLac-St-Jean,1,9,647.0
2023-2024,CIUSSS du SaguenayLac-St-Jean,2,1,36.0
2023-2024,CIUSSS du SaguenayLac-St-Jean,2,2,78.0
2023-2024,CIUSSS du SaguenayLac-St-Jean,2,3,44.0
2023-2024,CIUSSS du SaguenayLac-St-Jean,2,4,49.0
2023-2024,CIUSSS du SaguenayLac-St-Jean,2,5,97.0
2023-2024,CIUSSS du SaguenayLac-St-Jean,2,6,9.0
2023-2024,CIUSSS du SaguenayLac-St-Jean,2,7,2.0
2023-2024,CIUSSS du SaguenayLac-St-Jean,2,9,315.0
2023-2024,CIUSSS du SaguenayLac-St-Jean,3,1,49.0
2023-2024,CIUSSS du SaguenayLac-St-Jean,3,2,93.0
2023-2024,CIUSSS du SaguenayLac-St-Jean,3,3,73.0
2023-2024,CIUSSS du SaguenayLac-St-Jean,3,4,106.0
2023-2024,CIUSSS du SaguenayLac-St-Jean,3,5,300.0
2023-2024,CIUSSS du SaguenayLac-St-Jean,3,6,229.0
2023-2024,CIUSSS du SaguenayLac-St-Jean,3,7,93.0
2023-2024,CIUSSS du SaguenayLac-St-Jean,3,8,19.0
2023-2024,CIUSSS du SaguenayLac-St-Jean,3,9,962.0
2023-2024,CIUSSS du SaguenayLac-St-Jean,4,1,15.0
2023-2024,CIUSSS du SaguenayLac-St-Jean,4,2,10.0
2023-2024,CIUSSS du SaguenayLac-St-Jean,4,3,16.0
2023-2024,CIUSSS du SaguenayLac-St-Jean,4,4,14.0
2023-2024,CIUSSS du SaguenayLac-St-Jean,4,5,34.0
2023-2024,CIUSSS du SaguenayLac-St-Jean,4,6,16.0
2023-2024,CIUSSS du SaguenayLac-St-Jean,4,7,3.0
2023-2024,CIUSSS du SaguenayLac-St-Jean,4,9,108.0
2023-2024,CIUSSS du SaguenayLac-St-Jean,5,1,38.0
2023-2024,CIUSSS du SaguenayLac-St-Jean,5,2,64.0
2023-2024,CIUSSS du SaguenayLac-St-Jean,5,3,31.0
2023-2024,CIUSSS du SaguenayLac-St-Jean,5,4,17.0
2023-2024,CIUSSS du SaguenayLac-St-Jean,5,5,8.0
2023-2024,CIUSSS du SaguenayLac-St-Jean,5,9,158.0
2023-2024,CIUSSS du SaguenayLac-St-Jean,6,1,53.0
2023-2024,CIUSSS du SaguenayLac-St-Jean,6,2,74.0
2023-2024,CIUSSS du SaguenayLac-St-Jean,6,3,47.0
2023-2024,CIUSSS du SaguenayLac-St-Jean,6,4,31.0
2023-2024,CIUSSS du SaguenayLac-St-Jean,6,5,42.0
2023-2024,CIUSSS du SaguenayLac-St-Jean,6,6,16.0
2023-2024,CIUSSS du SaguenayLac-St-Jean,6,7,3.0
2023-2024,CIUSSS du SaguenayLac-St-Jean,6,9,266.0
2023-2024,CIUSSS du SaguenayLac-St-Jean,7,1,8.0
2023-2024,CIUSSS du SaguenayLac-St-Jean,7,2,23.0
2023-2024,CIUSSS du SaguenayLac-St-Jean,7,3,18.0
2023-2024,CIUSSS du SaguenayLac-St-Jean,7,4,13.0
2023-2024,CIUSSS du SaguenayLac-St-Jean,7,5,39.0
2023-2024,CIUSSS du SaguenayLac-St-Jean,7,6,32.0
2023-2024,CIUSSS du SaguenayLac-St-Jean,7,7,9.0
2023-2024,CIUSSS du SaguenayLac-St-Jean,7,8,6.0
2023-2024,CIUSSS du SaguenayLac-St-Jean,7,9,148.0
2023-2024,CIUSSS du SaguenayLac-St-Jean,8,1,8.0
2023-2024,CIUSSS du SaguenayLac-St-Jean,8,2,50.0
2023-2024,CIUSSS du SaguenayLac-St-Jean,8,3,30.0
2023-2024,CIUSSS du SaguenayLac-St-Jean,8,4,12.0
2023-2024,CIUSSS du SaguenayLac-St-Jean,8,5,15.0
2023-2024,CIUSSS du SaguenayLac-St-Jean,8,9,115.0
2023-2024,CIUSSS du SaguenayLac-St-Jean,9,1,16.0
2023-2024,CIUSSS du SaguenayLac-St-Jean,9,2,73.0
2023-2024,CIUSSS du SaguenayLac-St-Jean,9,3,48.0
2023-2024,CIUSSS du SaguenayLac-St-Jean,9,4,25.0
2023-2024,CIUSSS du SaguenayLac-St-Jean,9,5,54.0
2023-2024,CIUSSS du SaguenayLac-St-Jean,9,6,32.0
2023-2024,CIUSSS du SaguenayLac-St-Jean,9,7,9.0
2023-2024,CIUSSS du SaguenayLac-St-Jean,9,8,6.0
2023-2024,CIUSSS du SaguenayLac-St-Jean,9,9,263.0
2024-2025,CISSS de Chaudière-Appalaches,1,1,12.0
2024-2025,CISSS de Chaudière-Appalaches,1,2,22.0
2024-2025,CISSS de Chaudière-Appalaches,1,3,34.0
2024-2025,CISSS de Chaudière-Appalaches,1,4,3.0
2024-2025,CISSS de Chaudière-Appalaches,1,5,25.0
2024-2025,CISSS de Chaudière-Appalaches,1,6,20.0
2024-2025,CISSS de Chaudière-Appalaches,1,7,4.0
2024-2025,CISSS de Chaudière-Appalaches,1,9,120.0
2024-2025,CISSS de Chaudière-Appalaches,2,1,19.0
2024-2025,CISSS de Chaudière-Appalaches,2,2,108.0
2024-2025,CISSS de Chaudière-Appalaches,2,3,72.0
2024-2025,CISSS de Chaudière-Appalaches,2,4,12.0
2024-2025,CISSS de Chaudière-Appalaches,2,5,15.0
2024-2025,CISSS de Chaudière-Appalaches,2,6,7.0
2024-2025,CISSS de Chaudière-Appalaches,2,7,1.0
2024-2025,CISSS de Chaudière-Appalaches,2,9,234.0
2024-2025,CISSS de Chaudière-Appalaches,3,1,31.0
2024-2025,CISSS de Chaudière-Appalaches,3,2,130.0
2024-2025,CISSS de Chaudière-Appalaches,3,3,106.0
2024-2025,CISSS de Chaudière-Appalaches,3,4,15.0
2024-2025,CISSS de Chaudière-Appalaches,3,5,40.0
2024-2025,CISSS de Chaudière-Appalaches,3,6,27.0
2024-2025,CISSS de Chaudière-Appalaches,3,7,5.0
2024-2025,CISSS de Chaudière-Appalaches,3,9,354.0
2024-2025,CISSS de Chaudière-Appalaches,4,1,18.0
2024-2025,CISSS de Chaudière-Appalaches,4,2,26.0
2024-2025,CISSS de Chaudière-Appalaches,4,3,36.0
2024-2025,CISSS de Chaudière-Appalaches,4,4,5.0
2024-2025,CISSS de Chaudière-Appalaches,4,5,21.0
2024-2025,CISSS de Chaudière-Appalaches,4,6,21.0
2024-2025,CISSS de Chaudière-Appalaches,4,7,2.0
2024-2025,CISSS de Chaudière-Appalaches,4,9,129.0
2024-2025,CISSS de Chaudière-Appalaches,5,1,32.0
2024-2025,CISSS de Chaudière-Appalaches,5,2,128.0
2024-2025,CISSS de Chaudière-Appalaches,5,3,91.0
2024-2025,CISSS de Chaudière-Appalaches,5,4,12.0
2024-2025,CISSS de Chaudière-Appalaches,5,5,17.0
2024-2025,CISSS de Chaudière-Appalaches,5,6,7.0
2024-2025,CISSS de Chaudière-Appalaches,5,7,1.0
2024-2025,CISSS de Chaudière-Appalaches,5,9,288.0
2024-2025,CISSS de Chaudière-Appalaches,6,1,50.0
2024-2025,CISSS de Chaudière-Appalaches,6,2,154.0
2024-2025,CISSS de Chaudière-Appalaches,6,3,127.0
2024-2025,CISSS de Chaudière-Appalaches,6,4,17.0
2024-2025,CISSS de Chaudière-Appalaches,6,5,38.0
2024-2025,CISSS de Chaudière-Appalaches,6,6,28.0
2024-2025,CISSS de Chaudière-Appalaches,6,7,3.0
2024-2025,CISSS de Chaudière-Appalaches,6,9,417.0
2024-2025,CISSS de Chaudière-Appalaches,7,1,4.0
2024-2025,CISSS de Chaudière-Appalaches,7,2,33.0
2024-2025,CISSS de Chaudière-Appalaches,7,3,39.0
2024-2025,CISSS de Chaudière-Appalaches,7,4,23.0
2024-2025,CISSS de Chaudière-Appalaches,7,5,107.0
2024-2025,CISSS de Chaudière-Appalaches,7,6,47.0
2024-2025,CISSS de Chaudière-Appalaches,7,7,13.0
2024-2025,CISSS de Chaudière-Appalaches,7,8,6.0
2024-2025,CISSS de Chaudière-Appalaches,7,9,272.0
2024-2025,CISSS de Chaudière-Appalaches,8,1,13.0
2024-2025,CISSS de Chaudière-Appalaches,8,2,111.0
2024-2025,CISSS de Chaudière-Appalaches,8,3,121.0
2024-2025,CISSS de Chaudière-Appalaches,8,4,45.0
2024-2025,CISSS de Chaudière-Appalaches,8,5,59.0
2024-2025,CISSS de Chaudière-Appalaches,8,6,9.0
2024-2025,CISSS de Chaudière-Appalaches,8,9,358.0
2024-2025,CISSS de Chaudière-Appalaches,9,1,17.0
2024-2025,CISSS de Chaudière-Appalaches,9,2,144.0
2024-2025,CISSS de Chaudière-Appalaches,9,3,160.0
2024-2025,CISSS de Chaudière-Appalaches,9,4,68.0
2024-2025,CISSS de Chaudière-Appalaches,9,5,166.0
2024-2025,CISSS de Chaudière-Appalaches,9,6,56.0
2024-2025,CISSS de Chaudière-Appalaches,9,7,13.0
2024-2025,CISSS de Chaudière-Appalaches,9,8,6.0
2024-2025,CISSS de Chaudière-Appalaches,9,9,630.0
2024-2025,CISSS de Lanaudière,1,1,17.0
2024-2025,CISSS de Lanaudière,1,2,23.0
2024-2025,CISSS de Lanaudière,1,3,25.0
2024-2025,CISSS de Lanaudière,1,4,10.0
2024-2025,CISSS de Lanaudière,1,5,118.0
2024-2025,CISSS de Lanaudière,1,6,44.0
2024-2025,CISSS de Lanaudière,1,7,15.0
2024-2025,CISSS de Lanaudière,1,8,3.0
2024-2025,CISSS de Lanaudière,1,9,255.0
2024-2025,CISSS de Lanaudière,2,1,185.0
2024-2025,CISSS de Lanaudière,2,2,438.0
2024-2025,CISSS de Lanaudière,2,3,151.0
2024-2025,CISSS de Lanaudière,2,4,39.0
2024-2025,CISSS de Lanaudière,2,5,83.0
2024-2025,CISSS de Lanaudière,2,6,9.0
2024-2025,CISSS de Lanaudière,2,7,2.0
2024-2025,CISSS de Lanaudière,2,8,1.0
2024-2025,CISSS de Lanaudière,2,9,908.0
2024-2025,CISSS de Lanaudière,3,1,202.0
2024-2025,CISSS de Lanaudière,3,2,461.0
2024-2025,CISSS de Lanaudière,3,3,176.0
2024-2025,CISSS de Lanaudière,3,4,49.0
2024-2025,CISSS de Lanaudière,3,5,201.0
2024-2025,CISSS de Lanaudière,3,6,53.0
2024-2025,CISSS de Lanaudière,3,7,17.0
2024-2025,CISSS de Lanaudière,3,8,4.0
2024-2025,CISSS de Lanaudière,3,9,1163.0
2024-2025,CISSS de Lanaudière,4,1,19.0
2024-2025,CISSS de Lanaudière,4,2,16.0
2024-2025,CISSS de Lanaudière,4,3,10.0
2024-2025,CISSS de Lanaudière,4,4,10.0
2024-2025,CISSS de Lanaudière,4,5,95.0
2024-2025,CISSS de Lanaudière,4,6,36.0
2024-2025,CISSS de Lanaudière,4,7,15.0
2024-2025,CISSS de Lanaudière,4,8,4.0
2024-2025,CISSS de Lanaudière,4,9,205.0
2024-2025,CISSS de Lanaudière,5,1,187.0
2024-2025,CISSS de Lanaudière,5,2,324.0
2024-2025,CISSS de Lanaudière,5,3,67.0
2024-2025,CISSS de Lanaudière,5,4,22.0
2024-2025,CISSS de Lanaudière,5,5,40.0
2024-2025,CISSS de Lanaudière,5,6,5.0
2024-2025,CISSS de Lanaudière,5,8,1.0
2024-2025,CISSS de Lanaudière,5,9,646.0
2024-2025,CISSS de Lanaudière,6,1,206.0
2024-2025,CISSS de Lanaudière,6,2,340.0
2024-2025,CISSS de Lanaudière,6,3,77.0
2024-2025,CISSS de Lanaudière,6,4,32.0
2024-2025,CISSS de Lanaudière,6,5,135.0
2024-2025,CISSS de Lanaudière,6,6,41.0
2024-2025,CISSS de Lanaudière,6,7,15.0
2024-2025,CISSS de Lanaudière,6,8,5.0
2024-2025,CISSS de Lanaudière,6,9,851.0
2024-2025,CISSS de Lanaudière,7,1,35.0
2024-2025,CISSS de Lanaudière,7,2,104.0
2024-2025,CISSS de Lanaudière,7,3,110.0
2024-2025,CISSS de Lanaudière,7,4,55.0
2024-2025,CISSS de Lanaudière,7,5,208.0
2024-2025,CISSS de Lanaudière,7,6,70.0
2024-2025,CISSS de Lanaudière,7,7,37.0
2024-2025,CISSS de Lanaudière,7,8,11.0
2024-2025,CISSS de Lanaudière,7,9,630.0
2024-2025,CISSS de Lanaudière,8,1,237.0
2024-2025,CISSS de Lanaudière,8,2,1473.0
2024-2025,CISSS de Lanaudière,8,3,775.0
2024-2025,CISSS de Lanaudière,8,4,179.0
2024-2025,CISSS de Lanaudière,8,5,140.0
2024-2025,CISSS de Lanaudière,8,6,21.0
2024-2025,CISSS de Lanaudière,8,7,1.0
2024-2025,CISSS de Lanaudière,8,8,2.0
2024-2025,CISSS de Lanaudière,8,9,2828.0
2024-2025,CISSS de Lanaudière,9,1,272.0
2024-2025,CISSS de Lanaudière,9,2,1577.0
2024-2025,CISSS de Lanaudière,9,3,885.0
2024-2025,CISSS de Lanaudière,9,4,234.0
2024-2025,CISSS de Lanaudière,9,5,348.0
2024-2025,CISSS de Lanaudière,9,6,91.0
2024-2025,CISSS de Lanaudière,9,7,38.0
2024-2025,CISSS de Lanaudière,9,8,13.0
2024-2025,CISSS de Lanaudière,9,9,3458.0
2024-2025,CISSS de Laval,1,2,12.0
2024-2025,CISSS de Laval,1,3,40.0
2024-2025,CISSS de Laval,1,4,21.0
2024-2025,CISSS de Laval,1,5,19.0
2024-2025,CISSS de Laval,1,6,10.0
2024-2025,CISSS de Laval,1,7,2.0
2024-2025,CISSS de Laval,1,9,104.0
2024-2025,CISSS de Laval,2,1,338.0
2024-2025,CISSS de Laval,2,2,219.0
2024-2025,CISSS de Laval,2,3,116.0
2024-2025,CISSS de Laval,2,4,52.0
2024-2025,CISSS de Laval,2,5,28.0
2024-2025,CISSS de Laval,2,6,9.0
2024-2025,CISSS de Laval,2,7,2.0
2024-2025,CISSS de Laval,2,9,764.0
2024-2025,CISSS de Laval,3,1,338.0
2024-2025,CISSS de Laval,3,2,231.0
2024-2025,CISSS de Laval,3,3,156.0
2024-2025,CISSS de Laval,3,4,73.0
2024-2025,CISSS de Laval,3,5,47.0
2024-2025,CISSS de Laval,3,6,19.0
2024-2025,CISSS de Laval,3,7,4.0
2024-2025,CISSS de Laval,3,9,868.0
2024-2025,CISSS de Laval,4,2,14.0
2024-2025,CISSS de Laval,4,3,25.0
2024-2025,CISSS de Laval,4,4,10.0
2024-2025,CISSS de Laval,4,5,15.0
2024-2025,CISSS de Laval,4,6,7.0
2024-2025,CISSS de Laval,4,7,1.0
2024-2025,CISSS de Laval,4,9,72.0
2024-2025,CISSS de Laval,5,1,346.0
2024-2025,CISSS de Laval,5,2,220.0
2024-2025,CISSS de Laval,5,3,78.0
2024-2025,CISSS de Laval,5,4,26.0
2024-2025,CISSS de Laval,5,5,23.0
2024-2025,CISSS de Laval,5,6,4.0
2024-2025,CISSS de Laval,5,7,3.0
2024-2025,CISSS de Laval,5,9,700.0
2024-2025,CISSS de Laval,6,1,346.0
2024-2025,CISSS de Laval,6,2,234.0
2024-2025,CISSS de Laval,6,3,103.0
2024-2025,CISSS de Laval,6,4,36.0
2024-2025,CISSS de Laval,6,5,38.0
2024-2025,CISSS de Laval,6,6,11.0
2024-2025,CISSS de Laval,6,7,4.0
2024-2025,CISSS de Laval,6,9,772.0
2024-2025,CISSS de Laval,7,1,2.0
2024-2025,CISSS de Laval,7,2,20.0
2024-2025,CISSS de Laval,7,3,25.0
2024-2025,CISSS de Laval,7,4,24.0
2024-2025,CISSS de Laval,7,5,23.0
2024-2025,CISSS de Laval,7,6,7.0
2024-2025,CISSS de Laval,7,7,3.0
2024-2025,CISSS de Laval,7,8,1.0
2024-2025,CISSS de Laval,7,9,105.0
2024-2025,CISSS de Laval,8,1,116.0
2024-2025,CISSS de Laval,8,2,375.0
2024-2025,CISSS de Laval,8,3,128.0
2024-2025,CISSS de Laval,8,4,50.0
2024-2025,CISSS de Laval,8,5,17.0
2024-2025,CISSS de Laval,8,6,3.0
2024-2025,CISSS de Laval,8,9,689.0
2024-2025,CISSS de Laval,9,1,118.0
2024-2025,CISSS de Laval,9,2,395.0
2024-2025,CISSS de Laval,9,3,153.0
2024-2025,CISSS de Laval,9,4,74.0
2024-2025,CISSS de Laval,9,5,40.0
2024-2025,CISSS de Laval,9,6,10.0
2024-2025,CISSS de Laval,9,7,3.0
2024-2025,CISSS de Laval,9,8,1.0
2024-2025,CISSS de Laval,9,9,794.0
2024-2025,CISSS de l'Abitibi-Témiscamingue,1,1,9.0
2024-2025,CISSS de l'Abitibi-Témiscamingue,1,2,8.0
2024-2025,CISSS de l'Abitibi-Témiscamingue,1,3,15.0
2024-2025,CISSS de l'Abitibi-Témiscamingue,1,4,3.0
2024-2025,CISSS de l'Abitibi-Témiscamingue,1,5,14.0
2024-2025,CISSS de l'Abitibi-Témiscamingue,1,6,8.0
2024-2025,CISSS de l'Abitibi-Témiscamingue,1,7,5.0
2024-2025,CISSS de l'Abitibi-Témiscamingue,1,9,62.0
2024-2025,CISSS de l'Abitibi-Témiscamingue,2,1,76.0
2024-2025,CISSS de l'Abitibi-Témiscamingue,2,2,47.0
2024-2025,CISSS de l'Abitibi-Témiscamingue,2,3,32.0
2024-2025,CISSS de l'Abitibi-Témiscamingue,2,4,17.0
2024-2025,CISSS de l'Abitibi-Témiscamingue,2,5,36.0
2024-2025,CISSS de l'Abitibi-Témiscamingue,2,6,2.0
2024-2025,CISSS de l'Abitibi-Témiscamingue,2,9,210.0
2024-2025,CISSS de l'Abitibi-Témiscamingue,3,1,85.0
2024-2025,CISSS de l'Abitibi-Témiscamingue,3,2,55.0
2024-2025,CISSS de l'Abitibi-Témiscamingue,3,3,47.0
2024-2025,CISSS de l'Abitibi-Témiscamingue,3,4,20.0
2024-2025,CISSS de l'Abitibi-Témiscamingue,3,5,50.0
2024-2025,CISSS de l'Abitibi-Témiscamingue,3,6,10.0
2024-2025,CISSS de l'Abitibi-Témiscamingue,3,7,5.0
2024-2025,CISSS de l'Abitibi-Témiscamingue,3,9,272.0
2024-2025,CISSS de l'Abitibi-Témiscamingue,4,1,16.0
2024-2025,CISSS de l'Abitibi-Témiscamingue,4,2,8.0
2024-2025,CISSS de l'Abitibi-Témiscamingue,4,3,17.0
2024-2025,CISSS de l'Abitibi-Témiscamingue,4,4,2.0
2024-2025,CISSS de l'Abitibi-Témiscamingue,4,5,12.0
2024-2025,CISSS de l'Abitibi-Témiscamingue,4,6,15.0
2024-2025,CISSS de l'Abitibi-Témiscamingue,4,7,8.0
2024-2025,CISSS de l'Abitibi-Témiscamingue,4,9,78.0
2024-2025,CISSS de l'Abitibi-Témiscamingue,5,1,75.0
2024-2025,CISSS de l'Abitibi-Témiscamingue,5,2,56.0
2024-2025,CISSS de l'Abitibi-Témiscamingue,5,3,47.0
2024-2025,CISSS de l'Abitibi-Témiscamingue,5,4,11.0
2024-2025,CISSS de l'Abitibi-Témiscamingue,5,5,14.0
2024-2025,CISSS de l'Abitibi-Témiscamingue,5,6,3.0
2024-2025,CISSS de l'Abitibi-Témiscamingue,5,9,206.0
2024-2025,CISSS de l'Abitibi-Témiscamingue,6,1,91.0
2024-2025,CISSS de l'Abitibi-Témiscamingue,6,2,64.0
2024-2025,CISSS de l'Abitibi-Témiscamingue,6,3,64.0
2024-2025,CISSS de l'Abitibi-Témiscamingue,6,4,13.0
2024-2025,CISSS de l'Abitibi-Témiscamingue,6,5,26.0
2024-2025,CISSS de l'Abitibi-Témiscamingue,6,6,18.0
2024-2025,CISSS de l'Abitibi-Témiscamingue,6,7,8.0
2024-2025,CISSS de l'Abitibi-Témiscamingue,6,9,284.0
2024-2025,CISSS de l'Abitibi-Témiscamingue,7,1,2.0
2024-2025,CISSS de l'Abitibi-Témiscamingue,7,2,15.0
2024-2025,CISSS de l'Abitibi-Témiscamingue,7,3,5.0
2024-2025,CISSS de l'Abitibi-Témiscamingue,7,4,8.0
2024-2025,CISSS de l'Abitibi-Témiscamingue,7,5,43.0
2024-2025,CISSS de l'Abitibi-Témiscamingue,7,6,26.0
2024-2025,CISSS de l'Abitibi-Témiscamingue,7,7,13.0
2024-2025,CISSS de l'Abitibi-Témiscamingue,7,8,2.0
2024-2025,CISSS de l'Abitibi-Témiscamingue,7,9,114.0
2024-2025,CISSS de l'Abitibi-Témiscamingue,8,1,13.0
2024-2025,CISSS de l'Abitibi-Témiscamingue,8,2,71.0
2024-2025,CISSS de l'Abitibi-Témiscamingue,8,3,39.0
2024-2025,CISSS de l'Abitibi-Témiscamingue,8,4,7.0
2024-2025,CISSS de l'Abitibi-Témiscamingue,8,5,35.0
2024-2025,CISSS de l'Abitibi-Témiscamingue,8,6,5.0
2024-2025,CISSS de l'Abitibi-Témiscamingue,8,7,1.0
2024-2025,CISSS de l'Abitibi-Témiscamingue,8,9,171.0
2024-2025,CISSS de l'Abitibi-Témiscamingue,9,1,15.0
2024-2025,CISSS de l'Abitibi-Témiscamingue,9,2,86.0
2024-2025,CISSS de l'Abitibi-Témiscamingue,9,3,44.0
2024-2025,CISSS de l'Abitibi-Témiscamingue,9,4,15.0
2024-2025,CISSS de l'Abitibi-Témiscamingue,9,5,78.0
2024-2025,CISSS de l'Abitibi-Témiscamingue,9,6,31.0
2024-2025,CISSS de l'Abitibi-Témiscamingue,9,7,14.0
2024-2025,CISSS de l'Abitibi-Témiscamingue,9,8,2.0
2024-2025,CISSS de l'Abitibi-Témiscamingue,9,9,285.0
2024-2025,CISSS de l'Outaouais,1,1,10.0
2024-2025,CISSS de l'Outaouais,1,2,27.0
2024-2025,CISSS de l'Outaouais,1,3,46.0
2024-2025,CISSS de l'Outaouais,1,4,15.0
2024-2025,CISSS de l'Outaouais,1,5,51.0
2024-2025,CISSS de l'Outaouais,1,6,10.0
2024-2025,CISSS de l'Outaouais,1,7,5.0
2024-2025,CISSS de l'Outaouais,1,9,164.0
2024-2025,CISSS de l'Outaouais,2,1,156.0
2024-2025,CISSS de l'Outaouais,2,2,185.0
2024-2025,CISSS de l'Outaouais,2,3,117.0
2024-2025,CISSS de l'Outaouais,2,4,30.0
2024-2025,CISSS de l'Outaouais,2,5,55.0
2024-2025,CISSS de l'Outaouais,2,6,7.0
2024-2025,CISSS de l'Outaouais,2,9,550.0
2024-2025,CISSS de l'Outaouais,3,1,166.0
2024-2025,CISSS de l'Outaouais,3,2,212.0
2024-2025,CISSS de l'Outaouais,3,3,163.0
2024-2025,CISSS de l'Outaouais,3,4,45.0
2024-2025,CISSS de l'Outaouais,3,5,106.0
2024-2025,CISSS de l'Outaouais,3,6,17.0
2024-2025,CISSS de l'Outaouais,3,7,5.0
2024-2025,CISSS de l'Outaouais,3,9,714.0
2024-2025,CISSS de l'Outaouais,4,1,15.0
2024-2025,CISSS de l'Outaouais,4,2,18.0
2024-2025,CISSS de l'Outaouais,4,3,24.0
2024-2025,CISSS de l'Outaouais,4,4,27.0
2024-2025,CISSS de l'Outaouais,4,5,37.0
2024-2025,CISSS de l'Outaouais,4,6,21.0
2024-2025,CISSS de l'Outaouais,4,7,5.0
2024-2025,CISSS de l'Outaouais,4,8,1.0
2024-2025,CISSS de l'Outaouais,4,9,148.0
2024-2025,CISSS de l'Outaouais,5,1,178.0
2024-2025,CISSS de l'Outaouais,5,2,145.0
2024-2025,CISSS de l'Outaouais,5,3,57.0
2024-2025,CISSS de l'Outaouais,5,4,29.0
2024-2025,CISSS de l'Outaouais,5,5,33.0
2024-2025,CISSS de l'Outaouais,5,6,2.0
2024-2025,CISSS de l'Outaouais,5,7,1.0
2024-2025,CISSS de l'Outaouais,5,9,445.0
2024-2025,CISSS de l'Outaouais,6,1,193.0
2024-2025,CISSS de l'Outaouais,6,2,163.0
2024-2025,CISSS de l'Outaouais,6,3,81.0
2024-2025,CISSS de l'Outaouais,6,4,56.0
2024-2025,CISSS de l'Outaouais,6,5,70.0
2024-2025,CISSS de l'Outaouais,6,6,23.0
2024-2025,CISSS de l'Outaouais,6,7,6.0
2024-2025,CISSS de l'Outaouais,6,8,1.0
2024-2025,CISSS de l'Outaouais,6,9,593.0
2024-2025,CISSS de l'Outaouais,7,1,5.0
2024-2025,CISSS de l'Outaouais,7,2,35.0
2024-2025,CISSS de l'Outaouais,7,3,43.0
2024-2025,CISSS de l'Outaouais,7,4,23.0
2024-2025,CISSS de l'Outaouais,7,5,59.0
2024-2025,CISSS de l'Outaouais,7,6,34.0
2024-2025,CISSS de l'Outaouais,7,7,8.0
2024-2025,CISSS de l'Outaouais,7,8,1.0
2024-2025,CISSS de l'Outaouais,7,9,208.0
2024-2025,CISSS de l'Outaouais,8,1,11.0
2024-2025,CISSS de l'Outaouais,8,2,275.0
2024-2025,CISSS de l'Outaouais,8,3,116.0
2024-2025,CISSS de l'Outaouais,8,4,33.0
2024-2025,CISSS de l'Outaouais,8,5,42.0
2024-2025,CISSS de l'Outaouais,8,6,5.0
2024-2025,CISSS de l'Outaouais,8,7,1.0
2024-2025,CISSS de l'Outaouais,8,9,483.0
2024-2025,CISSS de l'Outaouais,9,1,16.0
2024-2025,CISSS de l'Outaouais,9,2,310.0
2024-2025,CISSS de l'Outaouais,9,3,159.0
2024-2025,CISSS de l'Outaouais,9,4,56.0
2024-2025,CISSS de l'Outaouais,9,5,101.0
2024-2025,CISSS de l'Outaouais,9,6,39.0
2024-2025,CISSS de l'Outaouais,9,7,9.0
2024-2025,CISSS de l'Outaouais,9,8,1.0
2024-2025,CISSS de l'Outaouais,9,9,691.0
2024-2025,CISSS de la Côte-Nord,1,1,2.0
2024-2025,CISSS de la Côte-Nord,1,2,3.0
2024-2025,CISSS de la Côte-Nord,1,3,2.0
2024-2025,CISSS de la Côte-Nord,1,4,2.0
2024-2025,CISSS de la Côte-Nord,1,5,8.0
2024-2025,CISSS de la Côte-Nord,1,6,5.0
2024-2025,CISSS de la Côte-Nord,1,7,2.0
2024-2025,CISSS de la Côte-Nord,1,9,24.0
2024-2025,CISSS de la Côte-Nord,2,1,21.0
2024-2025,CISSS de la Côte-Nord,2,2,52.0
2024-2025,CISSS de la Côte-Nord,2,3,21.0
2024-2025,CISSS de la Côte-Nord,2,4,6.0
2024-2025,CISSS de la Côte-Nord,2,5,10.0
2024-2025,CISSS de la Côte-Nord,2,6,1.0
2024-2025,CISSS de la Côte-Nord,2,7,1.0
2024-2025,CISSS de la Côte-Nord,2,9,112.0
2024-2025,CISSS de la Côte-Nord,3,1,23.0
2024-2025,CISSS de la Côte-Nord,3,2,55.0
2024-2025,CISSS de la Côte-Nord,3,3,23.0
2024-2025,CISSS de la Côte-Nord,3,4,8.0
2024-2025,CISSS de la Côte-Nord,3,5,18.0
2024-2025,CISSS de la Côte-Nord,3,6,6.0
2024-2025,CISSS de la Côte-Nord,3,7,3.0
2024-2025,CISSS de la Côte-Nord,3,9,136.0
2024-2025,CISSS de la Côte-Nord,4,1,9.0
2024-2025,CISSS de la Côte-Nord,4,2,8.0
2024-2025,CISSS de la Côte-Nord,4,3,10.0
2024-2025,CISSS de la Côte-Nord,4,4,1.0
2024-2025,CISSS de la Côte-Nord,4,5,7.0
2024-2025,CISSS de la Côte-Nord,4,6,6.0
2024-2025,CISSS de la Côte-Nord,4,7,3.0
2024-2025,CISSS de la Côte-Nord,4,9,44.0
2024-2025,CISSS de la Côte-Nord,5,1,14.0
2024-2025,CISSS de la Côte-Nord,5,2,36.0
2024-2025,CISSS de la Côte-Nord,5,3,15.0
2024-2025,CISSS de la Côte-Nord,5,4,4.0
2024-2025,CISSS de la Côte-Nord,5,5,7.0
2024-2025,CISSS de la Côte-Nord,5,6,3.0
2024-2025,CISSS de la Côte-Nord,5,9,79.0
2024-2025,CISSS de la Côte-Nord,6,1,23.0
2024-2025,CISSS de la Côte-Nord,6,2,44.0
2024-2025,CISSS de la Côte-Nord,6,3,25.0
2024-2025,CISSS de la Côte-Nord,6,4,5.0
2024-2025,CISSS de la Côte-Nord,6,5,14.0
2024-2025,CISSS de la Côte-Nord,6,6,9.0
2024-2025,CISSS de la Côte-Nord,6,7,3.0
2024-2025,CISSS de la Côte-Nord,6,9,123.0
2024-2025,CISSS de la Côte-Nord,7,1,1.0
2024-2025,CISSS de la Côte-Nord,7,2,7.0
2024-2025,CISSS de la Côte-Nord,7,3,3.0
2024-2025,CISSS de la Côte-Nord,7,4,3.0
2024-2025,CISSS de la Côte-Nord,7,5,8.0
2024-2025,CISSS de la Côte-Nord,7,6,6.0
2024-2025,CISSS de la Côte-Nord,7,7,6.0
2024-2025,CISSS de la Côte-Nord,7,8,2.0
2024-2025,CISSS de la Côte-Nord,7,9,36.0
2024-2025,CISSS de la Côte-Nord,8,1,5.0
2024-2025,CISSS de la Côte-Nord,8,2,26.0
2024-2025,CISSS de la Côte-Nord,8,3,22.0
2024-2025,CISSS de la Côte-Nord,8,4,13.0
2024-2025,CISSS de la Côte-Nord,8,5,14.0
2024-2025,CISSS de la Côte-Nord,8,6,2.0
2024-2025,CISSS de la Côte-Nord,8,7,2.0
2024-2025,CISSS de la Côte-Nord,8,8,1.0
2024-2025,CISSS de la Côte-Nord,8,9,85.0
2024-2025,CISSS de la Côte-Nord,9,1,6.0
2024-2025,CISSS de la Côte-Nord,9,2,33.0
2024-2025,CISSS de la Côte-Nord,9,3,25.0
2024-2025,CISSS de la Côte-Nord,9,4,16.0
2024-2025,CISSS de la Côte-Nord,9,5,22.0
2024-2025,CISSS de la Côte-Nord,9,6,8.0
2024-2025,CISSS de la Côte-Nord,9,7,8.0
2024-2025,CISSS de la Côte-Nord,9,8,3.0
2024-2025,CISSS de la Côte-Nord,9,9,121.0
2024-2025,CISSS de la Gaspésie,1,2,2.0
2024-2025,CISSS de la Gaspésie,1,3,12.0
2024-2025,CISSS de la Gaspésie,1,4,4.0
2024-2025,CISSS de la Gaspésie,1,5,20.0
2024-2025,CISSS de la Gaspésie,1,6,18.0
2024-2025,CISSS de la Gaspésie,1,7,1.0
2024-2025,CISSS de la Gaspésie,1,8,1.0
2024-2025,CISSS de la Gaspésie,1,9,58.0
2024-2025,CISSS de la Gaspésie,2,1,42.0
2024-2025,CISSS de la Gaspésie,2,2,75.0
2024-2025,CISSS de la Gaspésie,2,3,55.0
2024-2025,CISSS de la Gaspésie,2,4,6.0
2024-2025,CISSS de la Gaspésie,2,5,13.0
2024-2025,CISSS de la Gaspésie,2,6,7.0
2024-2025,CISSS de la Gaspésie,2,7,1.0
2024-2025,CISSS de la Gaspésie,2,8,1.0
2024-2025,CISSS de la Gaspésie,2,9,200.0
2024-2025,CISSS de la Gaspésie,3,1,42.0
2024-2025,CISSS de la Gaspésie,3,2,77.0
2024-2025,CISSS de la Gaspésie,3,3,67.0
2024-2025,CISSS de la Gaspésie,3,4,10.0
2024-2025,CISSS de la Gaspésie,3,5,33.0
2024-2025,CISSS de la Gaspésie,3,6,25.0
2024-2025,CISSS de la Gaspésie,3,7,2.0
2024-2025,CISSS de la Gaspésie,3,8,2.0
2024-2025,CISSS de la Gaspésie,3,9,258.0
2024-2025,CISSS de la Gaspésie,4,2,4.0
2024-2025,CISSS de la Gaspésie,4,3,1.0
2024-2025,CISSS de la Gaspésie,4,4,5.0
2024-2025,CISSS de la Gaspésie,4,5,16.0
2024-2025,CISSS de la Gaspésie,4,6,12.0
2024-2025,CISSS de la Gaspésie,4,7,1.0
2024-2025,CISSS de la Gaspésie,4,9,39.0
2024-2025,CISSS de la Gaspésie,5,1,13.0
2024-2025,CISSS de la Gaspésie,5,2,29.0
2024-2025,CISSS de la Gaspésie,5,3,15.0
2024-2025,CISSS de la Gaspésie,5,4,5.0
2024-2025,CISSS de la Gaspésie,5,5,9.0
2024-2025,CISSS de la Gaspésie,5,6,2.0
2024-2025,CISSS de la Gaspésie,5,9,73.0
2024-2025,CISSS de la Gaspésie,6,1,13.0
2024-2025,CISSS de la Gaspésie,6,2,33.0
2024-2025,CISSS de la Gaspésie,6,3,16.0
2024-2025,CISSS de la Gaspésie,6,4,10.0
2024-2025,CISSS de la Gaspésie,6,5,25.0
2024-2025,CISSS de la Gaspésie,6,6,14.0
2024-2025,CISSS de la Gaspésie,6,7,1.0
2024-2025,CISSS de la Gaspésie,6,9,112.0
2024-2025,CISSS de la Gaspésie,7,3,7.0
2024-2025,CISSS de la Gaspésie,7,4,4.0
2024-2025,CISSS de la Gaspésie,7,5,22.0
2024-2025,CISSS de la Gaspésie,7,6,14.0
2024-2025,CISSS de la Gaspésie,7,7,4.0
2024-2025,CISSS de la Gaspésie,7,8,1.0
2024-2025,CISSS de la Gaspésie,7,9,52.0
2024-2025,CISSS de la Gaspésie,8,1,2.0
2024-2025,CISSS de la Gaspésie,8,2,30.0
2024-2025,CISSS de la Gaspésie,8,3,31.0
2024-2025,CISSS de la Gaspésie,8,4,20.0
2024-2025,CISSS de la Gaspésie,8,5,15.0
2024-2025,CISSS de la Gaspésie,8,6,4.0
2024-2025,CISSS de la Gaspésie,8,9,102.0
2024-2025,CISSS de la Gaspésie,9,1,2.0
2024-2025,CISSS de la Gaspésie,9,2,30.0
2024-2025,CISSS de la Gaspésie,9,3,38.0
2024-2025,CISSS de la Gaspésie,9,4,24.0
2024-2025,CISSS de la Gaspésie,9,5,37.0
2024-2025,CISSS de la Gaspésie,9,6,18.0
2024-2025,CISSS de la Gaspésie,9,7,4.0
2024-2025,CISSS de la Gaspésie,9,8,1.0
2024-2025,CISSS de la Gaspésie,9,9,154.0
2024-2025,CISSS de la Montérégie-Ouest,1,1,22.0
2024-2025,CISSS de la Montérégie-Ouest,1,2,74.0
2024-2025,CISSS de la Montérégie-Ouest,1,3,87.0
2024-2025,CISSS de la Montérégie-Ouest,1,4,29.0
2024-2025,CISSS de la Montérégie-Ouest,1,5,173.0
2024-2025,CISSS de la Montérégie-Ouest,1,6,59.0
2024-2025,CISSS de la Montérégie-Ouest,1,7,11.0
2024-2025,CISSS de la Montérégie-Ouest,1,8,1.0
2024-2025,CISSS de la Montérégie-Ouest,1,9,456.0
2024-2025,CISSS de la Montérégie-Ouest,2,1,425.0
2024-2025,CISSS de la Montérégie-Ouest,2,2,621.0
2024-2025,CISSS de la Montérégie-Ouest,2,3,305.0
2024-2025,CISSS de la Montérégie-Ouest,2,4,77.0
2024-2025,CISSS de la Montérégie-Ouest,2,5,109.0
2024-2025,CISSS de la Montérégie-Ouest,2,6,13.0
2024-2025,CISSS de la Montérégie-Ouest,2,7,3.0
2024-2025,CISSS de la Montérégie-Ouest,2,9,1553.0
2024-2025,CISSS de la Montérégie-Ouest,3,1,447.0
2024-2025,CISSS de la Montérégie-Ouest,3,2,695.0
2024-2025,CISSS de la Montérégie-Ouest,3,3,392.0
2024-2025,CISSS de la Montérégie-Ouest,3,4,106.0
2024-2025,CISSS de la Montérégie-Ouest,3,5,282.0
2024-2025,CISSS de la Montérégie-Ouest,3,6,72.0
2024-2025,CISSS de la Montérégie-Ouest,3,7,14.0
2024-2025,CISSS de la Montérégie-Ouest,3,8,1.0
2024-2025,CISSS de la Montérégie-Ouest,3,9,2009.0
2024-2025,CISSS de la Montérégie-Ouest,4,1,19.0
2024-2025,CISSS de la Montérégie-Ouest,4,2,64.0
2024-2025,CISSS de la Montérégie-Ouest,4,3,67.0
2024-2025,CISSS de la Montérégie-Ouest,4,4,22.0
2024-2025,CISSS de la Montérégie-Ouest,4,5,119.0
2024-2025,CISSS de la Montérégie-Ouest,4,6,32.0
2024-2025,CISSS de la Montérégie-Ouest,4,7,9.0
2024-2025,CISSS de la Montérégie-Ouest,4,9,332.0
2024-2025,CISSS de la Montérégie-Ouest,5,1,361.0
2024-2025,CISSS de la Montérégie-Ouest,5,2,549.0
2024-2025,CISSS de la Montérégie-Ouest,5,3,277.0
2024-2025,CISSS de la Montérégie-Ouest,5,4,67.0
2024-2025,CISSS de la Montérégie-Ouest,5,5,71.0
2024-2025,CISSS de la Montérégie-Ouest,5,6,11.0
2024-2025,CISSS de la Montérégie-Ouest,5,7,1.0
2024-2025,CISSS de la Montérégie-Ouest,5,9,1337.0
2024-2025,CISSS de la Montérégie-Ouest,6,1,380.0
2024-2025,CISSS de la Montérégie-Ouest,6,2,613.0
2024-2025,CISSS de la Montérégie-Ouest,6,3,344.0
2024-2025,CISSS de la Montérégie-Ouest,6,4,89.0
2024-2025,CISSS de la Montérégie-Ouest,6,5,190.0
2024-2025,CISSS de la Montérégie-Ouest,6,6,43.0
2024-2025,CISSS de la Montérégie-Ouest,6,7,10.0
2024-2025,CISSS de la Montérégie-Ouest,6,9,1669.0
2024-2025,CISSS de la Montérégie-Ouest,7,1,27.0
2024-2025,CISSS de la Montérégie-Ouest,7,2,76.0
2024-2025,CISSS de la Montérégie-Ouest,7,3,69.0
2024-2025,CISSS de la Montérégie-Ouest,7,4,33.0
2024-2025,CISSS de la Montérégie-Ouest,7,5,151.0
2024-2025,CISSS de la Montérégie-Ouest,7,6,77.0
2024-2025,CISSS de la Montérégie-Ouest,7,7,22.0
2024-2025,CISSS de la Montérégie-Ouest,7,8,6.0
2024-2025,CISSS de la Montérégie-Ouest,7,9,461.0
2024-2025,CISSS de la Montérégie-Ouest,8,1,91.0
2024-2025,CISSS de la Montérégie-Ouest,8,2,854.0
2024-2025,CISSS de la Montérégie-Ouest,8,3,441.0
2024-2025,CISSS de la Montérégie-Ouest,8,4,150.0
2024-2025,CISSS de la Montérégie-Ouest,8,5,115.0
2024-2025,CISSS de la Montérégie-Ouest,8,6,14.0
2024-2025,CISSS de la Montérégie-Ouest,8,7,1.0
2024-2025,CISSS de la Montérégie-Ouest,8,9,1666.0
2024-2025,CISSS de la Montérégie-Ouest,9,1,118.0
2024-2025,CISSS de la Montérégie-Ouest,9,2,930.0
2024-2025,CISSS de la Montérégie-Ouest,9,3,510.0
2024-2025,CISSS de la Montérégie-Ouest,9,4,183.0
2024-2025,CISSS de la Montérégie-Ouest,9,5,266.0
2024-2025,CISSS de la Montérégie-Ouest,9,6,91.0
2024-2025,CISSS de la Montérégie-Ouest,9,7,23.0
2024-2025,CISSS de la Montérégie-Ouest,9,8,6.0
2024-2025,CISSS de la Montérégie-Ouest,9,9,2127.0
2024-2025,CISSS des Laurentides,1,1,43.0
2024-2025,CISSS des Laurentides,1,2,42.0
2024-2025,CISSS des Laurentides,1,3,45.0
2024-2025,CISSS des Laurentides,1,4,55.0
2024-2025,CISSS des Laurentides,1,5,109.0
2024-2025,CISSS des Laurentides,1,6,69.0
2024-2025,CISSS des Laurentides,1,7,26.0
2024-2025,CISSS des Laurentides,1,8,3.0
2024-2025,CISSS des Laurentides,1,9,392.0
2024-2025,CISSS des Laurentides,2,1,277.0
2024-2025,CISSS des Laurentides,2,2,324.0
2024-2025,CISSS des Laurentides,2,3,108.0
2024-2025,CISSS des Laurentides,2,4,30.0
2024-2025,CISSS des Laurentides,2,5,64.0
2024-2025,CISSS des Laurentides,2,6,7.0
2024-2025,CISSS des Laurentides,2,7,2.0
2024-2025,CISSS des Laurentides,2,8,1.0
2024-2025,CISSS des Laurentides,2,9,813.0
2024-2025,CISSS des Laurentides,3,1,320.0
2024-2025,CISSS des Laurentides,3,2,366.0
2024-2025,CISSS des Laurentides,3,3,153.0
2024-2025,CISSS des Laurentides,3,4,85.0
2024-2025,CISSS des Laurentides,3,5,173.0
2024-2025,CISSS des Laurentides,3,6,76.0
2024-2025,CISSS des Laurentides,3,7,28.0
2024-2025,CISSS des Laurentides,3,8,4.0
2024-2025,CISSS des Laurentides,3,9,1205.0
2024-2025,CISSS des Laurentides,4,1,40.0
2024-2025,CISSS des Laurentides,4,2,24.0
2024-2025,CISSS des Laurentides,4,3,32.0
2024-2025,CISSS des Laurentides,4,4,21.0
2024-2025,CISSS des Laurentides,4,5,60.0
2024-2025,CISSS des Laurentides,4,6,33.0
2024-2025,CISSS des Laurentides,4,7,15.0
2024-2025,CISSS des Laurentides,4,8,2.0
2024-2025,CISSS des Laurentides,4,9,227.0
2024-2025,CISSS des Laurentides,5,1,217.0
2024-2025,CISSS des Laurentides,5,2,242.0
2024-2025,CISSS des Laurentides,5,3,83.0
2024-2025,CISSS des Laurentides,5,4,36.0
2024-2025,CISSS des Laurentides,5,5,42.0
2024-2025,CISSS des Laurentides,5,6,6.0
2024-2025,CISSS des Laurentides,5,7,1.0
2024-2025,CISSS des Laurentides,5,9,627.0
2024-2025,CISSS des Laurentides,6,1,257.0
2024-2025,CISSS des Laurentides,6,2,266.0
2024-2025,CISSS des Laurentides,6,3,115.0
2024-2025,CISSS des Laurentides,6,4,57.0
2024-2025,CISSS des Laurentides,6,5,102.0
2024-2025,CISSS des Laurentides,6,6,39.0
2024-2025,CISSS des Laurentides,6,7,16.0
2024-2025,CISSS des Laurentides,6,8,2.0
2024-2025,CISSS des Laurentides,6,9,854.0
2024-2025,CISSS des Laurentides,7,1,16.0
2024-2025,CISSS des Laurentides,7,2,43.0
2024-2025,CISSS des Laurentides,7,3,25.0
2024-2025,CISSS des Laurentides,7,4,15.0
2024-2025,CISSS des Laurentides,7,5,68.0
2024-2025,CISSS des Laurentides,7,6,51.0
2024-2025,CISSS des Laurentides,7,7,16.0
2024-2025,CISSS des Laurentides,7,8,2.0
2024-2025,CISSS des Laurentides,7,9,236.0
2024-2025,CISSS des Laurentides,8,1,67.0
2024-2025,CISSS des Laurentides,8,2,339.0
2024-2025,CISSS des Laurentides,8,3,102.0
2024-2025,CISSS des Laurentides,8,4,26.0
2024-2025,CISSS des Laurentides,8,5,38.0
2024-2025,CISSS des Laurentides,8,6,5.0
2024-2025,CISSS des Laurentides,8,7,3.0
2024-2025,CISSS des Laurentides,8,9,580.0
2024-2025,CISSS des Laurentides,9,1,83.0
2024-2025,CISSS des Laurentides,9,2,382.0
2024-2025,CISSS des Laurentides,9,3,127.0
2024-2025,CISSS des Laurentides,9,4,41.0
2024-2025,CISSS des Laurentides,9,5,106.0
2024-2025,CISSS des Laurentides,9,6,56.0
2024-2025,CISSS des Laurentides,9,7,19.0
2024-2025,CISSS des Laurentides,9,8,2.0
2024-2025,CISSS des Laurentides,9,9,816.0
2024-2025,CISSS des Îles,1,4,3.0
2024-2025,CISSS des Îles,1,6,3.0
2024-2025,CISSS des Îles,1,7,1.0
2024-2025,CISSS des Îles,1,9,7.0
2024-2025,CISSS des Îles,2,1,1.0
2024-2025,CISSS des Îles,2,4,1.0
2024-2025,CISSS des Îles,2,5,1.0
2024-2025,CISSS des Îles,2,6,2.0
2024-2025,CISSS des Îles,2,9,5.0
2024-2025,CISSS des Îles,3,1,1.0
2024-2025,CISSS des Îles,3,4,4.0
2024-2025,CISSS des Îles,3,5,1.0
2024-2025,CISSS des Îles,3,6,5.0
2024-2025,CISSS des Îles,3,7,1.0
2024-2025,CISSS des Îles,3,9,12.0
2024-2025,CISSS des Îles,4,4,2.0
2024-2025,CISSS des Îles,4,6,3.0
2024-2025,CISSS des Îles,4,7,1.0
2024-2025,CISSS des Îles,4,9,6.0
2024-2025,CISSS des Îles,5,1,1.0
2024-2025,CISSS des Îles,5,4,1.0
2024-2025,CISSS des Îles,5,5,1.0
2024-2025,CISSS des Îles,5,6,2.0
2024-2025,CISSS des Îles,5,9,5.0
2024-2025,CISSS des Îles,6,1,1.0
2024-2025,CISSS des Îles,6,4,3.0
2024-2025,CISSS des Îles,6,5,1.0
2024-2025,CISSS des Îles,6,6,5.0
2024-2025,CISSS des Îles,6,7,1.0
2024-2025,CISSS des Îles,6,9,11.0
2024-2025,CISSS des Îles,7,6,2.0
2024-2025,CISSS des Îles,7,7,1.0
2024-2025,CISSS des Îles,7,9,3.0
2024-2025,CISSS des Îles,8,1,8.0
2024-2025,CISSS des Îles,8,2,2.0
2024-2025,CISSS des Îles,8,3,2.0
2024-2025,CISSS des Îles,8,4,3.0
2024-2025,CISSS des Îles,8,9,15.0
2024-2025,CISSS des Îles,9,1,8.0
2024-2025,CISSS des Îles,9,2,2.0
2024-2025,CISSS des Îles,9,3,2.0
2024-2025,CISSS des Îles,9,4,3.0
2024-2025,CISSS des Îles,9,6,2.0
2024-2025,CISSS des Îles,9,7,1.0
2024-2025,CISSS des Îles,9,9,18.0
2024-2025,CISSS du Bas-St-Laurent,1,1,34.0
2024-2025,CISSS du Bas-St-Laurent,1,2,13.0
2024-2025,CISSS du Bas-St-Laurent,1,3,9.0
2024-2025,CISSS du Bas-St-Laurent,1,4,3.0
2024-2025,CISSS du Bas-St-Laurent,1,5,8.0
2024-2025,CISSS du Bas-St-Laurent,1,6,5.0
2024-2025,CISSS du Bas-St-Laurent,1,7,2.0
2024-2025,CISSS du Bas-St-Laurent,1,9,74.0
2024-2025,CISSS du Bas-St-Laurent,2,1,26.0
2024-2025,CISSS du Bas-St-Laurent,2,2,56.0
2024-2025,CISSS du Bas-St-Laurent,2,3,55.0
2024-2025,CISSS du Bas-St-Laurent,2,5,4.0
2024-2025,CISSS du Bas-St-Laurent,2,9,141.0
2024-2025,CISSS du Bas-St-Laurent,3,1,60.0
2024-2025,CISSS du Bas-St-Laurent,3,2,69.0
2024-2025,CISSS du Bas-St-Laurent,3,3,64.0
2024-2025,CISSS du Bas-St-Laurent,3,4,3.0
2024-2025,CISSS du Bas-St-Laurent,3,5,12.0
2024-2025,CISSS du Bas-St-Laurent,3,6,5.0
2024-2025,CISSS du Bas-St-Laurent,3,7,2.0
2024-2025,CISSS du Bas-St-Laurent,3,9,215.0
2024-2025,CISSS du Bas-St-Laurent,4,1,37.0
2024-2025,CISSS du Bas-St-Laurent,4,2,11.0
2024-2025,CISSS du Bas-St-Laurent,4,3,3.0
2024-2025,CISSS du Bas-St-Laurent,4,4,5.0
2024-2025,CISSS du Bas-St-Laurent,4,5,14.0
2024-2025,CISSS du Bas-St-Laurent,4,6,8.0
2024-2025,CISSS du Bas-St-Laurent,4,7,2.0
2024-2025,CISSS du Bas-St-Laurent,4,8,1.0
2024-2025,CISSS du Bas-St-Laurent,4,9,81.0
2024-2025,CISSS du Bas-St-Laurent,5,1,30.0
2024-2025,CISSS du Bas-St-Laurent,5,2,47.0
2024-2025,CISSS du Bas-St-Laurent,5,3,56.0
2024-2025,CISSS du Bas-St-Laurent,5,4,5.0
2024-2025,CISSS du Bas-St-Laurent,5,5,13.0
2024-2025,CISSS du Bas-St-Laurent,5,6,1.0
2024-2025,CISSS du Bas-St-Laurent,5,9,152.0
2024-2025,CISSS du Bas-St-Laurent,6,1,67.0
2024-2025,CISSS du Bas-St-Laurent,6,2,58.0
2024-2025,CISSS du Bas-St-Laurent,6,3,59.0
2024-2025,CISSS du Bas-St-Laurent,6,4,10.0
2024-2025,CISSS du Bas-St-Laurent,6,5,27.0
2024-2025,CISSS du Bas-St-Laurent,6,6,9.0
2024-2025,CISSS du Bas-St-Laurent,6,7,2.0
2024-2025,CISSS du Bas-St-Laurent,6,8,1.0
2024-2025,CISSS du Bas-St-Laurent,6,9,233.0
2024-2025,CISSS du Bas-St-Laurent,7,1,7.0
2024-2025,CISSS du Bas-St-Laurent,7,2,13.0
2024-2025,CISSS du Bas-St-Laurent,7,3,10.0
2024-2025,CISSS du Bas-St-Laurent,7,4,4.0
2024-2025,CISSS du Bas-St-Laurent,7,5,20.0
2024-2025,CISSS du Bas-St-Laurent,7,6,14.0
2024-2025,CISSS du Bas-St-Laurent,7,7,8.0
2024-2025,CISSS du Bas-St-Laurent,7,8,4.0
2024-2025,CISSS du Bas-St-Laurent,7,9,80.0
2024-2025,CISSS du Bas-St-Laurent,8,1,2.0
2024-2025,CISSS du Bas-St-Laurent,8,2,28.0
2024-2025,CISSS du Bas-St-Laurent,8,3,47.0
2024-2025,CISSS du Bas-St-Laurent,8,4,16.0
2024-2025,CISSS du Bas-St-Laurent,8,5,10.0
2024-2025,CISSS du Bas-St-Laurent,8,6,1.0
2024-2025,CISSS du Bas-St-Laurent,8,7,2.0
2024-2025,CISSS du Bas-St-Laurent,8,8,1.0
2024-2025,CISSS du Bas-St-Laurent,8,9,107.0
2024-2025,CISSS du Bas-St-Laurent,9,1,9.0
2024-2025,CISSS du Bas-St-Laurent,9,2,41.0
2024-2025,CISSS du Bas-St-Laurent,9,3,57.0
2024-2025,CISSS du Bas-St-Laurent,9,4,20.0
2024-2025,CISSS du Bas-St-Laurent,9,5,30.0
2024-2025,CISSS du Bas-St-Laurent,9,6,15.0
2024-2025,CISSS du Bas-St-Laurent,9,7,10.0
2024-2025,CISSS du Bas-St-Laurent,9,8,5.0
2024-2025,CISSS du Bas-St-Laurent,9,9,187.0
2024-2025,CIUSSS de l'Estrie - CHUS,1,1,10.0
2024-2025,CIUSSS de l'Estrie - CHUS,1,2,24.0
2024-2025,CIUSSS de l'Estrie - CHUS,1,3,31.0
2024-2025,CIUSSS de l'Estrie - CHUS,1,4,17.0
2024-2025,CIUSSS de l'Estrie - CHUS,1,5,51.0
2024-2025,CIUSSS de l'Estrie - CHUS,1,6,23.0
2024-2025,CIUSSS de l'Estrie - CHUS,1,7,4.0
2024-2025,CIUSSS de l'Estrie - CHUS,1,8,6.0
2024-2025,CIUSSS de l'Estrie - CHUS,1,9,166.0
2024-2025,CIUSSS de l'Estrie - CHUS,2,1,110.0
2024-2025,CIUSSS de l'Estrie - CHUS,2,2,175.0
2024-2025,CIUSSS de l'Estrie - CHUS,2,3,73.0
2024-2025,CIUSSS de l'Estrie - CHUS,2,4,15.0
2024-2025,CIUSSS de l'Estrie - CHUS,2,5,20.0
2024-2025,CIUSSS de l'Estrie - CHUS,2,6,6.0
2024-2025,CIUSSS de l'Estrie - CHUS,2,7,1.0
2024-2025,CIUSSS de l'Estrie - CHUS,2,9,400.0
2024-2025,CIUSSS de l'Estrie - CHUS,3,1,120.0
2024-2025,CIUSSS de l'Estrie - CHUS,3,2,199.0
2024-2025,CIUSSS de l'Estrie - CHUS,3,3,104.0
2024-2025,CIUSSS de l'Estrie - CHUS,3,4,32.0
2024-2025,CIUSSS de l'Estrie - CHUS,3,5,71.0
2024-2025,CIUSSS de l'Estrie - CHUS,3,6,29.0
2024-2025,CIUSSS de l'Estrie - CHUS,3,7,5.0
2024-2025,CIUSSS de l'Estrie - CHUS,3,8,6.0
2024-2025,CIUSSS de l'Estrie - CHUS,3,9,566.0
2024-2025,CIUSSS de l'Estrie - CHUS,4,1,7.0
2024-2025,CIUSSS de l'Estrie - CHUS,4,2,19.0
2024-2025,CIUSSS de l'Estrie - CHUS,4,3,24.0
2024-2025,CIUSSS de l'Estrie - CHUS,4,4,10.0
2024-2025,CIUSSS de l'Estrie - CHUS,4,5,38.0
2024-2025,CIUSSS de l'Estrie - CHUS,4,6,9.0
2024-2025,CIUSSS de l'Estrie - CHUS,4,7,3.0
2024-2025,CIUSSS de l'Estrie - CHUS,4,9,110.0
2024-2025,CIUSSS de l'Estrie - CHUS,5,1,114.0
2024-2025,CIUSSS de l'Estrie - CHUS,5,2,181.0
2024-2025,CIUSSS de l'Estrie - CHUS,5,3,100.0
2024-2025,CIUSSS de l'Estrie - CHUS,5,4,23.0
2024-2025,CIUSSS de l'Estrie - CHUS,5,5,24.0
2024-2025,CIUSSS de l'Estrie - CHUS,5,6,3.0
2024-2025,CIUSSS de l'Estrie - CHUS,5,9,445.0
2024-2025,CIUSSS de l'Estrie - CHUS,6,1,121.0
2024-2025,CIUSSS de l'Estrie - CHUS,6,2,200.0
2024-2025,CIUSSS de l'Estrie - CHUS,6,3,124.0
2024-2025,CIUSSS de l'Estrie - CHUS,6,4,33.0
2024-2025,CIUSSS de l'Estrie - CHUS,6,5,62.0
2024-2025,CIUSSS de l'Estrie - CHUS,6,6,12.0
2024-2025,CIUSSS de l'Estrie - CHUS,6,7,3.0
2024-2025,CIUSSS de l'Estrie - CHUS,6,9,555.0
2024-2025,CIUSSS de l'Estrie - CHUS,7,1,4.0
2024-2025,CIUSSS de l'Estrie - CHUS,7,2,10.0
2024-2025,CIUSSS de l'Estrie - CHUS,7,3,26.0
2024-2025,CIUSSS de l'Estrie - CHUS,7,4,16.0
2024-2025,CIUSSS de l'Estrie - CHUS,7,5,77.0
2024-2025,CIUSSS de l'Estrie - CHUS,7,6,67.0
2024-2025,CIUSSS de l'Estrie - CHUS,7,7,40.0
2024-2025,CIUSSS de l'Estrie - CHUS,7,8,18.0
2024-2025,CIUSSS de l'Estrie - CHUS,7,9,258.0
2024-2025,CIUSSS de l'Estrie - CHUS,8,1,34.0
2024-2025,CIUSSS de l'Estrie - CHUS,8,2,239.0
2024-2025,CIUSSS de l'Estrie - CHUS,8,3,169.0
2024-2025,CIUSSS de l'Estrie - CHUS,8,4,34.0
2024-2025,CIUSSS de l'Estrie - CHUS,8,5,36.0
2024-2025,CIUSSS de l'Estrie - CHUS,8,6,7.0
2024-2025,CIUSSS de l'Estrie - CHUS,8,7,3.0
2024-2025,CIUSSS de l'Estrie - CHUS,8,9,522.0
2024-2025,CIUSSS de l'Estrie - CHUS,9,1,38.0
2024-2025,CIUSSS de l'Estrie - CHUS,9,2,249.0
2024-2025,CIUSSS de l'Estrie - CHUS,9,3,195.0
2024-2025,CIUSSS de l'Estrie - CHUS,9,4,50.0
2024-2025,CIUSSS de l'Estrie - CHUS,9,5,113.0
2024-2025,CIUSSS de l'Estrie - CHUS,9,6,74.0
2024-2025,CIUSSS de l'Estrie - CHUS,9,7,43.0
2024-2025,CIUSSS de l'Estrie - CHUS,9,8,18.0
2024-2025,CIUSSS de l'Estrie - CHUS,9,9,780.0
2024-2025,CIUSSS de l'Ouest-de-l'Île-de-Montréal,1,1,5.0
2024-2025,CIUSSS de l'Ouest-de-l'Île-de-Montréal,1,2,14.0
2024-2025,CIUSSS de l'Ouest-de-l'Île-de-Montréal,1,3,13.0
2024-2025,CIUSSS de l'Ouest-de-l'Île-de-Montréal,1,4,12.0
2024-2025,CIUSSS de l'Ouest-de-l'Île-de-Montréal,1,5,31.0
2024-2025,CIUSSS de l'Ouest-de-l'Île-de-Montréal,1,6,13.0
2024-2025,CIUSSS de l'Ouest-de-l'Île-de-Montréal,1,7,2.0
2024-2025,CIUSSS de l'Ouest-de-l'Île-de-Montréal,1,8,1.0
2024-2025,CIUSSS de l'Ouest-de-l'Île-de-Montréal,1,9,91.0
2024-2025,CIUSSS de l'Ouest-de-l'Île-de-Montréal,2,1,48.0
2024-2025,CIUSSS de l'Ouest-de-l'Île-de-Montréal,2,2,108.0
2024-2025,CIUSSS de l'Ouest-de-l'Île-de-Montréal,2,3,54.0
2024-2025,CIUSSS de l'Ouest-de-l'Île-de-Montréal,2,4,25.0
2024-2025,CIUSSS de l'Ouest-de-l'Île-de-Montréal,2,5,29.0
2024-2025,CIUSSS de l'Ouest-de-l'Île-de-Montréal,2,6,3.0
2024-2025,CIUSSS de l'Ouest-de-l'Île-de-Montréal,2,9,267.0
2024-2025,CIUSSS de l'Ouest-de-l'Île-de-Montréal,3,1,53.0
2024-2025,CIUSSS de l'Ouest-de-l'Île-de-Montréal,3,2,122.0
2024-2025,CIUSSS de l'Ouest-de-l'Île-de-Montréal,3,3,67.0
2024-2025,CIUSSS de l'Ouest-de-l'Île-de-Montréal,3,4,37.0
2024-2025,CIUSSS de l'Ouest-de-l'Île-de-Montréal,3,5,60.0
2024-2025,CIUSSS de l'Ouest-de-l'Île-de-Montréal,3,6,16.0
2024-2025,CIUSSS de l'Ouest-de-l'Île-de-Montréal,3,7,2.0
2024-2025,CIUSSS de l'Ouest-de-l'Île-de-Montréal,3,8,1.0
2024-2025,CIUSSS de l'Ouest-de-l'Île-de-Montréal,3,9,358.0
2024-2025,CIUSSS de l'Ouest-de-l'Île-de-Montréal,4,1,4.0
2024-2025,CIUSSS de l'Ouest-de-l'Île-de-Montréal,4,2,17.0
2024-2025,CIUSSS de l'Ouest-de-l'Île-de-Montréal,4,3,22.0
2024-2025,CIUSSS de l'Ouest-de-l'Île-de-Montréal,4,4,16.0
2024-2025,CIUSSS de l'Ouest-de-l'Île-de-Montréal,4,5,29.0
2024-2025,CIUSSS de l'Ouest-de-l'Île-de-Montréal,4,6,8.0
2024-2025,CIUSSS de l'Ouest-de-l'Île-de-Montréal,4,7,2.0
2024-2025,CIUSSS de l'Ouest-de-l'Île-de-Montréal,4,9,98.0
2024-2025,CIUSSS de l'Ouest-de-l'Île-de-Montréal,5,1,76.0
2024-2025,CIUSSS de l'Ouest-de-l'Île-de-Montréal,5,2,129.0
2024-2025,CIUSSS de l'Ouest-de-l'Île-de-Montréal,5,3,58.0
2024-2025,CIUSSS de l'Ouest-de-l'Île-de-Montréal,5,4,25.0
2024-2025,CIUSSS de l'Ouest-de-l'Île-de-Montréal,5,5,36.0
2024-2025,CIUSSS de l'Ouest-de-l'Île-de-Montréal,5,6,4.0
2024-2025,CIUSSS de l'Ouest-de-l'Île-de-Montréal,5,9,328.0
2024-2025,CIUSSS de l'Ouest-de-l'Île-de-Montréal,6,1,80.0
2024-2025,CIUSSS de l'Ouest-de-l'Île-de-Montréal,6,2,146.0
2024-2025,CIUSSS de l'Ouest-de-l'Île-de-Montréal,6,3,80.0
2024-2025,CIUSSS de l'Ouest-de-l'Île-de-Montréal,6,4,41.0
2024-2025,CIUSSS de l'Ouest-de-l'Île-de-Montréal,6,5,65.0
2024-2025,CIUSSS de l'Ouest-de-l'Île-de-Montréal,6,6,12.0
2024-2025,CIUSSS de l'Ouest-de-l'Île-de-Montréal,6,7,2.0
2024-2025,CIUSSS de l'Ouest-de-l'Île-de-Montréal,6,9,426.0
2024-2025,CIUSSS de l'Ouest-de-l'Île-de-Montréal,7,1,2.0
2024-2025,CIUSSS de l'Ouest-de-l'Île-de-Montréal,7,2,14.0
2024-2025,CIUSSS de l'Ouest-de-l'Île-de-Montréal,7,3,10.0
2024-2025,CIUSSS de l'Ouest-de-l'Île-de-Montréal,7,4,19.0
2024-2025,CIUSSS de l'Ouest-de-l'Île-de-Montréal,7,5,52.0
2024-2025,CIUSSS de l'Ouest-de-l'Île-de-Montréal,7,6,33.0
2024-2025,CIUSSS de l'Ouest-de-l'Île-de-Montréal,7,7,9.0
2024-2025,CIUSSS de l'Ouest-de-l'Île-de-Montréal,7,8,4.0
2024-2025,CIUSSS de l'Ouest-de-l'Île-de-Montréal,7,9,143.0
2024-2025,CIUSSS de l'Ouest-de-l'Île-de-Montréal,8,1,26.0
2024-2025,CIUSSS de l'Ouest-de-l'Île-de-Montréal,8,2,155.0
2024-2025,CIUSSS de l'Ouest-de-l'Île-de-Montréal,8,3,113.0
2024-2025,CIUSSS de l'Ouest-de-l'Île-de-Montréal,8,4,49.0
2024-2025,CIUSSS de l'Ouest-de-l'Île-de-Montréal,8,5,64.0
2024-2025,CIUSSS de l'Ouest-de-l'Île-de-Montréal,8,6,1.0
2024-2025,CIUSSS de l'Ouest-de-l'Île-de-Montréal,8,7,1.0
2024-2025,CIUSSS de l'Ouest-de-l'Île-de-Montréal,8,9,409.0
2024-2025,CIUSSS de l'Ouest-de-l'Île-de-Montréal,9,1,28.0
2024-2025,CIUSSS de l'Ouest-de-l'Île-de-Montréal,9,2,169.0
2024-2025,CIUSSS de l'Ouest-de-l'Île-de-Montréal,9,3,123.0
2024-2025,CIUSSS de l'Ouest-de-l'Île-de-Montréal,9,4,68.0
2024-2025,CIUSSS de l'Ouest-de-l'Île-de-Montréal,9,5,116.0
2024-2025,CIUSSS de l'Ouest-de-l'Île-de-Montréal,9,6,34.0
2024-2025,CIUSSS de l'Ouest-de-l'Île-de-Montréal,9,7,10.0
2024-2025,CIUSSS de l'Ouest-de-l'Île-de-Montréal,9,8,4.0
2024-2025,CIUSSS de l'Ouest-de-l'Île-de-Montréal,9,9,552.0
2024-2025,CIUSSS de la Capitale-Nationale,1,2,3.0
2024-2025,CIUSSS de la Capitale-Nationale,1,3,19.0
2024-2025,CIUSSS de la Capitale-Nationale,1,4,21.0
2024-2025,CIUSSS de la Capitale-Nationale,1,5,45.0
2024-2025,CIUSSS de la Capitale-Nationale,1,6,29.0
2024-2025,CIUSSS de la Capitale-Nationale,1,7,11.0
2024-2025,CIUSSS de la Capitale-Nationale,1,8,4.0
2024-2025,CIUSSS de la Capitale-Nationale,1,9,132.0
2024-2025,CIUSSS de la Capitale-Nationale,2,1,648.0
2024-2025,CIUSSS de la Capitale-Nationale,2,2,186.0
2024-2025,CIUSSS de la Capitale-Nationale,2,3,3.0
2024-2025,CIUSSS de la Capitale-Nationale,2,4,2.0
2024-2025,CIUSSS de la Capitale-Nationale,2,5,5.0
2024-2025,CIUSSS de la Capitale-Nationale,2,6,2.0
2024-2025,CIUSSS de la Capitale-Nationale,2,9,846.0
2024-2025,CIUSSS de la Capitale-Nationale,3,1,648.0
2024-2025,CIUSSS de la Capitale-Nationale,3,2,189.0
2024-2025,CIUSSS de la Capitale-Nationale,3,3,22.0
2024-2025,CIUSSS de la Capitale-Nationale,3,4,23.0
2024-2025,CIUSSS de la Capitale-Nationale,3,5,50.0
2024-2025,CIUSSS de la Capitale-Nationale,3,6,31.0
2024-2025,CIUSSS de la Capitale-Nationale,3,7,11.0
2024-2025,CIUSSS de la Capitale-Nationale,3,8,4.0
2024-2025,CIUSSS de la Capitale-Nationale,3,9,978.0
2024-2025,CIUSSS de la Capitale-Nationale,4,2,4.0
2024-2025,CIUSSS de la Capitale-Nationale,4,3,7.0
2024-2025,CIUSSS de la Capitale-Nationale,4,4,17.0
2024-2025,CIUSSS de la Capitale-Nationale,4,5,36.0
2024-2025,CIUSSS de la Capitale-Nationale,4,6,19.0
2024-2025,CIUSSS de la Capitale-Nationale,4,7,8.0
2024-2025,CIUSSS de la Capitale-Nationale,4,8,3.0
2024-2025,CIUSSS de la Capitale-Nationale,4,9,94.0
2024-2025,CIUSSS de la Capitale-Nationale,5,1,596.0
2024-2025,CIUSSS de la Capitale-Nationale,5,2,179.0
2024-2025,CIUSSS de la Capitale-Nationale,5,3,3.0
2024-2025,CIUSSS de la Capitale-Nationale,5,4,7.0
2024-2025,CIUSSS de la Capitale-Nationale,5,5,7.0
2024-2025,CIUSSS de la Capitale-Nationale,5,6,3.0
2024-2025,CIUSSS de la Capitale-Nationale,5,9,795.0
2024-2025,CIUSSS de la Capitale-Nationale,6,1,596.0
2024-2025,CIUSSS de la Capitale-Nationale,6,2,183.0
2024-2025,CIUSSS de la Capitale-Nationale,6,3,10.0
2024-2025,CIUSSS de la Capitale-Nationale,6,4,24.0
2024-2025,CIUSSS de la Capitale-Nationale,6,5,43.0
2024-2025,CIUSSS de la Capitale-Nationale,6,6,22.0
2024-2025,CIUSSS de la Capitale-Nationale,6,7,8.0
2024-2025,CIUSSS de la Capitale-Nationale,6,8,3.0
2024-2025,CIUSSS de la Capitale-Nationale,6,9,889.0
2024-2025,CIUSSS de la Capitale-Nationale,7,3,5.0
2024-2025,CIUSSS de la Capitale-Nationale,7,4,3.0
2024-2025,CIUSSS de la Capitale-Nationale,7,5,55.0
2024-2025,CIUSSS de la Capitale-Nationale,7,6,77.0
2024-2025,CIUSSS de la Capitale-Nationale,7,7,32.0
2024-2025,CIUSSS de la Capitale-Nationale,7,8,21.0
2024-2025,CIUSSS de la Capitale-Nationale,7,9,193.0
2024-2025,CIUSSS de la Capitale-Nationale,8,1,327.0
2024-2025,CIUSSS de la Capitale-Nationale,8,2,387.0
2024-2025,CIUSSS de la Capitale-Nationale,8,3,11.0
2024-2025,CIUSSS de la Capitale-Nationale,8,4,7.0
2024-2025,CIUSSS de la Capitale-Nationale,8,5,15.0
2024-2025,CIUSSS de la Capitale-Nationale,8,6,11.0
2024-2025,CIUSSS de la Capitale-Nationale,8,7,2.0
2024-2025,CIUSSS de la Capitale-Nationale,8,8,1.0
2024-2025,CIUSSS de la Capitale-Nationale,8,9,761.0
2024-2025,CIUSSS de la Capitale-Nationale,9,1,327.0
2024-2025,CIUSSS de la Capitale-Nationale,9,2,387.0
2024-2025,CIUSSS de la Capitale-Nationale,9,3,16.0
2024-2025,CIUSSS de la Capitale-Nationale,9,4,10.0
2024-2025,CIUSSS de la Capitale-Nationale,9,5,70.0
2024-2025,CIUSSS de la Capitale-Nationale,9,6,88.0
2024-2025,CIUSSS de la Capitale-Nationale,9,7,34.0
2024-2025,CIUSSS de la Capitale-Nationale,9,8,22.0
2024-2025,CIUSSS de la Capitale-Nationale,9,9,954.0
2024-2025,CIUSSS de la Mauricie-et-du-Centre-du-Québec,1,1,37.0
2024-2025,CIUSSS de la Mauricie-et-du-Centre-du-Québec,1,2,41.0
2024-2025,CIUSSS de la Mauricie-et-du-Centre-du-Québec,1,3,56.0
2024-2025,CIUSSS de la Mauricie-et-du-Centre-du-Québec,1,4,34.0
2024-2025,CIUSSS de la Mauricie-et-du-Centre-du-Québec,1,5,106.0
2024-2025,CIUSSS de la Mauricie-et-du-Centre-du-Québec,1,6,82.0
2024-2025,CIUSSS de la Mauricie-et-du-Centre-du-Québec,1,7,36.0
2024-2025,CIUSSS de la Mauricie-et-du-Centre-du-Québec,1,8,22.0
2024-2025,CIUSSS de la Mauricie-et-du-Centre-du-Québec,1,9,414.0
2024-2025,CIUSSS de la Mauricie-et-du-Centre-du-Québec,2,1,133.0
2024-2025,CIUSSS de la Mauricie-et-du-Centre-du-Québec,2,2,329.0
2024-2025,CIUSSS de la Mauricie-et-du-Centre-du-Québec,2,3,208.0
2024-2025,CIUSSS de la Mauricie-et-du-Centre-du-Québec,2,4,79.0
2024-2025,CIUSSS de la Mauricie-et-du-Centre-du-Québec,2,5,118.0
2024-2025,CIUSSS de la Mauricie-et-du-Centre-du-Québec,2,6,19.0
2024-2025,CIUSSS de la Mauricie-et-du-Centre-du-Québec,2,7,2.0
2024-2025,CIUSSS de la Mauricie-et-du-Centre-du-Québec,2,9,888.0
2024-2025,CIUSSS de la Mauricie-et-du-Centre-du-Québec,3,1,170.0
2024-2025,CIUSSS de la Mauricie-et-du-Centre-du-Québec,3,2,370.0
2024-2025,CIUSSS de la Mauricie-et-du-Centre-du-Québec,3,3,264.0
2024-2025,CIUSSS de la Mauricie-et-du-Centre-du-Québec,3,4,113.0
2024-2025,CIUSSS de la Mauricie-et-du-Centre-du-Québec,3,5,224.0
2024-2025,CIUSSS de la Mauricie-et-du-Centre-du-Québec,3,6,101.0
2024-2025,CIUSSS de la Mauricie-et-du-Centre-du-Québec,3,7,38.0
2024-2025,CIUSSS de la Mauricie-et-du-Centre-du-Québec,3,8,22.0
2024-2025,CIUSSS de la Mauricie-et-du-Centre-du-Québec,3,9,1302.0
2024-2025,CIUSSS de la Mauricie-et-du-Centre-du-Québec,4,1,39.0
2024-2025,CIUSSS de la Mauricie-et-du-Centre-du-Québec,4,2,31.0
2024-2025,CIUSSS de la Mauricie-et-du-Centre-du-Québec,4,3,47.0
2024-2025,CIUSSS de la Mauricie-et-du-Centre-du-Québec,4,4,37.0
2024-2025,CIUSSS de la Mauricie-et-du-Centre-du-Québec,4,5,81.0
2024-2025,CIUSSS de la Mauricie-et-du-Centre-du-Québec,4,6,64.0
2024-2025,CIUSSS de la Mauricie-et-du-Centre-du-Québec,4,7,27.0
2024-2025,CIUSSS de la Mauricie-et-du-Centre-du-Québec,4,8,20.0
2024-2025,CIUSSS de la Mauricie-et-du-Centre-du-Québec,4,9,346.0
2024-2025,CIUSSS de la Mauricie-et-du-Centre-du-Québec,5,1,113.0
2024-2025,CIUSSS de la Mauricie-et-du-Centre-du-Québec,5,2,299.0
2024-2025,CIUSSS de la Mauricie-et-du-Centre-du-Québec,5,3,195.0
2024-2025,CIUSSS de la Mauricie-et-du-Centre-du-Québec,5,4,75.0
2024-2025,CIUSSS de la Mauricie-et-du-Centre-du-Québec,5,5,98.0
2024-2025,CIUSSS de la Mauricie-et-du-Centre-du-Québec,5,6,12.0
2024-2025,CIUSSS de la Mauricie-et-du-Centre-du-Québec,5,7,2.0
2024-2025,CIUSSS de la Mauricie-et-du-Centre-du-Québec,5,9,794.0
2024-2025,CIUSSS de la Mauricie-et-du-Centre-du-Québec,6,1,152.0
2024-2025,CIUSSS de la Mauricie-et-du-Centre-du-Québec,6,2,330.0
2024-2025,CIUSSS de la Mauricie-et-du-Centre-du-Québec,6,3,242.0
2024-2025,CIUSSS de la Mauricie-et-du-Centre-du-Québec,6,4,112.0
2024-2025,CIUSSS de la Mauricie-et-du-Centre-du-Québec,6,5,179.0
2024-2025,CIUSSS de la Mauricie-et-du-Centre-du-Québec,6,6,76.0
2024-2025,CIUSSS de la Mauricie-et-du-Centre-du-Québec,6,7,29.0
2024-2025,CIUSSS de la Mauricie-et-du-Centre-du-Québec,6,8,20.0
2024-2025,CIUSSS de la Mauricie-et-du-Centre-du-Québec,6,9,1140.0
2024-2025,CIUSSS de la Mauricie-et-du-Centre-du-Québec,7,1,6.0
2024-2025,CIUSSS de la Mauricie-et-du-Centre-du-Québec,7,2,29.0
2024-2025,CIUSSS de la Mauricie-et-du-Centre-du-Québec,7,3,35.0
2024-2025,CIUSSS de la Mauricie-et-du-Centre-du-Québec,7,4,38.0
2024-2025,CIUSSS de la Mauricie-et-du-Centre-du-Québec,7,5,120.0
2024-2025,CIUSSS de la Mauricie-et-du-Centre-du-Québec,7,6,128.0
2024-2025,CIUSSS de la Mauricie-et-du-Centre-du-Québec,7,7,48.0
2024-2025,CIUSSS de la Mauricie-et-du-Centre-du-Québec,7,8,22.0
2024-2025,CIUSSS de la Mauricie-et-du-Centre-du-Québec,7,9,426.0
2024-2025,CIUSSS de la Mauricie-et-du-Centre-du-Québec,8,1,9.0
2024-2025,CIUSSS de la Mauricie-et-du-Centre-du-Québec,8,2,204.0
2024-2025,CIUSSS de la Mauricie-et-du-Centre-du-Québec,8,3,222.0
2024-2025,CIUSSS de la Mauricie-et-du-Centre-du-Québec,8,4,68.0
2024-2025,CIUSSS de la Mauricie-et-du-Centre-du-Québec,8,5,99.0
2024-2025,CIUSSS de la Mauricie-et-du-Centre-du-Québec,8,6,18.0
2024-2025,CIUSSS de la Mauricie-et-du-Centre-du-Québec,8,7,2.0
2024-2025,CIUSSS de la Mauricie-et-du-Centre-du-Québec,8,9,622.0
2024-2025,CIUSSS de la Mauricie-et-du-Centre-du-Québec,9,1,15.0
2024-2025,CIUSSS de la Mauricie-et-du-Centre-du-Québec,9,2,233.0
2024-2025,CIUSSS de la Mauricie-et-du-Centre-du-Québec,9,3,257.0
2024-2025,CIUSSS de la Mauricie-et-du-Centre-du-Québec,9,4,106.0
2024-2025,CIUSSS de la Mauricie-et-du-Centre-du-Québec,9,5,219.0
2024-2025,CIUSSS de la Mauricie-et-du-Centre-du-Québec,9,6,146.0
2024-2025,CIUSSS de la Mauricie-et-du-Centre-du-Québec,9,7,50.0
2024-2025,CIUSSS de la Mauricie-et-du-Centre-du-Québec,9,8,22.0
2024-2025,CIUSSS de la Mauricie-et-du-Centre-du-Québec,9,9,1048.0
2024-2025,CIUSSS du Centre-Ouest-de-l'Île-de-Montréal,1,1,2.0
2024-2025,CIUSSS du Centre-Ouest-de-l'Île-de-Montréal,1,2,11.0
2024-2025,CIUSSS du Centre-Ouest-de-l'Île-de-Montréal,1,3,10.0
2024-2025,CIUSSS du Centre-Ouest-de-l'Île-de-Montréal,1,4,10.0
2024-2025,CIUSSS du Centre-Ouest-de-l'Île-de-Montréal,1,5,28.0
2024-2025,CIUSSS du Centre-Ouest-de-l'Île-de-Montréal,1,6,13.0
2024-2025,CIUSSS du Centre-Ouest-de-l'Île-de-Montréal,1,7,3.0
2024-2025,CIUSSS du Centre-Ouest-de-l'Île-de-Montréal,1,8,1.0
2024-2025,CIUSSS du Centre-Ouest-de-l'Île-de-Montréal,1,9,78.0
2024-2025,CIUSSS du Centre-Ouest-de-l'Île-de-Montréal,2,1,163.0
2024-2025,CIUSSS du Centre-Ouest-de-l'Île-de-Montréal,2,2,148.0
2024-2025,CIUSSS du Centre-Ouest-de-l'Île-de-Montréal,2,3,83.0
2024-2025,CIUSSS du Centre-Ouest-de-l'Île-de-Montréal,2,4,23.0
2024-2025,CIUSSS du Centre-Ouest-de-l'Île-de-Montréal,2,5,38.0
2024-2025,CIUSSS du Centre-Ouest-de-l'Île-de-Montréal,2,6,4.0
2024-2025,CIUSSS du Centre-Ouest-de-l'Île-de-Montréal,2,7,1.0
2024-2025,CIUSSS du Centre-Ouest-de-l'Île-de-Montréal,2,9,460.0
2024-2025,CIUSSS du Centre-Ouest-de-l'Île-de-Montréal,3,1,165.0
2024-2025,CIUSSS du Centre-Ouest-de-l'Île-de-Montréal,3,2,159.0
2024-2025,CIUSSS du Centre-Ouest-de-l'Île-de-Montréal,3,3,93.0
2024-2025,CIUSSS du Centre-Ouest-de-l'Île-de-Montréal,3,4,33.0
2024-2025,CIUSSS du Centre-Ouest-de-l'Île-de-Montréal,3,5,66.0
2024-2025,CIUSSS du Centre-Ouest-de-l'Île-de-Montréal,3,6,17.0
2024-2025,CIUSSS du Centre-Ouest-de-l'Île-de-Montréal,3,7,4.0
2024-2025,CIUSSS du Centre-Ouest-de-l'Île-de-Montréal,3,8,1.0
2024-2025,CIUSSS du Centre-Ouest-de-l'Île-de-Montréal,3,9,538.0
2024-2025,CIUSSS du Centre-Ouest-de-l'Île-de-Montréal,4,2,7.0
2024-2025,CIUSSS du Centre-Ouest-de-l'Île-de-Montréal,4,3,8.0
2024-2025,CIUSSS du Centre-Ouest-de-l'Île-de-Montréal,4,4,11.0
2024-2025,CIUSSS du Centre-Ouest-de-l'Île-de-Montréal,4,5,16.0
2024-2025,CIUSSS du Centre-Ouest-de-l'Île-de-Montréal,4,6,2.0
2024-2025,CIUSSS du Centre-Ouest-de-l'Île-de-Montréal,4,7,2.0
2024-2025,CIUSSS du Centre-Ouest-de-l'Île-de-Montréal,4,9,46.0
2024-2025,CIUSSS du Centre-Ouest-de-l'Île-de-Montréal,5,1,170.0
2024-2025,CIUSSS du Centre-Ouest-de-l'Île-de-Montréal,5,2,119.0
2024-2025,CIUSSS du Centre-Ouest-de-l'Île-de-Montréal,5,3,49.0
2024-2025,CIUSSS du Centre-Ouest-de-l'Île-de-Montréal,5,4,16.0
2024-2025,CIUSSS du Centre-Ouest-de-l'Île-de-Montréal,5,5,24.0
2024-2025,CIUSSS du Centre-Ouest-de-l'Île-de-Montréal,5,6,7.0
2024-2025,CIUSSS du Centre-Ouest-de-l'Île-de-Montréal,5,7,1.0
2024-2025,CIUSSS du Centre-Ouest-de-l'Île-de-Montréal,5,9,386.0
2024-2025,CIUSSS du Centre-Ouest-de-l'Île-de-Montréal,6,1,170.0
2024-2025,CIUSSS du Centre-Ouest-de-l'Île-de-Montréal,6,2,126.0
2024-2025,CIUSSS du Centre-Ouest-de-l'Île-de-Montréal,6,3,57.0
2024-2025,CIUSSS du Centre-Ouest-de-l'Île-de-Montréal,6,4,27.0
2024-2025,CIUSSS du Centre-Ouest-de-l'Île-de-Montréal,6,5,40.0
2024-2025,CIUSSS du Centre-Ouest-de-l'Île-de-Montréal,6,6,9.0
2024-2025,CIUSSS du Centre-Ouest-de-l'Île-de-Montréal,6,7,3.0
2024-2025,CIUSSS du Centre-Ouest-de-l'Île-de-Montréal,6,9,432.0
2024-2025,CIUSSS du Centre-Ouest-de-l'Île-de-Montréal,7,1,1.0
2024-2025,CIUSSS du Centre-Ouest-de-l'Île-de-Montréal,7,2,10.0
2024-2025,CIUSSS du Centre-Ouest-de-l'Île-de-Montréal,7,3,9.0
2024-2025,CIUSSS du Centre-Ouest-de-l'Île-de-Montréal,7,4,7.0
2024-2025,CIUSSS du Centre-Ouest-de-l'Île-de-Montréal,7,5,29.0
2024-2025,CIUSSS du Centre-Ouest-de-l'Île-de-Montréal,7,6,10.0
2024-2025,CIUSSS du Centre-Ouest-de-l'Île-de-Montréal,7,7,5.0
2024-2025,CIUSSS du Centre-Ouest-de-l'Île-de-Montréal,7,8,1.0
2024-2025,CIUSSS du Centre-Ouest-de-l'Île-de-Montréal,7,9,72.0
2024-2025,CIUSSS du Centre-Ouest-de-l'Île-de-Montréal,8,1,29.0
2024-2025,CIUSSS du Centre-Ouest-de-l'Île-de-Montréal,8,2,121.0
2024-2025,CIUSSS du Centre-Ouest-de-l'Île-de-Montréal,8,3,76.0
2024-2025,CIUSSS du Centre-Ouest-de-l'Île-de-Montréal,8,4,22.0
2024-2025,CIUSSS du Centre-Ouest-de-l'Île-de-Montréal,8,5,23.0
2024-2025,CIUSSS du Centre-Ouest-de-l'Île-de-Montréal,8,6,7.0
2024-2025,CIUSSS du Centre-Ouest-de-l'Île-de-Montréal,8,9,278.0
2024-2025,CIUSSS du Centre-Ouest-de-l'Île-de-Montréal,9,1,30.0
2024-2025,CIUSSS du Centre-Ouest-de-l'Île-de-Montréal,9,2,131.0
2024-2025,CIUSSS du Centre-Ouest-de-l'Île-de-Montréal,9,3,85.0
2024-2025,CIUSSS du Centre-Ouest-de-l'Île-de-Montréal,9,4,29.0
2024-2025,CIUSSS du Centre-Ouest-de-l'Île-de-Montréal,9,5,52.0
2024-2025,CIUSSS du Centre-Ouest-de-l'Île-de-Montréal,9,6,17.0
2024-2025,CIUSSS du Centre-Ouest-de-l'Île-de-Montréal,9,7,5.0
2024-2025,CIUSSS du Centre-Ouest-de-l'Île-de-Montréal,9,8,1.0
2024-2025,CIUSSS du Centre-Ouest-de-l'Île-de-Montréal,9,9,350.0
2024-2025,CIUSSS du Centre-Sud-de-l'Île-de-Montréal,1,1,61.0
2024-2025,CIUSSS du Centre-Sud-de-l'Île-de-Montréal,1,2,40.0
2024-2025,CIUSSS du Centre-Sud-de-l'Île-de-Montréal,1,3,36.0
2024-2025,CIUSSS du Centre-Sud-de-l'Île-de-Montréal,1,4,41.0
2024-2025,CIUSSS du Centre-Sud-de-l'Île-de-Montréal,1,5,127.0
2024-2025,CIUSSS du Centre-Sud-de-l'Île-de-Montréal,1,6,41.0
2024-2025,CIUSSS du Centre-Sud-de-l'Île-de-Montréal,1,7,11.0
2024-2025,CIUSSS du Centre-Sud-de-l'Île-de-Montréal,1,8,2.0
2024-2025,CIUSSS du Centre-Sud-de-l'Île-de-Montréal,1,9,359.0
2024-2025,CIUSSS du Centre-Sud-de-l'Île-de-Montréal,2,1,378.0
2024-2025,CIUSSS du Centre-Sud-de-l'Île-de-Montréal,2,2,332.0
2024-2025,CIUSSS du Centre-Sud-de-l'Île-de-Montréal,2,3,70.0
2024-2025,CIUSSS du Centre-Sud-de-l'Île-de-Montréal,2,4,33.0
2024-2025,CIUSSS du Centre-Sud-de-l'Île-de-Montréal,2,5,57.0
2024-2025,CIUSSS du Centre-Sud-de-l'Île-de-Montréal,2,6,6.0
2024-2025,CIUSSS du Centre-Sud-de-l'Île-de-Montréal,2,7,1.0
2024-2025,CIUSSS du Centre-Sud-de-l'Île-de-Montréal,2,9,877.0
2024-2025,CIUSSS du Centre-Sud-de-l'Île-de-Montréal,3,1,439.0
2024-2025,CIUSSS du Centre-Sud-de-l'Île-de-Montréal,3,2,372.0
2024-2025,CIUSSS du Centre-Sud-de-l'Île-de-Montréal,3,3,106.0
2024-2025,CIUSSS du Centre-Sud-de-l'Île-de-Montréal,3,4,74.0
2024-2025,CIUSSS du Centre-Sud-de-l'Île-de-Montréal,3,5,184.0
2024-2025,CIUSSS du Centre-Sud-de-l'Île-de-Montréal,3,6,47.0
2024-2025,CIUSSS du Centre-Sud-de-l'Île-de-Montréal,3,7,12.0
2024-2025,CIUSSS du Centre-Sud-de-l'Île-de-Montréal,3,8,2.0
2024-2025,CIUSSS du Centre-Sud-de-l'Île-de-Montréal,3,9,1236.0
2024-2025,CIUSSS du Centre-Sud-de-l'Île-de-Montréal,4,1,74.0
2024-2025,CIUSSS du Centre-Sud-de-l'Île-de-Montréal,4,2,38.0
2024-2025,CIUSSS du Centre-Sud-de-l'Île-de-Montréal,4,3,18.0
2024-2025,CIUSSS du Centre-Sud-de-l'Île-de-Montréal,4,4,14.0
2024-2025,CIUSSS du Centre-Sud-de-l'Île-de-Montréal,4,5,41.0
2024-2025,CIUSSS du Centre-Sud-de-l'Île-de-Montréal,4,6,15.0
2024-2025,CIUSSS du Centre-Sud-de-l'Île-de-Montréal,4,7,4.0
2024-2025,CIUSSS du Centre-Sud-de-l'Île-de-Montréal,4,9,204.0
2024-2025,CIUSSS du Centre-Sud-de-l'Île-de-Montréal,5,1,352.0
2024-2025,CIUSSS du Centre-Sud-de-l'Île-de-Montréal,5,2,293.0
2024-2025,CIUSSS du Centre-Sud-de-l'Île-de-Montréal,5,3,57.0
2024-2025,CIUSSS du Centre-Sud-de-l'Île-de-Montréal,5,4,25.0
2024-2025,CIUSSS du Centre-Sud-de-l'Île-de-Montréal,5,5,36.0
2024-2025,CIUSSS du Centre-Sud-de-l'Île-de-Montréal,5,6,5.0
2024-2025,CIUSSS du Centre-Sud-de-l'Île-de-Montréal,5,8,2.0
2024-2025,CIUSSS du Centre-Sud-de-l'Île-de-Montréal,5,9,770.0
2024-2025,CIUSSS du Centre-Sud-de-l'Île-de-Montréal,6,1,426.0
2024-2025,CIUSSS du Centre-Sud-de-l'Île-de-Montréal,6,2,331.0
2024-2025,CIUSSS du Centre-Sud-de-l'Île-de-Montréal,6,3,75.0
2024-2025,CIUSSS du Centre-Sud-de-l'Île-de-Montréal,6,4,39.0
2024-2025,CIUSSS du Centre-Sud-de-l'Île-de-Montréal,6,5,77.0
2024-2025,CIUSSS du Centre-Sud-de-l'Île-de-Montréal,6,6,20.0
2024-2025,CIUSSS du Centre-Sud-de-l'Île-de-Montréal,6,7,4.0
2024-2025,CIUSSS du Centre-Sud-de-l'Île-de-Montréal,6,8,2.0
2024-2025,CIUSSS du Centre-Sud-de-l'Île-de-Montréal,6,9,974.0
2024-2025,CIUSSS du Centre-Sud-de-l'Île-de-Montréal,7,1,49.0
2024-2025,CIUSSS du Centre-Sud-de-l'Île-de-Montréal,7,2,78.0
2024-2025,CIUSSS du Centre-Sud-de-l'Île-de-Montréal,7,3,29.0
2024-2025,CIUSSS du Centre-Sud-de-l'Île-de-Montréal,7,4,28.0
2024-2025,CIUSSS du Centre-Sud-de-l'Île-de-Montréal,7,5,151.0
2024-2025,CIUSSS du Centre-Sud-de-l'Île-de-Montréal,7,6,93.0
2024-2025,CIUSSS du Centre-Sud-de-l'Île-de-Montréal,7,7,21.0
2024-2025,CIUSSS du Centre-Sud-de-l'Île-de-Montréal,7,8,9.0
2024-2025,CIUSSS du Centre-Sud-de-l'Île-de-Montréal,7,9,458.0
2024-2025,CIUSSS du Centre-Sud-de-l'Île-de-Montréal,8,1,136.0
2024-2025,CIUSSS du Centre-Sud-de-l'Île-de-Montréal,8,2,554.0
2024-2025,CIUSSS du Centre-Sud-de-l'Île-de-Montréal,8,3,123.0
2024-2025,CIUSSS du Centre-Sud-de-l'Île-de-Montréal,8,4,49.0
2024-2025,CIUSSS du Centre-Sud-de-l'Île-de-Montréal,8,5,95.0
2024-2025,CIUSSS du Centre-Sud-de-l'Île-de-Montréal,8,6,13.0
2024-2025,CIUSSS du Centre-Sud-de-l'Île-de-Montréal,8,7,4.0
2024-2025,CIUSSS du Centre-Sud-de-l'Île-de-Montréal,8,9,974.0
2024-2025,CIUSSS du Centre-Sud-de-l'Île-de-Montréal,9,1,185.0
2024-2025,CIUSSS du Centre-Sud-de-l'Île-de-Montréal,9,2,632.0
2024-2025,CIUSSS du Centre-Sud-de-l'Île-de-Montréal,9,3,152.0
2024-2025,CIUSSS du Centre-Sud-de-l'Île-de-Montréal,9,4,77.0
2024-2025,CIUSSS du Centre-Sud-de-l'Île-de-Montréal,9,5,246.0
2024-2025,CIUSSS du Centre-Sud-de-l'Île-de-Montréal,9,6,106.0
2024-2025,CIUSSS du Centre-Sud-de-l'Île-de-Montréal,9,7,25.0
2024-2025,CIUSSS du Centre-Sud-de-l'Île-de-Montréal,9,8,9.0
2024-2025,CIUSSS du Centre-Sud-de-l'Île-de-Montréal,9,9,1432.0
2024-2025,CIUSSS du SaguenayLac-St-Jean,1,1,11.0
2024-2025,CIUSSS du SaguenayLac-St-Jean,1,2,11.0
2024-2025,CIUSSS du SaguenayLac-St-Jean,1,3,23.0
2024-2025,CIUSSS du SaguenayLac-St-Jean,1,4,27.0
2024-2025,CIUSSS du SaguenayLac-St-Jean,1,5,42.0
2024-2025,CIUSSS du SaguenayLac-St-Jean,1,6,20.0
2024-2025,CIUSSS du SaguenayLac-St-Jean,1,7,13.0
2024-2025,CIUSSS du SaguenayLac-St-Jean,1,8,3.0
2024-2025,CIUSSS du SaguenayLac-St-Jean,1,9,150.0
2024-2025,CIUSSS du SaguenayLac-St-Jean,2,1,27.0
2024-2025,CIUSSS du SaguenayLac-St-Jean,2,2,65.0
2024-2025,CIUSSS du SaguenayLac-St-Jean,2,3,47.0
2024-2025,CIUSSS du SaguenayLac-St-Jean,2,4,19.0
2024-2025,CIUSSS du SaguenayLac-St-Jean,2,5,18.0
2024-2025,CIUSSS du SaguenayLac-St-Jean,2,6,2.0
2024-2025,CIUSSS du SaguenayLac-St-Jean,2,9,178.0
2024-2025,CIUSSS du SaguenayLac-St-Jean,3,1,38.0
2024-2025,CIUSSS du SaguenayLac-St-Jean,3,2,76.0
2024-2025,CIUSSS du SaguenayLac-St-Jean,3,3,70.0
2024-2025,CIUSSS du SaguenayLac-St-Jean,3,4,46.0
2024-2025,CIUSSS du SaguenayLac-St-Jean,3,5,60.0
2024-2025,CIUSSS du SaguenayLac-St-Jean,3,6,22.0
2024-2025,CIUSSS du SaguenayLac-St-Jean,3,7,13.0
2024-2025,CIUSSS du SaguenayLac-St-Jean,3,8,3.0
2024-2025,CIUSSS du SaguenayLac-St-Jean,3,9,328.0
2024-2025,CIUSSS du SaguenayLac-St-Jean,4,1,10.0
2024-2025,CIUSSS du SaguenayLac-St-Jean,4,2,9.0
2024-2025,CIUSSS du SaguenayLac-St-Jean,4,3,22.0
2024-2025,CIUSSS du SaguenayLac-St-Jean,4,4,22.0
2024-2025,CIUSSS du SaguenayLac-St-Jean,4,5,29.0
2024-2025,CIUSSS du SaguenayLac-St-Jean,4,6,13.0
2024-2025,CIUSSS du SaguenayLac-St-Jean,4,7,10.0
2024-2025,CIUSSS du SaguenayLac-St-Jean,4,8,1.0
2024-2025,CIUSSS du SaguenayLac-St-Jean,4,9,116.0
2024-2025,CIUSSS du SaguenayLac-St-Jean,5,1,31.0
2024-2025,CIUSSS du SaguenayLac-St-Jean,5,2,56.0
2024-2025,CIUSSS du SaguenayLac-St-Jean,5,3,44.0
2024-2025,CIUSSS du SaguenayLac-St-Jean,5,4,16.0
2024-2025,CIUSSS du SaguenayLac-St-Jean,5,5,8.0
2024-2025,CIUSSS du SaguenayLac-St-Jean,5,9,155.0
2024-2025,CIUSSS du SaguenayLac-St-Jean,6,1,41.0
2024-2025,CIUSSS du SaguenayLac-St-Jean,6,2,65.0
2024-2025,CIUSSS du SaguenayLac-St-Jean,6,3,66.0
2024-2025,CIUSSS du SaguenayLac-St-Jean,6,4,38.0
2024-2025,CIUSSS du SaguenayLac-St-Jean,6,5,37.0
2024-2025,CIUSSS du SaguenayLac-St-Jean,6,6,13.0
2024-2025,CIUSSS du SaguenayLac-St-Jean,6,7,10.0
2024-2025,CIUSSS du SaguenayLac-St-Jean,6,8,1.0
2024-2025,CIUSSS du SaguenayLac-St-Jean,6,9,271.0
2024-2025,CIUSSS du SaguenayLac-St-Jean,7,1,13.0
2024-2025,CIUSSS du SaguenayLac-St-Jean,7,2,18.0
2024-2025,CIUSSS du SaguenayLac-St-Jean,7,3,9.0
2024-2025,CIUSSS du SaguenayLac-St-Jean,7,4,19.0
2024-2025,CIUSSS du SaguenayLac-St-Jean,7,5,33.0
2024-2025,CIUSSS du SaguenayLac-St-Jean,7,6,31.0
2024-2025,CIUSSS du SaguenayLac-St-Jean,7,7,22.0
2024-2025,CIUSSS du SaguenayLac-St-Jean,7,8,4.0
2024-2025,CIUSSS du SaguenayLac-St-Jean,7,9,149.0
2024-2025,CIUSSS du SaguenayLac-St-Jean,8,1,5.0
2024-2025,CIUSSS du SaguenayLac-St-Jean,8,2,52.0
2024-2025,CIUSSS du SaguenayLac-St-Jean,8,3,46.0
2024-2025,CIUSSS du SaguenayLac-St-Jean,8,4,16.0
2024-2025,CIUSSS du SaguenayLac-St-Jean,8,5,26.0
2024-2025,CIUSSS du SaguenayLac-St-Jean,8,6,2.0
2024-2025,CIUSSS du SaguenayLac-St-Jean,8,9,147.0
2024-2025,CIUSSS du SaguenayLac-St-Jean,9,1,18.0
2024-2025,CIUSSS du SaguenayLac-St-Jean,9,2,70.0
2024-2025,CIUSSS du SaguenayLac-St-Jean,9,3,55.0
2024-2025,CIUSSS du SaguenayLac-St-Jean,9,4,35.0
2024-2025,CIUSSS du SaguenayLac-St-Jean,9,5,59.0
2024-2025,CIUSSS du SaguenayLac-St-Jean,9,6,33.0
2024-2025,CIUSSS du SaguenayLac-St-Jean,9,7,22.0
2024-2025,CIUSSS du SaguenayLac-St-Jean,9,8,4.0
2024-2025,CIUSSS du SaguenayLac-St-Jean,9,9,296.0
