Annee,NomEtablissement,SousPage,Ligne,Colonne,Chiffre
2013-2014,Atelier Le Fil d'Ariane Inc.,0,4,1,0.0
2013-2014,Atelier Le Fil d'Ariane Inc.,0,4,2,0.0
2013-2014,Atelier Le Fil d'Ariane Inc.,0,4,3,0.0
2013-2014,Atelier Le Fil d'Ariane Inc.,0,4,4,0.0
2013-2014,Atelier Le Fil d'Ariane Inc.,0,4,5,0.0
2013-2014,Atelier Le Fil d'Ariane Inc.,0,4,6,0.0
2013-2014,Atelier Le Fil d'Ariane Inc.,0,4,7,0.0
2013-2014,Atelier Le Fil d'Ariane Inc.,0,4,8,0.0
2013-2014,Atelier Le Fil d'Ariane Inc.,0,4,9,0.0
2013-2014,Atelier Le Fil d'Ariane Inc.,0,13,1,0.0
2013-2014,Atelier Le Fil d'Ariane Inc.,0,13,2,0.0
2013-2014,Atelier Le Fil d'Ariane Inc.,0,13,3,0.0
2013-2014,Atelier Le Fil d'Ariane Inc.,0,13,4,0.0
2013-2014,Atelier Le Fil d'Ariane Inc.,0,13,5,0.0
2013-2014,Atelier Le Fil d'Ariane Inc.,0,13,6,0.0
2013-2014,Atelier Le Fil d'Ariane Inc.,0,13,7,0.0
2013-2014,Atelier Le Fil d'Ariane Inc.,0,13,8,0.0
2013-2014,Atelier Le Fil d'Ariane Inc.,0,13,9,0.0
2013-2014,CPR de la Côte-Nord,0,7,5,1.0
2013-2014,CPR de la Côte-Nord,0,7,9,1.0
2013-2014,CPR de la Côte-Nord,0,8,5,1296.0
2013-2014,CPR de la Côte-Nord,0,9,5,1296.0
2013-2014,CPR de la Côte-Nord,0,10,2,4.0
2013-2014,CPR de la Côte-Nord,0,10,3,5.0
2013-2014,CPR de la Côte-Nord,0,10,4,1.0
2013-2014,CPR de la Côte-Nord,0,10,9,10.0
2013-2014,CPR de la Côte-Nord,0,11,2,235.0
2013-2014,CPR de la Côte-Nord,0,11,3,32.0
2013-2014,CPR de la Côte-Nord,0,11,4,186.0
2013-2014,CPR de la Côte-Nord,0,11,9,128.0
2013-2014,CPR de la Côte-Nord,0,12,2,125.0
2013-2014,CPR de la Côte-Nord,0,12,3,28.0
2013-2014,CPR de la Côte-Nord,0,12,4,186.0
2013-2014,CPR de la Côte-Nord,0,12,9,57.0
2013-2014,CPR de la Côte-Nord,0,13,2,4.0
2013-2014,CPR de la Côte-Nord,0,13,3,5.0
2013-2014,CPR de la Côte-Nord,0,13,4,1.0
2013-2014,CPR de la Côte-Nord,0,13,5,1.0
2013-2014,CPR de la Côte-Nord,0,13,9,11.0
2013-2014,CPR de la Côte-Nord,0,14,2,235.0
2013-2014,CPR de la Côte-Nord,0,14,3,32.0
2013-2014,CPR de la Côte-Nord,0,14,4,186.0
2013-2014,CPR de la Côte-Nord,0,14,5,1296.0
2013-2014,CPR de la Côte-Nord,0,14,9,235.0
2013-2014,CPR de la Côte-Nord,0,15,2,125.0
2013-2014,CPR de la Côte-Nord,0,15,3,28.0
2013-2014,CPR de la Côte-Nord,0,15,4,186.0
2013-2014,CPR de la Côte-Nord,0,15,5,1296.0
2013-2014,CPR de la Côte-Nord,0,15,9,61.0
2013-2014,CR La Maison,0,10,1,3.0
2013-2014,CR La Maison,0,10,2,0.0
2013-2014,CR La Maison,0,10,3,4.0
2013-2014,CR La Maison,0,10,4,0.0
2013-2014,CR La Maison,0,10,5,0.0
2013-2014,CR La Maison,0,10,6,0.0
2013-2014,CR La Maison,0,10,7,0.0
2013-2014,CR La Maison,0,10,8,0.0
2013-2014,CR La Maison,0,10,9,7.0
2013-2014,CR La Maison,0,11,1,40.0
2013-2014,CR La Maison,0,11,3,604.0
2013-2014,CR La Maison,0,11,9,362.0
2013-2014,CR La Maison,0,12,1,35.0
2013-2014,CR La Maison,0,12,3,115.0
2013-2014,CR La Maison,0,12,9,70.0
2013-2014,CR La Maison,0,13,1,3.0
2013-2014,CR La Maison,0,13,2,0.0
2013-2014,CR La Maison,0,13,3,4.0
2013-2014,CR La Maison,0,13,4,0.0
2013-2014,CR La Maison,0,13,5,0.0
2013-2014,CR La Maison,0,13,6,0.0
2013-2014,CR La Maison,0,13,7,0.0
2013-2014,CR La Maison,0,13,8,0.0
2013-2014,CR La Maison,0,13,9,7.0
2013-2014,CR La Maison,0,14,1,40.0
2013-2014,CR La Maison,0,14,3,604.0
2013-2014,CR La Maison,0,14,9,362.0
2013-2014,CR La Maison,0,15,1,35.0
2013-2014,CR La Maison,0,15,3,115.0
2013-2014,CR La Maison,0,15,9,70.0
2013-2014,CR La Myriade,0,10,1,50.0
2013-2014,CR La Myriade,0,10,2,94.0
2013-2014,CR La Myriade,0,10,3,54.0
2013-2014,CR La Myriade,0,10,4,19.0
2013-2014,CR La Myriade,0,10,5,14.0
2013-2014,CR La Myriade,0,10,6,1.0
2013-2014,CR La Myriade,0,10,7,0.0
2013-2014,CR La Myriade,0,10,8,0.0
2013-2014,CR La Myriade,0,10,9,232.0
2013-2014,CR La Myriade,0,11,1,168.0
2013-2014,CR La Myriade,0,11,2,256.0
2013-2014,CR La Myriade,0,11,3,252.0
2013-2014,CR La Myriade,0,11,4,278.0
2013-2014,CR La Myriade,0,11,5,234.0
2013-2014,CR La Myriade,0,11,6,285.0
2013-2014,CR La Myriade,0,11,7,0.0
2013-2014,CR La Myriade,0,11,8,0.0
2013-2014,CR La Myriade,0,11,9,237.0
2013-2014,CR La Myriade,0,12,1,159.0
2013-2014,CR La Myriade,0,12,2,240.0
2013-2014,CR La Myriade,0,12,3,237.0
2013-2014,CR La Myriade,0,12,4,325.0
2013-2014,CR La Myriade,0,12,5,234.0
2013-2014,CR La Myriade,0,12,6,185.0
2013-2014,CR La Myriade,0,12,7,0.0
2013-2014,CR La Myriade,0,12,8,0.0
2013-2014,CR La Myriade,0,12,9,216.0
2013-2014,CR La Myriade,0,13,1,50.0
2013-2014,CR La Myriade,0,13,2,94.0
2013-2014,CR La Myriade,0,13,3,54.0
2013-2014,CR La Myriade,0,13,4,19.0
2013-2014,CR La Myriade,0,13,5,14.0
2013-2014,CR La Myriade,0,13,6,1.0
2013-2014,CR La Myriade,0,13,7,0.0
2013-2014,CR La Myriade,0,13,8,0.0
2013-2014,CR La Myriade,0,13,9,232.0
2013-2014,CR La Myriade,0,14,1,168.0
2013-2014,CR La Myriade,0,14,2,256.0
2013-2014,CR La Myriade,0,14,3,252.0
2013-2014,CR La Myriade,0,14,4,278.0
2013-2014,CR La Myriade,0,14,5,234.0
2013-2014,CR La Myriade,0,14,6,285.0
2013-2014,CR La Myriade,0,14,7,0.0
2013-2014,CR La Myriade,0,14,8,0.0
2013-2014,CR La Myriade,0,14,9,237.0
2013-2014,CR La Myriade,0,15,1,159.0
2013-2014,CR La Myriade,0,15,2,240.0
2013-2014,CR La Myriade,0,15,3,237.0
2013-2014,CR La Myriade,0,15,4,325.0
2013-2014,CR La Myriade,0,15,5,234.0
2013-2014,CR La Myriade,0,15,6,185.0
2013-2014,CR La Myriade,0,15,7,0.0
2013-2014,CR La Myriade,0,15,8,0.0
2013-2014,CR La Myriade,0,15,9,216.0
2013-2014,CR de l'Ouest de Montréal,0,1,1,0.0
2013-2014,CR de l'Ouest de Montréal,0,1,2,0.0
2013-2014,CR de l'Ouest de Montréal,0,1,3,0.0
2013-2014,CR de l'Ouest de Montréal,0,1,4,3.0
2013-2014,CR de l'Ouest de Montréal,0,1,5,8.0
2013-2014,CR de l'Ouest de Montréal,0,1,6,0.0
2013-2014,CR de l'Ouest de Montréal,0,1,7,0.0
2013-2014,CR de l'Ouest de Montréal,0,1,8,0.0
2013-2014,CR de l'Ouest de Montréal,0,1,9,11.0
2013-2014,CR de l'Ouest de Montréal,0,2,1,0.0
2013-2014,CR de l'Ouest de Montréal,0,2,2,0.0
2013-2014,CR de l'Ouest de Montréal,0,2,3,0.0
2013-2014,CR de l'Ouest de Montréal,0,2,4,265.0
2013-2014,CR de l'Ouest de Montréal,0,2,5,860.0
2013-2014,CR de l'Ouest de Montréal,0,2,6,0.0
2013-2014,CR de l'Ouest de Montréal,0,2,7,0.0
2013-2014,CR de l'Ouest de Montréal,0,2,8,0.0
2013-2014,CR de l'Ouest de Montréal,0,2,9,697.0
2013-2014,CR de l'Ouest de Montréal,0,3,1,0.0
2013-2014,CR de l'Ouest de Montréal,0,3,2,0.0
2013-2014,CR de l'Ouest de Montréal,0,3,3,0.0
2013-2014,CR de l'Ouest de Montréal,0,3,4,229.0
2013-2014,CR de l'Ouest de Montréal,0,3,5,885.0
2013-2014,CR de l'Ouest de Montréal,0,3,6,0.0
2013-2014,CR de l'Ouest de Montréal,0,3,7,0.0
2013-2014,CR de l'Ouest de Montréal,0,3,8,0.0
2013-2014,CR de l'Ouest de Montréal,0,3,9,803.0
2013-2014,CR de l'Ouest de Montréal,0,4,1,0.0
2013-2014,CR de l'Ouest de Montréal,0,4,2,0.0
2013-2014,CR de l'Ouest de Montréal,0,4,3,0.0
2013-2014,CR de l'Ouest de Montréal,0,4,4,20.0
2013-2014,CR de l'Ouest de Montréal,0,4,5,5.0
2013-2014,CR de l'Ouest de Montréal,0,4,6,0.0
2013-2014,CR de l'Ouest de Montréal,0,4,7,0.0
2013-2014,CR de l'Ouest de Montréal,0,4,8,0.0
2013-2014,CR de l'Ouest de Montréal,0,4,9,25.0
2013-2014,CR de l'Ouest de Montréal,0,5,1,0.0
2013-2014,CR de l'Ouest de Montréal,0,5,2,0.0
2013-2014,CR de l'Ouest de Montréal,0,5,3,0.0
2013-2014,CR de l'Ouest de Montréal,0,5,4,350.0
2013-2014,CR de l'Ouest de Montréal,0,5,5,488.0
2013-2014,CR de l'Ouest de Montréal,0,5,6,0.0
2013-2014,CR de l'Ouest de Montréal,0,5,7,0.0
2013-2014,CR de l'Ouest de Montréal,0,5,8,0.0
2013-2014,CR de l'Ouest de Montréal,0,5,9,378.0
2013-2014,CR de l'Ouest de Montréal,0,6,1,0.0
2013-2014,CR de l'Ouest de Montréal,0,6,2,0.0
2013-2014,CR de l'Ouest de Montréal,0,6,3,0.0
2013-2014,CR de l'Ouest de Montréal,0,6,4,227.0
2013-2014,CR de l'Ouest de Montréal,0,6,5,364.0
2013-2014,CR de l'Ouest de Montréal,0,6,6,0.0
2013-2014,CR de l'Ouest de Montréal,0,6,7,0.0
2013-2014,CR de l'Ouest de Montréal,0,6,8,0.0
2013-2014,CR de l'Ouest de Montréal,0,6,9,229.0
2013-2014,CR de l'Ouest de Montréal,0,7,1,16.0
2013-2014,CR de l'Ouest de Montréal,0,7,2,42.0
2013-2014,CR de l'Ouest de Montréal,0,7,3,32.0
2013-2014,CR de l'Ouest de Montréal,0,7,4,26.0
2013-2014,CR de l'Ouest de Montréal,0,7,5,18.0
2013-2014,CR de l'Ouest de Montréal,0,7,6,1.0
2013-2014,CR de l'Ouest de Montréal,0,7,7,0.0
2013-2014,CR de l'Ouest de Montréal,0,7,8,0.0
2013-2014,CR de l'Ouest de Montréal,0,7,9,135.0
2013-2014,CR de l'Ouest de Montréal,0,8,1,464.0
2013-2014,CR de l'Ouest de Montréal,0,8,2,686.0
2013-2014,CR de l'Ouest de Montréal,0,8,3,1017.0
2013-2014,CR de l'Ouest de Montréal,0,8,4,1807.0
2013-2014,CR de l'Ouest de Montréal,0,8,5,1767.0
2013-2014,CR de l'Ouest de Montréal,0,8,6,3086.0
2013-2014,CR de l'Ouest de Montréal,0,8,7,0.0
2013-2014,CR de l'Ouest de Montréal,0,8,8,0.0
2013-2014,CR de l'Ouest de Montréal,0,8,9,1116.0
2013-2014,CR de l'Ouest de Montréal,0,9,1,497.0
2013-2014,CR de l'Ouest de Montréal,0,9,2,520.0
2013-2014,CR de l'Ouest de Montréal,0,9,3,664.0
2013-2014,CR de l'Ouest de Montréal,0,9,4,1820.0
2013-2014,CR de l'Ouest de Montréal,0,9,5,1778.0
2013-2014,CR de l'Ouest de Montréal,0,9,6,3086.0
2013-2014,CR de l'Ouest de Montréal,0,9,7,0.0
2013-2014,CR de l'Ouest de Montréal,0,9,8,0.0
2013-2014,CR de l'Ouest de Montréal,0,9,9,730.0
2013-2014,CR de l'Ouest de Montréal,0,10,1,150.0
2013-2014,CR de l'Ouest de Montréal,0,10,2,332.0
2013-2014,CR de l'Ouest de Montréal,0,10,3,164.0
2013-2014,CR de l'Ouest de Montréal,0,10,4,67.0
2013-2014,CR de l'Ouest de Montréal,0,10,5,5.0
2013-2014,CR de l'Ouest de Montréal,0,10,6,2.0
2013-2014,CR de l'Ouest de Montréal,0,10,7,0.0
2013-2014,CR de l'Ouest de Montréal,0,10,8,0.0
2013-2014,CR de l'Ouest de Montréal,0,10,9,720.0
2013-2014,CR de l'Ouest de Montréal,0,11,1,375.0
2013-2014,CR de l'Ouest de Montréal,0,11,2,918.0
2013-2014,CR de l'Ouest de Montréal,0,11,3,1207.0
2013-2014,CR de l'Ouest de Montréal,0,11,4,1390.0
2013-2014,CR de l'Ouest de Montréal,0,11,5,348.0
2013-2014,CR de l'Ouest de Montréal,0,11,6,116.0
2013-2014,CR de l'Ouest de Montréal,0,11,7,0.0
2013-2014,CR de l'Ouest de Montréal,0,11,8,0.0
2013-2014,CR de l'Ouest de Montréal,0,11,9,909.0
2013-2014,CR de l'Ouest de Montréal,0,12,1,320.0
2013-2014,CR de l'Ouest de Montréal,0,12,2,699.0
2013-2014,CR de l'Ouest de Montréal,0,12,3,936.0
2013-2014,CR de l'Ouest de Montréal,0,12,4,1416.0
2013-2014,CR de l'Ouest de Montréal,0,12,5,326.0
2013-2014,CR de l'Ouest de Montréal,0,12,6,116.0
2013-2014,CR de l'Ouest de Montréal,0,12,7,0.0
2013-2014,CR de l'Ouest de Montréal,0,12,8,0.0
2013-2014,CR de l'Ouest de Montréal,0,12,9,640.0
2013-2014,CR de l'Ouest de Montréal,0,13,1,166.0
2013-2014,CR de l'Ouest de Montréal,0,13,2,374.0
2013-2014,CR de l'Ouest de Montréal,0,13,3,196.0
2013-2014,CR de l'Ouest de Montréal,0,13,4,116.0
2013-2014,CR de l'Ouest de Montréal,0,13,5,36.0
2013-2014,CR de l'Ouest de Montréal,0,13,6,3.0
2013-2014,CR de l'Ouest de Montréal,0,13,7,0.0
2013-2014,CR de l'Ouest de Montréal,0,13,8,0.0
2013-2014,CR de l'Ouest de Montréal,0,13,9,891.0
2013-2014,CR de l'Ouest de Montréal,0,14,1,384.0
2013-2014,CR de l'Ouest de Montréal,0,14,2,892.0
2013-2014,CR de l'Ouest de Montréal,0,14,3,1176.0
2013-2014,CR de l'Ouest de Montréal,0,14,4,1275.0
2013-2014,CR de l'Ouest de Montréal,0,14,5,1191.0
2013-2014,CR de l'Ouest de Montréal,0,14,6,1106.0
2013-2014,CR de l'Ouest de Montréal,0,14,7,0.0
2013-2014,CR de l'Ouest de Montréal,0,14,8,0.0
2013-2014,CR de l'Ouest de Montréal,0,14,9,923.0
2013-2014,CR de l'Ouest de Montréal,0,15,1,320.0
2013-2014,CR de l'Ouest de Montréal,0,15,2,682.0
2013-2014,CR de l'Ouest de Montréal,0,15,3,864.0
2013-2014,CR de l'Ouest de Montréal,0,15,4,1013.0
2013-2014,CR de l'Ouest de Montréal,0,15,5,923.0
2013-2014,CR de l'Ouest de Montréal,0,15,6,120.0
2013-2014,CR de l'Ouest de Montréal,0,15,7,0.0
2013-2014,CR de l'Ouest de Montréal,0,15,8,0.0
2013-2014,CR de l'Ouest de Montréal,0,15,9,651.0
2013-2014,CR de la Gaspésie,0,10,1,0.0
2013-2014,CR de la Gaspésie,0,10,2,3.0
2013-2014,CR de la Gaspésie,0,10,3,1.0
2013-2014,CR de la Gaspésie,0,10,4,0.0
2013-2014,CR de la Gaspésie,0,10,5,0.0
2013-2014,CR de la Gaspésie,0,10,6,0.0
2013-2014,CR de la Gaspésie,0,10,7,0.0
2013-2014,CR de la Gaspésie,0,10,8,0.0
2013-2014,CR de la Gaspésie,0,10,9,4.0
2013-2014,CR de la Gaspésie,0,11,2,230.0
2013-2014,CR de la Gaspésie,0,11,3,131.0
2013-2014,CR de la Gaspésie,0,11,9,206.0
2013-2014,CR de la Gaspésie,0,12,2,101.0
2013-2014,CR de la Gaspésie,0,12,3,131.0
2013-2014,CR de la Gaspésie,0,12,9,116.0
2013-2014,CR de la Gaspésie,0,13,1,0.0
2013-2014,CR de la Gaspésie,0,13,2,3.0
2013-2014,CR de la Gaspésie,0,13,3,1.0
2013-2014,CR de la Gaspésie,0,13,4,0.0
2013-2014,CR de la Gaspésie,0,13,5,0.0
2013-2014,CR de la Gaspésie,0,13,6,0.0
2013-2014,CR de la Gaspésie,0,13,7,0.0
2013-2014,CR de la Gaspésie,0,13,8,0.0
2013-2014,CR de la Gaspésie,0,13,9,4.0
2013-2014,CR de la Gaspésie,0,14,2,230.0
2013-2014,CR de la Gaspésie,0,14,3,131.0
2013-2014,CR de la Gaspésie,0,14,9,206.0
2013-2014,CR de la Gaspésie,0,15,2,101.0
2013-2014,CR de la Gaspésie,0,15,3,131.0
2013-2014,CR de la Gaspésie,0,15,9,116.0
2013-2014,CRDI de Québec,0,1,4,8.0
2013-2014,CRDI de Québec,0,1,5,3.0
2013-2014,CRDI de Québec,0,1,9,11.0
2013-2014,CRDI de Québec,0,2,4,316.0
2013-2014,CRDI de Québec,0,2,5,175.0
2013-2014,CRDI de Québec,0,2,9,278.0
2013-2014,CRDI de Québec,0,3,4,250.0
2013-2014,CRDI de Québec,0,3,5,146.0
2013-2014,CRDI de Québec,0,3,9,146.0
2013-2014,CRDI de Québec,0,4,4,5.0
2013-2014,CRDI de Québec,0,4,5,6.0
2013-2014,CRDI de Québec,0,4,6,1.0
2013-2014,CRDI de Québec,0,4,9,12.0
2013-2014,CRDI de Québec,0,5,4,279.0
2013-2014,CRDI de Québec,0,5,5,949.0
2013-2014,CRDI de Québec,0,5,6,166.0
2013-2014,CRDI de Québec,0,5,9,604.0
2013-2014,CRDI de Québec,0,6,4,337.0
2013-2014,CRDI de Québec,0,6,5,940.0
2013-2014,CRDI de Québec,0,6,6,166.0
2013-2014,CRDI de Québec,0,6,9,449.0
2013-2014,CRDI de Québec,0,7,2,3.0
2013-2014,CRDI de Québec,0,7,3,4.0
2013-2014,CRDI de Québec,0,7,4,3.0
2013-2014,CRDI de Québec,0,7,5,12.0
2013-2014,CRDI de Québec,0,7,6,2.0
2013-2014,CRDI de Québec,0,7,9,24.0
2013-2014,CRDI de Québec,0,8,2,111.0
2013-2014,CRDI de Québec,0,8,3,271.0
2013-2014,CRDI de Québec,0,8,4,372.0
2013-2014,CRDI de Québec,0,8,5,725.0
2013-2014,CRDI de Québec,0,8,6,762.0
2013-2014,CRDI de Québec,0,8,9,531.0
2013-2014,CRDI de Québec,0,9,2,111.0
2013-2014,CRDI de Québec,0,9,3,285.0
2013-2014,CRDI de Québec,0,9,4,315.0
2013-2014,CRDI de Québec,0,9,5,522.0
2013-2014,CRDI de Québec,0,9,6,762.0
2013-2014,CRDI de Québec,0,9,9,311.0
2013-2014,CRDI de Québec,0,10,1,5.0
2013-2014,CRDI de Québec,0,10,2,71.0
2013-2014,CRDI de Québec,0,10,3,43.0
2013-2014,CRDI de Québec,0,10,4,12.0
2013-2014,CRDI de Québec,0,10,5,6.0
2013-2014,CRDI de Québec,0,10,6,1.0
2013-2014,CRDI de Québec,0,10,9,138.0
2013-2014,CRDI de Québec,0,11,1,267.0
2013-2014,CRDI de Québec,0,11,2,239.0
2013-2014,CRDI de Québec,0,11,3,229.0
2013-2014,CRDI de Québec,0,11,4,208.0
2013-2014,CRDI de Québec,0,11,5,172.0
2013-2014,CRDI de Québec,0,11,6,452.0
2013-2014,CRDI de Québec,0,11,9,233.0
2013-2014,CRDI de Québec,0,12,1,302.0
2013-2014,CRDI de Québec,0,12,2,202.0
2013-2014,CRDI de Québec,0,12,3,181.0
2013-2014,CRDI de Québec,0,12,4,152.0
2013-2014,CRDI de Québec,0,12,5,140.0
2013-2014,CRDI de Québec,0,12,6,452.0
2013-2014,CRDI de Québec,0,12,9,192.0
2013-2014,CRDI de Québec,0,13,1,5.0
2013-2014,CRDI de Québec,0,13,2,74.0
2013-2014,CRDI de Québec,0,13,3,47.0
2013-2014,CRDI de Québec,0,13,4,28.0
2013-2014,CRDI de Québec,0,13,5,27.0
2013-2014,CRDI de Québec,0,13,6,4.0
2013-2014,CRDI de Québec,0,13,9,185.0
2013-2014,CRDI de Québec,0,14,1,267.0
2013-2014,CRDI de Québec,0,14,2,234.0
2013-2014,CRDI de Québec,0,14,3,233.0
2013-2014,CRDI de Québec,0,14,4,269.0
2013-2014,CRDI de Québec,0,14,5,591.0
2013-2014,CRDI de Québec,0,14,6,535.0
2013-2014,CRDI de Québec,0,14,9,298.0
2013-2014,CRDI de Québec,0,15,1,302.0
2013-2014,CRDI de Québec,0,15,2,198.0
2013-2014,CRDI de Québec,0,15,3,189.0
2013-2014,CRDI de Québec,0,15,4,234.0
2013-2014,CRDI de Québec,0,15,5,349.0
2013-2014,CRDI de Québec,0,15,6,309.0
2013-2014,CRDI de Québec,0,15,9,202.0
2013-2014,CRDITED Chaudière-Appalaches,0,1,1,0.0
2013-2014,CRDITED Chaudière-Appalaches,0,1,2,0.0
2013-2014,CRDITED Chaudière-Appalaches,0,1,3,0.0
2013-2014,CRDITED Chaudière-Appalaches,0,1,4,0.0
2013-2014,CRDITED Chaudière-Appalaches,0,1,5,1.0
2013-2014,CRDITED Chaudière-Appalaches,0,1,6,1.0
2013-2014,CRDITED Chaudière-Appalaches,0,1,7,0.0
2013-2014,CRDITED Chaudière-Appalaches,0,1,8,0.0
2013-2014,CRDITED Chaudière-Appalaches,0,1,9,2.0
2013-2014,CRDITED Chaudière-Appalaches,0,2,5,159.0
2013-2014,CRDITED Chaudière-Appalaches,0,2,6,210.0
2013-2014,CRDITED Chaudière-Appalaches,0,2,9,184.0
2013-2014,CRDITED Chaudière-Appalaches,0,3,5,159.0
2013-2014,CRDITED Chaudière-Appalaches,0,3,6,210.0
2013-2014,CRDITED Chaudière-Appalaches,0,3,9,184.0
2013-2014,CRDITED Chaudière-Appalaches,0,4,1,0.0
2013-2014,CRDITED Chaudière-Appalaches,0,4,2,0.0
2013-2014,CRDITED Chaudière-Appalaches,0,4,3,5.0
2013-2014,CRDITED Chaudière-Appalaches,0,4,4,9.0
2013-2014,CRDITED Chaudière-Appalaches,0,4,5,1.0
2013-2014,CRDITED Chaudière-Appalaches,0,4,6,0.0
2013-2014,CRDITED Chaudière-Appalaches,0,4,7,0.0
2013-2014,CRDITED Chaudière-Appalaches,0,4,8,0.0
2013-2014,CRDITED Chaudière-Appalaches,0,4,9,15.0
2013-2014,CRDITED Chaudière-Appalaches,0,5,3,157.0
2013-2014,CRDITED Chaudière-Appalaches,0,5,4,114.0
2013-2014,CRDITED Chaudière-Appalaches,0,5,5,412.0
2013-2014,CRDITED Chaudière-Appalaches,0,5,9,148.0
2013-2014,CRDITED Chaudière-Appalaches,0,6,3,145.0
2013-2014,CRDITED Chaudière-Appalaches,0,6,4,48.0
2013-2014,CRDITED Chaudière-Appalaches,0,6,5,412.0
2013-2014,CRDITED Chaudière-Appalaches,0,6,9,137.0
2013-2014,CRDITED Chaudière-Appalaches,0,7,1,0.0
2013-2014,CRDITED Chaudière-Appalaches,0,7,2,2.0
2013-2014,CRDITED Chaudière-Appalaches,0,7,3,2.0
2013-2014,CRDITED Chaudière-Appalaches,0,7,4,0.0
2013-2014,CRDITED Chaudière-Appalaches,0,7,5,1.0
2013-2014,CRDITED Chaudière-Appalaches,0,7,6,1.0
2013-2014,CRDITED Chaudière-Appalaches,0,7,7,0.0
2013-2014,CRDITED Chaudière-Appalaches,0,7,8,0.0
2013-2014,CRDITED Chaudière-Appalaches,0,7,9,6.0
2013-2014,CRDITED Chaudière-Appalaches,0,8,2,468.0
2013-2014,CRDITED Chaudière-Appalaches,0,8,3,23.0
2013-2014,CRDITED Chaudière-Appalaches,0,8,5,16.0
2013-2014,CRDITED Chaudière-Appalaches,0,8,6,895.0
2013-2014,CRDITED Chaudière-Appalaches,0,8,9,315.0
2013-2014,CRDITED Chaudière-Appalaches,0,9,2,468.0
2013-2014,CRDITED Chaudière-Appalaches,0,9,3,23.0
2013-2014,CRDITED Chaudière-Appalaches,0,9,5,16.0
2013-2014,CRDITED Chaudière-Appalaches,0,9,6,895.0
2013-2014,CRDITED Chaudière-Appalaches,0,9,9,116.0
2013-2014,CRDITED Chaudière-Appalaches,0,10,1,5.0
2013-2014,CRDITED Chaudière-Appalaches,0,10,2,15.0
2013-2014,CRDITED Chaudière-Appalaches,0,10,3,6.0
2013-2014,CRDITED Chaudière-Appalaches,0,10,4,2.0
2013-2014,CRDITED Chaudière-Appalaches,0,10,5,0.0
2013-2014,CRDITED Chaudière-Appalaches,0,10,6,0.0
2013-2014,CRDITED Chaudière-Appalaches,0,10,7,0.0
2013-2014,CRDITED Chaudière-Appalaches,0,10,8,0.0
2013-2014,CRDITED Chaudière-Appalaches,0,10,9,28.0
2013-2014,CRDITED Chaudière-Appalaches,0,11,1,50.0
2013-2014,CRDITED Chaudière-Appalaches,0,11,2,143.0
2013-2014,CRDITED Chaudière-Appalaches,0,11,3,97.0
2013-2014,CRDITED Chaudière-Appalaches,0,11,4,110.0
2013-2014,CRDITED Chaudière-Appalaches,0,11,9,114.0
2013-2014,CRDITED Chaudière-Appalaches,0,12,1,15.0
2013-2014,CRDITED Chaudière-Appalaches,0,12,2,179.0
2013-2014,CRDITED Chaudière-Appalaches,0,12,3,52.0
2013-2014,CRDITED Chaudière-Appalaches,0,12,4,110.0
2013-2014,CRDITED Chaudière-Appalaches,0,12,9,72.0
2013-2014,CRDITED Chaudière-Appalaches,0,13,1,5.0
2013-2014,CRDITED Chaudière-Appalaches,0,13,2,17.0
2013-2014,CRDITED Chaudière-Appalaches,0,13,3,13.0
2013-2014,CRDITED Chaudière-Appalaches,0,13,4,11.0
2013-2014,CRDITED Chaudière-Appalaches,0,13,5,3.0
2013-2014,CRDITED Chaudière-Appalaches,0,13,6,2.0
2013-2014,CRDITED Chaudière-Appalaches,0,13,7,0.0
2013-2014,CRDITED Chaudière-Appalaches,0,13,8,0.0
2013-2014,CRDITED Chaudière-Appalaches,0,13,9,51.0
2013-2014,CRDITED Chaudière-Appalaches,0,14,1,50.0
2013-2014,CRDITED Chaudière-Appalaches,0,14,2,181.0
2013-2014,CRDITED Chaudière-Appalaches,0,14,3,108.0
2013-2014,CRDITED Chaudière-Appalaches,0,14,4,113.0
2013-2014,CRDITED Chaudière-Appalaches,0,14,5,196.0
2013-2014,CRDITED Chaudière-Appalaches,0,14,6,552.0
2013-2014,CRDITED Chaudière-Appalaches,0,14,9,150.0
2013-2014,CRDITED Chaudière-Appalaches,0,15,1,15.0
2013-2014,CRDITED Chaudière-Appalaches,0,15,2,188.0
2013-2014,CRDITED Chaudière-Appalaches,0,15,3,48.0
2013-2014,CRDITED Chaudière-Appalaches,0,15,4,48.0
2013-2014,CRDITED Chaudière-Appalaches,0,15,5,159.0
2013-2014,CRDITED Chaudière-Appalaches,0,15,6,552.0
2013-2014,CRDITED Chaudière-Appalaches,0,15,9,92.0
2013-2014,CRDITED Mauricie et Centre-du-Québec,0,1,4,1.0
2013-2014,CRDITED Mauricie et Centre-du-Québec,0,1,5,2.0
2013-2014,CRDITED Mauricie et Centre-du-Québec,0,1,6,2.0
2013-2014,CRDITED Mauricie et Centre-du-Québec,0,1,9,5.0
2013-2014,CRDITED Mauricie et Centre-du-Québec,0,2,4,35.0
2013-2014,CRDITED Mauricie et Centre-du-Québec,0,2,5,375.0
2013-2014,CRDITED Mauricie et Centre-du-Québec,0,2,6,191.0
2013-2014,CRDITED Mauricie et Centre-du-Québec,0,2,9,233.0
2013-2014,CRDITED Mauricie et Centre-du-Québec,0,3,4,35.0
2013-2014,CRDITED Mauricie et Centre-du-Québec,0,3,5,375.0
2013-2014,CRDITED Mauricie et Centre-du-Québec,0,3,6,191.0
2013-2014,CRDITED Mauricie et Centre-du-Québec,0,3,9,356.0
2013-2014,CRDITED Mauricie et Centre-du-Québec,0,4,4,5.0
2013-2014,CRDITED Mauricie et Centre-du-Québec,0,4,5,1.0
2013-2014,CRDITED Mauricie et Centre-du-Québec,0,4,9,6.0
2013-2014,CRDITED Mauricie et Centre-du-Québec,0,5,4,164.0
2013-2014,CRDITED Mauricie et Centre-du-Québec,0,5,5,39.0
2013-2014,CRDITED Mauricie et Centre-du-Québec,0,5,9,143.0
2013-2014,CRDITED Mauricie et Centre-du-Québec,0,6,4,118.0
2013-2014,CRDITED Mauricie et Centre-du-Québec,0,6,5,39.0
2013-2014,CRDITED Mauricie et Centre-du-Québec,0,6,9,94.0
2013-2014,CRDITED Mauricie et Centre-du-Québec,0,7,2,1.0
2013-2014,CRDITED Mauricie et Centre-du-Québec,0,7,5,1.0
2013-2014,CRDITED Mauricie et Centre-du-Québec,0,7,9,2.0
2013-2014,CRDITED Mauricie et Centre-du-Québec,0,8,2,166.0
2013-2014,CRDITED Mauricie et Centre-du-Québec,0,8,5,301.0
2013-2014,CRDITED Mauricie et Centre-du-Québec,0,8,9,234.0
2013-2014,CRDITED Mauricie et Centre-du-Québec,0,9,2,166.0
2013-2014,CRDITED Mauricie et Centre-du-Québec,0,9,5,301.0
2013-2014,CRDITED Mauricie et Centre-du-Québec,0,9,9,234.0
2013-2014,CRDITED Mauricie et Centre-du-Québec,0,10,1,6.0
2013-2014,CRDITED Mauricie et Centre-du-Québec,0,10,2,25.0
2013-2014,CRDITED Mauricie et Centre-du-Québec,0,10,3,3.0
2013-2014,CRDITED Mauricie et Centre-du-Québec,0,10,4,4.0
2013-2014,CRDITED Mauricie et Centre-du-Québec,0,10,5,5.0
2013-2014,CRDITED Mauricie et Centre-du-Québec,0,10,6,2.0
2013-2014,CRDITED Mauricie et Centre-du-Québec,0,10,9,45.0
2013-2014,CRDITED Mauricie et Centre-du-Québec,0,11,1,70.0
2013-2014,CRDITED Mauricie et Centre-du-Québec,0,11,2,95.0
2013-2014,CRDITED Mauricie et Centre-du-Québec,0,11,3,82.0
2013-2014,CRDITED Mauricie et Centre-du-Québec,0,11,4,174.0
2013-2014,CRDITED Mauricie et Centre-du-Québec,0,11,5,588.0
2013-2014,CRDITED Mauricie et Centre-du-Québec,0,11,6,36.0
2013-2014,CRDITED Mauricie et Centre-du-Québec,0,11,9,150.0
2013-2014,CRDITED Mauricie et Centre-du-Québec,0,12,1,41.0
2013-2014,CRDITED Mauricie et Centre-du-Québec,0,12,2,76.0
2013-2014,CRDITED Mauricie et Centre-du-Québec,0,12,3,61.0
2013-2014,CRDITED Mauricie et Centre-du-Québec,0,12,4,41.0
2013-2014,CRDITED Mauricie et Centre-du-Québec,0,12,5,258.0
2013-2014,CRDITED Mauricie et Centre-du-Québec,0,12,6,36.0
2013-2014,CRDITED Mauricie et Centre-du-Québec,0,12,9,61.0
2013-2014,CRDITED Mauricie et Centre-du-Québec,0,13,1,6.0
2013-2014,CRDITED Mauricie et Centre-du-Québec,0,13,2,26.0
2013-2014,CRDITED Mauricie et Centre-du-Québec,0,13,3,3.0
2013-2014,CRDITED Mauricie et Centre-du-Québec,0,13,4,10.0
2013-2014,CRDITED Mauricie et Centre-du-Québec,0,13,5,9.0
2013-2014,CRDITED Mauricie et Centre-du-Québec,0,13,6,4.0
2013-2014,CRDITED Mauricie et Centre-du-Québec,0,13,9,58.0
2013-2014,CRDITED Mauricie et Centre-du-Québec,0,14,1,70.0
2013-2014,CRDITED Mauricie et Centre-du-Québec,0,14,2,98.0
2013-2014,CRDITED Mauricie et Centre-du-Québec,0,14,3,82.0
2013-2014,CRDITED Mauricie et Centre-du-Québec,0,14,4,155.0
2013-2014,CRDITED Mauricie et Centre-du-Québec,0,14,5,448.0
2013-2014,CRDITED Mauricie et Centre-du-Québec,0,14,6,114.0
2013-2014,CRDITED Mauricie et Centre-du-Québec,0,14,9,159.0
2013-2014,CRDITED Mauricie et Centre-du-Québec,0,15,1,41.0
2013-2014,CRDITED Mauricie et Centre-du-Québec,0,15,2,78.0
2013-2014,CRDITED Mauricie et Centre-du-Québec,0,15,3,61.0
2013-2014,CRDITED Mauricie et Centre-du-Québec,0,15,4,59.0
2013-2014,CRDITED Mauricie et Centre-du-Québec,0,15,5,301.0
2013-2014,CRDITED Mauricie et Centre-du-Québec,0,15,6,36.0
2013-2014,CRDITED Mauricie et Centre-du-Québec,0,15,9,73.0
2013-2014,CRDITED de Laval,0,7,3,3.0
2013-2014,CRDITED de Laval,0,7,4,8.0
2013-2014,CRDITED de Laval,0,7,5,2.0
2013-2014,CRDITED de Laval,0,7,9,13.0
2013-2014,CRDITED de Laval,0,8,3,703.0
2013-2014,CRDITED de Laval,0,8,4,617.0
2013-2014,CRDITED de Laval,0,8,5,434.0
2013-2014,CRDITED de Laval,0,8,9,609.0
2013-2014,CRDITED de Laval,0,9,3,595.0
2013-2014,CRDITED de Laval,0,9,4,377.0
2013-2014,CRDITED de Laval,0,9,5,434.0
2013-2014,CRDITED de Laval,0,9,9,403.0
2013-2014,CRDITED de Laval,0,10,1,51.0
2013-2014,CRDITED de Laval,0,10,2,94.0
2013-2014,CRDITED de Laval,0,10,3,31.0
2013-2014,CRDITED de Laval,0,10,4,15.0
2013-2014,CRDITED de Laval,0,10,5,8.0
2013-2014,CRDITED de Laval,0,10,9,199.0
2013-2014,CRDITED de Laval,0,11,1,182.0
2013-2014,CRDITED de Laval,0,11,2,320.0
2013-2014,CRDITED de Laval,0,11,3,218.0
2013-2014,CRDITED de Laval,0,11,4,311.0
2013-2014,CRDITED de Laval,0,11,5,261.0
2013-2014,CRDITED de Laval,0,11,9,265.0
2013-2014,CRDITED de Laval,0,12,1,126.0
2013-2014,CRDITED de Laval,0,12,2,298.0
2013-2014,CRDITED de Laval,0,12,3,243.0
2013-2014,CRDITED de Laval,0,12,4,232.0
2013-2014,CRDITED de Laval,0,12,5,236.0
2013-2014,CRDITED de Laval,0,12,9,243.0
2013-2014,CRDITED de Laval,0,13,1,51.0
2013-2014,CRDITED de Laval,0,13,2,94.0
2013-2014,CRDITED de Laval,0,13,3,34.0
2013-2014,CRDITED de Laval,0,13,4,23.0
2013-2014,CRDITED de Laval,0,13,5,10.0
2013-2014,CRDITED de Laval,0,13,9,212.0
2013-2014,CRDITED de Laval,0,14,1,182.0
2013-2014,CRDITED de Laval,0,14,2,320.0
2013-2014,CRDITED de Laval,0,14,3,260.0
2013-2014,CRDITED de Laval,0,14,4,417.0
2013-2014,CRDITED de Laval,0,14,5,296.0
2013-2014,CRDITED de Laval,0,14,9,286.0
2013-2014,CRDITED de Laval,0,15,1,126.0
2013-2014,CRDITED de Laval,0,15,2,298.0
2013-2014,CRDITED de Laval,0,15,3,245.0
2013-2014,CRDITED de Laval,0,15,4,351.0
2013-2014,CRDITED de Laval,0,15,5,236.0
2013-2014,CRDITED de Laval,0,15,9,259.0
2013-2014,CRDITED de Montréal,0,1,1,0.0
2013-2014,CRDITED de Montréal,0,1,2,0.0
2013-2014,CRDITED de Montréal,0,1,3,1.0
2013-2014,CRDITED de Montréal,0,1,4,6.0
2013-2014,CRDITED de Montréal,0,1,5,11.0
2013-2014,CRDITED de Montréal,0,1,6,2.0
2013-2014,CRDITED de Montréal,0,1,7,0.0
2013-2014,CRDITED de Montréal,0,1,8,0.0
2013-2014,CRDITED de Montréal,0,1,9,20.0
2013-2014,CRDITED de Montréal,0,2,1,0.0
2013-2014,CRDITED de Montréal,0,2,2,0.0
2013-2014,CRDITED de Montréal,0,2,3,166.0
2013-2014,CRDITED de Montréal,0,2,4,190.0
2013-2014,CRDITED de Montréal,0,2,5,1589.0
2013-2014,CRDITED de Montréal,0,2,6,1386.0
2013-2014,CRDITED de Montréal,0,2,7,0.0
2013-2014,CRDITED de Montréal,0,2,8,0.0
2013-2014,CRDITED de Montréal,0,2,9,1078.0
2013-2014,CRDITED de Montréal,0,4,1,0.0
2013-2014,CRDITED de Montréal,0,4,2,0.0
2013-2014,CRDITED de Montréal,0,4,3,3.0
2013-2014,CRDITED de Montréal,0,4,4,21.0
2013-2014,CRDITED de Montréal,0,4,5,20.0
2013-2014,CRDITED de Montréal,0,4,6,8.0
2013-2014,CRDITED de Montréal,0,4,7,0.0
2013-2014,CRDITED de Montréal,0,4,8,0.0
2013-2014,CRDITED de Montréal,0,4,9,52.0
2013-2014,CRDITED de Montréal,0,5,1,0.0
2013-2014,CRDITED de Montréal,0,5,2,0.0
2013-2014,CRDITED de Montréal,0,5,3,81.0
2013-2014,CRDITED de Montréal,0,5,4,407.0
2013-2014,CRDITED de Montréal,0,5,5,1300.0
2013-2014,CRDITED de Montréal,0,5,6,2220.0
2013-2014,CRDITED de Montréal,0,5,7,0.0
2013-2014,CRDITED de Montréal,0,5,8,0.0
2013-2014,CRDITED de Montréal,0,5,9,1010.0
2013-2014,CRDITED de Montréal,0,7,1,1.0
2013-2014,CRDITED de Montréal,0,7,2,9.0
2013-2014,CRDITED de Montréal,0,7,3,22.0
2013-2014,CRDITED de Montréal,0,7,4,5.0
2013-2014,CRDITED de Montréal,0,7,5,18.0
2013-2014,CRDITED de Montréal,0,7,6,3.0
2013-2014,CRDITED de Montréal,0,7,7,0.0
2013-2014,CRDITED de Montréal,0,7,8,0.0
2013-2014,CRDITED de Montréal,0,7,9,58.0
2013-2014,CRDITED de Montréal,0,8,1,74.0
2013-2014,CRDITED de Montréal,0,8,2,897.0
2013-2014,CRDITED de Montréal,0,8,3,1299.0
2013-2014,CRDITED de Montréal,0,8,4,1730.0
2013-2014,CRDITED de Montréal,0,8,5,2191.0
2013-2014,CRDITED de Montréal,0,8,6,571.0
2013-2014,CRDITED de Montréal,0,8,7,0.0
2013-2014,CRDITED de Montréal,0,8,8,0.0
2013-2014,CRDITED de Montréal,0,8,9,1492.0
2013-2014,CRDITED de Montréal,0,10,1,204.0
2013-2014,CRDITED de Montréal,0,10,2,277.0
2013-2014,CRDITED de Montréal,0,10,3,109.0
2013-2014,CRDITED de Montréal,0,10,4,32.0
2013-2014,CRDITED de Montréal,0,10,5,23.0
2013-2014,CRDITED de Montréal,0,10,6,12.0
2013-2014,CRDITED de Montréal,0,10,7,0.0
2013-2014,CRDITED de Montréal,0,10,8,0.0
2013-2014,CRDITED de Montréal,0,10,9,657.0
2013-2014,CRDITED de Montréal,0,11,1,271.0
2013-2014,CRDITED de Montréal,0,11,2,606.0
2013-2014,CRDITED de Montréal,0,11,3,592.0
2013-2014,CRDITED de Montréal,0,11,4,650.0
2013-2014,CRDITED de Montréal,0,11,5,752.0
2013-2014,CRDITED de Montréal,0,11,6,688.0
2013-2014,CRDITED de Montréal,0,11,7,0.0
2013-2014,CRDITED de Montréal,0,11,8,0.0
2013-2014,CRDITED de Montréal,0,11,9,508.0
2013-2014,CRDITED de Montréal,0,13,1,205.0
2013-2014,CRDITED de Montréal,0,13,2,286.0
2013-2014,CRDITED de Montréal,0,13,3,135.0
2013-2014,CRDITED de Montréal,0,13,4,64.0
2013-2014,CRDITED de Montréal,0,13,5,72.0
2013-2014,CRDITED de Montréal,0,13,6,25.0
2013-2014,CRDITED de Montréal,0,13,7,0.0
2013-2014,CRDITED de Montréal,0,13,8,0.0
2013-2014,CRDITED de Montréal,0,13,9,787.0
2013-2014,CRDITED de Montréal,0,14,1,270.0
2013-2014,CRDITED de Montréal,0,14,2,615.0
2013-2014,CRDITED de Montréal,0,14,3,695.0
2013-2014,CRDITED de Montréal,0,14,4,612.0
2013-2014,CRDITED de Montréal,0,14,5,1392.0
2013-2014,CRDITED de Montréal,0,14,6,1220.0
2013-2014,CRDITED de Montréal,0,14,7,0.0
2013-2014,CRDITED de Montréal,0,14,8,0.0
2013-2014,CRDITED de Montréal,0,14,9,629.0
2013-2014,CRDITED de l'Estrie,0,1,1,0.0
2013-2014,CRDITED de l'Estrie,0,1,2,0.0
2013-2014,CRDITED de l'Estrie,0,1,3,0.0
2013-2014,CRDITED de l'Estrie,0,1,4,1.0
2013-2014,CRDITED de l'Estrie,0,1,5,0.0
2013-2014,CRDITED de l'Estrie,0,1,6,1.0
2013-2014,CRDITED de l'Estrie,0,1,7,0.0
2013-2014,CRDITED de l'Estrie,0,1,8,0.0
2013-2014,CRDITED de l'Estrie,0,1,9,2.0
2013-2014,CRDITED de l'Estrie,0,2,1,0.0
2013-2014,CRDITED de l'Estrie,0,2,2,0.0
2013-2014,CRDITED de l'Estrie,0,2,3,0.0
2013-2014,CRDITED de l'Estrie,0,2,4,280.0
2013-2014,CRDITED de l'Estrie,0,2,5,0.0
2013-2014,CRDITED de l'Estrie,0,2,6,231.0
2013-2014,CRDITED de l'Estrie,0,2,7,0.0
2013-2014,CRDITED de l'Estrie,0,2,8,0.0
2013-2014,CRDITED de l'Estrie,0,2,9,256.0
2013-2014,CRDITED de l'Estrie,0,3,1,0.0
2013-2014,CRDITED de l'Estrie,0,3,2,0.0
2013-2014,CRDITED de l'Estrie,0,3,3,0.0
2013-2014,CRDITED de l'Estrie,0,3,4,280.0
2013-2014,CRDITED de l'Estrie,0,3,5,0.0
2013-2014,CRDITED de l'Estrie,0,3,6,231.0
2013-2014,CRDITED de l'Estrie,0,3,7,0.0
2013-2014,CRDITED de l'Estrie,0,3,8,0.0
2013-2014,CRDITED de l'Estrie,0,3,9,256.0
2013-2014,CRDITED de l'Estrie,0,4,1,0.0
2013-2014,CRDITED de l'Estrie,0,4,2,0.0
2013-2014,CRDITED de l'Estrie,0,4,3,1.0
2013-2014,CRDITED de l'Estrie,0,4,4,1.0
2013-2014,CRDITED de l'Estrie,0,4,5,0.0
2013-2014,CRDITED de l'Estrie,0,4,6,0.0
2013-2014,CRDITED de l'Estrie,0,4,7,0.0
2013-2014,CRDITED de l'Estrie,0,4,8,0.0
2013-2014,CRDITED de l'Estrie,0,4,9,2.0
2013-2014,CRDITED de l'Estrie,0,5,1,0.0
2013-2014,CRDITED de l'Estrie,0,5,2,0.0
2013-2014,CRDITED de l'Estrie,0,5,3,132.0
2013-2014,CRDITED de l'Estrie,0,5,4,130.0
2013-2014,CRDITED de l'Estrie,0,5,5,0.0
2013-2014,CRDITED de l'Estrie,0,5,6,0.0
2013-2014,CRDITED de l'Estrie,0,5,7,0.0
2013-2014,CRDITED de l'Estrie,0,5,8,0.0
2013-2014,CRDITED de l'Estrie,0,5,9,131.0
2013-2014,CRDITED de l'Estrie,0,6,1,0.0
2013-2014,CRDITED de l'Estrie,0,6,2,0.0
2013-2014,CRDITED de l'Estrie,0,6,3,132.0
2013-2014,CRDITED de l'Estrie,0,6,4,130.0
2013-2014,CRDITED de l'Estrie,0,6,5,0.0
2013-2014,CRDITED de l'Estrie,0,6,6,0.0
2013-2014,CRDITED de l'Estrie,0,6,7,0.0
2013-2014,CRDITED de l'Estrie,0,6,8,0.0
2013-2014,CRDITED de l'Estrie,0,6,9,131.0
2013-2014,CRDITED de l'Estrie,0,7,1,0.0
2013-2014,CRDITED de l'Estrie,0,7,2,0.0
2013-2014,CRDITED de l'Estrie,0,7,3,1.0
2013-2014,CRDITED de l'Estrie,0,7,4,2.0
2013-2014,CRDITED de l'Estrie,0,7,5,1.0
2013-2014,CRDITED de l'Estrie,0,7,6,0.0
2013-2014,CRDITED de l'Estrie,0,7,7,0.0
2013-2014,CRDITED de l'Estrie,0,7,8,0.0
2013-2014,CRDITED de l'Estrie,0,7,9,4.0
2013-2014,CRDITED de l'Estrie,0,8,1,0.0
2013-2014,CRDITED de l'Estrie,0,8,2,0.0
2013-2014,CRDITED de l'Estrie,0,8,3,711.0
2013-2014,CRDITED de l'Estrie,0,8,4,218.0
2013-2014,CRDITED de l'Estrie,0,8,5,1002.0
2013-2014,CRDITED de l'Estrie,0,8,6,0.0
2013-2014,CRDITED de l'Estrie,0,8,7,0.0
2013-2014,CRDITED de l'Estrie,0,8,8,0.0
2013-2014,CRDITED de l'Estrie,0,8,9,537.0
2013-2014,CRDITED de l'Estrie,0,9,1,0.0
2013-2014,CRDITED de l'Estrie,0,9,2,0.0
2013-2014,CRDITED de l'Estrie,0,9,3,711.0
2013-2014,CRDITED de l'Estrie,0,9,4,218.0
2013-2014,CRDITED de l'Estrie,0,9,5,1002.0
2013-2014,CRDITED de l'Estrie,0,9,6,0.0
2013-2014,CRDITED de l'Estrie,0,9,7,0.0
2013-2014,CRDITED de l'Estrie,0,9,8,0.0
2013-2014,CRDITED de l'Estrie,0,9,9,550.0
2013-2014,CRDITED de l'Estrie,0,10,1,10.0
2013-2014,CRDITED de l'Estrie,0,10,2,36.0
2013-2014,CRDITED de l'Estrie,0,10,3,19.0
2013-2014,CRDITED de l'Estrie,0,10,4,3.0
2013-2014,CRDITED de l'Estrie,0,10,5,1.0
2013-2014,CRDITED de l'Estrie,0,10,6,0.0
2013-2014,CRDITED de l'Estrie,0,10,7,0.0
2013-2014,CRDITED de l'Estrie,0,10,8,0.0
2013-2014,CRDITED de l'Estrie,0,10,9,69.0
2013-2014,CRDITED de l'Estrie,0,11,1,63.0
2013-2014,CRDITED de l'Estrie,0,11,2,302.0
2013-2014,CRDITED de l'Estrie,0,11,3,391.0
2013-2014,CRDITED de l'Estrie,0,11,4,528.0
2013-2014,CRDITED de l'Estrie,0,11,5,377.0
2013-2014,CRDITED de l'Estrie,0,11,6,0.0
2013-2014,CRDITED de l'Estrie,0,11,7,0.0
2013-2014,CRDITED de l'Estrie,0,11,8,0.0
2013-2014,CRDITED de l'Estrie,0,11,9,303.0
2013-2014,CRDITED de l'Estrie,0,12,1,52.0
2013-2014,CRDITED de l'Estrie,0,12,2,186.0
2013-2014,CRDITED de l'Estrie,0,12,3,222.0
2013-2014,CRDITED de l'Estrie,0,12,4,441.0
2013-2014,CRDITED de l'Estrie,0,12,5,377.0
2013-2014,CRDITED de l'Estrie,0,12,6,0.0
2013-2014,CRDITED de l'Estrie,0,12,7,0.0
2013-2014,CRDITED de l'Estrie,0,12,8,0.0
2013-2014,CRDITED de l'Estrie,0,12,9,176.0
2013-2014,CRDITED de l'Estrie,0,13,1,10.0
2013-2014,CRDITED de l'Estrie,0,13,2,36.0
2013-2014,CRDITED de l'Estrie,0,13,3,21.0
2013-2014,CRDITED de l'Estrie,0,13,4,7.0
2013-2014,CRDITED de l'Estrie,0,13,5,2.0
2013-2014,CRDITED de l'Estrie,0,13,6,1.0
2013-2014,CRDITED de l'Estrie,0,13,7,0.0
2013-2014,CRDITED de l'Estrie,0,13,8,0.0
2013-2014,CRDITED de l'Estrie,0,13,9,77.0
2013-2014,CRDITED de l'Estrie,0,14,1,63.0
2013-2014,CRDITED de l'Estrie,0,14,2,302.0
2013-2014,CRDITED de l'Estrie,0,14,3,394.0
2013-2014,CRDITED de l'Estrie,0,14,4,347.0
2013-2014,CRDITED de l'Estrie,0,14,5,690.0
2013-2014,CRDITED de l'Estrie,0,14,6,231.0
2013-2014,CRDITED de l'Estrie,0,14,7,0.0
2013-2014,CRDITED de l'Estrie,0,14,8,0.0
2013-2014,CRDITED de l'Estrie,0,14,9,309.0
2013-2014,CRDITED de l'Estrie,0,15,1,52.0
2013-2014,CRDITED de l'Estrie,0,15,2,186.0
2013-2014,CRDITED de l'Estrie,0,15,3,222.0
2013-2014,CRDITED de l'Estrie,0,15,4,280.0
2013-2014,CRDITED de l'Estrie,0,15,5,690.0
2013-2014,CRDITED de l'Estrie,0,15,6,231.0
2013-2014,CRDITED de l'Estrie,0,15,7,0.0
2013-2014,CRDITED de l'Estrie,0,15,8,0.0
2013-2014,CRDITED de l'Estrie,0,15,9,181.0
2013-2014,CRDITED de la Montérégie-Est,0,1,1,0.0
2013-2014,CRDITED de la Montérégie-Est,0,1,2,0.0
2013-2014,CRDITED de la Montérégie-Est,0,1,3,0.0
2013-2014,CRDITED de la Montérégie-Est,0,1,4,0.0
2013-2014,CRDITED de la Montérégie-Est,0,1,5,1.0
2013-2014,CRDITED de la Montérégie-Est,0,1,6,0.0
2013-2014,CRDITED de la Montérégie-Est,0,1,7,0.0
2013-2014,CRDITED de la Montérégie-Est,0,1,8,0.0
2013-2014,CRDITED de la Montérégie-Est,0,1,9,1.0
2013-2014,CRDITED de la Montérégie-Est,0,2,1,0.0
2013-2014,CRDITED de la Montérégie-Est,0,2,2,0.0
2013-2014,CRDITED de la Montérégie-Est,0,2,3,0.0
2013-2014,CRDITED de la Montérégie-Est,0,2,4,0.0
2013-2014,CRDITED de la Montérégie-Est,0,2,5,538.0
2013-2014,CRDITED de la Montérégie-Est,0,2,6,0.0
2013-2014,CRDITED de la Montérégie-Est,0,2,7,0.0
2013-2014,CRDITED de la Montérégie-Est,0,2,8,0.0
2013-2014,CRDITED de la Montérégie-Est,0,2,9,538.0
2013-2014,CRDITED de la Montérégie-Est,0,3,1,0.0
2013-2014,CRDITED de la Montérégie-Est,0,3,2,0.0
2013-2014,CRDITED de la Montérégie-Est,0,3,3,0.0
2013-2014,CRDITED de la Montérégie-Est,0,3,4,0.0
2013-2014,CRDITED de la Montérégie-Est,0,3,5,538.0
2013-2014,CRDITED de la Montérégie-Est,0,3,6,0.0
2013-2014,CRDITED de la Montérégie-Est,0,3,7,0.0
2013-2014,CRDITED de la Montérégie-Est,0,3,8,0.0
2013-2014,CRDITED de la Montérégie-Est,0,3,9,538.0
2013-2014,CRDITED de la Montérégie-Est,0,4,1,0.0
2013-2014,CRDITED de la Montérégie-Est,0,4,2,0.0
2013-2014,CRDITED de la Montérégie-Est,0,4,3,0.0
2013-2014,CRDITED de la Montérégie-Est,0,4,4,0.0
2013-2014,CRDITED de la Montérégie-Est,0,4,5,1.0
2013-2014,CRDITED de la Montérégie-Est,0,4,6,1.0
2013-2014,CRDITED de la Montérégie-Est,0,4,7,0.0
2013-2014,CRDITED de la Montérégie-Est,0,4,8,0.0
2013-2014,CRDITED de la Montérégie-Est,0,4,9,2.0
2013-2014,CRDITED de la Montérégie-Est,0,5,1,0.0
2013-2014,CRDITED de la Montérégie-Est,0,5,2,0.0
2013-2014,CRDITED de la Montérégie-Est,0,5,3,0.0
2013-2014,CRDITED de la Montérégie-Est,0,5,4,0.0
2013-2014,CRDITED de la Montérégie-Est,0,5,5,60.0
2013-2014,CRDITED de la Montérégie-Est,0,5,6,90.0
2013-2014,CRDITED de la Montérégie-Est,0,5,7,0.0
2013-2014,CRDITED de la Montérégie-Est,0,5,8,0.0
2013-2014,CRDITED de la Montérégie-Est,0,5,9,75.0
2013-2014,CRDITED de la Montérégie-Est,0,6,1,0.0
2013-2014,CRDITED de la Montérégie-Est,0,6,2,0.0
2013-2014,CRDITED de la Montérégie-Est,0,6,3,0.0
2013-2014,CRDITED de la Montérégie-Est,0,6,4,0.0
2013-2014,CRDITED de la Montérégie-Est,0,6,5,60.0
2013-2014,CRDITED de la Montérégie-Est,0,6,6,90.0
2013-2014,CRDITED de la Montérégie-Est,0,6,7,0.0
2013-2014,CRDITED de la Montérégie-Est,0,6,8,0.0
2013-2014,CRDITED de la Montérégie-Est,0,6,9,75.0
2013-2014,CRDITED de la Montérégie-Est,0,7,1,0.0
2013-2014,CRDITED de la Montérégie-Est,0,7,2,2.0
2013-2014,CRDITED de la Montérégie-Est,0,7,3,1.0
2013-2014,CRDITED de la Montérégie-Est,0,7,4,1.0
2013-2014,CRDITED de la Montérégie-Est,0,7,5,7.0
2013-2014,CRDITED de la Montérégie-Est,0,7,6,1.0
2013-2014,CRDITED de la Montérégie-Est,0,7,7,0.0
2013-2014,CRDITED de la Montérégie-Est,0,7,8,0.0
2013-2014,CRDITED de la Montérégie-Est,0,7,9,12.0
2013-2014,CRDITED de la Montérégie-Est,0,8,1,0.0
2013-2014,CRDITED de la Montérégie-Est,0,8,2,522.0
2013-2014,CRDITED de la Montérégie-Est,0,8,3,414.0
2013-2014,CRDITED de la Montérégie-Est,0,8,4,116.0
2013-2014,CRDITED de la Montérégie-Est,0,8,5,2140.0
2013-2014,CRDITED de la Montérégie-Est,0,8,6,656.0
2013-2014,CRDITED de la Montérégie-Est,0,8,7,0.0
2013-2014,CRDITED de la Montérégie-Est,0,8,8,0.0
2013-2014,CRDITED de la Montérégie-Est,0,8,9,1434.0
2013-2014,CRDITED de la Montérégie-Est,0,9,1,0.0
2013-2014,CRDITED de la Montérégie-Est,0,9,2,522.0
2013-2014,CRDITED de la Montérégie-Est,0,9,3,414.0
2013-2014,CRDITED de la Montérégie-Est,0,9,4,116.0
2013-2014,CRDITED de la Montérégie-Est,0,9,5,2191.0
2013-2014,CRDITED de la Montérégie-Est,0,9,6,656.0
2013-2014,CRDITED de la Montérégie-Est,0,9,7,0.0
2013-2014,CRDITED de la Montérégie-Est,0,9,8,0.0
2013-2014,CRDITED de la Montérégie-Est,0,9,9,1314.0
2013-2014,CRDITED de la Montérégie-Est,0,10,1,175.0
2013-2014,CRDITED de la Montérégie-Est,0,10,2,443.0
2013-2014,CRDITED de la Montérégie-Est,0,10,3,62.0
2013-2014,CRDITED de la Montérégie-Est,0,10,4,10.0
2013-2014,CRDITED de la Montérégie-Est,0,10,5,8.0
2013-2014,CRDITED de la Montérégie-Est,0,10,6,5.0
2013-2014,CRDITED de la Montérégie-Est,0,10,7,0.0
2013-2014,CRDITED de la Montérégie-Est,0,10,8,0.0
2013-2014,CRDITED de la Montérégie-Est,0,10,9,703.0
2013-2014,CRDITED de la Montérégie-Est,0,11,1,127.0
2013-2014,CRDITED de la Montérégie-Est,0,11,2,282.0
2013-2014,CRDITED de la Montérégie-Est,0,11,3,364.0
2013-2014,CRDITED de la Montérégie-Est,0,11,4,278.0
2013-2014,CRDITED de la Montérégie-Est,0,11,5,316.0
2013-2014,CRDITED de la Montérégie-Est,0,11,6,303.0
2013-2014,CRDITED de la Montérégie-Est,0,11,7,0.0
2013-2014,CRDITED de la Montérégie-Est,0,11,8,0.0
2013-2014,CRDITED de la Montérégie-Est,0,11,9,251.0
2013-2014,CRDITED de la Montérégie-Est,0,12,1,103.0
2013-2014,CRDITED de la Montérégie-Est,0,12,2,189.0
2013-2014,CRDITED de la Montérégie-Est,0,12,3,274.0
2013-2014,CRDITED de la Montérégie-Est,0,12,4,214.0
2013-2014,CRDITED de la Montérégie-Est,0,12,5,156.0
2013-2014,CRDITED de la Montérégie-Est,0,12,6,266.0
2013-2014,CRDITED de la Montérégie-Est,0,12,7,0.0
2013-2014,CRDITED de la Montérégie-Est,0,12,8,0.0
2013-2014,CRDITED de la Montérégie-Est,0,12,9,182.0
2013-2014,CRDITED de la Montérégie-Est,0,13,1,175.0
2013-2014,CRDITED de la Montérégie-Est,0,13,2,445.0
2013-2014,CRDITED de la Montérégie-Est,0,13,3,63.0
2013-2014,CRDITED de la Montérégie-Est,0,13,4,11.0
2013-2014,CRDITED de la Montérégie-Est,0,13,5,17.0
2013-2014,CRDITED de la Montérégie-Est,0,13,6,7.0
2013-2014,CRDITED de la Montérégie-Est,0,13,7,0.0
2013-2014,CRDITED de la Montérégie-Est,0,13,8,0.0
2013-2014,CRDITED de la Montérégie-Est,0,13,9,718.0
2013-2014,CRDITED de la Montérégie-Est,0,14,1,127.0
2013-2014,CRDITED de la Montérégie-Est,0,14,2,283.0
2013-2014,CRDITED de la Montérégie-Est,0,14,3,365.0
2013-2014,CRDITED de la Montérégie-Est,0,14,4,263.0
2013-2014,CRDITED de la Montérégie-Est,0,14,5,1065.0
2013-2014,CRDITED de la Montérégie-Est,0,14,6,323.0
2013-2014,CRDITED de la Montérégie-Est,0,14,7,0.0
2013-2014,CRDITED de la Montérégie-Est,0,14,8,0.0
2013-2014,CRDITED de la Montérégie-Est,0,14,9,271.0
2013-2014,CRDITED de la Montérégie-Est,0,15,1,103.0
2013-2014,CRDITED de la Montérégie-Est,0,15,2,189.0
2013-2014,CRDITED de la Montérégie-Est,0,15,3,277.0
2013-2014,CRDITED de la Montérégie-Est,0,15,4,204.0
2013-2014,CRDITED de la Montérégie-Est,0,15,5,568.0
2013-2014,CRDITED de la Montérégie-Est,0,15,6,266.0
2013-2014,CRDITED de la Montérégie-Est,0,15,7,0.0
2013-2014,CRDITED de la Montérégie-Est,0,15,8,0.0
2013-2014,CRDITED de la Montérégie-Est,0,15,9,182.0
2013-2014,CRDITED du Bas-St-Laurent,0,4,4,2.0
2013-2014,CRDITED du Bas-St-Laurent,0,4,9,2.0
2013-2014,CRDITED du Bas-St-Laurent,0,5,4,470.0
2013-2014,CRDITED du Bas-St-Laurent,0,5,9,470.0
2013-2014,CRDITED du Bas-St-Laurent,0,6,4,470.0
2013-2014,CRDITED du Bas-St-Laurent,0,6,9,470.0
2013-2014,CRDITED du Bas-St-Laurent,0,7,2,1.0
2013-2014,CRDITED du Bas-St-Laurent,0,7,9,1.0
2013-2014,CRDITED du Bas-St-Laurent,0,8,2,369.0
2013-2014,CRDITED du Bas-St-Laurent,0,8,9,369.0
2013-2014,CRDITED du Bas-St-Laurent,0,9,2,369.0
2013-2014,CRDITED du Bas-St-Laurent,0,9,9,369.0
2013-2014,CRDITED du Bas-St-Laurent,0,10,1,2.0
2013-2014,CRDITED du Bas-St-Laurent,0,10,2,4.0
2013-2014,CRDITED du Bas-St-Laurent,0,10,3,2.0
2013-2014,CRDITED du Bas-St-Laurent,0,10,6,2.0
2013-2014,CRDITED du Bas-St-Laurent,0,10,9,10.0
2013-2014,CRDITED du Bas-St-Laurent,0,11,1,92.0
2013-2014,CRDITED du Bas-St-Laurent,0,11,2,22.0
2013-2014,CRDITED du Bas-St-Laurent,0,11,3,17.0
2013-2014,CRDITED du Bas-St-Laurent,0,11,6,70.0
2013-2014,CRDITED du Bas-St-Laurent,0,11,9,44.0
2013-2014,CRDITED du Bas-St-Laurent,0,12,1,92.0
2013-2014,CRDITED du Bas-St-Laurent,0,12,2,16.0
2013-2014,CRDITED du Bas-St-Laurent,0,12,3,17.0
2013-2014,CRDITED du Bas-St-Laurent,0,12,6,70.0
2013-2014,CRDITED du Bas-St-Laurent,0,12,9,26.0
2013-2014,CRDITED du Bas-St-Laurent,0,13,1,2.0
2013-2014,CRDITED du Bas-St-Laurent,0,13,2,5.0
2013-2014,CRDITED du Bas-St-Laurent,0,13,3,2.0
2013-2014,CRDITED du Bas-St-Laurent,0,13,4,2.0
2013-2014,CRDITED du Bas-St-Laurent,0,13,6,2.0
2013-2014,CRDITED du Bas-St-Laurent,0,13,9,13.0
2013-2014,CRDITED du Bas-St-Laurent,0,14,1,92.0
2013-2014,CRDITED du Bas-St-Laurent,0,14,2,91.0
2013-2014,CRDITED du Bas-St-Laurent,0,14,3,17.0
2013-2014,CRDITED du Bas-St-Laurent,0,14,4,470.0
2013-2014,CRDITED du Bas-St-Laurent,0,14,6,70.0
2013-2014,CRDITED du Bas-St-Laurent,0,14,9,135.0
2013-2014,CRDITED du Bas-St-Laurent,0,15,1,92.0
2013-2014,CRDITED du Bas-St-Laurent,0,15,2,90.0
2013-2014,CRDITED du Bas-St-Laurent,0,15,3,17.0
2013-2014,CRDITED du Bas-St-Laurent,0,15,4,470.0
2013-2014,CRDITED du Bas-St-Laurent,0,15,6,70.0
2013-2014,CRDITED du Bas-St-Laurent,0,15,9,43.0
2013-2014,CRDITED du SaguenayLac-St-Jean,0,1,1,0.0
2013-2014,CRDITED du SaguenayLac-St-Jean,0,1,2,0.0
2013-2014,CRDITED du SaguenayLac-St-Jean,0,1,3,1.0
2013-2014,CRDITED du SaguenayLac-St-Jean,0,1,4,1.0
2013-2014,CRDITED du SaguenayLac-St-Jean,0,1,5,3.0
2013-2014,CRDITED du SaguenayLac-St-Jean,0,1,6,1.0
2013-2014,CRDITED du SaguenayLac-St-Jean,0,1,7,0.0
2013-2014,CRDITED du SaguenayLac-St-Jean,0,1,8,0.0
2013-2014,CRDITED du SaguenayLac-St-Jean,0,1,9,6.0
2013-2014,CRDITED du SaguenayLac-St-Jean,0,2,1,0.0
2013-2014,CRDITED du SaguenayLac-St-Jean,0,2,2,0.0
2013-2014,CRDITED du SaguenayLac-St-Jean,0,2,3,229.0
2013-2014,CRDITED du SaguenayLac-St-Jean,0,2,4,277.0
2013-2014,CRDITED du SaguenayLac-St-Jean,0,2,5,234.0
2013-2014,CRDITED du SaguenayLac-St-Jean,0,2,6,161.0
2013-2014,CRDITED du SaguenayLac-St-Jean,0,2,7,0.0
2013-2014,CRDITED du SaguenayLac-St-Jean,0,2,8,0.0
2013-2014,CRDITED du SaguenayLac-St-Jean,0,2,9,228.0
2013-2014,CRDITED du SaguenayLac-St-Jean,0,3,1,0.0
2013-2014,CRDITED du SaguenayLac-St-Jean,0,3,2,0.0
2013-2014,CRDITED du SaguenayLac-St-Jean,0,3,3,229.0
2013-2014,CRDITED du SaguenayLac-St-Jean,0,3,4,277.0
2013-2014,CRDITED du SaguenayLac-St-Jean,0,3,5,243.0
2013-2014,CRDITED du SaguenayLac-St-Jean,0,3,6,161.0
2013-2014,CRDITED du SaguenayLac-St-Jean,0,3,7,0.0
2013-2014,CRDITED du SaguenayLac-St-Jean,0,3,8,0.0
2013-2014,CRDITED du SaguenayLac-St-Jean,0,3,9,236.0
2013-2014,CRDITED du SaguenayLac-St-Jean,0,4,1,0.0
2013-2014,CRDITED du SaguenayLac-St-Jean,0,4,2,0.0
2013-2014,CRDITED du SaguenayLac-St-Jean,0,4,3,0.0
2013-2014,CRDITED du SaguenayLac-St-Jean,0,4,4,2.0
2013-2014,CRDITED du SaguenayLac-St-Jean,0,4,5,0.0
2013-2014,CRDITED du SaguenayLac-St-Jean,0,4,6,0.0
2013-2014,CRDITED du SaguenayLac-St-Jean,0,4,7,0.0
2013-2014,CRDITED du SaguenayLac-St-Jean,0,4,8,0.0
2013-2014,CRDITED du SaguenayLac-St-Jean,0,4,9,2.0
2013-2014,CRDITED du SaguenayLac-St-Jean,0,5,1,0.0
2013-2014,CRDITED du SaguenayLac-St-Jean,0,5,2,0.0
2013-2014,CRDITED du SaguenayLac-St-Jean,0,5,3,0.0
2013-2014,CRDITED du SaguenayLac-St-Jean,0,5,4,178.0
2013-2014,CRDITED du SaguenayLac-St-Jean,0,5,5,0.0
2013-2014,CRDITED du SaguenayLac-St-Jean,0,5,6,0.0
2013-2014,CRDITED du SaguenayLac-St-Jean,0,5,7,0.0
2013-2014,CRDITED du SaguenayLac-St-Jean,0,5,8,0.0
2013-2014,CRDITED du SaguenayLac-St-Jean,0,5,9,178.0
2013-2014,CRDITED du SaguenayLac-St-Jean,0,6,1,0.0
2013-2014,CRDITED du SaguenayLac-St-Jean,0,6,2,0.0
2013-2014,CRDITED du SaguenayLac-St-Jean,0,6,3,0.0
2013-2014,CRDITED du SaguenayLac-St-Jean,0,6,4,178.0
2013-2014,CRDITED du SaguenayLac-St-Jean,0,6,5,0.0
2013-2014,CRDITED du SaguenayLac-St-Jean,0,6,6,0.0
2013-2014,CRDITED du SaguenayLac-St-Jean,0,6,7,0.0
2013-2014,CRDITED du SaguenayLac-St-Jean,0,6,8,0.0
2013-2014,CRDITED du SaguenayLac-St-Jean,0,6,9,178.0
2013-2014,CRDITED du SaguenayLac-St-Jean,0,7,1,0.0
2013-2014,CRDITED du SaguenayLac-St-Jean,0,7,2,1.0
2013-2014,CRDITED du SaguenayLac-St-Jean,0,7,3,0.0
2013-2014,CRDITED du SaguenayLac-St-Jean,0,7,4,0.0
2013-2014,CRDITED du SaguenayLac-St-Jean,0,7,5,0.0
2013-2014,CRDITED du SaguenayLac-St-Jean,0,7,6,0.0
2013-2014,CRDITED du SaguenayLac-St-Jean,0,7,7,0.0
2013-2014,CRDITED du SaguenayLac-St-Jean,0,7,8,0.0
2013-2014,CRDITED du SaguenayLac-St-Jean,0,7,9,1.0
2013-2014,CRDITED du SaguenayLac-St-Jean,0,8,1,0.0
2013-2014,CRDITED du SaguenayLac-St-Jean,0,8,2,110.0
2013-2014,CRDITED du SaguenayLac-St-Jean,0,8,3,0.0
2013-2014,CRDITED du SaguenayLac-St-Jean,0,8,4,0.0
2013-2014,CRDITED du SaguenayLac-St-Jean,0,8,5,0.0
2013-2014,CRDITED du SaguenayLac-St-Jean,0,8,6,0.0
2013-2014,CRDITED du SaguenayLac-St-Jean,0,8,7,0.0
2013-2014,CRDITED du SaguenayLac-St-Jean,0,8,8,0.0
2013-2014,CRDITED du SaguenayLac-St-Jean,0,8,9,110.0
2013-2014,CRDITED du SaguenayLac-St-Jean,0,9,1,0.0
2013-2014,CRDITED du SaguenayLac-St-Jean,0,9,2,110.0
2013-2014,CRDITED du SaguenayLac-St-Jean,0,9,3,0.0
2013-2014,CRDITED du SaguenayLac-St-Jean,0,9,4,0.0
2013-2014,CRDITED du SaguenayLac-St-Jean,0,9,5,0.0
2013-2014,CRDITED du SaguenayLac-St-Jean,0,9,6,0.0
2013-2014,CRDITED du SaguenayLac-St-Jean,0,9,7,0.0
2013-2014,CRDITED du SaguenayLac-St-Jean,0,9,8,0.0
2013-2014,CRDITED du SaguenayLac-St-Jean,0,9,9,110.0
2013-2014,CRDITED du SaguenayLac-St-Jean,0,10,1,3.0
2013-2014,CRDITED du SaguenayLac-St-Jean,0,10,2,7.0
2013-2014,CRDITED du SaguenayLac-St-Jean,0,10,3,2.0
2013-2014,CRDITED du SaguenayLac-St-Jean,0,10,4,0.0
2013-2014,CRDITED du SaguenayLac-St-Jean,0,10,5,0.0
2013-2014,CRDITED du SaguenayLac-St-Jean,0,10,6,0.0
2013-2014,CRDITED du SaguenayLac-St-Jean,0,10,7,0.0
2013-2014,CRDITED du SaguenayLac-St-Jean,0,10,8,0.0
2013-2014,CRDITED du SaguenayLac-St-Jean,0,10,9,12.0
2013-2014,CRDITED du SaguenayLac-St-Jean,0,11,1,27.0
2013-2014,CRDITED du SaguenayLac-St-Jean,0,11,2,94.0
2013-2014,CRDITED du SaguenayLac-St-Jean,0,11,3,181.0
2013-2014,CRDITED du SaguenayLac-St-Jean,0,11,4,0.0
2013-2014,CRDITED du SaguenayLac-St-Jean,0,11,5,0.0
2013-2014,CRDITED du SaguenayLac-St-Jean,0,11,6,0.0
2013-2014,CRDITED du SaguenayLac-St-Jean,0,11,7,0.0
2013-2014,CRDITED du SaguenayLac-St-Jean,0,11,8,0.0
2013-2014,CRDITED du SaguenayLac-St-Jean,0,11,9,92.0
2013-2014,CRDITED du SaguenayLac-St-Jean,0,12,1,22.0
2013-2014,CRDITED du SaguenayLac-St-Jean,0,12,2,21.0
2013-2014,CRDITED du SaguenayLac-St-Jean,0,12,3,181.0
2013-2014,CRDITED du SaguenayLac-St-Jean,0,12,4,0.0
2013-2014,CRDITED du SaguenayLac-St-Jean,0,12,5,0.0
2013-2014,CRDITED du SaguenayLac-St-Jean,0,12,6,0.0
2013-2014,CRDITED du SaguenayLac-St-Jean,0,12,7,0.0
2013-2014,CRDITED du SaguenayLac-St-Jean,0,12,8,0.0
2013-2014,CRDITED du SaguenayLac-St-Jean,0,12,9,21.0
2013-2014,CRDITED du SaguenayLac-St-Jean,0,13,1,3.0
2013-2014,CRDITED du SaguenayLac-St-Jean,0,13,2,8.0
2013-2014,CRDITED du SaguenayLac-St-Jean,0,13,3,3.0
2013-2014,CRDITED du SaguenayLac-St-Jean,0,13,4,3.0
2013-2014,CRDITED du SaguenayLac-St-Jean,0,13,5,3.0
2013-2014,CRDITED du SaguenayLac-St-Jean,0,13,6,1.0
2013-2014,CRDITED du SaguenayLac-St-Jean,0,13,7,0.0
2013-2014,CRDITED du SaguenayLac-St-Jean,0,13,8,0.0
2013-2014,CRDITED du SaguenayLac-St-Jean,0,13,9,21.0
2013-2014,CRDITED du SaguenayLac-St-Jean,0,14,1,27.0
2013-2014,CRDITED du SaguenayLac-St-Jean,0,14,2,96.0
2013-2014,CRDITED du SaguenayLac-St-Jean,0,14,3,197.0
2013-2014,CRDITED du SaguenayLac-St-Jean,0,14,4,211.0
2013-2014,CRDITED du SaguenayLac-St-Jean,0,14,5,234.0
2013-2014,CRDITED du SaguenayLac-St-Jean,0,14,6,161.0
2013-2014,CRDITED du SaguenayLac-St-Jean,0,14,7,0.0
2013-2014,CRDITED du SaguenayLac-St-Jean,0,14,8,0.0
2013-2014,CRDITED du SaguenayLac-St-Jean,0,14,9,140.0
2013-2014,CRDITED du SaguenayLac-St-Jean,0,15,1,22.0
2013-2014,CRDITED du SaguenayLac-St-Jean,0,15,2,21.0
2013-2014,CRDITED du SaguenayLac-St-Jean,0,15,3,229.0
2013-2014,CRDITED du SaguenayLac-St-Jean,0,15,4,243.0
2013-2014,CRDITED du SaguenayLac-St-Jean,0,15,5,243.0
2013-2014,CRDITED du SaguenayLac-St-Jean,0,15,6,161.0
2013-2014,CRDITED du SaguenayLac-St-Jean,0,15,7,0.0
2013-2014,CRDITED du SaguenayLac-St-Jean,0,15,8,0.0
2013-2014,CRDITED du SaguenayLac-St-Jean,0,15,9,112.0
2013-2014,Centre Miriam,0,1,1,0.0
2013-2014,Centre Miriam,0,1,2,0.0
2013-2014,Centre Miriam,0,1,3,0.0
2013-2014,Centre Miriam,0,1,4,0.0
2013-2014,Centre Miriam,0,1,5,4.0
2013-2014,Centre Miriam,0,1,6,5.0
2013-2014,Centre Miriam,0,1,7,0.0
2013-2014,Centre Miriam,0,1,8,0.0
2013-2014,Centre Miriam,0,1,9,9.0
2013-2014,Centre Miriam,0,2,5,589.0
2013-2014,Centre Miriam,0,2,6,1023.0
2013-2014,Centre Miriam,0,2,9,830.0
2013-2014,Centre Miriam,0,3,5,524.0
2013-2014,Centre Miriam,0,3,6,729.0
2013-2014,Centre Miriam,0,3,9,718.0
2013-2014,Centre Miriam,0,4,1,0.0
2013-2014,Centre Miriam,0,4,2,0.0
2013-2014,Centre Miriam,0,4,3,0.0
2013-2014,Centre Miriam,0,4,4,0.0
2013-2014,Centre Miriam,0,4,5,3.0
2013-2014,Centre Miriam,0,4,6,1.0
2013-2014,Centre Miriam,0,4,7,0.0
2013-2014,Centre Miriam,0,4,8,0.0
2013-2014,Centre Miriam,0,4,9,4.0
2013-2014,Centre Miriam,0,5,5,54.0
2013-2014,Centre Miriam,0,5,6,583.0
2013-2014,Centre Miriam,0,5,9,186.0
2013-2014,Centre Miriam,0,6,5,35.0
2013-2014,Centre Miriam,0,6,6,583.0
2013-2014,Centre Miriam,0,6,9,72.0
2013-2014,Centre Miriam,0,7,1,0.0
2013-2014,Centre Miriam,0,7,2,3.0
2013-2014,Centre Miriam,0,7,3,13.0
2013-2014,Centre Miriam,0,7,4,4.0
2013-2014,Centre Miriam,0,7,5,5.0
2013-2014,Centre Miriam,0,7,6,1.0
2013-2014,Centre Miriam,0,7,7,0.0
2013-2014,Centre Miriam,0,7,8,0.0
2013-2014,Centre Miriam,0,7,9,26.0
2013-2014,Centre Miriam,0,8,2,680.0
2013-2014,Centre Miriam,0,8,3,523.0
2013-2014,Centre Miriam,0,8,4,210.0
2013-2014,Centre Miriam,0,8,5,1537.0
2013-2014,Centre Miriam,0,8,6,1292.0
2013-2014,Centre Miriam,0,8,9,718.0
2013-2014,Centre Miriam,0,9,2,607.0
2013-2014,Centre Miriam,0,9,3,585.0
2013-2014,Centre Miriam,0,9,4,223.0
2013-2014,Centre Miriam,0,9,5,1167.0
2013-2014,Centre Miriam,0,9,6,1292.0
2013-2014,Centre Miriam,0,9,9,475.0
2013-2014,Centre Miriam,0,10,1,11.0
2013-2014,Centre Miriam,0,10,2,18.0
2013-2014,Centre Miriam,0,10,3,10.0
2013-2014,Centre Miriam,0,10,4,0.0
2013-2014,Centre Miriam,0,10,5,7.0
2013-2014,Centre Miriam,0,10,6,2.0
2013-2014,Centre Miriam,0,10,7,0.0
2013-2014,Centre Miriam,0,10,8,0.0
2013-2014,Centre Miriam,0,10,9,48.0
2013-2014,Centre Miriam,0,11,1,135.0
2013-2014,Centre Miriam,0,11,2,125.0
2013-2014,Centre Miriam,0,11,3,168.0
2013-2014,Centre Miriam,0,11,5,66.0
2013-2014,Centre Miriam,0,11,6,648.0
2013-2014,Centre Miriam,0,11,9,153.0
2013-2014,Centre Miriam,0,12,1,130.0
2013-2014,Centre Miriam,0,12,2,102.0
2013-2014,Centre Miriam,0,12,3,114.0
2013-2014,Centre Miriam,0,12,5,28.0
2013-2014,Centre Miriam,0,12,6,648.0
2013-2014,Centre Miriam,0,12,9,103.0
2013-2014,Centre Miriam,0,13,1,11.0
2013-2014,Centre Miriam,0,13,2,21.0
2013-2014,Centre Miriam,0,13,3,23.0
2013-2014,Centre Miriam,0,13,4,4.0
2013-2014,Centre Miriam,0,13,5,19.0
2013-2014,Centre Miriam,0,13,6,9.0
2013-2014,Centre Miriam,0,13,7,0.0
2013-2014,Centre Miriam,0,13,8,0.0
2013-2014,Centre Miriam,0,13,9,87.0
2013-2014,Centre Miriam,0,14,1,135.0
2013-2014,Centre Miriam,0,14,2,204.0
2013-2014,Centre Miriam,0,14,3,369.0
2013-2014,Centre Miriam,0,14,4,210.0
2013-2014,Centre Miriam,0,14,5,620.0
2013-2014,Centre Miriam,0,14,6,920.0
2013-2014,Centre Miriam,0,14,9,399.0
2013-2014,Centre Miriam,0,15,1,130.0
2013-2014,Centre Miriam,0,15,2,104.0
2013-2014,Centre Miriam,0,15,3,256.0
2013-2014,Centre Miriam,0,15,4,223.0
2013-2014,Centre Miriam,0,15,5,109.0
2013-2014,Centre Miriam,0,15,6,729.0
2013-2014,Centre Miriam,0,15,9,175.0
2013-2014,Centre du Florès,0,1,4,1.0
2013-2014,Centre du Florès,0,1,5,2.0
2013-2014,Centre du Florès,0,1,9,3.0
2013-2014,Centre du Florès,0,2,4,64.0
2013-2014,Centre du Florès,0,2,5,826.0
2013-2014,Centre du Florès,0,2,9,572.0
2013-2014,Centre du Florès,0,3,4,64.0
2013-2014,Centre du Florès,0,3,5,826.0
2013-2014,Centre du Florès,0,3,9,64.0
2013-2014,Centre du Florès,0,4,3,4.0
2013-2014,Centre du Florès,0,4,4,10.0
2013-2014,Centre du Florès,0,4,5,10.0
2013-2014,Centre du Florès,0,4,9,24.0
2013-2014,Centre du Florès,0,5,3,225.0
2013-2014,Centre du Florès,0,5,4,335.0
2013-2014,Centre du Florès,0,5,5,745.0
2013-2014,Centre du Florès,0,5,9,487.0
2013-2014,Centre du Florès,0,6,3,191.0
2013-2014,Centre du Florès,0,6,4,362.0
2013-2014,Centre du Florès,0,6,5,308.0
2013-2014,Centre du Florès,0,6,9,352.0
2013-2014,Centre du Florès,0,7,1,1.0
2013-2014,Centre du Florès,0,7,3,3.0
2013-2014,Centre du Florès,0,7,4,1.0
2013-2014,Centre du Florès,0,7,5,6.0
2013-2014,Centre du Florès,0,7,9,11.0
2013-2014,Centre du Florès,0,8,1,180.0
2013-2014,Centre du Florès,0,8,3,266.0
2013-2014,Centre du Florès,0,8,4,432.0
2013-2014,Centre du Florès,0,8,5,1468.0
2013-2014,Centre du Florès,0,8,9,929.0
2013-2014,Centre du Florès,0,9,1,180.0
2013-2014,Centre du Florès,0,9,3,239.0
2013-2014,Centre du Florès,0,9,4,432.0
2013-2014,Centre du Florès,0,9,5,1266.0
2013-2014,Centre du Florès,0,9,9,711.0
2013-2014,Centre du Florès,0,10,1,11.0
2013-2014,Centre du Florès,0,10,2,23.0
2013-2014,Centre du Florès,0,10,3,2.0
2013-2014,Centre du Florès,0,10,4,6.0
2013-2014,Centre du Florès,0,10,5,7.0
2013-2014,Centre du Florès,0,10,6,2.0
2013-2014,Centre du Florès,0,10,9,51.0
2013-2014,Centre du Florès,0,11,1,95.0
2013-2014,Centre du Florès,0,11,2,226.0
2013-2014,Centre du Florès,0,11,3,135.0
2013-2014,Centre du Florès,0,11,4,179.0
2013-2014,Centre du Florès,0,11,5,898.0
2013-2014,Centre du Florès,0,11,6,124.0
2013-2014,Centre du Florès,0,11,9,277.0
2013-2014,Centre du Florès,0,12,1,56.0
2013-2014,Centre du Florès,0,12,2,232.0
2013-2014,Centre du Florès,0,12,3,135.0
2013-2014,Centre du Florès,0,12,4,174.0
2013-2014,Centre du Florès,0,12,5,1034.0
2013-2014,Centre du Florès,0,12,6,124.0
2013-2014,Centre du Florès,0,12,9,168.0
2013-2014,Centre du Florès,0,13,1,12.0
2013-2014,Centre du Florès,0,13,2,23.0
2013-2014,Centre du Florès,0,13,3,9.0
2013-2014,Centre du Florès,0,13,4,18.0
2013-2014,Centre du Florès,0,13,5,25.0
2013-2014,Centre du Florès,0,13,6,2.0
2013-2014,Centre du Florès,0,13,9,89.0
2013-2014,Centre du Florès,0,14,1,102.0
2013-2014,Centre du Florès,0,14,2,226.0
2013-2014,Centre du Florès,0,14,3,219.0
2013-2014,Centre du Florès,0,14,4,273.0
2013-2014,Centre du Florès,0,14,5,968.0
2013-2014,Centre du Florès,0,14,6,124.0
2013-2014,Centre du Florès,0,14,9,424.0
2013-2014,Centre du Florès,0,15,1,63.0
2013-2014,Centre du Florès,0,15,2,232.0
2013-2014,Centre du Florès,0,15,3,202.0
2013-2014,Centre du Florès,0,15,4,265.0
2013-2014,Centre du Florès,0,15,5,812.0
2013-2014,Centre du Florès,0,15,6,124.0
2013-2014,Centre du Florès,0,15,9,232.0
2013-2014,Pavillon du Parc,0,1,5,1.0
2013-2014,Pavillon du Parc,0,1,9,1.0
2013-2014,Pavillon du Parc,0,2,5,203.0
2013-2014,Pavillon du Parc,0,2,9,203.0
2013-2014,Pavillon du Parc,0,3,5,203.0
2013-2014,Pavillon du Parc,0,3,9,203.0
2013-2014,Pavillon du Parc,0,7,2,4.0
2013-2014,Pavillon du Parc,0,7,3,3.0
2013-2014,Pavillon du Parc,0,7,4,2.0
2013-2014,Pavillon du Parc,0,7,5,2.0
2013-2014,Pavillon du Parc,0,7,6,1.0
2013-2014,Pavillon du Parc,0,7,9,12.0
2013-2014,Pavillon du Parc,0,8,2,644.0
2013-2014,Pavillon du Parc,0,8,3,179.0
2013-2014,Pavillon du Parc,0,8,4,566.0
2013-2014,Pavillon du Parc,0,8,5,1065.0
2013-2014,Pavillon du Parc,0,8,6,935.0
2013-2014,Pavillon du Parc,0,8,9,609.0
2013-2014,Pavillon du Parc,0,9,2,627.0
2013-2014,Pavillon du Parc,0,9,3,193.0
2013-2014,Pavillon du Parc,0,9,4,566.0
2013-2014,Pavillon du Parc,0,9,5,1065.0
2013-2014,Pavillon du Parc,0,9,6,935.0
2013-2014,Pavillon du Parc,0,9,9,584.0
2013-2014,Pavillon du Parc,0,10,1,4.0
2013-2014,Pavillon du Parc,0,10,2,8.0
2013-2014,Pavillon du Parc,0,10,3,5.0
2013-2014,Pavillon du Parc,0,10,4,5.0
2013-2014,Pavillon du Parc,0,10,5,1.0
2013-2014,Pavillon du Parc,0,10,6,1.0
2013-2014,Pavillon du Parc,0,10,9,24.0
2013-2014,Pavillon du Parc,0,11,1,41.0
2013-2014,Pavillon du Parc,0,11,2,142.0
2013-2014,Pavillon du Parc,0,11,3,216.0
2013-2014,Pavillon du Parc,0,11,4,113.0
2013-2014,Pavillon du Parc,0,11,5,82.0
2013-2014,Pavillon du Parc,0,11,6,566.0
2013-2014,Pavillon du Parc,0,11,9,150.0
2013-2014,Pavillon du Parc,0,12,1,36.0
2013-2014,Pavillon du Parc,0,12,2,133.0
2013-2014,Pavillon du Parc,0,12,3,74.0
2013-2014,Pavillon du Parc,0,12,4,47.0
2013-2014,Pavillon du Parc,0,12,5,82.0
2013-2014,Pavillon du Parc,0,12,6,566.0
2013-2014,Pavillon du Parc,0,12,9,76.0
2013-2014,Pavillon du Parc,0,13,1,4.0
2013-2014,Pavillon du Parc,0,13,2,12.0
2013-2014,Pavillon du Parc,0,13,3,8.0
2013-2014,Pavillon du Parc,0,13,4,7.0
2013-2014,Pavillon du Parc,0,13,5,4.0
2013-2014,Pavillon du Parc,0,13,6,2.0
2013-2014,Pavillon du Parc,0,13,9,37.0
2013-2014,Pavillon du Parc,0,14,1,41.0
2013-2014,Pavillon du Parc,0,14,2,309.0
2013-2014,Pavillon du Parc,0,14,3,202.0
2013-2014,Pavillon du Parc,0,14,4,242.0
2013-2014,Pavillon du Parc,0,14,5,604.0
2013-2014,Pavillon du Parc,0,14,6,750.0
2013-2014,Pavillon du Parc,0,14,9,300.0
2013-2014,Pavillon du Parc,0,15,1,36.0
2013-2014,Pavillon du Parc,0,15,2,214.0
2013-2014,Pavillon du Parc,0,15,3,106.0
2013-2014,Pavillon du Parc,0,15,4,231.0
2013-2014,Pavillon du Parc,0,15,5,373.0
2013-2014,Pavillon du Parc,0,15,6,750.0
2013-2014,Pavillon du Parc,0,15,9,193.0
2013-2014,Réadaptation du Sud-Ouest et du Renfort,0,1,4,1.0
2013-2014,Réadaptation du Sud-Ouest et du Renfort,0,1,9,1.0
2013-2014,Réadaptation du Sud-Ouest et du Renfort,0,2,4,258.0
2013-2014,Réadaptation du Sud-Ouest et du Renfort,0,2,9,258.0
2013-2014,Réadaptation du Sud-Ouest et du Renfort,0,3,4,258.0
2013-2014,Réadaptation du Sud-Ouest et du Renfort,0,3,9,258.0
2013-2014,Réadaptation du Sud-Ouest et du Renfort,0,4,3,1.0
2013-2014,Réadaptation du Sud-Ouest et du Renfort,0,4,4,2.0
2013-2014,Réadaptation du Sud-Ouest et du Renfort,0,4,5,6.0
2013-2014,Réadaptation du Sud-Ouest et du Renfort,0,4,9,9.0
2013-2014,Réadaptation du Sud-Ouest et du Renfort,0,5,3,13.0
2013-2014,Réadaptation du Sud-Ouest et du Renfort,0,5,4,108.0
2013-2014,Réadaptation du Sud-Ouest et du Renfort,0,5,5,78.0
2013-2014,Réadaptation du Sud-Ouest et du Renfort,0,5,9,77.0
2013-2014,Réadaptation du Sud-Ouest et du Renfort,0,6,3,13.0
2013-2014,Réadaptation du Sud-Ouest et du Renfort,0,6,4,108.0
2013-2014,Réadaptation du Sud-Ouest et du Renfort,0,6,5,78.0
2013-2014,Réadaptation du Sud-Ouest et du Renfort,0,6,9,69.0
2013-2014,Réadaptation du Sud-Ouest et du Renfort,0,7,1,1.0
2013-2014,Réadaptation du Sud-Ouest et du Renfort,0,7,3,4.0
2013-2014,Réadaptation du Sud-Ouest et du Renfort,0,7,4,1.0
2013-2014,Réadaptation du Sud-Ouest et du Renfort,0,7,5,1.0
2013-2014,Réadaptation du Sud-Ouest et du Renfort,0,7,9,7.0
2013-2014,Réadaptation du Sud-Ouest et du Renfort,0,8,1,384.0
2013-2014,Réadaptation du Sud-Ouest et du Renfort,0,8,3,743.0
2013-2014,Réadaptation du Sud-Ouest et du Renfort,0,8,4,335.0
2013-2014,Réadaptation du Sud-Ouest et du Renfort,0,8,5,118.0
2013-2014,Réadaptation du Sud-Ouest et du Renfort,0,8,9,544.0
2013-2014,Réadaptation du Sud-Ouest et du Renfort,0,9,1,384.0
2013-2014,Réadaptation du Sud-Ouest et du Renfort,0,9,3,640.0
2013-2014,Réadaptation du Sud-Ouest et du Renfort,0,9,4,335.0
2013-2014,Réadaptation du Sud-Ouest et du Renfort,0,9,5,118.0
2013-2014,Réadaptation du Sud-Ouest et du Renfort,0,9,9,335.0
2013-2014,Réadaptation du Sud-Ouest et du Renfort,0,10,1,86.0
2013-2014,Réadaptation du Sud-Ouest et du Renfort,0,10,2,148.0
2013-2014,Réadaptation du Sud-Ouest et du Renfort,0,10,3,30.0
2013-2014,Réadaptation du Sud-Ouest et du Renfort,0,10,4,9.0
2013-2014,Réadaptation du Sud-Ouest et du Renfort,0,10,5,2.0
2013-2014,Réadaptation du Sud-Ouest et du Renfort,0,10,9,275.0
2013-2014,Réadaptation du Sud-Ouest et du Renfort,0,11,1,138.0
2013-2014,Réadaptation du Sud-Ouest et du Renfort,0,11,2,143.0
2013-2014,Réadaptation du Sud-Ouest et du Renfort,0,11,3,226.0
2013-2014,Réadaptation du Sud-Ouest et du Renfort,0,11,4,260.0
2013-2014,Réadaptation du Sud-Ouest et du Renfort,0,11,5,80.0
2013-2014,Réadaptation du Sud-Ouest et du Renfort,0,11,9,154.0
2013-2014,Réadaptation du Sud-Ouest et du Renfort,0,12,1,139.0
2013-2014,Réadaptation du Sud-Ouest et du Renfort,0,12,2,111.0
2013-2014,Réadaptation du Sud-Ouest et du Renfort,0,12,3,181.0
2013-2014,Réadaptation du Sud-Ouest et du Renfort,0,12,4,265.0
2013-2014,Réadaptation du Sud-Ouest et du Renfort,0,12,5,80.0
2013-2014,Réadaptation du Sud-Ouest et du Renfort,0,12,9,132.0
2013-2014,Réadaptation du Sud-Ouest et du Renfort,0,13,1,87.0
2013-2014,Réadaptation du Sud-Ouest et du Renfort,0,13,2,148.0
2013-2014,Réadaptation du Sud-Ouest et du Renfort,0,13,3,35.0
2013-2014,Réadaptation du Sud-Ouest et du Renfort,0,13,4,13.0
2013-2014,Réadaptation du Sud-Ouest et du Renfort,0,13,5,9.0
2013-2014,Réadaptation du Sud-Ouest et du Renfort,0,13,9,292.0
2013-2014,Réadaptation du Sud-Ouest et du Renfort,0,14,1,141.0
2013-2014,Réadaptation du Sud-Ouest et du Renfort,0,14,2,143.0
2013-2014,Réadaptation du Sud-Ouest et du Renfort,0,14,3,279.0
2013-2014,Réadaptation du Sud-Ouest et du Renfort,0,14,4,242.0
2013-2014,Réadaptation du Sud-Ouest et du Renfort,0,14,5,83.0
2013-2014,Réadaptation du Sud-Ouest et du Renfort,0,14,9,161.0
2013-2014,Réadaptation du Sud-Ouest et du Renfort,0,15,1,139.0
2013-2014,Réadaptation du Sud-Ouest et du Renfort,0,15,2,111.0
2013-2014,Réadaptation du Sud-Ouest et du Renfort,0,15,3,257.0
2013-2014,Réadaptation du Sud-Ouest et du Renfort,0,15,4,258.0
2013-2014,Réadaptation du Sud-Ouest et du Renfort,0,15,5,83.0
2013-2014,Réadaptation du Sud-Ouest et du Renfort,0,15,9,132.0
2014-2015,CPR de la Côte-Nord,0,10,1,2.0
2014-2015,CPR de la Côte-Nord,0,10,2,8.0
2014-2015,CPR de la Côte-Nord,0,10,3,5.0
2014-2015,CPR de la Côte-Nord,0,10,5,1.0
2014-2015,CPR de la Côte-Nord,0,10,9,16.0
2014-2015,CPR de la Côte-Nord,0,11,1,34.0
2014-2015,CPR de la Côte-Nord,0,11,2,192.0
2014-2015,CPR de la Côte-Nord,0,11,3,113.0
2014-2015,CPR de la Côte-Nord,0,11,5,43.0
2014-2015,CPR de la Côte-Nord,0,11,9,138.0
2014-2015,CPR de la Côte-Nord,0,12,1,34.0
2014-2015,CPR de la Côte-Nord,0,12,2,180.0
2014-2015,CPR de la Côte-Nord,0,12,3,92.0
2014-2015,CPR de la Côte-Nord,0,12,5,43.0
2014-2015,CPR de la Côte-Nord,0,12,9,99.0
2014-2015,CPR de la Côte-Nord,0,13,1,2.0
2014-2015,CPR de la Côte-Nord,0,13,2,8.0
2014-2015,CPR de la Côte-Nord,0,13,3,5.0
2014-2015,CPR de la Côte-Nord,0,13,5,1.0
2014-2015,CPR de la Côte-Nord,0,13,9,16.0
2014-2015,CPR de la Côte-Nord,0,14,1,34.0
2014-2015,CPR de la Côte-Nord,0,14,2,192.0
2014-2015,CPR de la Côte-Nord,0,14,3,113.0
2014-2015,CPR de la Côte-Nord,0,14,5,43.0
2014-2015,CPR de la Côte-Nord,0,14,9,138.0
2014-2015,CPR de la Côte-Nord,0,15,1,34.0
2014-2015,CPR de la Côte-Nord,0,15,2,180.0
2014-2015,CPR de la Côte-Nord,0,15,3,92.0
2014-2015,CPR de la Côte-Nord,0,15,5,43.0
2014-2015,CPR de la Côte-Nord,0,15,9,99.0
2014-2015,CR La Maison,0,10,2,2.0
2014-2015,CR La Maison,0,10,3,3.0
2014-2015,CR La Maison,0,10,4,1.0
2014-2015,CR La Maison,0,10,5,2.0
2014-2015,CR La Maison,0,10,6,1.0
2014-2015,CR La Maison,0,10,9,9.0
2014-2015,CR La Maison,0,11,2,39.0
2014-2015,CR La Maison,0,11,3,932.0
2014-2015,CR La Maison,0,11,4,132.0
2014-2015,CR La Maison,0,11,5,100.0
2014-2015,CR La Maison,0,11,6,80.0
2014-2015,CR La Maison,0,11,9,365.0
2014-2015,CR La Maison,0,12,2,39.0
2014-2015,CR La Maison,0,12,3,132.0
2014-2015,CR La Maison,0,12,4,132.0
2014-2015,CR La Maison,0,12,5,100.0
2014-2015,CR La Maison,0,12,6,80.0
2014-2015,CR La Maison,0,12,9,120.0
2014-2015,CR La Maison,0,13,2,2.0
2014-2015,CR La Maison,0,13,3,3.0
2014-2015,CR La Maison,0,13,4,1.0
2014-2015,CR La Maison,0,13,5,2.0
2014-2015,CR La Maison,0,13,6,1.0
2014-2015,CR La Maison,0,13,9,9.0
2014-2015,CR La Maison,0,14,2,39.0
2014-2015,CR La Maison,0,14,3,932.0
2014-2015,CR La Maison,0,14,4,132.0
2014-2015,CR La Maison,0,14,5,100.0
2014-2015,CR La Maison,0,14,6,80.0
2014-2015,CR La Maison,0,14,9,365.0
2014-2015,CR La Maison,0,15,2,39.0
2014-2015,CR La Maison,0,15,3,132.0
2014-2015,CR La Maison,0,15,4,132.0
2014-2015,CR La Maison,0,15,5,100.0
2014-2015,CR La Maison,0,15,6,80.0
2014-2015,CR La Maison,0,15,9,120.0
2014-2015,CR La Myriade,0,10,1,10.0
2014-2015,CR La Myriade,0,10,2,12.0
2014-2015,CR La Myriade,0,10,3,1.0
2014-2015,CR La Myriade,0,10,4,5.0
2014-2015,CR La Myriade,0,10,5,2.0
2014-2015,CR La Myriade,0,10,9,30.0
2014-2015,CR La Myriade,0,11,1,78.0
2014-2015,CR La Myriade,0,11,2,128.0
2014-2015,CR La Myriade,0,11,3,440.0
2014-2015,CR La Myriade,0,11,4,126.0
2014-2015,CR La Myriade,0,11,5,196.0
2014-2015,CR La Myriade,0,11,9,126.0
2014-2015,CR La Myriade,0,12,1,54.0
2014-2015,CR La Myriade,0,12,2,94.0
2014-2015,CR La Myriade,0,12,3,440.0
2014-2015,CR La Myriade,0,12,4,99.0
2014-2015,CR La Myriade,0,12,5,196.0
2014-2015,CR La Myriade,0,12,9,88.0
2014-2015,CR La Myriade,0,13,1,10.0
2014-2015,CR La Myriade,0,13,2,12.0
2014-2015,CR La Myriade,0,13,3,1.0
2014-2015,CR La Myriade,0,13,4,5.0
2014-2015,CR La Myriade,0,13,5,2.0
2014-2015,CR La Myriade,0,13,9,30.0
2014-2015,CR La Myriade,0,14,1,78.0
2014-2015,CR La Myriade,0,14,2,128.0
2014-2015,CR La Myriade,0,14,3,440.0
2014-2015,CR La Myriade,0,14,4,126.0
2014-2015,CR La Myriade,0,14,5,196.0
2014-2015,CR La Myriade,0,14,9,126.0
2014-2015,CR La Myriade,0,15,1,54.0
2014-2015,CR La Myriade,0,15,2,94.0
2014-2015,CR La Myriade,0,15,3,440.0
2014-2015,CR La Myriade,0,15,4,99.0
2014-2015,CR La Myriade,0,15,5,196.0
2014-2015,CR La Myriade,0,15,9,88.0
2014-2015,CR de l'Ouest de Montréal,0,1,1,0.0
2014-2015,CR de l'Ouest de Montréal,0,1,2,0.0
2014-2015,CR de l'Ouest de Montréal,0,1,3,0.0
2014-2015,CR de l'Ouest de Montréal,0,1,4,3.0
2014-2015,CR de l'Ouest de Montréal,0,1,5,11.0
2014-2015,CR de l'Ouest de Montréal,0,1,6,0.0
2014-2015,CR de l'Ouest de Montréal,0,1,7,0.0
2014-2015,CR de l'Ouest de Montréal,0,1,8,0.0
2014-2015,CR de l'Ouest de Montréal,0,1,9,14.0
2014-2015,CR de l'Ouest de Montréal,0,2,1,0.0
2014-2015,CR de l'Ouest de Montréal,0,2,2,0.0
2014-2015,CR de l'Ouest de Montréal,0,2,3,0.0
2014-2015,CR de l'Ouest de Montréal,0,2,4,222.0
2014-2015,CR de l'Ouest de Montréal,0,2,5,1051.0
2014-2015,CR de l'Ouest de Montréal,0,2,6,0.0
2014-2015,CR de l'Ouest de Montréal,0,2,7,0.0
2014-2015,CR de l'Ouest de Montréal,0,2,8,0.0
2014-2015,CR de l'Ouest de Montréal,0,2,9,873.0
2014-2015,CR de l'Ouest de Montréal,0,3,1,0.0
2014-2015,CR de l'Ouest de Montréal,0,3,2,0.0
2014-2015,CR de l'Ouest de Montréal,0,3,3,0.0
2014-2015,CR de l'Ouest de Montréal,0,3,4,104.0
2014-2015,CR de l'Ouest de Montréal,0,3,5,1168.0
2014-2015,CR de l'Ouest de Montréal,0,3,6,0.0
2014-2015,CR de l'Ouest de Montréal,0,3,7,0.0
2014-2015,CR de l'Ouest de Montréal,0,3,8,0.0
2014-2015,CR de l'Ouest de Montréal,0,3,9,920.0
2014-2015,CR de l'Ouest de Montréal,0,4,1,0.0
2014-2015,CR de l'Ouest de Montréal,0,4,2,0.0
2014-2015,CR de l'Ouest de Montréal,0,4,3,0.0
2014-2015,CR de l'Ouest de Montréal,0,4,4,11.0
2014-2015,CR de l'Ouest de Montréal,0,4,5,8.0
2014-2015,CR de l'Ouest de Montréal,0,4,6,0.0
2014-2015,CR de l'Ouest de Montréal,0,4,7,0.0
2014-2015,CR de l'Ouest de Montréal,0,4,8,0.0
2014-2015,CR de l'Ouest de Montréal,0,4,9,19.0
2014-2015,CR de l'Ouest de Montréal,0,5,1,0.0
2014-2015,CR de l'Ouest de Montréal,0,5,2,0.0
2014-2015,CR de l'Ouest de Montréal,0,5,3,0.0
2014-2015,CR de l'Ouest de Montréal,0,5,4,570.0
2014-2015,CR de l'Ouest de Montréal,0,5,5,595.0
2014-2015,CR de l'Ouest de Montréal,0,5,6,0.0
2014-2015,CR de l'Ouest de Montréal,0,5,7,0.0
2014-2015,CR de l'Ouest de Montréal,0,5,8,0.0
2014-2015,CR de l'Ouest de Montréal,0,5,9,581.0
2014-2015,CR de l'Ouest de Montréal,0,6,1,0.0
2014-2015,CR de l'Ouest de Montréal,0,6,2,0.0
2014-2015,CR de l'Ouest de Montréal,0,6,3,0.0
2014-2015,CR de l'Ouest de Montréal,0,6,4,525.0
2014-2015,CR de l'Ouest de Montréal,0,6,5,447.0
2014-2015,CR de l'Ouest de Montréal,0,6,6,0.0
2014-2015,CR de l'Ouest de Montréal,0,6,7,0.0
2014-2015,CR de l'Ouest de Montréal,0,6,8,0.0
2014-2015,CR de l'Ouest de Montréal,0,6,9,502.0
2014-2015,CR de l'Ouest de Montréal,0,7,1,11.0
2014-2015,CR de l'Ouest de Montréal,0,7,2,42.0
2014-2015,CR de l'Ouest de Montréal,0,7,3,27.0
2014-2015,CR de l'Ouest de Montréal,0,7,4,22.0
2014-2015,CR de l'Ouest de Montréal,0,7,5,26.0
2014-2015,CR de l'Ouest de Montréal,0,7,6,1.0
2014-2015,CR de l'Ouest de Montréal,0,7,7,0.0
2014-2015,CR de l'Ouest de Montréal,0,7,8,0.0
2014-2015,CR de l'Ouest de Montréal,0,7,9,129.0
2014-2015,CR de l'Ouest de Montréal,0,8,1,515.0
2014-2015,CR de l'Ouest de Montréal,0,8,2,835.0
2014-2015,CR de l'Ouest de Montréal,0,8,3,1174.0
2014-2015,CR de l'Ouest de Montréal,0,8,4,2004.0
2014-2015,CR de l'Ouest de Montréal,0,8,5,1926.0
2014-2015,CR de l'Ouest de Montréal,0,8,6,3451.0
2014-2015,CR de l'Ouest de Montréal,0,8,7,0.0
2014-2015,CR de l'Ouest de Montréal,0,8,8,0.0
2014-2015,CR de l'Ouest de Montréal,0,8,9,1318.0
2014-2015,CR de l'Ouest de Montréal,0,9,1,364.0
2014-2015,CR de l'Ouest de Montréal,0,9,2,723.0
2014-2015,CR de l'Ouest de Montréal,0,9,3,841.0
2014-2015,CR de l'Ouest de Montréal,0,9,4,1692.0
2014-2015,CR de l'Ouest de Montréal,0,9,5,1840.0
2014-2015,CR de l'Ouest de Montréal,0,9,6,3451.0
2014-2015,CR de l'Ouest de Montréal,0,9,7,0.0
2014-2015,CR de l'Ouest de Montréal,0,9,8,0.0
2014-2015,CR de l'Ouest de Montréal,0,9,9,1008.0
2014-2015,CR de l'Ouest de Montréal,0,10,1,177.0
2014-2015,CR de l'Ouest de Montréal,0,10,2,368.0
2014-2015,CR de l'Ouest de Montréal,0,10,3,174.0
2014-2015,CR de l'Ouest de Montréal,0,10,4,70.0
2014-2015,CR de l'Ouest de Montréal,0,10,5,9.0
2014-2015,CR de l'Ouest de Montréal,0,10,6,1.0
2014-2015,CR de l'Ouest de Montréal,0,10,7,0.0
2014-2015,CR de l'Ouest de Montréal,0,10,8,0.0
2014-2015,CR de l'Ouest de Montréal,0,10,9,799.0
2014-2015,CR de l'Ouest de Montréal,0,11,1,286.0
2014-2015,CR de l'Ouest de Montréal,0,11,2,792.0
2014-2015,CR de l'Ouest de Montréal,0,11,3,1466.0
2014-2015,CR de l'Ouest de Montréal,0,11,4,1469.0
2014-2015,CR de l'Ouest de Montréal,0,11,5,605.0
2014-2015,CR de l'Ouest de Montréal,0,11,6,485.0
2014-2015,CR de l'Ouest de Montréal,0,11,7,0.0
2014-2015,CR de l'Ouest de Montréal,0,11,8,0.0
2014-2015,CR de l'Ouest de Montréal,0,11,9,884.0
2014-2015,CR de l'Ouest de Montréal,0,12,1,231.0
2014-2015,CR de l'Ouest de Montréal,0,12,2,608.0
2014-2015,CR de l'Ouest de Montréal,0,12,3,1288.0
2014-2015,CR de l'Ouest de Montréal,0,12,4,1302.0
2014-2015,CR de l'Ouest de Montréal,0,12,5,187.0
2014-2015,CR de l'Ouest de Montréal,0,12,6,485.0
2014-2015,CR de l'Ouest de Montréal,0,12,7,0.0
2014-2015,CR de l'Ouest de Montréal,0,12,8,0.0
2014-2015,CR de l'Ouest de Montréal,0,12,9,595.0
2014-2015,CR de l'Ouest de Montréal,0,13,1,188.0
2014-2015,CR de l'Ouest de Montréal,0,13,2,410.0
2014-2015,CR de l'Ouest de Montréal,0,13,3,201.0
2014-2015,CR de l'Ouest de Montréal,0,13,4,106.0
2014-2015,CR de l'Ouest de Montréal,0,13,5,54.0
2014-2015,CR de l'Ouest de Montréal,0,13,6,2.0
2014-2015,CR de l'Ouest de Montréal,0,13,7,0.0
2014-2015,CR de l'Ouest de Montréal,0,13,8,0.0
2014-2015,CR de l'Ouest de Montréal,0,13,9,961.0
2014-2015,CR de l'Ouest de Montréal,0,14,1,299.0
2014-2015,CR de l'Ouest de Montréal,0,14,2,797.0
2014-2015,CR de l'Ouest de Montréal,0,14,3,1427.0
2014-2015,CR de l'Ouest de Montréal,0,14,4,1452.0
2014-2015,CR de l'Ouest de Montréal,0,14,5,1330.0
2014-2015,CR de l'Ouest de Montréal,0,14,6,1968.0
2014-2015,CR de l'Ouest de Montréal,0,14,7,0.0
2014-2015,CR de l'Ouest de Montréal,0,14,8,0.0
2014-2015,CR de l'Ouest de Montréal,0,14,9,935.0
2014-2015,CR de l'Ouest de Montréal,0,15,1,241.0
2014-2015,CR de l'Ouest de Montréal,0,15,2,646.0
2014-2015,CR de l'Ouest de Montréal,0,15,3,1148.0
2014-2015,CR de l'Ouest de Montréal,0,15,4,1286.0
2014-2015,CR de l'Ouest de Montréal,0,15,5,1190.0
2014-2015,CR de l'Ouest de Montréal,0,15,6,1968.0
2014-2015,CR de l'Ouest de Montréal,0,15,7,0.0
2014-2015,CR de l'Ouest de Montréal,0,15,8,0.0
2014-2015,CR de l'Ouest de Montréal,0,15,9,616.0
2014-2015,CR de la Gaspésie,0,10,1,2.0
2014-2015,CR de la Gaspésie,0,10,2,10.0
2014-2015,CR de la Gaspésie,0,10,3,4.0
2014-2015,CR de la Gaspésie,0,10,4,0.0
2014-2015,CR de la Gaspésie,0,10,5,0.0
2014-2015,CR de la Gaspésie,0,10,6,0.0
2014-2015,CR de la Gaspésie,0,10,7,0.0
2014-2015,CR de la Gaspésie,0,10,8,0.0
2014-2015,CR de la Gaspésie,0,10,9,16.0
2014-2015,CR de la Gaspésie,0,11,1,36.0
2014-2015,CR de la Gaspésie,0,11,2,145.0
2014-2015,CR de la Gaspésie,0,11,3,186.0
2014-2015,CR de la Gaspésie,0,11,4,0.0
2014-2015,CR de la Gaspésie,0,11,5,0.0
2014-2015,CR de la Gaspésie,0,11,6,0.0
2014-2015,CR de la Gaspésie,0,11,7,0.0
2014-2015,CR de la Gaspésie,0,11,8,0.0
2014-2015,CR de la Gaspésie,0,11,9,142.0
2014-2015,CR de la Gaspésie,0,12,1,36.0
2014-2015,CR de la Gaspésie,0,12,2,36.0
2014-2015,CR de la Gaspésie,0,12,3,91.0
2014-2015,CR de la Gaspésie,0,12,4,0.0
2014-2015,CR de la Gaspésie,0,12,5,0.0
2014-2015,CR de la Gaspésie,0,12,6,0.0
2014-2015,CR de la Gaspésie,0,12,7,0.0
2014-2015,CR de la Gaspésie,0,12,8,0.0
2014-2015,CR de la Gaspésie,0,12,9,49.0
2014-2015,CR de la Gaspésie,0,13,1,2.0
2014-2015,CR de la Gaspésie,0,13,2,10.0
2014-2015,CR de la Gaspésie,0,13,3,4.0
2014-2015,CR de la Gaspésie,0,13,4,0.0
2014-2015,CR de la Gaspésie,0,13,5,0.0
2014-2015,CR de la Gaspésie,0,13,6,0.0
2014-2015,CR de la Gaspésie,0,13,7,0.0
2014-2015,CR de la Gaspésie,0,13,8,0.0
2014-2015,CR de la Gaspésie,0,13,9,16.0
2014-2015,CR de la Gaspésie,0,14,1,36.0
2014-2015,CR de la Gaspésie,0,14,2,145.0
2014-2015,CR de la Gaspésie,0,14,3,186.0
2014-2015,CR de la Gaspésie,0,14,4,0.0
2014-2015,CR de la Gaspésie,0,14,5,0.0
2014-2015,CR de la Gaspésie,0,14,6,0.0
2014-2015,CR de la Gaspésie,0,14,7,0.0
2014-2015,CR de la Gaspésie,0,14,8,0.0
2014-2015,CR de la Gaspésie,0,14,9,142.0
2014-2015,CR de la Gaspésie,0,15,1,36.0
2014-2015,CR de la Gaspésie,0,15,2,36.0
2014-2015,CR de la Gaspésie,0,15,3,91.0
2014-2015,CR de la Gaspésie,0,15,4,0.0
2014-2015,CR de la Gaspésie,0,15,5,0.0
2014-2015,CR de la Gaspésie,0,15,6,0.0
2014-2015,CR de la Gaspésie,0,15,7,0.0
2014-2015,CR de la Gaspésie,0,15,8,0.0
2014-2015,CR de la Gaspésie,0,15,9,49.0
2014-2015,CRDI de Québec,0,1,4,7.0
2014-2015,CRDI de Québec,0,1,5,2.0
2014-2015,CRDI de Québec,0,1,6,1.0
2014-2015,CRDI de Québec,0,1,9,10.0
2014-2015,CRDI de Québec,0,2,4,461.0
2014-2015,CRDI de Québec,0,2,5,876.0
2014-2015,CRDI de Québec,0,2,6,37.0
2014-2015,CRDI de Québec,0,2,9,502.0
2014-2015,CRDI de Québec,0,3,4,392.0
2014-2015,CRDI de Québec,0,3,5,876.0
2014-2015,CRDI de Québec,0,3,6,37.0
2014-2015,CRDI de Québec,0,3,9,416.0
2014-2015,CRDI de Québec,0,4,4,7.0
2014-2015,CRDI de Québec,0,4,5,11.0
2014-2015,CRDI de Québec,0,4,6,1.0
2014-2015,CRDI de Québec,0,4,9,19.0
2014-2015,CRDI de Québec,0,5,4,244.0
2014-2015,CRDI de Québec,0,5,5,786.0
2014-2015,CRDI de Québec,0,5,6,531.0
2014-2015,CRDI de Québec,0,5,9,573.0
2014-2015,CRDI de Québec,0,6,4,272.0
2014-2015,CRDI de Québec,0,6,5,702.0
2014-2015,CRDI de Québec,0,6,6,531.0
2014-2015,CRDI de Québec,0,6,9,442.0
2014-2015,CRDI de Québec,0,7,2,4.0
2014-2015,CRDI de Québec,0,7,3,4.0
2014-2015,CRDI de Québec,0,7,4,4.0
2014-2015,CRDI de Québec,0,7,5,11.0
2014-2015,CRDI de Québec,0,7,6,1.0
2014-2015,CRDI de Québec,0,7,9,24.0
2014-2015,CRDI de Québec,0,8,2,347.0
2014-2015,CRDI de Québec,0,8,3,287.0
2014-2015,CRDI de Québec,0,8,4,408.0
2014-2015,CRDI de Québec,0,8,5,818.0
2014-2015,CRDI de Québec,0,8,6,531.0
2014-2015,CRDI de Québec,0,8,9,571.0
2014-2015,CRDI de Québec,0,9,2,354.0
2014-2015,CRDI de Québec,0,9,3,234.0
2014-2015,CRDI de Québec,0,9,4,383.0
2014-2015,CRDI de Québec,0,9,5,805.0
2014-2015,CRDI de Québec,0,9,6,531.0
2014-2015,CRDI de Québec,0,9,9,524.0
2014-2015,CRDI de Québec,0,10,1,12.0
2014-2015,CRDI de Québec,0,10,2,195.0
2014-2015,CRDI de Québec,0,10,3,95.0
2014-2015,CRDI de Québec,0,10,4,23.0
2014-2015,CRDI de Québec,0,10,5,24.0
2014-2015,CRDI de Québec,0,10,6,7.0
2014-2015,CRDI de Québec,0,10,9,356.0
2014-2015,CRDI de Québec,0,11,1,45.0
2014-2015,CRDI de Québec,0,11,2,263.0
2014-2015,CRDI de Québec,0,11,3,224.0
2014-2015,CRDI de Québec,0,11,4,242.0
2014-2015,CRDI de Québec,0,11,5,126.0
2014-2015,CRDI de Québec,0,11,6,106.0
2014-2015,CRDI de Québec,0,11,9,232.0
2014-2015,CRDI de Québec,0,12,1,36.0
2014-2015,CRDI de Québec,0,12,2,198.0
2014-2015,CRDI de Québec,0,12,3,177.0
2014-2015,CRDI de Québec,0,12,4,194.0
2014-2015,CRDI de Québec,0,12,5,58.0
2014-2015,CRDI de Québec,0,12,6,106.0
2014-2015,CRDI de Québec,0,12,9,181.0
2014-2015,CRDI de Québec,0,13,1,12.0
2014-2015,CRDI de Québec,0,13,2,199.0
2014-2015,CRDI de Québec,0,13,3,99.0
2014-2015,CRDI de Québec,0,13,4,41.0
2014-2015,CRDI de Québec,0,13,5,48.0
2014-2015,CRDI de Québec,0,13,6,10.0
2014-2015,CRDI de Québec,0,13,9,409.0
2014-2015,CRDI de Québec,0,14,1,45.0
2014-2015,CRDI de Québec,0,14,2,265.0
2014-2015,CRDI de Québec,0,14,3,226.0
2014-2015,CRDI de Québec,0,14,4,296.0
2014-2015,CRDI de Québec,0,14,5,467.0
2014-2015,CRDI de Québec,0,14,6,184.0
2014-2015,CRDI de Québec,0,14,9,274.0
2014-2015,CRDI de Québec,0,15,1,36.0
2014-2015,CRDI de Québec,0,15,2,202.0
2014-2015,CRDI de Québec,0,15,3,177.0
2014-2015,CRDI de Québec,0,15,4,231.0
2014-2015,CRDI de Québec,0,15,5,225.0
2014-2015,CRDI de Québec,0,15,6,112.0
2014-2015,CRDI de Québec,0,15,9,194.0
2014-2015,CRDITED Chaudière-Appalaches,0,1,1,0.0
2014-2015,CRDITED Chaudière-Appalaches,0,1,2,0.0
2014-2015,CRDITED Chaudière-Appalaches,0,1,3,0.0
2014-2015,CRDITED Chaudière-Appalaches,0,1,4,5.0
2014-2015,CRDITED Chaudière-Appalaches,0,1,5,0.0
2014-2015,CRDITED Chaudière-Appalaches,0,1,6,0.0
2014-2015,CRDITED Chaudière-Appalaches,0,1,7,0.0
2014-2015,CRDITED Chaudière-Appalaches,0,1,8,0.0
2014-2015,CRDITED Chaudière-Appalaches,0,1,9,5.0
2014-2015,CRDITED Chaudière-Appalaches,0,2,4,180.0
2014-2015,CRDITED Chaudière-Appalaches,0,2,9,180.0
2014-2015,CRDITED Chaudière-Appalaches,0,3,4,155.0
2014-2015,CRDITED Chaudière-Appalaches,0,3,9,155.0
2014-2015,CRDITED Chaudière-Appalaches,0,4,1,0.0
2014-2015,CRDITED Chaudière-Appalaches,0,4,2,0.0
2014-2015,CRDITED Chaudière-Appalaches,0,4,3,6.0
2014-2015,CRDITED Chaudière-Appalaches,0,4,4,4.0
2014-2015,CRDITED Chaudière-Appalaches,0,4,5,2.0
2014-2015,CRDITED Chaudière-Appalaches,0,4,6,0.0
2014-2015,CRDITED Chaudière-Appalaches,0,4,7,0.0
2014-2015,CRDITED Chaudière-Appalaches,0,4,8,0.0
2014-2015,CRDITED Chaudière-Appalaches,0,4,9,12.0
2014-2015,CRDITED Chaudière-Appalaches,0,5,3,277.0
2014-2015,CRDITED Chaudière-Appalaches,0,5,4,247.0
2014-2015,CRDITED Chaudière-Appalaches,0,5,5,152.0
2014-2015,CRDITED Chaudière-Appalaches,0,5,9,246.0
2014-2015,CRDITED Chaudière-Appalaches,0,6,3,254.0
2014-2015,CRDITED Chaudière-Appalaches,0,6,4,290.0
2014-2015,CRDITED Chaudière-Appalaches,0,6,5,152.0
2014-2015,CRDITED Chaudière-Appalaches,0,6,9,228.0
2014-2015,CRDITED Chaudière-Appalaches,0,7,1,1.0
2014-2015,CRDITED Chaudière-Appalaches,0,7,2,1.0
2014-2015,CRDITED Chaudière-Appalaches,0,7,3,0.0
2014-2015,CRDITED Chaudière-Appalaches,0,7,4,0.0
2014-2015,CRDITED Chaudière-Appalaches,0,7,5,3.0
2014-2015,CRDITED Chaudière-Appalaches,0,7,6,0.0
2014-2015,CRDITED Chaudière-Appalaches,0,7,7,0.0
2014-2015,CRDITED Chaudière-Appalaches,0,7,8,0.0
2014-2015,CRDITED Chaudière-Appalaches,0,7,9,5.0
2014-2015,CRDITED Chaudière-Appalaches,0,8,1,31.0
2014-2015,CRDITED Chaudière-Appalaches,0,8,2,73.0
2014-2015,CRDITED Chaudière-Appalaches,0,8,5,55.0
2014-2015,CRDITED Chaudière-Appalaches,0,8,9,54.0
2014-2015,CRDITED Chaudière-Appalaches,0,9,1,31.0
2014-2015,CRDITED Chaudière-Appalaches,0,9,2,73.0
2014-2015,CRDITED Chaudière-Appalaches,0,9,5,78.0
2014-2015,CRDITED Chaudière-Appalaches,0,9,9,73.0
2014-2015,CRDITED Chaudière-Appalaches,0,10,1,7.0
2014-2015,CRDITED Chaudière-Appalaches,0,10,2,20.0
2014-2015,CRDITED Chaudière-Appalaches,0,10,3,8.0
2014-2015,CRDITED Chaudière-Appalaches,0,10,4,4.0
2014-2015,CRDITED Chaudière-Appalaches,0,10,5,4.0
2014-2015,CRDITED Chaudière-Appalaches,0,10,6,0.0
2014-2015,CRDITED Chaudière-Appalaches,0,10,7,0.0
2014-2015,CRDITED Chaudière-Appalaches,0,10,8,0.0
2014-2015,CRDITED Chaudière-Appalaches,0,10,9,43.0
2014-2015,CRDITED Chaudière-Appalaches,0,11,1,54.0
2014-2015,CRDITED Chaudière-Appalaches,0,11,2,65.0
2014-2015,CRDITED Chaudière-Appalaches,0,11,3,128.0
2014-2015,CRDITED Chaudière-Appalaches,0,11,4,98.0
2014-2015,CRDITED Chaudière-Appalaches,0,11,5,114.0
2014-2015,CRDITED Chaudière-Appalaches,0,11,9,83.0
2014-2015,CRDITED Chaudière-Appalaches,0,12,1,54.0
2014-2015,CRDITED Chaudière-Appalaches,0,12,2,60.0
2014-2015,CRDITED Chaudière-Appalaches,0,12,3,148.0
2014-2015,CRDITED Chaudière-Appalaches,0,12,4,72.0
2014-2015,CRDITED Chaudière-Appalaches,0,12,5,88.0
2014-2015,CRDITED Chaudière-Appalaches,0,12,9,62.0
2014-2015,CRDITED Chaudière-Appalaches,0,13,1,8.0
2014-2015,CRDITED Chaudière-Appalaches,0,13,2,21.0
2014-2015,CRDITED Chaudière-Appalaches,0,13,3,14.0
2014-2015,CRDITED Chaudière-Appalaches,0,13,4,13.0
2014-2015,CRDITED Chaudière-Appalaches,0,13,5,9.0
2014-2015,CRDITED Chaudière-Appalaches,0,13,6,0.0
2014-2015,CRDITED Chaudière-Appalaches,0,13,7,0.0
2014-2015,CRDITED Chaudière-Appalaches,0,13,8,0.0
2014-2015,CRDITED Chaudière-Appalaches,0,13,9,65.0
2014-2015,CRDITED Chaudière-Appalaches,0,14,1,51.0
2014-2015,CRDITED Chaudière-Appalaches,0,14,2,65.0
2014-2015,CRDITED Chaudière-Appalaches,0,14,3,192.0
2014-2015,CRDITED Chaudière-Appalaches,0,14,4,175.0
2014-2015,CRDITED Chaudière-Appalaches,0,14,5,103.0
2014-2015,CRDITED Chaudière-Appalaches,0,14,9,118.0
2014-2015,CRDITED Chaudière-Appalaches,0,15,1,52.0
2014-2015,CRDITED Chaudière-Appalaches,0,15,2,65.0
2014-2015,CRDITED Chaudière-Appalaches,0,15,3,154.0
2014-2015,CRDITED Chaudière-Appalaches,0,15,4,155.0
2014-2015,CRDITED Chaudière-Appalaches,0,15,5,84.0
2014-2015,CRDITED Chaudière-Appalaches,0,15,9,73.0
2014-2015,CRDITED Mauricie et Centre-du-Québec,0,1,3,1.0
2014-2015,CRDITED Mauricie et Centre-du-Québec,0,1,5,2.0
2014-2015,CRDITED Mauricie et Centre-du-Québec,0,1,6,1.0
2014-2015,CRDITED Mauricie et Centre-du-Québec,0,1,9,4.0
2014-2015,CRDITED Mauricie et Centre-du-Québec,0,2,3,7.0
2014-2015,CRDITED Mauricie et Centre-du-Québec,0,2,5,505.0
2014-2015,CRDITED Mauricie et Centre-du-Québec,0,2,6,6.0
2014-2015,CRDITED Mauricie et Centre-du-Québec,0,2,9,256.0
2014-2015,CRDITED Mauricie et Centre-du-Québec,0,3,3,7.0
2014-2015,CRDITED Mauricie et Centre-du-Québec,0,3,5,505.0
2014-2015,CRDITED Mauricie et Centre-du-Québec,0,3,6,6.0
2014-2015,CRDITED Mauricie et Centre-du-Québec,0,3,9,134.0
2014-2015,CRDITED Mauricie et Centre-du-Québec,0,4,3,4.0
2014-2015,CRDITED Mauricie et Centre-du-Québec,0,4,4,10.0
2014-2015,CRDITED Mauricie et Centre-du-Québec,0,4,5,5.0
2014-2015,CRDITED Mauricie et Centre-du-Québec,0,4,9,19.0
2014-2015,CRDITED Mauricie et Centre-du-Québec,0,5,3,77.0
2014-2015,CRDITED Mauricie et Centre-du-Québec,0,5,4,215.0
2014-2015,CRDITED Mauricie et Centre-du-Québec,0,5,5,126.0
2014-2015,CRDITED Mauricie et Centre-du-Québec,0,5,9,162.0
2014-2015,CRDITED Mauricie et Centre-du-Québec,0,6,3,79.0
2014-2015,CRDITED Mauricie et Centre-du-Québec,0,6,4,92.0
2014-2015,CRDITED Mauricie et Centre-du-Québec,0,6,5,113.0
2014-2015,CRDITED Mauricie et Centre-du-Québec,0,6,9,110.0
2014-2015,CRDITED Mauricie et Centre-du-Québec,0,7,1,2.0
2014-2015,CRDITED Mauricie et Centre-du-Québec,0,7,2,2.0
2014-2015,CRDITED Mauricie et Centre-du-Québec,0,7,3,4.0
2014-2015,CRDITED Mauricie et Centre-du-Québec,0,7,5,3.0
2014-2015,CRDITED Mauricie et Centre-du-Québec,0,7,9,11.0
2014-2015,CRDITED Mauricie et Centre-du-Québec,0,8,1,232.0
2014-2015,CRDITED Mauricie et Centre-du-Québec,0,8,2,124.0
2014-2015,CRDITED Mauricie et Centre-du-Québec,0,8,3,226.0
2014-2015,CRDITED Mauricie et Centre-du-Québec,0,8,5,182.0
2014-2015,CRDITED Mauricie et Centre-du-Québec,0,8,9,197.0
2014-2015,CRDITED Mauricie et Centre-du-Québec,0,9,1,232.0
2014-2015,CRDITED Mauricie et Centre-du-Québec,0,9,2,124.0
2014-2015,CRDITED Mauricie et Centre-du-Québec,0,9,3,215.0
2014-2015,CRDITED Mauricie et Centre-du-Québec,0,9,5,196.0
2014-2015,CRDITED Mauricie et Centre-du-Québec,0,9,9,196.0
2014-2015,CRDITED Mauricie et Centre-du-Québec,0,10,1,5.0
2014-2015,CRDITED Mauricie et Centre-du-Québec,0,10,2,38.0
2014-2015,CRDITED Mauricie et Centre-du-Québec,0,10,3,13.0
2014-2015,CRDITED Mauricie et Centre-du-Québec,0,10,4,8.0
2014-2015,CRDITED Mauricie et Centre-du-Québec,0,10,5,12.0
2014-2015,CRDITED Mauricie et Centre-du-Québec,0,10,6,2.0
2014-2015,CRDITED Mauricie et Centre-du-Québec,0,10,9,78.0
2014-2015,CRDITED Mauricie et Centre-du-Québec,0,11,1,128.0
2014-2015,CRDITED Mauricie et Centre-du-Québec,0,11,2,101.0
2014-2015,CRDITED Mauricie et Centre-du-Québec,0,11,3,126.0
2014-2015,CRDITED Mauricie et Centre-du-Québec,0,11,4,65.0
2014-2015,CRDITED Mauricie et Centre-du-Québec,0,11,5,343.0
2014-2015,CRDITED Mauricie et Centre-du-Québec,0,11,6,241.0
2014-2015,CRDITED Mauricie et Centre-du-Québec,0,11,9,144.0
2014-2015,CRDITED Mauricie et Centre-du-Québec,0,12,1,56.0
2014-2015,CRDITED Mauricie et Centre-du-Québec,0,12,2,70.0
2014-2015,CRDITED Mauricie et Centre-du-Québec,0,12,3,61.0
2014-2015,CRDITED Mauricie et Centre-du-Québec,0,12,4,35.0
2014-2015,CRDITED Mauricie et Centre-du-Québec,0,12,5,42.0
2014-2015,CRDITED Mauricie et Centre-du-Québec,0,12,6,241.0
2014-2015,CRDITED Mauricie et Centre-du-Québec,0,12,9,56.0
2014-2015,CRDITED Mauricie et Centre-du-Québec,0,13,1,7.0
2014-2015,CRDITED Mauricie et Centre-du-Québec,0,13,2,40.0
2014-2015,CRDITED Mauricie et Centre-du-Québec,0,13,3,22.0
2014-2015,CRDITED Mauricie et Centre-du-Québec,0,13,4,18.0
2014-2015,CRDITED Mauricie et Centre-du-Québec,0,13,5,22.0
2014-2015,CRDITED Mauricie et Centre-du-Québec,0,13,6,3.0
2014-2015,CRDITED Mauricie et Centre-du-Québec,0,13,9,112.0
2014-2015,CRDITED Mauricie et Centre-du-Québec,0,14,1,158.0
2014-2015,CRDITED Mauricie et Centre-du-Québec,0,14,2,102.0
2014-2015,CRDITED Mauricie et Centre-du-Québec,0,14,3,130.0
2014-2015,CRDITED Mauricie et Centre-du-Québec,0,14,4,148.0
2014-2015,CRDITED Mauricie et Centre-du-Québec,0,14,5,287.0
2014-2015,CRDITED Mauricie et Centre-du-Québec,0,14,6,162.0
2014-2015,CRDITED Mauricie et Centre-du-Québec,0,14,9,156.0
2014-2015,CRDITED Mauricie et Centre-du-Québec,0,15,1,79.0
2014-2015,CRDITED Mauricie et Centre-du-Québec,0,15,2,70.0
2014-2015,CRDITED Mauricie et Centre-du-Québec,0,15,3,85.0
2014-2015,CRDITED Mauricie et Centre-du-Québec,0,15,4,45.0
2014-2015,CRDITED Mauricie et Centre-du-Québec,0,15,5,144.0
2014-2015,CRDITED Mauricie et Centre-du-Québec,0,15,6,70.0
2014-2015,CRDITED Mauricie et Centre-du-Québec,0,15,9,70.0
2014-2015,CRDITED de Laval,0,7,1,0.0
2014-2015,CRDITED de Laval,0,7,2,2.0
2014-2015,CRDITED de Laval,0,7,3,6.0
2014-2015,CRDITED de Laval,0,7,4,5.0
2014-2015,CRDITED de Laval,0,7,5,5.0
2014-2015,CRDITED de Laval,0,7,6,1.0
2014-2015,CRDITED de Laval,0,7,7,0.0
2014-2015,CRDITED de Laval,0,7,8,0.0
2014-2015,CRDITED de Laval,0,7,9,19.0
2014-2015,CRDITED de Laval,0,8,1,0.0
2014-2015,CRDITED de Laval,0,8,2,314.0
2014-2015,CRDITED de Laval,0,8,3,394.0
2014-2015,CRDITED de Laval,0,8,4,312.0
2014-2015,CRDITED de Laval,0,8,5,510.0
2014-2015,CRDITED de Laval,0,8,6,1021.0
2014-2015,CRDITED de Laval,0,8,7,0.0
2014-2015,CRDITED de Laval,0,8,8,0.0
2014-2015,CRDITED de Laval,0,8,9,428.0
2014-2015,CRDITED de Laval,0,9,1,0.0
2014-2015,CRDITED de Laval,0,9,2,314.0
2014-2015,CRDITED de Laval,0,9,3,232.0
2014-2015,CRDITED de Laval,0,9,4,233.0
2014-2015,CRDITED de Laval,0,9,5,335.0
2014-2015,CRDITED de Laval,0,9,6,1021.0
2014-2015,CRDITED de Laval,0,9,7,0.0
2014-2015,CRDITED de Laval,0,9,8,0.0
2014-2015,CRDITED de Laval,0,9,9,302.0
2014-2015,CRDITED de Laval,0,10,1,32.0
2014-2015,CRDITED de Laval,0,10,2,12.0
2014-2015,CRDITED de Laval,0,10,3,2.0
2014-2015,CRDITED de Laval,0,10,4,1.0
2014-2015,CRDITED de Laval,0,10,5,9.0
2014-2015,CRDITED de Laval,0,10,6,2.0
2014-2015,CRDITED de Laval,0,10,7,0.0
2014-2015,CRDITED de Laval,0,10,8,0.0
2014-2015,CRDITED de Laval,0,10,9,58.0
2014-2015,CRDITED de Laval,0,11,1,58.0
2014-2015,CRDITED de Laval,0,11,2,94.0
2014-2015,CRDITED de Laval,0,11,3,308.0
2014-2015,CRDITED de Laval,0,11,4,56.0
2014-2015,CRDITED de Laval,0,11,5,141.0
2014-2015,CRDITED de Laval,0,11,6,689.0
2014-2015,CRDITED de Laval,0,11,7,0.0
2014-2015,CRDITED de Laval,0,11,8,0.0
2014-2015,CRDITED de Laval,0,11,9,109.0
2014-2015,CRDITED de Laval,0,12,1,46.0
2014-2015,CRDITED de Laval,0,12,2,55.0
2014-2015,CRDITED de Laval,0,12,3,308.0
2014-2015,CRDITED de Laval,0,12,4,56.0
2014-2015,CRDITED de Laval,0,12,5,131.0
2014-2015,CRDITED de Laval,0,12,6,689.0
2014-2015,CRDITED de Laval,0,12,7,0.0
2014-2015,CRDITED de Laval,0,12,8,0.0
2014-2015,CRDITED de Laval,0,12,9,57.0
2014-2015,CRDITED de Laval,0,13,1,32.0
2014-2015,CRDITED de Laval,0,13,2,14.0
2014-2015,CRDITED de Laval,0,13,3,8.0
2014-2015,CRDITED de Laval,0,13,4,6.0
2014-2015,CRDITED de Laval,0,13,5,14.0
2014-2015,CRDITED de Laval,0,13,6,3.0
2014-2015,CRDITED de Laval,0,13,7,0.0
2014-2015,CRDITED de Laval,0,13,8,0.0
2014-2015,CRDITED de Laval,0,13,9,77.0
2014-2015,CRDITED de Laval,0,14,1,58.0
2014-2015,CRDITED de Laval,0,14,2,125.0
2014-2015,CRDITED de Laval,0,14,3,373.0
2014-2015,CRDITED de Laval,0,14,4,269.0
2014-2015,CRDITED de Laval,0,14,5,273.0
2014-2015,CRDITED de Laval,0,14,6,800.0
2014-2015,CRDITED de Laval,0,14,7,0.0
2014-2015,CRDITED de Laval,0,14,8,0.0
2014-2015,CRDITED de Laval,0,14,9,187.0
2014-2015,CRDITED de Laval,0,15,1,46.0
2014-2015,CRDITED de Laval,0,15,2,64.0
2014-2015,CRDITED de Laval,0,15,3,232.0
2014-2015,CRDITED de Laval,0,15,4,228.0
2014-2015,CRDITED de Laval,0,15,5,132.0
2014-2015,CRDITED de Laval,0,15,6,1021.0
2014-2015,CRDITED de Laval,0,15,7,0.0
2014-2015,CRDITED de Laval,0,15,8,0.0
2014-2015,CRDITED de Laval,0,15,9,72.0
2014-2015,CRDITED de Montréal,0,1,1,0.0
2014-2015,CRDITED de Montréal,0,1,2,0.0
2014-2015,CRDITED de Montréal,0,1,3,0.0
2014-2015,CRDITED de Montréal,0,1,4,11.0
2014-2015,CRDITED de Montréal,0,1,5,8.0
2014-2015,CRDITED de Montréal,0,1,6,2.0
2014-2015,CRDITED de Montréal,0,1,7,0.0
2014-2015,CRDITED de Montréal,0,1,8,0.0
2014-2015,CRDITED de Montréal,0,1,9,21.0
2014-2015,CRDITED de Montréal,0,2,1,0.0
2014-2015,CRDITED de Montréal,0,2,2,0.0
2014-2015,CRDITED de Montréal,0,2,3,0.0
2014-2015,CRDITED de Montréal,0,2,4,230.0
2014-2015,CRDITED de Montréal,0,2,5,1607.0
2014-2015,CRDITED de Montréal,0,2,6,1751.0
2014-2015,CRDITED de Montréal,0,2,7,0.0
2014-2015,CRDITED de Montréal,0,2,8,0.0
2014-2015,CRDITED de Montréal,0,2,9,900.0
2014-2015,CRDITED de Montréal,0,3,1,0.0
2014-2015,CRDITED de Montréal,0,3,2,0.0
2014-2015,CRDITED de Montréal,0,3,3,0.0
2014-2015,CRDITED de Montréal,0,3,4,209.0
2014-2015,CRDITED de Montréal,0,3,5,1627.0
2014-2015,CRDITED de Montréal,0,3,6,1751.0
2014-2015,CRDITED de Montréal,0,3,7,0.0
2014-2015,CRDITED de Montréal,0,3,8,0.0
2014-2015,CRDITED de Montréal,0,3,9,408.0
2014-2015,CRDITED de Montréal,0,4,1,0.0
2014-2015,CRDITED de Montréal,0,4,2,0.0
2014-2015,CRDITED de Montréal,0,4,3,1.0
2014-2015,CRDITED de Montréal,0,4,4,27.0
2014-2015,CRDITED de Montréal,0,4,5,23.0
2014-2015,CRDITED de Montréal,0,4,6,10.0
2014-2015,CRDITED de Montréal,0,4,7,0.0
2014-2015,CRDITED de Montréal,0,4,8,0.0
2014-2015,CRDITED de Montréal,0,4,9,61.0
2014-2015,CRDITED de Montréal,0,5,1,0.0
2014-2015,CRDITED de Montréal,0,5,2,0.0
2014-2015,CRDITED de Montréal,0,5,3,342.0
2014-2015,CRDITED de Montréal,0,5,4,308.0
2014-2015,CRDITED de Montréal,0,5,5,1110.0
2014-2015,CRDITED de Montréal,0,5,6,2003.0
2014-2015,CRDITED de Montréal,0,5,7,0.0
2014-2015,CRDITED de Montréal,0,5,8,0.0
2014-2015,CRDITED de Montréal,0,5,9,889.0
2014-2015,CRDITED de Montréal,0,6,1,0.0
2014-2015,CRDITED de Montréal,0,6,2,0.0
2014-2015,CRDITED de Montréal,0,6,3,3472.0
2014-2015,CRDITED de Montréal,0,6,4,188.0
2014-2015,CRDITED de Montréal,0,6,5,808.0
2014-2015,CRDITED de Montréal,0,6,6,2145.0
2014-2015,CRDITED de Montréal,0,6,7,0.0
2014-2015,CRDITED de Montréal,0,6,8,0.0
2014-2015,CRDITED de Montréal,0,6,9,364.0
2014-2015,CRDITED de Montréal,0,7,1,1.0
2014-2015,CRDITED de Montréal,0,7,2,23.0
2014-2015,CRDITED de Montréal,0,7,3,28.0
2014-2015,CRDITED de Montréal,0,7,4,12.0
2014-2015,CRDITED de Montréal,0,7,5,24.0
2014-2015,CRDITED de Montréal,0,7,6,2.0
2014-2015,CRDITED de Montréal,0,7,7,0.0
2014-2015,CRDITED de Montréal,0,7,8,0.0
2014-2015,CRDITED de Montréal,0,7,9,90.0
2014-2015,CRDITED de Montréal,0,8,1,23.0
2014-2015,CRDITED de Montréal,0,8,2,533.0
2014-2015,CRDITED de Montréal,0,8,3,1261.0
2014-2015,CRDITED de Montréal,0,8,4,1507.0
2014-2015,CRDITED de Montréal,0,8,5,1900.0
2014-2015,CRDITED de Montréal,0,8,6,1183.0
2014-2015,CRDITED de Montréal,0,8,7,0.0
2014-2015,CRDITED de Montréal,0,8,8,0.0
2014-2015,CRDITED de Montréal,0,8,9,1263.0
2014-2015,CRDITED de Montréal,0,9,1,23.0
2014-2015,CRDITED de Montréal,0,9,2,364.0
2014-2015,CRDITED de Montréal,0,9,3,864.0
2014-2015,CRDITED de Montréal,0,9,4,1099.0
2014-2015,CRDITED de Montréal,0,9,5,1987.0
2014-2015,CRDITED de Montréal,0,9,6,1183.0
2014-2015,CRDITED de Montréal,0,9,7,0.0
2014-2015,CRDITED de Montréal,0,9,8,0.0
2014-2015,CRDITED de Montréal,0,9,9,737.0
2014-2015,CRDITED de Montréal,0,10,1,275.0
2014-2015,CRDITED de Montréal,0,10,2,305.0
2014-2015,CRDITED de Montréal,0,10,3,135.0
2014-2015,CRDITED de Montréal,0,10,4,39.0
2014-2015,CRDITED de Montréal,0,10,5,37.0
2014-2015,CRDITED de Montréal,0,10,6,13.0
2014-2015,CRDITED de Montréal,0,10,7,0.0
2014-2015,CRDITED de Montréal,0,10,8,0.0
2014-2015,CRDITED de Montréal,0,10,9,804.0
2014-2015,CRDITED de Montréal,0,11,1,280.0
2014-2015,CRDITED de Montréal,0,11,2,556.0
2014-2015,CRDITED de Montréal,0,11,3,560.0
2014-2015,CRDITED de Montréal,0,11,4,583.0
2014-2015,CRDITED de Montréal,0,11,5,751.0
2014-2015,CRDITED de Montréal,0,11,6,628.0
2014-2015,CRDITED de Montréal,0,11,7,0.0
2014-2015,CRDITED de Montréal,0,11,8,0.0
2014-2015,CRDITED de Montréal,0,11,9,474.0
2014-2015,CRDITED de Montréal,0,12,1,230.0
2014-2015,CRDITED de Montréal,0,12,2,526.0
2014-2015,CRDITED de Montréal,0,12,3,465.0
2014-2015,CRDITED de Montréal,0,12,4,298.0
2014-2015,CRDITED de Montréal,0,12,5,424.0
2014-2015,CRDITED de Montréal,0,12,6,321.0
2014-2015,CRDITED de Montréal,0,12,7,0.0
2014-2015,CRDITED de Montréal,0,12,8,0.0
2014-2015,CRDITED de Montréal,0,12,9,331.0
2014-2015,CRDITED de Montréal,0,13,1,276.0
2014-2015,CRDITED de Montréal,0,13,2,328.0
2014-2015,CRDITED de Montréal,0,13,3,164.0
2014-2015,CRDITED de Montréal,0,13,4,89.0
2014-2015,CRDITED de Montréal,0,13,5,92.0
2014-2015,CRDITED de Montréal,0,13,6,27.0
2014-2015,CRDITED de Montréal,0,13,7,0.0
2014-2015,CRDITED de Montréal,0,13,8,0.0
2014-2015,CRDITED de Montréal,0,13,9,976.0
2014-2015,CRDITED de Montréal,0,14,1,279.0
2014-2015,CRDITED de Montréal,0,14,2,554.0
2014-2015,CRDITED de Montréal,0,14,3,680.0
2014-2015,CRDITED de Montréal,0,14,4,581.0
2014-2015,CRDITED de Montréal,0,14,5,1215.0
2014-2015,CRDITED de Montréal,0,14,6,1261.0
2014-2015,CRDITED de Montréal,0,14,7,0.0
2014-2015,CRDITED de Montréal,0,14,8,0.0
2014-2015,CRDITED de Montréal,0,14,9,582.0
2014-2015,CRDITED de Montréal,0,15,1,230.0
2014-2015,CRDITED de Montréal,0,15,2,506.0
2014-2015,CRDITED de Montréal,0,15,3,528.0
2014-2015,CRDITED de Montréal,0,15,4,272.0
2014-2015,CRDITED de Montréal,0,15,5,806.0
2014-2015,CRDITED de Montréal,0,15,6,1023.0
2014-2015,CRDITED de Montréal,0,15,7,0.0
2014-2015,CRDITED de Montréal,0,15,8,0.0
2014-2015,CRDITED de Montréal,0,15,9,357.0
2014-2015,CRDITED de l'Estrie,0,1,1,0.0
2014-2015,CRDITED de l'Estrie,0,1,2,0.0
2014-2015,CRDITED de l'Estrie,0,1,3,0.0
2014-2015,CRDITED de l'Estrie,0,1,4,0.0
2014-2015,CRDITED de l'Estrie,0,1,5,1.0
2014-2015,CRDITED de l'Estrie,0,1,6,0.0
2014-2015,CRDITED de l'Estrie,0,1,7,0.0
2014-2015,CRDITED de l'Estrie,0,1,8,0.0
2014-2015,CRDITED de l'Estrie,0,1,9,1.0
2014-2015,CRDITED de l'Estrie,0,2,1,0.0
2014-2015,CRDITED de l'Estrie,0,2,2,0.0
2014-2015,CRDITED de l'Estrie,0,2,3,0.0
2014-2015,CRDITED de l'Estrie,0,2,4,0.0
2014-2015,CRDITED de l'Estrie,0,2,5,1.0
2014-2015,CRDITED de l'Estrie,0,2,6,0.0
2014-2015,CRDITED de l'Estrie,0,2,7,0.0
2014-2015,CRDITED de l'Estrie,0,2,8,0.0
2014-2015,CRDITED de l'Estrie,0,2,9,1.0
2014-2015,CRDITED de l'Estrie,0,3,1,0.0
2014-2015,CRDITED de l'Estrie,0,3,2,0.0
2014-2015,CRDITED de l'Estrie,0,3,3,0.0
2014-2015,CRDITED de l'Estrie,0,3,4,0.0
2014-2015,CRDITED de l'Estrie,0,3,5,1.0
2014-2015,CRDITED de l'Estrie,0,3,6,0.0
2014-2015,CRDITED de l'Estrie,0,3,7,0.0
2014-2015,CRDITED de l'Estrie,0,3,8,0.0
2014-2015,CRDITED de l'Estrie,0,3,9,1.0
2014-2015,CRDITED de l'Estrie,0,4,1,0.0
2014-2015,CRDITED de l'Estrie,0,4,2,0.0
2014-2015,CRDITED de l'Estrie,0,4,3,0.0
2014-2015,CRDITED de l'Estrie,0,4,4,0.0
2014-2015,CRDITED de l'Estrie,0,4,5,1.0
2014-2015,CRDITED de l'Estrie,0,4,6,0.0
2014-2015,CRDITED de l'Estrie,0,4,7,0.0
2014-2015,CRDITED de l'Estrie,0,4,8,0.0
2014-2015,CRDITED de l'Estrie,0,4,9,1.0
2014-2015,CRDITED de l'Estrie,0,5,1,0.0
2014-2015,CRDITED de l'Estrie,0,5,2,0.0
2014-2015,CRDITED de l'Estrie,0,5,3,0.0
2014-2015,CRDITED de l'Estrie,0,5,4,0.0
2014-2015,CRDITED de l'Estrie,0,5,5,21.0
2014-2015,CRDITED de l'Estrie,0,5,6,0.0
2014-2015,CRDITED de l'Estrie,0,5,7,0.0
2014-2015,CRDITED de l'Estrie,0,5,8,0.0
2014-2015,CRDITED de l'Estrie,0,5,9,21.0
2014-2015,CRDITED de l'Estrie,0,6,1,0.0
2014-2015,CRDITED de l'Estrie,0,6,2,0.0
2014-2015,CRDITED de l'Estrie,0,6,3,0.0
2014-2015,CRDITED de l'Estrie,0,6,4,0.0
2014-2015,CRDITED de l'Estrie,0,6,5,21.0
2014-2015,CRDITED de l'Estrie,0,6,6,0.0
2014-2015,CRDITED de l'Estrie,0,6,7,0.0
2014-2015,CRDITED de l'Estrie,0,6,8,0.0
2014-2015,CRDITED de l'Estrie,0,6,9,21.0
2014-2015,CRDITED de l'Estrie,0,7,2,0.0
2014-2015,CRDITED de l'Estrie,0,7,3,0.0
2014-2015,CRDITED de l'Estrie,0,7,4,0.0
2014-2015,CRDITED de l'Estrie,0,7,5,0.0
2014-2015,CRDITED de l'Estrie,0,7,6,0.0
2014-2015,CRDITED de l'Estrie,0,7,7,0.0
2014-2015,CRDITED de l'Estrie,0,7,8,0.0
2014-2015,CRDITED de l'Estrie,0,7,9,0.0
2014-2015,CRDITED de l'Estrie,0,8,1,0.0
2014-2015,CRDITED de l'Estrie,0,8,2,0.0
2014-2015,CRDITED de l'Estrie,0,8,3,0.0
2014-2015,CRDITED de l'Estrie,0,8,4,0.0
2014-2015,CRDITED de l'Estrie,0,8,5,0.0
2014-2015,CRDITED de l'Estrie,0,8,6,0.0
2014-2015,CRDITED de l'Estrie,0,8,7,0.0
2014-2015,CRDITED de l'Estrie,0,8,8,0.0
2014-2015,CRDITED de l'Estrie,0,8,9,0.0
2014-2015,CRDITED de l'Estrie,0,9,1,0.0
2014-2015,CRDITED de l'Estrie,0,9,2,0.0
2014-2015,CRDITED de l'Estrie,0,9,3,0.0
2014-2015,CRDITED de l'Estrie,0,9,4,0.0
2014-2015,CRDITED de l'Estrie,0,9,5,0.0
2014-2015,CRDITED de l'Estrie,0,9,6,0.0
2014-2015,CRDITED de l'Estrie,0,9,7,0.0
2014-2015,CRDITED de l'Estrie,0,9,8,0.0
2014-2015,CRDITED de l'Estrie,0,9,9,0.0
2014-2015,CRDITED de l'Estrie,0,10,1,2.0
2014-2015,CRDITED de l'Estrie,0,10,2,25.0
2014-2015,CRDITED de l'Estrie,0,10,3,13.0
2014-2015,CRDITED de l'Estrie,0,10,4,1.0
2014-2015,CRDITED de l'Estrie,0,10,5,3.0
2014-2015,CRDITED de l'Estrie,0,10,6,0.0
2014-2015,CRDITED de l'Estrie,0,10,7,0.0
2014-2015,CRDITED de l'Estrie,0,10,8,0.0
2014-2015,CRDITED de l'Estrie,0,10,9,44.0
2014-2015,CRDITED de l'Estrie,0,11,1,138.0
2014-2015,CRDITED de l'Estrie,0,11,2,294.0
2014-2015,CRDITED de l'Estrie,0,11,3,208.0
2014-2015,CRDITED de l'Estrie,0,11,4,203.0
2014-2015,CRDITED de l'Estrie,0,11,5,266.0
2014-2015,CRDITED de l'Estrie,0,11,6,0.0
2014-2015,CRDITED de l'Estrie,0,11,7,0.0
2014-2015,CRDITED de l'Estrie,0,11,8,0.0
2014-2015,CRDITED de l'Estrie,0,11,9,258.0
2014-2015,CRDITED de l'Estrie,0,12,1,138.0
2014-2015,CRDITED de l'Estrie,0,12,2,135.0
2014-2015,CRDITED de l'Estrie,0,12,3,139.0
2014-2015,CRDITED de l'Estrie,0,12,4,203.0
2014-2015,CRDITED de l'Estrie,0,12,5,36.0
2014-2015,CRDITED de l'Estrie,0,12,6,0.0
2014-2015,CRDITED de l'Estrie,0,12,7,0.0
2014-2015,CRDITED de l'Estrie,0,12,8,0.0
2014-2015,CRDITED de l'Estrie,0,12,9,137.0
2014-2015,CRDITED de l'Estrie,0,13,1,2.0
2014-2015,CRDITED de l'Estrie,0,13,2,25.0
2014-2015,CRDITED de l'Estrie,0,13,3,13.0
2014-2015,CRDITED de l'Estrie,0,13,4,1.0
2014-2015,CRDITED de l'Estrie,0,13,5,5.0
2014-2015,CRDITED de l'Estrie,0,13,6,0.0
2014-2015,CRDITED de l'Estrie,0,13,7,0.0
2014-2015,CRDITED de l'Estrie,0,13,8,0.0
2014-2015,CRDITED de l'Estrie,0,13,9,46.0
2014-2015,CRDITED de l'Estrie,0,14,1,138.0
2014-2015,CRDITED de l'Estrie,0,14,2,294.0
2014-2015,CRDITED de l'Estrie,0,14,3,208.0
2014-2015,CRDITED de l'Estrie,0,14,4,203.0
2014-2015,CRDITED de l'Estrie,0,14,5,164.0
2014-2015,CRDITED de l'Estrie,0,14,6,0.0
2014-2015,CRDITED de l'Estrie,0,14,7,0.0
2014-2015,CRDITED de l'Estrie,0,14,8,0.0
2014-2015,CRDITED de l'Estrie,0,14,9,247.0
2014-2015,CRDITED de l'Estrie,0,15,1,138.0
2014-2015,CRDITED de l'Estrie,0,15,2,135.0
2014-2015,CRDITED de l'Estrie,0,15,3,139.0
2014-2015,CRDITED de l'Estrie,0,15,4,203.0
2014-2015,CRDITED de l'Estrie,0,15,5,21.0
2014-2015,CRDITED de l'Estrie,0,15,6,0.0
2014-2015,CRDITED de l'Estrie,0,15,7,0.0
2014-2015,CRDITED de l'Estrie,0,15,8,0.0
2014-2015,CRDITED de l'Estrie,0,15,9,126.0
2014-2015,CRDITED de la Montérégie-Est,0,1,1,0.0
2014-2015,CRDITED de la Montérégie-Est,0,1,2,0.0
2014-2015,CRDITED de la Montérégie-Est,0,1,3,0.0
2014-2015,CRDITED de la Montérégie-Est,0,1,4,3.0
2014-2015,CRDITED de la Montérégie-Est,0,1,5,1.0
2014-2015,CRDITED de la Montérégie-Est,0,1,6,0.0
2014-2015,CRDITED de la Montérégie-Est,0,1,7,0.0
2014-2015,CRDITED de la Montérégie-Est,0,1,8,0.0
2014-2015,CRDITED de la Montérégie-Est,0,1,9,4.0
2014-2015,CRDITED de la Montérégie-Est,0,2,4,296.0
2014-2015,CRDITED de la Montérégie-Est,0,2,5,356.0
2014-2015,CRDITED de la Montérégie-Est,0,2,9,311.0
2014-2015,CRDITED de la Montérégie-Est,0,3,4,336.0
2014-2015,CRDITED de la Montérégie-Est,0,3,5,356.0
2014-2015,CRDITED de la Montérégie-Est,0,3,9,340.0
2014-2015,CRDITED de la Montérégie-Est,0,4,1,0.0
2014-2015,CRDITED de la Montérégie-Est,0,4,2,0.0
2014-2015,CRDITED de la Montérégie-Est,0,4,3,2.0
2014-2015,CRDITED de la Montérégie-Est,0,4,4,3.0
2014-2015,CRDITED de la Montérégie-Est,0,4,5,4.0
2014-2015,CRDITED de la Montérégie-Est,0,4,6,0.0
2014-2015,CRDITED de la Montérégie-Est,0,4,7,0.0
2014-2015,CRDITED de la Montérégie-Est,0,4,8,0.0
2014-2015,CRDITED de la Montérégie-Est,0,4,9,9.0
2014-2015,CRDITED de la Montérégie-Est,0,5,3,84.0
2014-2015,CRDITED de la Montérégie-Est,0,5,4,237.0
2014-2015,CRDITED de la Montérégie-Est,0,5,5,121.0
2014-2015,CRDITED de la Montérégie-Est,0,5,9,152.0
2014-2015,CRDITED de la Montérégie-Est,0,6,3,84.0
2014-2015,CRDITED de la Montérégie-Est,0,6,4,301.0
2014-2015,CRDITED de la Montérégie-Est,0,6,5,126.0
2014-2015,CRDITED de la Montérégie-Est,0,6,9,118.0
2014-2015,CRDITED de la Montérégie-Est,0,7,1,0.0
2014-2015,CRDITED de la Montérégie-Est,0,7,2,3.0
2014-2015,CRDITED de la Montérégie-Est,0,7,3,5.0
2014-2015,CRDITED de la Montérégie-Est,0,7,4,1.0
2014-2015,CRDITED de la Montérégie-Est,0,7,5,10.0
2014-2015,CRDITED de la Montérégie-Est,0,7,6,3.0
2014-2015,CRDITED de la Montérégie-Est,0,7,7,0.0
2014-2015,CRDITED de la Montérégie-Est,0,7,8,0.0
2014-2015,CRDITED de la Montérégie-Est,0,7,9,22.0
2014-2015,CRDITED de la Montérégie-Est,0,8,2,390.0
2014-2015,CRDITED de la Montérégie-Est,0,8,3,474.0
2014-2015,CRDITED de la Montérégie-Est,0,8,4,2603.0
2014-2015,CRDITED de la Montérégie-Est,0,8,5,1372.0
2014-2015,CRDITED de la Montérégie-Est,0,8,6,1188.0
2014-2015,CRDITED de la Montérégie-Est,0,8,9,1065.0
2014-2015,CRDITED de la Montérégie-Est,0,9,2,341.0
2014-2015,CRDITED de la Montérégie-Est,0,9,3,397.0
2014-2015,CRDITED de la Montérégie-Est,0,9,4,2603.0
2014-2015,CRDITED de la Montérégie-Est,0,9,5,1381.0
2014-2015,CRDITED de la Montérégie-Est,0,9,6,1021.0
2014-2015,CRDITED de la Montérégie-Est,0,9,9,854.0
2014-2015,CRDITED de la Montérégie-Est,0,10,1,184.0
2014-2015,CRDITED de la Montérégie-Est,0,10,2,317.0
2014-2015,CRDITED de la Montérégie-Est,0,10,3,62.0
2014-2015,CRDITED de la Montérégie-Est,0,10,4,12.0
2014-2015,CRDITED de la Montérégie-Est,0,10,5,11.0
2014-2015,CRDITED de la Montérégie-Est,0,10,6,5.0
2014-2015,CRDITED de la Montérégie-Est,0,10,7,0.0
2014-2015,CRDITED de la Montérégie-Est,0,10,8,0.0
2014-2015,CRDITED de la Montérégie-Est,0,10,9,591.0
2014-2015,CRDITED de la Montérégie-Est,0,11,1,165.0
2014-2015,CRDITED de la Montérégie-Est,0,11,2,301.0
2014-2015,CRDITED de la Montérégie-Est,0,11,3,344.0
2014-2015,CRDITED de la Montérégie-Est,0,11,4,187.0
2014-2015,CRDITED de la Montérégie-Est,0,11,5,300.0
2014-2015,CRDITED de la Montérégie-Est,0,11,6,526.0
2014-2015,CRDITED de la Montérégie-Est,0,11,9,263.0
2014-2015,CRDITED de la Montérégie-Est,0,12,1,155.0
2014-2015,CRDITED de la Montérégie-Est,0,12,2,237.0
2014-2015,CRDITED de la Montérégie-Est,0,12,3,248.0
2014-2015,CRDITED de la Montérégie-Est,0,12,4,160.0
2014-2015,CRDITED de la Montérégie-Est,0,12,5,203.0
2014-2015,CRDITED de la Montérégie-Est,0,12,6,237.0
2014-2015,CRDITED de la Montérégie-Est,0,12,9,191.0
2014-2015,CRDITED de la Montérégie-Est,0,13,1,184.0
2014-2015,CRDITED de la Montérégie-Est,0,13,2,320.0
2014-2015,CRDITED de la Montérégie-Est,0,13,3,69.0
2014-2015,CRDITED de la Montérégie-Est,0,13,4,19.0
2014-2015,CRDITED de la Montérégie-Est,0,13,5,26.0
2014-2015,CRDITED de la Montérégie-Est,0,13,6,8.0
2014-2015,CRDITED de la Montérégie-Est,0,13,7,0.0
2014-2015,CRDITED de la Montérégie-Est,0,13,8,0.0
2014-2015,CRDITED de la Montérégie-Est,0,13,9,626.0
2014-2015,CRDITED de la Montérégie-Est,0,14,1,165.0
2014-2015,CRDITED de la Montérégie-Est,0,14,2,302.0
2014-2015,CRDITED de la Montérégie-Est,0,14,3,346.0
2014-2015,CRDITED de la Montérégie-Est,0,14,4,340.0
2014-2015,CRDITED de la Montérégie-Est,0,14,5,687.0
2014-2015,CRDITED de la Montérégie-Est,0,14,6,774.0
2014-2015,CRDITED de la Montérégie-Est,0,14,9,290.0
2014-2015,CRDITED de la Montérégie-Est,0,15,1,155.0
2014-2015,CRDITED de la Montérégie-Est,0,15,2,237.0
2014-2015,CRDITED de la Montérégie-Est,0,15,3,242.0
2014-2015,CRDITED de la Montérégie-Est,0,15,4,210.0
2014-2015,CRDITED de la Montérégie-Est,0,15,5,330.0
2014-2015,CRDITED de la Montérégie-Est,0,15,6,484.0
2014-2015,CRDITED de la Montérégie-Est,0,15,9,198.0
2014-2015,CRDITED du Bas-St-Laurent,0,1,1,0.0
2014-2015,CRDITED du Bas-St-Laurent,0,1,2,0.0
2014-2015,CRDITED du Bas-St-Laurent,0,1,3,0.0
2014-2015,CRDITED du Bas-St-Laurent,0,1,4,0.0
2014-2015,CRDITED du Bas-St-Laurent,0,1,5,2.0
2014-2015,CRDITED du Bas-St-Laurent,0,1,6,0.0
2014-2015,CRDITED du Bas-St-Laurent,0,1,7,0.0
2014-2015,CRDITED du Bas-St-Laurent,0,1,8,0.0
2014-2015,CRDITED du Bas-St-Laurent,0,1,9,2.0
2014-2015,CRDITED du Bas-St-Laurent,0,2,5,242.0
2014-2015,CRDITED du Bas-St-Laurent,0,2,9,242.0
2014-2015,CRDITED du Bas-St-Laurent,0,3,5,242.0
2014-2015,CRDITED du Bas-St-Laurent,0,3,9,242.0
2014-2015,CRDITED du Bas-St-Laurent,0,4,1,0.0
2014-2015,CRDITED du Bas-St-Laurent,0,4,2,0.0
2014-2015,CRDITED du Bas-St-Laurent,0,4,3,1.0
2014-2015,CRDITED du Bas-St-Laurent,0,4,4,3.0
2014-2015,CRDITED du Bas-St-Laurent,0,4,5,0.0
2014-2015,CRDITED du Bas-St-Laurent,0,4,6,0.0
2014-2015,CRDITED du Bas-St-Laurent,0,4,7,0.0
2014-2015,CRDITED du Bas-St-Laurent,0,4,8,0.0
2014-2015,CRDITED du Bas-St-Laurent,0,4,9,4.0
2014-2015,CRDITED du Bas-St-Laurent,0,5,3,16.0
2014-2015,CRDITED du Bas-St-Laurent,0,5,4,376.0
2014-2015,CRDITED du Bas-St-Laurent,0,5,9,286.0
2014-2015,CRDITED du Bas-St-Laurent,0,6,3,16.0
2014-2015,CRDITED du Bas-St-Laurent,0,6,4,260.0
2014-2015,CRDITED du Bas-St-Laurent,0,6,9,194.0
2014-2015,CRDITED du Bas-St-Laurent,0,7,1,0.0
2014-2015,CRDITED du Bas-St-Laurent,0,7,2,1.0
2014-2015,CRDITED du Bas-St-Laurent,0,7,3,0.0
2014-2015,CRDITED du Bas-St-Laurent,0,7,4,1.0
2014-2015,CRDITED du Bas-St-Laurent,0,7,5,1.0
2014-2015,CRDITED du Bas-St-Laurent,0,7,6,0.0
2014-2015,CRDITED du Bas-St-Laurent,0,7,7,0.0
2014-2015,CRDITED du Bas-St-Laurent,0,7,8,0.0
2014-2015,CRDITED du Bas-St-Laurent,0,7,9,3.0
2014-2015,CRDITED du Bas-St-Laurent,0,8,2,734.0
2014-2015,CRDITED du Bas-St-Laurent,0,8,4,126.0
2014-2015,CRDITED du Bas-St-Laurent,0,8,5,285.0
2014-2015,CRDITED du Bas-St-Laurent,0,8,9,382.0
2014-2015,CRDITED du Bas-St-Laurent,0,9,2,734.0
2014-2015,CRDITED du Bas-St-Laurent,0,9,4,126.0
2014-2015,CRDITED du Bas-St-Laurent,0,9,5,285.0
2014-2015,CRDITED du Bas-St-Laurent,0,9,9,285.0
2014-2015,CRDITED du Bas-St-Laurent,0,10,1,1.0
2014-2015,CRDITED du Bas-St-Laurent,0,10,2,10.0
2014-2015,CRDITED du Bas-St-Laurent,0,10,3,7.0
2014-2015,CRDITED du Bas-St-Laurent,0,10,4,2.0
2014-2015,CRDITED du Bas-St-Laurent,0,10,5,2.0
2014-2015,CRDITED du Bas-St-Laurent,0,10,6,0.0
2014-2015,CRDITED du Bas-St-Laurent,0,10,7,0.0
2014-2015,CRDITED du Bas-St-Laurent,0,10,8,0.0
2014-2015,CRDITED du Bas-St-Laurent,0,10,9,22.0
2014-2015,CRDITED du Bas-St-Laurent,0,11,1,29.0
2014-2015,CRDITED du Bas-St-Laurent,0,11,2,42.0
2014-2015,CRDITED du Bas-St-Laurent,0,11,3,47.0
2014-2015,CRDITED du Bas-St-Laurent,0,11,4,34.0
2014-2015,CRDITED du Bas-St-Laurent,0,11,5,163.0
2014-2015,CRDITED du Bas-St-Laurent,0,11,9,53.0
2014-2015,CRDITED du Bas-St-Laurent,0,12,1,29.0
2014-2015,CRDITED du Bas-St-Laurent,0,12,2,37.0
2014-2015,CRDITED du Bas-St-Laurent,0,12,3,41.0
2014-2015,CRDITED du Bas-St-Laurent,0,12,4,34.0
2014-2015,CRDITED du Bas-St-Laurent,0,12,5,163.0
2014-2015,CRDITED du Bas-St-Laurent,0,12,9,37.0
2014-2015,CRDITED du Bas-St-Laurent,0,13,1,1.0
2014-2015,CRDITED du Bas-St-Laurent,0,13,2,11.0
2014-2015,CRDITED du Bas-St-Laurent,0,13,3,8.0
2014-2015,CRDITED du Bas-St-Laurent,0,13,4,6.0
2014-2015,CRDITED du Bas-St-Laurent,0,13,5,5.0
2014-2015,CRDITED du Bas-St-Laurent,0,13,6,0.0
2014-2015,CRDITED du Bas-St-Laurent,0,13,7,0.0
2014-2015,CRDITED du Bas-St-Laurent,0,13,8,0.0
2014-2015,CRDITED du Bas-St-Laurent,0,13,9,31.0
2014-2015,CRDITED du Bas-St-Laurent,0,14,1,29.0
2014-2015,CRDITED du Bas-St-Laurent,0,14,2,105.0
2014-2015,CRDITED du Bas-St-Laurent,0,14,3,43.0
2014-2015,CRDITED du Bas-St-Laurent,0,14,4,220.0
2014-2015,CRDITED du Bas-St-Laurent,0,14,5,219.0
2014-2015,CRDITED du Bas-St-Laurent,0,14,9,127.0
2014-2015,CRDITED du Bas-St-Laurent,0,15,1,29.0
2014-2015,CRDITED du Bas-St-Laurent,0,15,2,37.0
2014-2015,CRDITED du Bas-St-Laurent,0,15,3,39.0
2014-2015,CRDITED du Bas-St-Laurent,0,15,4,126.0
2014-2015,CRDITED du Bas-St-Laurent,0,15,5,285.0
2014-2015,CRDITED du Bas-St-Laurent,0,15,9,44.0
2014-2015,CRDITED du SaguenayLac-St-Jean,0,1,1,0.0
2014-2015,CRDITED du SaguenayLac-St-Jean,0,1,2,0.0
2014-2015,CRDITED du SaguenayLac-St-Jean,0,1,3,1.0
2014-2015,CRDITED du SaguenayLac-St-Jean,0,1,4,5.0
2014-2015,CRDITED du SaguenayLac-St-Jean,0,1,5,3.0
2014-2015,CRDITED du SaguenayLac-St-Jean,0,1,6,1.0
2014-2015,CRDITED du SaguenayLac-St-Jean,0,1,7,0.0
2014-2015,CRDITED du SaguenayLac-St-Jean,0,1,8,0.0
2014-2015,CRDITED du SaguenayLac-St-Jean,0,1,9,10.0
2014-2015,CRDITED du SaguenayLac-St-Jean,0,2,1,0.0
2014-2015,CRDITED du SaguenayLac-St-Jean,0,2,2,0.0
2014-2015,CRDITED du SaguenayLac-St-Jean,0,2,3,61.0
2014-2015,CRDITED du SaguenayLac-St-Jean,0,2,4,297.0
2014-2015,CRDITED du SaguenayLac-St-Jean,0,2,5,452.0
2014-2015,CRDITED du SaguenayLac-St-Jean,0,2,6,526.0
2014-2015,CRDITED du SaguenayLac-St-Jean,0,2,7,0.0
2014-2015,CRDITED du SaguenayLac-St-Jean,0,2,8,0.0
2014-2015,CRDITED du SaguenayLac-St-Jean,0,2,9,343.0
2014-2015,CRDITED du SaguenayLac-St-Jean,0,3,1,0.0
2014-2015,CRDITED du SaguenayLac-St-Jean,0,3,2,0.0
2014-2015,CRDITED du SaguenayLac-St-Jean,0,3,3,61.0
2014-2015,CRDITED du SaguenayLac-St-Jean,0,3,4,197.0
2014-2015,CRDITED du SaguenayLac-St-Jean,0,3,5,608.0
2014-2015,CRDITED du SaguenayLac-St-Jean,0,3,6,526.0
2014-2015,CRDITED du SaguenayLac-St-Jean,0,3,7,0.0
2014-2015,CRDITED du SaguenayLac-St-Jean,0,3,8,0.0
2014-2015,CRDITED du SaguenayLac-St-Jean,0,3,9,252.0
2014-2015,CRDITED du SaguenayLac-St-Jean,0,4,1,0.0
2014-2015,CRDITED du SaguenayLac-St-Jean,0,4,2,0.0
2014-2015,CRDITED du SaguenayLac-St-Jean,0,4,3,0.0
2014-2015,CRDITED du SaguenayLac-St-Jean,0,4,4,2.0
2014-2015,CRDITED du SaguenayLac-St-Jean,0,4,5,1.0
2014-2015,CRDITED du SaguenayLac-St-Jean,0,4,6,0.0
2014-2015,CRDITED du SaguenayLac-St-Jean,0,4,7,0.0
2014-2015,CRDITED du SaguenayLac-St-Jean,0,4,8,0.0
2014-2015,CRDITED du SaguenayLac-St-Jean,0,4,9,3.0
2014-2015,CRDITED du SaguenayLac-St-Jean,0,5,1,0.0
2014-2015,CRDITED du SaguenayLac-St-Jean,0,5,2,0.0
2014-2015,CRDITED du SaguenayLac-St-Jean,0,5,3,0.0
2014-2015,CRDITED du SaguenayLac-St-Jean,0,5,4,150.0
2014-2015,CRDITED du SaguenayLac-St-Jean,0,5,5,173.0
2014-2015,CRDITED du SaguenayLac-St-Jean,0,5,6,0.0
2014-2015,CRDITED du SaguenayLac-St-Jean,0,5,7,0.0
2014-2015,CRDITED du SaguenayLac-St-Jean,0,5,8,0.0
2014-2015,CRDITED du SaguenayLac-St-Jean,0,5,9,158.0
2014-2015,CRDITED du SaguenayLac-St-Jean,0,6,1,0.0
2014-2015,CRDITED du SaguenayLac-St-Jean,0,6,2,0.0
2014-2015,CRDITED du SaguenayLac-St-Jean,0,6,3,0.0
2014-2015,CRDITED du SaguenayLac-St-Jean,0,6,4,150.0
2014-2015,CRDITED du SaguenayLac-St-Jean,0,6,5,173.0
2014-2015,CRDITED du SaguenayLac-St-Jean,0,6,6,0.0
2014-2015,CRDITED du SaguenayLac-St-Jean,0,6,7,0.0
2014-2015,CRDITED du SaguenayLac-St-Jean,0,6,8,0.0
2014-2015,CRDITED du SaguenayLac-St-Jean,0,6,9,173.0
2014-2015,CRDITED du SaguenayLac-St-Jean,0,7,1,0.0
2014-2015,CRDITED du SaguenayLac-St-Jean,0,7,2,0.0
2014-2015,CRDITED du SaguenayLac-St-Jean,0,7,3,1.0
2014-2015,CRDITED du SaguenayLac-St-Jean,0,7,4,0.0
2014-2015,CRDITED du SaguenayLac-St-Jean,0,7,5,0.0
2014-2015,CRDITED du SaguenayLac-St-Jean,0,7,6,0.0
2014-2015,CRDITED du SaguenayLac-St-Jean,0,7,7,0.0
2014-2015,CRDITED du SaguenayLac-St-Jean,0,7,8,0.0
2014-2015,CRDITED du SaguenayLac-St-Jean,0,7,9,1.0
2014-2015,CRDITED du SaguenayLac-St-Jean,0,8,1,0.0
2014-2015,CRDITED du SaguenayLac-St-Jean,0,8,2,0.0
2014-2015,CRDITED du SaguenayLac-St-Jean,0,8,3,289.0
2014-2015,CRDITED du SaguenayLac-St-Jean,0,8,4,0.0
2014-2015,CRDITED du SaguenayLac-St-Jean,0,8,5,0.0
2014-2015,CRDITED du SaguenayLac-St-Jean,0,8,6,0.0
2014-2015,CRDITED du SaguenayLac-St-Jean,0,8,7,0.0
2014-2015,CRDITED du SaguenayLac-St-Jean,0,8,8,0.0
2014-2015,CRDITED du SaguenayLac-St-Jean,0,8,9,289.0
2014-2015,CRDITED du SaguenayLac-St-Jean,0,9,1,0.0
2014-2015,CRDITED du SaguenayLac-St-Jean,0,9,2,0.0
2014-2015,CRDITED du SaguenayLac-St-Jean,0,9,3,289.0
2014-2015,CRDITED du SaguenayLac-St-Jean,0,9,4,0.0
2014-2015,CRDITED du SaguenayLac-St-Jean,0,9,5,0.0
2014-2015,CRDITED du SaguenayLac-St-Jean,0,9,6,0.0
2014-2015,CRDITED du SaguenayLac-St-Jean,0,9,7,0.0
2014-2015,CRDITED du SaguenayLac-St-Jean,0,9,8,0.0
2014-2015,CRDITED du SaguenayLac-St-Jean,0,9,9,289.0
2014-2015,CRDITED du SaguenayLac-St-Jean,0,10,1,3.0
2014-2015,CRDITED du SaguenayLac-St-Jean,0,10,2,3.0
2014-2015,CRDITED du SaguenayLac-St-Jean,0,10,3,0.0
2014-2015,CRDITED du SaguenayLac-St-Jean,0,10,4,1.0
2014-2015,CRDITED du SaguenayLac-St-Jean,0,10,5,0.0
2014-2015,CRDITED du SaguenayLac-St-Jean,0,10,6,0.0
2014-2015,CRDITED du SaguenayLac-St-Jean,0,10,7,0.0
2014-2015,CRDITED du SaguenayLac-St-Jean,0,10,8,0.0
2014-2015,CRDITED du SaguenayLac-St-Jean,0,10,9,7.0
2014-2015,CRDITED du SaguenayLac-St-Jean,0,11,1,35.0
2014-2015,CRDITED du SaguenayLac-St-Jean,0,11,2,14.0
2014-2015,CRDITED du SaguenayLac-St-Jean,0,11,3,0.0
2014-2015,CRDITED du SaguenayLac-St-Jean,0,11,4,296.0
2014-2015,CRDITED du SaguenayLac-St-Jean,0,11,5,0.0
2014-2015,CRDITED du SaguenayLac-St-Jean,0,11,6,0.0
2014-2015,CRDITED du SaguenayLac-St-Jean,0,11,7,0.0
2014-2015,CRDITED du SaguenayLac-St-Jean,0,11,8,0.0
2014-2015,CRDITED du SaguenayLac-St-Jean,0,11,9,63.0
2014-2015,CRDITED du SaguenayLac-St-Jean,0,12,1,20.0
2014-2015,CRDITED du SaguenayLac-St-Jean,0,12,2,8.0
2014-2015,CRDITED du SaguenayLac-St-Jean,0,12,3,0.0
2014-2015,CRDITED du SaguenayLac-St-Jean,0,12,4,296.0
2014-2015,CRDITED du SaguenayLac-St-Jean,0,12,5,0.0
2014-2015,CRDITED du SaguenayLac-St-Jean,0,12,6,0.0
2014-2015,CRDITED du SaguenayLac-St-Jean,0,12,7,0.0
2014-2015,CRDITED du SaguenayLac-St-Jean,0,12,8,0.0
2014-2015,CRDITED du SaguenayLac-St-Jean,0,12,9,20.0
2014-2015,CRDITED du SaguenayLac-St-Jean,0,13,1,3.0
2014-2015,CRDITED du SaguenayLac-St-Jean,0,13,2,3.0
2014-2015,CRDITED du SaguenayLac-St-Jean,0,13,3,2.0
2014-2015,CRDITED du SaguenayLac-St-Jean,0,13,4,8.0
2014-2015,CRDITED du SaguenayLac-St-Jean,0,13,5,4.0
2014-2015,CRDITED du SaguenayLac-St-Jean,0,13,6,1.0
2014-2015,CRDITED du SaguenayLac-St-Jean,0,13,7,0.0
2014-2015,CRDITED du SaguenayLac-St-Jean,0,13,8,0.0
2014-2015,CRDITED du SaguenayLac-St-Jean,0,13,9,21.0
2014-2015,CRDITED du SaguenayLac-St-Jean,0,14,1,35.0
2014-2015,CRDITED du SaguenayLac-St-Jean,0,14,2,14.0
2014-2015,CRDITED du SaguenayLac-St-Jean,0,14,3,175.0
2014-2015,CRDITED du SaguenayLac-St-Jean,0,14,4,260.0
2014-2015,CRDITED du SaguenayLac-St-Jean,0,14,5,382.0
2014-2015,CRDITED du SaguenayLac-St-Jean,0,14,6,526.0
2014-2015,CRDITED du SaguenayLac-St-Jean,0,14,7,0.0
2014-2015,CRDITED du SaguenayLac-St-Jean,0,14,8,0.0
2014-2015,CRDITED du SaguenayLac-St-Jean,0,14,9,221.0
2014-2015,CRDITED du SaguenayLac-St-Jean,0,15,1,20.0
2014-2015,CRDITED du SaguenayLac-St-Jean,0,15,2,8.0
2014-2015,CRDITED du SaguenayLac-St-Jean,0,15,3,175.0
2014-2015,CRDITED du SaguenayLac-St-Jean,0,15,4,246.0
2014-2015,CRDITED du SaguenayLac-St-Jean,0,15,5,390.0
2014-2015,CRDITED du SaguenayLac-St-Jean,0,15,6,526.0
2014-2015,CRDITED du SaguenayLac-St-Jean,0,15,7,0.0
2014-2015,CRDITED du SaguenayLac-St-Jean,0,15,8,0.0
2014-2015,CRDITED du SaguenayLac-St-Jean,0,15,9,173.0
2014-2015,CSSS de Charlevoix,0,1,1,0.0
2014-2015,CSSS de Charlevoix,0,1,2,0.0
2014-2015,CSSS de Charlevoix,0,1,3,0.0
2014-2015,CSSS de Charlevoix,0,1,4,0.0
2014-2015,CSSS de Charlevoix,0,1,5,0.0
2014-2015,CSSS de Charlevoix,0,1,6,0.0
2014-2015,CSSS de Charlevoix,0,1,7,0.0
2014-2015,CSSS de Charlevoix,0,1,8,0.0
2014-2015,CSSS de Charlevoix,0,1,9,0.0
2014-2015,CSSS de Charlevoix,0,2,1,0.0
2014-2015,CSSS de Charlevoix,0,2,2,0.0
2014-2015,CSSS de Charlevoix,0,2,3,0.0
2014-2015,CSSS de Charlevoix,0,2,4,0.0
2014-2015,CSSS de Charlevoix,0,2,5,0.0
2014-2015,CSSS de Charlevoix,0,2,6,0.0
2014-2015,CSSS de Charlevoix,0,2,7,0.0
2014-2015,CSSS de Charlevoix,0,2,8,0.0
2014-2015,CSSS de Charlevoix,0,2,9,0.0
2014-2015,CSSS de Charlevoix,0,3,1,0.0
2014-2015,CSSS de Charlevoix,0,3,2,0.0
2014-2015,CSSS de Charlevoix,0,3,3,0.0
2014-2015,CSSS de Charlevoix,0,3,4,0.0
2014-2015,CSSS de Charlevoix,0,3,5,0.0
2014-2015,CSSS de Charlevoix,0,3,6,0.0
2014-2015,CSSS de Charlevoix,0,3,7,0.0
2014-2015,CSSS de Charlevoix,0,3,8,0.0
2014-2015,CSSS de Charlevoix,0,3,9,0.0
2014-2015,CSSS de Charlevoix,0,4,1,0.0
2014-2015,CSSS de Charlevoix,0,4,2,0.0
2014-2015,CSSS de Charlevoix,0,4,3,0.0
2014-2015,CSSS de Charlevoix,0,4,4,0.0
2014-2015,CSSS de Charlevoix,0,4,5,0.0
2014-2015,CSSS de Charlevoix,0,4,6,0.0
2014-2015,CSSS de Charlevoix,0,4,7,0.0
2014-2015,CSSS de Charlevoix,0,4,8,0.0
2014-2015,CSSS de Charlevoix,0,4,9,0.0
2014-2015,CSSS de Charlevoix,0,5,1,0.0
2014-2015,CSSS de Charlevoix,0,5,2,0.0
2014-2015,CSSS de Charlevoix,0,5,3,0.0
2014-2015,CSSS de Charlevoix,0,5,4,0.0
2014-2015,CSSS de Charlevoix,0,5,5,0.0
2014-2015,CSSS de Charlevoix,0,5,6,0.0
2014-2015,CSSS de Charlevoix,0,5,7,0.0
2014-2015,CSSS de Charlevoix,0,5,8,0.0
2014-2015,CSSS de Charlevoix,0,5,9,0.0
2014-2015,CSSS de Charlevoix,0,6,1,0.0
2014-2015,CSSS de Charlevoix,0,6,2,0.0
2014-2015,CSSS de Charlevoix,0,6,3,0.0
2014-2015,CSSS de Charlevoix,0,6,4,0.0
2014-2015,CSSS de Charlevoix,0,6,5,0.0
2014-2015,CSSS de Charlevoix,0,6,6,0.0
2014-2015,CSSS de Charlevoix,0,6,7,0.0
2014-2015,CSSS de Charlevoix,0,6,8,0.0
2014-2015,CSSS de Charlevoix,0,6,9,0.0
2014-2015,CSSS de Charlevoix,0,7,1,0.0
2014-2015,CSSS de Charlevoix,0,7,2,0.0
2014-2015,CSSS de Charlevoix,0,7,3,1.0
2014-2015,CSSS de Charlevoix,0,7,4,0.0
2014-2015,CSSS de Charlevoix,0,7,5,0.0
2014-2015,CSSS de Charlevoix,0,7,6,0.0
2014-2015,CSSS de Charlevoix,0,7,7,0.0
2014-2015,CSSS de Charlevoix,0,7,8,0.0
2014-2015,CSSS de Charlevoix,0,7,9,1.0
2014-2015,CSSS de Charlevoix,0,8,1,0.0
2014-2015,CSSS de Charlevoix,0,8,2,0.0
2014-2015,CSSS de Charlevoix,0,8,3,176.0
2014-2015,CSSS de Charlevoix,0,8,4,0.0
2014-2015,CSSS de Charlevoix,0,8,5,0.0
2014-2015,CSSS de Charlevoix,0,8,6,0.0
2014-2015,CSSS de Charlevoix,0,8,7,0.0
2014-2015,CSSS de Charlevoix,0,8,8,0.0
2014-2015,CSSS de Charlevoix,0,8,9,176.0
2014-2015,CSSS de Charlevoix,0,9,1,0.0
2014-2015,CSSS de Charlevoix,0,9,2,0.0
2014-2015,CSSS de Charlevoix,0,9,3,176.0
2014-2015,CSSS de Charlevoix,0,9,4,0.0
2014-2015,CSSS de Charlevoix,0,9,5,0.0
2014-2015,CSSS de Charlevoix,0,9,6,0.0
2014-2015,CSSS de Charlevoix,0,9,7,0.0
2014-2015,CSSS de Charlevoix,0,9,8,0.0
2014-2015,CSSS de Charlevoix,0,9,9,176.0
2014-2015,CSSS de Charlevoix,0,10,1,0.0
2014-2015,CSSS de Charlevoix,0,10,2,1.0
2014-2015,CSSS de Charlevoix,0,10,3,1.0
2014-2015,CSSS de Charlevoix,0,10,4,0.0
2014-2015,CSSS de Charlevoix,0,10,5,0.0
2014-2015,CSSS de Charlevoix,0,10,6,0.0
2014-2015,CSSS de Charlevoix,0,10,7,0.0
2014-2015,CSSS de Charlevoix,0,10,8,0.0
2014-2015,CSSS de Charlevoix,0,10,9,2.0
2014-2015,CSSS de Charlevoix,0,11,1,0.0
2014-2015,CSSS de Charlevoix,0,11,2,70.0
2014-2015,CSSS de Charlevoix,0,11,3,118.0
2014-2015,CSSS de Charlevoix,0,11,4,0.0
2014-2015,CSSS de Charlevoix,0,11,5,0.0
2014-2015,CSSS de Charlevoix,0,11,6,0.0
2014-2015,CSSS de Charlevoix,0,11,7,0.0
2014-2015,CSSS de Charlevoix,0,11,8,0.0
2014-2015,CSSS de Charlevoix,0,11,9,94.0
2014-2015,CSSS de Charlevoix,0,12,1,0.0
2014-2015,CSSS de Charlevoix,0,12,2,70.0
2014-2015,CSSS de Charlevoix,0,12,3,118.0
2014-2015,CSSS de Charlevoix,0,12,4,0.0
2014-2015,CSSS de Charlevoix,0,12,5,0.0
2014-2015,CSSS de Charlevoix,0,12,6,0.0
2014-2015,CSSS de Charlevoix,0,12,7,0.0
2014-2015,CSSS de Charlevoix,0,12,8,0.0
2014-2015,CSSS de Charlevoix,0,12,9,94.0
2014-2015,CSSS de Charlevoix,0,13,1,0.0
2014-2015,CSSS de Charlevoix,0,13,2,1.0
2014-2015,CSSS de Charlevoix,0,13,3,2.0
2014-2015,CSSS de Charlevoix,0,13,4,0.0
2014-2015,CSSS de Charlevoix,0,13,5,0.0
2014-2015,CSSS de Charlevoix,0,13,6,0.0
2014-2015,CSSS de Charlevoix,0,13,7,0.0
2014-2015,CSSS de Charlevoix,0,13,8,0.0
2014-2015,CSSS de Charlevoix,0,13,9,3.0
2014-2015,CSSS de Charlevoix,0,14,1,0.0
2014-2015,CSSS de Charlevoix,0,14,2,70.0
2014-2015,CSSS de Charlevoix,0,14,3,147.0
2014-2015,CSSS de Charlevoix,0,14,4,0.0
2014-2015,CSSS de Charlevoix,0,14,5,0.0
2014-2015,CSSS de Charlevoix,0,14,6,0.0
2014-2015,CSSS de Charlevoix,0,14,7,0.0
2014-2015,CSSS de Charlevoix,0,14,8,0.0
2014-2015,CSSS de Charlevoix,0,14,9,121.0
2014-2015,CSSS de Charlevoix,0,15,1,0.0
2014-2015,CSSS de Charlevoix,0,15,2,70.0
2014-2015,CSSS de Charlevoix,0,15,3,147.0
2014-2015,CSSS de Charlevoix,0,15,4,0.0
2014-2015,CSSS de Charlevoix,0,15,5,0.0
2014-2015,CSSS de Charlevoix,0,15,6,0.0
2014-2015,CSSS de Charlevoix,0,15,7,0.0
2014-2015,CSSS de Charlevoix,0,15,8,0.0
2014-2015,CSSS de Charlevoix,0,15,9,118.0
2014-2015,CSSS des Îles,0,1,1,0.0
2014-2015,CSSS des Îles,0,1,2,0.0
2014-2015,CSSS des Îles,0,1,3,0.0
2014-2015,CSSS des Îles,0,1,4,0.0
2014-2015,CSSS des Îles,0,1,5,0.0
2014-2015,CSSS des Îles,0,1,6,0.0
2014-2015,CSSS des Îles,0,1,7,0.0
2014-2015,CSSS des Îles,0,1,8,0.0
2014-2015,CSSS des Îles,0,1,9,0.0
2014-2015,CSSS des Îles,0,2,1,0.0
2014-2015,CSSS des Îles,0,2,2,0.0
2014-2015,CSSS des Îles,0,2,3,0.0
2014-2015,CSSS des Îles,0,2,4,0.0
2014-2015,CSSS des Îles,0,2,5,0.0
2014-2015,CSSS des Îles,0,2,6,0.0
2014-2015,CSSS des Îles,0,2,7,0.0
2014-2015,CSSS des Îles,0,2,8,0.0
2014-2015,CSSS des Îles,0,2,9,0.0
2014-2015,CSSS des Îles,0,3,1,0.0
2014-2015,CSSS des Îles,0,3,2,0.0
2014-2015,CSSS des Îles,0,3,3,0.0
2014-2015,CSSS des Îles,0,3,4,0.0
2014-2015,CSSS des Îles,0,3,5,0.0
2014-2015,CSSS des Îles,0,3,6,0.0
2014-2015,CSSS des Îles,0,3,7,0.0
2014-2015,CSSS des Îles,0,3,8,0.0
2014-2015,CSSS des Îles,0,3,9,0.0
2014-2015,CSSS des Îles,0,4,1,0.0
2014-2015,CSSS des Îles,0,4,2,0.0
2014-2015,CSSS des Îles,0,4,3,0.0
2014-2015,CSSS des Îles,0,4,4,0.0
2014-2015,CSSS des Îles,0,4,5,0.0
2014-2015,CSSS des Îles,0,4,6,0.0
2014-2015,CSSS des Îles,0,4,7,0.0
2014-2015,CSSS des Îles,0,4,8,0.0
2014-2015,CSSS des Îles,0,4,9,0.0
2014-2015,CSSS des Îles,0,5,1,0.0
2014-2015,CSSS des Îles,0,5,2,0.0
2014-2015,CSSS des Îles,0,5,3,0.0
2014-2015,CSSS des Îles,0,5,4,0.0
2014-2015,CSSS des Îles,0,5,5,0.0
2014-2015,CSSS des Îles,0,5,6,0.0
2014-2015,CSSS des Îles,0,5,7,0.0
2014-2015,CSSS des Îles,0,5,8,0.0
2014-2015,CSSS des Îles,0,5,9,0.0
2014-2015,CSSS des Îles,0,6,1,0.0
2014-2015,CSSS des Îles,0,6,2,0.0
2014-2015,CSSS des Îles,0,6,3,0.0
2014-2015,CSSS des Îles,0,6,4,0.0
2014-2015,CSSS des Îles,0,6,5,0.0
2014-2015,CSSS des Îles,0,6,6,0.0
2014-2015,CSSS des Îles,0,6,7,0.0
2014-2015,CSSS des Îles,0,6,8,0.0
2014-2015,CSSS des Îles,0,6,9,0.0
2014-2015,CSSS des Îles,0,7,1,0.0
2014-2015,CSSS des Îles,0,7,2,0.0
2014-2015,CSSS des Îles,0,7,3,0.0
2014-2015,CSSS des Îles,0,7,4,0.0
2014-2015,CSSS des Îles,0,7,5,0.0
2014-2015,CSSS des Îles,0,7,6,0.0
2014-2015,CSSS des Îles,0,7,7,0.0
2014-2015,CSSS des Îles,0,7,8,0.0
2014-2015,CSSS des Îles,0,7,9,0.0
2014-2015,CSSS des Îles,0,8,1,0.0
2014-2015,CSSS des Îles,0,8,2,0.0
2014-2015,CSSS des Îles,0,8,3,0.0
2014-2015,CSSS des Îles,0,8,4,0.0
2014-2015,CSSS des Îles,0,8,5,0.0
2014-2015,CSSS des Îles,0,8,6,0.0
2014-2015,CSSS des Îles,0,8,7,0.0
2014-2015,CSSS des Îles,0,8,8,0.0
2014-2015,CSSS des Îles,0,8,9,0.0
2014-2015,CSSS des Îles,0,9,1,0.0
2014-2015,CSSS des Îles,0,9,2,0.0
2014-2015,CSSS des Îles,0,9,3,0.0
2014-2015,CSSS des Îles,0,9,4,0.0
2014-2015,CSSS des Îles,0,9,5,0.0
2014-2015,CSSS des Îles,0,9,6,0.0
2014-2015,CSSS des Îles,0,9,7,0.0
2014-2015,CSSS des Îles,0,9,8,0.0
2014-2015,CSSS des Îles,0,9,9,0.0
2014-2015,CSSS des Îles,0,10,1,0.0
2014-2015,CSSS des Îles,0,10,2,0.0
2014-2015,CSSS des Îles,0,10,3,0.0
2014-2015,CSSS des Îles,0,10,4,1.0
2014-2015,CSSS des Îles,0,10,5,0.0
2014-2015,CSSS des Îles,0,10,6,0.0
2014-2015,CSSS des Îles,0,10,7,0.0
2014-2015,CSSS des Îles,0,10,8,0.0
2014-2015,CSSS des Îles,0,10,9,1.0
2014-2015,CSSS des Îles,0,11,1,0.0
2014-2015,CSSS des Îles,0,11,2,0.0
2014-2015,CSSS des Îles,0,11,3,0.0
2014-2015,CSSS des Îles,0,11,4,21.0
2014-2015,CSSS des Îles,0,11,5,0.0
2014-2015,CSSS des Îles,0,11,6,0.0
2014-2015,CSSS des Îles,0,11,7,0.0
2014-2015,CSSS des Îles,0,11,8,0.0
2014-2015,CSSS des Îles,0,11,9,21.0
2014-2015,CSSS des Îles,0,12,1,0.0
2014-2015,CSSS des Îles,0,12,2,0.0
2014-2015,CSSS des Îles,0,12,3,0.0
2014-2015,CSSS des Îles,0,12,4,21.0
2014-2015,CSSS des Îles,0,12,5,0.0
2014-2015,CSSS des Îles,0,12,6,0.0
2014-2015,CSSS des Îles,0,12,7,0.0
2014-2015,CSSS des Îles,0,12,8,0.0
2014-2015,CSSS des Îles,0,12,9,21.0
2014-2015,CSSS des Îles,0,13,1,0.0
2014-2015,CSSS des Îles,0,13,2,0.0
2014-2015,CSSS des Îles,0,13,3,0.0
2014-2015,CSSS des Îles,0,13,4,1.0
2014-2015,CSSS des Îles,0,13,5,0.0
2014-2015,CSSS des Îles,0,13,6,0.0
2014-2015,CSSS des Îles,0,13,7,0.0
2014-2015,CSSS des Îles,0,13,8,0.0
2014-2015,CSSS des Îles,0,13,9,1.0
2014-2015,CSSS des Îles,0,14,1,0.0
2014-2015,CSSS des Îles,0,14,2,0.0
2014-2015,CSSS des Îles,0,14,3,0.0
2014-2015,CSSS des Îles,0,14,4,21.0
2014-2015,CSSS des Îles,0,14,5,0.0
2014-2015,CSSS des Îles,0,14,6,0.0
2014-2015,CSSS des Îles,0,14,7,0.0
2014-2015,CSSS des Îles,0,14,8,0.0
2014-2015,CSSS des Îles,0,14,9,21.0
2014-2015,CSSS des Îles,0,15,1,0.0
2014-2015,CSSS des Îles,0,15,2,0.0
2014-2015,CSSS des Îles,0,15,3,0.0
2014-2015,CSSS des Îles,0,15,4,21.0
2014-2015,CSSS des Îles,0,15,5,0.0
2014-2015,CSSS des Îles,0,15,6,0.0
2014-2015,CSSS des Îles,0,15,7,0.0
2014-2015,CSSS des Îles,0,15,8,0.0
2014-2015,CSSS des Îles,0,15,9,21.0
2014-2015,Centre Miriam,0,1,1,0.0
2014-2015,Centre Miriam,0,1,2,0.0
2014-2015,Centre Miriam,0,1,3,0.0
2014-2015,Centre Miriam,0,1,4,1.0
2014-2015,Centre Miriam,0,1,5,3.0
2014-2015,Centre Miriam,0,1,6,4.0
2014-2015,Centre Miriam,0,1,7,0.0
2014-2015,Centre Miriam,0,1,8,0.0
2014-2015,Centre Miriam,0,1,9,8.0
2014-2015,Centre Miriam,0,2,4,31.0
2014-2015,Centre Miriam,0,2,5,1146.0
2014-2015,Centre Miriam,0,2,6,1464.0
2014-2015,Centre Miriam,0,2,9,1166.0
2014-2015,Centre Miriam,0,3,4,31.0
2014-2015,Centre Miriam,0,3,5,1083.0
2014-2015,Centre Miriam,0,3,6,1147.0
2014-2015,Centre Miriam,0,3,9,1089.0
2014-2015,Centre Miriam,0,4,1,0.0
2014-2015,Centre Miriam,0,4,2,0.0
2014-2015,Centre Miriam,0,4,3,0.0
2014-2015,Centre Miriam,0,4,4,2.0
2014-2015,Centre Miriam,0,4,5,1.0
2014-2015,Centre Miriam,0,4,6,1.0
2014-2015,Centre Miriam,0,4,7,0.0
2014-2015,Centre Miriam,0,4,8,0.0
2014-2015,Centre Miriam,0,4,9,4.0
2014-2015,Centre Miriam,0,5,4,50.0
2014-2015,Centre Miriam,0,5,5,400.0
2014-2015,Centre Miriam,0,5,6,948.0
2014-2015,Centre Miriam,0,5,9,362.0
2014-2015,Centre Miriam,0,6,4,50.0
2014-2015,Centre Miriam,0,6,5,400.0
2014-2015,Centre Miriam,0,6,6,948.0
2014-2015,Centre Miriam,0,6,9,230.0
2014-2015,Centre Miriam,0,7,1,0.0
2014-2015,Centre Miriam,0,7,2,9.0
2014-2015,Centre Miriam,0,7,3,8.0
2014-2015,Centre Miriam,0,7,4,5.0
2014-2015,Centre Miriam,0,7,5,3.0
2014-2015,Centre Miriam,0,7,6,0.0
2014-2015,Centre Miriam,0,7,7,0.0
2014-2015,Centre Miriam,0,7,8,0.0
2014-2015,Centre Miriam,0,7,9,25.0
2014-2015,Centre Miriam,0,8,2,219.0
2014-2015,Centre Miriam,0,8,3,301.0
2014-2015,Centre Miriam,0,8,4,591.0
2014-2015,Centre Miriam,0,8,5,1699.0
2014-2015,Centre Miriam,0,8,9,497.0
2014-2015,Centre Miriam,0,9,2,260.0
2014-2015,Centre Miriam,0,9,3,222.0
2014-2015,Centre Miriam,0,9,4,177.0
2014-2015,Centre Miriam,0,9,5,394.0
2014-2015,Centre Miriam,0,9,9,260.0
2014-2015,Centre Miriam,0,10,1,6.0
2014-2015,Centre Miriam,0,10,2,17.0
2014-2015,Centre Miriam,0,10,3,5.0
2014-2015,Centre Miriam,0,10,4,3.0
2014-2015,Centre Miriam,0,10,5,3.0
2014-2015,Centre Miriam,0,10,6,0.0
2014-2015,Centre Miriam,0,10,7,0.0
2014-2015,Centre Miriam,0,10,8,0.0
2014-2015,Centre Miriam,0,10,9,34.0
2014-2015,Centre Miriam,0,11,1,211.0
2014-2015,Centre Miriam,0,11,2,58.0
2014-2015,Centre Miriam,0,11,3,69.0
2014-2015,Centre Miriam,0,11,4,119.0
2014-2015,Centre Miriam,0,11,5,559.0
2014-2015,Centre Miriam,0,11,9,110.0
2014-2015,Centre Miriam,0,12,1,58.0
2014-2015,Centre Miriam,0,12,2,48.0
2014-2015,Centre Miriam,0,12,3,34.0
2014-2015,Centre Miriam,0,12,4,69.0
2014-2015,Centre Miriam,0,12,5,559.0
2014-2015,Centre Miriam,0,12,9,44.0
2014-2015,Centre Miriam,0,13,1,6.0
2014-2015,Centre Miriam,0,13,2,26.0
2014-2015,Centre Miriam,0,13,3,13.0
2014-2015,Centre Miriam,0,13,4,11.0
2014-2015,Centre Miriam,0,13,5,10.0
2014-2015,Centre Miriam,0,13,6,5.0
2014-2015,Centre Miriam,0,13,7,0.0
2014-2015,Centre Miriam,0,13,8,0.0
2014-2015,Centre Miriam,0,13,9,71.0
2014-2015,Centre Miriam,0,14,1,211.0
2014-2015,Centre Miriam,0,14,2,114.0
2014-2015,Centre Miriam,0,14,3,212.0
2014-2015,Centre Miriam,0,14,4,313.0
2014-2015,Centre Miriam,0,14,5,1187.0
2014-2015,Centre Miriam,0,14,6,1361.0
2014-2015,Centre Miriam,0,14,9,387.0
2014-2015,Centre Miriam,0,15,1,58.0
2014-2015,Centre Miriam,0,15,2,72.0
2014-2015,Centre Miriam,0,15,3,78.0
2014-2015,Centre Miriam,0,15,4,113.0
2014-2015,Centre Miriam,0,15,5,626.0
2014-2015,Centre Miriam,0,15,6,1094.0
2014-2015,Centre Miriam,0,15,9,124.0
2014-2015,Centre du Florès,0,1,5,3.0
2014-2015,Centre du Florès,0,1,6,1.0
2014-2015,Centre du Florès,0,1,9,4.0
2014-2015,Centre du Florès,0,2,5,878.0
2014-2015,Centre du Florès,0,2,6,924.0
2014-2015,Centre du Florès,0,2,9,890.0
2014-2015,Centre du Florès,0,3,5,408.0
2014-2015,Centre du Florès,0,3,6,924.0
2014-2015,Centre du Florès,0,3,9,666.0
2014-2015,Centre du Florès,0,4,3,3.0
2014-2015,Centre du Florès,0,4,4,10.0
2014-2015,Centre du Florès,0,4,5,10.0
2014-2015,Centre du Florès,0,4,9,23.0
2014-2015,Centre du Florès,0,5,3,296.0
2014-2015,Centre du Florès,0,5,4,252.0
2014-2015,Centre du Florès,0,5,5,229.0
2014-2015,Centre du Florès,0,5,9,248.0
2014-2015,Centre du Florès,0,6,3,160.0
2014-2015,Centre du Florès,0,6,4,122.0
2014-2015,Centre du Florès,0,6,5,171.0
2014-2015,Centre du Florès,0,6,9,160.0
2014-2015,Centre du Florès,0,7,2,3.0
2014-2015,Centre du Florès,0,7,3,5.0
2014-2015,Centre du Florès,0,7,4,5.0
2014-2015,Centre du Florès,0,7,5,9.0
2014-2015,Centre du Florès,0,7,6,1.0
2014-2015,Centre du Florès,0,7,9,23.0
2014-2015,Centre du Florès,0,8,2,317.0
2014-2015,Centre du Florès,0,8,3,282.0
2014-2015,Centre du Florès,0,8,4,455.0
2014-2015,Centre du Florès,0,8,5,916.0
2014-2015,Centre du Florès,0,8,6,1401.0
2014-2015,Centre du Florès,0,8,9,621.0
2014-2015,Centre du Florès,0,9,2,280.0
2014-2015,Centre du Florès,0,9,3,111.0
2014-2015,Centre du Florès,0,9,4,424.0
2014-2015,Centre du Florès,0,9,5,410.0
2014-2015,Centre du Florès,0,9,6,1401.0
2014-2015,Centre du Florès,0,9,9,410.0
2014-2015,Centre du Florès,0,10,1,13.0
2014-2015,Centre du Florès,0,10,2,21.0
2014-2015,Centre du Florès,0,10,3,7.0
2014-2015,Centre du Florès,0,10,4,4.0
2014-2015,Centre du Florès,0,10,5,9.0
2014-2015,Centre du Florès,0,10,6,1.0
2014-2015,Centre du Florès,0,10,9,55.0
2014-2015,Centre du Florès,0,11,1,58.0
2014-2015,Centre du Florès,0,11,2,143.0
2014-2015,Centre du Florès,0,11,3,132.0
2014-2015,Centre du Florès,0,11,4,245.0
2014-2015,Centre du Florès,0,11,5,628.0
2014-2015,Centre du Florès,0,11,6,1401.0
2014-2015,Centre du Florès,0,11,9,231.0
2014-2015,Centre du Florès,0,12,1,50.0
2014-2015,Centre du Florès,0,12,2,140.0
2014-2015,Centre du Florès,0,12,3,42.0
2014-2015,Centre du Florès,0,12,4,245.0
2014-2015,Centre du Florès,0,12,5,76.0
2014-2015,Centre du Florès,0,12,6,1401.0
2014-2015,Centre du Florès,0,12,9,75.0
2014-2015,Centre du Florès,0,13,1,13.0
2014-2015,Centre du Florès,0,13,2,24.0
2014-2015,Centre du Florès,0,13,3,15.0
2014-2015,Centre du Florès,0,13,4,19.0
2014-2015,Centre du Florès,0,13,5,31.0
2014-2015,Centre du Florès,0,13,6,3.0
2014-2015,Centre du Florès,0,13,9,105.0
2014-2015,Centre du Florès,0,14,1,58.0
2014-2015,Centre du Florès,0,14,2,165.0
2014-2015,Centre du Florès,0,14,3,215.0
2014-2015,Centre du Florès,0,14,4,304.0
2014-2015,Centre du Florès,0,14,5,607.0
2014-2015,Centre du Florès,0,14,6,124.0
2014-2015,Centre du Florès,0,14,9,345.0
2014-2015,Centre du Florès,0,15,1,50.0
2014-2015,Centre du Florès,0,15,2,156.0
2014-2015,Centre du Florès,0,15,3,127.0
2014-2015,Centre du Florès,0,15,4,160.0
2014-2015,Centre du Florès,0,15,5,251.0
2014-2015,Centre du Florès,0,15,6,1401.0
2014-2015,Centre du Florès,0,15,9,160.0
2014-2015,Pavillon du Parc,0,4,4,2.0
2014-2015,Pavillon du Parc,0,4,5,1.0
2014-2015,Pavillon du Parc,0,4,9,3.0
2014-2015,Pavillon du Parc,0,5,4,227.0
2014-2015,Pavillon du Parc,0,5,5,65.0
2014-2015,Pavillon du Parc,0,5,9,173.0
2014-2015,Pavillon du Parc,0,6,4,227.0
2014-2015,Pavillon du Parc,0,6,5,65.0
2014-2015,Pavillon du Parc,0,6,9,222.0
2014-2015,Pavillon du Parc,0,7,2,3.0
2014-2015,Pavillon du Parc,0,7,3,3.0
2014-2015,Pavillon du Parc,0,7,4,3.0
2014-2015,Pavillon du Parc,0,7,5,2.0
2014-2015,Pavillon du Parc,0,7,9,11.0
2014-2015,Pavillon du Parc,0,8,2,917.0
2014-2015,Pavillon du Parc,0,8,3,689.0
2014-2015,Pavillon du Parc,0,8,4,679.0
2014-2015,Pavillon du Parc,0,8,5,490.0
2014-2015,Pavillon du Parc,0,8,9,712.0
2014-2015,Pavillon du Parc,0,9,2,989.0
2014-2015,Pavillon du Parc,0,9,3,705.0
2014-2015,Pavillon du Parc,0,9,4,736.0
2014-2015,Pavillon du Parc,0,9,5,490.0
2014-2015,Pavillon du Parc,0,9,9,768.0
2014-2015,Pavillon du Parc,0,10,1,7.0
2014-2015,Pavillon du Parc,0,10,2,25.0
2014-2015,Pavillon du Parc,0,10,3,7.0
2014-2015,Pavillon du Parc,0,10,4,2.0
2014-2015,Pavillon du Parc,0,10,5,2.0
2014-2015,Pavillon du Parc,0,10,6,2.0
2014-2015,Pavillon du Parc,0,10,9,45.0
2014-2015,Pavillon du Parc,0,11,1,42.0
2014-2015,Pavillon du Parc,0,11,2,99.0
2014-2015,Pavillon du Parc,0,11,3,268.0
2014-2015,Pavillon du Parc,0,11,4,54.0
2014-2015,Pavillon du Parc,0,11,5,86.0
2014-2015,Pavillon du Parc,0,11,6,618.0
2014-2015,Pavillon du Parc,0,11,9,136.0
2014-2015,Pavillon du Parc,0,12,1,44.0
2014-2015,Pavillon du Parc,0,12,2,49.0
2014-2015,Pavillon du Parc,0,12,3,57.0
2014-2015,Pavillon du Parc,0,12,4,52.0
2014-2015,Pavillon du Parc,0,12,5,86.0
2014-2015,Pavillon du Parc,0,12,6,618.0
2014-2015,Pavillon du Parc,0,12,9,49.0
2014-2015,Pavillon du Parc,0,13,1,7.0
2014-2015,Pavillon du Parc,0,13,2,28.0
2014-2015,Pavillon du Parc,0,13,3,10.0
2014-2015,Pavillon du Parc,0,13,4,7.0
2014-2015,Pavillon du Parc,0,13,5,5.0
2014-2015,Pavillon du Parc,0,13,6,2.0
2014-2015,Pavillon du Parc,0,13,9,59.0
2014-2015,Pavillon du Parc,0,14,1,42.0
2014-2015,Pavillon du Parc,0,14,2,186.0
2014-2015,Pavillon du Parc,0,14,3,394.0
2014-2015,Pavillon du Parc,0,14,4,334.0
2014-2015,Pavillon du Parc,0,14,5,243.0
2014-2015,Pavillon du Parc,0,14,6,618.0
2014-2015,Pavillon du Parc,0,14,9,243.0
2014-2015,Pavillon du Parc,0,15,1,44.0
2014-2015,Pavillon du Parc,0,15,2,50.0
2014-2015,Pavillon du Parc,0,15,3,173.0
2014-2015,Pavillon du Parc,0,15,4,199.0
2014-2015,Pavillon du Parc,0,15,5,71.0
2014-2015,Pavillon du Parc,0,15,6,618.0
2014-2015,Pavillon du Parc,0,15,9,70.0
2014-2015,Réadaptation du Sud-Ouest et du Renfort,0,1,4,1.0
2014-2015,Réadaptation du Sud-Ouest et du Renfort,0,1,9,1.0
2014-2015,Réadaptation du Sud-Ouest et du Renfort,0,2,4,168.0
2014-2015,Réadaptation du Sud-Ouest et du Renfort,0,2,9,168.0
2014-2015,Réadaptation du Sud-Ouest et du Renfort,0,3,4,168.0
2014-2015,Réadaptation du Sud-Ouest et du Renfort,0,3,9,168.0
2014-2015,Réadaptation du Sud-Ouest et du Renfort,0,4,3,9.0
2014-2015,Réadaptation du Sud-Ouest et du Renfort,0,4,4,21.0
2014-2015,Réadaptation du Sud-Ouest et du Renfort,0,4,5,3.0
2014-2015,Réadaptation du Sud-Ouest et du Renfort,0,4,9,33.0
2014-2015,Réadaptation du Sud-Ouest et du Renfort,0,5,3,115.0
2014-2015,Réadaptation du Sud-Ouest et du Renfort,0,5,4,130.0
2014-2015,Réadaptation du Sud-Ouest et du Renfort,0,5,5,194.0
2014-2015,Réadaptation du Sud-Ouest et du Renfort,0,5,9,131.0
2014-2015,Réadaptation du Sud-Ouest et du Renfort,0,6,3,56.0
2014-2015,Réadaptation du Sud-Ouest et du Renfort,0,6,4,77.0
2014-2015,Réadaptation du Sud-Ouest et du Renfort,0,6,5,154.0
2014-2015,Réadaptation du Sud-Ouest et du Renfort,0,6,9,77.0
2014-2015,Réadaptation du Sud-Ouest et du Renfort,0,7,1,1.0
2014-2015,Réadaptation du Sud-Ouest et du Renfort,0,7,2,7.0
2014-2015,Réadaptation du Sud-Ouest et du Renfort,0,7,3,6.0
2014-2015,Réadaptation du Sud-Ouest et du Renfort,0,7,4,1.0
2014-2015,Réadaptation du Sud-Ouest et du Renfort,0,7,5,4.0
2014-2015,Réadaptation du Sud-Ouest et du Renfort,0,7,6,1.0
2014-2015,Réadaptation du Sud-Ouest et du Renfort,0,7,9,20.0
2014-2015,Réadaptation du Sud-Ouest et du Renfort,0,8,1,7.0
2014-2015,Réadaptation du Sud-Ouest et du Renfort,0,8,2,112.0
2014-2015,Réadaptation du Sud-Ouest et du Renfort,0,8,3,449.0
2014-2015,Réadaptation du Sud-Ouest et du Renfort,0,8,4,1001.0
2014-2015,Réadaptation du Sud-Ouest et du Renfort,0,8,5,458.0
2014-2015,Réadaptation du Sud-Ouest et du Renfort,0,8,6,42.0
2014-2015,Réadaptation du Sud-Ouest et du Renfort,0,8,9,318.0
2014-2015,Réadaptation du Sud-Ouest et du Renfort,0,9,1,7.0
2014-2015,Réadaptation du Sud-Ouest et du Renfort,0,9,2,21.0
2014-2015,Réadaptation du Sud-Ouest et du Renfort,0,9,3,318.0
2014-2015,Réadaptation du Sud-Ouest et du Renfort,0,9,4,1001.0
2014-2015,Réadaptation du Sud-Ouest et du Renfort,0,9,5,546.0
2014-2015,Réadaptation du Sud-Ouest et du Renfort,0,9,6,42.0
2014-2015,Réadaptation du Sud-Ouest et du Renfort,0,9,9,63.0
2014-2015,Réadaptation du Sud-Ouest et du Renfort,0,10,1,82.0
2014-2015,Réadaptation du Sud-Ouest et du Renfort,0,10,2,165.0
2014-2015,Réadaptation du Sud-Ouest et du Renfort,0,10,3,74.0
2014-2015,Réadaptation du Sud-Ouest et du Renfort,0,10,4,13.0
2014-2015,Réadaptation du Sud-Ouest et du Renfort,0,10,5,3.0
2014-2015,Réadaptation du Sud-Ouest et du Renfort,0,10,6,1.0
2014-2015,Réadaptation du Sud-Ouest et du Renfort,0,10,9,338.0
2014-2015,Réadaptation du Sud-Ouest et du Renfort,0,11,1,112.0
2014-2015,Réadaptation du Sud-Ouest et du Renfort,0,11,2,148.0
2014-2015,Réadaptation du Sud-Ouest et du Renfort,0,11,3,158.0
2014-2015,Réadaptation du Sud-Ouest et du Renfort,0,11,4,103.0
2014-2015,Réadaptation du Sud-Ouest et du Renfort,0,11,5,170.0
2014-2015,Réadaptation du Sud-Ouest et du Renfort,0,11,6,42.0
2014-2015,Réadaptation du Sud-Ouest et du Renfort,0,11,9,140.0
2014-2015,Réadaptation du Sud-Ouest et du Renfort,0,12,1,103.0
2014-2015,Réadaptation du Sud-Ouest et du Renfort,0,12,2,106.0
2014-2015,Réadaptation du Sud-Ouest et du Renfort,0,12,3,140.0
2014-2015,Réadaptation du Sud-Ouest et du Renfort,0,12,4,67.0
2014-2015,Réadaptation du Sud-Ouest et du Renfort,0,12,5,154.0
2014-2015,Réadaptation du Sud-Ouest et du Renfort,0,12,6,42.0
2014-2015,Réadaptation du Sud-Ouest et du Renfort,0,12,9,105.0
2014-2015,Réadaptation du Sud-Ouest et du Renfort,0,13,1,83.0
2014-2015,Réadaptation du Sud-Ouest et du Renfort,0,13,2,172.0
2014-2015,Réadaptation du Sud-Ouest et du Renfort,0,13,3,89.0
2014-2015,Réadaptation du Sud-Ouest et du Renfort,0,13,4,36.0
2014-2015,Réadaptation du Sud-Ouest et du Renfort,0,13,5,10.0
2014-2015,Réadaptation du Sud-Ouest et du Renfort,0,13,6,2.0
2014-2015,Réadaptation du Sud-Ouest et du Renfort,0,13,9,392.0
2014-2015,Réadaptation du Sud-Ouest et du Renfort,0,14,1,110.0
2014-2015,Réadaptation du Sud-Ouest et du Renfort,0,14,2,146.0
2014-2015,Réadaptation du Sud-Ouest et du Renfort,0,14,3,174.0
2014-2015,Réadaptation du Sud-Ouest et du Renfort,0,14,4,145.0
2014-2015,Réadaptation du Sud-Ouest et du Renfort,0,14,5,293.0
2014-2015,Réadaptation du Sud-Ouest et du Renfort,0,14,6,42.0
2014-2015,Réadaptation du Sud-Ouest et du Renfort,0,14,9,148.0
2014-2015,Réadaptation du Sud-Ouest et du Renfort,0,15,1,103.0
2014-2015,Réadaptation du Sud-Ouest et du Renfort,0,15,2,104.0
2014-2015,Réadaptation du Sud-Ouest et du Renfort,0,15,3,133.0
2014-2015,Réadaptation du Sud-Ouest et du Renfort,0,15,4,77.0
2014-2015,Réadaptation du Sud-Ouest et du Renfort,0,15,5,217.0
2014-2015,Réadaptation du Sud-Ouest et du Renfort,0,15,6,42.0
2014-2015,Réadaptation du Sud-Ouest et du Renfort,0,15,9,105.0
2015-2016,CPR de la Côte-Nord,0,10,2,8.0
2015-2016,CPR de la Côte-Nord,0,10,3,6.0
2015-2016,CPR de la Côte-Nord,0,10,9,14.0
2015-2016,CPR de la Côte-Nord,0,11,2,118.0
2015-2016,CPR de la Côte-Nord,0,11,3,205.0
2015-2016,CPR de la Côte-Nord,0,11,9,156.0
2015-2016,CPR de la Côte-Nord,0,12,2,117.0
2015-2016,CPR de la Côte-Nord,0,12,3,191.0
2015-2016,CPR de la Côte-Nord,0,12,9,181.0
2015-2016,CPR de la Côte-Nord,0,13,2,8.0
2015-2016,CPR de la Côte-Nord,0,13,3,6.0
2015-2016,CPR de la Côte-Nord,0,13,9,14.0
2015-2016,CPR de la Côte-Nord,0,14,2,118.0
2015-2016,CPR de la Côte-Nord,0,14,3,205.0
2015-2016,CPR de la Côte-Nord,0,14,9,156.0
2015-2016,CPR de la Côte-Nord,0,15,2,117.0
2015-2016,CPR de la Côte-Nord,0,15,3,191.0
2015-2016,CPR de la Côte-Nord,0,15,9,181.0
2015-2016,CR La Maison,0,10,1,4.0
2015-2016,CR La Maison,0,10,2,6.0
2015-2016,CR La Maison,0,10,3,3.0
2015-2016,CR La Maison,0,10,4,7.0
2015-2016,CR La Maison,0,10,5,3.0
2015-2016,CR La Maison,0,10,6,0.0
2015-2016,CR La Maison,0,10,7,0.0
2015-2016,CR La Maison,0,10,8,0.0
2015-2016,CR La Maison,0,10,9,23.0
2015-2016,CR La Maison,0,11,1,70.0
2015-2016,CR La Maison,0,11,2,83.0
2015-2016,CR La Maison,0,11,3,69.0
2015-2016,CR La Maison,0,11,4,194.0
2015-2016,CR La Maison,0,11,5,138.0
2015-2016,CR La Maison,0,11,9,120.0
2015-2016,CR La Maison,0,12,1,58.0
2015-2016,CR La Maison,0,12,2,74.0
2015-2016,CR La Maison,0,12,3,68.0
2015-2016,CR La Maison,0,12,4,148.0
2015-2016,CR La Maison,0,12,5,205.0
2015-2016,CR La Maison,0,12,9,68.0
2015-2016,CR La Maison,0,13,1,4.0
2015-2016,CR La Maison,0,13,2,6.0
2015-2016,CR La Maison,0,13,3,3.0
2015-2016,CR La Maison,0,13,4,7.0
2015-2016,CR La Maison,0,13,5,3.0
2015-2016,CR La Maison,0,13,6,0.0
2015-2016,CR La Maison,0,13,7,0.0
2015-2016,CR La Maison,0,13,8,0.0
2015-2016,CR La Maison,0,13,9,23.0
2015-2016,CR La Maison,0,14,1,70.0
2015-2016,CR La Maison,0,14,2,83.0
2015-2016,CR La Maison,0,14,3,69.0
2015-2016,CR La Maison,0,14,4,194.0
2015-2016,CR La Maison,0,14,5,138.0
2015-2016,CR La Maison,0,14,9,120.0
2015-2016,CR La Maison,0,15,1,58.0
2015-2016,CR La Maison,0,15,2,74.0
2015-2016,CR La Maison,0,15,3,68.0
2015-2016,CR La Maison,0,15,4,148.0
2015-2016,CR La Maison,0,15,5,205.0
2015-2016,CR La Maison,0,15,9,68.0
2015-2016,CR La Myriade,0,7,2,1.0
2015-2016,CR La Myriade,0,7,9,1.0
2015-2016,CR La Myriade,0,8,2,374.0
2015-2016,CR La Myriade,0,8,9,374.0
2015-2016,CR La Myriade,0,9,2,374.0
2015-2016,CR La Myriade,0,9,9,374.0
2015-2016,CR La Myriade,0,10,1,33.0
2015-2016,CR La Myriade,0,10,2,35.0
2015-2016,CR La Myriade,0,10,3,26.0
2015-2016,CR La Myriade,0,10,4,8.0
2015-2016,CR La Myriade,0,10,5,3.0
2015-2016,CR La Myriade,0,10,6,2.0
2015-2016,CR La Myriade,0,10,7,0.0
2015-2016,CR La Myriade,0,10,8,0.0
2015-2016,CR La Myriade,0,10,9,107.0
2015-2016,CR La Myriade,0,11,1,92.0
2015-2016,CR La Myriade,0,11,2,94.0
2015-2016,CR La Myriade,0,11,3,91.0
2015-2016,CR La Myriade,0,11,4,157.0
2015-2016,CR La Myriade,0,11,5,210.0
2015-2016,CR La Myriade,0,11,6,108.0
2015-2016,CR La Myriade,0,11,9,101.0
2015-2016,CR La Myriade,0,12,1,67.0
2015-2016,CR La Myriade,0,12,2,108.0
2015-2016,CR La Myriade,0,12,3,91.0
2015-2016,CR La Myriade,0,12,4,107.0
2015-2016,CR La Myriade,0,12,5,23.0
2015-2016,CR La Myriade,0,12,6,108.0
2015-2016,CR La Myriade,0,12,9,102.0
2015-2016,CR La Myriade,0,13,1,33.0
2015-2016,CR La Myriade,0,13,2,36.0
2015-2016,CR La Myriade,0,13,3,26.0
2015-2016,CR La Myriade,0,13,4,8.0
2015-2016,CR La Myriade,0,13,5,3.0
2015-2016,CR La Myriade,0,13,6,2.0
2015-2016,CR La Myriade,0,13,7,0.0
2015-2016,CR La Myriade,0,13,8,0.0
2015-2016,CR La Myriade,0,13,9,108.0
2015-2016,CR La Myriade,0,14,1,92.0
2015-2016,CR La Myriade,0,14,2,102.0
2015-2016,CR La Myriade,0,14,3,91.0
2015-2016,CR La Myriade,0,14,4,157.0
2015-2016,CR La Myriade,0,14,5,210.0
2015-2016,CR La Myriade,0,14,6,108.0
2015-2016,CR La Myriade,0,14,9,104.0
2015-2016,CR La Myriade,0,15,1,67.0
2015-2016,CR La Myriade,0,15,2,108.0
2015-2016,CR La Myriade,0,15,3,91.0
2015-2016,CR La Myriade,0,15,4,107.0
2015-2016,CR La Myriade,0,15,5,23.0
2015-2016,CR La Myriade,0,15,6,108.0
2015-2016,CR La Myriade,0,15,9,104.0
2015-2016,CR de l'Ouest de Montréal,0,1,1,0.0
2015-2016,CR de l'Ouest de Montréal,0,1,2,0.0
2015-2016,CR de l'Ouest de Montréal,0,1,3,0.0
2015-2016,CR de l'Ouest de Montréal,0,1,4,7.0
2015-2016,CR de l'Ouest de Montréal,0,1,5,14.0
2015-2016,CR de l'Ouest de Montréal,0,1,6,0.0
2015-2016,CR de l'Ouest de Montréal,0,1,7,0.0
2015-2016,CR de l'Ouest de Montréal,0,1,8,0.0
2015-2016,CR de l'Ouest de Montréal,0,1,9,21.0
2015-2016,CR de l'Ouest de Montréal,0,2,1,0.0
2015-2016,CR de l'Ouest de Montréal,0,2,2,0.0
2015-2016,CR de l'Ouest de Montréal,0,2,3,0.0
2015-2016,CR de l'Ouest de Montréal,0,2,4,468.0
2015-2016,CR de l'Ouest de Montréal,0,2,5,1198.0
2015-2016,CR de l'Ouest de Montréal,0,2,6,0.0
2015-2016,CR de l'Ouest de Montréal,0,2,7,0.0
2015-2016,CR de l'Ouest de Montréal,0,2,8,0.0
2015-2016,CR de l'Ouest de Montréal,0,2,9,955.0
2015-2016,CR de l'Ouest de Montréal,0,3,1,0.0
2015-2016,CR de l'Ouest de Montréal,0,3,2,0.0
2015-2016,CR de l'Ouest de Montréal,0,3,3,0.0
2015-2016,CR de l'Ouest de Montréal,0,3,4,213.0
2015-2016,CR de l'Ouest de Montréal,0,3,5,1286.0
2015-2016,CR de l'Ouest de Montréal,0,3,6,0.0
2015-2016,CR de l'Ouest de Montréal,0,3,7,0.0
2015-2016,CR de l'Ouest de Montréal,0,3,8,0.0
2015-2016,CR de l'Ouest de Montréal,0,3,9,960.0
2015-2016,CR de l'Ouest de Montréal,0,4,1,0.0
2015-2016,CR de l'Ouest de Montréal,0,4,2,0.0
2015-2016,CR de l'Ouest de Montréal,0,4,3,0.0
2015-2016,CR de l'Ouest de Montréal,0,4,4,9.0
2015-2016,CR de l'Ouest de Montréal,0,4,5,18.0
2015-2016,CR de l'Ouest de Montréal,0,4,6,0.0
2015-2016,CR de l'Ouest de Montréal,0,4,7,0.0
2015-2016,CR de l'Ouest de Montréal,0,4,8,0.0
2015-2016,CR de l'Ouest de Montréal,0,4,9,27.0
2015-2016,CR de l'Ouest de Montréal,0,5,1,0.0
2015-2016,CR de l'Ouest de Montréal,0,5,2,0.0
2015-2016,CR de l'Ouest de Montréal,0,5,3,0.0
2015-2016,CR de l'Ouest de Montréal,0,5,4,378.0
2015-2016,CR de l'Ouest de Montréal,0,5,5,756.0
2015-2016,CR de l'Ouest de Montréal,0,5,6,0.0
2015-2016,CR de l'Ouest de Montréal,0,5,7,0.0
2015-2016,CR de l'Ouest de Montréal,0,5,8,0.0
2015-2016,CR de l'Ouest de Montréal,0,5,9,630.0
2015-2016,CR de l'Ouest de Montréal,0,6,1,0.0
2015-2016,CR de l'Ouest de Montréal,0,6,2,0.0
2015-2016,CR de l'Ouest de Montréal,0,6,3,0.0
2015-2016,CR de l'Ouest de Montréal,0,6,4,272.0
2015-2016,CR de l'Ouest de Montréal,0,6,5,729.0
2015-2016,CR de l'Ouest de Montréal,0,6,6,0.0
2015-2016,CR de l'Ouest de Montréal,0,6,7,0.0
2015-2016,CR de l'Ouest de Montréal,0,6,8,0.0
2015-2016,CR de l'Ouest de Montréal,0,6,9,574.0
2015-2016,CR de l'Ouest de Montréal,0,7,1,10.0
2015-2016,CR de l'Ouest de Montréal,0,7,2,46.0
2015-2016,CR de l'Ouest de Montréal,0,7,3,31.0
2015-2016,CR de l'Ouest de Montréal,0,7,4,18.0
2015-2016,CR de l'Ouest de Montréal,0,7,5,31.0
2015-2016,CR de l'Ouest de Montréal,0,7,6,2.0
2015-2016,CR de l'Ouest de Montréal,0,7,7,0.0
2015-2016,CR de l'Ouest de Montréal,0,7,8,0.0
2015-2016,CR de l'Ouest de Montréal,0,7,9,138.0
2015-2016,CR de l'Ouest de Montréal,0,8,1,661.0
2015-2016,CR de l'Ouest de Montréal,0,8,2,1004.0
2015-2016,CR de l'Ouest de Montréal,0,8,3,1344.0
2015-2016,CR de l'Ouest de Montréal,0,8,4,1836.0
2015-2016,CR de l'Ouest de Montréal,0,8,5,2438.0
2015-2016,CR de l'Ouest de Montréal,0,8,6,5437.0
2015-2016,CR de l'Ouest de Montréal,0,8,7,0.0
2015-2016,CR de l'Ouest de Montréal,0,8,8,0.0
2015-2016,CR de l'Ouest de Montréal,0,8,9,1550.0
2015-2016,CR de l'Ouest de Montréal,0,9,1,664.0
2015-2016,CR de l'Ouest de Montréal,0,9,2,981.0
2015-2016,CR de l'Ouest de Montréal,0,9,3,1040.0
2015-2016,CR de l'Ouest de Montréal,0,9,4,1423.0
2015-2016,CR de l'Ouest de Montréal,0,9,5,2537.0
2015-2016,CR de l'Ouest de Montréal,0,9,6,5437.0
2015-2016,CR de l'Ouest de Montréal,0,9,7,0.0
2015-2016,CR de l'Ouest de Montréal,0,9,8,0.0
2015-2016,CR de l'Ouest de Montréal,0,9,9,1143.0
2015-2016,CR de l'Ouest de Montréal,0,10,1,189.0
2015-2016,CR de l'Ouest de Montréal,0,10,2,428.0
2015-2016,CR de l'Ouest de Montréal,0,10,3,203.0
2015-2016,CR de l'Ouest de Montréal,0,10,4,75.0
2015-2016,CR de l'Ouest de Montréal,0,10,5,38.0
2015-2016,CR de l'Ouest de Montréal,0,10,6,4.0
2015-2016,CR de l'Ouest de Montréal,0,10,7,0.0
2015-2016,CR de l'Ouest de Montréal,0,10,8,0.0
2015-2016,CR de l'Ouest de Montréal,0,10,9,937.0
2015-2016,CR de l'Ouest de Montréal,0,11,1,363.0
2015-2016,CR de l'Ouest de Montréal,0,11,2,834.0
2015-2016,CR de l'Ouest de Montréal,0,11,3,1484.0
2015-2016,CR de l'Ouest de Montréal,0,11,4,1522.0
2015-2016,CR de l'Ouest de Montréal,0,11,5,964.0
2015-2016,CR de l'Ouest de Montréal,0,11,6,310.0
2015-2016,CR de l'Ouest de Montréal,0,11,7,0.0
2015-2016,CR de l'Ouest de Montréal,0,11,8,0.0
2015-2016,CR de l'Ouest de Montréal,0,11,9,938.0
2015-2016,CR de l'Ouest de Montréal,0,12,1,339.0
2015-2016,CR de l'Ouest de Montréal,0,12,2,634.0
2015-2016,CR de l'Ouest de Montréal,0,12,3,1094.0
2015-2016,CR de l'Ouest de Montréal,0,12,4,1513.0
2015-2016,CR de l'Ouest de Montréal,0,12,5,392.0
2015-2016,CR de l'Ouest de Montréal,0,12,6,354.0
2015-2016,CR de l'Ouest de Montréal,0,12,7,0.0
2015-2016,CR de l'Ouest de Montréal,0,12,8,0.0
2015-2016,CR de l'Ouest de Montréal,0,12,9,609.0
2015-2016,CR de l'Ouest de Montréal,0,13,1,199.0
2015-2016,CR de l'Ouest de Montréal,0,13,2,474.0
2015-2016,CR de l'Ouest de Montréal,0,13,3,234.0
2015-2016,CR de l'Ouest de Montréal,0,13,4,109.0
2015-2016,CR de l'Ouest de Montréal,0,13,5,101.0
2015-2016,CR de l'Ouest de Montréal,0,13,6,6.0
2015-2016,CR de l'Ouest de Montréal,0,13,7,0.0
2015-2016,CR de l'Ouest de Montréal,0,13,8,0.0
2015-2016,CR de l'Ouest de Montréal,0,13,9,1123.0
2015-2016,CR de l'Ouest de Montréal,0,14,1,378.0
2015-2016,CR de l'Ouest de Montréal,0,14,2,850.0
2015-2016,CR de l'Ouest de Montréal,0,14,3,1465.0
2015-2016,CR de l'Ouest de Montréal,0,14,4,1412.0
2015-2016,CR de l'Ouest de Montréal,0,14,5,1412.0
2015-2016,CR de l'Ouest de Montréal,0,14,6,2019.0
2015-2016,CR de l'Ouest de Montréal,0,14,7,0.0
2015-2016,CR de l'Ouest de Montréal,0,14,8,0.0
2015-2016,CR de l'Ouest de Montréal,0,14,9,1006.0
2015-2016,CR de l'Ouest de Montréal,0,15,1,358.0
2015-2016,CR de l'Ouest de Montréal,0,15,2,686.0
2015-2016,CR de l'Ouest de Montréal,0,15,3,1067.0
2015-2016,CR de l'Ouest de Montréal,0,15,4,1217.0
2015-2016,CR de l'Ouest de Montréal,0,15,5,960.0
2015-2016,CR de l'Ouest de Montréal,0,15,6,358.0
2015-2016,CR de l'Ouest de Montréal,0,15,7,0.0
2015-2016,CR de l'Ouest de Montréal,0,15,8,0.0
2015-2016,CR de l'Ouest de Montréal,0,15,9,674.0
2015-2016,CR de la Gaspésie,0,1,1,0.0
2015-2016,CR de la Gaspésie,0,1,2,0.0
2015-2016,CR de la Gaspésie,0,1,3,0.0
2015-2016,CR de la Gaspésie,0,1,4,0.0
2015-2016,CR de la Gaspésie,0,1,5,0.0
2015-2016,CR de la Gaspésie,0,1,6,0.0
2015-2016,CR de la Gaspésie,0,1,7,0.0
2015-2016,CR de la Gaspésie,0,1,8,0.0
2015-2016,CR de la Gaspésie,0,1,9,0.0
2015-2016,CR de la Gaspésie,0,2,1,0.0
2015-2016,CR de la Gaspésie,0,2,2,0.0
2015-2016,CR de la Gaspésie,0,2,3,0.0
2015-2016,CR de la Gaspésie,0,2,4,0.0
2015-2016,CR de la Gaspésie,0,2,5,0.0
2015-2016,CR de la Gaspésie,0,2,6,0.0
2015-2016,CR de la Gaspésie,0,2,7,0.0
2015-2016,CR de la Gaspésie,0,2,8,0.0
2015-2016,CR de la Gaspésie,0,2,9,0.0
2015-2016,CR de la Gaspésie,0,3,1,0.0
2015-2016,CR de la Gaspésie,0,3,2,0.0
2015-2016,CR de la Gaspésie,0,3,3,0.0
2015-2016,CR de la Gaspésie,0,3,4,0.0
2015-2016,CR de la Gaspésie,0,3,5,0.0
2015-2016,CR de la Gaspésie,0,3,6,0.0
2015-2016,CR de la Gaspésie,0,3,7,0.0
2015-2016,CR de la Gaspésie,0,3,8,0.0
2015-2016,CR de la Gaspésie,0,3,9,0.0
2015-2016,CR de la Gaspésie,0,4,1,0.0
2015-2016,CR de la Gaspésie,0,4,2,0.0
2015-2016,CR de la Gaspésie,0,4,3,0.0
2015-2016,CR de la Gaspésie,0,4,4,0.0
2015-2016,CR de la Gaspésie,0,4,5,0.0
2015-2016,CR de la Gaspésie,0,4,6,0.0
2015-2016,CR de la Gaspésie,0,4,7,0.0
2015-2016,CR de la Gaspésie,0,4,8,0.0
2015-2016,CR de la Gaspésie,0,4,9,0.0
2015-2016,CR de la Gaspésie,0,5,1,0.0
2015-2016,CR de la Gaspésie,0,5,2,0.0
2015-2016,CR de la Gaspésie,0,5,3,0.0
2015-2016,CR de la Gaspésie,0,5,4,0.0
2015-2016,CR de la Gaspésie,0,5,5,0.0
2015-2016,CR de la Gaspésie,0,5,6,0.0
2015-2016,CR de la Gaspésie,0,5,7,0.0
2015-2016,CR de la Gaspésie,0,5,8,0.0
2015-2016,CR de la Gaspésie,0,5,9,0.0
2015-2016,CR de la Gaspésie,0,6,1,0.0
2015-2016,CR de la Gaspésie,0,6,2,0.0
2015-2016,CR de la Gaspésie,0,6,3,0.0
2015-2016,CR de la Gaspésie,0,6,4,0.0
2015-2016,CR de la Gaspésie,0,6,5,0.0
2015-2016,CR de la Gaspésie,0,6,6,0.0
2015-2016,CR de la Gaspésie,0,6,7,0.0
2015-2016,CR de la Gaspésie,0,6,8,0.0
2015-2016,CR de la Gaspésie,0,6,9,0.0
2015-2016,CR de la Gaspésie,0,7,1,0.0
2015-2016,CR de la Gaspésie,0,7,2,0.0
2015-2016,CR de la Gaspésie,0,7,3,0.0
2015-2016,CR de la Gaspésie,0,7,4,0.0
2015-2016,CR de la Gaspésie,0,7,5,0.0
2015-2016,CR de la Gaspésie,0,7,6,0.0
2015-2016,CR de la Gaspésie,0,7,7,0.0
2015-2016,CR de la Gaspésie,0,7,8,0.0
2015-2016,CR de la Gaspésie,0,7,9,0.0
2015-2016,CR de la Gaspésie,0,8,1,0.0
2015-2016,CR de la Gaspésie,0,8,2,0.0
2015-2016,CR de la Gaspésie,0,8,3,0.0
2015-2016,CR de la Gaspésie,0,8,4,0.0
2015-2016,CR de la Gaspésie,0,8,5,0.0
2015-2016,CR de la Gaspésie,0,8,6,0.0
2015-2016,CR de la Gaspésie,0,8,7,0.0
2015-2016,CR de la Gaspésie,0,8,8,0.0
2015-2016,CR de la Gaspésie,0,8,9,0.0
2015-2016,CR de la Gaspésie,0,9,1,0.0
2015-2016,CR de la Gaspésie,0,9,2,0.0
2015-2016,CR de la Gaspésie,0,9,3,0.0
2015-2016,CR de la Gaspésie,0,9,4,0.0
2015-2016,CR de la Gaspésie,0,9,5,0.0
2015-2016,CR de la Gaspésie,0,9,6,0.0
2015-2016,CR de la Gaspésie,0,9,7,0.0
2015-2016,CR de la Gaspésie,0,9,8,0.0
2015-2016,CR de la Gaspésie,0,9,9,0.0
2015-2016,CR de la Gaspésie,0,10,1,1.0
2015-2016,CR de la Gaspésie,0,10,2,2.0
2015-2016,CR de la Gaspésie,0,10,3,1.0
2015-2016,CR de la Gaspésie,0,10,4,0.0
2015-2016,CR de la Gaspésie,0,10,5,1.0
2015-2016,CR de la Gaspésie,0,10,6,1.0
2015-2016,CR de la Gaspésie,0,10,7,0.0
2015-2016,CR de la Gaspésie,0,10,8,0.0
2015-2016,CR de la Gaspésie,0,10,9,6.0
2015-2016,CR de la Gaspésie,0,11,1,53.0
2015-2016,CR de la Gaspésie,0,11,2,188.0
2015-2016,CR de la Gaspésie,0,11,3,169.0
2015-2016,CR de la Gaspésie,0,11,4,0.0
2015-2016,CR de la Gaspésie,0,11,5,36.0
2015-2016,CR de la Gaspésie,0,11,6,289.0
2015-2016,CR de la Gaspésie,0,11,7,0.0
2015-2016,CR de la Gaspésie,0,11,8,0.0
2015-2016,CR de la Gaspésie,0,11,9,154.0
2015-2016,CR de la Gaspésie,0,12,1,53.0
2015-2016,CR de la Gaspésie,0,12,2,188.0
2015-2016,CR de la Gaspésie,0,12,3,169.0
2015-2016,CR de la Gaspésie,0,12,4,0.0
2015-2016,CR de la Gaspésie,0,12,5,36.0
2015-2016,CR de la Gaspésie,0,12,6,289.0
2015-2016,CR de la Gaspésie,0,12,7,0.0
2015-2016,CR de la Gaspésie,0,12,8,0.0
2015-2016,CR de la Gaspésie,0,12,9,173.0
2015-2016,CR de la Gaspésie,0,13,1,1.0
2015-2016,CR de la Gaspésie,0,13,2,2.0
2015-2016,CR de la Gaspésie,0,13,3,1.0
2015-2016,CR de la Gaspésie,0,13,4,0.0
2015-2016,CR de la Gaspésie,0,13,5,1.0
2015-2016,CR de la Gaspésie,0,13,6,1.0
2015-2016,CR de la Gaspésie,0,13,7,0.0
2015-2016,CR de la Gaspésie,0,13,8,0.0
2015-2016,CR de la Gaspésie,0,13,9,6.0
2015-2016,CR de la Gaspésie,0,14,1,53.0
2015-2016,CR de la Gaspésie,0,14,2,188.0
2015-2016,CR de la Gaspésie,0,14,3,169.0
2015-2016,CR de la Gaspésie,0,14,4,0.0
2015-2016,CR de la Gaspésie,0,14,5,36.0
2015-2016,CR de la Gaspésie,0,14,6,289.0
2015-2016,CR de la Gaspésie,0,14,7,0.0
2015-2016,CR de la Gaspésie,0,14,8,0.0
2015-2016,CR de la Gaspésie,0,14,9,154.0
2015-2016,CR de la Gaspésie,0,15,1,53.0
2015-2016,CR de la Gaspésie,0,15,2,188.0
2015-2016,CR de la Gaspésie,0,15,3,169.0
2015-2016,CR de la Gaspésie,0,15,4,0.0
2015-2016,CR de la Gaspésie,0,15,5,36.0
2015-2016,CR de la Gaspésie,0,15,6,289.0
2015-2016,CR de la Gaspésie,0,15,7,0.0
2015-2016,CR de la Gaspésie,0,15,8,0.0
2015-2016,CR de la Gaspésie,0,15,9,173.0
2015-2016,CRDI de Québec,0,1,1,0.0
2015-2016,CRDI de Québec,0,1,2,0.0
2015-2016,CRDI de Québec,0,1,3,0.0
2015-2016,CRDI de Québec,0,1,4,2.0
2015-2016,CRDI de Québec,0,1,5,5.0
2015-2016,CRDI de Québec,0,1,6,1.0
2015-2016,CRDI de Québec,0,1,7,0.0
2015-2016,CRDI de Québec,0,1,8,0.0
2015-2016,CRDI de Québec,0,1,9,8.0
2015-2016,CRDI de Québec,0,2,4,391.0
2015-2016,CRDI de Québec,0,2,5,934.0
2015-2016,CRDI de Québec,0,2,6,403.0
2015-2016,CRDI de Québec,0,2,9,732.0
2015-2016,CRDI de Québec,0,3,4,391.0
2015-2016,CRDI de Québec,0,3,5,1156.0
2015-2016,CRDI de Québec,0,3,6,403.0
2015-2016,CRDI de Québec,0,3,9,597.0
2015-2016,CRDI de Québec,0,4,1,0.0
2015-2016,CRDI de Québec,0,4,2,0.0
2015-2016,CRDI de Québec,0,4,3,0.0
2015-2016,CRDI de Québec,0,4,4,10.0
2015-2016,CRDI de Québec,0,4,5,7.0
2015-2016,CRDI de Québec,0,4,6,2.0
2015-2016,CRDI de Québec,0,4,7,0.0
2015-2016,CRDI de Québec,0,4,8,0.0
2015-2016,CRDI de Québec,0,4,9,19.0
2015-2016,CRDI de Québec,0,5,4,220.0
2015-2016,CRDI de Québec,0,5,5,998.0
2015-2016,CRDI de Québec,0,5,6,579.0
2015-2016,CRDI de Québec,0,5,9,544.0
2015-2016,CRDI de Québec,0,6,4,101.0
2015-2016,CRDI de Québec,0,6,5,723.0
2015-2016,CRDI de Québec,0,6,6,579.0
2015-2016,CRDI de Québec,0,6,9,337.0
2015-2016,CRDI de Québec,0,7,1,0.0
2015-2016,CRDI de Québec,0,7,2,2.0
2015-2016,CRDI de Québec,0,7,3,7.0
2015-2016,CRDI de Québec,0,7,4,5.0
2015-2016,CRDI de Québec,0,7,5,10.0
2015-2016,CRDI de Québec,0,7,6,1.0
2015-2016,CRDI de Québec,0,7,7,0.0
2015-2016,CRDI de Québec,0,7,8,0.0
2015-2016,CRDI de Québec,0,7,9,25.0
2015-2016,CRDI de Québec,0,8,2,352.0
2015-2016,CRDI de Québec,0,8,3,250.0
2015-2016,CRDI de Québec,0,8,4,569.0
2015-2016,CRDI de Québec,0,8,5,972.0
2015-2016,CRDI de Québec,0,8,6,38.0
2015-2016,CRDI de Québec,0,8,9,602.0
2015-2016,CRDI de Québec,0,9,2,352.0
2015-2016,CRDI de Québec,0,9,3,193.0
2015-2016,CRDI de Québec,0,9,4,505.0
2015-2016,CRDI de Québec,0,9,5,965.0
2015-2016,CRDI de Québec,0,9,6,38.0
2015-2016,CRDI de Québec,0,9,9,261.0
2015-2016,CRDI de Québec,0,10,1,4.0
2015-2016,CRDI de Québec,0,10,2,107.0
2015-2016,CRDI de Québec,0,10,3,94.0
2015-2016,CRDI de Québec,0,10,4,27.0
2015-2016,CRDI de Québec,0,10,5,32.0
2015-2016,CRDI de Québec,0,10,6,9.0
2015-2016,CRDI de Québec,0,10,7,0.0
2015-2016,CRDI de Québec,0,10,8,0.0
2015-2016,CRDI de Québec,0,10,9,273.0
2015-2016,CRDI de Québec,0,11,1,80.0
2015-2016,CRDI de Québec,0,11,2,294.0
2015-2016,CRDI de Québec,0,11,3,309.0
2015-2016,CRDI de Québec,0,11,4,307.0
2015-2016,CRDI de Québec,0,11,5,245.0
2015-2016,CRDI de Québec,0,11,6,125.0
2015-2016,CRDI de Québec,0,11,9,286.0
2015-2016,CRDI de Québec,0,12,1,44.0
2015-2016,CRDI de Québec,0,12,2,242.0
2015-2016,CRDI de Québec,0,12,3,322.0
2015-2016,CRDI de Québec,0,12,4,325.0
2015-2016,CRDI de Québec,0,12,5,114.0
2015-2016,CRDI de Québec,0,12,6,9.0
2015-2016,CRDI de Québec,0,12,9,246.0
2015-2016,CRDI de Québec,0,13,1,4.0
2015-2016,CRDI de Québec,0,13,2,109.0
2015-2016,CRDI de Québec,0,13,3,101.0
2015-2016,CRDI de Québec,0,13,4,44.0
2015-2016,CRDI de Québec,0,13,5,54.0
2015-2016,CRDI de Québec,0,13,6,13.0
2015-2016,CRDI de Québec,0,13,7,0.0
2015-2016,CRDI de Québec,0,13,8,0.0
2015-2016,CRDI de Québec,0,13,9,325.0
2015-2016,CRDI de Québec,0,14,1,80.0
2015-2016,CRDI de Québec,0,14,2,295.0
2015-2016,CRDI de Québec,0,14,3,305.0
2015-2016,CRDI de Québec,0,14,4,321.0
2015-2016,CRDI de Québec,0,14,5,541.0
2015-2016,CRDI de Québec,0,14,6,210.0
2015-2016,CRDI de Québec,0,14,9,336.0
2015-2016,CRDI de Québec,0,15,1,44.0
2015-2016,CRDI de Québec,0,15,2,242.0
2015-2016,CRDI de Québec,0,15,3,288.0
2015-2016,CRDI de Québec,0,15,4,296.0
2015-2016,CRDI de Québec,0,15,5,397.0
2015-2016,CRDI de Québec,0,15,6,10.0
2015-2016,CRDI de Québec,0,15,9,267.0
2015-2016,CRDITED Chaudière-Appalaches,0,1,1,0.0
2015-2016,CRDITED Chaudière-Appalaches,0,1,2,0.0
2015-2016,CRDITED Chaudière-Appalaches,0,1,3,0.0
2015-2016,CRDITED Chaudière-Appalaches,0,1,4,2.0
2015-2016,CRDITED Chaudière-Appalaches,0,1,5,2.0
2015-2016,CRDITED Chaudière-Appalaches,0,1,6,1.0
2015-2016,CRDITED Chaudière-Appalaches,0,1,7,0.0
2015-2016,CRDITED Chaudière-Appalaches,0,1,8,0.0
2015-2016,CRDITED Chaudière-Appalaches,0,1,9,5.0
2015-2016,CRDITED Chaudière-Appalaches,0,2,4,137.0
2015-2016,CRDITED Chaudière-Appalaches,0,2,5,203.0
2015-2016,CRDITED Chaudière-Appalaches,0,2,6,64.0
2015-2016,CRDITED Chaudière-Appalaches,0,2,9,148.0
2015-2016,CRDITED Chaudière-Appalaches,0,3,4,137.0
2015-2016,CRDITED Chaudière-Appalaches,0,3,5,203.0
2015-2016,CRDITED Chaudière-Appalaches,0,3,6,64.0
2015-2016,CRDITED Chaudière-Appalaches,0,3,9,200.0
2015-2016,CRDITED Chaudière-Appalaches,0,4,1,0.0
2015-2016,CRDITED Chaudière-Appalaches,0,4,2,0.0
2015-2016,CRDITED Chaudière-Appalaches,0,4,3,1.0
2015-2016,CRDITED Chaudière-Appalaches,0,4,4,3.0
2015-2016,CRDITED Chaudière-Appalaches,0,4,5,1.0
2015-2016,CRDITED Chaudière-Appalaches,0,4,6,0.0
2015-2016,CRDITED Chaudière-Appalaches,0,4,7,0.0
2015-2016,CRDITED Chaudière-Appalaches,0,4,8,0.0
2015-2016,CRDITED Chaudière-Appalaches,0,4,9,5.0
2015-2016,CRDITED Chaudière-Appalaches,0,5,3,373.0
2015-2016,CRDITED Chaudière-Appalaches,0,5,4,575.0
2015-2016,CRDITED Chaudière-Appalaches,0,5,5,508.0
2015-2016,CRDITED Chaudière-Appalaches,0,5,9,521.0
2015-2016,CRDITED Chaudière-Appalaches,0,6,3,373.0
2015-2016,CRDITED Chaudière-Appalaches,0,6,4,618.0
2015-2016,CRDITED Chaudière-Appalaches,0,6,5,508.0
2015-2016,CRDITED Chaudière-Appalaches,0,6,9,508.0
2015-2016,CRDITED Chaudière-Appalaches,0,7,1,0.0
2015-2016,CRDITED Chaudière-Appalaches,0,7,2,0.0
2015-2016,CRDITED Chaudière-Appalaches,0,7,3,1.0
2015-2016,CRDITED Chaudière-Appalaches,0,7,4,0.0
2015-2016,CRDITED Chaudière-Appalaches,0,7,5,2.0
2015-2016,CRDITED Chaudière-Appalaches,0,7,6,0.0
2015-2016,CRDITED Chaudière-Appalaches,0,7,7,0.0
2015-2016,CRDITED Chaudière-Appalaches,0,7,8,0.0
2015-2016,CRDITED Chaudière-Appalaches,0,7,9,3.0
2015-2016,CRDITED Chaudière-Appalaches,0,8,3,26.0
2015-2016,CRDITED Chaudière-Appalaches,0,8,5,231.0
2015-2016,CRDITED Chaudière-Appalaches,0,8,9,163.0
2015-2016,CRDITED Chaudière-Appalaches,0,9,3,26.0
2015-2016,CRDITED Chaudière-Appalaches,0,9,5,231.0
2015-2016,CRDITED Chaudière-Appalaches,0,9,9,26.0
2015-2016,CRDITED Chaudière-Appalaches,0,10,1,9.0
2015-2016,CRDITED Chaudière-Appalaches,0,10,2,37.0
2015-2016,CRDITED Chaudière-Appalaches,0,10,3,8.0
2015-2016,CRDITED Chaudière-Appalaches,0,10,4,4.0
2015-2016,CRDITED Chaudière-Appalaches,0,10,5,0.0
2015-2016,CRDITED Chaudière-Appalaches,0,10,6,1.0
2015-2016,CRDITED Chaudière-Appalaches,0,10,7,0.0
2015-2016,CRDITED Chaudière-Appalaches,0,10,8,0.0
2015-2016,CRDITED Chaudière-Appalaches,0,10,9,59.0
2015-2016,CRDITED Chaudière-Appalaches,0,11,1,50.0
2015-2016,CRDITED Chaudière-Appalaches,0,11,2,82.0
2015-2016,CRDITED Chaudière-Appalaches,0,11,3,154.0
2015-2016,CRDITED Chaudière-Appalaches,0,11,4,81.0
2015-2016,CRDITED Chaudière-Appalaches,0,11,6,156.0
2015-2016,CRDITED Chaudière-Appalaches,0,11,9,88.0
2015-2016,CRDITED Chaudière-Appalaches,0,12,1,49.0
2015-2016,CRDITED Chaudière-Appalaches,0,12,2,60.0
2015-2016,CRDITED Chaudière-Appalaches,0,12,3,142.0
2015-2016,CRDITED Chaudière-Appalaches,0,12,4,41.0
2015-2016,CRDITED Chaudière-Appalaches,0,12,6,156.0
2015-2016,CRDITED Chaudière-Appalaches,0,12,9,50.0
2015-2016,CRDITED Chaudière-Appalaches,0,13,1,9.0
2015-2016,CRDITED Chaudière-Appalaches,0,13,2,37.0
2015-2016,CRDITED Chaudière-Appalaches,0,13,3,10.0
2015-2016,CRDITED Chaudière-Appalaches,0,13,4,9.0
2015-2016,CRDITED Chaudière-Appalaches,0,13,5,5.0
2015-2016,CRDITED Chaudière-Appalaches,0,13,6,2.0
2015-2016,CRDITED Chaudière-Appalaches,0,13,7,0.0
2015-2016,CRDITED Chaudière-Appalaches,0,13,8,0.0
2015-2016,CRDITED Chaudière-Appalaches,0,13,9,72.0
2015-2016,CRDITED Chaudière-Appalaches,0,14,1,50.0
2015-2016,CRDITED Chaudière-Appalaches,0,14,2,82.0
2015-2016,CRDITED Chaudière-Appalaches,0,14,3,163.0
2015-2016,CRDITED Chaudière-Appalaches,0,14,4,258.0
2015-2016,CRDITED Chaudière-Appalaches,0,14,5,275.0
2015-2016,CRDITED Chaudière-Appalaches,0,14,6,110.0
2015-2016,CRDITED Chaudière-Appalaches,0,14,9,125.0
2015-2016,CRDITED Chaudière-Appalaches,0,15,1,49.0
2015-2016,CRDITED Chaudière-Appalaches,0,15,2,60.0
2015-2016,CRDITED Chaudière-Appalaches,0,15,3,142.0
2015-2016,CRDITED Chaudière-Appalaches,0,15,4,214.0
2015-2016,CRDITED Chaudière-Appalaches,0,15,5,205.0
2015-2016,CRDITED Chaudière-Appalaches,0,15,6,110.0
2015-2016,CRDITED Chaudière-Appalaches,0,15,9,65.0
2015-2016,CRDITED Mauricie et Centre-du-Québec,0,1,4,1.0
2015-2016,CRDITED Mauricie et Centre-du-Québec,0,1,6,1.0
2015-2016,CRDITED Mauricie et Centre-du-Québec,0,1,9,2.0
2015-2016,CRDITED Mauricie et Centre-du-Québec,0,2,4,53.0
2015-2016,CRDITED Mauricie et Centre-du-Québec,0,2,6,757.0
2015-2016,CRDITED Mauricie et Centre-du-Québec,0,2,9,405.0
2015-2016,CRDITED Mauricie et Centre-du-Québec,0,3,4,53.0
2015-2016,CRDITED Mauricie et Centre-du-Québec,0,3,6,757.0
2015-2016,CRDITED Mauricie et Centre-du-Québec,0,3,9,405.0
2015-2016,CRDITED Mauricie et Centre-du-Québec,0,4,3,7.0
2015-2016,CRDITED Mauricie et Centre-du-Québec,0,4,4,8.0
2015-2016,CRDITED Mauricie et Centre-du-Québec,0,4,5,3.0
2015-2016,CRDITED Mauricie et Centre-du-Québec,0,4,9,18.0
2015-2016,CRDITED Mauricie et Centre-du-Québec,0,5,3,51.0
2015-2016,CRDITED Mauricie et Centre-du-Québec,0,5,4,148.0
2015-2016,CRDITED Mauricie et Centre-du-Québec,0,5,5,125.0
2015-2016,CRDITED Mauricie et Centre-du-Québec,0,5,9,107.0
2015-2016,CRDITED Mauricie et Centre-du-Québec,0,6,3,42.0
2015-2016,CRDITED Mauricie et Centre-du-Québec,0,6,4,71.0
2015-2016,CRDITED Mauricie et Centre-du-Québec,0,6,5,36.0
2015-2016,CRDITED Mauricie et Centre-du-Québec,0,6,9,52.0
2015-2016,CRDITED Mauricie et Centre-du-Québec,0,7,2,3.0
2015-2016,CRDITED Mauricie et Centre-du-Québec,0,7,3,3.0
2015-2016,CRDITED Mauricie et Centre-du-Québec,0,7,4,1.0
2015-2016,CRDITED Mauricie et Centre-du-Québec,0,7,9,7.0
2015-2016,CRDITED Mauricie et Centre-du-Québec,0,8,2,140.0
2015-2016,CRDITED Mauricie et Centre-du-Québec,0,8,3,151.0
2015-2016,CRDITED Mauricie et Centre-du-Québec,0,8,4,326.0
2015-2016,CRDITED Mauricie et Centre-du-Québec,0,8,9,171.0
2015-2016,CRDITED Mauricie et Centre-du-Québec,0,9,2,54.0
2015-2016,CRDITED Mauricie et Centre-du-Québec,0,9,3,54.0
2015-2016,CRDITED Mauricie et Centre-du-Québec,0,9,4,326.0
2015-2016,CRDITED Mauricie et Centre-du-Québec,0,9,9,54.0
2015-2016,CRDITED Mauricie et Centre-du-Québec,0,10,1,11.0
2015-2016,CRDITED Mauricie et Centre-du-Québec,0,10,2,63.0
2015-2016,CRDITED Mauricie et Centre-du-Québec,0,10,3,32.0
2015-2016,CRDITED Mauricie et Centre-du-Québec,0,10,4,13.0
2015-2016,CRDITED Mauricie et Centre-du-Québec,0,10,5,21.0
2015-2016,CRDITED Mauricie et Centre-du-Québec,0,10,6,3.0
2015-2016,CRDITED Mauricie et Centre-du-Québec,0,10,9,143.0
2015-2016,CRDITED Mauricie et Centre-du-Québec,0,11,1,22.0
2015-2016,CRDITED Mauricie et Centre-du-Québec,0,11,2,116.0
2015-2016,CRDITED Mauricie et Centre-du-Québec,0,11,3,110.0
2015-2016,CRDITED Mauricie et Centre-du-Québec,0,11,4,43.0
2015-2016,CRDITED Mauricie et Centre-du-Québec,0,11,5,43.0
2015-2016,CRDITED Mauricie et Centre-du-Québec,0,11,6,8.0
2015-2016,CRDITED Mauricie et Centre-du-Québec,0,11,9,88.0
2015-2016,CRDITED Mauricie et Centre-du-Québec,0,12,1,8.0
2015-2016,CRDITED Mauricie et Centre-du-Québec,0,12,2,64.0
2015-2016,CRDITED Mauricie et Centre-du-Québec,0,12,3,9.0
2015-2016,CRDITED Mauricie et Centre-du-Québec,0,12,4,1.0
2015-2016,CRDITED Mauricie et Centre-du-Québec,0,12,5,2.0
2015-2016,CRDITED Mauricie et Centre-du-Québec,0,12,6,1.0
2015-2016,CRDITED Mauricie et Centre-du-Québec,0,12,9,22.0
2015-2016,CRDITED Mauricie et Centre-du-Québec,0,13,1,11.0
2015-2016,CRDITED Mauricie et Centre-du-Québec,0,13,2,66.0
2015-2016,CRDITED Mauricie et Centre-du-Québec,0,13,3,42.0
2015-2016,CRDITED Mauricie et Centre-du-Québec,0,13,4,23.0
2015-2016,CRDITED Mauricie et Centre-du-Québec,0,13,5,24.0
2015-2016,CRDITED Mauricie et Centre-du-Québec,0,13,6,4.0
2015-2016,CRDITED Mauricie et Centre-du-Québec,0,13,9,170.0
2015-2016,CRDITED Mauricie et Centre-du-Québec,0,14,1,22.0
2015-2016,CRDITED Mauricie et Centre-du-Québec,0,14,2,117.0
2015-2016,CRDITED Mauricie et Centre-du-Québec,0,14,3,103.0
2015-2016,CRDITED Mauricie et Centre-du-Québec,0,14,4,93.0
2015-2016,CRDITED Mauricie et Centre-du-Québec,0,14,5,53.0
2015-2016,CRDITED Mauricie et Centre-du-Québec,0,14,6,195.0
2015-2016,CRDITED Mauricie et Centre-du-Québec,0,14,9,97.0
2015-2016,CRDITED Mauricie et Centre-du-Québec,0,15,1,8.0
2015-2016,CRDITED Mauricie et Centre-du-Québec,0,15,2,59.0
2015-2016,CRDITED Mauricie et Centre-du-Québec,0,15,3,42.0
2015-2016,CRDITED Mauricie et Centre-du-Québec,0,15,4,50.0
2015-2016,CRDITED Mauricie et Centre-du-Québec,0,15,5,6.0
2015-2016,CRDITED Mauricie et Centre-du-Québec,0,15,6,12.0
2015-2016,CRDITED Mauricie et Centre-du-Québec,0,15,9,36.0
2015-2016,CRDITED de Laval,0,7,1,0.0
2015-2016,CRDITED de Laval,0,7,2,4.0
2015-2016,CRDITED de Laval,0,7,3,6.0
2015-2016,CRDITED de Laval,0,7,4,7.0
2015-2016,CRDITED de Laval,0,7,5,4.0
2015-2016,CRDITED de Laval,0,7,6,1.0
2015-2016,CRDITED de Laval,0,7,7,0.0
2015-2016,CRDITED de Laval,0,7,8,0.0
2015-2016,CRDITED de Laval,0,7,9,22.0
2015-2016,CRDITED de Laval,0,8,2,353.0
2015-2016,CRDITED de Laval,0,8,3,282.0
2015-2016,CRDITED de Laval,0,8,4,227.0
2015-2016,CRDITED de Laval,0,8,5,457.0
2015-2016,CRDITED de Laval,0,8,6,1387.0
2015-2016,CRDITED de Laval,0,8,9,359.0
2015-2016,CRDITED de Laval,0,9,2,229.0
2015-2016,CRDITED de Laval,0,9,3,152.0
2015-2016,CRDITED de Laval,0,9,4,108.0
2015-2016,CRDITED de Laval,0,9,5,302.0
2015-2016,CRDITED de Laval,0,9,6,1387.0
2015-2016,CRDITED de Laval,0,9,9,162.0
2015-2016,CRDITED de Laval,0,10,1,65.0
2015-2016,CRDITED de Laval,0,10,2,38.0
2015-2016,CRDITED de Laval,0,10,3,8.0
2015-2016,CRDITED de Laval,0,10,4,5.0
2015-2016,CRDITED de Laval,0,10,5,12.0
2015-2016,CRDITED de Laval,0,10,6,2.0
2015-2016,CRDITED de Laval,0,10,7,0.0
2015-2016,CRDITED de Laval,0,10,8,0.0
2015-2016,CRDITED de Laval,0,10,9,130.0
2015-2016,CRDITED de Laval,0,11,1,131.0
2015-2016,CRDITED de Laval,0,11,2,95.0
2015-2016,CRDITED de Laval,0,11,3,87.0
2015-2016,CRDITED de Laval,0,11,4,117.0
2015-2016,CRDITED de Laval,0,11,5,279.0
2015-2016,CRDITED de Laval,0,11,6,1055.0
2015-2016,CRDITED de Laval,0,11,9,145.0
2015-2016,CRDITED de Laval,0,12,1,134.0
2015-2016,CRDITED de Laval,0,12,2,79.0
2015-2016,CRDITED de Laval,0,12,3,74.0
2015-2016,CRDITED de Laval,0,12,4,87.0
2015-2016,CRDITED de Laval,0,12,5,216.0
2015-2016,CRDITED de Laval,0,12,6,1055.0
2015-2016,CRDITED de Laval,0,12,9,126.0
2015-2016,CRDITED de Laval,0,13,1,65.0
2015-2016,CRDITED de Laval,0,13,2,42.0
2015-2016,CRDITED de Laval,0,13,3,14.0
2015-2016,CRDITED de Laval,0,13,4,12.0
2015-2016,CRDITED de Laval,0,13,5,16.0
2015-2016,CRDITED de Laval,0,13,6,3.0
2015-2016,CRDITED de Laval,0,13,7,0.0
2015-2016,CRDITED de Laval,0,13,8,0.0
2015-2016,CRDITED de Laval,0,13,9,152.0
2015-2016,CRDITED de Laval,0,14,1,130.0
2015-2016,CRDITED de Laval,0,14,2,120.0
2015-2016,CRDITED de Laval,0,14,3,170.0
2015-2016,CRDITED de Laval,0,14,4,181.0
2015-2016,CRDITED de Laval,0,14,5,323.0
2015-2016,CRDITED de Laval,0,14,6,1166.0
2015-2016,CRDITED de Laval,0,14,9,176.0
2015-2016,CRDITED de Laval,0,15,1,134.0
2015-2016,CRDITED de Laval,0,15,2,100.0
2015-2016,CRDITED de Laval,0,15,3,96.0
2015-2016,CRDITED de Laval,0,15,4,975.0
2015-2016,CRDITED de Laval,0,15,5,216.0
2015-2016,CRDITED de Laval,0,15,6,1387.0
2015-2016,CRDITED de Laval,0,15,9,127.0
2015-2016,CRDITED de Montréal,0,1,3,1.0
2015-2016,CRDITED de Montréal,0,1,4,14.0
2015-2016,CRDITED de Montréal,0,1,5,17.0
2015-2016,CRDITED de Montréal,0,1,6,2.0
2015-2016,CRDITED de Montréal,0,1,9,34.0
2015-2016,CRDITED de Montréal,0,2,3,15.0
2015-2016,CRDITED de Montréal,0,2,4,308.0
2015-2016,CRDITED de Montréal,0,2,5,1107.0
2015-2016,CRDITED de Montréal,0,2,6,2117.0
2015-2016,CRDITED de Montréal,0,2,9,805.0
2015-2016,CRDITED de Montréal,0,3,3,15.0
2015-2016,CRDITED de Montréal,0,3,4,276.0
2015-2016,CRDITED de Montréal,0,3,5,763.0
2015-2016,CRDITED de Montréal,0,3,6,2117.0
2015-2016,CRDITED de Montréal,0,3,9,395.0
2015-2016,CRDITED de Montréal,0,4,3,4.0
2015-2016,CRDITED de Montréal,0,4,4,35.0
2015-2016,CRDITED de Montréal,0,4,5,24.0
2015-2016,CRDITED de Montréal,0,4,6,10.0
2015-2016,CRDITED de Montréal,0,4,9,73.0
2015-2016,CRDITED de Montréal,0,5,3,210.0
2015-2016,CRDITED de Montréal,0,5,4,302.0
2015-2016,CRDITED de Montréal,0,5,5,851.0
2015-2016,CRDITED de Montréal,0,5,6,2136.0
2015-2016,CRDITED de Montréal,0,5,9,728.0
2015-2016,CRDITED de Montréal,0,6,3,57.0
2015-2016,CRDITED de Montréal,0,6,4,309.0
2015-2016,CRDITED de Montréal,0,6,5,437.0
2015-2016,CRDITED de Montréal,0,6,6,1855.0
2015-2016,CRDITED de Montréal,0,6,9,366.0
2015-2016,CRDITED de Montréal,0,7,1,3.0
2015-2016,CRDITED de Montréal,0,7,2,9.0
2015-2016,CRDITED de Montréal,0,7,3,18.0
2015-2016,CRDITED de Montréal,0,7,4,9.0
2015-2016,CRDITED de Montréal,0,7,5,26.0
2015-2016,CRDITED de Montréal,0,7,6,1.0
2015-2016,CRDITED de Montréal,0,7,9,66.0
2015-2016,CRDITED de Montréal,0,8,1,196.0
2015-2016,CRDITED de Montréal,0,8,2,605.0
2015-2016,CRDITED de Montréal,0,8,3,1214.0
2015-2016,CRDITED de Montréal,0,8,4,1585.0
2015-2016,CRDITED de Montréal,0,8,5,1730.0
2015-2016,CRDITED de Montréal,0,8,6,869.0
2015-2016,CRDITED de Montréal,0,8,9,1333.0
2015-2016,CRDITED de Montréal,0,9,1,133.0
2015-2016,CRDITED de Montréal,0,9,2,613.0
2015-2016,CRDITED de Montréal,0,9,3,573.0
2015-2016,CRDITED de Montréal,0,9,4,1527.0
2015-2016,CRDITED de Montréal,0,9,5,1340.0
2015-2016,CRDITED de Montréal,0,9,6,869.0
2015-2016,CRDITED de Montréal,0,9,9,734.0
2015-2016,CRDITED de Montréal,0,10,1,403.0
2015-2016,CRDITED de Montréal,0,10,2,316.0
2015-2016,CRDITED de Montréal,0,10,3,106.0
2015-2016,CRDITED de Montréal,0,10,4,47.0
2015-2016,CRDITED de Montréal,0,10,5,54.0
2015-2016,CRDITED de Montréal,0,10,6,12.0
2015-2016,CRDITED de Montréal,0,10,8,1.0
2015-2016,CRDITED de Montréal,0,10,9,939.0
2015-2016,CRDITED de Montréal,0,11,1,337.0
2015-2016,CRDITED de Montréal,0,11,2,542.0
2015-2016,CRDITED de Montréal,0,11,3,622.0
2015-2016,CRDITED de Montréal,0,11,4,561.0
2015-2016,CRDITED de Montréal,0,11,5,491.0
2015-2016,CRDITED de Montréal,0,11,6,388.0
2015-2016,CRDITED de Montréal,0,11,8,119.0
2015-2016,CRDITED de Montréal,0,11,9,459.0
2015-2016,CRDITED de Montréal,0,12,1,330.0
2015-2016,CRDITED de Montréal,0,12,2,504.0
2015-2016,CRDITED de Montréal,0,12,3,605.0
2015-2016,CRDITED de Montréal,0,12,4,366.0
2015-2016,CRDITED de Montréal,0,12,5,302.0
2015-2016,CRDITED de Montréal,0,12,6,182.0
2015-2016,CRDITED de Montréal,0,12,8,119.0
2015-2016,CRDITED de Montréal,0,12,9,365.0
2015-2016,CRDITED de Montréal,0,13,1,406.0
2015-2016,CRDITED de Montréal,0,13,2,325.0
2015-2016,CRDITED de Montréal,0,13,3,129.0
2015-2016,CRDITED de Montréal,0,13,4,105.0
2015-2016,CRDITED de Montréal,0,13,5,121.0
2015-2016,CRDITED de Montréal,0,13,6,25.0
2015-2016,CRDITED de Montréal,0,13,8,1.0
2015-2016,CRDITED de Montréal,0,13,9,1112.0
2015-2016,CRDITED de Montréal,0,14,1,336.0
2015-2016,CRDITED de Montréal,0,14,2,535.0
2015-2016,CRDITED de Montréal,0,14,3,688.0
2015-2016,CRDITED de Montréal,0,14,4,529.0
2015-2016,CRDITED de Montréal,0,14,5,915.0
2015-2016,CRDITED de Montréal,0,14,6,1245.0
2015-2016,CRDITED de Montréal,0,14,8,119.0
2015-2016,CRDITED de Montréal,0,14,9,539.0
2015-2016,CRDITED de Montréal,0,15,1,330.0
2015-2016,CRDITED de Montréal,0,15,2,513.0
2015-2016,CRDITED de Montréal,0,15,3,571.0
2015-2016,CRDITED de Montréal,0,15,4,365.0
2015-2016,CRDITED de Montréal,0,15,5,423.0
2015-2016,CRDITED de Montréal,0,15,6,490.0
2015-2016,CRDITED de Montréal,0,15,8,119.0
2015-2016,CRDITED de Montréal,0,15,9,366.0
2015-2016,CRDITED de l'Estrie,0,1,1,0.0
2015-2016,CRDITED de l'Estrie,0,1,2,0.0
2015-2016,CRDITED de l'Estrie,0,1,3,1.0
2015-2016,CRDITED de l'Estrie,0,1,4,0.0
2015-2016,CRDITED de l'Estrie,0,1,5,4.0
2015-2016,CRDITED de l'Estrie,0,1,6,1.0
2015-2016,CRDITED de l'Estrie,0,1,7,0.0
2015-2016,CRDITED de l'Estrie,0,1,8,0.0
2015-2016,CRDITED de l'Estrie,0,1,9,6.0
2015-2016,CRDITED de l'Estrie,0,2,1,0.0
2015-2016,CRDITED de l'Estrie,0,2,2,0.0
2015-2016,CRDITED de l'Estrie,0,2,3,65.0
2015-2016,CRDITED de l'Estrie,0,2,4,0.0
2015-2016,CRDITED de l'Estrie,0,2,5,227.0
2015-2016,CRDITED de l'Estrie,0,2,6,367.0
2015-2016,CRDITED de l'Estrie,0,2,7,0.0
2015-2016,CRDITED de l'Estrie,0,2,8,0.0
2015-2016,CRDITED de l'Estrie,0,2,9,223.0
2015-2016,CRDITED de l'Estrie,0,3,1,0.0
2015-2016,CRDITED de l'Estrie,0,3,2,0.0
2015-2016,CRDITED de l'Estrie,0,3,3,65.0
2015-2016,CRDITED de l'Estrie,0,3,4,0.0
2015-2016,CRDITED de l'Estrie,0,3,5,249.0
2015-2016,CRDITED de l'Estrie,0,3,6,367.0
2015-2016,CRDITED de l'Estrie,0,3,7,0.0
2015-2016,CRDITED de l'Estrie,0,3,8,0.0
2015-2016,CRDITED de l'Estrie,0,3,9,249.0
2015-2016,CRDITED de l'Estrie,0,4,1,0.0
2015-2016,CRDITED de l'Estrie,0,4,2,0.0
2015-2016,CRDITED de l'Estrie,0,4,3,0.0
2015-2016,CRDITED de l'Estrie,0,4,4,2.0
2015-2016,CRDITED de l'Estrie,0,4,5,4.0
2015-2016,CRDITED de l'Estrie,0,4,6,1.0
2015-2016,CRDITED de l'Estrie,0,4,7,0.0
2015-2016,CRDITED de l'Estrie,0,4,8,0.0
2015-2016,CRDITED de l'Estrie,0,4,9,7.0
2015-2016,CRDITED de l'Estrie,0,5,1,0.0
2015-2016,CRDITED de l'Estrie,0,5,2,0.0
2015-2016,CRDITED de l'Estrie,0,5,3,0.0
2015-2016,CRDITED de l'Estrie,0,5,4,266.0
2015-2016,CRDITED de l'Estrie,0,5,5,230.0
2015-2016,CRDITED de l'Estrie,0,5,6,239.0
2015-2016,CRDITED de l'Estrie,0,5,7,0.0
2015-2016,CRDITED de l'Estrie,0,5,8,0.0
2015-2016,CRDITED de l'Estrie,0,5,9,242.0
2015-2016,CRDITED de l'Estrie,0,6,1,0.0
2015-2016,CRDITED de l'Estrie,0,6,2,0.0
2015-2016,CRDITED de l'Estrie,0,6,3,0.0
2015-2016,CRDITED de l'Estrie,0,6,4,266.0
2015-2016,CRDITED de l'Estrie,0,6,5,215.0
2015-2016,CRDITED de l'Estrie,0,6,6,239.0
2015-2016,CRDITED de l'Estrie,0,6,7,0.0
2015-2016,CRDITED de l'Estrie,0,6,8,0.0
2015-2016,CRDITED de l'Estrie,0,6,9,239.0
2015-2016,CRDITED de l'Estrie,0,7,1,0.0
2015-2016,CRDITED de l'Estrie,0,7,2,0.0
2015-2016,CRDITED de l'Estrie,0,7,3,0.0
2015-2016,CRDITED de l'Estrie,0,7,4,1.0
2015-2016,CRDITED de l'Estrie,0,7,5,1.0
2015-2016,CRDITED de l'Estrie,0,7,6,1.0
2015-2016,CRDITED de l'Estrie,0,7,7,0.0
2015-2016,CRDITED de l'Estrie,0,7,8,0.0
2015-2016,CRDITED de l'Estrie,0,7,9,3.0
2015-2016,CRDITED de l'Estrie,0,8,1,0.0
2015-2016,CRDITED de l'Estrie,0,8,2,0.0
2015-2016,CRDITED de l'Estrie,0,8,3,0.0
2015-2016,CRDITED de l'Estrie,0,8,4,186.0
2015-2016,CRDITED de l'Estrie,0,8,5,115.0
2015-2016,CRDITED de l'Estrie,0,8,6,57.0
2015-2016,CRDITED de l'Estrie,0,8,7,0.0
2015-2016,CRDITED de l'Estrie,0,8,8,0.0
2015-2016,CRDITED de l'Estrie,0,8,9,119.0
2015-2016,CRDITED de l'Estrie,0,9,1,0.0
2015-2016,CRDITED de l'Estrie,0,9,2,0.0
2015-2016,CRDITED de l'Estrie,0,9,3,0.0
2015-2016,CRDITED de l'Estrie,0,9,4,186.0
2015-2016,CRDITED de l'Estrie,0,9,5,115.0
2015-2016,CRDITED de l'Estrie,0,9,6,57.0
2015-2016,CRDITED de l'Estrie,0,9,7,0.0
2015-2016,CRDITED de l'Estrie,0,9,8,0.0
2015-2016,CRDITED de l'Estrie,0,9,9,115.0
2015-2016,CRDITED de l'Estrie,0,10,1,2.0
2015-2016,CRDITED de l'Estrie,0,10,2,31.0
2015-2016,CRDITED de l'Estrie,0,10,3,7.0
2015-2016,CRDITED de l'Estrie,0,10,4,3.0
2015-2016,CRDITED de l'Estrie,0,10,5,4.0
2015-2016,CRDITED de l'Estrie,0,10,6,1.0
2015-2016,CRDITED de l'Estrie,0,10,7,0.0
2015-2016,CRDITED de l'Estrie,0,10,8,0.0
2015-2016,CRDITED de l'Estrie,0,10,9,48.0
2015-2016,CRDITED de l'Estrie,0,11,1,22.0
2015-2016,CRDITED de l'Estrie,0,11,2,139.0
2015-2016,CRDITED de l'Estrie,0,11,3,404.0
2015-2016,CRDITED de l'Estrie,0,11,4,159.0
2015-2016,CRDITED de l'Estrie,0,11,5,374.0
2015-2016,CRDITED de l'Estrie,0,11,6,24.0
2015-2016,CRDITED de l'Estrie,0,11,7,0.0
2015-2016,CRDITED de l'Estrie,0,11,8,0.0
2015-2016,CRDITED de l'Estrie,0,11,9,191.0
2015-2016,CRDITED de l'Estrie,0,12,1,22.0
2015-2016,CRDITED de l'Estrie,0,12,2,81.0
2015-2016,CRDITED de l'Estrie,0,12,3,266.0
2015-2016,CRDITED de l'Estrie,0,12,4,186.0
2015-2016,CRDITED de l'Estrie,0,12,5,156.0
2015-2016,CRDITED de l'Estrie,0,12,6,24.0
2015-2016,CRDITED de l'Estrie,0,12,7,0.0
2015-2016,CRDITED de l'Estrie,0,12,8,0.0
2015-2016,CRDITED de l'Estrie,0,12,9,97.0
2015-2016,CRDITED de l'Estrie,0,13,1,2.0
2015-2016,CRDITED de l'Estrie,0,13,2,31.0
2015-2016,CRDITED de l'Estrie,0,13,3,8.0
2015-2016,CRDITED de l'Estrie,0,13,4,6.0
2015-2016,CRDITED de l'Estrie,0,13,5,13.0
2015-2016,CRDITED de l'Estrie,0,13,6,4.0
2015-2016,CRDITED de l'Estrie,0,13,7,0.0
2015-2016,CRDITED de l'Estrie,0,13,8,0.0
2015-2016,CRDITED de l'Estrie,0,13,9,64.0
2015-2016,CRDITED de l'Estrie,0,14,1,22.0
2015-2016,CRDITED de l'Estrie,0,14,2,139.0
2015-2016,CRDITED de l'Estrie,0,14,3,361.0
2015-2016,CRDITED de l'Estrie,0,14,4,199.0
2015-2016,CRDITED de l'Estrie,0,14,5,264.0
2015-2016,CRDITED de l'Estrie,0,14,6,172.0
2015-2016,CRDITED de l'Estrie,0,14,7,0.0
2015-2016,CRDITED de l'Estrie,0,14,8,0.0
2015-2016,CRDITED de l'Estrie,0,14,9,196.0
2015-2016,CRDITED de l'Estrie,0,15,1,22.0
2015-2016,CRDITED de l'Estrie,0,15,2,81.0
2015-2016,CRDITED de l'Estrie,0,15,3,220.0
2015-2016,CRDITED de l'Estrie,0,15,4,218.0
2015-2016,CRDITED de l'Estrie,0,15,5,196.0
2015-2016,CRDITED de l'Estrie,0,15,6,148.0
2015-2016,CRDITED de l'Estrie,0,15,7,0.0
2015-2016,CRDITED de l'Estrie,0,15,8,0.0
2015-2016,CRDITED de l'Estrie,0,15,9,163.0
2015-2016,CRDITED de la Montérégie-Est,0,1,1,0.0
2015-2016,CRDITED de la Montérégie-Est,0,1,2,0.0
2015-2016,CRDITED de la Montérégie-Est,0,1,3,0.0
2015-2016,CRDITED de la Montérégie-Est,0,1,4,0.0
2015-2016,CRDITED de la Montérégie-Est,0,1,5,1.0
2015-2016,CRDITED de la Montérégie-Est,0,1,6,0.0
2015-2016,CRDITED de la Montérégie-Est,0,1,7,0.0
2015-2016,CRDITED de la Montérégie-Est,0,1,8,0.0
2015-2016,CRDITED de la Montérégie-Est,0,1,9,1.0
2015-2016,CRDITED de la Montérégie-Est,0,2,5,576.0
2015-2016,CRDITED de la Montérégie-Est,0,2,9,576.0
2015-2016,CRDITED de la Montérégie-Est,0,3,5,576.0
2015-2016,CRDITED de la Montérégie-Est,0,3,9,576.0
2015-2016,CRDITED de la Montérégie-Est,0,4,1,0.0
2015-2016,CRDITED de la Montérégie-Est,0,4,2,0.0
2015-2016,CRDITED de la Montérégie-Est,0,4,3,0.0
2015-2016,CRDITED de la Montérégie-Est,0,4,4,7.0
2015-2016,CRDITED de la Montérégie-Est,0,4,5,3.0
2015-2016,CRDITED de la Montérégie-Est,0,4,6,0.0
2015-2016,CRDITED de la Montérégie-Est,0,4,7,0.0
2015-2016,CRDITED de la Montérégie-Est,0,4,8,0.0
2015-2016,CRDITED de la Montérégie-Est,0,4,9,10.0
2015-2016,CRDITED de la Montérégie-Est,0,5,4,163.0
2015-2016,CRDITED de la Montérégie-Est,0,5,5,230.0
2015-2016,CRDITED de la Montérégie-Est,0,5,9,183.0
2015-2016,CRDITED de la Montérégie-Est,0,6,4,112.0
2015-2016,CRDITED de la Montérégie-Est,0,6,5,50.0
2015-2016,CRDITED de la Montérégie-Est,0,6,9,81.0
2015-2016,CRDITED de la Montérégie-Est,0,7,1,1.0
2015-2016,CRDITED de la Montérégie-Est,0,7,2,1.0
2015-2016,CRDITED de la Montérégie-Est,0,7,3,9.0
2015-2016,CRDITED de la Montérégie-Est,0,7,4,2.0
2015-2016,CRDITED de la Montérégie-Est,0,7,5,14.0
2015-2016,CRDITED de la Montérégie-Est,0,7,6,3.0
2015-2016,CRDITED de la Montérégie-Est,0,7,7,0.0
2015-2016,CRDITED de la Montérégie-Est,0,7,8,0.0
2015-2016,CRDITED de la Montérégie-Est,0,7,9,30.0
2015-2016,CRDITED de la Montérégie-Est,0,8,1,130.0
2015-2016,CRDITED de la Montérégie-Est,0,8,2,254.0
2015-2016,CRDITED de la Montérégie-Est,0,8,3,415.0
2015-2016,CRDITED de la Montérégie-Est,0,8,4,1503.0
2015-2016,CRDITED de la Montérégie-Est,0,8,5,1281.0
2015-2016,CRDITED de la Montérégie-Est,0,8,6,1554.0
2015-2016,CRDITED de la Montérégie-Est,0,8,9,991.0
2015-2016,CRDITED de la Montérégie-Est,0,9,1,130.0
2015-2016,CRDITED de la Montérégie-Est,0,9,2,254.0
2015-2016,CRDITED de la Montérégie-Est,0,9,3,144.0
2015-2016,CRDITED de la Montérégie-Est,0,9,4,1503.0
2015-2016,CRDITED de la Montérégie-Est,0,9,5,1014.0
2015-2016,CRDITED de la Montérégie-Est,0,9,6,1387.0
2015-2016,CRDITED de la Montérégie-Est,0,9,9,500.0
2015-2016,CRDITED de la Montérégie-Est,0,10,1,157.0
2015-2016,CRDITED de la Montérégie-Est,0,10,2,459.0
2015-2016,CRDITED de la Montérégie-Est,0,10,3,86.0
2015-2016,CRDITED de la Montérégie-Est,0,10,4,18.0
2015-2016,CRDITED de la Montérégie-Est,0,10,5,16.0
2015-2016,CRDITED de la Montérégie-Est,0,10,6,4.0
2015-2016,CRDITED de la Montérégie-Est,0,10,7,0.0
2015-2016,CRDITED de la Montérégie-Est,0,10,8,0.0
2015-2016,CRDITED de la Montérégie-Est,0,10,9,740.0
2015-2016,CRDITED de la Montérégie-Est,0,11,1,127.0
2015-2016,CRDITED de la Montérégie-Est,0,11,2,210.0
2015-2016,CRDITED de la Montérégie-Est,0,11,3,260.0
2015-2016,CRDITED de la Montérégie-Est,0,11,4,146.0
2015-2016,CRDITED de la Montérégie-Est,0,11,5,286.0
2015-2016,CRDITED de la Montérégie-Est,0,11,6,939.0
2015-2016,CRDITED de la Montérégie-Est,0,11,9,202.0
2015-2016,CRDITED de la Montérégie-Est,0,12,1,93.0
2015-2016,CRDITED de la Montérégie-Est,0,12,2,157.0
2015-2016,CRDITED de la Montérégie-Est,0,12,3,157.0
2015-2016,CRDITED de la Montérégie-Est,0,12,4,77.0
2015-2016,CRDITED de la Montérégie-Est,0,12,5,112.0
2015-2016,CRDITED de la Montérégie-Est,0,12,6,834.0
2015-2016,CRDITED de la Montérégie-Est,0,12,9,137.0
2015-2016,CRDITED de la Montérégie-Est,0,13,1,158.0
2015-2016,CRDITED de la Montérégie-Est,0,13,2,460.0
2015-2016,CRDITED de la Montérégie-Est,0,13,3,95.0
2015-2016,CRDITED de la Montérégie-Est,0,13,4,27.0
2015-2016,CRDITED de la Montérégie-Est,0,13,5,34.0
2015-2016,CRDITED de la Montérégie-Est,0,13,6,7.0
2015-2016,CRDITED de la Montérégie-Est,0,13,7,0.0
2015-2016,CRDITED de la Montérégie-Est,0,13,8,0.0
2015-2016,CRDITED de la Montérégie-Est,0,13,9,781.0
2015-2016,CRDITED de la Montérégie-Est,0,14,1,127.0
2015-2016,CRDITED de la Montérégie-Est,0,14,2,210.0
2015-2016,CRDITED de la Montérégie-Est,0,14,3,275.0
2015-2016,CRDITED de la Montérégie-Est,0,14,4,251.0
2015-2016,CRDITED de la Montérégie-Est,0,14,5,699.0
2015-2016,CRDITED de la Montérégie-Est,0,14,6,1203.0
2015-2016,CRDITED de la Montérégie-Est,0,14,9,233.0
2015-2016,CRDITED de la Montérégie-Est,0,15,1,97.0
2015-2016,CRDITED de la Montérégie-Est,0,15,2,158.0
2015-2016,CRDITED de la Montérégie-Est,0,15,3,155.0
2015-2016,CRDITED de la Montérégie-Est,0,15,4,80.0
2015-2016,CRDITED de la Montérégie-Est,0,15,5,307.0
2015-2016,CRDITED de la Montérégie-Est,0,15,6,1096.0
2015-2016,CRDITED de la Montérégie-Est,0,15,9,141.0
2015-2016,CRDITED du Bas-St-Laurent,0,1,1,0.0
2015-2016,CRDITED du Bas-St-Laurent,0,1,2,0.0
2015-2016,CRDITED du Bas-St-Laurent,0,1,3,0.0
2015-2016,CRDITED du Bas-St-Laurent,0,1,4,0.0
2015-2016,CRDITED du Bas-St-Laurent,0,1,5,1.0
2015-2016,CRDITED du Bas-St-Laurent,0,1,6,1.0
2015-2016,CRDITED du Bas-St-Laurent,0,1,7,0.0
2015-2016,CRDITED du Bas-St-Laurent,0,1,8,0.0
2015-2016,CRDITED du Bas-St-Laurent,0,1,9,2.0
2015-2016,CRDITED du Bas-St-Laurent,0,2,5,814.0
2015-2016,CRDITED du Bas-St-Laurent,0,2,6,267.0
2015-2016,CRDITED du Bas-St-Laurent,0,2,9,541.0
2015-2016,CRDITED du Bas-St-Laurent,0,3,5,814.0
2015-2016,CRDITED du Bas-St-Laurent,0,3,6,267.0
2015-2016,CRDITED du Bas-St-Laurent,0,3,9,541.0
2015-2016,CRDITED du Bas-St-Laurent,0,4,1,0.0
2015-2016,CRDITED du Bas-St-Laurent,0,4,2,0.0
2015-2016,CRDITED du Bas-St-Laurent,0,4,3,1.0
2015-2016,CRDITED du Bas-St-Laurent,0,4,4,1.0
2015-2016,CRDITED du Bas-St-Laurent,0,4,5,0.0
2015-2016,CRDITED du Bas-St-Laurent,0,4,6,0.0
2015-2016,CRDITED du Bas-St-Laurent,0,4,7,0.0
2015-2016,CRDITED du Bas-St-Laurent,0,4,8,0.0
2015-2016,CRDITED du Bas-St-Laurent,0,4,9,2.0
2015-2016,CRDITED du Bas-St-Laurent,0,5,3,382.0
2015-2016,CRDITED du Bas-St-Laurent,0,5,4,235.0
2015-2016,CRDITED du Bas-St-Laurent,0,5,9,309.0
2015-2016,CRDITED du Bas-St-Laurent,0,6,3,382.0
2015-2016,CRDITED du Bas-St-Laurent,0,6,4,235.0
2015-2016,CRDITED du Bas-St-Laurent,0,6,9,309.0
2015-2016,CRDITED du Bas-St-Laurent,0,7,1,0.0
2015-2016,CRDITED du Bas-St-Laurent,0,7,2,0.0
2015-2016,CRDITED du Bas-St-Laurent,0,7,3,2.0
2015-2016,CRDITED du Bas-St-Laurent,0,7,4,1.0
2015-2016,CRDITED du Bas-St-Laurent,0,7,5,1.0
2015-2016,CRDITED du Bas-St-Laurent,0,7,6,0.0
2015-2016,CRDITED du Bas-St-Laurent,0,7,7,0.0
2015-2016,CRDITED du Bas-St-Laurent,0,7,8,0.0
2015-2016,CRDITED du Bas-St-Laurent,0,7,9,4.0
2015-2016,CRDITED du Bas-St-Laurent,0,8,3,184.0
2015-2016,CRDITED du Bas-St-Laurent,0,8,4,235.0
2015-2016,CRDITED du Bas-St-Laurent,0,8,5,651.0
2015-2016,CRDITED du Bas-St-Laurent,0,8,9,314.0
2015-2016,CRDITED du Bas-St-Laurent,0,9,3,184.0
2015-2016,CRDITED du Bas-St-Laurent,0,9,4,235.0
2015-2016,CRDITED du Bas-St-Laurent,0,9,5,651.0
2015-2016,CRDITED du Bas-St-Laurent,0,9,9,263.0
2015-2016,CRDITED du Bas-St-Laurent,0,10,1,0.0
2015-2016,CRDITED du Bas-St-Laurent,0,10,2,6.0
2015-2016,CRDITED du Bas-St-Laurent,0,10,3,6.0
2015-2016,CRDITED du Bas-St-Laurent,0,10,4,1.0
2015-2016,CRDITED du Bas-St-Laurent,0,10,5,1.0
2015-2016,CRDITED du Bas-St-Laurent,0,10,6,0.0
2015-2016,CRDITED du Bas-St-Laurent,0,10,7,0.0
2015-2016,CRDITED du Bas-St-Laurent,0,10,8,0.0
2015-2016,CRDITED du Bas-St-Laurent,0,10,9,14.0
2015-2016,CRDITED du Bas-St-Laurent,0,11,2,107.0
2015-2016,CRDITED du Bas-St-Laurent,0,11,3,71.0
2015-2016,CRDITED du Bas-St-Laurent,0,11,4,318.0
2015-2016,CRDITED du Bas-St-Laurent,0,11,5,3.0
2015-2016,CRDITED du Bas-St-Laurent,0,11,9,99.0
2015-2016,CRDITED du Bas-St-Laurent,0,12,2,69.0
2015-2016,CRDITED du Bas-St-Laurent,0,12,3,20.0
2015-2016,CRDITED du Bas-St-Laurent,0,12,4,318.0
2015-2016,CRDITED du Bas-St-Laurent,0,12,5,3.0
2015-2016,CRDITED du Bas-St-Laurent,0,12,9,29.0
2015-2016,CRDITED du Bas-St-Laurent,0,13,1,0.0
2015-2016,CRDITED du Bas-St-Laurent,0,13,2,6.0
2015-2016,CRDITED du Bas-St-Laurent,0,13,3,9.0
2015-2016,CRDITED du Bas-St-Laurent,0,13,4,3.0
2015-2016,CRDITED du Bas-St-Laurent,0,13,5,3.0
2015-2016,CRDITED du Bas-St-Laurent,0,13,6,1.0
2015-2016,CRDITED du Bas-St-Laurent,0,13,7,0.0
2015-2016,CRDITED du Bas-St-Laurent,0,13,8,0.0
2015-2016,CRDITED du Bas-St-Laurent,0,13,9,22.0
2015-2016,CRDITED du Bas-St-Laurent,0,14,2,107.0
2015-2016,CRDITED du Bas-St-Laurent,0,14,3,130.0
2015-2016,CRDITED du Bas-St-Laurent,0,14,4,263.0
2015-2016,CRDITED du Bas-St-Laurent,0,14,5,489.0
2015-2016,CRDITED du Bas-St-Laurent,0,14,6,267.0
2015-2016,CRDITED du Bas-St-Laurent,0,14,9,197.0
2015-2016,CRDITED du Bas-St-Laurent,0,15,2,69.0
2015-2016,CRDITED du Bas-St-Laurent,0,15,3,73.0
2015-2016,CRDITED du Bas-St-Laurent,0,15,4,235.0
2015-2016,CRDITED du Bas-St-Laurent,0,15,5,651.0
2015-2016,CRDITED du Bas-St-Laurent,0,15,6,267.0
2015-2016,CRDITED du Bas-St-Laurent,0,15,9,146.0
2015-2016,CRDITED du SaguenayLac-St-Jean,0,1,1,0.0
2015-2016,CRDITED du SaguenayLac-St-Jean,0,1,2,0.0
2015-2016,CRDITED du SaguenayLac-St-Jean,0,1,3,0.0
2015-2016,CRDITED du SaguenayLac-St-Jean,0,1,4,1.0
2015-2016,CRDITED du SaguenayLac-St-Jean,0,1,5,2.0
2015-2016,CRDITED du SaguenayLac-St-Jean,0,1,6,0.0
2015-2016,CRDITED du SaguenayLac-St-Jean,0,1,7,0.0
2015-2016,CRDITED du SaguenayLac-St-Jean,0,1,8,0.0
2015-2016,CRDITED du SaguenayLac-St-Jean,0,1,9,3.0
2015-2016,CRDITED du SaguenayLac-St-Jean,0,2,1,0.0
2015-2016,CRDITED du SaguenayLac-St-Jean,0,2,2,0.0
2015-2016,CRDITED du SaguenayLac-St-Jean,0,2,3,0.0
2015-2016,CRDITED du SaguenayLac-St-Jean,0,2,4,673.0
2015-2016,CRDITED du SaguenayLac-St-Jean,0,2,5,71.0
2015-2016,CRDITED du SaguenayLac-St-Jean,0,2,6,0.0
2015-2016,CRDITED du SaguenayLac-St-Jean,0,2,7,0.0
2015-2016,CRDITED du SaguenayLac-St-Jean,0,2,8,0.0
2015-2016,CRDITED du SaguenayLac-St-Jean,0,2,9,272.0
2015-2016,CRDITED du SaguenayLac-St-Jean,0,3,1,0.0
2015-2016,CRDITED du SaguenayLac-St-Jean,0,3,2,0.0
2015-2016,CRDITED du SaguenayLac-St-Jean,0,3,3,0.0
2015-2016,CRDITED du SaguenayLac-St-Jean,0,3,4,673.0
2015-2016,CRDITED du SaguenayLac-St-Jean,0,3,5,71.0
2015-2016,CRDITED du SaguenayLac-St-Jean,0,3,6,0.0
2015-2016,CRDITED du SaguenayLac-St-Jean,0,3,7,0.0
2015-2016,CRDITED du SaguenayLac-St-Jean,0,3,8,0.0
2015-2016,CRDITED du SaguenayLac-St-Jean,0,3,9,120.0
2015-2016,CRDITED du SaguenayLac-St-Jean,0,4,1,0.0
2015-2016,CRDITED du SaguenayLac-St-Jean,0,4,2,0.0
2015-2016,CRDITED du SaguenayLac-St-Jean,0,4,3,0.0
2015-2016,CRDITED du SaguenayLac-St-Jean,0,4,4,3.0
2015-2016,CRDITED du SaguenayLac-St-Jean,0,4,5,1.0
2015-2016,CRDITED du SaguenayLac-St-Jean,0,4,6,0.0
2015-2016,CRDITED du SaguenayLac-St-Jean,0,4,7,0.0
2015-2016,CRDITED du SaguenayLac-St-Jean,0,4,8,0.0
2015-2016,CRDITED du SaguenayLac-St-Jean,0,4,9,4.0
2015-2016,CRDITED du SaguenayLac-St-Jean,0,5,1,0.0
2015-2016,CRDITED du SaguenayLac-St-Jean,0,5,2,0.0
2015-2016,CRDITED du SaguenayLac-St-Jean,0,5,3,0.0
2015-2016,CRDITED du SaguenayLac-St-Jean,0,5,4,93.0
2015-2016,CRDITED du SaguenayLac-St-Jean,0,5,5,35.0
2015-2016,CRDITED du SaguenayLac-St-Jean,0,5,6,0.0
2015-2016,CRDITED du SaguenayLac-St-Jean,0,5,7,0.0
2015-2016,CRDITED du SaguenayLac-St-Jean,0,5,8,0.0
2015-2016,CRDITED du SaguenayLac-St-Jean,0,5,9,78.0
2015-2016,CRDITED du SaguenayLac-St-Jean,0,6,1,0.0
2015-2016,CRDITED du SaguenayLac-St-Jean,0,6,2,0.0
2015-2016,CRDITED du SaguenayLac-St-Jean,0,6,3,0.0
2015-2016,CRDITED du SaguenayLac-St-Jean,0,6,4,102.0
2015-2016,CRDITED du SaguenayLac-St-Jean,0,6,5,35.0
2015-2016,CRDITED du SaguenayLac-St-Jean,0,6,6,0.0
2015-2016,CRDITED du SaguenayLac-St-Jean,0,6,7,0.0
2015-2016,CRDITED du SaguenayLac-St-Jean,0,6,8,0.0
2015-2016,CRDITED du SaguenayLac-St-Jean,0,6,9,81.0
2015-2016,CRDITED du SaguenayLac-St-Jean,0,7,1,0.0
2015-2016,CRDITED du SaguenayLac-St-Jean,0,7,2,1.0
2015-2016,CRDITED du SaguenayLac-St-Jean,0,7,3,0.0
2015-2016,CRDITED du SaguenayLac-St-Jean,0,7,4,0.0
2015-2016,CRDITED du SaguenayLac-St-Jean,0,7,5,0.0
2015-2016,CRDITED du SaguenayLac-St-Jean,0,7,6,0.0
2015-2016,CRDITED du SaguenayLac-St-Jean,0,7,7,0.0
2015-2016,CRDITED du SaguenayLac-St-Jean,0,7,8,0.0
2015-2016,CRDITED du SaguenayLac-St-Jean,0,7,9,1.0
2015-2016,CRDITED du SaguenayLac-St-Jean,0,8,1,0.0
2015-2016,CRDITED du SaguenayLac-St-Jean,0,8,2,52.0
2015-2016,CRDITED du SaguenayLac-St-Jean,0,8,3,0.0
2015-2016,CRDITED du SaguenayLac-St-Jean,0,8,4,0.0
2015-2016,CRDITED du SaguenayLac-St-Jean,0,8,5,0.0
2015-2016,CRDITED du SaguenayLac-St-Jean,0,8,6,0.0
2015-2016,CRDITED du SaguenayLac-St-Jean,0,8,7,0.0
2015-2016,CRDITED du SaguenayLac-St-Jean,0,8,8,0.0
2015-2016,CRDITED du SaguenayLac-St-Jean,0,8,9,52.0
2015-2016,CRDITED du SaguenayLac-St-Jean,0,9,1,0.0
2015-2016,CRDITED du SaguenayLac-St-Jean,0,9,2,52.0
2015-2016,CRDITED du SaguenayLac-St-Jean,0,9,3,0.0
2015-2016,CRDITED du SaguenayLac-St-Jean,0,9,4,0.0
2015-2016,CRDITED du SaguenayLac-St-Jean,0,9,5,0.0
2015-2016,CRDITED du SaguenayLac-St-Jean,0,9,6,0.0
2015-2016,CRDITED du SaguenayLac-St-Jean,0,9,7,0.0
2015-2016,CRDITED du SaguenayLac-St-Jean,0,9,8,0.0
2015-2016,CRDITED du SaguenayLac-St-Jean,0,9,9,52.0
2015-2016,CRDITED du SaguenayLac-St-Jean,0,10,1,3.0
2015-2016,CRDITED du SaguenayLac-St-Jean,0,10,2,2.0
2015-2016,CRDITED du SaguenayLac-St-Jean,0,10,3,2.0
2015-2016,CRDITED du SaguenayLac-St-Jean,0,10,4,3.0
2015-2016,CRDITED du SaguenayLac-St-Jean,0,10,5,2.0
2015-2016,CRDITED du SaguenayLac-St-Jean,0,10,6,0.0
2015-2016,CRDITED du SaguenayLac-St-Jean,0,10,7,0.0
2015-2016,CRDITED du SaguenayLac-St-Jean,0,10,8,0.0
2015-2016,CRDITED du SaguenayLac-St-Jean,0,10,9,12.0
2015-2016,CRDITED du SaguenayLac-St-Jean,0,11,1,24.0
2015-2016,CRDITED du SaguenayLac-St-Jean,0,11,2,51.0
2015-2016,CRDITED du SaguenayLac-St-Jean,0,11,3,54.0
2015-2016,CRDITED du SaguenayLac-St-Jean,0,11,4,33.0
2015-2016,CRDITED du SaguenayLac-St-Jean,0,11,5,15.0
2015-2016,CRDITED du SaguenayLac-St-Jean,0,11,6,0.0
2015-2016,CRDITED du SaguenayLac-St-Jean,0,11,7,0.0
2015-2016,CRDITED du SaguenayLac-St-Jean,0,11,8,0.0
2015-2016,CRDITED du SaguenayLac-St-Jean,0,11,9,34.0
2015-2016,CRDITED du SaguenayLac-St-Jean,0,12,1,16.0
2015-2016,CRDITED du SaguenayLac-St-Jean,0,12,2,51.0
2015-2016,CRDITED du SaguenayLac-St-Jean,0,12,3,54.0
2015-2016,CRDITED du SaguenayLac-St-Jean,0,12,4,29.0
2015-2016,CRDITED du SaguenayLac-St-Jean,0,12,5,15.0
2015-2016,CRDITED du SaguenayLac-St-Jean,0,12,6,0.0
2015-2016,CRDITED du SaguenayLac-St-Jean,0,12,7,0.0
2015-2016,CRDITED du SaguenayLac-St-Jean,0,12,8,0.0
2015-2016,CRDITED du SaguenayLac-St-Jean,0,12,9,25.0
2015-2016,CRDITED du SaguenayLac-St-Jean,0,13,1,3.0
2015-2016,CRDITED du SaguenayLac-St-Jean,0,13,2,3.0
2015-2016,CRDITED du SaguenayLac-St-Jean,0,13,3,2.0
2015-2016,CRDITED du SaguenayLac-St-Jean,0,13,4,7.0
2015-2016,CRDITED du SaguenayLac-St-Jean,0,13,5,5.0
2015-2016,CRDITED du SaguenayLac-St-Jean,0,13,6,0.0
2015-2016,CRDITED du SaguenayLac-St-Jean,0,13,7,0.0
2015-2016,CRDITED du SaguenayLac-St-Jean,0,13,8,0.0
2015-2016,CRDITED du SaguenayLac-St-Jean,0,13,9,20.0
2015-2016,CRDITED du SaguenayLac-St-Jean,0,14,1,24.0
2015-2016,CRDITED du SaguenayLac-St-Jean,0,14,2,51.0
2015-2016,CRDITED du SaguenayLac-St-Jean,0,14,3,54.0
2015-2016,CRDITED du SaguenayLac-St-Jean,0,14,4,150.0
2015-2016,CRDITED du SaguenayLac-St-Jean,0,14,5,41.0
2015-2016,CRDITED du SaguenayLac-St-Jean,0,14,6,0.0
2015-2016,CRDITED du SaguenayLac-St-Jean,0,14,7,0.0
2015-2016,CRDITED du SaguenayLac-St-Jean,0,14,8,0.0
2015-2016,CRDITED du SaguenayLac-St-Jean,0,14,9,79.0
2015-2016,CRDITED du SaguenayLac-St-Jean,0,15,1,16.0
2015-2016,CRDITED du SaguenayLac-St-Jean,0,15,2,52.0
2015-2016,CRDITED du SaguenayLac-St-Jean,0,15,3,54.0
2015-2016,CRDITED du SaguenayLac-St-Jean,0,15,4,60.0
2015-2016,CRDITED du SaguenayLac-St-Jean,0,15,5,22.0
2015-2016,CRDITED du SaguenayLac-St-Jean,0,15,6,0.0
2015-2016,CRDITED du SaguenayLac-St-Jean,0,15,7,0.0
2015-2016,CRDITED du SaguenayLac-St-Jean,0,15,8,0.0
2015-2016,CRDITED du SaguenayLac-St-Jean,0,15,9,52.0
2015-2016,CSSS de Charlevoix,0,1,6,1.0
2015-2016,CSSS de Charlevoix,0,1,9,1.0
2015-2016,CSSS de Charlevoix,0,2,6,10.0
2015-2016,CSSS de Charlevoix,0,2,9,10.0
2015-2016,CSSS de Charlevoix,0,3,6,10.0
2015-2016,CSSS de Charlevoix,0,3,9,10.0
2015-2016,CSSS de Charlevoix,0,10,5,1.0
2015-2016,CSSS de Charlevoix,0,10,9,1.0
2015-2016,CSSS de Charlevoix,0,11,5,129.0
2015-2016,CSSS de Charlevoix,0,11,9,129.0
2015-2016,CSSS de Charlevoix,0,12,5,129.0
2015-2016,CSSS de Charlevoix,0,12,9,129.0
2015-2016,CSSS de Charlevoix,0,13,5,1.0
2015-2016,CSSS de Charlevoix,0,13,6,1.0
2015-2016,CSSS de Charlevoix,0,13,9,2.0
2015-2016,CSSS de Charlevoix,0,14,5,129.0
2015-2016,CSSS de Charlevoix,0,14,6,10.0
2015-2016,CSSS de Charlevoix,0,14,9,70.0
2015-2016,CSSS de Charlevoix,0,15,5,129.0
2015-2016,CSSS de Charlevoix,0,15,6,10.0
2015-2016,CSSS de Charlevoix,0,15,9,70.0
2015-2016,Centre Miriam,0,1,1,0.0
2015-2016,Centre Miriam,0,1,2,0.0
2015-2016,Centre Miriam,0,1,3,0.0
2015-2016,Centre Miriam,0,1,4,0.0
2015-2016,Centre Miriam,0,1,5,0.0
2015-2016,Centre Miriam,0,1,6,2.0
2015-2016,Centre Miriam,0,1,7,0.0
2015-2016,Centre Miriam,0,1,8,0.0
2015-2016,Centre Miriam,0,1,9,2.0
2015-2016,Centre Miriam,0,2,6,1425.0
2015-2016,Centre Miriam,0,2,9,1425.0
2015-2016,Centre Miriam,0,3,6,1425.0
2015-2016,Centre Miriam,0,3,9,1425.0
2015-2016,Centre Miriam,0,4,1,0.0
2015-2016,Centre Miriam,0,4,2,0.0
2015-2016,Centre Miriam,0,4,3,0.0
2015-2016,Centre Miriam,0,4,4,1.0
2015-2016,Centre Miriam,0,4,5,1.0
2015-2016,Centre Miriam,0,4,6,1.0
2015-2016,Centre Miriam,0,4,7,0.0
2015-2016,Centre Miriam,0,4,8,0.0
2015-2016,Centre Miriam,0,4,9,3.0
2015-2016,Centre Miriam,0,5,4,427.0
2015-2016,Centre Miriam,0,5,5,37.0
2015-2016,Centre Miriam,0,5,6,1314.0
2015-2016,Centre Miriam,0,5,9,593.0
2015-2016,Centre Miriam,0,6,4,427.0
2015-2016,Centre Miriam,0,6,5,37.0
2015-2016,Centre Miriam,0,6,6,1314.0
2015-2016,Centre Miriam,0,6,9,427.0
2015-2016,Centre Miriam,0,7,1,1.0
2015-2016,Centre Miriam,0,7,2,7.0
2015-2016,Centre Miriam,0,7,3,9.0
2015-2016,Centre Miriam,0,7,4,10.0
2015-2016,Centre Miriam,0,7,5,3.0
2015-2016,Centre Miriam,0,7,6,0.0
2015-2016,Centre Miriam,0,7,7,0.0
2015-2016,Centre Miriam,0,7,8,0.0
2015-2016,Centre Miriam,0,7,9,30.0
2015-2016,Centre Miriam,0,8,1,315.0
2015-2016,Centre Miriam,0,8,2,324.0
2015-2016,Centre Miriam,0,8,3,379.0
2015-2016,Centre Miriam,0,8,4,536.0
2015-2016,Centre Miriam,0,8,5,352.0
2015-2016,Centre Miriam,0,8,9,414.0
2015-2016,Centre Miriam,0,9,1,315.0
2015-2016,Centre Miriam,0,9,2,311.0
2015-2016,Centre Miriam,0,9,3,189.0
2015-2016,Centre Miriam,0,9,4,270.0
2015-2016,Centre Miriam,0,9,5,238.0
2015-2016,Centre Miriam,0,9,9,270.0
2015-2016,Centre Miriam,0,10,1,12.0
2015-2016,Centre Miriam,0,10,2,68.0
2015-2016,Centre Miriam,0,10,3,26.0
2015-2016,Centre Miriam,0,10,4,6.0
2015-2016,Centre Miriam,0,10,5,3.0
2015-2016,Centre Miriam,0,10,6,0.0
2015-2016,Centre Miriam,0,10,7,0.0
2015-2016,Centre Miriam,0,10,8,0.0
2015-2016,Centre Miriam,0,10,9,115.0
2015-2016,Centre Miriam,0,11,1,141.0
2015-2016,Centre Miriam,0,11,2,130.0
2015-2016,Centre Miriam,0,11,3,148.0
2015-2016,Centre Miriam,0,11,4,260.0
2015-2016,Centre Miriam,0,11,5,37.0
2015-2016,Centre Miriam,0,11,9,142.0
2015-2016,Centre Miriam,0,12,1,107.0
2015-2016,Centre Miriam,0,12,2,109.0
2015-2016,Centre Miriam,0,12,3,115.0
2015-2016,Centre Miriam,0,12,4,258.0
2015-2016,Centre Miriam,0,12,5,37.0
2015-2016,Centre Miriam,0,12,9,115.0
2015-2016,Centre Miriam,0,13,1,13.0
2015-2016,Centre Miriam,0,13,2,75.0
2015-2016,Centre Miriam,0,13,3,35.0
2015-2016,Centre Miriam,0,13,4,17.0
2015-2016,Centre Miriam,0,13,5,7.0
2015-2016,Centre Miriam,0,13,6,3.0
2015-2016,Centre Miriam,0,13,7,0.0
2015-2016,Centre Miriam,0,13,8,0.0
2015-2016,Centre Miriam,0,13,9,150.0
2015-2016,Centre Miriam,0,14,1,154.0
2015-2016,Centre Miriam,0,14,2,148.0
2015-2016,Centre Miriam,0,14,3,208.0
2015-2016,Centre Miriam,0,14,4,432.0
2015-2016,Centre Miriam,0,14,5,226.0
2015-2016,Centre Miriam,0,14,6,1388.0
2015-2016,Centre Miriam,0,14,9,223.0
2015-2016,Centre Miriam,0,15,1,130.0
2015-2016,Centre Miriam,0,15,2,114.0
2015-2016,Centre Miriam,0,15,3,142.0
2015-2016,Centre Miriam,0,15,4,261.0
2015-2016,Centre Miriam,0,15,5,59.0
2015-2016,Centre Miriam,0,15,6,1314.0
2015-2016,Centre Miriam,0,15,9,131.0
2015-2016,Centre du Florès,0,1,4,1.0
2015-2016,Centre du Florès,0,1,5,3.0
2015-2016,Centre du Florès,0,1,6,1.0
2015-2016,Centre du Florès,0,1,9,5.0
2015-2016,Centre du Florès,0,2,4,318.0
2015-2016,Centre du Florès,0,2,5,494.0
2015-2016,Centre du Florès,0,2,6,2341.0
2015-2016,Centre du Florès,0,2,9,828.0
2015-2016,Centre du Florès,0,3,4,318.0
2015-2016,Centre du Florès,0,3,5,617.0
2015-2016,Centre du Florès,0,3,6,2341.0
2015-2016,Centre du Florès,0,3,9,617.0
2015-2016,Centre du Florès,0,4,3,2.0
2015-2016,Centre du Florès,0,4,4,8.0
2015-2016,Centre du Florès,0,4,5,9.0
2015-2016,Centre du Florès,0,4,9,19.0
2015-2016,Centre du Florès,0,5,3,122.0
2015-2016,Centre du Florès,0,5,4,308.0
2015-2016,Centre du Florès,0,5,5,547.0
2015-2016,Centre du Florès,0,5,9,402.0
2015-2016,Centre du Florès,0,6,3,122.0
2015-2016,Centre du Florès,0,6,4,199.0
2015-2016,Centre du Florès,0,6,5,443.0
2015-2016,Centre du Florès,0,6,9,360.0
2015-2016,Centre du Florès,0,7,2,8.0
2015-2016,Centre du Florès,0,7,3,3.0
2015-2016,Centre du Florès,0,7,4,7.0
2015-2016,Centre du Florès,0,7,5,9.0
2015-2016,Centre du Florès,0,7,6,2.0
2015-2016,Centre du Florès,0,7,9,29.0
2015-2016,Centre du Florès,0,8,2,297.0
2015-2016,Centre du Florès,0,8,3,528.0
2015-2016,Centre du Florès,0,8,4,486.0
2015-2016,Centre du Florès,0,8,5,920.0
2015-2016,Centre du Florès,0,8,6,2054.0
2015-2016,Centre du Florès,0,8,9,681.0
2015-2016,Centre du Florès,0,9,2,131.0
2015-2016,Centre du Florès,0,9,3,426.0
2015-2016,Centre du Florès,0,9,4,477.0
2015-2016,Centre du Florès,0,9,5,776.0
2015-2016,Centre du Florès,0,9,6,2054.0
2015-2016,Centre du Florès,0,9,9,617.0
2015-2016,Centre du Florès,0,10,1,16.0
2015-2016,Centre du Florès,0,10,2,23.0
2015-2016,Centre du Florès,0,10,3,9.0
2015-2016,Centre du Florès,0,10,4,6.0
2015-2016,Centre du Florès,0,10,5,6.0
2015-2016,Centre du Florès,0,10,6,3.0
2015-2016,Centre du Florès,0,10,9,63.0
2015-2016,Centre du Florès,0,11,1,144.0
2015-2016,Centre du Florès,0,11,2,117.0
2015-2016,Centre du Florès,0,11,3,131.0
2015-2016,Centre du Florès,0,11,4,204.0
2015-2016,Centre du Florès,0,11,5,791.0
2015-2016,Centre du Florès,0,11,6,1382.0
2015-2016,Centre du Florès,0,11,9,259.0
2015-2016,Centre du Florès,0,12,1,128.0
2015-2016,Centre du Florès,0,12,2,64.0
2015-2016,Centre du Florès,0,12,3,72.0
2015-2016,Centre du Florès,0,12,4,184.0
2015-2016,Centre du Florès,0,12,5,348.0
2015-2016,Centre du Florès,0,12,6,1767.0
2015-2016,Centre du Florès,0,12,9,133.0
2015-2016,Centre du Florès,0,13,1,16.0
2015-2016,Centre du Florès,0,13,2,31.0
2015-2016,Centre du Florès,0,13,3,14.0
2015-2016,Centre du Florès,0,13,4,22.0
2015-2016,Centre du Florès,0,13,5,27.0
2015-2016,Centre du Florès,0,13,6,6.0
2015-2016,Centre du Florès,0,13,9,116.0
2015-2016,Centre du Florès,0,14,1,144.0
2015-2016,Centre du Florès,0,14,2,164.0
2015-2016,Centre du Florès,0,14,3,215.0
2015-2016,Centre du Florès,0,14,4,337.0
2015-2016,Centre du Florès,0,14,5,720.0
2015-2016,Centre du Florès,0,14,6,1766.0
2015-2016,Centre du Florès,0,14,9,412.0
2015-2016,Centre du Florès,0,15,1,128.0
2015-2016,Centre du Florès,0,15,2,71.0
2015-2016,Centre du Florès,0,15,3,139.0
2015-2016,Centre du Florès,0,15,4,199.0
2015-2016,Centre du Florès,0,15,5,617.0
2015-2016,Centre du Florès,0,15,6,2054.0
2015-2016,Centre du Florès,0,15,9,187.0
2015-2016,Pavillon du Parc,0,1,4,1.0
2015-2016,Pavillon du Parc,0,1,5,2.0
2015-2016,Pavillon du Parc,0,1,9,3.0
2015-2016,Pavillon du Parc,0,2,4,326.0
2015-2016,Pavillon du Parc,0,2,5,167.0
2015-2016,Pavillon du Parc,0,2,9,220.0
2015-2016,Pavillon du Parc,0,3,4,326.0
2015-2016,Pavillon du Parc,0,3,5,167.0
2015-2016,Pavillon du Parc,0,3,9,291.0
2015-2016,Pavillon du Parc,0,4,4,1.0
2015-2016,Pavillon du Parc,0,4,9,1.0
2015-2016,Pavillon du Parc,0,5,4,366.0
2015-2016,Pavillon du Parc,0,5,9,366.0
2015-2016,Pavillon du Parc,0,6,4,366.0
2015-2016,Pavillon du Parc,0,6,9,366.0
2015-2016,Pavillon du Parc,0,7,2,2.0
2015-2016,Pavillon du Parc,0,7,3,6.0
2015-2016,Pavillon du Parc,0,7,4,3.0
2015-2016,Pavillon du Parc,0,7,5,4.0
2015-2016,Pavillon du Parc,0,7,9,15.0
2015-2016,Pavillon du Parc,0,8,2,167.0
2015-2016,Pavillon du Parc,0,8,3,532.0
2015-2016,Pavillon du Parc,0,8,4,1204.0
2015-2016,Pavillon du Parc,0,8,5,1076.0
2015-2016,Pavillon du Parc,0,8,9,763.0
2015-2016,Pavillon du Parc,0,9,2,167.0
2015-2016,Pavillon du Parc,0,9,3,154.0
2015-2016,Pavillon du Parc,0,9,4,1071.0
2015-2016,Pavillon du Parc,0,9,5,1188.0
2015-2016,Pavillon du Parc,0,9,9,437.0
2015-2016,Pavillon du Parc,0,10,1,15.0
2015-2016,Pavillon du Parc,0,10,2,54.0
2015-2016,Pavillon du Parc,0,10,3,12.0
2015-2016,Pavillon du Parc,0,10,4,5.0
2015-2016,Pavillon du Parc,0,10,5,5.0
2015-2016,Pavillon du Parc,0,10,9,91.0
2015-2016,Pavillon du Parc,0,11,1,42.0
2015-2016,Pavillon du Parc,0,11,2,117.0
2015-2016,Pavillon du Parc,0,11,3,280.0
2015-2016,Pavillon du Parc,0,11,4,80.0
2015-2016,Pavillon du Parc,0,11,5,201.0
2015-2016,Pavillon du Parc,0,11,9,129.0
2015-2016,Pavillon du Parc,0,12,1,46.0
2015-2016,Pavillon du Parc,0,12,2,90.0
2015-2016,Pavillon du Parc,0,12,3,157.0
2015-2016,Pavillon du Parc,0,12,4,86.0
2015-2016,Pavillon du Parc,0,12,5,140.0
2015-2016,Pavillon du Parc,0,12,9,85.0
2015-2016,Pavillon du Parc,0,13,1,15.0
2015-2016,Pavillon du Parc,0,13,2,56.0
2015-2016,Pavillon du Parc,0,13,3,18.0
2015-2016,Pavillon du Parc,0,13,4,10.0
2015-2016,Pavillon du Parc,0,13,5,11.0
2015-2016,Pavillon du Parc,0,13,9,110.0
2015-2016,Pavillon du Parc,0,14,1,42.0
2015-2016,Pavillon du Parc,0,14,2,119.0
2015-2016,Pavillon du Parc,0,14,3,364.0
2015-2016,Pavillon du Parc,0,14,4,471.0
2015-2016,Pavillon du Parc,0,14,5,513.0
2015-2016,Pavillon du Parc,0,14,9,220.0
2015-2016,Pavillon du Parc,0,15,1,46.0
2015-2016,Pavillon du Parc,0,15,2,90.0
2015-2016,Pavillon du Parc,0,15,3,154.0
2015-2016,Pavillon du Parc,0,15,4,124.0
2015-2016,Pavillon du Parc,0,15,5,344.0
2015-2016,Pavillon du Parc,0,15,9,98.0
2015-2016,Réadaptation du Sud-Ouest et du Renfort,0,1,4,6.0
2015-2016,Réadaptation du Sud-Ouest et du Renfort,0,1,5,1.0
2015-2016,Réadaptation du Sud-Ouest et du Renfort,0,1,9,7.0
2015-2016,Réadaptation du Sud-Ouest et du Renfort,0,2,4,141.0
2015-2016,Réadaptation du Sud-Ouest et du Renfort,0,2,5,345.0
2015-2016,Réadaptation du Sud-Ouest et du Renfort,0,2,9,170.0
2015-2016,Réadaptation du Sud-Ouest et du Renfort,0,3,4,73.0
2015-2016,Réadaptation du Sud-Ouest et du Renfort,0,3,5,345.0
2015-2016,Réadaptation du Sud-Ouest et du Renfort,0,3,9,107.0
2015-2016,Réadaptation du Sud-Ouest et du Renfort,0,4,3,7.0
2015-2016,Réadaptation du Sud-Ouest et du Renfort,0,4,4,16.0
2015-2016,Réadaptation du Sud-Ouest et du Renfort,0,4,5,2.0
2015-2016,Réadaptation du Sud-Ouest et du Renfort,0,4,9,25.0
2015-2016,Réadaptation du Sud-Ouest et du Renfort,0,5,3,38.0
2015-2016,Réadaptation du Sud-Ouest et du Renfort,0,5,4,98.0
2015-2016,Réadaptation du Sud-Ouest et du Renfort,0,5,5,45.0
2015-2016,Réadaptation du Sud-Ouest et du Renfort,0,5,9,77.0
2015-2016,Réadaptation du Sud-Ouest et du Renfort,0,6,3,16.0
2015-2016,Réadaptation du Sud-Ouest et du Renfort,0,6,4,68.0
2015-2016,Réadaptation du Sud-Ouest et du Renfort,0,6,5,45.0
2015-2016,Réadaptation du Sud-Ouest et du Renfort,0,6,9,52.0
2015-2016,Réadaptation du Sud-Ouest et du Renfort,0,7,1,1.0
2015-2016,Réadaptation du Sud-Ouest et du Renfort,0,7,2,8.0
2015-2016,Réadaptation du Sud-Ouest et du Renfort,0,7,3,2.0
2015-2016,Réadaptation du Sud-Ouest et du Renfort,0,7,4,3.0
2015-2016,Réadaptation du Sud-Ouest et du Renfort,0,7,5,5.0
2015-2016,Réadaptation du Sud-Ouest et du Renfort,0,7,9,19.0
2015-2016,Réadaptation du Sud-Ouest et du Renfort,0,8,1,25.0
2015-2016,Réadaptation du Sud-Ouest et du Renfort,0,8,2,100.0
2015-2016,Réadaptation du Sud-Ouest et du Renfort,0,8,3,881.0
2015-2016,Réadaptation du Sud-Ouest et du Renfort,0,8,4,599.0
2015-2016,Réadaptation du Sud-Ouest et du Renfort,0,8,5,628.0
2015-2016,Réadaptation du Sud-Ouest et du Renfort,0,8,9,396.0
2015-2016,Réadaptation du Sud-Ouest et du Renfort,0,9,1,25.0
2015-2016,Réadaptation du Sud-Ouest et du Renfort,0,9,2,86.0
2015-2016,Réadaptation du Sud-Ouest et du Renfort,0,9,3,881.0
2015-2016,Réadaptation du Sud-Ouest et du Renfort,0,9,4,345.0
2015-2016,Réadaptation du Sud-Ouest et du Renfort,0,9,5,849.0
2015-2016,Réadaptation du Sud-Ouest et du Renfort,0,9,9,135.0
2015-2016,Réadaptation du Sud-Ouest et du Renfort,0,10,1,37.0
2015-2016,Réadaptation du Sud-Ouest et du Renfort,0,10,2,318.0
2015-2016,Réadaptation du Sud-Ouest et du Renfort,0,10,3,64.0
2015-2016,Réadaptation du Sud-Ouest et du Renfort,0,10,4,14.0
2015-2016,Réadaptation du Sud-Ouest et du Renfort,0,10,5,11.0
2015-2016,Réadaptation du Sud-Ouest et du Renfort,0,10,6,2.0
2015-2016,Réadaptation du Sud-Ouest et du Renfort,0,10,9,446.0
2015-2016,Réadaptation du Sud-Ouest et du Renfort,0,11,1,87.0
2015-2016,Réadaptation du Sud-Ouest et du Renfort,0,11,2,192.0
2015-2016,Réadaptation du Sud-Ouest et du Renfort,0,11,3,178.0
2015-2016,Réadaptation du Sud-Ouest et du Renfort,0,11,4,123.0
2015-2016,Réadaptation du Sud-Ouest et du Renfort,0,11,5,120.0
2015-2016,Réadaptation du Sud-Ouest et du Renfort,0,11,6,155.0
2015-2016,Réadaptation du Sud-Ouest et du Renfort,0,11,9,177.0
2015-2016,Réadaptation du Sud-Ouest et du Renfort,0,12,1,63.0
2015-2016,Réadaptation du Sud-Ouest et du Renfort,0,12,2,180.0
2015-2016,Réadaptation du Sud-Ouest et du Renfort,0,12,3,125.0
2015-2016,Réadaptation du Sud-Ouest et du Renfort,0,12,4,79.0
2015-2016,Réadaptation du Sud-Ouest et du Renfort,0,12,5,156.0
2015-2016,Réadaptation du Sud-Ouest et du Renfort,0,12,6,155.0
2015-2016,Réadaptation du Sud-Ouest et du Renfort,0,12,9,155.0
2015-2016,Réadaptation du Sud-Ouest et du Renfort,0,13,1,38.0
2015-2016,Réadaptation du Sud-Ouest et du Renfort,0,13,2,326.0
2015-2016,Réadaptation du Sud-Ouest et du Renfort,0,13,3,73.0
2015-2016,Réadaptation du Sud-Ouest et du Renfort,0,13,4,39.0
2015-2016,Réadaptation du Sud-Ouest et du Renfort,0,13,5,19.0
2015-2016,Réadaptation du Sud-Ouest et du Renfort,0,13,6,2.0
2015-2016,Réadaptation du Sud-Ouest et du Renfort,0,13,9,497.0
2015-2016,Réadaptation du Sud-Ouest et du Renfort,0,14,1,85.0
2015-2016,Réadaptation du Sud-Ouest et du Renfort,0,14,2,190.0
2015-2016,Réadaptation du Sud-Ouest et du Renfort,0,14,3,184.0
2015-2016,Réadaptation du Sud-Ouest et du Renfort,0,14,4,152.0
2015-2016,Réadaptation du Sud-Ouest et du Renfort,0,14,5,258.0
2015-2016,Réadaptation du Sud-Ouest et du Renfort,0,14,6,155.0
2015-2016,Réadaptation du Sud-Ouest et du Renfort,0,14,9,180.0
2015-2016,Réadaptation du Sud-Ouest et du Renfort,0,15,1,63.0
2015-2016,Réadaptation du Sud-Ouest et du Renfort,0,15,2,177.0
2015-2016,Réadaptation du Sud-Ouest et du Renfort,0,15,3,119.0
2015-2016,Réadaptation du Sud-Ouest et du Renfort,0,15,4,72.0
2015-2016,Réadaptation du Sud-Ouest et du Renfort,0,15,5,168.0
2015-2016,Réadaptation du Sud-Ouest et du Renfort,0,15,6,155.0
2015-2016,Réadaptation du Sud-Ouest et du Renfort,0,15,9,142.0
2016-2017,CPR de la Côte-Nord,0,4,4,1.0
2016-2017,CPR de la Côte-Nord,0,4,9,1.0
2016-2017,CPR de la Côte-Nord,0,5,4,214.0
2016-2017,CPR de la Côte-Nord,0,5,9,214.0
2016-2017,CPR de la Côte-Nord,0,6,4,214.0
2016-2017,CPR de la Côte-Nord,0,6,9,214.0
2016-2017,CPR de la Côte-Nord,0,7,4,1.0
2016-2017,CPR de la Côte-Nord,0,7,9,1.0
2016-2017,CPR de la Côte-Nord,0,8,4,135.0
2016-2017,CPR de la Côte-Nord,0,8,9,135.0
2016-2017,CPR de la Côte-Nord,0,9,4,135.0
2016-2017,CPR de la Côte-Nord,0,9,9,135.0
2016-2017,CPR de la Côte-Nord,0,10,1,2.0
2016-2017,CPR de la Côte-Nord,0,10,2,10.0
2016-2017,CPR de la Côte-Nord,0,10,3,9.0
2016-2017,CPR de la Côte-Nord,0,10,5,1.0
2016-2017,CPR de la Côte-Nord,0,10,9,22.0
2016-2017,CPR de la Côte-Nord,0,11,1,194.0
2016-2017,CPR de la Côte-Nord,0,11,2,307.0
2016-2017,CPR de la Côte-Nord,0,11,3,248.0
2016-2017,CPR de la Côte-Nord,0,11,5,18.0
2016-2017,CPR de la Côte-Nord,0,11,9,260.0
2016-2017,CPR de la Côte-Nord,0,12,1,194.0
2016-2017,CPR de la Côte-Nord,0,12,2,272.0
2016-2017,CPR de la Côte-Nord,0,12,3,127.0
2016-2017,CPR de la Côte-Nord,0,12,5,18.0
2016-2017,CPR de la Côte-Nord,0,12,9,164.0
2016-2017,CPR de la Côte-Nord,0,13,1,2.0
2016-2017,CPR de la Côte-Nord,0,13,2,10.0
2016-2017,CPR de la Côte-Nord,0,13,3,9.0
2016-2017,CPR de la Côte-Nord,0,13,4,2.0
2016-2017,CPR de la Côte-Nord,0,13,5,1.0
2016-2017,CPR de la Côte-Nord,0,13,9,24.0
2016-2017,CPR de la Côte-Nord,0,14,1,194.0
2016-2017,CPR de la Côte-Nord,0,14,2,307.0
2016-2017,CPR de la Côte-Nord,0,14,3,248.0
2016-2017,CPR de la Côte-Nord,0,14,4,174.0
2016-2017,CPR de la Côte-Nord,0,14,5,18.0
2016-2017,CPR de la Côte-Nord,0,14,9,252.0
2016-2017,CPR de la Côte-Nord,0,15,1,194.0
2016-2017,CPR de la Côte-Nord,0,15,2,272.0
2016-2017,CPR de la Côte-Nord,0,15,3,127.0
2016-2017,CPR de la Côte-Nord,0,15,4,174.0
2016-2017,CPR de la Côte-Nord,0,15,5,18.0
2016-2017,CPR de la Côte-Nord,0,15,9,166.0
2016-2017,CR La Maison,0,10,1,14.0
2016-2017,CR La Maison,0,10,2,28.0
2016-2017,CR La Maison,0,10,3,10.0
2016-2017,CR La Maison,0,10,4,5.0
2016-2017,CR La Maison,0,10,5,5.0
2016-2017,CR La Maison,0,10,9,62.0
2016-2017,CR La Maison,0,11,1,90.0
2016-2017,CR La Maison,0,11,2,122.0
2016-2017,CR La Maison,0,11,3,147.0
2016-2017,CR La Maison,0,11,4,154.0
2016-2017,CR La Maison,0,11,5,290.0
2016-2017,CR La Maison,0,11,9,135.0
2016-2017,CR La Maison,0,12,1,70.0
2016-2017,CR La Maison,0,12,2,107.0
2016-2017,CR La Maison,0,12,3,152.0
2016-2017,CR La Maison,0,12,4,108.0
2016-2017,CR La Maison,0,12,5,257.0
2016-2017,CR La Maison,0,12,9,101.0
2016-2017,CR La Maison,0,13,1,14.0
2016-2017,CR La Maison,0,13,2,28.0
2016-2017,CR La Maison,0,13,3,10.0
2016-2017,CR La Maison,0,13,4,5.0
2016-2017,CR La Maison,0,13,5,5.0
2016-2017,CR La Maison,0,13,9,62.0
2016-2017,CR La Maison,0,14,1,90.0
2016-2017,CR La Maison,0,14,2,122.0
2016-2017,CR La Maison,0,14,3,147.0
2016-2017,CR La Maison,0,14,4,154.0
2016-2017,CR La Maison,0,14,5,290.0
2016-2017,CR La Maison,0,14,9,135.0
2016-2017,CR La Maison,0,15,1,70.0
2016-2017,CR La Maison,0,15,2,107.0
2016-2017,CR La Maison,0,15,3,152.0
2016-2017,CR La Maison,0,15,4,108.0
2016-2017,CR La Maison,0,15,5,257.0
2016-2017,CR La Maison,0,15,9,101.0
2016-2017,CR La Myriade,0,10,1,41.0
2016-2017,CR La Myriade,0,10,2,77.0
2016-2017,CR La Myriade,0,10,3,26.0
2016-2017,CR La Myriade,0,10,4,16.0
2016-2017,CR La Myriade,0,10,5,7.0
2016-2017,CR La Myriade,0,10,6,1.0
2016-2017,CR La Myriade,0,10,7,0.0
2016-2017,CR La Myriade,0,10,8,0.0
2016-2017,CR La Myriade,0,10,9,168.0
2016-2017,CR La Myriade,0,11,1,129.0
2016-2017,CR La Myriade,0,11,2,139.0
2016-2017,CR La Myriade,0,11,3,133.0
2016-2017,CR La Myriade,0,11,4,111.0
2016-2017,CR La Myriade,0,11,5,113.0
2016-2017,CR La Myriade,0,11,6,4.0
2016-2017,CR La Myriade,0,11,9,131.0
2016-2017,CR La Myriade,0,12,1,115.0
2016-2017,CR La Myriade,0,12,2,115.0
2016-2017,CR La Myriade,0,12,3,90.0
2016-2017,CR La Myriade,0,12,4,70.0
2016-2017,CR La Myriade,0,12,5,50.0
2016-2017,CR La Myriade,0,12,6,4.0
2016-2017,CR La Myriade,0,12,9,114.0
2016-2017,CR La Myriade,0,13,1,41.0
2016-2017,CR La Myriade,0,13,2,77.0
2016-2017,CR La Myriade,0,13,3,26.0
2016-2017,CR La Myriade,0,13,4,16.0
2016-2017,CR La Myriade,0,13,5,7.0
2016-2017,CR La Myriade,0,13,6,1.0
2016-2017,CR La Myriade,0,13,7,0.0
2016-2017,CR La Myriade,0,13,8,0.0
2016-2017,CR La Myriade,0,13,9,168.0
2016-2017,CR La Myriade,0,14,1,129.0
2016-2017,CR La Myriade,0,14,2,139.0
2016-2017,CR La Myriade,0,14,3,133.0
2016-2017,CR La Myriade,0,14,4,111.0
2016-2017,CR La Myriade,0,14,5,113.0
2016-2017,CR La Myriade,0,14,6,4.0
2016-2017,CR La Myriade,0,14,9,131.0
2016-2017,CR La Myriade,0,15,1,115.0
2016-2017,CR La Myriade,0,15,2,115.0
2016-2017,CR La Myriade,0,15,3,90.0
2016-2017,CR La Myriade,0,15,4,70.0
2016-2017,CR La Myriade,0,15,5,50.0
2016-2017,CR La Myriade,0,15,6,4.0
2016-2017,CR La Myriade,0,15,9,114.0
2016-2017,CR de l'Ouest de Montréal,0,1,1,0.0
2016-2017,CR de l'Ouest de Montréal,0,1,2,0.0
2016-2017,CR de l'Ouest de Montréal,0,1,3,0.0
2016-2017,CR de l'Ouest de Montréal,0,1,4,5.0
2016-2017,CR de l'Ouest de Montréal,0,1,5,12.0
2016-2017,CR de l'Ouest de Montréal,0,1,6,0.0
2016-2017,CR de l'Ouest de Montréal,0,1,7,0.0
2016-2017,CR de l'Ouest de Montréal,0,1,8,0.0
2016-2017,CR de l'Ouest de Montréal,0,1,9,17.0
2016-2017,CR de l'Ouest de Montréal,0,2,4,605.0
2016-2017,CR de l'Ouest de Montréal,0,2,5,1379.0
2016-2017,CR de l'Ouest de Montréal,0,2,9,1152.0
2016-2017,CR de l'Ouest de Montréal,0,3,4,212.0
2016-2017,CR de l'Ouest de Montréal,0,3,5,1462.0
2016-2017,CR de l'Ouest de Montréal,0,3,9,1222.0
2016-2017,CR de l'Ouest de Montréal,0,4,1,0.0
2016-2017,CR de l'Ouest de Montréal,0,4,2,0.0
2016-2017,CR de l'Ouest de Montréal,0,4,3,1.0
2016-2017,CR de l'Ouest de Montréal,0,4,4,12.0
2016-2017,CR de l'Ouest de Montréal,0,4,5,14.0
2016-2017,CR de l'Ouest de Montréal,0,4,6,0.0
2016-2017,CR de l'Ouest de Montréal,0,4,7,0.0
2016-2017,CR de l'Ouest de Montréal,0,4,8,0.0
2016-2017,CR de l'Ouest de Montréal,0,4,9,27.0
2016-2017,CR de l'Ouest de Montréal,0,5,3,764.0
2016-2017,CR de l'Ouest de Montréal,0,5,4,246.0
2016-2017,CR de l'Ouest de Montréal,0,5,5,926.0
2016-2017,CR de l'Ouest de Montréal,0,5,9,618.0
2016-2017,CR de l'Ouest de Montréal,0,6,3,764.0
2016-2017,CR de l'Ouest de Montréal,0,6,4,141.0
2016-2017,CR de l'Ouest de Montréal,0,6,5,915.0
2016-2017,CR de l'Ouest de Montréal,0,6,9,578.0
2016-2017,CR de l'Ouest de Montréal,0,7,1,6.0
2016-2017,CR de l'Ouest de Montréal,0,7,2,42.0
2016-2017,CR de l'Ouest de Montréal,0,7,3,27.0
2016-2017,CR de l'Ouest de Montréal,0,7,4,16.0
2016-2017,CR de l'Ouest de Montréal,0,7,5,24.0
2016-2017,CR de l'Ouest de Montréal,0,7,6,3.0
2016-2017,CR de l'Ouest de Montréal,0,7,7,0.0
2016-2017,CR de l'Ouest de Montréal,0,7,8,0.0
2016-2017,CR de l'Ouest de Montréal,0,7,9,118.0
2016-2017,CR de l'Ouest de Montréal,0,8,1,769.0
2016-2017,CR de l'Ouest de Montréal,0,8,2,1072.0
2016-2017,CR de l'Ouest de Montréal,0,8,3,1444.0
2016-2017,CR de l'Ouest de Montréal,0,8,4,1887.0
2016-2017,CR de l'Ouest de Montréal,0,8,5,2623.0
2016-2017,CR de l'Ouest de Montréal,0,8,6,3925.0
2016-2017,CR de l'Ouest de Montréal,0,8,9,1640.0
2016-2017,CR de l'Ouest de Montréal,0,9,1,808.0
2016-2017,CR de l'Ouest de Montréal,0,9,2,1122.0
2016-2017,CR de l'Ouest de Montréal,0,9,3,1095.0
2016-2017,CR de l'Ouest de Montréal,0,9,4,1452.0
2016-2017,CR de l'Ouest de Montréal,0,9,5,2492.0
2016-2017,CR de l'Ouest de Montréal,0,9,6,4182.0
2016-2017,CR de l'Ouest de Montréal,0,9,9,1245.0
2016-2017,CR de l'Ouest de Montréal,0,10,1,152.0
2016-2017,CR de l'Ouest de Montréal,0,10,2,410.0
2016-2017,CR de l'Ouest de Montréal,0,10,3,236.0
2016-2017,CR de l'Ouest de Montréal,0,10,4,68.0
2016-2017,CR de l'Ouest de Montréal,0,10,5,50.0
2016-2017,CR de l'Ouest de Montréal,0,10,6,5.0
2016-2017,CR de l'Ouest de Montréal,0,10,7,0.0
2016-2017,CR de l'Ouest de Montréal,0,10,8,0.0
2016-2017,CR de l'Ouest de Montréal,0,10,9,921.0
2016-2017,CR de l'Ouest de Montréal,0,11,1,305.0
2016-2017,CR de l'Ouest de Montréal,0,11,2,792.0
2016-2017,CR de l'Ouest de Montréal,0,11,3,1507.0
2016-2017,CR de l'Ouest de Montréal,0,11,4,1319.0
2016-2017,CR de l'Ouest de Montréal,0,11,5,924.0
2016-2017,CR de l'Ouest de Montréal,0,11,6,520.0
2016-2017,CR de l'Ouest de Montréal,0,11,9,940.0
2016-2017,CR de l'Ouest de Montréal,0,12,1,267.0
2016-2017,CR de l'Ouest de Montréal,0,12,2,684.0
2016-2017,CR de l'Ouest de Montréal,0,12,3,1323.0
2016-2017,CR de l'Ouest de Montréal,0,12,4,1325.0
2016-2017,CR de l'Ouest de Montréal,0,12,5,729.0
2016-2017,CR de l'Ouest de Montréal,0,12,6,716.0
2016-2017,CR de l'Ouest de Montréal,0,12,9,660.0
2016-2017,CR de l'Ouest de Montréal,0,13,1,158.0
2016-2017,CR de l'Ouest de Montréal,0,13,2,452.0
2016-2017,CR de l'Ouest de Montréal,0,13,3,264.0
2016-2017,CR de l'Ouest de Montréal,0,13,4,101.0
2016-2017,CR de l'Ouest de Montréal,0,13,5,100.0
2016-2017,CR de l'Ouest de Montréal,0,13,6,8.0
2016-2017,CR de l'Ouest de Montréal,0,13,7,0.0
2016-2017,CR de l'Ouest de Montréal,0,13,8,0.0
2016-2017,CR de l'Ouest de Montréal,0,13,9,1083.0
2016-2017,CR de l'Ouest de Montréal,0,14,1,323.0
2016-2017,CR de l'Ouest de Montréal,0,14,2,818.0
2016-2017,CR de l'Ouest de Montréal,0,14,3,1498.0
2016-2017,CR de l'Ouest de Montréal,0,14,4,1246.0
2016-2017,CR de l'Ouest de Montréal,0,14,5,1386.0
2016-2017,CR de l'Ouest de Montréal,0,14,6,1797.0
2016-2017,CR de l'Ouest de Montréal,0,14,9,1012.0
2016-2017,CR de l'Ouest de Montréal,0,15,1,284.0
2016-2017,CR de l'Ouest de Montréal,0,15,2,708.0
2016-2017,CR de l'Ouest de Montréal,0,15,3,1321.0
2016-2017,CR de l'Ouest de Montréal,0,15,4,1130.0
2016-2017,CR de l'Ouest de Montréal,0,15,5,973.0
2016-2017,CR de l'Ouest de Montréal,0,15,6,718.0
2016-2017,CR de l'Ouest de Montréal,0,15,9,722.0
2016-2017,CR de la Gaspésie,0,1,1,0.0
2016-2017,CR de la Gaspésie,0,1,2,0.0
2016-2017,CR de la Gaspésie,0,1,3,0.0
2016-2017,CR de la Gaspésie,0,1,4,0.0
2016-2017,CR de la Gaspésie,0,1,5,0.0
2016-2017,CR de la Gaspésie,0,1,6,0.0
2016-2017,CR de la Gaspésie,0,1,7,0.0
2016-2017,CR de la Gaspésie,0,1,8,0.0
2016-2017,CR de la Gaspésie,0,1,9,0.0
2016-2017,CR de la Gaspésie,0,2,1,0.0
2016-2017,CR de la Gaspésie,0,2,2,0.0
2016-2017,CR de la Gaspésie,0,2,3,0.0
2016-2017,CR de la Gaspésie,0,2,4,0.0
2016-2017,CR de la Gaspésie,0,2,5,0.0
2016-2017,CR de la Gaspésie,0,2,6,0.0
2016-2017,CR de la Gaspésie,0,2,7,0.0
2016-2017,CR de la Gaspésie,0,2,8,0.0
2016-2017,CR de la Gaspésie,0,2,9,0.0
2016-2017,CR de la Gaspésie,0,3,1,0.0
2016-2017,CR de la Gaspésie,0,3,2,0.0
2016-2017,CR de la Gaspésie,0,3,3,0.0
2016-2017,CR de la Gaspésie,0,3,4,0.0
2016-2017,CR de la Gaspésie,0,3,5,0.0
2016-2017,CR de la Gaspésie,0,3,6,0.0
2016-2017,CR de la Gaspésie,0,3,7,0.0
2016-2017,CR de la Gaspésie,0,3,8,0.0
2016-2017,CR de la Gaspésie,0,3,9,0.0
2016-2017,CR de la Gaspésie,0,4,1,0.0
2016-2017,CR de la Gaspésie,0,4,2,0.0
2016-2017,CR de la Gaspésie,0,4,3,0.0
2016-2017,CR de la Gaspésie,0,4,4,0.0
2016-2017,CR de la Gaspésie,0,4,5,0.0
2016-2017,CR de la Gaspésie,0,4,6,0.0
2016-2017,CR de la Gaspésie,0,4,7,0.0
2016-2017,CR de la Gaspésie,0,4,8,0.0
2016-2017,CR de la Gaspésie,0,4,9,0.0
2016-2017,CR de la Gaspésie,0,5,1,0.0
2016-2017,CR de la Gaspésie,0,5,2,0.0
2016-2017,CR de la Gaspésie,0,5,3,0.0
2016-2017,CR de la Gaspésie,0,5,4,0.0
2016-2017,CR de la Gaspésie,0,5,5,0.0
2016-2017,CR de la Gaspésie,0,5,6,0.0
2016-2017,CR de la Gaspésie,0,5,7,0.0
2016-2017,CR de la Gaspésie,0,5,8,0.0
2016-2017,CR de la Gaspésie,0,5,9,0.0
2016-2017,CR de la Gaspésie,0,6,1,0.0
2016-2017,CR de la Gaspésie,0,6,2,0.0
2016-2017,CR de la Gaspésie,0,6,3,0.0
2016-2017,CR de la Gaspésie,0,6,4,0.0
2016-2017,CR de la Gaspésie,0,6,5,0.0
2016-2017,CR de la Gaspésie,0,6,6,0.0
2016-2017,CR de la Gaspésie,0,6,7,0.0
2016-2017,CR de la Gaspésie,0,6,8,0.0
2016-2017,CR de la Gaspésie,0,6,9,0.0
2016-2017,CR de la Gaspésie,0,7,1,0.0
2016-2017,CR de la Gaspésie,0,7,2,0.0
2016-2017,CR de la Gaspésie,0,7,3,0.0
2016-2017,CR de la Gaspésie,0,7,4,0.0
2016-2017,CR de la Gaspésie,0,7,5,0.0
2016-2017,CR de la Gaspésie,0,7,6,0.0
2016-2017,CR de la Gaspésie,0,7,7,0.0
2016-2017,CR de la Gaspésie,0,7,8,0.0
2016-2017,CR de la Gaspésie,0,7,9,0.0
2016-2017,CR de la Gaspésie,0,8,1,0.0
2016-2017,CR de la Gaspésie,0,8,2,0.0
2016-2017,CR de la Gaspésie,0,8,3,0.0
2016-2017,CR de la Gaspésie,0,8,4,0.0
2016-2017,CR de la Gaspésie,0,8,5,0.0
2016-2017,CR de la Gaspésie,0,8,6,0.0
2016-2017,CR de la Gaspésie,0,8,7,0.0
2016-2017,CR de la Gaspésie,0,8,8,0.0
2016-2017,CR de la Gaspésie,0,8,9,0.0
2016-2017,CR de la Gaspésie,0,9,1,0.0
2016-2017,CR de la Gaspésie,0,9,2,0.0
2016-2017,CR de la Gaspésie,0,9,3,0.0
2016-2017,CR de la Gaspésie,0,9,4,0.0
2016-2017,CR de la Gaspésie,0,9,5,0.0
2016-2017,CR de la Gaspésie,0,9,6,0.0
2016-2017,CR de la Gaspésie,0,9,7,0.0
2016-2017,CR de la Gaspésie,0,9,8,0.0
2016-2017,CR de la Gaspésie,0,9,9,0.0
2016-2017,CR de la Gaspésie,0,10,1,2.0
2016-2017,CR de la Gaspésie,0,10,2,5.0
2016-2017,CR de la Gaspésie,0,10,3,4.0
2016-2017,CR de la Gaspésie,0,10,4,0.0
2016-2017,CR de la Gaspésie,0,10,5,0.0
2016-2017,CR de la Gaspésie,0,10,6,1.0
2016-2017,CR de la Gaspésie,0,10,7,0.0
2016-2017,CR de la Gaspésie,0,10,8,0.0
2016-2017,CR de la Gaspésie,0,10,9,12.0
2016-2017,CR de la Gaspésie,0,11,1,70.0
2016-2017,CR de la Gaspésie,0,11,2,127.0
2016-2017,CR de la Gaspésie,0,11,3,107.0
2016-2017,CR de la Gaspésie,0,11,4,0.0
2016-2017,CR de la Gaspésie,0,11,5,0.0
2016-2017,CR de la Gaspésie,0,11,6,119.0
2016-2017,CR de la Gaspésie,0,11,7,0.0
2016-2017,CR de la Gaspésie,0,11,8,0.0
2016-2017,CR de la Gaspésie,0,11,9,110.0
2016-2017,CR de la Gaspésie,0,12,1,70.0
2016-2017,CR de la Gaspésie,0,12,2,176.0
2016-2017,CR de la Gaspésie,0,12,3,84.0
2016-2017,CR de la Gaspésie,0,12,4,0.0
2016-2017,CR de la Gaspésie,0,12,5,0.0
2016-2017,CR de la Gaspésie,0,12,6,119.0
2016-2017,CR de la Gaspésie,0,12,7,0.0
2016-2017,CR de la Gaspésie,0,12,8,0.0
2016-2017,CR de la Gaspésie,0,12,9,105.0
2016-2017,CR de la Gaspésie,0,13,1,2.0
2016-2017,CR de la Gaspésie,0,13,2,5.0
2016-2017,CR de la Gaspésie,0,13,3,4.0
2016-2017,CR de la Gaspésie,0,13,4,0.0
2016-2017,CR de la Gaspésie,0,13,5,0.0
2016-2017,CR de la Gaspésie,0,13,6,1.0
2016-2017,CR de la Gaspésie,0,13,7,0.0
2016-2017,CR de la Gaspésie,0,13,8,0.0
2016-2017,CR de la Gaspésie,0,13,9,12.0
2016-2017,CR de la Gaspésie,0,14,1,70.0
2016-2017,CR de la Gaspésie,0,14,2,127.0
2016-2017,CR de la Gaspésie,0,14,3,107.0
2016-2017,CR de la Gaspésie,0,14,4,0.0
2016-2017,CR de la Gaspésie,0,14,5,0.0
2016-2017,CR de la Gaspésie,0,14,6,119.0
2016-2017,CR de la Gaspésie,0,14,7,0.0
2016-2017,CR de la Gaspésie,0,14,8,0.0
2016-2017,CR de la Gaspésie,0,14,9,110.0
2016-2017,CR de la Gaspésie,0,15,1,70.0
2016-2017,CR de la Gaspésie,0,15,2,176.0
2016-2017,CR de la Gaspésie,0,15,3,84.0
2016-2017,CR de la Gaspésie,0,15,4,0.0
2016-2017,CR de la Gaspésie,0,15,5,0.0
2016-2017,CR de la Gaspésie,0,15,6,119.0
2016-2017,CR de la Gaspésie,0,15,7,0.0
2016-2017,CR de la Gaspésie,0,15,8,0.0
2016-2017,CR de la Gaspésie,0,15,9,105.0
2016-2017,CRDI de Québec,0,1,4,5.0
2016-2017,CRDI de Québec,0,1,5,2.0
2016-2017,CRDI de Québec,0,1,6,2.0
2016-2017,CRDI de Québec,0,1,9,9.0
2016-2017,CRDI de Québec,0,2,4,257.0
2016-2017,CRDI de Québec,0,2,5,798.0
2016-2017,CRDI de Québec,0,2,6,459.0
2016-2017,CRDI de Québec,0,2,9,422.0
2016-2017,CRDI de Québec,0,3,4,204.0
2016-2017,CRDI de Québec,0,3,5,798.0
2016-2017,CRDI de Québec,0,3,6,459.0
2016-2017,CRDI de Québec,0,3,9,204.0
2016-2017,CRDI de Québec,0,4,4,7.0
2016-2017,CRDI de Québec,0,4,5,5.0
2016-2017,CRDI de Québec,0,4,9,12.0
2016-2017,CRDI de Québec,0,5,4,271.0
2016-2017,CRDI de Québec,0,5,5,469.0
2016-2017,CRDI de Québec,0,5,9,354.0
2016-2017,CRDI de Québec,0,6,4,93.0
2016-2017,CRDI de Québec,0,6,5,109.0
2016-2017,CRDI de Québec,0,6,9,108.0
2016-2017,CRDI de Québec,0,7,2,2.0
2016-2017,CRDI de Québec,0,7,3,8.0
2016-2017,CRDI de Québec,0,7,4,8.0
2016-2017,CRDI de Québec,0,7,5,15.0
2016-2017,CRDI de Québec,0,7,9,33.0
2016-2017,CRDI de Québec,0,8,2,454.0
2016-2017,CRDI de Québec,0,8,3,67.0
2016-2017,CRDI de Québec,0,8,4,481.0
2016-2017,CRDI de Québec,0,8,5,940.0
2016-2017,CRDI de Québec,0,8,9,588.0
2016-2017,CRDI de Québec,0,9,2,454.0
2016-2017,CRDI de Québec,0,9,3,62.0
2016-2017,CRDI de Québec,0,9,4,223.0
2016-2017,CRDI de Québec,0,9,5,626.0
2016-2017,CRDI de Québec,0,9,9,197.0
2016-2017,CRDI de Québec,0,10,1,17.0
2016-2017,CRDI de Québec,0,10,2,183.0
2016-2017,CRDI de Québec,0,10,3,147.0
2016-2017,CRDI de Québec,0,10,4,29.0
2016-2017,CRDI de Québec,0,10,5,18.0
2016-2017,CRDI de Québec,0,10,6,3.0
2016-2017,CRDI de Québec,0,10,9,397.0
2016-2017,CRDI de Québec,0,11,1,102.0
2016-2017,CRDI de Québec,0,11,2,310.0
2016-2017,CRDI de Québec,0,11,3,412.0
2016-2017,CRDI de Québec,0,11,4,335.0
2016-2017,CRDI de Québec,0,11,5,72.0
2016-2017,CRDI de Québec,0,11,6,78.0
2016-2017,CRDI de Québec,0,11,9,328.0
2016-2017,CRDI de Québec,0,12,1,66.0
2016-2017,CRDI de Québec,0,12,2,235.0
2016-2017,CRDI de Québec,0,12,3,331.0
2016-2017,CRDI de Québec,0,12,4,227.0
2016-2017,CRDI de Québec,0,12,5,4.0
2016-2017,CRDI de Québec,0,12,6,81.0
2016-2017,CRDI de Québec,0,12,9,243.0
2016-2017,CRDI de Québec,0,13,1,17.0
2016-2017,CRDI de Québec,0,13,2,185.0
2016-2017,CRDI de Québec,0,13,3,155.0
2016-2017,CRDI de Québec,0,13,4,49.0
2016-2017,CRDI de Québec,0,13,5,40.0
2016-2017,CRDI de Québec,0,13,6,5.0
2016-2017,CRDI de Québec,0,13,9,451.0
2016-2017,CRDI de Québec,0,14,1,102.0
2016-2017,CRDI de Québec,0,14,2,311.0
2016-2017,CRDI de Québec,0,14,3,394.0
2016-2017,CRDI de Québec,0,14,4,342.0
2016-2017,CRDI de Québec,0,14,5,484.0
2016-2017,CRDI de Québec,0,14,6,230.0
2016-2017,CRDI de Québec,0,14,9,350.0
2016-2017,CRDI de Québec,0,15,1,66.0
2016-2017,CRDI de Québec,0,15,2,235.0
2016-2017,CRDI de Québec,0,15,3,304.0
2016-2017,CRDI de Québec,0,15,4,204.0
2016-2017,CRDI de Québec,0,15,5,140.0
2016-2017,CRDI de Québec,0,15,6,149.0
2016-2017,CRDI de Québec,0,15,9,243.0
2016-2017,CRDITED Chaudière-Appalaches,0,1,1,0.0
2016-2017,CRDITED Chaudière-Appalaches,0,1,2,0.0
2016-2017,CRDITED Chaudière-Appalaches,0,1,3,0.0
2016-2017,CRDITED Chaudière-Appalaches,0,1,4,1.0
2016-2017,CRDITED Chaudière-Appalaches,0,1,5,0.0
2016-2017,CRDITED Chaudière-Appalaches,0,1,6,0.0
2016-2017,CRDITED Chaudière-Appalaches,0,1,7,0.0
2016-2017,CRDITED Chaudière-Appalaches,0,1,8,0.0
2016-2017,CRDITED Chaudière-Appalaches,0,1,9,1.0
2016-2017,CRDITED Chaudière-Appalaches,0,2,1,0.0
2016-2017,CRDITED Chaudière-Appalaches,0,2,2,0.0
2016-2017,CRDITED Chaudière-Appalaches,0,2,3,0.0
2016-2017,CRDITED Chaudière-Appalaches,0,2,4,11.0
2016-2017,CRDITED Chaudière-Appalaches,0,2,5,0.0
2016-2017,CRDITED Chaudière-Appalaches,0,2,6,0.0
2016-2017,CRDITED Chaudière-Appalaches,0,2,7,0.0
2016-2017,CRDITED Chaudière-Appalaches,0,2,8,0.0
2016-2017,CRDITED Chaudière-Appalaches,0,2,9,11.0
2016-2017,CRDITED Chaudière-Appalaches,0,3,1,0.0
2016-2017,CRDITED Chaudière-Appalaches,0,3,2,0.0
2016-2017,CRDITED Chaudière-Appalaches,0,3,3,0.0
2016-2017,CRDITED Chaudière-Appalaches,0,3,4,11.0
2016-2017,CRDITED Chaudière-Appalaches,0,3,5,0.0
2016-2017,CRDITED Chaudière-Appalaches,0,3,6,0.0
2016-2017,CRDITED Chaudière-Appalaches,0,3,7,0.0
2016-2017,CRDITED Chaudière-Appalaches,0,3,8,0.0
2016-2017,CRDITED Chaudière-Appalaches,0,3,9,11.0
2016-2017,CRDITED Chaudière-Appalaches,0,4,1,0.0
2016-2017,CRDITED Chaudière-Appalaches,0,4,2,0.0
2016-2017,CRDITED Chaudière-Appalaches,0,4,3,1.0
2016-2017,CRDITED Chaudière-Appalaches,0,4,4,3.0
2016-2017,CRDITED Chaudière-Appalaches,0,4,5,4.0
2016-2017,CRDITED Chaudière-Appalaches,0,4,6,0.0
2016-2017,CRDITED Chaudière-Appalaches,0,4,7,0.0
2016-2017,CRDITED Chaudière-Appalaches,0,4,8,0.0
2016-2017,CRDITED Chaudière-Appalaches,0,4,9,8.0
2016-2017,CRDITED Chaudière-Appalaches,0,5,1,0.0
2016-2017,CRDITED Chaudière-Appalaches,0,5,2,0.0
2016-2017,CRDITED Chaudière-Appalaches,0,5,3,2.0
2016-2017,CRDITED Chaudière-Appalaches,0,5,4,416.0
2016-2017,CRDITED Chaudière-Appalaches,0,5,5,53.0
2016-2017,CRDITED Chaudière-Appalaches,0,5,6,0.0
2016-2017,CRDITED Chaudière-Appalaches,0,5,7,0.0
2016-2017,CRDITED Chaudière-Appalaches,0,5,8,0.0
2016-2017,CRDITED Chaudière-Appalaches,0,5,9,183.0
2016-2017,CRDITED Chaudière-Appalaches,0,6,1,0.0
2016-2017,CRDITED Chaudière-Appalaches,0,6,2,0.0
2016-2017,CRDITED Chaudière-Appalaches,0,6,3,2.0
2016-2017,CRDITED Chaudière-Appalaches,0,6,4,257.0
2016-2017,CRDITED Chaudière-Appalaches,0,6,5,22.0
2016-2017,CRDITED Chaudière-Appalaches,0,6,6,0.0
2016-2017,CRDITED Chaudière-Appalaches,0,6,7,0.0
2016-2017,CRDITED Chaudière-Appalaches,0,6,8,0.0
2016-2017,CRDITED Chaudière-Appalaches,0,6,9,22.0
2016-2017,CRDITED Chaudière-Appalaches,0,7,1,0.0
2016-2017,CRDITED Chaudière-Appalaches,0,7,2,0.0
2016-2017,CRDITED Chaudière-Appalaches,0,7,3,0.0
2016-2017,CRDITED Chaudière-Appalaches,0,7,4,0.0
2016-2017,CRDITED Chaudière-Appalaches,0,7,5,0.0
2016-2017,CRDITED Chaudière-Appalaches,0,7,6,0.0
2016-2017,CRDITED Chaudière-Appalaches,0,7,7,0.0
2016-2017,CRDITED Chaudière-Appalaches,0,7,8,0.0
2016-2017,CRDITED Chaudière-Appalaches,0,7,9,0.0
2016-2017,CRDITED Chaudière-Appalaches,0,8,1,0.0
2016-2017,CRDITED Chaudière-Appalaches,0,8,2,0.0
2016-2017,CRDITED Chaudière-Appalaches,0,8,3,0.0
2016-2017,CRDITED Chaudière-Appalaches,0,8,4,0.0
2016-2017,CRDITED Chaudière-Appalaches,0,8,5,0.0
2016-2017,CRDITED Chaudière-Appalaches,0,8,6,0.0
2016-2017,CRDITED Chaudière-Appalaches,0,8,7,0.0
2016-2017,CRDITED Chaudière-Appalaches,0,8,8,0.0
2016-2017,CRDITED Chaudière-Appalaches,0,8,9,0.0
2016-2017,CRDITED Chaudière-Appalaches,0,9,1,0.0
2016-2017,CRDITED Chaudière-Appalaches,0,9,2,0.0
2016-2017,CRDITED Chaudière-Appalaches,0,9,3,0.0
2016-2017,CRDITED Chaudière-Appalaches,0,9,4,0.0
2016-2017,CRDITED Chaudière-Appalaches,0,9,5,0.0
2016-2017,CRDITED Chaudière-Appalaches,0,9,6,0.0
2016-2017,CRDITED Chaudière-Appalaches,0,9,7,0.0
2016-2017,CRDITED Chaudière-Appalaches,0,9,8,0.0
2016-2017,CRDITED Chaudière-Appalaches,0,9,9,0.0
2016-2017,CRDITED Chaudière-Appalaches,0,10,1,14.0
2016-2017,CRDITED Chaudière-Appalaches,0,10,2,29.0
2016-2017,CRDITED Chaudière-Appalaches,0,10,3,18.0
2016-2017,CRDITED Chaudière-Appalaches,0,10,4,9.0
2016-2017,CRDITED Chaudière-Appalaches,0,10,5,3.0
2016-2017,CRDITED Chaudière-Appalaches,0,10,6,2.0
2016-2017,CRDITED Chaudière-Appalaches,0,10,7,0.0
2016-2017,CRDITED Chaudière-Appalaches,0,10,8,0.0
2016-2017,CRDITED Chaudière-Appalaches,0,10,9,75.0
2016-2017,CRDITED Chaudière-Appalaches,0,11,1,31.0
2016-2017,CRDITED Chaudière-Appalaches,0,11,2,101.0
2016-2017,CRDITED Chaudière-Appalaches,0,11,3,78.0
2016-2017,CRDITED Chaudière-Appalaches,0,11,4,95.0
2016-2017,CRDITED Chaudière-Appalaches,0,11,5,75.0
2016-2017,CRDITED Chaudière-Appalaches,0,11,6,13.0
2016-2017,CRDITED Chaudière-Appalaches,0,11,7,0.0
2016-2017,CRDITED Chaudière-Appalaches,0,11,8,0.0
2016-2017,CRDITED Chaudière-Appalaches,0,11,9,79.0
2016-2017,CRDITED Chaudière-Appalaches,0,12,1,31.0
2016-2017,CRDITED Chaudière-Appalaches,0,12,2,59.0
2016-2017,CRDITED Chaudière-Appalaches,0,12,3,49.0
2016-2017,CRDITED Chaudière-Appalaches,0,12,4,80.0
2016-2017,CRDITED Chaudière-Appalaches,0,12,5,93.0
2016-2017,CRDITED Chaudière-Appalaches,0,12,6,13.0
2016-2017,CRDITED Chaudière-Appalaches,0,12,7,0.0
2016-2017,CRDITED Chaudière-Appalaches,0,12,8,0.0
2016-2017,CRDITED Chaudière-Appalaches,0,12,9,52.0
2016-2017,CRDITED Chaudière-Appalaches,0,13,1,14.0
2016-2017,CRDITED Chaudière-Appalaches,0,13,2,29.0
2016-2017,CRDITED Chaudière-Appalaches,0,13,3,19.0
2016-2017,CRDITED Chaudière-Appalaches,0,13,4,13.0
2016-2017,CRDITED Chaudière-Appalaches,0,13,5,7.0
2016-2017,CRDITED Chaudière-Appalaches,0,13,6,2.0
2016-2017,CRDITED Chaudière-Appalaches,0,13,7,0.0
2016-2017,CRDITED Chaudière-Appalaches,0,13,8,0.0
2016-2017,CRDITED Chaudière-Appalaches,0,13,9,84.0
2016-2017,CRDITED Chaudière-Appalaches,0,14,1,31.0
2016-2017,CRDITED Chaudière-Appalaches,0,14,2,101.0
2016-2017,CRDITED Chaudière-Appalaches,0,14,3,74.0
2016-2017,CRDITED Chaudière-Appalaches,0,14,4,163.0
2016-2017,CRDITED Chaudière-Appalaches,0,14,5,62.0
2016-2017,CRDITED Chaudière-Appalaches,0,14,6,13.0
2016-2017,CRDITED Chaudière-Appalaches,0,14,7,0.0
2016-2017,CRDITED Chaudière-Appalaches,0,14,8,0.0
2016-2017,CRDITED Chaudière-Appalaches,0,14,9,88.0
2016-2017,CRDITED Chaudière-Appalaches,0,15,1,31.0
2016-2017,CRDITED Chaudière-Appalaches,0,15,2,59.0
2016-2017,CRDITED Chaudière-Appalaches,0,15,3,43.0
2016-2017,CRDITED Chaudière-Appalaches,0,15,4,80.0
2016-2017,CRDITED Chaudière-Appalaches,0,15,5,32.0
2016-2017,CRDITED Chaudière-Appalaches,0,15,6,13.0
2016-2017,CRDITED Chaudière-Appalaches,0,15,7,0.0
2016-2017,CRDITED Chaudière-Appalaches,0,15,8,0.0
2016-2017,CRDITED Chaudière-Appalaches,0,15,9,51.0
2016-2017,CRDITED Mauricie et Centre-du-Québec,0,1,4,2.0
2016-2017,CRDITED Mauricie et Centre-du-Québec,0,1,5,1.0
2016-2017,CRDITED Mauricie et Centre-du-Québec,0,1,6,1.0
2016-2017,CRDITED Mauricie et Centre-du-Québec,0,1,9,4.0
2016-2017,CRDITED Mauricie et Centre-du-Québec,0,2,4,240.0
2016-2017,CRDITED Mauricie et Centre-du-Québec,0,2,5,141.0
2016-2017,CRDITED Mauricie et Centre-du-Québec,0,2,6,1122.0
2016-2017,CRDITED Mauricie et Centre-du-Québec,0,2,9,436.0
2016-2017,CRDITED Mauricie et Centre-du-Québec,0,3,4,240.0
2016-2017,CRDITED Mauricie et Centre-du-Québec,0,3,5,141.0
2016-2017,CRDITED Mauricie et Centre-du-Québec,0,3,6,1122.0
2016-2017,CRDITED Mauricie et Centre-du-Québec,0,3,9,280.0
2016-2017,CRDITED Mauricie et Centre-du-Québec,0,4,3,13.0
2016-2017,CRDITED Mauricie et Centre-du-Québec,0,4,4,9.0
2016-2017,CRDITED Mauricie et Centre-du-Québec,0,4,5,10.0
2016-2017,CRDITED Mauricie et Centre-du-Québec,0,4,9,32.0
2016-2017,CRDITED Mauricie et Centre-du-Québec,0,5,3,64.0
2016-2017,CRDITED Mauricie et Centre-du-Québec,0,5,4,135.0
2016-2017,CRDITED Mauricie et Centre-du-Québec,0,5,5,108.0
2016-2017,CRDITED Mauricie et Centre-du-Québec,0,5,9,98.0
2016-2017,CRDITED Mauricie et Centre-du-Québec,0,6,3,26.0
2016-2017,CRDITED Mauricie et Centre-du-Québec,0,6,4,61.0
2016-2017,CRDITED Mauricie et Centre-du-Québec,0,6,5,77.0
2016-2017,CRDITED Mauricie et Centre-du-Québec,0,6,9,61.0
2016-2017,CRDITED Mauricie et Centre-du-Québec,0,7,2,1.0
2016-2017,CRDITED Mauricie et Centre-du-Québec,0,7,3,3.0
2016-2017,CRDITED Mauricie et Centre-du-Québec,0,7,4,2.0
2016-2017,CRDITED Mauricie et Centre-du-Québec,0,7,5,1.0
2016-2017,CRDITED Mauricie et Centre-du-Québec,0,7,6,1.0
2016-2017,CRDITED Mauricie et Centre-du-Québec,0,7,9,8.0
2016-2017,CRDITED Mauricie et Centre-du-Québec,0,8,2,419.0
2016-2017,CRDITED Mauricie et Centre-du-Québec,0,8,3,558.0
2016-2017,CRDITED Mauricie et Centre-du-Québec,0,8,4,435.0
2016-2017,CRDITED Mauricie et Centre-du-Québec,0,8,5,264.0
2016-2017,CRDITED Mauricie et Centre-du-Québec,0,8,6,345.0
2016-2017,CRDITED Mauricie et Centre-du-Québec,0,8,9,446.0
2016-2017,CRDITED Mauricie et Centre-du-Québec,0,9,2,419.0
2016-2017,CRDITED Mauricie et Centre-du-Québec,0,9,3,579.0
2016-2017,CRDITED Mauricie et Centre-du-Québec,0,9,4,435.0
2016-2017,CRDITED Mauricie et Centre-du-Québec,0,9,5,264.0
2016-2017,CRDITED Mauricie et Centre-du-Québec,0,9,6,345.0
2016-2017,CRDITED Mauricie et Centre-du-Québec,0,9,9,419.0
2016-2017,CRDITED Mauricie et Centre-du-Québec,0,10,1,4.0
2016-2017,CRDITED Mauricie et Centre-du-Québec,0,10,2,59.0
2016-2017,CRDITED Mauricie et Centre-du-Québec,0,10,3,25.0
2016-2017,CRDITED Mauricie et Centre-du-Québec,0,10,4,11.0
2016-2017,CRDITED Mauricie et Centre-du-Québec,0,10,5,12.0
2016-2017,CRDITED Mauricie et Centre-du-Québec,0,10,6,3.0
2016-2017,CRDITED Mauricie et Centre-du-Québec,0,10,9,114.0
2016-2017,CRDITED Mauricie et Centre-du-Québec,0,11,1,22.0
2016-2017,CRDITED Mauricie et Centre-du-Québec,0,11,2,203.0
2016-2017,CRDITED Mauricie et Centre-du-Québec,0,11,3,244.0
2016-2017,CRDITED Mauricie et Centre-du-Québec,0,11,4,269.0
2016-2017,CRDITED Mauricie et Centre-du-Québec,0,11,5,167.0
2016-2017,CRDITED Mauricie et Centre-du-Québec,0,11,6,43.0
2016-2017,CRDITED Mauricie et Centre-du-Québec,0,11,9,204.0
2016-2017,CRDITED Mauricie et Centre-du-Québec,0,12,1,16.0
2016-2017,CRDITED Mauricie et Centre-du-Québec,0,12,2,130.0
2016-2017,CRDITED Mauricie et Centre-du-Québec,0,12,3,149.0
2016-2017,CRDITED Mauricie et Centre-du-Québec,0,12,4,308.0
2016-2017,CRDITED Mauricie et Centre-du-Québec,0,12,5,87.0
2016-2017,CRDITED Mauricie et Centre-du-Québec,0,12,6,8.0
2016-2017,CRDITED Mauricie et Centre-du-Québec,0,12,9,126.0
2016-2017,CRDITED Mauricie et Centre-du-Québec,0,13,1,4.0
2016-2017,CRDITED Mauricie et Centre-du-Québec,0,13,2,60.0
2016-2017,CRDITED Mauricie et Centre-du-Québec,0,13,3,41.0
2016-2017,CRDITED Mauricie et Centre-du-Québec,0,13,4,24.0
2016-2017,CRDITED Mauricie et Centre-du-Québec,0,13,5,24.0
2016-2017,CRDITED Mauricie et Centre-du-Québec,0,13,6,5.0
2016-2017,CRDITED Mauricie et Centre-du-Québec,0,13,9,158.0
2016-2017,CRDITED Mauricie et Centre-du-Québec,0,14,1,22.0
2016-2017,CRDITED Mauricie et Centre-du-Québec,0,14,2,207.0
2016-2017,CRDITED Mauricie et Centre-du-Québec,0,14,3,210.0
2016-2017,CRDITED Mauricie et Centre-du-Québec,0,14,4,230.0
2016-2017,CRDITED Mauricie et Centre-du-Québec,0,14,5,145.0
2016-2017,CRDITED Mauricie et Centre-du-Québec,0,14,6,319.0
2016-2017,CRDITED Mauricie et Centre-du-Québec,0,14,9,201.0
2016-2017,CRDITED Mauricie et Centre-du-Québec,0,15,1,16.0
2016-2017,CRDITED Mauricie et Centre-du-Québec,0,15,2,130.0
2016-2017,CRDITED Mauricie et Centre-du-Québec,0,15,3,61.0
2016-2017,CRDITED Mauricie et Centre-du-Québec,0,15,4,189.0
2016-2017,CRDITED Mauricie et Centre-du-Québec,0,15,5,98.0
2016-2017,CRDITED Mauricie et Centre-du-Québec,0,15,6,114.0
2016-2017,CRDITED Mauricie et Centre-du-Québec,0,15,9,114.0
2016-2017,CRDITED de Laval,0,7,1,0.0
2016-2017,CRDITED de Laval,0,7,2,1.0
2016-2017,CRDITED de Laval,0,7,3,3.0
2016-2017,CRDITED de Laval,0,7,4,4.0
2016-2017,CRDITED de Laval,0,7,5,6.0
2016-2017,CRDITED de Laval,0,7,6,1.0
2016-2017,CRDITED de Laval,0,7,9,15.0
2016-2017,CRDITED de Laval,0,8,2,78.0
2016-2017,CRDITED de Laval,0,8,3,630.0
2016-2017,CRDITED de Laval,0,8,4,352.0
2016-2017,CRDITED de Laval,0,8,5,567.0
2016-2017,CRDITED de Laval,0,8,6,1752.0
2016-2017,CRDITED de Laval,0,8,9,569.0
2016-2017,CRDITED de Laval,0,9,2,78.0
2016-2017,CRDITED de Laval,0,9,3,408.0
2016-2017,CRDITED de Laval,0,9,4,388.0
2016-2017,CRDITED de Laval,0,9,5,467.0
2016-2017,CRDITED de Laval,0,9,6,1752.0
2016-2017,CRDITED de Laval,0,9,9,432.0
2016-2017,CRDITED de Laval,0,10,1,57.0
2016-2017,CRDITED de Laval,0,10,2,54.0
2016-2017,CRDITED de Laval,0,10,3,15.0
2016-2017,CRDITED de Laval,0,10,4,7.0
2016-2017,CRDITED de Laval,0,10,5,12.0
2016-2017,CRDITED de Laval,0,10,6,1.0
2016-2017,CRDITED de Laval,0,10,9,146.0
2016-2017,CRDITED de Laval,0,11,1,149.0
2016-2017,CRDITED de Laval,0,11,2,241.0
2016-2017,CRDITED de Laval,0,11,3,168.0
2016-2017,CRDITED de Laval,0,11,4,197.0
2016-2017,CRDITED de Laval,0,11,5,365.0
2016-2017,CRDITED de Laval,0,11,6,1752.0
2016-2017,CRDITED de Laval,0,11,9,216.0
2016-2017,CRDITED de Laval,0,12,1,145.0
2016-2017,CRDITED de Laval,0,12,2,273.0
2016-2017,CRDITED de Laval,0,12,3,164.0
2016-2017,CRDITED de Laval,0,12,4,148.0
2016-2017,CRDITED de Laval,0,12,5,400.0
2016-2017,CRDITED de Laval,0,12,6,1752.0
2016-2017,CRDITED de Laval,0,12,9,187.0
2016-2017,CRDITED de Laval,0,13,1,57.0
2016-2017,CRDITED de Laval,0,13,2,55.0
2016-2017,CRDITED de Laval,0,13,3,18.0
2016-2017,CRDITED de Laval,0,13,4,11.0
2016-2017,CRDITED de Laval,0,13,5,18.0
2016-2017,CRDITED de Laval,0,13,6,2.0
2016-2017,CRDITED de Laval,0,13,9,161.0
2016-2017,CRDITED de Laval,0,14,1,149.0
2016-2017,CRDITED de Laval,0,14,2,238.0
2016-2017,CRDITED de Laval,0,14,3,245.0
2016-2017,CRDITED de Laval,0,14,4,254.0
2016-2017,CRDITED de Laval,0,14,5,432.0
2016-2017,CRDITED de Laval,0,14,6,1752.0
2016-2017,CRDITED de Laval,0,14,9,249.0
2016-2017,CRDITED de Laval,0,15,1,145.0
2016-2017,CRDITED de Laval,0,15,2,263.0
2016-2017,CRDITED de Laval,0,15,3,170.0
2016-2017,CRDITED de Laval,0,15,4,212.0
2016-2017,CRDITED de Laval,0,15,5,444.0
2016-2017,CRDITED de Laval,0,15,6,1752.0
2016-2017,CRDITED de Laval,0,15,9,192.0
2016-2017,CRDITED de Montréal,0,1,4,16.0
2016-2017,CRDITED de Montréal,0,1,5,19.0
2016-2017,CRDITED de Montréal,0,1,6,2.0
2016-2017,CRDITED de Montréal,0,1,9,37.0
2016-2017,CRDITED de Montréal,0,2,4,463.0
2016-2017,CRDITED de Montréal,0,2,5,1336.0
2016-2017,CRDITED de Montréal,0,2,6,2482.0
2016-2017,CRDITED de Montréal,0,2,9,1021.0
2016-2017,CRDITED de Montréal,0,3,4,451.0
2016-2017,CRDITED de Montréal,0,3,5,1128.0
2016-2017,CRDITED de Montréal,0,3,6,2482.0
2016-2017,CRDITED de Montréal,0,3,9,717.0
2016-2017,CRDITED de Montréal,0,4,3,3.0
2016-2017,CRDITED de Montréal,0,4,4,44.0
2016-2017,CRDITED de Montréal,0,4,5,34.0
2016-2017,CRDITED de Montréal,0,4,6,10.0
2016-2017,CRDITED de Montréal,0,4,9,91.0
2016-2017,CRDITED de Montréal,0,5,3,391.0
2016-2017,CRDITED de Montréal,0,5,4,337.0
2016-2017,CRDITED de Montréal,0,5,5,908.0
2016-2017,CRDITED de Montréal,0,5,6,2003.0
2016-2017,CRDITED de Montréal,0,5,9,735.0
2016-2017,CRDITED de Montréal,0,6,3,61.0
2016-2017,CRDITED de Montréal,0,6,4,273.0
2016-2017,CRDITED de Montréal,0,6,5,730.0
2016-2017,CRDITED de Montréal,0,6,6,1335.0
2016-2017,CRDITED de Montréal,0,6,9,485.0
2016-2017,CRDITED de Montréal,0,7,1,2.0
2016-2017,CRDITED de Montréal,0,7,2,6.0
2016-2017,CRDITED de Montréal,0,7,3,18.0
2016-2017,CRDITED de Montréal,0,7,4,14.0
2016-2017,CRDITED de Montréal,0,7,5,29.0
2016-2017,CRDITED de Montréal,0,7,6,3.0
2016-2017,CRDITED de Montréal,0,7,9,72.0
2016-2017,CRDITED de Montréal,0,8,1,591.0
2016-2017,CRDITED de Montréal,0,8,2,367.0
2016-2017,CRDITED de Montréal,0,8,3,945.0
2016-2017,CRDITED de Montréal,0,8,4,1062.0
2016-2017,CRDITED de Montréal,0,8,5,1104.0
2016-2017,CRDITED de Montréal,0,8,6,448.0
2016-2017,CRDITED de Montréal,0,8,9,953.0
2016-2017,CRDITED de Montréal,0,9,1,591.0
2016-2017,CRDITED de Montréal,0,9,2,312.0
2016-2017,CRDITED de Montréal,0,9,3,279.0
2016-2017,CRDITED de Montréal,0,9,4,269.0
2016-2017,CRDITED de Montréal,0,9,5,634.0
2016-2017,CRDITED de Montréal,0,9,6,82.0
2016-2017,CRDITED de Montréal,0,9,9,428.0
2016-2017,CRDITED de Montréal,0,10,1,421.0
2016-2017,CRDITED de Montréal,0,10,2,317.0
2016-2017,CRDITED de Montréal,0,10,3,102.0
2016-2017,CRDITED de Montréal,0,10,4,53.0
2016-2017,CRDITED de Montréal,0,10,5,48.0
2016-2017,CRDITED de Montréal,0,10,6,7.0
2016-2017,CRDITED de Montréal,0,10,7,1.0
2016-2017,CRDITED de Montréal,0,10,9,949.0
2016-2017,CRDITED de Montréal,0,11,1,294.0
2016-2017,CRDITED de Montréal,0,11,2,671.0
2016-2017,CRDITED de Montréal,0,11,3,673.0
2016-2017,CRDITED de Montréal,0,11,4,585.0
2016-2017,CRDITED de Montréal,0,11,5,647.0
2016-2017,CRDITED de Montréal,0,11,6,626.0
2016-2017,CRDITED de Montréal,0,11,7,275.0
2016-2017,CRDITED de Montréal,0,11,9,497.0
2016-2017,CRDITED de Montréal,0,12,1,263.0
2016-2017,CRDITED de Montréal,0,12,2,639.0
2016-2017,CRDITED de Montréal,0,12,3,641.0
2016-2017,CRDITED de Montréal,0,12,4,438.0
2016-2017,CRDITED de Montréal,0,12,5,539.0
2016-2017,CRDITED de Montréal,0,12,6,730.0
2016-2017,CRDITED de Montréal,0,12,7,275.0
2016-2017,CRDITED de Montréal,0,12,9,380.0
2016-2017,CRDITED de Montréal,0,13,1,423.0
2016-2017,CRDITED de Montréal,0,13,2,323.0
2016-2017,CRDITED de Montréal,0,13,3,123.0
2016-2017,CRDITED de Montréal,0,13,4,127.0
2016-2017,CRDITED de Montréal,0,13,5,130.0
2016-2017,CRDITED de Montréal,0,13,6,22.0
2016-2017,CRDITED de Montréal,0,13,7,1.0
2016-2017,CRDITED de Montréal,0,13,9,1149.0
2016-2017,CRDITED de Montréal,0,14,1,295.0
2016-2017,CRDITED de Montréal,0,14,2,665.0
2016-2017,CRDITED de Montréal,0,14,3,706.0
2016-2017,CRDITED de Montréal,0,14,4,536.0
2016-2017,CRDITED de Montréal,0,14,5,918.0
2016-2017,CRDITED de Montréal,0,14,6,1396.0
2016-2017,CRDITED de Montréal,0,14,7,275.0
2016-2017,CRDITED de Montréal,0,14,9,561.0
2016-2017,CRDITED de Montréal,0,15,1,269.0
2016-2017,CRDITED de Montréal,0,15,2,638.0
2016-2017,CRDITED de Montréal,0,15,3,568.0
2016-2017,CRDITED de Montréal,0,15,4,353.0
2016-2017,CRDITED de Montréal,0,15,5,664.0
2016-2017,CRDITED de Montréal,0,15,6,843.0
2016-2017,CRDITED de Montréal,0,15,7,275.0
2016-2017,CRDITED de Montréal,0,15,9,394.0
2016-2017,CRDITED de l'Estrie,0,1,1,0.0
2016-2017,CRDITED de l'Estrie,0,1,2,0.0
2016-2017,CRDITED de l'Estrie,0,1,3,1.0
2016-2017,CRDITED de l'Estrie,0,1,4,0.0
2016-2017,CRDITED de l'Estrie,0,1,5,2.0
2016-2017,CRDITED de l'Estrie,0,1,6,1.0
2016-2017,CRDITED de l'Estrie,0,1,7,0.0
2016-2017,CRDITED de l'Estrie,0,1,8,0.0
2016-2017,CRDITED de l'Estrie,0,1,9,4.0
2016-2017,CRDITED de l'Estrie,0,2,1,0.0
2016-2017,CRDITED de l'Estrie,0,2,2,0.0
2016-2017,CRDITED de l'Estrie,0,2,3,430.0
2016-2017,CRDITED de l'Estrie,0,2,4,0.0
2016-2017,CRDITED de l'Estrie,0,2,5,478.0
2016-2017,CRDITED de l'Estrie,0,2,6,87.0
2016-2017,CRDITED de l'Estrie,0,2,7,0.0
2016-2017,CRDITED de l'Estrie,0,2,8,0.0
2016-2017,CRDITED de l'Estrie,0,2,9,368.0
2016-2017,CRDITED de l'Estrie,0,3,1,0.0
2016-2017,CRDITED de l'Estrie,0,3,2,0.0
2016-2017,CRDITED de l'Estrie,0,3,3,430.0
2016-2017,CRDITED de l'Estrie,0,3,4,0.0
2016-2017,CRDITED de l'Estrie,0,3,5,478.0
2016-2017,CRDITED de l'Estrie,0,3,6,87.0
2016-2017,CRDITED de l'Estrie,0,3,7,0.0
2016-2017,CRDITED de l'Estrie,0,3,8,0.0
2016-2017,CRDITED de l'Estrie,0,3,9,413.0
2016-2017,CRDITED de l'Estrie,0,4,1,0.0
2016-2017,CRDITED de l'Estrie,0,4,2,0.0
2016-2017,CRDITED de l'Estrie,0,4,3,1.0
2016-2017,CRDITED de l'Estrie,0,4,4,3.0
2016-2017,CRDITED de l'Estrie,0,4,5,1.0
2016-2017,CRDITED de l'Estrie,0,4,6,0.0
2016-2017,CRDITED de l'Estrie,0,4,7,0.0
2016-2017,CRDITED de l'Estrie,0,4,8,0.0
2016-2017,CRDITED de l'Estrie,0,4,9,5.0
2016-2017,CRDITED de l'Estrie,0,5,1,0.0
2016-2017,CRDITED de l'Estrie,0,5,2,0.0
2016-2017,CRDITED de l'Estrie,0,5,3,288.0
2016-2017,CRDITED de l'Estrie,0,5,4,166.0
2016-2017,CRDITED de l'Estrie,0,5,5,12.0
2016-2017,CRDITED de l'Estrie,0,5,6,0.0
2016-2017,CRDITED de l'Estrie,0,5,7,0.0
2016-2017,CRDITED de l'Estrie,0,5,8,0.0
2016-2017,CRDITED de l'Estrie,0,5,9,159.0
2016-2017,CRDITED de l'Estrie,0,6,1,0.0
2016-2017,CRDITED de l'Estrie,0,6,2,0.0
2016-2017,CRDITED de l'Estrie,0,6,3,288.0
2016-2017,CRDITED de l'Estrie,0,6,4,212.0
2016-2017,CRDITED de l'Estrie,0,6,5,12.0
2016-2017,CRDITED de l'Estrie,0,6,6,0.0
2016-2017,CRDITED de l'Estrie,0,6,7,0.0
2016-2017,CRDITED de l'Estrie,0,6,8,0.0
2016-2017,CRDITED de l'Estrie,0,6,9,212.0
2016-2017,CRDITED de l'Estrie,0,7,1,0.0
2016-2017,CRDITED de l'Estrie,0,7,2,1.0
2016-2017,CRDITED de l'Estrie,0,7,3,0.0
2016-2017,CRDITED de l'Estrie,0,7,4,1.0
2016-2017,CRDITED de l'Estrie,0,7,5,1.0
2016-2017,CRDITED de l'Estrie,0,7,6,0.0
2016-2017,CRDITED de l'Estrie,0,7,7,0.0
2016-2017,CRDITED de l'Estrie,0,7,8,0.0
2016-2017,CRDITED de l'Estrie,0,7,9,3.0
2016-2017,CRDITED de l'Estrie,0,8,1,0.0
2016-2017,CRDITED de l'Estrie,0,8,2,184.0
2016-2017,CRDITED de l'Estrie,0,8,3,0.0
2016-2017,CRDITED de l'Estrie,0,8,4,551.0
2016-2017,CRDITED de l'Estrie,0,8,5,212.0
2016-2017,CRDITED de l'Estrie,0,8,6,0.0
2016-2017,CRDITED de l'Estrie,0,8,7,0.0
2016-2017,CRDITED de l'Estrie,0,8,8,0.0
2016-2017,CRDITED de l'Estrie,0,8,9,316.0
2016-2017,CRDITED de l'Estrie,0,9,1,0.0
2016-2017,CRDITED de l'Estrie,0,9,2,184.0
2016-2017,CRDITED de l'Estrie,0,9,3,0.0
2016-2017,CRDITED de l'Estrie,0,9,4,551.0
2016-2017,CRDITED de l'Estrie,0,9,5,212.0
2016-2017,CRDITED de l'Estrie,0,9,6,0.0
2016-2017,CRDITED de l'Estrie,0,9,7,0.0
2016-2017,CRDITED de l'Estrie,0,9,8,0.0
2016-2017,CRDITED de l'Estrie,0,9,9,212.0
2016-2017,CRDITED de l'Estrie,0,10,1,0.0
2016-2017,CRDITED de l'Estrie,0,10,2,22.0
2016-2017,CRDITED de l'Estrie,0,10,3,14.0
2016-2017,CRDITED de l'Estrie,0,10,4,5.0
2016-2017,CRDITED de l'Estrie,0,10,5,3.0
2016-2017,CRDITED de l'Estrie,0,10,6,0.0
2016-2017,CRDITED de l'Estrie,0,10,7,0.0
2016-2017,CRDITED de l'Estrie,0,10,8,0.0
2016-2017,CRDITED de l'Estrie,0,10,9,44.0
2016-2017,CRDITED de l'Estrie,0,11,2,143.0
2016-2017,CRDITED de l'Estrie,0,11,3,166.0
2016-2017,CRDITED de l'Estrie,0,11,4,109.0
2016-2017,CRDITED de l'Estrie,0,11,5,594.0
2016-2017,CRDITED de l'Estrie,0,11,6,0.0
2016-2017,CRDITED de l'Estrie,0,11,7,0.0
2016-2017,CRDITED de l'Estrie,0,11,8,0.0
2016-2017,CRDITED de l'Estrie,0,11,9,177.0
2016-2017,CRDITED de l'Estrie,0,12,1,0.0
2016-2017,CRDITED de l'Estrie,0,12,2,134.0
2016-2017,CRDITED de l'Estrie,0,12,3,165.0
2016-2017,CRDITED de l'Estrie,0,12,4,108.0
2016-2017,CRDITED de l'Estrie,0,12,5,298.0
2016-2017,CRDITED de l'Estrie,0,12,6,0.0
2016-2017,CRDITED de l'Estrie,0,12,7,0.0
2016-2017,CRDITED de l'Estrie,0,12,8,0.0
2016-2017,CRDITED de l'Estrie,0,12,9,141.0
2016-2017,CRDITED de l'Estrie,0,13,1,0.0
2016-2017,CRDITED de l'Estrie,0,13,2,23.0
2016-2017,CRDITED de l'Estrie,0,13,3,16.0
2016-2017,CRDITED de l'Estrie,0,13,4,9.0
2016-2017,CRDITED de l'Estrie,0,13,5,7.0
2016-2017,CRDITED de l'Estrie,0,13,6,1.0
2016-2017,CRDITED de l'Estrie,0,13,7,0.0
2016-2017,CRDITED de l'Estrie,0,13,8,0.0
2016-2017,CRDITED de l'Estrie,0,13,9,56.0
2016-2017,CRDITED de l'Estrie,0,14,1,0.0
2016-2017,CRDITED de l'Estrie,0,14,2,145.0
2016-2017,CRDITED de l'Estrie,0,14,3,190.0
2016-2017,CRDITED de l'Estrie,0,14,4,177.0
2016-2017,CRDITED de l'Estrie,0,14,5,423.0
2016-2017,CRDITED de l'Estrie,0,14,6,87.0
2016-2017,CRDITED de l'Estrie,0,14,7,0.0
2016-2017,CRDITED de l'Estrie,0,14,8,0.0
2016-2017,CRDITED de l'Estrie,0,14,9,197.0
2016-2017,CRDITED de l'Estrie,0,15,1,0.0
2016-2017,CRDITED de l'Estrie,0,15,2,141.0
2016-2017,CRDITED de l'Estrie,0,15,3,198.0
2016-2017,CRDITED de l'Estrie,0,15,4,161.0
2016-2017,CRDITED de l'Estrie,0,15,5,298.0
2016-2017,CRDITED de l'Estrie,0,15,6,87.0
2016-2017,CRDITED de l'Estrie,0,15,7,0.0
2016-2017,CRDITED de l'Estrie,0,15,8,0.0
2016-2017,CRDITED de l'Estrie,0,15,9,153.0
2016-2017,CRDITED de la Montérégie-Est,0,1,1,0.0
2016-2017,CRDITED de la Montérégie-Est,0,1,2,0.0
2016-2017,CRDITED de la Montérégie-Est,0,1,3,0.0
2016-2017,CRDITED de la Montérégie-Est,0,1,4,1.0
2016-2017,CRDITED de la Montérégie-Est,0,1,5,1.0
2016-2017,CRDITED de la Montérégie-Est,0,1,6,0.0
2016-2017,CRDITED de la Montérégie-Est,0,1,7,0.0
2016-2017,CRDITED de la Montérégie-Est,0,1,8,0.0
2016-2017,CRDITED de la Montérégie-Est,0,1,9,2.0
2016-2017,CRDITED de la Montérégie-Est,0,2,1,0.0
2016-2017,CRDITED de la Montérégie-Est,0,2,2,0.0
2016-2017,CRDITED de la Montérégie-Est,0,2,3,0.0
2016-2017,CRDITED de la Montérégie-Est,0,2,4,38.0
2016-2017,CRDITED de la Montérégie-Est,0,2,5,8.0
2016-2017,CRDITED de la Montérégie-Est,0,2,6,0.0
2016-2017,CRDITED de la Montérégie-Est,0,2,7,0.0
2016-2017,CRDITED de la Montérégie-Est,0,2,8,0.0
2016-2017,CRDITED de la Montérégie-Est,0,2,9,23.0
2016-2017,CRDITED de la Montérégie-Est,0,3,1,0.0
2016-2017,CRDITED de la Montérégie-Est,0,3,2,0.0
2016-2017,CRDITED de la Montérégie-Est,0,3,3,0.0
2016-2017,CRDITED de la Montérégie-Est,0,3,4,38.0
2016-2017,CRDITED de la Montérégie-Est,0,3,5,8.0
2016-2017,CRDITED de la Montérégie-Est,0,3,6,0.0
2016-2017,CRDITED de la Montérégie-Est,0,3,7,0.0
2016-2017,CRDITED de la Montérégie-Est,0,3,8,0.0
2016-2017,CRDITED de la Montérégie-Est,0,3,9,23.0
2016-2017,CRDITED de la Montérégie-Est,0,4,1,0.0
2016-2017,CRDITED de la Montérégie-Est,0,4,2,0.0
2016-2017,CRDITED de la Montérégie-Est,0,4,3,3.0
2016-2017,CRDITED de la Montérégie-Est,0,4,4,5.0
2016-2017,CRDITED de la Montérégie-Est,0,4,5,6.0
2016-2017,CRDITED de la Montérégie-Est,0,4,6,1.0
2016-2017,CRDITED de la Montérégie-Est,0,4,7,0.0
2016-2017,CRDITED de la Montérégie-Est,0,4,8,0.0
2016-2017,CRDITED de la Montérégie-Est,0,4,9,15.0
2016-2017,CRDITED de la Montérégie-Est,0,5,1,0.0
2016-2017,CRDITED de la Montérégie-Est,0,5,2,0.0
2016-2017,CRDITED de la Montérégie-Est,0,5,3,151.0
2016-2017,CRDITED de la Montérégie-Est,0,5,4,342.0
2016-2017,CRDITED de la Montérégie-Est,0,5,5,99.0
2016-2017,CRDITED de la Montérégie-Est,0,5,6,4.0
2016-2017,CRDITED de la Montérégie-Est,0,5,7,0.0
2016-2017,CRDITED de la Montérégie-Est,0,5,8,0.0
2016-2017,CRDITED de la Montérégie-Est,0,5,9,184.0
2016-2017,CRDITED de la Montérégie-Est,0,6,1,0.0
2016-2017,CRDITED de la Montérégie-Est,0,6,2,0.0
2016-2017,CRDITED de la Montérégie-Est,0,6,3,170.0
2016-2017,CRDITED de la Montérégie-Est,0,6,4,239.0
2016-2017,CRDITED de la Montérégie-Est,0,6,5,68.0
2016-2017,CRDITED de la Montérégie-Est,0,6,6,4.0
2016-2017,CRDITED de la Montérégie-Est,0,6,7,0.0
2016-2017,CRDITED de la Montérégie-Est,0,6,8,0.0
2016-2017,CRDITED de la Montérégie-Est,0,6,9,148.0
2016-2017,CRDITED de la Montérégie-Est,0,7,1,2.0
2016-2017,CRDITED de la Montérégie-Est,0,7,2,1.0
2016-2017,CRDITED de la Montérégie-Est,0,7,3,1.0
2016-2017,CRDITED de la Montérégie-Est,0,7,4,4.0
2016-2017,CRDITED de la Montérégie-Est,0,7,5,13.0
2016-2017,CRDITED de la Montérégie-Est,0,7,6,2.0
2016-2017,CRDITED de la Montérégie-Est,0,7,7,0.0
2016-2017,CRDITED de la Montérégie-Est,0,7,8,0.0
2016-2017,CRDITED de la Montérégie-Est,0,7,9,23.0
2016-2017,CRDITED de la Montérégie-Est,0,8,1,153.0
2016-2017,CRDITED de la Montérégie-Est,0,8,2,192.0
2016-2017,CRDITED de la Montérégie-Est,0,8,3,53.0
2016-2017,CRDITED de la Montérégie-Est,0,8,4,900.0
2016-2017,CRDITED de la Montérégie-Est,0,8,5,1614.0
2016-2017,CRDITED de la Montérégie-Est,0,8,6,2411.0
2016-2017,CRDITED de la Montérégie-Est,0,8,7,0.0
2016-2017,CRDITED de la Montérégie-Est,0,8,8,0.0
2016-2017,CRDITED de la Montérégie-Est,0,8,9,1302.0
2016-2017,CRDITED de la Montérégie-Est,0,9,1,153.0
2016-2017,CRDITED de la Montérégie-Est,0,9,2,192.0
2016-2017,CRDITED de la Montérégie-Est,0,9,3,53.0
2016-2017,CRDITED de la Montérégie-Est,0,9,4,125.0
2016-2017,CRDITED de la Montérégie-Est,0,9,5,1093.0
2016-2017,CRDITED de la Montérégie-Est,0,9,6,2411.0
2016-2017,CRDITED de la Montérégie-Est,0,9,7,0.0
2016-2017,CRDITED de la Montérégie-Est,0,9,8,0.0
2016-2017,CRDITED de la Montérégie-Est,0,9,9,773.0
2016-2017,CRDITED de la Montérégie-Est,0,10,1,89.0
2016-2017,CRDITED de la Montérégie-Est,0,10,2,358.0
2016-2017,CRDITED de la Montérégie-Est,0,10,3,77.0
2016-2017,CRDITED de la Montérégie-Est,0,10,4,28.0
2016-2017,CRDITED de la Montérégie-Est,0,10,5,16.0
2016-2017,CRDITED de la Montérégie-Est,0,10,6,3.0
2016-2017,CRDITED de la Montérégie-Est,0,10,7,0.0
2016-2017,CRDITED de la Montérégie-Est,0,10,8,0.0
2016-2017,CRDITED de la Montérégie-Est,0,10,9,571.0
2016-2017,CRDITED de la Montérégie-Est,0,11,1,75.0
2016-2017,CRDITED de la Montérégie-Est,0,11,2,191.0
2016-2017,CRDITED de la Montérégie-Est,0,11,3,167.0
2016-2017,CRDITED de la Montérégie-Est,0,11,4,210.0
2016-2017,CRDITED de la Montérégie-Est,0,11,5,210.0
2016-2017,CRDITED de la Montérégie-Est,0,11,6,1790.0
2016-2017,CRDITED de la Montérégie-Est,0,11,7,0.0
2016-2017,CRDITED de la Montérégie-Est,0,11,8,0.0
2016-2017,CRDITED de la Montérégie-Est,0,11,9,179.0
2016-2017,CRDITED de la Montérégie-Est,0,12,1,40.0
2016-2017,CRDITED de la Montérégie-Est,0,12,2,177.0
2016-2017,CRDITED de la Montérégie-Est,0,12,3,158.0
2016-2017,CRDITED de la Montérégie-Est,0,12,4,224.0
2016-2017,CRDITED de la Montérégie-Est,0,12,5,154.0
2016-2017,CRDITED de la Montérégie-Est,0,12,6,2173.0
2016-2017,CRDITED de la Montérégie-Est,0,12,7,0.0
2016-2017,CRDITED de la Montérégie-Est,0,12,8,0.0
2016-2017,CRDITED de la Montérégie-Est,0,12,9,166.0
2016-2017,CRDITED de la Montérégie-Est,0,13,1,91.0
2016-2017,CRDITED de la Montérégie-Est,0,13,2,359.0
2016-2017,CRDITED de la Montérégie-Est,0,13,3,81.0
2016-2017,CRDITED de la Montérégie-Est,0,13,4,38.0
2016-2017,CRDITED de la Montérégie-Est,0,13,5,36.0
2016-2017,CRDITED de la Montérégie-Est,0,13,6,6.0
2016-2017,CRDITED de la Montérégie-Est,0,13,7,0.0
2016-2017,CRDITED de la Montérégie-Est,0,13,8,0.0
2016-2017,CRDITED de la Montérégie-Est,0,13,9,611.0
2016-2017,CRDITED de la Montérégie-Est,0,14,1,77.0
2016-2017,CRDITED de la Montérégie-Est,0,14,2,191.0
2016-2017,CRDITED de la Montérégie-Est,0,14,3,165.0
2016-2017,CRDITED de la Montérégie-Est,0,14,4,295.0
2016-2017,CRDITED de la Montérégie-Est,0,14,5,693.0
2016-2017,CRDITED de la Montérégie-Est,0,14,6,1699.0
2016-2017,CRDITED de la Montérégie-Est,0,14,7,0.0
2016-2017,CRDITED de la Montérégie-Est,0,14,8,0.0
2016-2017,CRDITED de la Montérégie-Est,0,14,9,221.0
2016-2017,CRDITED de la Montérégie-Est,0,15,1,43.0
2016-2017,CRDITED de la Montérégie-Est,0,15,2,177.0
2016-2017,CRDITED de la Montérégie-Est,0,15,3,158.0
2016-2017,CRDITED de la Montérégie-Est,0,15,4,224.0
2016-2017,CRDITED de la Montérégie-Est,0,15,5,210.0
2016-2017,CRDITED de la Montérégie-Est,0,15,6,1963.0
2016-2017,CRDITED de la Montérégie-Est,0,15,7,0.0
2016-2017,CRDITED de la Montérégie-Est,0,15,8,0.0
2016-2017,CRDITED de la Montérégie-Est,0,15,9,168.0
2016-2017,CRDITED du Bas-St-Laurent,0,4,4,3.0
2016-2017,CRDITED du Bas-St-Laurent,0,4,5,2.0
2016-2017,CRDITED du Bas-St-Laurent,0,4,9,5.0
2016-2017,CRDITED du Bas-St-Laurent,0,5,4,233.0
2016-2017,CRDITED du Bas-St-Laurent,0,5,5,144.0
2016-2017,CRDITED du Bas-St-Laurent,0,5,9,197.0
2016-2017,CRDITED du Bas-St-Laurent,0,6,4,200.0
2016-2017,CRDITED du Bas-St-Laurent,0,6,5,144.0
2016-2017,CRDITED du Bas-St-Laurent,0,6,9,193.0
2016-2017,CRDITED du Bas-St-Laurent,0,7,4,1.0
2016-2017,CRDITED du Bas-St-Laurent,0,7,9,1.0
2016-2017,CRDITED du Bas-St-Laurent,0,8,4,656.0
2016-2017,CRDITED du Bas-St-Laurent,0,8,9,656.0
2016-2017,CRDITED du Bas-St-Laurent,0,9,4,656.0
2016-2017,CRDITED du Bas-St-Laurent,0,9,9,656.0
2016-2017,CRDITED du Bas-St-Laurent,0,10,2,9.0
2016-2017,CRDITED du Bas-St-Laurent,0,10,3,6.0
2016-2017,CRDITED du Bas-St-Laurent,0,10,4,2.0
2016-2017,CRDITED du Bas-St-Laurent,0,10,5,4.0
2016-2017,CRDITED du Bas-St-Laurent,0,10,6,1.0
2016-2017,CRDITED du Bas-St-Laurent,0,10,7,1.0
2016-2017,CRDITED du Bas-St-Laurent,0,10,9,23.0
2016-2017,CRDITED du Bas-St-Laurent,0,11,2,73.0
2016-2017,CRDITED du Bas-St-Laurent,0,11,3,90.0
2016-2017,CRDITED du Bas-St-Laurent,0,11,4,127.0
2016-2017,CRDITED du Bas-St-Laurent,0,11,5,99.0
2016-2017,CRDITED du Bas-St-Laurent,0,11,6,220.0
2016-2017,CRDITED du Bas-St-Laurent,0,11,7,101.0
2016-2017,CRDITED du Bas-St-Laurent,0,11,9,94.0
2016-2017,CRDITED du Bas-St-Laurent,0,12,2,37.0
2016-2017,CRDITED du Bas-St-Laurent,0,12,3,73.0
2016-2017,CRDITED du Bas-St-Laurent,0,12,4,127.0
2016-2017,CRDITED du Bas-St-Laurent,0,12,5,101.0
2016-2017,CRDITED du Bas-St-Laurent,0,12,6,220.0
2016-2017,CRDITED du Bas-St-Laurent,0,12,7,101.0
2016-2017,CRDITED du Bas-St-Laurent,0,12,9,73.0
2016-2017,CRDITED du Bas-St-Laurent,0,13,2,9.0
2016-2017,CRDITED du Bas-St-Laurent,0,13,3,6.0
2016-2017,CRDITED du Bas-St-Laurent,0,13,4,6.0
2016-2017,CRDITED du Bas-St-Laurent,0,13,5,6.0
2016-2017,CRDITED du Bas-St-Laurent,0,13,6,1.0
2016-2017,CRDITED du Bas-St-Laurent,0,13,7,1.0
2016-2017,CRDITED du Bas-St-Laurent,0,13,9,29.0
2016-2017,CRDITED du Bas-St-Laurent,0,14,2,73.0
2016-2017,CRDITED du Bas-St-Laurent,0,14,3,90.0
2016-2017,CRDITED du Bas-St-Laurent,0,14,4,268.0
2016-2017,CRDITED du Bas-St-Laurent,0,14,5,114.0
2016-2017,CRDITED du Bas-St-Laurent,0,14,6,220.0
2016-2017,CRDITED du Bas-St-Laurent,0,14,7,101.0
2016-2017,CRDITED du Bas-St-Laurent,0,14,9,131.0
2016-2017,CRDITED du Bas-St-Laurent,0,15,2,37.0
2016-2017,CRDITED du Bas-St-Laurent,0,15,3,73.0
2016-2017,CRDITED du Bas-St-Laurent,0,15,4,216.0
2016-2017,CRDITED du Bas-St-Laurent,0,15,5,101.0
2016-2017,CRDITED du Bas-St-Laurent,0,15,6,220.0
2016-2017,CRDITED du Bas-St-Laurent,0,15,7,101.0
2016-2017,CRDITED du Bas-St-Laurent,0,15,9,101.0
2016-2017,CRDITED du SaguenayLac-St-Jean,0,1,1,0.0
2016-2017,CRDITED du SaguenayLac-St-Jean,0,1,2,0.0
2016-2017,CRDITED du SaguenayLac-St-Jean,0,1,3,0.0
2016-2017,CRDITED du SaguenayLac-St-Jean,0,1,4,2.0
2016-2017,CRDITED du SaguenayLac-St-Jean,0,1,5,2.0
2016-2017,CRDITED du SaguenayLac-St-Jean,0,1,6,0.0
2016-2017,CRDITED du SaguenayLac-St-Jean,0,1,7,0.0
2016-2017,CRDITED du SaguenayLac-St-Jean,0,1,8,0.0
2016-2017,CRDITED du SaguenayLac-St-Jean,0,1,9,4.0
2016-2017,CRDITED du SaguenayLac-St-Jean,0,2,1,0.0
2016-2017,CRDITED du SaguenayLac-St-Jean,0,2,2,0.0
2016-2017,CRDITED du SaguenayLac-St-Jean,0,2,3,0.0
2016-2017,CRDITED du SaguenayLac-St-Jean,0,2,4,522.0
2016-2017,CRDITED du SaguenayLac-St-Jean,0,2,5,154.0
2016-2017,CRDITED du SaguenayLac-St-Jean,0,2,6,0.0
2016-2017,CRDITED du SaguenayLac-St-Jean,0,2,7,0.0
2016-2017,CRDITED du SaguenayLac-St-Jean,0,2,8,0.0
2016-2017,CRDITED du SaguenayLac-St-Jean,0,2,9,338.0
2016-2017,CRDITED du SaguenayLac-St-Jean,0,3,1,0.0
2016-2017,CRDITED du SaguenayLac-St-Jean,0,3,2,0.0
2016-2017,CRDITED du SaguenayLac-St-Jean,0,3,3,0.0
2016-2017,CRDITED du SaguenayLac-St-Jean,0,3,4,522.0
2016-2017,CRDITED du SaguenayLac-St-Jean,0,3,5,154.0
2016-2017,CRDITED du SaguenayLac-St-Jean,0,3,6,0.0
2016-2017,CRDITED du SaguenayLac-St-Jean,0,3,7,0.0
2016-2017,CRDITED du SaguenayLac-St-Jean,0,3,8,0.0
2016-2017,CRDITED du SaguenayLac-St-Jean,0,3,9,154.0
2016-2017,CRDITED du SaguenayLac-St-Jean,0,4,1,0.0
2016-2017,CRDITED du SaguenayLac-St-Jean,0,4,2,0.0
2016-2017,CRDITED du SaguenayLac-St-Jean,0,4,3,3.0
2016-2017,CRDITED du SaguenayLac-St-Jean,0,4,4,5.0
2016-2017,CRDITED du SaguenayLac-St-Jean,0,4,5,5.0
2016-2017,CRDITED du SaguenayLac-St-Jean,0,4,6,0.0
2016-2017,CRDITED du SaguenayLac-St-Jean,0,4,7,0.0
2016-2017,CRDITED du SaguenayLac-St-Jean,0,4,8,0.0
2016-2017,CRDITED du SaguenayLac-St-Jean,0,4,9,13.0
2016-2017,CRDITED du SaguenayLac-St-Jean,0,5,1,0.0
2016-2017,CRDITED du SaguenayLac-St-Jean,0,5,2,0.0
2016-2017,CRDITED du SaguenayLac-St-Jean,0,5,3,110.0
2016-2017,CRDITED du SaguenayLac-St-Jean,0,5,4,177.0
2016-2017,CRDITED du SaguenayLac-St-Jean,0,5,5,195.0
2016-2017,CRDITED du SaguenayLac-St-Jean,0,5,6,0.0
2016-2017,CRDITED du SaguenayLac-St-Jean,0,5,7,0.0
2016-2017,CRDITED du SaguenayLac-St-Jean,0,5,8,0.0
2016-2017,CRDITED du SaguenayLac-St-Jean,0,5,9,168.0
2016-2017,CRDITED du SaguenayLac-St-Jean,0,6,1,0.0
2016-2017,CRDITED du SaguenayLac-St-Jean,0,6,2,0.0
2016-2017,CRDITED du SaguenayLac-St-Jean,0,6,3,5.0
2016-2017,CRDITED du SaguenayLac-St-Jean,0,6,4,136.0
2016-2017,CRDITED du SaguenayLac-St-Jean,0,6,5,179.0
2016-2017,CRDITED du SaguenayLac-St-Jean,0,6,6,0.0
2016-2017,CRDITED du SaguenayLac-St-Jean,0,6,7,0.0
2016-2017,CRDITED du SaguenayLac-St-Jean,0,6,8,0.0
2016-2017,CRDITED du SaguenayLac-St-Jean,0,6,9,136.0
2016-2017,CRDITED du SaguenayLac-St-Jean,0,7,1,0.0
2016-2017,CRDITED du SaguenayLac-St-Jean,0,7,2,0.0
2016-2017,CRDITED du SaguenayLac-St-Jean,0,7,3,0.0
2016-2017,CRDITED du SaguenayLac-St-Jean,0,7,4,0.0
2016-2017,CRDITED du SaguenayLac-St-Jean,0,7,5,2.0
2016-2017,CRDITED du SaguenayLac-St-Jean,0,7,6,0.0
2016-2017,CRDITED du SaguenayLac-St-Jean,0,7,7,0.0
2016-2017,CRDITED du SaguenayLac-St-Jean,0,7,8,0.0
2016-2017,CRDITED du SaguenayLac-St-Jean,0,7,9,2.0
2016-2017,CRDITED du SaguenayLac-St-Jean,0,8,1,0.0
2016-2017,CRDITED du SaguenayLac-St-Jean,0,8,2,0.0
2016-2017,CRDITED du SaguenayLac-St-Jean,0,8,3,0.0
2016-2017,CRDITED du SaguenayLac-St-Jean,0,8,4,0.0
2016-2017,CRDITED du SaguenayLac-St-Jean,0,8,5,193.0
2016-2017,CRDITED du SaguenayLac-St-Jean,0,8,6,0.0
2016-2017,CRDITED du SaguenayLac-St-Jean,0,8,7,0.0
2016-2017,CRDITED du SaguenayLac-St-Jean,0,8,8,0.0
2016-2017,CRDITED du SaguenayLac-St-Jean,0,8,9,193.0
2016-2017,CRDITED du SaguenayLac-St-Jean,0,9,1,0.0
2016-2017,CRDITED du SaguenayLac-St-Jean,0,9,2,0.0
2016-2017,CRDITED du SaguenayLac-St-Jean,0,9,3,0.0
2016-2017,CRDITED du SaguenayLac-St-Jean,0,9,4,0.0
2016-2017,CRDITED du SaguenayLac-St-Jean,0,9,5,193.0
2016-2017,CRDITED du SaguenayLac-St-Jean,0,9,6,0.0
2016-2017,CRDITED du SaguenayLac-St-Jean,0,9,7,0.0
2016-2017,CRDITED du SaguenayLac-St-Jean,0,9,8,0.0
2016-2017,CRDITED du SaguenayLac-St-Jean,0,9,9,193.0
2016-2017,CRDITED du SaguenayLac-St-Jean,0,10,1,1.0
2016-2017,CRDITED du SaguenayLac-St-Jean,0,10,2,6.0
2016-2017,CRDITED du SaguenayLac-St-Jean,0,10,3,4.0
2016-2017,CRDITED du SaguenayLac-St-Jean,0,10,4,6.0
2016-2017,CRDITED du SaguenayLac-St-Jean,0,10,5,6.0
2016-2017,CRDITED du SaguenayLac-St-Jean,0,10,6,0.0
2016-2017,CRDITED du SaguenayLac-St-Jean,0,10,7,0.0
2016-2017,CRDITED du SaguenayLac-St-Jean,0,10,8,0.0
2016-2017,CRDITED du SaguenayLac-St-Jean,0,10,9,23.0
2016-2017,CRDITED du SaguenayLac-St-Jean,0,11,1,39.0
2016-2017,CRDITED du SaguenayLac-St-Jean,0,11,2,141.0
2016-2017,CRDITED du SaguenayLac-St-Jean,0,11,3,40.0
2016-2017,CRDITED du SaguenayLac-St-Jean,0,11,4,56.0
2016-2017,CRDITED du SaguenayLac-St-Jean,0,11,5,49.0
2016-2017,CRDITED du SaguenayLac-St-Jean,0,11,6,0.0
2016-2017,CRDITED du SaguenayLac-St-Jean,0,11,7,0.0
2016-2017,CRDITED du SaguenayLac-St-Jean,0,11,8,0.0
2016-2017,CRDITED du SaguenayLac-St-Jean,0,11,9,73.0
2016-2017,CRDITED du SaguenayLac-St-Jean,0,12,1,39.0
2016-2017,CRDITED du SaguenayLac-St-Jean,0,12,2,70.0
2016-2017,CRDITED du SaguenayLac-St-Jean,0,12,3,38.0
2016-2017,CRDITED du SaguenayLac-St-Jean,0,12,4,33.0
2016-2017,CRDITED du SaguenayLac-St-Jean,0,12,5,46.0
2016-2017,CRDITED du SaguenayLac-St-Jean,0,12,6,0.0
2016-2017,CRDITED du SaguenayLac-St-Jean,0,12,7,0.0
2016-2017,CRDITED du SaguenayLac-St-Jean,0,12,8,0.0
2016-2017,CRDITED du SaguenayLac-St-Jean,0,12,9,45.0
2016-2017,CRDITED du SaguenayLac-St-Jean,0,13,1,1.0
2016-2017,CRDITED du SaguenayLac-St-Jean,0,13,2,6.0
2016-2017,CRDITED du SaguenayLac-St-Jean,0,13,3,7.0
2016-2017,CRDITED du SaguenayLac-St-Jean,0,13,4,13.0
2016-2017,CRDITED du SaguenayLac-St-Jean,0,13,5,15.0
2016-2017,CRDITED du SaguenayLac-St-Jean,0,13,6,0.0
2016-2017,CRDITED du SaguenayLac-St-Jean,0,13,7,0.0
2016-2017,CRDITED du SaguenayLac-St-Jean,0,13,8,0.0
2016-2017,CRDITED du SaguenayLac-St-Jean,0,13,9,42.0
2016-2017,CRDITED du SaguenayLac-St-Jean,0,14,1,39.0
2016-2017,CRDITED du SaguenayLac-St-Jean,0,14,2,141.0
2016-2017,CRDITED du SaguenayLac-St-Jean,0,14,3,70.0
2016-2017,CRDITED du SaguenayLac-St-Jean,0,14,4,174.0
2016-2017,CRDITED du SaguenayLac-St-Jean,0,14,5,131.0
2016-2017,CRDITED du SaguenayLac-St-Jean,0,14,6,0.0
2016-2017,CRDITED du SaguenayLac-St-Jean,0,14,7,0.0
2016-2017,CRDITED du SaguenayLac-St-Jean,0,14,8,0.0
2016-2017,CRDITED du SaguenayLac-St-Jean,0,14,9,133.0
2016-2017,CRDITED du SaguenayLac-St-Jean,0,15,1,39.0
2016-2017,CRDITED du SaguenayLac-St-Jean,0,15,2,70.0
2016-2017,CRDITED du SaguenayLac-St-Jean,0,15,3,31.0
2016-2017,CRDITED du SaguenayLac-St-Jean,0,15,4,44.0
2016-2017,CRDITED du SaguenayLac-St-Jean,0,15,5,102.0
2016-2017,CRDITED du SaguenayLac-St-Jean,0,15,6,0.0
2016-2017,CRDITED du SaguenayLac-St-Jean,0,15,7,0.0
2016-2017,CRDITED du SaguenayLac-St-Jean,0,15,8,0.0
2016-2017,CRDITED du SaguenayLac-St-Jean,0,15,9,69.0
2016-2017,CSSS des Îles,0,10,1,1.0
2016-2017,CSSS des Îles,0,10,9,1.0
2016-2017,CSSS des Îles,0,11,1,2.0
2016-2017,CSSS des Îles,0,11,9,2.0
2016-2017,CSSS des Îles,0,12,1,2.0
2016-2017,CSSS des Îles,0,12,9,2.0
2016-2017,CSSS des Îles,0,13,1,1.0
2016-2017,CSSS des Îles,0,13,9,1.0
2016-2017,CSSS des Îles,0,14,1,2.0
2016-2017,CSSS des Îles,0,14,9,2.0
2016-2017,CSSS des Îles,0,15,1,2.0
2016-2017,CSSS des Îles,0,15,9,2.0
2016-2017,Centre Miriam,0,1,1,0.0
2016-2017,Centre Miriam,0,1,2,0.0
2016-2017,Centre Miriam,0,1,3,0.0
2016-2017,Centre Miriam,0,1,4,0.0
2016-2017,Centre Miriam,0,1,5,0.0
2016-2017,Centre Miriam,0,1,6,2.0
2016-2017,Centre Miriam,0,1,7,0.0
2016-2017,Centre Miriam,0,1,8,0.0
2016-2017,Centre Miriam,0,1,9,2.0
2016-2017,Centre Miriam,0,2,6,1790.0
2016-2017,Centre Miriam,0,2,9,1790.0
2016-2017,Centre Miriam,0,3,6,1790.0
2016-2017,Centre Miriam,0,3,9,1790.0
2016-2017,Centre Miriam,0,4,1,0.0
2016-2017,Centre Miriam,0,4,2,0.0
2016-2017,Centre Miriam,0,4,3,0.0
2016-2017,Centre Miriam,0,4,4,1.0
2016-2017,Centre Miriam,0,4,5,2.0
2016-2017,Centre Miriam,0,4,6,1.0
2016-2017,Centre Miriam,0,4,7,0.0
2016-2017,Centre Miriam,0,4,8,0.0
2016-2017,Centre Miriam,0,4,9,4.0
2016-2017,Centre Miriam,0,5,4,172.0
2016-2017,Centre Miriam,0,5,5,270.0
2016-2017,Centre Miriam,0,5,6,1679.0
2016-2017,Centre Miriam,0,5,9,598.0
2016-2017,Centre Miriam,0,6,4,172.0
2016-2017,Centre Miriam,0,6,5,270.0
2016-2017,Centre Miriam,0,6,6,1679.0
2016-2017,Centre Miriam,0,6,9,270.0
2016-2017,Centre Miriam,0,7,1,1.0
2016-2017,Centre Miriam,0,7,2,20.0
2016-2017,Centre Miriam,0,7,3,9.0
2016-2017,Centre Miriam,0,7,4,6.0
2016-2017,Centre Miriam,0,7,5,3.0
2016-2017,Centre Miriam,0,7,6,0.0
2016-2017,Centre Miriam,0,7,7,0.0
2016-2017,Centre Miriam,0,7,8,0.0
2016-2017,Centre Miriam,0,7,9,39.0
2016-2017,Centre Miriam,0,8,1,39.0
2016-2017,Centre Miriam,0,8,2,372.0
2016-2017,Centre Miriam,0,8,3,353.0
2016-2017,Centre Miriam,0,8,4,497.0
2016-2017,Centre Miriam,0,8,5,403.0
2016-2017,Centre Miriam,0,8,9,381.0
2016-2017,Centre Miriam,0,9,1,39.0
2016-2017,Centre Miriam,0,9,2,325.0
2016-2017,Centre Miriam,0,9,3,334.0
2016-2017,Centre Miriam,0,9,4,285.0
2016-2017,Centre Miriam,0,9,5,424.0
2016-2017,Centre Miriam,0,9,9,334.0
2016-2017,Centre Miriam,0,10,1,47.0
2016-2017,Centre Miriam,0,10,2,114.0
2016-2017,Centre Miriam,0,10,3,35.0
2016-2017,Centre Miriam,0,10,4,10.0
2016-2017,Centre Miriam,0,10,5,10.0
2016-2017,Centre Miriam,0,10,6,0.0
2016-2017,Centre Miriam,0,10,7,0.0
2016-2017,Centre Miriam,0,10,8,0.0
2016-2017,Centre Miriam,0,10,9,216.0
2016-2017,Centre Miriam,0,11,1,165.0
2016-2017,Centre Miriam,0,11,2,187.0
2016-2017,Centre Miriam,0,11,3,210.0
2016-2017,Centre Miriam,0,11,4,404.0
2016-2017,Centre Miriam,0,11,5,364.0
2016-2017,Centre Miriam,0,11,9,203.0
2016-2017,Centre Miriam,0,12,1,165.0
2016-2017,Centre Miriam,0,12,2,161.0
2016-2017,Centre Miriam,0,12,3,176.0
2016-2017,Centre Miriam,0,12,4,429.0
2016-2017,Centre Miriam,0,12,5,273.0
2016-2017,Centre Miriam,0,12,9,167.0
2016-2017,Centre Miriam,0,13,1,48.0
2016-2017,Centre Miriam,0,13,2,134.0
2016-2017,Centre Miriam,0,13,3,44.0
2016-2017,Centre Miriam,0,13,4,17.0
2016-2017,Centre Miriam,0,13,5,15.0
2016-2017,Centre Miriam,0,13,6,3.0
2016-2017,Centre Miriam,0,13,7,0.0
2016-2017,Centre Miriam,0,13,8,0.0
2016-2017,Centre Miriam,0,13,9,261.0
2016-2017,Centre Miriam,0,14,1,162.0
2016-2017,Centre Miriam,0,14,2,215.0
2016-2017,Centre Miriam,0,14,3,239.0
2016-2017,Centre Miriam,0,14,4,423.0
2016-2017,Centre Miriam,0,14,5,358.0
2016-2017,Centre Miriam,0,14,6,1753.0
2016-2017,Centre Miriam,0,14,9,248.0
2016-2017,Centre Miriam,0,15,1,164.0
2016-2017,Centre Miriam,0,15,2,179.0
2016-2017,Centre Miriam,0,15,3,207.0
2016-2017,Centre Miriam,0,15,4,312.0
2016-2017,Centre Miriam,0,15,5,320.0
2016-2017,Centre Miriam,0,15,6,1679.0
2016-2017,Centre Miriam,0,15,9,191.0
2016-2017,Centre du Florès,0,1,1,0.0
2016-2017,Centre du Florès,0,1,2,0.0
2016-2017,Centre du Florès,0,1,3,0.0
2016-2017,Centre du Florès,0,1,4,0.0
2016-2017,Centre du Florès,0,1,5,3.0
2016-2017,Centre du Florès,0,1,6,1.0
2016-2017,Centre du Florès,0,1,7,0.0
2016-2017,Centre du Florès,0,1,8,0.0
2016-2017,Centre du Florès,0,1,9,4.0
2016-2017,Centre du Florès,0,2,1,0.0
2016-2017,Centre du Florès,0,2,2,0.0
2016-2017,Centre du Florès,0,2,3,0.0
2016-2017,Centre du Florès,0,2,4,0.0
2016-2017,Centre du Florès,0,2,5,772.0
2016-2017,Centre du Florès,0,2,6,2706.0
2016-2017,Centre du Florès,0,2,7,0.0
2016-2017,Centre du Florès,0,2,8,0.0
2016-2017,Centre du Florès,0,2,9,1255.0
2016-2017,Centre du Florès,0,3,1,0.0
2016-2017,Centre du Florès,0,3,2,0.0
2016-2017,Centre du Florès,0,3,3,0.0
2016-2017,Centre du Florès,0,3,4,0.0
2016-2017,Centre du Florès,0,3,5,982.0
2016-2017,Centre du Florès,0,3,6,2706.0
2016-2017,Centre du Florès,0,3,7,0.0
2016-2017,Centre du Florès,0,3,8,0.0
2016-2017,Centre du Florès,0,3,9,1061.0
2016-2017,Centre du Florès,0,4,1,0.0
2016-2017,Centre du Florès,0,4,2,0.0
2016-2017,Centre du Florès,0,4,3,2.0
2016-2017,Centre du Florès,0,4,4,12.0
2016-2017,Centre du Florès,0,4,5,9.0
2016-2017,Centre du Florès,0,4,6,0.0
2016-2017,Centre du Florès,0,4,7,0.0
2016-2017,Centre du Florès,0,4,8,0.0
2016-2017,Centre du Florès,0,4,9,23.0
2016-2017,Centre du Florès,0,5,3,10.0
2016-2017,Centre du Florès,0,5,4,213.0
2016-2017,Centre du Florès,0,5,5,628.0
2016-2017,Centre du Florès,0,5,6,0.0
2016-2017,Centre du Florès,0,5,7,0.0
2016-2017,Centre du Florès,0,5,8,0.0
2016-2017,Centre du Florès,0,5,9,357.0
2016-2017,Centre du Florès,0,6,1,0.0
2016-2017,Centre du Florès,0,6,2,0.0
2016-2017,Centre du Florès,0,6,3,10.0
2016-2017,Centre du Florès,0,6,4,163.0
2016-2017,Centre du Florès,0,6,5,733.0
2016-2017,Centre du Florès,0,6,6,0.0
2016-2017,Centre du Florès,0,6,7,0.0
2016-2017,Centre du Florès,0,6,8,0.0
2016-2017,Centre du Florès,0,6,9,193.0
2016-2017,Centre du Florès,0,7,1,0.0
2016-2017,Centre du Florès,0,7,2,6.0
2016-2017,Centre du Florès,0,7,3,1.0
2016-2017,Centre du Florès,0,7,4,4.0
2016-2017,Centre du Florès,0,7,5,10.0
2016-2017,Centre du Florès,0,7,6,3.0
2016-2017,Centre du Florès,0,7,7,0.0
2016-2017,Centre du Florès,0,7,8,0.0
2016-2017,Centre du Florès,0,7,9,24.0
2016-2017,Centre du Florès,0,8,1,0.0
2016-2017,Centre du Florès,0,8,2,718.0
2016-2017,Centre du Florès,0,8,3,500.0
2016-2017,Centre du Florès,0,8,4,582.0
2016-2017,Centre du Florès,0,8,5,1264.0
2016-2017,Centre du Florès,0,8,6,1728.0
2016-2017,Centre du Florès,0,8,7,0.0
2016-2017,Centre du Florès,0,8,8,0.0
2016-2017,Centre du Florès,0,8,9,1040.0
2016-2017,Centre du Florès,0,9,1,0.0
2016-2017,Centre du Florès,0,9,2,692.0
2016-2017,Centre du Florès,0,9,3,500.0
2016-2017,Centre du Florès,0,9,4,528.0
2016-2017,Centre du Florès,0,9,5,1118.0
2016-2017,Centre du Florès,0,9,6,2132.0
2016-2017,Centre du Florès,0,9,7,0.0
2016-2017,Centre du Florès,0,9,8,0.0
2016-2017,Centre du Florès,0,9,9,937.0
2016-2017,Centre du Florès,0,10,1,10.0
2016-2017,Centre du Florès,0,10,2,32.0
2016-2017,Centre du Florès,0,10,3,15.0
2016-2017,Centre du Florès,0,10,4,5.0
2016-2017,Centre du Florès,0,10,5,7.0
2016-2017,Centre du Florès,0,10,6,2.0
2016-2017,Centre du Florès,0,10,7,0.0
2016-2017,Centre du Florès,0,10,8,0.0
2016-2017,Centre du Florès,0,10,9,71.0
2016-2017,Centre du Florès,0,11,1,40.0
2016-2017,Centre du Florès,0,11,2,124.0
2016-2017,Centre du Florès,0,11,3,96.0
2016-2017,Centre du Florès,0,11,4,120.0
2016-2017,Centre du Florès,0,11,5,886.0
2016-2017,Centre du Florès,0,11,6,2419.0
2016-2017,Centre du Florès,0,11,7,0.0
2016-2017,Centre du Florès,0,11,8,0.0
2016-2017,Centre du Florès,0,11,9,246.0
2016-2017,Centre du Florès,0,12,1,40.0
2016-2017,Centre du Florès,0,12,2,70.0
2016-2017,Centre du Florès,0,12,3,58.0
2016-2017,Centre du Florès,0,12,4,16.0
2016-2017,Centre du Florès,0,12,5,164.0
2016-2017,Centre du Florès,0,12,6,2419.0
2016-2017,Centre du Florès,0,12,7,0.0
2016-2017,Centre du Florès,0,12,8,0.0
2016-2017,Centre du Florès,0,12,9,66.0
2016-2017,Centre du Florès,0,13,1,10.0
2016-2017,Centre du Florès,0,13,2,38.0
2016-2017,Centre du Florès,0,13,3,18.0
2016-2017,Centre du Florès,0,13,4,21.0
2016-2017,Centre du Florès,0,13,5,29.0
2016-2017,Centre du Florès,0,13,6,6.0
2016-2017,Centre du Florès,0,13,7,0.0
2016-2017,Centre du Florès,0,13,8,0.0
2016-2017,Centre du Florès,0,13,9,122.0
2016-2017,Centre du Florès,0,14,1,40.0
2016-2017,Centre du Florès,0,14,2,218.0
2016-2017,Centre du Florès,0,14,3,109.0
2016-2017,Centre du Florès,0,14,4,261.0
2016-2017,Centre du Florès,0,14,5,924.0
2016-2017,Centre du Florès,0,14,6,2121.0
2016-2017,Centre du Florès,0,14,7,0.0
2016-2017,Centre du Florès,0,14,8,0.0
2016-2017,Centre du Florès,0,14,9,456.0
2016-2017,Centre du Florès,0,15,1,40.0
2016-2017,Centre du Florès,0,15,2,91.0
2016-2017,Centre du Florès,0,15,3,49.0
2016-2017,Centre du Florès,0,15,4,198.0
2016-2017,Centre du Florès,0,15,5,982.0
2016-2017,Centre du Florès,0,15,6,2419.0
2016-2017,Centre du Florès,0,15,7,0.0
2016-2017,Centre du Florès,0,15,8,0.0
2016-2017,Centre du Florès,0,15,9,138.0
2016-2017,Pavillon du Parc,0,1,4,1.0
2016-2017,Pavillon du Parc,0,1,5,1.0
2016-2017,Pavillon du Parc,0,1,9,2.0
2016-2017,Pavillon du Parc,0,2,4,107.0
2016-2017,Pavillon du Parc,0,2,5,656.0
2016-2017,Pavillon du Parc,0,2,9,382.0
2016-2017,Pavillon du Parc,0,3,4,107.0
2016-2017,Pavillon du Parc,0,3,5,656.0
2016-2017,Pavillon du Parc,0,3,9,382.0
2016-2017,Pavillon du Parc,0,7,2,2.0
2016-2017,Pavillon du Parc,0,7,3,5.0
2016-2017,Pavillon du Parc,0,7,4,2.0
2016-2017,Pavillon du Parc,0,7,5,6.0
2016-2017,Pavillon du Parc,0,7,9,15.0
2016-2017,Pavillon du Parc,0,8,2,532.0
2016-2017,Pavillon du Parc,0,8,3,910.0
2016-2017,Pavillon du Parc,0,8,4,953.0
2016-2017,Pavillon du Parc,0,8,5,1439.0
2016-2017,Pavillon du Parc,0,8,9,1077.0
2016-2017,Pavillon du Parc,0,9,2,532.0
2016-2017,Pavillon du Parc,0,9,3,519.0
2016-2017,Pavillon du Parc,0,9,4,953.0
2016-2017,Pavillon du Parc,0,9,5,1553.0
2016-2017,Pavillon du Parc,0,9,9,802.0
2016-2017,Pavillon du Parc,0,10,1,12.0
2016-2017,Pavillon du Parc,0,10,2,88.0
2016-2017,Pavillon du Parc,0,10,3,26.0
2016-2017,Pavillon du Parc,0,10,4,3.0
2016-2017,Pavillon du Parc,0,10,5,6.0
2016-2017,Pavillon du Parc,0,10,9,135.0
2016-2017,Pavillon du Parc,0,11,1,52.0
2016-2017,Pavillon du Parc,0,11,2,154.0
2016-2017,Pavillon du Parc,0,11,3,228.0
2016-2017,Pavillon du Parc,0,11,4,122.0
2016-2017,Pavillon du Parc,0,11,5,212.0
2016-2017,Pavillon du Parc,0,11,9,161.0
2016-2017,Pavillon du Parc,0,12,1,37.0
2016-2017,Pavillon du Parc,0,12,2,108.0
2016-2017,Pavillon du Parc,0,12,3,104.0
2016-2017,Pavillon du Parc,0,12,4,61.0
2016-2017,Pavillon du Parc,0,12,5,102.0
2016-2017,Pavillon du Parc,0,12,9,99.0
2016-2017,Pavillon du Parc,0,13,1,12.0
2016-2017,Pavillon du Parc,0,13,2,90.0
2016-2017,Pavillon du Parc,0,13,3,31.0
2016-2017,Pavillon du Parc,0,13,4,6.0
2016-2017,Pavillon du Parc,0,13,5,13.0
2016-2017,Pavillon du Parc,0,13,9,152.0
2016-2017,Pavillon du Parc,0,14,1,52.0
2016-2017,Pavillon du Parc,0,14,2,163.0
2016-2017,Pavillon du Parc,0,14,3,338.0
2016-2017,Pavillon du Parc,0,14,4,397.0
2016-2017,Pavillon du Parc,0,14,5,813.0
2016-2017,Pavillon du Parc,0,14,9,254.0
2016-2017,Pavillon du Parc,0,15,1,37.0
2016-2017,Pavillon du Parc,0,15,2,117.0
2016-2017,Pavillon du Parc,0,15,3,246.0
2016-2017,Pavillon du Parc,0,15,4,194.0
2016-2017,Pavillon du Parc,0,15,5,656.0
2016-2017,Pavillon du Parc,0,15,9,117.0
2016-2017,Réadaptation du Sud-Ouest et du Renfort,0,1,4,3.0
2016-2017,Réadaptation du Sud-Ouest et du Renfort,0,1,5,2.0
2016-2017,Réadaptation du Sud-Ouest et du Renfort,0,1,9,5.0
2016-2017,Réadaptation du Sud-Ouest et du Renfort,0,2,4,211.0
2016-2017,Réadaptation du Sud-Ouest et du Renfort,0,2,5,325.0
2016-2017,Réadaptation du Sud-Ouest et du Renfort,0,2,9,257.0
2016-2017,Réadaptation du Sud-Ouest et du Renfort,0,3,4,249.0
2016-2017,Réadaptation du Sud-Ouest et du Renfort,0,3,5,325.0
2016-2017,Réadaptation du Sud-Ouest et du Renfort,0,3,9,318.0
2016-2017,Réadaptation du Sud-Ouest et du Renfort,0,4,3,5.0
2016-2017,Réadaptation du Sud-Ouest et du Renfort,0,4,4,20.0
2016-2017,Réadaptation du Sud-Ouest et du Renfort,0,4,5,15.0
2016-2017,Réadaptation du Sud-Ouest et du Renfort,0,4,9,40.0
2016-2017,Réadaptation du Sud-Ouest et du Renfort,0,5,3,49.0
2016-2017,Réadaptation du Sud-Ouest et du Renfort,0,5,4,208.0
2016-2017,Réadaptation du Sud-Ouest et du Renfort,0,5,5,138.0
2016-2017,Réadaptation du Sud-Ouest et du Renfort,0,5,9,162.0
2016-2017,Réadaptation du Sud-Ouest et du Renfort,0,6,3,45.0
2016-2017,Réadaptation du Sud-Ouest et du Renfort,0,6,4,161.0
2016-2017,Réadaptation du Sud-Ouest et du Renfort,0,6,5,143.0
2016-2017,Réadaptation du Sud-Ouest et du Renfort,0,6,9,129.0
2016-2017,Réadaptation du Sud-Ouest et du Renfort,0,7,2,5.0
2016-2017,Réadaptation du Sud-Ouest et du Renfort,0,7,3,6.0
2016-2017,Réadaptation du Sud-Ouest et du Renfort,0,7,4,4.0
2016-2017,Réadaptation du Sud-Ouest et du Renfort,0,7,5,6.0
2016-2017,Réadaptation du Sud-Ouest et du Renfort,0,7,6,1.0
2016-2017,Réadaptation du Sud-Ouest et du Renfort,0,7,9,22.0
2016-2017,Réadaptation du Sud-Ouest et du Renfort,0,8,2,87.0
2016-2017,Réadaptation du Sud-Ouest et du Renfort,0,8,3,470.0
2016-2017,Réadaptation du Sud-Ouest et du Renfort,0,8,4,255.0
2016-2017,Réadaptation du Sud-Ouest et du Renfort,0,8,5,1063.0
2016-2017,Réadaptation du Sud-Ouest et du Renfort,0,8,6,103.0
2016-2017,Réadaptation du Sud-Ouest et du Renfort,0,8,9,489.0
2016-2017,Réadaptation du Sud-Ouest et du Renfort,0,9,2,73.0
2016-2017,Réadaptation du Sud-Ouest et du Renfort,0,9,3,143.0
2016-2017,Réadaptation du Sud-Ouest et du Renfort,0,9,4,133.0
2016-2017,Réadaptation du Sud-Ouest et du Renfort,0,9,5,1277.0
2016-2017,Réadaptation du Sud-Ouest et du Renfort,0,9,6,103.0
2016-2017,Réadaptation du Sud-Ouest et du Renfort,0,9,9,143.0
2016-2017,Réadaptation du Sud-Ouest et du Renfort,0,10,1,51.0
2016-2017,Réadaptation du Sud-Ouest et du Renfort,0,10,2,262.0
2016-2017,Réadaptation du Sud-Ouest et du Renfort,0,10,3,73.0
2016-2017,Réadaptation du Sud-Ouest et du Renfort,0,10,4,17.0
2016-2017,Réadaptation du Sud-Ouest et du Renfort,0,10,5,11.0
2016-2017,Réadaptation du Sud-Ouest et du Renfort,0,10,6,2.0
2016-2017,Réadaptation du Sud-Ouest et du Renfort,0,10,9,416.0
2016-2017,Réadaptation du Sud-Ouest et du Renfort,0,11,1,37.0
2016-2017,Réadaptation du Sud-Ouest et du Renfort,0,11,2,166.0
2016-2017,Réadaptation du Sud-Ouest et du Renfort,0,11,3,198.0
2016-2017,Réadaptation du Sud-Ouest et du Renfort,0,11,4,113.0
2016-2017,Réadaptation du Sud-Ouest et du Renfort,0,11,5,230.0
2016-2017,Réadaptation du Sud-Ouest et du Renfort,0,11,6,78.0
2016-2017,Réadaptation du Sud-Ouest et du Renfort,0,11,9,155.0
2016-2017,Réadaptation du Sud-Ouest et du Renfort,0,12,1,16.0
2016-2017,Réadaptation du Sud-Ouest et du Renfort,0,12,2,129.0
2016-2017,Réadaptation du Sud-Ouest et du Renfort,0,12,3,143.0
2016-2017,Réadaptation du Sud-Ouest et du Renfort,0,12,4,73.0
2016-2017,Réadaptation du Sud-Ouest et du Renfort,0,12,5,199.0
2016-2017,Réadaptation du Sud-Ouest et du Renfort,0,12,6,78.0
2016-2017,Réadaptation du Sud-Ouest et du Renfort,0,12,9,108.0
2016-2017,Réadaptation du Sud-Ouest et du Renfort,0,13,1,51.0
2016-2017,Réadaptation du Sud-Ouest et du Renfort,0,13,2,267.0
2016-2017,Réadaptation du Sud-Ouest et du Renfort,0,13,3,84.0
2016-2017,Réadaptation du Sud-Ouest et du Renfort,0,13,4,44.0
2016-2017,Réadaptation du Sud-Ouest et du Renfort,0,13,5,34.0
2016-2017,Réadaptation du Sud-Ouest et du Renfort,0,13,6,3.0
2016-2017,Réadaptation du Sud-Ouest et du Renfort,0,13,9,483.0
2016-2017,Réadaptation du Sud-Ouest et du Renfort,0,14,1,37.0
2016-2017,Réadaptation du Sud-Ouest et du Renfort,0,14,2,164.0
2016-2017,Réadaptation du Sud-Ouest et du Renfort,0,14,3,209.0
2016-2017,Réadaptation du Sud-Ouest et du Renfort,0,14,4,176.0
2016-2017,Réadaptation du Sud-Ouest et du Renfort,0,14,5,342.0
2016-2017,Réadaptation du Sud-Ouest et du Renfort,0,14,6,86.0
2016-2017,Réadaptation du Sud-Ouest et du Renfort,0,14,9,172.0
2016-2017,Réadaptation du Sud-Ouest et du Renfort,0,15,1,16.0
2016-2017,Réadaptation du Sud-Ouest et du Renfort,0,15,2,129.0
2016-2017,Réadaptation du Sud-Ouest et du Renfort,0,15,3,135.0
2016-2017,Réadaptation du Sud-Ouest et du Renfort,0,15,4,83.0
2016-2017,Réadaptation du Sud-Ouest et du Renfort,0,15,5,192.0
2016-2017,Réadaptation du Sud-Ouest et du Renfort,0,15,6,103.0
2016-2017,Réadaptation du Sud-Ouest et du Renfort,0,15,9,115.0
2017-2018,CPR de la Côte-Nord,0,4,4,1.0
2017-2018,CPR de la Côte-Nord,0,4,5,1.0
2017-2018,CPR de la Côte-Nord,0,4,9,2.0
2017-2018,CPR de la Côte-Nord,0,5,4,198.0
2017-2018,CPR de la Côte-Nord,0,5,5,185.0
2017-2018,CPR de la Côte-Nord,0,5,9,192.0
2017-2018,CPR de la Côte-Nord,0,6,4,198.0
2017-2018,CPR de la Côte-Nord,0,6,5,185.0
2017-2018,CPR de la Côte-Nord,0,6,9,192.0
2017-2018,CPR de la Côte-Nord,0,7,4,1.0
2017-2018,CPR de la Côte-Nord,0,7,9,1.0
2017-2018,CPR de la Côte-Nord,0,8,4,500.0
2017-2018,CPR de la Côte-Nord,0,8,9,500.0
2017-2018,CPR de la Côte-Nord,0,9,4,500.0
2017-2018,CPR de la Côte-Nord,0,9,9,500.0
2017-2018,CPR de la Côte-Nord,0,10,1,3.0
2017-2018,CPR de la Côte-Nord,0,10,2,15.0
2017-2018,CPR de la Côte-Nord,0,10,3,7.0
2017-2018,CPR de la Côte-Nord,0,10,4,4.0
2017-2018,CPR de la Côte-Nord,0,10,9,29.0
2017-2018,CPR de la Côte-Nord,0,11,1,61.0
2017-2018,CPR de la Côte-Nord,0,11,2,261.0
2017-2018,CPR de la Côte-Nord,0,11,3,405.0
2017-2018,CPR de la Côte-Nord,0,11,4,77.0
2017-2018,CPR de la Côte-Nord,0,11,9,250.0
2017-2018,CPR de la Côte-Nord,0,12,1,60.0
2017-2018,CPR de la Côte-Nord,0,12,2,131.0
2017-2018,CPR de la Côte-Nord,0,12,3,139.0
2017-2018,CPR de la Côte-Nord,0,12,4,46.0
2017-2018,CPR de la Côte-Nord,0,12,9,131.0
2017-2018,CPR de la Côte-Nord,0,13,1,3.0
2017-2018,CPR de la Côte-Nord,0,13,2,15.0
2017-2018,CPR de la Côte-Nord,0,13,3,7.0
2017-2018,CPR de la Côte-Nord,0,13,4,6.0
2017-2018,CPR de la Côte-Nord,0,13,5,1.0
2017-2018,CPR de la Côte-Nord,0,13,9,32.0
2017-2018,CPR de la Côte-Nord,0,14,1,61.0
2017-2018,CPR de la Côte-Nord,0,14,2,261.0
2017-2018,CPR de la Côte-Nord,0,14,3,405.0
2017-2018,CPR de la Côte-Nord,0,14,4,168.0
2017-2018,CPR de la Côte-Nord,0,14,5,185.0
2017-2018,CPR de la Côte-Nord,0,14,9,254.0
2017-2018,CPR de la Côte-Nord,0,15,1,60.0
2017-2018,CPR de la Côte-Nord,0,15,2,131.0
2017-2018,CPR de la Côte-Nord,0,15,3,139.0
2017-2018,CPR de la Côte-Nord,0,15,4,124.0
2017-2018,CPR de la Côte-Nord,0,15,5,185.0
2017-2018,CPR de la Côte-Nord,0,15,9,133.0
2017-2018,CR La Maison,0,10,1,29.0
2017-2018,CR La Maison,0,10,2,41.0
2017-2018,CR La Maison,0,10,3,17.0
2017-2018,CR La Maison,0,10,4,5.0
2017-2018,CR La Maison,0,10,5,8.0
2017-2018,CR La Maison,0,10,6,0.0
2017-2018,CR La Maison,0,10,7,0.0
2017-2018,CR La Maison,0,10,8,0.0
2017-2018,CR La Maison,0,10,9,100.0
2017-2018,CR La Maison,0,11,1,181.0
2017-2018,CR La Maison,0,11,2,258.0
2017-2018,CR La Maison,0,11,3,314.0
2017-2018,CR La Maison,0,11,4,275.0
2017-2018,CR La Maison,0,11,5,366.0
2017-2018,CR La Maison,0,11,9,255.0
2017-2018,CR La Maison,0,12,1,165.0
2017-2018,CR La Maison,0,12,2,206.0
2017-2018,CR La Maison,0,12,3,304.0
2017-2018,CR La Maison,0,12,4,228.0
2017-2018,CR La Maison,0,12,5,292.0
2017-2018,CR La Maison,0,12,9,208.0
2017-2018,CR La Maison,0,13,1,29.0
2017-2018,CR La Maison,0,13,2,41.0
2017-2018,CR La Maison,0,13,3,17.0
2017-2018,CR La Maison,0,13,4,5.0
2017-2018,CR La Maison,0,13,5,8.0
2017-2018,CR La Maison,0,13,6,0.0
2017-2018,CR La Maison,0,13,7,0.0
2017-2018,CR La Maison,0,13,8,0.0
2017-2018,CR La Maison,0,13,9,100.0
2017-2018,CR La Maison,0,14,1,181.0
2017-2018,CR La Maison,0,14,2,258.0
2017-2018,CR La Maison,0,14,3,314.0
2017-2018,CR La Maison,0,14,4,275.0
2017-2018,CR La Maison,0,14,5,366.0
2017-2018,CR La Maison,0,14,9,256.0
2017-2018,CR La Maison,0,15,1,165.0
2017-2018,CR La Maison,0,15,2,206.0
2017-2018,CR La Maison,0,15,3,304.0
2017-2018,CR La Maison,0,15,4,228.0
2017-2018,CR La Maison,0,15,5,292.0
2017-2018,CR La Maison,0,15,9,208.0
2017-2018,CR La Myriade,0,10,1,20.0
2017-2018,CR La Myriade,0,10,2,162.0
2017-2018,CR La Myriade,0,10,3,90.0
2017-2018,CR La Myriade,0,10,4,18.0
2017-2018,CR La Myriade,0,10,5,10.0
2017-2018,CR La Myriade,0,10,9,300.0
2017-2018,CR La Myriade,0,11,1,50.0
2017-2018,CR La Myriade,0,11,2,101.0
2017-2018,CR La Myriade,0,11,3,108.0
2017-2018,CR La Myriade,0,11,4,143.0
2017-2018,CR La Myriade,0,11,5,143.0
2017-2018,CR La Myriade,0,11,9,104.0
2017-2018,CR La Myriade,0,12,1,36.0
2017-2018,CR La Myriade,0,12,2,74.0
2017-2018,CR La Myriade,0,12,3,72.0
2017-2018,CR La Myriade,0,12,4,137.0
2017-2018,CR La Myriade,0,12,5,140.0
2017-2018,CR La Myriade,0,12,9,72.0
2017-2018,CR La Myriade,0,13,1,20.0
2017-2018,CR La Myriade,0,13,2,162.0
2017-2018,CR La Myriade,0,13,3,90.0
2017-2018,CR La Myriade,0,13,4,18.0
2017-2018,CR La Myriade,0,13,5,10.0
2017-2018,CR La Myriade,0,13,9,300.0
2017-2018,CR La Myriade,0,14,1,50.0
2017-2018,CR La Myriade,0,14,2,101.0
2017-2018,CR La Myriade,0,14,3,108.0
2017-2018,CR La Myriade,0,14,4,143.0
2017-2018,CR La Myriade,0,14,5,143.0
2017-2018,CR La Myriade,0,14,9,104.0
2017-2018,CR La Myriade,0,15,1,36.0
2017-2018,CR La Myriade,0,15,2,74.0
2017-2018,CR La Myriade,0,15,3,72.0
2017-2018,CR La Myriade,0,15,4,137.0
2017-2018,CR La Myriade,0,15,5,140.0
2017-2018,CR La Myriade,0,15,9,72.0
2017-2018,CR de l'Ouest de Montréal,0,1,1,0.0
2017-2018,CR de l'Ouest de Montréal,0,1,2,0.0
2017-2018,CR de l'Ouest de Montréal,0,1,3,0.0
2017-2018,CR de l'Ouest de Montréal,0,1,4,2.0
2017-2018,CR de l'Ouest de Montréal,0,1,5,3.0
2017-2018,CR de l'Ouest de Montréal,0,1,6,0.0
2017-2018,CR de l'Ouest de Montréal,0,1,7,0.0
2017-2018,CR de l'Ouest de Montréal,0,1,8,0.0
2017-2018,CR de l'Ouest de Montréal,0,1,9,5.0
2017-2018,CR de l'Ouest de Montréal,0,2,4,1497.0
2017-2018,CR de l'Ouest de Montréal,0,2,5,2105.0
2017-2018,CR de l'Ouest de Montréal,0,2,9,1862.0
2017-2018,CR de l'Ouest de Montréal,0,3,4,1497.0
2017-2018,CR de l'Ouest de Montréal,0,3,5,1900.0
2017-2018,CR de l'Ouest de Montréal,0,3,9,1900.0
2017-2018,CR de l'Ouest de Montréal,0,4,1,0.0
2017-2018,CR de l'Ouest de Montréal,0,4,2,0.0
2017-2018,CR de l'Ouest de Montréal,0,4,3,2.0
2017-2018,CR de l'Ouest de Montréal,0,4,4,11.0
2017-2018,CR de l'Ouest de Montréal,0,4,5,19.0
2017-2018,CR de l'Ouest de Montréal,0,4,6,1.0
2017-2018,CR de l'Ouest de Montréal,0,4,7,0.0
2017-2018,CR de l'Ouest de Montréal,0,4,8,0.0
2017-2018,CR de l'Ouest de Montréal,0,4,9,33.0
2017-2018,CR de l'Ouest de Montréal,0,5,3,592.0
2017-2018,CR de l'Ouest de Montréal,0,5,4,233.0
2017-2018,CR de l'Ouest de Montréal,0,5,5,842.0
2017-2018,CR de l'Ouest de Montréal,0,5,6,133.0
2017-2018,CR de l'Ouest de Montréal,0,5,9,602.0
2017-2018,CR de l'Ouest de Montréal,0,6,3,592.0
2017-2018,CR de l'Ouest de Montréal,0,6,4,94.0
2017-2018,CR de l'Ouest de Montréal,0,6,5,943.0
2017-2018,CR de l'Ouest de Montréal,0,6,6,133.0
2017-2018,CR de l'Ouest de Montréal,0,6,9,320.0
2017-2018,CR de l'Ouest de Montréal,0,7,1,4.0
2017-2018,CR de l'Ouest de Montréal,0,7,2,35.0
2017-2018,CR de l'Ouest de Montréal,0,7,3,19.0
2017-2018,CR de l'Ouest de Montréal,0,7,4,11.0
2017-2018,CR de l'Ouest de Montréal,0,7,5,25.0
2017-2018,CR de l'Ouest de Montréal,0,7,6,2.0
2017-2018,CR de l'Ouest de Montréal,0,7,7,0.0
2017-2018,CR de l'Ouest de Montréal,0,7,8,0.0
2017-2018,CR de l'Ouest de Montréal,0,7,9,96.0
2017-2018,CR de l'Ouest de Montréal,0,8,1,340.0
2017-2018,CR de l'Ouest de Montréal,0,8,2,1218.0
2017-2018,CR de l'Ouest de Montréal,0,8,3,1461.0
2017-2018,CR de l'Ouest de Montréal,0,8,4,1972.0
2017-2018,CR de l'Ouest de Montréal,0,8,5,2814.0
2017-2018,CR de l'Ouest de Montréal,0,8,6,6167.0
2017-2018,CR de l'Ouest de Montréal,0,8,9,1835.0
2017-2018,CR de l'Ouest de Montréal,0,9,1,327.0
2017-2018,CR de l'Ouest de Montréal,0,9,2,1391.0
2017-2018,CR de l'Ouest de Montréal,0,9,3,1460.0
2017-2018,CR de l'Ouest de Montréal,0,9,4,1465.0
2017-2018,CR de l'Ouest de Montréal,0,9,5,2447.0
2017-2018,CR de l'Ouest de Montréal,0,9,6,6167.0
2017-2018,CR de l'Ouest de Montréal,0,9,9,1515.0
2017-2018,CR de l'Ouest de Montréal,0,10,1,145.0
2017-2018,CR de l'Ouest de Montréal,0,10,2,334.0
2017-2018,CR de l'Ouest de Montréal,0,10,3,130.0
2017-2018,CR de l'Ouest de Montréal,0,10,4,41.0
2017-2018,CR de l'Ouest de Montréal,0,10,5,43.0
2017-2018,CR de l'Ouest de Montréal,0,10,6,5.0
2017-2018,CR de l'Ouest de Montréal,0,10,7,1.0
2017-2018,CR de l'Ouest de Montréal,0,10,8,0.0
2017-2018,CR de l'Ouest de Montréal,0,10,9,699.0
2017-2018,CR de l'Ouest de Montréal,0,11,1,219.0
2017-2018,CR de l'Ouest de Montréal,0,11,2,575.0
2017-2018,CR de l'Ouest de Montréal,0,11,3,1034.0
2017-2018,CR de l'Ouest de Montréal,0,11,4,874.0
2017-2018,CR de l'Ouest de Montréal,0,11,5,1036.0
2017-2018,CR de l'Ouest de Montréal,0,11,6,967.0
2017-2018,CR de l'Ouest de Montréal,0,11,7,25.0
2017-2018,CR de l'Ouest de Montréal,0,11,9,635.0
2017-2018,CR de l'Ouest de Montréal,0,12,1,160.0
2017-2018,CR de l'Ouest de Montréal,0,12,2,416.0
2017-2018,CR de l'Ouest de Montréal,0,12,3,656.0
2017-2018,CR de l'Ouest de Montréal,0,12,4,425.0
2017-2018,CR de l'Ouest de Montréal,0,12,5,1086.0
2017-2018,CR de l'Ouest de Montréal,0,12,6,1086.0
2017-2018,CR de l'Ouest de Montréal,0,12,7,25.0
2017-2018,CR de l'Ouest de Montréal,0,12,9,349.0
2017-2018,CR de l'Ouest de Montréal,0,13,1,149.0
2017-2018,CR de l'Ouest de Montréal,0,13,2,369.0
2017-2018,CR de l'Ouest de Montréal,0,13,3,151.0
2017-2018,CR de l'Ouest de Montréal,0,13,4,65.0
2017-2018,CR de l'Ouest de Montréal,0,13,5,90.0
2017-2018,CR de l'Ouest de Montréal,0,13,6,8.0
2017-2018,CR de l'Ouest de Montréal,0,13,7,1.0
2017-2018,CR de l'Ouest de Montréal,0,13,8,0.0
2017-2018,CR de l'Ouest de Montréal,0,13,9,833.0
2017-2018,CR de l'Ouest de Montréal,0,14,1,222.0
2017-2018,CR de l'Ouest de Montréal,0,14,2,636.0
2017-2018,CR de l'Ouest de Montréal,0,14,3,1082.0
2017-2018,CR de l'Ouest de Montréal,0,14,4,970.0
2017-2018,CR de l'Ouest de Montréal,0,14,5,1524.0
2017-2018,CR de l'Ouest de Montréal,0,14,6,2163.0
2017-2018,CR de l'Ouest de Montréal,0,14,7,25.0
2017-2018,CR de l'Ouest de Montréal,0,14,9,779.0
2017-2018,CR de l'Ouest de Montréal,0,15,1,160.0
2017-2018,CR de l'Ouest de Montréal,0,15,2,451.0
2017-2018,CR de l'Ouest de Montréal,0,15,3,760.0
2017-2018,CR de l'Ouest de Montréal,0,15,4,505.0
2017-2018,CR de l'Ouest de Montréal,0,15,5,1156.0
2017-2018,CR de l'Ouest de Montréal,0,15,6,1086.0
2017-2018,CR de l'Ouest de Montréal,0,15,7,25.0
2017-2018,CR de l'Ouest de Montréal,0,15,9,422.0
2017-2018,CR de la Gaspésie,0,7,1,0.0
2017-2018,CR de la Gaspésie,0,7,2,0.0
2017-2018,CR de la Gaspésie,0,7,3,0.0
2017-2018,CR de la Gaspésie,0,7,4,0.0
2017-2018,CR de la Gaspésie,0,7,5,0.0
2017-2018,CR de la Gaspésie,0,7,6,1.0
2017-2018,CR de la Gaspésie,0,7,7,0.0
2017-2018,CR de la Gaspésie,0,7,8,0.0
2017-2018,CR de la Gaspésie,0,7,9,1.0
2017-2018,CR de la Gaspésie,0,8,6,158.0
2017-2018,CR de la Gaspésie,0,8,9,158.0
2017-2018,CR de la Gaspésie,0,9,6,158.0
2017-2018,CR de la Gaspésie,0,9,9,158.0
2017-2018,CR de la Gaspésie,0,10,1,2.0
2017-2018,CR de la Gaspésie,0,10,2,9.0
2017-2018,CR de la Gaspésie,0,10,3,5.0
2017-2018,CR de la Gaspésie,0,10,4,2.0
2017-2018,CR de la Gaspésie,0,10,5,0.0
2017-2018,CR de la Gaspésie,0,10,6,1.0
2017-2018,CR de la Gaspésie,0,10,7,0.0
2017-2018,CR de la Gaspésie,0,10,8,0.0
2017-2018,CR de la Gaspésie,0,10,9,19.0
2017-2018,CR de la Gaspésie,0,11,1,10.0
2017-2018,CR de la Gaspésie,0,11,2,182.0
2017-2018,CR de la Gaspésie,0,11,3,163.0
2017-2018,CR de la Gaspésie,0,11,4,88.0
2017-2018,CR de la Gaspésie,0,11,6,64.0
2017-2018,CR de la Gaspésie,0,11,9,142.0
2017-2018,CR de la Gaspésie,0,12,1,10.0
2017-2018,CR de la Gaspésie,0,12,2,65.0
2017-2018,CR de la Gaspésie,0,12,3,151.0
2017-2018,CR de la Gaspésie,0,12,4,88.0
2017-2018,CR de la Gaspésie,0,12,6,64.0
2017-2018,CR de la Gaspésie,0,12,9,65.0
2017-2018,CR de la Gaspésie,0,13,1,2.0
2017-2018,CR de la Gaspésie,0,13,2,9.0
2017-2018,CR de la Gaspésie,0,13,3,5.0
2017-2018,CR de la Gaspésie,0,13,4,2.0
2017-2018,CR de la Gaspésie,0,13,5,0.0
2017-2018,CR de la Gaspésie,0,13,6,2.0
2017-2018,CR de la Gaspésie,0,13,7,0.0
2017-2018,CR de la Gaspésie,0,13,8,0.0
2017-2018,CR de la Gaspésie,0,13,9,20.0
2017-2018,CR de la Gaspésie,0,14,1,10.0
2017-2018,CR de la Gaspésie,0,14,2,182.0
2017-2018,CR de la Gaspésie,0,14,3,163.0
2017-2018,CR de la Gaspésie,0,14,4,88.0
2017-2018,CR de la Gaspésie,0,14,6,111.0
2017-2018,CR de la Gaspésie,0,14,9,143.0
2017-2018,CR de la Gaspésie,0,15,1,10.0
2017-2018,CR de la Gaspésie,0,15,2,65.0
2017-2018,CR de la Gaspésie,0,15,3,151.0
2017-2018,CR de la Gaspésie,0,15,4,88.0
2017-2018,CR de la Gaspésie,0,15,6,111.0
2017-2018,CR de la Gaspésie,0,15,9,65.0
2017-2018,CRDI de Québec,0,1,1,0.0
2017-2018,CRDI de Québec,0,1,2,0.0
2017-2018,CRDI de Québec,0,1,3,0.0
2017-2018,CRDI de Québec,0,1,4,4.0
2017-2018,CRDI de Québec,0,1,5,2.0
2017-2018,CRDI de Québec,0,1,6,1.0
2017-2018,CRDI de Québec,0,1,7,0.0
2017-2018,CRDI de Québec,0,1,8,0.0
2017-2018,CRDI de Québec,0,1,9,7.0
2017-2018,CRDI de Québec,0,2,1,0.0
2017-2018,CRDI de Québec,0,2,2,0.0
2017-2018,CRDI de Québec,0,2,3,0.0
2017-2018,CRDI de Québec,0,2,4,178.0
2017-2018,CRDI de Québec,0,2,5,630.0
2017-2018,CRDI de Québec,0,2,6,1133.0
2017-2018,CRDI de Québec,0,2,7,0.0
2017-2018,CRDI de Québec,0,2,8,0.0
2017-2018,CRDI de Québec,0,2,9,444.0
2017-2018,CRDI de Québec,0,3,1,0.0
2017-2018,CRDI de Québec,0,3,2,0.0
2017-2018,CRDI de Québec,0,3,3,0.0
2017-2018,CRDI de Québec,0,3,4,170.0
2017-2018,CRDI de Québec,0,3,5,630.0
2017-2018,CRDI de Québec,0,3,6,1133.0
2017-2018,CRDI de Québec,0,3,9,305.0
2017-2018,CRDI de Québec,0,4,1,0.0
2017-2018,CRDI de Québec,0,4,2,0.0
2017-2018,CRDI de Québec,0,4,3,0.0
2017-2018,CRDI de Québec,0,4,4,7.0
2017-2018,CRDI de Québec,0,4,5,6.0
2017-2018,CRDI de Québec,0,4,6,0.0
2017-2018,CRDI de Québec,0,4,7,0.0
2017-2018,CRDI de Québec,0,4,8,0.0
2017-2018,CRDI de Québec,0,4,9,13.0
2017-2018,CRDI de Québec,0,5,1,0.0
2017-2018,CRDI de Québec,0,5,2,0.0
2017-2018,CRDI de Québec,0,5,3,0.0
2017-2018,CRDI de Québec,0,5,4,187.0
2017-2018,CRDI de Québec,0,5,5,186.0
2017-2018,CRDI de Québec,0,5,6,0.0
2017-2018,CRDI de Québec,0,5,7,0.0
2017-2018,CRDI de Québec,0,5,8,0.0
2017-2018,CRDI de Québec,0,5,9,186.0
2017-2018,CRDI de Québec,0,6,1,0.0
2017-2018,CRDI de Québec,0,6,2,0.0
2017-2018,CRDI de Québec,0,6,3,0.0
2017-2018,CRDI de Québec,0,6,4,79.0
2017-2018,CRDI de Québec,0,6,5,60.0
2017-2018,CRDI de Québec,0,6,6,0.0
2017-2018,CRDI de Québec,0,6,7,0.0
2017-2018,CRDI de Québec,0,6,8,0.0
2017-2018,CRDI de Québec,0,6,9,79.0
2017-2018,CRDI de Québec,0,7,1,1.0
2017-2018,CRDI de Québec,0,7,2,3.0
2017-2018,CRDI de Québec,0,7,3,10.0
2017-2018,CRDI de Québec,0,7,4,9.0
2017-2018,CRDI de Québec,0,7,5,19.0
2017-2018,CRDI de Québec,0,7,6,3.0
2017-2018,CRDI de Québec,0,7,7,0.0
2017-2018,CRDI de Québec,0,7,8,0.0
2017-2018,CRDI de Québec,0,7,9,45.0
2017-2018,CRDI de Québec,0,8,1,228.0
2017-2018,CRDI de Québec,0,8,2,578.0
2017-2018,CRDI de Québec,0,8,3,162.0
2017-2018,CRDI de Québec,0,8,4,519.0
2017-2018,CRDI de Québec,0,8,5,853.0
2017-2018,CRDI de Québec,0,8,6,185.0
2017-2018,CRDI de Québec,0,8,7,0.0
2017-2018,CRDI de Québec,0,8,8,0.0
2017-2018,CRDI de Québec,0,8,9,556.0
2017-2018,CRDI de Québec,0,9,1,228.0
2017-2018,CRDI de Québec,0,9,2,300.0
2017-2018,CRDI de Québec,0,9,3,94.0
2017-2018,CRDI de Québec,0,9,4,391.0
2017-2018,CRDI de Québec,0,9,5,558.0
2017-2018,CRDI de Québec,0,9,6,137.0
2017-2018,CRDI de Québec,0,9,7,0.0
2017-2018,CRDI de Québec,0,9,8,0.0
2017-2018,CRDI de Québec,0,9,9,319.0
2017-2018,CRDI de Québec,0,10,1,12.0
2017-2018,CRDI de Québec,0,10,2,227.0
2017-2018,CRDI de Québec,0,10,3,156.0
2017-2018,CRDI de Québec,0,10,4,23.0
2017-2018,CRDI de Québec,0,10,5,26.0
2017-2018,CRDI de Québec,0,10,6,6.0
2017-2018,CRDI de Québec,0,10,7,1.0
2017-2018,CRDI de Québec,0,10,8,0.0
2017-2018,CRDI de Québec,0,10,9,451.0
2017-2018,CRDI de Québec,0,11,1,123.0
2017-2018,CRDI de Québec,0,11,2,301.0
2017-2018,CRDI de Québec,0,11,3,338.0
2017-2018,CRDI de Québec,0,11,4,281.0
2017-2018,CRDI de Québec,0,11,5,105.0
2017-2018,CRDI de Québec,0,11,6,100.0
2017-2018,CRDI de Québec,0,11,7,47.0
2017-2018,CRDI de Québec,0,11,8,0.0
2017-2018,CRDI de Québec,0,11,9,293.0
2017-2018,CRDI de Québec,0,12,1,64.0
2017-2018,CRDI de Québec,0,12,2,248.0
2017-2018,CRDI de Québec,0,12,3,261.0
2017-2018,CRDI de Québec,0,12,4,177.0
2017-2018,CRDI de Québec,0,12,5,94.0
2017-2018,CRDI de Québec,0,12,6,123.0
2017-2018,CRDI de Québec,0,12,7,47.0
2017-2018,CRDI de Québec,0,12,8,0.0
2017-2018,CRDI de Québec,0,12,9,227.0
2017-2018,CRDI de Québec,0,13,1,13.0
2017-2018,CRDI de Québec,0,13,2,230.0
2017-2018,CRDI de Québec,0,13,3,166.0
2017-2018,CRDI de Québec,0,13,4,43.0
2017-2018,CRDI de Québec,0,13,5,53.0
2017-2018,CRDI de Québec,0,13,6,10.0
2017-2018,CRDI de Québec,0,13,7,1.0
2017-2018,CRDI de Québec,0,13,8,0.0
2017-2018,CRDI de Québec,0,13,9,516.0
2017-2018,CRDI de Québec,0,14,1,131.0
2017-2018,CRDI de Québec,0,14,2,304.0
2017-2018,CRDI de Québec,0,14,3,328.0
2017-2018,CRDI de Québec,0,14,4,306.0
2017-2018,CRDI de Québec,0,14,5,402.0
2017-2018,CRDI de Québec,0,14,6,229.0
2017-2018,CRDI de Québec,0,14,7,47.0
2017-2018,CRDI de Québec,0,14,8,0.0
2017-2018,CRDI de Québec,0,14,9,316.0
2017-2018,CRDI de Québec,0,15,1,81.0
2017-2018,CRDI de Québec,0,15,2,248.0
2017-2018,CRDI de Québec,0,15,3,251.0
2017-2018,CRDI de Québec,0,15,4,188.0
2017-2018,CRDI de Québec,0,15,5,123.0
2017-2018,CRDI de Québec,0,15,6,128.0
2017-2018,CRDI de Québec,0,15,7,47.0
2017-2018,CRDI de Québec,0,15,8,0.0
2017-2018,CRDI de Québec,0,15,9,228.0
2017-2018,CRDITED Chaudière-Appalaches,0,1,1,0.0
2017-2018,CRDITED Chaudière-Appalaches,0,1,2,0.0
2017-2018,CRDITED Chaudière-Appalaches,0,1,3,0.0
2017-2018,CRDITED Chaudière-Appalaches,0,1,4,2.0
2017-2018,CRDITED Chaudière-Appalaches,0,1,5,0.0
2017-2018,CRDITED Chaudière-Appalaches,0,1,6,2.0
2017-2018,CRDITED Chaudière-Appalaches,0,1,7,0.0
2017-2018,CRDITED Chaudière-Appalaches,0,1,8,0.0
2017-2018,CRDITED Chaudière-Appalaches,0,1,9,4.0
2017-2018,CRDITED Chaudière-Appalaches,0,2,4,48.0
2017-2018,CRDITED Chaudière-Appalaches,0,2,6,300.0
2017-2018,CRDITED Chaudière-Appalaches,0,2,9,174.0
2017-2018,CRDITED Chaudière-Appalaches,0,3,4,48.0
2017-2018,CRDITED Chaudière-Appalaches,0,3,6,300.0
2017-2018,CRDITED Chaudière-Appalaches,0,3,9,191.0
2017-2018,CRDITED Chaudière-Appalaches,0,4,1,0.0
2017-2018,CRDITED Chaudière-Appalaches,0,4,2,0.0
2017-2018,CRDITED Chaudière-Appalaches,0,4,3,0.0
2017-2018,CRDITED Chaudière-Appalaches,0,4,4,1.0
2017-2018,CRDITED Chaudière-Appalaches,0,4,5,2.0
2017-2018,CRDITED Chaudière-Appalaches,0,4,6,0.0
2017-2018,CRDITED Chaudière-Appalaches,0,4,7,0.0
2017-2018,CRDITED Chaudière-Appalaches,0,4,8,0.0
2017-2018,CRDITED Chaudière-Appalaches,0,4,9,3.0
2017-2018,CRDITED Chaudière-Appalaches,0,5,4,373.0
2017-2018,CRDITED Chaudière-Appalaches,0,5,5,162.0
2017-2018,CRDITED Chaudière-Appalaches,0,5,9,232.0
2017-2018,CRDITED Chaudière-Appalaches,0,6,4,373.0
2017-2018,CRDITED Chaudière-Appalaches,0,6,5,162.0
2017-2018,CRDITED Chaudière-Appalaches,0,6,9,165.0
2017-2018,CRDITED Chaudière-Appalaches,0,7,1,0.0
2017-2018,CRDITED Chaudière-Appalaches,0,7,2,0.0
2017-2018,CRDITED Chaudière-Appalaches,0,7,3,2.0
2017-2018,CRDITED Chaudière-Appalaches,0,7,4,0.0
2017-2018,CRDITED Chaudière-Appalaches,0,7,5,0.0
2017-2018,CRDITED Chaudière-Appalaches,0,7,6,1.0
2017-2018,CRDITED Chaudière-Appalaches,0,7,7,0.0
2017-2018,CRDITED Chaudière-Appalaches,0,7,8,0.0
2017-2018,CRDITED Chaudière-Appalaches,0,7,9,3.0
2017-2018,CRDITED Chaudière-Appalaches,0,8,3,48.0
2017-2018,CRDITED Chaudière-Appalaches,0,8,6,300.0
2017-2018,CRDITED Chaudière-Appalaches,0,8,9,132.0
2017-2018,CRDITED Chaudière-Appalaches,0,9,3,48.0
2017-2018,CRDITED Chaudière-Appalaches,0,9,6,300.0
2017-2018,CRDITED Chaudière-Appalaches,0,9,9,67.0
2017-2018,CRDITED Chaudière-Appalaches,0,10,1,13.0
2017-2018,CRDITED Chaudière-Appalaches,0,10,2,45.0
2017-2018,CRDITED Chaudière-Appalaches,0,10,3,25.0
2017-2018,CRDITED Chaudière-Appalaches,0,10,4,11.0
2017-2018,CRDITED Chaudière-Appalaches,0,10,5,2.0
2017-2018,CRDITED Chaudière-Appalaches,0,10,6,0.0
2017-2018,CRDITED Chaudière-Appalaches,0,10,7,0.0
2017-2018,CRDITED Chaudière-Appalaches,0,10,8,0.0
2017-2018,CRDITED Chaudière-Appalaches,0,10,9,96.0
2017-2018,CRDITED Chaudière-Appalaches,0,11,1,91.0
2017-2018,CRDITED Chaudière-Appalaches,0,11,2,89.0
2017-2018,CRDITED Chaudière-Appalaches,0,11,3,111.0
2017-2018,CRDITED Chaudière-Appalaches,0,11,4,99.0
2017-2018,CRDITED Chaudière-Appalaches,0,11,5,177.0
2017-2018,CRDITED Chaudière-Appalaches,0,11,9,98.0
2017-2018,CRDITED Chaudière-Appalaches,0,12,1,44.0
2017-2018,CRDITED Chaudière-Appalaches,0,12,2,66.0
2017-2018,CRDITED Chaudière-Appalaches,0,12,3,72.0
2017-2018,CRDITED Chaudière-Appalaches,0,12,4,73.0
2017-2018,CRDITED Chaudière-Appalaches,0,12,5,177.0
2017-2018,CRDITED Chaudière-Appalaches,0,12,9,72.0
2017-2018,CRDITED Chaudière-Appalaches,0,13,1,13.0
2017-2018,CRDITED Chaudière-Appalaches,0,13,2,45.0
2017-2018,CRDITED Chaudière-Appalaches,0,13,3,27.0
2017-2018,CRDITED Chaudière-Appalaches,0,13,4,14.0
2017-2018,CRDITED Chaudière-Appalaches,0,13,5,4.0
2017-2018,CRDITED Chaudière-Appalaches,0,13,6,3.0
2017-2018,CRDITED Chaudière-Appalaches,0,13,7,0.0
2017-2018,CRDITED Chaudière-Appalaches,0,13,8,0.0
2017-2018,CRDITED Chaudière-Appalaches,0,13,9,106.0
2017-2018,CRDITED Chaudière-Appalaches,0,14,1,91.0
2017-2018,CRDITED Chaudière-Appalaches,0,14,2,89.0
2017-2018,CRDITED Chaudière-Appalaches,0,14,3,107.0
2017-2018,CRDITED Chaudière-Appalaches,0,14,4,111.0
2017-2018,CRDITED Chaudière-Appalaches,0,14,5,169.0
2017-2018,CRDITED Chaudière-Appalaches,0,14,6,300.0
2017-2018,CRDITED Chaudière-Appalaches,0,14,7,0.0
2017-2018,CRDITED Chaudière-Appalaches,0,14,8,0.0
2017-2018,CRDITED Chaudière-Appalaches,0,14,9,106.0
2017-2018,CRDITED Chaudière-Appalaches,0,15,1,44.0
2017-2018,CRDITED Chaudière-Appalaches,0,15,2,66.0
2017-2018,CRDITED Chaudière-Appalaches,0,15,3,71.0
2017-2018,CRDITED Chaudière-Appalaches,0,15,4,78.0
2017-2018,CRDITED Chaudière-Appalaches,0,15,5,162.0
2017-2018,CRDITED Chaudière-Appalaches,0,15,6,300.0
2017-2018,CRDITED Chaudière-Appalaches,0,15,7,0.0
2017-2018,CRDITED Chaudière-Appalaches,0,15,8,0.0
2017-2018,CRDITED Chaudière-Appalaches,0,15,9,72.0
2017-2018,CRDITED Mauricie et Centre-du-Québec,0,1,1,0.0
2017-2018,CRDITED Mauricie et Centre-du-Québec,0,1,2,0.0
2017-2018,CRDITED Mauricie et Centre-du-Québec,0,1,3,0.0
2017-2018,CRDITED Mauricie et Centre-du-Québec,0,1,4,2.0
2017-2018,CRDITED Mauricie et Centre-du-Québec,0,1,5,1.0
2017-2018,CRDITED Mauricie et Centre-du-Québec,0,1,6,0.0
2017-2018,CRDITED Mauricie et Centre-du-Québec,0,1,7,0.0
2017-2018,CRDITED Mauricie et Centre-du-Québec,0,1,8,0.0
2017-2018,CRDITED Mauricie et Centre-du-Québec,0,1,9,3.0
2017-2018,CRDITED Mauricie et Centre-du-Québec,0,2,1,0.0
2017-2018,CRDITED Mauricie et Centre-du-Québec,0,2,2,0.0
2017-2018,CRDITED Mauricie et Centre-du-Québec,0,2,3,0.0
2017-2018,CRDITED Mauricie et Centre-du-Québec,0,2,4,70.0
2017-2018,CRDITED Mauricie et Centre-du-Québec,0,2,5,69.0
2017-2018,CRDITED Mauricie et Centre-du-Québec,0,2,6,0.0
2017-2018,CRDITED Mauricie et Centre-du-Québec,0,2,7,0.0
2017-2018,CRDITED Mauricie et Centre-du-Québec,0,2,8,0.0
2017-2018,CRDITED Mauricie et Centre-du-Québec,0,2,9,69.0
2017-2018,CRDITED Mauricie et Centre-du-Québec,0,3,1,0.0
2017-2018,CRDITED Mauricie et Centre-du-Québec,0,3,2,0.0
2017-2018,CRDITED Mauricie et Centre-du-Québec,0,3,3,0.0
2017-2018,CRDITED Mauricie et Centre-du-Québec,0,3,4,70.0
2017-2018,CRDITED Mauricie et Centre-du-Québec,0,3,5,69.0
2017-2018,CRDITED Mauricie et Centre-du-Québec,0,3,6,0.0
2017-2018,CRDITED Mauricie et Centre-du-Québec,0,3,7,0.0
2017-2018,CRDITED Mauricie et Centre-du-Québec,0,3,8,0.0
2017-2018,CRDITED Mauricie et Centre-du-Québec,0,3,9,69.0
2017-2018,CRDITED Mauricie et Centre-du-Québec,0,4,1,0.0
2017-2018,CRDITED Mauricie et Centre-du-Québec,0,4,2,0.0
2017-2018,CRDITED Mauricie et Centre-du-Québec,0,4,3,14.0
2017-2018,CRDITED Mauricie et Centre-du-Québec,0,4,4,16.0
2017-2018,CRDITED Mauricie et Centre-du-Québec,0,4,5,5.0
2017-2018,CRDITED Mauricie et Centre-du-Québec,0,4,6,0.0
2017-2018,CRDITED Mauricie et Centre-du-Québec,0,4,7,0.0
2017-2018,CRDITED Mauricie et Centre-du-Québec,0,4,8,0.0
2017-2018,CRDITED Mauricie et Centre-du-Québec,0,4,9,35.0
2017-2018,CRDITED Mauricie et Centre-du-Québec,0,5,1,0.0
2017-2018,CRDITED Mauricie et Centre-du-Québec,0,5,2,0.0
2017-2018,CRDITED Mauricie et Centre-du-Québec,0,5,3,77.0
2017-2018,CRDITED Mauricie et Centre-du-Québec,0,5,4,210.0
2017-2018,CRDITED Mauricie et Centre-du-Québec,0,5,5,262.0
2017-2018,CRDITED Mauricie et Centre-du-Québec,0,5,6,0.0
2017-2018,CRDITED Mauricie et Centre-du-Québec,0,5,7,0.0
2017-2018,CRDITED Mauricie et Centre-du-Québec,0,5,8,0.0
2017-2018,CRDITED Mauricie et Centre-du-Québec,0,5,9,164.0
2017-2018,CRDITED Mauricie et Centre-du-Québec,0,6,1,0.0
2017-2018,CRDITED Mauricie et Centre-du-Québec,0,6,2,0.0
2017-2018,CRDITED Mauricie et Centre-du-Québec,0,6,3,34.0
2017-2018,CRDITED Mauricie et Centre-du-Québec,0,6,4,111.0
2017-2018,CRDITED Mauricie et Centre-du-Québec,0,6,5,172.0
2017-2018,CRDITED Mauricie et Centre-du-Québec,0,6,6,0.0
2017-2018,CRDITED Mauricie et Centre-du-Québec,0,6,7,0.0
2017-2018,CRDITED Mauricie et Centre-du-Québec,0,6,8,0.0
2017-2018,CRDITED Mauricie et Centre-du-Québec,0,6,9,73.0
2017-2018,CRDITED Mauricie et Centre-du-Québec,0,7,1,0.0
2017-2018,CRDITED Mauricie et Centre-du-Québec,0,7,2,3.0
2017-2018,CRDITED Mauricie et Centre-du-Québec,0,7,3,0.0
2017-2018,CRDITED Mauricie et Centre-du-Québec,0,7,4,1.0
2017-2018,CRDITED Mauricie et Centre-du-Québec,0,7,5,0.0
2017-2018,CRDITED Mauricie et Centre-du-Québec,0,7,6,0.0
2017-2018,CRDITED Mauricie et Centre-du-Québec,0,7,7,0.0
2017-2018,CRDITED Mauricie et Centre-du-Québec,0,7,8,0.0
2017-2018,CRDITED Mauricie et Centre-du-Québec,0,7,9,4.0
2017-2018,CRDITED Mauricie et Centre-du-Québec,0,8,1,0.0
2017-2018,CRDITED Mauricie et Centre-du-Québec,0,8,2,318.0
2017-2018,CRDITED Mauricie et Centre-du-Québec,0,8,3,0.0
2017-2018,CRDITED Mauricie et Centre-du-Québec,0,8,4,9.0
2017-2018,CRDITED Mauricie et Centre-du-Québec,0,8,5,0.0
2017-2018,CRDITED Mauricie et Centre-du-Québec,0,8,6,0.0
2017-2018,CRDITED Mauricie et Centre-du-Québec,0,8,7,0.0
2017-2018,CRDITED Mauricie et Centre-du-Québec,0,8,8,0.0
2017-2018,CRDITED Mauricie et Centre-du-Québec,0,8,9,241.0
2017-2018,CRDITED Mauricie et Centre-du-Québec,0,9,1,0.0
2017-2018,CRDITED Mauricie et Centre-du-Québec,0,9,2,139.0
2017-2018,CRDITED Mauricie et Centre-du-Québec,0,9,3,0.0
2017-2018,CRDITED Mauricie et Centre-du-Québec,0,9,4,9.0
2017-2018,CRDITED Mauricie et Centre-du-Québec,0,9,5,0.0
2017-2018,CRDITED Mauricie et Centre-du-Québec,0,9,6,0.0
2017-2018,CRDITED Mauricie et Centre-du-Québec,0,9,7,0.0
2017-2018,CRDITED Mauricie et Centre-du-Québec,0,9,8,0.0
2017-2018,CRDITED Mauricie et Centre-du-Québec,0,9,9,86.0
2017-2018,CRDITED Mauricie et Centre-du-Québec,0,10,1,4.0
2017-2018,CRDITED Mauricie et Centre-du-Québec,0,10,2,35.0
2017-2018,CRDITED Mauricie et Centre-du-Québec,0,10,3,14.0
2017-2018,CRDITED Mauricie et Centre-du-Québec,0,10,4,6.0
2017-2018,CRDITED Mauricie et Centre-du-Québec,0,10,5,7.0
2017-2018,CRDITED Mauricie et Centre-du-Québec,0,10,6,2.0
2017-2018,CRDITED Mauricie et Centre-du-Québec,0,10,7,0.0
2017-2018,CRDITED Mauricie et Centre-du-Québec,0,10,8,0.0
2017-2018,CRDITED Mauricie et Centre-du-Québec,0,10,9,68.0
2017-2018,CRDITED Mauricie et Centre-du-Québec,0,11,1,37.0
2017-2018,CRDITED Mauricie et Centre-du-Québec,0,11,2,194.0
2017-2018,CRDITED Mauricie et Centre-du-Québec,0,11,3,242.0
2017-2018,CRDITED Mauricie et Centre-du-Québec,0,11,4,137.0
2017-2018,CRDITED Mauricie et Centre-du-Québec,0,11,5,167.0
2017-2018,CRDITED Mauricie et Centre-du-Québec,0,11,6,38.0
2017-2018,CRDITED Mauricie et Centre-du-Québec,0,11,7,0.0
2017-2018,CRDITED Mauricie et Centre-du-Québec,0,11,8,0.0
2017-2018,CRDITED Mauricie et Centre-du-Québec,0,11,9,182.0
2017-2018,CRDITED Mauricie et Centre-du-Québec,0,12,1,15.0
2017-2018,CRDITED Mauricie et Centre-du-Québec,0,12,2,129.0
2017-2018,CRDITED Mauricie et Centre-du-Québec,0,12,3,180.0
2017-2018,CRDITED Mauricie et Centre-du-Québec,0,12,4,75.0
2017-2018,CRDITED Mauricie et Centre-du-Québec,0,12,5,23.0
2017-2018,CRDITED Mauricie et Centre-du-Québec,0,12,6,38.0
2017-2018,CRDITED Mauricie et Centre-du-Québec,0,12,7,0.0
2017-2018,CRDITED Mauricie et Centre-du-Québec,0,12,8,0.0
2017-2018,CRDITED Mauricie et Centre-du-Québec,0,12,9,123.0
2017-2018,CRDITED Mauricie et Centre-du-Québec,0,13,1,4.0
2017-2018,CRDITED Mauricie et Centre-du-Québec,0,13,2,38.0
2017-2018,CRDITED Mauricie et Centre-du-Québec,0,13,3,28.0
2017-2018,CRDITED Mauricie et Centre-du-Québec,0,13,4,25.0
2017-2018,CRDITED Mauricie et Centre-du-Québec,0,13,5,13.0
2017-2018,CRDITED Mauricie et Centre-du-Québec,0,13,6,2.0
2017-2018,CRDITED Mauricie et Centre-du-Québec,0,13,7,0.0
2017-2018,CRDITED Mauricie et Centre-du-Québec,0,13,8,0.0
2017-2018,CRDITED Mauricie et Centre-du-Québec,0,13,9,110.0
2017-2018,CRDITED Mauricie et Centre-du-Québec,0,14,1,37.0
2017-2018,CRDITED Mauricie et Centre-du-Québec,0,14,2,204.0
2017-2018,CRDITED Mauricie et Centre-du-Québec,0,14,3,159.0
2017-2018,CRDITED Mauricie et Centre-du-Québec,0,14,4,173.0
2017-2018,CRDITED Mauricie et Centre-du-Québec,0,14,5,196.0
2017-2018,CRDITED Mauricie et Centre-du-Québec,0,14,6,38.0
2017-2018,CRDITED Mauricie et Centre-du-Québec,0,14,7,0.0
2017-2018,CRDITED Mauricie et Centre-du-Québec,0,14,8,0.0
2017-2018,CRDITED Mauricie et Centre-du-Québec,0,14,9,176.0
2017-2018,CRDITED Mauricie et Centre-du-Québec,0,15,1,15.0
2017-2018,CRDITED Mauricie et Centre-du-Québec,0,15,2,132.0
2017-2018,CRDITED Mauricie et Centre-du-Québec,0,15,3,113.0
2017-2018,CRDITED Mauricie et Centre-du-Québec,0,15,4,110.0
2017-2018,CRDITED Mauricie et Centre-du-Québec,0,15,5,101.0
2017-2018,CRDITED Mauricie et Centre-du-Québec,0,15,6,38.0
2017-2018,CRDITED Mauricie et Centre-du-Québec,0,15,7,0.0
2017-2018,CRDITED Mauricie et Centre-du-Québec,0,15,8,0.0
2017-2018,CRDITED Mauricie et Centre-du-Québec,0,15,9,110.0
2017-2018,CRDITED de Laval,0,7,1,0.0
2017-2018,CRDITED de Laval,0,7,2,1.0
2017-2018,CRDITED de Laval,0,7,3,3.0
2017-2018,CRDITED de Laval,0,7,4,8.0
2017-2018,CRDITED de Laval,0,7,5,5.0
2017-2018,CRDITED de Laval,0,7,6,1.0
2017-2018,CRDITED de Laval,0,7,7,0.0
2017-2018,CRDITED de Laval,0,7,8,0.0
2017-2018,CRDITED de Laval,0,7,9,18.0
2017-2018,CRDITED de Laval,0,8,2,135.0
2017-2018,CRDITED de Laval,0,8,3,1100.0
2017-2018,CRDITED de Laval,0,8,4,102.0
2017-2018,CRDITED de Laval,0,8,5,101.0
2017-2018,CRDITED de Laval,0,8,6,2117.0
2017-2018,CRDITED de Laval,0,8,9,382.0
2017-2018,CRDITED de Laval,0,9,2,135.0
2017-2018,CRDITED de Laval,0,9,3,1238.0
2017-2018,CRDITED de Laval,0,9,4,88.0
2017-2018,CRDITED de Laval,0,9,5,144.0
2017-2018,CRDITED de Laval,0,9,6,2117.0
2017-2018,CRDITED de Laval,0,9,9,138.0
2017-2018,CRDITED de Laval,0,10,1,11.0
2017-2018,CRDITED de Laval,0,10,2,61.0
2017-2018,CRDITED de Laval,0,10,3,22.0
2017-2018,CRDITED de Laval,0,10,4,24.0
2017-2018,CRDITED de Laval,0,10,5,19.0
2017-2018,CRDITED de Laval,0,10,6,4.0
2017-2018,CRDITED de Laval,0,10,7,0.0
2017-2018,CRDITED de Laval,0,10,8,0.0
2017-2018,CRDITED de Laval,0,10,9,141.0
2017-2018,CRDITED de Laval,0,11,1,73.0
2017-2018,CRDITED de Laval,0,11,2,118.0
2017-2018,CRDITED de Laval,0,11,3,95.0
2017-2018,CRDITED de Laval,0,11,4,160.0
2017-2018,CRDITED de Laval,0,11,5,161.0
2017-2018,CRDITED de Laval,0,11,6,557.0
2017-2018,CRDITED de Laval,0,11,9,136.0
2017-2018,CRDITED de Laval,0,12,1,47.0
2017-2018,CRDITED de Laval,0,12,2,132.0
2017-2018,CRDITED de Laval,0,12,3,72.0
2017-2018,CRDITED de Laval,0,12,4,156.0
2017-2018,CRDITED de Laval,0,12,5,131.0
2017-2018,CRDITED de Laval,0,12,6,50.0
2017-2018,CRDITED de Laval,0,12,9,124.0
2017-2018,CRDITED de Laval,0,13,1,11.0
2017-2018,CRDITED de Laval,0,13,2,62.0
2017-2018,CRDITED de Laval,0,13,3,25.0
2017-2018,CRDITED de Laval,0,13,4,32.0
2017-2018,CRDITED de Laval,0,13,5,24.0
2017-2018,CRDITED de Laval,0,13,6,5.0
2017-2018,CRDITED de Laval,0,13,7,0.0
2017-2018,CRDITED de Laval,0,13,8,0.0
2017-2018,CRDITED de Laval,0,13,9,159.0
2017-2018,CRDITED de Laval,0,14,1,73.0
2017-2018,CRDITED de Laval,0,14,2,118.0
2017-2018,CRDITED de Laval,0,14,3,216.0
2017-2018,CRDITED de Laval,0,14,4,146.0
2017-2018,CRDITED de Laval,0,14,5,148.0
2017-2018,CRDITED de Laval,0,14,6,869.0
2017-2018,CRDITED de Laval,0,14,9,164.0
2017-2018,CRDITED de Laval,0,15,1,47.0
2017-2018,CRDITED de Laval,0,15,2,132.0
2017-2018,CRDITED de Laval,0,15,3,79.0
2017-2018,CRDITED de Laval,0,15,4,123.0
2017-2018,CRDITED de Laval,0,15,5,134.0
2017-2018,CRDITED de Laval,0,15,6,82.0
2017-2018,CRDITED de Laval,0,15,9,125.0
2017-2018,CRDITED de Montréal,0,1,4,15.0
2017-2018,CRDITED de Montréal,0,1,5,22.0
2017-2018,CRDITED de Montréal,0,1,6,3.0
2017-2018,CRDITED de Montréal,0,1,9,40.0
2017-2018,CRDITED de Montréal,0,2,4,343.0
2017-2018,CRDITED de Montréal,0,2,5,1441.0
2017-2018,CRDITED de Montréal,0,2,6,1977.0
2017-2018,CRDITED de Montréal,0,2,9,1070.0
2017-2018,CRDITED de Montréal,0,3,4,173.0
2017-2018,CRDITED de Montréal,0,3,5,1148.0
2017-2018,CRDITED de Montréal,0,3,6,2230.0
2017-2018,CRDITED de Montréal,0,3,9,738.0
2017-2018,CRDITED de Montréal,0,4,3,6.0
2017-2018,CRDITED de Montréal,0,4,4,44.0
2017-2018,CRDITED de Montréal,0,4,5,44.0
2017-2018,CRDITED de Montréal,0,4,6,8.0
2017-2018,CRDITED de Montréal,0,4,9,102.0
2017-2018,CRDITED de Montréal,0,5,3,241.0
2017-2018,CRDITED de Montréal,0,5,4,345.0
2017-2018,CRDITED de Montréal,0,5,5,1009.0
2017-2018,CRDITED de Montréal,0,5,6,2240.0
2017-2018,CRDITED de Montréal,0,5,9,774.0
2017-2018,CRDITED de Montréal,0,6,3,237.0
2017-2018,CRDITED de Montréal,0,6,4,337.0
2017-2018,CRDITED de Montréal,0,6,5,954.0
2017-2018,CRDITED de Montréal,0,6,6,1700.0
2017-2018,CRDITED de Montréal,0,6,9,484.0
2017-2018,CRDITED de Montréal,0,7,1,2.0
2017-2018,CRDITED de Montréal,0,7,2,8.0
2017-2018,CRDITED de Montréal,0,7,3,18.0
2017-2018,CRDITED de Montréal,0,7,4,20.0
2017-2018,CRDITED de Montréal,0,7,5,27.0
2017-2018,CRDITED de Montréal,0,7,6,4.0
2017-2018,CRDITED de Montréal,0,7,9,79.0
2017-2018,CRDITED de Montréal,0,8,1,616.0
2017-2018,CRDITED de Montréal,0,8,2,355.0
2017-2018,CRDITED de Montréal,0,8,3,872.0
2017-2018,CRDITED de Montréal,0,8,4,959.0
2017-2018,CRDITED de Montréal,0,8,5,1383.0
2017-2018,CRDITED de Montréal,0,8,6,596.0
2017-2018,CRDITED de Montréal,0,8,9,996.0
2017-2018,CRDITED de Montréal,0,9,1,616.0
2017-2018,CRDITED de Montréal,0,9,2,86.0
2017-2018,CRDITED de Montréal,0,9,3,292.0
2017-2018,CRDITED de Montréal,0,9,4,543.0
2017-2018,CRDITED de Montréal,0,9,5,941.0
2017-2018,CRDITED de Montréal,0,9,6,319.0
2017-2018,CRDITED de Montréal,0,9,9,556.0
2017-2018,CRDITED de Montréal,0,10,1,525.0
2017-2018,CRDITED de Montréal,0,10,2,476.0
2017-2018,CRDITED de Montréal,0,10,3,137.0
2017-2018,CRDITED de Montréal,0,10,4,75.0
2017-2018,CRDITED de Montréal,0,10,5,82.0
2017-2018,CRDITED de Montréal,0,10,6,9.0
2017-2018,CRDITED de Montréal,0,10,7,1.0
2017-2018,CRDITED de Montréal,0,10,9,1305.0
2017-2018,CRDITED de Montréal,0,11,1,256.0
2017-2018,CRDITED de Montréal,0,11,2,604.0
2017-2018,CRDITED de Montréal,0,11,3,666.0
2017-2018,CRDITED de Montréal,0,11,4,553.0
2017-2018,CRDITED de Montréal,0,11,5,566.0
2017-2018,CRDITED de Montréal,0,11,6,768.0
2017-2018,CRDITED de Montréal,0,11,7,640.0
2017-2018,CRDITED de Montréal,0,11,9,466.0
2017-2018,CRDITED de Montréal,0,12,1,191.0
2017-2018,CRDITED de Montréal,0,12,2,436.0
2017-2018,CRDITED de Montréal,0,12,3,404.0
2017-2018,CRDITED de Montréal,0,12,4,276.0
2017-2018,CRDITED de Montréal,0,12,5,336.0
2017-2018,CRDITED de Montréal,0,12,6,586.0
2017-2018,CRDITED de Montréal,0,12,7,640.0
2017-2018,CRDITED de Montréal,0,12,9,255.0
2017-2018,CRDITED de Montréal,0,13,1,527.0
2017-2018,CRDITED de Montréal,0,13,2,484.0
2017-2018,CRDITED de Montréal,0,13,3,161.0
2017-2018,CRDITED de Montréal,0,13,4,154.0
2017-2018,CRDITED de Montréal,0,13,5,175.0
2017-2018,CRDITED de Montréal,0,13,6,24.0
2017-2018,CRDITED de Montréal,0,13,7,1.0
2017-2018,CRDITED de Montréal,0,13,9,1526.0
2017-2018,CRDITED de Montréal,0,14,1,257.0
2017-2018,CRDITED de Montréal,0,14,2,600.0
2017-2018,CRDITED de Montréal,0,14,3,673.0
2017-2018,CRDITED de Montréal,0,14,4,526.0
2017-2018,CRDITED de Montréal,0,14,5,914.0
2017-2018,CRDITED de Montréal,0,14,6,1381.0
2017-2018,CRDITED de Montréal,0,14,7,640.0
2017-2018,CRDITED de Montréal,0,14,9,530.0
2017-2018,CRDITED de Montréal,0,15,1,191.0
2017-2018,CRDITED de Montréal,0,15,2,432.0
2017-2018,CRDITED de Montréal,0,15,3,342.0
2017-2018,CRDITED de Montréal,0,15,4,356.0
2017-2018,CRDITED de Montréal,0,15,5,725.0
2017-2018,CRDITED de Montréal,0,15,6,1132.0
2017-2018,CRDITED de Montréal,0,15,7,640.0
2017-2018,CRDITED de Montréal,0,15,9,320.0
2017-2018,CRDITED de l'Estrie,0,1,1,0.0
2017-2018,CRDITED de l'Estrie,0,1,2,0.0
2017-2018,CRDITED de l'Estrie,0,1,3,1.0
2017-2018,CRDITED de l'Estrie,0,1,4,0.0
2017-2018,CRDITED de l'Estrie,0,1,5,2.0
2017-2018,CRDITED de l'Estrie,0,1,6,0.0
2017-2018,CRDITED de l'Estrie,0,1,7,0.0
2017-2018,CRDITED de l'Estrie,0,1,8,0.0
2017-2018,CRDITED de l'Estrie,0,1,9,3.0
2017-2018,CRDITED de l'Estrie,0,2,1,0.0
2017-2018,CRDITED de l'Estrie,0,2,2,0.0
2017-2018,CRDITED de l'Estrie,0,2,3,795.0
2017-2018,CRDITED de l'Estrie,0,2,4,0.0
2017-2018,CRDITED de l'Estrie,0,2,5,843.0
2017-2018,CRDITED de l'Estrie,0,2,6,0.0
2017-2018,CRDITED de l'Estrie,0,2,7,0.0
2017-2018,CRDITED de l'Estrie,0,2,8,0.0
2017-2018,CRDITED de l'Estrie,0,2,9,827.0
2017-2018,CRDITED de l'Estrie,0,3,1,0.0
2017-2018,CRDITED de l'Estrie,0,3,2,0.0
2017-2018,CRDITED de l'Estrie,0,3,3,795.0
2017-2018,CRDITED de l'Estrie,0,3,4,0.0
2017-2018,CRDITED de l'Estrie,0,3,5,843.0
2017-2018,CRDITED de l'Estrie,0,3,6,0.0
2017-2018,CRDITED de l'Estrie,0,3,7,0.0
2017-2018,CRDITED de l'Estrie,0,3,8,0.0
2017-2018,CRDITED de l'Estrie,0,3,9,795.0
2017-2018,CRDITED de l'Estrie,0,4,1,0.0
2017-2018,CRDITED de l'Estrie,0,4,2,0.0
2017-2018,CRDITED de l'Estrie,0,4,3,1.0
2017-2018,CRDITED de l'Estrie,0,4,4,2.0
2017-2018,CRDITED de l'Estrie,0,4,5,4.0
2017-2018,CRDITED de l'Estrie,0,4,6,0.0
2017-2018,CRDITED de l'Estrie,0,4,7,0.0
2017-2018,CRDITED de l'Estrie,0,4,8,0.0
2017-2018,CRDITED de l'Estrie,0,4,9,7.0
2017-2018,CRDITED de l'Estrie,0,5,1,0.0
2017-2018,CRDITED de l'Estrie,0,5,2,0.0
2017-2018,CRDITED de l'Estrie,0,5,3,251.0
2017-2018,CRDITED de l'Estrie,0,5,4,242.0
2017-2018,CRDITED de l'Estrie,0,5,5,165.0
2017-2018,CRDITED de l'Estrie,0,5,6,0.0
2017-2018,CRDITED de l'Estrie,0,5,7,0.0
2017-2018,CRDITED de l'Estrie,0,5,8,0.0
2017-2018,CRDITED de l'Estrie,0,5,9,199.0
2017-2018,CRDITED de l'Estrie,0,6,1,0.0
2017-2018,CRDITED de l'Estrie,0,6,2,0.0
2017-2018,CRDITED de l'Estrie,0,6,3,251.0
2017-2018,CRDITED de l'Estrie,0,6,4,242.0
2017-2018,CRDITED de l'Estrie,0,6,5,158.0
2017-2018,CRDITED de l'Estrie,0,6,6,0.0
2017-2018,CRDITED de l'Estrie,0,6,7,0.0
2017-2018,CRDITED de l'Estrie,0,6,8,0.0
2017-2018,CRDITED de l'Estrie,0,6,9,244.0
2017-2018,CRDITED de l'Estrie,0,7,1,0.0
2017-2018,CRDITED de l'Estrie,0,7,2,1.0
2017-2018,CRDITED de l'Estrie,0,7,3,1.0
2017-2018,CRDITED de l'Estrie,0,7,4,0.0
2017-2018,CRDITED de l'Estrie,0,7,5,1.0
2017-2018,CRDITED de l'Estrie,0,7,6,0.0
2017-2018,CRDITED de l'Estrie,0,7,7,0.0
2017-2018,CRDITED de l'Estrie,0,7,8,0.0
2017-2018,CRDITED de l'Estrie,0,7,9,3.0
2017-2018,CRDITED de l'Estrie,0,8,1,0.0
2017-2018,CRDITED de l'Estrie,0,8,2,549.0
2017-2018,CRDITED de l'Estrie,0,8,3,60.0
2017-2018,CRDITED de l'Estrie,0,8,4,0.0
2017-2018,CRDITED de l'Estrie,0,8,5,577.0
2017-2018,CRDITED de l'Estrie,0,8,6,0.0
2017-2018,CRDITED de l'Estrie,0,8,7,0.0
2017-2018,CRDITED de l'Estrie,0,8,8,0.0
2017-2018,CRDITED de l'Estrie,0,8,9,395.0
2017-2018,CRDITED de l'Estrie,0,9,1,0.0
2017-2018,CRDITED de l'Estrie,0,9,2,549.0
2017-2018,CRDITED de l'Estrie,0,9,3,60.0
2017-2018,CRDITED de l'Estrie,0,9,4,0.0
2017-2018,CRDITED de l'Estrie,0,9,5,577.0
2017-2018,CRDITED de l'Estrie,0,9,6,0.0
2017-2018,CRDITED de l'Estrie,0,9,7,0.0
2017-2018,CRDITED de l'Estrie,0,9,8,0.0
2017-2018,CRDITED de l'Estrie,0,9,9,549.0
2017-2018,CRDITED de l'Estrie,0,10,1,1.0
2017-2018,CRDITED de l'Estrie,0,10,2,21.0
2017-2018,CRDITED de l'Estrie,0,10,3,15.0
2017-2018,CRDITED de l'Estrie,0,10,4,5.0
2017-2018,CRDITED de l'Estrie,0,10,5,5.0
2017-2018,CRDITED de l'Estrie,0,10,6,0.0
2017-2018,CRDITED de l'Estrie,0,10,7,0.0
2017-2018,CRDITED de l'Estrie,0,10,8,0.0
2017-2018,CRDITED de l'Estrie,0,10,9,47.0
2017-2018,CRDITED de l'Estrie,0,11,1,66.0
2017-2018,CRDITED de l'Estrie,0,11,2,164.0
2017-2018,CRDITED de l'Estrie,0,11,3,151.0
2017-2018,CRDITED de l'Estrie,0,11,4,76.0
2017-2018,CRDITED de l'Estrie,0,11,5,440.0
2017-2018,CRDITED de l'Estrie,0,11,6,0.0
2017-2018,CRDITED de l'Estrie,0,11,7,0.0
2017-2018,CRDITED de l'Estrie,0,11,8,0.0
2017-2018,CRDITED de l'Estrie,0,11,9,178.0
2017-2018,CRDITED de l'Estrie,0,12,1,66.0
2017-2018,CRDITED de l'Estrie,0,12,2,141.0
2017-2018,CRDITED de l'Estrie,0,12,3,102.0
2017-2018,CRDITED de l'Estrie,0,12,4,55.0
2017-2018,CRDITED de l'Estrie,0,12,5,59.0
2017-2018,CRDITED de l'Estrie,0,12,6,0.0
2017-2018,CRDITED de l'Estrie,0,12,7,0.0
2017-2018,CRDITED de l'Estrie,0,12,8,0.0
2017-2018,CRDITED de l'Estrie,0,12,9,101.0
2017-2018,CRDITED de l'Estrie,0,13,1,1.0
2017-2018,CRDITED de l'Estrie,0,13,2,22.0
2017-2018,CRDITED de l'Estrie,0,13,3,18.0
2017-2018,CRDITED de l'Estrie,0,13,4,7.0
2017-2018,CRDITED de l'Estrie,0,13,5,12.0
2017-2018,CRDITED de l'Estrie,0,13,6,0.0
2017-2018,CRDITED de l'Estrie,0,13,7,0.0
2017-2018,CRDITED de l'Estrie,0,13,8,0.0
2017-2018,CRDITED de l'Estrie,0,13,9,60.0
2017-2018,CRDITED de l'Estrie,0,14,1,66.0
2017-2018,CRDITED de l'Estrie,0,14,2,181.0
2017-2018,CRDITED de l'Estrie,0,14,3,187.0
2017-2018,CRDITED de l'Estrie,0,14,4,123.0
2017-2018,CRDITED de l'Estrie,0,14,5,427.0
2017-2018,CRDITED de l'Estrie,0,14,6,0.0
2017-2018,CRDITED de l'Estrie,0,14,7,0.0
2017-2018,CRDITED de l'Estrie,0,14,8,0.0
2017-2018,CRDITED de l'Estrie,0,14,9,223.0
2017-2018,CRDITED de l'Estrie,0,15,1,66.0
2017-2018,CRDITED de l'Estrie,0,15,2,141.0
2017-2018,CRDITED de l'Estrie,0,15,3,122.0
2017-2018,CRDITED de l'Estrie,0,15,4,59.0
2017-2018,CRDITED de l'Estrie,0,15,5,244.0
2017-2018,CRDITED de l'Estrie,0,15,6,0.0
2017-2018,CRDITED de l'Estrie,0,15,7,0.0
2017-2018,CRDITED de l'Estrie,0,15,8,0.0
2017-2018,CRDITED de l'Estrie,0,15,9,127.0
2017-2018,CRDITED de la Montérégie-Est,0,4,3,2.0
2017-2018,CRDITED de la Montérégie-Est,0,4,4,8.0
2017-2018,CRDITED de la Montérégie-Est,0,4,5,10.0
2017-2018,CRDITED de la Montérégie-Est,0,4,6,1.0
2017-2018,CRDITED de la Montérégie-Est,0,4,9,21.0
2017-2018,CRDITED de la Montérégie-Est,0,5,3,328.0
2017-2018,CRDITED de la Montérégie-Est,0,5,4,127.0
2017-2018,CRDITED de la Montérégie-Est,0,5,5,141.0
2017-2018,CRDITED de la Montérégie-Est,0,5,6,369.0
2017-2018,CRDITED de la Montérégie-Est,0,5,9,164.0
2017-2018,CRDITED de la Montérégie-Est,0,6,3,328.0
2017-2018,CRDITED de la Montérégie-Est,0,6,4,75.0
2017-2018,CRDITED de la Montérégie-Est,0,6,5,100.0
2017-2018,CRDITED de la Montérégie-Est,0,6,6,369.0
2017-2018,CRDITED de la Montérégie-Est,0,6,9,151.0
2017-2018,CRDITED de la Montérégie-Est,0,7,1,1.0
2017-2018,CRDITED de la Montérégie-Est,0,7,2,1.0
2017-2018,CRDITED de la Montérégie-Est,0,7,3,6.0
2017-2018,CRDITED de la Montérégie-Est,0,7,4,5.0
2017-2018,CRDITED de la Montérégie-Est,0,7,5,13.0
2017-2018,CRDITED de la Montérégie-Est,0,7,6,3.0
2017-2018,CRDITED de la Montérégie-Est,0,7,9,29.0
2017-2018,CRDITED de la Montérégie-Est,0,8,1,100.0
2017-2018,CRDITED de la Montérégie-Est,0,8,2,54.0
2017-2018,CRDITED de la Montérégie-Est,0,8,3,114.0
2017-2018,CRDITED de la Montérégie-Est,0,8,4,427.0
2017-2018,CRDITED de la Montérégie-Est,0,8,5,1732.0
2017-2018,CRDITED de la Montérégie-Est,0,8,6,1884.0
2017-2018,CRDITED de la Montérégie-Est,0,8,9,1074.0
2017-2018,CRDITED de la Montérégie-Est,0,9,1,100.0
2017-2018,CRDITED de la Montérégie-Est,0,9,2,54.0
2017-2018,CRDITED de la Montérégie-Est,0,9,3,37.0
2017-2018,CRDITED de la Montérégie-Est,0,9,4,471.0
2017-2018,CRDITED de la Montérégie-Est,0,9,5,1175.0
2017-2018,CRDITED de la Montérégie-Est,0,9,6,2117.0
2017-2018,CRDITED de la Montérégie-Est,0,9,9,440.0
2017-2018,CRDITED de la Montérégie-Est,0,10,1,62.0
2017-2018,CRDITED de la Montérégie-Est,0,10,2,321.0
2017-2018,CRDITED de la Montérégie-Est,0,10,3,98.0
2017-2018,CRDITED de la Montérégie-Est,0,10,4,24.0
2017-2018,CRDITED de la Montérégie-Est,0,10,5,17.0
2017-2018,CRDITED de la Montérégie-Est,0,10,6,2.0
2017-2018,CRDITED de la Montérégie-Est,0,10,9,524.0
2017-2018,CRDITED de la Montérégie-Est,0,11,1,45.0
2017-2018,CRDITED de la Montérégie-Est,0,11,2,127.0
2017-2018,CRDITED de la Montérégie-Est,0,11,3,141.0
2017-2018,CRDITED de la Montérégie-Est,0,11,4,148.0
2017-2018,CRDITED de la Montérégie-Est,0,11,5,90.0
2017-2018,CRDITED de la Montérégie-Est,0,11,6,2986.0
2017-2018,CRDITED de la Montérégie-Est,0,11,9,130.0
2017-2018,CRDITED de la Montérégie-Est,0,12,1,29.0
2017-2018,CRDITED de la Montérégie-Est,0,12,2,104.0
2017-2018,CRDITED de la Montérégie-Est,0,12,3,121.0
2017-2018,CRDITED de la Montérégie-Est,0,12,4,138.0
2017-2018,CRDITED de la Montérégie-Est,0,12,5,57.0
2017-2018,CRDITED de la Montérégie-Est,0,12,6,2986.0
2017-2018,CRDITED de la Montérégie-Est,0,12,9,87.0
2017-2018,CRDITED de la Montérégie-Est,0,13,1,63.0
2017-2018,CRDITED de la Montérégie-Est,0,13,2,322.0
2017-2018,CRDITED de la Montérégie-Est,0,13,3,106.0
2017-2018,CRDITED de la Montérégie-Est,0,13,4,37.0
2017-2018,CRDITED de la Montérégie-Est,0,13,5,40.0
2017-2018,CRDITED de la Montérégie-Est,0,13,6,6.0
2017-2018,CRDITED de la Montérégie-Est,0,13,9,574.0
2017-2018,CRDITED de la Montérégie-Est,0,14,1,46.0
2017-2018,CRDITED de la Montérégie-Est,0,14,2,126.0
2017-2018,CRDITED de la Montérégie-Est,0,14,3,143.0
2017-2018,CRDITED de la Montérégie-Est,0,14,4,181.0
2017-2018,CRDITED de la Montérégie-Est,0,14,5,636.0
2017-2018,CRDITED de la Montérégie-Est,0,14,6,1999.0
2017-2018,CRDITED de la Montérégie-Est,0,14,9,179.0
2017-2018,CRDITED de la Montérégie-Est,0,15,1,32.0
2017-2018,CRDITED de la Montérégie-Est,0,15,2,104.0
2017-2018,CRDITED de la Montérégie-Est,0,15,3,120.0
2017-2018,CRDITED de la Montérégie-Est,0,15,4,165.0
2017-2018,CRDITED de la Montérégie-Est,0,15,5,133.0
2017-2018,CRDITED de la Montérégie-Est,0,15,6,2328.0
2017-2018,CRDITED de la Montérégie-Est,0,15,9,101.0
2017-2018,CRDITED du Bas-St-Laurent,0,1,4,1.0
2017-2018,CRDITED du Bas-St-Laurent,0,1,5,1.0
2017-2018,CRDITED du Bas-St-Laurent,0,1,9,2.0
2017-2018,CRDITED du Bas-St-Laurent,0,2,4,261.0
2017-2018,CRDITED du Bas-St-Laurent,0,2,5,261.0
2017-2018,CRDITED du Bas-St-Laurent,0,2,9,261.0
2017-2018,CRDITED du Bas-St-Laurent,0,3,4,261.0
2017-2018,CRDITED du Bas-St-Laurent,0,3,5,261.0
2017-2018,CRDITED du Bas-St-Laurent,0,3,9,261.0
2017-2018,CRDITED du Bas-St-Laurent,0,4,3,1.0
2017-2018,CRDITED du Bas-St-Laurent,0,4,9,1.0
2017-2018,CRDITED du Bas-St-Laurent,0,5,3,305.0
2017-2018,CRDITED du Bas-St-Laurent,0,5,9,305.0
2017-2018,CRDITED du Bas-St-Laurent,0,6,3,305.0
2017-2018,CRDITED du Bas-St-Laurent,0,6,9,305.0
2017-2018,CRDITED du Bas-St-Laurent,0,7,3,1.0
2017-2018,CRDITED du Bas-St-Laurent,0,7,9,1.0
2017-2018,CRDITED du Bas-St-Laurent,0,8,3,334.0
2017-2018,CRDITED du Bas-St-Laurent,0,8,9,334.0
2017-2018,CRDITED du Bas-St-Laurent,0,9,3,334.0
2017-2018,CRDITED du Bas-St-Laurent,0,9,9,334.0
2017-2018,CRDITED du Bas-St-Laurent,0,10,1,1.0
2017-2018,CRDITED du Bas-St-Laurent,0,10,2,16.0
2017-2018,CRDITED du Bas-St-Laurent,0,10,3,7.0
2017-2018,CRDITED du Bas-St-Laurent,0,10,4,1.0
2017-2018,CRDITED du Bas-St-Laurent,0,10,5,4.0
2017-2018,CRDITED du Bas-St-Laurent,0,10,7,1.0
2017-2018,CRDITED du Bas-St-Laurent,0,10,9,30.0
2017-2018,CRDITED du Bas-St-Laurent,0,11,1,31.0
2017-2018,CRDITED du Bas-St-Laurent,0,11,2,143.0
2017-2018,CRDITED du Bas-St-Laurent,0,11,3,143.0
2017-2018,CRDITED du Bas-St-Laurent,0,11,4,79.0
2017-2018,CRDITED du Bas-St-Laurent,0,11,5,81.0
2017-2018,CRDITED du Bas-St-Laurent,0,11,7,57.0
2017-2018,CRDITED du Bas-St-Laurent,0,11,9,126.0
2017-2018,CRDITED du Bas-St-Laurent,0,13,1,1.0
2017-2018,CRDITED du Bas-St-Laurent,0,13,2,16.0
2017-2018,CRDITED du Bas-St-Laurent,0,13,3,9.0
2017-2018,CRDITED du Bas-St-Laurent,0,13,4,2.0
2017-2018,CRDITED du Bas-St-Laurent,0,13,5,5.0
2017-2018,CRDITED du Bas-St-Laurent,0,13,7,1.0
2017-2018,CRDITED du Bas-St-Laurent,0,13,9,34.0
2017-2018,CRDITED du Bas-St-Laurent,0,14,1,31.0
2017-2018,CRDITED du Bas-St-Laurent,0,14,2,143.0
2017-2018,CRDITED du Bas-St-Laurent,0,14,3,182.0
2017-2018,CRDITED du Bas-St-Laurent,0,14,4,170.0
2017-2018,CRDITED du Bas-St-Laurent,0,14,5,117.0
2017-2018,CRDITED du Bas-St-Laurent,0,14,7,57.0
2017-2018,CRDITED du Bas-St-Laurent,0,14,9,146.0
2017-2018,CRDITED du SaguenayLac-St-Jean,0,1,1,0.0
2017-2018,CRDITED du SaguenayLac-St-Jean,0,1,2,0.0
2017-2018,CRDITED du SaguenayLac-St-Jean,0,1,3,0.0
2017-2018,CRDITED du SaguenayLac-St-Jean,0,1,4,1.0
2017-2018,CRDITED du SaguenayLac-St-Jean,0,1,5,1.0
2017-2018,CRDITED du SaguenayLac-St-Jean,0,1,6,0.0
2017-2018,CRDITED du SaguenayLac-St-Jean,0,1,7,0.0
2017-2018,CRDITED du SaguenayLac-St-Jean,0,1,8,0.0
2017-2018,CRDITED du SaguenayLac-St-Jean,0,1,9,2.0
2017-2018,CRDITED du SaguenayLac-St-Jean,0,2,1,0.0
2017-2018,CRDITED du SaguenayLac-St-Jean,0,2,2,0.0
2017-2018,CRDITED du SaguenayLac-St-Jean,0,2,3,0.0
2017-2018,CRDITED du SaguenayLac-St-Jean,0,2,4,76.0
2017-2018,CRDITED du SaguenayLac-St-Jean,0,2,5,530.0
2017-2018,CRDITED du SaguenayLac-St-Jean,0,2,6,0.0
2017-2018,CRDITED du SaguenayLac-St-Jean,0,2,7,0.0
2017-2018,CRDITED du SaguenayLac-St-Jean,0,2,8,0.0
2017-2018,CRDITED du SaguenayLac-St-Jean,0,2,9,303.0
2017-2018,CRDITED du SaguenayLac-St-Jean,0,3,1,0.0
2017-2018,CRDITED du SaguenayLac-St-Jean,0,3,2,0.0
2017-2018,CRDITED du SaguenayLac-St-Jean,0,3,3,0.0
2017-2018,CRDITED du SaguenayLac-St-Jean,0,3,4,76.0
2017-2018,CRDITED du SaguenayLac-St-Jean,0,3,5,530.0
2017-2018,CRDITED du SaguenayLac-St-Jean,0,3,6,0.0
2017-2018,CRDITED du SaguenayLac-St-Jean,0,3,7,0.0
2017-2018,CRDITED du SaguenayLac-St-Jean,0,3,8,0.0
2017-2018,CRDITED du SaguenayLac-St-Jean,0,3,9,303.0
2017-2018,CRDITED du SaguenayLac-St-Jean,0,4,1,0.0
2017-2018,CRDITED du SaguenayLac-St-Jean,0,4,2,0.0
2017-2018,CRDITED du SaguenayLac-St-Jean,0,4,3,0.0
2017-2018,CRDITED du SaguenayLac-St-Jean,0,4,4,2.0
2017-2018,CRDITED du SaguenayLac-St-Jean,0,4,5,3.0
2017-2018,CRDITED du SaguenayLac-St-Jean,0,4,6,0.0
2017-2018,CRDITED du SaguenayLac-St-Jean,0,4,7,0.0
2017-2018,CRDITED du SaguenayLac-St-Jean,0,4,8,0.0
2017-2018,CRDITED du SaguenayLac-St-Jean,0,4,9,5.0
2017-2018,CRDITED du SaguenayLac-St-Jean,0,5,1,0.0
2017-2018,CRDITED du SaguenayLac-St-Jean,0,5,2,0.0
2017-2018,CRDITED du SaguenayLac-St-Jean,0,5,3,0.0
2017-2018,CRDITED du SaguenayLac-St-Jean,0,5,4,189.0
2017-2018,CRDITED du SaguenayLac-St-Jean,0,5,5,508.0
2017-2018,CRDITED du SaguenayLac-St-Jean,0,5,6,0.0
2017-2018,CRDITED du SaguenayLac-St-Jean,0,5,7,0.0
2017-2018,CRDITED du SaguenayLac-St-Jean,0,5,8,0.0
2017-2018,CRDITED du SaguenayLac-St-Jean,0,5,9,381.0
2017-2018,CRDITED du SaguenayLac-St-Jean,0,6,1,0.0
2017-2018,CRDITED du SaguenayLac-St-Jean,0,6,2,0.0
2017-2018,CRDITED du SaguenayLac-St-Jean,0,6,3,0.0
2017-2018,CRDITED du SaguenayLac-St-Jean,0,6,4,189.0
2017-2018,CRDITED du SaguenayLac-St-Jean,0,6,5,544.0
2017-2018,CRDITED du SaguenayLac-St-Jean,0,6,6,0.0
2017-2018,CRDITED du SaguenayLac-St-Jean,0,6,7,0.0
2017-2018,CRDITED du SaguenayLac-St-Jean,0,6,8,0.0
2017-2018,CRDITED du SaguenayLac-St-Jean,0,6,9,248.0
2017-2018,CRDITED du SaguenayLac-St-Jean,0,7,1,0.0
2017-2018,CRDITED du SaguenayLac-St-Jean,0,7,2,0.0
2017-2018,CRDITED du SaguenayLac-St-Jean,0,7,3,0.0
2017-2018,CRDITED du SaguenayLac-St-Jean,0,7,4,2.0
2017-2018,CRDITED du SaguenayLac-St-Jean,0,7,5,2.0
2017-2018,CRDITED du SaguenayLac-St-Jean,0,7,6,0.0
2017-2018,CRDITED du SaguenayLac-St-Jean,0,7,7,0.0
2017-2018,CRDITED du SaguenayLac-St-Jean,0,7,8,0.0
2017-2018,CRDITED du SaguenayLac-St-Jean,0,7,9,4.0
2017-2018,CRDITED du SaguenayLac-St-Jean,0,8,1,0.0
2017-2018,CRDITED du SaguenayLac-St-Jean,0,8,2,0.0
2017-2018,CRDITED du SaguenayLac-St-Jean,0,8,3,0.0
2017-2018,CRDITED du SaguenayLac-St-Jean,0,8,4,166.0
2017-2018,CRDITED du SaguenayLac-St-Jean,0,8,5,558.0
2017-2018,CRDITED du SaguenayLac-St-Jean,0,8,6,0.0
2017-2018,CRDITED du SaguenayLac-St-Jean,0,8,7,0.0
2017-2018,CRDITED du SaguenayLac-St-Jean,0,8,8,0.0
2017-2018,CRDITED du SaguenayLac-St-Jean,0,8,9,362.0
2017-2018,CRDITED du SaguenayLac-St-Jean,0,9,1,0.0
2017-2018,CRDITED du SaguenayLac-St-Jean,0,9,2,0.0
2017-2018,CRDITED du SaguenayLac-St-Jean,0,9,3,0.0
2017-2018,CRDITED du SaguenayLac-St-Jean,0,9,4,166.0
2017-2018,CRDITED du SaguenayLac-St-Jean,0,9,5,558.0
2017-2018,CRDITED du SaguenayLac-St-Jean,0,9,6,0.0
2017-2018,CRDITED du SaguenayLac-St-Jean,0,9,7,0.0
2017-2018,CRDITED du SaguenayLac-St-Jean,0,9,8,0.0
2017-2018,CRDITED du SaguenayLac-St-Jean,0,9,9,358.0
2017-2018,CRDITED du SaguenayLac-St-Jean,0,10,1,3.0
2017-2018,CRDITED du SaguenayLac-St-Jean,0,10,2,6.0
2017-2018,CRDITED du SaguenayLac-St-Jean,0,10,3,8.0
2017-2018,CRDITED du SaguenayLac-St-Jean,0,10,4,2.0
2017-2018,CRDITED du SaguenayLac-St-Jean,0,10,5,3.0
2017-2018,CRDITED du SaguenayLac-St-Jean,0,10,6,1.0
2017-2018,CRDITED du SaguenayLac-St-Jean,0,10,7,0.0
2017-2018,CRDITED du SaguenayLac-St-Jean,0,10,8,0.0
2017-2018,CRDITED du SaguenayLac-St-Jean,0,10,9,23.0
2017-2018,CRDITED du SaguenayLac-St-Jean,0,11,1,18.0
2017-2018,CRDITED du SaguenayLac-St-Jean,0,11,2,40.0
2017-2018,CRDITED du SaguenayLac-St-Jean,0,11,3,60.0
2017-2018,CRDITED du SaguenayLac-St-Jean,0,11,4,35.0
2017-2018,CRDITED du SaguenayLac-St-Jean,0,11,5,208.0
2017-2018,CRDITED du SaguenayLac-St-Jean,0,11,6,166.0
2017-2018,CRDITED du SaguenayLac-St-Jean,0,11,7,0.0
2017-2018,CRDITED du SaguenayLac-St-Jean,0,11,8,0.0
2017-2018,CRDITED du SaguenayLac-St-Jean,0,11,9,71.0
2017-2018,CRDITED du SaguenayLac-St-Jean,0,12,1,12.0
2017-2018,CRDITED du SaguenayLac-St-Jean,0,12,2,32.0
2017-2018,CRDITED du SaguenayLac-St-Jean,0,12,3,39.0
2017-2018,CRDITED du SaguenayLac-St-Jean,0,12,4,35.0
2017-2018,CRDITED du SaguenayLac-St-Jean,0,12,5,141.0
2017-2018,CRDITED du SaguenayLac-St-Jean,0,12,6,166.0
2017-2018,CRDITED du SaguenayLac-St-Jean,0,12,7,0.0
2017-2018,CRDITED du SaguenayLac-St-Jean,0,12,8,0.0
2017-2018,CRDITED du SaguenayLac-St-Jean,0,12,9,38.0
2017-2018,CRDITED du SaguenayLac-St-Jean,0,13,1,3.0
2017-2018,CRDITED du SaguenayLac-St-Jean,0,13,2,6.0
2017-2018,CRDITED du SaguenayLac-St-Jean,0,13,3,8.0
2017-2018,CRDITED du SaguenayLac-St-Jean,0,13,4,7.0
2017-2018,CRDITED du SaguenayLac-St-Jean,0,13,5,9.0
2017-2018,CRDITED du SaguenayLac-St-Jean,0,13,6,1.0
2017-2018,CRDITED du SaguenayLac-St-Jean,0,13,7,0.0
2017-2018,CRDITED du SaguenayLac-St-Jean,0,13,8,0.0
2017-2018,CRDITED du SaguenayLac-St-Jean,0,13,9,34.0
2017-2018,CRDITED du SaguenayLac-St-Jean,0,14,1,18.0
2017-2018,CRDITED du SaguenayLac-St-Jean,0,14,2,40.0
2017-2018,CRDITED du SaguenayLac-St-Jean,0,14,3,60.0
2017-2018,CRDITED du SaguenayLac-St-Jean,0,14,4,122.0
2017-2018,CRDITED du SaguenayLac-St-Jean,0,14,5,422.0
2017-2018,CRDITED du SaguenayLac-St-Jean,0,14,6,166.0
2017-2018,CRDITED du SaguenayLac-St-Jean,0,14,7,0.0
2017-2018,CRDITED du SaguenayLac-St-Jean,0,14,8,0.0
2017-2018,CRDITED du SaguenayLac-St-Jean,0,14,9,164.0
2017-2018,CRDITED du SaguenayLac-St-Jean,0,15,1,12.0
2017-2018,CRDITED du SaguenayLac-St-Jean,0,15,2,32.0
2017-2018,CRDITED du SaguenayLac-St-Jean,0,15,3,39.0
2017-2018,CRDITED du SaguenayLac-St-Jean,0,15,4,83.0
2017-2018,CRDITED du SaguenayLac-St-Jean,0,15,5,467.0
2017-2018,CRDITED du SaguenayLac-St-Jean,0,15,6,166.0
2017-2018,CRDITED du SaguenayLac-St-Jean,0,15,7,0.0
2017-2018,CRDITED du SaguenayLac-St-Jean,0,15,8,0.0
2017-2018,CRDITED du SaguenayLac-St-Jean,0,15,9,52.0
2017-2018,CSSS des Îles,0,1,5,1.0
2017-2018,CSSS des Îles,0,1,6,0.0
2017-2018,CSSS des Îles,0,1,7,0.0
2017-2018,CSSS des Îles,0,1,8,0.0
2017-2018,CSSS des Îles,0,1,9,1.0
2017-2018,CSSS des Îles,0,2,5,731.0
2017-2018,CSSS des Îles,0,2,9,731.0
2017-2018,CSSS des Îles,0,3,5,731.0
2017-2018,CSSS des Îles,0,3,9,731.0
2017-2018,CSSS des Îles,0,10,1,0.0
2017-2018,CSSS des Îles,0,10,2,0.0
2017-2018,CSSS des Îles,0,10,3,0.0
2017-2018,CSSS des Îles,0,10,4,1.0
2017-2018,CSSS des Îles,0,10,5,2.0
2017-2018,CSSS des Îles,0,10,6,0.0
2017-2018,CSSS des Îles,0,10,7,0.0
2017-2018,CSSS des Îles,0,10,8,0.0
2017-2018,CSSS des Îles,0,10,9,3.0
2017-2018,CSSS des Îles,0,11,4,27.0
2017-2018,CSSS des Îles,0,11,5,74.0
2017-2018,CSSS des Îles,0,11,9,58.0
2017-2018,CSSS des Îles,0,12,4,27.0
2017-2018,CSSS des Îles,0,12,5,74.0
2017-2018,CSSS des Îles,0,12,9,47.0
2017-2018,CSSS des Îles,0,13,1,0.0
2017-2018,CSSS des Îles,0,13,2,0.0
2017-2018,CSSS des Îles,0,13,3,0.0
2017-2018,CSSS des Îles,0,13,4,1.0
2017-2018,CSSS des Îles,0,13,5,3.0
2017-2018,CSSS des Îles,0,13,6,0.0
2017-2018,CSSS des Îles,0,13,7,0.0
2017-2018,CSSS des Îles,0,13,8,0.0
2017-2018,CSSS des Îles,0,13,9,4.0
2017-2018,CSSS des Îles,0,14,4,27.0
2017-2018,CSSS des Îles,0,14,5,293.0
2017-2018,CSSS des Îles,0,14,9,226.0
2017-2018,CSSS des Îles,0,15,4,27.0
2017-2018,CSSS des Îles,0,15,5,100.0
2017-2018,CSSS des Îles,0,15,9,74.0
2017-2018,Centre Miriam,0,1,1,0.0
2017-2018,Centre Miriam,0,1,2,0.0
2017-2018,Centre Miriam,0,1,3,0.0
2017-2018,Centre Miriam,0,1,4,6.0
2017-2018,Centre Miriam,0,1,5,1.0
2017-2018,Centre Miriam,0,1,6,2.0
2017-2018,Centre Miriam,0,1,7,0.0
2017-2018,Centre Miriam,0,1,8,0.0
2017-2018,Centre Miriam,0,1,9,9.0
2017-2018,Centre Miriam,0,2,4,81.0
2017-2018,Centre Miriam,0,2,5,278.0
2017-2018,Centre Miriam,0,2,6,2154.0
2017-2018,Centre Miriam,0,2,9,564.0
2017-2018,Centre Miriam,0,3,4,66.0
2017-2018,Centre Miriam,0,3,5,278.0
2017-2018,Centre Miriam,0,3,6,2154.0
2017-2018,Centre Miriam,0,3,9,82.0
2017-2018,Centre Miriam,0,4,1,0.0
2017-2018,Centre Miriam,0,4,2,0.0
2017-2018,Centre Miriam,0,4,3,0.0
2017-2018,Centre Miriam,0,4,4,2.0
2017-2018,Centre Miriam,0,4,5,2.0
2017-2018,Centre Miriam,0,4,6,1.0
2017-2018,Centre Miriam,0,4,7,0.0
2017-2018,Centre Miriam,0,4,8,0.0
2017-2018,Centre Miriam,0,4,9,5.0
2017-2018,Centre Miriam,0,5,4,52.0
2017-2018,Centre Miriam,0,5,5,635.0
2017-2018,Centre Miriam,0,5,6,2044.0
2017-2018,Centre Miriam,0,5,9,684.0
2017-2018,Centre Miriam,0,6,4,52.0
2017-2018,Centre Miriam,0,6,5,635.0
2017-2018,Centre Miriam,0,6,6,2044.0
2017-2018,Centre Miriam,0,6,9,585.0
2017-2018,Centre Miriam,0,7,1,3.0
2017-2018,Centre Miriam,0,7,2,20.0
2017-2018,Centre Miriam,0,7,3,7.0
2017-2018,Centre Miriam,0,7,4,9.0
2017-2018,Centre Miriam,0,7,5,2.0
2017-2018,Centre Miriam,0,7,6,0.0
2017-2018,Centre Miriam,0,7,7,0.0
2017-2018,Centre Miriam,0,7,8,0.0
2017-2018,Centre Miriam,0,7,9,41.0
2017-2018,Centre Miriam,0,8,1,243.0
2017-2018,Centre Miriam,0,8,2,359.0
2017-2018,Centre Miriam,0,8,3,481.0
2017-2018,Centre Miriam,0,8,4,672.0
2017-2018,Centre Miriam,0,8,5,522.0
2017-2018,Centre Miriam,0,8,9,448.0
2017-2018,Centre Miriam,0,9,1,163.0
2017-2018,Centre Miriam,0,9,2,233.0
2017-2018,Centre Miriam,0,9,3,313.0
2017-2018,Centre Miriam,0,9,4,502.0
2017-2018,Centre Miriam,0,9,5,522.0
2017-2018,Centre Miriam,0,9,9,317.0
2017-2018,Centre Miriam,0,10,1,72.0
2017-2018,Centre Miriam,0,10,2,140.0
2017-2018,Centre Miriam,0,10,3,43.0
2017-2018,Centre Miriam,0,10,4,11.0
2017-2018,Centre Miriam,0,10,5,9.0
2017-2018,Centre Miriam,0,10,6,2.0
2017-2018,Centre Miriam,0,10,7,0.0
2017-2018,Centre Miriam,0,10,8,0.0
2017-2018,Centre Miriam,0,10,9,277.0
2017-2018,Centre Miriam,0,11,1,164.0
2017-2018,Centre Miriam,0,11,2,194.0
2017-2018,Centre Miriam,0,11,3,235.0
2017-2018,Centre Miriam,0,11,4,318.0
2017-2018,Centre Miriam,0,11,5,296.0
2017-2018,Centre Miriam,0,11,6,117.0
2017-2018,Centre Miriam,0,11,9,199.0
2017-2018,Centre Miriam,0,12,1,154.0
2017-2018,Centre Miriam,0,12,2,175.0
2017-2018,Centre Miriam,0,12,3,206.0
2017-2018,Centre Miriam,0,12,4,199.0
2017-2018,Centre Miriam,0,12,5,243.0
2017-2018,Centre Miriam,0,12,6,117.0
2017-2018,Centre Miriam,0,12,9,171.0
2017-2018,Centre Miriam,0,13,1,75.0
2017-2018,Centre Miriam,0,13,2,160.0
2017-2018,Centre Miriam,0,13,3,50.0
2017-2018,Centre Miriam,0,13,4,28.0
2017-2018,Centre Miriam,0,13,5,14.0
2017-2018,Centre Miriam,0,13,6,5.0
2017-2018,Centre Miriam,0,13,7,0.0
2017-2018,Centre Miriam,0,13,8,0.0
2017-2018,Centre Miriam,0,13,9,332.0
2017-2018,Centre Miriam,0,14,1,167.0
2017-2018,Centre Miriam,0,14,2,214.0
2017-2018,Centre Miriam,0,14,3,269.0
2017-2018,Centre Miriam,0,14,4,362.0
2017-2018,Centre Miriam,0,14,5,389.0
2017-2018,Centre Miriam,0,14,6,1317.0
2017-2018,Centre Miriam,0,14,9,247.0
2017-2018,Centre Miriam,0,15,1,159.0
2017-2018,Centre Miriam,0,15,2,180.0
2017-2018,Centre Miriam,0,15,3,256.0
2017-2018,Centre Miriam,0,15,4,202.0
2017-2018,Centre Miriam,0,15,5,298.0
2017-2018,Centre Miriam,0,15,6,2014.0
2017-2018,Centre Miriam,0,15,9,182.0
2017-2018,Centre du Florès,0,1,3,1.0
2017-2018,Centre du Florès,0,1,4,4.0
2017-2018,Centre du Florès,0,1,5,5.0
2017-2018,Centre du Florès,0,1,6,3.0
2017-2018,Centre du Florès,0,1,9,13.0
2017-2018,Centre du Florès,0,2,3,6.0
2017-2018,Centre du Florès,0,2,4,161.0
2017-2018,Centre du Florès,0,2,5,653.0
2017-2018,Centre du Florès,0,2,6,1410.0
2017-2018,Centre du Florès,0,2,9,627.0
2017-2018,Centre du Florès,0,3,3,6.0
2017-2018,Centre du Florès,0,3,4,158.0
2017-2018,Centre du Florès,0,3,5,292.0
2017-2018,Centre du Florès,0,3,6,908.0
2017-2018,Centre du Florès,0,3,9,251.0
2017-2018,Centre du Florès,0,4,4,15.0
2017-2018,Centre du Florès,0,4,5,13.0
2017-2018,Centre du Florès,0,4,9,28.0
2017-2018,Centre du Florès,0,5,4,196.0
2017-2018,Centre du Florès,0,5,5,180.0
2017-2018,Centre du Florès,0,5,9,188.0
2017-2018,Centre du Florès,0,6,4,179.0
2017-2018,Centre du Florès,0,6,5,153.0
2017-2018,Centre du Florès,0,6,9,166.0
2017-2018,Centre du Florès,0,7,2,4.0
2017-2018,Centre du Florès,0,7,3,2.0
2017-2018,Centre du Florès,0,7,4,4.0
2017-2018,Centre du Florès,0,7,5,11.0
2017-2018,Centre du Florès,0,7,6,2.0
2017-2018,Centre du Florès,0,7,9,23.0
2017-2018,Centre du Florès,0,8,2,1060.0
2017-2018,Centre du Florès,0,8,3,638.0
2017-2018,Centre du Florès,0,8,4,947.0
2017-2018,Centre du Florès,0,8,5,1444.0
2017-2018,Centre du Florès,0,8,6,2784.0
2017-2018,Centre du Florès,0,8,9,1337.0
2017-2018,Centre du Florès,0,9,2,1056.0
2017-2018,Centre du Florès,0,9,3,638.0
2017-2018,Centre du Florès,0,9,4,893.0
2017-2018,Centre du Florès,0,9,5,1445.0
2017-2018,Centre du Florès,0,9,6,2784.0
2017-2018,Centre du Florès,0,9,9,1207.0
2017-2018,Centre du Florès,0,10,1,14.0
2017-2018,Centre du Florès,0,10,2,53.0
2017-2018,Centre du Florès,0,10,3,25.0
2017-2018,Centre du Florès,0,10,4,6.0
2017-2018,Centre du Florès,0,10,5,8.0
2017-2018,Centre du Florès,0,10,6,3.0
2017-2018,Centre du Florès,0,10,9,109.0
2017-2018,Centre du Florès,0,11,1,40.0
2017-2018,Centre du Florès,0,11,2,96.0
2017-2018,Centre du Florès,0,11,3,129.0
2017-2018,Centre du Florès,0,11,4,193.0
2017-2018,Centre du Florès,0,11,5,527.0
2017-2018,Centre du Florès,0,11,6,919.0
2017-2018,Centre du Florès,0,11,9,156.0
2017-2018,Centre du Florès,0,12,1,42.0
2017-2018,Centre du Florès,0,12,2,73.0
2017-2018,Centre du Florès,0,12,3,79.0
2017-2018,Centre du Florès,0,12,4,32.0
2017-2018,Centre du Florès,0,12,5,94.0
2017-2018,Centre du Florès,0,12,6,146.0
2017-2018,Centre du Florès,0,12,9,68.0
2017-2018,Centre du Florès,0,13,1,14.0
2017-2018,Centre du Florès,0,13,2,57.0
2017-2018,Centre du Florès,0,13,3,28.0
2017-2018,Centre du Florès,0,13,4,29.0
2017-2018,Centre du Florès,0,13,5,37.0
2017-2018,Centre du Florès,0,13,6,8.0
2017-2018,Centre du Florès,0,13,9,173.0
2017-2018,Centre du Florès,0,14,1,40.0
2017-2018,Centre du Florès,0,14,2,164.0
2017-2018,Centre du Florès,0,14,3,161.0
2017-2018,Centre du Florès,0,14,4,294.0
2017-2018,Centre du Florès,0,14,5,694.0
2017-2018,Centre du Florès,0,14,6,1570.0
2017-2018,Centre du Florès,0,14,9,354.0
2017-2018,Centre du Florès,0,15,1,42.0
2017-2018,Centre du Florès,0,15,2,79.0
2017-2018,Centre du Florès,0,15,3,83.0
2017-2018,Centre du Florès,0,15,4,179.0
2017-2018,Centre du Florès,0,15,5,292.0
2017-2018,Centre du Florès,0,15,6,1702.0
2017-2018,Centre du Florès,0,15,9,114.0
2017-2018,Pavillon du Parc,0,1,6,1.0
2017-2018,Pavillon du Parc,0,1,9,1.0
2017-2018,Pavillon du Parc,0,2,6,193.0
2017-2018,Pavillon du Parc,0,2,9,193.0
2017-2018,Pavillon du Parc,0,3,6,193.0
2017-2018,Pavillon du Parc,0,3,9,193.0
2017-2018,Pavillon du Parc,0,7,2,1.0
2017-2018,Pavillon du Parc,0,7,9,1.0
2017-2018,Pavillon du Parc,0,8,2,142.0
2017-2018,Pavillon du Parc,0,8,9,142.0
2017-2018,Pavillon du Parc,0,9,2,142.0
2017-2018,Pavillon du Parc,0,9,9,142.0
2017-2018,Pavillon du Parc,0,10,1,23.0
2017-2018,Pavillon du Parc,0,10,2,109.0
2017-2018,Pavillon du Parc,0,10,3,27.0
2017-2018,Pavillon du Parc,0,10,4,7.0
2017-2018,Pavillon du Parc,0,10,5,21.0
2017-2018,Pavillon du Parc,0,10,6,6.0
2017-2018,Pavillon du Parc,0,10,9,193.0
2017-2018,Pavillon du Parc,0,11,1,74.0
2017-2018,Pavillon du Parc,0,11,2,154.0
2017-2018,Pavillon du Parc,0,11,3,243.0
2017-2018,Pavillon du Parc,0,11,4,141.0
2017-2018,Pavillon du Parc,0,11,5,166.0
2017-2018,Pavillon du Parc,0,11,6,64.0
2017-2018,Pavillon du Parc,0,11,9,155.0
2017-2018,Pavillon du Parc,0,12,1,45.0
2017-2018,Pavillon du Parc,0,12,2,110.0
2017-2018,Pavillon du Parc,0,12,3,143.0
2017-2018,Pavillon du Parc,0,12,4,146.0
2017-2018,Pavillon du Parc,0,12,5,81.0
2017-2018,Pavillon du Parc,0,12,6,68.0
2017-2018,Pavillon du Parc,0,12,9,101.0
2017-2018,Pavillon du Parc,0,13,1,23.0
2017-2018,Pavillon du Parc,0,13,2,110.0
2017-2018,Pavillon du Parc,0,13,3,27.0
2017-2018,Pavillon du Parc,0,13,4,7.0
2017-2018,Pavillon du Parc,0,13,5,21.0
2017-2018,Pavillon du Parc,0,13,6,7.0
2017-2018,Pavillon du Parc,0,13,9,195.0
2017-2018,Pavillon du Parc,0,14,1,74.0
2017-2018,Pavillon du Parc,0,14,2,154.0
2017-2018,Pavillon du Parc,0,14,3,243.0
2017-2018,Pavillon du Parc,0,14,4,141.0
2017-2018,Pavillon du Parc,0,14,5,166.0
2017-2018,Pavillon du Parc,0,14,6,82.0
2017-2018,Pavillon du Parc,0,14,9,155.0
2017-2018,Pavillon du Parc,0,15,1,45.0
2017-2018,Pavillon du Parc,0,15,2,112.0
2017-2018,Pavillon du Parc,0,15,3,143.0
2017-2018,Pavillon du Parc,0,15,4,146.0
2017-2018,Pavillon du Parc,0,15,5,81.0
2017-2018,Pavillon du Parc,0,15,6,68.0
2017-2018,Pavillon du Parc,0,15,9,101.0
2017-2018,Réadaptation du Sud-Ouest et du Renfort,0,1,4,1.0
2017-2018,Réadaptation du Sud-Ouest et du Renfort,0,1,9,1.0
2017-2018,Réadaptation du Sud-Ouest et du Renfort,0,2,4,58.0
2017-2018,Réadaptation du Sud-Ouest et du Renfort,0,2,9,58.0
2017-2018,Réadaptation du Sud-Ouest et du Renfort,0,3,4,58.0
2017-2018,Réadaptation du Sud-Ouest et du Renfort,0,3,9,58.0
2017-2018,Réadaptation du Sud-Ouest et du Renfort,0,4,3,4.0
2017-2018,Réadaptation du Sud-Ouest et du Renfort,0,4,4,11.0
2017-2018,Réadaptation du Sud-Ouest et du Renfort,0,4,5,11.0
2017-2018,Réadaptation du Sud-Ouest et du Renfort,0,4,9,26.0
2017-2018,Réadaptation du Sud-Ouest et du Renfort,0,5,3,285.0
2017-2018,Réadaptation du Sud-Ouest et du Renfort,0,5,4,256.0
2017-2018,Réadaptation du Sud-Ouest et du Renfort,0,5,5,177.0
2017-2018,Réadaptation du Sud-Ouest et du Renfort,0,5,9,227.0
2017-2018,Réadaptation du Sud-Ouest et du Renfort,0,6,3,344.0
2017-2018,Réadaptation du Sud-Ouest et du Renfort,0,6,4,265.0
2017-2018,Réadaptation du Sud-Ouest et du Renfort,0,6,5,116.0
2017-2018,Réadaptation du Sud-Ouest et du Renfort,0,6,9,160.0
2017-2018,Réadaptation du Sud-Ouest et du Renfort,0,7,1,1.0
2017-2018,Réadaptation du Sud-Ouest et du Renfort,0,7,2,5.0
2017-2018,Réadaptation du Sud-Ouest et du Renfort,0,7,3,9.0
2017-2018,Réadaptation du Sud-Ouest et du Renfort,0,7,4,4.0
2017-2018,Réadaptation du Sud-Ouest et du Renfort,0,7,5,9.0
2017-2018,Réadaptation du Sud-Ouest et du Renfort,0,7,6,1.0
2017-2018,Réadaptation du Sud-Ouest et du Renfort,0,7,7,1.0
2017-2018,Réadaptation du Sud-Ouest et du Renfort,0,7,9,30.0
2017-2018,Réadaptation du Sud-Ouest et du Renfort,0,8,1,3.0
2017-2018,Réadaptation du Sud-Ouest et du Renfort,0,8,2,117.0
2017-2018,Réadaptation du Sud-Ouest et du Renfort,0,8,3,474.0
2017-2018,Réadaptation du Sud-Ouest et du Renfort,0,8,4,430.0
2017-2018,Réadaptation du Sud-Ouest et du Renfort,0,8,5,725.0
2017-2018,Réadaptation du Sud-Ouest et du Renfort,0,8,6,328.0
2017-2018,Réadaptation du Sud-Ouest et du Renfort,0,8,7,30.0
2017-2018,Réadaptation du Sud-Ouest et du Renfort,0,8,9,449.0
2017-2018,Réadaptation du Sud-Ouest et du Renfort,0,9,1,3.0
2017-2018,Réadaptation du Sud-Ouest et du Renfort,0,9,2,83.0
2017-2018,Réadaptation du Sud-Ouest et du Renfort,0,9,3,222.0
2017-2018,Réadaptation du Sud-Ouest et du Renfort,0,9,4,294.0
2017-2018,Réadaptation du Sud-Ouest et du Renfort,0,9,5,193.0
2017-2018,Réadaptation du Sud-Ouest et du Renfort,0,9,6,328.0
2017-2018,Réadaptation du Sud-Ouest et du Renfort,0,9,7,30.0
2017-2018,Réadaptation du Sud-Ouest et du Renfort,0,9,9,192.0
2017-2018,Réadaptation du Sud-Ouest et du Renfort,0,10,1,61.0
2017-2018,Réadaptation du Sud-Ouest et du Renfort,0,10,2,388.0
2017-2018,Réadaptation du Sud-Ouest et du Renfort,0,10,3,111.0
2017-2018,Réadaptation du Sud-Ouest et du Renfort,0,10,4,18.0
2017-2018,Réadaptation du Sud-Ouest et du Renfort,0,10,5,22.0
2017-2018,Réadaptation du Sud-Ouest et du Renfort,0,10,6,1.0
2017-2018,Réadaptation du Sud-Ouest et du Renfort,0,10,9,601.0
2017-2018,Réadaptation du Sud-Ouest et du Renfort,0,11,1,57.0
2017-2018,Réadaptation du Sud-Ouest et du Renfort,0,11,2,156.0
2017-2018,Réadaptation du Sud-Ouest et du Renfort,0,11,3,229.0
2017-2018,Réadaptation du Sud-Ouest et du Renfort,0,11,4,198.0
2017-2018,Réadaptation du Sud-Ouest et du Renfort,0,11,5,169.0
2017-2018,Réadaptation du Sud-Ouest et du Renfort,0,11,6,109.0
2017-2018,Réadaptation du Sud-Ouest et du Renfort,0,11,9,161.0
2017-2018,Réadaptation du Sud-Ouest et du Renfort,0,12,1,48.0
2017-2018,Réadaptation du Sud-Ouest et du Renfort,0,12,2,120.0
2017-2018,Réadaptation du Sud-Ouest et du Renfort,0,12,3,145.0
2017-2018,Réadaptation du Sud-Ouest et du Renfort,0,12,4,180.0
2017-2018,Réadaptation du Sud-Ouest et du Renfort,0,12,5,127.0
2017-2018,Réadaptation du Sud-Ouest et du Renfort,0,12,6,109.0
2017-2018,Réadaptation du Sud-Ouest et du Renfort,0,12,9,110.0
2017-2018,Réadaptation du Sud-Ouest et du Renfort,0,13,1,62.0
2017-2018,Réadaptation du Sud-Ouest et du Renfort,0,13,2,393.0
2017-2018,Réadaptation du Sud-Ouest et du Renfort,0,13,3,124.0
2017-2018,Réadaptation du Sud-Ouest et du Renfort,0,13,4,34.0
2017-2018,Réadaptation du Sud-Ouest et du Renfort,0,13,5,42.0
2017-2018,Réadaptation du Sud-Ouest et du Renfort,0,13,6,2.0
2017-2018,Réadaptation du Sud-Ouest et du Renfort,0,13,7,1.0
2017-2018,Réadaptation du Sud-Ouest et du Renfort,0,13,9,658.0
2017-2018,Réadaptation du Sud-Ouest et du Renfort,0,14,1,56.0
2017-2018,Réadaptation du Sud-Ouest et du Renfort,0,14,2,155.0
2017-2018,Réadaptation du Sud-Ouest et du Renfort,0,14,3,249.0
2017-2018,Réadaptation du Sud-Ouest et du Renfort,0,14,4,240.0
2017-2018,Réadaptation du Sud-Ouest et du Renfort,0,14,5,290.0
2017-2018,Réadaptation du Sud-Ouest et du Renfort,0,14,6,218.0
2017-2018,Réadaptation du Sud-Ouest et du Renfort,0,14,7,30.0
2017-2018,Réadaptation du Sud-Ouest et du Renfort,0,14,9,176.0
2017-2018,Réadaptation du Sud-Ouest et du Renfort,0,15,1,48.0
2017-2018,Réadaptation du Sud-Ouest et du Renfort,0,15,2,120.0
2017-2018,Réadaptation du Sud-Ouest et du Renfort,0,15,3,176.0
2017-2018,Réadaptation du Sud-Ouest et du Renfort,0,15,4,180.0
2017-2018,Réadaptation du Sud-Ouest et du Renfort,0,15,5,127.0
2017-2018,Réadaptation du Sud-Ouest et du Renfort,0,15,6,218.0
2017-2018,Réadaptation du Sud-Ouest et du Renfort,0,15,7,30.0
2017-2018,Réadaptation du Sud-Ouest et du Renfort,0,15,9,114.0
2018-2019,CISSS de Chaudière-Appalaches,0,1,1,0.0
2018-2019,CISSS de Chaudière-Appalaches,0,1,2,0.0
2018-2019,CISSS de Chaudière-Appalaches,0,1,3,0.0
2018-2019,CISSS de Chaudière-Appalaches,0,1,4,1.0
2018-2019,CISSS de Chaudière-Appalaches,0,1,5,0.0
2018-2019,CISSS de Chaudière-Appalaches,0,1,6,1.0
2018-2019,CISSS de Chaudière-Appalaches,0,1,7,0.0
2018-2019,CISSS de Chaudière-Appalaches,0,1,8,0.0
2018-2019,CISSS de Chaudière-Appalaches,0,1,9,2.0
2018-2019,CISSS de Chaudière-Appalaches,0,2,1,0.0
2018-2019,CISSS de Chaudière-Appalaches,0,2,2,0.0
2018-2019,CISSS de Chaudière-Appalaches,0,2,3,0.0
2018-2019,CISSS de Chaudière-Appalaches,0,2,4,150.0
2018-2019,CISSS de Chaudière-Appalaches,0,2,5,0.0
2018-2019,CISSS de Chaudière-Appalaches,0,2,6,327.0
2018-2019,CISSS de Chaudière-Appalaches,0,2,7,0.0
2018-2019,CISSS de Chaudière-Appalaches,0,2,8,0.0
2018-2019,CISSS de Chaudière-Appalaches,0,2,9,238.5
2018-2019,CISSS de Chaudière-Appalaches,0,3,1,0.0
2018-2019,CISSS de Chaudière-Appalaches,0,3,2,0.0
2018-2019,CISSS de Chaudière-Appalaches,0,3,3,0.0
2018-2019,CISSS de Chaudière-Appalaches,0,3,4,150.0
2018-2019,CISSS de Chaudière-Appalaches,0,3,5,0.0
2018-2019,CISSS de Chaudière-Appalaches,0,3,6,327.0
2018-2019,CISSS de Chaudière-Appalaches,0,3,7,0.0
2018-2019,CISSS de Chaudière-Appalaches,0,3,8,0.0
2018-2019,CISSS de Chaudière-Appalaches,0,3,9,238.5
2018-2019,CISSS de Chaudière-Appalaches,0,4,1,0.0
2018-2019,CISSS de Chaudière-Appalaches,0,4,2,0.0
2018-2019,CISSS de Chaudière-Appalaches,0,4,3,1.0
2018-2019,CISSS de Chaudière-Appalaches,0,4,4,3.0
2018-2019,CISSS de Chaudière-Appalaches,0,4,5,2.0
2018-2019,CISSS de Chaudière-Appalaches,0,4,6,0.0
2018-2019,CISSS de Chaudière-Appalaches,0,4,7,0.0
2018-2019,CISSS de Chaudière-Appalaches,0,4,8,0.0
2018-2019,CISSS de Chaudière-Appalaches,0,4,9,6.0
2018-2019,CISSS de Chaudière-Appalaches,0,5,1,0.0
2018-2019,CISSS de Chaudière-Appalaches,0,5,2,0.0
2018-2019,CISSS de Chaudière-Appalaches,0,5,3,116.0
2018-2019,CISSS de Chaudière-Appalaches,0,5,4,48.0
2018-2019,CISSS de Chaudière-Appalaches,0,5,5,447.5
2018-2019,CISSS de Chaudière-Appalaches,0,5,6,0.0
2018-2019,CISSS de Chaudière-Appalaches,0,5,7,0.0
2018-2019,CISSS de Chaudière-Appalaches,0,5,8,0.0
2018-2019,CISSS de Chaudière-Appalaches,0,5,9,192.5
2018-2019,CISSS de Chaudière-Appalaches,0,6,1,0.0
2018-2019,CISSS de Chaudière-Appalaches,0,6,2,0.0
2018-2019,CISSS de Chaudière-Appalaches,0,6,3,116.0
2018-2019,CISSS de Chaudière-Appalaches,0,6,4,62.0
2018-2019,CISSS de Chaudière-Appalaches,0,6,5,447.5
2018-2019,CISSS de Chaudière-Appalaches,0,6,6,0.0
2018-2019,CISSS de Chaudière-Appalaches,0,6,7,0.0
2018-2019,CISSS de Chaudière-Appalaches,0,6,8,0.0
2018-2019,CISSS de Chaudière-Appalaches,0,6,9,92.0
2018-2019,CISSS de Chaudière-Appalaches,0,7,1,0.0
2018-2019,CISSS de Chaudière-Appalaches,0,7,2,0.0
2018-2019,CISSS de Chaudière-Appalaches,0,7,3,1.0
2018-2019,CISSS de Chaudière-Appalaches,0,7,4,0.0
2018-2019,CISSS de Chaudière-Appalaches,0,7,5,0.0
2018-2019,CISSS de Chaudière-Appalaches,0,7,6,1.0
2018-2019,CISSS de Chaudière-Appalaches,0,7,7,0.0
2018-2019,CISSS de Chaudière-Appalaches,0,7,8,0.0
2018-2019,CISSS de Chaudière-Appalaches,0,7,9,2.0
2018-2019,CISSS de Chaudière-Appalaches,0,8,1,0.0
2018-2019,CISSS de Chaudière-Appalaches,0,8,2,0.0
2018-2019,CISSS de Chaudière-Appalaches,0,8,3,15.0
2018-2019,CISSS de Chaudière-Appalaches,0,8,4,0.0
2018-2019,CISSS de Chaudière-Appalaches,0,8,5,0.0
2018-2019,CISSS de Chaudière-Appalaches,0,8,6,328.0
2018-2019,CISSS de Chaudière-Appalaches,0,8,7,0.0
2018-2019,CISSS de Chaudière-Appalaches,0,8,8,0.0
2018-2019,CISSS de Chaudière-Appalaches,0,8,9,171.5
2018-2019,CISSS de Chaudière-Appalaches,0,9,1,0.0
2018-2019,CISSS de Chaudière-Appalaches,0,9,2,0.0
2018-2019,CISSS de Chaudière-Appalaches,0,9,3,15.0
2018-2019,CISSS de Chaudière-Appalaches,0,9,4,0.0
2018-2019,CISSS de Chaudière-Appalaches,0,9,5,0.0
2018-2019,CISSS de Chaudière-Appalaches,0,9,6,328.0
2018-2019,CISSS de Chaudière-Appalaches,0,9,7,0.0
2018-2019,CISSS de Chaudière-Appalaches,0,9,8,0.0
2018-2019,CISSS de Chaudière-Appalaches,0,9,9,171.5
2018-2019,CISSS de Chaudière-Appalaches,0,10,1,18.0
2018-2019,CISSS de Chaudière-Appalaches,0,10,2,82.0
2018-2019,CISSS de Chaudière-Appalaches,0,10,3,35.0
2018-2019,CISSS de Chaudière-Appalaches,0,10,4,10.0
2018-2019,CISSS de Chaudière-Appalaches,0,10,5,10.0
2018-2019,CISSS de Chaudière-Appalaches,0,10,6,1.0
2018-2019,CISSS de Chaudière-Appalaches,0,10,7,0.0
2018-2019,CISSS de Chaudière-Appalaches,0,10,8,0.0
2018-2019,CISSS de Chaudière-Appalaches,0,10,9,156.0
2018-2019,CISSS de Chaudière-Appalaches,0,11,1,28.22
2018-2019,CISSS de Chaudière-Appalaches,0,11,2,101.9
2018-2019,CISSS de Chaudière-Appalaches,0,11,3,127.89
2018-2019,CISSS de Chaudière-Appalaches,0,11,4,107.0
2018-2019,CISSS de Chaudière-Appalaches,0,11,5,88.5
2018-2019,CISSS de Chaudière-Appalaches,0,11,6,26.0
2018-2019,CISSS de Chaudière-Appalaches,0,11,7,0.0
2018-2019,CISSS de Chaudière-Appalaches,0,11,8,0.0
2018-2019,CISSS de Chaudière-Appalaches,0,11,9,98.21
2018-2019,CISSS de Chaudière-Appalaches,0,12,1,19.0
2018-2019,CISSS de Chaudière-Appalaches,0,12,2,74.0
2018-2019,CISSS de Chaudière-Appalaches,0,12,3,130.0
2018-2019,CISSS de Chaudière-Appalaches,0,12,4,87.5
2018-2019,CISSS de Chaudière-Appalaches,0,12,5,70.0
2018-2019,CISSS de Chaudière-Appalaches,0,12,6,26.0
2018-2019,CISSS de Chaudière-Appalaches,0,12,7,0.0
2018-2019,CISSS de Chaudière-Appalaches,0,12,8,0.0
2018-2019,CISSS de Chaudière-Appalaches,0,12,9,70.5
2018-2019,CISSS de Chaudière-Appalaches,0,13,1,18.0
2018-2019,CISSS de Chaudière-Appalaches,0,13,2,82.0
2018-2019,CISSS de Chaudière-Appalaches,0,13,3,37.0
2018-2019,CISSS de Chaudière-Appalaches,0,13,4,14.0
2018-2019,CISSS de Chaudière-Appalaches,0,13,5,12.0
2018-2019,CISSS de Chaudière-Appalaches,0,13,6,3.0
2018-2019,CISSS de Chaudière-Appalaches,0,13,7,0.0
2018-2019,CISSS de Chaudière-Appalaches,0,13,8,0.0
2018-2019,CISSS de Chaudière-Appalaches,0,13,9,166.0
2018-2019,CISSS de Chaudière-Appalaches,0,14,1,28.22
2018-2019,CISSS de Chaudière-Appalaches,0,14,2,101.9
2018-2019,CISSS de Chaudière-Appalaches,0,14,3,124.51
2018-2019,CISSS de Chaudière-Appalaches,0,14,4,97.43
2018-2019,CISSS de Chaudière-Appalaches,0,14,5,148.33
2018-2019,CISSS de Chaudière-Appalaches,0,14,6,227.0
2018-2019,CISSS de Chaudière-Appalaches,0,14,7,0.0
2018-2019,CISSS de Chaudière-Appalaches,0,14,8,0.0
2018-2019,CISSS de Chaudière-Appalaches,0,14,9,104.19
2018-2019,CISSS de Chaudière-Appalaches,0,15,1,19.0
2018-2019,CISSS de Chaudière-Appalaches,0,15,2,74.0
2018-2019,CISSS de Chaudière-Appalaches,0,15,3,122.0
2018-2019,CISSS de Chaudière-Appalaches,0,15,4,71.0
2018-2019,CISSS de Chaudière-Appalaches,0,15,5,74.0
2018-2019,CISSS de Chaudière-Appalaches,0,15,6,327.0
2018-2019,CISSS de Chaudière-Appalaches,0,15,7,0.0
2018-2019,CISSS de Chaudière-Appalaches,0,15,8,0.0
2018-2019,CISSS de Chaudière-Appalaches,0,15,9,72.5
2018-2019,CISSS de Lanaudière,0,10,1,63.0
2018-2019,CISSS de Lanaudière,0,10,2,199.0
2018-2019,CISSS de Lanaudière,0,10,3,60.0
2018-2019,CISSS de Lanaudière,0,10,4,18.0
2018-2019,CISSS de Lanaudière,0,10,5,15.0
2018-2019,CISSS de Lanaudière,0,10,6,0.0
2018-2019,CISSS de Lanaudière,0,10,7,0.0
2018-2019,CISSS de Lanaudière,0,10,8,0.0
2018-2019,CISSS de Lanaudière,0,10,9,355.0
2018-2019,CISSS de Lanaudière,0,11,1,59.97
2018-2019,CISSS de Lanaudière,0,11,2,135.33
2018-2019,CISSS de Lanaudière,0,11,3,144.22
2018-2019,CISSS de Lanaudière,0,11,4,145.78
2018-2019,CISSS de Lanaudière,0,11,5,217.73
2018-2019,CISSS de Lanaudière,0,11,9,127.47
2018-2019,CISSS de Lanaudière,0,12,1,46.0
2018-2019,CISSS de Lanaudière,0,12,2,105.0
2018-2019,CISSS de Lanaudière,0,12,3,121.0
2018-2019,CISSS de Lanaudière,0,12,4,133.0
2018-2019,CISSS de Lanaudière,0,12,5,125.0
2018-2019,CISSS de Lanaudière,0,12,9,87.0
2018-2019,CISSS de Lanaudière,0,13,1,63.0
2018-2019,CISSS de Lanaudière,0,13,2,199.0
2018-2019,CISSS de Lanaudière,0,13,3,60.0
2018-2019,CISSS de Lanaudière,0,13,4,18.0
2018-2019,CISSS de Lanaudière,0,13,5,15.0
2018-2019,CISSS de Lanaudière,0,13,6,0.0
2018-2019,CISSS de Lanaudière,0,13,7,0.0
2018-2019,CISSS de Lanaudière,0,13,8,0.0
2018-2019,CISSS de Lanaudière,0,13,9,355.0
2018-2019,CISSS de Lanaudière,0,14,1,59.97
2018-2019,CISSS de Lanaudière,0,14,2,135.33
2018-2019,CISSS de Lanaudière,0,14,3,151.34
2018-2019,CISSS de Lanaudière,0,14,4,145.78
2018-2019,CISSS de Lanaudière,0,14,5,217.73
2018-2019,CISSS de Lanaudière,0,14,9,128.8
2018-2019,CISSS de Lanaudière,0,15,1,46.0
2018-2019,CISSS de Lanaudière,0,15,2,105.0
2018-2019,CISSS de Lanaudière,0,15,3,130.5
2018-2019,CISSS de Lanaudière,0,15,4,133.0
2018-2019,CISSS de Lanaudière,0,15,5,125.0
2018-2019,CISSS de Lanaudière,0,15,9,87.0
2018-2019,CISSS de Laval,0,7,1,0.0
2018-2019,CISSS de Laval,0,7,2,0.0
2018-2019,CISSS de Laval,0,7,3,4.0
2018-2019,CISSS de Laval,0,7,4,6.0
2018-2019,CISSS de Laval,0,7,5,7.0
2018-2019,CISSS de Laval,0,7,6,1.0
2018-2019,CISSS de Laval,0,7,7,0.0
2018-2019,CISSS de Laval,0,7,8,0.0
2018-2019,CISSS de Laval,0,7,9,18.0
2018-2019,CISSS de Laval,0,8,3,264.5
2018-2019,CISSS de Laval,0,8,4,619.5
2018-2019,CISSS de Laval,0,8,5,302.14
2018-2019,CISSS de Laval,0,8,6,2482.0
2018-2019,CISSS de Laval,0,8,9,520.67
2018-2019,CISSS de Laval,0,9,3,216.5
2018-2019,CISSS de Laval,0,9,4,453.5
2018-2019,CISSS de Laval,0,9,5,252.0
2018-2019,CISSS de Laval,0,9,6,2482.0
2018-2019,CISSS de Laval,0,9,9,307.0
2018-2019,CISSS de Laval,0,10,1,31.0
2018-2019,CISSS de Laval,0,10,2,67.0
2018-2019,CISSS de Laval,0,10,3,20.0
2018-2019,CISSS de Laval,0,10,4,20.0
2018-2019,CISSS de Laval,0,10,5,32.0
2018-2019,CISSS de Laval,0,10,6,7.0
2018-2019,CISSS de Laval,0,10,7,0.0
2018-2019,CISSS de Laval,0,10,8,2.0
2018-2019,CISSS de Laval,0,10,9,179.0
2018-2019,CISSS de Laval,0,11,1,95.81
2018-2019,CISSS de Laval,0,11,2,215.25
2018-2019,CISSS de Laval,0,11,3,190.1
2018-2019,CISSS de Laval,0,11,4,232.45
2018-2019,CISSS de Laval,0,11,5,118.31
2018-2019,CISSS de Laval,0,11,6,497.57
2018-2019,CISSS de Laval,0,11,8,113.5
2018-2019,CISSS de Laval,0,11,9,186.25
2018-2019,CISSS de Laval,0,12,1,88.0
2018-2019,CISSS de Laval,0,12,2,152.0
2018-2019,CISSS de Laval,0,12,3,164.5
2018-2019,CISSS de Laval,0,12,4,161.5
2018-2019,CISSS de Laval,0,12,5,102.0
2018-2019,CISSS de Laval,0,12,6,216.0
2018-2019,CISSS de Laval,0,12,8,113.5
2018-2019,CISSS de Laval,0,12,9,131.0
2018-2019,CISSS de Laval,0,13,1,31.0
2018-2019,CISSS de Laval,0,13,2,67.0
2018-2019,CISSS de Laval,0,13,3,24.0
2018-2019,CISSS de Laval,0,13,4,26.0
2018-2019,CISSS de Laval,0,13,5,39.0
2018-2019,CISSS de Laval,0,13,6,8.0
2018-2019,CISSS de Laval,0,13,7,0.0
2018-2019,CISSS de Laval,0,13,8,2.0
2018-2019,CISSS de Laval,0,13,9,197.0
2018-2019,CISSS de Laval,0,14,1,95.81
2018-2019,CISSS de Laval,0,14,2,215.25
2018-2019,CISSS de Laval,0,14,3,202.5
2018-2019,CISSS de Laval,0,14,4,321.77
2018-2019,CISSS de Laval,0,14,5,151.31
2018-2019,CISSS de Laval,0,14,6,745.63
2018-2019,CISSS de Laval,0,14,8,113.5
2018-2019,CISSS de Laval,0,14,9,216.81
2018-2019,CISSS de Laval,0,15,1,88.0
2018-2019,CISSS de Laval,0,15,2,152.0
2018-2019,CISSS de Laval,0,15,3,164.5
2018-2019,CISSS de Laval,0,15,4,201.5
2018-2019,CISSS de Laval,0,15,5,129.0
2018-2019,CISSS de Laval,0,15,6,250.5
2018-2019,CISSS de Laval,0,15,8,113.5
2018-2019,CISSS de Laval,0,15,9,138.0
2018-2019,CISSS de l'Abitibi-Témiscamingue,0,10,1,30.0
2018-2019,CISSS de l'Abitibi-Témiscamingue,0,10,2,39.0
2018-2019,CISSS de l'Abitibi-Témiscamingue,0,10,3,15.0
2018-2019,CISSS de l'Abitibi-Témiscamingue,0,10,4,9.0
2018-2019,CISSS de l'Abitibi-Témiscamingue,0,10,5,10.0
2018-2019,CISSS de l'Abitibi-Témiscamingue,0,10,6,0.0
2018-2019,CISSS de l'Abitibi-Témiscamingue,0,10,7,0.0
2018-2019,CISSS de l'Abitibi-Témiscamingue,0,10,8,0.0
2018-2019,CISSS de l'Abitibi-Témiscamingue,0,10,9,103.0
2018-2019,CISSS de l'Abitibi-Témiscamingue,0,11,1,183.7
2018-2019,CISSS de l'Abitibi-Témiscamingue,0,11,2,236.38
2018-2019,CISSS de l'Abitibi-Témiscamingue,0,11,3,420.93
2018-2019,CISSS de l'Abitibi-Témiscamingue,0,11,4,215.11
2018-2019,CISSS de l'Abitibi-Témiscamingue,0,11,5,335.6
2018-2019,CISSS de l'Abitibi-Témiscamingue,0,11,6,0.0
2018-2019,CISSS de l'Abitibi-Témiscamingue,0,11,7,0.0
2018-2019,CISSS de l'Abitibi-Témiscamingue,0,11,8,0.0
2018-2019,CISSS de l'Abitibi-Témiscamingue,0,11,9,255.69
2018-2019,CISSS de l'Abitibi-Témiscamingue,0,12,1,99.5
2018-2019,CISSS de l'Abitibi-Témiscamingue,0,12,2,136.0
2018-2019,CISSS de l'Abitibi-Témiscamingue,0,12,3,339.0
2018-2019,CISSS de l'Abitibi-Témiscamingue,0,12,4,61.0
2018-2019,CISSS de l'Abitibi-Témiscamingue,0,12,5,161.0
2018-2019,CISSS de l'Abitibi-Témiscamingue,0,12,6,0.0
2018-2019,CISSS de l'Abitibi-Témiscamingue,0,12,7,0.0
2018-2019,CISSS de l'Abitibi-Témiscamingue,0,12,8,0.0
2018-2019,CISSS de l'Abitibi-Témiscamingue,0,12,9,136.0
2018-2019,CISSS de l'Abitibi-Témiscamingue,0,13,1,30.0
2018-2019,CISSS de l'Abitibi-Témiscamingue,0,13,2,39.0
2018-2019,CISSS de l'Abitibi-Témiscamingue,0,13,3,15.0
2018-2019,CISSS de l'Abitibi-Témiscamingue,0,13,4,9.0
2018-2019,CISSS de l'Abitibi-Témiscamingue,0,13,5,10.0
2018-2019,CISSS de l'Abitibi-Témiscamingue,0,13,6,0.0
2018-2019,CISSS de l'Abitibi-Témiscamingue,0,13,7,0.0
2018-2019,CISSS de l'Abitibi-Témiscamingue,0,13,8,0.0
2018-2019,CISSS de l'Abitibi-Témiscamingue,0,13,9,103.0
2018-2019,CISSS de l'Abitibi-Témiscamingue,0,14,1,183.7
2018-2019,CISSS de l'Abitibi-Témiscamingue,0,14,2,236.38
2018-2019,CISSS de l'Abitibi-Témiscamingue,0,14,3,420.93
2018-2019,CISSS de l'Abitibi-Témiscamingue,0,14,4,215.11
2018-2019,CISSS de l'Abitibi-Témiscamingue,0,14,5,335.6
2018-2019,CISSS de l'Abitibi-Témiscamingue,0,14,6,0.0
2018-2019,CISSS de l'Abitibi-Témiscamingue,0,14,7,0.0
2018-2019,CISSS de l'Abitibi-Témiscamingue,0,14,8,0.0
2018-2019,CISSS de l'Abitibi-Témiscamingue,0,14,9,255.69
2018-2019,CISSS de l'Abitibi-Témiscamingue,0,15,1,99.5
2018-2019,CISSS de l'Abitibi-Témiscamingue,0,15,2,136.0
2018-2019,CISSS de l'Abitibi-Témiscamingue,0,15,3,339.0
2018-2019,CISSS de l'Abitibi-Témiscamingue,0,15,4,61.0
2018-2019,CISSS de l'Abitibi-Témiscamingue,0,15,5,161.0
2018-2019,CISSS de l'Abitibi-Témiscamingue,0,15,6,0.0
2018-2019,CISSS de l'Abitibi-Témiscamingue,0,15,7,0.0
2018-2019,CISSS de l'Abitibi-Témiscamingue,0,15,8,0.0
2018-2019,CISSS de l'Abitibi-Témiscamingue,0,15,9,136.0
2018-2019,CISSS de l'Outaouais,0,10,1,43.0
2018-2019,CISSS de l'Outaouais,0,10,2,139.0
2018-2019,CISSS de l'Outaouais,0,10,3,28.0
2018-2019,CISSS de l'Outaouais,0,10,4,16.0
2018-2019,CISSS de l'Outaouais,0,10,5,25.0
2018-2019,CISSS de l'Outaouais,0,10,6,4.0
2018-2019,CISSS de l'Outaouais,0,10,9,255.0
2018-2019,CISSS de l'Outaouais,0,11,1,93.09
2018-2019,CISSS de l'Outaouais,0,11,2,210.27
2018-2019,CISSS de l'Outaouais,0,11,3,248.46
2018-2019,CISSS de l'Outaouais,0,11,4,340.18
2018-2019,CISSS de l'Outaouais,0,11,5,155.44
2018-2019,CISSS de l'Outaouais,0,11,6,117.25
2018-2019,CISSS de l'Outaouais,0,11,9,196.0
2018-2019,CISSS de l'Outaouais,0,12,1,47.0
2018-2019,CISSS de l'Outaouais,0,12,2,181.0
2018-2019,CISSS de l'Outaouais,0,12,3,192.0
2018-2019,CISSS de l'Outaouais,0,12,4,178.0
2018-2019,CISSS de l'Outaouais,0,12,5,138.0
2018-2019,CISSS de l'Outaouais,0,12,6,126.5
2018-2019,CISSS de l'Outaouais,0,12,9,157.0
2018-2019,CISSS de l'Outaouais,0,13,1,43.0
2018-2019,CISSS de l'Outaouais,0,13,2,139.0
2018-2019,CISSS de l'Outaouais,0,13,3,28.0
2018-2019,CISSS de l'Outaouais,0,13,4,16.0
2018-2019,CISSS de l'Outaouais,0,13,5,25.0
2018-2019,CISSS de l'Outaouais,0,13,6,4.0
2018-2019,CISSS de l'Outaouais,0,13,9,255.0
2018-2019,CISSS de l'Outaouais,0,14,1,93.09
2018-2019,CISSS de l'Outaouais,0,14,2,210.27
2018-2019,CISSS de l'Outaouais,0,14,3,248.46
2018-2019,CISSS de l'Outaouais,0,14,4,340.18
2018-2019,CISSS de l'Outaouais,0,14,5,155.44
2018-2019,CISSS de l'Outaouais,0,14,6,117.25
2018-2019,CISSS de l'Outaouais,0,14,9,196.0
2018-2019,CISSS de l'Outaouais,0,15,1,47.0
2018-2019,CISSS de l'Outaouais,0,15,2,181.0
2018-2019,CISSS de l'Outaouais,0,15,3,192.0
2018-2019,CISSS de l'Outaouais,0,15,4,178.0
2018-2019,CISSS de l'Outaouais,0,15,5,138.0
2018-2019,CISSS de l'Outaouais,0,15,6,126.5
2018-2019,CISSS de l'Outaouais,0,15,9,157.0
2018-2019,CISSS de la Côte-Nord,0,4,1,0.0
2018-2019,CISSS de la Côte-Nord,0,4,2,0.0
2018-2019,CISSS de la Côte-Nord,0,4,3,0.0
2018-2019,CISSS de la Côte-Nord,0,4,4,0.0
2018-2019,CISSS de la Côte-Nord,0,4,5,1.0
2018-2019,CISSS de la Côte-Nord,0,4,6,0.0
2018-2019,CISSS de la Côte-Nord,0,4,7,0.0
2018-2019,CISSS de la Côte-Nord,0,4,8,0.0
2018-2019,CISSS de la Côte-Nord,0,4,9,1.0
2018-2019,CISSS de la Côte-Nord,0,5,5,550.0
2018-2019,CISSS de la Côte-Nord,0,5,9,550.0
2018-2019,CISSS de la Côte-Nord,0,6,5,550.0
2018-2019,CISSS de la Côte-Nord,0,6,9,550.0
2018-2019,CISSS de la Côte-Nord,0,7,5,1.0
2018-2019,CISSS de la Côte-Nord,0,7,9,1.0
2018-2019,CISSS de la Côte-Nord,0,8,5,865.0
2018-2019,CISSS de la Côte-Nord,0,8,9,865.0
2018-2019,CISSS de la Côte-Nord,0,9,5,865.0
2018-2019,CISSS de la Côte-Nord,0,9,9,865.0
2018-2019,CISSS de la Côte-Nord,0,10,1,1.0
2018-2019,CISSS de la Côte-Nord,0,10,2,22.0
2018-2019,CISSS de la Côte-Nord,0,10,3,20.0
2018-2019,CISSS de la Côte-Nord,0,10,4,6.0
2018-2019,CISSS de la Côte-Nord,0,10,5,6.0
2018-2019,CISSS de la Côte-Nord,0,10,6,0.0
2018-2019,CISSS de la Côte-Nord,0,10,7,0.0
2018-2019,CISSS de la Côte-Nord,0,10,8,0.0
2018-2019,CISSS de la Côte-Nord,0,10,9,55.0
2018-2019,CISSS de la Côte-Nord,0,11,1,52.0
2018-2019,CISSS de la Côte-Nord,0,11,2,201.0
2018-2019,CISSS de la Côte-Nord,0,11,3,314.0
2018-2019,CISSS de la Côte-Nord,0,11,4,182.0
2018-2019,CISSS de la Côte-Nord,0,11,5,112.0
2018-2019,CISSS de la Côte-Nord,0,11,9,227.0
2018-2019,CISSS de la Côte-Nord,0,12,1,52.0
2018-2019,CISSS de la Côte-Nord,0,12,2,101.0
2018-2019,CISSS de la Côte-Nord,0,12,3,117.0
2018-2019,CISSS de la Côte-Nord,0,12,4,143.0
2018-2019,CISSS de la Côte-Nord,0,12,5,56.0
2018-2019,CISSS de la Côte-Nord,0,12,9,94.0
2018-2019,CISSS de la Côte-Nord,0,13,1,1.0
2018-2019,CISSS de la Côte-Nord,0,13,2,22.0
2018-2019,CISSS de la Côte-Nord,0,13,3,20.0
2018-2019,CISSS de la Côte-Nord,0,13,4,6.0
2018-2019,CISSS de la Côte-Nord,0,13,5,8.0
2018-2019,CISSS de la Côte-Nord,0,13,6,0.0
2018-2019,CISSS de la Côte-Nord,0,13,7,0.0
2018-2019,CISSS de la Côte-Nord,0,13,8,0.0
2018-2019,CISSS de la Côte-Nord,0,13,9,57.0
2018-2019,CISSS de la Côte-Nord,0,14,1,52.0
2018-2019,CISSS de la Côte-Nord,0,14,2,201.0
2018-2019,CISSS de la Côte-Nord,0,14,3,314.0
2018-2019,CISSS de la Côte-Nord,0,14,4,182.0
2018-2019,CISSS de la Côte-Nord,0,14,5,261.0
2018-2019,CISSS de la Côte-Nord,0,14,9,244.0
2018-2019,CISSS de la Côte-Nord,0,15,1,52.0
2018-2019,CISSS de la Côte-Nord,0,15,2,101.0
2018-2019,CISSS de la Côte-Nord,0,15,3,117.0
2018-2019,CISSS de la Côte-Nord,0,15,4,143.0
2018-2019,CISSS de la Côte-Nord,0,15,5,130.0
2018-2019,CISSS de la Côte-Nord,0,15,9,101.0
2018-2019,CISSS de la Gaspésie,0,10,1,5.0
2018-2019,CISSS de la Gaspésie,0,10,2,16.0
2018-2019,CISSS de la Gaspésie,0,10,3,10.0
2018-2019,CISSS de la Gaspésie,0,10,4,2.0
2018-2019,CISSS de la Gaspésie,0,10,5,3.0
2018-2019,CISSS de la Gaspésie,0,10,6,1.0
2018-2019,CISSS de la Gaspésie,0,10,9,37.0
2018-2019,CISSS de la Gaspésie,0,11,1,70.8
2018-2019,CISSS de la Gaspésie,0,11,2,177.3
2018-2019,CISSS de la Gaspésie,0,11,3,105.5
2018-2019,CISSS de la Gaspésie,0,11,4,279.5
2018-2019,CISSS de la Gaspésie,0,11,5,169.0
2018-2019,CISSS de la Gaspésie,0,11,6,289.0
2018-2019,CISSS de la Gaspésie,0,11,9,151.3
2018-2019,CISSS de la Gaspésie,0,12,1,32.0
2018-2019,CISSS de la Gaspésie,0,12,2,88.0
2018-2019,CISSS de la Gaspésie,0,12,3,66.5
2018-2019,CISSS de la Gaspésie,0,12,4,279.5
2018-2019,CISSS de la Gaspésie,0,12,5,137.0
2018-2019,CISSS de la Gaspésie,0,12,6,289.0
2018-2019,CISSS de la Gaspésie,0,12,9,78.0
2018-2019,CISSS de la Gaspésie,0,13,1,5.0
2018-2019,CISSS de la Gaspésie,0,13,2,16.0
2018-2019,CISSS de la Gaspésie,0,13,3,10.0
2018-2019,CISSS de la Gaspésie,0,13,4,2.0
2018-2019,CISSS de la Gaspésie,0,13,5,3.0
2018-2019,CISSS de la Gaspésie,0,13,6,1.0
2018-2019,CISSS de la Gaspésie,0,13,9,37.0
2018-2019,CISSS de la Gaspésie,0,14,1,70.8
2018-2019,CISSS de la Gaspésie,0,14,2,177.3
2018-2019,CISSS de la Gaspésie,0,14,3,105.5
2018-2019,CISSS de la Gaspésie,0,14,4,279.5
2018-2019,CISSS de la Gaspésie,0,14,5,169.0
2018-2019,CISSS de la Gaspésie,0,14,6,289.0
2018-2019,CISSS de la Gaspésie,0,14,9,151.3
2018-2019,CISSS de la Gaspésie,0,15,1,32.0
2018-2019,CISSS de la Gaspésie,0,15,2,88.0
2018-2019,CISSS de la Gaspésie,0,15,3,66.5
2018-2019,CISSS de la Gaspésie,0,15,4,279.5
2018-2019,CISSS de la Gaspésie,0,15,5,137.0
2018-2019,CISSS de la Gaspésie,0,15,6,289.0
2018-2019,CISSS de la Gaspésie,0,15,9,78.0
2018-2019,CISSS de la Montérégie-Ouest,0,1,4,2.0
2018-2019,CISSS de la Montérégie-Ouest,0,1,5,3.0
2018-2019,CISSS de la Montérégie-Ouest,0,1,6,1.0
2018-2019,CISSS de la Montérégie-Ouest,0,1,9,6.0
2018-2019,CISSS de la Montérégie-Ouest,0,2,4,76.0
2018-2019,CISSS de la Montérégie-Ouest,0,2,5,90.0
2018-2019,CISSS de la Montérégie-Ouest,0,2,6,118.0
2018-2019,CISSS de la Montérégie-Ouest,0,2,9,90.0
2018-2019,CISSS de la Montérégie-Ouest,0,3,4,76.0
2018-2019,CISSS de la Montérégie-Ouest,0,3,5,111.0
2018-2019,CISSS de la Montérégie-Ouest,0,3,6,118.0
2018-2019,CISSS de la Montérégie-Ouest,0,3,9,115.0
2018-2019,CISSS de la Montérégie-Ouest,0,4,3,3.0
2018-2019,CISSS de la Montérégie-Ouest,0,4,4,15.0
2018-2019,CISSS de la Montérégie-Ouest,0,4,5,24.0
2018-2019,CISSS de la Montérégie-Ouest,0,4,6,3.0
2018-2019,CISSS de la Montérégie-Ouest,0,4,9,45.0
2018-2019,CISSS de la Montérégie-Ouest,0,5,3,373.0
2018-2019,CISSS de la Montérégie-Ouest,0,5,4,209.0
2018-2019,CISSS de la Montérégie-Ouest,0,5,5,294.0
2018-2019,CISSS de la Montérégie-Ouest,0,5,6,251.0
2018-2019,CISSS de la Montérégie-Ouest,0,5,9,268.0
2018-2019,CISSS de la Montérégie-Ouest,0,6,3,318.0
2018-2019,CISSS de la Montérégie-Ouest,0,6,4,167.0
2018-2019,CISSS de la Montérégie-Ouest,0,6,5,290.0
2018-2019,CISSS de la Montérégie-Ouest,0,6,6,12.0
2018-2019,CISSS de la Montérégie-Ouest,0,6,9,283.0
2018-2019,CISSS de la Montérégie-Ouest,0,7,1,1.0
2018-2019,CISSS de la Montérégie-Ouest,0,7,2,11.0
2018-2019,CISSS de la Montérégie-Ouest,0,7,3,11.0
2018-2019,CISSS de la Montérégie-Ouest,0,7,4,8.0
2018-2019,CISSS de la Montérégie-Ouest,0,7,5,21.0
2018-2019,CISSS de la Montérégie-Ouest,0,7,6,3.0
2018-2019,CISSS de la Montérégie-Ouest,0,7,9,55.0
2018-2019,CISSS de la Montérégie-Ouest,0,8,1,158.0
2018-2019,CISSS de la Montérégie-Ouest,0,8,2,155.0
2018-2019,CISSS de la Montérégie-Ouest,0,8,3,217.0
2018-2019,CISSS de la Montérégie-Ouest,0,8,4,287.0
2018-2019,CISSS de la Montérégie-Ouest,0,8,5,1174.0
2018-2019,CISSS de la Montérégie-Ouest,0,8,6,1132.0
2018-2019,CISSS de la Montérégie-Ouest,0,8,9,629.0
2018-2019,CISSS de la Montérégie-Ouest,0,9,1,158.0
2018-2019,CISSS de la Montérégie-Ouest,0,9,2,131.0
2018-2019,CISSS de la Montérégie-Ouest,0,9,3,187.0
2018-2019,CISSS de la Montérégie-Ouest,0,9,4,70.0
2018-2019,CISSS de la Montérégie-Ouest,0,9,5,775.0
2018-2019,CISSS de la Montérégie-Ouest,0,9,6,693.0
2018-2019,CISSS de la Montérégie-Ouest,0,9,9,245.0
2018-2019,CISSS de la Montérégie-Ouest,0,10,1,134.0
2018-2019,CISSS de la Montérégie-Ouest,0,10,2,710.0
2018-2019,CISSS de la Montérégie-Ouest,0,10,3,218.0
2018-2019,CISSS de la Montérégie-Ouest,0,10,4,34.0
2018-2019,CISSS de la Montérégie-Ouest,0,10,5,29.0
2018-2019,CISSS de la Montérégie-Ouest,0,10,6,12.0
2018-2019,CISSS de la Montérégie-Ouest,0,10,9,1137.0
2018-2019,CISSS de la Montérégie-Ouest,0,11,1,37.0
2018-2019,CISSS de la Montérégie-Ouest,0,11,2,162.0
2018-2019,CISSS de la Montérégie-Ouest,0,11,3,163.0
2018-2019,CISSS de la Montérégie-Ouest,0,11,4,110.0
2018-2019,CISSS de la Montérégie-Ouest,0,11,5,168.0
2018-2019,CISSS de la Montérégie-Ouest,0,11,6,328.0
2018-2019,CISSS de la Montérégie-Ouest,0,11,9,148.0
2018-2019,CISSS de la Montérégie-Ouest,0,12,1,28.0
2018-2019,CISSS de la Montérégie-Ouest,0,12,2,140.0
2018-2019,CISSS de la Montérégie-Ouest,0,12,3,123.0
2018-2019,CISSS de la Montérégie-Ouest,0,12,4,82.0
2018-2019,CISSS de la Montérégie-Ouest,0,12,5,138.0
2018-2019,CISSS de la Montérégie-Ouest,0,12,6,97.0
2018-2019,CISSS de la Montérégie-Ouest,0,12,9,115.0
2018-2019,CISSS de la Montérégie-Ouest,0,13,1,135.0
2018-2019,CISSS de la Montérégie-Ouest,0,13,2,721.0
2018-2019,CISSS de la Montérégie-Ouest,0,13,3,232.0
2018-2019,CISSS de la Montérégie-Ouest,0,13,4,59.0
2018-2019,CISSS de la Montérégie-Ouest,0,13,5,77.0
2018-2019,CISSS de la Montérégie-Ouest,0,13,6,19.0
2018-2019,CISSS de la Montérégie-Ouest,0,13,9,1243.0
2018-2019,CISSS de la Montérégie-Ouest,0,14,1,38.0
2018-2019,CISSS de la Montérégie-Ouest,0,14,2,162.0
2018-2019,CISSS de la Montérégie-Ouest,0,14,3,168.0
2018-2019,CISSS de la Montérégie-Ouest,0,14,4,158.0
2018-2019,CISSS de la Montérégie-Ouest,0,14,5,479.0
2018-2019,CISSS de la Montérégie-Ouest,0,14,6,432.0
2018-2019,CISSS de la Montérégie-Ouest,0,14,9,173.0
2018-2019,CISSS de la Montérégie-Ouest,0,15,1,28.0
2018-2019,CISSS de la Montérégie-Ouest,0,15,2,139.0
2018-2019,CISSS de la Montérégie-Ouest,0,15,3,125.0
2018-2019,CISSS de la Montérégie-Ouest,0,15,4,83.0
2018-2019,CISSS de la Montérégie-Ouest,0,15,5,243.0
2018-2019,CISSS de la Montérégie-Ouest,0,15,6,108.0
2018-2019,CISSS de la Montérégie-Ouest,0,15,9,117.0
2018-2019,CISSS des Laurentides,0,1,1,0.0
2018-2019,CISSS des Laurentides,0,1,2,0.0
2018-2019,CISSS des Laurentides,0,1,3,0.0
2018-2019,CISSS des Laurentides,0,1,4,4.0
2018-2019,CISSS des Laurentides,0,1,5,14.0
2018-2019,CISSS des Laurentides,0,1,6,3.0
2018-2019,CISSS des Laurentides,0,1,7,0.0
2018-2019,CISSS des Laurentides,0,1,8,0.0
2018-2019,CISSS des Laurentides,0,1,9,21.0
2018-2019,CISSS des Laurentides,0,2,4,365.0
2018-2019,CISSS des Laurentides,0,2,5,551.71
2018-2019,CISSS des Laurentides,0,2,6,1775.0
2018-2019,CISSS des Laurentides,0,2,9,690.9
2018-2019,CISSS des Laurentides,0,3,4,365.0
2018-2019,CISSS des Laurentides,0,3,5,365.0
2018-2019,CISSS des Laurentides,0,3,6,1273.0
2018-2019,CISSS des Laurentides,0,3,9,365.0
2018-2019,CISSS des Laurentides,0,4,1,0.0
2018-2019,CISSS des Laurentides,0,4,2,0.0
2018-2019,CISSS des Laurentides,0,4,3,4.0
2018-2019,CISSS des Laurentides,0,4,4,7.0
2018-2019,CISSS des Laurentides,0,4,5,10.0
2018-2019,CISSS des Laurentides,0,4,6,1.0
2018-2019,CISSS des Laurentides,0,4,7,0.0
2018-2019,CISSS des Laurentides,0,4,8,0.0
2018-2019,CISSS des Laurentides,0,4,9,22.0
2018-2019,CISSS des Laurentides,0,5,3,16.5
2018-2019,CISSS des Laurentides,0,5,4,125.43
2018-2019,CISSS des Laurentides,0,5,5,240.5
2018-2019,CISSS des Laurentides,0,5,6,209.0
2018-2019,CISSS des Laurentides,0,5,9,161.73
2018-2019,CISSS des Laurentides,0,6,3,3.5
2018-2019,CISSS des Laurentides,0,6,4,53.0
2018-2019,CISSS des Laurentides,0,6,5,141.5
2018-2019,CISSS des Laurentides,0,6,6,209.0
2018-2019,CISSS des Laurentides,0,6,9,82.5
2018-2019,CISSS des Laurentides,0,7,1,0.0
2018-2019,CISSS des Laurentides,0,7,2,2.0
2018-2019,CISSS des Laurentides,0,7,3,1.0
2018-2019,CISSS des Laurentides,0,7,4,0.0
2018-2019,CISSS des Laurentides,0,7,5,13.0
2018-2019,CISSS des Laurentides,0,7,6,1.0
2018-2019,CISSS des Laurentides,0,7,7,0.0
2018-2019,CISSS des Laurentides,0,7,8,0.0
2018-2019,CISSS des Laurentides,0,7,9,17.0
2018-2019,CISSS des Laurentides,0,8,2,302.0
2018-2019,CISSS des Laurentides,0,8,3,1741.0
2018-2019,CISSS des Laurentides,0,8,5,1631.92
2018-2019,CISSS des Laurentides,0,8,6,2862.0
2018-2019,CISSS des Laurentides,0,8,9,1554.24
2018-2019,CISSS des Laurentides,0,9,2,302.0
2018-2019,CISSS des Laurentides,0,9,3,1741.0
2018-2019,CISSS des Laurentides,0,9,5,1712.0
2018-2019,CISSS des Laurentides,0,9,6,2862.0
2018-2019,CISSS des Laurentides,0,9,9,1712.0
2018-2019,CISSS des Laurentides,0,10,1,19.0
2018-2019,CISSS des Laurentides,0,10,2,76.0
2018-2019,CISSS des Laurentides,0,10,3,28.0
2018-2019,CISSS des Laurentides,0,10,4,9.0
2018-2019,CISSS des Laurentides,0,10,5,8.0
2018-2019,CISSS des Laurentides,0,10,6,1.0
2018-2019,CISSS des Laurentides,0,10,7,0.0
2018-2019,CISSS des Laurentides,0,10,8,0.0
2018-2019,CISSS des Laurentides,0,10,9,141.0
2018-2019,CISSS des Laurentides,0,11,1,43.16
2018-2019,CISSS des Laurentides,0,11,2,130.76
2018-2019,CISSS des Laurentides,0,11,3,141.21
2018-2019,CISSS des Laurentides,0,11,4,98.89
2018-2019,CISSS des Laurentides,0,11,5,798.25
2018-2019,CISSS des Laurentides,0,11,6,2862.0
2018-2019,CISSS des Laurentides,0,11,9,176.24
2018-2019,CISSS des Laurentides,0,12,1,42.0
2018-2019,CISSS des Laurentides,0,12,2,92.0
2018-2019,CISSS des Laurentides,0,12,3,107.0
2018-2019,CISSS des Laurentides,0,12,4,49.0
2018-2019,CISSS des Laurentides,0,12,5,176.5
2018-2019,CISSS des Laurentides,0,12,6,2862.0
2018-2019,CISSS des Laurentides,0,12,9,77.0
2018-2019,CISSS des Laurentides,0,13,1,19.0
2018-2019,CISSS des Laurentides,0,13,2,78.0
2018-2019,CISSS des Laurentides,0,13,3,33.0
2018-2019,CISSS des Laurentides,0,13,4,20.0
2018-2019,CISSS des Laurentides,0,13,5,45.0
2018-2019,CISSS des Laurentides,0,13,6,6.0
2018-2019,CISSS des Laurentides,0,13,7,0.0
2018-2019,CISSS des Laurentides,0,13,8,0.0
2018-2019,CISSS des Laurentides,0,13,9,201.0
2018-2019,CISSS des Laurentides,0,14,1,43.16
2018-2019,CISSS des Laurentides,0,14,2,135.15
2018-2019,CISSS des Laurentides,0,14,3,174.58
2018-2019,CISSS des Laurentides,0,14,4,161.4
2018-2019,CISSS des Laurentides,0,14,5,838.44
2018-2019,CISSS des Laurentides,0,14,6,1876.33
2018-2019,CISSS des Laurentides,0,14,9,344.97
2018-2019,CISSS des Laurentides,0,15,1,42.0
2018-2019,CISSS des Laurentides,0,15,2,96.0
2018-2019,CISSS des Laurentides,0,15,3,66.0
2018-2019,CISSS des Laurentides,0,15,4,83.5
2018-2019,CISSS des Laurentides,0,15,5,365.0
2018-2019,CISSS des Laurentides,0,15,6,2067.5
2018-2019,CISSS des Laurentides,0,15,9,111.0
2018-2019,CISSS des Îles,0,10,1,0.0
2018-2019,CISSS des Îles,0,10,2,0.0
2018-2019,CISSS des Îles,0,10,3,0.0
2018-2019,CISSS des Îles,0,10,4,0.0
2018-2019,CISSS des Îles,0,10,5,3.0
2018-2019,CISSS des Îles,0,10,6,0.0
2018-2019,CISSS des Îles,0,10,7,0.0
2018-2019,CISSS des Îles,0,10,8,0.0
2018-2019,CISSS des Îles,0,10,9,3.0
2018-2019,CISSS des Îles,0,11,5,299.33
2018-2019,CISSS des Îles,0,11,9,299.33
2018-2019,CISSS des Îles,0,12,5,412.0
2018-2019,CISSS des Îles,0,12,9,412.0
2018-2019,CISSS des Îles,0,13,1,0.0
2018-2019,CISSS des Îles,0,13,2,0.0
2018-2019,CISSS des Îles,0,13,3,0.0
2018-2019,CISSS des Îles,0,13,4,0.0
2018-2019,CISSS des Îles,0,13,5,3.0
2018-2019,CISSS des Îles,0,13,6,0.0
2018-2019,CISSS des Îles,0,13,7,0.0
2018-2019,CISSS des Îles,0,13,8,0.0
2018-2019,CISSS des Îles,0,13,9,3.0
2018-2019,CISSS des Îles,0,14,5,299.33
2018-2019,CISSS des Îles,0,14,9,299.33
2018-2019,CISSS des Îles,0,15,5,412.0
2018-2019,CISSS des Îles,0,15,9,412.0
2018-2019,CISSS du Bas-Saint-Laurent,0,1,5,1.0
2018-2019,CISSS du Bas-Saint-Laurent,0,1,6,1.0
2018-2019,CISSS du Bas-Saint-Laurent,0,1,9,2.0
2018-2019,CISSS du Bas-Saint-Laurent,0,2,5,626.0
2018-2019,CISSS du Bas-Saint-Laurent,0,2,6,11.0
2018-2019,CISSS du Bas-Saint-Laurent,0,2,9,318.5
2018-2019,CISSS du Bas-Saint-Laurent,0,3,5,626.0
2018-2019,CISSS du Bas-Saint-Laurent,0,3,6,11.0
2018-2019,CISSS du Bas-Saint-Laurent,0,3,9,318.5
2018-2019,CISSS du Bas-Saint-Laurent,0,4,3,2.0
2018-2019,CISSS du Bas-Saint-Laurent,0,4,9,2.0
2018-2019,CISSS du Bas-Saint-Laurent,0,5,3,508.0
2018-2019,CISSS du Bas-Saint-Laurent,0,5,9,508.0
2018-2019,CISSS du Bas-Saint-Laurent,0,6,3,508.0
2018-2019,CISSS du Bas-Saint-Laurent,0,6,9,508.0
2018-2019,CISSS du Bas-Saint-Laurent,0,10,1,4.0
2018-2019,CISSS du Bas-Saint-Laurent,0,10,2,6.0
2018-2019,CISSS du Bas-Saint-Laurent,0,10,3,15.0
2018-2019,CISSS du Bas-Saint-Laurent,0,10,4,6.0
2018-2019,CISSS du Bas-Saint-Laurent,0,10,5,8.0
2018-2019,CISSS du Bas-Saint-Laurent,0,10,6,1.0
2018-2019,CISSS du Bas-Saint-Laurent,0,10,9,40.0
2018-2019,CISSS du Bas-Saint-Laurent,0,11,1,36.0
2018-2019,CISSS du Bas-Saint-Laurent,0,11,2,34.5
2018-2019,CISSS du Bas-Saint-Laurent,0,11,3,106.53
2018-2019,CISSS du Bas-Saint-Laurent,0,11,4,63.67
2018-2019,CISSS du Bas-Saint-Laurent,0,11,5,92.13
2018-2019,CISSS du Bas-Saint-Laurent,0,11,6,11.0
2018-2019,CISSS du Bas-Saint-Laurent,0,11,9,76.98
2018-2019,CISSS du Bas-Saint-Laurent,0,12,1,46.0
2018-2019,CISSS du Bas-Saint-Laurent,0,12,2,23.0
2018-2019,CISSS du Bas-Saint-Laurent,0,12,3,102.0
2018-2019,CISSS du Bas-Saint-Laurent,0,12,4,50.0
2018-2019,CISSS du Bas-Saint-Laurent,0,12,5,3.0
2018-2019,CISSS du Bas-Saint-Laurent,0,12,6,11.0
2018-2019,CISSS du Bas-Saint-Laurent,0,12,9,39.0
2018-2019,CISSS du Bas-Saint-Laurent,0,13,1,4.0
2018-2019,CISSS du Bas-Saint-Laurent,0,13,2,6.0
2018-2019,CISSS du Bas-Saint-Laurent,0,13,3,17.0
2018-2019,CISSS du Bas-Saint-Laurent,0,13,4,6.0
2018-2019,CISSS du Bas-Saint-Laurent,0,13,5,9.0
2018-2019,CISSS du Bas-Saint-Laurent,0,13,6,2.0
2018-2019,CISSS du Bas-Saint-Laurent,0,13,9,44.0
2018-2019,CISSS du Bas-Saint-Laurent,0,14,1,36.0
2018-2019,CISSS du Bas-Saint-Laurent,0,14,2,34.5
2018-2019,CISSS du Bas-Saint-Laurent,0,14,3,153.76
2018-2019,CISSS du Bas-Saint-Laurent,0,14,4,63.67
2018-2019,CISSS du Bas-Saint-Laurent,0,14,5,151.44
2018-2019,CISSS du Bas-Saint-Laurent,0,14,6,11.0
2018-2019,CISSS du Bas-Saint-Laurent,0,14,9,107.55
2018-2019,CISSS du Bas-Saint-Laurent,0,15,1,46.0
2018-2019,CISSS du Bas-Saint-Laurent,0,15,2,23.0
2018-2019,CISSS du Bas-Saint-Laurent,0,15,3,122.0
2018-2019,CISSS du Bas-Saint-Laurent,0,15,4,50.0
2018-2019,CISSS du Bas-Saint-Laurent,0,15,5,3.0
2018-2019,CISSS du Bas-Saint-Laurent,0,15,6,11.0
2018-2019,CISSS du Bas-Saint-Laurent,0,15,9,39.5
2018-2019,CIUSSS de l'Estrie - CHUS,0,1,1,0.0
2018-2019,CIUSSS de l'Estrie - CHUS,0,1,2,0.0
2018-2019,CIUSSS de l'Estrie - CHUS,0,1,3,0.0
2018-2019,CIUSSS de l'Estrie - CHUS,0,1,4,3.0
2018-2019,CIUSSS de l'Estrie - CHUS,0,1,5,3.0
2018-2019,CIUSSS de l'Estrie - CHUS,0,1,6,0.0
2018-2019,CIUSSS de l'Estrie - CHUS,0,1,7,0.0
2018-2019,CIUSSS de l'Estrie - CHUS,0,1,8,0.0
2018-2019,CIUSSS de l'Estrie - CHUS,0,1,9,6.0
2018-2019,CIUSSS de l'Estrie - CHUS,0,2,4,613.67
2018-2019,CIUSSS de l'Estrie - CHUS,0,2,5,893.67
2018-2019,CIUSSS de l'Estrie - CHUS,0,2,6,0.0
2018-2019,CIUSSS de l'Estrie - CHUS,0,2,7,0.0
2018-2019,CIUSSS de l'Estrie - CHUS,0,2,8,0.0
2018-2019,CIUSSS de l'Estrie - CHUS,0,2,9,753.67
2018-2019,CIUSSS de l'Estrie - CHUS,0,3,4,410.0
2018-2019,CIUSSS de l'Estrie - CHUS,0,3,5,1125.0
2018-2019,CIUSSS de l'Estrie - CHUS,0,3,9,767.5
2018-2019,CIUSSS de l'Estrie - CHUS,0,4,4,2.0
2018-2019,CIUSSS de l'Estrie - CHUS,0,4,5,2.0
2018-2019,CIUSSS de l'Estrie - CHUS,0,4,9,4.0
2018-2019,CIUSSS de l'Estrie - CHUS,0,5,4,389.0
2018-2019,CIUSSS de l'Estrie - CHUS,0,5,5,241.5
2018-2019,CIUSSS de l'Estrie - CHUS,0,5,9,315.25
2018-2019,CIUSSS de l'Estrie - CHUS,0,6,4,389.0
2018-2019,CIUSSS de l'Estrie - CHUS,0,6,5,241.5
2018-2019,CIUSSS de l'Estrie - CHUS,0,6,9,302.0
2018-2019,CIUSSS de l'Estrie - CHUS,0,7,2,2.0
2018-2019,CIUSSS de l'Estrie - CHUS,0,7,3,1.0
2018-2019,CIUSSS de l'Estrie - CHUS,0,7,4,0.0
2018-2019,CIUSSS de l'Estrie - CHUS,0,7,5,5.0
2018-2019,CIUSSS de l'Estrie - CHUS,0,7,6,0.0
2018-2019,CIUSSS de l'Estrie - CHUS,0,7,7,0.0
2018-2019,CIUSSS de l'Estrie - CHUS,0,7,8,0.0
2018-2019,CIUSSS de l'Estrie - CHUS,0,7,9,8.0
2018-2019,CIUSSS de l'Estrie - CHUS,0,8,2,547.5
2018-2019,CIUSSS de l'Estrie - CHUS,0,8,3,84.0
2018-2019,CIUSSS de l'Estrie - CHUS,0,8,5,300.4
2018-2019,CIUSSS de l'Estrie - CHUS,0,8,9,335.13
2018-2019,CIUSSS de l'Estrie - CHUS,0,9,2,247.5
2018-2019,CIUSSS de l'Estrie - CHUS,0,9,3,84.0
2018-2019,CIUSSS de l'Estrie - CHUS,0,9,5,189.0
2018-2019,CIUSSS de l'Estrie - CHUS,0,9,9,185.0
2018-2019,CIUSSS de l'Estrie - CHUS,0,10,1,8.0
2018-2019,CIUSSS de l'Estrie - CHUS,0,10,2,55.0
2018-2019,CIUSSS de l'Estrie - CHUS,0,10,3,21.0
2018-2019,CIUSSS de l'Estrie - CHUS,0,10,4,12.0
2018-2019,CIUSSS de l'Estrie - CHUS,0,10,5,12.0
2018-2019,CIUSSS de l'Estrie - CHUS,0,10,6,1.0
2018-2019,CIUSSS de l'Estrie - CHUS,0,10,9,109.0
2018-2019,CIUSSS de l'Estrie - CHUS,0,11,1,59.25
2018-2019,CIUSSS de l'Estrie - CHUS,0,11,2,210.42
2018-2019,CIUSSS de l'Estrie - CHUS,0,11,3,228.0
2018-2019,CIUSSS de l'Estrie - CHUS,0,11,4,198.5
2018-2019,CIUSSS de l'Estrie - CHUS,0,11,5,146.08
2018-2019,CIUSSS de l'Estrie - CHUS,0,11,6,63.0
2018-2019,CIUSSS de l'Estrie - CHUS,0,11,9,192.96
2018-2019,CIUSSS de l'Estrie - CHUS,0,12,1,65.0
2018-2019,CIUSSS de l'Estrie - CHUS,0,12,2,161.0
2018-2019,CIUSSS de l'Estrie - CHUS,0,12,3,158.0
2018-2019,CIUSSS de l'Estrie - CHUS,0,12,4,214.5
2018-2019,CIUSSS de l'Estrie - CHUS,0,12,5,106.5
2018-2019,CIUSSS de l'Estrie - CHUS,0,12,6,63.0
2018-2019,CIUSSS de l'Estrie - CHUS,0,12,9,158.0
2018-2019,CIUSSS de l'Estrie - CHUS,0,13,1,8.0
2018-2019,CIUSSS de l'Estrie - CHUS,0,13,2,57.0
2018-2019,CIUSSS de l'Estrie - CHUS,0,13,3,22.0
2018-2019,CIUSSS de l'Estrie - CHUS,0,13,4,17.0
2018-2019,CIUSSS de l'Estrie - CHUS,0,13,5,22.0
2018-2019,CIUSSS de l'Estrie - CHUS,0,13,6,1.0
2018-2019,CIUSSS de l'Estrie - CHUS,0,13,7,0.0
2018-2019,CIUSSS de l'Estrie - CHUS,0,13,8,0.0
2018-2019,CIUSSS de l'Estrie - CHUS,0,13,9,127.0
2018-2019,CIUSSS de l'Estrie - CHUS,0,14,1,59.25
2018-2019,CIUSSS de l'Estrie - CHUS,0,14,2,222.25
2018-2019,CIUSSS de l'Estrie - CHUS,0,14,3,221.45
2018-2019,CIUSSS de l'Estrie - CHUS,0,14,4,294.18
2018-2019,CIUSSS de l'Estrie - CHUS,0,14,5,291.77
2018-2019,CIUSSS de l'Estrie - CHUS,0,14,6,63.0
2018-2019,CIUSSS de l'Estrie - CHUS,0,14,9,232.26
2018-2019,CIUSSS de l'Estrie - CHUS,0,15,1,65.0
2018-2019,CIUSSS de l'Estrie - CHUS,0,15,2,181.0
2018-2019,CIUSSS de l'Estrie - CHUS,0,15,3,156.0
2018-2019,CIUSSS de l'Estrie - CHUS,0,15,4,294.0
2018-2019,CIUSSS de l'Estrie - CHUS,0,15,5,195.0
2018-2019,CIUSSS de l'Estrie - CHUS,0,15,6,63.0
2018-2019,CIUSSS de l'Estrie - CHUS,0,15,9,177.0
2018-2019,CIUSSS de l'Ouest-de-l'Île-de-Montréal,0,1,1,0.0
2018-2019,CIUSSS de l'Ouest-de-l'Île-de-Montréal,0,1,2,0.0
2018-2019,CIUSSS de l'Ouest-de-l'Île-de-Montréal,0,1,3,0.0
2018-2019,CIUSSS de l'Ouest-de-l'Île-de-Montréal,0,1,4,7.0
2018-2019,CIUSSS de l'Ouest-de-l'Île-de-Montréal,0,1,5,12.0
2018-2019,CIUSSS de l'Ouest-de-l'Île-de-Montréal,0,1,6,0.0
2018-2019,CIUSSS de l'Ouest-de-l'Île-de-Montréal,0,1,7,0.0
2018-2019,CIUSSS de l'Ouest-de-l'Île-de-Montréal,0,1,8,0.0
2018-2019,CIUSSS de l'Ouest-de-l'Île-de-Montréal,0,1,9,19.0
2018-2019,CIUSSS de l'Ouest-de-l'Île-de-Montréal,0,2,4,246.57
2018-2019,CIUSSS de l'Ouest-de-l'Île-de-Montréal,0,2,5,1615.83
2018-2019,CIUSSS de l'Ouest-de-l'Île-de-Montréal,0,2,9,1111.37
2018-2019,CIUSSS de l'Ouest-de-l'Île-de-Montréal,0,3,4,335.0
2018-2019,CIUSSS de l'Ouest-de-l'Île-de-Montréal,0,3,5,1630.0
2018-2019,CIUSSS de l'Ouest-de-l'Île-de-Montréal,0,3,9,643.0
2018-2019,CIUSSS de l'Ouest-de-l'Île-de-Montréal,0,4,1,0.0
2018-2019,CIUSSS de l'Ouest-de-l'Île-de-Montréal,0,4,2,0.0
2018-2019,CIUSSS de l'Ouest-de-l'Île-de-Montréal,0,4,3,0.0
2018-2019,CIUSSS de l'Ouest-de-l'Île-de-Montréal,0,4,4,15.0
2018-2019,CIUSSS de l'Ouest-de-l'Île-de-Montréal,0,4,5,22.0
2018-2019,CIUSSS de l'Ouest-de-l'Île-de-Montréal,0,4,6,0.0
2018-2019,CIUSSS de l'Ouest-de-l'Île-de-Montréal,0,4,7,0.0
2018-2019,CIUSSS de l'Ouest-de-l'Île-de-Montréal,0,4,8,0.0
2018-2019,CIUSSS de l'Ouest-de-l'Île-de-Montréal,0,4,9,37.0
2018-2019,CIUSSS de l'Ouest-de-l'Île-de-Montréal,0,5,4,384.73
2018-2019,CIUSSS de l'Ouest-de-l'Île-de-Montréal,0,5,5,918.86
2018-2019,CIUSSS de l'Ouest-de-l'Île-de-Montréal,0,5,9,702.32
2018-2019,CIUSSS de l'Ouest-de-l'Île-de-Montréal,0,6,4,353.0
2018-2019,CIUSSS de l'Ouest-de-l'Île-de-Montréal,0,6,5,659.5
2018-2019,CIUSSS de l'Ouest-de-l'Île-de-Montréal,0,6,9,421.0
2018-2019,CIUSSS de l'Ouest-de-l'Île-de-Montréal,0,7,1,1.0
2018-2019,CIUSSS de l'Ouest-de-l'Île-de-Montréal,0,7,2,37.0
2018-2019,CIUSSS de l'Ouest-de-l'Île-de-Montréal,0,7,3,17.0
2018-2019,CIUSSS de l'Ouest-de-l'Île-de-Montréal,0,7,4,11.0
2018-2019,CIUSSS de l'Ouest-de-l'Île-de-Montréal,0,7,5,26.0
2018-2019,CIUSSS de l'Ouest-de-l'Île-de-Montréal,0,7,6,3.0
2018-2019,CIUSSS de l'Ouest-de-l'Île-de-Montréal,0,7,7,0.0
2018-2019,CIUSSS de l'Ouest-de-l'Île-de-Montréal,0,7,8,0.0
2018-2019,CIUSSS de l'Ouest-de-l'Île-de-Montréal,0,7,9,95.0
2018-2019,CIUSSS de l'Ouest-de-l'Île-de-Montréal,0,8,1,272.0
2018-2019,CIUSSS de l'Ouest-de-l'Île-de-Montréal,0,8,2,1246.03
2018-2019,CIUSSS de l'Ouest-de-l'Île-de-Montréal,0,8,3,1582.35
2018-2019,CIUSSS de l'Ouest-de-l'Île-de-Montréal,0,8,4,1513.27
2018-2019,CIUSSS de l'Ouest-de-l'Île-de-Montréal,0,8,5,2883.12
2018-2019,CIUSSS de l'Ouest-de-l'Île-de-Montréal,0,8,6,4370.0
2018-2019,CIUSSS de l'Ouest-de-l'Île-de-Montréal,0,8,9,1873.6
2018-2019,CIUSSS de l'Ouest-de-l'Île-de-Montréal,0,9,1,272.0
2018-2019,CIUSSS de l'Ouest-de-l'Île-de-Montréal,0,9,2,1408.0
2018-2019,CIUSSS de l'Ouest-de-l'Île-de-Montréal,0,9,3,1825.0
2018-2019,CIUSSS de l'Ouest-de-l'Île-de-Montréal,0,9,4,1327.0
2018-2019,CIUSSS de l'Ouest-de-l'Île-de-Montréal,0,9,5,2670.0
2018-2019,CIUSSS de l'Ouest-de-l'Île-de-Montréal,0,9,6,4912.0
2018-2019,CIUSSS de l'Ouest-de-l'Île-de-Montréal,0,9,9,1825.0
2018-2019,CIUSSS de l'Ouest-de-l'Île-de-Montréal,0,10,1,138.0
2018-2019,CIUSSS de l'Ouest-de-l'Île-de-Montréal,0,10,2,315.0
2018-2019,CIUSSS de l'Ouest-de-l'Île-de-Montréal,0,10,3,121.0
2018-2019,CIUSSS de l'Ouest-de-l'Île-de-Montréal,0,10,4,43.0
2018-2019,CIUSSS de l'Ouest-de-l'Île-de-Montréal,0,10,5,42.0
2018-2019,CIUSSS de l'Ouest-de-l'Île-de-Montréal,0,10,6,5.0
2018-2019,CIUSSS de l'Ouest-de-l'Île-de-Montréal,0,10,7,0.0
2018-2019,CIUSSS de l'Ouest-de-l'Île-de-Montréal,0,10,8,0.0
2018-2019,CIUSSS de l'Ouest-de-l'Île-de-Montréal,0,10,9,664.0
2018-2019,CIUSSS de l'Ouest-de-l'Île-de-Montréal,0,11,1,258.04
2018-2019,CIUSSS de l'Ouest-de-l'Île-de-Montréal,0,11,2,626.0
2018-2019,CIUSSS de l'Ouest-de-l'Île-de-Montréal,0,11,3,1058.7
2018-2019,CIUSSS de l'Ouest-de-l'Île-de-Montréal,0,11,4,651.02
2018-2019,CIUSSS de l'Ouest-de-l'Île-de-Montréal,0,11,5,1128.71
2018-2019,CIUSSS de l'Ouest-de-l'Île-de-Montréal,0,11,6,1082.8
2018-2019,CIUSSS de l'Ouest-de-l'Île-de-Montréal,0,11,9,665.24
2018-2019,CIUSSS de l'Ouest-de-l'Île-de-Montréal,0,12,1,211.0
2018-2019,CIUSSS de l'Ouest-de-l'Île-de-Montréal,0,12,2,439.0
2018-2019,CIUSSS de l'Ouest-de-l'Île-de-Montréal,0,12,3,576.0
2018-2019,CIUSSS de l'Ouest-de-l'Île-de-Montréal,0,12,4,383.0
2018-2019,CIUSSS de l'Ouest-de-l'Île-de-Montréal,0,12,5,1342.5
2018-2019,CIUSSS de l'Ouest-de-l'Île-de-Montréal,0,12,6,1451.0
2018-2019,CIUSSS de l'Ouest-de-l'Île-de-Montréal,0,12,9,396.5
2018-2019,CIUSSS de l'Ouest-de-l'Île-de-Montréal,0,13,1,139.0
2018-2019,CIUSSS de l'Ouest-de-l'Île-de-Montréal,0,13,2,352.0
2018-2019,CIUSSS de l'Ouest-de-l'Île-de-Montréal,0,13,3,138.0
2018-2019,CIUSSS de l'Ouest-de-l'Île-de-Montréal,0,13,4,76.0
2018-2019,CIUSSS de l'Ouest-de-l'Île-de-Montréal,0,13,5,102.0
2018-2019,CIUSSS de l'Ouest-de-l'Île-de-Montréal,0,13,6,8.0
2018-2019,CIUSSS de l'Ouest-de-l'Île-de-Montréal,0,13,7,0.0
2018-2019,CIUSSS de l'Ouest-de-l'Île-de-Montréal,0,13,8,0.0
2018-2019,CIUSSS de l'Ouest-de-l'Île-de-Montréal,0,13,9,815.0
2018-2019,CIUSSS de l'Ouest-de-l'Île-de-Montréal,0,14,1,258.14
2018-2019,CIUSSS de l'Ouest-de-l'Île-de-Montréal,0,14,2,691.18
2018-2019,CIUSSS de l'Ouest-de-l'Île-de-Montréal,0,14,3,1123.21
2018-2019,CIUSSS de l'Ouest-de-l'Île-de-Montréal,0,14,4,686.01
2018-2019,CIUSSS de l'Ouest-de-l'Île-de-Montréal,0,14,5,1587.96
2018-2019,CIUSSS de l'Ouest-de-l'Île-de-Montréal,0,14,6,2315.5
2018-2019,CIUSSS de l'Ouest-de-l'Île-de-Montréal,0,14,9,818.17
2018-2019,CIUSSS de l'Ouest-de-l'Île-de-Montréal,0,15,1,215.0
2018-2019,CIUSSS de l'Ouest-de-l'Île-de-Montréal,0,15,2,454.0
2018-2019,CIUSSS de l'Ouest-de-l'Île-de-Montréal,0,15,3,636.5
2018-2019,CIUSSS de l'Ouest-de-l'Île-de-Montréal,0,15,4,385.0
2018-2019,CIUSSS de l'Ouest-de-l'Île-de-Montréal,0,15,5,1451.0
2018-2019,CIUSSS de l'Ouest-de-l'Île-de-Montréal,0,15,6,1451.0
2018-2019,CIUSSS de l'Ouest-de-l'Île-de-Montréal,0,15,9,421.0
2018-2019,CIUSSS de la Capitale-Nationale,0,1,4,2.0
2018-2019,CIUSSS de la Capitale-Nationale,0,1,5,4.0
2018-2019,CIUSSS de la Capitale-Nationale,0,1,6,1.0
2018-2019,CIUSSS de la Capitale-Nationale,0,1,9,7.0
2018-2019,CIUSSS de la Capitale-Nationale,0,2,4,56.5
2018-2019,CIUSSS de la Capitale-Nationale,0,2,5,533.5
2018-2019,CIUSSS de la Capitale-Nationale,0,2,6,48.0
2018-2019,CIUSSS de la Capitale-Nationale,0,2,9,327.86
2018-2019,CIUSSS de la Capitale-Nationale,0,3,4,56.5
2018-2019,CIUSSS de la Capitale-Nationale,0,3,5,271.5
2018-2019,CIUSSS de la Capitale-Nationale,0,3,6,48.0
2018-2019,CIUSSS de la Capitale-Nationale,0,3,9,82.0
2018-2019,CIUSSS de la Capitale-Nationale,0,4,4,7.0
2018-2019,CIUSSS de la Capitale-Nationale,0,4,5,3.0
2018-2019,CIUSSS de la Capitale-Nationale,0,4,9,10.0
2018-2019,CIUSSS de la Capitale-Nationale,0,5,4,41.43
2018-2019,CIUSSS de la Capitale-Nationale,0,5,5,117.67
2018-2019,CIUSSS de la Capitale-Nationale,0,5,9,64.3
2018-2019,CIUSSS de la Capitale-Nationale,0,6,4,34.0
2018-2019,CIUSSS de la Capitale-Nationale,0,6,5,137.0
2018-2019,CIUSSS de la Capitale-Nationale,0,6,9,36.5
2018-2019,CIUSSS de la Capitale-Nationale,0,7,2,5.0
2018-2019,CIUSSS de la Capitale-Nationale,0,7,3,10.0
2018-2019,CIUSSS de la Capitale-Nationale,0,7,4,10.0
2018-2019,CIUSSS de la Capitale-Nationale,0,7,5,18.0
2018-2019,CIUSSS de la Capitale-Nationale,0,7,6,1.0
2018-2019,CIUSSS de la Capitale-Nationale,0,7,9,44.0
2018-2019,CIUSSS de la Capitale-Nationale,0,8,2,257.0
2018-2019,CIUSSS de la Capitale-Nationale,0,8,3,222.4
2018-2019,CIUSSS de la Capitale-Nationale,0,8,4,471.7
2018-2019,CIUSSS de la Capitale-Nationale,0,8,5,1167.78
2018-2019,CIUSSS de la Capitale-Nationale,0,8,6,654.0
2018-2019,CIUSSS de la Capitale-Nationale,0,8,9,679.55
2018-2019,CIUSSS de la Capitale-Nationale,0,9,2,293.0
2018-2019,CIUSSS de la Capitale-Nationale,0,9,3,206.0
2018-2019,CIUSSS de la Capitale-Nationale,0,9,4,593.0
2018-2019,CIUSSS de la Capitale-Nationale,0,9,5,925.5
2018-2019,CIUSSS de la Capitale-Nationale,0,9,6,654.0
2018-2019,CIUSSS de la Capitale-Nationale,0,9,9,413.0
2018-2019,CIUSSS de la Capitale-Nationale,0,10,1,18.0
2018-2019,CIUSSS de la Capitale-Nationale,0,10,2,298.0
2018-2019,CIUSSS de la Capitale-Nationale,0,10,3,164.0
2018-2019,CIUSSS de la Capitale-Nationale,0,10,4,32.0
2018-2019,CIUSSS de la Capitale-Nationale,0,10,5,26.0
2018-2019,CIUSSS de la Capitale-Nationale,0,10,6,10.0
2018-2019,CIUSSS de la Capitale-Nationale,0,10,9,548.0
2018-2019,CIUSSS de la Capitale-Nationale,0,11,1,56.94
2018-2019,CIUSSS de la Capitale-Nationale,0,11,2,317.91
2018-2019,CIUSSS de la Capitale-Nationale,0,11,3,428.22
2018-2019,CIUSSS de la Capitale-Nationale,0,11,4,409.03
2018-2019,CIUSSS de la Capitale-Nationale,0,11,5,232.8
2018-2019,CIUSSS de la Capitale-Nationale,0,11,6,228.8
2018-2019,CIUSSS de la Capitale-Nationale,0,11,9,342.01
2018-2019,CIUSSS de la Capitale-Nationale,0,12,1,61.0
2018-2019,CIUSSS de la Capitale-Nationale,0,12,2,274.0
2018-2019,CIUSSS de la Capitale-Nationale,0,12,3,413.0
2018-2019,CIUSSS de la Capitale-Nationale,0,12,4,440.5
2018-2019,CIUSSS de la Capitale-Nationale,0,12,5,208.0
2018-2019,CIUSSS de la Capitale-Nationale,0,12,6,163.0
2018-2019,CIUSSS de la Capitale-Nationale,0,12,9,304.5
2018-2019,CIUSSS de la Capitale-Nationale,0,13,1,18.0
2018-2019,CIUSSS de la Capitale-Nationale,0,13,2,303.0
2018-2019,CIUSSS de la Capitale-Nationale,0,13,3,174.0
2018-2019,CIUSSS de la Capitale-Nationale,0,13,4,51.0
2018-2019,CIUSSS de la Capitale-Nationale,0,13,5,51.0
2018-2019,CIUSSS de la Capitale-Nationale,0,13,6,12.0
2018-2019,CIUSSS de la Capitale-Nationale,0,13,9,609.0
2018-2019,CIUSSS de la Capitale-Nationale,0,14,1,56.94
2018-2019,CIUSSS de la Capitale-Nationale,0,14,2,316.91
2018-2019,CIUSSS de la Capitale-Nationale,0,14,3,416.39
2018-2019,CIUSSS de la Capitale-Nationale,0,14,4,357.04
2018-2019,CIUSSS de la Capitale-Nationale,0,14,5,579.61
2018-2019,CIUSSS de la Capitale-Nationale,0,14,6,249.17
2018-2019,CIUSSS de la Capitale-Nationale,0,14,9,361.67
2018-2019,CIUSSS de la Capitale-Nationale,0,15,1,61.0
2018-2019,CIUSSS de la Capitale-Nationale,0,15,2,276.0
2018-2019,CIUSSS de la Capitale-Nationale,0,15,3,399.0
2018-2019,CIUSSS de la Capitale-Nationale,0,15,4,293.0
2018-2019,CIUSSS de la Capitale-Nationale,0,15,5,323.0
2018-2019,CIUSSS de la Capitale-Nationale,0,15,6,163.0
2018-2019,CIUSSS de la Capitale-Nationale,0,15,9,299.0
2018-2019,CIUSSS de la Mauricie et du Centre-du-Québec,0,1,1,0.0
2018-2019,CIUSSS de la Mauricie et du Centre-du-Québec,0,1,2,0.0
2018-2019,CIUSSS de la Mauricie et du Centre-du-Québec,0,1,3,0.0
2018-2019,CIUSSS de la Mauricie et du Centre-du-Québec,0,1,4,3.0
2018-2019,CIUSSS de la Mauricie et du Centre-du-Québec,0,1,5,3.0
2018-2019,CIUSSS de la Mauricie et du Centre-du-Québec,0,1,6,1.0
2018-2019,CIUSSS de la Mauricie et du Centre-du-Québec,0,1,7,0.0
2018-2019,CIUSSS de la Mauricie et du Centre-du-Québec,0,1,8,0.0
2018-2019,CIUSSS de la Mauricie et du Centre-du-Québec,0,1,9,7.0
2018-2019,CIUSSS de la Mauricie et du Centre-du-Québec,0,2,1,0.0
2018-2019,CIUSSS de la Mauricie et du Centre-du-Québec,0,2,2,0.0
2018-2019,CIUSSS de la Mauricie et du Centre-du-Québec,0,2,3,0.0
2018-2019,CIUSSS de la Mauricie et du Centre-du-Québec,0,2,4,160.0
2018-2019,CIUSSS de la Mauricie et du Centre-du-Québec,0,2,5,178.67
2018-2019,CIUSSS de la Mauricie et du Centre-du-Québec,0,2,6,31.0
2018-2019,CIUSSS de la Mauricie et du Centre-du-Québec,0,2,7,0.0
2018-2019,CIUSSS de la Mauricie et du Centre-du-Québec,0,2,8,0.0
2018-2019,CIUSSS de la Mauricie et du Centre-du-Québec,0,2,9,149.57
2018-2019,CIUSSS de la Mauricie et du Centre-du-Québec,0,3,1,0.0
2018-2019,CIUSSS de la Mauricie et du Centre-du-Québec,0,3,2,0.0
2018-2019,CIUSSS de la Mauricie et du Centre-du-Québec,0,3,3,0.0
2018-2019,CIUSSS de la Mauricie et du Centre-du-Québec,0,3,4,95.0
2018-2019,CIUSSS de la Mauricie et du Centre-du-Québec,0,3,5,81.0
2018-2019,CIUSSS de la Mauricie et du Centre-du-Québec,0,3,6,31.0
2018-2019,CIUSSS de la Mauricie et du Centre-du-Québec,0,3,7,0.0
2018-2019,CIUSSS de la Mauricie et du Centre-du-Québec,0,3,8,0.0
2018-2019,CIUSSS de la Mauricie et du Centre-du-Québec,0,3,9,81.0
2018-2019,CIUSSS de la Mauricie et du Centre-du-Québec,0,4,1,0.0
2018-2019,CIUSSS de la Mauricie et du Centre-du-Québec,0,4,2,0.0
2018-2019,CIUSSS de la Mauricie et du Centre-du-Québec,0,4,3,9.0
2018-2019,CIUSSS de la Mauricie et du Centre-du-Québec,0,4,4,18.0
2018-2019,CIUSSS de la Mauricie et du Centre-du-Québec,0,4,5,10.0
2018-2019,CIUSSS de la Mauricie et du Centre-du-Québec,0,4,6,2.0
2018-2019,CIUSSS de la Mauricie et du Centre-du-Québec,0,4,7,0.0
2018-2019,CIUSSS de la Mauricie et du Centre-du-Québec,0,4,8,0.0
2018-2019,CIUSSS de la Mauricie et du Centre-du-Québec,0,4,9,39.0
2018-2019,CIUSSS de la Mauricie et du Centre-du-Québec,0,5,1,0.0
2018-2019,CIUSSS de la Mauricie et du Centre-du-Québec,0,5,2,0.0
2018-2019,CIUSSS de la Mauricie et du Centre-du-Québec,0,5,3,69.89
2018-2019,CIUSSS de la Mauricie et du Centre-du-Québec,0,5,4,122.44
2018-2019,CIUSSS de la Mauricie et du Centre-du-Québec,0,5,5,244.3
2018-2019,CIUSSS de la Mauricie et du Centre-du-Québec,0,5,6,241.0
2018-2019,CIUSSS de la Mauricie et du Centre-du-Québec,0,5,7,0.0
2018-2019,CIUSSS de la Mauricie et du Centre-du-Québec,0,5,8,0.0
2018-2019,CIUSSS de la Mauricie et du Centre-du-Québec,0,5,9,147.64
2018-2019,CIUSSS de la Mauricie et du Centre-du-Québec,0,6,1,0.0
2018-2019,CIUSSS de la Mauricie et du Centre-du-Québec,0,6,2,0.0
2018-2019,CIUSSS de la Mauricie et du Centre-du-Québec,0,6,3,66.0
2018-2019,CIUSSS de la Mauricie et du Centre-du-Québec,0,6,4,64.0
2018-2019,CIUSSS de la Mauricie et du Centre-du-Québec,0,6,5,155.5
2018-2019,CIUSSS de la Mauricie et du Centre-du-Québec,0,6,6,241.0
2018-2019,CIUSSS de la Mauricie et du Centre-du-Québec,0,6,7,0.0
2018-2019,CIUSSS de la Mauricie et du Centre-du-Québec,0,6,8,0.0
2018-2019,CIUSSS de la Mauricie et du Centre-du-Québec,0,6,9,81.0
2018-2019,CIUSSS de la Mauricie et du Centre-du-Québec,0,7,1,0.0
2018-2019,CIUSSS de la Mauricie et du Centre-du-Québec,0,7,2,1.0
2018-2019,CIUSSS de la Mauricie et du Centre-du-Québec,0,7,3,1.0
2018-2019,CIUSSS de la Mauricie et du Centre-du-Québec,0,7,4,1.0
2018-2019,CIUSSS de la Mauricie et du Centre-du-Québec,0,7,5,0.0
2018-2019,CIUSSS de la Mauricie et du Centre-du-Québec,0,7,6,0.0
2018-2019,CIUSSS de la Mauricie et du Centre-du-Québec,0,7,7,0.0
2018-2019,CIUSSS de la Mauricie et du Centre-du-Québec,0,7,8,0.0
2018-2019,CIUSSS de la Mauricie et du Centre-du-Québec,0,7,9,3.0
2018-2019,CIUSSS de la Mauricie et du Centre-du-Québec,0,8,1,0.0
2018-2019,CIUSSS de la Mauricie et du Centre-du-Québec,0,8,2,504.0
2018-2019,CIUSSS de la Mauricie et du Centre-du-Québec,0,8,3,1149.0
2018-2019,CIUSSS de la Mauricie et du Centre-du-Québec,0,8,4,161.0
2018-2019,CIUSSS de la Mauricie et du Centre-du-Québec,0,8,5,0.0
2018-2019,CIUSSS de la Mauricie et du Centre-du-Québec,0,8,6,0.0
2018-2019,CIUSSS de la Mauricie et du Centre-du-Québec,0,8,7,0.0
2018-2019,CIUSSS de la Mauricie et du Centre-du-Québec,0,8,8,0.0
2018-2019,CIUSSS de la Mauricie et du Centre-du-Québec,0,8,9,604.67
2018-2019,CIUSSS de la Mauricie et du Centre-du-Québec,0,9,1,0.0
2018-2019,CIUSSS de la Mauricie et du Centre-du-Québec,0,9,2,504.0
2018-2019,CIUSSS de la Mauricie et du Centre-du-Québec,0,9,3,1149.0
2018-2019,CIUSSS de la Mauricie et du Centre-du-Québec,0,9,4,161.0
2018-2019,CIUSSS de la Mauricie et du Centre-du-Québec,0,9,5,0.0
2018-2019,CIUSSS de la Mauricie et du Centre-du-Québec,0,9,6,0.0
2018-2019,CIUSSS de la Mauricie et du Centre-du-Québec,0,9,7,0.0
2018-2019,CIUSSS de la Mauricie et du Centre-du-Québec,0,9,8,0.0
2018-2019,CIUSSS de la Mauricie et du Centre-du-Québec,0,9,9,504.0
2018-2019,CIUSSS de la Mauricie et du Centre-du-Québec,0,10,1,7.0
2018-2019,CIUSSS de la Mauricie et du Centre-du-Québec,0,10,2,60.0
2018-2019,CIUSSS de la Mauricie et du Centre-du-Québec,0,10,3,14.0
2018-2019,CIUSSS de la Mauricie et du Centre-du-Québec,0,10,4,11.0
2018-2019,CIUSSS de la Mauricie et du Centre-du-Québec,0,10,5,14.0
2018-2019,CIUSSS de la Mauricie et du Centre-du-Québec,0,10,6,2.0
2018-2019,CIUSSS de la Mauricie et du Centre-du-Québec,0,10,7,1.0
2018-2019,CIUSSS de la Mauricie et du Centre-du-Québec,0,10,8,0.0
2018-2019,CIUSSS de la Mauricie et du Centre-du-Québec,0,10,9,109.0
2018-2019,CIUSSS de la Mauricie et du Centre-du-Québec,0,11,1,66.0
2018-2019,CIUSSS de la Mauricie et du Centre-du-Québec,0,11,2,115.22
2018-2019,CIUSSS de la Mauricie et du Centre-du-Québec,0,11,3,117.79
2018-2019,CIUSSS de la Mauricie et du Centre-du-Québec,0,11,4,150.27
2018-2019,CIUSSS de la Mauricie et du Centre-du-Québec,0,11,5,193.14
2018-2019,CIUSSS de la Mauricie et du Centre-du-Québec,0,11,6,165.5
2018-2019,CIUSSS de la Mauricie et du Centre-du-Québec,0,11,7,115.0
2018-2019,CIUSSS de la Mauricie et du Centre-du-Québec,0,11,8,0.0
2018-2019,CIUSSS de la Mauricie et du Centre-du-Québec,0,11,9,126.85
2018-2019,CIUSSS de la Mauricie et du Centre-du-Québec,0,12,1,72.0
2018-2019,CIUSSS de la Mauricie et du Centre-du-Québec,0,12,2,83.5
2018-2019,CIUSSS de la Mauricie et du Centre-du-Québec,0,12,3,50.5
2018-2019,CIUSSS de la Mauricie et du Centre-du-Québec,0,12,4,95.0
2018-2019,CIUSSS de la Mauricie et du Centre-du-Québec,0,12,5,143.5
2018-2019,CIUSSS de la Mauricie et du Centre-du-Québec,0,12,6,165.5
2018-2019,CIUSSS de la Mauricie et du Centre-du-Québec,0,12,7,115.0
2018-2019,CIUSSS de la Mauricie et du Centre-du-Québec,0,12,8,0.0
2018-2019,CIUSSS de la Mauricie et du Centre-du-Québec,0,12,9,83.0
2018-2019,CIUSSS de la Mauricie et du Centre-du-Québec,0,13,1,7.0
2018-2019,CIUSSS de la Mauricie et du Centre-du-Québec,0,13,2,61.0
2018-2019,CIUSSS de la Mauricie et du Centre-du-Québec,0,13,3,24.0
2018-2019,CIUSSS de la Mauricie et du Centre-du-Québec,0,13,4,33.0
2018-2019,CIUSSS de la Mauricie et du Centre-du-Québec,0,13,5,27.0
2018-2019,CIUSSS de la Mauricie et du Centre-du-Québec,0,13,6,5.0
2018-2019,CIUSSS de la Mauricie et du Centre-du-Québec,0,13,7,1.0
2018-2019,CIUSSS de la Mauricie et du Centre-du-Québec,0,13,8,0.0
2018-2019,CIUSSS de la Mauricie et du Centre-du-Québec,0,13,9,158.0
2018-2019,CIUSSS de la Mauricie et du Centre-du-Québec,0,14,1,66.0
2018-2019,CIUSSS de la Mauricie et du Centre-du-Québec,0,14,2,121.59
2018-2019,CIUSSS de la Mauricie et du Centre-du-Québec,0,14,3,142.79
2018-2019,CIUSSS de la Mauricie et du Centre-du-Québec,0,14,4,136.3
2018-2019,CIUSSS de la Mauricie et du Centre-du-Québec,0,14,5,210.48
2018-2019,CIUSSS de la Mauricie et du Centre-du-Québec,0,14,6,168.8
2018-2019,CIUSSS de la Mauricie et du Centre-du-Québec,0,14,7,115.0
2018-2019,CIUSSS de la Mauricie et du Centre-du-Québec,0,14,8,0.0
2018-2019,CIUSSS de la Mauricie et du Centre-du-Québec,0,14,9,142.06
2018-2019,CIUSSS de la Mauricie et du Centre-du-Québec,0,15,1,72.0
2018-2019,CIUSSS de la Mauricie et du Centre-du-Québec,0,15,2,84.0
2018-2019,CIUSSS de la Mauricie et du Centre-du-Québec,0,15,3,58.0
2018-2019,CIUSSS de la Mauricie et du Centre-du-Québec,0,15,4,95.0
2018-2019,CIUSSS de la Mauricie et du Centre-du-Québec,0,15,5,121.0
2018-2019,CIUSSS de la Mauricie et du Centre-du-Québec,0,15,6,168.0
2018-2019,CIUSSS de la Mauricie et du Centre-du-Québec,0,15,7,115.0
2018-2019,CIUSSS de la Mauricie et du Centre-du-Québec,0,15,8,0.0
2018-2019,CIUSSS de la Mauricie et du Centre-du-Québec,0,15,9,83.0
2018-2019,CIUSSS du Centre-Ouest-de-l'Île-de-Montréal,0,1,1,0.0
2018-2019,CIUSSS du Centre-Ouest-de-l'Île-de-Montréal,0,1,2,0.0
2018-2019,CIUSSS du Centre-Ouest-de-l'Île-de-Montréal,0,1,3,0.0
2018-2019,CIUSSS du Centre-Ouest-de-l'Île-de-Montréal,0,1,4,10.0
2018-2019,CIUSSS du Centre-Ouest-de-l'Île-de-Montréal,0,1,5,3.0
2018-2019,CIUSSS du Centre-Ouest-de-l'Île-de-Montréal,0,1,6,2.0
2018-2019,CIUSSS du Centre-Ouest-de-l'Île-de-Montréal,0,1,7,0.0
2018-2019,CIUSSS du Centre-Ouest-de-l'Île-de-Montréal,0,1,8,0.0
2018-2019,CIUSSS du Centre-Ouest-de-l'Île-de-Montréal,0,1,9,15.0
2018-2019,CIUSSS du Centre-Ouest-de-l'Île-de-Montréal,0,2,4,166.4
2018-2019,CIUSSS du Centre-Ouest-de-l'Île-de-Montréal,0,2,5,228.0
2018-2019,CIUSSS du Centre-Ouest-de-l'Île-de-Montréal,0,2,6,2519.5
2018-2019,CIUSSS du Centre-Ouest-de-l'Île-de-Montréal,0,2,9,492.45
2018-2019,CIUSSS du Centre-Ouest-de-l'Île-de-Montréal,0,3,4,62.0
2018-2019,CIUSSS du Centre-Ouest-de-l'Île-de-Montréal,0,3,5,98.0
2018-2019,CIUSSS du Centre-Ouest-de-l'Île-de-Montréal,0,3,6,2519.5
2018-2019,CIUSSS du Centre-Ouest-de-l'Île-de-Montréal,0,3,9,98.0
2018-2019,CIUSSS du Centre-Ouest-de-l'Île-de-Montréal,0,4,1,0.0
2018-2019,CIUSSS du Centre-Ouest-de-l'Île-de-Montréal,0,4,2,0.0
2018-2019,CIUSSS du Centre-Ouest-de-l'Île-de-Montréal,0,4,3,0.0
2018-2019,CIUSSS du Centre-Ouest-de-l'Île-de-Montréal,0,4,4,6.0
2018-2019,CIUSSS du Centre-Ouest-de-l'Île-de-Montréal,0,4,5,4.0
2018-2019,CIUSSS du Centre-Ouest-de-l'Île-de-Montréal,0,4,6,0.0
2018-2019,CIUSSS du Centre-Ouest-de-l'Île-de-Montréal,0,4,7,0.0
2018-2019,CIUSSS du Centre-Ouest-de-l'Île-de-Montréal,0,4,8,0.0
2018-2019,CIUSSS du Centre-Ouest-de-l'Île-de-Montréal,0,4,9,10.0
2018-2019,CIUSSS du Centre-Ouest-de-l'Île-de-Montréal,0,5,4,101.33
2018-2019,CIUSSS du Centre-Ouest-de-l'Île-de-Montréal,0,5,5,69.75
2018-2019,CIUSSS du Centre-Ouest-de-l'Île-de-Montréal,0,5,9,88.7
2018-2019,CIUSSS du Centre-Ouest-de-l'Île-de-Montréal,0,6,4,80.0
2018-2019,CIUSSS du Centre-Ouest-de-l'Île-de-Montréal,0,6,5,78.0
2018-2019,CIUSSS du Centre-Ouest-de-l'Île-de-Montréal,0,6,9,80.0
2018-2019,CIUSSS du Centre-Ouest-de-l'Île-de-Montréal,0,7,1,2.0
2018-2019,CIUSSS du Centre-Ouest-de-l'Île-de-Montréal,0,7,2,7.0
2018-2019,CIUSSS du Centre-Ouest-de-l'Île-de-Montréal,0,7,3,5.0
2018-2019,CIUSSS du Centre-Ouest-de-l'Île-de-Montréal,0,7,4,11.0
2018-2019,CIUSSS du Centre-Ouest-de-l'Île-de-Montréal,0,7,5,8.0
2018-2019,CIUSSS du Centre-Ouest-de-l'Île-de-Montréal,0,7,6,0.0
2018-2019,CIUSSS du Centre-Ouest-de-l'Île-de-Montréal,0,7,7,0.0
2018-2019,CIUSSS du Centre-Ouest-de-l'Île-de-Montréal,0,7,8,0.0
2018-2019,CIUSSS du Centre-Ouest-de-l'Île-de-Montréal,0,7,9,33.0
2018-2019,CIUSSS du Centre-Ouest-de-l'Île-de-Montréal,0,8,1,21.0
2018-2019,CIUSSS du Centre-Ouest-de-l'Île-de-Montréal,0,8,2,513.29
2018-2019,CIUSSS du Centre-Ouest-de-l'Île-de-Montréal,0,8,3,286.2
2018-2019,CIUSSS du Centre-Ouest-de-l'Île-de-Montréal,0,8,4,554.64
2018-2019,CIUSSS du Centre-Ouest-de-l'Île-de-Montréal,0,8,5,533.13
2018-2019,CIUSSS du Centre-Ouest-de-l'Île-de-Montréal,0,8,9,467.64
2018-2019,CIUSSS du Centre-Ouest-de-l'Île-de-Montréal,0,9,1,21.0
2018-2019,CIUSSS du Centre-Ouest-de-l'Île-de-Montréal,0,9,2,483.0
2018-2019,CIUSSS du Centre-Ouest-de-l'Île-de-Montréal,0,9,3,207.0
2018-2019,CIUSSS du Centre-Ouest-de-l'Île-de-Montréal,0,9,4,361.0
2018-2019,CIUSSS du Centre-Ouest-de-l'Île-de-Montréal,0,9,5,168.0
2018-2019,CIUSSS du Centre-Ouest-de-l'Île-de-Montréal,0,9,9,252.0
2018-2019,CIUSSS du Centre-Ouest-de-l'Île-de-Montréal,0,10,1,55.0
2018-2019,CIUSSS du Centre-Ouest-de-l'Île-de-Montréal,0,10,2,243.0
2018-2019,CIUSSS du Centre-Ouest-de-l'Île-de-Montréal,0,10,3,78.0
2018-2019,CIUSSS du Centre-Ouest-de-l'Île-de-Montréal,0,10,4,20.0
2018-2019,CIUSSS du Centre-Ouest-de-l'Île-de-Montréal,0,10,5,24.0
2018-2019,CIUSSS du Centre-Ouest-de-l'Île-de-Montréal,0,10,6,3.0
2018-2019,CIUSSS du Centre-Ouest-de-l'Île-de-Montréal,0,10,7,0.0
2018-2019,CIUSSS du Centre-Ouest-de-l'Île-de-Montréal,0,10,8,0.0
2018-2019,CIUSSS du Centre-Ouest-de-l'Île-de-Montréal,0,10,9,423.0
2018-2019,CIUSSS du Centre-Ouest-de-l'Île-de-Montréal,0,11,1,185.31
2018-2019,CIUSSS du Centre-Ouest-de-l'Île-de-Montréal,0,11,2,372.07
2018-2019,CIUSSS du Centre-Ouest-de-l'Île-de-Montréal,0,11,3,379.92
2018-2019,CIUSSS du Centre-Ouest-de-l'Île-de-Montréal,0,11,4,463.75
2018-2019,CIUSSS du Centre-Ouest-de-l'Île-de-Montréal,0,11,5,239.73
2018-2019,CIUSSS du Centre-Ouest-de-l'Île-de-Montréal,0,11,6,309.0
2018-2019,CIUSSS du Centre-Ouest-de-l'Île-de-Montréal,0,11,9,346.11
2018-2019,CIUSSS du Centre-Ouest-de-l'Île-de-Montréal,0,12,1,146.0
2018-2019,CIUSSS du Centre-Ouest-de-l'Île-de-Montréal,0,12,2,349.0
2018-2019,CIUSSS du Centre-Ouest-de-l'Île-de-Montréal,0,12,3,387.0
2018-2019,CIUSSS du Centre-Ouest-de-l'Île-de-Montréal,0,12,4,369.0
2018-2019,CIUSSS du Centre-Ouest-de-l'Île-de-Montréal,0,12,5,225.5
2018-2019,CIUSSS du Centre-Ouest-de-l'Île-de-Montréal,0,12,6,334.0
2018-2019,CIUSSS du Centre-Ouest-de-l'Île-de-Montréal,0,12,9,304.0
2018-2019,CIUSSS du Centre-Ouest-de-l'Île-de-Montréal,0,13,1,57.0
2018-2019,CIUSSS du Centre-Ouest-de-l'Île-de-Montréal,0,13,2,250.0
2018-2019,CIUSSS du Centre-Ouest-de-l'Île-de-Montréal,0,13,3,83.0
2018-2019,CIUSSS du Centre-Ouest-de-l'Île-de-Montréal,0,13,4,47.0
2018-2019,CIUSSS du Centre-Ouest-de-l'Île-de-Montréal,0,13,5,39.0
2018-2019,CIUSSS du Centre-Ouest-de-l'Île-de-Montréal,0,13,6,5.0
2018-2019,CIUSSS du Centre-Ouest-de-l'Île-de-Montréal,0,13,7,0.0
2018-2019,CIUSSS du Centre-Ouest-de-l'Île-de-Montréal,0,13,8,0.0
2018-2019,CIUSSS du Centre-Ouest-de-l'Île-de-Montréal,0,13,9,481.0
2018-2019,CIUSSS du Centre-Ouest-de-l'Île-de-Montréal,0,14,1,179.54
2018-2019,CIUSSS du Centre-Ouest-de-l'Île-de-Montréal,0,14,2,376.02
2018-2019,CIUSSS du Centre-Ouest-de-l'Île-de-Montréal,0,14,3,374.28
2018-2019,CIUSSS du Centre-Ouest-de-l'Île-de-Montréal,0,14,4,375.49
2018-2019,CIUSSS du Centre-Ouest-de-l'Île-de-Montréal,0,14,5,283.84
2018-2019,CIUSSS du Centre-Ouest-de-l'Île-de-Montréal,0,14,6,1193.2
2018-2019,CIUSSS du Centre-Ouest-de-l'Île-de-Montréal,0,14,9,353.7
2018-2019,CIUSSS du Centre-Ouest-de-l'Île-de-Montréal,0,15,1,146.0
2018-2019,CIUSSS du Centre-Ouest-de-l'Île-de-Montréal,0,15,2,349.0
2018-2019,CIUSSS du Centre-Ouest-de-l'Île-de-Montréal,0,15,3,355.0
2018-2019,CIUSSS du Centre-Ouest-de-l'Île-de-Montréal,0,15,4,252.0
2018-2019,CIUSSS du Centre-Ouest-de-l'Île-de-Montréal,0,15,5,175.0
2018-2019,CIUSSS du Centre-Ouest-de-l'Île-de-Montréal,0,15,6,587.0
2018-2019,CIUSSS du Centre-Ouest-de-l'Île-de-Montréal,0,15,9,293.0
2018-2019,CIUSSS du Centre-Sud-de-l'Île-de-Montréal,0,1,3,2.0
2018-2019,CIUSSS du Centre-Sud-de-l'Île-de-Montréal,0,1,4,21.0
2018-2019,CIUSSS du Centre-Sud-de-l'Île-de-Montréal,0,1,5,31.0
2018-2019,CIUSSS du Centre-Sud-de-l'Île-de-Montréal,0,1,6,5.0
2018-2019,CIUSSS du Centre-Sud-de-l'Île-de-Montréal,0,1,9,59.0
2018-2019,CIUSSS du Centre-Sud-de-l'Île-de-Montréal,0,2,3,190.5
2018-2019,CIUSSS du Centre-Sud-de-l'Île-de-Montréal,0,2,4,309.24
2018-2019,CIUSSS du Centre-Sud-de-l'Île-de-Montréal,0,2,5,1407.65
2018-2019,CIUSSS du Centre-Sud-de-l'Île-de-Montréal,0,2,6,1408.2
2018-2019,CIUSSS du Centre-Sud-de-l'Île-de-Montréal,0,2,9,975.47
2018-2019,CIUSSS du Centre-Sud-de-l'Île-de-Montréal,0,3,3,190.5
2018-2019,CIUSSS du Centre-Sud-de-l'Île-de-Montréal,0,3,4,223.0
2018-2019,CIUSSS du Centre-Sud-de-l'Île-de-Montréal,0,3,5,1094.0
2018-2019,CIUSSS du Centre-Sud-de-l'Île-de-Montréal,0,3,6,300.0
2018-2019,CIUSSS du Centre-Sud-de-l'Île-de-Montréal,0,3,9,488.0
2018-2019,CIUSSS du Centre-Sud-de-l'Île-de-Montréal,0,4,3,3.0
2018-2019,CIUSSS du Centre-Sud-de-l'Île-de-Montréal,0,4,4,47.0
2018-2019,CIUSSS du Centre-Sud-de-l'Île-de-Montréal,0,4,5,68.0
2018-2019,CIUSSS du Centre-Sud-de-l'Île-de-Montréal,0,4,6,12.0
2018-2019,CIUSSS du Centre-Sud-de-l'Île-de-Montréal,0,4,9,130.0
2018-2019,CIUSSS du Centre-Sud-de-l'Île-de-Montréal,0,5,3,422.0
2018-2019,CIUSSS du Centre-Sud-de-l'Île-de-Montréal,0,5,4,365.28
2018-2019,CIUSSS du Centre-Sud-de-l'Île-de-Montréal,0,5,5,1092.29
2018-2019,CIUSSS du Centre-Sud-de-l'Île-de-Montréal,0,5,6,1990.75
2018-2019,CIUSSS du Centre-Sud-de-l'Île-de-Montréal,0,5,9,896.92
2018-2019,CIUSSS du Centre-Sud-de-l'Île-de-Montréal,0,6,3,581.0
2018-2019,CIUSSS du Centre-Sud-de-l'Île-de-Montréal,0,6,4,356.0
2018-2019,CIUSSS du Centre-Sud-de-l'Île-de-Montréal,0,6,5,954.0
2018-2019,CIUSSS du Centre-Sud-de-l'Île-de-Montréal,0,6,6,1555.5
2018-2019,CIUSSS du Centre-Sud-de-l'Île-de-Montréal,0,6,9,647.0
2018-2019,CIUSSS du Centre-Sud-de-l'Île-de-Montréal,0,7,1,2.0
2018-2019,CIUSSS du Centre-Sud-de-l'Île-de-Montréal,0,7,2,16.0
2018-2019,CIUSSS du Centre-Sud-de-l'Île-de-Montréal,0,7,3,16.0
2018-2019,CIUSSS du Centre-Sud-de-l'Île-de-Montréal,0,7,4,21.0
2018-2019,CIUSSS du Centre-Sud-de-l'Île-de-Montréal,0,7,5,39.0
2018-2019,CIUSSS du Centre-Sud-de-l'Île-de-Montréal,0,7,6,4.0
2018-2019,CIUSSS du Centre-Sud-de-l'Île-de-Montréal,0,7,7,1.0
2018-2019,CIUSSS du Centre-Sud-de-l'Île-de-Montréal,0,7,9,99.0
2018-2019,CIUSSS du Centre-Sud-de-l'Île-de-Montréal,0,8,1,138.5
2018-2019,CIUSSS du Centre-Sud-de-l'Île-de-Montréal,0,8,2,460.81
2018-2019,CIUSSS du Centre-Sud-de-l'Île-de-Montréal,0,8,3,374.88
2018-2019,CIUSSS du Centre-Sud-de-l'Île-de-Montréal,0,8,4,1038.48
2018-2019,CIUSSS du Centre-Sud-de-l'Île-de-Montréal,0,8,5,1352.82
2018-2019,CIUSSS du Centre-Sud-de-l'Île-de-Montréal,0,8,6,367.0
2018-2019,CIUSSS du Centre-Sud-de-l'Île-de-Montréal,0,8,7,1964.0
2018-2019,CIUSSS du Centre-Sud-de-l'Île-de-Montréal,0,8,9,925.74
2018-2019,CIUSSS du Centre-Sud-de-l'Île-de-Montréal,0,9,1,138.5
2018-2019,CIUSSS du Centre-Sud-de-l'Île-de-Montréal,0,9,2,249.0
2018-2019,CIUSSS du Centre-Sud-de-l'Île-de-Montréal,0,9,3,130.5
2018-2019,CIUSSS du Centre-Sud-de-l'Île-de-Montréal,0,9,4,763.0
2018-2019,CIUSSS du Centre-Sud-de-l'Île-de-Montréal,0,9,5,895.0
2018-2019,CIUSSS du Centre-Sud-de-l'Île-de-Montréal,0,9,6,369.5
2018-2019,CIUSSS du Centre-Sud-de-l'Île-de-Montréal,0,9,7,1964.0
2018-2019,CIUSSS du Centre-Sud-de-l'Île-de-Montréal,0,9,9,369.0
2018-2019,CIUSSS du Centre-Sud-de-l'Île-de-Montréal,0,10,1,523.0
2018-2019,CIUSSS du Centre-Sud-de-l'Île-de-Montréal,0,10,2,568.0
2018-2019,CIUSSS du Centre-Sud-de-l'Île-de-Montréal,0,10,3,159.0
2018-2019,CIUSSS du Centre-Sud-de-l'Île-de-Montréal,0,10,4,96.0
2018-2019,CIUSSS du Centre-Sud-de-l'Île-de-Montréal,0,10,5,116.0
2018-2019,CIUSSS du Centre-Sud-de-l'Île-de-Montréal,0,10,6,12.0
2018-2019,CIUSSS du Centre-Sud-de-l'Île-de-Montréal,0,10,7,3.0
2018-2019,CIUSSS du Centre-Sud-de-l'Île-de-Montréal,0,10,9,1477.0
2018-2019,CIUSSS du Centre-Sud-de-l'Île-de-Montréal,0,11,1,217.52
2018-2019,CIUSSS du Centre-Sud-de-l'Île-de-Montréal,0,11,2,603.6
2018-2019,CIUSSS du Centre-Sud-de-l'Île-de-Montréal,0,11,3,801.37
2018-2019,CIUSSS du Centre-Sud-de-l'Île-de-Montréal,0,11,4,712.09
2018-2019,CIUSSS du Centre-Sud-de-l'Île-de-Montréal,0,11,5,654.08
2018-2019,CIUSSS du Centre-Sud-de-l'Île-de-Montréal,0,11,6,707.42
2018-2019,CIUSSS du Centre-Sud-de-l'Île-de-Montréal,0,11,7,571.67
2018-2019,CIUSSS du Centre-Sud-de-l'Île-de-Montréal,0,11,9,499.83
2018-2019,CIUSSS du Centre-Sud-de-l'Île-de-Montréal,0,12,1,181.0
2018-2019,CIUSSS du Centre-Sud-de-l'Île-de-Montréal,0,12,2,370.5
2018-2019,CIUSSS du Centre-Sud-de-l'Île-de-Montréal,0,12,3,497.0
2018-2019,CIUSSS du Centre-Sud-de-l'Île-de-Montréal,0,12,4,398.0
2018-2019,CIUSSS du Centre-Sud-de-l'Île-de-Montréal,0,12,5,391.0
2018-2019,CIUSSS du Centre-Sud-de-l'Île-de-Montréal,0,12,6,245.5
2018-2019,CIUSSS du Centre-Sud-de-l'Île-de-Montréal,0,12,7,589.0
2018-2019,CIUSSS du Centre-Sud-de-l'Île-de-Montréal,0,12,9,305.5
2018-2019,CIUSSS du Centre-Sud-de-l'Île-de-Montréal,0,13,1,525.0
2018-2019,CIUSSS du Centre-Sud-de-l'Île-de-Montréal,0,13,2,584.0
2018-2019,CIUSSS du Centre-Sud-de-l'Île-de-Montréal,0,13,3,180.0
2018-2019,CIUSSS du Centre-Sud-de-l'Île-de-Montréal,0,13,4,185.0
2018-2019,CIUSSS du Centre-Sud-de-l'Île-de-Montréal,0,13,5,254.0
2018-2019,CIUSSS du Centre-Sud-de-l'Île-de-Montréal,0,13,6,33.0
2018-2019,CIUSSS du Centre-Sud-de-l'Île-de-Montréal,0,13,7,4.0
2018-2019,CIUSSS du Centre-Sud-de-l'Île-de-Montréal,0,13,9,1765.0
2018-2019,CIUSSS du Centre-Sud-de-l'Île-de-Montréal,0,14,1,217.22
2018-2019,CIUSSS du Centre-Sud-de-l'Île-de-Montréal,0,14,2,599.68
2018-2019,CIUSSS du Centre-Sud-de-l'Île-de-Montréal,0,14,3,750.35
2018-2019,CIUSSS du Centre-Sud-de-l'Île-de-Montréal,0,14,4,614.78
2018-2019,CIUSSS du Centre-Sud-de-l'Île-de-Montréal,0,14,5,970.65
2018-2019,CIUSSS du Centre-Sud-de-l'Île-de-Montréal,0,14,6,1239.0
2018-2019,CIUSSS du Centre-Sud-de-l'Île-de-Montréal,0,14,7,919.75
2018-2019,CIUSSS du Centre-Sud-de-l'Île-de-Montréal,0,14,9,568.9
2018-2019,CIUSSS du Centre-Sud-de-l'Île-de-Montréal,0,15,1,181.0
2018-2019,CIUSSS du Centre-Sud-de-l'Île-de-Montréal,0,15,2,365.5
2018-2019,CIUSSS du Centre-Sud-de-l'Île-de-Montréal,0,15,3,424.5
2018-2019,CIUSSS du Centre-Sud-de-l'Île-de-Montréal,0,15,4,365.5
2018-2019,CIUSSS du Centre-Sud-de-l'Île-de-Montréal,0,15,5,729.0
2018-2019,CIUSSS du Centre-Sud-de-l'Île-de-Montréal,0,15,6,833.0
2018-2019,CIUSSS du Centre-Sud-de-l'Île-de-Montréal,0,15,7,797.0
2018-2019,CIUSSS du Centre-Sud-de-l'Île-de-Montréal,0,15,9,332.5
2018-2019,CIUSSS du SaguenayLac-Saint-Jean,0,1,1,0.0
2018-2019,CIUSSS du SaguenayLac-Saint-Jean,0,1,2,0.0
2018-2019,CIUSSS du SaguenayLac-Saint-Jean,0,1,3,0.0
2018-2019,CIUSSS du SaguenayLac-Saint-Jean,0,1,4,1.0
2018-2019,CIUSSS du SaguenayLac-Saint-Jean,0,1,5,2.0
2018-2019,CIUSSS du SaguenayLac-Saint-Jean,0,1,6,0.0
2018-2019,CIUSSS du SaguenayLac-Saint-Jean,0,1,7,0.0
2018-2019,CIUSSS du SaguenayLac-Saint-Jean,0,1,8,0.0
2018-2019,CIUSSS du SaguenayLac-Saint-Jean,0,1,9,3.0
2018-2019,CIUSSS du SaguenayLac-Saint-Jean,0,2,4,42.0
2018-2019,CIUSSS du SaguenayLac-Saint-Jean,0,2,5,474.0
2018-2019,CIUSSS du SaguenayLac-Saint-Jean,0,2,9,330.0
2018-2019,CIUSSS du SaguenayLac-Saint-Jean,0,3,4,42.0
2018-2019,CIUSSS du SaguenayLac-Saint-Jean,0,3,5,474.0
2018-2019,CIUSSS du SaguenayLac-Saint-Jean,0,3,9,53.0
2018-2019,CIUSSS du SaguenayLac-Saint-Jean,0,4,1,0.0
2018-2019,CIUSSS du SaguenayLac-Saint-Jean,0,4,2,0.0
2018-2019,CIUSSS du SaguenayLac-Saint-Jean,0,4,3,2.0
2018-2019,CIUSSS du SaguenayLac-Saint-Jean,0,4,4,2.0
2018-2019,CIUSSS du SaguenayLac-Saint-Jean,0,4,5,0.0
2018-2019,CIUSSS du SaguenayLac-Saint-Jean,0,4,6,0.0
2018-2019,CIUSSS du SaguenayLac-Saint-Jean,0,4,7,0.0
2018-2019,CIUSSS du SaguenayLac-Saint-Jean,0,4,8,0.0
2018-2019,CIUSSS du SaguenayLac-Saint-Jean,0,4,9,4.0
2018-2019,CIUSSS du SaguenayLac-Saint-Jean,0,5,3,210.0
2018-2019,CIUSSS du SaguenayLac-Saint-Jean,0,5,4,90.0
2018-2019,CIUSSS du SaguenayLac-Saint-Jean,0,5,9,150.0
2018-2019,CIUSSS du SaguenayLac-Saint-Jean,0,6,3,210.0
2018-2019,CIUSSS du SaguenayLac-Saint-Jean,0,6,4,90.0
2018-2019,CIUSSS du SaguenayLac-Saint-Jean,0,6,9,107.5
2018-2019,CIUSSS du SaguenayLac-Saint-Jean,0,7,1,0.0
2018-2019,CIUSSS du SaguenayLac-Saint-Jean,0,7,2,0.0
2018-2019,CIUSSS du SaguenayLac-Saint-Jean,0,7,3,0.0
2018-2019,CIUSSS du SaguenayLac-Saint-Jean,0,7,4,2.0
2018-2019,CIUSSS du SaguenayLac-Saint-Jean,0,7,5,6.0
2018-2019,CIUSSS du SaguenayLac-Saint-Jean,0,7,6,0.0
2018-2019,CIUSSS du SaguenayLac-Saint-Jean,0,7,7,0.0
2018-2019,CIUSSS du SaguenayLac-Saint-Jean,0,7,8,0.0
2018-2019,CIUSSS du SaguenayLac-Saint-Jean,0,7,9,8.0
2018-2019,CIUSSS du SaguenayLac-Saint-Jean,0,8,4,531.0
2018-2019,CIUSSS du SaguenayLac-Saint-Jean,0,8,5,307.5
2018-2019,CIUSSS du SaguenayLac-Saint-Jean,0,8,9,363.38
2018-2019,CIUSSS du SaguenayLac-Saint-Jean,0,9,4,531.0
2018-2019,CIUSSS du SaguenayLac-Saint-Jean,0,9,5,257.0
2018-2019,CIUSSS du SaguenayLac-Saint-Jean,0,9,9,325.0
2018-2019,CIUSSS du SaguenayLac-Saint-Jean,0,10,1,6.0
2018-2019,CIUSSS du SaguenayLac-Saint-Jean,0,10,2,12.0
2018-2019,CIUSSS du SaguenayLac-Saint-Jean,0,10,3,5.0
2018-2019,CIUSSS du SaguenayLac-Saint-Jean,0,10,4,4.0
2018-2019,CIUSSS du SaguenayLac-Saint-Jean,0,10,5,5.0
2018-2019,CIUSSS du SaguenayLac-Saint-Jean,0,10,6,0.0
2018-2019,CIUSSS du SaguenayLac-Saint-Jean,0,10,7,0.0
2018-2019,CIUSSS du SaguenayLac-Saint-Jean,0,10,8,0.0
2018-2019,CIUSSS du SaguenayLac-Saint-Jean,0,10,9,32.0
2018-2019,CIUSSS du SaguenayLac-Saint-Jean,0,11,1,23.67
2018-2019,CIUSSS du SaguenayLac-Saint-Jean,0,11,2,98.75
2018-2019,CIUSSS du SaguenayLac-Saint-Jean,0,11,3,30.8
2018-2019,CIUSSS du SaguenayLac-Saint-Jean,0,11,4,156.75
2018-2019,CIUSSS du SaguenayLac-Saint-Jean,0,11,5,229.4
2018-2019,CIUSSS du SaguenayLac-Saint-Jean,0,11,9,101.72
2018-2019,CIUSSS du SaguenayLac-Saint-Jean,0,12,1,20.5
2018-2019,CIUSSS du SaguenayLac-Saint-Jean,0,12,2,88.0
2018-2019,CIUSSS du SaguenayLac-Saint-Jean,0,12,3,27.0
2018-2019,CIUSSS du SaguenayLac-Saint-Jean,0,12,4,97.5
2018-2019,CIUSSS du SaguenayLac-Saint-Jean,0,12,5,74.0
2018-2019,CIUSSS du SaguenayLac-Saint-Jean,0,12,9,57.5
2018-2019,CIUSSS du SaguenayLac-Saint-Jean,0,13,1,6.0
2018-2019,CIUSSS du SaguenayLac-Saint-Jean,0,13,2,12.0
2018-2019,CIUSSS du SaguenayLac-Saint-Jean,0,13,3,7.0
2018-2019,CIUSSS du SaguenayLac-Saint-Jean,0,13,4,9.0
2018-2019,CIUSSS du SaguenayLac-Saint-Jean,0,13,5,13.0
2018-2019,CIUSSS du SaguenayLac-Saint-Jean,0,13,6,0.0
2018-2019,CIUSSS du SaguenayLac-Saint-Jean,0,13,7,0.0
2018-2019,CIUSSS du SaguenayLac-Saint-Jean,0,13,8,0.0
2018-2019,CIUSSS du SaguenayLac-Saint-Jean,0,13,9,47.0
2018-2019,CIUSSS du SaguenayLac-Saint-Jean,0,14,1,23.67
2018-2019,CIUSSS du SaguenayLac-Saint-Jean,0,14,2,98.75
2018-2019,CIUSSS du SaguenayLac-Saint-Jean,0,14,3,82.0
2018-2019,CIUSSS du SaguenayLac-Saint-Jean,0,14,4,212.33
2018-2019,CIUSSS du SaguenayLac-Saint-Jean,0,14,5,303.08
2018-2019,CIUSSS du SaguenayLac-Saint-Jean,0,14,9,164.94
2018-2019,CIUSSS du SaguenayLac-Saint-Jean,0,15,1,20.5
2018-2019,CIUSSS du SaguenayLac-Saint-Jean,0,15,2,88.0
2018-2019,CIUSSS du SaguenayLac-Saint-Jean,0,15,3,38.0
2018-2019,CIUSSS du SaguenayLac-Saint-Jean,0,15,4,153.0
2018-2019,CIUSSS du SaguenayLac-Saint-Jean,0,15,5,153.0
2018-2019,CIUSSS du SaguenayLac-Saint-Jean,0,15,9,69.0
2019-2020,CISSS DE LA MONTÉRÉGIE-OUEST,0,1,4,5.0
2019-2020,CISSS DE LA MONTÉRÉGIE-OUEST,0,1,5,4.0
2019-2020,CISSS DE LA MONTÉRÉGIE-OUEST,0,1,6,1.0
2019-2020,CISSS DE LA MONTÉRÉGIE-OUEST,0,1,9,10.0
2019-2020,CISSS DE LA MONTÉRÉGIE-OUEST,0,2,4,233.0
2019-2020,CISSS DE LA MONTÉRÉGIE-OUEST,0,2,5,161.0
2019-2020,CISSS DE LA MONTÉRÉGIE-OUEST,0,2,6,63.0
2019-2020,CISSS DE LA MONTÉRÉGIE-OUEST,0,2,9,187.0
2019-2020,CISSS DE LA MONTÉRÉGIE-OUEST,0,3,4,250.0
2019-2020,CISSS DE LA MONTÉRÉGIE-OUEST,0,3,5,141.0
2019-2020,CISSS DE LA MONTÉRÉGIE-OUEST,0,3,6,63.0
2019-2020,CISSS DE LA MONTÉRÉGIE-OUEST,0,3,9,161.0
2019-2020,CISSS DE LA MONTÉRÉGIE-OUEST,0,4,3,5.0
2019-2020,CISSS DE LA MONTÉRÉGIE-OUEST,0,4,4,22.0
2019-2020,CISSS DE LA MONTÉRÉGIE-OUEST,0,4,5,26.0
2019-2020,CISSS DE LA MONTÉRÉGIE-OUEST,0,4,6,3.0
2019-2020,CISSS DE LA MONTÉRÉGIE-OUEST,0,4,9,56.0
2019-2020,CISSS DE LA MONTÉRÉGIE-OUEST,0,5,3,191.0
2019-2020,CISSS DE LA MONTÉRÉGIE-OUEST,0,5,4,231.0
2019-2020,CISSS DE LA MONTÉRÉGIE-OUEST,0,5,5,208.0
2019-2020,CISSS DE LA MONTÉRÉGIE-OUEST,0,5,6,405.0
2019-2020,CISSS DE LA MONTÉRÉGIE-OUEST,0,5,9,226.0
2019-2020,CISSS DE LA MONTÉRÉGIE-OUEST,0,6,3,162.0
2019-2020,CISSS DE LA MONTÉRÉGIE-OUEST,0,6,4,207.0
2019-2020,CISSS DE LA MONTÉRÉGIE-OUEST,0,6,5,152.0
2019-2020,CISSS DE LA MONTÉRÉGIE-OUEST,0,6,6,85.0
2019-2020,CISSS DE LA MONTÉRÉGIE-OUEST,0,6,9,174.0
2019-2020,CISSS DE LA MONTÉRÉGIE-OUEST,0,7,1,2.0
2019-2020,CISSS DE LA MONTÉRÉGIE-OUEST,0,7,2,21.0
2019-2020,CISSS DE LA MONTÉRÉGIE-OUEST,0,7,3,11.0
2019-2020,CISSS DE LA MONTÉRÉGIE-OUEST,0,7,4,11.0
2019-2020,CISSS DE LA MONTÉRÉGIE-OUEST,0,7,5,21.0
2019-2020,CISSS DE LA MONTÉRÉGIE-OUEST,0,7,6,5.0
2019-2020,CISSS DE LA MONTÉRÉGIE-OUEST,0,7,9,71.0
2019-2020,CISSS DE LA MONTÉRÉGIE-OUEST,0,8,1,284.0
2019-2020,CISSS DE LA MONTÉRÉGIE-OUEST,0,8,2,329.0
2019-2020,CISSS DE LA MONTÉRÉGIE-OUEST,0,8,3,273.0
2019-2020,CISSS DE LA MONTÉRÉGIE-OUEST,0,8,4,324.0
2019-2020,CISSS DE LA MONTÉRÉGIE-OUEST,0,8,5,1285.0
2019-2020,CISSS DE LA MONTÉRÉGIE-OUEST,0,8,6,930.0
2019-2020,CISSS DE LA MONTÉRÉGIE-OUEST,0,8,9,644.0
2019-2020,CISSS DE LA MONTÉRÉGIE-OUEST,0,9,1,284.0
2019-2020,CISSS DE LA MONTÉRÉGIE-OUEST,0,9,2,313.0
2019-2020,CISSS DE LA MONTÉRÉGIE-OUEST,0,9,3,208.0
2019-2020,CISSS DE LA MONTÉRÉGIE-OUEST,0,9,4,391.0
2019-2020,CISSS DE LA MONTÉRÉGIE-OUEST,0,9,5,924.0
2019-2020,CISSS DE LA MONTÉRÉGIE-OUEST,0,9,6,588.0
2019-2020,CISSS DE LA MONTÉRÉGIE-OUEST,0,9,9,330.0
2019-2020,CISSS DE LA MONTÉRÉGIE-OUEST,0,10,1,163.0
2019-2020,CISSS DE LA MONTÉRÉGIE-OUEST,0,10,2,784.0
2019-2020,CISSS DE LA MONTÉRÉGIE-OUEST,0,10,3,242.0
2019-2020,CISSS DE LA MONTÉRÉGIE-OUEST,0,10,4,43.0
2019-2020,CISSS DE LA MONTÉRÉGIE-OUEST,0,10,5,38.0
2019-2020,CISSS DE LA MONTÉRÉGIE-OUEST,0,10,6,9.0
2019-2020,CISSS DE LA MONTÉRÉGIE-OUEST,0,10,9,1279.0
2019-2020,CISSS DE LA MONTÉRÉGIE-OUEST,0,11,1,39.0
2019-2020,CISSS DE LA MONTÉRÉGIE-OUEST,0,11,2,138.0
2019-2020,CISSS DE LA MONTÉRÉGIE-OUEST,0,11,3,137.0
2019-2020,CISSS DE LA MONTÉRÉGIE-OUEST,0,11,4,138.0
2019-2020,CISSS DE LA MONTÉRÉGIE-OUEST,0,11,5,154.0
2019-2020,CISSS DE LA MONTÉRÉGIE-OUEST,0,11,6,549.0
2019-2020,CISSS DE LA MONTÉRÉGIE-OUEST,0,11,9,129.0
2019-2020,CISSS DE LA MONTÉRÉGIE-OUEST,0,12,1,21.0
2019-2020,CISSS DE LA MONTÉRÉGIE-OUEST,0,12,2,111.0
2019-2020,CISSS DE LA MONTÉRÉGIE-OUEST,0,12,3,101.0
2019-2020,CISSS DE LA MONTÉRÉGIE-OUEST,0,12,4,92.0
2019-2020,CISSS DE LA MONTÉRÉGIE-OUEST,0,12,5,140.0
2019-2020,CISSS DE LA MONTÉRÉGIE-OUEST,0,12,6,60.0
2019-2020,CISSS DE LA MONTÉRÉGIE-OUEST,0,12,9,85.0
2019-2020,CISSS DE LA MONTÉRÉGIE-OUEST,0,13,1,165.0
2019-2020,CISSS DE LA MONTÉRÉGIE-OUEST,0,13,2,805.0
2019-2020,CISSS DE LA MONTÉRÉGIE-OUEST,0,13,3,258.0
2019-2020,CISSS DE LA MONTÉRÉGIE-OUEST,0,13,4,81.0
2019-2020,CISSS DE LA MONTÉRÉGIE-OUEST,0,13,5,89.0
2019-2020,CISSS DE LA MONTÉRÉGIE-OUEST,0,13,6,18.0
2019-2020,CISSS DE LA MONTÉRÉGIE-OUEST,0,13,9,1416.0
2019-2020,CISSS DE LA MONTÉRÉGIE-OUEST,0,14,1,42.0
2019-2020,CISSS DE LA MONTÉRÉGIE-OUEST,0,14,2,143.0
2019-2020,CISSS DE LA MONTÉRÉGIE-OUEST,0,14,3,144.0
2019-2020,CISSS DE LA MONTÉRÉGIE-OUEST,0,14,4,195.0
2019-2020,CISSS DE LA MONTÉRÉGIE-OUEST,0,14,5,437.0
2019-2020,CISSS DE LA MONTÉRÉGIE-OUEST,0,14,6,604.0
2019-2020,CISSS DE LA MONTÉRÉGIE-OUEST,0,14,9,159.0
2019-2020,CISSS DE LA MONTÉRÉGIE-OUEST,0,15,1,23.0
2019-2020,CISSS DE LA MONTÉRÉGIE-OUEST,0,15,2,112.0
2019-2020,CISSS DE LA MONTÉRÉGIE-OUEST,0,15,3,106.0
2019-2020,CISSS DE LA MONTÉRÉGIE-OUEST,0,15,4,181.0
2019-2020,CISSS DE LA MONTÉRÉGIE-OUEST,0,15,5,167.0
2019-2020,CISSS DE LA MONTÉRÉGIE-OUEST,0,15,6,96.0
2019-2020,CISSS DE LA MONTÉRÉGIE-OUEST,0,15,9,103.0
2019-2020,CISSS DES ÎLES,0,10,1,0.0
2019-2020,CISSS DES ÎLES,0,10,2,0.0
2019-2020,CISSS DES ÎLES,0,10,3,0.0
2019-2020,CISSS DES ÎLES,0,10,4,0.0
2019-2020,CISSS DES ÎLES,0,10,5,1.0
2019-2020,CISSS DES ÎLES,0,10,6,0.0
2019-2020,CISSS DES ÎLES,0,10,7,0.0
2019-2020,CISSS DES ÎLES,0,10,8,0.0
2019-2020,CISSS DES ÎLES,0,10,9,1.0
2019-2020,CISSS DES ÎLES,0,11,5,162.0
2019-2020,CISSS DES ÎLES,0,11,6,0.0
2019-2020,CISSS DES ÎLES,0,11,9,162.0
2019-2020,CISSS DES ÎLES,0,12,5,162.0
2019-2020,CISSS DES ÎLES,0,12,6,0.0
2019-2020,CISSS DES ÎLES,0,12,9,162.0
2019-2020,CISSS DES ÎLES,0,13,1,0.0
2019-2020,CISSS DES ÎLES,0,13,2,0.0
2019-2020,CISSS DES ÎLES,0,13,3,0.0
2019-2020,CISSS DES ÎLES,0,13,4,0.0
2019-2020,CISSS DES ÎLES,0,13,5,1.0
2019-2020,CISSS DES ÎLES,0,13,6,0.0
2019-2020,CISSS DES ÎLES,0,13,7,0.0
2019-2020,CISSS DES ÎLES,0,13,8,0.0
2019-2020,CISSS DES ÎLES,0,13,9,1.0
2019-2020,CISSS DES ÎLES,0,14,5,162.0
2019-2020,CISSS DES ÎLES,0,14,6,0.0
2019-2020,CISSS DES ÎLES,0,14,9,162.0
2019-2020,CISSS DES ÎLES,0,15,5,162.0
2019-2020,CISSS DES ÎLES,0,15,6,0.0
2019-2020,CISSS DES ÎLES,0,15,9,162.0
2019-2020,CISSS de Chaudière-Appalaches,0,1,5,1.0
2019-2020,CISSS de Chaudière-Appalaches,0,1,6,1.0
2019-2020,CISSS de Chaudière-Appalaches,0,1,7,0.0
2019-2020,CISSS de Chaudière-Appalaches,0,1,8,0.0
2019-2020,CISSS de Chaudière-Appalaches,0,1,9,2.0
2019-2020,CISSS de Chaudière-Appalaches,0,2,5,20.0
2019-2020,CISSS de Chaudière-Appalaches,0,2,6,693.0
2019-2020,CISSS de Chaudière-Appalaches,0,2,7,0.0
2019-2020,CISSS de Chaudière-Appalaches,0,2,8,0.0
2019-2020,CISSS de Chaudière-Appalaches,0,2,9,356.5
2019-2020,CISSS de Chaudière-Appalaches,0,3,5,20.0
2019-2020,CISSS de Chaudière-Appalaches,0,3,6,693.0
2019-2020,CISSS de Chaudière-Appalaches,0,3,7,0.0
2019-2020,CISSS de Chaudière-Appalaches,0,3,8,0.0
2019-2020,CISSS de Chaudière-Appalaches,0,3,9,356.5
2019-2020,CISSS de Chaudière-Appalaches,0,4,4,2.0
2019-2020,CISSS de Chaudière-Appalaches,0,4,5,1.0
2019-2020,CISSS de Chaudière-Appalaches,0,4,6,0.0
2019-2020,CISSS de Chaudière-Appalaches,0,4,7,0.0
2019-2020,CISSS de Chaudière-Appalaches,0,4,8,0.0
2019-2020,CISSS de Chaudière-Appalaches,0,4,9,3.0
2019-2020,CISSS de Chaudière-Appalaches,0,5,4,407.0
2019-2020,CISSS de Chaudière-Appalaches,0,5,5,131.0
2019-2020,CISSS de Chaudière-Appalaches,0,5,6,0.0
2019-2020,CISSS de Chaudière-Appalaches,0,5,7,0.0
2019-2020,CISSS de Chaudière-Appalaches,0,5,8,0.0
2019-2020,CISSS de Chaudière-Appalaches,0,5,9,315.0
2019-2020,CISSS de Chaudière-Appalaches,0,6,4,407.0
2019-2020,CISSS de Chaudière-Appalaches,0,6,5,131.0
2019-2020,CISSS de Chaudière-Appalaches,0,6,6,0.0
2019-2020,CISSS de Chaudière-Appalaches,0,6,7,0.0
2019-2020,CISSS de Chaudière-Appalaches,0,6,8,0.0
2019-2020,CISSS de Chaudière-Appalaches,0,6,9,380.0
2019-2020,CISSS de Chaudière-Appalaches,0,7,4,1.0
2019-2020,CISSS de Chaudière-Appalaches,0,7,5,2.0
2019-2020,CISSS de Chaudière-Appalaches,0,7,6,1.0
2019-2020,CISSS de Chaudière-Appalaches,0,7,7,0.0
2019-2020,CISSS de Chaudière-Appalaches,0,7,8,0.0
2019-2020,CISSS de Chaudière-Appalaches,0,7,9,4.0
2019-2020,CISSS de Chaudière-Appalaches,0,8,4,322.0
2019-2020,CISSS de Chaudière-Appalaches,0,8,5,39.0
2019-2020,CISSS de Chaudière-Appalaches,0,8,6,694.0
2019-2020,CISSS de Chaudière-Appalaches,0,8,7,0.0
2019-2020,CISSS de Chaudière-Appalaches,0,8,8,0.0
2019-2020,CISSS de Chaudière-Appalaches,0,8,9,273.5
2019-2020,CISSS de Chaudière-Appalaches,0,9,4,322.0
2019-2020,CISSS de Chaudière-Appalaches,0,9,5,39.0
2019-2020,CISSS de Chaudière-Appalaches,0,9,6,694.0
2019-2020,CISSS de Chaudière-Appalaches,0,9,7,0.0
2019-2020,CISSS de Chaudière-Appalaches,0,9,8,0.0
2019-2020,CISSS de Chaudière-Appalaches,0,9,9,185.5
2019-2020,CISSS de Chaudière-Appalaches,0,10,1,11.0
2019-2020,CISSS de Chaudière-Appalaches,0,10,2,102.0
2019-2020,CISSS de Chaudière-Appalaches,0,10,3,32.0
2019-2020,CISSS de Chaudière-Appalaches,0,10,4,16.0
2019-2020,CISSS de Chaudière-Appalaches,0,10,5,14.0
2019-2020,CISSS de Chaudière-Appalaches,0,10,6,0.0
2019-2020,CISSS de Chaudière-Appalaches,0,10,7,0.0
2019-2020,CISSS de Chaudière-Appalaches,0,10,8,0.0
2019-2020,CISSS de Chaudière-Appalaches,0,10,9,175.0
2019-2020,CISSS de Chaudière-Appalaches,0,11,1,26.0
2019-2020,CISSS de Chaudière-Appalaches,0,11,2,109.5
2019-2020,CISSS de Chaudière-Appalaches,0,11,3,151.3
2019-2020,CISSS de Chaudière-Appalaches,0,11,4,127.0
2019-2020,CISSS de Chaudière-Appalaches,0,11,5,97.64
2019-2020,CISSS de Chaudière-Appalaches,0,11,6,0.0
2019-2020,CISSS de Chaudière-Appalaches,0,11,7,0.0
2019-2020,CISSS de Chaudière-Appalaches,0,11,8,0.0
2019-2020,CISSS de Chaudière-Appalaches,0,11,9,112.5
2019-2020,CISSS de Chaudière-Appalaches,0,12,1,20.0
2019-2020,CISSS de Chaudière-Appalaches,0,12,2,75.5
2019-2020,CISSS de Chaudière-Appalaches,0,12,3,115.0
2019-2020,CISSS de Chaudière-Appalaches,0,12,4,107.0
2019-2020,CISSS de Chaudière-Appalaches,0,12,5,59.5
2019-2020,CISSS de Chaudière-Appalaches,0,12,6,0.0
2019-2020,CISSS de Chaudière-Appalaches,0,12,7,0.0
2019-2020,CISSS de Chaudière-Appalaches,0,12,8,0.0
2019-2020,CISSS de Chaudière-Appalaches,0,12,9,75.0
2019-2020,CISSS de Chaudière-Appalaches,0,13,1,11.0
2019-2020,CISSS de Chaudière-Appalaches,0,13,2,102.0
2019-2020,CISSS de Chaudière-Appalaches,0,13,3,32.0
2019-2020,CISSS de Chaudière-Appalaches,0,13,4,19.0
2019-2020,CISSS de Chaudière-Appalaches,0,13,5,18.0
2019-2020,CISSS de Chaudière-Appalaches,0,13,6,2.0
2019-2020,CISSS de Chaudière-Appalaches,0,13,7,0.0
2019-2020,CISSS de Chaudière-Appalaches,0,13,8,0.0
2019-2020,CISSS de Chaudière-Appalaches,0,13,9,184.0
2019-2020,CISSS de Chaudière-Appalaches,0,14,1,26.0
2019-2020,CISSS de Chaudière-Appalaches,0,14,2,109.5
2019-2020,CISSS de Chaudière-Appalaches,0,14,3,151.3
2019-2020,CISSS de Chaudière-Appalaches,0,14,4,166.7
2019-2020,CISSS de Chaudière-Appalaches,0,14,5,88.66
2019-2020,CISSS de Chaudière-Appalaches,0,14,6,693.5
2019-2020,CISSS de Chaudière-Appalaches,0,14,7,0.0
2019-2020,CISSS de Chaudière-Appalaches,0,14,8,0.0
2019-2020,CISSS de Chaudière-Appalaches,0,14,9,122.0
2019-2020,CISSS de Chaudière-Appalaches,0,15,1,20.0
2019-2020,CISSS de Chaudière-Appalaches,0,15,2,75.5
2019-2020,CISSS de Chaudière-Appalaches,0,15,3,115.0
2019-2020,CISSS de Chaudière-Appalaches,0,15,4,145.0
2019-2020,CISSS de Chaudière-Appalaches,0,15,5,49.0
2019-2020,CISSS de Chaudière-Appalaches,0,15,6,693.5
2019-2020,CISSS de Chaudière-Appalaches,0,15,7,0.0
2019-2020,CISSS de Chaudière-Appalaches,0,15,8,0.0
2019-2020,CISSS de Chaudière-Appalaches,0,15,9,75.0
2019-2020,CISSS de Lanaudière,0,7,1,1.0
2019-2020,CISSS de Lanaudière,0,7,2,0.0
2019-2020,CISSS de Lanaudière,0,7,3,1.0
2019-2020,CISSS de Lanaudière,0,7,4,0.0
2019-2020,CISSS de Lanaudière,0,7,5,0.0
2019-2020,CISSS de Lanaudière,0,7,6,0.0
2019-2020,CISSS de Lanaudière,0,7,7,0.0
2019-2020,CISSS de Lanaudière,0,7,8,0.0
2019-2020,CISSS de Lanaudière,0,7,9,2.0
2019-2020,CISSS de Lanaudière,0,8,1,152.0
2019-2020,CISSS de Lanaudière,0,8,2,0.0
2019-2020,CISSS de Lanaudière,0,8,3,731.0
2019-2020,CISSS de Lanaudière,0,8,4,0.0
2019-2020,CISSS de Lanaudière,0,8,5,0.0
2019-2020,CISSS de Lanaudière,0,8,6,0.0
2019-2020,CISSS de Lanaudière,0,8,7,0.0
2019-2020,CISSS de Lanaudière,0,8,8,0.0
2019-2020,CISSS de Lanaudière,0,8,9,441.5
2019-2020,CISSS de Lanaudière,0,9,1,152.0
2019-2020,CISSS de Lanaudière,0,9,2,0.0
2019-2020,CISSS de Lanaudière,0,9,3,731.0
2019-2020,CISSS de Lanaudière,0,9,4,0.0
2019-2020,CISSS de Lanaudière,0,9,5,0.0
2019-2020,CISSS de Lanaudière,0,9,6,0.0
2019-2020,CISSS de Lanaudière,0,9,7,0.0
2019-2020,CISSS de Lanaudière,0,9,8,0.0
2019-2020,CISSS de Lanaudière,0,9,9,441.5
2019-2020,CISSS de Lanaudière,0,10,1,34.0
2019-2020,CISSS de Lanaudière,0,10,2,184.0
2019-2020,CISSS de Lanaudière,0,10,3,84.0
2019-2020,CISSS de Lanaudière,0,10,4,18.0
2019-2020,CISSS de Lanaudière,0,10,5,18.0
2019-2020,CISSS de Lanaudière,0,10,6,0.0
2019-2020,CISSS de Lanaudière,0,10,7,0.0
2019-2020,CISSS de Lanaudière,0,10,8,0.0
2019-2020,CISSS de Lanaudière,0,10,9,338.0
2019-2020,CISSS de Lanaudière,0,11,1,89.8
2019-2020,CISSS de Lanaudière,0,11,2,135.3
2019-2020,CISSS de Lanaudière,0,11,3,152.7
2019-2020,CISSS de Lanaudière,0,11,4,105.7
2019-2020,CISSS de Lanaudière,0,11,5,170.9
2019-2020,CISSS de Lanaudière,0,11,6,0.0
2019-2020,CISSS de Lanaudière,0,11,7,0.0
2019-2020,CISSS de Lanaudière,0,11,8,0.0
2019-2020,CISSS de Lanaudière,0,11,9,135.4
2019-2020,CISSS de Lanaudière,0,12,1,46.5
2019-2020,CISSS de Lanaudière,0,12,2,74.0
2019-2020,CISSS de Lanaudière,0,12,3,73.0
2019-2020,CISSS de Lanaudière,0,12,4,62.5
2019-2020,CISSS de Lanaudière,0,12,5,43.0
2019-2020,CISSS de Lanaudière,0,12,6,0.0
2019-2020,CISSS de Lanaudière,0,12,7,0.0
2019-2020,CISSS de Lanaudière,0,12,8,0.0
2019-2020,CISSS de Lanaudière,0,12,9,67.0
2019-2020,CISSS de Lanaudière,0,13,1,35.0
2019-2020,CISSS de Lanaudière,0,13,2,184.0
2019-2020,CISSS de Lanaudière,0,13,3,85.0
2019-2020,CISSS de Lanaudière,0,13,4,18.0
2019-2020,CISSS de Lanaudière,0,13,5,18.0
2019-2020,CISSS de Lanaudière,0,13,6,0.0
2019-2020,CISSS de Lanaudière,0,13,7,0.0
2019-2020,CISSS de Lanaudière,0,13,8,0.0
2019-2020,CISSS de Lanaudière,0,13,9,340.0
2019-2020,CISSS de Lanaudière,0,14,1,91.6
2019-2020,CISSS de Lanaudière,0,14,2,135.3
2019-2020,CISSS de Lanaudière,0,14,3,159.5
2019-2020,CISSS de Lanaudière,0,14,4,105.7
2019-2020,CISSS de Lanaudière,0,14,5,170.9
2019-2020,CISSS de Lanaudière,0,14,6,0.0
2019-2020,CISSS de Lanaudière,0,14,7,0.0
2019-2020,CISSS de Lanaudière,0,14,8,0.0
2019-2020,CISSS de Lanaudière,0,14,9,137.2
2019-2020,CISSS de Lanaudière,0,15,1,47.0
2019-2020,CISSS de Lanaudière,0,15,2,74.0
2019-2020,CISSS de Lanaudière,0,15,3,75.0
2019-2020,CISSS de Lanaudière,0,15,4,62.5
2019-2020,CISSS de Lanaudière,0,15,5,43.0
2019-2020,CISSS de Lanaudière,0,15,6,0.0
2019-2020,CISSS de Lanaudière,0,15,7,0.0
2019-2020,CISSS de Lanaudière,0,15,8,0.0
2019-2020,CISSS de Lanaudière,0,15,9,68.0
2019-2020,CISSS de Laval,0,7,3,1.0
2019-2020,CISSS de Laval,0,7,4,10.0
2019-2020,CISSS de Laval,0,7,5,13.0
2019-2020,CISSS de Laval,0,7,6,1.0
2019-2020,CISSS de Laval,0,7,9,25.0
2019-2020,CISSS de Laval,0,8,3,259.0
2019-2020,CISSS de Laval,0,8,4,565.2
2019-2020,CISSS de Laval,0,8,5,514.7
2019-2020,CISSS de Laval,0,8,6,2848.0
2019-2020,CISSS de Laval,0,8,9,618.0
2019-2020,CISSS de Laval,0,9,3,259.0
2019-2020,CISSS de Laval,0,9,4,286.0
2019-2020,CISSS de Laval,0,9,5,540.0
2019-2020,CISSS de Laval,0,9,6,2848.0
2019-2020,CISSS de Laval,0,9,9,342.0
2019-2020,CISSS de Laval,0,10,1,32.0
2019-2020,CISSS de Laval,0,10,2,85.0
2019-2020,CISSS de Laval,0,10,3,29.0
2019-2020,CISSS de Laval,0,10,4,27.0
2019-2020,CISSS de Laval,0,10,5,30.0
2019-2020,CISSS de Laval,0,10,6,10.0
2019-2020,CISSS de Laval,0,10,7,3.0
2019-2020,CISSS de Laval,0,10,8,2.0
2019-2020,CISSS de Laval,0,10,9,218.0
2019-2020,CISSS de Laval,0,11,1,42.5
2019-2020,CISSS de Laval,0,11,2,317.2
2019-2020,CISSS de Laval,0,11,3,265.8
2019-2020,CISSS de Laval,0,11,4,388.2
2019-2020,CISSS de Laval,0,11,5,347.7
2019-2020,CISSS de Laval,0,11,6,511.8
2019-2020,CISSS de Laval,0,11,7,284.0
2019-2020,CISSS de Laval,0,11,8,300.0
2019-2020,CISSS de Laval,0,11,9,291.3
2019-2020,CISSS de Laval,0,12,1,30.0
2019-2020,CISSS de Laval,0,12,2,266.0
2019-2020,CISSS de Laval,0,12,3,234.0
2019-2020,CISSS de Laval,0,12,4,340.0
2019-2020,CISSS de Laval,0,12,5,326.0
2019-2020,CISSS de Laval,0,12,6,156.0
2019-2020,CISSS de Laval,0,12,7,340.0
2019-2020,CISSS de Laval,0,12,8,300.0
2019-2020,CISSS de Laval,0,12,9,211.0
2019-2020,CISSS de Laval,0,13,1,32.0
2019-2020,CISSS de Laval,0,13,2,85.0
2019-2020,CISSS de Laval,0,13,3,30.0
2019-2020,CISSS de Laval,0,13,4,37.0
2019-2020,CISSS de Laval,0,13,5,43.0
2019-2020,CISSS de Laval,0,13,6,11.0
2019-2020,CISSS de Laval,0,13,7,3.0
2019-2020,CISSS de Laval,0,13,8,2.0
2019-2020,CISSS de Laval,0,13,9,243.0
2019-2020,CISSS de Laval,0,14,1,42.5
2019-2020,CISSS de Laval,0,14,2,317.2
2019-2020,CISSS de Laval,0,14,3,265.5
2019-2020,CISSS de Laval,0,14,4,436.1
2019-2020,CISSS de Laval,0,14,5,398.2
2019-2020,CISSS de Laval,0,14,6,724.2
2019-2020,CISSS de Laval,0,14,7,284.0
2019-2020,CISSS de Laval,0,14,8,300.0
2019-2020,CISSS de Laval,0,14,9,324.9
2019-2020,CISSS de Laval,0,15,1,30.0
2019-2020,CISSS de Laval,0,15,2,266.0
2019-2020,CISSS de Laval,0,15,3,234.5
2019-2020,CISSS de Laval,0,15,4,306.0
2019-2020,CISSS de Laval,0,15,5,342.0
2019-2020,CISSS de Laval,0,15,6,172.0
2019-2020,CISSS de Laval,0,15,7,340.0
2019-2020,CISSS de Laval,0,15,8,300.0
2019-2020,CISSS de Laval,0,15,9,235.0
2019-2020,CISSS de l'Abitibi-Témiscamingue,0,7,1,0.0
2019-2020,CISSS de l'Abitibi-Témiscamingue,0,7,2,0.0
2019-2020,CISSS de l'Abitibi-Témiscamingue,0,7,3,0.0
2019-2020,CISSS de l'Abitibi-Témiscamingue,0,7,4,1.0
2019-2020,CISSS de l'Abitibi-Témiscamingue,0,7,5,0.0
2019-2020,CISSS de l'Abitibi-Témiscamingue,0,7,6,0.0
2019-2020,CISSS de l'Abitibi-Témiscamingue,0,7,7,0.0
2019-2020,CISSS de l'Abitibi-Témiscamingue,0,7,8,0.0
2019-2020,CISSS de l'Abitibi-Témiscamingue,0,7,9,1.0
2019-2020,CISSS de l'Abitibi-Témiscamingue,0,8,4,183.0
2019-2020,CISSS de l'Abitibi-Témiscamingue,0,8,9,183.0
2019-2020,CISSS de l'Abitibi-Témiscamingue,0,9,4,183.0
2019-2020,CISSS de l'Abitibi-Témiscamingue,0,9,9,183.0
2019-2020,CISSS de l'Abitibi-Témiscamingue,0,10,1,23.0
2019-2020,CISSS de l'Abitibi-Témiscamingue,0,10,2,44.0
2019-2020,CISSS de l'Abitibi-Témiscamingue,0,10,3,31.0
2019-2020,CISSS de l'Abitibi-Témiscamingue,0,10,4,6.0
2019-2020,CISSS de l'Abitibi-Témiscamingue,0,10,5,12.0
2019-2020,CISSS de l'Abitibi-Témiscamingue,0,10,6,0.0
2019-2020,CISSS de l'Abitibi-Témiscamingue,0,10,7,0.0
2019-2020,CISSS de l'Abitibi-Témiscamingue,0,10,8,0.0
2019-2020,CISSS de l'Abitibi-Témiscamingue,0,10,9,116.0
2019-2020,CISSS de l'Abitibi-Témiscamingue,0,11,1,228.8
2019-2020,CISSS de l'Abitibi-Témiscamingue,0,11,2,293.1
2019-2020,CISSS de l'Abitibi-Témiscamingue,0,11,3,303.9
2019-2020,CISSS de l'Abitibi-Témiscamingue,0,11,4,382.6
2019-2020,CISSS de l'Abitibi-Témiscamingue,0,11,5,279.1
2019-2020,CISSS de l'Abitibi-Témiscamingue,0,11,6,0.0
2019-2020,CISSS de l'Abitibi-Témiscamingue,0,11,7,0.0
2019-2020,CISSS de l'Abitibi-Témiscamingue,0,11,8,0.0
2019-2020,CISSS de l'Abitibi-Témiscamingue,0,11,9,286.4
2019-2020,CISSS de l'Abitibi-Témiscamingue,0,12,1,128.0
2019-2020,CISSS de l'Abitibi-Témiscamingue,0,12,2,323.5
2019-2020,CISSS de l'Abitibi-Témiscamingue,0,12,3,176.0
2019-2020,CISSS de l'Abitibi-Témiscamingue,0,12,4,211.5
2019-2020,CISSS de l'Abitibi-Témiscamingue,0,12,5,207.5
2019-2020,CISSS de l'Abitibi-Témiscamingue,0,12,9,223.5
2019-2020,CISSS de l'Abitibi-Témiscamingue,0,13,1,23.0
2019-2020,CISSS de l'Abitibi-Témiscamingue,0,13,2,44.0
2019-2020,CISSS de l'Abitibi-Témiscamingue,0,13,3,31.0
2019-2020,CISSS de l'Abitibi-Témiscamingue,0,13,4,7.0
2019-2020,CISSS de l'Abitibi-Témiscamingue,0,13,5,12.0
2019-2020,CISSS de l'Abitibi-Témiscamingue,0,13,6,0.0
2019-2020,CISSS de l'Abitibi-Témiscamingue,0,13,7,0.0
2019-2020,CISSS de l'Abitibi-Témiscamingue,0,13,8,0.0
2019-2020,CISSS de l'Abitibi-Témiscamingue,0,13,9,117.0
2019-2020,CISSS de l'Abitibi-Témiscamingue,0,14,1,228.8
2019-2020,CISSS de l'Abitibi-Témiscamingue,0,14,2,293.1
2019-2020,CISSS de l'Abitibi-Témiscamingue,0,14,3,303.9
2019-2020,CISSS de l'Abitibi-Témiscamingue,0,14,4,354.1
2019-2020,CISSS de l'Abitibi-Témiscamingue,0,14,5,279.1
2019-2020,CISSS de l'Abitibi-Témiscamingue,0,14,9,285.5
2019-2020,CISSS de l'Abitibi-Témiscamingue,0,15,1,128.0
2019-2020,CISSS de l'Abitibi-Témiscamingue,0,15,2,323.5
2019-2020,CISSS de l'Abitibi-Témiscamingue,0,15,3,176.0
2019-2020,CISSS de l'Abitibi-Témiscamingue,0,15,4,183.0
2019-2020,CISSS de l'Abitibi-Témiscamingue,0,15,5,207.5
2019-2020,CISSS de l'Abitibi-Témiscamingue,0,15,9,223.0
2019-2020,CISSS de l'Outaouais,0,10,1,32.0
2019-2020,CISSS de l'Outaouais,0,10,2,197.0
2019-2020,CISSS de l'Outaouais,0,10,3,44.0
2019-2020,CISSS de l'Outaouais,0,10,4,23.0
2019-2020,CISSS de l'Outaouais,0,10,5,32.0
2019-2020,CISSS de l'Outaouais,0,10,6,2.0
2019-2020,CISSS de l'Outaouais,0,10,9,330.0
2019-2020,CISSS de l'Outaouais,0,11,1,75.8
2019-2020,CISSS de l'Outaouais,0,11,2,248.0
2019-2020,CISSS de l'Outaouais,0,11,3,238.2
2019-2020,CISSS de l'Outaouais,0,11,4,358.7
2019-2020,CISSS de l'Outaouais,0,11,5,178.3
2019-2020,CISSS de l'Outaouais,0,11,6,240.5
2019-2020,CISSS de l'Outaouais,0,11,9,230.8
2019-2020,CISSS de l'Outaouais,0,12,1,42.5
2019-2020,CISSS de l'Outaouais,0,12,2,174.0
2019-2020,CISSS de l'Outaouais,0,12,3,199.0
2019-2020,CISSS de l'Outaouais,0,12,4,118.0
2019-2020,CISSS de l'Outaouais,0,12,5,166.0
2019-2020,CISSS de l'Outaouais,0,12,6,240.5
2019-2020,CISSS de l'Outaouais,0,12,9,154.0
2019-2020,CISSS de l'Outaouais,0,13,1,32.0
2019-2020,CISSS de l'Outaouais,0,13,2,197.0
2019-2020,CISSS de l'Outaouais,0,13,3,44.0
2019-2020,CISSS de l'Outaouais,0,13,4,23.0
2019-2020,CISSS de l'Outaouais,0,13,5,32.0
2019-2020,CISSS de l'Outaouais,0,13,6,2.0
2019-2020,CISSS de l'Outaouais,0,13,9,330.0
2019-2020,CISSS de l'Outaouais,0,14,1,75.8
2019-2020,CISSS de l'Outaouais,0,14,2,248.0
2019-2020,CISSS de l'Outaouais,0,14,3,238.2
2019-2020,CISSS de l'Outaouais,0,14,4,358.7
2019-2020,CISSS de l'Outaouais,0,14,5,178.3
2019-2020,CISSS de l'Outaouais,0,14,6,240.5
2019-2020,CISSS de l'Outaouais,0,14,9,230.8
2019-2020,CISSS de l'Outaouais,0,15,1,42.5
2019-2020,CISSS de l'Outaouais,0,15,2,174.0
2019-2020,CISSS de l'Outaouais,0,15,3,199.0
2019-2020,CISSS de l'Outaouais,0,15,4,118.0
2019-2020,CISSS de l'Outaouais,0,15,5,166.0
2019-2020,CISSS de l'Outaouais,0,15,6,240.5
2019-2020,CISSS de l'Outaouais,0,15,9,154.0
2019-2020,CISSS de la Côte-Nord,0,10,1,3.0
2019-2020,CISSS de la Côte-Nord,0,10,2,28.0
2019-2020,CISSS de la Côte-Nord,0,10,3,27.0
2019-2020,CISSS de la Côte-Nord,0,10,4,5.0
2019-2020,CISSS de la Côte-Nord,0,10,5,4.0
2019-2020,CISSS de la Côte-Nord,0,10,6,0.0
2019-2020,CISSS de la Côte-Nord,0,10,7,0.0
2019-2020,CISSS de la Côte-Nord,0,10,8,0.0
2019-2020,CISSS de la Côte-Nord,0,10,9,67.0
2019-2020,CISSS de la Côte-Nord,0,11,1,193.0
2019-2020,CISSS de la Côte-Nord,0,11,2,242.0
2019-2020,CISSS de la Côte-Nord,0,11,3,354.3
2019-2020,CISSS de la Côte-Nord,0,11,4,525.2
2019-2020,CISSS de la Côte-Nord,0,11,5,295.2
2019-2020,CISSS de la Côte-Nord,0,11,9,309.4
2019-2020,CISSS de la Côte-Nord,0,12,1,70.0
2019-2020,CISSS de la Côte-Nord,0,12,2,212.0
2019-2020,CISSS de la Côte-Nord,0,12,3,237.0
2019-2020,CISSS de la Côte-Nord,0,12,4,443.0
2019-2020,CISSS de la Côte-Nord,0,12,5,305.0
2019-2020,CISSS de la Côte-Nord,0,12,9,214.0
2019-2020,CISSS de la Côte-Nord,0,13,1,3.0
2019-2020,CISSS de la Côte-Nord,0,13,2,28.0
2019-2020,CISSS de la Côte-Nord,0,13,3,27.0
2019-2020,CISSS de la Côte-Nord,0,13,4,5.0
2019-2020,CISSS de la Côte-Nord,0,13,5,4.0
2019-2020,CISSS de la Côte-Nord,0,13,6,0.0
2019-2020,CISSS de la Côte-Nord,0,13,7,0.0
2019-2020,CISSS de la Côte-Nord,0,13,8,0.0
2019-2020,CISSS de la Côte-Nord,0,13,9,67.0
2019-2020,CISSS de la Côte-Nord,0,14,1,193.0
2019-2020,CISSS de la Côte-Nord,0,14,2,242.0
2019-2020,CISSS de la Côte-Nord,0,14,3,254.3
2019-2020,CISSS de la Côte-Nord,0,14,4,525.2
2019-2020,CISSS de la Côte-Nord,0,14,5,295.2
2019-2020,CISSS de la Côte-Nord,0,14,9,309.4
2019-2020,CISSS de la Côte-Nord,0,15,1,70.0
2019-2020,CISSS de la Côte-Nord,0,15,2,212.0
2019-2020,CISSS de la Côte-Nord,0,15,3,237.0
2019-2020,CISSS de la Côte-Nord,0,15,4,443.0
2019-2020,CISSS de la Côte-Nord,0,15,5,305.0
2019-2020,CISSS de la Côte-Nord,0,15,9,214.0
2019-2020,CISSS de la Gaspésie,0,10,1,7.0
2019-2020,CISSS de la Gaspésie,0,10,2,17.0
2019-2020,CISSS de la Gaspésie,0,10,3,16.0
2019-2020,CISSS de la Gaspésie,0,10,4,2.0
2019-2020,CISSS de la Gaspésie,0,10,5,7.0
2019-2020,CISSS de la Gaspésie,0,10,6,1.0
2019-2020,CISSS de la Gaspésie,0,10,9,50.0
2019-2020,CISSS de la Gaspésie,0,11,1,108.1
2019-2020,CISSS de la Gaspésie,0,11,2,259.7
2019-2020,CISSS de la Gaspésie,0,11,3,177.0
2019-2020,CISSS de la Gaspésie,0,11,4,482.0
2019-2020,CISSS de la Gaspésie,0,11,5,206.1
2019-2020,CISSS de la Gaspésie,0,11,6,655.0
2019-2020,CISSS de la Gaspésie,0,11,9,221.3
2019-2020,CISSS de la Gaspésie,0,12,1,29.0
2019-2020,CISSS de la Gaspésie,0,12,2,193.0
2019-2020,CISSS de la Gaspésie,0,12,3,119.0
2019-2020,CISSS de la Gaspésie,0,12,4,482.0
2019-2020,CISSS de la Gaspésie,0,12,5,113.0
2019-2020,CISSS de la Gaspésie,0,12,6,655.0
2019-2020,CISSS de la Gaspésie,0,12,9,144.0
2019-2020,CISSS de la Gaspésie,0,13,1,7.0
2019-2020,CISSS de la Gaspésie,0,13,2,17.0
2019-2020,CISSS de la Gaspésie,0,13,3,16.0
2019-2020,CISSS de la Gaspésie,0,13,4,2.0
2019-2020,CISSS de la Gaspésie,0,13,5,7.0
2019-2020,CISSS de la Gaspésie,0,13,6,1.0
2019-2020,CISSS de la Gaspésie,0,13,9,50.0
2019-2020,CISSS de la Gaspésie,0,14,1,108.1
2019-2020,CISSS de la Gaspésie,0,14,2,259.7
2019-2020,CISSS de la Gaspésie,0,14,3,177.0
2019-2020,CISSS de la Gaspésie,0,14,4,482.0
2019-2020,CISSS de la Gaspésie,0,14,5,206.1
2019-2020,CISSS de la Gaspésie,0,14,6,655.0
2019-2020,CISSS de la Gaspésie,0,14,9,221.3
2019-2020,CISSS de la Gaspésie,0,15,1,29.0
2019-2020,CISSS de la Gaspésie,0,15,2,193.0
2019-2020,CISSS de la Gaspésie,0,15,3,119.0
2019-2020,CISSS de la Gaspésie,0,15,4,482.0
2019-2020,CISSS de la Gaspésie,0,15,5,113.0
2019-2020,CISSS de la Gaspésie,0,15,6,655.0
2019-2020,CISSS de la Gaspésie,0,15,9,144.0
2019-2020,CISSS des Laurentides,0,1,1,0.0
2019-2020,CISSS des Laurentides,0,1,2,0.0
2019-2020,CISSS des Laurentides,0,1,3,0.0
2019-2020,CISSS des Laurentides,0,1,4,3.0
2019-2020,CISSS des Laurentides,0,1,5,9.0
2019-2020,CISSS des Laurentides,0,1,6,0.0
2019-2020,CISSS des Laurentides,0,1,7,0.0
2019-2020,CISSS des Laurentides,0,1,8,0.0
2019-2020,CISSS des Laurentides,0,1,9,12.0
2019-2020,CISSS des Laurentides,0,2,1,0.0
2019-2020,CISSS des Laurentides,0,2,2,0.0
2019-2020,CISSS des Laurentides,0,2,3,0.0
2019-2020,CISSS des Laurentides,0,2,4,338.0
2019-2020,CISSS des Laurentides,0,2,5,793.7
2019-2020,CISSS des Laurentides,0,2,6,0.0
2019-2020,CISSS des Laurentides,0,2,7,0.0
2019-2020,CISSS des Laurentides,0,2,8,0.0
2019-2020,CISSS des Laurentides,0,2,9,679.8
2019-2020,CISSS des Laurentides,0,3,1,0.0
2019-2020,CISSS des Laurentides,0,3,2,0.0
2019-2020,CISSS des Laurentides,0,3,3,0.0
2019-2020,CISSS des Laurentides,0,3,4,169.0
2019-2020,CISSS des Laurentides,0,3,5,731.0
2019-2020,CISSS des Laurentides,0,3,6,0.0
2019-2020,CISSS des Laurentides,0,3,7,0.0
2019-2020,CISSS des Laurentides,0,3,8,0.0
2019-2020,CISSS des Laurentides,0,3,9,731.0
2019-2020,CISSS des Laurentides,0,4,1,0.0
2019-2020,CISSS des Laurentides,0,4,2,0.0
2019-2020,CISSS des Laurentides,0,4,3,6.0
2019-2020,CISSS des Laurentides,0,4,4,5.0
2019-2020,CISSS des Laurentides,0,4,5,17.0
2019-2020,CISSS des Laurentides,0,4,6,1.0
2019-2020,CISSS des Laurentides,0,4,7,0.0
2019-2020,CISSS des Laurentides,0,4,8,0.0
2019-2020,CISSS des Laurentides,0,4,9,29.0
2019-2020,CISSS des Laurentides,0,5,1,0.0
2019-2020,CISSS des Laurentides,0,5,2,0.0
2019-2020,CISSS des Laurentides,0,5,3,70.5
2019-2020,CISSS des Laurentides,0,5,4,225.4
2019-2020,CISSS des Laurentides,0,5,5,113.8
2019-2020,CISSS des Laurentides,0,5,6,122.0
2019-2020,CISSS des Laurentides,0,5,7,0.0
2019-2020,CISSS des Laurentides,0,5,8,0.0
2019-2020,CISSS des Laurentides,0,5,9,124.3
2019-2020,CISSS des Laurentides,0,6,1,0.0
2019-2020,CISSS des Laurentides,0,6,2,0.0
2019-2020,CISSS des Laurentides,0,6,3,63.0
2019-2020,CISSS des Laurentides,0,6,4,288.0
2019-2020,CISSS des Laurentides,0,6,5,122.0
2019-2020,CISSS des Laurentides,0,6,6,122.0
2019-2020,CISSS des Laurentides,0,6,7,0.0
2019-2020,CISSS des Laurentides,0,6,8,0.0
2019-2020,CISSS des Laurentides,0,6,9,122.0
2019-2020,CISSS des Laurentides,0,7,1,0.0
2019-2020,CISSS des Laurentides,0,7,2,1.0
2019-2020,CISSS des Laurentides,0,7,3,1.0
2019-2020,CISSS des Laurentides,0,7,4,0.0
2019-2020,CISSS des Laurentides,0,7,5,7.0
2019-2020,CISSS des Laurentides,0,7,6,0.0
2019-2020,CISSS des Laurentides,0,7,7,0.0
2019-2020,CISSS des Laurentides,0,7,8,0.0
2019-2020,CISSS des Laurentides,0,7,9,9.0
2019-2020,CISSS des Laurentides,0,8,1,0.0
2019-2020,CISSS des Laurentides,0,8,2,880.0
2019-2020,CISSS des Laurentides,0,8,3,731.0
2019-2020,CISSS des Laurentides,0,8,4,0.0
2019-2020,CISSS des Laurentides,0,8,5,2219.0
2019-2020,CISSS des Laurentides,0,8,6,0.0
2019-2020,CISSS des Laurentides,0,8,7,0.0
2019-2020,CISSS des Laurentides,0,8,8,0.0
2019-2020,CISSS des Laurentides,0,8,9,1906.0
2019-2020,CISSS des Laurentides,0,9,2,880.0
2019-2020,CISSS des Laurentides,0,9,3,731.0
2019-2020,CISSS des Laurentides,0,9,4,0.0
2019-2020,CISSS des Laurentides,0,9,5,2190.0
2019-2020,CISSS des Laurentides,0,9,6,0.0
2019-2020,CISSS des Laurentides,0,9,7,0.0
2019-2020,CISSS des Laurentides,0,9,8,0.0
2019-2020,CISSS des Laurentides,0,9,9,2078.0
2019-2020,CISSS des Laurentides,0,10,1,9.0
2019-2020,CISSS des Laurentides,0,10,2,50.0
2019-2020,CISSS des Laurentides,0,10,3,19.0
2019-2020,CISSS des Laurentides,0,10,4,6.0
2019-2020,CISSS des Laurentides,0,10,5,22.0
2019-2020,CISSS des Laurentides,0,10,6,3.0
2019-2020,CISSS des Laurentides,0,10,7,0.0
2019-2020,CISSS des Laurentides,0,10,8,0.0
2019-2020,CISSS des Laurentides,0,10,9,109.0
2019-2020,CISSS des Laurentides,0,11,1,28.4
2019-2020,CISSS des Laurentides,0,11,2,147.7
2019-2020,CISSS des Laurentides,0,11,3,254.7
2019-2020,CISSS des Laurentides,0,11,4,145.0
2019-2020,CISSS des Laurentides,0,11,5,400.4
2019-2020,CISSS des Laurentides,0,11,6,185.3
2019-2020,CISSS des Laurentides,0,11,7,0.0
2019-2020,CISSS des Laurentides,0,11,8,0.0
2019-2020,CISSS des Laurentides,0,11,9,208.4
2019-2020,CISSS des Laurentides,0,12,1,34.0
2019-2020,CISSS des Laurentides,0,12,2,137.0
2019-2020,CISSS des Laurentides,0,12,3,181.0
2019-2020,CISSS des Laurentides,0,12,4,128.0
2019-2020,CISSS des Laurentides,0,12,5,98.5
2019-2020,CISSS des Laurentides,0,12,6,116.0
2019-2020,CISSS des Laurentides,0,12,7,0.0
2019-2020,CISSS des Laurentides,0,12,8,0.0
2019-2020,CISSS des Laurentides,0,12,9,116.0
2019-2020,CISSS des Laurentides,0,13,1,9.0
2019-2020,CISSS des Laurentides,0,13,2,51.0
2019-2020,CISSS des Laurentides,0,13,3,26.0
2019-2020,CISSS des Laurentides,0,13,4,14.0
2019-2020,CISSS des Laurentides,0,13,5,55.0
2019-2020,CISSS des Laurentides,0,13,6,4.0
2019-2020,CISSS des Laurentides,0,13,7,0.0
2019-2020,CISSS des Laurentides,0,13,8,0.0
2019-2020,CISSS des Laurentides,0,13,9,159.0
2019-2020,CISSS des Laurentides,0,14,1,28.4
2019-2020,CISSS des Laurentides,0,14,2,162.1
2019-2020,CISSS des Laurentides,0,14,3,230.5
2019-2020,CISSS des Laurentides,0,14,4,215.1
2019-2020,CISSS des Laurentides,0,14,5,607.7
2019-2020,CISSS des Laurentides,0,14,6,169.5
2019-2020,CISSS des Laurentides,0,14,7,0.0
2019-2020,CISSS des Laurentides,0,14,8,0.0
2019-2020,CISSS des Laurentides,0,14,9,324.7
2019-2020,CISSS des Laurentides,0,15,1,34.0
2019-2020,CISSS des Laurentides,0,15,2,139.0
2019-2020,CISSS des Laurentides,0,15,3,141.5
2019-2020,CISSS des Laurentides,0,15,4,157.0
2019-2020,CISSS des Laurentides,0,15,5,122.0
2019-2020,CISSS des Laurentides,0,15,6,119.0
2019-2020,CISSS des Laurentides,0,15,7,0.0
2019-2020,CISSS des Laurentides,0,15,8,0.0
2019-2020,CISSS des Laurentides,0,15,9,122.0
2019-2020,CISSS du Bas-Saint-Laurent,0,1,1,0.0
2019-2020,CISSS du Bas-Saint-Laurent,0,1,2,0.0
2019-2020,CISSS du Bas-Saint-Laurent,0,1,3,0.0
2019-2020,CISSS du Bas-Saint-Laurent,0,1,4,0.0
2019-2020,CISSS du Bas-Saint-Laurent,0,1,5,2.0
2019-2020,CISSS du Bas-Saint-Laurent,0,1,6,0.0
2019-2020,CISSS du Bas-Saint-Laurent,0,1,7,0.0
2019-2020,CISSS du Bas-Saint-Laurent,0,1,8,0.0
2019-2020,CISSS du Bas-Saint-Laurent,0,1,9,2.0
2019-2020,CISSS du Bas-Saint-Laurent,0,2,1,0.0
2019-2020,CISSS du Bas-Saint-Laurent,0,2,2,0.0
2019-2020,CISSS du Bas-Saint-Laurent,0,2,3,0.0
2019-2020,CISSS du Bas-Saint-Laurent,0,2,4,0.0
2019-2020,CISSS du Bas-Saint-Laurent,0,2,5,513.5
2019-2020,CISSS du Bas-Saint-Laurent,0,2,6,0.0
2019-2020,CISSS du Bas-Saint-Laurent,0,2,7,0.0
2019-2020,CISSS du Bas-Saint-Laurent,0,2,8,0.0
2019-2020,CISSS du Bas-Saint-Laurent,0,2,9,513.5
2019-2020,CISSS du Bas-Saint-Laurent,0,3,1,0.0
2019-2020,CISSS du Bas-Saint-Laurent,0,3,2,0.0
2019-2020,CISSS du Bas-Saint-Laurent,0,3,3,0.0
2019-2020,CISSS du Bas-Saint-Laurent,0,3,4,0.0
2019-2020,CISSS du Bas-Saint-Laurent,0,3,5,513.5
2019-2020,CISSS du Bas-Saint-Laurent,0,3,6,0.0
2019-2020,CISSS du Bas-Saint-Laurent,0,3,7,0.0
2019-2020,CISSS du Bas-Saint-Laurent,0,3,8,0.0
2019-2020,CISSS du Bas-Saint-Laurent,0,3,9,513.5
2019-2020,CISSS du Bas-Saint-Laurent,0,4,1,0.0
2019-2020,CISSS du Bas-Saint-Laurent,0,4,2,0.0
2019-2020,CISSS du Bas-Saint-Laurent,0,4,3,1.0
2019-2020,CISSS du Bas-Saint-Laurent,0,4,4,1.0
2019-2020,CISSS du Bas-Saint-Laurent,0,4,5,2.0
2019-2020,CISSS du Bas-Saint-Laurent,0,4,6,0.0
2019-2020,CISSS du Bas-Saint-Laurent,0,4,7,0.0
2019-2020,CISSS du Bas-Saint-Laurent,0,4,8,0.0
2019-2020,CISSS du Bas-Saint-Laurent,0,4,9,4.0
2019-2020,CISSS du Bas-Saint-Laurent,0,5,1,0.0
2019-2020,CISSS du Bas-Saint-Laurent,0,5,2,0.0
2019-2020,CISSS du Bas-Saint-Laurent,0,5,3,1036.0
2019-2020,CISSS du Bas-Saint-Laurent,0,5,4,110.0
2019-2020,CISSS du Bas-Saint-Laurent,0,5,5,288.0
2019-2020,CISSS du Bas-Saint-Laurent,0,5,6,0.0
2019-2020,CISSS du Bas-Saint-Laurent,0,5,7,0.0
2019-2020,CISSS du Bas-Saint-Laurent,0,5,8,0.0
2019-2020,CISSS du Bas-Saint-Laurent,0,5,9,430.5
2019-2020,CISSS du Bas-Saint-Laurent,0,6,3,1036.0
2019-2020,CISSS du Bas-Saint-Laurent,0,6,4,110.0
2019-2020,CISSS du Bas-Saint-Laurent,0,6,5,288.0
2019-2020,CISSS du Bas-Saint-Laurent,0,6,9,288.0
2019-2020,CISSS du Bas-Saint-Laurent,0,10,1,2.0
2019-2020,CISSS du Bas-Saint-Laurent,0,10,2,8.0
2019-2020,CISSS du Bas-Saint-Laurent,0,10,3,10.0
2019-2020,CISSS du Bas-Saint-Laurent,0,10,4,5.0
2019-2020,CISSS du Bas-Saint-Laurent,0,10,5,8.0
2019-2020,CISSS du Bas-Saint-Laurent,0,10,6,1.0
2019-2020,CISSS du Bas-Saint-Laurent,0,10,7,0.0
2019-2020,CISSS du Bas-Saint-Laurent,0,10,8,0.0
2019-2020,CISSS du Bas-Saint-Laurent,0,10,9,34.0
2019-2020,CISSS du Bas-Saint-Laurent,0,11,1,25.0
2019-2020,CISSS du Bas-Saint-Laurent,0,11,2,103.9
2019-2020,CISSS du Bas-Saint-Laurent,0,11,3,72.3
2019-2020,CISSS du Bas-Saint-Laurent,0,11,4,214.0
2019-2020,CISSS du Bas-Saint-Laurent,0,11,5,208.6
2019-2020,CISSS du Bas-Saint-Laurent,0,11,6,130.0
2019-2020,CISSS du Bas-Saint-Laurent,0,11,7,0.0
2019-2020,CISSS du Bas-Saint-Laurent,0,11,8,0.0
2019-2020,CISSS du Bas-Saint-Laurent,0,11,9,131.6
2019-2020,CISSS du Bas-Saint-Laurent,0,12,1,25.0
2019-2020,CISSS du Bas-Saint-Laurent,0,12,2,24.0
2019-2020,CISSS du Bas-Saint-Laurent,0,12,3,21.5
2019-2020,CISSS du Bas-Saint-Laurent,0,12,4,182.0
2019-2020,CISSS du Bas-Saint-Laurent,0,12,5,197.5
2019-2020,CISSS du Bas-Saint-Laurent,0,12,6,130.0
2019-2020,CISSS du Bas-Saint-Laurent,0,12,9,74.0
2019-2020,CISSS du Bas-Saint-Laurent,0,13,1,2.0
2019-2020,CISSS du Bas-Saint-Laurent,0,13,2,8.0
2019-2020,CISSS du Bas-Saint-Laurent,0,13,3,11.0
2019-2020,CISSS du Bas-Saint-Laurent,0,13,4,6.0
2019-2020,CISSS du Bas-Saint-Laurent,0,13,5,12.0
2019-2020,CISSS du Bas-Saint-Laurent,0,13,6,1.0
2019-2020,CISSS du Bas-Saint-Laurent,0,13,7,0.0
2019-2020,CISSS du Bas-Saint-Laurent,0,13,8,0.0
2019-2020,CISSS du Bas-Saint-Laurent,0,13,9,40.0
2019-2020,CISSS du Bas-Saint-Laurent,0,14,1,25.0
2019-2020,CISSS du Bas-Saint-Laurent,0,14,2,103.9
2019-2020,CISSS du Bas-Saint-Laurent,0,14,3,159.9
2019-2020,CISSS du Bas-Saint-Laurent,0,14,4,196.7
2019-2020,CISSS du Bas-Saint-Laurent,0,14,5,272.7
2019-2020,CISSS du Bas-Saint-Laurent,0,14,6,130.0
2019-2020,CISSS du Bas-Saint-Laurent,0,14,7,0.0
2019-2020,CISSS du Bas-Saint-Laurent,0,14,8,0.0
2019-2020,CISSS du Bas-Saint-Laurent,0,14,9,180.6
2019-2020,CISSS du Bas-Saint-Laurent,0,15,1,25.0
2019-2020,CISSS du Bas-Saint-Laurent,0,15,2,24.0
2019-2020,CISSS du Bas-Saint-Laurent,0,15,3,22.0
2019-2020,CISSS du Bas-Saint-Laurent,0,15,4,179.0
2019-2020,CISSS du Bas-Saint-Laurent,0,15,5,246.0
2019-2020,CISSS du Bas-Saint-Laurent,0,15,6,130.0
2019-2020,CISSS du Bas-Saint-Laurent,0,15,9,115.5
2019-2020,CIUSSS DU CENTRE-OUEST-DE-L'ÎLE-DE-MONTRÉAL,0,1,1,0.0
2019-2020,CIUSSS DU CENTRE-OUEST-DE-L'ÎLE-DE-MONTRÉAL,0,1,2,0.0
2019-2020,CIUSSS DU CENTRE-OUEST-DE-L'ÎLE-DE-MONTRÉAL,0,1,3,0.0
2019-2020,CIUSSS DU CENTRE-OUEST-DE-L'ÎLE-DE-MONTRÉAL,0,1,4,12.0
2019-2020,CIUSSS DU CENTRE-OUEST-DE-L'ÎLE-DE-MONTRÉAL,0,1,5,4.0
2019-2020,CIUSSS DU CENTRE-OUEST-DE-L'ÎLE-DE-MONTRÉAL,0,1,6,2.0
2019-2020,CIUSSS DU CENTRE-OUEST-DE-L'ÎLE-DE-MONTRÉAL,0,1,7,0.0
2019-2020,CIUSSS DU CENTRE-OUEST-DE-L'ÎLE-DE-MONTRÉAL,0,1,8,0.0
2019-2020,CIUSSS DU CENTRE-OUEST-DE-L'ÎLE-DE-MONTRÉAL,0,1,9,18.0
2019-2020,CIUSSS DU CENTRE-OUEST-DE-L'ÎLE-DE-MONTRÉAL,0,2,4,245.2
2019-2020,CIUSSS DU CENTRE-OUEST-DE-L'ÎLE-DE-MONTRÉAL,0,2,5,446.7
2019-2020,CIUSSS DU CENTRE-OUEST-DE-L'ÎLE-DE-MONTRÉAL,0,2,6,2885.0
2019-2020,CIUSSS DU CENTRE-OUEST-DE-L'ÎLE-DE-MONTRÉAL,0,2,9,583.3
2019-2020,CIUSSS DU CENTRE-OUEST-DE-L'ÎLE-DE-MONTRÉAL,0,3,4,182.5
2019-2020,CIUSSS DU CENTRE-OUEST-DE-L'ÎLE-DE-MONTRÉAL,0,3,5,397.0
2019-2020,CIUSSS DU CENTRE-OUEST-DE-L'ÎLE-DE-MONTRÉAL,0,3,6,2885.0
2019-2020,CIUSSS DU CENTRE-OUEST-DE-L'ÎLE-DE-MONTRÉAL,0,3,9,371.5
2019-2020,CIUSSS DU CENTRE-OUEST-DE-L'ÎLE-DE-MONTRÉAL,0,4,1,0.0
2019-2020,CIUSSS DU CENTRE-OUEST-DE-L'ÎLE-DE-MONTRÉAL,0,4,2,0.0
2019-2020,CIUSSS DU CENTRE-OUEST-DE-L'ÎLE-DE-MONTRÉAL,0,4,3,1.0
2019-2020,CIUSSS DU CENTRE-OUEST-DE-L'ÎLE-DE-MONTRÉAL,0,4,4,8.0
2019-2020,CIUSSS DU CENTRE-OUEST-DE-L'ÎLE-DE-MONTRÉAL,0,4,5,4.0
2019-2020,CIUSSS DU CENTRE-OUEST-DE-L'ÎLE-DE-MONTRÉAL,0,4,6,0.0
2019-2020,CIUSSS DU CENTRE-OUEST-DE-L'ÎLE-DE-MONTRÉAL,0,4,7,0.0
2019-2020,CIUSSS DU CENTRE-OUEST-DE-L'ÎLE-DE-MONTRÉAL,0,4,8,0.0
2019-2020,CIUSSS DU CENTRE-OUEST-DE-L'ÎLE-DE-MONTRÉAL,0,4,9,13.0
2019-2020,CIUSSS DU CENTRE-OUEST-DE-L'ÎLE-DE-MONTRÉAL,0,5,3,55.0
2019-2020,CIUSSS DU CENTRE-OUEST-DE-L'ÎLE-DE-MONTRÉAL,0,5,4,144.0
2019-2020,CIUSSS DU CENTRE-OUEST-DE-L'ÎLE-DE-MONTRÉAL,0,5,5,136.5
2019-2020,CIUSSS DU CENTRE-OUEST-DE-L'ÎLE-DE-MONTRÉAL,0,5,9,134.8
2019-2020,CIUSSS DU CENTRE-OUEST-DE-L'ÎLE-DE-MONTRÉAL,0,6,3,55.0
2019-2020,CIUSSS DU CENTRE-OUEST-DE-L'ÎLE-DE-MONTRÉAL,0,6,4,117.5
2019-2020,CIUSSS DU CENTRE-OUEST-DE-L'ÎLE-DE-MONTRÉAL,0,6,5,136.0
2019-2020,CIUSSS DU CENTRE-OUEST-DE-L'ÎLE-DE-MONTRÉAL,0,6,9,119.0
2019-2020,CIUSSS DU CENTRE-OUEST-DE-L'ÎLE-DE-MONTRÉAL,0,7,1,1.0
2019-2020,CIUSSS DU CENTRE-OUEST-DE-L'ÎLE-DE-MONTRÉAL,0,7,2,14.0
2019-2020,CIUSSS DU CENTRE-OUEST-DE-L'ÎLE-DE-MONTRÉAL,0,7,3,9.0
2019-2020,CIUSSS DU CENTRE-OUEST-DE-L'ÎLE-DE-MONTRÉAL,0,7,4,12.0
2019-2020,CIUSSS DU CENTRE-OUEST-DE-L'ÎLE-DE-MONTRÉAL,0,7,5,9.0
2019-2020,CIUSSS DU CENTRE-OUEST-DE-L'ÎLE-DE-MONTRÉAL,0,7,6,1.0
2019-2020,CIUSSS DU CENTRE-OUEST-DE-L'ÎLE-DE-MONTRÉAL,0,7,7,0.0
2019-2020,CIUSSS DU CENTRE-OUEST-DE-L'ÎLE-DE-MONTRÉAL,0,7,8,0.0
2019-2020,CIUSSS DU CENTRE-OUEST-DE-L'ÎLE-DE-MONTRÉAL,0,7,9,46.0
2019-2020,CIUSSS DU CENTRE-OUEST-DE-L'ÎLE-DE-MONTRÉAL,0,8,1,205.0
2019-2020,CIUSSS DU CENTRE-OUEST-DE-L'ÎLE-DE-MONTRÉAL,0,8,2,146.6
2019-2020,CIUSSS DU CENTRE-OUEST-DE-L'ÎLE-DE-MONTRÉAL,0,8,3,351.5
2019-2020,CIUSSS DU CENTRE-OUEST-DE-L'ÎLE-DE-MONTRÉAL,0,8,4,373.1
2019-2020,CIUSSS DU CENTRE-OUEST-DE-L'ÎLE-DE-MONTRÉAL,0,8,5,603.5
2019-2020,CIUSSS DU CENTRE-OUEST-DE-L'ÎLE-DE-MONTRÉAL,0,8,6,251.0
2019-2020,CIUSSS DU CENTRE-OUEST-DE-L'ÎLE-DE-MONTRÉAL,0,8,9,338.7
2019-2020,CIUSSS DU CENTRE-OUEST-DE-L'ÎLE-DE-MONTRÉAL,0,9,1,205.0
2019-2020,CIUSSS DU CENTRE-OUEST-DE-L'ÎLE-DE-MONTRÉAL,0,9,2,85.0
2019-2020,CIUSSS DU CENTRE-OUEST-DE-L'ÎLE-DE-MONTRÉAL,0,9,3,300.0
2019-2020,CIUSSS DU CENTRE-OUEST-DE-L'ÎLE-DE-MONTRÉAL,0,9,4,244.5
2019-2020,CIUSSS DU CENTRE-OUEST-DE-L'ÎLE-DE-MONTRÉAL,0,9,5,401.0
2019-2020,CIUSSS DU CENTRE-OUEST-DE-L'ÎLE-DE-MONTRÉAL,0,9,6,251.0
2019-2020,CIUSSS DU CENTRE-OUEST-DE-L'ÎLE-DE-MONTRÉAL,0,9,9,174.5
2019-2020,CIUSSS DU CENTRE-OUEST-DE-L'ÎLE-DE-MONTRÉAL,0,10,1,53.0
2019-2020,CIUSSS DU CENTRE-OUEST-DE-L'ÎLE-DE-MONTRÉAL,0,10,2,263.0
2019-2020,CIUSSS DU CENTRE-OUEST-DE-L'ÎLE-DE-MONTRÉAL,0,10,3,86.0
2019-2020,CIUSSS DU CENTRE-OUEST-DE-L'ÎLE-DE-MONTRÉAL,0,10,4,35.0
2019-2020,CIUSSS DU CENTRE-OUEST-DE-L'ÎLE-DE-MONTRÉAL,0,10,5,27.0
2019-2020,CIUSSS DU CENTRE-OUEST-DE-L'ÎLE-DE-MONTRÉAL,0,10,6,8.0
2019-2020,CIUSSS DU CENTRE-OUEST-DE-L'ÎLE-DE-MONTRÉAL,0,10,7,0.0
2019-2020,CIUSSS DU CENTRE-OUEST-DE-L'ÎLE-DE-MONTRÉAL,0,10,8,0.0
2019-2020,CIUSSS DU CENTRE-OUEST-DE-L'ÎLE-DE-MONTRÉAL,0,10,9,472.0
2019-2020,CIUSSS DU CENTRE-OUEST-DE-L'ÎLE-DE-MONTRÉAL,0,11,1,92.6
2019-2020,CIUSSS DU CENTRE-OUEST-DE-L'ÎLE-DE-MONTRÉAL,0,11,2,408.1
2019-2020,CIUSSS DU CENTRE-OUEST-DE-L'ÎLE-DE-MONTRÉAL,0,11,3,533.1
2019-2020,CIUSSS DU CENTRE-OUEST-DE-L'ÎLE-DE-MONTRÉAL,0,11,4,569.7
2019-2020,CIUSSS DU CENTRE-OUEST-DE-L'ÎLE-DE-MONTRÉAL,0,11,5,324.1
2019-2020,CIUSSS DU CENTRE-OUEST-DE-L'ÎLE-DE-MONTRÉAL,0,11,6,369.1
2019-2020,CIUSSS DU CENTRE-OUEST-DE-L'ÎLE-DE-MONTRÉAL,0,11,9,402.2
2019-2020,CIUSSS DU CENTRE-OUEST-DE-L'ÎLE-DE-MONTRÉAL,0,12,1,70.0
2019-2020,CIUSSS DU CENTRE-OUEST-DE-L'ÎLE-DE-MONTRÉAL,0,12,2,379.0
2019-2020,CIUSSS DU CENTRE-OUEST-DE-L'ÎLE-DE-MONTRÉAL,0,12,3,505.0
2019-2020,CIUSSS DU CENTRE-OUEST-DE-L'ÎLE-DE-MONTRÉAL,0,12,4,643.0
2019-2020,CIUSSS DU CENTRE-OUEST-DE-L'ÎLE-DE-MONTRÉAL,0,12,5,230.5
2019-2020,CIUSSS DU CENTRE-OUEST-DE-L'ÎLE-DE-MONTRÉAL,0,12,6,222.0
2019-2020,CIUSSS DU CENTRE-OUEST-DE-L'ÎLE-DE-MONTRÉAL,0,12,9,330.0
2019-2020,CIUSSS DU CENTRE-OUEST-DE-L'ÎLE-DE-MONTRÉAL,0,13,1,54.0
2019-2020,CIUSSS DU CENTRE-OUEST-DE-L'ÎLE-DE-MONTRÉAL,0,13,2,277.0
2019-2020,CIUSSS DU CENTRE-OUEST-DE-L'ÎLE-DE-MONTRÉAL,0,13,3,96.0
2019-2020,CIUSSS DU CENTRE-OUEST-DE-L'ÎLE-DE-MONTRÉAL,0,13,4,67.0
2019-2020,CIUSSS DU CENTRE-OUEST-DE-L'ÎLE-DE-MONTRÉAL,0,13,5,44.0
2019-2020,CIUSSS DU CENTRE-OUEST-DE-L'ÎLE-DE-MONTRÉAL,0,13,6,11.0
2019-2020,CIUSSS DU CENTRE-OUEST-DE-L'ÎLE-DE-MONTRÉAL,0,13,7,0.0
2019-2020,CIUSSS DU CENTRE-OUEST-DE-L'ÎLE-DE-MONTRÉAL,0,13,8,0.0
2019-2020,CIUSSS DU CENTRE-OUEST-DE-L'ÎLE-DE-MONTRÉAL,0,13,9,549.0
2019-2020,CIUSSS DU CENTRE-OUEST-DE-L'ÎLE-DE-MONTRÉAL,0,14,1,94.7
2019-2020,CIUSSS DU CENTRE-OUEST-DE-L'ÎLE-DE-MONTRÉAL,0,14,2,394.9
2019-2020,CIUSSS DU CENTRE-OUEST-DE-L'ÎLE-DE-MONTRÉAL,0,14,3,511.1
2019-2020,CIUSSS DU CENTRE-OUEST-DE-L'ÎLE-DE-MONTRÉAL,0,14,4,425.5
2019-2020,CIUSSS DU CENTRE-OUEST-DE-L'ÎLE-DE-MONTRÉAL,0,14,5,376.5
2019-2020,CIUSSS DU CENTRE-OUEST-DE-L'ÎLE-DE-MONTRÉAL,0,14,6,860.6
2019-2020,CIUSSS DU CENTRE-OUEST-DE-L'ÎLE-DE-MONTRÉAL,0,14,9,396.5
2019-2020,CIUSSS DU CENTRE-OUEST-DE-L'ÎLE-DE-MONTRÉAL,0,15,1,73.0
2019-2020,CIUSSS DU CENTRE-OUEST-DE-L'ÎLE-DE-MONTRÉAL,0,15,2,342.0
2019-2020,CIUSSS DU CENTRE-OUEST-DE-L'ÎLE-DE-MONTRÉAL,0,15,3,503.5
2019-2020,CIUSSS DU CENTRE-OUEST-DE-L'ÎLE-DE-MONTRÉAL,0,15,4,293.0
2019-2020,CIUSSS DU CENTRE-OUEST-DE-L'ÎLE-DE-MONTRÉAL,0,15,5,239.0
2019-2020,CIUSSS DU CENTRE-OUEST-DE-L'ÎLE-DE-MONTRÉAL,0,15,6,293.0
2019-2020,CIUSSS DU CENTRE-OUEST-DE-L'ÎLE-DE-MONTRÉAL,0,15,9,310.0
2019-2020,CIUSSS DU CENTRE-SUD-DE-L'ÎLE-DE-MONTRÉAL,0,1,3,1.0
2019-2020,CIUSSS DU CENTRE-SUD-DE-L'ÎLE-DE-MONTRÉAL,0,1,4,19.0
2019-2020,CIUSSS DU CENTRE-SUD-DE-L'ÎLE-DE-MONTRÉAL,0,1,5,34.0
2019-2020,CIUSSS DU CENTRE-SUD-DE-L'ÎLE-DE-MONTRÉAL,0,1,6,5.0
2019-2020,CIUSSS DU CENTRE-SUD-DE-L'ÎLE-DE-MONTRÉAL,0,1,9,59.0
2019-2020,CIUSSS DU CENTRE-SUD-DE-L'ÎLE-DE-MONTRÉAL,0,2,3,383.0
2019-2020,CIUSSS DU CENTRE-SUD-DE-L'ÎLE-DE-MONTRÉAL,0,2,4,248.5
2019-2020,CIUSSS DU CENTRE-SUD-DE-L'ÎLE-DE-MONTRÉAL,0,2,5,1548.0
2019-2020,CIUSSS DU CENTRE-SUD-DE-L'ÎLE-DE-MONTRÉAL,0,2,6,1774.0
2019-2020,CIUSSS DU CENTRE-SUD-DE-L'ÎLE-DE-MONTRÉAL,0,2,9,1128.0
2019-2020,CIUSSS DU CENTRE-SUD-DE-L'ÎLE-DE-MONTRÉAL,0,3,3,383.0
2019-2020,CIUSSS DU CENTRE-SUD-DE-L'ÎLE-DE-MONTRÉAL,0,3,4,264.0
2019-2020,CIUSSS DU CENTRE-SUD-DE-L'ÎLE-DE-MONTRÉAL,0,3,5,1092.0
2019-2020,CIUSSS DU CENTRE-SUD-DE-L'ÎLE-DE-MONTRÉAL,0,3,6,666.0
2019-2020,CIUSSS DU CENTRE-SUD-DE-L'ÎLE-DE-MONTRÉAL,0,3,9,706.0
2019-2020,CIUSSS DU CENTRE-SUD-DE-L'ÎLE-DE-MONTRÉAL,0,4,3,2.0
2019-2020,CIUSSS DU CENTRE-SUD-DE-L'ÎLE-DE-MONTRÉAL,0,4,4,39.0
2019-2020,CIUSSS DU CENTRE-SUD-DE-L'ÎLE-DE-MONTRÉAL,0,4,5,82.0
2019-2020,CIUSSS DU CENTRE-SUD-DE-L'ÎLE-DE-MONTRÉAL,0,4,6,11.0
2019-2020,CIUSSS DU CENTRE-SUD-DE-L'ÎLE-DE-MONTRÉAL,0,4,9,134.0
2019-2020,CIUSSS DU CENTRE-SUD-DE-L'ÎLE-DE-MONTRÉAL,0,5,3,310.5
2019-2020,CIUSSS DU CENTRE-SUD-DE-L'ÎLE-DE-MONTRÉAL,0,5,4,379.4
2019-2020,CIUSSS DU CENTRE-SUD-DE-L'ÎLE-DE-MONTRÉAL,0,5,5,1203.0
2019-2020,CIUSSS DU CENTRE-SUD-DE-L'ÎLE-DE-MONTRÉAL,0,5,6,2159.0
2019-2020,CIUSSS DU CENTRE-SUD-DE-L'ÎLE-DE-MONTRÉAL,0,5,9,1028.0
2019-2020,CIUSSS DU CENTRE-SUD-DE-L'ÎLE-DE-MONTRÉAL,0,6,3,310.5
2019-2020,CIUSSS DU CENTRE-SUD-DE-L'ÎLE-DE-MONTRÉAL,0,6,4,323.0
2019-2020,CIUSSS DU CENTRE-SUD-DE-L'ÎLE-DE-MONTRÉAL,0,6,5,1150.0
2019-2020,CIUSSS DU CENTRE-SUD-DE-L'ÎLE-DE-MONTRÉAL,0,6,6,1853.0
2019-2020,CIUSSS DU CENTRE-SUD-DE-L'ÎLE-DE-MONTRÉAL,0,6,9,760.5
2019-2020,CIUSSS DU CENTRE-SUD-DE-L'ÎLE-DE-MONTRÉAL,0,7,1,2.0
2019-2020,CIUSSS DU CENTRE-SUD-DE-L'ÎLE-DE-MONTRÉAL,0,7,2,19.0
2019-2020,CIUSSS DU CENTRE-SUD-DE-L'ÎLE-DE-MONTRÉAL,0,7,3,20.0
2019-2020,CIUSSS DU CENTRE-SUD-DE-L'ÎLE-DE-MONTRÉAL,0,7,4,25.0
2019-2020,CIUSSS DU CENTRE-SUD-DE-L'ÎLE-DE-MONTRÉAL,0,7,5,36.0
2019-2020,CIUSSS DU CENTRE-SUD-DE-L'ÎLE-DE-MONTRÉAL,0,7,6,3.0
2019-2020,CIUSSS DU CENTRE-SUD-DE-L'ÎLE-DE-MONTRÉAL,0,7,7,1.0
2019-2020,CIUSSS DU CENTRE-SUD-DE-L'ÎLE-DE-MONTRÉAL,0,7,9,106.0
2019-2020,CIUSSS DU CENTRE-SUD-DE-L'ÎLE-DE-MONTRÉAL,0,8,1,423.5
2019-2020,CIUSSS DU CENTRE-SUD-DE-L'ÎLE-DE-MONTRÉAL,0,8,2,501.6
2019-2020,CIUSSS DU CENTRE-SUD-DE-L'ÎLE-DE-MONTRÉAL,0,8,3,436.4
2019-2020,CIUSSS DU CENTRE-SUD-DE-L'ÎLE-DE-MONTRÉAL,0,8,4,1143.0
2019-2020,CIUSSS DU CENTRE-SUD-DE-L'ÎLE-DE-MONTRÉAL,0,8,5,1540.0
2019-2020,CIUSSS DU CENTRE-SUD-DE-L'ÎLE-DE-MONTRÉAL,0,8,6,810.6
2019-2020,CIUSSS DU CENTRE-SUD-DE-L'ÎLE-DE-MONTRÉAL,0,8,7,2330.0
2019-2020,CIUSSS DU CENTRE-SUD-DE-L'ÎLE-DE-MONTRÉAL,0,8,9,1017.0
2019-2020,CIUSSS DU CENTRE-SUD-DE-L'ÎLE-DE-MONTRÉAL,0,9,1,423.5
2019-2020,CIUSSS DU CENTRE-SUD-DE-L'ÎLE-DE-MONTRÉAL,0,9,2,149.0
2019-2020,CIUSSS DU CENTRE-SUD-DE-L'ÎLE-DE-MONTRÉAL,0,9,3,272.5
2019-2020,CIUSSS DU CENTRE-SUD-DE-L'ÎLE-DE-MONTRÉAL,0,9,4,845.0
2019-2020,CIUSSS DU CENTRE-SUD-DE-L'ÎLE-DE-MONTRÉAL,0,9,5,1111.0
2019-2020,CIUSSS DU CENTRE-SUD-DE-L'ÎLE-DE-MONTRÉAL,0,9,6,878.0
2019-2020,CIUSSS DU CENTRE-SUD-DE-L'ÎLE-DE-MONTRÉAL,0,9,7,2330.0
2019-2020,CIUSSS DU CENTRE-SUD-DE-L'ÎLE-DE-MONTRÉAL,0,9,9,590.5
2019-2020,CIUSSS DU CENTRE-SUD-DE-L'ÎLE-DE-MONTRÉAL,0,10,1,490.0
2019-2020,CIUSSS DU CENTRE-SUD-DE-L'ÎLE-DE-MONTRÉAL,0,10,2,586.0
2019-2020,CIUSSS DU CENTRE-SUD-DE-L'ÎLE-DE-MONTRÉAL,0,10,3,132.0
2019-2020,CIUSSS DU CENTRE-SUD-DE-L'ÎLE-DE-MONTRÉAL,0,10,4,77.0
2019-2020,CIUSSS DU CENTRE-SUD-DE-L'ÎLE-DE-MONTRÉAL,0,10,5,121.0
2019-2020,CIUSSS DU CENTRE-SUD-DE-L'ÎLE-DE-MONTRÉAL,0,10,6,7.0
2019-2020,CIUSSS DU CENTRE-SUD-DE-L'ÎLE-DE-MONTRÉAL,0,10,7,2.0
2019-2020,CIUSSS DU CENTRE-SUD-DE-L'ÎLE-DE-MONTRÉAL,0,10,8,0.0
2019-2020,CIUSSS DU CENTRE-SUD-DE-L'ÎLE-DE-MONTRÉAL,0,10,9,1415.0
2019-2020,CIUSSS DU CENTRE-SUD-DE-L'ÎLE-DE-MONTRÉAL,0,11,1,203.9
2019-2020,CIUSSS DU CENTRE-SUD-DE-L'ÎLE-DE-MONTRÉAL,0,11,2,635.9
2019-2020,CIUSSS DU CENTRE-SUD-DE-L'ÎLE-DE-MONTRÉAL,0,11,3,519.4
2019-2020,CIUSSS DU CENTRE-SUD-DE-L'ÎLE-DE-MONTRÉAL,0,11,4,602.3
2019-2020,CIUSSS DU CENTRE-SUD-DE-L'ÎLE-DE-MONTRÉAL,0,11,5,726.4
2019-2020,CIUSSS DU CENTRE-SUD-DE-L'ÎLE-DE-MONTRÉAL,0,11,6,549.2
2019-2020,CIUSSS DU CENTRE-SUD-DE-L'ÎLE-DE-MONTRÉAL,0,11,7,1163.0
2019-2020,CIUSSS DU CENTRE-SUD-DE-L'ÎLE-DE-MONTRÉAL,0,11,9,481.7
2019-2020,CIUSSS DU CENTRE-SUD-DE-L'ÎLE-DE-MONTRÉAL,0,12,1,138.5
2019-2020,CIUSSS DU CENTRE-SUD-DE-L'ÎLE-DE-MONTRÉAL,0,12,2,351.0
2019-2020,CIUSSS DU CENTRE-SUD-DE-L'ÎLE-DE-MONTRÉAL,0,12,3,372.5
2019-2020,CIUSSS DU CENTRE-SUD-DE-L'ÎLE-DE-MONTRÉAL,0,12,4,404.0
2019-2020,CIUSSS DU CENTRE-SUD-DE-L'ÎLE-DE-MONTRÉAL,0,12,5,590.0
2019-2020,CIUSSS DU CENTRE-SUD-DE-L'ÎLE-DE-MONTRÉAL,0,12,6,450.0
2019-2020,CIUSSS DU CENTRE-SUD-DE-L'ÎLE-DE-MONTRÉAL,0,12,7,1163.0
2019-2020,CIUSSS DU CENTRE-SUD-DE-L'ÎLE-DE-MONTRÉAL,0,12,9,267.0
2019-2020,CIUSSS DU CENTRE-SUD-DE-L'ÎLE-DE-MONTRÉAL,0,13,1,492.0
2019-2020,CIUSSS DU CENTRE-SUD-DE-L'ÎLE-DE-MONTRÉAL,0,13,2,605.0
2019-2020,CIUSSS DU CENTRE-SUD-DE-L'ÎLE-DE-MONTRÉAL,0,13,3,155.0
2019-2020,CIUSSS DU CENTRE-SUD-DE-L'ÎLE-DE-MONTRÉAL,0,13,4,160.0
2019-2020,CIUSSS DU CENTRE-SUD-DE-L'ÎLE-DE-MONTRÉAL,0,13,5,273.0
2019-2020,CIUSSS DU CENTRE-SUD-DE-L'ÎLE-DE-MONTRÉAL,0,13,6,26.0
2019-2020,CIUSSS DU CENTRE-SUD-DE-L'ÎLE-DE-MONTRÉAL,0,13,7,3.0
2019-2020,CIUSSS DU CENTRE-SUD-DE-L'ÎLE-DE-MONTRÉAL,0,13,8,0.0
2019-2020,CIUSSS DU CENTRE-SUD-DE-L'ÎLE-DE-MONTRÉAL,0,13,9,1714.0
2019-2020,CIUSSS DU CENTRE-SUD-DE-L'ÎLE-DE-MONTRÉAL,0,14,1,204.8
2019-2020,CIUSSS DU CENTRE-SUD-DE-L'ÎLE-DE-MONTRÉAL,0,14,2,631.7
2019-2020,CIUSSS DU CENTRE-SUD-DE-L'ÎLE-DE-MONTRÉAL,0,14,3,505.1
2019-2020,CIUSSS DU CENTRE-SUD-DE-L'ÎLE-DE-MONTRÉAL,0,14,4,590.5
2019-2020,CIUSSS DU CENTRE-SUD-DE-L'ÎLE-DE-MONTRÉAL,0,14,5,1079.0
2019-2020,CIUSSS DU CENTRE-SUD-DE-L'ÎLE-DE-MONTRÉAL,0,14,6,1496.0
2019-2020,CIUSSS DU CENTRE-SUD-DE-L'ÎLE-DE-MONTRÉAL,0,14,7,1552.0
2019-2020,CIUSSS DU CENTRE-SUD-DE-L'ÎLE-DE-MONTRÉAL,0,14,9,579.9
2019-2020,CIUSSS DU CENTRE-SUD-DE-L'ÎLE-DE-MONTRÉAL,0,15,1,139.5
2019-2020,CIUSSS DU CENTRE-SUD-DE-L'ÎLE-DE-MONTRÉAL,0,15,2,348.0
2019-2020,CIUSSS DU CENTRE-SUD-DE-L'ÎLE-DE-MONTRÉAL,0,15,3,336.0
2019-2020,CIUSSS DU CENTRE-SUD-DE-L'ÎLE-DE-MONTRÉAL,0,15,4,390.0
2019-2020,CIUSSS DU CENTRE-SUD-DE-L'ÎLE-DE-MONTRÉAL,0,15,5,812.0
2019-2020,CIUSSS DU CENTRE-SUD-DE-L'ÎLE-DE-MONTRÉAL,0,15,6,900.0
2019-2020,CIUSSS DU CENTRE-SUD-DE-L'ÎLE-DE-MONTRÉAL,0,15,7,1371.0
2019-2020,CIUSSS DU CENTRE-SUD-DE-L'ÎLE-DE-MONTRÉAL,0,15,9,310.0
2019-2020,CIUSSS de l'Estrie  CHUS,0,1,4,2.0
2019-2020,CIUSSS de l'Estrie  CHUS,0,1,5,3.0
2019-2020,CIUSSS de l'Estrie  CHUS,0,1,6,1.0
2019-2020,CIUSSS de l'Estrie  CHUS,0,1,9,6.0
2019-2020,CIUSSS de l'Estrie  CHUS,0,2,4,904.0
2019-2020,CIUSSS de l'Estrie  CHUS,0,2,5,1023.0
2019-2020,CIUSSS de l'Estrie  CHUS,0,2,6,191.0
2019-2020,CIUSSS de l'Estrie  CHUS,0,2,9,845.0
2019-2020,CIUSSS de l'Estrie  CHUS,0,3,4,904.0
2019-2020,CIUSSS de l'Estrie  CHUS,0,3,5,776.0
2019-2020,CIUSSS de l'Estrie  CHUS,0,3,6,191.0
2019-2020,CIUSSS de l'Estrie  CHUS,0,3,9,707.0
2019-2020,CIUSSS de l'Estrie  CHUS,0,4,4,2.0
2019-2020,CIUSSS de l'Estrie  CHUS,0,4,5,3.0
2019-2020,CIUSSS de l'Estrie  CHUS,0,4,9,5.0
2019-2020,CIUSSS de l'Estrie  CHUS,0,5,4,170.0
2019-2020,CIUSSS de l'Estrie  CHUS,0,5,5,132.0
2019-2020,CIUSSS de l'Estrie  CHUS,0,5,9,147.0
2019-2020,CIUSSS de l'Estrie  CHUS,0,6,4,170.0
2019-2020,CIUSSS de l'Estrie  CHUS,0,6,5,115.0
2019-2020,CIUSSS de l'Estrie  CHUS,0,6,9,115.0
2019-2020,CIUSSS de l'Estrie  CHUS,0,7,4,1.0
2019-2020,CIUSSS de l'Estrie  CHUS,0,7,5,2.0
2019-2020,CIUSSS de l'Estrie  CHUS,0,7,6,1.0
2019-2020,CIUSSS de l'Estrie  CHUS,0,7,9,4.0
2019-2020,CIUSSS de l'Estrie  CHUS,0,8,4,247.0
2019-2020,CIUSSS de l'Estrie  CHUS,0,8,5,847.0
2019-2020,CIUSSS de l'Estrie  CHUS,0,8,6,154.0
2019-2020,CIUSSS de l'Estrie  CHUS,0,8,9,524.0
2019-2020,CIUSSS de l'Estrie  CHUS,0,9,4,247.0
2019-2020,CIUSSS de l'Estrie  CHUS,0,9,5,847.0
2019-2020,CIUSSS de l'Estrie  CHUS,0,9,6,154.0
2019-2020,CIUSSS de l'Estrie  CHUS,0,9,9,316.0
2019-2020,CIUSSS de l'Estrie  CHUS,0,10,1,7.0
2019-2020,CIUSSS de l'Estrie  CHUS,0,10,2,97.0
2019-2020,CIUSSS de l'Estrie  CHUS,0,10,3,32.0
2019-2020,CIUSSS de l'Estrie  CHUS,0,10,4,12.0
2019-2020,CIUSSS de l'Estrie  CHUS,0,10,5,8.0
2019-2020,CIUSSS de l'Estrie  CHUS,0,10,6,4.0
2019-2020,CIUSSS de l'Estrie  CHUS,0,10,9,160.0
2019-2020,CIUSSS de l'Estrie  CHUS,0,11,1,101.0
2019-2020,CIUSSS de l'Estrie  CHUS,0,11,2,296.0
2019-2020,CIUSSS de l'Estrie  CHUS,0,11,3,354.0
2019-2020,CIUSSS de l'Estrie  CHUS,0,11,4,253.0
2019-2020,CIUSSS de l'Estrie  CHUS,0,11,5,149.0
2019-2020,CIUSSS de l'Estrie  CHUS,0,11,6,106.0
2019-2020,CIUSSS de l'Estrie  CHUS,0,11,9,284.0
2019-2020,CIUSSS de l'Estrie  CHUS,0,12,1,69.0
2019-2020,CIUSSS de l'Estrie  CHUS,0,12,2,194.0
2019-2020,CIUSSS de l'Estrie  CHUS,0,12,3,283.0
2019-2020,CIUSSS de l'Estrie  CHUS,0,12,4,139.0
2019-2020,CIUSSS de l'Estrie  CHUS,0,12,5,122.0
2019-2020,CIUSSS de l'Estrie  CHUS,0,12,6,107.0
2019-2020,CIUSSS de l'Estrie  CHUS,0,12,9,191.0
2019-2020,CIUSSS de l'Estrie  CHUS,0,13,1,7.0
2019-2020,CIUSSS de l'Estrie  CHUS,0,13,2,97.0
2019-2020,CIUSSS de l'Estrie  CHUS,0,13,3,32.0
2019-2020,CIUSSS de l'Estrie  CHUS,0,13,4,17.0
2019-2020,CIUSSS de l'Estrie  CHUS,0,13,5,16.0
2019-2020,CIUSSS de l'Estrie  CHUS,0,13,6,6.0
2019-2020,CIUSSS de l'Estrie  CHUS,0,13,9,175.0
2019-2020,CIUSSS de l'Estrie  CHUS,0,14,1,101.0
2019-2020,CIUSSS de l'Estrie  CHUS,0,14,2,296.0
2019-2020,CIUSSS de l'Estrie  CHUS,0,14,3,354.0
2019-2020,CIUSSS de l'Estrie  CHUS,0,14,4,319.0
2019-2020,CIUSSS de l'Estrie  CHUS,0,14,5,397.0
2019-2020,CIUSSS de l'Estrie  CHUS,0,14,6,128.0
2019-2020,CIUSSS de l'Estrie  CHUS,0,14,9,305.0
2019-2020,CIUSSS de l'Estrie  CHUS,0,15,1,69.0
2019-2020,CIUSSS de l'Estrie  CHUS,0,15,2,194.0
2019-2020,CIUSSS de l'Estrie  CHUS,0,15,3,283.0
2019-2020,CIUSSS de l'Estrie  CHUS,0,15,4,247.0
2019-2020,CIUSSS de l'Estrie  CHUS,0,15,5,191.0
2019-2020,CIUSSS de l'Estrie  CHUS,0,15,6,131.0
2019-2020,CIUSSS de l'Estrie  CHUS,0,15,9,195.0
2019-2020,CIUSSS de l'Ouest-de-l'Île-de-Montréal,0,1,1,0.0
2019-2020,CIUSSS de l'Ouest-de-l'Île-de-Montréal,0,1,2,0.0
2019-2020,CIUSSS de l'Ouest-de-l'Île-de-Montréal,0,1,3,0.0
2019-2020,CIUSSS de l'Ouest-de-l'Île-de-Montréal,0,1,4,5.0
2019-2020,CIUSSS de l'Ouest-de-l'Île-de-Montréal,0,1,5,8.0
2019-2020,CIUSSS de l'Ouest-de-l'Île-de-Montréal,0,1,6,0.0
2019-2020,CIUSSS de l'Ouest-de-l'Île-de-Montréal,0,1,7,0.0
2019-2020,CIUSSS de l'Ouest-de-l'Île-de-Montréal,0,1,8,0.0
2019-2020,CIUSSS de l'Ouest-de-l'Île-de-Montréal,0,1,9,13.0
2019-2020,CIUSSS de l'Ouest-de-l'Île-de-Montréal,0,2,4,159.0
2019-2020,CIUSSS de l'Ouest-de-l'Île-de-Montréal,0,2,5,1907.0
2019-2020,CIUSSS de l'Ouest-de-l'Île-de-Montréal,0,2,9,1235.0
2019-2020,CIUSSS de l'Ouest-de-l'Île-de-Montréal,0,3,4,190.0
2019-2020,CIUSSS de l'Ouest-de-l'Île-de-Montréal,0,3,5,2475.0
2019-2020,CIUSSS de l'Ouest-de-l'Île-de-Montréal,0,3,9,540.0
2019-2020,CIUSSS de l'Ouest-de-l'Île-de-Montréal,0,4,3,1.0
2019-2020,CIUSSS de l'Ouest-de-l'Île-de-Montréal,0,4,4,23.0
2019-2020,CIUSSS de l'Ouest-de-l'Île-de-Montréal,0,4,5,26.0
2019-2020,CIUSSS de l'Ouest-de-l'Île-de-Montréal,0,4,9,50.0
2019-2020,CIUSSS de l'Ouest-de-l'Île-de-Montréal,0,5,3,38.0
2019-2020,CIUSSS de l'Ouest-de-l'Île-de-Montréal,0,5,4,300.2
2019-2020,CIUSSS de l'Ouest-de-l'Île-de-Montréal,0,5,5,1215.0
2019-2020,CIUSSS de l'Ouest-de-l'Île-de-Montréal,0,5,9,770.8
2019-2020,CIUSSS de l'Ouest-de-l'Île-de-Montréal,0,6,3,38.0
2019-2020,CIUSSS de l'Ouest-de-l'Île-de-Montréal,0,6,4,198.0
2019-2020,CIUSSS de l'Ouest-de-l'Île-de-Montréal,0,6,5,899.5
2019-2020,CIUSSS de l'Ouest-de-l'Île-de-Montréal,0,6,9,535.5
2019-2020,CIUSSS de l'Ouest-de-l'Île-de-Montréal,0,7,1,1.0
2019-2020,CIUSSS de l'Ouest-de-l'Île-de-Montréal,0,7,2,41.0
2019-2020,CIUSSS de l'Ouest-de-l'Île-de-Montréal,0,7,3,23.0
2019-2020,CIUSSS de l'Ouest-de-l'Île-de-Montréal,0,7,4,10.0
2019-2020,CIUSSS de l'Ouest-de-l'Île-de-Montréal,0,7,5,19.0
2019-2020,CIUSSS de l'Ouest-de-l'Île-de-Montréal,0,7,6,2.0
2019-2020,CIUSSS de l'Ouest-de-l'Île-de-Montréal,0,7,7,0.0
2019-2020,CIUSSS de l'Ouest-de-l'Île-de-Montréal,0,7,8,0.0
2019-2020,CIUSSS de l'Ouest-de-l'Île-de-Montréal,0,7,9,96.0
2019-2020,CIUSSS de l'Ouest-de-l'Île-de-Montréal,0,8,1,638.0
2019-2020,CIUSSS de l'Ouest-de-l'Île-de-Montréal,0,8,2,1112.0
2019-2020,CIUSSS de l'Ouest-de-l'Île-de-Montréal,0,8,3,1307.0
2019-2020,CIUSSS de l'Ouest-de-l'Île-de-Montréal,0,8,4,1922.0
2019-2020,CIUSSS de l'Ouest-de-l'Île-de-Montréal,0,8,5,2638.0
2019-2020,CIUSSS de l'Ouest-de-l'Île-de-Montréal,0,8,6,2370.0
2019-2020,CIUSSS de l'Ouest-de-l'Île-de-Montréal,0,8,7,0.0
2019-2020,CIUSSS de l'Ouest-de-l'Île-de-Montréal,0,8,8,0.0
2019-2020,CIUSSS de l'Ouest-de-l'Île-de-Montréal,0,8,9,1566.0
2019-2020,CIUSSS de l'Ouest-de-l'Île-de-Montréal,0,9,1,638.0
2019-2020,CIUSSS de l'Ouest-de-l'Île-de-Montréal,0,9,2,680.0
2019-2020,CIUSSS de l'Ouest-de-l'Île-de-Montréal,0,9,3,848.0
2019-2020,CIUSSS de l'Ouest-de-l'Île-de-Montréal,0,9,4,1133.0
2019-2020,CIUSSS de l'Ouest-de-l'Île-de-Montréal,0,9,5,2556.0
2019-2020,CIUSSS de l'Ouest-de-l'Île-de-Montréal,0,9,6,2370.0
2019-2020,CIUSSS de l'Ouest-de-l'Île-de-Montréal,0,9,7,0.0
2019-2020,CIUSSS de l'Ouest-de-l'Île-de-Montréal,0,9,8,0.0
2019-2020,CIUSSS de l'Ouest-de-l'Île-de-Montréal,0,9,9,1345.0
2019-2020,CIUSSS de l'Ouest-de-l'Île-de-Montréal,0,10,1,117.0
2019-2020,CIUSSS de l'Ouest-de-l'Île-de-Montréal,0,10,2,351.0
2019-2020,CIUSSS de l'Ouest-de-l'Île-de-Montréal,0,10,3,134.0
2019-2020,CIUSSS de l'Ouest-de-l'Île-de-Montréal,0,10,4,59.0
2019-2020,CIUSSS de l'Ouest-de-l'Île-de-Montréal,0,10,5,46.0
2019-2020,CIUSSS de l'Ouest-de-l'Île-de-Montréal,0,10,6,5.0
2019-2020,CIUSSS de l'Ouest-de-l'Île-de-Montréal,0,10,7,0.0
2019-2020,CIUSSS de l'Ouest-de-l'Île-de-Montréal,0,10,8,0.0
2019-2020,CIUSSS de l'Ouest-de-l'Île-de-Montréal,0,10,9,712.0
2019-2020,CIUSSS de l'Ouest-de-l'Île-de-Montréal,0,11,1,259.4
2019-2020,CIUSSS de l'Ouest-de-l'Île-de-Montréal,0,11,2,582.5
2019-2020,CIUSSS de l'Ouest-de-l'Île-de-Montréal,0,11,3,1096.0
2019-2020,CIUSSS de l'Ouest-de-l'Île-de-Montréal,0,11,4,785.0
2019-2020,CIUSSS de l'Ouest-de-l'Île-de-Montréal,0,11,5,1179.0
2019-2020,CIUSSS de l'Ouest-de-l'Île-de-Montréal,0,11,6,1060.0
2019-2020,CIUSSS de l'Ouest-de-l'Île-de-Montréal,0,11,7,0.0
2019-2020,CIUSSS de l'Ouest-de-l'Île-de-Montréal,0,11,8,0.0
2019-2020,CIUSSS de l'Ouest-de-l'Île-de-Montréal,0,11,9,684.7
2019-2020,CIUSSS de l'Ouest-de-l'Île-de-Montréal,0,12,1,210.0
2019-2020,CIUSSS de l'Ouest-de-l'Île-de-Montréal,0,12,2,355.0
2019-2020,CIUSSS de l'Ouest-de-l'Île-de-Montréal,0,12,3,718.0
2019-2020,CIUSSS de l'Ouest-de-l'Île-de-Montréal,0,12,4,428.0
2019-2020,CIUSSS de l'Ouest-de-l'Île-de-Montréal,0,12,5,1203.0
2019-2020,CIUSSS de l'Ouest-de-l'Île-de-Montréal,0,12,6,1225.0
2019-2020,CIUSSS de l'Ouest-de-l'Île-de-Montréal,0,12,7,0.0
2019-2020,CIUSSS de l'Ouest-de-l'Île-de-Montréal,0,12,8,0.0
2019-2020,CIUSSS de l'Ouest-de-l'Île-de-Montréal,0,12,9,361.0
2019-2020,CIUSSS de l'Ouest-de-l'Île-de-Montréal,0,13,1,118.0
2019-2020,CIUSSS de l'Ouest-de-l'Île-de-Montréal,0,13,2,392.0
2019-2020,CIUSSS de l'Ouest-de-l'Île-de-Montréal,0,13,3,158.0
2019-2020,CIUSSS de l'Ouest-de-l'Île-de-Montréal,0,13,4,97.0
2019-2020,CIUSSS de l'Ouest-de-l'Île-de-Montréal,0,13,5,99.0
2019-2020,CIUSSS de l'Ouest-de-l'Île-de-Montréal,0,13,6,7.0
2019-2020,CIUSSS de l'Ouest-de-l'Île-de-Montréal,0,13,7,0.0
2019-2020,CIUSSS de l'Ouest-de-l'Île-de-Montréal,0,13,8,0.0
2019-2020,CIUSSS de l'Ouest-de-l'Île-de-Montréal,0,13,9,871.0
2019-2020,CIUSSS de l'Ouest-de-l'Île-de-Montréal,0,14,1,262.6
2019-2020,CIUSSS de l'Ouest-de-l'Île-de-Montréal,0,14,2,637.8
2019-2020,CIUSSS de l'Ouest-de-l'Île-de-Montréal,0,14,3,1120.0
2019-2020,CIUSSS de l'Ouest-de-l'Île-de-Montréal,0,14,4,755.1
2019-2020,CIUSSS de l'Ouest-de-l'Île-de-Montréal,0,14,5,1527.0
2019-2020,CIUSSS de l'Ouest-de-l'Île-de-Montréal,0,14,6,1434.0
2019-2020,CIUSSS de l'Ouest-de-l'Île-de-Montréal,0,14,7,0.0
2019-2020,CIUSSS de l'Ouest-de-l'Île-de-Montréal,0,14,8,0.0
2019-2020,CIUSSS de l'Ouest-de-l'Île-de-Montréal,0,14,9,795.0
2019-2020,CIUSSS de l'Ouest-de-l'Île-de-Montréal,0,15,1,213.5
2019-2020,CIUSSS de l'Ouest-de-l'Île-de-Montréal,0,15,2,364.5
2019-2020,CIUSSS de l'Ouest-de-l'Île-de-Montréal,0,15,3,718.0
2019-2020,CIUSSS de l'Ouest-de-l'Île-de-Montréal,0,15,4,331.0
2019-2020,CIUSSS de l'Ouest-de-l'Île-de-Montréal,0,15,5,1594.0
2019-2020,CIUSSS de l'Ouest-de-l'Île-de-Montréal,0,15,6,1225.0
2019-2020,CIUSSS de l'Ouest-de-l'Île-de-Montréal,0,15,7,0.0
2019-2020,CIUSSS de l'Ouest-de-l'Île-de-Montréal,0,15,8,0.0
2019-2020,CIUSSS de l'Ouest-de-l'Île-de-Montréal,0,15,9,413.0
2019-2020,CIUSSS de la Capitale-Nationale,0,1,1,0.0
2019-2020,CIUSSS de la Capitale-Nationale,0,1,2,0.0
2019-2020,CIUSSS de la Capitale-Nationale,0,1,3,0.0
2019-2020,CIUSSS de la Capitale-Nationale,0,1,4,2.0
2019-2020,CIUSSS de la Capitale-Nationale,0,1,5,2.0
2019-2020,CIUSSS de la Capitale-Nationale,0,1,6,0.0
2019-2020,CIUSSS de la Capitale-Nationale,0,1,7,0.0
2019-2020,CIUSSS de la Capitale-Nationale,0,1,8,0.0
2019-2020,CIUSSS de la Capitale-Nationale,0,1,9,4.0
2019-2020,CIUSSS de la Capitale-Nationale,0,2,4,221.5
2019-2020,CIUSSS de la Capitale-Nationale,0,2,5,228.0
2019-2020,CIUSSS de la Capitale-Nationale,0,2,9,224.8
2019-2020,CIUSSS de la Capitale-Nationale,0,3,4,221.5
2019-2020,CIUSSS de la Capitale-Nationale,0,3,5,228.0
2019-2020,CIUSSS de la Capitale-Nationale,0,3,9,221.5
2019-2020,CIUSSS de la Capitale-Nationale,0,4,1,0.0
2019-2020,CIUSSS de la Capitale-Nationale,0,4,2,0.0
2019-2020,CIUSSS de la Capitale-Nationale,0,4,3,0.0
2019-2020,CIUSSS de la Capitale-Nationale,0,4,4,2.0
2019-2020,CIUSSS de la Capitale-Nationale,0,4,5,1.0
2019-2020,CIUSSS de la Capitale-Nationale,0,4,6,0.0
2019-2020,CIUSSS de la Capitale-Nationale,0,4,7,0.0
2019-2020,CIUSSS de la Capitale-Nationale,0,4,8,0.0
2019-2020,CIUSSS de la Capitale-Nationale,0,4,9,3.0
2019-2020,CIUSSS de la Capitale-Nationale,0,5,4,219.5
2019-2020,CIUSSS de la Capitale-Nationale,0,5,5,68.0
2019-2020,CIUSSS de la Capitale-Nationale,0,5,9,169.0
2019-2020,CIUSSS de la Capitale-Nationale,0,6,4,219.5
2019-2020,CIUSSS de la Capitale-Nationale,0,6,5,68.0
2019-2020,CIUSSS de la Capitale-Nationale,0,6,9,105.0
2019-2020,CIUSSS de la Capitale-Nationale,0,7,1,0.0
2019-2020,CIUSSS de la Capitale-Nationale,0,7,2,3.0
2019-2020,CIUSSS de la Capitale-Nationale,0,7,3,2.0
2019-2020,CIUSSS de la Capitale-Nationale,0,7,4,2.0
2019-2020,CIUSSS de la Capitale-Nationale,0,7,5,11.0
2019-2020,CIUSSS de la Capitale-Nationale,0,7,6,2.0
2019-2020,CIUSSS de la Capitale-Nationale,0,7,7,0.0
2019-2020,CIUSSS de la Capitale-Nationale,0,7,8,0.0
2019-2020,CIUSSS de la Capitale-Nationale,0,7,9,20.0
2019-2020,CIUSSS de la Capitale-Nationale,0,8,2,321.7
2019-2020,CIUSSS de la Capitale-Nationale,0,8,3,423.0
2019-2020,CIUSSS de la Capitale-Nationale,0,8,4,345.5
2019-2020,CIUSSS de la Capitale-Nationale,0,8,5,1157.0
2019-2020,CIUSSS de la Capitale-Nationale,0,8,6,129.0
2019-2020,CIUSSS de la Capitale-Nationale,0,8,9,774.2
2019-2020,CIUSSS de la Capitale-Nationale,0,9,2,285.0
2019-2020,CIUSSS de la Capitale-Nationale,0,9,3,423.0
2019-2020,CIUSSS de la Capitale-Nationale,0,9,4,345.5
2019-2020,CIUSSS de la Capitale-Nationale,0,9,5,1085.0
2019-2020,CIUSSS de la Capitale-Nationale,0,9,6,129.0
2019-2020,CIUSSS de la Capitale-Nationale,0,9,9,522.5
2019-2020,CIUSSS de la Capitale-Nationale,0,10,1,16.0
2019-2020,CIUSSS de la Capitale-Nationale,0,10,2,101.0
2019-2020,CIUSSS de la Capitale-Nationale,0,10,3,55.0
2019-2020,CIUSSS de la Capitale-Nationale,0,10,4,28.0
2019-2020,CIUSSS de la Capitale-Nationale,0,10,5,21.0
2019-2020,CIUSSS de la Capitale-Nationale,0,10,6,7.0
2019-2020,CIUSSS de la Capitale-Nationale,0,10,7,0.0
2019-2020,CIUSSS de la Capitale-Nationale,0,10,8,0.0
2019-2020,CIUSSS de la Capitale-Nationale,0,10,9,228.0
2019-2020,CIUSSS de la Capitale-Nationale,0,11,1,27.75
2019-2020,CIUSSS de la Capitale-Nationale,0,11,2,88.34
2019-2020,CIUSSS de la Capitale-Nationale,0,11,3,97.15
2019-2020,CIUSSS de la Capitale-Nationale,0,11,4,142.3
2019-2020,CIUSSS de la Capitale-Nationale,0,11,5,123.0
2019-2020,CIUSSS de la Capitale-Nationale,0,11,6,105.1
2019-2020,CIUSSS de la Capitale-Nationale,0,11,9,96.55
2019-2020,CIUSSS de la Capitale-Nationale,0,12,1,26.5
2019-2020,CIUSSS de la Capitale-Nationale,0,12,2,5.31
2019-2020,CIUSSS de la Capitale-Nationale,0,12,3,4.0
2019-2020,CIUSSS de la Capitale-Nationale,0,12,4,127.0
2019-2020,CIUSSS de la Capitale-Nationale,0,12,5,122.1
2019-2020,CIUSSS de la Capitale-Nationale,0,12,6,100.0
2019-2020,CIUSSS de la Capitale-Nationale,0,12,9,35.09
2019-2020,CIUSSS de la Capitale-Nationale,0,13,1,16.0
2019-2020,CIUSSS de la Capitale-Nationale,0,13,2,104.0
2019-2020,CIUSSS de la Capitale-Nationale,0,13,3,57.0
2019-2020,CIUSSS de la Capitale-Nationale,0,13,4,34.0
2019-2020,CIUSSS de la Capitale-Nationale,0,13,5,35.0
2019-2020,CIUSSS de la Capitale-Nationale,0,13,6,9.0
2019-2020,CIUSSS de la Capitale-Nationale,0,13,7,0.0
2019-2020,CIUSSS de la Capitale-Nationale,0,13,8,0.0
2019-2020,CIUSSS de la Capitale-Nationale,0,13,9,255.0
2019-2020,CIUSSS de la Capitale-Nationale,0,14,1,27.75
2019-2020,CIUSSS de la Capitale-Nationale,0,14,2,95.07
2019-2020,CIUSSS de la Capitale-Nationale,0,14,3,108.6
2019-2020,CIUSSS de la Capitale-Nationale,0,14,4,163.5
2019-2020,CIUSSS de la Capitale-Nationale,0,14,5,452.4
2019-2020,CIUSSS de la Capitale-Nationale,0,14,6,110.4
2019-2020,CIUSSS de la Capitale-Nationale,0,14,9,128.4
2019-2020,CIUSSS de la Capitale-Nationale,0,15,1,26.5
2019-2020,CIUSSS de la Capitale-Nationale,0,15,2,13.38
2019-2020,CIUSSS de la Capitale-Nationale,0,15,3,18.7
2019-2020,CIUSSS de la Capitale-Nationale,0,15,4,150.9
2019-2020,CIUSSS de la Capitale-Nationale,0,15,5,429.2
2019-2020,CIUSSS de la Capitale-Nationale,0,15,6,106.4
2019-2020,CIUSSS de la Capitale-Nationale,0,15,9,77.06
2019-2020,CIUSSS de la Mauricie-et-du-Centre-du-Québec,0,1,4,2.0
2019-2020,CIUSSS de la Mauricie-et-du-Centre-du-Québec,0,1,5,4.0
2019-2020,CIUSSS de la Mauricie-et-du-Centre-du-Québec,0,1,6,1.0
2019-2020,CIUSSS de la Mauricie-et-du-Centre-du-Québec,0,1,9,7.0
2019-2020,CIUSSS de la Mauricie-et-du-Centre-du-Québec,0,2,4,360.5
2019-2020,CIUSSS de la Mauricie-et-du-Centre-du-Québec,0,2,5,343.2
2019-2020,CIUSSS de la Mauricie-et-du-Centre-du-Québec,0,2,6,397.0
2019-2020,CIUSSS de la Mauricie-et-du-Centre-du-Québec,0,2,9,355.8
2019-2020,CIUSSS de la Mauricie-et-du-Centre-du-Québec,0,3,4,360.5
2019-2020,CIUSSS de la Mauricie-et-du-Centre-du-Québec,0,3,5,255.5
2019-2020,CIUSSS de la Mauricie-et-du-Centre-du-Québec,0,3,6,397.0
2019-2020,CIUSSS de la Mauricie-et-du-Centre-du-Québec,0,3,9,397.0
2019-2020,CIUSSS de la Mauricie-et-du-Centre-du-Québec,0,4,3,5.0
2019-2020,CIUSSS de la Mauricie-et-du-Centre-du-Québec,0,4,4,5.0
2019-2020,CIUSSS de la Mauricie-et-du-Centre-du-Québec,0,4,5,3.0
2019-2020,CIUSSS de la Mauricie-et-du-Centre-du-Québec,0,4,6,1.0
2019-2020,CIUSSS de la Mauricie-et-du-Centre-du-Québec,0,4,9,14.0
2019-2020,CIUSSS de la Mauricie-et-du-Centre-du-Québec,0,5,3,104.8
2019-2020,CIUSSS de la Mauricie-et-du-Centre-du-Québec,0,5,4,110.4
2019-2020,CIUSSS de la Mauricie-et-du-Centre-du-Québec,0,5,5,101.3
2019-2020,CIUSSS de la Mauricie-et-du-Centre-du-Québec,0,5,9,98.71
2019-2020,CIUSSS de la Mauricie-et-du-Centre-du-Québec,0,6,3,65.0
2019-2020,CIUSSS de la Mauricie-et-du-Centre-du-Québec,0,6,4,65.0
2019-2020,CIUSSS de la Mauricie-et-du-Centre-du-Québec,0,6,5,128.0
2019-2020,CIUSSS de la Mauricie-et-du-Centre-du-Québec,0,6,6,2.0
2019-2020,CIUSSS de la Mauricie-et-du-Centre-du-Québec,0,6,9,65.0
2019-2020,CIUSSS de la Mauricie-et-du-Centre-du-Québec,0,7,2,1.0
2019-2020,CIUSSS de la Mauricie-et-du-Centre-du-Québec,0,7,3,2.0
2019-2020,CIUSSS de la Mauricie-et-du-Centre-du-Québec,0,7,4,1.0
2019-2020,CIUSSS de la Mauricie-et-du-Centre-du-Québec,0,7,9,4.0
2019-2020,CIUSSS de la Mauricie-et-du-Centre-du-Québec,0,8,2,135.0
2019-2020,CIUSSS de la Mauricie-et-du-Centre-du-Québec,0,8,3,1192.0
2019-2020,CIUSSS de la Mauricie-et-du-Centre-du-Québec,0,8,4,63.0
2019-2020,CIUSSS de la Mauricie-et-du-Centre-du-Québec,0,8,9,645.7
2019-2020,CIUSSS de la Mauricie-et-du-Centre-du-Québec,0,9,2,135.0
2019-2020,CIUSSS de la Mauricie-et-du-Centre-du-Québec,0,9,3,1192.0
2019-2020,CIUSSS de la Mauricie-et-du-Centre-du-Québec,0,9,4,63.0
2019-2020,CIUSSS de la Mauricie-et-du-Centre-du-Québec,0,9,9,502.5
2019-2020,CIUSSS de la Mauricie-et-du-Centre-du-Québec,0,10,1,10.0
2019-2020,CIUSSS de la Mauricie-et-du-Centre-du-Québec,0,10,2,63.0
2019-2020,CIUSSS de la Mauricie-et-du-Centre-du-Québec,0,10,3,30.0
2019-2020,CIUSSS de la Mauricie-et-du-Centre-du-Québec,0,10,4,12.0
2019-2020,CIUSSS de la Mauricie-et-du-Centre-du-Québec,0,10,5,9.0
2019-2020,CIUSSS de la Mauricie-et-du-Centre-du-Québec,0,10,6,1.0
2019-2020,CIUSSS de la Mauricie-et-du-Centre-du-Québec,0,10,9,125.0
2019-2020,CIUSSS de la Mauricie-et-du-Centre-du-Québec,0,11,1,66.4
2019-2020,CIUSSS de la Mauricie-et-du-Centre-du-Québec,0,11,2,133.7
2019-2020,CIUSSS de la Mauricie-et-du-Centre-du-Québec,0,11,3,118.9
2019-2020,CIUSSS de la Mauricie-et-du-Centre-du-Québec,0,11,4,90.33
2019-2020,CIUSSS de la Mauricie-et-du-Centre-du-Québec,0,11,5,226.0
2019-2020,CIUSSS de la Mauricie-et-du-Centre-du-Québec,0,11,6,69.0
2019-2020,CIUSSS de la Mauricie-et-du-Centre-du-Québec,0,11,9,126.7
2019-2020,CIUSSS de la Mauricie-et-du-Centre-du-Québec,0,12,1,36.0
2019-2020,CIUSSS de la Mauricie-et-du-Centre-du-Québec,0,12,2,105.0
2019-2020,CIUSSS de la Mauricie-et-du-Centre-du-Québec,0,12,3,57.5
2019-2020,CIUSSS de la Mauricie-et-du-Centre-du-Québec,0,12,4,42.0
2019-2020,CIUSSS de la Mauricie-et-du-Centre-du-Québec,0,12,5,223.0
2019-2020,CIUSSS de la Mauricie-et-du-Centre-du-Québec,0,12,6,69.0
2019-2020,CIUSSS de la Mauricie-et-du-Centre-du-Québec,0,12,9,69.0
2019-2020,CIUSSS de la Mauricie-et-du-Centre-du-Québec,0,13,1,10.0
2019-2020,CIUSSS de la Mauricie-et-du-Centre-du-Québec,0,13,2,64.0
2019-2020,CIUSSS de la Mauricie-et-du-Centre-du-Québec,0,13,3,37.0
2019-2020,CIUSSS de la Mauricie-et-du-Centre-du-Québec,0,13,4,20.0
2019-2020,CIUSSS de la Mauricie-et-du-Centre-du-Québec,0,13,5,16.0
2019-2020,CIUSSS de la Mauricie-et-du-Centre-du-Québec,0,13,6,3.0
2019-2020,CIUSSS de la Mauricie-et-du-Centre-du-Québec,0,13,9,150.0
2019-2020,CIUSSS de la Mauricie-et-du-Centre-du-Québec,0,14,1,66.4
2019-2020,CIUSSS de la Mauricie-et-du-Centre-du-Québec,0,14,2,133.7
2019-2020,CIUSSS de la Mauricie-et-du-Centre-du-Québec,0,14,3,175.0
2019-2020,CIUSSS de la Mauricie-et-du-Centre-du-Québec,0,14,4,121.3
2019-2020,CIUSSS de la Mauricie-et-du-Centre-du-Québec,0,14,5,231.9
2019-2020,CIUSSS de la Mauricie-et-du-Centre-du-Québec,0,14,6,156.0
2019-2020,CIUSSS de la Mauricie-et-du-Centre-du-Québec,0,14,9,148.7
2019-2020,CIUSSS de la Mauricie-et-du-Centre-du-Québec,0,15,1,36.0
2019-2020,CIUSSS de la Mauricie-et-du-Centre-du-Québec,0,15,2,107.0
2019-2020,CIUSSS de la Mauricie-et-du-Centre-du-Québec,0,15,3,65.0
2019-2020,CIUSSS de la Mauricie-et-du-Centre-du-Québec,0,15,4,62.5
2019-2020,CIUSSS de la Mauricie-et-du-Centre-du-Québec,0,15,5,153.5
2019-2020,CIUSSS de la Mauricie-et-du-Centre-du-Québec,0,15,6,69.0
2019-2020,CIUSSS de la Mauricie-et-du-Centre-du-Québec,0,15,9,68.5
2019-2020,CIUSSS du Saguenay  Lac-Saint-Jean,0,1,1,0.0
2019-2020,CIUSSS du Saguenay  Lac-Saint-Jean,0,1,2,0.0
2019-2020,CIUSSS du Saguenay  Lac-Saint-Jean,0,1,3,0.0
2019-2020,CIUSSS du Saguenay  Lac-Saint-Jean,0,1,4,2.0
2019-2020,CIUSSS du Saguenay  Lac-Saint-Jean,0,1,5,0.0
2019-2020,CIUSSS du Saguenay  Lac-Saint-Jean,0,1,6,0.0
2019-2020,CIUSSS du Saguenay  Lac-Saint-Jean,0,1,7,0.0
2019-2020,CIUSSS du Saguenay  Lac-Saint-Jean,0,1,8,0.0
2019-2020,CIUSSS du Saguenay  Lac-Saint-Jean,0,1,9,2.0
2019-2020,CIUSSS du Saguenay  Lac-Saint-Jean,0,2,1,0.0
2019-2020,CIUSSS du Saguenay  Lac-Saint-Jean,0,2,2,0.0
2019-2020,CIUSSS du Saguenay  Lac-Saint-Jean,0,2,3,0.0
2019-2020,CIUSSS du Saguenay  Lac-Saint-Jean,0,2,4,122.0
2019-2020,CIUSSS du Saguenay  Lac-Saint-Jean,0,2,5,0.0
2019-2020,CIUSSS du Saguenay  Lac-Saint-Jean,0,2,6,0.0
2019-2020,CIUSSS du Saguenay  Lac-Saint-Jean,0,2,7,0.0
2019-2020,CIUSSS du Saguenay  Lac-Saint-Jean,0,2,8,0.0
2019-2020,CIUSSS du Saguenay  Lac-Saint-Jean,0,2,9,122.0
2019-2020,CIUSSS du Saguenay  Lac-Saint-Jean,0,3,1,0.0
2019-2020,CIUSSS du Saguenay  Lac-Saint-Jean,0,3,2,0.0
2019-2020,CIUSSS du Saguenay  Lac-Saint-Jean,0,3,3,0.0
2019-2020,CIUSSS du Saguenay  Lac-Saint-Jean,0,3,4,122.0
2019-2020,CIUSSS du Saguenay  Lac-Saint-Jean,0,3,5,0.0
2019-2020,CIUSSS du Saguenay  Lac-Saint-Jean,0,3,6,0.0
2019-2020,CIUSSS du Saguenay  Lac-Saint-Jean,0,3,7,0.0
2019-2020,CIUSSS du Saguenay  Lac-Saint-Jean,0,3,8,0.0
2019-2020,CIUSSS du Saguenay  Lac-Saint-Jean,0,3,9,122.0
2019-2020,CIUSSS du Saguenay  Lac-Saint-Jean,0,4,1,0.0
2019-2020,CIUSSS du Saguenay  Lac-Saint-Jean,0,4,2,0.0
2019-2020,CIUSSS du Saguenay  Lac-Saint-Jean,0,4,3,0.0
2019-2020,CIUSSS du Saguenay  Lac-Saint-Jean,0,4,4,4.0
2019-2020,CIUSSS du Saguenay  Lac-Saint-Jean,0,4,5,2.0
2019-2020,CIUSSS du Saguenay  Lac-Saint-Jean,0,4,6,0.0
2019-2020,CIUSSS du Saguenay  Lac-Saint-Jean,0,4,7,0.0
2019-2020,CIUSSS du Saguenay  Lac-Saint-Jean,0,4,8,0.0
2019-2020,CIUSSS du Saguenay  Lac-Saint-Jean,0,4,9,6.0
2019-2020,CIUSSS du Saguenay  Lac-Saint-Jean,0,5,4,264.5
2019-2020,CIUSSS du Saguenay  Lac-Saint-Jean,0,5,5,53.0
2019-2020,CIUSSS du Saguenay  Lac-Saint-Jean,0,5,9,194.0
2019-2020,CIUSSS du Saguenay  Lac-Saint-Jean,0,6,4,146.5
2019-2020,CIUSSS du Saguenay  Lac-Saint-Jean,0,6,5,53.0
2019-2020,CIUSSS du Saguenay  Lac-Saint-Jean,0,6,9,81.0
2019-2020,CIUSSS du Saguenay  Lac-Saint-Jean,0,7,1,0.0
2019-2020,CIUSSS du Saguenay  Lac-Saint-Jean,0,7,2,0.0
2019-2020,CIUSSS du Saguenay  Lac-Saint-Jean,0,7,3,0.0
2019-2020,CIUSSS du Saguenay  Lac-Saint-Jean,0,7,4,1.0
2019-2020,CIUSSS du Saguenay  Lac-Saint-Jean,0,7,5,6.0
2019-2020,CIUSSS du Saguenay  Lac-Saint-Jean,0,7,6,0.0
2019-2020,CIUSSS du Saguenay  Lac-Saint-Jean,0,7,7,0.0
2019-2020,CIUSSS du Saguenay  Lac-Saint-Jean,0,7,8,0.0
2019-2020,CIUSSS du Saguenay  Lac-Saint-Jean,0,7,9,7.0
2019-2020,CIUSSS du Saguenay  Lac-Saint-Jean,0,8,4,980.0
2019-2020,CIUSSS du Saguenay  Lac-Saint-Jean,0,8,5,594.8
2019-2020,CIUSSS du Saguenay  Lac-Saint-Jean,0,8,6,0.0
2019-2020,CIUSSS du Saguenay  Lac-Saint-Jean,0,8,7,0.0
2019-2020,CIUSSS du Saguenay  Lac-Saint-Jean,0,8,8,0.0
2019-2020,CIUSSS du Saguenay  Lac-Saint-Jean,0,8,9,649.8
2019-2020,CIUSSS du Saguenay  Lac-Saint-Jean,0,9,4,980.0
2019-2020,CIUSSS du Saguenay  Lac-Saint-Jean,0,9,5,623.0
2019-2020,CIUSSS du Saguenay  Lac-Saint-Jean,0,9,9,651.0
2019-2020,CIUSSS du Saguenay  Lac-Saint-Jean,0,10,1,7.0
2019-2020,CIUSSS du Saguenay  Lac-Saint-Jean,0,10,2,7.0
2019-2020,CIUSSS du Saguenay  Lac-Saint-Jean,0,10,3,5.0
2019-2020,CIUSSS du Saguenay  Lac-Saint-Jean,0,10,4,4.0
2019-2020,CIUSSS du Saguenay  Lac-Saint-Jean,0,10,5,6.0
2019-2020,CIUSSS du Saguenay  Lac-Saint-Jean,0,10,6,0.0
2019-2020,CIUSSS du Saguenay  Lac-Saint-Jean,0,10,7,0.0
2019-2020,CIUSSS du Saguenay  Lac-Saint-Jean,0,10,8,0.0
2019-2020,CIUSSS du Saguenay  Lac-Saint-Jean,0,10,9,29.0
2019-2020,CIUSSS du Saguenay  Lac-Saint-Jean,0,11,1,69.2
2019-2020,CIUSSS du Saguenay  Lac-Saint-Jean,0,11,2,241.0
2019-2020,CIUSSS du Saguenay  Lac-Saint-Jean,0,11,3,12.6
2019-2020,CIUSSS du Saguenay  Lac-Saint-Jean,0,11,4,199.5
2019-2020,CIUSSS du Saguenay  Lac-Saint-Jean,0,11,5,335.3
2019-2020,CIUSSS du Saguenay  Lac-Saint-Jean,0,11,9,193.1
2019-2020,CIUSSS du Saguenay  Lac-Saint-Jean,0,12,1,29.0
2019-2020,CIUSSS du Saguenay  Lac-Saint-Jean,0,12,2,300.0
2019-2020,CIUSSS du Saguenay  Lac-Saint-Jean,0,12,3,148.0
2019-2020,CIUSSS du Saguenay  Lac-Saint-Jean,0,12,4,191.5
2019-2020,CIUSSS du Saguenay  Lac-Saint-Jean,0,12,5,126.0
2019-2020,CIUSSS du Saguenay  Lac-Saint-Jean,0,12,6,0.0
2019-2020,CIUSSS du Saguenay  Lac-Saint-Jean,0,12,7,0.0
2019-2020,CIUSSS du Saguenay  Lac-Saint-Jean,0,12,8,0.0
2019-2020,CIUSSS du Saguenay  Lac-Saint-Jean,0,12,9,148.0
2019-2020,CIUSSS du Saguenay  Lac-Saint-Jean,0,13,1,7.0
2019-2020,CIUSSS du Saguenay  Lac-Saint-Jean,0,13,2,7.0
2019-2020,CIUSSS du Saguenay  Lac-Saint-Jean,0,13,3,5.0
2019-2020,CIUSSS du Saguenay  Lac-Saint-Jean,0,13,4,11.0
2019-2020,CIUSSS du Saguenay  Lac-Saint-Jean,0,13,5,14.0
2019-2020,CIUSSS du Saguenay  Lac-Saint-Jean,0,13,6,0.0
2019-2020,CIUSSS du Saguenay  Lac-Saint-Jean,0,13,7,0.0
2019-2020,CIUSSS du Saguenay  Lac-Saint-Jean,0,13,8,0.0
2019-2020,CIUSSS du Saguenay  Lac-Saint-Jean,0,13,9,44.0
2019-2020,CIUSSS du Saguenay  Lac-Saint-Jean,0,14,1,69.2
2019-2020,CIUSSS du Saguenay  Lac-Saint-Jean,0,14,2,241.0
2019-2020,CIUSSS du Saguenay  Lac-Saint-Jean,0,14,3,12.6
2019-2020,CIUSSS du Saguenay  Lac-Saint-Jean,0,14,4,280.0
2019-2020,CIUSSS du Saguenay  Lac-Saint-Jean,0,14,5,406.2
2019-2020,CIUSSS du Saguenay  Lac-Saint-Jean,0,14,9,262.6
2019-2020,CIUSSS du Saguenay  Lac-Saint-Jean,0,15,1,29.0
2019-2020,CIUSSS du Saguenay  Lac-Saint-Jean,0,15,2,300.0
2019-2020,CIUSSS du Saguenay  Lac-Saint-Jean,0,15,3,148.0
2019-2020,CIUSSS du Saguenay  Lac-Saint-Jean,0,15,4,168.0
2019-2020,CIUSSS du Saguenay  Lac-Saint-Jean,0,15,5,265.5
2019-2020,CIUSSS du Saguenay  Lac-Saint-Jean,0,15,9,158.0
2020-2021,CISSS de Chaudière-Appalaches,0,1,1,0.0
2020-2021,CISSS de Chaudière-Appalaches,0,1,2,0.0
2020-2021,CISSS de Chaudière-Appalaches,0,1,3,0.0
2020-2021,CISSS de Chaudière-Appalaches,0,1,4,3.0
2020-2021,CISSS de Chaudière-Appalaches,0,1,5,0.0
2020-2021,CISSS de Chaudière-Appalaches,0,1,6,1.0
2020-2021,CISSS de Chaudière-Appalaches,0,1,7,0.0
2020-2021,CISSS de Chaudière-Appalaches,0,1,8,0.0
2020-2021,CISSS de Chaudière-Appalaches,0,1,9,4.0
2020-2021,CISSS de Chaudière-Appalaches,0,2,1,0.0
2020-2021,CISSS de Chaudière-Appalaches,0,2,2,0.0
2020-2021,CISSS de Chaudière-Appalaches,0,2,3,0.0
2020-2021,CISSS de Chaudière-Appalaches,0,2,4,172.7
2020-2021,CISSS de Chaudière-Appalaches,0,2,5,0.0
2020-2021,CISSS de Chaudière-Appalaches,0,2,6,1058.0
2020-2021,CISSS de Chaudière-Appalaches,0,2,7,0.0
2020-2021,CISSS de Chaudière-Appalaches,0,2,8,0.0
2020-2021,CISSS de Chaudière-Appalaches,0,2,9,394.0
2020-2021,CISSS de Chaudière-Appalaches,0,3,1,0.0
2020-2021,CISSS de Chaudière-Appalaches,0,3,2,0.0
2020-2021,CISSS de Chaudière-Appalaches,0,3,3,0.0
2020-2021,CISSS de Chaudière-Appalaches,0,3,4,134.0
2020-2021,CISSS de Chaudière-Appalaches,0,3,5,0.0
2020-2021,CISSS de Chaudière-Appalaches,0,3,6,1058.0
2020-2021,CISSS de Chaudière-Appalaches,0,3,7,0.0
2020-2021,CISSS de Chaudière-Appalaches,0,3,8,0.0
2020-2021,CISSS de Chaudière-Appalaches,0,3,9,203.0
2020-2021,CISSS de Chaudière-Appalaches,0,4,1,0.0
2020-2021,CISSS de Chaudière-Appalaches,0,4,2,0.0
2020-2021,CISSS de Chaudière-Appalaches,0,4,3,1.0
2020-2021,CISSS de Chaudière-Appalaches,0,4,4,1.0
2020-2021,CISSS de Chaudière-Appalaches,0,4,5,1.0
2020-2021,CISSS de Chaudière-Appalaches,0,4,6,0.0
2020-2021,CISSS de Chaudière-Appalaches,0,4,7,0.0
2020-2021,CISSS de Chaudière-Appalaches,0,4,8,0.0
2020-2021,CISSS de Chaudière-Appalaches,0,4,9,3.0
2020-2021,CISSS de Chaudière-Appalaches,0,5,1,0.0
2020-2021,CISSS de Chaudière-Appalaches,0,5,2,0.0
2020-2021,CISSS de Chaudière-Appalaches,0,5,3,14.0
2020-2021,CISSS de Chaudière-Appalaches,0,5,4,140.0
2020-2021,CISSS de Chaudière-Appalaches,0,5,5,745.0
2020-2021,CISSS de Chaudière-Appalaches,0,5,6,0.0
2020-2021,CISSS de Chaudière-Appalaches,0,5,7,0.0
2020-2021,CISSS de Chaudière-Appalaches,0,5,8,0.0
2020-2021,CISSS de Chaudière-Appalaches,0,5,9,299.7
2020-2021,CISSS de Chaudière-Appalaches,0,6,1,0.0
2020-2021,CISSS de Chaudière-Appalaches,0,6,2,0.0
2020-2021,CISSS de Chaudière-Appalaches,0,6,3,14.0
2020-2021,CISSS de Chaudière-Appalaches,0,6,4,140.0
2020-2021,CISSS de Chaudière-Appalaches,0,6,5,745.0
2020-2021,CISSS de Chaudière-Appalaches,0,6,6,0.0
2020-2021,CISSS de Chaudière-Appalaches,0,6,7,0.0
2020-2021,CISSS de Chaudière-Appalaches,0,6,8,0.0
2020-2021,CISSS de Chaudière-Appalaches,0,6,9,140.0
2020-2021,CISSS de Chaudière-Appalaches,0,7,1,0.0
2020-2021,CISSS de Chaudière-Appalaches,0,7,2,0.0
2020-2021,CISSS de Chaudière-Appalaches,0,7,3,0.0
2020-2021,CISSS de Chaudière-Appalaches,0,7,4,1.0
2020-2021,CISSS de Chaudière-Appalaches,0,7,5,0.0
2020-2021,CISSS de Chaudière-Appalaches,0,7,6,1.0
2020-2021,CISSS de Chaudière-Appalaches,0,7,7,0.0
2020-2021,CISSS de Chaudière-Appalaches,0,7,8,0.0
2020-2021,CISSS de Chaudière-Appalaches,0,7,9,2.0
2020-2021,CISSS de Chaudière-Appalaches,0,8,1,0.0
2020-2021,CISSS de Chaudière-Appalaches,0,8,2,0.0
2020-2021,CISSS de Chaudière-Appalaches,0,8,3,0.0
2020-2021,CISSS de Chaudière-Appalaches,0,8,4,581.0
2020-2021,CISSS de Chaudière-Appalaches,0,8,5,0.0
2020-2021,CISSS de Chaudière-Appalaches,0,8,6,1059.0
2020-2021,CISSS de Chaudière-Appalaches,0,8,7,0.0
2020-2021,CISSS de Chaudière-Appalaches,0,8,8,0.0
2020-2021,CISSS de Chaudière-Appalaches,0,8,9,820.0
2020-2021,CISSS de Chaudière-Appalaches,0,9,1,0.0
2020-2021,CISSS de Chaudière-Appalaches,0,9,2,0.0
2020-2021,CISSS de Chaudière-Appalaches,0,9,3,0.0
2020-2021,CISSS de Chaudière-Appalaches,0,9,4,581.0
2020-2021,CISSS de Chaudière-Appalaches,0,9,5,0.0
2020-2021,CISSS de Chaudière-Appalaches,0,9,6,1059.0
2020-2021,CISSS de Chaudière-Appalaches,0,9,7,0.0
2020-2021,CISSS de Chaudière-Appalaches,0,9,8,0.0
2020-2021,CISSS de Chaudière-Appalaches,0,9,9,820.0
2020-2021,CISSS de Chaudière-Appalaches,0,10,1,14.0
2020-2021,CISSS de Chaudière-Appalaches,0,10,2,88.0
2020-2021,CISSS de Chaudière-Appalaches,0,10,3,58.0
2020-2021,CISSS de Chaudière-Appalaches,0,10,4,12.0
2020-2021,CISSS de Chaudière-Appalaches,0,10,5,14.0
2020-2021,CISSS de Chaudière-Appalaches,0,10,6,1.0
2020-2021,CISSS de Chaudière-Appalaches,0,10,7,0.0
2020-2021,CISSS de Chaudière-Appalaches,0,10,8,0.0
2020-2021,CISSS de Chaudière-Appalaches,0,10,9,187.0
2020-2021,CISSS de Chaudière-Appalaches,0,11,1,42.21
2020-2021,CISSS de Chaudière-Appalaches,0,11,2,131.5
2020-2021,CISSS de Chaudière-Appalaches,0,11,3,136.1
2020-2021,CISSS de Chaudière-Appalaches,0,11,4,165.8
2020-2021,CISSS de Chaudière-Appalaches,0,11,5,102.6
2020-2021,CISSS de Chaudière-Appalaches,0,11,6,37.0
2020-2021,CISSS de Chaudière-Appalaches,0,11,7,0.0
2020-2021,CISSS de Chaudière-Appalaches,0,11,8,0.0
2020-2021,CISSS de Chaudière-Appalaches,0,11,9,125.8
2020-2021,CISSS de Chaudière-Appalaches,0,12,1,36.5
2020-2021,CISSS de Chaudière-Appalaches,0,12,2,76.0
2020-2021,CISSS de Chaudière-Appalaches,0,12,3,71.0
2020-2021,CISSS de Chaudière-Appalaches,0,12,4,79.5
2020-2021,CISSS de Chaudière-Appalaches,0,12,5,69.0
2020-2021,CISSS de Chaudière-Appalaches,0,12,6,37.0
2020-2021,CISSS de Chaudière-Appalaches,0,12,7,0.0
2020-2021,CISSS de Chaudière-Appalaches,0,12,8,0.0
2020-2021,CISSS de Chaudière-Appalaches,0,12,9,63.0
2020-2021,CISSS de Chaudière-Appalaches,0,13,1,14.0
2020-2021,CISSS de Chaudière-Appalaches,0,13,2,88.0
2020-2021,CISSS de Chaudière-Appalaches,0,13,3,59.0
2020-2021,CISSS de Chaudière-Appalaches,0,13,4,17.0
2020-2021,CISSS de Chaudière-Appalaches,0,13,5,15.0
2020-2021,CISSS de Chaudière-Appalaches,0,13,6,3.0
2020-2021,CISSS de Chaudière-Appalaches,0,13,7,0.0
2020-2021,CISSS de Chaudière-Appalaches,0,13,8,0.0
2020-2021,CISSS de Chaudière-Appalaches,0,13,9,196.0
2020-2021,CISSS de Chaudière-Appalaches,0,14,9,140.9
2020-2021,CISSS de Chaudière-Appalaches,0,15,9,64.5
2020-2021,CISSS de Lanaudière,0,7,1,1.0
2020-2021,CISSS de Lanaudière,0,7,3,1.0
2020-2021,CISSS de Lanaudière,0,7,9,2.0
2020-2021,CISSS de Lanaudière,0,8,1,517.0
2020-2021,CISSS de Lanaudière,0,8,3,1096.0
2020-2021,CISSS de Lanaudière,0,8,9,806.5
2020-2021,CISSS de Lanaudière,0,9,1,517.0
2020-2021,CISSS de Lanaudière,0,9,3,1096.0
2020-2021,CISSS de Lanaudière,0,9,9,806.5
2020-2021,CISSS de Lanaudière,0,10,1,40.0
2020-2021,CISSS de Lanaudière,0,10,2,329.0
2020-2021,CISSS de Lanaudière,0,10,3,206.0
2020-2021,CISSS de Lanaudière,0,10,4,26.0
2020-2021,CISSS de Lanaudière,0,10,5,14.0
2020-2021,CISSS de Lanaudière,0,10,6,2.0
2020-2021,CISSS de Lanaudière,0,10,9,617.0
2020-2021,CISSS de Lanaudière,0,11,1,33.6
2020-2021,CISSS de Lanaudière,0,11,2,164.1
2020-2021,CISSS de Lanaudière,0,11,3,240.1
2020-2021,CISSS de Lanaudière,0,11,4,252.0
2020-2021,CISSS de Lanaudière,0,11,5,267.0
2020-2021,CISSS de Lanaudière,0,11,6,130.5
2020-2021,CISSS de Lanaudière,0,11,9,186.9
2020-2021,CISSS de Lanaudière,0,12,1,26.0
2020-2021,CISSS de Lanaudière,0,12,2,122.0
2020-2021,CISSS de Lanaudière,0,12,3,199.0
2020-2021,CISSS de Lanaudière,0,12,4,159.0
2020-2021,CISSS de Lanaudière,0,12,5,136.5
2020-2021,CISSS de Lanaudière,0,12,6,130.5
2020-2021,CISSS de Lanaudière,0,12,9,136.0
2020-2021,CISSS de Lanaudière,0,13,1,41.0
2020-2021,CISSS de Lanaudière,0,13,2,329.0
2020-2021,CISSS de Lanaudière,0,13,3,207.0
2020-2021,CISSS de Lanaudière,0,13,4,26.0
2020-2021,CISSS de Lanaudière,0,13,5,14.0
2020-2021,CISSS de Lanaudière,0,13,6,2.0
2020-2021,CISSS de Lanaudière,0,13,9,619.0
2020-2021,CISSS de Lanaudière,0,14,1,45.36
2020-2021,CISSS de Lanaudière,0,14,2,164.1
2020-2021,CISSS de Lanaudière,0,14,3,244.3
2020-2021,CISSS de Lanaudière,0,14,4,252.0
2020-2021,CISSS de Lanaudière,0,14,5,267.0
2020-2021,CISSS de Lanaudière,0,14,6,130.5
2020-2021,CISSS de Lanaudière,0,14,9,188.9
2020-2021,CISSS de Lanaudière,0,15,1,29.0
2020-2021,CISSS de Lanaudière,0,15,2,122.0
2020-2021,CISSS de Lanaudière,0,15,3,199.0
2020-2021,CISSS de Lanaudière,0,15,4,159.0
2020-2021,CISSS de Lanaudière,0,15,5,136.5
2020-2021,CISSS de Lanaudière,0,15,6,130.5
2020-2021,CISSS de Lanaudière,0,15,9,139.0
2020-2021,CISSS de Laval,0,7,1,0.0
2020-2021,CISSS de Laval,0,7,2,1.0
2020-2021,CISSS de Laval,0,7,3,2.0
2020-2021,CISSS de Laval,0,7,4,6.0
2020-2021,CISSS de Laval,0,7,5,24.0
2020-2021,CISSS de Laval,0,7,6,2.0
2020-2021,CISSS de Laval,0,7,7,0.0
2020-2021,CISSS de Laval,0,7,8,0.0
2020-2021,CISSS de Laval,0,7,9,35.0
2020-2021,CISSS de Laval,0,8,2,126.0
2020-2021,CISSS de Laval,0,8,3,10.0
2020-2021,CISSS de Laval,0,8,4,960.3
2020-2021,CISSS de Laval,0,8,5,675.3
2020-2021,CISSS de Laval,0,8,6,1701.0
2020-2021,CISSS de Laval,0,8,9,729.0
2020-2021,CISSS de Laval,0,9,2,126.0
2020-2021,CISSS de Laval,0,9,3,10.0
2020-2021,CISSS de Laval,0,9,4,627.5
2020-2021,CISSS de Laval,0,9,5,695.0
2020-2021,CISSS de Laval,0,9,6,1701.0
2020-2021,CISSS de Laval,0,9,9,631.0
2020-2021,CISSS de Laval,0,10,1,22.0
2020-2021,CISSS de Laval,0,10,2,77.0
2020-2021,CISSS de Laval,0,10,3,47.0
2020-2021,CISSS de Laval,0,10,4,31.0
2020-2021,CISSS de Laval,0,10,5,38.0
2020-2021,CISSS de Laval,0,10,6,11.0
2020-2021,CISSS de Laval,0,10,7,3.0
2020-2021,CISSS de Laval,0,10,8,1.0
2020-2021,CISSS de Laval,0,10,9,230.0
2020-2021,CISSS de Laval,0,11,1,28.8
2020-2021,CISSS de Laval,0,11,2,434.3
2020-2021,CISSS de Laval,0,11,3,221.0
2020-2021,CISSS de Laval,0,11,4,504.4
2020-2021,CISSS de Laval,0,11,5,605.1
2020-2021,CISSS de Laval,0,11,6,814.3
2020-2021,CISSS de Laval,0,11,7,649.0
2020-2021,CISSS de Laval,0,11,8,793.0
2020-2021,CISSS de Laval,0,11,9,412.1
2020-2021,CISSS de Laval,0,12,1,22.0
2020-2021,CISSS de Laval,0,12,2,337.0
2020-2021,CISSS de Laval,0,12,3,101.0
2020-2021,CISSS de Laval,0,12,4,471.0
2020-2021,CISSS de Laval,0,12,5,621.5
2020-2021,CISSS de Laval,0,12,6,505.0
2020-2021,CISSS de Laval,0,12,7,705.0
2020-2021,CISSS de Laval,0,12,8,793.0
2020-2021,CISSS de Laval,0,12,9,336.0
2020-2021,CISSS de Laval,0,13,1,22.0
2020-2021,CISSS de Laval,0,13,2,78.0
2020-2021,CISSS de Laval,0,13,3,49.0
2020-2021,CISSS de Laval,0,13,4,37.0
2020-2021,CISSS de Laval,0,13,5,62.0
2020-2021,CISSS de Laval,0,13,6,13.0
2020-2021,CISSS de Laval,0,13,7,3.0
2020-2021,CISSS de Laval,0,13,8,1.0
2020-2021,CISSS de Laval,0,13,9,265.0
2020-2021,CISSS de Laval,0,14,1,28.8
2020-2021,CISSS de Laval,0,14,2,430.3
2020-2021,CISSS de Laval,0,14,3,212.3
2020-2021,CISSS de Laval,0,14,4,578.4
2020-2021,CISSS de Laval,0,14,5,632.3
2020-2021,CISSS de Laval,0,14,6,950.7
2020-2021,CISSS de Laval,0,14,7,649.0
2020-2021,CISSS de Laval,0,14,8,793.0
2020-2021,CISSS de Laval,0,14,9,454.0
2020-2021,CISSS de Laval,0,15,1,22.0
2020-2021,CISSS de Laval,0,15,2,337.0
2020-2021,CISSS de Laval,0,15,3,101.0
2020-2021,CISSS de Laval,0,15,4,526.0
2020-2021,CISSS de Laval,0,15,5,670.5
2020-2021,CISSS de Laval,0,15,6,505.0
2020-2021,CISSS de Laval,0,15,7,705.0
2020-2021,CISSS de Laval,0,15,8,793.0
2020-2021,CISSS de Laval,0,15,9,366.0
2020-2021,CISSS de l'Abitibi-Témiscamingue,0,7,1,0.0
2020-2021,CISSS de l'Abitibi-Témiscamingue,0,7,2,0.0
2020-2021,CISSS de l'Abitibi-Témiscamingue,0,7,3,1.0
2020-2021,CISSS de l'Abitibi-Témiscamingue,0,7,4,1.0
2020-2021,CISSS de l'Abitibi-Témiscamingue,0,7,5,0.0
2020-2021,CISSS de l'Abitibi-Témiscamingue,0,7,6,0.0
2020-2021,CISSS de l'Abitibi-Témiscamingue,0,7,7,0.0
2020-2021,CISSS de l'Abitibi-Témiscamingue,0,7,8,0.0
2020-2021,CISSS de l'Abitibi-Témiscamingue,0,7,9,2.0
2020-2021,CISSS de l'Abitibi-Témiscamingue,0,8,3,425.0
2020-2021,CISSS de l'Abitibi-Témiscamingue,0,8,4,548.0
2020-2021,CISSS de l'Abitibi-Témiscamingue,0,8,9,486.5
2020-2021,CISSS de l'Abitibi-Témiscamingue,0,9,3,425.0
2020-2021,CISSS de l'Abitibi-Témiscamingue,0,9,4,548.0
2020-2021,CISSS de l'Abitibi-Témiscamingue,0,9,9,486.5
2020-2021,CISSS de l'Abitibi-Témiscamingue,0,10,1,31.0
2020-2021,CISSS de l'Abitibi-Témiscamingue,0,10,2,34.0
2020-2021,CISSS de l'Abitibi-Témiscamingue,0,10,3,22.0
2020-2021,CISSS de l'Abitibi-Témiscamingue,0,10,4,7.0
2020-2021,CISSS de l'Abitibi-Témiscamingue,0,10,5,8.0
2020-2021,CISSS de l'Abitibi-Témiscamingue,0,10,6,0.0
2020-2021,CISSS de l'Abitibi-Témiscamingue,0,10,7,0.0
2020-2021,CISSS de l'Abitibi-Témiscamingue,0,10,8,0.0
2020-2021,CISSS de l'Abitibi-Témiscamingue,0,10,9,102.0
2020-2021,CISSS de l'Abitibi-Témiscamingue,0,11,1,81.38
2020-2021,CISSS de l'Abitibi-Témiscamingue,0,11,2,241.5
2020-2021,CISSS de l'Abitibi-Témiscamingue,0,11,3,286.0
2020-2021,CISSS de l'Abitibi-Témiscamingue,0,11,4,138.7
2020-2021,CISSS de l'Abitibi-Témiscamingue,0,11,5,365.2
2020-2021,CISSS de l'Abitibi-Témiscamingue,0,11,9,205.1
2020-2021,CISSS de l'Abitibi-Témiscamingue,0,12,1,50.0
2020-2021,CISSS de l'Abitibi-Témiscamingue,0,12,2,135.5
2020-2021,CISSS de l'Abitibi-Témiscamingue,0,12,3,246.0
2020-2021,CISSS de l'Abitibi-Témiscamingue,0,12,4,135.0
2020-2021,CISSS de l'Abitibi-Témiscamingue,0,12,5,311.5
2020-2021,CISSS de l'Abitibi-Témiscamingue,0,12,9,121.0
2020-2021,CISSS de l'Abitibi-Témiscamingue,0,13,1,31.0
2020-2021,CISSS de l'Abitibi-Témiscamingue,0,13,2,34.0
2020-2021,CISSS de l'Abitibi-Témiscamingue,0,13,3,23.0
2020-2021,CISSS de l'Abitibi-Témiscamingue,0,13,4,8.0
2020-2021,CISSS de l'Abitibi-Témiscamingue,0,13,5,8.0
2020-2021,CISSS de l'Abitibi-Témiscamingue,0,13,6,0.0
2020-2021,CISSS de l'Abitibi-Témiscamingue,0,13,7,0.0
2020-2021,CISSS de l'Abitibi-Témiscamingue,0,13,8,0.0
2020-2021,CISSS de l'Abitibi-Témiscamingue,0,13,9,104.0
2020-2021,CISSS de l'Abitibi-Témiscamingue,0,14,1,81.38
2020-2021,CISSS de l'Abitibi-Témiscamingue,0,14,2,241.5
2020-2021,CISSS de l'Abitibi-Témiscamingue,0,14,3,292.0
2020-2021,CISSS de l'Abitibi-Témiscamingue,0,14,4,189.8
2020-2021,CISSS de l'Abitibi-Témiscamingue,0,14,5,365.2
2020-2021,CISSS de l'Abitibi-Témiscamingue,0,14,9,210.5
2020-2021,CISSS de l'Abitibi-Témiscamingue,0,15,1,50.0
2020-2021,CISSS de l'Abitibi-Témiscamingue,0,15,2,135.5
2020-2021,CISSS de l'Abitibi-Témiscamingue,0,15,3,294.0
2020-2021,CISSS de l'Abitibi-Témiscamingue,0,15,4,149.0
2020-2021,CISSS de l'Abitibi-Témiscamingue,0,15,5,311.5
2020-2021,CISSS de l'Abitibi-Témiscamingue,0,15,9,121.0
2020-2021,CISSS de l'Outaouais,0,10,1,45.0
2020-2021,CISSS de l'Outaouais,0,10,2,183.0
2020-2021,CISSS de l'Outaouais,0,10,3,43.0
2020-2021,CISSS de l'Outaouais,0,10,4,19.0
2020-2021,CISSS de l'Outaouais,0,10,5,23.0
2020-2021,CISSS de l'Outaouais,0,10,6,6.0
2020-2021,CISSS de l'Outaouais,0,10,9,319.0
2020-2021,CISSS de l'Outaouais,0,11,1,58.42
2020-2021,CISSS de l'Outaouais,0,11,2,310.7
2020-2021,CISSS de l'Outaouais,0,11,3,218.5
2020-2021,CISSS de l'Outaouais,0,11,4,183.5
2020-2021,CISSS de l'Outaouais,0,11,5,255.9
2020-2021,CISSS de l'Outaouais,0,11,6,219.5
2020-2021,CISSS de l'Outaouais,0,11,9,249.4
2020-2021,CISSS de l'Outaouais,0,12,1,52.0
2020-2021,CISSS de l'Outaouais,0,12,2,183.0
2020-2021,CISSS de l'Outaouais,0,12,3,100.0
2020-2021,CISSS de l'Outaouais,0,12,4,142.0
2020-2021,CISSS de l'Outaouais,0,12,5,262.0
2020-2021,CISSS de l'Outaouais,0,12,6,217.0
2020-2021,CISSS de l'Outaouais,0,13,1,45.0
2020-2021,CISSS de l'Outaouais,0,13,2,183.0
2020-2021,CISSS de l'Outaouais,0,13,3,43.0
2020-2021,CISSS de l'Outaouais,0,13,4,19.0
2020-2021,CISSS de l'Outaouais,0,13,5,23.0
2020-2021,CISSS de l'Outaouais,0,13,6,6.0
2020-2021,CISSS de l'Outaouais,0,13,9,319.0
2020-2021,CISSS de l'Outaouais,0,14,1,58.42
2020-2021,CISSS de l'Outaouais,0,14,2,310.7
2020-2021,CISSS de l'Outaouais,0,14,3,218.5
2020-2021,CISSS de l'Outaouais,0,14,4,183.5
2020-2021,CISSS de l'Outaouais,0,14,5,255.9
2020-2021,CISSS de l'Outaouais,0,14,6,219.5
2020-2021,CISSS de l'Outaouais,0,14,9,249.4
2020-2021,CISSS de l'Outaouais,0,15,1,52.0
2020-2021,CISSS de l'Outaouais,0,15,2,183.0
2020-2021,CISSS de l'Outaouais,0,15,3,100.0
2020-2021,CISSS de l'Outaouais,0,15,4,142.0
2020-2021,CISSS de l'Outaouais,0,15,5,262.0
2020-2021,CISSS de l'Outaouais,0,15,6,217.0
2020-2021,CISSS de l'Outaouais,0,15,9,139.0
2020-2021,CISSS de la Côte-Nord,0,10,1,5.0
2020-2021,CISSS de la Côte-Nord,0,10,2,38.0
2020-2021,CISSS de la Côte-Nord,0,10,3,28.0
2020-2021,CISSS de la Côte-Nord,0,10,4,8.0
2020-2021,CISSS de la Côte-Nord,0,10,5,6.0
2020-2021,CISSS de la Côte-Nord,0,10,6,1.0
2020-2021,CISSS de la Côte-Nord,0,10,7,0.0
2020-2021,CISSS de la Côte-Nord,0,10,8,0.0
2020-2021,CISSS de la Côte-Nord,0,10,9,86.0
2020-2021,CISSS de la Côte-Nord,0,11,1,109.6
2020-2021,CISSS de la Côte-Nord,0,11,2,220.9
2020-2021,CISSS de la Côte-Nord,0,11,3,444.1
2020-2021,CISSS de la Côte-Nord,0,11,4,308.1
2020-2021,CISSS de la Côte-Nord,0,11,5,181.8
2020-2021,CISSS de la Côte-Nord,0,11,6,142.0
2020-2021,CISSS de la Côte-Nord,0,11,9,291.5
2020-2021,CISSS de la Côte-Nord,0,12,1,34.0
2020-2021,CISSS de la Côte-Nord,0,12,2,189.5
2020-2021,CISSS de la Côte-Nord,0,12,3,387.5
2020-2021,CISSS de la Côte-Nord,0,12,4,224.0
2020-2021,CISSS de la Côte-Nord,0,12,5,76.0
2020-2021,CISSS de la Côte-Nord,0,12,6,142.0
2020-2021,CISSS de la Côte-Nord,0,12,9,190.0
2020-2021,CISSS de la Côte-Nord,0,13,1,5.0
2020-2021,CISSS de la Côte-Nord,0,13,2,38.0
2020-2021,CISSS de la Côte-Nord,0,13,3,28.0
2020-2021,CISSS de la Côte-Nord,0,13,4,8.0
2020-2021,CISSS de la Côte-Nord,0,13,5,6.0
2020-2021,CISSS de la Côte-Nord,0,13,6,1.0
2020-2021,CISSS de la Côte-Nord,0,13,7,0.0
2020-2021,CISSS de la Côte-Nord,0,13,8,0.0
2020-2021,CISSS de la Côte-Nord,0,13,9,86.0
2020-2021,CISSS de la Côte-Nord,0,14,1,109.6
2020-2021,CISSS de la Côte-Nord,0,14,2,220.9
2020-2021,CISSS de la Côte-Nord,0,14,3,444.1
2020-2021,CISSS de la Côte-Nord,0,14,4,308.1
2020-2021,CISSS de la Côte-Nord,0,14,5,181.8
2020-2021,CISSS de la Côte-Nord,0,14,6,142.0
2020-2021,CISSS de la Côte-Nord,0,14,9,291.5
2020-2021,CISSS de la Côte-Nord,0,15,1,34.0
2020-2021,CISSS de la Côte-Nord,0,15,2,189.5
2020-2021,CISSS de la Côte-Nord,0,15,3,387.5
2020-2021,CISSS de la Côte-Nord,0,15,4,224.0
2020-2021,CISSS de la Côte-Nord,0,15,5,76.0
2020-2021,CISSS de la Côte-Nord,0,15,6,142.0
2020-2021,CISSS de la Côte-Nord,0,15,9,190.0
2020-2021,CISSS de la Gaspésie,0,10,1,5.0
2020-2021,CISSS de la Gaspésie,0,10,2,16.0
2020-2021,CISSS de la Gaspésie,0,10,3,14.0
2020-2021,CISSS de la Gaspésie,0,10,4,1.0
2020-2021,CISSS de la Gaspésie,0,10,5,3.0
2020-2021,CISSS de la Gaspésie,0,10,6,3.0
2020-2021,CISSS de la Gaspésie,0,10,9,42.0
2020-2021,CISSS de la Gaspésie,0,11,1,284.4
2020-2021,CISSS de la Gaspésie,0,11,2,209.9
2020-2021,CISSS de la Gaspésie,0,11,3,296.0
2020-2021,CISSS de la Gaspésie,0,11,4,1.0
2020-2021,CISSS de la Gaspésie,0,11,5,109.3
2020-2021,CISSS de la Gaspésie,0,11,6,255.3
2020-2021,CISSS de la Gaspésie,0,11,9,238.6
2020-2021,CISSS de la Gaspésie,0,12,1,161.0
2020-2021,CISSS de la Gaspésie,0,12,2,102.5
2020-2021,CISSS de la Gaspésie,0,12,3,134.0
2020-2021,CISSS de la Gaspésie,0,12,4,1.0
2020-2021,CISSS de la Gaspésie,0,12,5,105.0
2020-2021,CISSS de la Gaspésie,0,12,6,293.0
2020-2021,CISSS de la Gaspésie,0,12,9,120.5
2020-2021,CISSS de la Gaspésie,0,13,1,5.0
2020-2021,CISSS de la Gaspésie,0,13,2,16.0
2020-2021,CISSS de la Gaspésie,0,13,3,14.0
2020-2021,CISSS de la Gaspésie,0,13,4,1.0
2020-2021,CISSS de la Gaspésie,0,13,5,3.0
2020-2021,CISSS de la Gaspésie,0,13,6,3.0
2020-2021,CISSS de la Gaspésie,0,13,9,42.0
2020-2021,CISSS de la Gaspésie,0,14,1,284.4
2020-2021,CISSS de la Gaspésie,0,14,2,209.9
2020-2021,CISSS de la Gaspésie,0,14,3,296.0
2020-2021,CISSS de la Gaspésie,0,14,4,1.0
2020-2021,CISSS de la Gaspésie,0,14,5,109.3
2020-2021,CISSS de la Gaspésie,0,14,6,255.3
2020-2021,CISSS de la Gaspésie,0,14,9,238.6
2020-2021,CISSS de la Gaspésie,0,15,1,161.0
2020-2021,CISSS de la Gaspésie,0,15,2,102.5
2020-2021,CISSS de la Gaspésie,0,15,3,134.0
2020-2021,CISSS de la Gaspésie,0,15,4,1.0
2020-2021,CISSS de la Gaspésie,0,15,5,105.0
2020-2021,CISSS de la Gaspésie,0,15,6,293.0
2020-2021,CISSS de la Gaspésie,0,15,9,120.5
2020-2021,CISSS de la Montérégie-Ouest,0,1,4,4.0
2020-2021,CISSS de la Montérégie-Ouest,0,1,5,8.0
2020-2021,CISSS de la Montérégie-Ouest,0,1,6,1.0
2020-2021,CISSS de la Montérégie-Ouest,0,1,9,13.0
2020-2021,CISSS de la Montérégie-Ouest,0,2,4,429.0
2020-2021,CISSS de la Montérégie-Ouest,0,2,5,930.0
2020-2021,CISSS de la Montérégie-Ouest,0,2,6,430.0
2020-2021,CISSS de la Montérégie-Ouest,0,2,9,1789.0
2020-2021,CISSS de la Montérégie-Ouest,0,3,4,429.0
2020-2021,CISSS de la Montérégie-Ouest,0,3,5,979.0
2020-2021,CISSS de la Montérégie-Ouest,0,3,6,430.0
2020-2021,CISSS de la Montérégie-Ouest,0,3,9,1838.0
2020-2021,CISSS de la Montérégie-Ouest,0,4,3,7.0
2020-2021,CISSS de la Montérégie-Ouest,0,4,4,31.0
2020-2021,CISSS de la Montérégie-Ouest,0,4,5,42.0
2020-2021,CISSS de la Montérégie-Ouest,0,4,6,6.0
2020-2021,CISSS de la Montérégie-Ouest,0,4,9,86.0
2020-2021,CISSS de la Montérégie-Ouest,0,5,3,442.0
2020-2021,CISSS de la Montérégie-Ouest,0,5,4,655.0
2020-2021,CISSS de la Montérégie-Ouest,0,5,5,572.0
2020-2021,CISSS de la Montérégie-Ouest,0,5,6,604.0
2020-2021,CISSS de la Montérégie-Ouest,0,5,9,2273.0
2020-2021,CISSS de la Montérégie-Ouest,0,6,3,386.0
2020-2021,CISSS de la Montérégie-Ouest,0,6,4,543.0
2020-2021,CISSS de la Montérégie-Ouest,0,6,5,535.0
2020-2021,CISSS de la Montérégie-Ouest,0,6,6,583.0
2020-2021,CISSS de la Montérégie-Ouest,0,6,9,2046.0
2020-2021,CISSS de la Montérégie-Ouest,0,7,1,1.0
2020-2021,CISSS de la Montérégie-Ouest,0,7,2,20.0
2020-2021,CISSS de la Montérégie-Ouest,0,7,3,16.0
2020-2021,CISSS de la Montérégie-Ouest,0,7,4,12.0
2020-2021,CISSS de la Montérégie-Ouest,0,7,5,30.0
2020-2021,CISSS de la Montérégie-Ouest,0,7,6,3.0
2020-2021,CISSS de la Montérégie-Ouest,0,7,9,82.0
2020-2021,CISSS de la Montérégie-Ouest,0,8,1,16.0
2020-2021,CISSS de la Montérégie-Ouest,0,8,2,590.0
2020-2021,CISSS de la Montérégie-Ouest,0,8,3,637.0
2020-2021,CISSS de la Montérégie-Ouest,0,8,4,1172.0
2020-2021,CISSS de la Montérégie-Ouest,0,8,5,2354.0
2020-2021,CISSS de la Montérégie-Ouest,0,8,6,1725.0
2020-2021,CISSS de la Montérégie-Ouest,0,8,9,6494.0
2020-2021,CISSS de la Montérégie-Ouest,0,9,1,16.0
2020-2021,CISSS de la Montérégie-Ouest,0,9,2,623.0
2020-2021,CISSS de la Montérégie-Ouest,0,9,3,566.0
2020-2021,CISSS de la Montérégie-Ouest,0,9,4,1139.0
2020-2021,CISSS de la Montérégie-Ouest,0,9,5,1463.0
2020-2021,CISSS de la Montérégie-Ouest,0,9,6,1725.0
2020-2021,CISSS de la Montérégie-Ouest,0,9,9,5532.0
2020-2021,CISSS de la Montérégie-Ouest,0,10,1,183.0
2020-2021,CISSS de la Montérégie-Ouest,0,10,2,1079.0
2020-2021,CISSS de la Montérégie-Ouest,0,10,3,407.0
2020-2021,CISSS de la Montérégie-Ouest,0,10,4,80.0
2020-2021,CISSS de la Montérégie-Ouest,0,10,5,66.0
2020-2021,CISSS de la Montérégie-Ouest,0,10,6,16.0
2020-2021,CISSS de la Montérégie-Ouest,0,10,9,1831.0
2020-2021,CISSS de la Montérégie-Ouest,0,11,1,141.0
2020-2021,CISSS de la Montérégie-Ouest,0,11,2,476.0
2020-2021,CISSS de la Montérégie-Ouest,0,11,3,510.0
2020-2021,CISSS de la Montérégie-Ouest,0,11,4,403.0
2020-2021,CISSS de la Montérégie-Ouest,0,11,5,413.0
2020-2021,CISSS de la Montérégie-Ouest,0,11,6,393.0
2020-2021,CISSS de la Montérégie-Ouest,0,11,9,2337.0
2020-2021,CISSS de la Montérégie-Ouest,0,12,1,88.0
2020-2021,CISSS de la Montérégie-Ouest,0,12,2,459.0
2020-2021,CISSS de la Montérégie-Ouest,0,12,3,490.0
2020-2021,CISSS de la Montérégie-Ouest,0,12,4,334.0
2020-2021,CISSS de la Montérégie-Ouest,0,12,5,332.0
2020-2021,CISSS de la Montérégie-Ouest,0,12,6,345.0
2020-2021,CISSS de la Montérégie-Ouest,0,12,9,2048.0
2020-2021,CISSS de la Montérégie-Ouest,0,13,1,184.0
2020-2021,CISSS de la Montérégie-Ouest,0,13,2,1099.0
2020-2021,CISSS de la Montérégie-Ouest,0,13,3,430.0
2020-2021,CISSS de la Montérégie-Ouest,0,13,4,127.0
2020-2021,CISSS de la Montérégie-Ouest,0,13,5,146.0
2020-2021,CISSS de la Montérégie-Ouest,0,13,6,26.0
2020-2021,CISSS de la Montérégie-Ouest,0,13,9,2012.0
2020-2021,CISSS de la Montérégie-Ouest,0,14,1,157.0
2020-2021,CISSS de la Montérégie-Ouest,0,14,2,1066.0
2020-2021,CISSS de la Montérégie-Ouest,0,14,3,1589.0
2020-2021,CISSS de la Montérégie-Ouest,0,14,4,1659.0
2020-2021,CISSS de la Montérégie-Ouest,0,14,5,4269.0
2020-2021,CISSS de la Montérégie-Ouest,0,14,6,3151.0
2020-2021,CISSS de la Montérégie-Ouest,0,14,9,12892.0
2020-2021,CISSS de la Montérégie-Ouest,0,15,1,104.0
2020-2021,CISSS de la Montérégie-Ouest,0,15,2,1082.0
2020-2021,CISSS de la Montérégie-Ouest,0,15,3,1442.0
2020-2021,CISSS de la Montérégie-Ouest,0,15,4,2444.0
2020-2021,CISSS de la Montérégie-Ouest,0,15,5,3309.0
2020-2021,CISSS de la Montérégie-Ouest,0,15,6,3083.0
2020-2021,CISSS de la Montérégie-Ouest,0,15,9,11463.0
2020-2021,CISSS des Laurentides,0,1,1,0.0
2020-2021,CISSS des Laurentides,0,1,2,0.0
2020-2021,CISSS des Laurentides,0,1,3,0.0
2020-2021,CISSS des Laurentides,0,1,4,2.0
2020-2021,CISSS des Laurentides,0,1,5,8.0
2020-2021,CISSS des Laurentides,0,1,6,0.0
2020-2021,CISSS des Laurentides,0,1,7,0.0
2020-2021,CISSS des Laurentides,0,1,8,0.0
2020-2021,CISSS des Laurentides,0,1,9,10.0
2020-2021,CISSS des Laurentides,0,2,1,0.0
2020-2021,CISSS des Laurentides,0,2,2,0.0
2020-2021,CISSS des Laurentides,0,2,3,0.0
2020-2021,CISSS des Laurentides,0,2,4,257.5
2020-2021,CISSS des Laurentides,0,2,5,874.0
2020-2021,CISSS des Laurentides,0,2,6,0.0
2020-2021,CISSS des Laurentides,0,2,7,0.0
2020-2021,CISSS des Laurentides,0,2,8,0.0
2020-2021,CISSS des Laurentides,0,2,9,750.7
2020-2021,CISSS des Laurentides,0,3,1,0.0
2020-2021,CISSS des Laurentides,0,3,2,0.0
2020-2021,CISSS des Laurentides,0,3,3,0.0
2020-2021,CISSS des Laurentides,0,3,4,257.5
2020-2021,CISSS des Laurentides,0,3,5,815.0
2020-2021,CISSS des Laurentides,0,3,6,0.0
2020-2021,CISSS des Laurentides,0,3,7,0.0
2020-2021,CISSS des Laurentides,0,3,8,0.0
2020-2021,CISSS des Laurentides,0,3,9,506.5
2020-2021,CISSS des Laurentides,0,4,1,0.0
2020-2021,CISSS des Laurentides,0,4,2,0.0
2020-2021,CISSS des Laurentides,0,4,3,3.0
2020-2021,CISSS des Laurentides,0,4,4,8.0
2020-2021,CISSS des Laurentides,0,4,5,14.0
2020-2021,CISSS des Laurentides,0,4,6,1.0
2020-2021,CISSS des Laurentides,0,4,7,0.0
2020-2021,CISSS des Laurentides,0,4,8,0.0
2020-2021,CISSS des Laurentides,0,4,9,26.0
2020-2021,CISSS des Laurentides,0,5,1,0.0
2020-2021,CISSS des Laurentides,0,5,2,0.0
2020-2021,CISSS des Laurentides,0,5,3,107.3
2020-2021,CISSS des Laurentides,0,5,4,161.5
2020-2021,CISSS des Laurentides,0,5,5,353.5
2020-2021,CISSS des Laurentides,0,5,6,24.0
2020-2021,CISSS des Laurentides,0,5,7,0.0
2020-2021,CISSS des Laurentides,0,5,8,0.0
2020-2021,CISSS des Laurentides,0,5,9,253.3
2020-2021,CISSS des Laurentides,0,6,1,0.0
2020-2021,CISSS des Laurentides,0,6,2,0.0
2020-2021,CISSS des Laurentides,0,6,3,96.0
2020-2021,CISSS des Laurentides,0,6,4,104.0
2020-2021,CISSS des Laurentides,0,6,5,482.0
2020-2021,CISSS des Laurentides,0,6,6,24.0
2020-2021,CISSS des Laurentides,0,6,7,0.0
2020-2021,CISSS des Laurentides,0,6,8,0.0
2020-2021,CISSS des Laurentides,0,6,9,204.0
2020-2021,CISSS des Laurentides,0,7,1,0.0
2020-2021,CISSS des Laurentides,0,7,2,0.0
2020-2021,CISSS des Laurentides,0,7,3,0.0
2020-2021,CISSS des Laurentides,0,7,4,1.0
2020-2021,CISSS des Laurentides,0,7,5,1.0
2020-2021,CISSS des Laurentides,0,7,6,0.0
2020-2021,CISSS des Laurentides,0,7,7,0.0
2020-2021,CISSS des Laurentides,0,7,8,0.0
2020-2021,CISSS des Laurentides,0,7,9,2.0
2020-2021,CISSS des Laurentides,0,8,1,0.0
2020-2021,CISSS des Laurentides,0,8,2,0.0
2020-2021,CISSS des Laurentides,0,8,3,0.0
2020-2021,CISSS des Laurentides,0,8,4,1096.0
2020-2021,CISSS des Laurentides,0,8,5,2008.0
2020-2021,CISSS des Laurentides,0,8,6,0.0
2020-2021,CISSS des Laurentides,0,8,7,0.0
2020-2021,CISSS des Laurentides,0,8,8,0.0
2020-2021,CISSS des Laurentides,0,8,9,1552.0
2020-2021,CISSS des Laurentides,0,9,1,0.0
2020-2021,CISSS des Laurentides,0,9,2,0.0
2020-2021,CISSS des Laurentides,0,9,3,0.0
2020-2021,CISSS des Laurentides,0,9,4,1096.0
2020-2021,CISSS des Laurentides,0,9,5,2008.0
2020-2021,CISSS des Laurentides,0,9,6,0.0
2020-2021,CISSS des Laurentides,0,9,7,0.0
2020-2021,CISSS des Laurentides,0,9,8,0.0
2020-2021,CISSS des Laurentides,0,9,9,1552.0
2020-2021,CISSS des Laurentides,0,10,1,8.0
2020-2021,CISSS des Laurentides,0,10,2,97.0
2020-2021,CISSS des Laurentides,0,10,3,33.0
2020-2021,CISSS des Laurentides,0,10,4,9.0
2020-2021,CISSS des Laurentides,0,10,5,29.0
2020-2021,CISSS des Laurentides,0,10,6,7.0
2020-2021,CISSS des Laurentides,0,10,7,0.0
2020-2021,CISSS des Laurentides,0,10,8,0.0
2020-2021,CISSS des Laurentides,0,10,9,183.0
2020-2021,CISSS des Laurentides,0,11,1,38.1
2020-2021,CISSS des Laurentides,0,11,2,114.3
2020-2021,CISSS des Laurentides,0,11,3,102.8
2020-2021,CISSS des Laurentides,0,11,4,255.3
2020-2021,CISSS des Laurentides,0,11,5,181.6
2020-2021,CISSS des Laurentides,0,11,6,97.9
2020-2021,CISSS des Laurentides,0,11,7,0.0
2020-2021,CISSS des Laurentides,0,11,8,0.0
2020-2021,CISSS des Laurentides,0,11,9,125.9
2020-2021,CISSS des Laurentides,0,12,1,30.5
2020-2021,CISSS des Laurentides,0,12,2,72.0
2020-2021,CISSS des Laurentides,0,12,3,57.0
2020-2021,CISSS des Laurentides,0,12,4,104.0
2020-2021,CISSS des Laurentides,0,12,5,132.0
2020-2021,CISSS des Laurentides,0,12,6,52.0
2020-2021,CISSS des Laurentides,0,12,7,0.0
2020-2021,CISSS des Laurentides,0,12,8,0.0
2020-2021,CISSS des Laurentides,0,12,9,71.0
2020-2021,CISSS des Laurentides,0,13,1,8.0
2020-2021,CISSS des Laurentides,0,13,2,97.0
2020-2021,CISSS des Laurentides,0,13,3,36.0
2020-2021,CISSS des Laurentides,0,13,4,20.0
2020-2021,CISSS des Laurentides,0,13,5,52.0
2020-2021,CISSS des Laurentides,0,13,6,8.0
2020-2021,CISSS des Laurentides,0,13,7,0.0
2020-2021,CISSS des Laurentides,0,13,8,0.0
2020-2021,CISSS des Laurentides,0,13,9,221.0
2020-2021,CISSS des Laurentides,0,14,1,38.1
2020-2021,CISSS des Laurentides,0,14,2,114.3
2020-2021,CISSS des Laurentides,0,14,3,103.1
2020-2021,CISSS des Laurentides,0,14,4,260.1
2020-2021,CISSS des Laurentides,0,14,5,369.5
2020-2021,CISSS des Laurentides,0,14,6,88.6
2020-2021,CISSS des Laurentides,0,14,7,0.0
2020-2021,CISSS des Laurentides,0,14,8,0.0
2020-2021,CISSS des Laurentides,0,14,9,182.0
2020-2021,CISSS des Laurentides,0,15,1,30.5
2020-2021,CISSS des Laurentides,0,15,2,72.0
2020-2021,CISSS des Laurentides,0,15,3,71.0
2020-2021,CISSS des Laurentides,0,15,4,104.0
2020-2021,CISSS des Laurentides,0,15,5,146.0
2020-2021,CISSS des Laurentides,0,15,6,47.5
2020-2021,CISSS des Laurentides,0,15,7,0.0
2020-2021,CISSS des Laurentides,0,15,8,0.0
2020-2021,CISSS des Laurentides,0,15,9,100.0
2020-2021,CISSS des Îles,0,10,4,1.0
2020-2021,CISSS des Îles,0,10,9,1.0
2020-2021,CISSS des Îles,0,11,4,6.0
2020-2021,CISSS des Îles,0,11,9,6.0
2020-2021,CISSS des Îles,0,12,4,6.0
2020-2021,CISSS des Îles,0,12,9,6.0
2020-2021,CISSS des Îles,0,13,4,1.0
2020-2021,CISSS des Îles,0,13,9,1.0
2020-2021,CISSS des Îles,0,14,4,6.0
2020-2021,CISSS des Îles,0,14,9,6.0
2020-2021,CISSS des Îles,0,15,4,6.0
2020-2021,CISSS des Îles,0,15,9,6.0
2020-2021,CISSS du Bas-Saint-Laurent,0,1,5,1.0
2020-2021,CISSS du Bas-Saint-Laurent,0,1,9,1.0
2020-2021,CISSS du Bas-Saint-Laurent,0,2,5,6.0
2020-2021,CISSS du Bas-Saint-Laurent,0,2,9,6.0
2020-2021,CISSS du Bas-Saint-Laurent,0,3,5,6.0
2020-2021,CISSS du Bas-Saint-Laurent,0,3,9,6.0
2020-2021,CISSS du Bas-Saint-Laurent,0,4,3,1.0
2020-2021,CISSS du Bas-Saint-Laurent,0,4,4,1.0
2020-2021,CISSS du Bas-Saint-Laurent,0,4,5,1.0
2020-2021,CISSS du Bas-Saint-Laurent,0,4,9,3.0
2020-2021,CISSS du Bas-Saint-Laurent,0,5,3,178.0
2020-2021,CISSS du Bas-Saint-Laurent,0,5,4,104.0
2020-2021,CISSS du Bas-Saint-Laurent,0,5,5,265.0
2020-2021,CISSS du Bas-Saint-Laurent,0,5,9,182.3
2020-2021,CISSS du Bas-Saint-Laurent,0,6,3,178.0
2020-2021,CISSS du Bas-Saint-Laurent,0,6,4,104.0
2020-2021,CISSS du Bas-Saint-Laurent,0,6,5,265.0
2020-2021,CISSS du Bas-Saint-Laurent,0,6,9,178.0
2020-2021,CISSS du Bas-Saint-Laurent,0,10,1,3.0
2020-2021,CISSS du Bas-Saint-Laurent,0,10,2,9.0
2020-2021,CISSS du Bas-Saint-Laurent,0,10,3,9.0
2020-2021,CISSS du Bas-Saint-Laurent,0,10,4,6.0
2020-2021,CISSS du Bas-Saint-Laurent,0,10,5,8.0
2020-2021,CISSS du Bas-Saint-Laurent,0,10,6,1.0
2020-2021,CISSS du Bas-Saint-Laurent,0,10,7,0.0
2020-2021,CISSS du Bas-Saint-Laurent,0,10,8,0.0
2020-2021,CISSS du Bas-Saint-Laurent,0,10,9,36.0
2020-2021,CISSS du Bas-Saint-Laurent,0,11,1,136.0
2020-2021,CISSS du Bas-Saint-Laurent,0,11,2,91.33
2020-2021,CISSS du Bas-Saint-Laurent,0,11,3,37.11
2020-2021,CISSS du Bas-Saint-Laurent,0,11,4,83.5
2020-2021,CISSS du Bas-Saint-Laurent,0,11,5,393.5
2020-2021,CISSS du Bas-Saint-Laurent,0,11,6,27.0
2020-2021,CISSS du Bas-Saint-Laurent,0,11,9,145.6
2020-2021,CISSS du Bas-Saint-Laurent,0,12,1,44.0
2020-2021,CISSS du Bas-Saint-Laurent,0,12,2,63.0
2020-2021,CISSS du Bas-Saint-Laurent,0,12,3,22.0
2020-2021,CISSS du Bas-Saint-Laurent,0,12,4,40.0
2020-2021,CISSS du Bas-Saint-Laurent,0,12,5,382.0
2020-2021,CISSS du Bas-Saint-Laurent,0,12,6,27.0
2020-2021,CISSS du Bas-Saint-Laurent,0,12,9,43.0
2020-2021,CISSS du Bas-Saint-Laurent,0,13,1,3.0
2020-2021,CISSS du Bas-Saint-Laurent,0,13,2,9.0
2020-2021,CISSS du Bas-Saint-Laurent,0,13,3,10.0
2020-2021,CISSS du Bas-Saint-Laurent,0,13,4,7.0
2020-2021,CISSS du Bas-Saint-Laurent,0,13,5,10.0
2020-2021,CISSS du Bas-Saint-Laurent,0,13,6,1.0
2020-2021,CISSS du Bas-Saint-Laurent,0,13,7,0.0
2020-2021,CISSS du Bas-Saint-Laurent,0,13,8,0.0
2020-2021,CISSS du Bas-Saint-Laurent,0,13,9,40.0
2020-2021,CISSS du Bas-Saint-Laurent,0,14,1,136.0
2020-2021,CISSS du Bas-Saint-Laurent,0,14,2,91.33
2020-2021,CISSS du Bas-Saint-Laurent,0,14,3,51.2
2020-2021,CISSS du Bas-Saint-Laurent,0,14,4,86.43
2020-2021,CISSS du Bas-Saint-Laurent,0,14,5,341.9
2020-2021,CISSS du Bas-Saint-Laurent,0,14,6,27.0
2020-2021,CISSS du Bas-Saint-Laurent,0,14,9,144.8
2020-2021,CISSS du Bas-Saint-Laurent,0,15,1,44.0
2020-2021,CISSS du Bas-Saint-Laurent,0,15,2,63.0
2020-2021,CISSS du Bas-Saint-Laurent,0,15,3,22.5
2020-2021,CISSS du Bas-Saint-Laurent,0,15,4,40.0
2020-2021,CISSS du Bas-Saint-Laurent,0,15,5,271.5
2020-2021,CISSS du Bas-Saint-Laurent,0,15,6,27.0
2020-2021,CISSS du Bas-Saint-Laurent,0,15,9,46.5
2020-2021,CIUSSS de l'Estrie  CHUS,0,1,4,2.0
2020-2021,CIUSSS de l'Estrie  CHUS,0,1,6,1.0
2020-2021,CIUSSS de l'Estrie  CHUS,0,1,9,3.0
2020-2021,CIUSSS de l'Estrie  CHUS,0,2,4,146.5
2020-2021,CIUSSS de l'Estrie  CHUS,0,2,6,5221.0
2020-2021,CIUSSS de l'Estrie  CHUS,0,2,9,1838.0
2020-2021,CIUSSS de l'Estrie  CHUS,0,3,4,146.5
2020-2021,CIUSSS de l'Estrie  CHUS,0,3,6,5221.0
2020-2021,CIUSSS de l'Estrie  CHUS,0,3,9,231.0
2020-2021,CIUSSS de l'Estrie  CHUS,0,4,4,2.0
2020-2021,CIUSSS de l'Estrie  CHUS,0,4,5,1.0
2020-2021,CIUSSS de l'Estrie  CHUS,0,4,9,3.0
2020-2021,CIUSSS de l'Estrie  CHUS,0,5,4,341.5
2020-2021,CIUSSS de l'Estrie  CHUS,0,5,5,198.0
2020-2021,CIUSSS de l'Estrie  CHUS,0,5,9,293.7
2020-2021,CIUSSS de l'Estrie  CHUS,0,6,4,341.5
2020-2021,CIUSSS de l'Estrie  CHUS,0,6,5,198.0
2020-2021,CIUSSS de l'Estrie  CHUS,0,6,9,260.0
2020-2021,CIUSSS de l'Estrie  CHUS,0,7,3,1.0
2020-2021,CIUSSS de l'Estrie  CHUS,0,7,4,1.0
2020-2021,CIUSSS de l'Estrie  CHUS,0,7,5,2.0
2020-2021,CIUSSS de l'Estrie  CHUS,0,7,6,1.0
2020-2021,CIUSSS de l'Estrie  CHUS,0,7,9,5.0
2020-2021,CIUSSS de l'Estrie  CHUS,0,8,3,10.0
2020-2021,CIUSSS de l'Estrie  CHUS,0,8,4,612.0
2020-2021,CIUSSS de l'Estrie  CHUS,0,8,5,435.0
2020-2021,CIUSSS de l'Estrie  CHUS,0,8,6,519.0
2020-2021,CIUSSS de l'Estrie  CHUS,0,8,9,402.2
2020-2021,CIUSSS de l'Estrie  CHUS,0,9,3,10.0
2020-2021,CIUSSS de l'Estrie  CHUS,0,9,4,612.0
2020-2021,CIUSSS de l'Estrie  CHUS,0,9,5,435.0
2020-2021,CIUSSS de l'Estrie  CHUS,0,9,6,519.0
2020-2021,CIUSSS de l'Estrie  CHUS,0,9,9,519.0
2020-2021,CIUSSS de l'Estrie  CHUS,0,10,1,6.0
2020-2021,CIUSSS de l'Estrie  CHUS,0,10,2,118.0
2020-2021,CIUSSS de l'Estrie  CHUS,0,10,3,46.0
2020-2021,CIUSSS de l'Estrie  CHUS,0,10,4,17.0
2020-2021,CIUSSS de l'Estrie  CHUS,0,10,5,11.0
2020-2021,CIUSSS de l'Estrie  CHUS,0,10,6,4.0
2020-2021,CIUSSS de l'Estrie  CHUS,0,10,9,202.0
2020-2021,CIUSSS de l'Estrie  CHUS,0,11,1,42.0
2020-2021,CIUSSS de l'Estrie  CHUS,0,11,2,363.1
2020-2021,CIUSSS de l'Estrie  CHUS,0,11,3,491.1
2020-2021,CIUSSS de l'Estrie  CHUS,0,11,4,514.6
2020-2021,CIUSSS de l'Estrie  CHUS,0,11,5,379.8
2020-2021,CIUSSS de l'Estrie  CHUS,0,11,6,263.5
2020-2021,CIUSSS de l'Estrie  CHUS,0,11,9,394.4
2020-2021,CIUSSS de l'Estrie  CHUS,0,12,1,44.0
2020-2021,CIUSSS de l'Estrie  CHUS,0,12,2,219.0
2020-2021,CIUSSS de l'Estrie  CHUS,0,12,3,462.5
2020-2021,CIUSSS de l'Estrie  CHUS,0,12,4,471.0
2020-2021,CIUSSS de l'Estrie  CHUS,0,12,5,315.0
2020-2021,CIUSSS de l'Estrie  CHUS,0,12,6,264.0
2020-2021,CIUSSS de l'Estrie  CHUS,0,12,9,347.5
2020-2021,CIUSSS de l'Estrie  CHUS,0,13,1,6.0
2020-2021,CIUSSS de l'Estrie  CHUS,0,13,2,118.0
2020-2021,CIUSSS de l'Estrie  CHUS,0,13,3,47.0
2020-2021,CIUSSS de l'Estrie  CHUS,0,13,4,22.0
2020-2021,CIUSSS de l'Estrie  CHUS,0,13,5,14.0
2020-2021,CIUSSS de l'Estrie  CHUS,0,13,6,6.0
2020-2021,CIUSSS de l'Estrie  CHUS,0,13,9,213.0
2020-2021,CIUSSS de l'Estrie  CHUS,0,14,1,42.0
2020-2021,CIUSSS de l'Estrie  CHUS,0,14,2,363.1
2020-2021,CIUSSS de l'Estrie  CHUS,0,14,3,480.9
2020-2021,CIUSSS de l'Estrie  CHUS,0,14,4,469.9
2020-2021,CIUSSS de l'Estrie  CHUS,0,14,5,374.7
2020-2021,CIUSSS de l'Estrie  CHUS,0,14,6,1132.0
2020-2021,CIUSSS de l'Estrie  CHUS,0,14,9,413.5
2020-2021,CIUSSS de l'Estrie  CHUS,0,15,1,44.0
2020-2021,CIUSSS de l'Estrie  CHUS,0,15,2,219.0
2020-2021,CIUSSS de l'Estrie  CHUS,0,15,3,450.0
2020-2021,CIUSSS de l'Estrie  CHUS,0,15,4,425.0
2020-2021,CIUSSS de l'Estrie  CHUS,0,15,5,293.5
2020-2021,CIUSSS de l'Estrie  CHUS,0,15,6,470.5
2020-2021,CIUSSS de l'Estrie  CHUS,0,15,9,336.0
2020-2021,CIUSSS de l'Ouest-de-l'Île-de-Montréal,0,1,1,0.0
2020-2021,CIUSSS de l'Ouest-de-l'Île-de-Montréal,0,1,2,0.0
2020-2021,CIUSSS de l'Ouest-de-l'Île-de-Montréal,0,1,3,0.0
2020-2021,CIUSSS de l'Ouest-de-l'Île-de-Montréal,0,1,4,10.0
2020-2021,CIUSSS de l'Ouest-de-l'Île-de-Montréal,0,1,5,9.0
2020-2021,CIUSSS de l'Ouest-de-l'Île-de-Montréal,0,1,6,0.0
2020-2021,CIUSSS de l'Ouest-de-l'Île-de-Montréal,0,1,7,0.0
2020-2021,CIUSSS de l'Ouest-de-l'Île-de-Montréal,0,1,8,0.0
2020-2021,CIUSSS de l'Ouest-de-l'Île-de-Montréal,0,1,9,19.0
2020-2021,CIUSSS de l'Ouest-de-l'Île-de-Montréal,0,2,1,0.0
2020-2021,CIUSSS de l'Ouest-de-l'Île-de-Montréal,0,2,2,0.0
2020-2021,CIUSSS de l'Ouest-de-l'Île-de-Montréal,0,2,3,0.0
2020-2021,CIUSSS de l'Ouest-de-l'Île-de-Montréal,0,2,4,300.3
2020-2021,CIUSSS de l'Ouest-de-l'Île-de-Montréal,0,2,5,1708.0
2020-2021,CIUSSS de l'Ouest-de-l'Île-de-Montréal,0,2,6,0.0
2020-2021,CIUSSS de l'Ouest-de-l'Île-de-Montréal,0,2,7,0.0
2020-2021,CIUSSS de l'Ouest-de-l'Île-de-Montréal,0,2,8,0.0
2020-2021,CIUSSS de l'Ouest-de-l'Île-de-Montréal,0,2,9,967.1
2020-2021,CIUSSS de l'Ouest-de-l'Île-de-Montréal,0,3,1,0.0
2020-2021,CIUSSS de l'Ouest-de-l'Île-de-Montréal,0,3,2,0.0
2020-2021,CIUSSS de l'Ouest-de-l'Île-de-Montréal,0,3,3,0.0
2020-2021,CIUSSS de l'Ouest-de-l'Île-de-Montréal,0,3,4,271.5
2020-2021,CIUSSS de l'Ouest-de-l'Île-de-Montréal,0,3,5,1374.0
2020-2021,CIUSSS de l'Ouest-de-l'Île-de-Montréal,0,3,6,0.0
2020-2021,CIUSSS de l'Ouest-de-l'Île-de-Montréal,0,3,7,0.0
2020-2021,CIUSSS de l'Ouest-de-l'Île-de-Montréal,0,3,8,0.0
2020-2021,CIUSSS de l'Ouest-de-l'Île-de-Montréal,0,3,9,402.0
2020-2021,CIUSSS de l'Ouest-de-l'Île-de-Montréal,0,4,1,0.0
2020-2021,CIUSSS de l'Ouest-de-l'Île-de-Montréal,0,4,2,1.0
2020-2021,CIUSSS de l'Ouest-de-l'Île-de-Montréal,0,4,3,0.0
2020-2021,CIUSSS de l'Ouest-de-l'Île-de-Montréal,0,4,4,28.0
2020-2021,CIUSSS de l'Ouest-de-l'Île-de-Montréal,0,4,5,27.0
2020-2021,CIUSSS de l'Ouest-de-l'Île-de-Montréal,0,4,6,0.0
2020-2021,CIUSSS de l'Ouest-de-l'Île-de-Montréal,0,4,7,0.0
2020-2021,CIUSSS de l'Ouest-de-l'Île-de-Montréal,0,4,8,0.0
2020-2021,CIUSSS de l'Ouest-de-l'Île-de-Montréal,0,4,9,56.0
2020-2021,CIUSSS de l'Ouest-de-l'Île-de-Montréal,0,5,1,0.0
2020-2021,CIUSSS de l'Ouest-de-l'Île-de-Montréal,0,5,2,35.0
2020-2021,CIUSSS de l'Ouest-de-l'Île-de-Montréal,0,5,3,0.0
2020-2021,CIUSSS de l'Ouest-de-l'Île-de-Montréal,0,5,4,385.4
2020-2021,CIUSSS de l'Ouest-de-l'Île-de-Montréal,0,5,5,1064.0
2020-2021,CIUSSS de l'Ouest-de-l'Île-de-Montréal,0,5,6,0.0
2020-2021,CIUSSS de l'Ouest-de-l'Île-de-Montréal,0,5,7,0.0
2020-2021,CIUSSS de l'Ouest-de-l'Île-de-Montréal,0,5,8,0.0
2020-2021,CIUSSS de l'Ouest-de-l'Île-de-Montréal,0,5,9,706.1
2020-2021,CIUSSS de l'Ouest-de-l'Île-de-Montréal,0,6,1,0.0
2020-2021,CIUSSS de l'Ouest-de-l'Île-de-Montréal,0,6,2,35.0
2020-2021,CIUSSS de l'Ouest-de-l'Île-de-Montréal,0,6,3,0.0
2020-2021,CIUSSS de l'Ouest-de-l'Île-de-Montréal,0,6,4,258.0
2020-2021,CIUSSS de l'Ouest-de-l'Île-de-Montréal,0,6,5,926.0
2020-2021,CIUSSS de l'Ouest-de-l'Île-de-Montréal,0,6,6,0.0
2020-2021,CIUSSS de l'Ouest-de-l'Île-de-Montréal,0,6,7,0.0
2020-2021,CIUSSS de l'Ouest-de-l'Île-de-Montréal,0,6,8,0.0
2020-2021,CIUSSS de l'Ouest-de-l'Île-de-Montréal,0,6,9,485.0
2020-2021,CIUSSS de l'Ouest-de-l'Île-de-Montréal,0,7,1,0.0
2020-2021,CIUSSS de l'Ouest-de-l'Île-de-Montréal,0,7,2,38.0
2020-2021,CIUSSS de l'Ouest-de-l'Île-de-Montréal,0,7,3,25.0
2020-2021,CIUSSS de l'Ouest-de-l'Île-de-Montréal,0,7,4,8.0
2020-2021,CIUSSS de l'Ouest-de-l'Île-de-Montréal,0,7,5,23.0
2020-2021,CIUSSS de l'Ouest-de-l'Île-de-Montréal,0,7,6,2.0
2020-2021,CIUSSS de l'Ouest-de-l'Île-de-Montréal,0,7,7,0.0
2020-2021,CIUSSS de l'Ouest-de-l'Île-de-Montréal,0,7,8,0.0
2020-2021,CIUSSS de l'Ouest-de-l'Île-de-Montréal,0,7,9,96.0
2020-2021,CIUSSS de l'Ouest-de-l'Île-de-Montréal,0,8,1,0.0
2020-2021,CIUSSS de l'Ouest-de-l'Île-de-Montréal,0,8,2,1235.0
2020-2021,CIUSSS de l'Ouest-de-l'Île-de-Montréal,0,8,3,1506.0
2020-2021,CIUSSS de l'Ouest-de-l'Île-de-Montréal,0,8,4,1487.0
2020-2021,CIUSSS de l'Ouest-de-l'Île-de-Montréal,0,8,5,2418.0
2020-2021,CIUSSS de l'Ouest-de-l'Île-de-Montréal,0,8,6,764.5
2020-2021,CIUSSS de l'Ouest-de-l'Île-de-Montréal,0,8,7,0.0
2020-2021,CIUSSS de l'Ouest-de-l'Île-de-Montréal,0,8,8,0.0
2020-2021,CIUSSS de l'Ouest-de-l'Île-de-Montréal,0,8,9,1600.0
2020-2021,CIUSSS de l'Ouest-de-l'Île-de-Montréal,0,9,1,0.0
2020-2021,CIUSSS de l'Ouest-de-l'Île-de-Montréal,0,9,2,895.5
2020-2021,CIUSSS de l'Ouest-de-l'Île-de-Montréal,0,9,3,1024.0
2020-2021,CIUSSS de l'Ouest-de-l'Île-de-Montréal,0,9,4,758.5
2020-2021,CIUSSS de l'Ouest-de-l'Île-de-Montréal,0,9,5,2584.0
2020-2021,CIUSSS de l'Ouest-de-l'Île-de-Montréal,0,9,6,764.5
2020-2021,CIUSSS de l'Ouest-de-l'Île-de-Montréal,0,9,7,0.0
2020-2021,CIUSSS de l'Ouest-de-l'Île-de-Montréal,0,9,8,0.0
2020-2021,CIUSSS de l'Ouest-de-l'Île-de-Montréal,0,9,9,916.5
2020-2021,CIUSSS de l'Ouest-de-l'Île-de-Montréal,0,10,1,138.0
2020-2021,CIUSSS de l'Ouest-de-l'Île-de-Montréal,0,10,2,371.0
2020-2021,CIUSSS de l'Ouest-de-l'Île-de-Montréal,0,10,3,151.0
2020-2021,CIUSSS de l'Ouest-de-l'Île-de-Montréal,0,10,4,57.0
2020-2021,CIUSSS de l'Ouest-de-l'Île-de-Montréal,0,10,5,54.0
2020-2021,CIUSSS de l'Ouest-de-l'Île-de-Montréal,0,10,6,7.0
2020-2021,CIUSSS de l'Ouest-de-l'Île-de-Montréal,0,10,7,0.0
2020-2021,CIUSSS de l'Ouest-de-l'Île-de-Montréal,0,10,8,0.0
2020-2021,CIUSSS de l'Ouest-de-l'Île-de-Montréal,0,10,9,778.0
2020-2021,CIUSSS de l'Ouest-de-l'Île-de-Montréal,0,11,1,266.4
2020-2021,CIUSSS de l'Ouest-de-l'Île-de-Montréal,0,11,2,667.1
2020-2021,CIUSSS de l'Ouest-de-l'Île-de-Montréal,0,11,3,1061.0
2020-2021,CIUSSS de l'Ouest-de-l'Île-de-Montréal,0,11,4,1072.0
2020-2021,CIUSSS de l'Ouest-de-l'Île-de-Montréal,0,11,5,1030.0
2020-2021,CIUSSS de l'Ouest-de-l'Île-de-Montréal,0,11,6,1506.0
2020-2021,CIUSSS de l'Ouest-de-l'Île-de-Montréal,0,11,7,0.0
2020-2021,CIUSSS de l'Ouest-de-l'Île-de-Montréal,0,11,8,0.0
2020-2021,CIUSSS de l'Ouest-de-l'Île-de-Montréal,0,11,9,735.0
2020-2021,CIUSSS de l'Ouest-de-l'Île-de-Montréal,0,12,1,181.5
2020-2021,CIUSSS de l'Ouest-de-l'Île-de-Montréal,0,12,2,513.0
2020-2021,CIUSSS de l'Ouest-de-l'Île-de-Montréal,0,12,3,674.0
2020-2021,CIUSSS de l'Ouest-de-l'Île-de-Montréal,0,12,4,637.0
2020-2021,CIUSSS de l'Ouest-de-l'Île-de-Montréal,0,12,5,486.0
2020-2021,CIUSSS de l'Ouest-de-l'Île-de-Montréal,0,12,6,2182.0
2020-2021,CIUSSS de l'Ouest-de-l'Île-de-Montréal,0,12,7,0.0
2020-2021,CIUSSS de l'Ouest-de-l'Île-de-Montréal,0,12,8,0.0
2020-2021,CIUSSS de l'Ouest-de-l'Île-de-Montréal,0,12,9,450.0
2020-2021,CIUSSS de l'Ouest-de-l'Île-de-Montréal,0,13,1,138.0
2020-2021,CIUSSS de l'Ouest-de-l'Île-de-Montréal,0,13,2,410.0
2020-2021,CIUSSS de l'Ouest-de-l'Île-de-Montréal,0,13,3,176.0
2020-2021,CIUSSS de l'Ouest-de-l'Île-de-Montréal,0,13,4,103.0
2020-2021,CIUSSS de l'Ouest-de-l'Île-de-Montréal,0,13,5,113.0
2020-2021,CIUSSS de l'Ouest-de-l'Île-de-Montréal,0,13,6,9.0
2020-2021,CIUSSS de l'Ouest-de-l'Île-de-Montréal,0,13,7,0.0
2020-2021,CIUSSS de l'Ouest-de-l'Île-de-Montréal,0,13,8,0.0
2020-2021,CIUSSS de l'Ouest-de-l'Île-de-Montréal,0,13,9,949.0
2020-2021,CIUSSS de l'Ouest-de-l'Île-de-Montréal,0,14,1,266.4
2020-2021,CIUSSS de l'Ouest-de-l'Île-de-Montréal,0,14,2,718.2
2020-2021,CIUSSS de l'Ouest-de-l'Île-de-Montréal,0,14,3,1125.0
2020-2021,CIUSSS de l'Ouest-de-l'Île-de-Montréal,0,14,4,843.0
2020-2021,CIUSSS de l'Ouest-de-l'Île-de-Montréal,0,14,5,1375.0
2020-2021,CIUSSS de l'Ouest-de-l'Île-de-Montréal,0,14,6,1341.0
2020-2021,CIUSSS de l'Ouest-de-l'Île-de-Montréal,0,14,7,0.0
2020-2021,CIUSSS de l'Ouest-de-l'Île-de-Montréal,0,14,8,0.0
2020-2021,CIUSSS de l'Ouest-de-l'Île-de-Montréal,0,14,9,825.4
2020-2021,CIUSSS de l'Ouest-de-l'Île-de-Montréal,0,15,1,181.5
2020-2021,CIUSSS de l'Ouest-de-l'Île-de-Montréal,0,15,2,536.5
2020-2021,CIUSSS de l'Ouest-de-l'Île-de-Montréal,0,15,3,705.0
2020-2021,CIUSSS de l'Ouest-de-l'Île-de-Montréal,0,15,4,472.0
2020-2021,CIUSSS de l'Ouest-de-l'Île-de-Montréal,0,15,5,815.0
2020-2021,CIUSSS de l'Ouest-de-l'Île-de-Montréal,0,15,6,1590.0
2020-2021,CIUSSS de l'Ouest-de-l'Île-de-Montréal,0,15,7,0.0
2020-2021,CIUSSS de l'Ouest-de-l'Île-de-Montréal,0,15,8,0.0
2020-2021,CIUSSS de l'Ouest-de-l'Île-de-Montréal,0,15,9,483.0
2020-2021,CIUSSS de la Capitale-Nationale,0,1,4,1.0
2020-2021,CIUSSS de la Capitale-Nationale,0,1,5,1.0
2020-2021,CIUSSS de la Capitale-Nationale,0,1,6,1.0
2020-2021,CIUSSS de la Capitale-Nationale,0,1,9,3.0
2020-2021,CIUSSS de la Capitale-Nationale,0,2,4,687.0
2020-2021,CIUSSS de la Capitale-Nationale,0,2,5,372.0
2020-2021,CIUSSS de la Capitale-Nationale,0,2,6,71.0
2020-2021,CIUSSS de la Capitale-Nationale,0,2,9,377.0
2020-2021,CIUSSS de la Capitale-Nationale,0,3,4,687.0
2020-2021,CIUSSS de la Capitale-Nationale,0,3,5,372.0
2020-2021,CIUSSS de la Capitale-Nationale,0,3,6,71.0
2020-2021,CIUSSS de la Capitale-Nationale,0,3,9,372.0
2020-2021,CIUSSS de la Capitale-Nationale,0,4,3,1.0
2020-2021,CIUSSS de la Capitale-Nationale,0,4,4,1.0
2020-2021,CIUSSS de la Capitale-Nationale,0,4,5,6.0
2020-2021,CIUSSS de la Capitale-Nationale,0,4,9,8.0
2020-2021,CIUSSS de la Capitale-Nationale,0,5,3,223.0
2020-2021,CIUSSS de la Capitale-Nationale,0,5,4,175.0
2020-2021,CIUSSS de la Capitale-Nationale,0,5,5,249.0
2020-2021,CIUSSS de la Capitale-Nationale,0,5,9,236.0
2020-2021,CIUSSS de la Capitale-Nationale,0,6,3,223.0
2020-2021,CIUSSS de la Capitale-Nationale,0,6,4,175.0
2020-2021,CIUSSS de la Capitale-Nationale,0,6,5,288.0
2020-2021,CIUSSS de la Capitale-Nationale,0,6,9,203.0
2020-2021,CIUSSS de la Capitale-Nationale,0,7,3,2.0
2020-2021,CIUSSS de la Capitale-Nationale,0,7,5,6.0
2020-2021,CIUSSS de la Capitale-Nationale,0,7,6,2.0
2020-2021,CIUSSS de la Capitale-Nationale,0,7,9,10.0
2020-2021,CIUSSS de la Capitale-Nationale,0,8,3,199.0
2020-2021,CIUSSS de la Capitale-Nationale,0,8,5,1167.0
2020-2021,CIUSSS de la Capitale-Nationale,0,8,6,296.0
2020-2021,CIUSSS de la Capitale-Nationale,0,8,9,799.0
2020-2021,CIUSSS de la Capitale-Nationale,0,9,3,199.0
2020-2021,CIUSSS de la Capitale-Nationale,0,9,5,1081.0
2020-2021,CIUSSS de la Capitale-Nationale,0,9,6,296.0
2020-2021,CIUSSS de la Capitale-Nationale,0,9,9,725.0
2020-2021,CIUSSS de la Capitale-Nationale,0,10,1,186.0
2020-2021,CIUSSS de la Capitale-Nationale,0,10,2,182.0
2020-2021,CIUSSS de la Capitale-Nationale,0,10,3,114.0
2020-2021,CIUSSS de la Capitale-Nationale,0,10,4,35.0
2020-2021,CIUSSS de la Capitale-Nationale,0,10,5,151.0
2020-2021,CIUSSS de la Capitale-Nationale,0,10,6,48.0
2020-2021,CIUSSS de la Capitale-Nationale,0,10,7,3.0
2020-2021,CIUSSS de la Capitale-Nationale,0,10,8,0.0
2020-2021,CIUSSS de la Capitale-Nationale,0,10,9,719.0
2020-2021,CIUSSS de la Capitale-Nationale,0,11,1,367.0
2020-2021,CIUSSS de la Capitale-Nationale,0,11,2,933.0
2020-2021,CIUSSS de la Capitale-Nationale,0,11,3,1389.0
2020-2021,CIUSSS de la Capitale-Nationale,0,11,4,1856.0
2020-2021,CIUSSS de la Capitale-Nationale,0,11,5,4162.0
2020-2021,CIUSSS de la Capitale-Nationale,0,11,6,9438.0
2020-2021,CIUSSS de la Capitale-Nationale,0,11,7,2631.0
2020-2021,CIUSSS de la Capitale-Nationale,0,11,9,2034.0
2020-2021,CIUSSS de la Capitale-Nationale,0,12,1,282.0
2020-2021,CIUSSS de la Capitale-Nationale,0,12,2,784.0
2020-2021,CIUSSS de la Capitale-Nationale,0,12,3,1115.0
2020-2021,CIUSSS de la Capitale-Nationale,0,12,4,1591.0
2020-2021,CIUSSS de la Capitale-Nationale,0,12,5,4491.0
2020-2021,CIUSSS de la Capitale-Nationale,0,12,6,8047.0
2020-2021,CIUSSS de la Capitale-Nationale,0,12,7,1647.0
2020-2021,CIUSSS de la Capitale-Nationale,0,12,9,920.0
2020-2021,CIUSSS de la Capitale-Nationale,0,13,1,186.0
2020-2021,CIUSSS de la Capitale-Nationale,0,13,2,182.0
2020-2021,CIUSSS de la Capitale-Nationale,0,13,3,117.0
2020-2021,CIUSSS de la Capitale-Nationale,0,13,4,37.0
2020-2021,CIUSSS de la Capitale-Nationale,0,13,5,164.0
2020-2021,CIUSSS de la Capitale-Nationale,0,13,6,51.0
2020-2021,CIUSSS de la Capitale-Nationale,0,13,7,3.0
2020-2021,CIUSSS de la Capitale-Nationale,0,13,8,0.0
2020-2021,CIUSSS de la Capitale-Nationale,0,13,9,740.0
2020-2021,CIUSSS de la Capitale-Nationale,0,14,1,367.0
2020-2021,CIUSSS de la Capitale-Nationale,0,14,2,933.0
2020-2021,CIUSSS de la Capitale-Nationale,0,14,3,1359.0
2020-2021,CIUSSS de la Capitale-Nationale,0,14,4,1775.0
2020-2021,CIUSSS de la Capitale-Nationale,0,14,5,3867.0
2020-2021,CIUSSS de la Capitale-Nationale,0,14,6,8763.0
2020-2021,CIUSSS de la Capitale-Nationale,0,14,7,2631.0
2020-2021,CIUSSS de la Capitale-Nationale,0,14,9,1989.0
2020-2021,CIUSSS de la Capitale-Nationale,0,15,1,282.0
2020-2021,CIUSSS de la Capitale-Nationale,0,15,2,784.0
2020-2021,CIUSSS de la Capitale-Nationale,0,15,3,1087.0
2020-2021,CIUSSS de la Capitale-Nationale,0,15,4,1162.0
2020-2021,CIUSSS de la Capitale-Nationale,0,15,5,4216.0
2020-2021,CIUSSS de la Capitale-Nationale,0,15,6,7861.0
2020-2021,CIUSSS de la Capitale-Nationale,0,15,7,1647.0
2020-2021,CIUSSS de la Capitale-Nationale,0,15,9,876.0
2020-2021,CIUSSS de la Mauricie-et-du-Centre-du-Québec,0,1,4,5.0
2020-2021,CIUSSS de la Mauricie-et-du-Centre-du-Québec,0,1,5,2.0
2020-2021,CIUSSS de la Mauricie-et-du-Centre-du-Québec,0,1,6,2.0
2020-2021,CIUSSS de la Mauricie-et-du-Centre-du-Québec,0,1,9,9.0
2020-2021,CIUSSS de la Mauricie-et-du-Centre-du-Québec,0,2,4,249.0
2020-2021,CIUSSS de la Mauricie-et-du-Centre-du-Québec,0,2,5,428.0
2020-2021,CIUSSS de la Mauricie-et-du-Centre-du-Québec,0,2,6,787.0
2020-2021,CIUSSS de la Mauricie-et-du-Centre-du-Québec,0,2,9,408.0
2020-2021,CIUSSS de la Mauricie-et-du-Centre-du-Québec,0,3,4,66.0
2020-2021,CIUSSS de la Mauricie-et-du-Centre-du-Québec,0,3,5,428.0
2020-2021,CIUSSS de la Mauricie-et-du-Centre-du-Québec,0,3,6,787.0
2020-2021,CIUSSS de la Mauricie-et-du-Centre-du-Québec,0,3,9,427.0
2020-2021,CIUSSS de la Mauricie-et-du-Centre-du-Québec,0,4,3,5.0
2020-2021,CIUSSS de la Mauricie-et-du-Centre-du-Québec,0,4,4,15.0
2020-2021,CIUSSS de la Mauricie-et-du-Centre-du-Québec,0,4,5,7.0
2020-2021,CIUSSS de la Mauricie-et-du-Centre-du-Québec,0,4,6,3.0
2020-2021,CIUSSS de la Mauricie-et-du-Centre-du-Québec,0,4,9,30.0
2020-2021,CIUSSS de la Mauricie-et-du-Centre-du-Québec,0,5,3,140.0
2020-2021,CIUSSS de la Mauricie-et-du-Centre-du-Québec,0,5,4,214.0
2020-2021,CIUSSS de la Mauricie-et-du-Centre-du-Québec,0,5,5,233.0
2020-2021,CIUSSS de la Mauricie-et-du-Centre-du-Québec,0,5,6,145.0
2020-2021,CIUSSS de la Mauricie-et-du-Centre-du-Québec,0,5,9,199.0
2020-2021,CIUSSS de la Mauricie-et-du-Centre-du-Québec,0,6,3,42.0
2020-2021,CIUSSS de la Mauricie-et-du-Centre-du-Québec,0,6,4,164.0
2020-2021,CIUSSS de la Mauricie-et-du-Centre-du-Québec,0,6,5,260.0
2020-2021,CIUSSS de la Mauricie-et-du-Centre-du-Québec,0,6,6,34.0
2020-2021,CIUSSS de la Mauricie-et-du-Centre-du-Québec,0,6,9,146.0
2020-2021,CIUSSS de la Mauricie-et-du-Centre-du-Québec,0,7,2,2.0
2020-2021,CIUSSS de la Mauricie-et-du-Centre-du-Québec,0,7,3,3.0
2020-2021,CIUSSS de la Mauricie-et-du-Centre-du-Québec,0,7,4,2.0
2020-2021,CIUSSS de la Mauricie-et-du-Centre-du-Québec,0,7,9,7.0
2020-2021,CIUSSS de la Mauricie-et-du-Centre-du-Québec,0,8,2,179.0
2020-2021,CIUSSS de la Mauricie-et-du-Centre-du-Québec,0,8,3,1083.0
2020-2021,CIUSSS de la Mauricie-et-du-Centre-du-Québec,0,8,4,258.0
2020-2021,CIUSSS de la Mauricie-et-du-Centre-du-Québec,0,8,9,589.0
2020-2021,CIUSSS de la Mauricie-et-du-Centre-du-Québec,0,9,2,179.0
2020-2021,CIUSSS de la Mauricie-et-du-Centre-du-Québec,0,9,3,1235.0
2020-2021,CIUSSS de la Mauricie-et-du-Centre-du-Québec,0,9,4,258.0
2020-2021,CIUSSS de la Mauricie-et-du-Centre-du-Québec,0,9,9,258.0
2020-2021,CIUSSS de la Mauricie-et-du-Centre-du-Québec,0,10,1,16.0
2020-2021,CIUSSS de la Mauricie-et-du-Centre-du-Québec,0,10,2,93.0
2020-2021,CIUSSS de la Mauricie-et-du-Centre-du-Québec,0,10,3,50.0
2020-2021,CIUSSS de la Mauricie-et-du-Centre-du-Québec,0,10,4,13.0
2020-2021,CIUSSS de la Mauricie-et-du-Centre-du-Québec,0,10,5,20.0
2020-2021,CIUSSS de la Mauricie-et-du-Centre-du-Québec,0,10,6,5.0
2020-2021,CIUSSS de la Mauricie-et-du-Centre-du-Québec,0,10,7,1.0
2020-2021,CIUSSS de la Mauricie-et-du-Centre-du-Québec,0,10,9,198.0
2020-2021,CIUSSS de la Mauricie-et-du-Centre-du-Québec,0,11,1,58.0
2020-2021,CIUSSS de la Mauricie-et-du-Centre-du-Québec,0,11,2,155.0
2020-2021,CIUSSS de la Mauricie-et-du-Centre-du-Québec,0,11,3,165.0
2020-2021,CIUSSS de la Mauricie-et-du-Centre-du-Québec,0,11,4,63.0
2020-2021,CIUSSS de la Mauricie-et-du-Centre-du-Québec,0,11,5,218.0
2020-2021,CIUSSS de la Mauricie-et-du-Centre-du-Québec,0,11,6,51.0
2020-2021,CIUSSS de la Mauricie-et-du-Centre-du-Québec,0,11,7,34.0
2020-2021,CIUSSS de la Mauricie-et-du-Centre-du-Québec,0,11,9,147.0
2020-2021,CIUSSS de la Mauricie-et-du-Centre-du-Québec,0,12,1,35.0
2020-2021,CIUSSS de la Mauricie-et-du-Centre-du-Québec,0,12,2,118.0
2020-2021,CIUSSS de la Mauricie-et-du-Centre-du-Québec,0,12,3,72.0
2020-2021,CIUSSS de la Mauricie-et-du-Centre-du-Québec,0,12,4,51.0
2020-2021,CIUSSS de la Mauricie-et-du-Centre-du-Québec,0,12,5,90.0
2020-2021,CIUSSS de la Mauricie-et-du-Centre-du-Québec,0,12,6,34.0
2020-2021,CIUSSS de la Mauricie-et-du-Centre-du-Québec,0,12,7,34.0
2020-2021,CIUSSS de la Mauricie-et-du-Centre-du-Québec,0,12,9,86.0
2020-2021,CIUSSS de la Mauricie-et-du-Centre-du-Québec,0,13,1,16.0
2020-2021,CIUSSS de la Mauricie-et-du-Centre-du-Québec,0,13,2,95.0
2020-2021,CIUSSS de la Mauricie-et-du-Centre-du-Québec,0,13,3,58.0
2020-2021,CIUSSS de la Mauricie-et-du-Centre-du-Québec,0,13,4,35.0
2020-2021,CIUSSS de la Mauricie-et-du-Centre-du-Québec,0,13,5,29.0
2020-2021,CIUSSS de la Mauricie-et-du-Centre-du-Québec,0,13,6,10.0
2020-2021,CIUSSS de la Mauricie-et-du-Centre-du-Québec,0,13,7,1.0
2020-2021,CIUSSS de la Mauricie-et-du-Centre-du-Québec,0,13,9,244.0
2020-2021,CIUSSS de la Mauricie-et-du-Centre-du-Québec,0,14,1,58.0
2020-2021,CIUSSS de la Mauricie-et-du-Centre-du-Québec,0,14,2,156.0
2020-2021,CIUSSS de la Mauricie-et-du-Centre-du-Québec,0,14,3,211.0
2020-2021,CIUSSS de la Mauricie-et-du-Centre-du-Québec,0,14,4,165.0
2020-2021,CIUSSS de la Mauricie-et-du-Centre-du-Québec,0,14,5,236.0
2020-2021,CIUSSS de la Mauricie-et-du-Centre-du-Québec,0,14,6,226.0
2020-2021,CIUSSS de la Mauricie-et-du-Centre-du-Québec,0,14,7,34.0
2020-2021,CIUSSS de la Mauricie-et-du-Centre-du-Québec,0,14,9,176.0
2020-2021,CIUSSS de la Mauricie-et-du-Centre-du-Québec,0,15,1,35.0
2020-2021,CIUSSS de la Mauricie-et-du-Centre-du-Québec,0,15,2,120.0
2020-2021,CIUSSS de la Mauricie-et-du-Centre-du-Québec,0,15,3,75.0
2020-2021,CIUSSS de la Mauricie-et-du-Centre-du-Québec,0,15,4,85.0
2020-2021,CIUSSS de la Mauricie-et-du-Centre-du-Québec,0,15,5,160.0
2020-2021,CIUSSS de la Mauricie-et-du-Centre-du-Québec,0,15,6,60.0
2020-2021,CIUSSS de la Mauricie-et-du-Centre-du-Québec,0,15,7,34.0
2020-2021,CIUSSS de la Mauricie-et-du-Centre-du-Québec,0,15,9,99.0
2020-2021,CIUSSS du Centre-Ouest-de-l'Île-de-Montréal,0,1,1,0.0
2020-2021,CIUSSS du Centre-Ouest-de-l'Île-de-Montréal,0,1,2,0.0
2020-2021,CIUSSS du Centre-Ouest-de-l'Île-de-Montréal,0,1,3,0.0
2020-2021,CIUSSS du Centre-Ouest-de-l'Île-de-Montréal,0,1,4,10.0
2020-2021,CIUSSS du Centre-Ouest-de-l'Île-de-Montréal,0,1,5,6.0
2020-2021,CIUSSS du Centre-Ouest-de-l'Île-de-Montréal,0,1,6,2.0
2020-2021,CIUSSS du Centre-Ouest-de-l'Île-de-Montréal,0,1,7,0.0
2020-2021,CIUSSS du Centre-Ouest-de-l'Île-de-Montréal,0,1,8,0.0
2020-2021,CIUSSS du Centre-Ouest-de-l'Île-de-Montréal,0,1,9,18.0
2020-2021,CIUSSS du Centre-Ouest-de-l'Île-de-Montréal,0,2,4,365.0
2020-2021,CIUSSS du Centre-Ouest-de-l'Île-de-Montréal,0,2,5,679.0
2020-2021,CIUSSS du Centre-Ouest-de-l'Île-de-Montréal,0,2,6,3251.0
2020-2021,CIUSSS du Centre-Ouest-de-l'Île-de-Montréal,0,2,9,790.0
2020-2021,CIUSSS du Centre-Ouest-de-l'Île-de-Montréal,0,3,4,424.0
2020-2021,CIUSSS du Centre-Ouest-de-l'Île-de-Montréal,0,3,5,761.0
2020-2021,CIUSSS du Centre-Ouest-de-l'Île-de-Montréal,0,3,6,3251.0
2020-2021,CIUSSS du Centre-Ouest-de-l'Île-de-Montréal,0,3,9,516.0
2020-2021,CIUSSS du Centre-Ouest-de-l'Île-de-Montréal,0,4,1,0.0
2020-2021,CIUSSS du Centre-Ouest-de-l'Île-de-Montréal,0,4,2,0.0
2020-2021,CIUSSS du Centre-Ouest-de-l'Île-de-Montréal,0,4,3,0.0
2020-2021,CIUSSS du Centre-Ouest-de-l'Île-de-Montréal,0,4,4,7.0
2020-2021,CIUSSS du Centre-Ouest-de-l'Île-de-Montréal,0,4,5,8.0
2020-2021,CIUSSS du Centre-Ouest-de-l'Île-de-Montréal,0,4,6,1.0
2020-2021,CIUSSS du Centre-Ouest-de-l'Île-de-Montréal,0,4,7,0.0
2020-2021,CIUSSS du Centre-Ouest-de-l'Île-de-Montréal,0,4,8,0.0
2020-2021,CIUSSS du Centre-Ouest-de-l'Île-de-Montréal,0,4,9,16.0
2020-2021,CIUSSS du Centre-Ouest-de-l'Île-de-Montréal,0,5,4,171.0
2020-2021,CIUSSS du Centre-Ouest-de-l'Île-de-Montréal,0,5,5,807.0
2020-2021,CIUSSS du Centre-Ouest-de-l'Île-de-Montréal,0,5,6,115.0
2020-2021,CIUSSS du Centre-Ouest-de-l'Île-de-Montréal,0,5,9,486.0
2020-2021,CIUSSS du Centre-Ouest-de-l'Île-de-Montréal,0,6,4,50.0
2020-2021,CIUSSS du Centre-Ouest-de-l'Île-de-Montréal,0,6,5,541.0
2020-2021,CIUSSS du Centre-Ouest-de-l'Île-de-Montréal,0,6,6,115.0
2020-2021,CIUSSS du Centre-Ouest-de-l'Île-de-Montréal,0,6,9,351.0
2020-2021,CIUSSS du Centre-Ouest-de-l'Île-de-Montréal,0,7,1,3.0
2020-2021,CIUSSS du Centre-Ouest-de-l'Île-de-Montréal,0,7,2,17.0
2020-2021,CIUSSS du Centre-Ouest-de-l'Île-de-Montréal,0,7,3,12.0
2020-2021,CIUSSS du Centre-Ouest-de-l'Île-de-Montréal,0,7,4,12.0
2020-2021,CIUSSS du Centre-Ouest-de-l'Île-de-Montréal,0,7,5,13.0
2020-2021,CIUSSS du Centre-Ouest-de-l'Île-de-Montréal,0,7,6,0.0
2020-2021,CIUSSS du Centre-Ouest-de-l'Île-de-Montréal,0,7,7,0.0
2020-2021,CIUSSS du Centre-Ouest-de-l'Île-de-Montréal,0,7,8,0.0
2020-2021,CIUSSS du Centre-Ouest-de-l'Île-de-Montréal,0,7,9,57.0
2020-2021,CIUSSS du Centre-Ouest-de-l'Île-de-Montréal,0,8,1,193.0
2020-2021,CIUSSS du Centre-Ouest-de-l'Île-de-Montréal,0,8,2,287.0
2020-2021,CIUSSS du Centre-Ouest-de-l'Île-de-Montréal,0,8,3,304.0
2020-2021,CIUSSS du Centre-Ouest-de-l'Île-de-Montréal,0,8,4,538.0
2020-2021,CIUSSS du Centre-Ouest-de-l'Île-de-Montréal,0,8,5,793.0
2020-2021,CIUSSS du Centre-Ouest-de-l'Île-de-Montréal,0,8,9,454.0
2020-2021,CIUSSS du Centre-Ouest-de-l'Île-de-Montréal,0,9,1,258.0
2020-2021,CIUSSS du Centre-Ouest-de-l'Île-de-Montréal,0,9,2,233.0
2020-2021,CIUSSS du Centre-Ouest-de-l'Île-de-Montréal,0,9,3,284.0
2020-2021,CIUSSS du Centre-Ouest-de-l'Île-de-Montréal,0,9,4,509.0
2020-2021,CIUSSS du Centre-Ouest-de-l'Île-de-Montréal,0,9,5,595.0
2020-2021,CIUSSS du Centre-Ouest-de-l'Île-de-Montréal,0,9,9,328.0
2020-2021,CIUSSS du Centre-Ouest-de-l'Île-de-Montréal,0,10,1,61.0
2020-2021,CIUSSS du Centre-Ouest-de-l'Île-de-Montréal,0,10,2,271.0
2020-2021,CIUSSS du Centre-Ouest-de-l'Île-de-Montréal,0,10,3,100.0
2020-2021,CIUSSS du Centre-Ouest-de-l'Île-de-Montréal,0,10,4,20.0
2020-2021,CIUSSS du Centre-Ouest-de-l'Île-de-Montréal,0,10,5,23.0
2020-2021,CIUSSS du Centre-Ouest-de-l'Île-de-Montréal,0,10,6,6.0
2020-2021,CIUSSS du Centre-Ouest-de-l'Île-de-Montréal,0,10,7,0.0
2020-2021,CIUSSS du Centre-Ouest-de-l'Île-de-Montréal,0,10,8,0.0
2020-2021,CIUSSS du Centre-Ouest-de-l'Île-de-Montréal,0,10,9,481.0
2020-2021,CIUSSS du Centre-Ouest-de-l'Île-de-Montréal,0,11,1,135.0
2020-2021,CIUSSS du Centre-Ouest-de-l'Île-de-Montréal,0,11,2,491.0
2020-2021,CIUSSS du Centre-Ouest-de-l'Île-de-Montréal,0,11,3,615.0
2020-2021,CIUSSS du Centre-Ouest-de-l'Île-de-Montréal,0,11,4,222.0
2020-2021,CIUSSS du Centre-Ouest-de-l'Île-de-Montréal,0,11,5,226.0
2020-2021,CIUSSS du Centre-Ouest-de-l'Île-de-Montréal,0,11,6,480.0
2020-2021,CIUSSS du Centre-Ouest-de-l'Île-de-Montréal,0,11,9,448.0
2020-2021,CIUSSS du Centre-Ouest-de-l'Île-de-Montréal,0,12,1,78.0
2020-2021,CIUSSS du Centre-Ouest-de-l'Île-de-Montréal,0,12,2,449.0
2020-2021,CIUSSS du Centre-Ouest-de-l'Île-de-Montréal,0,12,3,605.0
2020-2021,CIUSSS du Centre-Ouest-de-l'Île-de-Montréal,0,12,4,136.0
2020-2021,CIUSSS du Centre-Ouest-de-l'Île-de-Montréal,0,12,5,121.0
2020-2021,CIUSSS du Centre-Ouest-de-l'Île-de-Montréal,0,12,6,176.0
2020-2021,CIUSSS du Centre-Ouest-de-l'Île-de-Montréal,0,12,9,323.0
2020-2021,CIUSSS du Centre-Ouest-de-l'Île-de-Montréal,0,13,1,64.0
2020-2021,CIUSSS du Centre-Ouest-de-l'Île-de-Montréal,0,13,2,288.0
2020-2021,CIUSSS du Centre-Ouest-de-l'Île-de-Montréal,0,13,3,112.0
2020-2021,CIUSSS du Centre-Ouest-de-l'Île-de-Montréal,0,13,4,49.0
2020-2021,CIUSSS du Centre-Ouest-de-l'Île-de-Montréal,0,13,5,50.0
2020-2021,CIUSSS du Centre-Ouest-de-l'Île-de-Montréal,0,13,6,9.0
2020-2021,CIUSSS du Centre-Ouest-de-l'Île-de-Montréal,0,13,7,0.0
2020-2021,CIUSSS du Centre-Ouest-de-l'Île-de-Montréal,0,13,8,0.0
2020-2021,CIUSSS du Centre-Ouest-de-l'Île-de-Montréal,0,13,9,572.0
2020-2021,CIUSSS du Centre-Ouest-de-l'Île-de-Montréal,0,14,1,137.0
2020-2021,CIUSSS du Centre-Ouest-de-l'Île-de-Montréal,0,14,2,479.0
2020-2021,CIUSSS du Centre-Ouest-de-l'Île-de-Montréal,0,14,3,582.0
2020-2021,CIUSSS du Centre-Ouest-de-l'Île-de-Montréal,0,14,4,321.0
2020-2021,CIUSSS du Centre-Ouest-de-l'Île-de-Montréal,0,14,5,527.0
2020-2021,CIUSSS du Centre-Ouest-de-l'Île-de-Montréal,0,14,6,1127.0
2020-2021,CIUSSS du Centre-Ouest-de-l'Île-de-Montréal,0,14,9,460.0
2020-2021,CIUSSS du Centre-Ouest-de-l'Île-de-Montréal,0,15,1,78.0
2020-2021,CIUSSS du Centre-Ouest-de-l'Île-de-Montréal,0,15,2,441.0
2020-2021,CIUSSS du Centre-Ouest-de-l'Île-de-Montréal,0,15,3,490.0
2020-2021,CIUSSS du Centre-Ouest-de-l'Île-de-Montréal,0,15,4,212.0
2020-2021,CIUSSS du Centre-Ouest-de-l'Île-de-Montréal,0,15,5,310.0
2020-2021,CIUSSS du Centre-Ouest-de-l'Île-de-Montréal,0,15,6,562.0
2020-2021,CIUSSS du Centre-Ouest-de-l'Île-de-Montréal,0,15,9,328.0
2020-2021,CIUSSS du Centre-Sud-de-l'Île-de-Montréal,0,1,4,16.0
2020-2021,CIUSSS du Centre-Sud-de-l'Île-de-Montréal,0,1,5,31.0
2020-2021,CIUSSS du Centre-Sud-de-l'Île-de-Montréal,0,1,6,5.0
2020-2021,CIUSSS du Centre-Sud-de-l'Île-de-Montréal,0,1,9,52.0
2020-2021,CIUSSS du Centre-Sud-de-l'Île-de-Montréal,0,2,4,429.3
2020-2021,CIUSSS du Centre-Sud-de-l'Île-de-Montréal,0,2,5,1869.0
2020-2021,CIUSSS du Centre-Sud-de-l'Île-de-Montréal,0,2,6,1955.0
2020-2021,CIUSSS du Centre-Sud-de-l'Île-de-Montréal,0,2,9,1434.0
2020-2021,CIUSSS du Centre-Sud-de-l'Île-de-Montréal,0,3,4,337.0
2020-2021,CIUSSS du Centre-Sud-de-l'Île-de-Montréal,0,3,5,1455.0
2020-2021,CIUSSS du Centre-Sud-de-l'Île-de-Montréal,0,3,6,944.0
2020-2021,CIUSSS du Centre-Sud-de-l'Île-de-Montréal,0,3,9,940.5
2020-2021,CIUSSS du Centre-Sud-de-l'Île-de-Montréal,0,4,3,1.0
2020-2021,CIUSSS du Centre-Sud-de-l'Île-de-Montréal,0,4,4,31.0
2020-2021,CIUSSS du Centre-Sud-de-l'Île-de-Montréal,0,4,5,74.0
2020-2021,CIUSSS du Centre-Sud-de-l'Île-de-Montréal,0,4,6,9.0
2020-2021,CIUSSS du Centre-Sud-de-l'Île-de-Montréal,0,4,9,115.0
2020-2021,CIUSSS du Centre-Sud-de-l'Île-de-Montréal,0,5,3,554.0
2020-2021,CIUSSS du Centre-Sud-de-l'Île-de-Montréal,0,5,4,383.2
2020-2021,CIUSSS du Centre-Sud-de-l'Île-de-Montréal,0,5,5,1437.0
2020-2021,CIUSSS du Centre-Sud-de-l'Île-de-Montréal,0,5,6,2049.0
2020-2021,CIUSSS du Centre-Sud-de-l'Île-de-Montréal,0,5,9,1193.0
2020-2021,CIUSSS du Centre-Sud-de-l'Île-de-Montréal,0,6,3,554.0
2020-2021,CIUSSS du Centre-Sud-de-l'Île-de-Montréal,0,6,4,335.0
2020-2021,CIUSSS du Centre-Sud-de-l'Île-de-Montréal,0,6,5,1346.0
2020-2021,CIUSSS du Centre-Sud-de-l'Île-de-Montréal,0,6,6,2191.0
2020-2021,CIUSSS du Centre-Sud-de-l'Île-de-Montréal,0,6,9,1058.0
2020-2021,CIUSSS du Centre-Sud-de-l'Île-de-Montréal,0,7,1,3.0
2020-2021,CIUSSS du Centre-Sud-de-l'Île-de-Montréal,0,7,2,30.0
2020-2021,CIUSSS du Centre-Sud-de-l'Île-de-Montréal,0,7,3,17.0
2020-2021,CIUSSS du Centre-Sud-de-l'Île-de-Montréal,0,7,4,18.0
2020-2021,CIUSSS du Centre-Sud-de-l'Île-de-Montréal,0,7,5,43.0
2020-2021,CIUSSS du Centre-Sud-de-l'Île-de-Montréal,0,7,6,2.0
2020-2021,CIUSSS du Centre-Sud-de-l'Île-de-Montréal,0,7,7,1.0
2020-2021,CIUSSS du Centre-Sud-de-l'Île-de-Montréal,0,7,9,114.0
2020-2021,CIUSSS du Centre-Sud-de-l'Île-de-Montréal,0,8,1,87.0
2020-2021,CIUSSS du Centre-Sud-de-l'Île-de-Montréal,0,8,2,509.0
2020-2021,CIUSSS du Centre-Sud-de-l'Île-de-Montréal,0,8,3,575.5
2020-2021,CIUSSS du Centre-Sud-de-l'Île-de-Montréal,0,8,4,1340.0
2020-2021,CIUSSS du Centre-Sud-de-l'Île-de-Montréal,0,8,5,1572.0
2020-2021,CIUSSS du Centre-Sud-de-l'Île-de-Montréal,0,8,6,816.0
2020-2021,CIUSSS du Centre-Sud-de-l'Île-de-Montréal,0,8,7,2695.0
2020-2021,CIUSSS du Centre-Sud-de-l'Île-de-Montréal,0,8,9,1065.0
2020-2021,CIUSSS du Centre-Sud-de-l'Île-de-Montréal,0,9,1,66.0
2020-2021,CIUSSS du Centre-Sud-de-l'Île-de-Montréal,0,9,2,338.5
2020-2021,CIUSSS du Centre-Sud-de-l'Île-de-Montréal,0,9,3,553.0
2020-2021,CIUSSS du Centre-Sud-de-l'Île-de-Montréal,0,9,4,575.5
2020-2021,CIUSSS du Centre-Sud-de-l'Île-de-Montréal,0,9,5,1200.0
2020-2021,CIUSSS du Centre-Sud-de-l'Île-de-Montréal,0,9,6,816.0
2020-2021,CIUSSS du Centre-Sud-de-l'Île-de-Montréal,0,9,7,2695.0
2020-2021,CIUSSS du Centre-Sud-de-l'Île-de-Montréal,0,9,9,558.5
2020-2021,CIUSSS du Centre-Sud-de-l'Île-de-Montréal,0,10,1,419.0
2020-2021,CIUSSS du Centre-Sud-de-l'Île-de-Montréal,0,10,2,585.0
2020-2021,CIUSSS du Centre-Sud-de-l'Île-de-Montréal,0,10,3,187.0
2020-2021,CIUSSS du Centre-Sud-de-l'Île-de-Montréal,0,10,4,79.0
2020-2021,CIUSSS du Centre-Sud-de-l'Île-de-Montréal,0,10,5,131.0
2020-2021,CIUSSS du Centre-Sud-de-l'Île-de-Montréal,0,10,6,9.0
2020-2021,CIUSSS du Centre-Sud-de-l'Île-de-Montréal,0,10,7,3.0
2020-2021,CIUSSS du Centre-Sud-de-l'Île-de-Montréal,0,10,9,1413.0
2020-2021,CIUSSS du Centre-Sud-de-l'Île-de-Montréal,0,11,1,176.0
2020-2021,CIUSSS du Centre-Sud-de-l'Île-de-Montréal,0,11,2,591.3
2020-2021,CIUSSS du Centre-Sud-de-l'Île-de-Montréal,0,11,3,647.0
2020-2021,CIUSSS du Centre-Sud-de-l'Île-de-Montréal,0,11,4,490.2
2020-2021,CIUSSS du Centre-Sud-de-l'Île-de-Montréal,0,11,5,651.6
2020-2021,CIUSSS du Centre-Sud-de-l'Île-de-Montréal,0,11,6,434.2
2020-2021,CIUSSS du Centre-Sud-de-l'Île-de-Montréal,0,11,7,1040.0
2020-2021,CIUSSS du Centre-Sud-de-l'Île-de-Montréal,0,11,9,475.4
2020-2021,CIUSSS du Centre-Sud-de-l'Île-de-Montréal,0,12,1,132.0
2020-2021,CIUSSS du Centre-Sud-de-l'Île-de-Montréal,0,12,2,386.0
2020-2021,CIUSSS du Centre-Sud-de-l'Île-de-Montréal,0,12,3,469.0
2020-2021,CIUSSS du Centre-Sud-de-l'Île-de-Montréal,0,12,4,211.0
2020-2021,CIUSSS du Centre-Sud-de-l'Île-de-Montréal,0,12,5,504.0
2020-2021,CIUSSS du Centre-Sud-de-l'Île-de-Montréal,0,12,6,372.0
2020-2021,CIUSSS du Centre-Sud-de-l'Île-de-Montréal,0,12,7,1320.0
2020-2021,CIUSSS du Centre-Sud-de-l'Île-de-Montréal,0,12,9,219.0
2020-2021,CIUSSS du Centre-Sud-de-l'Île-de-Montréal,0,13,1,422.0
2020-2021,CIUSSS du Centre-Sud-de-l'Île-de-Montréal,0,13,2,615.0
2020-2021,CIUSSS du Centre-Sud-de-l'Île-de-Montréal,0,13,3,205.0
2020-2021,CIUSSS du Centre-Sud-de-l'Île-de-Montréal,0,13,4,144.0
2020-2021,CIUSSS du Centre-Sud-de-l'Île-de-Montréal,0,13,5,279.0
2020-2021,CIUSSS du Centre-Sud-de-l'Île-de-Montréal,0,13,6,25.0
2020-2021,CIUSSS du Centre-Sud-de-l'Île-de-Montréal,0,13,7,4.0
2020-2021,CIUSSS du Centre-Sud-de-l'Île-de-Montréal,0,13,9,1694.0
2020-2021,CIUSSS du Centre-Sud-de-l'Île-de-Montréal,0,14,1,175.4
2020-2021,CIUSSS du Centre-Sud-de-l'Île-de-Montréal,0,14,2,587.3
2020-2021,CIUSSS du Centre-Sud-de-l'Île-de-Montréal,0,14,3,640.6
2020-2021,CIUSSS du Centre-Sud-de-l'Île-de-Montréal,0,14,4,566.6
2020-2021,CIUSSS du Centre-Sud-de-l'Île-de-Montréal,0,14,5,1137.0
2020-2021,CIUSSS du Centre-Sud-de-l'Île-de-Montréal,0,14,6,1350.0
2020-2021,CIUSSS du Centre-Sud-de-l'Île-de-Montréal,0,14,7,1454.0
2020-2021,CIUSSS du Centre-Sud-de-l'Île-de-Montréal,0,14,9,593.2
2020-2021,CIUSSS du Centre-Sud-de-l'Île-de-Montréal,0,15,1,132.0
2020-2021,CIUSSS du Centre-Sud-de-l'Île-de-Montréal,0,15,2,386.0
2020-2021,CIUSSS du Centre-Sud-de-l'Île-de-Montréal,0,15,3,501.0
2020-2021,CIUSSS du Centre-Sud-de-l'Île-de-Montréal,0,15,4,337.5
2020-2021,CIUSSS du Centre-Sud-de-l'Île-de-Montréal,0,15,5,917.0
2020-2021,CIUSSS du Centre-Sud-de-l'Île-de-Montréal,0,15,6,923.0
2020-2021,CIUSSS du Centre-Sud-de-l'Île-de-Montréal,0,15,7,1528.0
2020-2021,CIUSSS du Centre-Sud-de-l'Île-de-Montréal,0,15,9,300.0
2020-2021,CIUSSS du Saguenay  Lac-Saint-Jean,0,4,1,0.0
2020-2021,CIUSSS du Saguenay  Lac-Saint-Jean,0,4,2,0.0
2020-2021,CIUSSS du Saguenay  Lac-Saint-Jean,0,4,3,1.0
2020-2021,CIUSSS du Saguenay  Lac-Saint-Jean,0,4,4,3.0
2020-2021,CIUSSS du Saguenay  Lac-Saint-Jean,0,4,5,5.0
2020-2021,CIUSSS du Saguenay  Lac-Saint-Jean,0,4,6,0.0
2020-2021,CIUSSS du Saguenay  Lac-Saint-Jean,0,4,7,0.0
2020-2021,CIUSSS du Saguenay  Lac-Saint-Jean,0,4,8,0.0
2020-2021,CIUSSS du Saguenay  Lac-Saint-Jean,0,4,9,9.0
2020-2021,CIUSSS du Saguenay  Lac-Saint-Jean,0,5,3,31.0
2020-2021,CIUSSS du Saguenay  Lac-Saint-Jean,0,5,4,202.0
2020-2021,CIUSSS du Saguenay  Lac-Saint-Jean,0,5,5,233.6
2020-2021,CIUSSS du Saguenay  Lac-Saint-Jean,0,5,9,200.5
2020-2021,CIUSSS du Saguenay  Lac-Saint-Jean,0,6,3,31.0
2020-2021,CIUSSS du Saguenay  Lac-Saint-Jean,0,6,4,127.0
2020-2021,CIUSSS du Saguenay  Lac-Saint-Jean,0,6,5,178.0
2020-2021,CIUSSS du Saguenay  Lac-Saint-Jean,0,6,9,132.0
2020-2021,CIUSSS du Saguenay  Lac-Saint-Jean,0,7,1,0.0
2020-2021,CIUSSS du Saguenay  Lac-Saint-Jean,0,7,2,0.0
2020-2021,CIUSSS du Saguenay  Lac-Saint-Jean,0,7,3,1.0
2020-2021,CIUSSS du Saguenay  Lac-Saint-Jean,0,7,4,1.0
2020-2021,CIUSSS du Saguenay  Lac-Saint-Jean,0,7,5,6.0
2020-2021,CIUSSS du Saguenay  Lac-Saint-Jean,0,7,6,0.0
2020-2021,CIUSSS du Saguenay  Lac-Saint-Jean,0,7,7,0.0
2020-2021,CIUSSS du Saguenay  Lac-Saint-Jean,0,7,8,0.0
2020-2021,CIUSSS du Saguenay  Lac-Saint-Jean,0,7,9,8.0
2020-2021,CIUSSS du Saguenay  Lac-Saint-Jean,0,8,3,267.0
2020-2021,CIUSSS du Saguenay  Lac-Saint-Jean,0,8,4,275.0
2020-2021,CIUSSS du Saguenay  Lac-Saint-Jean,0,8,5,959.8
2020-2021,CIUSSS du Saguenay  Lac-Saint-Jean,0,8,9,787.6
2020-2021,CIUSSS du Saguenay  Lac-Saint-Jean,0,9,3,267.0
2020-2021,CIUSSS du Saguenay  Lac-Saint-Jean,0,9,4,275.0
2020-2021,CIUSSS du Saguenay  Lac-Saint-Jean,0,9,5,988.0
2020-2021,CIUSSS du Saguenay  Lac-Saint-Jean,0,9,9,816.5
2020-2021,CIUSSS du Saguenay  Lac-Saint-Jean,0,10,1,13.0
2020-2021,CIUSSS du Saguenay  Lac-Saint-Jean,0,10,2,18.0
2020-2021,CIUSSS du Saguenay  Lac-Saint-Jean,0,10,3,14.0
2020-2021,CIUSSS du Saguenay  Lac-Saint-Jean,0,10,4,3.0
2020-2021,CIUSSS du Saguenay  Lac-Saint-Jean,0,10,5,7.0
2020-2021,CIUSSS du Saguenay  Lac-Saint-Jean,0,10,6,0.0
2020-2021,CIUSSS du Saguenay  Lac-Saint-Jean,0,10,7,0.0
2020-2021,CIUSSS du Saguenay  Lac-Saint-Jean,0,10,8,0.0
2020-2021,CIUSSS du Saguenay  Lac-Saint-Jean,0,10,9,55.0
2020-2021,CIUSSS du Saguenay  Lac-Saint-Jean,0,11,1,71.69
2020-2021,CIUSSS du Saguenay  Lac-Saint-Jean,0,11,2,140.0
2020-2021,CIUSSS du Saguenay  Lac-Saint-Jean,0,11,3,128.8
2020-2021,CIUSSS du Saguenay  Lac-Saint-Jean,0,11,4,67.6
2020-2021,CIUSSS du Saguenay  Lac-Saint-Jean,0,11,5,503.2
2020-2021,CIUSSS du Saguenay  Lac-Saint-Jean,0,11,9,163.3
2020-2021,CIUSSS du Saguenay  Lac-Saint-Jean,0,12,1,31.0
2020-2021,CIUSSS du Saguenay  Lac-Saint-Jean,0,12,2,57.5
2020-2021,CIUSSS du Saguenay  Lac-Saint-Jean,0,12,3,72.5
2020-2021,CIUSSS du Saguenay  Lac-Saint-Jean,0,12,4,48.0
2020-2021,CIUSSS du Saguenay  Lac-Saint-Jean,0,12,5,386.0
2020-2021,CIUSSS du Saguenay  Lac-Saint-Jean,0,12,9,57.0
2020-2021,CIUSSS du Saguenay  Lac-Saint-Jean,0,13,1,13.0
2020-2021,CIUSSS du Saguenay  Lac-Saint-Jean,0,13,2,18.0
2020-2021,CIUSSS du Saguenay  Lac-Saint-Jean,0,13,3,16.0
2020-2021,CIUSSS du Saguenay  Lac-Saint-Jean,0,13,4,7.0
2020-2021,CIUSSS du Saguenay  Lac-Saint-Jean,0,13,5,18.0
2020-2021,CIUSSS du Saguenay  Lac-Saint-Jean,0,13,6,0.0
2020-2021,CIUSSS du Saguenay  Lac-Saint-Jean,0,13,7,0.0
2020-2021,CIUSSS du Saguenay  Lac-Saint-Jean,0,13,8,0.0
2020-2021,CIUSSS du Saguenay  Lac-Saint-Jean,0,13,9,72.0
2020-2021,CIUSSS du Saguenay  Lac-Saint-Jean,0,14,1,71.6
2020-2021,CIUSSS du Saguenay  Lac-Saint-Jean,0,14,2,140.0
2020-2021,CIUSSS du Saguenay  Lac-Saint-Jean,0,14,3,131.3
2020-2021,CIUSSS du Saguenay  Lac-Saint-Jean,0,14,4,154.8
2020-2021,CIUSSS du Saguenay  Lac-Saint-Jean,0,14,5,580.5
2020-2021,CIUSSS du Saguenay  Lac-Saint-Jean,0,14,9,237.3
2020-2021,CIUSSS du Saguenay  Lac-Saint-Jean,0,15,1,31.0
2020-2021,CIUSSS du Saguenay  Lac-Saint-Jean,0,15,2,57.5
2020-2021,CIUSSS du Saguenay  Lac-Saint-Jean,0,15,3,72.5
2020-2021,CIUSSS du Saguenay  Lac-Saint-Jean,0,15,4,127.0
2020-2021,CIUSSS du Saguenay  Lac-Saint-Jean,0,15,5,418.0
2020-2021,CIUSSS du Saguenay  Lac-Saint-Jean,0,15,9,80.0
2021-2022,CISSS de Chaudière-Appalaches,0,1,1,0.0
2021-2022,CISSS de Chaudière-Appalaches,0,1,2,0.0
2021-2022,CISSS de Chaudière-Appalaches,0,1,3,0.0
2021-2022,CISSS de Chaudière-Appalaches,0,1,4,1.0
2021-2022,CISSS de Chaudière-Appalaches,0,1,5,0.0
2021-2022,CISSS de Chaudière-Appalaches,0,1,6,1.0
2021-2022,CISSS de Chaudière-Appalaches,0,1,7,0.0
2021-2022,CISSS de Chaudière-Appalaches,0,1,8,0.0
2021-2022,CISSS de Chaudière-Appalaches,0,1,9,2.0
2021-2022,CISSS de Chaudière-Appalaches,0,2,4,499.0
2021-2022,CISSS de Chaudière-Appalaches,0,2,6,1423.0
2021-2022,CISSS de Chaudière-Appalaches,0,2,9,961.0
2021-2022,CISSS de Chaudière-Appalaches,0,3,4,499.0
2021-2022,CISSS de Chaudière-Appalaches,0,3,6,1423.0
2021-2022,CISSS de Chaudière-Appalaches,0,3,9,961.0
2021-2022,CISSS de Chaudière-Appalaches,0,4,1,0.0
2021-2022,CISSS de Chaudière-Appalaches,0,4,2,0.0
2021-2022,CISSS de Chaudière-Appalaches,0,4,3,0.0
2021-2022,CISSS de Chaudière-Appalaches,0,4,4,2.0
2021-2022,CISSS de Chaudière-Appalaches,0,4,5,4.0
2021-2022,CISSS de Chaudière-Appalaches,0,4,6,0.0
2021-2022,CISSS de Chaudière-Appalaches,0,4,7,0.0
2021-2022,CISSS de Chaudière-Appalaches,0,4,8,0.0
2021-2022,CISSS de Chaudière-Appalaches,0,4,9,6.0
2021-2022,CISSS de Chaudière-Appalaches,0,5,4,428.0
2021-2022,CISSS de Chaudière-Appalaches,0,5,5,405.8
2021-2022,CISSS de Chaudière-Appalaches,0,5,9,413.2
2021-2022,CISSS de Chaudière-Appalaches,0,6,4,428.0
2021-2022,CISSS de Chaudière-Appalaches,0,6,5,202.5
2021-2022,CISSS de Chaudière-Appalaches,0,6,9,286.0
2021-2022,CISSS de Chaudière-Appalaches,0,7,1,0.0
2021-2022,CISSS de Chaudière-Appalaches,0,7,2,0.0
2021-2022,CISSS de Chaudière-Appalaches,0,7,3,0.0
2021-2022,CISSS de Chaudière-Appalaches,0,7,4,1.0
2021-2022,CISSS de Chaudière-Appalaches,0,7,5,1.0
2021-2022,CISSS de Chaudière-Appalaches,0,7,6,1.0
2021-2022,CISSS de Chaudière-Appalaches,0,7,7,0.0
2021-2022,CISSS de Chaudière-Appalaches,0,7,8,0.0
2021-2022,CISSS de Chaudière-Appalaches,0,7,9,3.0
2021-2022,CISSS de Chaudière-Appalaches,0,8,4,581.0
2021-2022,CISSS de Chaudière-Appalaches,0,8,5,350.0
2021-2022,CISSS de Chaudière-Appalaches,0,8,6,1424.0
2021-2022,CISSS de Chaudière-Appalaches,0,8,9,785.0
2021-2022,CISSS de Chaudière-Appalaches,0,9,4,581.0
2021-2022,CISSS de Chaudière-Appalaches,0,9,5,350.0
2021-2022,CISSS de Chaudière-Appalaches,0,9,6,1424.0
2021-2022,CISSS de Chaudière-Appalaches,0,9,9,581.0
2021-2022,CISSS de Chaudière-Appalaches,0,10,1,14.0
2021-2022,CISSS de Chaudière-Appalaches,0,10,2,106.0
2021-2022,CISSS de Chaudière-Appalaches,0,10,3,46.0
2021-2022,CISSS de Chaudière-Appalaches,0,10,4,18.0
2021-2022,CISSS de Chaudière-Appalaches,0,10,5,19.0
2021-2022,CISSS de Chaudière-Appalaches,0,10,6,1.0
2021-2022,CISSS de Chaudière-Appalaches,0,10,7,0.0
2021-2022,CISSS de Chaudière-Appalaches,0,10,8,0.0
2021-2022,CISSS de Chaudière-Appalaches,0,10,9,204.0
2021-2022,CISSS de Chaudière-Appalaches,0,11,1,37.1
2021-2022,CISSS de Chaudière-Appalaches,0,11,2,107.8
2021-2022,CISSS de Chaudière-Appalaches,0,11,3,138.4
2021-2022,CISSS de Chaudière-Appalaches,0,11,4,231.9
2021-2022,CISSS de Chaudière-Appalaches,0,11,5,111.3
2021-2022,CISSS de Chaudière-Appalaches,0,11,6,144.0
2021-2022,CISSS de Chaudière-Appalaches,0,11,9,121.3
2021-2022,CISSS de Chaudière-Appalaches,0,12,1,21.5
2021-2022,CISSS de Chaudière-Appalaches,0,12,2,66.5
2021-2022,CISSS de Chaudière-Appalaches,0,12,3,65.5
2021-2022,CISSS de Chaudière-Appalaches,0,12,4,58.5
2021-2022,CISSS de Chaudière-Appalaches,0,12,5,67.0
2021-2022,CISSS de Chaudière-Appalaches,0,12,6,144.0
2021-2022,CISSS de Chaudière-Appalaches,0,12,9,62.0
2021-2022,CISSS de Chaudière-Appalaches,0,13,1,14.0
2021-2022,CISSS de Chaudière-Appalaches,0,13,2,106.0
2021-2022,CISSS de Chaudière-Appalaches,0,13,3,46.0
2021-2022,CISSS de Chaudière-Appalaches,0,13,4,22.0
2021-2022,CISSS de Chaudière-Appalaches,0,13,5,24.0
2021-2022,CISSS de Chaudière-Appalaches,0,13,6,3.0
2021-2022,CISSS de Chaudière-Appalaches,0,13,7,0.0
2021-2022,CISSS de Chaudière-Appalaches,0,13,8,0.0
2021-2022,CISSS de Chaudière-Appalaches,0,13,9,215.0
2021-2022,CISSS de Chaudière-Appalaches,0,14,1,37.1
2021-2022,CISSS de Chaudière-Appalaches,0,14,2,107.8
2021-2022,CISSS de Chaudière-Appalaches,0,14,3,138.7
2021-2022,CISSS de Chaudière-Appalaches,0,14,4,277.8
2021-2022,CISSS de Chaudière-Appalaches,0,14,5,170.3
2021-2022,CISSS de Chaudière-Appalaches,0,14,6,997.0
2021-2022,CISSS de Chaudière-Appalaches,0,14,9,146.6
2021-2022,CISSS de Chaudière-Appalaches,0,15,1,21.5
2021-2022,CISSS de Chaudière-Appalaches,0,15,2,66.5
2021-2022,CISSS de Chaudière-Appalaches,0,15,3,65.5
2021-2022,CISSS de Chaudière-Appalaches,0,15,4,65.5
2021-2022,CISSS de Chaudière-Appalaches,0,15,5,107.0
2021-2022,CISSS de Chaudière-Appalaches,0,15,6,1423.0
2021-2022,CISSS de Chaudière-Appalaches,0,15,9,66.0
2021-2022,CISSS de Lanaudière,0,10,1,54.0
2021-2022,CISSS de Lanaudière,0,10,2,378.0
2021-2022,CISSS de Lanaudière,0,10,3,270.0
2021-2022,CISSS de Lanaudière,0,10,4,31.0
2021-2022,CISSS de Lanaudière,0,10,5,19.0
2021-2022,CISSS de Lanaudière,0,10,6,4.0
2021-2022,CISSS de Lanaudière,0,10,9,756.0
2021-2022,CISSS de Lanaudière,0,11,1,53.98
2021-2022,CISSS de Lanaudière,0,11,2,235.3
2021-2022,CISSS de Lanaudière,0,11,3,358.7
2021-2022,CISSS de Lanaudière,0,11,4,323.2
2021-2022,CISSS de Lanaudière,0,11,5,208.3
2021-2022,CISSS de Lanaudière,0,11,6,164.2
2021-2022,CISSS de Lanaudière,0,11,9,269.0
2021-2022,CISSS de Lanaudière,0,12,1,30.0
2021-2022,CISSS de Lanaudière,0,12,2,179.5
2021-2022,CISSS de Lanaudière,0,12,3,323.0
2021-2022,CISSS de Lanaudière,0,12,4,254.0
2021-2022,CISSS de Lanaudière,0,12,5,122.0
2021-2022,CISSS de Lanaudière,0,12,6,114.5
2021-2022,CISSS de Lanaudière,0,12,9,199.0
2021-2022,CISSS de Lanaudière,0,13,1,54.0
2021-2022,CISSS de Lanaudière,0,13,2,378.0
2021-2022,CISSS de Lanaudière,0,13,3,270.0
2021-2022,CISSS de Lanaudière,0,13,4,31.0
2021-2022,CISSS de Lanaudière,0,13,5,19.0
2021-2022,CISSS de Lanaudière,0,13,6,4.0
2021-2022,CISSS de Lanaudière,0,13,9,756.0
2021-2022,CISSS de Lanaudière,0,14,1,53.98
2021-2022,CISSS de Lanaudière,0,14,2,235.3
2021-2022,CISSS de Lanaudière,0,14,3,358.7
2021-2022,CISSS de Lanaudière,0,14,4,323.2
2021-2022,CISSS de Lanaudière,0,14,5,208.3
2021-2022,CISSS de Lanaudière,0,14,6,164.2
2021-2022,CISSS de Lanaudière,0,14,9,269.0
2021-2022,CISSS de Lanaudière,0,15,1,30.0
2021-2022,CISSS de Lanaudière,0,15,2,179.5
2021-2022,CISSS de Lanaudière,0,15,3,323.0
2021-2022,CISSS de Lanaudière,0,15,4,254.0
2021-2022,CISSS de Lanaudière,0,15,5,122.0
2021-2022,CISSS de Lanaudière,0,15,6,114.5
2021-2022,CISSS de Lanaudière,0,15,9,199.0
2021-2022,CISSS de Laval,0,7,1,0.0
2021-2022,CISSS de Laval,0,7,2,1.0
2021-2022,CISSS de Laval,0,7,3,3.0
2021-2022,CISSS de Laval,0,7,4,4.0
2021-2022,CISSS de Laval,0,7,5,20.0
2021-2022,CISSS de Laval,0,7,6,2.0
2021-2022,CISSS de Laval,0,7,7,0.0
2021-2022,CISSS de Laval,0,7,8,0.0
2021-2022,CISSS de Laval,0,7,9,30.0
2021-2022,CISSS de Laval,0,8,2,218.0
2021-2022,CISSS de Laval,0,8,3,299.3
2021-2022,CISSS de Laval,0,8,4,1311.0
2021-2022,CISSS de Laval,0,8,5,999.7
2021-2022,CISSS de Laval,0,8,6,2066.0
2021-2022,CISSS de Laval,0,8,9,1016.0
2021-2022,CISSS de Laval,0,9,2,218.0
2021-2022,CISSS de Laval,0,9,3,371.0
2021-2022,CISSS de Laval,0,9,4,831.0
2021-2022,CISSS de Laval,0,9,5,1060.0
2021-2022,CISSS de Laval,0,9,6,2066.0
2021-2022,CISSS de Laval,0,9,9,831.0
2021-2022,CISSS de Laval,0,10,1,13.0
2021-2022,CISSS de Laval,0,10,2,56.0
2021-2022,CISSS de Laval,0,10,3,27.0
2021-2022,CISSS de Laval,0,10,4,18.0
2021-2022,CISSS de Laval,0,10,5,56.0
2021-2022,CISSS de Laval,0,10,6,15.0
2021-2022,CISSS de Laval,0,10,7,1.0
2021-2022,CISSS de Laval,0,10,8,2.0
2021-2022,CISSS de Laval,0,10,9,188.0
2021-2022,CISSS de Laval,0,11,1,21.6
2021-2022,CISSS de Laval,0,11,2,314.8
2021-2022,CISSS de Laval,0,11,3,185.8
2021-2022,CISSS de Laval,0,11,4,528.5
2021-2022,CISSS de Laval,0,11,5,729.4
2021-2022,CISSS de Laval,0,11,6,851.2
2021-2022,CISSS de Laval,0,11,7,1094.0
2021-2022,CISSS de Laval,0,11,8,1018.0
2021-2022,CISSS de Laval,0,11,9,474.4
2021-2022,CISSS de Laval,0,12,1,11.0
2021-2022,CISSS de Laval,0,12,2,110.0
2021-2022,CISSS de Laval,0,12,3,51.0
2021-2022,CISSS de Laval,0,12,4,304.5
2021-2022,CISSS de Laval,0,12,5,817.5
2021-2022,CISSS de Laval,0,12,6,779.0
2021-2022,CISSS de Laval,0,12,7,1094.0
2021-2022,CISSS de Laval,0,12,8,1018.0
2021-2022,CISSS de Laval,0,12,9,225.0
2021-2022,CISSS de Laval,0,13,1,13.0
2021-2022,CISSS de Laval,0,13,2,57.0
2021-2022,CISSS de Laval,0,13,3,30.0
2021-2022,CISSS de Laval,0,13,4,22.0
2021-2022,CISSS de Laval,0,13,5,76.0
2021-2022,CISSS de Laval,0,13,6,17.0
2021-2022,CISSS de Laval,0,13,7,1.0
2021-2022,CISSS de Laval,0,13,8,2.0
2021-2022,CISSS de Laval,0,13,9,218.0
2021-2022,CISSS de Laval,0,14,1,21.6
2021-2022,CISSS de Laval,0,14,2,313.1
2021-2022,CISSS de Laval,0,14,3,197.2
2021-2022,CISSS de Laval,0,14,4,670.9
2021-2022,CISSS de Laval,0,14,5,800.5
2021-2022,CISSS de Laval,0,14,6,994.1
2021-2022,CISSS de Laval,0,14,7,1094.0
2021-2022,CISSS de Laval,0,14,8,1018.0
2021-2022,CISSS de Laval,0,14,9,548.9
2021-2022,CISSS de Laval,0,15,1,11.0
2021-2022,CISSS de Laval,0,15,2,114.0
2021-2022,CISSS de Laval,0,15,3,54.0
2021-2022,CISSS de Laval,0,15,4,383.0
2021-2022,CISSS de Laval,0,15,5,878.5
2021-2022,CISSS de Laval,0,15,6,779.0
2021-2022,CISSS de Laval,0,15,7,1094.0
2021-2022,CISSS de Laval,0,15,8,1018.0
2021-2022,CISSS de Laval,0,15,9,308.5
2021-2022,CISSS de l'Abitibi-Témiscamingue,0,7,3,1.0
2021-2022,CISSS de l'Abitibi-Témiscamingue,0,7,4,0.0
2021-2022,CISSS de l'Abitibi-Témiscamingue,0,7,5,1.0
2021-2022,CISSS de l'Abitibi-Témiscamingue,0,7,6,0.0
2021-2022,CISSS de l'Abitibi-Témiscamingue,0,7,7,0.0
2021-2022,CISSS de l'Abitibi-Témiscamingue,0,7,8,0.0
2021-2022,CISSS de l'Abitibi-Témiscamingue,0,7,9,2.0
2021-2022,CISSS de l'Abitibi-Témiscamingue,0,8,3,790.0
2021-2022,CISSS de l'Abitibi-Témiscamingue,0,8,4,0.0
2021-2022,CISSS de l'Abitibi-Témiscamingue,0,8,5,913.0
2021-2022,CISSS de l'Abitibi-Témiscamingue,0,8,6,0.0
2021-2022,CISSS de l'Abitibi-Témiscamingue,0,8,7,0.0
2021-2022,CISSS de l'Abitibi-Témiscamingue,0,8,8,0.0
2021-2022,CISSS de l'Abitibi-Témiscamingue,0,8,9,851.5
2021-2022,CISSS de l'Abitibi-Témiscamingue,0,9,3,790.0
2021-2022,CISSS de l'Abitibi-Témiscamingue,0,9,4,0.0
2021-2022,CISSS de l'Abitibi-Témiscamingue,0,9,5,913.0
2021-2022,CISSS de l'Abitibi-Témiscamingue,0,9,6,0.0
2021-2022,CISSS de l'Abitibi-Témiscamingue,0,9,7,0.0
2021-2022,CISSS de l'Abitibi-Témiscamingue,0,9,8,0.0
2021-2022,CISSS de l'Abitibi-Témiscamingue,0,9,9,851.5
2021-2022,CISSS de l'Abitibi-Témiscamingue,0,10,1,54.0
2021-2022,CISSS de l'Abitibi-Témiscamingue,0,10,2,53.0
2021-2022,CISSS de l'Abitibi-Témiscamingue,0,10,3,29.0
2021-2022,CISSS de l'Abitibi-Témiscamingue,0,10,4,7.0
2021-2022,CISSS de l'Abitibi-Témiscamingue,0,10,5,6.0
2021-2022,CISSS de l'Abitibi-Témiscamingue,0,10,6,3.0
2021-2022,CISSS de l'Abitibi-Témiscamingue,0,10,7,0.0
2021-2022,CISSS de l'Abitibi-Témiscamingue,0,10,8,0.0
2021-2022,CISSS de l'Abitibi-Témiscamingue,0,10,9,152.0
2021-2022,CISSS de l'Abitibi-Témiscamingue,0,11,1,158.8
2021-2022,CISSS de l'Abitibi-Témiscamingue,0,11,2,345.0
2021-2022,CISSS de l'Abitibi-Témiscamingue,0,11,3,299.3
2021-2022,CISSS de l'Abitibi-Témiscamingue,0,11,4,302.0
2021-2022,CISSS de l'Abitibi-Témiscamingue,0,11,5,469.1
2021-2022,CISSS de l'Abitibi-Témiscamingue,0,11,6,68.66
2021-2022,CISSS de l'Abitibi-Témiscamingue,0,11,7,0.0
2021-2022,CISSS de l'Abitibi-Témiscamingue,0,11,8,0.0
2021-2022,CISSS de l'Abitibi-Témiscamingue,0,11,9,267.6
2021-2022,CISSS de l'Abitibi-Témiscamingue,0,12,1,115.5
2021-2022,CISSS de l'Abitibi-Témiscamingue,0,12,2,256.0
2021-2022,CISSS de l'Abitibi-Témiscamingue,0,12,3,218.0
2021-2022,CISSS de l'Abitibi-Témiscamingue,0,12,4,212.0
2021-2022,CISSS de l'Abitibi-Témiscamingue,0,12,5,461.5
2021-2022,CISSS de l'Abitibi-Témiscamingue,0,12,6,58.0
2021-2022,CISSS de l'Abitibi-Témiscamingue,0,12,7,0.0
2021-2022,CISSS de l'Abitibi-Témiscamingue,0,12,8,0.0
2021-2022,CISSS de l'Abitibi-Témiscamingue,0,12,9,212.0
2021-2022,CISSS de l'Abitibi-Témiscamingue,0,13,1,54.0
2021-2022,CISSS de l'Abitibi-Témiscamingue,0,13,2,53.0
2021-2022,CISSS de l'Abitibi-Témiscamingue,0,13,3,30.0
2021-2022,CISSS de l'Abitibi-Témiscamingue,0,13,4,7.0
2021-2022,CISSS de l'Abitibi-Témiscamingue,0,13,5,7.0
2021-2022,CISSS de l'Abitibi-Témiscamingue,0,13,6,3.0
2021-2022,CISSS de l'Abitibi-Témiscamingue,0,13,7,0.0
2021-2022,CISSS de l'Abitibi-Témiscamingue,0,13,8,0.0
2021-2022,CISSS de l'Abitibi-Témiscamingue,0,13,9,154.0
2021-2022,CISSS de l'Abitibi-Témiscamingue,0,14,1,154.8
2021-2022,CISSS de l'Abitibi-Témiscamingue,0,14,2,345.0
2021-2022,CISSS de l'Abitibi-Témiscamingue,0,14,3,315.6
2021-2022,CISSS de l'Abitibi-Témiscamingue,0,14,4,302.0
2021-2022,CISSS de l'Abitibi-Témiscamingue,0,14,5,532.5
2021-2022,CISSS de l'Abitibi-Témiscamingue,0,14,6,68.66
2021-2022,CISSS de l'Abitibi-Témiscamingue,0,14,7,0.0
2021-2022,CISSS de l'Abitibi-Témiscamingue,0,14,8,0.0
2021-2022,CISSS de l'Abitibi-Témiscamingue,0,14,9,275.2
2021-2022,CISSS de l'Abitibi-Témiscamingue,0,15,1,115.5
2021-2022,CISSS de l'Abitibi-Témiscamingue,0,15,2,256.0
2021-2022,CISSS de l'Abitibi-Témiscamingue,0,15,3,232.5
2021-2022,CISSS de l'Abitibi-Témiscamingue,0,15,4,212.0
2021-2022,CISSS de l'Abitibi-Témiscamingue,0,15,5,517.0
2021-2022,CISSS de l'Abitibi-Témiscamingue,0,15,6,58.0
2021-2022,CISSS de l'Abitibi-Témiscamingue,0,15,7,0.0
2021-2022,CISSS de l'Abitibi-Témiscamingue,0,15,8,0.0
2021-2022,CISSS de l'Abitibi-Témiscamingue,0,15,9,212.0
2021-2022,CISSS de l'Outaouais,0,1,6,1.0
2021-2022,CISSS de l'Outaouais,0,1,9,1.0
2021-2022,CISSS de l'Outaouais,0,2,6,119.0
2021-2022,CISSS de l'Outaouais,0,2,9,119.0
2021-2022,CISSS de l'Outaouais,0,3,6,119.0
2021-2022,CISSS de l'Outaouais,0,3,9,119.0
2021-2022,CISSS de l'Outaouais,0,10,1,78.0
2021-2022,CISSS de l'Outaouais,0,10,2,236.0
2021-2022,CISSS de l'Outaouais,0,10,3,70.0
2021-2022,CISSS de l'Outaouais,0,10,4,12.0
2021-2022,CISSS de l'Outaouais,0,10,5,33.0
2021-2022,CISSS de l'Outaouais,0,10,6,4.0
2021-2022,CISSS de l'Outaouais,0,10,9,433.0
2021-2022,CISSS de l'Outaouais,0,11,1,66.66
2021-2022,CISSS de l'Outaouais,0,11,2,380.8
2021-2022,CISSS de l'Outaouais,0,11,3,269.3
2021-2022,CISSS de l'Outaouais,0,11,4,198.5
2021-2022,CISSS de l'Outaouais,0,11,5,203.8
2021-2022,CISSS de l'Outaouais,0,11,6,222.7
2021-2022,CISSS de l'Outaouais,0,11,9,286.4
2021-2022,CISSS de l'Outaouais,0,12,1,38.5
2021-2022,CISSS de l'Outaouais,0,12,2,290.0
2021-2022,CISSS de l'Outaouais,0,12,3,186.0
2021-2022,CISSS de l'Outaouais,0,12,4,116.5
2021-2022,CISSS de l'Outaouais,0,12,5,164.0
2021-2022,CISSS de l'Outaouais,0,12,6,166.0
2021-2022,CISSS de l'Outaouais,0,12,9,185.0
2021-2022,CISSS de l'Outaouais,0,13,1,78.0
2021-2022,CISSS de l'Outaouais,0,13,2,236.0
2021-2022,CISSS de l'Outaouais,0,13,3,70.0
2021-2022,CISSS de l'Outaouais,0,13,4,12.0
2021-2022,CISSS de l'Outaouais,0,13,5,33.0
2021-2022,CISSS de l'Outaouais,0,13,6,5.0
2021-2022,CISSS de l'Outaouais,0,13,9,434.0
2021-2022,CISSS de l'Outaouais,0,14,1,66.67
2021-2022,CISSS de l'Outaouais,0,14,2,380.8
2021-2022,CISSS de l'Outaouais,0,14,3,269.3
2021-2022,CISSS de l'Outaouais,0,14,4,198.5
2021-2022,CISSS de l'Outaouais,0,14,5,203.8
2021-2022,CISSS de l'Outaouais,0,14,6,202.0
2021-2022,CISSS de l'Outaouais,0,14,9,286.7
2021-2022,CISSS de l'Outaouais,0,15,1,38.5
2021-2022,CISSS de l'Outaouais,0,15,2,290.0
2021-2022,CISSS de l'Outaouais,0,15,3,186.0
2021-2022,CISSS de l'Outaouais,0,15,4,116.5
2021-2022,CISSS de l'Outaouais,0,15,5,164.0
2021-2022,CISSS de l'Outaouais,0,15,6,119.0
2021-2022,CISSS de l'Outaouais,0,15,9,185.0
2021-2022,CISSS de la Côte-Nord,0,10,1,9.0
2021-2022,CISSS de la Côte-Nord,0,10,2,50.0
2021-2022,CISSS de la Côte-Nord,0,10,3,30.0
2021-2022,CISSS de la Côte-Nord,0,10,4,12.0
2021-2022,CISSS de la Côte-Nord,0,10,5,13.0
2021-2022,CISSS de la Côte-Nord,0,10,9,114.0
2021-2022,CISSS de la Côte-Nord,0,11,1,213.0
2021-2022,CISSS de la Côte-Nord,0,11,2,352.0
2021-2022,CISSS de la Côte-Nord,0,11,3,579.0
2021-2022,CISSS de la Côte-Nord,0,11,4,506.0
2021-2022,CISSS de la Côte-Nord,0,11,5,314.0
2021-2022,CISSS de la Côte-Nord,0,11,9,413.0
2021-2022,CISSS de la Côte-Nord,0,12,1,200.0
2021-2022,CISSS de la Côte-Nord,0,12,2,338.0
2021-2022,CISSS de la Côte-Nord,0,12,3,534.0
2021-2022,CISSS de la Côte-Nord,0,12,4,400.0
2021-2022,CISSS de la Côte-Nord,0,12,5,232.0
2021-2022,CISSS de la Côte-Nord,0,12,9,368.0
2021-2022,CISSS de la Côte-Nord,0,13,1,9.0
2021-2022,CISSS de la Côte-Nord,0,13,2,50.0
2021-2022,CISSS de la Côte-Nord,0,13,3,30.0
2021-2022,CISSS de la Côte-Nord,0,13,4,12.0
2021-2022,CISSS de la Côte-Nord,0,13,5,13.0
2021-2022,CISSS de la Côte-Nord,0,13,9,114.0
2021-2022,CISSS de la Côte-Nord,0,14,1,213.0
2021-2022,CISSS de la Côte-Nord,0,14,2,352.0
2021-2022,CISSS de la Côte-Nord,0,14,3,579.0
2021-2022,CISSS de la Côte-Nord,0,14,4,506.0
2021-2022,CISSS de la Côte-Nord,0,14,5,314.0
2021-2022,CISSS de la Côte-Nord,0,14,9,413.0
2021-2022,CISSS de la Côte-Nord,0,15,1,200.0
2021-2022,CISSS de la Côte-Nord,0,15,2,338.0
2021-2022,CISSS de la Côte-Nord,0,15,3,534.0
2021-2022,CISSS de la Côte-Nord,0,15,4,400.0
2021-2022,CISSS de la Côte-Nord,0,15,5,232.0
2021-2022,CISSS de la Côte-Nord,0,15,9,368.0
2021-2022,CISSS de la Gaspésie,0,10,1,4.0
2021-2022,CISSS de la Gaspésie,0,10,2,25.0
2021-2022,CISSS de la Gaspésie,0,10,3,20.0
2021-2022,CISSS de la Gaspésie,0,10,4,2.0
2021-2022,CISSS de la Gaspésie,0,10,5,6.0
2021-2022,CISSS de la Gaspésie,0,10,6,4.0
2021-2022,CISSS de la Gaspésie,0,10,7,0.0
2021-2022,CISSS de la Gaspésie,0,10,8,0.0
2021-2022,CISSS de la Gaspésie,0,10,9,61.0
2021-2022,CISSS de la Gaspésie,0,11,1,53.0
2021-2022,CISSS de la Gaspésie,0,11,2,209.6
2021-2022,CISSS de la Gaspésie,0,11,3,336.5
2021-2022,CISSS de la Gaspésie,0,11,4,246.0
2021-2022,CISSS de la Gaspésie,0,11,5,248.3
2021-2022,CISSS de la Gaspésie,0,11,6,228.5
2021-2022,CISSS de la Gaspésie,0,11,9,247.2
2021-2022,CISSS de la Gaspésie,0,12,1,45.5
2021-2022,CISSS de la Gaspésie,0,12,2,105.0
2021-2022,CISSS de la Gaspésie,0,12,3,134.0
2021-2022,CISSS de la Gaspésie,0,12,4,246.0
2021-2022,CISSS de la Gaspésie,0,12,5,264.0
2021-2022,CISSS de la Gaspésie,0,12,6,172.0
2021-2022,CISSS de la Gaspésie,0,12,9,126.0
2021-2022,CISSS de la Gaspésie,0,13,1,4.0
2021-2022,CISSS de la Gaspésie,0,13,2,25.0
2021-2022,CISSS de la Gaspésie,0,13,3,20.0
2021-2022,CISSS de la Gaspésie,0,13,4,2.0
2021-2022,CISSS de la Gaspésie,0,13,5,6.0
2021-2022,CISSS de la Gaspésie,0,13,6,4.0
2021-2022,CISSS de la Gaspésie,0,13,7,0.0
2021-2022,CISSS de la Gaspésie,0,13,8,0.0
2021-2022,CISSS de la Gaspésie,0,13,9,61.0
2021-2022,CISSS de la Gaspésie,0,14,1,53.0
2021-2022,CISSS de la Gaspésie,0,14,2,209.6
2021-2022,CISSS de la Gaspésie,0,14,3,336.5
2021-2022,CISSS de la Gaspésie,0,14,4,246.0
2021-2022,CISSS de la Gaspésie,0,14,5,248.3
2021-2022,CISSS de la Gaspésie,0,14,6,228.5
2021-2022,CISSS de la Gaspésie,0,14,9,247.2
2021-2022,CISSS de la Gaspésie,0,15,1,45.5
2021-2022,CISSS de la Gaspésie,0,15,2,105.0
2021-2022,CISSS de la Gaspésie,0,15,3,134.0
2021-2022,CISSS de la Gaspésie,0,15,4,246.0
2021-2022,CISSS de la Gaspésie,0,15,5,264.0
2021-2022,CISSS de la Gaspésie,0,15,6,172.0
2021-2022,CISSS de la Gaspésie,0,15,9,126.0
2021-2022,CISSS de la Montérégie-Ouest,0,1,4,4.0
2021-2022,CISSS de la Montérégie-Ouest,0,1,5,9.0
2021-2022,CISSS de la Montérégie-Ouest,0,1,6,3.0
2021-2022,CISSS de la Montérégie-Ouest,0,1,9,16.0
2021-2022,CISSS de la Montérégie-Ouest,0,2,4,689.0
2021-2022,CISSS de la Montérégie-Ouest,0,2,5,1051.0
2021-2022,CISSS de la Montérégie-Ouest,0,2,6,376.0
2021-2022,CISSS de la Montérégie-Ouest,0,2,9,2116.0
2021-2022,CISSS de la Montérégie-Ouest,0,3,4,722.0
2021-2022,CISSS de la Montérégie-Ouest,0,3,5,862.0
2021-2022,CISSS de la Montérégie-Ouest,0,3,6,324.0
2021-2022,CISSS de la Montérégie-Ouest,0,3,9,1908.0
2021-2022,CISSS de la Montérégie-Ouest,0,4,3,5.0
2021-2022,CISSS de la Montérégie-Ouest,0,4,4,24.0
2021-2022,CISSS de la Montérégie-Ouest,0,4,5,42.0
2021-2022,CISSS de la Montérégie-Ouest,0,4,6,5.0
2021-2022,CISSS de la Montérégie-Ouest,0,4,9,76.0
2021-2022,CISSS de la Montérégie-Ouest,0,5,3,363.0
2021-2022,CISSS de la Montérégie-Ouest,0,5,4,518.0
2021-2022,CISSS de la Montérégie-Ouest,0,5,5,611.0
2021-2022,CISSS de la Montérégie-Ouest,0,5,6,628.0
2021-2022,CISSS de la Montérégie-Ouest,0,5,9,2120.0
2021-2022,CISSS de la Montérégie-Ouest,0,6,3,276.0
2021-2022,CISSS de la Montérégie-Ouest,0,6,4,346.0
2021-2022,CISSS de la Montérégie-Ouest,0,6,5,445.0
2021-2022,CISSS de la Montérégie-Ouest,0,6,6,669.0
2021-2022,CISSS de la Montérégie-Ouest,0,6,9,1735.0
2021-2022,CISSS de la Montérégie-Ouest,0,7,2,11.0
2021-2022,CISSS de la Montérégie-Ouest,0,7,3,23.0
2021-2022,CISSS de la Montérégie-Ouest,0,7,4,14.0
2021-2022,CISSS de la Montérégie-Ouest,0,7,5,27.0
2021-2022,CISSS de la Montérégie-Ouest,0,7,6,5.0
2021-2022,CISSS de la Montérégie-Ouest,0,7,9,80.0
2021-2022,CISSS de la Montérégie-Ouest,0,8,2,227.0
2021-2022,CISSS de la Montérégie-Ouest,0,8,3,528.0
2021-2022,CISSS de la Montérégie-Ouest,0,8,4,634.0
2021-2022,CISSS de la Montérégie-Ouest,0,8,5,1635.0
2021-2022,CISSS de la Montérégie-Ouest,0,8,6,1455.0
2021-2022,CISSS de la Montérégie-Ouest,0,8,9,4480.0
2021-2022,CISSS de la Montérégie-Ouest,0,9,2,157.0
2021-2022,CISSS de la Montérégie-Ouest,0,9,3,452.0
2021-2022,CISSS de la Montérégie-Ouest,0,9,4,634.0
2021-2022,CISSS de la Montérégie-Ouest,0,9,5,773.0
2021-2022,CISSS de la Montérégie-Ouest,0,9,6,1491.0
2021-2022,CISSS de la Montérégie-Ouest,0,9,9,3506.0
2021-2022,CISSS de la Montérégie-Ouest,0,10,1,241.0
2021-2022,CISSS de la Montérégie-Ouest,0,10,2,1240.0
2021-2022,CISSS de la Montérégie-Ouest,0,10,3,512.0
2021-2022,CISSS de la Montérégie-Ouest,0,10,4,122.0
2021-2022,CISSS de la Montérégie-Ouest,0,10,5,138.0
2021-2022,CISSS de la Montérégie-Ouest,0,10,6,18.0
2021-2022,CISSS de la Montérégie-Ouest,0,10,9,2271.0
2021-2022,CISSS de la Montérégie-Ouest,0,11,1,93.0
2021-2022,CISSS de la Montérégie-Ouest,0,11,2,521.0
2021-2022,CISSS de la Montérégie-Ouest,0,11,3,623.0
2021-2022,CISSS de la Montérégie-Ouest,0,11,4,601.0
2021-2022,CISSS de la Montérégie-Ouest,0,11,5,617.0
2021-2022,CISSS de la Montérégie-Ouest,0,11,6,978.0
2021-2022,CISSS de la Montérégie-Ouest,0,11,9,3433.0
2021-2022,CISSS de la Montérégie-Ouest,0,12,1,39.0
2021-2022,CISSS de la Montérégie-Ouest,0,12,2,413.0
2021-2022,CISSS de la Montérégie-Ouest,0,12,3,500.0
2021-2022,CISSS de la Montérégie-Ouest,0,12,4,492.0
2021-2022,CISSS de la Montérégie-Ouest,0,12,5,357.0
2021-2022,CISSS de la Montérégie-Ouest,0,12,6,301.0
2021-2022,CISSS de la Montérégie-Ouest,0,12,9,2101.0
2021-2022,CISSS de la Montérégie-Ouest,0,13,1,241.0
2021-2022,CISSS de la Montérégie-Ouest,0,13,2,1251.0
2021-2022,CISSS de la Montérégie-Ouest,0,13,3,540.0
2021-2022,CISSS de la Montérégie-Ouest,0,13,4,164.0
2021-2022,CISSS de la Montérégie-Ouest,0,13,5,216.0
2021-2022,CISSS de la Montérégie-Ouest,0,13,6,31.0
2021-2022,CISSS de la Montérégie-Ouest,0,13,9,2443.0
2021-2022,CISSS de la Montérégie-Ouest,0,14,1,93.0
2021-2022,CISSS de la Montérégie-Ouest,0,14,2,746.0
2021-2022,CISSS de la Montérégie-Ouest,0,14,3,1514.0
2021-2022,CISSS de la Montérégie-Ouest,0,14,4,2442.0
2021-2022,CISSS de la Montérégie-Ouest,0,14,5,3914.0
2021-2022,CISSS de la Montérégie-Ouest,0,14,6,3437.0
2021-2022,CISSS de la Montérégie-Ouest,0,14,9,12149.0
2021-2022,CISSS de la Montérégie-Ouest,0,15,1,39.0
2021-2022,CISSS de la Montérégie-Ouest,0,15,2,570.0
2021-2022,CISSS de la Montérégie-Ouest,0,15,3,1228.0
2021-2022,CISSS de la Montérégie-Ouest,0,15,4,2193.0
2021-2022,CISSS de la Montérégie-Ouest,0,15,5,2436.0
2021-2022,CISSS de la Montérégie-Ouest,0,15,6,2784.0
2021-2022,CISSS de la Montérégie-Ouest,0,15,9,9249.0
2021-2022,CISSS des Laurentides,0,1,1,0.0
2021-2022,CISSS des Laurentides,0,1,2,0.0
2021-2022,CISSS des Laurentides,0,1,3,0.0
2021-2022,CISSS des Laurentides,0,1,4,3.0
2021-2022,CISSS des Laurentides,0,1,5,10.0
2021-2022,CISSS des Laurentides,0,1,6,1.0
2021-2022,CISSS des Laurentides,0,1,7,0.0
2021-2022,CISSS des Laurentides,0,1,8,0.0
2021-2022,CISSS des Laurentides,0,1,9,14.0
2021-2022,CISSS des Laurentides,0,2,1,0.0
2021-2022,CISSS des Laurentides,0,2,2,0.0
2021-2022,CISSS des Laurentides,0,2,3,0.0
2021-2022,CISSS des Laurentides,0,2,4,476.0
2021-2022,CISSS des Laurentides,0,2,5,1076.0
2021-2022,CISSS des Laurentides,0,2,6,105.0
2021-2022,CISSS des Laurentides,0,2,7,0.0
2021-2022,CISSS des Laurentides,0,2,8,0.0
2021-2022,CISSS des Laurentides,0,2,9,878.4
2021-2022,CISSS des Laurentides,0,3,1,0.0
2021-2022,CISSS des Laurentides,0,3,2,0.0
2021-2022,CISSS des Laurentides,0,3,3,0.0
2021-2022,CISSS des Laurentides,0,3,4,401.0
2021-2022,CISSS des Laurentides,0,3,5,871.5
2021-2022,CISSS des Laurentides,0,3,6,105.0
2021-2022,CISSS des Laurentides,0,3,7,0.0
2021-2022,CISSS des Laurentides,0,3,8,0.0
2021-2022,CISSS des Laurentides,0,3,9,787.0
2021-2022,CISSS des Laurentides,0,4,1,0.0
2021-2022,CISSS des Laurentides,0,4,2,0.0
2021-2022,CISSS des Laurentides,0,4,3,7.0
2021-2022,CISSS des Laurentides,0,4,4,19.0
2021-2022,CISSS des Laurentides,0,4,5,13.0
2021-2022,CISSS des Laurentides,0,4,6,1.0
2021-2022,CISSS des Laurentides,0,4,7,0.0
2021-2022,CISSS des Laurentides,0,4,8,0.0
2021-2022,CISSS des Laurentides,0,4,9,40.0
2021-2022,CISSS des Laurentides,0,5,1,0.0
2021-2022,CISSS des Laurentides,0,5,2,0.0
2021-2022,CISSS des Laurentides,0,5,3,211.6
2021-2022,CISSS des Laurentides,0,5,4,197.1
2021-2022,CISSS des Laurentides,0,5,5,405.4
2021-2022,CISSS des Laurentides,0,5,6,79.0
2021-2022,CISSS des Laurentides,0,5,7,0.0
2021-2022,CISSS des Laurentides,0,5,8,0.0
2021-2022,CISSS des Laurentides,0,5,9,264.4
2021-2022,CISSS des Laurentides,0,6,1,0.0
2021-2022,CISSS des Laurentides,0,6,2,0.0
2021-2022,CISSS des Laurentides,0,6,3,107.0
2021-2022,CISSS des Laurentides,0,6,4,193.0
2021-2022,CISSS des Laurentides,0,6,5,317.0
2021-2022,CISSS des Laurentides,0,6,6,79.0
2021-2022,CISSS des Laurentides,0,6,7,0.0
2021-2022,CISSS des Laurentides,0,6,8,0.0
2021-2022,CISSS des Laurentides,0,6,9,224.0
2021-2022,CISSS des Laurentides,0,7,1,0.0
2021-2022,CISSS des Laurentides,0,7,2,0.0
2021-2022,CISSS des Laurentides,0,7,3,0.0
2021-2022,CISSS des Laurentides,0,7,4,1.0
2021-2022,CISSS des Laurentides,0,7,5,1.0
2021-2022,CISSS des Laurentides,0,7,6,0.0
2021-2022,CISSS des Laurentides,0,7,7,0.0
2021-2022,CISSS des Laurentides,0,7,8,0.0
2021-2022,CISSS des Laurentides,0,7,9,2.0
2021-2022,CISSS des Laurentides,0,8,1,0.0
2021-2022,CISSS des Laurentides,0,8,2,0.0
2021-2022,CISSS des Laurentides,0,8,3,0.0
2021-2022,CISSS des Laurentides,0,8,4,1461.0
2021-2022,CISSS des Laurentides,0,8,5,2373.0
2021-2022,CISSS des Laurentides,0,8,6,0.0
2021-2022,CISSS des Laurentides,0,8,7,0.0
2021-2022,CISSS des Laurentides,0,8,8,0.0
2021-2022,CISSS des Laurentides,0,8,9,1917.0
2021-2022,CISSS des Laurentides,0,9,1,0.0
2021-2022,CISSS des Laurentides,0,9,2,0.0
2021-2022,CISSS des Laurentides,0,9,3,0.0
2021-2022,CISSS des Laurentides,0,9,4,1461.0
2021-2022,CISSS des Laurentides,0,9,5,2373.0
2021-2022,CISSS des Laurentides,0,9,6,0.0
2021-2022,CISSS des Laurentides,0,9,7,0.0
2021-2022,CISSS des Laurentides,0,9,8,0.0
2021-2022,CISSS des Laurentides,0,9,9,1917.0
2021-2022,CISSS des Laurentides,0,10,1,26.0
2021-2022,CISSS des Laurentides,0,10,2,95.0
2021-2022,CISSS des Laurentides,0,10,3,36.0
2021-2022,CISSS des Laurentides,0,10,4,22.0
2021-2022,CISSS des Laurentides,0,10,5,38.0
2021-2022,CISSS des Laurentides,0,10,6,7.0
2021-2022,CISSS des Laurentides,0,10,7,1.0
2021-2022,CISSS des Laurentides,0,10,8,0.0
2021-2022,CISSS des Laurentides,0,10,9,225.0
2021-2022,CISSS des Laurentides,0,11,1,35.6
2021-2022,CISSS des Laurentides,0,11,2,207.4
2021-2022,CISSS des Laurentides,0,11,3,227.1
2021-2022,CISSS des Laurentides,0,11,4,210.9
2021-2022,CISSS des Laurentides,0,11,5,186.0
2021-2022,CISSS des Laurentides,0,11,6,225.0
2021-2022,CISSS des Laurentides,0,11,7,148.0
2021-2022,CISSS des Laurentides,0,11,8,0.0
2021-2022,CISSS des Laurentides,0,11,9,187.7
2021-2022,CISSS des Laurentides,0,12,1,35.5
2021-2022,CISSS des Laurentides,0,12,2,162.0
2021-2022,CISSS des Laurentides,0,12,3,207.5
2021-2022,CISSS des Laurentides,0,12,4,124.5
2021-2022,CISSS des Laurentides,0,12,5,126.0
2021-2022,CISSS des Laurentides,0,12,6,148.0
2021-2022,CISSS des Laurentides,0,12,7,148.0
2021-2022,CISSS des Laurentides,0,12,8,0.0
2021-2022,CISSS des Laurentides,0,12,9,128.0
2021-2022,CISSS des Laurentides,0,13,1,26.0
2021-2022,CISSS des Laurentides,0,13,2,95.0
2021-2022,CISSS des Laurentides,0,13,3,43.0
2021-2022,CISSS des Laurentides,0,13,4,45.0
2021-2022,CISSS des Laurentides,0,13,5,62.0
2021-2022,CISSS des Laurentides,0,13,6,9.0
2021-2022,CISSS des Laurentides,0,13,7,1.0
2021-2022,CISSS des Laurentides,0,13,8,0.0
2021-2022,CISSS des Laurentides,0,13,9,281.0
2021-2022,CISSS des Laurentides,0,14,1,35.6
2021-2022,CISSS des Laurentides,0,14,2,207.4
2021-2022,CISSS des Laurentides,0,14,3,224.6
2021-2022,CISSS des Laurentides,0,14,4,250.5
2021-2022,CISSS des Laurentides,0,14,5,410.9
2021-2022,CISSS des Laurentides,0,14,6,195.4
2021-2022,CISSS des Laurentides,0,14,7,148.0
2021-2022,CISSS des Laurentides,0,14,8,0.0
2021-2022,CISSS des Laurentides,0,14,9,245.3
2021-2022,CISSS des Laurentides,0,15,1,35.5
2021-2022,CISSS des Laurentides,0,15,2,162.0
2021-2022,CISSS des Laurentides,0,15,3,196.0
2021-2022,CISSS des Laurentides,0,15,4,149.0
2021-2022,CISSS des Laurentides,0,15,5,186.5
2021-2022,CISSS des Laurentides,0,15,6,105.0
2021-2022,CISSS des Laurentides,0,15,7,148.0
2021-2022,CISSS des Laurentides,0,15,8,0.0
2021-2022,CISSS des Laurentides,0,15,9,148.0
2021-2022,CISSS des Îles,0,1,1,0.0
2021-2022,CISSS des Îles,0,1,2,0.0
2021-2022,CISSS des Îles,0,1,3,0.0
2021-2022,CISSS des Îles,0,1,4,0.0
2021-2022,CISSS des Îles,0,1,5,1.0
2021-2022,CISSS des Îles,0,1,6,0.0
2021-2022,CISSS des Îles,0,1,7,0.0
2021-2022,CISSS des Îles,0,1,8,0.0
2021-2022,CISSS des Îles,0,1,9,1.0
2021-2022,CISSS des Îles,0,2,5,44.0
2021-2022,CISSS des Îles,0,2,9,44.0
2021-2022,CISSS des Îles,0,3,5,44.0
2021-2022,CISSS des Îles,0,3,9,44.0
2021-2022,CISSS des Îles,0,4,1,0.0
2021-2022,CISSS des Îles,0,4,2,0.0
2021-2022,CISSS des Îles,0,4,3,0.0
2021-2022,CISSS des Îles,0,4,4,2.0
2021-2022,CISSS des Îles,0,4,5,1.0
2021-2022,CISSS des Îles,0,4,9,3.0
2021-2022,CISSS des Îles,0,5,4,171.0
2021-2022,CISSS des Îles,0,5,5,24.0
2021-2022,CISSS des Îles,0,5,9,122.0
2021-2022,CISSS des Îles,0,6,4,171.0
2021-2022,CISSS des Îles,0,6,5,24.0
2021-2022,CISSS des Îles,0,6,9,66.0
2021-2022,CISSS des Îles,0,10,1,0.0
2021-2022,CISSS des Îles,0,10,2,0.0
2021-2022,CISSS des Îles,0,10,3,0.0
2021-2022,CISSS des Îles,0,10,4,0.0
2021-2022,CISSS des Îles,0,10,5,1.0
2021-2022,CISSS des Îles,0,10,6,0.0
2021-2022,CISSS des Îles,0,10,7,0.0
2021-2022,CISSS des Îles,0,10,8,0.0
2021-2022,CISSS des Îles,0,10,9,1.0
2021-2022,CISSS des Îles,0,11,5,24.0
2021-2022,CISSS des Îles,0,11,9,24.0
2021-2022,CISSS des Îles,0,12,5,24.0
2021-2022,CISSS des Îles,0,12,9,24.0
2021-2022,CISSS des Îles,0,13,1,0.0
2021-2022,CISSS des Îles,0,13,2,0.0
2021-2022,CISSS des Îles,0,13,3,0.0
2021-2022,CISSS des Îles,0,13,4,2.0
2021-2022,CISSS des Îles,0,13,5,3.0
2021-2022,CISSS des Îles,0,13,6,0.0
2021-2022,CISSS des Îles,0,13,7,0.0
2021-2022,CISSS des Îles,0,13,8,0.0
2021-2022,CISSS des Îles,0,13,9,5.0
2021-2022,CISSS des Îles,0,14,4,171.0
2021-2022,CISSS des Îles,0,14,5,30.66
2021-2022,CISSS des Îles,0,14,9,26.8
2021-2022,CISSS des Îles,0,15,4,171.0
2021-2022,CISSS des Îles,0,15,5,24.0
2021-2022,CISSS des Îles,0,15,9,44.0
2021-2022,CISSS du Bas-Saint-Laurent,0,4,4,4.0
2021-2022,CISSS du Bas-Saint-Laurent,0,4,5,1.0
2021-2022,CISSS du Bas-Saint-Laurent,0,4,9,5.0
2021-2022,CISSS du Bas-Saint-Laurent,0,5,4,195.0
2021-2022,CISSS du Bas-Saint-Laurent,0,5,5,105.0
2021-2022,CISSS du Bas-Saint-Laurent,0,5,9,177.0
2021-2022,CISSS du Bas-Saint-Laurent,0,6,4,182.5
2021-2022,CISSS du Bas-Saint-Laurent,0,6,5,105.0
2021-2022,CISSS du Bas-Saint-Laurent,0,6,9,172.0
2021-2022,CISSS du Bas-Saint-Laurent,0,10,1,4.0
2021-2022,CISSS du Bas-Saint-Laurent,0,10,2,9.0
2021-2022,CISSS du Bas-Saint-Laurent,0,10,3,9.0
2021-2022,CISSS du Bas-Saint-Laurent,0,10,4,4.0
2021-2022,CISSS du Bas-Saint-Laurent,0,10,5,4.0
2021-2022,CISSS du Bas-Saint-Laurent,0,10,6,4.0
2021-2022,CISSS du Bas-Saint-Laurent,0,10,9,34.0
2021-2022,CISSS du Bas-Saint-Laurent,0,11,1,53.25
2021-2022,CISSS du Bas-Saint-Laurent,0,11,2,107.8
2021-2022,CISSS du Bas-Saint-Laurent,0,11,3,105.6
2021-2022,CISSS du Bas-Saint-Laurent,0,11,4,133.0
2021-2022,CISSS du Bas-Saint-Laurent,0,11,5,401.0
2021-2022,CISSS du Bas-Saint-Laurent,0,11,6,136.8
2021-2022,CISSS du Bas-Saint-Laurent,0,11,9,111.1
2021-2022,CISSS du Bas-Saint-Laurent,0,12,1,52.0
2021-2022,CISSS du Bas-Saint-Laurent,0,12,2,105.0
2021-2022,CISSS du Bas-Saint-Laurent,0,12,3,51.0
2021-2022,CISSS du Bas-Saint-Laurent,0,12,4,168.5
2021-2022,CISSS du Bas-Saint-Laurent,0,12,5,265.0
2021-2022,CISSS du Bas-Saint-Laurent,0,12,6,116.0
2021-2022,CISSS du Bas-Saint-Laurent,0,12,9,96.0
2021-2022,CISSS du Bas-Saint-Laurent,0,13,1,4.0
2021-2022,CISSS du Bas-Saint-Laurent,0,13,2,9.0
2021-2022,CISSS du Bas-Saint-Laurent,0,13,3,9.0
2021-2022,CISSS du Bas-Saint-Laurent,0,13,4,8.0
2021-2022,CISSS du Bas-Saint-Laurent,0,13,5,5.0
2021-2022,CISSS du Bas-Saint-Laurent,0,13,6,4.0
2021-2022,CISSS du Bas-Saint-Laurent,0,13,9,39.0
2021-2022,CISSS du Bas-Saint-Laurent,0,14,1,53.25
2021-2022,CISSS du Bas-Saint-Laurent,0,14,2,107.8
2021-2022,CISSS du Bas-Saint-Laurent,0,14,3,108.6
2021-2022,CISSS du Bas-Saint-Laurent,0,14,4,165.0
2021-2022,CISSS du Bas-Saint-Laurent,0,14,5,342.0
2021-2022,CISSS du Bas-Saint-Laurent,0,14,6,136.8
2021-2022,CISSS du Bas-Saint-Laurent,0,14,9,146.9
2021-2022,CISSS du Bas-Saint-Laurent,0,15,1,52.0
2021-2022,CISSS du Bas-Saint-Laurent,0,15,2,105.0
2021-2022,CISSS du Bas-Saint-Laurent,0,15,3,51.0
2021-2022,CISSS du Bas-Saint-Laurent,0,15,4,181.0
2021-2022,CISSS du Bas-Saint-Laurent,0,15,5,116.0
2021-2022,CISSS du Bas-Saint-Laurent,0,15,6,116.0
2021-2022,CISSS du Bas-Saint-Laurent,0,15,9,112.0
2021-2022,CIUSSS de l'Estrie  CHUS,0,1,4,5.0
2021-2022,CIUSSS de l'Estrie  CHUS,0,1,5,2.0
2021-2022,CIUSSS de l'Estrie  CHUS,0,1,9,7.0
2021-2022,CIUSSS de l'Estrie  CHUS,0,2,4,377.0
2021-2022,CIUSSS de l'Estrie  CHUS,0,2,5,186.5
2021-2022,CIUSSS de l'Estrie  CHUS,0,2,9,322.6
2021-2022,CIUSSS de l'Estrie  CHUS,0,3,4,302.0
2021-2022,CIUSSS de l'Estrie  CHUS,0,3,5,186.5
2021-2022,CIUSSS de l'Estrie  CHUS,0,3,9,302.0
2021-2022,CIUSSS de l'Estrie  CHUS,0,4,4,2.0
2021-2022,CIUSSS de l'Estrie  CHUS,0,4,5,1.0
2021-2022,CIUSSS de l'Estrie  CHUS,0,4,9,3.0
2021-2022,CIUSSS de l'Estrie  CHUS,0,5,4,489.5
2021-2022,CIUSSS de l'Estrie  CHUS,0,5,5,158.0
2021-2022,CIUSSS de l'Estrie  CHUS,0,5,9,379.0
2021-2022,CIUSSS de l'Estrie  CHUS,0,6,4,489.5
2021-2022,CIUSSS de l'Estrie  CHUS,0,6,5,158.0
2021-2022,CIUSSS de l'Estrie  CHUS,0,6,9,354.0
2021-2022,CIUSSS de l'Estrie  CHUS,0,7,2,9.0
2021-2022,CIUSSS de l'Estrie  CHUS,0,7,3,5.0
2021-2022,CIUSSS de l'Estrie  CHUS,0,7,4,3.0
2021-2022,CIUSSS de l'Estrie  CHUS,0,7,5,5.0
2021-2022,CIUSSS de l'Estrie  CHUS,0,7,6,1.0
2021-2022,CIUSSS de l'Estrie  CHUS,0,7,9,23.0
2021-2022,CIUSSS de l'Estrie  CHUS,0,8,2,169.7
2021-2022,CIUSSS de l'Estrie  CHUS,0,8,3,119.2
2021-2022,CIUSSS de l'Estrie  CHUS,0,8,4,387.3
2021-2022,CIUSSS de l'Estrie  CHUS,0,8,5,391.2
2021-2022,CIUSSS de l'Estrie  CHUS,0,8,6,884.0
2021-2022,CIUSSS de l'Estrie  CHUS,0,8,9,266.3
2021-2022,CIUSSS de l'Estrie  CHUS,0,9,2,163.0
2021-2022,CIUSSS de l'Estrie  CHUS,0,9,3,51.0
2021-2022,CIUSSS de l'Estrie  CHUS,0,9,4,135.0
2021-2022,CIUSSS de l'Estrie  CHUS,0,9,5,239.0
2021-2022,CIUSSS de l'Estrie  CHUS,0,9,6,884.0
2021-2022,CIUSSS de l'Estrie  CHUS,0,9,9,163.0
2021-2022,CIUSSS de l'Estrie  CHUS,0,10,1,14.0
2021-2022,CIUSSS de l'Estrie  CHUS,0,10,2,146.0
2021-2022,CIUSSS de l'Estrie  CHUS,0,10,3,87.0
2021-2022,CIUSSS de l'Estrie  CHUS,0,10,4,15.0
2021-2022,CIUSSS de l'Estrie  CHUS,0,10,5,13.0
2021-2022,CIUSSS de l'Estrie  CHUS,0,10,6,3.0
2021-2022,CIUSSS de l'Estrie  CHUS,0,10,9,278.0
2021-2022,CIUSSS de l'Estrie  CHUS,0,11,1,86.0
2021-2022,CIUSSS de l'Estrie  CHUS,0,11,2,424.4
2021-2022,CIUSSS de l'Estrie  CHUS,0,11,3,550.7
2021-2022,CIUSSS de l'Estrie  CHUS,0,11,4,593.3
2021-2022,CIUSSS de l'Estrie  CHUS,0,11,5,494.3
2021-2022,CIUSSS de l'Estrie  CHUS,0,11,6,538.2
2021-2022,CIUSSS de l'Estrie  CHUS,0,11,9,487.4
2021-2022,CIUSSS de l'Estrie  CHUS,0,12,1,76.5
2021-2022,CIUSSS de l'Estrie  CHUS,0,12,2,402.0
2021-2022,CIUSSS de l'Estrie  CHUS,0,12,3,437.0
2021-2022,CIUSSS de l'Estrie  CHUS,0,12,4,787.0
2021-2022,CIUSSS de l'Estrie  CHUS,0,12,5,637.0
2021-2022,CIUSSS de l'Estrie  CHUS,0,12,6,471.0
2021-2022,CIUSSS de l'Estrie  CHUS,0,12,9,424.5
2021-2022,CIUSSS de l'Estrie  CHUS,0,13,1,14.0
2021-2022,CIUSSS de l'Estrie  CHUS,0,13,2,155.0
2021-2022,CIUSSS de l'Estrie  CHUS,0,13,3,92.0
2021-2022,CIUSSS de l'Estrie  CHUS,0,13,4,25.0
2021-2022,CIUSSS de l'Estrie  CHUS,0,13,5,21.0
2021-2022,CIUSSS de l'Estrie  CHUS,0,13,6,4.0
2021-2022,CIUSSS de l'Estrie  CHUS,0,13,9,311.0
2021-2022,CIUSSS de l'Estrie  CHUS,0,14,1,86.0
2021-2022,CIUSSS de l'Estrie  CHUS,0,14,2,424.4
2021-2022,CIUSSS de l'Estrie  CHUS,0,14,3,550.7
2021-2022,CIUSSS de l'Estrie  CHUS,0,14,4,593.3
2021-2022,CIUSSS de l'Estrie  CHUS,0,14,5,494.3
2021-2022,CIUSSS de l'Estrie  CHUS,0,14,6,538.2
2021-2022,CIUSSS de l'Estrie  CHUS,0,14,9,466.3
2021-2022,CIUSSS de l'Estrie  CHUS,0,15,1,76.5
2021-2022,CIUSSS de l'Estrie  CHUS,0,15,2,379.0
2021-2022,CIUSSS de l'Estrie  CHUS,0,15,3,421.0
2021-2022,CIUSSS de l'Estrie  CHUS,0,15,4,596.0
2021-2022,CIUSSS de l'Estrie  CHUS,0,15,5,465.0
2021-2022,CIUSSS de l'Estrie  CHUS,0,15,6,629.0
2021-2022,CIUSSS de l'Estrie  CHUS,0,15,9,381.0
2021-2022,CIUSSS de l'Ouest-de-l'Île-de-Montréal,0,1,1,0.0
2021-2022,CIUSSS de l'Ouest-de-l'Île-de-Montréal,0,1,2,0.0
2021-2022,CIUSSS de l'Ouest-de-l'Île-de-Montréal,0,1,3,0.0
2021-2022,CIUSSS de l'Ouest-de-l'Île-de-Montréal,0,1,4,8.0
2021-2022,CIUSSS de l'Ouest-de-l'Île-de-Montréal,0,1,5,15.0
2021-2022,CIUSSS de l'Ouest-de-l'Île-de-Montréal,0,1,6,0.0
2021-2022,CIUSSS de l'Ouest-de-l'Île-de-Montréal,0,1,7,0.0
2021-2022,CIUSSS de l'Ouest-de-l'Île-de-Montréal,0,1,8,0.0
2021-2022,CIUSSS de l'Ouest-de-l'Île-de-Montréal,0,1,9,23.0
2021-2022,CIUSSS de l'Ouest-de-l'Île-de-Montréal,0,2,1,0.0
2021-2022,CIUSSS de l'Ouest-de-l'Île-de-Montréal,0,2,2,0.0
2021-2022,CIUSSS de l'Ouest-de-l'Île-de-Montréal,0,2,3,0.0
2021-2022,CIUSSS de l'Ouest-de-l'Île-de-Montréal,0,2,4,347.8
2021-2022,CIUSSS de l'Ouest-de-l'Île-de-Montréal,0,2,5,1934.0
2021-2022,CIUSSS de l'Ouest-de-l'Île-de-Montréal,0,2,6,0.0
2021-2022,CIUSSS de l'Ouest-de-l'Île-de-Montréal,0,2,7,0.0
2021-2022,CIUSSS de l'Ouest-de-l'Île-de-Montréal,0,2,8,0.0
2021-2022,CIUSSS de l'Ouest-de-l'Île-de-Montréal,0,2,9,1382.0
2021-2022,CIUSSS de l'Ouest-de-l'Île-de-Montréal,0,3,1,0.0
2021-2022,CIUSSS de l'Ouest-de-l'Île-de-Montréal,0,3,2,0.0
2021-2022,CIUSSS de l'Ouest-de-l'Île-de-Montréal,0,3,3,0.0
2021-2022,CIUSSS de l'Ouest-de-l'Île-de-Montréal,0,3,4,317.0
2021-2022,CIUSSS de l'Ouest-de-l'Île-de-Montréal,0,3,5,920.0
2021-2022,CIUSSS de l'Ouest-de-l'Île-de-Montréal,0,3,6,0.0
2021-2022,CIUSSS de l'Ouest-de-l'Île-de-Montréal,0,3,7,0.0
2021-2022,CIUSSS de l'Ouest-de-l'Île-de-Montréal,0,3,8,0.0
2021-2022,CIUSSS de l'Ouest-de-l'Île-de-Montréal,0,3,9,751.0
2021-2022,CIUSSS de l'Ouest-de-l'Île-de-Montréal,0,4,1,0.0
2021-2022,CIUSSS de l'Ouest-de-l'Île-de-Montréal,0,4,2,0.0
2021-2022,CIUSSS de l'Ouest-de-l'Île-de-Montréal,0,4,3,0.0
2021-2022,CIUSSS de l'Ouest-de-l'Île-de-Montréal,0,4,4,18.0
2021-2022,CIUSSS de l'Ouest-de-l'Île-de-Montréal,0,4,5,21.0
2021-2022,CIUSSS de l'Ouest-de-l'Île-de-Montréal,0,4,6,0.0
2021-2022,CIUSSS de l'Ouest-de-l'Île-de-Montréal,0,4,7,0.0
2021-2022,CIUSSS de l'Ouest-de-l'Île-de-Montréal,0,4,8,0.0
2021-2022,CIUSSS de l'Ouest-de-l'Île-de-Montréal,0,4,9,39.0
2021-2022,CIUSSS de l'Ouest-de-l'Île-de-Montréal,0,5,1,0.0
2021-2022,CIUSSS de l'Ouest-de-l'Île-de-Montréal,0,5,2,0.0
2021-2022,CIUSSS de l'Ouest-de-l'Île-de-Montréal,0,5,3,0.0
2021-2022,CIUSSS de l'Ouest-de-l'Île-de-Montréal,0,5,4,250.7
2021-2022,CIUSSS de l'Ouest-de-l'Île-de-Montréal,0,5,5,1274.0
2021-2022,CIUSSS de l'Ouest-de-l'Île-de-Montréal,0,5,6,0.0
2021-2022,CIUSSS de l'Ouest-de-l'Île-de-Montréal,0,5,7,0.0
2021-2022,CIUSSS de l'Ouest-de-l'Île-de-Montréal,0,5,8,0.0
2021-2022,CIUSSS de l'Ouest-de-l'Île-de-Montréal,0,5,9,801.5
2021-2022,CIUSSS de l'Ouest-de-l'Île-de-Montréal,0,6,1,0.0
2021-2022,CIUSSS de l'Ouest-de-l'Île-de-Montréal,0,6,2,0.0
2021-2022,CIUSSS de l'Ouest-de-l'Île-de-Montréal,0,6,3,0.0
2021-2022,CIUSSS de l'Ouest-de-l'Île-de-Montréal,0,6,4,141.5
2021-2022,CIUSSS de l'Ouest-de-l'Île-de-Montréal,0,6,5,1180.0
2021-2022,CIUSSS de l'Ouest-de-l'Île-de-Montréal,0,6,6,0.0
2021-2022,CIUSSS de l'Ouest-de-l'Île-de-Montréal,0,6,7,0.0
2021-2022,CIUSSS de l'Ouest-de-l'Île-de-Montréal,0,6,8,0.0
2021-2022,CIUSSS de l'Ouest-de-l'Île-de-Montréal,0,6,9,483.0
2021-2022,CIUSSS de l'Ouest-de-l'Île-de-Montréal,0,7,1,2.0
2021-2022,CIUSSS de l'Ouest-de-l'Île-de-Montréal,0,7,2,39.0
2021-2022,CIUSSS de l'Ouest-de-l'Île-de-Montréal,0,7,3,34.0
2021-2022,CIUSSS de l'Ouest-de-l'Île-de-Montréal,0,7,4,14.0
2021-2022,CIUSSS de l'Ouest-de-l'Île-de-Montréal,0,7,5,32.0
2021-2022,CIUSSS de l'Ouest-de-l'Île-de-Montréal,0,7,6,3.0
2021-2022,CIUSSS de l'Ouest-de-l'Île-de-Montréal,0,7,7,0.0
2021-2022,CIUSSS de l'Ouest-de-l'Île-de-Montréal,0,7,8,0.0
2021-2022,CIUSSS de l'Ouest-de-l'Île-de-Montréal,0,7,9,124.0
2021-2022,CIUSSS de l'Ouest-de-l'Île-de-Montréal,0,8,1,332.5
2021-2022,CIUSSS de l'Ouest-de-l'Île-de-Montréal,0,8,2,1291.0
2021-2022,CIUSSS de l'Ouest-de-l'Île-de-Montréal,0,8,3,1228.0
2021-2022,CIUSSS de l'Ouest-de-l'Île-de-Montréal,0,8,4,1724.0
2021-2022,CIUSSS de l'Ouest-de-l'Île-de-Montréal,0,8,5,2027.0
2021-2022,CIUSSS de l'Ouest-de-l'Île-de-Montréal,0,8,6,787.0
2021-2022,CIUSSS de l'Ouest-de-l'Île-de-Montréal,0,8,7,0.0
2021-2022,CIUSSS de l'Ouest-de-l'Île-de-Montréal,0,8,8,0.0
2021-2022,CIUSSS de l'Ouest-de-l'Île-de-Montréal,0,8,9,1485.0
2021-2022,CIUSSS de l'Ouest-de-l'Île-de-Montréal,0,9,1,332.5
2021-2022,CIUSSS de l'Ouest-de-l'Île-de-Montréal,0,9,2,1023.0
2021-2022,CIUSSS de l'Ouest-de-l'Île-de-Montréal,0,9,3,758.5
2021-2022,CIUSSS de l'Ouest-de-l'Île-de-Montréal,0,9,4,1030.0
2021-2022,CIUSSS de l'Ouest-de-l'Île-de-Montréal,0,9,5,829.0
2021-2022,CIUSSS de l'Ouest-de-l'Île-de-Montréal,0,9,6,1082.0
2021-2022,CIUSSS de l'Ouest-de-l'Île-de-Montréal,0,9,7,0.0
2021-2022,CIUSSS de l'Ouest-de-l'Île-de-Montréal,0,9,8,0.0
2021-2022,CIUSSS de l'Ouest-de-l'Île-de-Montréal,0,9,9,942.0
2021-2022,CIUSSS de l'Ouest-de-l'Île-de-Montréal,0,10,1,141.0
2021-2022,CIUSSS de l'Ouest-de-l'Île-de-Montréal,0,10,2,424.0
2021-2022,CIUSSS de l'Ouest-de-l'Île-de-Montréal,0,10,3,215.0
2021-2022,CIUSSS de l'Ouest-de-l'Île-de-Montréal,0,10,4,64.0
2021-2022,CIUSSS de l'Ouest-de-l'Île-de-Montréal,0,10,5,61.0
2021-2022,CIUSSS de l'Ouest-de-l'Île-de-Montréal,0,10,6,11.0
2021-2022,CIUSSS de l'Ouest-de-l'Île-de-Montréal,0,10,7,0.0
2021-2022,CIUSSS de l'Ouest-de-l'Île-de-Montréal,0,10,8,0.0
2021-2022,CIUSSS de l'Ouest-de-l'Île-de-Montréal,0,10,9,916.0
2021-2022,CIUSSS de l'Ouest-de-l'Île-de-Montréal,0,11,1,268.6
2021-2022,CIUSSS de l'Ouest-de-l'Île-de-Montréal,0,11,2,701.9
2021-2022,CIUSSS de l'Ouest-de-l'Île-de-Montréal,0,11,3,1157.0
2021-2022,CIUSSS de l'Ouest-de-l'Île-de-Montréal,0,11,4,1013.0
2021-2022,CIUSSS de l'Ouest-de-l'Île-de-Montréal,0,11,5,1236.0
2021-2022,CIUSSS de l'Ouest-de-l'Île-de-Montréal,0,11,6,1251.0
2021-2022,CIUSSS de l'Ouest-de-l'Île-de-Montréal,0,11,7,0.0
2021-2022,CIUSSS de l'Ouest-de-l'Île-de-Montréal,0,11,8,0.0
2021-2022,CIUSSS de l'Ouest-de-l'Île-de-Montréal,0,11,9,805.8
2021-2022,CIUSSS de l'Ouest-de-l'Île-de-Montréal,0,12,1,225.0
2021-2022,CIUSSS de l'Ouest-de-l'Île-de-Montréal,0,12,2,619.0
2021-2022,CIUSSS de l'Ouest-de-l'Île-de-Montréal,0,12,3,814.0
2021-2022,CIUSSS de l'Ouest-de-l'Île-de-Montréal,0,12,4,615.0
2021-2022,CIUSSS de l'Ouest-de-l'Île-de-Montréal,0,12,5,848.0
2021-2022,CIUSSS de l'Ouest-de-l'Île-de-Montréal,0,12,6,566.0
2021-2022,CIUSSS de l'Ouest-de-l'Île-de-Montréal,0,12,7,0.0
2021-2022,CIUSSS de l'Ouest-de-l'Île-de-Montréal,0,12,8,0.0
2021-2022,CIUSSS de l'Ouest-de-l'Île-de-Montréal,0,12,9,541.0
2021-2022,CIUSSS de l'Ouest-de-l'Île-de-Montréal,0,13,1,143.0
2021-2022,CIUSSS de l'Ouest-de-l'Île-de-Montréal,0,13,2,463.0
2021-2022,CIUSSS de l'Ouest-de-l'Île-de-Montréal,0,13,3,249.0
2021-2022,CIUSSS de l'Ouest-de-l'Île-de-Montréal,0,13,4,104.0
2021-2022,CIUSSS de l'Ouest-de-l'Île-de-Montréal,0,13,5,129.0
2021-2022,CIUSSS de l'Ouest-de-l'Île-de-Montréal,0,13,6,14.0
2021-2022,CIUSSS de l'Ouest-de-l'Île-de-Montréal,0,13,7,0.0
2021-2022,CIUSSS de l'Ouest-de-l'Île-de-Montréal,0,13,8,0.0
2021-2022,CIUSSS de l'Ouest-de-l'Île-de-Montréal,0,13,9,1102.0
2021-2022,CIUSSS de l'Ouest-de-l'Île-de-Montréal,0,14,1,269.5
2021-2022,CIUSSS de l'Ouest-de-l'Île-de-Montréal,0,14,2,751.5
2021-2022,CIUSSS de l'Ouest-de-l'Île-de-Montréal,0,14,3,1166.0
2021-2022,CIUSSS de l'Ouest-de-l'Île-de-Montréal,0,14,4,925.5
2021-2022,CIUSSS de l'Ouest-de-l'Île-de-Montréal,0,14,5,1519.0
2021-2022,CIUSSS de l'Ouest-de-l'Île-de-Montréal,0,14,6,1152.0
2021-2022,CIUSSS de l'Ouest-de-l'Île-de-Montréal,0,14,7,0.0
2021-2022,CIUSSS de l'Ouest-de-l'Île-de-Montréal,0,14,8,0.0
2021-2022,CIUSSS de l'Ouest-de-l'Île-de-Montréal,0,14,9,894.1
2021-2022,CIUSSS de l'Ouest-de-l'Île-de-Montréal,0,15,1,225.0
2021-2022,CIUSSS de l'Ouest-de-l'Île-de-Montréal,0,15,2,621.0
2021-2022,CIUSSS de l'Ouest-de-l'Île-de-Montréal,0,15,3,809.0
2021-2022,CIUSSS de l'Ouest-de-l'Île-de-Montréal,0,15,4,483.0
2021-2022,CIUSSS de l'Ouest-de-l'Île-de-Montréal,0,15,5,920.0
2021-2022,CIUSSS de l'Ouest-de-l'Île-de-Montréal,0,15,6,824.0
2021-2022,CIUSSS de l'Ouest-de-l'Île-de-Montréal,0,15,7,0.0
2021-2022,CIUSSS de l'Ouest-de-l'Île-de-Montréal,0,15,8,0.0
2021-2022,CIUSSS de l'Ouest-de-l'Île-de-Montréal,0,15,9,561.5
2021-2022,CIUSSS de la Capitale-Nationale,0,1,1,0.0
2021-2022,CIUSSS de la Capitale-Nationale,0,1,2,0.0
2021-2022,CIUSSS de la Capitale-Nationale,0,1,3,0.0
2021-2022,CIUSSS de la Capitale-Nationale,0,1,4,1.0
2021-2022,CIUSSS de la Capitale-Nationale,0,1,5,1.0
2021-2022,CIUSSS de la Capitale-Nationale,0,1,6,1.0
2021-2022,CIUSSS de la Capitale-Nationale,0,1,7,0.0
2021-2022,CIUSSS de la Capitale-Nationale,0,1,8,0.0
2021-2022,CIUSSS de la Capitale-Nationale,0,1,9,3.0
2021-2022,CIUSSS de la Capitale-Nationale,0,2,1,0.0
2021-2022,CIUSSS de la Capitale-Nationale,0,2,2,0.0
2021-2022,CIUSSS de la Capitale-Nationale,0,2,3,0.0
2021-2022,CIUSSS de la Capitale-Nationale,0,2,4,88.0
2021-2022,CIUSSS de la Capitale-Nationale,0,2,5,737.0
2021-2022,CIUSSS de la Capitale-Nationale,0,2,6,436.0
2021-2022,CIUSSS de la Capitale-Nationale,0,2,7,0.0
2021-2022,CIUSSS de la Capitale-Nationale,0,2,8,0.0
2021-2022,CIUSSS de la Capitale-Nationale,0,2,9,420.0
2021-2022,CIUSSS de la Capitale-Nationale,0,3,1,0.0
2021-2022,CIUSSS de la Capitale-Nationale,0,3,2,0.0
2021-2022,CIUSSS de la Capitale-Nationale,0,3,3,0.0
2021-2022,CIUSSS de la Capitale-Nationale,0,3,4,88.0
2021-2022,CIUSSS de la Capitale-Nationale,0,3,5,737.0
2021-2022,CIUSSS de la Capitale-Nationale,0,3,6,436.0
2021-2022,CIUSSS de la Capitale-Nationale,0,3,7,0.0
2021-2022,CIUSSS de la Capitale-Nationale,0,3,8,0.0
2021-2022,CIUSSS de la Capitale-Nationale,0,3,9,436.0
2021-2022,CIUSSS de la Capitale-Nationale,0,4,1,0.0
2021-2022,CIUSSS de la Capitale-Nationale,0,4,2,0.0
2021-2022,CIUSSS de la Capitale-Nationale,0,4,3,0.0
2021-2022,CIUSSS de la Capitale-Nationale,0,4,4,2.0
2021-2022,CIUSSS de la Capitale-Nationale,0,4,5,3.0
2021-2022,CIUSSS de la Capitale-Nationale,0,4,6,0.0
2021-2022,CIUSSS de la Capitale-Nationale,0,4,7,0.0
2021-2022,CIUSSS de la Capitale-Nationale,0,4,8,0.0
2021-2022,CIUSSS de la Capitale-Nationale,0,4,9,5.0
2021-2022,CIUSSS de la Capitale-Nationale,0,5,1,0.0
2021-2022,CIUSSS de la Capitale-Nationale,0,5,2,0.0
2021-2022,CIUSSS de la Capitale-Nationale,0,5,3,0.0
2021-2022,CIUSSS de la Capitale-Nationale,0,5,4,564.0
2021-2022,CIUSSS de la Capitale-Nationale,0,5,5,485.0
2021-2022,CIUSSS de la Capitale-Nationale,0,5,6,0.0
2021-2022,CIUSSS de la Capitale-Nationale,0,5,7,0.0
2021-2022,CIUSSS de la Capitale-Nationale,0,5,8,0.0
2021-2022,CIUSSS de la Capitale-Nationale,0,5,9,517.0
2021-2022,CIUSSS de la Capitale-Nationale,0,6,1,0.0
2021-2022,CIUSSS de la Capitale-Nationale,0,6,2,0.0
2021-2022,CIUSSS de la Capitale-Nationale,0,6,3,0.0
2021-2022,CIUSSS de la Capitale-Nationale,0,6,4,564.0
2021-2022,CIUSSS de la Capitale-Nationale,0,6,5,424.0
2021-2022,CIUSSS de la Capitale-Nationale,0,6,6,0.0
2021-2022,CIUSSS de la Capitale-Nationale,0,6,7,0.0
2021-2022,CIUSSS de la Capitale-Nationale,0,6,8,0.0
2021-2022,CIUSSS de la Capitale-Nationale,0,6,9,540.0
2021-2022,CIUSSS de la Capitale-Nationale,0,7,1,0.0
2021-2022,CIUSSS de la Capitale-Nationale,0,7,2,0.0
2021-2022,CIUSSS de la Capitale-Nationale,0,7,3,4.0
2021-2022,CIUSSS de la Capitale-Nationale,0,7,4,1.0
2021-2022,CIUSSS de la Capitale-Nationale,0,7,5,6.0
2021-2022,CIUSSS de la Capitale-Nationale,0,7,6,1.0
2021-2022,CIUSSS de la Capitale-Nationale,0,7,7,0.0
2021-2022,CIUSSS de la Capitale-Nationale,0,7,8,0.0
2021-2022,CIUSSS de la Capitale-Nationale,0,7,9,12.0
2021-2022,CIUSSS de la Capitale-Nationale,0,8,1,0.0
2021-2022,CIUSSS de la Capitale-Nationale,0,8,2,0.0
2021-2022,CIUSSS de la Capitale-Nationale,0,8,3,247.0
2021-2022,CIUSSS de la Capitale-Nationale,0,8,4,728.0
2021-2022,CIUSSS de la Capitale-Nationale,0,8,5,1055.0
2021-2022,CIUSSS de la Capitale-Nationale,0,8,6,844.0
2021-2022,CIUSSS de la Capitale-Nationale,0,8,7,0.0
2021-2022,CIUSSS de la Capitale-Nationale,0,8,8,0.0
2021-2022,CIUSSS de la Capitale-Nationale,0,8,9,741.0
2021-2022,CIUSSS de la Capitale-Nationale,0,9,1,0.0
2021-2022,CIUSSS de la Capitale-Nationale,0,9,2,0.0
2021-2022,CIUSSS de la Capitale-Nationale,0,9,3,226.0
2021-2022,CIUSSS de la Capitale-Nationale,0,9,4,728.0
2021-2022,CIUSSS de la Capitale-Nationale,0,9,5,1090.0
2021-2022,CIUSSS de la Capitale-Nationale,0,9,6,844.0
2021-2022,CIUSSS de la Capitale-Nationale,0,9,7,0.0
2021-2022,CIUSSS de la Capitale-Nationale,0,9,8,0.0
2021-2022,CIUSSS de la Capitale-Nationale,0,9,9,564.0
2021-2022,CIUSSS de la Capitale-Nationale,0,10,1,75.0
2021-2022,CIUSSS de la Capitale-Nationale,0,10,2,95.0
2021-2022,CIUSSS de la Capitale-Nationale,0,10,3,102.0
2021-2022,CIUSSS de la Capitale-Nationale,0,10,4,16.0
2021-2022,CIUSSS de la Capitale-Nationale,0,10,5,23.0
2021-2022,CIUSSS de la Capitale-Nationale,0,10,6,9.0
2021-2022,CIUSSS de la Capitale-Nationale,0,10,7,0.0
2021-2022,CIUSSS de la Capitale-Nationale,0,10,8,0.0
2021-2022,CIUSSS de la Capitale-Nationale,0,10,9,320.0
2021-2022,CIUSSS de la Capitale-Nationale,0,11,1,60.0
2021-2022,CIUSSS de la Capitale-Nationale,0,11,2,497.0
2021-2022,CIUSSS de la Capitale-Nationale,0,11,3,619.0
2021-2022,CIUSSS de la Capitale-Nationale,0,11,4,526.0
2021-2022,CIUSSS de la Capitale-Nationale,0,11,5,142.0
2021-2022,CIUSSS de la Capitale-Nationale,0,11,6,168.0
2021-2022,CIUSSS de la Capitale-Nationale,0,11,7,0.0
2021-2022,CIUSSS de la Capitale-Nationale,0,11,8,0.0
2021-2022,CIUSSS de la Capitale-Nationale,0,11,9,401.0
2021-2022,CIUSSS de la Capitale-Nationale,0,12,1,51.0
2021-2022,CIUSSS de la Capitale-Nationale,0,12,2,730.0
2021-2022,CIUSSS de la Capitale-Nationale,0,12,3,730.0
2021-2022,CIUSSS de la Capitale-Nationale,0,12,4,729.0
2021-2022,CIUSSS de la Capitale-Nationale,0,12,5,125.0
2021-2022,CIUSSS de la Capitale-Nationale,0,12,6,152.0
2021-2022,CIUSSS de la Capitale-Nationale,0,12,7,0.0
2021-2022,CIUSSS de la Capitale-Nationale,0,12,8,0.0
2021-2022,CIUSSS de la Capitale-Nationale,0,12,9,340.0
2021-2022,CIUSSS de la Capitale-Nationale,0,13,1,75.0
2021-2022,CIUSSS de la Capitale-Nationale,0,13,2,95.0
2021-2022,CIUSSS de la Capitale-Nationale,0,13,3,106.0
2021-2022,CIUSSS de la Capitale-Nationale,0,13,4,20.0
2021-2022,CIUSSS de la Capitale-Nationale,0,13,5,33.0
2021-2022,CIUSSS de la Capitale-Nationale,0,13,6,11.0
2021-2022,CIUSSS de la Capitale-Nationale,0,13,7,0.0
2021-2022,CIUSSS de la Capitale-Nationale,0,13,8,0.0
2021-2022,CIUSSS de la Capitale-Nationale,0,13,9,340.0
2021-2022,CIUSSS de la Capitale-Nationale,0,14,1,60.0
2021-2022,CIUSSS de la Capitale-Nationale,0,14,2,497.0
2021-2022,CIUSSS de la Capitale-Nationale,0,14,3,605.0
2021-2022,CIUSSS de la Capitale-Nationale,0,14,4,518.0
2021-2022,CIUSSS de la Capitale-Nationale,0,14,5,357.0
2021-2022,CIUSSS de la Capitale-Nationale,0,14,6,262.0
2021-2022,CIUSSS de la Capitale-Nationale,0,14,7,0.0
2021-2022,CIUSSS de la Capitale-Nationale,0,14,8,0.0
2021-2022,CIUSSS de la Capitale-Nationale,0,14,9,415.0
2021-2022,CIUSSS de la Capitale-Nationale,0,15,1,51.0
2021-2022,CIUSSS de la Capitale-Nationale,0,15,2,730.0
2021-2022,CIUSSS de la Capitale-Nationale,0,15,3,730.0
2021-2022,CIUSSS de la Capitale-Nationale,0,15,4,728.0
2021-2022,CIUSSS de la Capitale-Nationale,0,15,5,125.0
2021-2022,CIUSSS de la Capitale-Nationale,0,15,6,158.0
2021-2022,CIUSSS de la Capitale-Nationale,0,15,7,0.0
2021-2022,CIUSSS de la Capitale-Nationale,0,15,8,0.0
2021-2022,CIUSSS de la Capitale-Nationale,0,15,9,373.0
2021-2022,CIUSSS de la Mauricie-et-du-Centre-du-Québec,0,1,3,1.0
2021-2022,CIUSSS de la Mauricie-et-du-Centre-du-Québec,0,1,4,4.0
2021-2022,CIUSSS de la Mauricie-et-du-Centre-du-Québec,0,1,5,1.0
2021-2022,CIUSSS de la Mauricie-et-du-Centre-du-Québec,0,1,7,1.0
2021-2022,CIUSSS de la Mauricie-et-du-Centre-du-Québec,0,1,9,7.0
2021-2022,CIUSSS de la Mauricie-et-du-Centre-du-Québec,0,2,3,7.0
2021-2022,CIUSSS de la Mauricie-et-du-Centre-du-Québec,0,2,4,96.0
2021-2022,CIUSSS de la Mauricie-et-du-Centre-du-Québec,0,2,5,173.0
2021-2022,CIUSSS de la Mauricie-et-du-Centre-du-Québec,0,2,7,130.0
2021-2022,CIUSSS de la Mauricie-et-du-Centre-du-Québec,0,2,9,99.0
2021-2022,CIUSSS de la Mauricie-et-du-Centre-du-Québec,0,3,3,7.0
2021-2022,CIUSSS de la Mauricie-et-du-Centre-du-Québec,0,3,4,100.0
2021-2022,CIUSSS de la Mauricie-et-du-Centre-du-Québec,0,3,5,173.0
2021-2022,CIUSSS de la Mauricie-et-du-Centre-du-Québec,0,3,7,130.0
2021-2022,CIUSSS de la Mauricie-et-du-Centre-du-Québec,0,3,9,119.0
2021-2022,CIUSSS de la Mauricie-et-du-Centre-du-Québec,0,4,3,29.0
2021-2022,CIUSSS de la Mauricie-et-du-Centre-du-Québec,0,4,4,17.0
2021-2022,CIUSSS de la Mauricie-et-du-Centre-du-Québec,0,4,5,18.0
2021-2022,CIUSSS de la Mauricie-et-du-Centre-du-Québec,0,4,6,2.0
2021-2022,CIUSSS de la Mauricie-et-du-Centre-du-Québec,0,4,9,66.0
2021-2022,CIUSSS de la Mauricie-et-du-Centre-du-Québec,0,5,3,92.0
2021-2022,CIUSSS de la Mauricie-et-du-Centre-du-Québec,0,5,4,114.0
2021-2022,CIUSSS de la Mauricie-et-du-Centre-du-Québec,0,5,5,238.0
2021-2022,CIUSSS de la Mauricie-et-du-Centre-du-Québec,0,5,6,267.0
2021-2022,CIUSSS de la Mauricie-et-du-Centre-du-Québec,0,5,9,143.0
2021-2022,CIUSSS de la Mauricie-et-du-Centre-du-Québec,0,6,3,52.0
2021-2022,CIUSSS de la Mauricie-et-du-Centre-du-Québec,0,6,4,119.0
2021-2022,CIUSSS de la Mauricie-et-du-Centre-du-Québec,0,6,5,166.0
2021-2022,CIUSSS de la Mauricie-et-du-Centre-du-Québec,0,6,6,267.0
2021-2022,CIUSSS de la Mauricie-et-du-Centre-du-Québec,0,6,9,90.0
2021-2022,CIUSSS de la Mauricie-et-du-Centre-du-Québec,0,7,2,1.0
2021-2022,CIUSSS de la Mauricie-et-du-Centre-du-Québec,0,7,3,4.0
2021-2022,CIUSSS de la Mauricie-et-du-Centre-du-Québec,0,7,4,3.0
2021-2022,CIUSSS de la Mauricie-et-du-Centre-du-Québec,0,7,5,1.0
2021-2022,CIUSSS de la Mauricie-et-du-Centre-du-Québec,0,7,9,9.0
2021-2022,CIUSSS de la Mauricie-et-du-Centre-du-Québec,0,8,2,556.0
2021-2022,CIUSSS de la Mauricie-et-du-Centre-du-Québec,0,8,3,1099.0
2021-2022,CIUSSS de la Mauricie-et-du-Centre-du-Québec,0,8,4,461.0
2021-2022,CIUSSS de la Mauricie-et-du-Centre-du-Québec,0,8,5,155.0
2021-2022,CIUSSS de la Mauricie-et-du-Centre-du-Québec,0,8,9,721.0
2021-2022,CIUSSS de la Mauricie-et-du-Centre-du-Québec,0,9,2,556.0
2021-2022,CIUSSS de la Mauricie-et-du-Centre-du-Québec,0,9,3,1050.0
2021-2022,CIUSSS de la Mauricie-et-du-Centre-du-Québec,0,9,4,623.0
2021-2022,CIUSSS de la Mauricie-et-du-Centre-du-Québec,0,9,5,155.0
2021-2022,CIUSSS de la Mauricie-et-du-Centre-du-Québec,0,9,9,556.0
2021-2022,CIUSSS de la Mauricie-et-du-Centre-du-Québec,0,10,1,25.0
2021-2022,CIUSSS de la Mauricie-et-du-Centre-du-Québec,0,10,2,157.0
2021-2022,CIUSSS de la Mauricie-et-du-Centre-du-Québec,0,10,3,80.0
2021-2022,CIUSSS de la Mauricie-et-du-Centre-du-Québec,0,10,4,17.0
2021-2022,CIUSSS de la Mauricie-et-du-Centre-du-Québec,0,10,5,35.0
2021-2022,CIUSSS de la Mauricie-et-du-Centre-du-Québec,0,10,6,5.0
2021-2022,CIUSSS de la Mauricie-et-du-Centre-du-Québec,0,10,7,2.0
2021-2022,CIUSSS de la Mauricie-et-du-Centre-du-Québec,0,10,9,321.0
2021-2022,CIUSSS de la Mauricie-et-du-Centre-du-Québec,0,11,1,60.0
2021-2022,CIUSSS de la Mauricie-et-du-Centre-du-Québec,0,11,2,161.0
2021-2022,CIUSSS de la Mauricie-et-du-Centre-du-Québec,0,11,3,177.0
2021-2022,CIUSSS de la Mauricie-et-du-Centre-du-Québec,0,11,4,97.0
2021-2022,CIUSSS de la Mauricie-et-du-Centre-du-Québec,0,11,5,264.0
2021-2022,CIUSSS de la Mauricie-et-du-Centre-du-Québec,0,11,6,65.0
2021-2022,CIUSSS de la Mauricie-et-du-Centre-du-Québec,0,11,7,265.0
2021-2022,CIUSSS de la Mauricie-et-du-Centre-du-Québec,0,11,9,164.0
2021-2022,CIUSSS de la Mauricie-et-du-Centre-du-Québec,0,12,1,22.0
2021-2022,CIUSSS de la Mauricie-et-du-Centre-du-Québec,0,12,2,111.0
2021-2022,CIUSSS de la Mauricie-et-du-Centre-du-Québec,0,12,3,109.0
2021-2022,CIUSSS de la Mauricie-et-du-Centre-du-Québec,0,12,4,59.0
2021-2022,CIUSSS de la Mauricie-et-du-Centre-du-Québec,0,12,5,175.0
2021-2022,CIUSSS de la Mauricie-et-du-Centre-du-Québec,0,12,6,34.0
2021-2022,CIUSSS de la Mauricie-et-du-Centre-du-Québec,0,12,7,265.0
2021-2022,CIUSSS de la Mauricie-et-du-Centre-du-Québec,0,12,9,106.0
2021-2022,CIUSSS de la Mauricie-et-du-Centre-du-Québec,0,13,1,25.0
2021-2022,CIUSSS de la Mauricie-et-du-Centre-du-Québec,0,13,2,158.0
2021-2022,CIUSSS de la Mauricie-et-du-Centre-du-Québec,0,13,3,114.0
2021-2022,CIUSSS de la Mauricie-et-du-Centre-du-Québec,0,13,4,41.0
2021-2022,CIUSSS de la Mauricie-et-du-Centre-du-Québec,0,13,5,55.0
2021-2022,CIUSSS de la Mauricie-et-du-Centre-du-Québec,0,13,6,7.0
2021-2022,CIUSSS de la Mauricie-et-du-Centre-du-Québec,0,13,7,3.0
2021-2022,CIUSSS de la Mauricie-et-du-Centre-du-Québec,0,13,9,403.0
2021-2022,CIUSSS de la Mauricie-et-du-Centre-du-Québec,0,14,1,60.0
2021-2022,CIUSSS de la Mauricie-et-du-Centre-du-Québec,0,14,2,163.0
2021-2022,CIUSSS de la Mauricie-et-du-Centre-du-Québec,0,14,3,186.0
2021-2022,CIUSSS de la Mauricie-et-du-Centre-du-Québec,0,14,4,131.0
2021-2022,CIUSSS de la Mauricie-et-du-Centre-du-Québec,0,14,5,252.0
2021-2022,CIUSSS de la Mauricie-et-du-Centre-du-Québec,0,14,6,123.0
2021-2022,CIUSSS de la Mauricie-et-du-Centre-du-Québec,0,14,7,220.0
2021-2022,CIUSSS de la Mauricie-et-du-Centre-du-Québec,0,14,9,172.0
2021-2022,CIUSSS de la Mauricie-et-du-Centre-du-Québec,0,15,1,22.0
2021-2022,CIUSSS de la Mauricie-et-du-Centre-du-Québec,0,15,2,11.0
2021-2022,CIUSSS de la Mauricie-et-du-Centre-du-Québec,0,15,3,76.0
2021-2022,CIUSSS de la Mauricie-et-du-Centre-du-Québec,0,15,4,112.0
2021-2022,CIUSSS de la Mauricie-et-du-Centre-du-Québec,0,15,5,171.0
2021-2022,CIUSSS de la Mauricie-et-du-Centre-du-Québec,0,15,6,135.0
2021-2022,CIUSSS de la Mauricie-et-du-Centre-du-Québec,0,15,7,130.0
2021-2022,CIUSSS de la Mauricie-et-du-Centre-du-Québec,0,15,9,109.0
2021-2022,CIUSSS du Centre-Ouest-de-l'Île-de-Montréal,0,1,1,0.0
2021-2022,CIUSSS du Centre-Ouest-de-l'Île-de-Montréal,0,1,2,0.0
2021-2022,CIUSSS du Centre-Ouest-de-l'Île-de-Montréal,0,1,3,1.0
2021-2022,CIUSSS du Centre-Ouest-de-l'Île-de-Montréal,0,1,4,7.0
2021-2022,CIUSSS du Centre-Ouest-de-l'Île-de-Montréal,0,1,5,5.0
2021-2022,CIUSSS du Centre-Ouest-de-l'Île-de-Montréal,0,1,6,3.0
2021-2022,CIUSSS du Centre-Ouest-de-l'Île-de-Montréal,0,1,7,0.0
2021-2022,CIUSSS du Centre-Ouest-de-l'Île-de-Montréal,0,1,8,0.0
2021-2022,CIUSSS du Centre-Ouest-de-l'Île-de-Montréal,0,1,9,16.0
2021-2022,CIUSSS du Centre-Ouest-de-l'Île-de-Montréal,0,2,3,280.0
2021-2022,CIUSSS du Centre-Ouest-de-l'Île-de-Montréal,0,2,4,265.0
2021-2022,CIUSSS du Centre-Ouest-de-l'Île-de-Montréal,0,2,5,951.0
2021-2022,CIUSSS du Centre-Ouest-de-l'Île-de-Montréal,0,2,6,2418.0
2021-2022,CIUSSS du Centre-Ouest-de-l'Île-de-Montréal,0,2,9,884.0
2021-2022,CIUSSS du Centre-Ouest-de-l'Île-de-Montréal,0,3,3,280.0
2021-2022,CIUSSS du Centre-Ouest-de-l'Île-de-Montréal,0,3,4,287.0
2021-2022,CIUSSS du Centre-Ouest-de-l'Île-de-Montréal,0,3,5,834.0
2021-2022,CIUSSS du Centre-Ouest-de-l'Île-de-Montréal,0,3,6,3475.0
2021-2022,CIUSSS du Centre-Ouest-de-l'Île-de-Montréal,0,3,9,429.0
2021-2022,CIUSSS du Centre-Ouest-de-l'Île-de-Montréal,0,4,1,0.0
2021-2022,CIUSSS du Centre-Ouest-de-l'Île-de-Montréal,0,4,2,0.0
2021-2022,CIUSSS du Centre-Ouest-de-l'Île-de-Montréal,0,4,3,1.0
2021-2022,CIUSSS du Centre-Ouest-de-l'Île-de-Montréal,0,4,4,5.0
2021-2022,CIUSSS du Centre-Ouest-de-l'Île-de-Montréal,0,4,5,13.0
2021-2022,CIUSSS du Centre-Ouest-de-l'Île-de-Montréal,0,4,6,1.0
2021-2022,CIUSSS du Centre-Ouest-de-l'Île-de-Montréal,0,4,7,0.0
2021-2022,CIUSSS du Centre-Ouest-de-l'Île-de-Montréal,0,4,8,0.0
2021-2022,CIUSSS du Centre-Ouest-de-l'Île-de-Montréal,0,4,9,20.0
2021-2022,CIUSSS du Centre-Ouest-de-l'Île-de-Montréal,0,5,3,228.0
2021-2022,CIUSSS du Centre-Ouest-de-l'Île-de-Montréal,0,5,4,447.0
2021-2022,CIUSSS du Centre-Ouest-de-l'Île-de-Montréal,0,5,5,618.0
2021-2022,CIUSSS du Centre-Ouest-de-l'Île-de-Montréal,0,5,6,287.0
2021-2022,CIUSSS du Centre-Ouest-de-l'Île-de-Montréal,0,5,9,539.0
2021-2022,CIUSSS du Centre-Ouest-de-l'Île-de-Montréal,0,6,3,228.0
2021-2022,CIUSSS du Centre-Ouest-de-l'Île-de-Montréal,0,6,4,389.0
2021-2022,CIUSSS du Centre-Ouest-de-l'Île-de-Montréal,0,6,5,114.0
2021-2022,CIUSSS du Centre-Ouest-de-l'Île-de-Montréal,0,6,6,287.0
2021-2022,CIUSSS du Centre-Ouest-de-l'Île-de-Montréal,0,6,9,337.0
2021-2022,CIUSSS du Centre-Ouest-de-l'Île-de-Montréal,0,7,1,4.0
2021-2022,CIUSSS du Centre-Ouest-de-l'Île-de-Montréal,0,7,2,20.0
2021-2022,CIUSSS du Centre-Ouest-de-l'Île-de-Montréal,0,7,3,14.0
2021-2022,CIUSSS du Centre-Ouest-de-l'Île-de-Montréal,0,7,4,10.0
2021-2022,CIUSSS du Centre-Ouest-de-l'Île-de-Montréal,0,7,5,22.0
2021-2022,CIUSSS du Centre-Ouest-de-l'Île-de-Montréal,0,7,6,0.0
2021-2022,CIUSSS du Centre-Ouest-de-l'Île-de-Montréal,0,7,7,0.0
2021-2022,CIUSSS du Centre-Ouest-de-l'Île-de-Montréal,0,7,8,0.0
2021-2022,CIUSSS du Centre-Ouest-de-l'Île-de-Montréal,0,7,9,70.0
2021-2022,CIUSSS du Centre-Ouest-de-l'Île-de-Montréal,0,8,1,362.0
2021-2022,CIUSSS du Centre-Ouest-de-l'Île-de-Montréal,0,8,2,463.0
2021-2022,CIUSSS du Centre-Ouest-de-l'Île-de-Montréal,0,8,3,379.0
2021-2022,CIUSSS du Centre-Ouest-de-l'Île-de-Montréal,0,8,4,752.0
2021-2022,CIUSSS du Centre-Ouest-de-l'Île-de-Montréal,0,8,5,926.0
2021-2022,CIUSSS du Centre-Ouest-de-l'Île-de-Montréal,0,8,9,627.0
2021-2022,CIUSSS du Centre-Ouest-de-l'Île-de-Montréal,0,9,1,332.0
2021-2022,CIUSSS du Centre-Ouest-de-l'Île-de-Montréal,0,9,2,492.0
2021-2022,CIUSSS du Centre-Ouest-de-l'Île-de-Montréal,0,9,3,276.0
2021-2022,CIUSSS du Centre-Ouest-de-l'Île-de-Montréal,0,9,4,757.0
2021-2022,CIUSSS du Centre-Ouest-de-l'Île-de-Montréal,0,9,5,752.0
2021-2022,CIUSSS du Centre-Ouest-de-l'Île-de-Montréal,0,9,9,552.0
2021-2022,CIUSSS du Centre-Ouest-de-l'Île-de-Montréal,0,10,1,125.0
2021-2022,CIUSSS du Centre-Ouest-de-l'Île-de-Montréal,0,10,2,293.0
2021-2022,CIUSSS du Centre-Ouest-de-l'Île-de-Montréal,0,10,3,110.0
2021-2022,CIUSSS du Centre-Ouest-de-l'Île-de-Montréal,0,10,4,28.0
2021-2022,CIUSSS du Centre-Ouest-de-l'Île-de-Montréal,0,10,5,24.0
2021-2022,CIUSSS du Centre-Ouest-de-l'Île-de-Montréal,0,10,6,2.0
2021-2022,CIUSSS du Centre-Ouest-de-l'Île-de-Montréal,0,10,7,0.0
2021-2022,CIUSSS du Centre-Ouest-de-l'Île-de-Montréal,0,10,8,0.0
2021-2022,CIUSSS du Centre-Ouest-de-l'Île-de-Montréal,0,10,9,582.0
2021-2022,CIUSSS du Centre-Ouest-de-l'Île-de-Montréal,0,11,1,81.0
2021-2022,CIUSSS du Centre-Ouest-de-l'Île-de-Montréal,0,11,2,553.0
2021-2022,CIUSSS du Centre-Ouest-de-l'Île-de-Montréal,0,11,3,522.0
2021-2022,CIUSSS du Centre-Ouest-de-l'Île-de-Montréal,0,11,4,469.0
2021-2022,CIUSSS du Centre-Ouest-de-l'Île-de-Montréal,0,11,5,277.0
2021-2022,CIUSSS du Centre-Ouest-de-l'Île-de-Montréal,0,11,6,288.0
2021-2022,CIUSSS du Centre-Ouest-de-l'Île-de-Montréal,0,11,9,430.0
2021-2022,CIUSSS du Centre-Ouest-de-l'Île-de-Montréal,0,12,1,45.0
2021-2022,CIUSSS du Centre-Ouest-de-l'Île-de-Montréal,0,12,2,436.0
2021-2022,CIUSSS du Centre-Ouest-de-l'Île-de-Montréal,0,12,3,315.0
2021-2022,CIUSSS du Centre-Ouest-de-l'Île-de-Montréal,0,12,4,352.0
2021-2022,CIUSSS du Centre-Ouest-de-l'Île-de-Montréal,0,12,5,251.0
2021-2022,CIUSSS du Centre-Ouest-de-l'Île-de-Montréal,0,12,6,288.0
2021-2022,CIUSSS du Centre-Ouest-de-l'Île-de-Montréal,0,12,9,253.0
2021-2022,CIUSSS du Centre-Ouest-de-l'Île-de-Montréal,0,13,1,129.0
2021-2022,CIUSSS du Centre-Ouest-de-l'Île-de-Montréal,0,13,2,313.0
2021-2022,CIUSSS du Centre-Ouest-de-l'Île-de-Montréal,0,13,3,126.0
2021-2022,CIUSSS du Centre-Ouest-de-l'Île-de-Montréal,0,13,4,50.0
2021-2022,CIUSSS du Centre-Ouest-de-l'Île-de-Montréal,0,13,5,64.0
2021-2022,CIUSSS du Centre-Ouest-de-l'Île-de-Montréal,0,13,6,6.0
2021-2022,CIUSSS du Centre-Ouest-de-l'Île-de-Montréal,0,13,7,0.0
2021-2022,CIUSSS du Centre-Ouest-de-l'Île-de-Montréal,0,13,8,0.0
2021-2022,CIUSSS du Centre-Ouest-de-l'Île-de-Montréal,0,13,9,688.0
2021-2022,CIUSSS du Centre-Ouest-de-l'Île-de-Montréal,0,14,1,89.0
2021-2022,CIUSSS du Centre-Ouest-de-l'Île-de-Montréal,0,14,2,547.0
2021-2022,CIUSSS du Centre-Ouest-de-l'Île-de-Montréal,0,14,3,502.0
2021-2022,CIUSSS du Centre-Ouest-de-l'Île-de-Montréal,0,14,4,495.0
2021-2022,CIUSSS du Centre-Ouest-de-l'Île-de-Montréal,0,14,5,627.0
2021-2022,CIUSSS du Centre-Ouest-de-l'Île-de-Montréal,0,14,6,1566.0
2021-2022,CIUSSS du Centre-Ouest-de-l'Île-de-Montréal,0,14,9,464.0
2021-2022,CIUSSS du Centre-Ouest-de-l'Île-de-Montréal,0,15,1,52.0
2021-2022,CIUSSS du Centre-Ouest-de-l'Île-de-Montréal,0,15,2,441.0
2021-2022,CIUSSS du Centre-Ouest-de-l'Île-de-Montréal,0,15,3,302.0
2021-2022,CIUSSS du Centre-Ouest-de-l'Île-de-Montréal,0,15,4,407.0
2021-2022,CIUSSS du Centre-Ouest-de-l'Île-de-Montréal,0,15,5,420.0
2021-2022,CIUSSS du Centre-Ouest-de-l'Île-de-Montréal,0,15,6,288.0
2021-2022,CIUSSS du Centre-Ouest-de-l'Île-de-Montréal,0,15,9,287.0
2021-2022,CIUSSS du Centre-Sud-de-l'Île-de-Montréal,0,1,4,13.0
2021-2022,CIUSSS du Centre-Sud-de-l'Île-de-Montréal,0,1,5,32.0
2021-2022,CIUSSS du Centre-Sud-de-l'Île-de-Montréal,0,1,6,8.0
2021-2022,CIUSSS du Centre-Sud-de-l'Île-de-Montréal,0,1,9,53.0
2021-2022,CIUSSS du Centre-Sud-de-l'Île-de-Montréal,0,2,4,370.5
2021-2022,CIUSSS du Centre-Sud-de-l'Île-de-Montréal,0,2,5,1911.0
2021-2022,CIUSSS du Centre-Sud-de-l'Île-de-Montréal,0,2,6,1855.0
2021-2022,CIUSSS du Centre-Sud-de-l'Île-de-Montréal,0,2,9,1525.0
2021-2022,CIUSSS du Centre-Sud-de-l'Île-de-Montréal,0,3,4,218.0
2021-2022,CIUSSS du Centre-Sud-de-l'Île-de-Montréal,0,3,5,1529.0
2021-2022,CIUSSS du Centre-Sud-de-l'Île-de-Montréal,0,3,6,1255.0
2021-2022,CIUSSS du Centre-Sud-de-l'Île-de-Montréal,0,3,9,1200.0
2021-2022,CIUSSS du Centre-Sud-de-l'Île-de-Montréal,0,4,3,1.0
2021-2022,CIUSSS du Centre-Sud-de-l'Île-de-Montréal,0,4,4,28.0
2021-2022,CIUSSS du Centre-Sud-de-l'Île-de-Montréal,0,4,5,74.0
2021-2022,CIUSSS du Centre-Sud-de-l'Île-de-Montréal,0,4,6,10.0
2021-2022,CIUSSS du Centre-Sud-de-l'Île-de-Montréal,0,4,9,113.0
2021-2022,CIUSSS du Centre-Sud-de-l'Île-de-Montréal,0,5,3,289.0
2021-2022,CIUSSS du Centre-Sud-de-l'Île-de-Montréal,0,5,4,395.0
2021-2022,CIUSSS du Centre-Sud-de-l'Île-de-Montréal,0,5,5,1523.0
2021-2022,CIUSSS du Centre-Sud-de-l'Île-de-Montréal,0,5,6,1985.0
2021-2022,CIUSSS du Centre-Sud-de-l'Île-de-Montréal,0,5,9,1274.0
2021-2022,CIUSSS du Centre-Sud-de-l'Île-de-Montréal,0,6,3,289.0
2021-2022,CIUSSS du Centre-Sud-de-l'Île-de-Montréal,0,6,4,276.5
2021-2022,CIUSSS du Centre-Sud-de-l'Île-de-Montréal,0,6,5,1442.0
2021-2022,CIUSSS du Centre-Sud-de-l'Île-de-Montréal,0,6,6,2243.0
2021-2022,CIUSSS du Centre-Sud-de-l'Île-de-Montréal,0,6,9,990.0
2021-2022,CIUSSS du Centre-Sud-de-l'Île-de-Montréal,0,7,2,18.0
2021-2022,CIUSSS du Centre-Sud-de-l'Île-de-Montréal,0,7,3,11.0
2021-2022,CIUSSS du Centre-Sud-de-l'Île-de-Montréal,0,7,4,8.0
2021-2022,CIUSSS du Centre-Sud-de-l'Île-de-Montréal,0,7,5,43.0
2021-2022,CIUSSS du Centre-Sud-de-l'Île-de-Montréal,0,7,6,1.0
2021-2022,CIUSSS du Centre-Sud-de-l'Île-de-Montréal,0,7,7,1.0
2021-2022,CIUSSS du Centre-Sud-de-l'Île-de-Montréal,0,7,9,82.0
2021-2022,CIUSSS du Centre-Sud-de-l'Île-de-Montréal,0,8,2,452.9
2021-2022,CIUSSS du Centre-Sud-de-l'Île-de-Montréal,0,8,3,666.1
2021-2022,CIUSSS du Centre-Sud-de-l'Île-de-Montréal,0,8,4,566.5
2021-2022,CIUSSS du Centre-Sud-de-l'Île-de-Montréal,0,8,5,1716.0
2021-2022,CIUSSS du Centre-Sud-de-l'Île-de-Montréal,0,8,6,1652.0
2021-2022,CIUSSS du Centre-Sud-de-l'Île-de-Montréal,0,8,7,3060.0
2021-2022,CIUSSS du Centre-Sud-de-l'Île-de-Montréal,0,8,9,1202.0
2021-2022,CIUSSS du Centre-Sud-de-l'Île-de-Montréal,0,9,2,159.0
2021-2022,CIUSSS du Centre-Sud-de-l'Île-de-Montréal,0,9,3,324.0
2021-2022,CIUSSS du Centre-Sud-de-l'Île-de-Montréal,0,9,4,416.0
2021-2022,CIUSSS du Centre-Sud-de-l'Île-de-Montréal,0,9,5,1334.0
2021-2022,CIUSSS du Centre-Sud-de-l'Île-de-Montréal,0,9,6,1652.0
2021-2022,CIUSSS du Centre-Sud-de-l'Île-de-Montréal,0,9,7,3060.0
2021-2022,CIUSSS du Centre-Sud-de-l'Île-de-Montréal,0,9,9,778.0
2021-2022,CIUSSS du Centre-Sud-de-l'Île-de-Montréal,0,10,1,399.0
2021-2022,CIUSSS du Centre-Sud-de-l'Île-de-Montréal,0,10,2,479.0
2021-2022,CIUSSS du Centre-Sud-de-l'Île-de-Montréal,0,10,3,152.0
2021-2022,CIUSSS du Centre-Sud-de-l'Île-de-Montréal,0,10,4,70.0
2021-2022,CIUSSS du Centre-Sud-de-l'Île-de-Montréal,0,10,5,137.0
2021-2022,CIUSSS du Centre-Sud-de-l'Île-de-Montréal,0,10,6,13.0
2021-2022,CIUSSS du Centre-Sud-de-l'Île-de-Montréal,0,10,7,2.0
2021-2022,CIUSSS du Centre-Sud-de-l'Île-de-Montréal,0,10,9,1252.0
2021-2022,CIUSSS du Centre-Sud-de-l'Île-de-Montréal,0,11,1,166.9
2021-2022,CIUSSS du Centre-Sud-de-l'Île-de-Montréal,0,11,2,602.8
2021-2022,CIUSSS du Centre-Sud-de-l'Île-de-Montréal,0,11,3,760.1
2021-2022,CIUSSS du Centre-Sud-de-l'Île-de-Montréal,0,11,4,627.6
2021-2022,CIUSSS du Centre-Sud-de-l'Île-de-Montréal,0,11,5,832.4
2021-2022,CIUSSS du Centre-Sud-de-l'Île-de-Montréal,0,11,6,530.9
2021-2022,CIUSSS du Centre-Sud-de-l'Île-de-Montréal,0,11,7,1893.0
2021-2022,CIUSSS du Centre-Sud-de-l'Île-de-Montréal,0,11,9,511.8
2021-2022,CIUSSS du Centre-Sud-de-l'Île-de-Montréal,0,12,1,129.0
2021-2022,CIUSSS du Centre-Sud-de-l'Île-de-Montréal,0,12,2,452.0
2021-2022,CIUSSS du Centre-Sud-de-l'Île-de-Montréal,0,12,3,567.0
2021-2022,CIUSSS du Centre-Sud-de-l'Île-de-Montréal,0,12,4,733.5
2021-2022,CIUSSS du Centre-Sud-de-l'Île-de-Montréal,0,12,5,736.0
2021-2022,CIUSSS du Centre-Sud-de-l'Île-de-Montréal,0,12,6,362.0
2021-2022,CIUSSS du Centre-Sud-de-l'Île-de-Montréal,0,12,7,1893.0
2021-2022,CIUSSS du Centre-Sud-de-l'Île-de-Montréal,0,12,9,275.0
2021-2022,CIUSSS du Centre-Sud-de-l'Île-de-Montréal,0,13,1,399.0
2021-2022,CIUSSS du Centre-Sud-de-l'Île-de-Montréal,0,13,2,497.0
2021-2022,CIUSSS du Centre-Sud-de-l'Île-de-Montréal,0,13,3,164.0
2021-2022,CIUSSS du Centre-Sud-de-l'Île-de-Montréal,0,13,4,119.0
2021-2022,CIUSSS du Centre-Sud-de-l'Île-de-Montréal,0,13,5,286.0
2021-2022,CIUSSS du Centre-Sud-de-l'Île-de-Montréal,0,13,6,32.0
2021-2022,CIUSSS du Centre-Sud-de-l'Île-de-Montréal,0,13,7,3.0
2021-2022,CIUSSS du Centre-Sud-de-l'Île-de-Montréal,0,13,9,1500.0
2021-2022,CIUSSS du Centre-Sud-de-l'Île-de-Montréal,0,14,1,169.9
2021-2022,CIUSSS du Centre-Sud-de-l'Île-de-Montréal,0,14,2,597.4
2021-2022,CIUSSS du Centre-Sud-de-l'Île-de-Montréal,0,14,3,750.9
2021-2022,CIUSSS du Centre-Sud-de-l'Île-de-Montréal,0,14,4,540.7
2021-2022,CIUSSS du Centre-Sud-de-l'Île-de-Montréal,0,14,5,1264.0
2021-2022,CIUSSS du Centre-Sud-de-l'Île-de-Montréal,0,14,6,1351.0
2021-2022,CIUSSS du Centre-Sud-de-l'Île-de-Montréal,0,14,7,2282.0
2021-2022,CIUSSS du Centre-Sud-de-l'Île-de-Montréal,0,14,9,642.7
2021-2022,CIUSSS du Centre-Sud-de-l'Île-de-Montréal,0,15,1,129.0
2021-2022,CIUSSS du Centre-Sud-de-l'Île-de-Montréal,0,15,2,441.0
2021-2022,CIUSSS du Centre-Sud-de-l'Île-de-Montréal,0,15,3,548.0
2021-2022,CIUSSS du Centre-Sud-de-l'Île-de-Montréal,0,15,4,322.0
2021-2022,CIUSSS du Centre-Sud-de-l'Île-de-Montréal,0,15,5,1046.0
2021-2022,CIUSSS du Centre-Sud-de-l'Île-de-Montréal,0,15,6,834.5
2021-2022,CIUSSS du Centre-Sud-de-l'Île-de-Montréal,0,15,7,2101.0
2021-2022,CIUSSS du Centre-Sud-de-l'Île-de-Montréal,0,15,9,316.5
2021-2022,CIUSSS du Saguenay  Lac-Saint-Jean,0,1,1,0.0
2021-2022,CIUSSS du Saguenay  Lac-Saint-Jean,0,1,2,0.0
2021-2022,CIUSSS du Saguenay  Lac-Saint-Jean,0,1,3,0.0
2021-2022,CIUSSS du Saguenay  Lac-Saint-Jean,0,1,4,0.0
2021-2022,CIUSSS du Saguenay  Lac-Saint-Jean,0,1,5,1.0
2021-2022,CIUSSS du Saguenay  Lac-Saint-Jean,0,1,6,0.0
2021-2022,CIUSSS du Saguenay  Lac-Saint-Jean,0,1,7,0.0
2021-2022,CIUSSS du Saguenay  Lac-Saint-Jean,0,1,8,0.0
2021-2022,CIUSSS du Saguenay  Lac-Saint-Jean,0,1,9,1.0
2021-2022,CIUSSS du Saguenay  Lac-Saint-Jean,0,2,5,42.0
2021-2022,CIUSSS du Saguenay  Lac-Saint-Jean,0,2,9,42.0
2021-2022,CIUSSS du Saguenay  Lac-Saint-Jean,0,3,5,42.0
2021-2022,CIUSSS du Saguenay  Lac-Saint-Jean,0,3,9,42.0
2021-2022,CIUSSS du Saguenay  Lac-Saint-Jean,0,4,1,0.0
2021-2022,CIUSSS du Saguenay  Lac-Saint-Jean,0,4,2,0.0
2021-2022,CIUSSS du Saguenay  Lac-Saint-Jean,0,4,3,0.0
2021-2022,CIUSSS du Saguenay  Lac-Saint-Jean,0,4,4,1.0
2021-2022,CIUSSS du Saguenay  Lac-Saint-Jean,0,4,5,2.0
2021-2022,CIUSSS du Saguenay  Lac-Saint-Jean,0,4,6,3.0
2021-2022,CIUSSS du Saguenay  Lac-Saint-Jean,0,4,7,1.0
2021-2022,CIUSSS du Saguenay  Lac-Saint-Jean,0,4,8,0.0
2021-2022,CIUSSS du Saguenay  Lac-Saint-Jean,0,4,9,7.0
2021-2022,CIUSSS du Saguenay  Lac-Saint-Jean,0,5,4,277.0
2021-2022,CIUSSS du Saguenay  Lac-Saint-Jean,0,5,5,272.0
2021-2022,CIUSSS du Saguenay  Lac-Saint-Jean,0,5,6,331.0
2021-2022,CIUSSS du Saguenay  Lac-Saint-Jean,0,5,7,331.0
2021-2022,CIUSSS du Saguenay  Lac-Saint-Jean,0,5,9,306.4
2021-2022,CIUSSS du Saguenay  Lac-Saint-Jean,0,6,4,277.0
2021-2022,CIUSSS du Saguenay  Lac-Saint-Jean,0,6,5,272.0
2021-2022,CIUSSS du Saguenay  Lac-Saint-Jean,0,6,6,331.0
2021-2022,CIUSSS du Saguenay  Lac-Saint-Jean,0,6,7,331.0
2021-2022,CIUSSS du Saguenay  Lac-Saint-Jean,0,6,9,331.0
2021-2022,CIUSSS du Saguenay  Lac-Saint-Jean,0,7,1,0.0
2021-2022,CIUSSS du Saguenay  Lac-Saint-Jean,0,7,2,0.0
2021-2022,CIUSSS du Saguenay  Lac-Saint-Jean,0,7,3,1.0
2021-2022,CIUSSS du Saguenay  Lac-Saint-Jean,0,7,4,2.0
2021-2022,CIUSSS du Saguenay  Lac-Saint-Jean,0,7,5,5.0
2021-2022,CIUSSS du Saguenay  Lac-Saint-Jean,0,7,6,0.0
2021-2022,CIUSSS du Saguenay  Lac-Saint-Jean,0,7,7,0.0
2021-2022,CIUSSS du Saguenay  Lac-Saint-Jean,0,7,8,0.0
2021-2022,CIUSSS du Saguenay  Lac-Saint-Jean,0,7,9,8.0
2021-2022,CIUSSS du Saguenay  Lac-Saint-Jean,0,8,3,632.0
2021-2022,CIUSSS du Saguenay  Lac-Saint-Jean,0,8,4,229.5
2021-2022,CIUSSS du Saguenay  Lac-Saint-Jean,0,8,5,522.0
2021-2022,CIUSSS du Saguenay  Lac-Saint-Jean,0,8,9,462.6
2021-2022,CIUSSS du Saguenay  Lac-Saint-Jean,0,9,3,632.0
2021-2022,CIUSSS du Saguenay  Lac-Saint-Jean,0,9,4,229.5
2021-2022,CIUSSS du Saguenay  Lac-Saint-Jean,0,9,5,290.0
2021-2022,CIUSSS du Saguenay  Lac-Saint-Jean,0,9,9,265.0
2021-2022,CIUSSS du Saguenay  Lac-Saint-Jean,0,10,1,3.0
2021-2022,CIUSSS du Saguenay  Lac-Saint-Jean,0,10,2,21.0
2021-2022,CIUSSS du Saguenay  Lac-Saint-Jean,0,10,3,7.0
2021-2022,CIUSSS du Saguenay  Lac-Saint-Jean,0,10,4,5.0
2021-2022,CIUSSS du Saguenay  Lac-Saint-Jean,0,10,5,6.0
2021-2022,CIUSSS du Saguenay  Lac-Saint-Jean,0,10,6,3.0
2021-2022,CIUSSS du Saguenay  Lac-Saint-Jean,0,10,7,1.0
2021-2022,CIUSSS du Saguenay  Lac-Saint-Jean,0,10,8,0.0
2021-2022,CIUSSS du Saguenay  Lac-Saint-Jean,0,10,9,46.0
2021-2022,CIUSSS du Saguenay  Lac-Saint-Jean,0,11,1,62.3
2021-2022,CIUSSS du Saguenay  Lac-Saint-Jean,0,11,2,168.1
2021-2022,CIUSSS du Saguenay  Lac-Saint-Jean,0,11,3,149.4
2021-2022,CIUSSS du Saguenay  Lac-Saint-Jean,0,11,4,276.2
2021-2022,CIUSSS du Saguenay  Lac-Saint-Jean,0,11,5,60.0
2021-2022,CIUSSS du Saguenay  Lac-Saint-Jean,0,11,6,331.0
2021-2022,CIUSSS du Saguenay  Lac-Saint-Jean,0,11,7,331.0
2021-2022,CIUSSS du Saguenay  Lac-Saint-Jean,0,11,9,170.2
2021-2022,CIUSSS du Saguenay  Lac-Saint-Jean,0,12,1,63.0
2021-2022,CIUSSS du Saguenay  Lac-Saint-Jean,0,12,2,123.0
2021-2022,CIUSSS du Saguenay  Lac-Saint-Jean,0,12,3,112.0
2021-2022,CIUSSS du Saguenay  Lac-Saint-Jean,0,12,4,393.0
2021-2022,CIUSSS du Saguenay  Lac-Saint-Jean,0,12,5,37.5
2021-2022,CIUSSS du Saguenay  Lac-Saint-Jean,0,12,6,331.0
2021-2022,CIUSSS du Saguenay  Lac-Saint-Jean,0,12,7,331.0
2021-2022,CIUSSS du Saguenay  Lac-Saint-Jean,0,12,9,113.5
2021-2022,CIUSSS du Saguenay  Lac-Saint-Jean,0,13,1,3.0
2021-2022,CIUSSS du Saguenay  Lac-Saint-Jean,0,13,2,21.0
2021-2022,CIUSSS du Saguenay  Lac-Saint-Jean,0,13,3,8.0
2021-2022,CIUSSS du Saguenay  Lac-Saint-Jean,0,13,4,8.0
2021-2022,CIUSSS du Saguenay  Lac-Saint-Jean,0,13,5,14.0
2021-2022,CIUSSS du Saguenay  Lac-Saint-Jean,0,13,6,6.0
2021-2022,CIUSSS du Saguenay  Lac-Saint-Jean,0,13,7,2.0
2021-2022,CIUSSS du Saguenay  Lac-Saint-Jean,0,13,8,0.0
2021-2022,CIUSSS du Saguenay  Lac-Saint-Jean,0,13,9,62.0
2021-2022,CIUSSS du Saguenay  Lac-Saint-Jean,0,14,1,62.3
2021-2022,CIUSSS du Saguenay  Lac-Saint-Jean,0,14,2,168.1
2021-2022,CIUSSS du Saguenay  Lac-Saint-Jean,0,14,3,209.7
2021-2022,CIUSSS du Saguenay  Lac-Saint-Jean,0,14,4,264.6
2021-2022,CIUSSS du Saguenay  Lac-Saint-Jean,0,14,5,254.0
2021-2022,CIUSSS du Saguenay  Lac-Saint-Jean,0,14,6,331.0
2021-2022,CIUSSS du Saguenay  Lac-Saint-Jean,0,14,7,331.0
2021-2022,CIUSSS du Saguenay  Lac-Saint-Jean,0,14,8,0.0
2021-2022,CIUSSS du Saguenay  Lac-Saint-Jean,0,14,9,221.2
2021-2022,CIUSSS du Saguenay  Lac-Saint-Jean,0,15,1,63.0
2021-2022,CIUSSS du Saguenay  Lac-Saint-Jean,0,15,2,123.0
2021-2022,CIUSSS du Saguenay  Lac-Saint-Jean,0,15,3,145.0
2021-2022,CIUSSS du Saguenay  Lac-Saint-Jean,0,15,4,258.5
2021-2022,CIUSSS du Saguenay  Lac-Saint-Jean,0,15,5,86.0
2021-2022,CIUSSS du Saguenay  Lac-Saint-Jean,0,15,6,331.0
2021-2022,CIUSSS du Saguenay  Lac-Saint-Jean,0,15,7,331.0
2021-2022,CIUSSS du Saguenay  Lac-Saint-Jean,0,15,8,0.0
2021-2022,CIUSSS du Saguenay  Lac-Saint-Jean,0,15,9,167.0
2022-2023,CISSS de Chaudière-Appalaches,0,1,1,0.0
2022-2023,CISSS de Chaudière-Appalaches,0,1,2,0.0
2022-2023,CISSS de Chaudière-Appalaches,0,1,3,0.0
2022-2023,CISSS de Chaudière-Appalaches,0,1,4,1.0
2022-2023,CISSS de Chaudière-Appalaches,0,1,5,2.0
2022-2023,CISSS de Chaudière-Appalaches,0,1,6,1.0
2022-2023,CISSS de Chaudière-Appalaches,0,1,7,0.0
2022-2023,CISSS de Chaudière-Appalaches,0,1,8,0.0
2022-2023,CISSS de Chaudière-Appalaches,0,1,9,4.0
2022-2023,CISSS de Chaudière-Appalaches,0,2,1,0.0
2022-2023,CISSS de Chaudière-Appalaches,0,2,2,0.0
2022-2023,CISSS de Chaudière-Appalaches,0,2,3,0.0
2022-2023,CISSS de Chaudière-Appalaches,0,2,4,58.0
2022-2023,CISSS de Chaudière-Appalaches,0,2,5,673.0
2022-2023,CISSS de Chaudière-Appalaches,0,2,6,1788.0
2022-2023,CISSS de Chaudière-Appalaches,0,2,7,0.0
2022-2023,CISSS de Chaudière-Appalaches,0,2,8,0.0
2022-2023,CISSS de Chaudière-Appalaches,0,2,9,798.0
2022-2023,CISSS de Chaudière-Appalaches,0,3,1,0.0
2022-2023,CISSS de Chaudière-Appalaches,0,3,2,0.0
2022-2023,CISSS de Chaudière-Appalaches,0,3,3,0.0
2022-2023,CISSS de Chaudière-Appalaches,0,3,4,58.0
2022-2023,CISSS de Chaudière-Appalaches,0,3,5,673.0
2022-2023,CISSS de Chaudière-Appalaches,0,3,6,1788.0
2022-2023,CISSS de Chaudière-Appalaches,0,3,7,0.0
2022-2023,CISSS de Chaudière-Appalaches,0,3,8,0.0
2022-2023,CISSS de Chaudière-Appalaches,0,3,9,680.5
2022-2023,CISSS de Chaudière-Appalaches,0,4,1,0.0
2022-2023,CISSS de Chaudière-Appalaches,0,4,2,0.0
2022-2023,CISSS de Chaudière-Appalaches,0,4,3,0.0
2022-2023,CISSS de Chaudière-Appalaches,0,4,4,1.0
2022-2023,CISSS de Chaudière-Appalaches,0,4,5,4.0
2022-2023,CISSS de Chaudière-Appalaches,0,4,6,0.0
2022-2023,CISSS de Chaudière-Appalaches,0,4,7,0.0
2022-2023,CISSS de Chaudière-Appalaches,0,4,8,0.0
2022-2023,CISSS de Chaudière-Appalaches,0,4,9,5.0
2022-2023,CISSS de Chaudière-Appalaches,0,5,1,0.0
2022-2023,CISSS de Chaudière-Appalaches,0,5,2,0.0
2022-2023,CISSS de Chaudière-Appalaches,0,5,3,0.0
2022-2023,CISSS de Chaudière-Appalaches,0,5,4,32.0
2022-2023,CISSS de Chaudière-Appalaches,0,5,5,315.5
2022-2023,CISSS de Chaudière-Appalaches,0,5,6,0.0
2022-2023,CISSS de Chaudière-Appalaches,0,5,7,0.0
2022-2023,CISSS de Chaudière-Appalaches,0,5,8,0.0
2022-2023,CISSS de Chaudière-Appalaches,0,5,9,258.8
2022-2023,CISSS de Chaudière-Appalaches,0,6,1,0.0
2022-2023,CISSS de Chaudière-Appalaches,0,6,2,0.0
2022-2023,CISSS de Chaudière-Appalaches,0,6,3,0.0
2022-2023,CISSS de Chaudière-Appalaches,0,6,4,32.0
2022-2023,CISSS de Chaudière-Appalaches,0,6,5,339.0
2022-2023,CISSS de Chaudière-Appalaches,0,6,6,0.0
2022-2023,CISSS de Chaudière-Appalaches,0,6,7,0.0
2022-2023,CISSS de Chaudière-Appalaches,0,6,8,0.0
2022-2023,CISSS de Chaudière-Appalaches,0,6,9,205.0
2022-2023,CISSS de Chaudière-Appalaches,0,7,1,0.0
2022-2023,CISSS de Chaudière-Appalaches,0,7,2,0.0
2022-2023,CISSS de Chaudière-Appalaches,0,7,3,0.0
2022-2023,CISSS de Chaudière-Appalaches,0,7,4,1.0
2022-2023,CISSS de Chaudière-Appalaches,0,7,5,1.0
2022-2023,CISSS de Chaudière-Appalaches,0,7,6,1.0
2022-2023,CISSS de Chaudière-Appalaches,0,7,7,0.0
2022-2023,CISSS de Chaudière-Appalaches,0,7,8,0.0
2022-2023,CISSS de Chaudière-Appalaches,0,7,9,3.0
2022-2023,CISSS de Chaudière-Appalaches,0,8,1,0.0
2022-2023,CISSS de Chaudière-Appalaches,0,8,2,0.0
2022-2023,CISSS de Chaudière-Appalaches,0,8,3,0.0
2022-2023,CISSS de Chaudière-Appalaches,0,8,4,581.0
2022-2023,CISSS de Chaudière-Appalaches,0,8,5,16.0
2022-2023,CISSS de Chaudière-Appalaches,0,8,6,1789.0
2022-2023,CISSS de Chaudière-Appalaches,0,8,7,0.0
2022-2023,CISSS de Chaudière-Appalaches,0,8,8,0.0
2022-2023,CISSS de Chaudière-Appalaches,0,8,9,795.3
2022-2023,CISSS de Chaudière-Appalaches,0,9,1,0.0
2022-2023,CISSS de Chaudière-Appalaches,0,9,2,0.0
2022-2023,CISSS de Chaudière-Appalaches,0,9,3,0.0
2022-2023,CISSS de Chaudière-Appalaches,0,9,4,581.0
2022-2023,CISSS de Chaudière-Appalaches,0,9,5,16.0
2022-2023,CISSS de Chaudière-Appalaches,0,9,6,1789.0
2022-2023,CISSS de Chaudière-Appalaches,0,9,7,0.0
2022-2023,CISSS de Chaudière-Appalaches,0,9,8,0.0
2022-2023,CISSS de Chaudière-Appalaches,0,9,9,581.0
2022-2023,CISSS de Chaudière-Appalaches,0,10,1,13.0
2022-2023,CISSS de Chaudière-Appalaches,0,10,2,127.0
2022-2023,CISSS de Chaudière-Appalaches,0,10,3,68.0
2022-2023,CISSS de Chaudière-Appalaches,0,10,4,19.0
2022-2023,CISSS de Chaudière-Appalaches,0,10,5,16.0
2022-2023,CISSS de Chaudière-Appalaches,0,10,6,5.0
2022-2023,CISSS de Chaudière-Appalaches,0,10,7,0.0
2022-2023,CISSS de Chaudière-Appalaches,0,10,8,0.0
2022-2023,CISSS de Chaudière-Appalaches,0,10,9,248.0
2022-2023,CISSS de Chaudière-Appalaches,0,11,1,59.9
2022-2023,CISSS de Chaudière-Appalaches,0,11,2,177.5
2022-2023,CISSS de Chaudière-Appalaches,0,11,3,202.2
2022-2023,CISSS de Chaudière-Appalaches,0,11,4,293.5
2022-2023,CISSS de Chaudière-Appalaches,0,11,5,113.4
2022-2023,CISSS de Chaudière-Appalaches,0,11,6,79.2
2022-2023,CISSS de Chaudière-Appalaches,0,11,7,0.0
2022-2023,CISSS de Chaudière-Appalaches,0,11,8,0.0
2022-2023,CISSS de Chaudière-Appalaches,0,11,9,180.9
2022-2023,CISSS de Chaudière-Appalaches,0,12,1,44.0
2022-2023,CISSS de Chaudière-Appalaches,0,12,2,134.0
2022-2023,CISSS de Chaudière-Appalaches,0,12,3,177.5
2022-2023,CISSS de Chaudière-Appalaches,0,12,4,200.0
2022-2023,CISSS de Chaudière-Appalaches,0,12,5,83.0
2022-2023,CISSS de Chaudière-Appalaches,0,12,6,82.0
2022-2023,CISSS de Chaudière-Appalaches,0,12,7,0.0
2022-2023,CISSS de Chaudière-Appalaches,0,12,8,0.0
2022-2023,CISSS de Chaudière-Appalaches,0,12,9,134.0
2022-2023,CISSS de Chaudière-Appalaches,0,13,1,13.0
2022-2023,CISSS de Chaudière-Appalaches,0,13,2,127.0
2022-2023,CISSS de Chaudière-Appalaches,0,13,3,68.0
2022-2023,CISSS de Chaudière-Appalaches,0,13,4,22.0
2022-2023,CISSS de Chaudière-Appalaches,0,13,5,23.0
2022-2023,CISSS de Chaudière-Appalaches,0,13,6,7.0
2022-2023,CISSS de Chaudière-Appalaches,0,13,7,0.0
2022-2023,CISSS de Chaudière-Appalaches,0,13,8,0.0
2022-2023,CISSS de Chaudière-Appalaches,0,13,9,260.0
2022-2023,CISSS de Chaudière-Appalaches,0,14,1,59.9
2022-2023,CISSS de Chaudière-Appalaches,0,14,2,177.5
2022-2023,CISSS de Chaudière-Appalaches,0,14,3,202.2
2022-2023,CISSS de Chaudière-Appalaches,0,14,4,284.0
2022-2023,CISSS de Chaudière-Appalaches,0,14,5,193.0
2022-2023,CISSS de Chaudière-Appalaches,0,14,6,567.6
2022-2023,CISSS de Chaudière-Appalaches,0,14,7,0.0
2022-2023,CISSS de Chaudière-Appalaches,0,14,8,0.0
2022-2023,CISSS de Chaudière-Appalaches,0,14,9,199.0
2022-2023,CISSS de Chaudière-Appalaches,0,15,1,44.0
2022-2023,CISSS de Chaudière-Appalaches,0,15,2,134.0
2022-2023,CISSS de Chaudière-Appalaches,0,15,3,177.5
2022-2023,CISSS de Chaudière-Appalaches,0,15,4,199.0
2022-2023,CISSS de Chaudière-Appalaches,0,15,5,84.0
2022-2023,CISSS de Chaudière-Appalaches,0,15,6,134.0
2022-2023,CISSS de Chaudière-Appalaches,0,15,7,0.0
2022-2023,CISSS de Chaudière-Appalaches,0,15,8,0.0
2022-2023,CISSS de Chaudière-Appalaches,0,15,9,135.0
2022-2023,CISSS de Lanaudière,0,1,3,1.0
2022-2023,CISSS de Lanaudière,0,1,5,2.0
2022-2023,CISSS de Lanaudière,0,1,9,3.0
2022-2023,CISSS de Lanaudière,0,2,3,79.0
2022-2023,CISSS de Lanaudière,0,2,5,34.0
2022-2023,CISSS de Lanaudière,0,2,9,49.0
2022-2023,CISSS de Lanaudière,0,3,3,79.0
2022-2023,CISSS de Lanaudière,0,3,5,34.0
2022-2023,CISSS de Lanaudière,0,3,9,3.0
2022-2023,CISSS de Lanaudière,0,4,4,1.0
2022-2023,CISSS de Lanaudière,0,4,5,1.0
2022-2023,CISSS de Lanaudière,0,4,9,2.0
2022-2023,CISSS de Lanaudière,0,5,4,312.0
2022-2023,CISSS de Lanaudière,0,5,5,117.0
2022-2023,CISSS de Lanaudière,0,5,9,214.5
2022-2023,CISSS de Lanaudière,0,6,4,312.0
2022-2023,CISSS de Lanaudière,0,6,5,117.0
2022-2023,CISSS de Lanaudière,0,6,9,214.5
2022-2023,CISSS de Lanaudière,0,10,1,57.0
2022-2023,CISSS de Lanaudière,0,10,2,511.0
2022-2023,CISSS de Lanaudière,0,10,3,358.0
2022-2023,CISSS de Lanaudière,0,10,4,56.0
2022-2023,CISSS de Lanaudière,0,10,5,42.0
2022-2023,CISSS de Lanaudière,0,10,6,6.0
2022-2023,CISSS de Lanaudière,0,10,8,1.0
2022-2023,CISSS de Lanaudière,0,10,9,1031.0
2022-2023,CISSS de Lanaudière,0,11,1,67.7
2022-2023,CISSS de Lanaudière,0,11,2,255.8
2022-2023,CISSS de Lanaudière,0,11,3,440.1
2022-2023,CISSS de Lanaudière,0,11,4,447.8
2022-2023,CISSS de Lanaudière,0,11,5,280.5
2022-2023,CISSS de Lanaudière,0,11,6,288.8
2022-2023,CISSS de Lanaudière,0,11,8,50.0
2022-2023,CISSS de Lanaudière,0,11,9,320.8
2022-2023,CISSS de Lanaudière,0,12,1,49.0
2022-2023,CISSS de Lanaudière,0,12,2,171.0
2022-2023,CISSS de Lanaudière,0,12,3,338.5
2022-2023,CISSS de Lanaudière,0,12,4,351.0
2022-2023,CISSS de Lanaudière,0,12,5,205.5
2022-2023,CISSS de Lanaudière,0,12,6,117.5
2022-2023,CISSS de Lanaudière,0,12,8,50.0
2022-2023,CISSS de Lanaudière,0,12,9,200.0
2022-2023,CISSS de Lanaudière,0,13,1,57.0
2022-2023,CISSS de Lanaudière,0,13,2,511.0
2022-2023,CISSS de Lanaudière,0,13,3,359.0
2022-2023,CISSS de Lanaudière,0,13,4,57.0
2022-2023,CISSS de Lanaudière,0,13,5,45.0
2022-2023,CISSS de Lanaudière,0,13,6,6.0
2022-2023,CISSS de Lanaudière,0,13,8,1.0
2022-2023,CISSS de Lanaudière,0,13,9,1036.0
2022-2023,CISSS de Lanaudière,0,14,1,67.7
2022-2023,CISSS de Lanaudière,0,14,2,255.8
2022-2023,CISSS de Lanaudière,0,14,3,439.1
2022-2023,CISSS de Lanaudière,0,14,4,445.4
2022-2023,CISSS de Lanaudière,0,14,5,265.9
2022-2023,CISSS de Lanaudière,0,14,6,288.8
2022-2023,CISSS de Lanaudière,0,14,8,50.0
2022-2023,CISSS de Lanaudière,0,14,9,319.8
2022-2023,CISSS de Lanaudière,0,15,1,49.0
2022-2023,CISSS de Lanaudière,0,15,2,171.0
2022-2023,CISSS de Lanaudière,0,15,3,338.0
2022-2023,CISSS de Lanaudière,0,15,4,337.0
2022-2023,CISSS de Lanaudière,0,15,5,179.0
2022-2023,CISSS de Lanaudière,0,15,6,177.5
2022-2023,CISSS de Lanaudière,0,15,8,50.0
2022-2023,CISSS de Lanaudière,0,15,9,199.0
2022-2023,CISSS de Laval,0,7,2,3.0
2022-2023,CISSS de Laval,0,7,3,2.0
2022-2023,CISSS de Laval,0,7,4,2.0
2022-2023,CISSS de Laval,0,7,5,23.0
2022-2023,CISSS de Laval,0,7,6,2.0
2022-2023,CISSS de Laval,0,7,9,32.0
2022-2023,CISSS de Laval,0,8,2,172.3
2022-2023,CISSS de Laval,0,8,3,224.5
2022-2023,CISSS de Laval,0,8,4,968.0
2022-2023,CISSS de Laval,0,8,5,1290.0
2022-2023,CISSS de Laval,0,8,6,2044.0
2022-2023,CISSS de Laval,0,8,9,1146.0
2022-2023,CISSS de Laval,0,9,2,113.0
2022-2023,CISSS de Laval,0,9,3,224.5
2022-2023,CISSS de Laval,0,9,4,968.0
2022-2023,CISSS de Laval,0,9,5,1425.0
2022-2023,CISSS de Laval,0,9,6,2044.0
2022-2023,CISSS de Laval,0,9,9,954.5
2022-2023,CISSS de Laval,0,10,1,550.0
2022-2023,CISSS de Laval,0,10,2,278.0
2022-2023,CISSS de Laval,0,10,3,124.0
2022-2023,CISSS de Laval,0,10,4,42.0
2022-2023,CISSS de Laval,0,10,5,57.0
2022-2023,CISSS de Laval,0,10,6,19.0
2022-2023,CISSS de Laval,0,10,8,1.0
2022-2023,CISSS de Laval,0,10,9,1071.0
2022-2023,CISSS de Laval,0,11,1,237.3
2022-2023,CISSS de Laval,0,11,2,218.0
2022-2023,CISSS de Laval,0,11,3,307.3
2022-2023,CISSS de Laval,0,11,4,408.0
2022-2023,CISSS de Laval,0,11,5,852.9
2022-2023,CISSS de Laval,0,11,6,1037.0
2022-2023,CISSS de Laval,0,11,8,1243.0
2022-2023,CISSS de Laval,0,11,9,294.9
2022-2023,CISSS de Laval,0,12,1,197.5
2022-2023,CISSS de Laval,0,12,2,163.0
2022-2023,CISSS de Laval,0,12,3,230.5
2022-2023,CISSS de Laval,0,12,4,265.0
2022-2023,CISSS de Laval,0,12,5,662.0
2022-2023,CISSS de Laval,0,12,6,1142.0
2022-2023,CISSS de Laval,0,12,8,1243.0
2022-2023,CISSS de Laval,0,12,9,203.0
2022-2023,CISSS de Laval,0,13,1,550.0
2022-2023,CISSS de Laval,0,13,2,281.0
2022-2023,CISSS de Laval,0,13,3,126.0
2022-2023,CISSS de Laval,0,13,4,44.0
2022-2023,CISSS de Laval,0,13,5,80.0
2022-2023,CISSS de Laval,0,13,6,21.0
2022-2023,CISSS de Laval,0,13,8,1.0
2022-2023,CISSS de Laval,0,13,9,1103.0
2022-2023,CISSS de Laval,0,14,1,237.3
2022-2023,CISSS de Laval,0,14,2,217.6
2022-2023,CISSS de Laval,0,14,3,306.0
2022-2023,CISSS de Laval,0,14,4,433.4
2022-2023,CISSS de Laval,0,14,5,978.8
2022-2023,CISSS de Laval,0,14,6,1133.0
2022-2023,CISSS de Laval,0,14,8,1243.0
2022-2023,CISSS de Laval,0,14,9,319.6
2022-2023,CISSS de Laval,0,15,1,197.5
2022-2023,CISSS de Laval,0,15,2,162.0
2022-2023,CISSS de Laval,0,15,3,230.5
2022-2023,CISSS de Laval,0,15,4,269.0
2022-2023,CISSS de Laval,0,15,5,830.0
2022-2023,CISSS de Laval,0,15,6,1142.0
2022-2023,CISSS de Laval,0,15,8,1243.0
2022-2023,CISSS de Laval,0,15,9,210.0
2022-2023,CISSS de l'Abitibi-Témiscamingue,0,7,3,1.0
2022-2023,CISSS de l'Abitibi-Témiscamingue,0,7,4,0.0
2022-2023,CISSS de l'Abitibi-Témiscamingue,0,7,5,1.0
2022-2023,CISSS de l'Abitibi-Témiscamingue,0,7,6,0.0
2022-2023,CISSS de l'Abitibi-Témiscamingue,0,7,7,0.0
2022-2023,CISSS de l'Abitibi-Témiscamingue,0,7,8,0.0
2022-2023,CISSS de l'Abitibi-Témiscamingue,0,7,9,2.0
2022-2023,CISSS de l'Abitibi-Témiscamingue,0,8,3,1155.0
2022-2023,CISSS de l'Abitibi-Témiscamingue,0,8,5,1278.0
2022-2023,CISSS de l'Abitibi-Témiscamingue,0,8,9,1216.0
2022-2023,CISSS de l'Abitibi-Témiscamingue,0,9,3,1155.0
2022-2023,CISSS de l'Abitibi-Témiscamingue,0,9,5,1278.0
2022-2023,CISSS de l'Abitibi-Témiscamingue,0,9,9,1216.0
2022-2023,CISSS de l'Abitibi-Témiscamingue,0,10,1,74.0
2022-2023,CISSS de l'Abitibi-Témiscamingue,0,10,2,64.0
2022-2023,CISSS de l'Abitibi-Témiscamingue,0,10,3,31.0
2022-2023,CISSS de l'Abitibi-Témiscamingue,0,10,4,6.0
2022-2023,CISSS de l'Abitibi-Témiscamingue,0,10,5,11.0
2022-2023,CISSS de l'Abitibi-Témiscamingue,0,10,6,3.0
2022-2023,CISSS de l'Abitibi-Témiscamingue,0,10,7,0.0
2022-2023,CISSS de l'Abitibi-Témiscamingue,0,10,8,0.0
2022-2023,CISSS de l'Abitibi-Témiscamingue,0,10,9,189.0
2022-2023,CISSS de l'Abitibi-Témiscamingue,0,11,1,221.4
2022-2023,CISSS de l'Abitibi-Témiscamingue,0,11,2,295.6
2022-2023,CISSS de l'Abitibi-Témiscamingue,0,11,3,297.2
2022-2023,CISSS de l'Abitibi-Témiscamingue,0,11,4,374.3
2022-2023,CISSS de l'Abitibi-Témiscamingue,0,11,5,233.4
2022-2023,CISSS de l'Abitibi-Témiscamingue,0,11,6,331.3
2022-2023,CISSS de l'Abitibi-Témiscamingue,0,11,9,266.2
2022-2023,CISSS de l'Abitibi-Témiscamingue,0,12,1,186.0
2022-2023,CISSS de l'Abitibi-Témiscamingue,0,12,2,252.0
2022-2023,CISSS de l'Abitibi-Témiscamingue,0,12,3,283.0
2022-2023,CISSS de l'Abitibi-Témiscamingue,0,12,4,296.0
2022-2023,CISSS de l'Abitibi-Témiscamingue,0,12,5,243.0
2022-2023,CISSS de l'Abitibi-Témiscamingue,0,12,6,60.0
2022-2023,CISSS de l'Abitibi-Témiscamingue,0,12,9,227.0
2022-2023,CISSS de l'Abitibi-Témiscamingue,0,13,1,74.0
2022-2023,CISSS de l'Abitibi-Témiscamingue,0,13,2,64.0
2022-2023,CISSS de l'Abitibi-Témiscamingue,0,13,3,32.0
2022-2023,CISSS de l'Abitibi-Témiscamingue,0,13,4,6.0
2022-2023,CISSS de l'Abitibi-Témiscamingue,0,13,5,12.0
2022-2023,CISSS de l'Abitibi-Témiscamingue,0,13,6,3.0
2022-2023,CISSS de l'Abitibi-Témiscamingue,0,13,7,0.0
2022-2023,CISSS de l'Abitibi-Témiscamingue,0,13,8,0.0
2022-2023,CISSS de l'Abitibi-Témiscamingue,0,13,9,191.0
2022-2023,CISSS de l'Abitibi-Témiscamingue,0,14,1,221.4
2022-2023,CISSS de l'Abitibi-Témiscamingue,0,14,2,295.6
2022-2023,CISSS de l'Abitibi-Témiscamingue,0,14,3,324.0
2022-2023,CISSS de l'Abitibi-Témiscamingue,0,14,4,374.0
2022-2023,CISSS de l'Abitibi-Témiscamingue,0,14,5,320.0
2022-2023,CISSS de l'Abitibi-Témiscamingue,0,14,6,331.0
2022-2023,CISSS de l'Abitibi-Témiscamingue,0,14,9,276.2
2022-2023,CISSS de l'Abitibi-Témiscamingue,0,15,1,186.0
2022-2023,CISSS de l'Abitibi-Témiscamingue,0,15,2,252.0
2022-2023,CISSS de l'Abitibi-Témiscamingue,0,15,3,286.0
2022-2023,CISSS de l'Abitibi-Témiscamingue,0,15,4,296.0
2022-2023,CISSS de l'Abitibi-Témiscamingue,0,15,5,248.0
2022-2023,CISSS de l'Abitibi-Témiscamingue,0,15,6,60.0
2022-2023,CISSS de l'Abitibi-Témiscamingue,0,15,9,232.0
2022-2023,CISSS de l'Outaouais,0,1,4,1.0
2022-2023,CISSS de l'Outaouais,0,1,9,1.0
2022-2023,CISSS de l'Outaouais,0,2,4,135.0
2022-2023,CISSS de l'Outaouais,0,2,9,135.0
2022-2023,CISSS de l'Outaouais,0,3,4,135.0
2022-2023,CISSS de l'Outaouais,0,3,9,135.0
2022-2023,CISSS de l'Outaouais,0,10,1,98.0
2022-2023,CISSS de l'Outaouais,0,10,2,228.0
2022-2023,CISSS de l'Outaouais,0,10,3,83.0
2022-2023,CISSS de l'Outaouais,0,10,4,14.0
2022-2023,CISSS de l'Outaouais,0,10,5,27.0
2022-2023,CISSS de l'Outaouais,0,10,6,5.0
2022-2023,CISSS de l'Outaouais,0,10,9,455.0
2022-2023,CISSS de l'Outaouais,0,11,1,125.0
2022-2023,CISSS de l'Outaouais,0,11,2,320.8
2022-2023,CISSS de l'Outaouais,0,11,3,387.5
2022-2023,CISSS de l'Outaouais,0,11,4,298.0
2022-2023,CISSS de l'Outaouais,0,11,5,273.0
2022-2023,CISSS de l'Outaouais,0,11,6,255.0
2022-2023,CISSS de l'Outaouais,0,11,9,286.6
2022-2023,CISSS de l'Outaouais,0,12,1,75.0
2022-2023,CISSS de l'Outaouais,0,12,2,228.0
2022-2023,CISSS de l'Outaouais,0,12,3,397.5
2022-2023,CISSS de l'Outaouais,0,12,4,216.5
2022-2023,CISSS de l'Outaouais,0,12,5,179.0
2022-2023,CISSS de l'Outaouais,0,12,6,116.0
2022-2023,CISSS de l'Outaouais,0,12,9,193.0
2022-2023,CISSS de l'Outaouais,0,13,1,98.0
2022-2023,CISSS de l'Outaouais,0,13,2,228.0
2022-2023,CISSS de l'Outaouais,0,13,3,83.0
2022-2023,CISSS de l'Outaouais,0,13,4,15.0
2022-2023,CISSS de l'Outaouais,0,13,5,27.0
2022-2023,CISSS de l'Outaouais,0,13,6,5.0
2022-2023,CISSS de l'Outaouais,0,13,9,456.0
2022-2023,CISSS de l'Outaouais,0,14,1,125.0
2022-2023,CISSS de l'Outaouais,0,14,2,320.8
2022-2023,CISSS de l'Outaouais,0,14,3,387.5
2022-2023,CISSS de l'Outaouais,0,14,4,288.0
2022-2023,CISSS de l'Outaouais,0,14,5,273.0
2022-2023,CISSS de l'Outaouais,0,14,6,255.0
2022-2023,CISSS de l'Outaouais,0,14,9,286.6
2022-2023,CISSS de l'Outaouais,0,15,1,75.0
2022-2023,CISSS de l'Outaouais,0,15,2,228.0
2022-2023,CISSS de l'Outaouais,0,15,3,397.5
2022-2023,CISSS de l'Outaouais,0,15,4,201.0
2022-2023,CISSS de l'Outaouais,0,15,5,179.0
2022-2023,CISSS de l'Outaouais,0,15,6,116.0
2022-2023,CISSS de l'Outaouais,0,15,9,192.5
2022-2023,CISSS de la Côte-Nord,0,10,1,9.0
2022-2023,CISSS de la Côte-Nord,0,10,2,75.0
2022-2023,CISSS de la Côte-Nord,0,10,3,58.0
2022-2023,CISSS de la Côte-Nord,0,10,4,14.0
2022-2023,CISSS de la Côte-Nord,0,10,5,14.0
2022-2023,CISSS de la Côte-Nord,0,10,9,170.0
2022-2023,CISSS de la Côte-Nord,0,11,1,170.5
2022-2023,CISSS de la Côte-Nord,0,11,2,435.0
2022-2023,CISSS de la Côte-Nord,0,11,3,502.3
2022-2023,CISSS de la Côte-Nord,0,11,4,728.5
2022-2023,CISSS de la Côte-Nord,0,11,5,616.8
2022-2023,CISSS de la Côte-Nord,0,11,9,483.1
2022-2023,CISSS de la Côte-Nord,0,12,1,131.0
2022-2023,CISSS de la Côte-Nord,0,12,2,333.0
2022-2023,CISSS de la Côte-Nord,0,12,3,333.0
2022-2023,CISSS de la Côte-Nord,0,12,4,703.0
2022-2023,CISSS de la Côte-Nord,0,12,5,591.5
2022-2023,CISSS de la Côte-Nord,0,12,9,333.0
2022-2023,CISSS de la Côte-Nord,0,13,1,9.0
2022-2023,CISSS de la Côte-Nord,0,13,2,75.0
2022-2023,CISSS de la Côte-Nord,0,13,3,58.0
2022-2023,CISSS de la Côte-Nord,0,13,4,14.0
2022-2023,CISSS de la Côte-Nord,0,13,5,14.0
2022-2023,CISSS de la Côte-Nord,0,13,9,170.0
2022-2023,CISSS de la Côte-Nord,0,14,1,170.5
2022-2023,CISSS de la Côte-Nord,0,14,2,450.0
2022-2023,CISSS de la Côte-Nord,0,14,3,502.3
2022-2023,CISSS de la Côte-Nord,0,14,4,728.5
2022-2023,CISSS de la Côte-Nord,0,14,5,616.8
2022-2023,CISSS de la Côte-Nord,0,15,1,131.0
2022-2023,CISSS de la Côte-Nord,0,15,2,333.0
2022-2023,CISSS de la Côte-Nord,0,15,3,333.0
2022-2023,CISSS de la Côte-Nord,0,15,4,703.0
2022-2023,CISSS de la Côte-Nord,0,15,5,591.5
2022-2023,CISSS de la Gaspésie,0,7,5,1.0
2022-2023,CISSS de la Gaspésie,0,7,9,1.0
2022-2023,CISSS de la Gaspésie,0,8,5,283.0
2022-2023,CISSS de la Gaspésie,0,8,9,283.0
2022-2023,CISSS de la Gaspésie,0,9,5,283.0
2022-2023,CISSS de la Gaspésie,0,9,9,283.0
2022-2023,CISSS de la Gaspésie,0,10,1,3.0
2022-2023,CISSS de la Gaspésie,0,10,2,21.0
2022-2023,CISSS de la Gaspésie,0,10,3,27.0
2022-2023,CISSS de la Gaspésie,0,10,4,9.0
2022-2023,CISSS de la Gaspésie,0,10,5,9.0
2022-2023,CISSS de la Gaspésie,0,10,9,69.0
2022-2023,CISSS de la Gaspésie,0,11,1,51.0
2022-2023,CISSS de la Gaspésie,0,11,2,189.3
2022-2023,CISSS de la Gaspésie,0,11,3,179.3
2022-2023,CISSS de la Gaspésie,0,11,4,101.7
2022-2023,CISSS de la Gaspésie,0,11,5,291.1
2022-2023,CISSS de la Gaspésie,0,11,9,181.3
2022-2023,CISSS de la Gaspésie,0,12,1,9.0
2022-2023,CISSS de la Gaspésie,0,12,2,127.0
2022-2023,CISSS de la Gaspésie,0,12,3,63.0
2022-2023,CISSS de la Gaspésie,0,12,4,38.0
2022-2023,CISSS de la Gaspésie,0,12,5,75.0
2022-2023,CISSS de la Gaspésie,0,12,9,78.0
2022-2023,CISSS de la Gaspésie,0,13,1,3.0
2022-2023,CISSS de la Gaspésie,0,13,2,21.0
2022-2023,CISSS de la Gaspésie,0,13,3,27.0
2022-2023,CISSS de la Gaspésie,0,13,4,9.0
2022-2023,CISSS de la Gaspésie,0,13,5,10.0
2022-2023,CISSS de la Gaspésie,0,13,9,70.0
2022-2023,CISSS de la Gaspésie,0,14,1,51.0
2022-2023,CISSS de la Gaspésie,0,14,2,189.3
2022-2023,CISSS de la Gaspésie,0,14,3,179.3
2022-2023,CISSS de la Gaspésie,0,14,4,101.7
2022-2023,CISSS de la Gaspésie,0,14,5,290.3
2022-2023,CISSS de la Gaspésie,0,14,9,182.7
2022-2023,CISSS de la Gaspésie,0,15,1,9.0
2022-2023,CISSS de la Gaspésie,0,15,2,127.0
2022-2023,CISSS de la Gaspésie,0,15,3,63.0
2022-2023,CISSS de la Gaspésie,0,15,4,38.0
2022-2023,CISSS de la Gaspésie,0,15,5,123.0
2022-2023,CISSS de la Gaspésie,0,15,9,81.5
2022-2023,CISSS de la Montérégie-Ouest,0,1,4,2.0
2022-2023,CISSS de la Montérégie-Ouest,0,1,5,13.0
2022-2023,CISSS de la Montérégie-Ouest,0,1,6,2.0
2022-2023,CISSS de la Montérégie-Ouest,0,1,7,1.0
2022-2023,CISSS de la Montérégie-Ouest,0,1,9,18.0
2022-2023,CISSS de la Montérégie-Ouest,0,2,4,271.0
2022-2023,CISSS de la Montérégie-Ouest,0,2,5,586.0
2022-2023,CISSS de la Montérégie-Ouest,0,2,6,925.0
2022-2023,CISSS de la Montérégie-Ouest,0,2,7,9.0
2022-2023,CISSS de la Montérégie-Ouest,0,2,9,663.0
2022-2023,CISSS de la Montérégie-Ouest,0,3,4,271.0
2022-2023,CISSS de la Montérégie-Ouest,0,3,5,334.0
2022-2023,CISSS de la Montérégie-Ouest,0,3,6,925.0
2022-2023,CISSS de la Montérégie-Ouest,0,3,7,9.0
2022-2023,CISSS de la Montérégie-Ouest,0,3,9,470.0
2022-2023,CISSS de la Montérégie-Ouest,0,4,3,3.0
2022-2023,CISSS de la Montérégie-Ouest,0,4,4,24.0
2022-2023,CISSS de la Montérégie-Ouest,0,4,5,31.0
2022-2023,CISSS de la Montérégie-Ouest,0,4,6,2.0
2022-2023,CISSS de la Montérégie-Ouest,0,4,9,60.0
2022-2023,CISSS de la Montérégie-Ouest,0,5,3,162.0
2022-2023,CISSS de la Montérégie-Ouest,0,5,4,585.0
2022-2023,CISSS de la Montérégie-Ouest,0,5,5,701.0
2022-2023,CISSS de la Montérégie-Ouest,0,5,6,1098.0
2022-2023,CISSS de la Montérégie-Ouest,0,5,9,652.0
2022-2023,CISSS de la Montérégie-Ouest,0,6,3,142.0
2022-2023,CISSS de la Montérégie-Ouest,0,6,4,506.0
2022-2023,CISSS de la Montérégie-Ouest,0,6,5,643.0
2022-2023,CISSS de la Montérégie-Ouest,0,6,6,1098.0
2022-2023,CISSS de la Montérégie-Ouest,0,6,9,537.0
2022-2023,CISSS de la Montérégie-Ouest,0,7,2,11.0
2022-2023,CISSS de la Montérégie-Ouest,0,7,3,15.0
2022-2023,CISSS de la Montérégie-Ouest,0,7,4,19.0
2022-2023,CISSS de la Montérégie-Ouest,0,7,5,27.0
2022-2023,CISSS de la Montérégie-Ouest,0,7,6,7.0
2022-2023,CISSS de la Montérégie-Ouest,0,7,9,79.0
2022-2023,CISSS de la Montérégie-Ouest,0,8,2,655.0
2022-2023,CISSS de la Montérégie-Ouest,0,8,3,602.0
2022-2023,CISSS de la Montérégie-Ouest,0,8,4,820.0
2022-2023,CISSS de la Montérégie-Ouest,0,8,5,1520.0
2022-2023,CISSS de la Montérégie-Ouest,0,8,6,1805.0
2022-2023,CISSS de la Montérégie-Ouest,0,8,9,1086.0
2022-2023,CISSS de la Montérégie-Ouest,0,9,2,408.0
2022-2023,CISSS de la Montérégie-Ouest,0,9,3,409.0
2022-2023,CISSS de la Montérégie-Ouest,0,9,4,704.0
2022-2023,CISSS de la Montérégie-Ouest,0,9,5,1125.0
2022-2023,CISSS de la Montérégie-Ouest,0,9,6,1225.0
2022-2023,CISSS de la Montérégie-Ouest,0,9,9,701.0
2022-2023,CISSS de la Montérégie-Ouest,0,10,1,151.0
2022-2023,CISSS de la Montérégie-Ouest,0,10,2,865.0
2022-2023,CISSS de la Montérégie-Ouest,0,10,3,416.0
2022-2023,CISSS de la Montérégie-Ouest,0,10,4,68.0
2022-2023,CISSS de la Montérégie-Ouest,0,10,5,79.0
2022-2023,CISSS de la Montérégie-Ouest,0,10,6,10.0
2022-2023,CISSS de la Montérégie-Ouest,0,10,7,2.0
2022-2023,CISSS de la Montérégie-Ouest,0,10,9,1591.0
2022-2023,CISSS de la Montérégie-Ouest,0,11,1,96.0
2022-2023,CISSS de la Montérégie-Ouest,0,11,2,535.0
2022-2023,CISSS de la Montérégie-Ouest,0,11,3,605.0
2022-2023,CISSS de la Montérégie-Ouest,0,11,4,623.0
2022-2023,CISSS de la Montérégie-Ouest,0,11,5,545.0
2022-2023,CISSS de la Montérégie-Ouest,0,11,6,748.0
2022-2023,CISSS de la Montérégie-Ouest,0,11,7,138.0
2022-2023,CISSS de la Montérégie-Ouest,0,11,9,517.0
2022-2023,CISSS de la Montérégie-Ouest,0,12,1,57.0
2022-2023,CISSS de la Montérégie-Ouest,0,12,2,429.0
2022-2023,CISSS de la Montérégie-Ouest,0,12,3,530.0
2022-2023,CISSS de la Montérégie-Ouest,0,12,4,544.0
2022-2023,CISSS de la Montérégie-Ouest,0,12,5,427.0
2022-2023,CISSS de la Montérégie-Ouest,0,12,6,119.0
2022-2023,CISSS de la Montérégie-Ouest,0,12,7,138.0
2022-2023,CISSS de la Montérégie-Ouest,0,12,9,388.0
2022-2023,CISSS de la Montérégie-Ouest,0,13,1,151.0
2022-2023,CISSS de la Montérégie-Ouest,0,13,2,876.0
2022-2023,CISSS de la Montérégie-Ouest,0,13,3,434.0
2022-2023,CISSS de la Montérégie-Ouest,0,13,4,113.0
2022-2023,CISSS de la Montérégie-Ouest,0,13,5,150.0
2022-2023,CISSS de la Montérégie-Ouest,0,13,6,21.0
2022-2023,CISSS de la Montérégie-Ouest,0,13,7,3.0
2022-2023,CISSS de la Montérégie-Ouest,0,13,9,1748.0
2022-2023,CISSS de la Montérégie-Ouest,0,14,1,96.0
2022-2023,CISSS de la Montérégie-Ouest,0,14,2,536.0
2022-2023,CISSS de la Montérégie-Ouest,0,14,3,601.0
2022-2023,CISSS de la Montérégie-Ouest,0,14,4,642.0
2022-2023,CISSS de la Montérégie-Ouest,0,14,5,757.0
2022-2023,CISSS de la Montérégie-Ouest,0,14,6,1229.0
2022-2023,CISSS de la Montérégie-Ouest,0,14,7,147.0
2022-2023,CISSS de la Montérégie-Ouest,0,14,9,549.0
2022-2023,CISSS de la Montérégie-Ouest,0,15,1,57.0
2022-2023,CISSS de la Montérégie-Ouest,0,15,2,428.0
2022-2023,CISSS de la Montérégie-Ouest,0,15,3,487.0
2022-2023,CISSS de la Montérégie-Ouest,0,15,4,570.0
2022-2023,CISSS de la Montérégie-Ouest,0,15,5,596.0
2022-2023,CISSS de la Montérégie-Ouest,0,15,6,622.0
2022-2023,CISSS de la Montérégie-Ouest,0,15,7,147.0
2022-2023,CISSS de la Montérégie-Ouest,0,15,9,396.0
2022-2023,CISSS des Laurentides,0,1,1,0.0
2022-2023,CISSS des Laurentides,0,1,2,0.0
2022-2023,CISSS des Laurentides,0,1,3,1.0
2022-2023,CISSS des Laurentides,0,1,4,5.0
2022-2023,CISSS des Laurentides,0,1,5,11.0
2022-2023,CISSS des Laurentides,0,1,6,1.0
2022-2023,CISSS des Laurentides,0,1,7,0.0
2022-2023,CISSS des Laurentides,0,1,8,0.0
2022-2023,CISSS des Laurentides,0,1,9,18.0
2022-2023,CISSS des Laurentides,0,2,1,0.0
2022-2023,CISSS des Laurentides,0,2,2,0.0
2022-2023,CISSS des Laurentides,0,2,3,191.0
2022-2023,CISSS des Laurentides,0,2,4,195.0
2022-2023,CISSS des Laurentides,0,2,5,1272.0
2022-2023,CISSS des Laurentides,0,2,6,470.0
2022-2023,CISSS des Laurentides,0,2,7,0.0
2022-2023,CISSS des Laurentides,0,2,8,0.0
2022-2023,CISSS des Laurentides,0,2,9,868.5
2022-2023,CISSS des Laurentides,0,3,1,0.0
2022-2023,CISSS des Laurentides,0,3,2,0.0
2022-2023,CISSS des Laurentides,0,3,3,191.0
2022-2023,CISSS des Laurentides,0,3,4,82.0
2022-2023,CISSS des Laurentides,0,3,5,1209.0
2022-2023,CISSS des Laurentides,0,3,6,470.0
2022-2023,CISSS des Laurentides,0,3,7,0.0
2022-2023,CISSS des Laurentides,0,3,8,0.0
2022-2023,CISSS des Laurentides,0,3,9,699.0
2022-2023,CISSS des Laurentides,0,4,1,0.0
2022-2023,CISSS des Laurentides,0,4,2,0.0
2022-2023,CISSS des Laurentides,0,4,3,9.0
2022-2023,CISSS des Laurentides,0,4,4,12.0
2022-2023,CISSS des Laurentides,0,4,5,16.0
2022-2023,CISSS des Laurentides,0,4,6,1.0
2022-2023,CISSS des Laurentides,0,4,7,0.0
2022-2023,CISSS des Laurentides,0,4,8,0.0
2022-2023,CISSS des Laurentides,0,4,9,38.0
2022-2023,CISSS des Laurentides,0,5,1,0.0
2022-2023,CISSS des Laurentides,0,5,2,0.0
2022-2023,CISSS des Laurentides,0,5,3,444.8
2022-2023,CISSS des Laurentides,0,5,4,311.8
2022-2023,CISSS des Laurentides,0,5,5,244.5
2022-2023,CISSS des Laurentides,0,5,6,75.0
2022-2023,CISSS des Laurentides,0,5,7,0.0
2022-2023,CISSS des Laurentides,0,5,8,0.0
2022-2023,CISSS des Laurentides,0,5,9,308.7
2022-2023,CISSS des Laurentides,0,6,1,0.0
2022-2023,CISSS des Laurentides,0,6,2,0.0
2022-2023,CISSS des Laurentides,0,6,3,358.0
2022-2023,CISSS des Laurentides,0,6,4,318.0
2022-2023,CISSS des Laurentides,0,6,5,145.0
2022-2023,CISSS des Laurentides,0,6,6,75.0
2022-2023,CISSS des Laurentides,0,6,7,0.0
2022-2023,CISSS des Laurentides,0,6,8,0.0
2022-2023,CISSS des Laurentides,0,6,9,278.0
2022-2023,CISSS des Laurentides,0,7,1,0.0
2022-2023,CISSS des Laurentides,0,7,2,2.0
2022-2023,CISSS des Laurentides,0,7,3,1.0
2022-2023,CISSS des Laurentides,0,7,4,1.0
2022-2023,CISSS des Laurentides,0,7,5,0.0
2022-2023,CISSS des Laurentides,0,7,6,0.0
2022-2023,CISSS des Laurentides,0,7,7,0.0
2022-2023,CISSS des Laurentides,0,7,8,0.0
2022-2023,CISSS des Laurentides,0,7,9,4.0
2022-2023,CISSS des Laurentides,0,8,1,0.0
2022-2023,CISSS des Laurentides,0,8,2,265.0
2022-2023,CISSS des Laurentides,0,8,3,103.0
2022-2023,CISSS des Laurentides,0,8,4,1826.0
2022-2023,CISSS des Laurentides,0,8,5,0.0
2022-2023,CISSS des Laurentides,0,8,6,0.0
2022-2023,CISSS des Laurentides,0,8,7,0.0
2022-2023,CISSS des Laurentides,0,8,8,0.0
2022-2023,CISSS des Laurentides,0,8,9,614.8
2022-2023,CISSS des Laurentides,0,9,1,0.0
2022-2023,CISSS des Laurentides,0,9,2,265.0
2022-2023,CISSS des Laurentides,0,9,3,103.0
2022-2023,CISSS des Laurentides,0,9,4,1826.0
2022-2023,CISSS des Laurentides,0,9,5,0.0
2022-2023,CISSS des Laurentides,0,9,6,0.0
2022-2023,CISSS des Laurentides,0,9,7,0.0
2022-2023,CISSS des Laurentides,0,9,8,0.0
2022-2023,CISSS des Laurentides,0,9,9,265.0
2022-2023,CISSS des Laurentides,0,10,1,35.0
2022-2023,CISSS des Laurentides,0,10,2,83.0
2022-2023,CISSS des Laurentides,0,10,3,25.0
2022-2023,CISSS des Laurentides,0,10,4,22.0
2022-2023,CISSS des Laurentides,0,10,5,35.0
2022-2023,CISSS des Laurentides,0,10,6,6.0
2022-2023,CISSS des Laurentides,0,10,7,0.0
2022-2023,CISSS des Laurentides,0,10,8,0.0
2022-2023,CISSS des Laurentides,0,10,9,206.0
2022-2023,CISSS des Laurentides,0,11,1,30.5
2022-2023,CISSS des Laurentides,0,11,2,128.2
2022-2023,CISSS des Laurentides,0,11,3,313.6
2022-2023,CISSS des Laurentides,0,11,4,329.0
2022-2023,CISSS des Laurentides,0,11,5,258.5
2022-2023,CISSS des Laurentides,0,11,6,327.2
2022-2023,CISSS des Laurentides,0,11,7,0.0
2022-2023,CISSS des Laurentides,0,11,8,0.0
2022-2023,CISSS des Laurentides,0,11,9,183.5
2022-2023,CISSS des Laurentides,0,12,1,32.0
2022-2023,CISSS des Laurentides,0,12,2,74.0
2022-2023,CISSS des Laurentides,0,12,3,199.0
2022-2023,CISSS des Laurentides,0,12,4,143.5
2022-2023,CISSS des Laurentides,0,12,5,225.0
2022-2023,CISSS des Laurentides,0,12,6,222.0
2022-2023,CISSS des Laurentides,0,12,7,0.0
2022-2023,CISSS des Laurentides,0,12,8,0.0
2022-2023,CISSS des Laurentides,0,12,9,80.5
2022-2023,CISSS des Laurentides,0,13,1,35.0
2022-2023,CISSS des Laurentides,0,13,2,85.0
2022-2023,CISSS des Laurentides,0,13,3,36.0
2022-2023,CISSS des Laurentides,0,13,4,40.0
2022-2023,CISSS des Laurentides,0,13,5,62.0
2022-2023,CISSS des Laurentides,0,13,6,8.0
2022-2023,CISSS des Laurentides,0,13,7,0.0
2022-2023,CISSS des Laurentides,0,13,8,0.0
2022-2023,CISSS des Laurentides,0,13,9,266.0
2022-2023,CISSS des Laurentides,0,14,1,30.5
2022-2023,CISSS des Laurentides,0,14,2,131.4
2022-2023,CISSS des Laurentides,0,14,3,337.1
2022-2023,CISSS des Laurentides,0,14,4,344.5
2022-2023,CISSS des Laurentides,0,14,5,434.8
2022-2023,CISSS des Laurentides,0,14,6,313.5
2022-2023,CISSS des Laurentides,0,14,7,0.0
2022-2023,CISSS des Laurentides,0,14,8,0.0
2022-2023,CISSS des Laurentides,0,14,9,254.2
2022-2023,CISSS des Laurentides,0,15,1,32.0
2022-2023,CISSS des Laurentides,0,15,2,75.0
2022-2023,CISSS des Laurentides,0,15,3,239.5
2022-2023,CISSS des Laurentides,0,15,4,143.5
2022-2023,CISSS des Laurentides,0,15,5,229.0
2022-2023,CISSS des Laurentides,0,15,6,222.0
2022-2023,CISSS des Laurentides,0,15,7,0.0
2022-2023,CISSS des Laurentides,0,15,8,0.0
2022-2023,CISSS des Laurentides,0,15,9,116.0
2022-2023,CISSS des Îles,0,1,1,0.0
2022-2023,CISSS des Îles,0,1,2,0.0
2022-2023,CISSS des Îles,0,1,3,0.0
2022-2023,CISSS des Îles,0,1,4,0.0
2022-2023,CISSS des Îles,0,1,5,0.0
2022-2023,CISSS des Îles,0,1,6,0.0
2022-2023,CISSS des Îles,0,1,7,0.0
2022-2023,CISSS des Îles,0,1,8,0.0
2022-2023,CISSS des Îles,0,1,9,0.0
2022-2023,CISSS des Îles,0,4,1,0.0
2022-2023,CISSS des Îles,0,4,2,0.0
2022-2023,CISSS des Îles,0,4,3,0.0
2022-2023,CISSS des Îles,0,4,4,1.0
2022-2023,CISSS des Îles,0,4,5,0.0
2022-2023,CISSS des Îles,0,4,6,0.0
2022-2023,CISSS des Îles,0,4,7,0.0
2022-2023,CISSS des Îles,0,4,8,0.0
2022-2023,CISSS des Îles,0,4,9,1.0
2022-2023,CISSS des Îles,0,5,4,641.0
2022-2023,CISSS des Îles,0,5,9,641.0
2022-2023,CISSS des Îles,0,6,4,641.0
2022-2023,CISSS des Îles,0,6,9,641.0
2022-2023,CISSS des Îles,0,7,1,0.0
2022-2023,CISSS des Îles,0,7,2,0.0
2022-2023,CISSS des Îles,0,7,3,0.0
2022-2023,CISSS des Îles,0,7,4,0.0
2022-2023,CISSS des Îles,0,7,5,0.0
2022-2023,CISSS des Îles,0,7,6,0.0
2022-2023,CISSS des Îles,0,7,7,0.0
2022-2023,CISSS des Îles,0,7,8,0.0
2022-2023,CISSS des Îles,0,7,9,0.0
2022-2023,CISSS des Îles,0,10,1,0.0
2022-2023,CISSS des Îles,0,10,2,1.0
2022-2023,CISSS des Îles,0,10,3,0.0
2022-2023,CISSS des Îles,0,10,4,0.0
2022-2023,CISSS des Îles,0,10,5,0.0
2022-2023,CISSS des Îles,0,10,6,0.0
2022-2023,CISSS des Îles,0,10,7,0.0
2022-2023,CISSS des Îles,0,10,8,0.0
2022-2023,CISSS des Îles,0,10,9,1.0
2022-2023,CISSS des Îles,0,11,2,60.0
2022-2023,CISSS des Îles,0,11,9,60.0
2022-2023,CISSS des Îles,0,12,2,60.0
2022-2023,CISSS des Îles,0,12,9,60.0
2022-2023,CISSS des Îles,0,13,1,0.0
2022-2023,CISSS des Îles,0,13,2,1.0
2022-2023,CISSS des Îles,0,13,3,0.0
2022-2023,CISSS des Îles,0,13,4,1.0
2022-2023,CISSS des Îles,0,13,5,0.0
2022-2023,CISSS des Îles,0,13,6,0.0
2022-2023,CISSS des Îles,0,13,7,0.0
2022-2023,CISSS des Îles,0,13,8,0.0
2022-2023,CISSS des Îles,0,13,9,2.0
2022-2023,CISSS des Îles,0,14,2,60.0
2022-2023,CISSS des Îles,0,14,4,641.0
2022-2023,CISSS des Îles,0,14,9,350.5
2022-2023,CISSS des Îles,0,15,2,60.0
2022-2023,CISSS des Îles,0,15,4,641.0
2022-2023,CISSS des Îles,0,15,9,350.5
2022-2023,CISSS du Bas-Saint-Laurent,0,1,5,1.0
2022-2023,CISSS du Bas-Saint-Laurent,0,1,9,1.0
2022-2023,CISSS du Bas-Saint-Laurent,0,2,5,73.0
2022-2023,CISSS du Bas-Saint-Laurent,0,2,9,73.0
2022-2023,CISSS du Bas-Saint-Laurent,0,3,5,73.0
2022-2023,CISSS du Bas-Saint-Laurent,0,3,9,73.0
2022-2023,CISSS du Bas-Saint-Laurent,0,4,3,6.0
2022-2023,CISSS du Bas-Saint-Laurent,0,4,4,1.0
2022-2023,CISSS du Bas-Saint-Laurent,0,4,9,7.0
2022-2023,CISSS du Bas-Saint-Laurent,0,5,3,56.17
2022-2023,CISSS du Bas-Saint-Laurent,0,5,4,113.0
2022-2023,CISSS du Bas-Saint-Laurent,0,5,9,64.29
2022-2023,CISSS du Bas-Saint-Laurent,0,6,3,55.5
2022-2023,CISSS du Bas-Saint-Laurent,0,6,4,113.0
2022-2023,CISSS du Bas-Saint-Laurent,0,6,9,59.0
2022-2023,CISSS du Bas-Saint-Laurent,0,10,1,4.0
2022-2023,CISSS du Bas-Saint-Laurent,0,10,2,13.0
2022-2023,CISSS du Bas-Saint-Laurent,0,10,3,17.0
2022-2023,CISSS du Bas-Saint-Laurent,0,10,4,3.0
2022-2023,CISSS du Bas-Saint-Laurent,0,10,5,11.0
2022-2023,CISSS du Bas-Saint-Laurent,0,10,6,4.0
2022-2023,CISSS du Bas-Saint-Laurent,0,10,9,52.0
2022-2023,CISSS du Bas-Saint-Laurent,0,11,1,33.5
2022-2023,CISSS du Bas-Saint-Laurent,0,11,2,58.46
2022-2023,CISSS du Bas-Saint-Laurent,0,11,3,71.88
2022-2023,CISSS du Bas-Saint-Laurent,0,11,4,23.33
2022-2023,CISSS du Bas-Saint-Laurent,0,11,5,121.3
2022-2023,CISSS du Bas-Saint-Laurent,0,11,6,267.0
2022-2023,CISSS du Bas-Saint-Laurent,0,11,9,88.23
2022-2023,CISSS du Bas-Saint-Laurent,0,12,1,33.0
2022-2023,CISSS du Bas-Saint-Laurent,0,12,2,32.0
2022-2023,CISSS du Bas-Saint-Laurent,0,12,3,37.0
2022-2023,CISSS du Bas-Saint-Laurent,0,12,4,17.0
2022-2023,CISSS du Bas-Saint-Laurent,0,12,5,93.0
2022-2023,CISSS du Bas-Saint-Laurent,0,12,6,233.5
2022-2023,CISSS du Bas-Saint-Laurent,0,12,9,36.5
2022-2023,CISSS du Bas-Saint-Laurent,0,13,1,4.0
2022-2023,CISSS du Bas-Saint-Laurent,0,13,2,13.0
2022-2023,CISSS du Bas-Saint-Laurent,0,13,3,23.0
2022-2023,CISSS du Bas-Saint-Laurent,0,13,4,4.0
2022-2023,CISSS du Bas-Saint-Laurent,0,13,5,12.0
2022-2023,CISSS du Bas-Saint-Laurent,0,13,6,4.0
2022-2023,CISSS du Bas-Saint-Laurent,0,13,9,60.0
2022-2023,CISSS du Bas-Saint-Laurent,0,14,1,33.5
2022-2023,CISSS du Bas-Saint-Laurent,0,14,2,58.46
2022-2023,CISSS du Bas-Saint-Laurent,0,14,3,67.78
2022-2023,CISSS du Bas-Saint-Laurent,0,14,4,45.75
2022-2023,CISSS du Bas-Saint-Laurent,0,14,5,117.3
2022-2023,CISSS du Bas-Saint-Laurent,0,14,6,267.0
2022-2023,CISSS du Bas-Saint-Laurent,0,14,9,85.18
2022-2023,CISSS du Bas-Saint-Laurent,0,15,1,33.0
2022-2023,CISSS du Bas-Saint-Laurent,0,15,2,32.0
2022-2023,CISSS du Bas-Saint-Laurent,0,15,3,45.0
2022-2023,CISSS du Bas-Saint-Laurent,0,15,4,26.5
2022-2023,CISSS du Bas-Saint-Laurent,0,15,5,83.0
2022-2023,CISSS du Bas-Saint-Laurent,0,15,6,233.5
2022-2023,CISSS du Bas-Saint-Laurent,0,15,9,44.5
2022-2023,CIUSSS de l'Estrie  CHUS,0,1,1,0.0
2022-2023,CIUSSS de l'Estrie  CHUS,0,1,2,0.0
2022-2023,CIUSSS de l'Estrie  CHUS,0,1,3,0.0
2022-2023,CIUSSS de l'Estrie  CHUS,0,1,4,2.0
2022-2023,CIUSSS de l'Estrie  CHUS,0,1,5,5.0
2022-2023,CIUSSS de l'Estrie  CHUS,0,1,6,0.0
2022-2023,CIUSSS de l'Estrie  CHUS,0,1,7,0.0
2022-2023,CIUSSS de l'Estrie  CHUS,0,1,8,0.0
2022-2023,CIUSSS de l'Estrie  CHUS,0,1,9,7.0
2022-2023,CIUSSS de l'Estrie  CHUS,0,2,1,0.0
2022-2023,CIUSSS de l'Estrie  CHUS,0,2,2,0.0
2022-2023,CIUSSS de l'Estrie  CHUS,0,2,3,0.0
2022-2023,CIUSSS de l'Estrie  CHUS,0,2,4,729.5
2022-2023,CIUSSS de l'Estrie  CHUS,0,2,5,515.0
2022-2023,CIUSSS de l'Estrie  CHUS,0,2,6,0.0
2022-2023,CIUSSS de l'Estrie  CHUS,0,2,7,0.0
2022-2023,CIUSSS de l'Estrie  CHUS,0,2,8,0.0
2022-2023,CIUSSS de l'Estrie  CHUS,0,2,9,576.0
2022-2023,CIUSSS de l'Estrie  CHUS,0,3,1,0.0
2022-2023,CIUSSS de l'Estrie  CHUS,0,3,2,0.0
2022-2023,CIUSSS de l'Estrie  CHUS,0,3,3,0.0
2022-2023,CIUSSS de l'Estrie  CHUS,0,3,4,729.5
2022-2023,CIUSSS de l'Estrie  CHUS,0,3,5,645.0
2022-2023,CIUSSS de l'Estrie  CHUS,0,3,6,0.0
2022-2023,CIUSSS de l'Estrie  CHUS,0,3,7,0.0
2022-2023,CIUSSS de l'Estrie  CHUS,0,3,8,0.0
2022-2023,CIUSSS de l'Estrie  CHUS,0,3,9,645.0
2022-2023,CIUSSS de l'Estrie  CHUS,0,4,1,0.0
2022-2023,CIUSSS de l'Estrie  CHUS,0,4,2,0.0
2022-2023,CIUSSS de l'Estrie  CHUS,0,4,3,0.0
2022-2023,CIUSSS de l'Estrie  CHUS,0,4,4,2.0
2022-2023,CIUSSS de l'Estrie  CHUS,0,4,5,0.0
2022-2023,CIUSSS de l'Estrie  CHUS,0,4,6,0.0
2022-2023,CIUSSS de l'Estrie  CHUS,0,4,7,0.0
2022-2023,CIUSSS de l'Estrie  CHUS,0,4,8,0.0
2022-2023,CIUSSS de l'Estrie  CHUS,0,4,9,2.0
2022-2023,CIUSSS de l'Estrie  CHUS,0,5,4,67.5
2022-2023,CIUSSS de l'Estrie  CHUS,0,5,9,67.5
2022-2023,CIUSSS de l'Estrie  CHUS,0,6,4,67.5
2022-2023,CIUSSS de l'Estrie  CHUS,0,6,9,67.5
2022-2023,CIUSSS de l'Estrie  CHUS,0,7,2,12.0
2022-2023,CIUSSS de l'Estrie  CHUS,0,7,3,14.0
2022-2023,CIUSSS de l'Estrie  CHUS,0,7,4,2.0
2022-2023,CIUSSS de l'Estrie  CHUS,0,7,5,6.0
2022-2023,CIUSSS de l'Estrie  CHUS,0,7,6,1.0
2022-2023,CIUSSS de l'Estrie  CHUS,0,7,9,35.0
2022-2023,CIUSSS de l'Estrie  CHUS,0,8,2,289.0
2022-2023,CIUSSS de l'Estrie  CHUS,0,8,3,237.0
2022-2023,CIUSSS de l'Estrie  CHUS,0,8,4,879.0
2022-2023,CIUSSS de l'Estrie  CHUS,0,8,5,632.0
2022-2023,CIUSSS de l'Estrie  CHUS,0,8,6,1249.0
2022-2023,CIUSSS de l'Estrie  CHUS,0,8,9,388.0
2022-2023,CIUSSS de l'Estrie  CHUS,0,9,2,271.5
2022-2023,CIUSSS de l'Estrie  CHUS,0,9,3,191.0
2022-2023,CIUSSS de l'Estrie  CHUS,0,9,4,879.0
2022-2023,CIUSSS de l'Estrie  CHUS,0,9,5,515.0
2022-2023,CIUSSS de l'Estrie  CHUS,0,9,6,1249.0
2022-2023,CIUSSS de l'Estrie  CHUS,0,9,9,331.0
2022-2023,CIUSSS de l'Estrie  CHUS,0,10,1,35.0
2022-2023,CIUSSS de l'Estrie  CHUS,0,10,2,190.0
2022-2023,CIUSSS de l'Estrie  CHUS,0,10,3,114.0
2022-2023,CIUSSS de l'Estrie  CHUS,0,10,4,17.0
2022-2023,CIUSSS de l'Estrie  CHUS,0,10,5,22.0
2022-2023,CIUSSS de l'Estrie  CHUS,0,10,6,3.0
2022-2023,CIUSSS de l'Estrie  CHUS,0,10,7,0.0
2022-2023,CIUSSS de l'Estrie  CHUS,0,10,8,0.0
2022-2023,CIUSSS de l'Estrie  CHUS,0,10,9,381.0
2022-2023,CIUSSS de l'Estrie  CHUS,0,11,1,51.0
2022-2023,CIUSSS de l'Estrie  CHUS,0,11,2,534.0
2022-2023,CIUSSS de l'Estrie  CHUS,0,11,3,683.0
2022-2023,CIUSSS de l'Estrie  CHUS,0,11,4,719.0
2022-2023,CIUSSS de l'Estrie  CHUS,0,11,5,664.0
2022-2023,CIUSSS de l'Estrie  CHUS,0,11,6,533.0
2022-2023,CIUSSS de l'Estrie  CHUS,0,11,9,550.0
2022-2023,CIUSSS de l'Estrie  CHUS,0,12,1,23.0
2022-2023,CIUSSS de l'Estrie  CHUS,0,12,2,435.0
2022-2023,CIUSSS de l'Estrie  CHUS,0,12,3,557.0
2022-2023,CIUSSS de l'Estrie  CHUS,0,12,4,708.0
2022-2023,CIUSSS de l'Estrie  CHUS,0,12,5,619.0
2022-2023,CIUSSS de l'Estrie  CHUS,0,12,6,376.0
2022-2023,CIUSSS de l'Estrie  CHUS,0,12,9,438.0
2022-2023,CIUSSS de l'Estrie  CHUS,0,13,1,35.0
2022-2023,CIUSSS de l'Estrie  CHUS,0,13,2,202.0
2022-2023,CIUSSS de l'Estrie  CHUS,0,13,3,128.0
2022-2023,CIUSSS de l'Estrie  CHUS,0,13,4,23.0
2022-2023,CIUSSS de l'Estrie  CHUS,0,13,5,33.0
2022-2023,CIUSSS de l'Estrie  CHUS,0,13,6,4.0
2022-2023,CIUSSS de l'Estrie  CHUS,0,13,7,0.0
2022-2023,CIUSSS de l'Estrie  CHUS,0,13,8,0.0
2022-2023,CIUSSS de l'Estrie  CHUS,0,13,9,425.0
2022-2023,CIUSSS de l'Estrie  CHUS,0,14,1,51.0
2022-2023,CIUSSS de l'Estrie  CHUS,0,14,2,519.0
2022-2023,CIUSSS de l'Estrie  CHUS,0,14,3,635.0
2022-2023,CIUSSS de l'Estrie  CHUS,0,14,4,677.0
2022-2023,CIUSSS de l'Estrie  CHUS,0,14,5,636.0
2022-2023,CIUSSS de l'Estrie  CHUS,0,14,6,712.0
2022-2023,CIUSSS de l'Estrie  CHUS,0,14,9,535.0
2022-2023,CIUSSS de l'Estrie  CHUS,0,15,1,23.0
2022-2023,CIUSSS de l'Estrie  CHUS,0,15,2,423.0
2022-2023,CIUSSS de l'Estrie  CHUS,0,15,3,543.0
2022-2023,CIUSSS de l'Estrie  CHUS,0,15,4,705.0
2022-2023,CIUSSS de l'Estrie  CHUS,0,15,5,604.0
2022-2023,CIUSSS de l'Estrie  CHUS,0,15,6,764.0
2022-2023,CIUSSS de l'Estrie  CHUS,0,15,9,423.0
2022-2023,CIUSSS de l'Ouest-de-l'Île-de-Montréal,0,1,1,0.0
2022-2023,CIUSSS de l'Ouest-de-l'Île-de-Montréal,0,1,2,0.0
2022-2023,CIUSSS de l'Ouest-de-l'Île-de-Montréal,0,1,3,0.0
2022-2023,CIUSSS de l'Ouest-de-l'Île-de-Montréal,0,1,4,5.0
2022-2023,CIUSSS de l'Ouest-de-l'Île-de-Montréal,0,1,5,4.0
2022-2023,CIUSSS de l'Ouest-de-l'Île-de-Montréal,0,1,6,0.0
2022-2023,CIUSSS de l'Ouest-de-l'Île-de-Montréal,0,1,7,0.0
2022-2023,CIUSSS de l'Ouest-de-l'Île-de-Montréal,0,1,8,0.0
2022-2023,CIUSSS de l'Ouest-de-l'Île-de-Montréal,0,1,9,9.0
2022-2023,CIUSSS de l'Ouest-de-l'Île-de-Montréal,0,2,4,289.2
2022-2023,CIUSSS de l'Ouest-de-l'Île-de-Montréal,0,2,5,1901.0
2022-2023,CIUSSS de l'Ouest-de-l'Île-de-Montréal,0,2,9,1006.0
2022-2023,CIUSSS de l'Ouest-de-l'Île-de-Montréal,0,3,4,122.0
2022-2023,CIUSSS de l'Ouest-de-l'Île-de-Montréal,0,3,5,1301.0
2022-2023,CIUSSS de l'Ouest-de-l'Île-de-Montréal,0,3,9,760.0
2022-2023,CIUSSS de l'Ouest-de-l'Île-de-Montréal,0,4,4,12.0
2022-2023,CIUSSS de l'Ouest-de-l'Île-de-Montréal,0,4,5,11.0
2022-2023,CIUSSS de l'Ouest-de-l'Île-de-Montréal,0,4,9,23.0
2022-2023,CIUSSS de l'Ouest-de-l'Île-de-Montréal,0,5,4,219.6
2022-2023,CIUSSS de l'Ouest-de-l'Île-de-Montréal,0,5,5,1167.0
2022-2023,CIUSSS de l'Ouest-de-l'Île-de-Montréal,0,5,9,672.9
2022-2023,CIUSSS de l'Ouest-de-l'Île-de-Montréal,0,6,4,163.0
2022-2023,CIUSSS de l'Ouest-de-l'Île-de-Montréal,0,6,5,1493.0
2022-2023,CIUSSS de l'Ouest-de-l'Île-de-Montréal,0,6,9,179.0
2022-2023,CIUSSS de l'Ouest-de-l'Île-de-Montréal,0,7,1,2.0
2022-2023,CIUSSS de l'Ouest-de-l'Île-de-Montréal,0,7,2,33.0
2022-2023,CIUSSS de l'Ouest-de-l'Île-de-Montréal,0,7,3,46.0
2022-2023,CIUSSS de l'Ouest-de-l'Île-de-Montréal,0,7,4,20.0
2022-2023,CIUSSS de l'Ouest-de-l'Île-de-Montréal,0,7,5,35.0
2022-2023,CIUSSS de l'Ouest-de-l'Île-de-Montréal,0,7,6,4.0
2022-2023,CIUSSS de l'Ouest-de-l'Île-de-Montréal,0,7,7,0.0
2022-2023,CIUSSS de l'Ouest-de-l'Île-de-Montréal,0,7,8,0.0
2022-2023,CIUSSS de l'Ouest-de-l'Île-de-Montréal,0,7,9,140.0
2022-2023,CIUSSS de l'Ouest-de-l'Île-de-Montréal,0,8,1,349.5
2022-2023,CIUSSS de l'Ouest-de-l'Île-de-Montréal,0,8,2,1175.0
2022-2023,CIUSSS de l'Ouest-de-l'Île-de-Montréal,0,8,3,1221.0
2022-2023,CIUSSS de l'Ouest-de-l'Île-de-Montréal,0,8,4,1605.0
2022-2023,CIUSSS de l'Ouest-de-l'Île-de-Montréal,0,8,5,2417.0
2022-2023,CIUSSS de l'Ouest-de-l'Île-de-Montréal,0,8,6,866.3
2022-2023,CIUSSS de l'Ouest-de-l'Île-de-Montréal,0,8,9,1541.0
2022-2023,CIUSSS de l'Ouest-de-l'Île-de-Montréal,0,9,1,349.5
2022-2023,CIUSSS de l'Ouest-de-l'Île-de-Montréal,0,9,2,839.0
2022-2023,CIUSSS de l'Ouest-de-l'Île-de-Montréal,0,9,3,915.5
2022-2023,CIUSSS de l'Ouest-de-l'Île-de-Montréal,0,9,4,746.0
2022-2023,CIUSSS de l'Ouest-de-l'Île-de-Montréal,0,9,5,1457.0
2022-2023,CIUSSS de l'Ouest-de-l'Île-de-Montréal,0,9,6,957.0
2022-2023,CIUSSS de l'Ouest-de-l'Île-de-Montréal,0,9,9,908.0
2022-2023,CIUSSS de l'Ouest-de-l'Île-de-Montréal,0,10,1,194.0
2022-2023,CIUSSS de l'Ouest-de-l'Île-de-Montréal,0,10,2,465.0
2022-2023,CIUSSS de l'Ouest-de-l'Île-de-Montréal,0,10,3,208.0
2022-2023,CIUSSS de l'Ouest-de-l'Île-de-Montréal,0,10,4,72.0
2022-2023,CIUSSS de l'Ouest-de-l'Île-de-Montréal,0,10,5,80.0
2022-2023,CIUSSS de l'Ouest-de-l'Île-de-Montréal,0,10,6,13.0
2022-2023,CIUSSS de l'Ouest-de-l'Île-de-Montréal,0,10,7,0.0
2022-2023,CIUSSS de l'Ouest-de-l'Île-de-Montréal,0,10,8,0.0
2022-2023,CIUSSS de l'Ouest-de-l'Île-de-Montréal,0,10,9,1032.0
2022-2023,CIUSSS de l'Ouest-de-l'Île-de-Montréal,0,11,1,292.0
2022-2023,CIUSSS de l'Ouest-de-l'Île-de-Montréal,0,11,2,744.9
2022-2023,CIUSSS de l'Ouest-de-l'Île-de-Montréal,0,11,3,1097.0
2022-2023,CIUSSS de l'Ouest-de-l'Île-de-Montréal,0,11,4,914.4
2022-2023,CIUSSS de l'Ouest-de-l'Île-de-Montréal,0,11,5,1245.0
2022-2023,CIUSSS de l'Ouest-de-l'Île-de-Montréal,0,11,6,1608.0
2022-2023,CIUSSS de l'Ouest-de-l'Île-de-Montréal,0,11,9,792.1
2022-2023,CIUSSS de l'Ouest-de-l'Île-de-Montréal,0,12,1,268.0
2022-2023,CIUSSS de l'Ouest-de-l'Île-de-Montréal,0,12,2,639.0
2022-2023,CIUSSS de l'Ouest-de-l'Île-de-Montréal,0,12,3,856.0
2022-2023,CIUSSS de l'Ouest-de-l'Île-de-Montréal,0,12,4,521.0
2022-2023,CIUSSS de l'Ouest-de-l'Île-de-Montréal,0,12,5,756.0
2022-2023,CIUSSS de l'Ouest-de-l'Île-de-Montréal,0,12,6,931.0
2022-2023,CIUSSS de l'Ouest-de-l'Île-de-Montréal,0,12,9,541.0
2022-2023,CIUSSS de l'Ouest-de-l'Île-de-Montréal,0,13,1,196.0
2022-2023,CIUSSS de l'Ouest-de-l'Île-de-Montréal,0,13,2,498.0
2022-2023,CIUSSS de l'Ouest-de-l'Île-de-Montréal,0,13,3,254.0
2022-2023,CIUSSS de l'Ouest-de-l'Île-de-Montréal,0,13,4,109.0
2022-2023,CIUSSS de l'Ouest-de-l'Île-de-Montréal,0,13,5,130.0
2022-2023,CIUSSS de l'Ouest-de-l'Île-de-Montréal,0,13,6,17.0
2022-2023,CIUSSS de l'Ouest-de-l'Île-de-Montréal,0,13,7,0.0
2022-2023,CIUSSS de l'Ouest-de-l'Île-de-Montréal,0,13,8,0.0
2022-2023,CIUSSS de l'Ouest-de-l'Île-de-Montréal,0,13,9,1204.0
2022-2023,CIUSSS de l'Ouest-de-l'Île-de-Montréal,0,14,1,292.6
2022-2023,CIUSSS de l'Ouest-de-l'Île-de-Montréal,0,14,2,773.4
2022-2023,CIUSSS de l'Ouest-de-l'Île-de-Montréal,0,14,3,1119.0
2022-2023,CIUSSS de l'Ouest-de-l'Île-de-Montréal,0,14,4,936.0
2022-2023,CIUSSS de l'Ouest-de-l'Île-de-Montréal,0,14,5,1574.0
2022-2023,CIUSSS de l'Ouest-de-l'Île-de-Montréal,0,14,6,1433.0
2022-2023,CIUSSS de l'Ouest-de-l'Île-de-Montréal,0,14,9,878.6
2022-2023,CIUSSS de l'Ouest-de-l'Île-de-Montréal,0,15,1,268.0
2022-2023,CIUSSS de l'Ouest-de-l'Île-de-Montréal,0,15,2,640.0
2022-2023,CIUSSS de l'Ouest-de-l'Île-de-Montréal,0,15,3,857.0
2022-2023,CIUSSS de l'Ouest-de-l'Île-de-Montréal,0,15,4,487.0
2022-2023,CIUSSS de l'Ouest-de-l'Île-de-Montréal,0,15,5,878.0
2022-2023,CIUSSS de l'Ouest-de-l'Île-de-Montréal,0,15,6,931.0
2022-2023,CIUSSS de l'Ouest-de-l'Île-de-Montréal,0,15,9,557.5
2022-2023,CIUSSS de la Capitale-Nationale,0,1,4,1.0
2022-2023,CIUSSS de la Capitale-Nationale,0,1,5,4.0
2022-2023,CIUSSS de la Capitale-Nationale,0,1,6,4.0
2022-2023,CIUSSS de la Capitale-Nationale,0,1,9,9.0
2022-2023,CIUSSS de la Capitale-Nationale,0,2,4,453.0
2022-2023,CIUSSS de la Capitale-Nationale,0,2,5,717.0
2022-2023,CIUSSS de la Capitale-Nationale,0,2,6,801.0
2022-2023,CIUSSS de la Capitale-Nationale,0,2,9,672.0
2022-2023,CIUSSS de la Capitale-Nationale,0,3,4,453.0
2022-2023,CIUSSS de la Capitale-Nationale,0,3,5,717.0
2022-2023,CIUSSS de la Capitale-Nationale,0,3,6,801.0
2022-2023,CIUSSS de la Capitale-Nationale,0,3,9,627.0
2022-2023,CIUSSS de la Capitale-Nationale,0,4,3,1.0
2022-2023,CIUSSS de la Capitale-Nationale,0,4,4,4.0
2022-2023,CIUSSS de la Capitale-Nationale,0,4,5,3.0
2022-2023,CIUSSS de la Capitale-Nationale,0,4,6,1.0
2022-2023,CIUSSS de la Capitale-Nationale,0,4,9,9.0
2022-2023,CIUSSS de la Capitale-Nationale,0,5,3,409.0
2022-2023,CIUSSS de la Capitale-Nationale,0,5,4,551.0
2022-2023,CIUSSS de la Capitale-Nationale,0,5,5,850.0
2022-2023,CIUSSS de la Capitale-Nationale,0,5,6,649.0
2022-2023,CIUSSS de la Capitale-Nationale,0,5,9,645.8
2022-2023,CIUSSS de la Capitale-Nationale,0,6,3,409.0
2022-2023,CIUSSS de la Capitale-Nationale,0,6,4,487.0
2022-2023,CIUSSS de la Capitale-Nationale,0,6,5,789.0
2022-2023,CIUSSS de la Capitale-Nationale,0,6,6,649.0
2022-2023,CIUSSS de la Capitale-Nationale,0,6,9,649.0
2022-2023,CIUSSS de la Capitale-Nationale,0,7,2,2.0
2022-2023,CIUSSS de la Capitale-Nationale,0,7,3,3.0
2022-2023,CIUSSS de la Capitale-Nationale,0,7,4,1.0
2022-2023,CIUSSS de la Capitale-Nationale,0,7,5,6.0
2022-2023,CIUSSS de la Capitale-Nationale,0,7,6,1.0
2022-2023,CIUSSS de la Capitale-Nationale,0,7,9,13.0
2022-2023,CIUSSS de la Capitale-Nationale,0,8,2,293.5
2022-2023,CIUSSS de la Capitale-Nationale,0,8,3,560.3
2022-2023,CIUSSS de la Capitale-Nationale,0,8,4,1093.0
2022-2023,CIUSSS de la Capitale-Nationale,0,8,5,1624.0
2022-2023,CIUSSS de la Capitale-Nationale,0,8,6,1209.0
2022-2023,CIUSSS de la Capitale-Nationale,0,8,9,1057.0
2022-2023,CIUSSS de la Capitale-Nationale,0,9,2,293.5
2022-2023,CIUSSS de la Capitale-Nationale,0,9,3,514.0
2022-2023,CIUSSS de la Capitale-Nationale,0,9,4,1093.0
2022-2023,CIUSSS de la Capitale-Nationale,0,9,5,1597.0
2022-2023,CIUSSS de la Capitale-Nationale,0,9,6,1209.0
2022-2023,CIUSSS de la Capitale-Nationale,0,9,9,880.5
2022-2023,CIUSSS de la Capitale-Nationale,0,10,1,50.0
2022-2023,CIUSSS de la Capitale-Nationale,0,10,2,68.0
2022-2023,CIUSSS de la Capitale-Nationale,0,10,3,108.0
2022-2023,CIUSSS de la Capitale-Nationale,0,10,4,31.0
2022-2023,CIUSSS de la Capitale-Nationale,0,10,5,24.0
2022-2023,CIUSSS de la Capitale-Nationale,0,10,6,7.0
2022-2023,CIUSSS de la Capitale-Nationale,0,10,9,288.0
2022-2023,CIUSSS de la Capitale-Nationale,0,11,1,113.6
2022-2023,CIUSSS de la Capitale-Nationale,0,11,2,770.9
2022-2023,CIUSSS de la Capitale-Nationale,0,11,3,974.4
2022-2023,CIUSSS de la Capitale-Nationale,0,11,4,913.5
2022-2023,CIUSSS de la Capitale-Nationale,0,11,5,272.0
2022-2023,CIUSSS de la Capitale-Nationale,0,11,6,160.1
2022-2023,CIUSSS de la Capitale-Nationale,0,11,9,699.4
2022-2023,CIUSSS de la Capitale-Nationale,0,12,1,93.0
2022-2023,CIUSSS de la Capitale-Nationale,0,12,2,1092.0
2022-2023,CIUSSS de la Capitale-Nationale,0,12,3,1095.0
2022-2023,CIUSSS de la Capitale-Nationale,0,12,4,1095.0
2022-2023,CIUSSS de la Capitale-Nationale,0,12,5,269.0
2022-2023,CIUSSS de la Capitale-Nationale,0,12,6,74.0
2022-2023,CIUSSS de la Capitale-Nationale,0,12,9,914.0
2022-2023,CIUSSS de la Capitale-Nationale,0,13,1,50.0
2022-2023,CIUSSS de la Capitale-Nationale,0,13,2,70.0
2022-2023,CIUSSS de la Capitale-Nationale,0,13,3,112.0
2022-2023,CIUSSS de la Capitale-Nationale,0,13,4,37.0
2022-2023,CIUSSS de la Capitale-Nationale,0,13,5,37.0
2022-2023,CIUSSS de la Capitale-Nationale,0,13,6,13.0
2022-2023,CIUSSS de la Capitale-Nationale,0,13,9,319.0
2022-2023,CIUSSS de la Capitale-Nationale,0,14,1,113.6
2022-2023,CIUSSS de la Capitale-Nationale,0,14,2,757.1
2022-2023,CIUSSS de la Capitale-Nationale,0,14,3,958.3
2022-2023,CIUSSS de la Capitale-Nationale,0,14,4,866.7
2022-2023,CIUSSS de la Capitale-Nationale,0,14,5,556.5
2022-2023,CIUSSS de la Capitale-Nationale,0,14,6,378.0
2022-2023,CIUSSS de la Capitale-Nationale,0,14,9,711.4
2022-2023,CIUSSS de la Capitale-Nationale,0,15,1,93.0
2022-2023,CIUSSS de la Capitale-Nationale,0,15,2,914.0
2022-2023,CIUSSS de la Capitale-Nationale,0,15,3,1095.0
2022-2023,CIUSSS de la Capitale-Nationale,0,15,4,1095.0
2022-2023,CIUSSS de la Capitale-Nationale,0,15,5,332.0
2022-2023,CIUSSS de la Capitale-Nationale,0,15,6,178.0
2022-2023,CIUSSS de la Capitale-Nationale,0,15,9,899.0
2022-2023,CIUSSS de la Mauricie-et-du-Centre-du-Québec,0,1,3,1.0
2022-2023,CIUSSS de la Mauricie-et-du-Centre-du-Québec,0,1,4,3.0
2022-2023,CIUSSS de la Mauricie-et-du-Centre-du-Québec,0,1,5,3.0
2022-2023,CIUSSS de la Mauricie-et-du-Centre-du-Québec,0,1,9,7.0
2022-2023,CIUSSS de la Mauricie-et-du-Centre-du-Québec,0,2,3,45.0
2022-2023,CIUSSS de la Mauricie-et-du-Centre-du-Québec,0,2,4,99.0
2022-2023,CIUSSS de la Mauricie-et-du-Centre-du-Québec,0,2,5,44.0
2022-2023,CIUSSS de la Mauricie-et-du-Centre-du-Québec,0,2,9,68.0
2022-2023,CIUSSS de la Mauricie-et-du-Centre-du-Québec,0,3,3,45.0
2022-2023,CIUSSS de la Mauricie-et-du-Centre-du-Québec,0,3,4,29.0
2022-2023,CIUSSS de la Mauricie-et-du-Centre-du-Québec,0,3,5,36.0
2022-2023,CIUSSS de la Mauricie-et-du-Centre-du-Québec,0,3,9,36.0
2022-2023,CIUSSS de la Mauricie-et-du-Centre-du-Québec,0,4,3,19.0
2022-2023,CIUSSS de la Mauricie-et-du-Centre-du-Québec,0,4,4,16.0
2022-2023,CIUSSS de la Mauricie-et-du-Centre-du-Québec,0,4,5,6.0
2022-2023,CIUSSS de la Mauricie-et-du-Centre-du-Québec,0,4,9,41.0
2022-2023,CIUSSS de la Mauricie-et-du-Centre-du-Québec,0,5,3,109.0
2022-2023,CIUSSS de la Mauricie-et-du-Centre-du-Québec,0,5,4,116.0
2022-2023,CIUSSS de la Mauricie-et-du-Centre-du-Québec,0,5,5,112.0
2022-2023,CIUSSS de la Mauricie-et-du-Centre-du-Québec,0,5,9,112.0
2022-2023,CIUSSS de la Mauricie-et-du-Centre-du-Québec,0,6,3,45.0
2022-2023,CIUSSS de la Mauricie-et-du-Centre-du-Québec,0,6,4,45.0
2022-2023,CIUSSS de la Mauricie-et-du-Centre-du-Québec,0,6,5,79.0
2022-2023,CIUSSS de la Mauricie-et-du-Centre-du-Québec,0,6,9,45.0
2022-2023,CIUSSS de la Mauricie-et-du-Centre-du-Québec,0,7,2,1.0
2022-2023,CIUSSS de la Mauricie-et-du-Centre-du-Québec,0,7,3,3.0
2022-2023,CIUSSS de la Mauricie-et-du-Centre-du-Québec,0,7,4,1.0
2022-2023,CIUSSS de la Mauricie-et-du-Centre-du-Québec,0,7,5,2.0
2022-2023,CIUSSS de la Mauricie-et-du-Centre-du-Québec,0,7,9,7.0
2022-2023,CIUSSS de la Mauricie-et-du-Centre-du-Québec,0,8,2,921.0
2022-2023,CIUSSS de la Mauricie-et-du-Centre-du-Québec,0,8,3,1664.0
2022-2023,CIUSSS de la Mauricie-et-du-Centre-du-Québec,0,8,4,989.0
2022-2023,CIUSSS de la Mauricie-et-du-Centre-du-Québec,0,8,5,278.0
2022-2023,CIUSSS de la Mauricie-et-du-Centre-du-Québec,0,8,9,1065.0
2022-2023,CIUSSS de la Mauricie-et-du-Centre-du-Québec,0,9,2,921.0
2022-2023,CIUSSS de la Mauricie-et-du-Centre-du-Québec,0,9,3,1965.0
2022-2023,CIUSSS de la Mauricie-et-du-Centre-du-Québec,0,9,4,989.0
2022-2023,CIUSSS de la Mauricie-et-du-Centre-du-Québec,0,9,5,278.0
2022-2023,CIUSSS de la Mauricie-et-du-Centre-du-Québec,0,9,9,921.0
2022-2023,CIUSSS de la Mauricie-et-du-Centre-du-Québec,0,10,1,32.0
2022-2023,CIUSSS de la Mauricie-et-du-Centre-du-Québec,0,10,2,233.0
2022-2023,CIUSSS de la Mauricie-et-du-Centre-du-Québec,0,10,3,109.0
2022-2023,CIUSSS de la Mauricie-et-du-Centre-du-Québec,0,10,4,29.0
2022-2023,CIUSSS de la Mauricie-et-du-Centre-du-Québec,0,10,5,35.0
2022-2023,CIUSSS de la Mauricie-et-du-Centre-du-Québec,0,10,6,6.0
2022-2023,CIUSSS de la Mauricie-et-du-Centre-du-Québec,0,10,9,444.0
2022-2023,CIUSSS de la Mauricie-et-du-Centre-du-Québec,0,11,1,102.0
2022-2023,CIUSSS de la Mauricie-et-du-Centre-du-Québec,0,11,2,152.0
2022-2023,CIUSSS de la Mauricie-et-du-Centre-du-Québec,0,11,3,171.0
2022-2023,CIUSSS de la Mauricie-et-du-Centre-du-Québec,0,11,4,134.0
2022-2023,CIUSSS de la Mauricie-et-du-Centre-du-Québec,0,11,5,343.0
2022-2023,CIUSSS de la Mauricie-et-du-Centre-du-Québec,0,11,6,89.0
2022-2023,CIUSSS de la Mauricie-et-du-Centre-du-Québec,0,11,9,166.0
2022-2023,CIUSSS de la Mauricie-et-du-Centre-du-Québec,0,12,1,48.0
2022-2023,CIUSSS de la Mauricie-et-du-Centre-du-Québec,0,12,2,103.0
2022-2023,CIUSSS de la Mauricie-et-du-Centre-du-Québec,0,12,3,124.0
2022-2023,CIUSSS de la Mauricie-et-du-Centre-du-Québec,0,12,4,114.0
2022-2023,CIUSSS de la Mauricie-et-du-Centre-du-Québec,0,12,5,200.0
2022-2023,CIUSSS de la Mauricie-et-du-Centre-du-Québec,0,12,6,67.0
2022-2023,CIUSSS de la Mauricie-et-du-Centre-du-Québec,0,12,9,113.0
2022-2023,CIUSSS de la Mauricie-et-du-Centre-du-Québec,0,13,1,32.0
2022-2023,CIUSSS de la Mauricie-et-du-Centre-du-Québec,0,13,2,234.0
2022-2023,CIUSSS de la Mauricie-et-du-Centre-du-Québec,0,13,3,132.0
2022-2023,CIUSSS de la Mauricie-et-du-Centre-du-Québec,0,13,4,49.0
2022-2023,CIUSSS de la Mauricie-et-du-Centre-du-Québec,0,13,5,46.0
2022-2023,CIUSSS de la Mauricie-et-du-Centre-du-Québec,0,13,6,6.0
2022-2023,CIUSSS de la Mauricie-et-du-Centre-du-Québec,0,13,9,499.0
2022-2023,CIUSSS de la Mauricie-et-du-Centre-du-Québec,0,14,1,102.0
2022-2023,CIUSSS de la Mauricie-et-du-Centre-du-Québec,0,14,2,155.0
2022-2023,CIUSSS de la Mauricie-et-du-Centre-du-Québec,0,14,3,195.0
2022-2023,CIUSSS de la Mauricie-et-du-Centre-du-Québec,0,14,4,143.0
2022-2023,CIUSSS de la Mauricie-et-du-Centre-du-Québec,0,14,5,290.0
2022-2023,CIUSSS de la Mauricie-et-du-Centre-du-Québec,0,14,6,89.0
2022-2023,CIUSSS de la Mauricie-et-du-Centre-du-Québec,0,14,9,173.0
2022-2023,CIUSSS de la Mauricie-et-du-Centre-du-Québec,0,15,1,48.0
2022-2023,CIUSSS de la Mauricie-et-du-Centre-du-Québec,0,15,2,105.0
2022-2023,CIUSSS de la Mauricie-et-du-Centre-du-Québec,0,15,3,110.0
2022-2023,CIUSSS de la Mauricie-et-du-Centre-du-Québec,0,15,4,64.0
2022-2023,CIUSSS de la Mauricie-et-du-Centre-du-Québec,0,15,5,172.0
2022-2023,CIUSSS de la Mauricie-et-du-Centre-du-Québec,0,15,6,67.0
2022-2023,CIUSSS de la Mauricie-et-du-Centre-du-Québec,0,15,9,102.0
2022-2023,CIUSSS du Centre-Ouest-de-l'Île-de-Montréal,0,1,1,0.0
2022-2023,CIUSSS du Centre-Ouest-de-l'Île-de-Montréal,0,1,2,0.0
2022-2023,CIUSSS du Centre-Ouest-de-l'Île-de-Montréal,0,1,3,0.0
2022-2023,CIUSSS du Centre-Ouest-de-l'Île-de-Montréal,0,1,4,7.0
2022-2023,CIUSSS du Centre-Ouest-de-l'Île-de-Montréal,0,1,5,10.0
2022-2023,CIUSSS du Centre-Ouest-de-l'Île-de-Montréal,0,1,6,3.0
2022-2023,CIUSSS du Centre-Ouest-de-l'Île-de-Montréal,0,1,7,1.0
2022-2023,CIUSSS du Centre-Ouest-de-l'Île-de-Montréal,0,1,8,0.0
2022-2023,CIUSSS du Centre-Ouest-de-l'Île-de-Montréal,0,1,9,21.0
2022-2023,CIUSSS du Centre-Ouest-de-l'Île-de-Montréal,0,2,4,287.0
2022-2023,CIUSSS du Centre-Ouest-de-l'Île-de-Montréal,0,2,5,949.0
2022-2023,CIUSSS du Centre-Ouest-de-l'Île-de-Montréal,0,2,6,1461.0
2022-2023,CIUSSS du Centre-Ouest-de-l'Île-de-Montréal,0,2,7,4121.0
2022-2023,CIUSSS du Centre-Ouest-de-l'Île-de-Montréal,0,2,9,953.0
2022-2023,CIUSSS du Centre-Ouest-de-l'Île-de-Montréal,0,3,4,33.0
2022-2023,CIUSSS du Centre-Ouest-de-l'Île-de-Montréal,0,3,5,966.0
2022-2023,CIUSSS du Centre-Ouest-de-l'Île-de-Montréal,0,3,6,387.0
2022-2023,CIUSSS du Centre-Ouest-de-l'Île-de-Montréal,0,3,7,4121.0
2022-2023,CIUSSS du Centre-Ouest-de-l'Île-de-Montréal,0,3,9,645.0
2022-2023,CIUSSS du Centre-Ouest-de-l'Île-de-Montréal,0,4,1,0.0
2022-2023,CIUSSS du Centre-Ouest-de-l'Île-de-Montréal,0,4,2,0.0
2022-2023,CIUSSS du Centre-Ouest-de-l'Île-de-Montréal,0,4,3,0.0
2022-2023,CIUSSS du Centre-Ouest-de-l'Île-de-Montréal,0,4,4,5.0
2022-2023,CIUSSS du Centre-Ouest-de-l'Île-de-Montréal,0,4,5,28.0
2022-2023,CIUSSS du Centre-Ouest-de-l'Île-de-Montréal,0,4,6,3.0
2022-2023,CIUSSS du Centre-Ouest-de-l'Île-de-Montréal,0,4,7,0.0
2022-2023,CIUSSS du Centre-Ouest-de-l'Île-de-Montréal,0,4,8,0.0
2022-2023,CIUSSS du Centre-Ouest-de-l'Île-de-Montréal,0,4,9,36.0
2022-2023,CIUSSS du Centre-Ouest-de-l'Île-de-Montréal,0,5,4,347.0
2022-2023,CIUSSS du Centre-Ouest-de-l'Île-de-Montréal,0,5,5,420.0
2022-2023,CIUSSS du Centre-Ouest-de-l'Île-de-Montréal,0,5,6,354.0
2022-2023,CIUSSS du Centre-Ouest-de-l'Île-de-Montréal,0,5,9,404.0
2022-2023,CIUSSS du Centre-Ouest-de-l'Île-de-Montréal,0,6,4,311.0
2022-2023,CIUSSS du Centre-Ouest-de-l'Île-de-Montréal,0,6,5,198.0
2022-2023,CIUSSS du Centre-Ouest-de-l'Île-de-Montréal,0,6,6,232.0
2022-2023,CIUSSS du Centre-Ouest-de-l'Île-de-Montréal,0,6,9,233.0
2022-2023,CIUSSS du Centre-Ouest-de-l'Île-de-Montréal,0,7,1,5.0
2022-2023,CIUSSS du Centre-Ouest-de-l'Île-de-Montréal,0,7,2,34.0
2022-2023,CIUSSS du Centre-Ouest-de-l'Île-de-Montréal,0,7,3,20.0
2022-2023,CIUSSS du Centre-Ouest-de-l'Île-de-Montréal,0,7,4,7.0
2022-2023,CIUSSS du Centre-Ouest-de-l'Île-de-Montréal,0,7,5,29.0
2022-2023,CIUSSS du Centre-Ouest-de-l'Île-de-Montréal,0,7,6,0.0
2022-2023,CIUSSS du Centre-Ouest-de-l'Île-de-Montréal,0,7,7,0.0
2022-2023,CIUSSS du Centre-Ouest-de-l'Île-de-Montréal,0,7,8,0.0
2022-2023,CIUSSS du Centre-Ouest-de-l'Île-de-Montréal,0,7,9,95.0
2022-2023,CIUSSS du Centre-Ouest-de-l'Île-de-Montréal,0,8,1,422.0
2022-2023,CIUSSS du Centre-Ouest-de-l'Île-de-Montréal,0,8,2,533.0
2022-2023,CIUSSS du Centre-Ouest-de-l'Île-de-Montréal,0,8,3,402.0
2022-2023,CIUSSS du Centre-Ouest-de-l'Île-de-Montréal,0,8,4,1005.0
2022-2023,CIUSSS du Centre-Ouest-de-l'Île-de-Montréal,0,8,5,1081.0
2022-2023,CIUSSS du Centre-Ouest-de-l'Île-de-Montréal,0,8,9,702.0
2022-2023,CIUSSS du Centre-Ouest-de-l'Île-de-Montréal,0,9,1,267.0
2022-2023,CIUSSS du Centre-Ouest-de-l'Île-de-Montréal,0,9,2,363.0
2022-2023,CIUSSS du Centre-Ouest-de-l'Île-de-Montréal,0,9,3,235.0
2022-2023,CIUSSS du Centre-Ouest-de-l'Île-de-Montréal,0,9,4,1268.0
2022-2023,CIUSSS du Centre-Ouest-de-l'Île-de-Montréal,0,9,5,928.0
2022-2023,CIUSSS du Centre-Ouest-de-l'Île-de-Montréal,0,9,9,526.0
2022-2023,CIUSSS du Centre-Ouest-de-l'Île-de-Montréal,0,10,1,192.0
2022-2023,CIUSSS du Centre-Ouest-de-l'Île-de-Montréal,0,10,2,316.0
2022-2023,CIUSSS du Centre-Ouest-de-l'Île-de-Montréal,0,10,3,141.0
2022-2023,CIUSSS du Centre-Ouest-de-l'Île-de-Montréal,0,10,4,32.0
2022-2023,CIUSSS du Centre-Ouest-de-l'Île-de-Montréal,0,10,5,53.0
2022-2023,CIUSSS du Centre-Ouest-de-l'Île-de-Montréal,0,10,6,5.0
2022-2023,CIUSSS du Centre-Ouest-de-l'Île-de-Montréal,0,10,7,0.0
2022-2023,CIUSSS du Centre-Ouest-de-l'Île-de-Montréal,0,10,8,0.0
2022-2023,CIUSSS du Centre-Ouest-de-l'Île-de-Montréal,0,10,9,739.0
2022-2023,CIUSSS du Centre-Ouest-de-l'Île-de-Montréal,0,11,1,164.0
2022-2023,CIUSSS du Centre-Ouest-de-l'Île-de-Montréal,0,11,2,497.0
2022-2023,CIUSSS du Centre-Ouest-de-l'Île-de-Montréal,0,11,3,605.0
2022-2023,CIUSSS du Centre-Ouest-de-l'Île-de-Montréal,0,11,4,611.0
2022-2023,CIUSSS du Centre-Ouest-de-l'Île-de-Montréal,0,11,5,297.0
2022-2023,CIUSSS du Centre-Ouest-de-l'Île-de-Montréal,0,11,6,211.0
2022-2023,CIUSSS du Centre-Ouest-de-l'Île-de-Montréal,0,11,9,420.0
2022-2023,CIUSSS du Centre-Ouest-de-l'Île-de-Montréal,0,12,1,123.0
2022-2023,CIUSSS du Centre-Ouest-de-l'Île-de-Montréal,0,12,2,332.0
2022-2023,CIUSSS du Centre-Ouest-de-l'Île-de-Montréal,0,12,3,439.0
2022-2023,CIUSSS du Centre-Ouest-de-l'Île-de-Montréal,0,12,4,493.0
2022-2023,CIUSSS du Centre-Ouest-de-l'Île-de-Montréal,0,12,5,195.0
2022-2023,CIUSSS du Centre-Ouest-de-l'Île-de-Montréal,0,12,6,172.0
2022-2023,CIUSSS du Centre-Ouest-de-l'Île-de-Montréal,0,12,9,282.0
2022-2023,CIUSSS du Centre-Ouest-de-l'Île-de-Montréal,0,13,1,197.0
2022-2023,CIUSSS du Centre-Ouest-de-l'Île-de-Montréal,0,13,2,350.0
2022-2023,CIUSSS du Centre-Ouest-de-l'Île-de-Montréal,0,13,3,161.0
2022-2023,CIUSSS du Centre-Ouest-de-l'Île-de-Montréal,0,13,4,51.0
2022-2023,CIUSSS du Centre-Ouest-de-l'Île-de-Montréal,0,13,5,120.0
2022-2023,CIUSSS du Centre-Ouest-de-l'Île-de-Montréal,0,13,6,11.0
2022-2023,CIUSSS du Centre-Ouest-de-l'Île-de-Montréal,0,13,7,1.0
2022-2023,CIUSSS du Centre-Ouest-de-l'Île-de-Montréal,0,13,8,0.0
2022-2023,CIUSSS du Centre-Ouest-de-l'Île-de-Montréal,0,13,9,891.0
2022-2023,CIUSSS du Centre-Ouest-de-l'Île-de-Montréal,0,14,1,171.0
2022-2023,CIUSSS du Centre-Ouest-de-l'Île-de-Montréal,0,14,2,500.0
2022-2023,CIUSSS du Centre-Ouest-de-l'Île-de-Montréal,0,14,3,580.0
2022-2023,CIUSSS du Centre-Ouest-de-l'Île-de-Montréal,0,14,4,595.0
2022-2023,CIUSSS du Centre-Ouest-de-l'Île-de-Montréal,0,14,5,572.0
2022-2023,CIUSSS du Centre-Ouest-de-l'Île-de-Montréal,0,14,6,629.0
2022-2023,CIUSSS du Centre-Ouest-de-l'Île-de-Montréal,0,14,7,4121.0
2022-2023,CIUSSS du Centre-Ouest-de-l'Île-de-Montréal,0,14,9,462.0
2022-2023,CIUSSS du Centre-Ouest-de-l'Île-de-Montréal,0,15,1,123.0
2022-2023,CIUSSS du Centre-Ouest-de-l'Île-de-Montréal,0,15,2,332.0
2022-2023,CIUSSS du Centre-Ouest-de-l'Île-de-Montréal,0,15,3,428.0
2022-2023,CIUSSS du Centre-Ouest-de-l'Île-de-Montréal,0,15,4,485.0
2022-2023,CIUSSS du Centre-Ouest-de-l'Île-de-Montréal,0,15,5,333.0
2022-2023,CIUSSS du Centre-Ouest-de-l'Île-de-Montréal,0,15,6,205.0
2022-2023,CIUSSS du Centre-Ouest-de-l'Île-de-Montréal,0,15,7,4121.0
2022-2023,CIUSSS du Centre-Ouest-de-l'Île-de-Montréal,0,15,9,298.0
2022-2023,CIUSSS du Centre-Sud-de-l'Île-de-Montréal,0,1,4,11.0
2022-2023,CIUSSS du Centre-Sud-de-l'Île-de-Montréal,0,1,5,30.0
2022-2023,CIUSSS du Centre-Sud-de-l'Île-de-Montréal,0,1,6,4.0
2022-2023,CIUSSS du Centre-Sud-de-l'Île-de-Montréal,0,1,9,45.0
2022-2023,CIUSSS du Centre-Sud-de-l'Île-de-Montréal,0,2,4,464.2
2022-2023,CIUSSS du Centre-Sud-de-l'Île-de-Montréal,0,2,5,1627.0
2022-2023,CIUSSS du Centre-Sud-de-l'Île-de-Montréal,0,2,6,2023.0
2022-2023,CIUSSS du Centre-Sud-de-l'Île-de-Montréal,0,2,9,1378.0
2022-2023,CIUSSS du Centre-Sud-de-l'Île-de-Montréal,0,3,4,243.0
2022-2023,CIUSSS du Centre-Sud-de-l'Île-de-Montréal,0,3,5,1585.0
2022-2023,CIUSSS du Centre-Sud-de-l'Île-de-Montréal,0,3,6,1175.0
2022-2023,CIUSSS du Centre-Sud-de-l'Île-de-Montréal,0,3,9,953.0
2022-2023,CIUSSS du Centre-Sud-de-l'Île-de-Montréal,0,4,3,1.0
2022-2023,CIUSSS du Centre-Sud-de-l'Île-de-Montréal,0,4,4,23.0
2022-2023,CIUSSS du Centre-Sud-de-l'Île-de-Montréal,0,4,5,74.0
2022-2023,CIUSSS du Centre-Sud-de-l'Île-de-Montréal,0,4,6,7.0
2022-2023,CIUSSS du Centre-Sud-de-l'Île-de-Montréal,0,4,9,105.0
2022-2023,CIUSSS du Centre-Sud-de-l'Île-de-Montréal,0,5,3,1.0
2022-2023,CIUSSS du Centre-Sud-de-l'Île-de-Montréal,0,5,4,452.3
2022-2023,CIUSSS du Centre-Sud-de-l'Île-de-Montréal,0,5,5,1510.0
2022-2023,CIUSSS du Centre-Sud-de-l'Île-de-Montréal,0,5,6,1689.0
2022-2023,CIUSSS du Centre-Sud-de-l'Île-de-Montréal,0,5,9,1276.0
2022-2023,CIUSSS du Centre-Sud-de-l'Île-de-Montréal,0,6,3,12.0
2022-2023,CIUSSS du Centre-Sud-de-l'Île-de-Montréal,0,6,4,435.0
2022-2023,CIUSSS du Centre-Sud-de-l'Île-de-Montréal,0,6,5,1277.0
2022-2023,CIUSSS du Centre-Sud-de-l'Île-de-Montréal,0,6,6,1234.0
2022-2023,CIUSSS du Centre-Sud-de-l'Île-de-Montréal,0,6,9,906.0
2022-2023,CIUSSS du Centre-Sud-de-l'Île-de-Montréal,0,7,2,11.0
2022-2023,CIUSSS du Centre-Sud-de-l'Île-de-Montréal,0,7,3,11.0
2022-2023,CIUSSS du Centre-Sud-de-l'Île-de-Montréal,0,7,4,4.0
2022-2023,CIUSSS du Centre-Sud-de-l'Île-de-Montréal,0,7,5,35.0
2022-2023,CIUSSS du Centre-Sud-de-l'Île-de-Montréal,0,7,6,1.0
2022-2023,CIUSSS du Centre-Sud-de-l'Île-de-Montréal,0,7,7,1.0
2022-2023,CIUSSS du Centre-Sud-de-l'Île-de-Montréal,0,7,9,63.0
2022-2023,CIUSSS du Centre-Sud-de-l'Île-de-Montréal,0,8,2,800.9
2022-2023,CIUSSS du Centre-Sud-de-l'Île-de-Montréal,0,8,3,708.3
2022-2023,CIUSSS du Centre-Sud-de-l'Île-de-Montréal,0,8,4,1035.0
2022-2023,CIUSSS du Centre-Sud-de-l'Île-de-Montréal,0,8,5,2202.0
2022-2023,CIUSSS du Centre-Sud-de-l'Île-de-Montréal,0,8,6,2017.0
2022-2023,CIUSSS du Centre-Sud-de-l'Île-de-Montréal,0,8,7,3425.0
2022-2023,CIUSSS du Centre-Sud-de-l'Île-de-Montréal,0,8,9,1639.0
2022-2023,CIUSSS du Centre-Sud-de-l'Île-de-Montréal,0,9,2,422.0
2022-2023,CIUSSS du Centre-Sud-de-l'Île-de-Montréal,0,9,3,206.0
2022-2023,CIUSSS du Centre-Sud-de-l'Île-de-Montréal,0,9,4,1134.0
2022-2023,CIUSSS du Centre-Sud-de-l'Île-de-Montréal,0,9,5,1798.0
2022-2023,CIUSSS du Centre-Sud-de-l'Île-de-Montréal,0,9,6,2017.0
2022-2023,CIUSSS du Centre-Sud-de-l'Île-de-Montréal,0,9,7,3425.0
2022-2023,CIUSSS du Centre-Sud-de-l'Île-de-Montréal,0,9,9,1318.0
2022-2023,CIUSSS du Centre-Sud-de-l'Île-de-Montréal,0,10,1,464.0
2022-2023,CIUSSS du Centre-Sud-de-l'Île-de-Montréal,0,10,2,425.0
2022-2023,CIUSSS du Centre-Sud-de-l'Île-de-Montréal,0,10,3,98.0
2022-2023,CIUSSS du Centre-Sud-de-l'Île-de-Montréal,0,10,4,34.0
2022-2023,CIUSSS du Centre-Sud-de-l'Île-de-Montréal,0,10,5,88.0
2022-2023,CIUSSS du Centre-Sud-de-l'Île-de-Montréal,0,10,6,7.0
2022-2023,CIUSSS du Centre-Sud-de-l'Île-de-Montréal,0,10,7,2.0
2022-2023,CIUSSS du Centre-Sud-de-l'Île-de-Montréal,0,10,9,1118.0
2022-2023,CIUSSS du Centre-Sud-de-l'Île-de-Montréal,0,11,1,166.2
2022-2023,CIUSSS du Centre-Sud-de-l'Île-de-Montréal,0,11,2,500.9
2022-2023,CIUSSS du Centre-Sud-de-l'Île-de-Montréal,0,11,3,541.8
2022-2023,CIUSSS du Centre-Sud-de-l'Île-de-Montréal,0,11,4,448.9
2022-2023,CIUSSS du Centre-Sud-de-l'Île-de-Montréal,0,11,5,749.4
2022-2023,CIUSSS du Centre-Sud-de-l'Île-de-Montréal,0,11,6,794.3
2022-2023,CIUSSS du Centre-Sud-de-l'Île-de-Montréal,0,11,7,1093.0
2022-2023,CIUSSS du Centre-Sud-de-l'Île-de-Montréal,0,11,9,386.4
2022-2023,CIUSSS du Centre-Sud-de-l'Île-de-Montréal,0,12,1,164.0
2022-2023,CIUSSS du Centre-Sud-de-l'Île-de-Montréal,0,12,2,275.0
2022-2023,CIUSSS du Centre-Sud-de-l'Île-de-Montréal,0,12,3,419.5
2022-2023,CIUSSS du Centre-Sud-de-l'Île-de-Montréal,0,12,4,279.5
2022-2023,CIUSSS du Centre-Sud-de-l'Île-de-Montréal,0,12,5,565.0
2022-2023,CIUSSS du Centre-Sud-de-l'Île-de-Montréal,0,12,6,448.0
2022-2023,CIUSSS du Centre-Sud-de-l'Île-de-Montréal,0,12,7,1093.0
2022-2023,CIUSSS du Centre-Sud-de-l'Île-de-Montréal,0,12,9,193.0
2022-2023,CIUSSS du Centre-Sud-de-l'Île-de-Montréal,0,13,1,464.0
2022-2023,CIUSSS du Centre-Sud-de-l'Île-de-Montréal,0,13,2,436.0
2022-2023,CIUSSS du Centre-Sud-de-l'Île-de-Montréal,0,13,3,110.0
2022-2023,CIUSSS du Centre-Sud-de-l'Île-de-Montréal,0,13,4,72.0
2022-2023,CIUSSS du Centre-Sud-de-l'Île-de-Montréal,0,13,5,227.0
2022-2023,CIUSSS du Centre-Sud-de-l'Île-de-Montréal,0,13,6,19.0
2022-2023,CIUSSS du Centre-Sud-de-l'Île-de-Montréal,0,13,7,3.0
2022-2023,CIUSSS du Centre-Sud-de-l'Île-de-Montréal,0,13,9,1331.0
2022-2023,CIUSSS du Centre-Sud-de-l'Île-de-Montréal,0,14,1,166.2
2022-2023,CIUSSS du Centre-Sud-de-l'Île-de-Montréal,0,14,2,508.4
2022-2023,CIUSSS du Centre-Sud-de-l'Île-de-Montréal,0,14,3,553.7
2022-2023,CIUSSS du Centre-Sud-de-l'Île-de-Montréal,0,14,4,484.9
2022-2023,CIUSSS du Centre-Sud-de-l'Île-de-Montréal,0,14,5,1337.0
2022-2023,CIUSSS du Centre-Sud-de-l'Île-de-Montréal,0,14,6,1447.0
2022-2023,CIUSSS du Centre-Sud-de-l'Île-de-Montréal,0,14,7,1870.0
2022-2023,CIUSSS du Centre-Sud-de-l'Île-de-Montréal,0,14,9,549.4
2022-2023,CIUSSS du Centre-Sud-de-l'Île-de-Montréal,0,15,1,164.0
2022-2023,CIUSSS du Centre-Sud-de-l'Île-de-Montréal,0,15,2,280.5
2022-2023,CIUSSS du Centre-Sud-de-l'Île-de-Montréal,0,15,3,383.0
2022-2023,CIUSSS du Centre-Sud-de-l'Île-de-Montréal,0,15,4,402.5
2022-2023,CIUSSS du Centre-Sud-de-l'Île-de-Montréal,0,15,5,1020.0
2022-2023,CIUSSS du Centre-Sud-de-l'Île-de-Montréal,0,15,6,689.0
2022-2023,CIUSSS du Centre-Sud-de-l'Île-de-Montréal,0,15,7,2050.0
2022-2023,CIUSSS du Centre-Sud-de-l'Île-de-Montréal,0,15,9,204.0
2022-2023,CIUSSS du Saguenay  Lac-Saint-Jean,0,1,1,0.0
2022-2023,CIUSSS du Saguenay  Lac-Saint-Jean,0,1,2,0.0
2022-2023,CIUSSS du Saguenay  Lac-Saint-Jean,0,1,3,1.0
2022-2023,CIUSSS du Saguenay  Lac-Saint-Jean,0,1,4,3.0
2022-2023,CIUSSS du Saguenay  Lac-Saint-Jean,0,1,5,1.0
2022-2023,CIUSSS du Saguenay  Lac-Saint-Jean,0,1,6,0.0
2022-2023,CIUSSS du Saguenay  Lac-Saint-Jean,0,1,7,0.0
2022-2023,CIUSSS du Saguenay  Lac-Saint-Jean,0,1,8,0.0
2022-2023,CIUSSS du Saguenay  Lac-Saint-Jean,0,1,9,5.0
2022-2023,CIUSSS du Saguenay  Lac-Saint-Jean,0,2,3,163.0
2022-2023,CIUSSS du Saguenay  Lac-Saint-Jean,0,2,4,70.33
2022-2023,CIUSSS du Saguenay  Lac-Saint-Jean,0,2,5,83.0
2022-2023,CIUSSS du Saguenay  Lac-Saint-Jean,0,2,9,91.4
2022-2023,CIUSSS du Saguenay  Lac-Saint-Jean,0,3,3,163.0
2022-2023,CIUSSS du Saguenay  Lac-Saint-Jean,0,3,4,66.0
2022-2023,CIUSSS du Saguenay  Lac-Saint-Jean,0,3,5,83.0
2022-2023,CIUSSS du Saguenay  Lac-Saint-Jean,0,3,9,83.0
2022-2023,CIUSSS du Saguenay  Lac-Saint-Jean,0,4,1,0.0
2022-2023,CIUSSS du Saguenay  Lac-Saint-Jean,0,4,2,0.0
2022-2023,CIUSSS du Saguenay  Lac-Saint-Jean,0,4,3,2.0
2022-2023,CIUSSS du Saguenay  Lac-Saint-Jean,0,4,4,4.0
2022-2023,CIUSSS du Saguenay  Lac-Saint-Jean,0,4,5,2.0
2022-2023,CIUSSS du Saguenay  Lac-Saint-Jean,0,4,6,0.0
2022-2023,CIUSSS du Saguenay  Lac-Saint-Jean,0,4,7,0.0
2022-2023,CIUSSS du Saguenay  Lac-Saint-Jean,0,4,8,0.0
2022-2023,CIUSSS du Saguenay  Lac-Saint-Jean,0,4,9,8.0
2022-2023,CIUSSS du Saguenay  Lac-Saint-Jean,0,5,3,118.5
2022-2023,CIUSSS du Saguenay  Lac-Saint-Jean,0,5,4,163.3
2022-2023,CIUSSS du Saguenay  Lac-Saint-Jean,0,5,5,60.0
2022-2023,CIUSSS du Saguenay  Lac-Saint-Jean,0,5,9,126.3
2022-2023,CIUSSS du Saguenay  Lac-Saint-Jean,0,6,3,118.5
2022-2023,CIUSSS du Saguenay  Lac-Saint-Jean,0,6,4,175.5
2022-2023,CIUSSS du Saguenay  Lac-Saint-Jean,0,6,5,60.0
2022-2023,CIUSSS du Saguenay  Lac-Saint-Jean,0,6,9,88.5
2022-2023,CIUSSS du Saguenay  Lac-Saint-Jean,0,7,1,0.0
2022-2023,CIUSSS du Saguenay  Lac-Saint-Jean,0,7,2,0.0
2022-2023,CIUSSS du Saguenay  Lac-Saint-Jean,0,7,3,1.0
2022-2023,CIUSSS du Saguenay  Lac-Saint-Jean,0,7,4,1.0
2022-2023,CIUSSS du Saguenay  Lac-Saint-Jean,0,7,5,7.0
2022-2023,CIUSSS du Saguenay  Lac-Saint-Jean,0,7,6,0.0
2022-2023,CIUSSS du Saguenay  Lac-Saint-Jean,0,7,7,0.0
2022-2023,CIUSSS du Saguenay  Lac-Saint-Jean,0,7,8,0.0
2022-2023,CIUSSS du Saguenay  Lac-Saint-Jean,0,7,9,9.0
2022-2023,CIUSSS du Saguenay  Lac-Saint-Jean,0,8,3,248.0
2022-2023,CIUSSS du Saguenay  Lac-Saint-Jean,0,8,4,584.0
2022-2023,CIUSSS du Saguenay  Lac-Saint-Jean,0,8,5,749.4
2022-2023,CIUSSS du Saguenay  Lac-Saint-Jean,0,8,9,675.3
2022-2023,CIUSSS du Saguenay  Lac-Saint-Jean,0,9,3,248.0
2022-2023,CIUSSS du Saguenay  Lac-Saint-Jean,0,9,4,584.0
2022-2023,CIUSSS du Saguenay  Lac-Saint-Jean,0,9,5,536.0
2022-2023,CIUSSS du Saguenay  Lac-Saint-Jean,0,9,9,536.0
2022-2023,CIUSSS du Saguenay  Lac-Saint-Jean,0,10,1,13.0
2022-2023,CIUSSS du Saguenay  Lac-Saint-Jean,0,10,2,32.0
2022-2023,CIUSSS du Saguenay  Lac-Saint-Jean,0,10,3,7.0
2022-2023,CIUSSS du Saguenay  Lac-Saint-Jean,0,10,4,2.0
2022-2023,CIUSSS du Saguenay  Lac-Saint-Jean,0,10,5,2.0
2022-2023,CIUSSS du Saguenay  Lac-Saint-Jean,0,10,6,0.0
2022-2023,CIUSSS du Saguenay  Lac-Saint-Jean,0,10,7,0.0
2022-2023,CIUSSS du Saguenay  Lac-Saint-Jean,0,10,8,0.0
2022-2023,CIUSSS du Saguenay  Lac-Saint-Jean,0,10,9,56.0
2022-2023,CIUSSS du Saguenay  Lac-Saint-Jean,0,11,1,88.77
2022-2023,CIUSSS du Saguenay  Lac-Saint-Jean,0,11,2,124.7
2022-2023,CIUSSS du Saguenay  Lac-Saint-Jean,0,11,3,139.7
2022-2023,CIUSSS du Saguenay  Lac-Saint-Jean,0,11,4,161.0
2022-2023,CIUSSS du Saguenay  Lac-Saint-Jean,0,11,5,268.0
2022-2023,CIUSSS du Saguenay  Lac-Saint-Jean,0,11,9,124.6
2022-2023,CIUSSS du Saguenay  Lac-Saint-Jean,0,12,1,70.0
2022-2023,CIUSSS du Saguenay  Lac-Saint-Jean,0,12,2,63.0
2022-2023,CIUSSS du Saguenay  Lac-Saint-Jean,0,12,3,116.0
2022-2023,CIUSSS du Saguenay  Lac-Saint-Jean,0,12,4,161.0
2022-2023,CIUSSS du Saguenay  Lac-Saint-Jean,0,12,5,268.0
2022-2023,CIUSSS du Saguenay  Lac-Saint-Jean,0,12,9,74.5
2022-2023,CIUSSS du Saguenay  Lac-Saint-Jean,0,13,1,13.0
2022-2023,CIUSSS du Saguenay  Lac-Saint-Jean,0,13,2,32.0
2022-2023,CIUSSS du Saguenay  Lac-Saint-Jean,0,13,3,11.0
2022-2023,CIUSSS du Saguenay  Lac-Saint-Jean,0,13,4,10.0
2022-2023,CIUSSS du Saguenay  Lac-Saint-Jean,0,13,5,12.0
2022-2023,CIUSSS du Saguenay  Lac-Saint-Jean,0,13,6,0.0
2022-2023,CIUSSS du Saguenay  Lac-Saint-Jean,0,13,7,0.0
2022-2023,CIUSSS du Saguenay  Lac-Saint-Jean,0,13,8,0.0
2022-2023,CIUSSS du Saguenay  Lac-Saint-Jean,0,13,9,78.0
2022-2023,CIUSSS du Saguenay  Lac-Saint-Jean,0,14,1,88.77
2022-2023,CIUSSS du Saguenay  Lac-Saint-Jean,0,14,2,124.6
2022-2023,CIUSSS du Saguenay  Lac-Saint-Jean,0,14,3,147.8
2022-2023,CIUSSS du Saguenay  Lac-Saint-Jean,0,14,4,177.0
2022-2023,CIUSSS du Saguenay  Lac-Saint-Jean,0,14,5,498.8
2022-2023,CIUSSS du Saguenay  Lac-Saint-Jean,0,14,6,0.0
2022-2023,CIUSSS du Saguenay  Lac-Saint-Jean,0,14,7,0.0
2022-2023,CIUSSS du Saguenay  Lac-Saint-Jean,0,14,8,0.0
2022-2023,CIUSSS du Saguenay  Lac-Saint-Jean,0,14,9,186.2
2022-2023,CIUSSS du Saguenay  Lac-Saint-Jean,0,15,1,70.0
2022-2023,CIUSSS du Saguenay  Lac-Saint-Jean,0,15,2,63.0
2022-2023,CIUSSS du Saguenay  Lac-Saint-Jean,0,15,3,128.0
2022-2023,CIUSSS du Saguenay  Lac-Saint-Jean,0,15,4,104.5
2022-2023,CIUSSS du Saguenay  Lac-Saint-Jean,0,15,5,496.0
2022-2023,CIUSSS du Saguenay  Lac-Saint-Jean,0,15,9,107.0
2023-2024,CISSS de Chaudière-Appalaches,0,1,3,1.0
2023-2024,CISSS de Chaudière-Appalaches,0,1,4,2.0
2023-2024,CISSS de Chaudière-Appalaches,0,1,5,3.0
2023-2024,CISSS de Chaudière-Appalaches,0,1,6,1.0
2023-2024,CISSS de Chaudière-Appalaches,0,1,9,7.0
2023-2024,CISSS de Chaudière-Appalaches,0,2,3,235.0
2023-2024,CISSS de Chaudière-Appalaches,0,2,4,306.5
2023-2024,CISSS de Chaudière-Appalaches,0,2,5,312.67
2023-2024,CISSS de Chaudière-Appalaches,0,2,6,285.0
2023-2024,CISSS de Chaudière-Appalaches,0,2,9,295.86
2023-2024,CISSS de Chaudière-Appalaches,0,3,3,235.0
2023-2024,CISSS de Chaudière-Appalaches,0,3,4,306.5
2023-2024,CISSS de Chaudière-Appalaches,0,3,5,409.0
2023-2024,CISSS de Chaudière-Appalaches,0,3,6,285.0
2023-2024,CISSS de Chaudière-Appalaches,0,3,9,285.0
2023-2024,CISSS de Chaudière-Appalaches,0,4,4,1.0
2023-2024,CISSS de Chaudière-Appalaches,0,4,5,5.0
2023-2024,CISSS de Chaudière-Appalaches,0,4,9,6.0
2023-2024,CISSS de Chaudière-Appalaches,0,5,4,42.0
2023-2024,CISSS de Chaudière-Appalaches,0,5,5,222.6
2023-2024,CISSS de Chaudière-Appalaches,0,5,9,192.5
2023-2024,CISSS de Chaudière-Appalaches,0,6,4,42.0
2023-2024,CISSS de Chaudière-Appalaches,0,6,5,248.0
2023-2024,CISSS de Chaudière-Appalaches,0,6,9,213.0
2023-2024,CISSS de Chaudière-Appalaches,0,7,4,1.0
2023-2024,CISSS de Chaudière-Appalaches,0,7,5,1.0
2023-2024,CISSS de Chaudière-Appalaches,0,7,6,1.0
2023-2024,CISSS de Chaudière-Appalaches,0,7,9,3.0
2023-2024,CISSS de Chaudière-Appalaches,0,8,4,581.0
2023-2024,CISSS de Chaudière-Appalaches,0,8,5,382.0
2023-2024,CISSS de Chaudière-Appalaches,0,8,6,856.0
2023-2024,CISSS de Chaudière-Appalaches,0,8,9,606.33
2023-2024,CISSS de Chaudière-Appalaches,0,9,4,581.0
2023-2024,CISSS de Chaudière-Appalaches,0,9,5,382.0
2023-2024,CISSS de Chaudière-Appalaches,0,9,6,856.0
2023-2024,CISSS de Chaudière-Appalaches,0,9,9,581.0
2023-2024,CISSS de Chaudière-Appalaches,0,10,1,22.0
2023-2024,CISSS de Chaudière-Appalaches,0,10,2,142.0
2023-2024,CISSS de Chaudière-Appalaches,0,10,3,111.0
2023-2024,CISSS de Chaudière-Appalaches,0,10,4,17.0
2023-2024,CISSS de Chaudière-Appalaches,0,10,5,42.0
2023-2024,CISSS de Chaudière-Appalaches,0,10,6,5.0
2023-2024,CISSS de Chaudière-Appalaches,0,10,9,339.0
2023-2024,CISSS de Chaudière-Appalaches,0,11,1,82.27
2023-2024,CISSS de Chaudière-Appalaches,0,11,2,238.87
2023-2024,CISSS de Chaudière-Appalaches,0,11,3,247.88
2023-2024,CISSS de Chaudière-Appalaches,0,11,4,388.94
2023-2024,CISSS de Chaudière-Appalaches,0,11,5,137.62
2023-2024,CISSS de Chaudière-Appalaches,0,11,6,130.0
2023-2024,CISSS de Chaudière-Appalaches,0,11,9,225.04
2023-2024,CISSS de Chaudière-Appalaches,0,12,1,67.0
2023-2024,CISSS de Chaudière-Appalaches,0,12,2,164.0
2023-2024,CISSS de Chaudière-Appalaches,0,12,3,192.0
2023-2024,CISSS de Chaudière-Appalaches,0,12,4,285.0
2023-2024,CISSS de Chaudière-Appalaches,0,12,5,103.5
2023-2024,CISSS de Chaudière-Appalaches,0,12,6,104.0
2023-2024,CISSS de Chaudière-Appalaches,0,12,9,157.0
2023-2024,CISSS de Chaudière-Appalaches,0,13,1,22.0
2023-2024,CISSS de Chaudière-Appalaches,0,13,2,142.0
2023-2024,CISSS de Chaudière-Appalaches,0,13,3,112.0
2023-2024,CISSS de Chaudière-Appalaches,0,13,4,21.0
2023-2024,CISSS de Chaudière-Appalaches,0,13,5,51.0
2023-2024,CISSS de Chaudière-Appalaches,0,13,6,7.0
2023-2024,CISSS de Chaudière-Appalaches,0,13,9,355.0
2023-2024,CISSS de Chaudière-Appalaches,0,14,1,82.27
2023-2024,CISSS de Chaudière-Appalaches,0,14,2,238.87
2023-2024,CISSS de Chaudière-Appalaches,0,14,3,247.77
2023-2024,CISSS de Chaudière-Appalaches,0,14,4,373.71
2023-2024,CISSS de Chaudière-Appalaches,0,14,5,161.04
2023-2024,CISSS de Chaudière-Appalaches,0,14,6,255.86
2023-2024,CISSS de Chaudière-Appalaches,0,14,9,229.1
2023-2024,CISSS de Chaudière-Appalaches,0,15,1,67.0
2023-2024,CISSS de Chaudière-Appalaches,0,15,2,164.0
2023-2024,CISSS de Chaudière-Appalaches,0,15,3,192.5
2023-2024,CISSS de Chaudière-Appalaches,0,15,4,285.0
2023-2024,CISSS de Chaudière-Appalaches,0,15,5,116.0
2023-2024,CISSS de Chaudière-Appalaches,0,15,6,200.0
2023-2024,CISSS de Chaudière-Appalaches,0,15,9,165.0
2023-2024,CISSS de Lanaudière,0,1,5,1.0
2023-2024,CISSS de Lanaudière,0,1,9,1.0
2023-2024,CISSS de Lanaudière,0,2,5,397.0
2023-2024,CISSS de Lanaudière,0,2,9,397.0
2023-2024,CISSS de Lanaudière,0,3,5,397.0
2023-2024,CISSS de Lanaudière,0,3,9,397.0
2023-2024,CISSS de Lanaudière,0,4,5,1.0
2023-2024,CISSS de Lanaudière,0,4,9,1.0
2023-2024,CISSS de Lanaudière,0,5,5,75.0
2023-2024,CISSS de Lanaudière,0,5,9,75.0
2023-2024,CISSS de Lanaudière,0,6,5,75.0
2023-2024,CISSS de Lanaudière,0,6,9,75.0
2023-2024,CISSS de Lanaudière,0,10,1,61.0
2023-2024,CISSS de Lanaudière,0,10,2,602.0
2023-2024,CISSS de Lanaudière,0,10,3,432.0
2023-2024,CISSS de Lanaudière,0,10,4,78.0
2023-2024,CISSS de Lanaudière,0,10,5,40.0
2023-2024,CISSS de Lanaudière,0,10,6,6.0
2023-2024,CISSS de Lanaudière,0,10,8,1.0
2023-2024,CISSS de Lanaudière,0,10,9,1220.0
2023-2024,CISSS de Lanaudière,0,11,1,85.75
2023-2024,CISSS de Lanaudière,0,11,2,295.16
2023-2024,CISSS de Lanaudière,0,11,3,525.7
2023-2024,CISSS de Lanaudière,0,11,4,610.22
2023-2024,CISSS de Lanaudière,0,11,5,263.2
2023-2024,CISSS de Lanaudière,0,11,6,267.67
2023-2024,CISSS de Lanaudière,0,11,8,416.0
2023-2024,CISSS de Lanaudière,0,11,9,385.38
2023-2024,CISSS de Lanaudière,0,12,1,41.0
2023-2024,CISSS de Lanaudière,0,12,2,191.5
2023-2024,CISSS de Lanaudière,0,12,3,394.0
2023-2024,CISSS de Lanaudière,0,12,4,448.5
2023-2024,CISSS de Lanaudière,0,12,5,171.5
2023-2024,CISSS de Lanaudière,0,12,6,260.0
2023-2024,CISSS de Lanaudière,0,12,8,416.0
2023-2024,CISSS de Lanaudière,0,12,9,251.0
2023-2024,CISSS de Lanaudière,0,13,1,61.0
2023-2024,CISSS de Lanaudière,0,13,2,602.0
2023-2024,CISSS de Lanaudière,0,13,3,432.0
2023-2024,CISSS de Lanaudière,0,13,4,78.0
2023-2024,CISSS de Lanaudière,0,13,5,42.0
2023-2024,CISSS de Lanaudière,0,13,6,6.0
2023-2024,CISSS de Lanaudière,0,13,8,1.0
2023-2024,CISSS de Lanaudière,0,13,9,1222.0
2023-2024,CISSS de Lanaudière,0,14,1,85.75
2023-2024,CISSS de Lanaudière,0,14,2,295.16
2023-2024,CISSS de Lanaudière,0,14,3,525.7
2023-2024,CISSS de Lanaudière,0,14,4,610.22
2023-2024,CISSS de Lanaudière,0,14,5,261.9
2023-2024,CISSS de Lanaudière,0,14,6,267.67
2023-2024,CISSS de Lanaudière,0,14,8,416.0
2023-2024,CISSS de Lanaudière,0,14,9,385.13
2023-2024,CISSS de Lanaudière,0,15,1,41.0
2023-2024,CISSS de Lanaudière,0,15,2,191.5
2023-2024,CISSS de Lanaudière,0,15,3,394.0
2023-2024,CISSS de Lanaudière,0,15,4,448.5
2023-2024,CISSS de Lanaudière,0,15,5,171.5
2023-2024,CISSS de Lanaudière,0,15,6,260.0
2023-2024,CISSS de Lanaudière,0,15,8,416.0
2023-2024,CISSS de Lanaudière,0,15,9,251.0
2023-2024,CISSS de Laval,0,7,1,4.0
2023-2024,CISSS de Laval,0,7,2,1.0
2023-2024,CISSS de Laval,0,7,3,3.0
2023-2024,CISSS de Laval,0,7,4,2.0
2023-2024,CISSS de Laval,0,7,5,23.0
2023-2024,CISSS de Laval,0,7,6,2.0
2023-2024,CISSS de Laval,0,7,9,35.0
2023-2024,CISSS de Laval,0,8,1,67.0
2023-2024,CISSS de Laval,0,8,2,466.0
2023-2024,CISSS de Laval,0,8,3,324.33
2023-2024,CISSS de Laval,0,8,4,665.5
2023-2024,CISSS de Laval,0,8,5,1364.65
2023-2024,CISSS de Laval,0,8,6,2410.0
2023-2024,CISSS de Laval,0,8,9,1121.29
2023-2024,CISSS de Laval,0,9,1,67.0
2023-2024,CISSS de Laval,0,9,2,466.0
2023-2024,CISSS de Laval,0,9,3,340.0
2023-2024,CISSS de Laval,0,9,4,665.5
2023-2024,CISSS de Laval,0,9,5,1383.0
2023-2024,CISSS de Laval,0,9,6,2410.0
2023-2024,CISSS de Laval,0,9,9,1046.0
2023-2024,CISSS de Laval,0,10,1,611.0
2023-2024,CISSS de Laval,0,10,2,284.0
2023-2024,CISSS de Laval,0,10,3,132.0
2023-2024,CISSS de Laval,0,10,4,60.0
2023-2024,CISSS de Laval,0,10,5,71.0
2023-2024,CISSS de Laval,0,10,6,19.0
2023-2024,CISSS de Laval,0,10,8,1.0
2023-2024,CISSS de Laval,0,10,9,1178.0
2023-2024,CISSS de Laval,0,11,1,308.27
2023-2024,CISSS de Laval,0,11,2,278.32
2023-2024,CISSS de Laval,0,11,3,380.46
2023-2024,CISSS de Laval,0,11,4,530.68
2023-2024,CISSS de Laval,0,11,5,962.3
2023-2024,CISSS de Laval,0,11,6,1285.21
2023-2024,CISSS de Laval,0,11,8,1609.0
2023-2024,CISSS de Laval,0,11,9,376.74
2023-2024,CISSS de Laval,0,12,1,311.0
2023-2024,CISSS de Laval,0,12,2,237.0
2023-2024,CISSS de Laval,0,12,3,328.0
2023-2024,CISSS de Laval,0,12,4,401.0
2023-2024,CISSS de Laval,0,12,5,837.0
2023-2024,CISSS de Laval,0,12,6,1285.0
2023-2024,CISSS de Laval,0,12,8,1609.0
2023-2024,CISSS de Laval,0,12,9,311.0
2023-2024,CISSS de Laval,0,13,1,615.0
2023-2024,CISSS de Laval,0,13,2,285.0
2023-2024,CISSS de Laval,0,13,3,135.0
2023-2024,CISSS de Laval,0,13,4,62.0
2023-2024,CISSS de Laval,0,13,5,94.0
2023-2024,CISSS de Laval,0,13,6,21.0
2023-2024,CISSS de Laval,0,13,8,1.0
2023-2024,CISSS de Laval,0,13,9,1213.0
2023-2024,CISSS de Laval,0,14,1,306.7
2023-2024,CISSS de Laval,0,14,2,278.98
2023-2024,CISSS de Laval,0,14,3,379.21
2023-2024,CISSS de Laval,0,14,4,535.03
2023-2024,CISSS de Laval,0,14,5,1060.74
2023-2024,CISSS de Laval,0,14,6,1392.33
2023-2024,CISSS de Laval,0,14,8,1609.0
2023-2024,CISSS de Laval,0,14,9,398.23
2023-2024,CISSS de Laval,0,15,1,308.0
2023-2024,CISSS de Laval,0,15,2,237.0
2023-2024,CISSS de Laval,0,15,3,332.0
2023-2024,CISSS de Laval,0,15,4,401.0
2023-2024,CISSS de Laval,0,15,5,923.0
2023-2024,CISSS de Laval,0,15,6,1285.0
2023-2024,CISSS de Laval,0,15,8,1609.0
2023-2024,CISSS de Laval,0,15,9,317.0
2023-2024,CISSS de l'Abitibi-Témiscamingue,0,7,3,1.0
2023-2024,CISSS de l'Abitibi-Témiscamingue,0,7,9,1.0
2023-2024,CISSS de l'Abitibi-Témiscamingue,0,8,3,1521.0
2023-2024,CISSS de l'Abitibi-Témiscamingue,0,8,9,1521.0
2023-2024,CISSS de l'Abitibi-Témiscamingue,0,9,3,1521.0
2023-2024,CISSS de l'Abitibi-Témiscamingue,0,9,9,1521.0
2023-2024,CISSS de l'Abitibi-Témiscamingue,0,10,1,77.0
2023-2024,CISSS de l'Abitibi-Témiscamingue,0,10,2,62.0
2023-2024,CISSS de l'Abitibi-Témiscamingue,0,10,3,45.0
2023-2024,CISSS de l'Abitibi-Témiscamingue,0,10,4,4.0
2023-2024,CISSS de l'Abitibi-Témiscamingue,0,10,5,15.0
2023-2024,CISSS de l'Abitibi-Témiscamingue,0,10,6,3.0
2023-2024,CISSS de l'Abitibi-Témiscamingue,0,10,9,206.0
2023-2024,CISSS de l'Abitibi-Témiscamingue,0,11,1,302.32
2023-2024,CISSS de l'Abitibi-Témiscamingue,0,11,2,386.85
2023-2024,CISSS de l'Abitibi-Témiscamingue,0,11,3,316.48
2023-2024,CISSS de l'Abitibi-Témiscamingue,0,11,4,162.5
2023-2024,CISSS de l'Abitibi-Témiscamingue,0,11,5,183.53
2023-2024,CISSS de l'Abitibi-Témiscamingue,0,11,6,81.0
2023-2024,CISSS de l'Abitibi-Témiscamingue,0,11,9,316.27
2023-2024,CISSS de l'Abitibi-Témiscamingue,0,12,1,242.0
2023-2024,CISSS de l'Abitibi-Témiscamingue,0,12,2,336.0
2023-2024,CISSS de l'Abitibi-Témiscamingue,0,12,3,196.0
2023-2024,CISSS de l'Abitibi-Témiscamingue,0,12,4,175.5
2023-2024,CISSS de l'Abitibi-Témiscamingue,0,12,5,126.0
2023-2024,CISSS de l'Abitibi-Témiscamingue,0,12,6,77.0
2023-2024,CISSS de l'Abitibi-Témiscamingue,0,12,9,237.5
2023-2024,CISSS de l'Abitibi-Témiscamingue,0,13,1,77.0
2023-2024,CISSS de l'Abitibi-Témiscamingue,0,13,2,62.0
2023-2024,CISSS de l'Abitibi-Témiscamingue,0,13,3,46.0
2023-2024,CISSS de l'Abitibi-Témiscamingue,0,13,4,4.0
2023-2024,CISSS de l'Abitibi-Témiscamingue,0,13,5,15.0
2023-2024,CISSS de l'Abitibi-Témiscamingue,0,13,6,3.0
2023-2024,CISSS de l'Abitibi-Témiscamingue,0,13,9,207.0
2023-2024,CISSS de l'Abitibi-Témiscamingue,0,14,1,302.32
2023-2024,CISSS de l'Abitibi-Témiscamingue,0,14,2,386.85
2023-2024,CISSS de l'Abitibi-Témiscamingue,0,14,3,342.67
2023-2024,CISSS de l'Abitibi-Témiscamingue,0,14,4,162.5
2023-2024,CISSS de l'Abitibi-Témiscamingue,0,14,5,183.53
2023-2024,CISSS de l'Abitibi-Témiscamingue,0,14,6,81.0
2023-2024,CISSS de l'Abitibi-Témiscamingue,0,14,9,322.09
2023-2024,CISSS de l'Abitibi-Témiscamingue,0,15,1,242.0
2023-2024,CISSS de l'Abitibi-Témiscamingue,0,15,2,336.0
2023-2024,CISSS de l'Abitibi-Témiscamingue,0,15,3,197.5
2023-2024,CISSS de l'Abitibi-Témiscamingue,0,15,4,175.5
2023-2024,CISSS de l'Abitibi-Témiscamingue,0,15,5,126.0
2023-2024,CISSS de l'Abitibi-Témiscamingue,0,15,6,77.0
2023-2024,CISSS de l'Abitibi-Témiscamingue,0,15,9,238.0
2023-2024,CISSS de l'Outaouais,0,10,1,209.0
2023-2024,CISSS de l'Outaouais,0,10,2,258.0
2023-2024,CISSS de l'Outaouais,0,10,3,72.0
2023-2024,CISSS de l'Outaouais,0,10,4,17.0
2023-2024,CISSS de l'Outaouais,0,10,5,18.0
2023-2024,CISSS de l'Outaouais,0,10,6,2.0
2023-2024,CISSS de l'Outaouais,0,10,7,1.0
2023-2024,CISSS de l'Outaouais,0,10,9,577.0
2023-2024,CISSS de l'Outaouais,0,11,1,138.31
2023-2024,CISSS de l'Outaouais,0,11,2,312.03
2023-2024,CISSS de l'Outaouais,0,11,3,424.39
2023-2024,CISSS de l'Outaouais,0,11,4,334.47
2023-2024,CISSS de l'Outaouais,0,11,5,281.16
2023-2024,CISSS de l'Outaouais,0,11,6,159.5
2023-2024,CISSS de l'Outaouais,0,11,7,251.0
2023-2024,CISSS de l'Outaouais,0,11,9,262.47
2023-2024,CISSS de l'Outaouais,0,12,1,109.0
2023-2024,CISSS de l'Outaouais,0,12,2,248.5
2023-2024,CISSS de l'Outaouais,0,12,3,318.0
2023-2024,CISSS de l'Outaouais,0,12,4,184.0
2023-2024,CISSS de l'Outaouais,0,12,5,69.5
2023-2024,CISSS de l'Outaouais,0,12,6,159.5
2023-2024,CISSS de l'Outaouais,0,12,7,251.0
2023-2024,CISSS de l'Outaouais,0,12,9,184.0
2023-2024,CISSS de l'Outaouais,0,13,1,209.0
2023-2024,CISSS de l'Outaouais,0,13,2,258.0
2023-2024,CISSS de l'Outaouais,0,13,3,72.0
2023-2024,CISSS de l'Outaouais,0,13,4,17.0
2023-2024,CISSS de l'Outaouais,0,13,5,18.0
2023-2024,CISSS de l'Outaouais,0,13,6,2.0
2023-2024,CISSS de l'Outaouais,0,13,7,1.0
2023-2024,CISSS de l'Outaouais,0,13,9,577.0
2023-2024,CISSS de l'Outaouais,0,14,1,138.32
2023-2024,CISSS de l'Outaouais,0,14,2,312.03
2023-2024,CISSS de l'Outaouais,0,14,3,424.4
2023-2024,CISSS de l'Outaouais,0,14,4,334.47
2023-2024,CISSS de l'Outaouais,0,14,5,281.17
2023-2024,CISSS de l'Outaouais,0,14,6,159.5
2023-2024,CISSS de l'Outaouais,0,14,7,251.0
2023-2024,CISSS de l'Outaouais,0,14,9,262.47
2023-2024,CISSS de l'Outaouais,0,15,1,109.0
2023-2024,CISSS de l'Outaouais,0,15,2,248.5
2023-2024,CISSS de l'Outaouais,0,15,3,318.0
2023-2024,CISSS de l'Outaouais,0,15,4,184.0
2023-2024,CISSS de l'Outaouais,0,15,5,69.5
2023-2024,CISSS de l'Outaouais,0,15,6,159.5
2023-2024,CISSS de l'Outaouais,0,15,7,251.0
2023-2024,CISSS de l'Outaouais,0,15,9,184.0
2023-2024,CISSS de la Côte-Nord,0,4,3,1.0
2023-2024,CISSS de la Côte-Nord,0,4,9,1.0
2023-2024,CISSS de la Côte-Nord,0,5,3,187.0
2023-2024,CISSS de la Côte-Nord,0,5,9,187.0
2023-2024,CISSS de la Côte-Nord,0,6,3,187.0
2023-2024,CISSS de la Côte-Nord,0,6,9,187.0
2023-2024,CISSS de la Côte-Nord,0,10,1,23.0
2023-2024,CISSS de la Côte-Nord,0,10,2,72.0
2023-2024,CISSS de la Côte-Nord,0,10,3,71.0
2023-2024,CISSS de la Côte-Nord,0,10,4,18.0
2023-2024,CISSS de la Côte-Nord,0,10,5,16.0
2023-2024,CISSS de la Côte-Nord,0,10,6,2.0
2023-2024,CISSS de la Côte-Nord,0,10,9,202.0
2023-2024,CISSS de la Côte-Nord,0,11,1,238.13
2023-2024,CISSS de la Côte-Nord,0,11,2,601.26
2023-2024,CISSS de la Côte-Nord,0,11,3,676.92
2023-2024,CISSS de la Côte-Nord,0,11,4,732.22
2023-2024,CISSS de la Côte-Nord,0,11,5,835.0
2023-2024,CISSS de la Côte-Nord,0,11,6,110.5
2023-2024,CISSS de la Côte-Nord,0,11,9,611.83
2023-2024,CISSS de la Côte-Nord,0,12,1,194.0
2023-2024,CISSS de la Côte-Nord,0,12,2,600.0
2023-2024,CISSS de la Côte-Nord,0,12,3,699.0
2023-2024,CISSS de la Côte-Nord,0,12,4,617.0
2023-2024,CISSS de la Côte-Nord,0,12,5,957.5
2023-2024,CISSS de la Côte-Nord,0,12,6,110.5
2023-2024,CISSS de la Côte-Nord,0,12,9,589.5
2023-2024,CISSS de la Côte-Nord,0,13,1,23.0
2023-2024,CISSS de la Côte-Nord,0,13,2,72.0
2023-2024,CISSS de la Côte-Nord,0,13,3,72.0
2023-2024,CISSS de la Côte-Nord,0,13,4,18.0
2023-2024,CISSS de la Côte-Nord,0,13,5,16.0
2023-2024,CISSS de la Côte-Nord,0,13,6,2.0
2023-2024,CISSS de la Côte-Nord,0,13,9,203.0
2023-2024,CISSS de la Côte-Nord,0,14,1,238.13
2023-2024,CISSS de la Côte-Nord,0,14,2,601.26
2023-2024,CISSS de la Côte-Nord,0,14,3,670.11
2023-2024,CISSS de la Côte-Nord,0,14,4,732.22
2023-2024,CISSS de la Côte-Nord,0,14,5,835.0
2023-2024,CISSS de la Côte-Nord,0,14,6,110.5
2023-2024,CISSS de la Côte-Nord,0,14,9,609.74
2023-2024,CISSS de la Côte-Nord,0,15,1,194.0
2023-2024,CISSS de la Côte-Nord,0,15,2,600.0
2023-2024,CISSS de la Côte-Nord,0,15,3,699.0
2023-2024,CISSS de la Côte-Nord,0,15,4,617.0
2023-2024,CISSS de la Côte-Nord,0,15,5,957.5
2023-2024,CISSS de la Côte-Nord,0,15,6,110.5
2023-2024,CISSS de la Côte-Nord,0,15,9,584.0
2023-2024,CISSS de la Gaspésie,0,7,5,1.0
2023-2024,CISSS de la Gaspésie,0,7,9,1.0
2023-2024,CISSS de la Gaspésie,0,8,5,649.0
2023-2024,CISSS de la Gaspésie,0,8,9,649.0
2023-2024,CISSS de la Gaspésie,0,9,5,649.0
2023-2024,CISSS de la Gaspésie,0,9,9,649.0
2023-2024,CISSS de la Gaspésie,0,10,1,7.0
2023-2024,CISSS de la Gaspésie,0,10,2,39.0
2023-2024,CISSS de la Gaspésie,0,10,3,45.0
2023-2024,CISSS de la Gaspésie,0,10,4,16.0
2023-2024,CISSS de la Gaspésie,0,10,5,11.0
2023-2024,CISSS de la Gaspésie,0,10,6,1.0
2023-2024,CISSS de la Gaspésie,0,10,9,119.0
2023-2024,CISSS de la Gaspésie,0,11,1,103.7
2023-2024,CISSS de la Gaspésie,0,11,2,183.4
2023-2024,CISSS de la Gaspésie,0,11,3,264.4
2023-2024,CISSS de la Gaspésie,0,11,4,352.6
2023-2024,CISSS de la Gaspésie,0,11,5,223.4
2023-2024,CISSS de la Gaspésie,0,11,6,192.0
2023-2024,CISSS de la Gaspésie,0,11,9,236.0
2023-2024,CISSS de la Gaspésie,0,12,1,119.0
2023-2024,CISSS de la Gaspésie,0,12,2,151.0
2023-2024,CISSS de la Gaspésie,0,12,3,206.0
2023-2024,CISSS de la Gaspésie,0,12,4,235.0
2023-2024,CISSS de la Gaspésie,0,12,5,152.0
2023-2024,CISSS de la Gaspésie,0,12,6,192.0
2023-2024,CISSS de la Gaspésie,0,12,9,165.0
2023-2024,CISSS de la Gaspésie,0,13,1,7.0
2023-2024,CISSS de la Gaspésie,0,13,2,39.0
2023-2024,CISSS de la Gaspésie,0,13,3,45.0
2023-2024,CISSS de la Gaspésie,0,13,4,16.0
2023-2024,CISSS de la Gaspésie,0,13,5,12.0
2023-2024,CISSS de la Gaspésie,0,13,6,1.0
2023-2024,CISSS de la Gaspésie,0,13,9,120.0
2023-2024,CISSS de la Gaspésie,0,14,1,103.7
2023-2024,CISSS de la Gaspésie,0,14,2,183.4
2023-2024,CISSS de la Gaspésie,0,14,3,264.4
2023-2024,CISSS de la Gaspésie,0,14,4,352.6
2023-2024,CISSS de la Gaspésie,0,14,5,223.4
2023-2024,CISSS de la Gaspésie,0,14,6,192.0
2023-2024,CISSS de la Gaspésie,0,14,9,236.0
2023-2024,CISSS de la Gaspésie,0,15,1,119.0
2023-2024,CISSS de la Gaspésie,0,15,2,151.0
2023-2024,CISSS de la Gaspésie,0,15,3,206.0
2023-2024,CISSS de la Gaspésie,0,15,4,235.0
2023-2024,CISSS de la Gaspésie,0,15,5,161.5
2023-2024,CISSS de la Gaspésie,0,15,6,192.0
2023-2024,CISSS de la Gaspésie,0,15,9,165.0
2023-2024,CISSS de la Montérégie-Ouest,0,1,3,1.0
2023-2024,CISSS de la Montérégie-Ouest,0,1,4,5.0
2023-2024,CISSS de la Montérégie-Ouest,0,1,5,16.0
2023-2024,CISSS de la Montérégie-Ouest,0,1,9,22.0
2023-2024,CISSS de la Montérégie-Ouest,0,2,3,55.0
2023-2024,CISSS de la Montérégie-Ouest,0,2,4,280.5
2023-2024,CISSS de la Montérégie-Ouest,0,2,5,507.41
2023-2024,CISSS de la Montérégie-Ouest,0,2,9,464.36
2023-2024,CISSS de la Montérégie-Ouest,0,3,3,55.0
2023-2024,CISSS de la Montérégie-Ouest,0,3,4,153.5
2023-2024,CISSS de la Montérégie-Ouest,0,3,5,425.0
2023-2024,CISSS de la Montérégie-Ouest,0,3,9,375.08
2023-2024,CISSS de la Montérégie-Ouest,0,4,3,2.0
2023-2024,CISSS de la Montérégie-Ouest,0,4,4,8.0
2023-2024,CISSS de la Montérégie-Ouest,0,4,5,21.0
2023-2024,CISSS de la Montérégie-Ouest,0,4,6,2.0
2023-2024,CISSS de la Montérégie-Ouest,0,4,9,33.0
2023-2024,CISSS de la Montérégie-Ouest,0,5,3,22.0
2023-2024,CISSS de la Montérégie-Ouest,0,5,4,556.0
2023-2024,CISSS de la Montérégie-Ouest,0,5,5,348.36
2023-2024,CISSS de la Montérégie-Ouest,0,5,6,393.0
2023-2024,CISSS de la Montérégie-Ouest,0,5,9,407.9
2023-2024,CISSS de la Montérégie-Ouest,0,6,3,22.0
2023-2024,CISSS de la Montérégie-Ouest,0,6,4,405.5
2023-2024,CISSS de la Montérégie-Ouest,0,6,5,268.0
2023-2024,CISSS de la Montérégie-Ouest,0,6,6,393.0
2023-2024,CISSS de la Montérégie-Ouest,0,6,9,266.0
2023-2024,CISSS de la Montérégie-Ouest,0,7,1,2.0
2023-2024,CISSS de la Montérégie-Ouest,0,7,2,13.0
2023-2024,CISSS de la Montérégie-Ouest,0,7,3,23.0
2023-2024,CISSS de la Montérégie-Ouest,0,7,4,15.0
2023-2024,CISSS de la Montérégie-Ouest,0,7,5,25.0
2023-2024,CISSS de la Montérégie-Ouest,0,7,6,8.0
2023-2024,CISSS de la Montérégie-Ouest,0,7,9,86.0
2023-2024,CISSS de la Montérégie-Ouest,0,8,1,147.0
2023-2024,CISSS de la Montérégie-Ouest,0,8,2,560.62
2023-2024,CISSS de la Montérégie-Ouest,0,8,3,537.59
2023-2024,CISSS de la Montérégie-Ouest,0,8,4,676.44
2023-2024,CISSS de la Montérégie-Ouest,0,8,5,1563.47
2023-2024,CISSS de la Montérégie-Ouest,0,8,6,2398.27
2023-2024,CISSS de la Montérégie-Ouest,0,8,9,981.33
2023-2024,CISSS de la Montérégie-Ouest,0,9,1,147.0
2023-2024,CISSS de la Montérégie-Ouest,0,9,2,267.0
2023-2024,CISSS de la Montérégie-Ouest,0,9,3,289.5
2023-2024,CISSS de la Montérégie-Ouest,0,9,4,481.5
2023-2024,CISSS de la Montérégie-Ouest,0,9,5,1459.5
2023-2024,CISSS de la Montérégie-Ouest,0,9,6,505.0
2023-2024,CISSS de la Montérégie-Ouest,0,9,9,450.5
2023-2024,CISSS de la Montérégie-Ouest,0,10,1,76.0
2023-2024,CISSS de la Montérégie-Ouest,0,10,2,722.0
2023-2024,CISSS de la Montérégie-Ouest,0,10,3,263.0
2023-2024,CISSS de la Montérégie-Ouest,0,10,4,52.0
2023-2024,CISSS de la Montérégie-Ouest,0,10,5,57.0
2023-2024,CISSS de la Montérégie-Ouest,0,10,6,9.0
2023-2024,CISSS de la Montérégie-Ouest,0,10,9,1179.0
2023-2024,CISSS de la Montérégie-Ouest,0,11,1,133.24
2023-2024,CISSS de la Montérégie-Ouest,0,11,2,430.96
2023-2024,CISSS de la Montérégie-Ouest,0,11,3,571.21
2023-2024,CISSS de la Montérégie-Ouest,0,11,4,624.55
2023-2024,CISSS de la Montérégie-Ouest,0,11,5,564.88
2023-2024,CISSS de la Montérégie-Ouest,0,11,6,807.0
2023-2024,CISSS de la Montérégie-Ouest,0,11,9,465.32
2023-2024,CISSS de la Montérégie-Ouest,0,12,1,103.5
2023-2024,CISSS de la Montérégie-Ouest,0,12,2,356.0
2023-2024,CISSS de la Montérégie-Ouest,0,12,3,457.0
2023-2024,CISSS de la Montérégie-Ouest,0,12,4,603.0
2023-2024,CISSS de la Montérégie-Ouest,0,12,5,387.0
2023-2024,CISSS de la Montérégie-Ouest,0,12,6,315.5
2023-2024,CISSS de la Montérégie-Ouest,0,12,9,360.0
2023-2024,CISSS de la Montérégie-Ouest,0,13,1,78.0
2023-2024,CISSS de la Montérégie-Ouest,0,13,2,735.0
2023-2024,CISSS de la Montérégie-Ouest,0,13,3,289.0
2023-2024,CISSS de la Montérégie-Ouest,0,13,4,80.0
2023-2024,CISSS de la Montérégie-Ouest,0,13,5,119.0
2023-2024,CISSS de la Montérégie-Ouest,0,13,6,19.0
2023-2024,CISSS de la Montérégie-Ouest,0,13,9,1320.0
2023-2024,CISSS de la Montérégie-Ouest,0,14,1,132.94
2023-2024,CISSS de la Montérégie-Ouest,0,14,2,432.79
2023-2024,CISSS de la Montérégie-Ouest,0,14,3,550.14
2023-2024,CISSS de la Montérégie-Ouest,0,14,4,606.27
2023-2024,CISSS de la Montérégie-Ouest,0,14,5,727.02
2023-2024,CISSS de la Montérégie-Ouest,0,14,6,1328.88
2023-2024,CISSS de la Montérégie-Ouest,0,14,9,496.54
2023-2024,CISSS de la Montérégie-Ouest,0,15,1,99.0
2023-2024,CISSS de la Montérégie-Ouest,0,15,2,351.0
2023-2024,CISSS de la Montérégie-Ouest,0,15,3,414.0
2023-2024,CISSS de la Montérégie-Ouest,0,15,4,462.0
2023-2024,CISSS de la Montérégie-Ouest,0,15,5,467.0
2023-2024,CISSS de la Montérégie-Ouest,0,15,6,515.0
2023-2024,CISSS de la Montérégie-Ouest,0,15,9,366.0
2023-2024,CISSS des Laurentides,0,1,4,6.0
2023-2024,CISSS des Laurentides,0,1,5,6.0
2023-2024,CISSS des Laurentides,0,1,6,2.0
2023-2024,CISSS des Laurentides,0,1,9,14.0
2023-2024,CISSS des Laurentides,0,2,4,388.83
2023-2024,CISSS des Laurentides,0,2,5,1864.83
2023-2024,CISSS des Laurentides,0,2,6,592.5
2023-2024,CISSS des Laurentides,0,2,9,1050.5
2023-2024,CISSS des Laurentides,0,3,4,432.0
2023-2024,CISSS des Laurentides,0,3,5,1911.0
2023-2024,CISSS des Laurentides,0,3,6,592.5
2023-2024,CISSS des Laurentides,0,3,9,471.5
2023-2024,CISSS des Laurentides,0,4,3,5.0
2023-2024,CISSS des Laurentides,0,4,4,12.0
2023-2024,CISSS des Laurentides,0,4,5,31.0
2023-2024,CISSS des Laurentides,0,4,6,1.0
2023-2024,CISSS des Laurentides,0,4,9,49.0
2023-2024,CISSS des Laurentides,0,5,1,0.0
2023-2024,CISSS des Laurentides,0,5,2,0.0
2023-2024,CISSS des Laurentides,0,5,3,164.4
2023-2024,CISSS des Laurentides,0,5,4,238.0
2023-2024,CISSS des Laurentides,0,5,5,271.41
2023-2024,CISSS des Laurentides,0,5,6,441.0
2023-2024,CISSS des Laurentides,0,5,7,0.0
2023-2024,CISSS des Laurentides,0,5,8,0.0
2023-2024,CISSS des Laurentides,0,5,9,256.08
2023-2024,CISSS des Laurentides,0,6,1,0.0
2023-2024,CISSS des Laurentides,0,6,2,0.0
2023-2024,CISSS des Laurentides,0,6,3,89.0
2023-2024,CISSS des Laurentides,0,6,4,214.5
2023-2024,CISSS des Laurentides,0,6,5,252.0
2023-2024,CISSS des Laurentides,0,6,6,441.0
2023-2024,CISSS des Laurentides,0,6,7,0.0
2023-2024,CISSS des Laurentides,0,6,8,0.0
2023-2024,CISSS des Laurentides,0,6,9,248.0
2023-2024,CISSS des Laurentides,0,7,2,1.0
2023-2024,CISSS des Laurentides,0,7,3,1.0
2023-2024,CISSS des Laurentides,0,7,4,1.0
2023-2024,CISSS des Laurentides,0,7,9,3.0
2023-2024,CISSS des Laurentides,0,8,2,787.0
2023-2024,CISSS des Laurentides,0,8,3,469.0
2023-2024,CISSS des Laurentides,0,8,4,1307.0
2023-2024,CISSS des Laurentides,0,8,9,854.33
2023-2024,CISSS des Laurentides,0,9,2,787.0
2023-2024,CISSS des Laurentides,0,9,3,469.0
2023-2024,CISSS des Laurentides,0,9,4,1307.0
2023-2024,CISSS des Laurentides,0,9,9,787.0
2023-2024,CISSS des Laurentides,0,10,1,44.0
2023-2024,CISSS des Laurentides,0,10,2,68.0
2023-2024,CISSS des Laurentides,0,10,3,22.0
2023-2024,CISSS des Laurentides,0,10,4,19.0
2023-2024,CISSS des Laurentides,0,10,5,36.0
2023-2024,CISSS des Laurentides,0,10,6,7.0
2023-2024,CISSS des Laurentides,0,10,7,1.0
2023-2024,CISSS des Laurentides,0,10,8,1.0
2023-2024,CISSS des Laurentides,0,10,9,198.0
2023-2024,CISSS des Laurentides,0,11,1,39.64
2023-2024,CISSS des Laurentides,0,11,2,128.59
2023-2024,CISSS des Laurentides,0,11,3,180.14
2023-2024,CISSS des Laurentides,0,11,4,430.26
2023-2024,CISSS des Laurentides,0,11,5,358.75
2023-2024,CISSS des Laurentides,0,11,6,652.57
2023-2024,CISSS des Laurentides,0,11,7,77.0
2023-2024,CISSS des Laurentides,0,11,8,202.0
2023-2024,CISSS des Laurentides,0,11,9,203.98
2023-2024,CISSS des Laurentides,0,12,1,35.0
2023-2024,CISSS des Laurentides,0,12,2,65.0
2023-2024,CISSS des Laurentides,0,12,3,172.0
2023-2024,CISSS des Laurentides,0,12,4,430.0
2023-2024,CISSS des Laurentides,0,12,5,266.5
2023-2024,CISSS des Laurentides,0,12,6,578.0
2023-2024,CISSS des Laurentides,0,12,7,77.0
2023-2024,CISSS des Laurentides,0,12,8,202.0
2023-2024,CISSS des Laurentides,0,12,9,71.5
2023-2024,CISSS des Laurentides,0,13,1,44.0
2023-2024,CISSS des Laurentides,0,13,2,69.0
2023-2024,CISSS des Laurentides,0,13,3,28.0
2023-2024,CISSS des Laurentides,0,13,4,38.0
2023-2024,CISSS des Laurentides,0,13,5,73.0
2023-2024,CISSS des Laurentides,0,13,6,10.0
2023-2024,CISSS des Laurentides,0,13,7,1.0
2023-2024,CISSS des Laurentides,0,13,8,1.0
2023-2024,CISSS des Laurentides,0,13,9,264.0
2023-2024,CISSS des Laurentides,0,14,1,39.64
2023-2024,CISSS des Laurentides,0,14,2,138.13
2023-2024,CISSS des Laurentides,0,14,3,187.64
2023-2024,CISSS des Laurentides,0,14,4,386.08
2023-2024,CISSS des Laurentides,0,14,5,443.09
2023-2024,CISSS des Laurentides,0,14,6,619.4
2023-2024,CISSS des Laurentides,0,14,7,77.0
2023-2024,CISSS des Laurentides,0,14,8,202.0
2023-2024,CISSS des Laurentides,0,14,9,265.89
2023-2024,CISSS des Laurentides,0,15,1,35.0
2023-2024,CISSS des Laurentides,0,15,2,67.0
2023-2024,CISSS des Laurentides,0,15,3,144.5
2023-2024,CISSS des Laurentides,0,15,4,270.0
2023-2024,CISSS des Laurentides,0,15,5,258.0
2023-2024,CISSS des Laurentides,0,15,6,542.0
2023-2024,CISSS des Laurentides,0,15,7,77.0
2023-2024,CISSS des Laurentides,0,15,8,202.0
2023-2024,CISSS des Laurentides,0,15,9,126.0
2023-2024,CISSS des Îles,0,4,5,1.0
2023-2024,CISSS des Îles,0,4,6,1.0
2023-2024,CISSS des Îles,0,4,9,2.0
2023-2024,CISSS des Îles,0,5,5,1007.0
2023-2024,CISSS des Îles,0,5,6,350.0
2023-2024,CISSS des Îles,0,5,9,678.5
2023-2024,CISSS des Îles,0,6,5,1007.0
2023-2024,CISSS des Îles,0,6,6,350.0
2023-2024,CISSS des Îles,0,6,9,678.5
2023-2024,CISSS des Îles,0,13,5,1.0
2023-2024,CISSS des Îles,0,13,6,1.0
2023-2024,CISSS des Îles,0,13,9,2.0
2023-2024,CISSS des Îles,0,14,5,1007.0
2023-2024,CISSS des Îles,0,14,6,350.0
2023-2024,CISSS des Îles,0,14,9,678.5
2023-2024,CISSS des Îles,0,15,5,1007.0
2023-2024,CISSS des Îles,0,15,6,350.0
2023-2024,CISSS des Îles,0,15,9,678.5
2023-2024,CISSS du Bas-St-Laurent,0,4,3,1.0
2023-2024,CISSS du Bas-St-Laurent,0,4,9,1.0
2023-2024,CISSS du Bas-St-Laurent,0,5,3,84.0
2023-2024,CISSS du Bas-St-Laurent,0,5,9,84.0
2023-2024,CISSS du Bas-St-Laurent,0,6,3,84.0
2023-2024,CISSS du Bas-St-Laurent,0,6,9,84.0
2023-2024,CISSS du Bas-St-Laurent,0,10,1,4.0
2023-2024,CISSS du Bas-St-Laurent,0,10,2,24.0
2023-2024,CISSS du Bas-St-Laurent,0,10,3,36.0
2023-2024,CISSS du Bas-St-Laurent,0,10,4,9.0
2023-2024,CISSS du Bas-St-Laurent,0,10,5,10.0
2023-2024,CISSS du Bas-St-Laurent,0,10,6,1.0
2023-2024,CISSS du Bas-St-Laurent,0,10,7,1.0
2023-2024,CISSS du Bas-St-Laurent,0,10,9,85.0
2023-2024,CISSS du Bas-St-Laurent,0,11,1,85.5
2023-2024,CISSS du Bas-St-Laurent,0,11,2,64.42
2023-2024,CISSS du Bas-St-Laurent,0,11,3,117.61
2023-2024,CISSS du Bas-St-Laurent,0,11,4,231.22
2023-2024,CISSS du Bas-St-Laurent,0,11,5,356.4
2023-2024,CISSS du Bas-St-Laurent,0,11,6,728.0
2023-2024,CISSS du Bas-St-Laurent,0,11,7,471.0
2023-2024,CISSS du Bas-St-Laurent,0,11,9,152.54
2023-2024,CISSS du Bas-St-Laurent,0,12,1,62.0
2023-2024,CISSS du Bas-St-Laurent,0,12,2,30.5
2023-2024,CISSS du Bas-St-Laurent,0,12,3,122.5
2023-2024,CISSS du Bas-St-Laurent,0,12,4,172.0
2023-2024,CISSS du Bas-St-Laurent,0,12,5,299.0
2023-2024,CISSS du Bas-St-Laurent,0,12,6,728.0
2023-2024,CISSS du Bas-St-Laurent,0,12,7,471.0
2023-2024,CISSS du Bas-St-Laurent,0,12,9,117.0
2023-2024,CISSS du Bas-St-Laurent,0,13,1,4.0
2023-2024,CISSS du Bas-St-Laurent,0,13,2,24.0
2023-2024,CISSS du Bas-St-Laurent,0,13,3,37.0
2023-2024,CISSS du Bas-St-Laurent,0,13,4,9.0
2023-2024,CISSS du Bas-St-Laurent,0,13,5,10.0
2023-2024,CISSS du Bas-St-Laurent,0,13,6,1.0
2023-2024,CISSS du Bas-St-Laurent,0,13,7,1.0
2023-2024,CISSS du Bas-St-Laurent,0,13,9,86.0
2023-2024,CISSS du Bas-St-Laurent,0,14,1,85.5
2023-2024,CISSS du Bas-St-Laurent,0,14,2,64.42
2023-2024,CISSS du Bas-St-Laurent,0,14,3,116.7
2023-2024,CISSS du Bas-St-Laurent,0,14,4,231.22
2023-2024,CISSS du Bas-St-Laurent,0,14,5,356.4
2023-2024,CISSS du Bas-St-Laurent,0,14,6,728.0
2023-2024,CISSS du Bas-St-Laurent,0,14,7,471.0
2023-2024,CISSS du Bas-St-Laurent,0,14,9,151.74
2023-2024,CISSS du Bas-St-Laurent,0,15,1,62.0
2023-2024,CISSS du Bas-St-Laurent,0,15,2,30.5
2023-2024,CISSS du Bas-St-Laurent,0,15,3,117.0
2023-2024,CISSS du Bas-St-Laurent,0,15,4,172.0
2023-2024,CISSS du Bas-St-Laurent,0,15,5,299.0
2023-2024,CISSS du Bas-St-Laurent,0,15,6,728.0
2023-2024,CISSS du Bas-St-Laurent,0,15,7,471.0
2023-2024,CISSS du Bas-St-Laurent,0,15,9,112.0
2023-2024,CIUSSS de l'Estrie - CHUS,0,1,4,3.0
2023-2024,CIUSSS de l'Estrie - CHUS,0,1,5,5.0
2023-2024,CIUSSS de l'Estrie - CHUS,0,1,6,1.0
2023-2024,CIUSSS de l'Estrie - CHUS,0,1,9,9.0
2023-2024,CIUSSS de l'Estrie - CHUS,0,2,4,310.0
2023-2024,CIUSSS de l'Estrie - CHUS,0,2,5,529.4
2023-2024,CIUSSS de l'Estrie - CHUS,0,2,6,159.0
2023-2024,CIUSSS de l'Estrie - CHUS,0,2,9,415.11
2023-2024,CIUSSS de l'Estrie - CHUS,0,3,4,281.0
2023-2024,CIUSSS de l'Estrie - CHUS,0,3,5,390.0
2023-2024,CIUSSS de l'Estrie - CHUS,0,3,6,159.0
2023-2024,CIUSSS de l'Estrie - CHUS,0,3,9,281.0
2023-2024,CIUSSS de l'Estrie - CHUS,0,4,3,3.0
2023-2024,CIUSSS de l'Estrie - CHUS,0,4,4,7.0
2023-2024,CIUSSS de l'Estrie - CHUS,0,4,5,3.0
2023-2024,CIUSSS de l'Estrie - CHUS,0,4,9,13.0
2023-2024,CIUSSS de l'Estrie - CHUS,0,5,3,121.0
2023-2024,CIUSSS de l'Estrie - CHUS,0,5,4,243.0
2023-2024,CIUSSS de l'Estrie - CHUS,0,5,5,117.33
2023-2024,CIUSSS de l'Estrie - CHUS,0,5,9,185.85
2023-2024,CIUSSS de l'Estrie - CHUS,0,6,3,39.0
2023-2024,CIUSSS de l'Estrie - CHUS,0,6,4,281.0
2023-2024,CIUSSS de l'Estrie - CHUS,0,6,5,74.0
2023-2024,CIUSSS de l'Estrie - CHUS,0,6,9,244.0
2023-2024,CIUSSS de l'Estrie - CHUS,0,7,1,2.0
2023-2024,CIUSSS de l'Estrie - CHUS,0,7,2,15.0
2023-2024,CIUSSS de l'Estrie - CHUS,0,7,3,19.0
2023-2024,CIUSSS de l'Estrie - CHUS,0,7,4,6.0
2023-2024,CIUSSS de l'Estrie - CHUS,0,7,5,15.0
2023-2024,CIUSSS de l'Estrie - CHUS,0,7,6,1.0
2023-2024,CIUSSS de l'Estrie - CHUS,0,7,7,1.0
2023-2024,CIUSSS de l'Estrie - CHUS,0,7,9,59.0
2023-2024,CIUSSS de l'Estrie - CHUS,0,8,1,187.0
2023-2024,CIUSSS de l'Estrie - CHUS,0,8,2,397.4
2023-2024,CIUSSS de l'Estrie - CHUS,0,8,3,430.05
2023-2024,CIUSSS de l'Estrie - CHUS,0,8,4,519.67
2023-2024,CIUSSS de l'Estrie - CHUS,0,8,5,722.67
2023-2024,CIUSSS de l'Estrie - CHUS,0,8,6,731.0
2023-2024,CIUSSS de l'Estrie - CHUS,0,8,7,299.0
2023-2024,CIUSSS de l'Estrie - CHUS,0,8,9,499.9
2023-2024,CIUSSS de l'Estrie - CHUS,0,9,1,187.0
2023-2024,CIUSSS de l'Estrie - CHUS,0,9,2,300.0
2023-2024,CIUSSS de l'Estrie - CHUS,0,9,3,361.0
2023-2024,CIUSSS de l'Estrie - CHUS,0,9,4,581.0
2023-2024,CIUSSS de l'Estrie - CHUS,0,9,5,684.0
2023-2024,CIUSSS de l'Estrie - CHUS,0,9,6,731.0
2023-2024,CIUSSS de l'Estrie - CHUS,0,9,7,299.0
2023-2024,CIUSSS de l'Estrie - CHUS,0,9,9,382.0
2023-2024,CIUSSS de l'Estrie - CHUS,0,10,1,132.0
2023-2024,CIUSSS de l'Estrie - CHUS,0,10,2,467.0
2023-2024,CIUSSS de l'Estrie - CHUS,0,10,3,276.0
2023-2024,CIUSSS de l'Estrie - CHUS,0,10,4,32.0
2023-2024,CIUSSS de l'Estrie - CHUS,0,10,5,41.0
2023-2024,CIUSSS de l'Estrie - CHUS,0,10,6,5.0
2023-2024,CIUSSS de l'Estrie - CHUS,0,10,7,2.0
2023-2024,CIUSSS de l'Estrie - CHUS,0,10,9,955.0
2023-2024,CIUSSS de l'Estrie - CHUS,0,11,1,113.82
2023-2024,CIUSSS de l'Estrie - CHUS,0,11,2,445.57
2023-2024,CIUSSS de l'Estrie - CHUS,0,11,3,563.14
2023-2024,CIUSSS de l'Estrie - CHUS,0,11,4,543.25
2023-2024,CIUSSS de l'Estrie - CHUS,0,11,5,516.32
2023-2024,CIUSSS de l'Estrie - CHUS,0,11,6,689.6
2023-2024,CIUSSS de l'Estrie - CHUS,0,11,7,97.5
2023-2024,CIUSSS de l'Estrie - CHUS,0,11,9,440.55
2023-2024,CIUSSS de l'Estrie - CHUS,0,12,1,96.0
2023-2024,CIUSSS de l'Estrie - CHUS,0,12,2,365.0
2023-2024,CIUSSS de l'Estrie - CHUS,0,12,3,407.0
2023-2024,CIUSSS de l'Estrie - CHUS,0,12,4,468.5
2023-2024,CIUSSS de l'Estrie - CHUS,0,12,5,291.0
2023-2024,CIUSSS de l'Estrie - CHUS,0,12,6,731.0
2023-2024,CIUSSS de l'Estrie - CHUS,0,12,7,97.5
2023-2024,CIUSSS de l'Estrie - CHUS,0,12,9,319.0
2023-2024,CIUSSS de l'Estrie - CHUS,0,13,1,134.0
2023-2024,CIUSSS de l'Estrie - CHUS,0,13,2,482.0
2023-2024,CIUSSS de l'Estrie - CHUS,0,13,3,298.0
2023-2024,CIUSSS de l'Estrie - CHUS,0,13,4,48.0
2023-2024,CIUSSS de l'Estrie - CHUS,0,13,5,64.0
2023-2024,CIUSSS de l'Estrie - CHUS,0,13,6,7.0
2023-2024,CIUSSS de l'Estrie - CHUS,0,13,7,3.0
2023-2024,CIUSSS de l'Estrie - CHUS,0,13,9,1036.0
2023-2024,CIUSSS de l'Estrie - CHUS,0,14,1,114.91
2023-2024,CIUSSS de l'Estrie - CHUS,0,14,2,444.07
2023-2024,CIUSSS de l'Estrie - CHUS,0,14,3,550.2
2023-2024,CIUSSS de l'Estrie - CHUS,0,14,4,481.94
2023-2024,CIUSSS de l'Estrie - CHUS,0,14,5,547.0
2023-2024,CIUSSS de l'Estrie - CHUS,0,14,6,619.71
2023-2024,CIUSSS de l'Estrie - CHUS,0,14,7,164.67
2023-2024,CIUSSS de l'Estrie - CHUS,0,14,9,440.51
2023-2024,CIUSSS de l'Estrie - CHUS,0,15,1,96.0
2023-2024,CIUSSS de l'Estrie - CHUS,0,15,2,365.0
2023-2024,CIUSSS de l'Estrie - CHUS,0,15,3,385.5
2023-2024,CIUSSS de l'Estrie - CHUS,0,15,4,292.5
2023-2024,CIUSSS de l'Estrie - CHUS,0,15,5,362.0
2023-2024,CIUSSS de l'Estrie - CHUS,0,15,6,731.0
2023-2024,CIUSSS de l'Estrie - CHUS,0,15,7,130.0
2023-2024,CIUSSS de l'Estrie - CHUS,0,15,9,315.5
2023-2024,CIUSSS de l'Ouest-de-l'Île-de-Montréal,0,1,4,4.0
2023-2024,CIUSSS de l'Ouest-de-l'Île-de-Montréal,0,1,5,1.0
2023-2024,CIUSSS de l'Ouest-de-l'Île-de-Montréal,0,1,9,5.0
2023-2024,CIUSSS de l'Ouest-de-l'Île-de-Montréal,0,2,1,0.0
2023-2024,CIUSSS de l'Ouest-de-l'Île-de-Montréal,0,2,2,0.0
2023-2024,CIUSSS de l'Ouest-de-l'Île-de-Montréal,0,2,3,0.0
2023-2024,CIUSSS de l'Ouest-de-l'Île-de-Montréal,0,2,4,124.5
2023-2024,CIUSSS de l'Ouest-de-l'Île-de-Montréal,0,2,5,1.0
2023-2024,CIUSSS de l'Ouest-de-l'Île-de-Montréal,0,2,6,0.0
2023-2024,CIUSSS de l'Ouest-de-l'Île-de-Montréal,0,2,7,0.0
2023-2024,CIUSSS de l'Ouest-de-l'Île-de-Montréal,0,2,8,0.0
2023-2024,CIUSSS de l'Ouest-de-l'Île-de-Montréal,0,2,9,99.8
2023-2024,CIUSSS de l'Ouest-de-l'Île-de-Montréal,0,3,1,0.0
2023-2024,CIUSSS de l'Ouest-de-l'Île-de-Montréal,0,3,2,0.0
2023-2024,CIUSSS de l'Ouest-de-l'Île-de-Montréal,0,3,3,0.0
2023-2024,CIUSSS de l'Ouest-de-l'Île-de-Montréal,0,3,4,130.0
2023-2024,CIUSSS de l'Ouest-de-l'Île-de-Montréal,0,3,5,1.0
2023-2024,CIUSSS de l'Ouest-de-l'Île-de-Montréal,0,3,6,0.0
2023-2024,CIUSSS de l'Ouest-de-l'Île-de-Montréal,0,3,7,0.0
2023-2024,CIUSSS de l'Ouest-de-l'Île-de-Montréal,0,3,8,0.0
2023-2024,CIUSSS de l'Ouest-de-l'Île-de-Montréal,0,3,9,129.0
2023-2024,CIUSSS de l'Ouest-de-l'Île-de-Montréal,0,4,4,5.0
2023-2024,CIUSSS de l'Ouest-de-l'Île-de-Montréal,0,4,5,4.0
2023-2024,CIUSSS de l'Ouest-de-l'Île-de-Montréal,0,4,9,9.0
2023-2024,CIUSSS de l'Ouest-de-l'Île-de-Montréal,0,5,1,0.0
2023-2024,CIUSSS de l'Ouest-de-l'Île-de-Montréal,0,5,2,0.0
2023-2024,CIUSSS de l'Ouest-de-l'Île-de-Montréal,0,5,3,0.0
2023-2024,CIUSSS de l'Ouest-de-l'Île-de-Montréal,0,5,4,364.4
2023-2024,CIUSSS de l'Ouest-de-l'Île-de-Montréal,0,5,5,380.5
2023-2024,CIUSSS de l'Ouest-de-l'Île-de-Montréal,0,5,6,0.0
2023-2024,CIUSSS de l'Ouest-de-l'Île-de-Montréal,0,5,7,0.0
2023-2024,CIUSSS de l'Ouest-de-l'Île-de-Montréal,0,5,8,0.0
2023-2024,CIUSSS de l'Ouest-de-l'Île-de-Montréal,0,5,9,371.56
2023-2024,CIUSSS de l'Ouest-de-l'Île-de-Montréal,0,6,1,0.0
2023-2024,CIUSSS de l'Ouest-de-l'Île-de-Montréal,0,6,2,0.0
2023-2024,CIUSSS de l'Ouest-de-l'Île-de-Montréal,0,6,3,0.0
2023-2024,CIUSSS de l'Ouest-de-l'Île-de-Montréal,0,6,4,362.0
2023-2024,CIUSSS de l'Ouest-de-l'Île-de-Montréal,0,6,5,434.0
2023-2024,CIUSSS de l'Ouest-de-l'Île-de-Montréal,0,6,6,0.0
2023-2024,CIUSSS de l'Ouest-de-l'Île-de-Montréal,0,6,7,0.0
2023-2024,CIUSSS de l'Ouest-de-l'Île-de-Montréal,0,6,8,0.0
2023-2024,CIUSSS de l'Ouest-de-l'Île-de-Montréal,0,6,9,362.0
2023-2024,CIUSSS de l'Ouest-de-l'Île-de-Montréal,0,7,1,4.0
2023-2024,CIUSSS de l'Ouest-de-l'Île-de-Montréal,0,7,2,19.0
2023-2024,CIUSSS de l'Ouest-de-l'Île-de-Montréal,0,7,3,32.0
2023-2024,CIUSSS de l'Ouest-de-l'Île-de-Montréal,0,7,4,14.0
2023-2024,CIUSSS de l'Ouest-de-l'Île-de-Montréal,0,7,5,38.0
2023-2024,CIUSSS de l'Ouest-de-l'Île-de-Montréal,0,7,6,2.0
2023-2024,CIUSSS de l'Ouest-de-l'Île-de-Montréal,0,7,9,109.0
2023-2024,CIUSSS de l'Ouest-de-l'Île-de-Montréal,0,8,1,395.75
2023-2024,CIUSSS de l'Ouest-de-l'Île-de-Montréal,0,8,2,990.74
2023-2024,CIUSSS de l'Ouest-de-l'Île-de-Montréal,0,8,3,1297.62
2023-2024,CIUSSS de l'Ouest-de-l'Île-de-Montréal,0,8,4,1076.79
2023-2024,CIUSSS de l'Ouest-de-l'Île-de-Montréal,0,8,5,1689.34
2023-2024,CIUSSS de l'Ouest-de-l'Île-de-Montréal,0,8,6,1370.5
2023-2024,CIUSSS de l'Ouest-de-l'Île-de-Montréal,0,8,7,0.0
2023-2024,CIUSSS de l'Ouest-de-l'Île-de-Montréal,0,8,8,0.0
2023-2024,CIUSSS de l'Ouest-de-l'Île-de-Montréal,0,8,9,1320.57
2023-2024,CIUSSS de l'Ouest-de-l'Île-de-Montréal,0,9,1,323.5
2023-2024,CIUSSS de l'Ouest-de-l'Île-de-Montréal,0,9,2,623.0
2023-2024,CIUSSS de l'Ouest-de-l'Île-de-Montréal,0,9,3,983.0
2023-2024,CIUSSS de l'Ouest-de-l'Île-de-Montréal,0,9,4,813.5
2023-2024,CIUSSS de l'Ouest-de-l'Île-de-Montréal,0,9,5,961.5
2023-2024,CIUSSS de l'Ouest-de-l'Île-de-Montréal,0,9,6,1370.5
2023-2024,CIUSSS de l'Ouest-de-l'Île-de-Montréal,0,9,7,0.0
2023-2024,CIUSSS de l'Ouest-de-l'Île-de-Montréal,0,9,8,0.0
2023-2024,CIUSSS de l'Ouest-de-l'Île-de-Montréal,0,9,9,893.0
2023-2024,CIUSSS de l'Ouest-de-l'Île-de-Montréal,0,10,1,181.0
2023-2024,CIUSSS de l'Ouest-de-l'Île-de-Montréal,0,10,2,388.0
2023-2024,CIUSSS de l'Ouest-de-l'Île-de-Montréal,0,10,3,160.0
2023-2024,CIUSSS de l'Ouest-de-l'Île-de-Montréal,0,10,4,46.0
2023-2024,CIUSSS de l'Ouest-de-l'Île-de-Montréal,0,10,5,78.0
2023-2024,CIUSSS de l'Ouest-de-l'Île-de-Montréal,0,10,6,12.0
2023-2024,CIUSSS de l'Ouest-de-l'Île-de-Montréal,0,10,9,865.0
2023-2024,CIUSSS de l'Ouest-de-l'Île-de-Montréal,0,11,1,358.77
2023-2024,CIUSSS de l'Ouest-de-l'Île-de-Montréal,0,11,2,785.95
2023-2024,CIUSSS de l'Ouest-de-l'Île-de-Montréal,0,11,3,1208.29
2023-2024,CIUSSS de l'Ouest-de-l'Île-de-Montréal,0,11,4,1075.24
2023-2024,CIUSSS de l'Ouest-de-l'Île-de-Montréal,0,11,5,1562.04
2023-2024,CIUSSS de l'Ouest-de-l'Île-de-Montréal,0,11,6,2219.33
2023-2024,CIUSSS de l'Ouest-de-l'Île-de-Montréal,0,11,7,0.0
2023-2024,CIUSSS de l'Ouest-de-l'Île-de-Montréal,0,11,8,0.0
2023-2024,CIUSSS de l'Ouest-de-l'Île-de-Montréal,0,11,9,879.94
2023-2024,CIUSSS de l'Ouest-de-l'Île-de-Montréal,0,12,1,305.0
2023-2024,CIUSSS de l'Ouest-de-l'Île-de-Montréal,0,12,2,614.0
2023-2024,CIUSSS de l'Ouest-de-l'Île-de-Montréal,0,12,3,1173.0
2023-2024,CIUSSS de l'Ouest-de-l'Île-de-Montréal,0,12,4,786.0
2023-2024,CIUSSS de l'Ouest-de-l'Île-de-Montréal,0,12,5,1222.0
2023-2024,CIUSSS de l'Ouest-de-l'Île-de-Montréal,0,12,6,2982.0
2023-2024,CIUSSS de l'Ouest-de-l'Île-de-Montréal,0,12,7,0.0
2023-2024,CIUSSS de l'Ouest-de-l'Île-de-Montréal,0,12,8,0.0
2023-2024,CIUSSS de l'Ouest-de-l'Île-de-Montréal,0,12,9,599.0
2023-2024,CIUSSS de l'Ouest-de-l'Île-de-Montréal,0,13,1,185.0
2023-2024,CIUSSS de l'Ouest-de-l'Île-de-Montréal,0,13,2,407.0
2023-2024,CIUSSS de l'Ouest-de-l'Île-de-Montréal,0,13,3,192.0
2023-2024,CIUSSS de l'Ouest-de-l'Île-de-Montréal,0,13,4,69.0
2023-2024,CIUSSS de l'Ouest-de-l'Île-de-Montréal,0,13,5,121.0
2023-2024,CIUSSS de l'Ouest-de-l'Île-de-Montréal,0,13,6,14.0
2023-2024,CIUSSS de l'Ouest-de-l'Île-de-Montréal,0,13,9,988.0
2023-2024,CIUSSS de l'Ouest-de-l'Île-de-Montréal,0,14,1,359.57
2023-2024,CIUSSS de l'Ouest-de-l'Île-de-Montréal,0,14,2,795.51
2023-2024,CIUSSS de l'Ouest-de-l'Île-de-Montréal,0,14,3,1223.18
2023-2024,CIUSSS de l'Ouest-de-l'Île-de-Montréal,0,14,4,968.93
2023-2024,CIUSSS de l'Ouest-de-l'Île-de-Montréal,0,14,5,1550.06
2023-2024,CIUSSS de l'Ouest-de-l'Île-de-Montréal,0,14,6,2098.07
2023-2024,CIUSSS de l'Ouest-de-l'Île-de-Montréal,0,14,7,0.0
2023-2024,CIUSSS de l'Ouest-de-l'Île-de-Montréal,0,14,8,0.0
2023-2024,CIUSSS de l'Ouest-de-l'Île-de-Montréal,0,14,9,919.97
2023-2024,CIUSSS de l'Ouest-de-l'Île-de-Montréal,0,15,1,305.0
2023-2024,CIUSSS de l'Ouest-de-l'Île-de-Montréal,0,15,2,614.0
2023-2024,CIUSSS de l'Ouest-de-l'Île-de-Montréal,0,15,3,1146.0
2023-2024,CIUSSS de l'Ouest-de-l'Île-de-Montréal,0,15,4,695.0
2023-2024,CIUSSS de l'Ouest-de-l'Île-de-Montréal,0,15,5,1035.0
2023-2024,CIUSSS de l'Ouest-de-l'Île-de-Montréal,0,15,6,2297.0
2023-2024,CIUSSS de l'Ouest-de-l'Île-de-Montréal,0,15,7,0.0
2023-2024,CIUSSS de l'Ouest-de-l'Île-de-Montréal,0,15,8,0.0
2023-2024,CIUSSS de l'Ouest-de-l'Île-de-Montréal,0,15,9,625.0
2023-2024,CIUSSS de la Capitale-Nationale,0,1,4,2.0
2023-2024,CIUSSS de la Capitale-Nationale,0,1,5,6.0
2023-2024,CIUSSS de la Capitale-Nationale,0,1,6,4.0
2023-2024,CIUSSS de la Capitale-Nationale,0,1,9,12.0
2023-2024,CIUSSS de la Capitale-Nationale,0,2,4,32.0
2023-2024,CIUSSS de la Capitale-Nationale,0,2,5,867.0
2023-2024,CIUSSS de la Capitale-Nationale,0,2,6,675.0
2023-2024,CIUSSS de la Capitale-Nationale,0,2,9,663.83
2023-2024,CIUSSS de la Capitale-Nationale,0,3,4,32.0
2023-2024,CIUSSS de la Capitale-Nationale,0,3,5,811.5
2023-2024,CIUSSS de la Capitale-Nationale,0,3,6,511.0
2023-2024,CIUSSS de la Capitale-Nationale,0,3,9,511.0
2023-2024,CIUSSS de la Capitale-Nationale,0,4,4,10.0
2023-2024,CIUSSS de la Capitale-Nationale,0,4,5,2.0
2023-2024,CIUSSS de la Capitale-Nationale,0,4,6,3.0
2023-2024,CIUSSS de la Capitale-Nationale,0,4,9,15.0
2023-2024,CIUSSS de la Capitale-Nationale,0,5,4,406.2
2023-2024,CIUSSS de la Capitale-Nationale,0,5,5,1080.0
2023-2024,CIUSSS de la Capitale-Nationale,0,5,6,885.67
2023-2024,CIUSSS de la Capitale-Nationale,0,5,9,591.93
2023-2024,CIUSSS de la Capitale-Nationale,0,6,4,269.0
2023-2024,CIUSSS de la Capitale-Nationale,0,6,5,1080.0
2023-2024,CIUSSS de la Capitale-Nationale,0,6,6,1041.0
2023-2024,CIUSSS de la Capitale-Nationale,0,6,9,346.0
2023-2024,CIUSSS de la Capitale-Nationale,0,7,3,6.0
2023-2024,CIUSSS de la Capitale-Nationale,0,7,4,3.0
2023-2024,CIUSSS de la Capitale-Nationale,0,7,5,4.0
2023-2024,CIUSSS de la Capitale-Nationale,0,7,6,1.0
2023-2024,CIUSSS de la Capitale-Nationale,0,7,9,14.0
2023-2024,CIUSSS de la Capitale-Nationale,0,8,3,460.83
2023-2024,CIUSSS de la Capitale-Nationale,0,8,4,1472.67
2023-2024,CIUSSS de la Capitale-Nationale,0,8,5,2305.5
2023-2024,CIUSSS de la Capitale-Nationale,0,8,6,1575.0
2023-2024,CIUSSS de la Capitale-Nationale,0,8,9,1284.28
2023-2024,CIUSSS de la Capitale-Nationale,0,9,3,372.0
2023-2024,CIUSSS de la Capitale-Nationale,0,9,4,1459.0
2023-2024,CIUSSS de la Capitale-Nationale,0,9,5,2254.5
2023-2024,CIUSSS de la Capitale-Nationale,0,9,6,1575.0
2023-2024,CIUSSS de la Capitale-Nationale,0,9,9,1246.5
2023-2024,CIUSSS de la Capitale-Nationale,0,10,1,40.0
2023-2024,CIUSSS de la Capitale-Nationale,0,10,2,40.0
2023-2024,CIUSSS de la Capitale-Nationale,0,10,3,55.0
2023-2024,CIUSSS de la Capitale-Nationale,0,10,4,23.0
2023-2024,CIUSSS de la Capitale-Nationale,0,10,5,34.0
2023-2024,CIUSSS de la Capitale-Nationale,0,10,6,10.0
2023-2024,CIUSSS de la Capitale-Nationale,0,10,7,1.0
2023-2024,CIUSSS de la Capitale-Nationale,0,10,9,203.0
2023-2024,CIUSSS de la Capitale-Nationale,0,11,1,70.15
2023-2024,CIUSSS de la Capitale-Nationale,0,11,2,538.42
2023-2024,CIUSSS de la Capitale-Nationale,0,11,3,1013.69
2023-2024,CIUSSS de la Capitale-Nationale,0,11,4,729.87
2023-2024,CIUSSS de la Capitale-Nationale,0,11,5,440.32
2023-2024,CIUSSS de la Capitale-Nationale,0,11,6,335.8
2023-2024,CIUSSS de la Capitale-Nationale,0,11,7,255.0
2023-2024,CIUSSS de la Capitale-Nationale,0,11,9,568.8
2023-2024,CIUSSS de la Capitale-Nationale,0,12,1,34.5
2023-2024,CIUSSS de la Capitale-Nationale,0,12,2,522.5
2023-2024,CIUSSS de la Capitale-Nationale,0,12,3,1052.0
2023-2024,CIUSSS de la Capitale-Nationale,0,12,4,633.0
2023-2024,CIUSSS de la Capitale-Nationale,0,12,5,431.0
2023-2024,CIUSSS de la Capitale-Nationale,0,12,6,411.5
2023-2024,CIUSSS de la Capitale-Nationale,0,12,7,255.0
2023-2024,CIUSSS de la Capitale-Nationale,0,12,9,440.0
2023-2024,CIUSSS de la Capitale-Nationale,0,13,1,40.0
2023-2024,CIUSSS de la Capitale-Nationale,0,13,2,40.0
2023-2024,CIUSSS de la Capitale-Nationale,0,13,3,61.0
2023-2024,CIUSSS de la Capitale-Nationale,0,13,4,38.0
2023-2024,CIUSSS de la Capitale-Nationale,0,13,5,46.0
2023-2024,CIUSSS de la Capitale-Nationale,0,13,6,18.0
2023-2024,CIUSSS de la Capitale-Nationale,0,13,7,1.0
2023-2024,CIUSSS de la Capitale-Nationale,0,13,9,244.0
2023-2024,CIUSSS de la Capitale-Nationale,0,14,1,70.15
2023-2024,CIUSSS de la Capitale-Nationale,0,14,2,538.42
2023-2024,CIUSSS de la Capitale-Nationale,0,14,3,959.31
2023-2024,CIUSSS de la Capitale-Nationale,0,14,4,666.6
2023-2024,CIUSSS de la Capitale-Nationale,0,14,5,685.9
2023-2024,CIUSSS de la Capitale-Nationale,0,14,6,571.66
2023-2024,CIUSSS de la Capitale-Nationale,0,14,7,255.0
2023-2024,CIUSSS de la Capitale-Nationale,0,14,9,615.9
2023-2024,CIUSSS de la Capitale-Nationale,0,15,1,34.5
2023-2024,CIUSSS de la Capitale-Nationale,0,15,2,522.5
2023-2024,CIUSSS de la Capitale-Nationale,0,15,3,955.0
2023-2024,CIUSSS de la Capitale-Nationale,0,15,4,603.5
2023-2024,CIUSSS de la Capitale-Nationale,0,15,5,507.0
2023-2024,CIUSSS de la Capitale-Nationale,0,15,6,475.5
2023-2024,CIUSSS de la Capitale-Nationale,0,15,7,255.0
2023-2024,CIUSSS de la Capitale-Nationale,0,15,9,511.0
2023-2024,CIUSSS de la Mauricie-et-du-Centre-du-Québec,0,1,3,1.0
2023-2024,CIUSSS de la Mauricie-et-du-Centre-du-Québec,0,1,4,4.0
2023-2024,CIUSSS de la Mauricie-et-du-Centre-du-Québec,0,1,5,1.0
2023-2024,CIUSSS de la Mauricie-et-du-Centre-du-Québec,0,1,9,6.0
2023-2024,CIUSSS de la Mauricie-et-du-Centre-du-Québec,0,2,3,171.0
2023-2024,CIUSSS de la Mauricie-et-du-Centre-du-Québec,0,2,4,274.0
2023-2024,CIUSSS de la Mauricie-et-du-Centre-du-Québec,0,2,5,31.0
2023-2024,CIUSSS de la Mauricie-et-du-Centre-du-Québec,0,2,9,216.33
2023-2024,CIUSSS de la Mauricie-et-du-Centre-du-Québec,0,3,3,171.0
2023-2024,CIUSSS de la Mauricie-et-du-Centre-du-Québec,0,3,4,263.5
2023-2024,CIUSSS de la Mauricie-et-du-Centre-du-Québec,0,3,5,31.0
2023-2024,CIUSSS de la Mauricie-et-du-Centre-du-Québec,0,3,9,174.0
2023-2024,CIUSSS de la Mauricie-et-du-Centre-du-Québec,0,4,3,10.0
2023-2024,CIUSSS de la Mauricie-et-du-Centre-du-Québec,0,4,4,9.0
2023-2024,CIUSSS de la Mauricie-et-du-Centre-du-Québec,0,4,5,10.0
2023-2024,CIUSSS de la Mauricie-et-du-Centre-du-Québec,0,4,6,1.0
2023-2024,CIUSSS de la Mauricie-et-du-Centre-du-Québec,0,4,9,30.0
2023-2024,CIUSSS de la Mauricie-et-du-Centre-du-Québec,0,5,3,212.3
2023-2024,CIUSSS de la Mauricie-et-du-Centre-du-Québec,0,5,4,183.33
2023-2024,CIUSSS de la Mauricie-et-du-Centre-du-Québec,0,5,5,230.6
2023-2024,CIUSSS de la Mauricie-et-du-Centre-du-Québec,0,5,6,103.0
2023-2024,CIUSSS de la Mauricie-et-du-Centre-du-Québec,0,5,9,206.06
2023-2024,CIUSSS de la Mauricie-et-du-Centre-du-Québec,0,6,3,114.0
2023-2024,CIUSSS de la Mauricie-et-du-Centre-du-Québec,0,6,4,173.0
2023-2024,CIUSSS de la Mauricie-et-du-Centre-du-Québec,0,6,5,131.5
2023-2024,CIUSSS de la Mauricie-et-du-Centre-du-Québec,0,6,6,103.0
2023-2024,CIUSSS de la Mauricie-et-du-Centre-du-Québec,0,6,9,124.0
2023-2024,CIUSSS de la Mauricie-et-du-Centre-du-Québec,0,7,2,2.0
2023-2024,CIUSSS de la Mauricie-et-du-Centre-du-Québec,0,7,3,3.0
2023-2024,CIUSSS de la Mauricie-et-du-Centre-du-Québec,0,7,4,2.0
2023-2024,CIUSSS de la Mauricie-et-du-Centre-du-Québec,0,7,5,1.0
2023-2024,CIUSSS de la Mauricie-et-du-Centre-du-Québec,0,7,9,8.0
2023-2024,CIUSSS de la Mauricie-et-du-Centre-du-Québec,0,8,2,647.0
2023-2024,CIUSSS de la Mauricie-et-du-Centre-du-Québec,0,8,3,1779.66
2023-2024,CIUSSS de la Mauricie-et-du-Centre-du-Québec,0,8,4,1069.0
2023-2024,CIUSSS de la Mauricie-et-du-Centre-du-Québec,0,8,5,593.0
2023-2024,CIUSSS de la Mauricie-et-du-Centre-du-Québec,0,8,9,1170.5
2023-2024,CIUSSS de la Mauricie-et-du-Centre-du-Québec,0,9,2,647.0
2023-2024,CIUSSS de la Mauricie-et-du-Centre-du-Québec,0,9,3,2331.0
2023-2024,CIUSSS de la Mauricie-et-du-Centre-du-Québec,0,9,4,1069.0
2023-2024,CIUSSS de la Mauricie-et-du-Centre-du-Québec,0,9,5,593.0
2023-2024,CIUSSS de la Mauricie-et-du-Centre-du-Québec,0,9,9,1035.0
2023-2024,CIUSSS de la Mauricie-et-du-Centre-du-Québec,0,10,1,35.0
2023-2024,CIUSSS de la Mauricie-et-du-Centre-du-Québec,0,10,2,326.0
2023-2024,CIUSSS de la Mauricie-et-du-Centre-du-Québec,0,10,3,171.0
2023-2024,CIUSSS de la Mauricie-et-du-Centre-du-Québec,0,10,4,44.0
2023-2024,CIUSSS de la Mauricie-et-du-Centre-du-Québec,0,10,5,50.0
2023-2024,CIUSSS de la Mauricie-et-du-Centre-du-Québec,0,10,6,5.0
2023-2024,CIUSSS de la Mauricie-et-du-Centre-du-Québec,0,10,8,1.0
2023-2024,CIUSSS de la Mauricie-et-du-Centre-du-Québec,0,10,9,632.0
2023-2024,CIUSSS de la Mauricie-et-du-Centre-du-Québec,0,11,1,81.05
2023-2024,CIUSSS de la Mauricie-et-du-Centre-du-Québec,0,11,2,199.49
2023-2024,CIUSSS de la Mauricie-et-du-Centre-du-Québec,0,11,3,189.49
2023-2024,CIUSSS de la Mauricie-et-du-Centre-du-Québec,0,11,4,180.18
2023-2024,CIUSSS de la Mauricie-et-du-Centre-du-Québec,0,11,5,341.8
2023-2024,CIUSSS de la Mauricie-et-du-Centre-du-Québec,0,11,6,332.2
2023-2024,CIUSSS de la Mauricie-et-du-Centre-du-Québec,0,11,8,314.0
2023-2024,CIUSSS de la Mauricie-et-du-Centre-du-Québec,0,11,9,201.35
2023-2024,CIUSSS de la Mauricie-et-du-Centre-du-Québec,0,12,1,54.0
2023-2024,CIUSSS de la Mauricie-et-du-Centre-du-Québec,0,12,2,164.0
2023-2024,CIUSSS de la Mauricie-et-du-Centre-du-Québec,0,12,3,145.5
2023-2024,CIUSSS de la Mauricie-et-du-Centre-du-Québec,0,12,4,138.5
2023-2024,CIUSSS de la Mauricie-et-du-Centre-du-Québec,0,12,5,261.5
2023-2024,CIUSSS de la Mauricie-et-du-Centre-du-Québec,0,12,6,366.0
2023-2024,CIUSSS de la Mauricie-et-du-Centre-du-Québec,0,12,8,314.0
2023-2024,CIUSSS de la Mauricie-et-du-Centre-du-Québec,0,12,9,154.0
2023-2024,CIUSSS de la Mauricie-et-du-Centre-du-Québec,0,13,1,35.0
2023-2024,CIUSSS de la Mauricie-et-du-Centre-du-Québec,0,13,2,328.0
2023-2024,CIUSSS de la Mauricie-et-du-Centre-du-Québec,0,13,3,185.0
2023-2024,CIUSSS de la Mauricie-et-du-Centre-du-Québec,0,13,4,59.0
2023-2024,CIUSSS de la Mauricie-et-du-Centre-du-Québec,0,13,5,62.0
2023-2024,CIUSSS de la Mauricie-et-du-Centre-du-Québec,0,13,6,6.0
2023-2024,CIUSSS de la Mauricie-et-du-Centre-du-Québec,0,13,8,1.0
2023-2024,CIUSSS de la Mauricie-et-du-Centre-du-Québec,0,13,9,676.0
2023-2024,CIUSSS de la Mauricie-et-du-Centre-du-Québec,0,14,1,81.05
2023-2024,CIUSSS de la Mauricie-et-du-Centre-du-Québec,0,14,2,202.21
2023-2024,CIUSSS de la Mauricie-et-du-Centre-du-Québec,0,14,3,216.26
2023-2024,CIUSSS de la Mauricie-et-du-Centre-du-Québec,0,14,4,217.15
2023-2024,CIUSSS de la Mauricie-et-du-Centre-du-Québec,0,14,5,322.9
2023-2024,CIUSSS de la Mauricie-et-du-Centre-du-Québec,0,14,6,294.0
2023-2024,CIUSSS de la Mauricie-et-du-Centre-du-Québec,0,14,8,314.0
2023-2024,CIUSSS de la Mauricie-et-du-Centre-du-Québec,0,14,9,213.14
2023-2024,CIUSSS de la Mauricie-et-du-Centre-du-Québec,0,15,1,54.0
2023-2024,CIUSSS de la Mauricie-et-du-Centre-du-Québec,0,15,2,164.0
2023-2024,CIUSSS de la Mauricie-et-du-Centre-du-Québec,0,15,3,145.0
2023-2024,CIUSSS de la Mauricie-et-du-Centre-du-Québec,0,15,4,151.0
2023-2024,CIUSSS de la Mauricie-et-du-Centre-du-Québec,0,15,5,253.0
2023-2024,CIUSSS de la Mauricie-et-du-Centre-du-Québec,0,15,6,257.5
2023-2024,CIUSSS de la Mauricie-et-du-Centre-du-Québec,0,15,8,314.0
2023-2024,CIUSSS de la Mauricie-et-du-Centre-du-Québec,0,15,9,156.0
2023-2024,CIUSSS du Centre-Ouest-de-l'Île-de-Montréal,0,1,4,3.0
2023-2024,CIUSSS du Centre-Ouest-de-l'Île-de-Montréal,0,1,5,11.0
2023-2024,CIUSSS du Centre-Ouest-de-l'Île-de-Montréal,0,1,6,3.0
2023-2024,CIUSSS du Centre-Ouest-de-l'Île-de-Montréal,0,1,7,1.0
2023-2024,CIUSSS du Centre-Ouest-de-l'Île-de-Montréal,0,1,9,18.0
2023-2024,CIUSSS du Centre-Ouest-de-l'Île-de-Montréal,0,2,4,594.33
2023-2024,CIUSSS du Centre-Ouest-de-l'Île-de-Montréal,0,2,5,1118.27
2023-2024,CIUSSS du Centre-Ouest-de-l'Île-de-Montréal,0,2,6,1827.0
2023-2024,CIUSSS du Centre-Ouest-de-l'Île-de-Montréal,0,2,7,4487.0
2023-2024,CIUSSS du Centre-Ouest-de-l'Île-de-Montréal,0,2,8,0.0
2023-2024,CIUSSS du Centre-Ouest-de-l'Île-de-Montréal,0,2,9,1336.22
2023-2024,CIUSSS du Centre-Ouest-de-l'Île-de-Montréal,0,3,4,399.0
2023-2024,CIUSSS du Centre-Ouest-de-l'Île-de-Montréal,0,3,5,1148.0
2023-2024,CIUSSS du Centre-Ouest-de-l'Île-de-Montréal,0,3,6,753.0
2023-2024,CIUSSS du Centre-Ouest-de-l'Île-de-Montréal,0,3,7,4487.0
2023-2024,CIUSSS du Centre-Ouest-de-l'Île-de-Montréal,0,3,8,0.0
2023-2024,CIUSSS du Centre-Ouest-de-l'Île-de-Montréal,0,3,9,1015.0
2023-2024,CIUSSS du Centre-Ouest-de-l'Île-de-Montréal,0,4,3,1.0
2023-2024,CIUSSS du Centre-Ouest-de-l'Île-de-Montréal,0,4,4,15.0
2023-2024,CIUSSS du Centre-Ouest-de-l'Île-de-Montréal,0,4,5,30.0
2023-2024,CIUSSS du Centre-Ouest-de-l'Île-de-Montréal,0,4,6,5.0
2023-2024,CIUSSS du Centre-Ouest-de-l'Île-de-Montréal,0,4,9,51.0
2023-2024,CIUSSS du Centre-Ouest-de-l'Île-de-Montréal,0,5,3,269.0
2023-2024,CIUSSS du Centre-Ouest-de-l'Île-de-Montréal,0,5,4,359.0
2023-2024,CIUSSS du Centre-Ouest-de-l'Île-de-Montréal,0,5,5,669.9
2023-2024,CIUSSS du Centre-Ouest-de-l'Île-de-Montréal,0,5,6,480.4
2023-2024,CIUSSS du Centre-Ouest-de-l'Île-de-Montréal,0,5,7,0.0
2023-2024,CIUSSS du Centre-Ouest-de-l'Île-de-Montréal,0,5,8,0.0
2023-2024,CIUSSS du Centre-Ouest-de-l'Île-de-Montréal,0,5,9,552.02
2023-2024,CIUSSS du Centre-Ouest-de-l'Île-de-Montréal,0,6,3,269.0
2023-2024,CIUSSS du Centre-Ouest-de-l'Île-de-Montréal,0,6,4,332.0
2023-2024,CIUSSS du Centre-Ouest-de-l'Île-de-Montréal,0,6,5,522.5
2023-2024,CIUSSS du Centre-Ouest-de-l'Île-de-Montréal,0,6,6,543.0
2023-2024,CIUSSS du Centre-Ouest-de-l'Île-de-Montréal,0,6,7,0.0
2023-2024,CIUSSS du Centre-Ouest-de-l'Île-de-Montréal,0,6,8,0.0
2023-2024,CIUSSS du Centre-Ouest-de-l'Île-de-Montréal,0,6,9,424.0
2023-2024,CIUSSS du Centre-Ouest-de-l'Île-de-Montréal,0,7,1,6.0
2023-2024,CIUSSS du Centre-Ouest-de-l'Île-de-Montréal,0,7,2,34.0
2023-2024,CIUSSS du Centre-Ouest-de-l'Île-de-Montréal,0,7,3,18.0
2023-2024,CIUSSS du Centre-Ouest-de-l'Île-de-Montréal,0,7,4,13.0
2023-2024,CIUSSS du Centre-Ouest-de-l'Île-de-Montréal,0,7,5,34.0
2023-2024,CIUSSS du Centre-Ouest-de-l'Île-de-Montréal,0,7,6,5.0
2023-2024,CIUSSS du Centre-Ouest-de-l'Île-de-Montréal,0,7,9,110.0
2023-2024,CIUSSS du Centre-Ouest-de-l'Île-de-Montréal,0,8,1,223.5
2023-2024,CIUSSS du Centre-Ouest-de-l'Île-de-Montréal,0,8,2,452.85
2023-2024,CIUSSS du Centre-Ouest-de-l'Île-de-Montréal,0,8,3,480.72
2023-2024,CIUSSS du Centre-Ouest-de-l'Île-de-Montréal,0,8,4,591.85
2023-2024,CIUSSS du Centre-Ouest-de-l'Île-de-Montréal,0,8,5,1208.71
2023-2024,CIUSSS du Centre-Ouest-de-l'Île-de-Montréal,0,8,6,138.0
2023-2024,CIUSSS du Centre-Ouest-de-l'Île-de-Montréal,0,8,7,0.0
2023-2024,CIUSSS du Centre-Ouest-de-l'Île-de-Montréal,0,8,8,0.0
2023-2024,CIUSSS du Centre-Ouest-de-l'Île-de-Montréal,0,8,9,680.65
2023-2024,CIUSSS du Centre-Ouest-de-l'Île-de-Montréal,0,9,1,193.5
2023-2024,CIUSSS du Centre-Ouest-de-l'Île-de-Montréal,0,9,2,447.0
2023-2024,CIUSSS du Centre-Ouest-de-l'Île-de-Montréal,0,9,3,403.0
2023-2024,CIUSSS du Centre-Ouest-de-l'Île-de-Montréal,0,9,4,397.0
2023-2024,CIUSSS du Centre-Ouest-de-l'Île-de-Montréal,0,9,5,1204.0
2023-2024,CIUSSS du Centre-Ouest-de-l'Île-de-Montréal,0,9,6,109.0
2023-2024,CIUSSS du Centre-Ouest-de-l'Île-de-Montréal,0,9,7,0.0
2023-2024,CIUSSS du Centre-Ouest-de-l'Île-de-Montréal,0,9,8,0.0
2023-2024,CIUSSS du Centre-Ouest-de-l'Île-de-Montréal,0,9,9,461.0
2023-2024,CIUSSS du Centre-Ouest-de-l'Île-de-Montréal,0,10,1,204.0
2023-2024,CIUSSS du Centre-Ouest-de-l'Île-de-Montréal,0,10,2,359.0
2023-2024,CIUSSS du Centre-Ouest-de-l'Île-de-Montréal,0,10,3,159.0
2023-2024,CIUSSS du Centre-Ouest-de-l'Île-de-Montréal,0,10,4,48.0
2023-2024,CIUSSS du Centre-Ouest-de-l'Île-de-Montréal,0,10,5,63.0
2023-2024,CIUSSS du Centre-Ouest-de-l'Île-de-Montréal,0,10,6,12.0
2023-2024,CIUSSS du Centre-Ouest-de-l'Île-de-Montréal,0,10,9,845.0
2023-2024,CIUSSS du Centre-Ouest-de-l'Île-de-Montréal,0,11,1,196.42
2023-2024,CIUSSS du Centre-Ouest-de-l'Île-de-Montréal,0,11,2,413.74
2023-2024,CIUSSS du Centre-Ouest-de-l'Île-de-Montréal,0,11,3,568.84
2023-2024,CIUSSS du Centre-Ouest-de-l'Île-de-Montréal,0,11,4,500.4
2023-2024,CIUSSS du Centre-Ouest-de-l'Île-de-Montréal,0,11,5,393.21
2023-2024,CIUSSS du Centre-Ouest-de-l'Île-de-Montréal,0,11,6,237.45
2023-2024,CIUSSS du Centre-Ouest-de-l'Île-de-Montréal,0,11,7,0.0
2023-2024,CIUSSS du Centre-Ouest-de-l'Île-de-Montréal,0,11,8,0.0
2023-2024,CIUSSS du Centre-Ouest-de-l'Île-de-Montréal,0,11,9,391.53
2023-2024,CIUSSS du Centre-Ouest-de-l'Île-de-Montréal,0,12,1,158.5
2023-2024,CIUSSS du Centre-Ouest-de-l'Île-de-Montréal,0,12,2,279.0
2023-2024,CIUSSS du Centre-Ouest-de-l'Île-de-Montréal,0,12,3,396.0
2023-2024,CIUSSS du Centre-Ouest-de-l'Île-de-Montréal,0,12,4,332.0
2023-2024,CIUSSS du Centre-Ouest-de-l'Île-de-Montréal,0,12,5,355.5
2023-2024,CIUSSS du Centre-Ouest-de-l'Île-de-Montréal,0,12,6,160.0
2023-2024,CIUSSS du Centre-Ouest-de-l'Île-de-Montréal,0,12,7,0.0
2023-2024,CIUSSS du Centre-Ouest-de-l'Île-de-Montréal,0,12,8,0.0
2023-2024,CIUSSS du Centre-Ouest-de-l'Île-de-Montréal,0,12,9,269.0
2023-2024,CIUSSS du Centre-Ouest-de-l'Île-de-Montréal,0,13,1,210.0
2023-2024,CIUSSS du Centre-Ouest-de-l'Île-de-Montréal,0,13,2,393.0
2023-2024,CIUSSS du Centre-Ouest-de-l'Île-de-Montréal,0,13,3,178.0
2023-2024,CIUSSS du Centre-Ouest-de-l'Île-de-Montréal,0,13,4,79.0
2023-2024,CIUSSS du Centre-Ouest-de-l'Île-de-Montréal,0,13,5,138.0
2023-2024,CIUSSS du Centre-Ouest-de-l'Île-de-Montréal,0,13,6,25.0
2023-2024,CIUSSS du Centre-Ouest-de-l'Île-de-Montréal,0,13,7,1.0
2023-2024,CIUSSS du Centre-Ouest-de-l'Île-de-Montréal,0,13,9,1024.0
2023-2024,CIUSSS du Centre-Ouest-de-l'Île-de-Montréal,0,14,1,197.19
2023-2024,CIUSSS du Centre-Ouest-de-l'Île-de-Montréal,0,14,2,417.12
2023-2024,CIUSSS du Centre-Ouest-de-l'Île-de-Montréal,0,14,3,558.25
2023-2024,CIUSSS du Centre-Ouest-de-l'Île-de-Montréal,0,14,4,492.16
2023-2024,CIUSSS du Centre-Ouest-de-l'Île-de-Montréal,0,14,5,714.4
2023-2024,CIUSSS du Centre-Ouest-de-l'Île-de-Montréal,0,14,6,466.04
2023-2024,CIUSSS du Centre-Ouest-de-l'Île-de-Montréal,0,14,7,4487.0
2023-2024,CIUSSS du Centre-Ouest-de-l'Île-de-Montréal,0,14,8,0.0
2023-2024,CIUSSS du Centre-Ouest-de-l'Île-de-Montréal,0,14,9,447.29
2023-2024,CIUSSS du Centre-Ouest-de-l'Île-de-Montréal,0,15,1,158.5
2023-2024,CIUSSS du Centre-Ouest-de-l'Île-de-Montréal,0,15,2,290.0
2023-2024,CIUSSS du Centre-Ouest-de-l'Île-de-Montréal,0,15,3,389.5
2023-2024,CIUSSS du Centre-Ouest-de-l'Île-de-Montréal,0,15,4,340.0
2023-2024,CIUSSS du Centre-Ouest-de-l'Île-de-Montréal,0,15,5,489.0
2023-2024,CIUSSS du Centre-Ouest-de-l'Île-de-Montréal,0,15,6,190.5
2023-2024,CIUSSS du Centre-Ouest-de-l'Île-de-Montréal,0,15,7,4487.0
2023-2024,CIUSSS du Centre-Ouest-de-l'Île-de-Montréal,0,15,8,0.0
2023-2024,CIUSSS du Centre-Ouest-de-l'Île-de-Montréal,0,15,9,286.0
2023-2024,CIUSSS du Centre-Sud-de-l'Île-de-Montréal,0,1,4,14.0
2023-2024,CIUSSS du Centre-Sud-de-l'Île-de-Montréal,0,1,5,27.0
2023-2024,CIUSSS du Centre-Sud-de-l'Île-de-Montréal,0,1,6,3.0
2023-2024,CIUSSS du Centre-Sud-de-l'Île-de-Montréal,0,1,9,44.0
2023-2024,CIUSSS du Centre-Sud-de-l'Île-de-Montréal,0,2,4,277.79
2023-2024,CIUSSS du Centre-Sud-de-l'Île-de-Montréal,0,2,5,1897.78
2023-2024,CIUSSS du Centre-Sud-de-l'Île-de-Montréal,0,2,6,1300.0
2023-2024,CIUSSS du Centre-Sud-de-l'Île-de-Montréal,0,2,7,0.0
2023-2024,CIUSSS du Centre-Sud-de-l'Île-de-Montréal,0,2,8,0.0
2023-2024,CIUSSS du Centre-Sud-de-l'Île-de-Montréal,0,2,9,1341.57
2023-2024,CIUSSS du Centre-Sud-de-l'Île-de-Montréal,0,3,4,165.5
2023-2024,CIUSSS du Centre-Sud-de-l'Île-de-Montréal,0,3,5,1971.0
2023-2024,CIUSSS du Centre-Sud-de-l'Île-de-Montréal,0,3,6,1042.0
2023-2024,CIUSSS du Centre-Sud-de-l'Île-de-Montréal,0,3,7,0.0
2023-2024,CIUSSS du Centre-Sud-de-l'Île-de-Montréal,0,3,8,0.0
2023-2024,CIUSSS du Centre-Sud-de-l'Île-de-Montréal,0,3,9,1060.0
2023-2024,CIUSSS du Centre-Sud-de-l'Île-de-Montréal,0,4,3,3.0
2023-2024,CIUSSS du Centre-Sud-de-l'Île-de-Montréal,0,4,4,20.0
2023-2024,CIUSSS du Centre-Sud-de-l'Île-de-Montréal,0,4,5,60.0
2023-2024,CIUSSS du Centre-Sud-de-l'Île-de-Montréal,0,4,6,7.0
2023-2024,CIUSSS du Centre-Sud-de-l'Île-de-Montréal,0,4,9,90.0
2023-2024,CIUSSS du Centre-Sud-de-l'Île-de-Montréal,0,5,3,196.33
2023-2024,CIUSSS du Centre-Sud-de-l'Île-de-Montréal,0,5,4,379.85
2023-2024,CIUSSS du Centre-Sud-de-l'Île-de-Montréal,0,5,5,1782.7
2023-2024,CIUSSS du Centre-Sud-de-l'Île-de-Montréal,0,5,6,2343.57
2023-2024,CIUSSS du Centre-Sud-de-l'Île-de-Montréal,0,5,7,0.0
2023-2024,CIUSSS du Centre-Sud-de-l'Île-de-Montréal,0,5,8,0.0
2023-2024,CIUSSS du Centre-Sud-de-l'Île-de-Montréal,0,5,9,1461.7
2023-2024,CIUSSS du Centre-Sud-de-l'Île-de-Montréal,0,6,3,174.0
2023-2024,CIUSSS du Centre-Sud-de-l'Île-de-Montréal,0,6,4,247.0
2023-2024,CIUSSS du Centre-Sud-de-l'Île-de-Montréal,0,6,5,1406.0
2023-2024,CIUSSS du Centre-Sud-de-l'Île-de-Montréal,0,6,6,2660.0
2023-2024,CIUSSS du Centre-Sud-de-l'Île-de-Montréal,0,6,7,0.0
2023-2024,CIUSSS du Centre-Sud-de-l'Île-de-Montréal,0,6,8,0.0
2023-2024,CIUSSS du Centre-Sud-de-l'Île-de-Montréal,0,6,9,1007.5
2023-2024,CIUSSS du Centre-Sud-de-l'Île-de-Montréal,0,7,1,3.0
2023-2024,CIUSSS du Centre-Sud-de-l'Île-de-Montréal,0,7,2,25.0
2023-2024,CIUSSS du Centre-Sud-de-l'Île-de-Montréal,0,7,3,24.0
2023-2024,CIUSSS du Centre-Sud-de-l'Île-de-Montréal,0,7,4,8.0
2023-2024,CIUSSS du Centre-Sud-de-l'Île-de-Montréal,0,7,5,33.0
2023-2024,CIUSSS du Centre-Sud-de-l'Île-de-Montréal,0,7,6,3.0
2023-2024,CIUSSS du Centre-Sud-de-l'Île-de-Montréal,0,7,9,96.0
2023-2024,CIUSSS du Centre-Sud-de-l'Île-de-Montréal,0,8,1,276.33
2023-2024,CIUSSS du Centre-Sud-de-l'Île-de-Montréal,0,8,2,242.92
2023-2024,CIUSSS du Centre-Sud-de-l'Île-de-Montréal,0,8,3,399.21
2023-2024,CIUSSS du Centre-Sud-de-l'Île-de-Montréal,0,8,4,311.62
2023-2024,CIUSSS du Centre-Sud-de-l'Île-de-Montréal,0,8,5,1832.45
2023-2024,CIUSSS du Centre-Sud-de-l'Île-de-Montréal,0,8,6,824.0
2023-2024,CIUSSS du Centre-Sud-de-l'Île-de-Montréal,0,8,7,0.0
2023-2024,CIUSSS du Centre-Sud-de-l'Île-de-Montréal,0,8,8,0.0
2023-2024,CIUSSS du Centre-Sud-de-l'Île-de-Montréal,0,8,9,853.32
2023-2024,CIUSSS du Centre-Sud-de-l'Île-de-Montréal,0,9,1,278.0
2023-2024,CIUSSS du Centre-Sud-de-l'Île-de-Montréal,0,9,2,119.0
2023-2024,CIUSSS du Centre-Sud-de-l'Île-de-Montréal,0,9,3,138.5
2023-2024,CIUSSS du Centre-Sud-de-l'Île-de-Montréal,0,9,4,173.0
2023-2024,CIUSSS du Centre-Sud-de-l'Île-de-Montréal,0,9,5,901.0
2023-2024,CIUSSS du Centre-Sud-de-l'Île-de-Montréal,0,9,6,54.0
2023-2024,CIUSSS du Centre-Sud-de-l'Île-de-Montréal,0,9,7,0.0
2023-2024,CIUSSS du Centre-Sud-de-l'Île-de-Montréal,0,9,8,0.0
2023-2024,CIUSSS du Centre-Sud-de-l'Île-de-Montréal,0,9,9,174.0
2023-2024,CIUSSS du Centre-Sud-de-l'Île-de-Montréal,0,10,1,459.0
2023-2024,CIUSSS du Centre-Sud-de-l'Île-de-Montréal,0,10,2,312.0
2023-2024,CIUSSS du Centre-Sud-de-l'Île-de-Montréal,0,10,3,44.0
2023-2024,CIUSSS du Centre-Sud-de-l'Île-de-Montréal,0,10,4,29.0
2023-2024,CIUSSS du Centre-Sud-de-l'Île-de-Montréal,0,10,5,67.0
2023-2024,CIUSSS du Centre-Sud-de-l'Île-de-Montréal,0,10,6,8.0
2023-2024,CIUSSS du Centre-Sud-de-l'Île-de-Montréal,0,10,9,919.0
2023-2024,CIUSSS du Centre-Sud-de-l'Île-de-Montréal,0,11,1,157.33
2023-2024,CIUSSS du Centre-Sud-de-l'Île-de-Montréal,0,11,2,357.49
2023-2024,CIUSSS du Centre-Sud-de-l'Île-de-Montréal,0,11,3,613.18
2023-2024,CIUSSS du Centre-Sud-de-l'Île-de-Montréal,0,11,4,369.72
2023-2024,CIUSSS du Centre-Sud-de-l'Île-de-Montréal,0,11,5,708.49
2023-2024,CIUSSS du Centre-Sud-de-l'Île-de-Montréal,0,11,6,288.12
2023-2024,CIUSSS du Centre-Sud-de-l'Île-de-Montréal,0,11,7,0.0
2023-2024,CIUSSS du Centre-Sud-de-l'Île-de-Montréal,0,11,8,0.0
2023-2024,CIUSSS du Centre-Sud-de-l'Île-de-Montréal,0,11,9,295.13
2023-2024,CIUSSS du Centre-Sud-de-l'Île-de-Montréal,0,12,1,133.0
2023-2024,CIUSSS du Centre-Sud-de-l'Île-de-Montréal,0,12,2,201.0
2023-2024,CIUSSS du Centre-Sud-de-l'Île-de-Montréal,0,12,3,383.0
2023-2024,CIUSSS du Centre-Sud-de-l'Île-de-Montréal,0,12,4,181.0
2023-2024,CIUSSS du Centre-Sud-de-l'Île-de-Montréal,0,12,5,384.0
2023-2024,CIUSSS du Centre-Sud-de-l'Île-de-Montréal,0,12,6,220.5
2023-2024,CIUSSS du Centre-Sud-de-l'Île-de-Montréal,0,12,7,0.0
2023-2024,CIUSSS du Centre-Sud-de-l'Île-de-Montréal,0,12,8,0.0
2023-2024,CIUSSS du Centre-Sud-de-l'Île-de-Montréal,0,12,9,158.0
2023-2024,CIUSSS du Centre-Sud-de-l'Île-de-Montréal,0,13,1,462.0
2023-2024,CIUSSS du Centre-Sud-de-l'Île-de-Montréal,0,13,2,337.0
2023-2024,CIUSSS du Centre-Sud-de-l'Île-de-Montréal,0,13,3,71.0
2023-2024,CIUSSS du Centre-Sud-de-l'Île-de-Montréal,0,13,4,71.0
2023-2024,CIUSSS du Centre-Sud-de-l'Île-de-Montréal,0,13,5,187.0
2023-2024,CIUSSS du Centre-Sud-de-l'Île-de-Montréal,0,13,6,21.0
2023-2024,CIUSSS du Centre-Sud-de-l'Île-de-Montréal,0,13,9,1149.0
2023-2024,CIUSSS du Centre-Sud-de-l'Île-de-Montréal,0,14,1,158.1
2023-2024,CIUSSS du Centre-Sud-de-l'Île-de-Montréal,0,14,2,348.99
2023-2024,CIUSSS du Centre-Sud-de-l'Île-de-Montréal,0,14,3,523.24
2023-2024,CIUSSS du Centre-Sud-de-l'Île-de-Montréal,0,14,4,347.9
2023-2024,CIUSSS du Centre-Sud-de-l'Île-de-Montréal,0,14,5,1423.22
2023-2024,CIUSSS du Centre-Sud-de-l'Île-de-Montréal,0,14,6,1194.38
2023-2024,CIUSSS du Centre-Sud-de-l'Île-de-Montréal,0,14,7,0.0
2023-2024,CIUSSS du Centre-Sud-de-l'Île-de-Montréal,0,14,8,0.0
2023-2024,CIUSSS du Centre-Sud-de-l'Île-de-Montréal,0,14,9,473.22
2023-2024,CIUSSS du Centre-Sud-de-l'Île-de-Montréal,0,15,1,136.0
2023-2024,CIUSSS du Centre-Sud-de-l'Île-de-Montréal,0,15,2,186.0
2023-2024,CIUSSS du Centre-Sud-de-l'Île-de-Montréal,0,15,3,193.0
2023-2024,CIUSSS du Centre-Sud-de-l'Île-de-Montréal,0,15,4,181.0
2023-2024,CIUSSS du Centre-Sud-de-l'Île-de-Montréal,0,15,5,1042.0
2023-2024,CIUSSS du Centre-Sud-de-l'Île-de-Montréal,0,15,6,759.0
2023-2024,CIUSSS du Centre-Sud-de-l'Île-de-Montréal,0,15,7,0.0
2023-2024,CIUSSS du Centre-Sud-de-l'Île-de-Montréal,0,15,8,0.0
2023-2024,CIUSSS du Centre-Sud-de-l'Île-de-Montréal,0,15,9,173.0
2023-2024,CIUSSS du SaguenayLac-St-Jean,0,1,5,1.0
2023-2024,CIUSSS du SaguenayLac-St-Jean,0,1,9,1.0
2023-2024,CIUSSS du SaguenayLac-St-Jean,0,2,5,449.0
2023-2024,CIUSSS du SaguenayLac-St-Jean,0,2,9,449.0
2023-2024,CIUSSS du SaguenayLac-St-Jean,0,3,5,449.0
2023-2024,CIUSSS du SaguenayLac-St-Jean,0,3,9,449.0
2023-2024,CIUSSS du SaguenayLac-St-Jean,0,4,3,1.0
2023-2024,CIUSSS du SaguenayLac-St-Jean,0,4,4,5.0
2023-2024,CIUSSS du SaguenayLac-St-Jean,0,4,5,3.0
2023-2024,CIUSSS du SaguenayLac-St-Jean,0,4,9,9.0
2023-2024,CIUSSS du SaguenayLac-St-Jean,0,5,3,231.0
2023-2024,CIUSSS du SaguenayLac-St-Jean,0,5,4,75.0
2023-2024,CIUSSS du SaguenayLac-St-Jean,0,5,5,110.0
2023-2024,CIUSSS du SaguenayLac-St-Jean,0,5,9,104.0
2023-2024,CIUSSS du SaguenayLac-St-Jean,0,6,3,231.0
2023-2024,CIUSSS du SaguenayLac-St-Jean,0,6,4,77.0
2023-2024,CIUSSS du SaguenayLac-St-Jean,0,6,5,21.0
2023-2024,CIUSSS du SaguenayLac-St-Jean,0,6,9,77.0
2023-2024,CIUSSS du SaguenayLac-St-Jean,0,7,4,1.0
2023-2024,CIUSSS du SaguenayLac-St-Jean,0,7,5,4.0
2023-2024,CIUSSS du SaguenayLac-St-Jean,0,7,9,5.0
2023-2024,CIUSSS du SaguenayLac-St-Jean,0,8,4,950.0
2023-2024,CIUSSS du SaguenayLac-St-Jean,0,8,5,666.0
2023-2024,CIUSSS du SaguenayLac-St-Jean,0,8,9,722.8
2023-2024,CIUSSS du SaguenayLac-St-Jean,0,9,4,950.0
2023-2024,CIUSSS du SaguenayLac-St-Jean,0,9,5,211.0
2023-2024,CIUSSS du SaguenayLac-St-Jean,0,9,9,279.0
2023-2024,CIUSSS du SaguenayLac-St-Jean,0,10,1,7.0
2023-2024,CIUSSS du SaguenayLac-St-Jean,0,10,2,33.0
2023-2024,CIUSSS du SaguenayLac-St-Jean,0,10,3,19.0
2023-2024,CIUSSS du SaguenayLac-St-Jean,0,10,4,8.0
2023-2024,CIUSSS du SaguenayLac-St-Jean,0,10,5,10.0
2023-2024,CIUSSS du SaguenayLac-St-Jean,0,10,7,1.0
2023-2024,CIUSSS du SaguenayLac-St-Jean,0,10,9,78.0
2023-2024,CIUSSS du SaguenayLac-St-Jean,0,11,1,72.72
2023-2024,CIUSSS du SaguenayLac-St-Jean,0,11,2,186.33
2023-2024,CIUSSS du SaguenayLac-St-Jean,0,11,3,102.58
2023-2024,CIUSSS du SaguenayLac-St-Jean,0,11,4,171.13
2023-2024,CIUSSS du SaguenayLac-St-Jean,0,11,5,102.6
2023-2024,CIUSSS du SaguenayLac-St-Jean,0,11,7,175.0
2023-2024,CIUSSS du SaguenayLac-St-Jean,0,11,9,143.29
2023-2024,CIUSSS du SaguenayLac-St-Jean,0,12,1,47.0
2023-2024,CIUSSS du SaguenayLac-St-Jean,0,12,2,119.0
2023-2024,CIUSSS du SaguenayLac-St-Jean,0,12,3,68.0
2023-2024,CIUSSS du SaguenayLac-St-Jean,0,12,4,145.0
2023-2024,CIUSSS du SaguenayLac-St-Jean,0,12,5,104.5
2023-2024,CIUSSS du SaguenayLac-St-Jean,0,12,7,175.0
2023-2024,CIUSSS du SaguenayLac-St-Jean,0,12,9,82.5
2023-2024,CIUSSS du SaguenayLac-St-Jean,0,13,1,7.0
2023-2024,CIUSSS du SaguenayLac-St-Jean,0,13,2,33.0
2023-2024,CIUSSS du SaguenayLac-St-Jean,0,13,3,20.0
2023-2024,CIUSSS du SaguenayLac-St-Jean,0,13,4,14.0
2023-2024,CIUSSS du SaguenayLac-St-Jean,0,13,5,18.0
2023-2024,CIUSSS du SaguenayLac-St-Jean,0,13,7,1.0
2023-2024,CIUSSS du SaguenayLac-St-Jean,0,13,9,93.0
2023-2024,CIUSSS du SaguenayLac-St-Jean,0,14,1,72.71
2023-2024,CIUSSS du SaguenayLac-St-Jean,0,14,2,186.33
2023-2024,CIUSSS du SaguenayLac-St-Jean,0,14,3,109.0
2023-2024,CIUSSS du SaguenayLac-St-Jean,0,14,4,182.43
2023-2024,CIUSSS du SaguenayLac-St-Jean,0,14,5,248.28
2023-2024,CIUSSS du SaguenayLac-St-Jean,0,14,7,175.0
2023-2024,CIUSSS du SaguenayLac-St-Jean,0,14,9,173.94
2023-2024,CIUSSS du SaguenayLac-St-Jean,0,15,1,47.0
2023-2024,CIUSSS du SaguenayLac-St-Jean,0,15,2,119.0
2023-2024,CIUSSS du SaguenayLac-St-Jean,0,15,3,68.0
2023-2024,CIUSSS du SaguenayLac-St-Jean,0,15,4,81.0
2023-2024,CIUSSS du SaguenayLac-St-Jean,0,15,5,136.5
2023-2024,CIUSSS du SaguenayLac-St-Jean,0,15,7,175.0
2023-2024,CIUSSS du SaguenayLac-St-Jean,0,15,9,83.0
2024-2025,CISSS de Chaudière-Appalaches,0,1,3,1.0
2024-2025,CISSS de Chaudière-Appalaches,0,1,4,1.0
2024-2025,CISSS de Chaudière-Appalaches,0,1,5,1.0
2024-2025,CISSS de Chaudière-Appalaches,0,1,6,1.0
2024-2025,CISSS de Chaudière-Appalaches,0,1,9,4.0
2024-2025,CISSS de Chaudière-Appalaches,0,2,3,600.0
2024-2025,CISSS de Chaudière-Appalaches,0,2,4,43.0
2024-2025,CISSS de Chaudière-Appalaches,0,2,5,774.0
2024-2025,CISSS de Chaudière-Appalaches,0,2,6,650.0
2024-2025,CISSS de Chaudière-Appalaches,0,2,9,516.75
2024-2025,CISSS de Chaudière-Appalaches,0,3,3,600.0
2024-2025,CISSS de Chaudière-Appalaches,0,3,4,43.0
2024-2025,CISSS de Chaudière-Appalaches,0,3,5,774.0
2024-2025,CISSS de Chaudière-Appalaches,0,3,6,650.0
2024-2025,CISSS de Chaudière-Appalaches,0,3,9,625.0
2024-2025,CISSS de Chaudière-Appalaches,0,4,4,2.0
2024-2025,CISSS de Chaudière-Appalaches,0,4,9,2.0
2024-2025,CISSS de Chaudière-Appalaches,0,5,4,33.5
2024-2025,CISSS de Chaudière-Appalaches,0,5,9,33.5
2024-2025,CISSS de Chaudière-Appalaches,0,6,4,33.5
2024-2025,CISSS de Chaudière-Appalaches,0,6,9,33.5
2024-2025,CISSS de Chaudière-Appalaches,0,7,5,2.0
2024-2025,CISSS de Chaudière-Appalaches,0,7,6,2.0
2024-2025,CISSS de Chaudière-Appalaches,0,7,9,4.0
2024-2025,CISSS de Chaudière-Appalaches,0,8,5,664.0
2024-2025,CISSS de Chaudière-Appalaches,0,8,6,781.0
2024-2025,CISSS de Chaudière-Appalaches,0,8,9,722.5
2024-2025,CISSS de Chaudière-Appalaches,0,9,5,664.0
2024-2025,CISSS de Chaudière-Appalaches,0,9,6,781.0
2024-2025,CISSS de Chaudière-Appalaches,0,9,9,664.0
2024-2025,CISSS de Chaudière-Appalaches,0,10,1,1.0
2024-2025,CISSS de Chaudière-Appalaches,0,10,2,136.0
2024-2025,CISSS de Chaudière-Appalaches,0,10,3,72.0
2024-2025,CISSS de Chaudière-Appalaches,0,10,4,19.0
2024-2025,CISSS de Chaudière-Appalaches,0,10,5,27.0
2024-2025,CISSS de Chaudière-Appalaches,0,10,6,7.0
2024-2025,CISSS de Chaudière-Appalaches,0,10,9,262.0
2024-2025,CISSS de Chaudière-Appalaches,0,11,1,47.0
2024-2025,CISSS de Chaudière-Appalaches,0,11,2,241.71
2024-2025,CISSS de Chaudière-Appalaches,0,11,3,191.64
2024-2025,CISSS de Chaudière-Appalaches,0,11,4,436.47
2024-2025,CISSS de Chaudière-Appalaches,0,11,5,376.19
2024-2025,CISSS de Chaudière-Appalaches,0,11,6,336.57
2024-2025,CISSS de Chaudière-Appalaches,0,11,9,257.73
2024-2025,CISSS de Chaudière-Appalaches,0,12,1,47.0
2024-2025,CISSS de Chaudière-Appalaches,0,12,2,134.0
2024-2025,CISSS de Chaudière-Appalaches,0,12,3,117.0
2024-2025,CISSS de Chaudière-Appalaches,0,12,4,311.0
2024-2025,CISSS de Chaudière-Appalaches,0,12,5,321.0
2024-2025,CISSS de Chaudière-Appalaches,0,12,6,341.0
2024-2025,CISSS de Chaudière-Appalaches,0,12,9,145.5
2024-2025,CISSS de Chaudière-Appalaches,0,13,1,1.0
2024-2025,CISSS de Chaudière-Appalaches,0,13,2,136.0
2024-2025,CISSS de Chaudière-Appalaches,0,13,3,73.0
2024-2025,CISSS de Chaudière-Appalaches,0,13,4,22.0
2024-2025,CISSS de Chaudière-Appalaches,0,13,5,30.0
2024-2025,CISSS de Chaudière-Appalaches,0,13,6,10.0
2024-2025,CISSS de Chaudière-Appalaches,0,13,9,272.0
2024-2025,CISSS de Chaudière-Appalaches,0,14,1,47.0
2024-2025,CISSS de Chaudière-Appalaches,0,14,2,241.71
2024-2025,CISSS de Chaudière-Appalaches,0,14,3,197.23
2024-2025,CISSS de Chaudière-Appalaches,0,14,4,381.95
2024-2025,CISSS de Chaudière-Appalaches,0,14,5,408.63
2024-2025,CISSS de Chaudière-Appalaches,0,14,6,456.8
2024-2025,CISSS de Chaudière-Appalaches,0,14,9,266.72
2024-2025,CISSS de Chaudière-Appalaches,0,15,1,47.0
2024-2025,CISSS de Chaudière-Appalaches,0,15,2,134.0
2024-2025,CISSS de Chaudière-Appalaches,0,15,3,124.0
2024-2025,CISSS de Chaudière-Appalaches,0,15,4,280.0
2024-2025,CISSS de Chaudière-Appalaches,0,15,5,338.0
2024-2025,CISSS de Chaudière-Appalaches,0,15,6,356.0
2024-2025,CISSS de Chaudière-Appalaches,0,15,9,148.5
2024-2025,CISSS de Lanaudière,0,4,5,1.0
2024-2025,CISSS de Lanaudière,0,4,9,1.0
2024-2025,CISSS de Lanaudière,0,5,5,440.0
2024-2025,CISSS de Lanaudière,0,5,9,440.0
2024-2025,CISSS de Lanaudière,0,6,5,440.0
2024-2025,CISSS de Lanaudière,0,6,9,440.0
2024-2025,CISSS de Lanaudière,0,10,1,51.0
2024-2025,CISSS de Lanaudière,0,10,2,136.0
2024-2025,CISSS de Lanaudière,0,10,3,83.0
2024-2025,CISSS de Lanaudière,0,10,4,23.0
2024-2025,CISSS de Lanaudière,0,10,5,30.0
2024-2025,CISSS de Lanaudière,0,10,6,2.0
2024-2025,CISSS de Lanaudière,0,10,7,1.0
2024-2025,CISSS de Lanaudière,0,10,9,326.0
2024-2025,CISSS de Lanaudière,0,11,1,118.39
2024-2025,CISSS de Lanaudière,0,11,2,213.51
2024-2025,CISSS de Lanaudière,0,11,3,424.31
2024-2025,CISSS de Lanaudière,0,11,4,671.65
2024-2025,CISSS de Lanaudière,0,11,5,300.8
2024-2025,CISSS de Lanaudière,0,11,6,269.5
2024-2025,CISSS de Lanaudière,0,11,7,335.0
2024-2025,CISSS de Lanaudière,0,11,9,293.37
2024-2025,CISSS de Lanaudière,0,12,1,109.0
2024-2025,CISSS de Lanaudière,0,12,2,135.0
2024-2025,CISSS de Lanaudière,0,12,3,216.0
2024-2025,CISSS de Lanaudière,0,12,4,297.0
2024-2025,CISSS de Lanaudière,0,12,5,215.0
2024-2025,CISSS de Lanaudière,0,12,6,269.5
2024-2025,CISSS de Lanaudière,0,12,7,335.0
2024-2025,CISSS de Lanaudière,0,12,9,147.0
2024-2025,CISSS de Lanaudière,0,13,1,51.0
2024-2025,CISSS de Lanaudière,0,13,2,136.0
2024-2025,CISSS de Lanaudière,0,13,3,83.0
2024-2025,CISSS de Lanaudière,0,13,4,23.0
2024-2025,CISSS de Lanaudière,0,13,5,31.0
2024-2025,CISSS de Lanaudière,0,13,6,2.0
2024-2025,CISSS de Lanaudière,0,13,7,1.0
2024-2025,CISSS de Lanaudière,0,13,9,327.0
2024-2025,CISSS de Lanaudière,0,14,1,118.39
2024-2025,CISSS de Lanaudière,0,14,2,213.51
2024-2025,CISSS de Lanaudière,0,14,3,424.31
2024-2025,CISSS de Lanaudière,0,14,4,671.65
2024-2025,CISSS de Lanaudière,0,14,5,305.29
2024-2025,CISSS de Lanaudière,0,14,6,269.5
2024-2025,CISSS de Lanaudière,0,14,7,335.0
2024-2025,CISSS de Lanaudière,0,14,9,293.82
2024-2025,CISSS de Lanaudière,0,15,1,109.0
2024-2025,CISSS de Lanaudière,0,15,2,135.0
2024-2025,CISSS de Lanaudière,0,15,3,213.0
2024-2025,CISSS de Lanaudière,0,15,4,297.0
2024-2025,CISSS de Lanaudière,0,15,5,230.0
2024-2025,CISSS de Lanaudière,0,15,6,269.5
2024-2025,CISSS de Lanaudière,0,15,7,335.0
2024-2025,CISSS de Lanaudière,0,15,9,147.0
2024-2025,CISSS de Laval,0,7,1,2.0
2024-2025,CISSS de Laval,0,7,2,5.0
2024-2025,CISSS de Laval,0,7,3,3.0
2024-2025,CISSS de Laval,0,7,4,3.0
2024-2025,CISSS de Laval,0,7,5,21.0
2024-2025,CISSS de Laval,0,7,6,1.0
2024-2025,CISSS de Laval,0,7,9,35.0
2024-2025,CISSS de Laval,0,8,1,432.0
2024-2025,CISSS de Laval,0,8,2,160.8
2024-2025,CISSS de Laval,0,8,3,263.0
2024-2025,CISSS de Laval,0,8,4,45.3
2024-2025,CISSS de Laval,0,8,6,876.0
2024-2025,CISSS de Laval,0,9,1,432.0
2024-2025,CISSS de Laval,0,9,2,36.0
2024-2025,CISSS de Laval,0,9,3,50.0
2024-2025,CISSS de Laval,0,9,4,49.0
2024-2025,CISSS de Laval,0,9,6,876.0
2024-2025,CISSS de Laval,0,9,9,865.0
2024-2025,CISSS de Laval,0,10,1,457.0
2024-2025,CISSS de Laval,0,10,2,316.0
2024-2025,CISSS de Laval,0,10,3,163.0
2024-2025,CISSS de Laval,0,10,4,90.0
2024-2025,CISSS de Laval,0,10,5,92.0
2024-2025,CISSS de Laval,0,10,6,23.0
2024-2025,CISSS de Laval,0,10,7,4.0
2024-2025,CISSS de Laval,0,10,8,1.0
2024-2025,CISSS de Laval,0,10,9,1146.0
2024-2025,CISSS de Laval,0,11,1,286.6
2024-2025,CISSS de Laval,0,11,2,359.2
2024-2025,CISSS de Laval,0,11,3,439.1
2024-2025,CISSS de Laval,0,11,4,456.2
2024-2025,CISSS de Laval,0,11,5,991.5
2024-2025,CISSS de Laval,0,11,7,610.5
2024-2025,CISSS de Laval,0,11,9,416.7
2024-2025,CISSS de Laval,0,12,1,267.0
2024-2025,CISSS de Laval,0,12,2,287.0
2024-2025,CISSS de Laval,0,12,3,323.0
2024-2025,CISSS de Laval,0,12,4,316.0
2024-2025,CISSS de Laval,0,12,5,834.0
2024-2025,CISSS de Laval,0,12,7,257.0
2024-2025,CISSS de Laval,0,12,9,305.0
2024-2025,CISSS de Laval,0,13,1,459.0
2024-2025,CISSS de Laval,0,13,2,321.0
2024-2025,CISSS de Laval,0,13,3,166.0
2024-2025,CISSS de Laval,0,13,4,93.0
2024-2025,CISSS de Laval,0,13,5,113.0
2024-2025,CISSS de Laval,0,13,6,24.0
2024-2025,CISSS de Laval,0,13,7,4.0
2024-2025,CISSS de Laval,0,13,8,1.0
2024-2025,CISSS de Laval,0,13,9,1181.0
2024-2025,CISSS de Laval,0,14,1,287.3
2024-2025,CISSS de Laval,0,14,2,356.1
2024-2025,CISSS de Laval,0,14,3,435.9
2024-2025,CISSS de Laval,0,14,4,442.9
2024-2025,CISSS de Laval,0,14,7,610.5
2024-2025,CISSS de Laval,0,14,9,436.2
2024-2025,CISSS de Laval,0,15,1,267.0
2024-2025,CISSS de Laval,0,15,2,286.0
2024-2025,CISSS de Laval,0,15,3,322.0
2024-2025,CISSS de Laval,0,15,4,312.0
2024-2025,CISSS de Laval,0,15,7,257.0
2024-2025,CISSS de Laval,0,15,9,312.0
2024-2025,CISSS de l'Abitibi-Témiscamingue,0,10,1,55.0
2024-2025,CISSS de l'Abitibi-Témiscamingue,0,10,2,56.0
2024-2025,CISSS de l'Abitibi-Témiscamingue,0,10,3,36.0
2024-2025,CISSS de l'Abitibi-Témiscamingue,0,10,4,10.0
2024-2025,CISSS de l'Abitibi-Témiscamingue,0,10,5,19.0
2024-2025,CISSS de l'Abitibi-Témiscamingue,0,10,6,4.0
2024-2025,CISSS de l'Abitibi-Témiscamingue,0,10,9,180.0
2024-2025,CISSS de l'Abitibi-Témiscamingue,0,11,1,214.02
2024-2025,CISSS de l'Abitibi-Témiscamingue,0,11,2,456.05
2024-2025,CISSS de l'Abitibi-Témiscamingue,0,11,3,261.39
2024-2025,CISSS de l'Abitibi-Témiscamingue,0,11,4,268.9
2024-2025,CISSS de l'Abitibi-Témiscamingue,0,11,5,249.74
2024-2025,CISSS de l'Abitibi-Témiscamingue,0,11,6,287.25
2024-2025,CISSS de l'Abitibi-Témiscamingue,0,11,9,307.24
2024-2025,CISSS de l'Abitibi-Témiscamingue,0,12,1,154.0
2024-2025,CISSS de l'Abitibi-Témiscamingue,0,12,2,284.0
2024-2025,CISSS de l'Abitibi-Témiscamingue,0,12,3,181.5
2024-2025,CISSS de l'Abitibi-Témiscamingue,0,12,4,175.0
2024-2025,CISSS de l'Abitibi-Témiscamingue,0,12,5,214.0
2024-2025,CISSS de l'Abitibi-Témiscamingue,0,12,6,286.0
2024-2025,CISSS de l'Abitibi-Témiscamingue,0,12,9,209.5
2024-2025,CISSS de l'Abitibi-Témiscamingue,0,13,1,55.0
2024-2025,CISSS de l'Abitibi-Témiscamingue,0,13,2,56.0
2024-2025,CISSS de l'Abitibi-Témiscamingue,0,13,3,36.0
2024-2025,CISSS de l'Abitibi-Témiscamingue,0,13,4,10.0
2024-2025,CISSS de l'Abitibi-Témiscamingue,0,13,5,19.0
2024-2025,CISSS de l'Abitibi-Témiscamingue,0,13,6,4.0
2024-2025,CISSS de l'Abitibi-Témiscamingue,0,13,9,180.0
2024-2025,CISSS de l'Abitibi-Témiscamingue,0,14,1,214.0
2024-2025,CISSS de l'Abitibi-Témiscamingue,0,14,2,456.05
2024-2025,CISSS de l'Abitibi-Témiscamingue,0,14,3,261.39
2024-2025,CISSS de l'Abitibi-Témiscamingue,0,14,4,268.9
2024-2025,CISSS de l'Abitibi-Témiscamingue,0,14,5,249.74
2024-2025,CISSS de l'Abitibi-Témiscamingue,0,14,6,287.25
2024-2025,CISSS de l'Abitibi-Témiscamingue,0,14,9,307.24
2024-2025,CISSS de l'Abitibi-Témiscamingue,0,15,1,154.0
2024-2025,CISSS de l'Abitibi-Témiscamingue,0,15,2,284.0
2024-2025,CISSS de l'Abitibi-Témiscamingue,0,15,3,181.5
2024-2025,CISSS de l'Abitibi-Témiscamingue,0,15,4,175.0
2024-2025,CISSS de l'Abitibi-Témiscamingue,0,15,5,214.0
2024-2025,CISSS de l'Abitibi-Témiscamingue,0,15,6,286.0
2024-2025,CISSS de l'Abitibi-Témiscamingue,0,15,9,209.5
2024-2025,CISSS de l'Outaouais,0,4,4,1.0
2024-2025,CISSS de l'Outaouais,0,4,9,1.0
2024-2025,CISSS de l'Outaouais,0,5,4,123.0
2024-2025,CISSS de l'Outaouais,0,5,9,123.0
2024-2025,CISSS de l'Outaouais,0,6,4,123.0
2024-2025,CISSS de l'Outaouais,0,6,9,123.0
2024-2025,CISSS de l'Outaouais,0,10,1,159.0
2024-2025,CISSS de l'Outaouais,0,10,2,323.0
2024-2025,CISSS de l'Outaouais,0,10,3,89.0
2024-2025,CISSS de l'Outaouais,0,10,4,18.0
2024-2025,CISSS de l'Outaouais,0,10,5,29.0
2024-2025,CISSS de l'Outaouais,0,10,6,4.0
2024-2025,CISSS de l'Outaouais,0,10,9,622.0
2024-2025,CISSS de l'Outaouais,0,11,1,149.37
2024-2025,CISSS de l'Outaouais,0,11,2,331.04
2024-2025,CISSS de l'Outaouais,0,11,3,457.52
2024-2025,CISSS de l'Outaouais,0,11,4,235.38
2024-2025,CISSS de l'Outaouais,0,11,5,198.41
2024-2025,CISSS de l'Outaouais,0,11,6,217.75
2024-2025,CISSS de l'Outaouais,0,11,9,293.02
2024-2025,CISSS de l'Outaouais,0,12,1,103.0
2024-2025,CISSS de l'Outaouais,0,12,2,267.0
2024-2025,CISSS de l'Outaouais,0,12,3,322.0
2024-2025,CISSS de l'Outaouais,0,12,4,72.5
2024-2025,CISSS de l'Outaouais,0,12,5,102.0
2024-2025,CISSS de l'Outaouais,0,12,6,106.0
2024-2025,CISSS de l'Outaouais,0,12,9,190.5
2024-2025,CISSS de l'Outaouais,0,13,1,159.0
2024-2025,CISSS de l'Outaouais,0,13,2,323.0
2024-2025,CISSS de l'Outaouais,0,13,3,89.0
2024-2025,CISSS de l'Outaouais,0,13,4,19.0
2024-2025,CISSS de l'Outaouais,0,13,5,29.0
2024-2025,CISSS de l'Outaouais,0,13,6,4.0
2024-2025,CISSS de l'Outaouais,0,13,9,623.0
2024-2025,CISSS de l'Outaouais,0,14,1,149.37
2024-2025,CISSS de l'Outaouais,0,14,2,331.04
2024-2025,CISSS de l'Outaouais,0,14,3,457.52
2024-2025,CISSS de l'Outaouais,0,14,4,229.47
2024-2025,CISSS de l'Outaouais,0,14,5,198.41
2024-2025,CISSS de l'Outaouais,0,14,6,217.75
2024-2025,CISSS de l'Outaouais,0,14,9,292.74
2024-2025,CISSS de l'Outaouais,0,15,1,103.0
2024-2025,CISSS de l'Outaouais,0,15,2,267.0
2024-2025,CISSS de l'Outaouais,0,15,3,322.0
2024-2025,CISSS de l'Outaouais,0,15,4,74.0
2024-2025,CISSS de l'Outaouais,0,15,5,102.0
2024-2025,CISSS de l'Outaouais,0,15,6,106.0
2024-2025,CISSS de l'Outaouais,0,15,9,189.0
2024-2025,CISSS de la Côte-Nord,0,10,1,29.0
2024-2025,CISSS de la Côte-Nord,0,10,2,122.0
2024-2025,CISSS de la Côte-Nord,0,10,3,117.0
2024-2025,CISSS de la Côte-Nord,0,10,4,25.0
2024-2025,CISSS de la Côte-Nord,0,10,5,21.0
2024-2025,CISSS de la Côte-Nord,0,10,6,1.0
2024-2025,CISSS de la Côte-Nord,0,10,9,315.0
2024-2025,CISSS de la Côte-Nord,0,11,1,330.1
2024-2025,CISSS de la Côte-Nord,0,11,2,432.84
2024-2025,CISSS de la Côte-Nord,0,11,3,568.31
2024-2025,CISSS de la Côte-Nord,0,11,4,893.16
2024-2025,CISSS de la Côte-Nord,0,11,5,752.48
2024-2025,CISSS de la Côte-Nord,0,11,6,503.0
2024-2025,CISSS de la Côte-Nord,0,11,9,531.77
2024-2025,CISSS de la Côte-Nord,0,12,1,284.0
2024-2025,CISSS de la Côte-Nord,0,12,2,218.5
2024-2025,CISSS de la Côte-Nord,0,12,3,378.0
2024-2025,CISSS de la Côte-Nord,0,12,4,770.0
2024-2025,CISSS de la Côte-Nord,0,12,5,624.0
2024-2025,CISSS de la Côte-Nord,0,12,6,503.0
2024-2025,CISSS de la Côte-Nord,0,12,9,319.0
2024-2025,CISSS de la Côte-Nord,0,13,1,29.0
2024-2025,CISSS de la Côte-Nord,0,13,2,122.0
2024-2025,CISSS de la Côte-Nord,0,13,3,117.0
2024-2025,CISSS de la Côte-Nord,0,13,4,25.0
2024-2025,CISSS de la Côte-Nord,0,13,5,21.0
2024-2025,CISSS de la Côte-Nord,0,13,6,1.0
2024-2025,CISSS de la Côte-Nord,0,13,9,315.0
2024-2025,CISSS de la Côte-Nord,0,14,1,330.1
2024-2025,CISSS de la Côte-Nord,0,14,2,432.84
2024-2025,CISSS de la Côte-Nord,0,14,3,568.31
2024-2025,CISSS de la Côte-Nord,0,14,4,893.16
2024-2025,CISSS de la Côte-Nord,0,14,5,752.48
2024-2025,CISSS de la Côte-Nord,0,14,6,503.0
2024-2025,CISSS de la Côte-Nord,0,14,9,531.77
2024-2025,CISSS de la Côte-Nord,0,15,1,284.0
2024-2025,CISSS de la Côte-Nord,0,15,2,218.5
2024-2025,CISSS de la Côte-Nord,0,15,3,378.0
2024-2025,CISSS de la Côte-Nord,0,15,4,770.0
2024-2025,CISSS de la Côte-Nord,0,15,5,624.0
2024-2025,CISSS de la Côte-Nord,0,15,6,503.0
2024-2025,CISSS de la Côte-Nord,0,15,9,319.0
2024-2025,CISSS de la Gaspésie,0,7,5,1.0
2024-2025,CISSS de la Gaspésie,0,7,9,1.0
2024-2025,CISSS de la Gaspésie,0,8,5,1014.0
2024-2025,CISSS de la Gaspésie,0,8,9,1014.0
2024-2025,CISSS de la Gaspésie,0,9,5,1014.0
2024-2025,CISSS de la Gaspésie,0,9,9,1014.0
2024-2025,CISSS de la Gaspésie,0,10,1,8.0
2024-2025,CISSS de la Gaspésie,0,10,2,55.0
2024-2025,CISSS de la Gaspésie,0,10,3,46.0
2024-2025,CISSS de la Gaspésie,0,10,4,9.0
2024-2025,CISSS de la Gaspésie,0,10,5,12.0
2024-2025,CISSS de la Gaspésie,0,10,6,3.0
2024-2025,CISSS de la Gaspésie,0,10,7,1.0
2024-2025,CISSS de la Gaspésie,0,10,9,134.0
2024-2025,CISSS de la Gaspésie,0,11,1,209.6
2024-2025,CISSS de la Gaspésie,0,11,2,274.8
2024-2025,CISSS de la Gaspésie,0,11,3,312.5
2024-2025,CISSS de la Gaspésie,0,11,4,234.3
2024-2025,CISSS de la Gaspésie,0,11,5,203.8
2024-2025,CISSS de la Gaspésie,0,11,6,356.7
2024-2025,CISSS de la Gaspésie,0,11,7,186.0
2024-2025,CISSS de la Gaspésie,0,11,9,275.9
2024-2025,CISSS de la Gaspésie,0,12,1,232.0
2024-2025,CISSS de la Gaspésie,0,12,2,266.0
2024-2025,CISSS de la Gaspésie,0,12,3,183.5
2024-2025,CISSS de la Gaspésie,0,12,4,141.0
2024-2025,CISSS de la Gaspésie,0,12,5,150.0
2024-2025,CISSS de la Gaspésie,0,12,6,327.0
2024-2025,CISSS de la Gaspésie,0,12,7,186.0
2024-2025,CISSS de la Gaspésie,0,12,9,212.5
2024-2025,CISSS de la Gaspésie,0,13,1,8.0
2024-2025,CISSS de la Gaspésie,0,13,2,55.0
2024-2025,CISSS de la Gaspésie,0,13,3,46.0
2024-2025,CISSS de la Gaspésie,0,13,4,9.0
2024-2025,CISSS de la Gaspésie,0,13,5,13.0
2024-2025,CISSS de la Gaspésie,0,13,6,3.0
2024-2025,CISSS de la Gaspésie,0,13,7,1.0
2024-2025,CISSS de la Gaspésie,0,13,9,135.0
2024-2025,CISSS de la Gaspésie,0,14,1,209.6
2024-2025,CISSS de la Gaspésie,0,14,2,274.8
2024-2025,CISSS de la Gaspésie,0,14,3,312.5
2024-2025,CISSS de la Gaspésie,0,14,4,234.3
2024-2025,CISSS de la Gaspésie,0,14,5,266.2
2024-2025,CISSS de la Gaspésie,0,14,6,356.7
2024-2025,CISSS de la Gaspésie,0,14,7,186.0
2024-2025,CISSS de la Gaspésie,0,14,9,281.4
2024-2025,CISSS de la Gaspésie,0,15,1,232.0
2024-2025,CISSS de la Gaspésie,0,15,2,266.0
2024-2025,CISSS de la Gaspésie,0,15,3,183.5
2024-2025,CISSS de la Gaspésie,0,15,4,141.0
2024-2025,CISSS de la Gaspésie,0,15,5,189.0
2024-2025,CISSS de la Gaspésie,0,15,6,327.0
2024-2025,CISSS de la Gaspésie,0,15,7,186.0
2024-2025,CISSS de la Gaspésie,0,15,9,217.0
2024-2025,CISSS de la Montérégie-Ouest,0,1,4,7.0
2024-2025,CISSS de la Montérégie-Ouest,0,1,5,9.0
2024-2025,CISSS de la Montérégie-Ouest,0,1,6,1.0
2024-2025,CISSS de la Montérégie-Ouest,0,1,9,17.0
2024-2025,CISSS de la Montérégie-Ouest,0,2,4,307.0
2024-2025,CISSS de la Montérégie-Ouest,0,2,5,1024.0
2024-2025,CISSS de la Montérégie-Ouest,0,2,6,266.0
2024-2025,CISSS de la Montérégie-Ouest,0,2,9,602.0
2024-2025,CISSS de la Montérégie-Ouest,0,3,4,247.0
2024-2025,CISSS de la Montérégie-Ouest,0,3,5,1051.0
2024-2025,CISSS de la Montérégie-Ouest,0,3,6,266.0
2024-2025,CISSS de la Montérégie-Ouest,0,3,9,408.0
2024-2025,CISSS de la Montérégie-Ouest,0,4,3,2.0
2024-2025,CISSS de la Montérégie-Ouest,0,4,4,7.0
2024-2025,CISSS de la Montérégie-Ouest,0,4,5,22.0
2024-2025,CISSS de la Montérégie-Ouest,0,4,9,31.0
2024-2025,CISSS de la Montérégie-Ouest,0,5,3,82.0
2024-2025,CISSS de la Montérégie-Ouest,0,5,4,229.0
2024-2025,CISSS de la Montérégie-Ouest,0,5,5,527.0
2024-2025,CISSS de la Montérégie-Ouest,0,5,9,442.0
2024-2025,CISSS de la Montérégie-Ouest,0,6,3,82.0
2024-2025,CISSS de la Montérégie-Ouest,0,6,4,200.0
2024-2025,CISSS de la Montérégie-Ouest,0,6,5,182.0
2024-2025,CISSS de la Montérégie-Ouest,0,6,9,190.0
2024-2025,CISSS de la Montérégie-Ouest,0,7,2,6.0
2024-2025,CISSS de la Montérégie-Ouest,0,7,3,15.0
2024-2025,CISSS de la Montérégie-Ouest,0,7,4,15.0
2024-2025,CISSS de la Montérégie-Ouest,0,7,5,38.0
2024-2025,CISSS de la Montérégie-Ouest,0,7,6,6.0
2024-2025,CISSS de la Montérégie-Ouest,0,7,7,2.0
2024-2025,CISSS de la Montérégie-Ouest,0,7,9,82.0
2024-2025,CISSS de la Montérégie-Ouest,0,8,2,540.0
2024-2025,CISSS de la Montérégie-Ouest,0,8,3,498.0
2024-2025,CISSS de la Montérégie-Ouest,0,8,4,1322.0
2024-2025,CISSS de la Montérégie-Ouest,0,8,5,1862.0
2024-2025,CISSS de la Montérégie-Ouest,0,8,6,2846.0
2024-2025,CISSS de la Montérégie-Ouest,0,8,7,158.0
2024-2025,CISSS de la Montérégie-Ouest,0,8,9,1429.0
2024-2025,CISSS de la Montérégie-Ouest,0,9,2,666.0
2024-2025,CISSS de la Montérégie-Ouest,0,9,3,197.0
2024-2025,CISSS de la Montérégie-Ouest,0,9,4,1008.0
2024-2025,CISSS de la Montérégie-Ouest,0,9,5,1855.0
2024-2025,CISSS de la Montérégie-Ouest,0,9,6,2346.0
2024-2025,CISSS de la Montérégie-Ouest,0,9,7,158.0
2024-2025,CISSS de la Montérégie-Ouest,0,9,9,1060.0
2024-2025,CISSS de la Montérégie-Ouest,0,10,1,84.0
2024-2025,CISSS de la Montérégie-Ouest,0,10,2,641.0
2024-2025,CISSS de la Montérégie-Ouest,0,10,3,291.0
2024-2025,CISSS de la Montérégie-Ouest,0,10,4,42.0
2024-2025,CISSS de la Montérégie-Ouest,0,10,5,77.0
2024-2025,CISSS de la Montérégie-Ouest,0,10,6,12.0
2024-2025,CISSS de la Montérégie-Ouest,0,10,9,1147.0
2024-2025,CISSS de la Montérégie-Ouest,0,11,1,74.0
2024-2025,CISSS de la Montérégie-Ouest,0,11,2,487.0
2024-2025,CISSS de la Montérégie-Ouest,0,11,3,603.0
2024-2025,CISSS de la Montérégie-Ouest,0,11,4,769.0
2024-2025,CISSS de la Montérégie-Ouest,0,11,5,550.0
2024-2025,CISSS de la Montérégie-Ouest,0,11,6,835.0
2024-2025,CISSS de la Montérégie-Ouest,0,11,9,503.0
2024-2025,CISSS de la Montérégie-Ouest,0,12,1,71.0
2024-2025,CISSS de la Montérégie-Ouest,0,12,2,343.0
2024-2025,CISSS de la Montérégie-Ouest,0,12,3,460.0
2024-2025,CISSS de la Montérégie-Ouest,0,12,4,829.0
2024-2025,CISSS de la Montérégie-Ouest,0,12,5,306.0
2024-2025,CISSS de la Montérégie-Ouest,0,12,6,603.0
2024-2025,CISSS de la Montérégie-Ouest,0,12,9,326.0
2024-2025,CISSS de la Montérégie-Ouest,0,13,1,84.0
2024-2025,CISSS de la Montérégie-Ouest,0,13,2,647.0
2024-2025,CISSS de la Montérégie-Ouest,0,13,3,308.0
2024-2025,CISSS de la Montérégie-Ouest,0,13,4,71.0
2024-2025,CISSS de la Montérégie-Ouest,0,13,5,146.0
2024-2025,CISSS de la Montérégie-Ouest,0,13,6,19.0
2024-2025,CISSS de la Montérégie-Ouest,0,13,7,2.0
2024-2025,CISSS de la Montérégie-Ouest,0,13,9,1277.0
2024-2025,CISSS de la Montérégie-Ouest,0,14,1,74.0
2024-2025,CISSS de la Montérégie-Ouest,0,14,2,487.0
2024-2025,CISSS de la Montérégie-Ouest,0,14,3,595.0
2024-2025,CISSS de la Montérégie-Ouest,0,14,4,799.0
2024-2025,CISSS de la Montérégie-Ouest,0,14,5,894.0
2024-2025,CISSS de la Montérégie-Ouest,0,14,6,1395.0
2024-2025,CISSS de la Montérégie-Ouest,0,14,7,158.0
2024-2025,CISSS de la Montérégie-Ouest,0,14,9,562.0
2024-2025,CISSS de la Montérégie-Ouest,0,15,1,71.0
2024-2025,CISSS de la Montérégie-Ouest,0,15,2,342.0
2024-2025,CISSS de la Montérégie-Ouest,0,15,3,439.0
2024-2025,CISSS de la Montérégie-Ouest,0,15,4,676.0
2024-2025,CISSS de la Montérégie-Ouest,0,15,5,454.0
2024-2025,CISSS de la Montérégie-Ouest,0,15,6,690.0
2024-2025,CISSS de la Montérégie-Ouest,0,15,7,158.0
2024-2025,CISSS de la Montérégie-Ouest,0,15,9,332.0
2024-2025,CISSS des Laurentides,0,1,4,4.0
2024-2025,CISSS des Laurentides,0,1,5,6.0
2024-2025,CISSS des Laurentides,0,1,6,1.0
2024-2025,CISSS des Laurentides,0,1,9,11.0
2024-2025,CISSS des Laurentides,0,2,4,500.25
2024-2025,CISSS des Laurentides,0,2,5,1512.0
2024-2025,CISSS des Laurentides,0,2,6,1201.0
2024-2025,CISSS des Laurentides,0,2,9,1115.8
2024-2025,CISSS des Laurentides,0,3,4,509.5
2024-2025,CISSS des Laurentides,0,3,5,1539.5
2024-2025,CISSS des Laurentides,0,3,6,1201.0
2024-2025,CISSS des Laurentides,0,3,9,813.0
2024-2025,CISSS des Laurentides,0,4,2,1.0
2024-2025,CISSS des Laurentides,0,4,3,5.0
2024-2025,CISSS des Laurentides,0,4,4,8.0
2024-2025,CISSS des Laurentides,0,4,5,14.0
2024-2025,CISSS des Laurentides,0,4,9,28.0
2024-2025,CISSS des Laurentides,0,5,2,11.0
2024-2025,CISSS des Laurentides,0,5,3,27.4
2024-2025,CISSS des Laurentides,0,5,4,276.62
2024-2025,CISSS des Laurentides,0,5,5,424.21
2024-2025,CISSS des Laurentides,0,5,9,296.4
2024-2025,CISSS des Laurentides,0,6,2,11.0
2024-2025,CISSS des Laurentides,0,6,3,34.0
2024-2025,CISSS des Laurentides,0,6,4,233.0
2024-2025,CISSS des Laurentides,0,6,5,286.0
2024-2025,CISSS des Laurentides,0,6,9,51.5
2024-2025,CISSS des Laurentides,0,7,5,1.0
2024-2025,CISSS des Laurentides,0,7,9,1.0
2024-2025,CISSS des Laurentides,0,8,5,1672.0
2024-2025,CISSS des Laurentides,0,8,9,1672.0
2024-2025,CISSS des Laurentides,0,9,5,1672.0
2024-2025,CISSS des Laurentides,0,9,9,1672.0
2024-2025,CISSS des Laurentides,0,10,1,29.0
2024-2025,CISSS des Laurentides,0,10,2,73.0
2024-2025,CISSS des Laurentides,0,10,3,22.0
2024-2025,CISSS des Laurentides,0,10,4,13.0
2024-2025,CISSS des Laurentides,0,10,5,34.0
2024-2025,CISSS des Laurentides,0,10,6,11.0
2024-2025,CISSS des Laurentides,0,10,7,1.0
2024-2025,CISSS des Laurentides,0,10,8,2.0
2024-2025,CISSS des Laurentides,0,10,9,185.0
2024-2025,CISSS des Laurentides,0,11,1,35.55
2024-2025,CISSS des Laurentides,0,11,2,177.26
2024-2025,CISSS des Laurentides,0,11,3,212.77
2024-2025,CISSS des Laurentides,0,11,4,610.31
2024-2025,CISSS des Laurentides,0,11,5,464.47
2024-2025,CISSS des Laurentides,0,11,6,638.09
2024-2025,CISSS des Laurentides,0,11,7,442.0
2024-2025,CISSS des Laurentides,0,11,8,300.5
2024-2025,CISSS des Laurentides,0,11,9,272.6
2024-2025,CISSS des Laurentides,0,12,1,22.0
2024-2025,CISSS des Laurentides,0,12,2,125.0
2024-2025,CISSS des Laurentides,0,12,3,48.5
2024-2025,CISSS des Laurentides,0,12,4,615.0
2024-2025,CISSS des Laurentides,0,12,5,283.0
2024-2025,CISSS des Laurentides,0,12,6,567.0
2024-2025,CISSS des Laurentides,0,12,7,442.0
2024-2025,CISSS des Laurentides,0,12,8,300.5
2024-2025,CISSS des Laurentides,0,12,9,118.0
2024-2025,CISSS des Laurentides,0,13,1,29.0
2024-2025,CISSS des Laurentides,0,13,2,74.0
2024-2025,CISSS des Laurentides,0,13,3,27.0
2024-2025,CISSS des Laurentides,0,13,4,25.0
2024-2025,CISSS des Laurentides,0,13,5,55.0
2024-2025,CISSS des Laurentides,0,13,6,12.0
2024-2025,CISSS des Laurentides,0,13,7,1.0
2024-2025,CISSS des Laurentides,0,13,8,2.0
2024-2025,CISSS des Laurentides,0,13,9,225.0
2024-2025,CISSS des Laurentides,0,14,1,35.55
2024-2025,CISSS des Laurentides,0,14,2,175.01
2024-2025,CISSS des Laurentides,0,14,3,178.44
2024-2025,CISSS des Laurentides,0,14,4,485.92
2024-2025,CISSS des Laurentides,0,14,5,590.45
2024-2025,CISSS des Laurentides,0,14,6,685.0
2024-2025,CISSS des Laurentides,0,14,7,442.0
2024-2025,CISSS des Laurentides,0,14,8,300.5
2024-2025,CISSS des Laurentides,0,14,9,323.05
2024-2025,CISSS des Laurentides,0,15,1,22.0
2024-2025,CISSS des Laurentides,0,15,2,124.5
2024-2025,CISSS des Laurentides,0,15,3,34.0
2024-2025,CISSS des Laurentides,0,15,4,488.0
2024-2025,CISSS des Laurentides,0,15,5,389.0
2024-2025,CISSS des Laurentides,0,15,6,719.0
2024-2025,CISSS des Laurentides,0,15,7,442.0
2024-2025,CISSS des Laurentides,0,15,8,300.5
2024-2025,CISSS des Laurentides,0,15,9,125.0
2024-2025,CISSS du Bas-St-Laurent,0,1,5,1.0
2024-2025,CISSS du Bas-St-Laurent,0,1,9,1.0
2024-2025,CISSS du Bas-St-Laurent,0,2,5,15.0
2024-2025,CISSS du Bas-St-Laurent,0,2,9,15.0
2024-2025,CISSS du Bas-St-Laurent,0,3,5,15.0
2024-2025,CISSS du Bas-St-Laurent,0,3,9,15.0
2024-2025,CISSS du Bas-St-Laurent,0,10,1,2.0
2024-2025,CISSS du Bas-St-Laurent,0,10,2,30.0
2024-2025,CISSS du Bas-St-Laurent,0,10,3,36.0
2024-2025,CISSS du Bas-St-Laurent,0,10,4,8.0
2024-2025,CISSS du Bas-St-Laurent,0,10,5,5.0
2024-2025,CISSS du Bas-St-Laurent,0,10,9,81.0
2024-2025,CISSS du Bas-St-Laurent,0,11,1,16.0
2024-2025,CISSS du Bas-St-Laurent,0,11,2,64.2
2024-2025,CISSS du Bas-St-Laurent,0,11,3,122.17
2024-2025,CISSS du Bas-St-Laurent,0,11,4,202.38
2024-2025,CISSS du Bas-St-Laurent,0,11,5,101.8
2024-2025,CISSS du Bas-St-Laurent,0,11,9,104.74
2024-2025,CISSS du Bas-St-Laurent,0,12,1,16.0
2024-2025,CISSS du Bas-St-Laurent,0,12,2,30.5
2024-2025,CISSS du Bas-St-Laurent,0,12,3,65.5
2024-2025,CISSS du Bas-St-Laurent,0,12,4,168.0
2024-2025,CISSS du Bas-St-Laurent,0,12,5,59.0
2024-2025,CISSS du Bas-St-Laurent,0,12,9,54.0
2024-2025,CISSS du Bas-St-Laurent,0,13,1,2.0
2024-2025,CISSS du Bas-St-Laurent,0,13,2,30.0
2024-2025,CISSS du Bas-St-Laurent,0,13,3,36.0
2024-2025,CISSS du Bas-St-Laurent,0,13,4,8.0
2024-2025,CISSS du Bas-St-Laurent,0,13,5,6.0
2024-2025,CISSS du Bas-St-Laurent,0,13,9,82.0
2024-2025,CISSS du Bas-St-Laurent,0,14,1,16.0
2024-2025,CISSS du Bas-St-Laurent,0,14,2,64.2
2024-2025,CISSS du Bas-St-Laurent,0,14,3,122.17
2024-2025,CISSS du Bas-St-Laurent,0,14,4,202.38
2024-2025,CISSS du Bas-St-Laurent,0,14,5,87.33
2024-2025,CISSS du Bas-St-Laurent,0,14,9,103.65
2024-2025,CISSS du Bas-St-Laurent,0,15,1,16.0
2024-2025,CISSS du Bas-St-Laurent,0,15,2,30.5
2024-2025,CISSS du Bas-St-Laurent,0,15,3,65.5
2024-2025,CISSS du Bas-St-Laurent,0,15,4,168.0
2024-2025,CISSS du Bas-St-Laurent,0,15,5,43.0
2024-2025,CISSS du Bas-St-Laurent,0,15,9,54.0
2024-2025,CIUSSS de l'Estrie - CHUS,0,1,5,5.0
2024-2025,CIUSSS de l'Estrie - CHUS,0,1,9,5.0
2024-2025,CIUSSS de l'Estrie - CHUS,0,2,5,379.4
2024-2025,CIUSSS de l'Estrie - CHUS,0,2,9,379.4
2024-2025,CIUSSS de l'Estrie - CHUS,0,3,5,60.0
2024-2025,CIUSSS de l'Estrie - CHUS,0,3,9,60.0
2024-2025,CIUSSS de l'Estrie - CHUS,0,4,3,2.0
2024-2025,CIUSSS de l'Estrie - CHUS,0,4,4,9.0
2024-2025,CIUSSS de l'Estrie - CHUS,0,4,5,2.0
2024-2025,CIUSSS de l'Estrie - CHUS,0,4,6,2.0
2024-2025,CIUSSS de l'Estrie - CHUS,0,4,9,15.0
2024-2025,CIUSSS de l'Estrie - CHUS,0,5,3,202.5
2024-2025,CIUSSS de l'Estrie - CHUS,0,5,4,291.44
2024-2025,CIUSSS de l'Estrie - CHUS,0,5,5,30.0
2024-2025,CIUSSS de l'Estrie - CHUS,0,5,6,126.0
2024-2025,CIUSSS de l'Estrie - CHUS,0,5,9,222.66
2024-2025,CIUSSS de l'Estrie - CHUS,0,6,3,202.5
2024-2025,CIUSSS de l'Estrie - CHUS,0,6,4,277.0
2024-2025,CIUSSS de l'Estrie - CHUS,0,6,5,30.0
2024-2025,CIUSSS de l'Estrie - CHUS,0,6,6,126.0
2024-2025,CIUSSS de l'Estrie - CHUS,0,6,9,117.0
2024-2025,CIUSSS de l'Estrie - CHUS,0,7,2,4.0
2024-2025,CIUSSS de l'Estrie - CHUS,0,7,3,5.0
2024-2025,CIUSSS de l'Estrie - CHUS,0,7,4,5.0
2024-2025,CIUSSS de l'Estrie - CHUS,0,7,5,13.0
2024-2025,CIUSSS de l'Estrie - CHUS,0,7,9,27.0
2024-2025,CIUSSS de l'Estrie - CHUS,0,8,2,447.0
2024-2025,CIUSSS de l'Estrie - CHUS,0,8,3,535.6
2024-2025,CIUSSS de l'Estrie - CHUS,0,8,4,572.8
2024-2025,CIUSSS de l'Estrie - CHUS,0,8,5,900.23
2024-2025,CIUSSS de l'Estrie - CHUS,0,8,9,704.92
2024-2025,CIUSSS de l'Estrie - CHUS,0,9,2,197.5
2024-2025,CIUSSS de l'Estrie - CHUS,0,9,3,705.0
2024-2025,CIUSSS de l'Estrie - CHUS,0,9,4,587.0
2024-2025,CIUSSS de l'Estrie - CHUS,0,9,5,1049.0
2024-2025,CIUSSS de l'Estrie - CHUS,0,9,9,587.0
2024-2025,CIUSSS de l'Estrie - CHUS,0,10,1,87.0
2024-2025,CIUSSS de l'Estrie - CHUS,0,10,2,414.0
2024-2025,CIUSSS de l'Estrie - CHUS,0,10,3,241.0
2024-2025,CIUSSS de l'Estrie - CHUS,0,10,4,30.0
2024-2025,CIUSSS de l'Estrie - CHUS,0,10,5,35.0
2024-2025,CIUSSS de l'Estrie - CHUS,0,10,6,6.0
2024-2025,CIUSSS de l'Estrie - CHUS,0,10,7,1.0
2024-2025,CIUSSS de l'Estrie - CHUS,0,10,9,814.0
2024-2025,CIUSSS de l'Estrie - CHUS,0,11,1,98.52
2024-2025,CIUSSS de l'Estrie - CHUS,0,11,2,446.17
2024-2025,CIUSSS de l'Estrie - CHUS,0,11,3,558.08
2024-2025,CIUSSS de l'Estrie - CHUS,0,11,4,593.93
2024-2025,CIUSSS de l'Estrie - CHUS,0,11,5,411.88
2024-2025,CIUSSS de l'Estrie - CHUS,0,11,6,256.66
2024-2025,CIUSSS de l'Estrie - CHUS,0,11,7,53.0
2024-2025,CIUSSS de l'Estrie - CHUS,0,11,9,444.21
2024-2025,CIUSSS de l'Estrie - CHUS,0,12,1,55.0
2024-2025,CIUSSS de l'Estrie - CHUS,0,12,2,321.0
2024-2025,CIUSSS de l'Estrie - CHUS,0,12,3,424.0
2024-2025,CIUSSS de l'Estrie - CHUS,0,12,4,501.5
2024-2025,CIUSSS de l'Estrie - CHUS,0,12,5,348.0
2024-2025,CIUSSS de l'Estrie - CHUS,0,12,6,249.5
2024-2025,CIUSSS de l'Estrie - CHUS,0,12,7,53.0
2024-2025,CIUSSS de l'Estrie - CHUS,0,12,9,312.0
2024-2025,CIUSSS de l'Estrie - CHUS,0,13,1,87.0
2024-2025,CIUSSS de l'Estrie - CHUS,0,13,2,418.0
2024-2025,CIUSSS de l'Estrie - CHUS,0,13,3,248.0
2024-2025,CIUSSS de l'Estrie - CHUS,0,13,4,44.0
2024-2025,CIUSSS de l'Estrie - CHUS,0,13,5,55.0
2024-2025,CIUSSS de l'Estrie - CHUS,0,13,6,8.0
2024-2025,CIUSSS de l'Estrie - CHUS,0,13,7,1.0
2024-2025,CIUSSS de l'Estrie - CHUS,0,13,9,861.0
2024-2025,CIUSSS de l'Estrie - CHUS,0,14,1,98.25
2024-2025,CIUSSS de l'Estrie - CHUS,0,14,2,446.17
2024-2025,CIUSSS de l'Estrie - CHUS,0,14,3,554.76
2024-2025,CIUSSS de l'Estrie - CHUS,0,14,4,529.65
2024-2025,CIUSSS de l'Estrie - CHUS,0,14,5,510.47
2024-2025,CIUSSS de l'Estrie - CHUS,0,14,6,224.0
2024-2025,CIUSSS de l'Estrie - CHUS,0,14,7,83.0
2024-2025,CIUSSS de l'Estrie - CHUS,0,14,9,448.15
2024-2025,CIUSSS de l'Estrie - CHUS,0,15,1,55.0
2024-2025,CIUSSS de l'Estrie - CHUS,0,15,2,321.0
2024-2025,CIUSSS de l'Estrie - CHUS,0,15,3,424.0
2024-2025,CIUSSS de l'Estrie - CHUS,0,15,4,435.0
2024-2025,CIUSSS de l'Estrie - CHUS,0,15,5,364.0
2024-2025,CIUSSS de l'Estrie - CHUS,0,15,6,201.0
2024-2025,CIUSSS de l'Estrie - CHUS,0,15,7,53.0
2024-2025,CIUSSS de l'Estrie - CHUS,0,15,9,320.0
2024-2025,CIUSSS de l'Ouest-de-l'Île-de-Montréal,0,1,4,8.0
2024-2025,CIUSSS de l'Ouest-de-l'Île-de-Montréal,0,1,5,2.0
2024-2025,CIUSSS de l'Ouest-de-l'Île-de-Montréal,0,1,9,10.0
2024-2025,CIUSSS de l'Ouest-de-l'Île-de-Montréal,0,2,4,241.88
2024-2025,CIUSSS de l'Ouest-de-l'Île-de-Montréal,0,2,5,244.5
2024-2025,CIUSSS de l'Ouest-de-l'Île-de-Montréal,0,2,9,242.4
2024-2025,CIUSSS de l'Ouest-de-l'Île-de-Montréal,0,3,4,148.0
2024-2025,CIUSSS de l'Ouest-de-l'Île-de-Montréal,0,3,5,244.5
2024-2025,CIUSSS de l'Ouest-de-l'Île-de-Montréal,0,3,9,183.0
2024-2025,CIUSSS de l'Ouest-de-l'Île-de-Montréal,0,4,4,6.0
2024-2025,CIUSSS de l'Ouest-de-l'Île-de-Montréal,0,4,5,6.0
2024-2025,CIUSSS de l'Ouest-de-l'Île-de-Montréal,0,4,9,12.0
2024-2025,CIUSSS de l'Ouest-de-l'Île-de-Montréal,0,5,4,106.67
2024-2025,CIUSSS de l'Ouest-de-l'Île-de-Montréal,0,5,5,768.33
2024-2025,CIUSSS de l'Ouest-de-l'Île-de-Montréal,0,5,9,437.5
2024-2025,CIUSSS de l'Ouest-de-l'Île-de-Montréal,0,6,4,106.5
2024-2025,CIUSSS de l'Ouest-de-l'Île-de-Montréal,0,6,5,218.5
2024-2025,CIUSSS de l'Ouest-de-l'Île-de-Montréal,0,6,9,145.5
2024-2025,CIUSSS de l'Ouest-de-l'Île-de-Montréal,0,7,1,1.0
2024-2025,CIUSSS de l'Ouest-de-l'Île-de-Montréal,0,7,2,16.0
2024-2025,CIUSSS de l'Ouest-de-l'Île-de-Montréal,0,7,3,17.0
2024-2025,CIUSSS de l'Ouest-de-l'Île-de-Montréal,0,7,4,10.0
2024-2025,CIUSSS de l'Ouest-de-l'Île-de-Montréal,0,7,5,28.0
2024-2025,CIUSSS de l'Ouest-de-l'Île-de-Montréal,0,7,6,2.0
2024-2025,CIUSSS de l'Ouest-de-l'Île-de-Montréal,0,7,9,74.0
2024-2025,CIUSSS de l'Ouest-de-l'Île-de-Montréal,0,8,1,244.0
2024-2025,CIUSSS de l'Ouest-de-l'Île-de-Montréal,0,8,2,755.25
2024-2025,CIUSSS de l'Ouest-de-l'Île-de-Montréal,0,8,3,1579.47
2024-2025,CIUSSS de l'Ouest-de-l'Île-de-Montréal,0,8,4,1299.4
2024-2025,CIUSSS de l'Ouest-de-l'Île-de-Montréal,0,8,5,2210.86
2024-2025,CIUSSS de l'Ouest-de-l'Île-de-Montréal,0,8,6,872.5
2024-2025,CIUSSS de l'Ouest-de-l'Île-de-Montréal,0,8,9,1565.16
2024-2025,CIUSSS de l'Ouest-de-l'Île-de-Montréal,0,9,1,224.0
2024-2025,CIUSSS de l'Ouest-de-l'Île-de-Montréal,0,9,2,384.0
2024-2025,CIUSSS de l'Ouest-de-l'Île-de-Montréal,0,9,3,1413.0
2024-2025,CIUSSS de l'Ouest-de-l'Île-de-Montréal,0,9,4,990.0
2024-2025,CIUSSS de l'Ouest-de-l'Île-de-Montréal,0,9,5,1332.5
2024-2025,CIUSSS de l'Ouest-de-l'Île-de-Montréal,0,9,6,872.5
2024-2025,CIUSSS de l'Ouest-de-l'Île-de-Montréal,0,9,9,1227.5
2024-2025,CIUSSS de l'Ouest-de-l'Île-de-Montréal,0,10,1,124.0
2024-2025,CIUSSS de l'Ouest-de-l'Île-de-Montréal,0,10,2,329.0
2024-2025,CIUSSS de l'Ouest-de-l'Île-de-Montréal,0,10,3,121.0
2024-2025,CIUSSS de l'Ouest-de-l'Île-de-Montréal,0,10,4,36.0
2024-2025,CIUSSS de l'Ouest-de-l'Île-de-Montréal,0,10,5,59.0
2024-2025,CIUSSS de l'Ouest-de-l'Île-de-Montréal,0,10,6,11.0
2024-2025,CIUSSS de l'Ouest-de-l'Île-de-Montréal,0,10,9,680.0
2024-2025,CIUSSS de l'Ouest-de-l'Île-de-Montréal,0,11,1,415.96
2024-2025,CIUSSS de l'Ouest-de-l'Île-de-Montréal,0,11,2,765.55
2024-2025,CIUSSS de l'Ouest-de-l'Île-de-Montréal,0,11,3,1340.03
2024-2025,CIUSSS de l'Ouest-de-l'Île-de-Montréal,0,11,4,1032.61
2024-2025,CIUSSS de l'Ouest-de-l'Île-de-Montréal,0,11,5,1712.97
2024-2025,CIUSSS de l'Ouest-de-l'Île-de-Montréal,0,11,6,2644.27
2024-2025,CIUSSS de l'Ouest-de-l'Île-de-Montréal,0,11,9,930.76
2024-2025,CIUSSS de l'Ouest-de-l'Île-de-Montréal,0,12,1,401.0
2024-2025,CIUSSS de l'Ouest-de-l'Île-de-Montréal,0,12,2,630.0
2024-2025,CIUSSS de l'Ouest-de-l'Île-de-Montréal,0,12,3,1306.0
2024-2025,CIUSSS de l'Ouest-de-l'Île-de-Montréal,0,12,4,790.0
2024-2025,CIUSSS de l'Ouest-de-l'Île-de-Montréal,0,12,5,1287.0
2024-2025,CIUSSS de l'Ouest-de-l'Île-de-Montréal,0,12,6,3643.0
2024-2025,CIUSSS de l'Ouest-de-l'Île-de-Montréal,0,12,9,617.0
2024-2025,CIUSSS de l'Ouest-de-l'Île-de-Montréal,0,13,1,125.0
2024-2025,CIUSSS de l'Ouest-de-l'Île-de-Montréal,0,13,2,345.0
2024-2025,CIUSSS de l'Ouest-de-l'Île-de-Montréal,0,13,3,138.0
2024-2025,CIUSSS de l'Ouest-de-l'Île-de-Montréal,0,13,4,60.0
2024-2025,CIUSSS de l'Ouest-de-l'Île-de-Montréal,0,13,5,95.0
2024-2025,CIUSSS de l'Ouest-de-l'Île-de-Montréal,0,13,6,13.0
2024-2025,CIUSSS de l'Ouest-de-l'Île-de-Montréal,0,13,9,776.0
2024-2025,CIUSSS de l'Ouest-de-l'Île-de-Montréal,0,14,1,414.58
2024-2025,CIUSSS de l'Ouest-de-l'Île-de-Montréal,0,14,2,765.07
2024-2025,CIUSSS de l'Ouest-de-l'Île-de-Montréal,0,14,3,1369.53
2024-2025,CIUSSS de l'Ouest-de-l'Île-de-Montréal,0,14,4,879.05
2024-2025,CIUSSS de l'Ouest-de-l'Île-de-Montréal,0,14,5,1769.14
2024-2025,CIUSSS de l'Ouest-de-l'Île-de-Montréal,0,14,6,2371.69
2024-2025,CIUSSS de l'Ouest-de-l'Île-de-Montréal,0,14,9,974.76
2024-2025,CIUSSS de l'Ouest-de-l'Île-de-Montréal,0,15,1,399.0
2024-2025,CIUSSS de l'Ouest-de-l'Île-de-Montréal,0,15,2,617.0
2024-2025,CIUSSS de l'Ouest-de-l'Île-de-Montréal,0,15,3,1317.0
2024-2025,CIUSSS de l'Ouest-de-l'Île-de-Montréal,0,15,4,408.5
2024-2025,CIUSSS de l'Ouest-de-l'Île-de-Montréal,0,15,5,1279.0
2024-2025,CIUSSS de l'Ouest-de-l'Île-de-Montréal,0,15,6,3051.0
2024-2025,CIUSSS de l'Ouest-de-l'Île-de-Montréal,0,15,9,621.5
2024-2025,CIUSSS de la Capitale-Nationale,0,1,5,5.0
2024-2025,CIUSSS de la Capitale-Nationale,0,1,6,3.0
2024-2025,CIUSSS de la Capitale-Nationale,0,1,7,1.0
2024-2025,CIUSSS de la Capitale-Nationale,0,1,9,9.0
2024-2025,CIUSSS de la Capitale-Nationale,0,2,5,928.2
2024-2025,CIUSSS de la Capitale-Nationale,0,2,6,816.33
2024-2025,CIUSSS de la Capitale-Nationale,0,2,7,876.0
2024-2025,CIUSSS de la Capitale-Nationale,0,2,9,885.11
2024-2025,CIUSSS de la Capitale-Nationale,0,3,5,876.0
2024-2025,CIUSSS de la Capitale-Nationale,0,3,6,876.0
2024-2025,CIUSSS de la Capitale-Nationale,0,3,7,876.0
2024-2025,CIUSSS de la Capitale-Nationale,0,3,9,876.0
2024-2025,CIUSSS de la Capitale-Nationale,0,4,4,2.0
2024-2025,CIUSSS de la Capitale-Nationale,0,4,5,5.0
2024-2025,CIUSSS de la Capitale-Nationale,0,4,9,7.0
2024-2025,CIUSSS de la Capitale-Nationale,0,5,4,630.0
2024-2025,CIUSSS de la Capitale-Nationale,0,5,5,918.0
2024-2025,CIUSSS de la Capitale-Nationale,0,5,9,835.71
2024-2025,CIUSSS de la Capitale-Nationale,0,6,4,630.0
2024-2025,CIUSSS de la Capitale-Nationale,0,6,5,711.0
2024-2025,CIUSSS de la Capitale-Nationale,0,6,9,711.0
2024-2025,CIUSSS de la Capitale-Nationale,0,7,3,3.0
2024-2025,CIUSSS de la Capitale-Nationale,0,7,4,3.0
2024-2025,CIUSSS de la Capitale-Nationale,0,7,5,6.0
2024-2025,CIUSSS de la Capitale-Nationale,0,7,7,1.0
2024-2025,CIUSSS de la Capitale-Nationale,0,7,9,13.0
2024-2025,CIUSSS de la Capitale-Nationale,0,8,3,897.0
2024-2025,CIUSSS de la Capitale-Nationale,0,8,4,1644.67
2024-2025,CIUSSS de la Capitale-Nationale,0,8,5,2507.17
2024-2025,CIUSSS de la Capitale-Nationale,0,8,7,1940.0
2024-2025,CIUSSS de la Capitale-Nationale,0,8,9,1892.92
2024-2025,CIUSSS de la Capitale-Nationale,0,9,3,1054.0
2024-2025,CIUSSS de la Capitale-Nationale,0,9,4,1245.0
2024-2025,CIUSSS de la Capitale-Nationale,0,9,5,2619.5
2024-2025,CIUSSS de la Capitale-Nationale,0,9,7,1940.0
2024-2025,CIUSSS de la Capitale-Nationale,0,9,9,1940.0
2024-2025,CIUSSS de la Capitale-Nationale,0,10,1,91.0
2024-2025,CIUSSS de la Capitale-Nationale,0,10,2,49.0
2024-2025,CIUSSS de la Capitale-Nationale,0,10,3,51.0
2024-2025,CIUSSS de la Capitale-Nationale,0,10,4,21.0
2024-2025,CIUSSS de la Capitale-Nationale,0,10,5,25.0
2024-2025,CIUSSS de la Capitale-Nationale,0,10,6,10.0
2024-2025,CIUSSS de la Capitale-Nationale,0,10,9,247.0
2024-2025,CIUSSS de la Capitale-Nationale,0,11,1,77.6
2024-2025,CIUSSS de la Capitale-Nationale,0,11,2,446.06
2024-2025,CIUSSS de la Capitale-Nationale,0,11,3,1307.71
2024-2025,CIUSSS de la Capitale-Nationale,0,11,4,1437.29
2024-2025,CIUSSS de la Capitale-Nationale,0,11,5,838.64
2024-2025,CIUSSS de la Capitale-Nationale,0,11,6,486.0
2024-2025,CIUSSS de la Capitale-Nationale,0,11,9,613.45
2024-2025,CIUSSS de la Capitale-Nationale,0,12,1,19.0
2024-2025,CIUSSS de la Capitale-Nationale,0,12,2,123.0
2024-2025,CIUSSS de la Capitale-Nationale,0,12,3,1417.0
2024-2025,CIUSSS de la Capitale-Nationale,0,12,4,1636.0
2024-2025,CIUSSS de la Capitale-Nationale,0,12,5,831.0
2024-2025,CIUSSS de la Capitale-Nationale,0,12,6,434.0
2024-2025,CIUSSS de la Capitale-Nationale,0,12,9,266.0
2024-2025,CIUSSS de la Capitale-Nationale,0,13,1,91.0
2024-2025,CIUSSS de la Capitale-Nationale,0,13,2,49.0
2024-2025,CIUSSS de la Capitale-Nationale,0,13,3,54.0
2024-2025,CIUSSS de la Capitale-Nationale,0,13,4,26.0
2024-2025,CIUSSS de la Capitale-Nationale,0,13,5,41.0
2024-2025,CIUSSS de la Capitale-Nationale,0,13,6,13.0
2024-2025,CIUSSS de la Capitale-Nationale,0,13,7,2.0
2024-2025,CIUSSS de la Capitale-Nationale,0,13,9,276.0
2024-2025,CIUSSS de la Capitale-Nationale,0,14,1,77.6
2024-2025,CIUSSS de la Capitale-Nationale,0,14,2,446.06
2024-2025,CIUSSS de la Capitale-Nationale,0,14,3,1284.89
2024-2025,CIUSSS de la Capitale-Nationale,0,14,4,1399.12
2024-2025,CIUSSS de la Capitale-Nationale,0,14,5,1103.41
2024-2025,CIUSSS de la Capitale-Nationale,0,14,6,554.54
2024-2025,CIUSSS de la Capitale-Nationale,0,14,7,1408.0
2024-2025,CIUSSS de la Capitale-Nationale,0,14,9,688.21
2024-2025,CIUSSS de la Capitale-Nationale,0,15,1,19.0
2024-2025,CIUSSS de la Capitale-Nationale,0,15,2,123.0
2024-2025,CIUSSS de la Capitale-Nationale,0,15,3,1380.5
2024-2025,CIUSSS de la Capitale-Nationale,0,15,4,1508.0
2024-2025,CIUSSS de la Capitale-Nationale,0,15,5,876.0
2024-2025,CIUSSS de la Capitale-Nationale,0,15,6,752.0
2024-2025,CIUSSS de la Capitale-Nationale,0,15,7,1408.0
2024-2025,CIUSSS de la Capitale-Nationale,0,15,9,396.5
2024-2025,CIUSSS de la Mauricie-et-du-Centre-du-Québec,0,1,3,1.0
2024-2025,CIUSSS de la Mauricie-et-du-Centre-du-Québec,0,1,4,1.0
2024-2025,CIUSSS de la Mauricie-et-du-Centre-du-Québec,0,1,5,10.0
2024-2025,CIUSSS de la Mauricie-et-du-Centre-du-Québec,0,1,9,12.0
2024-2025,CIUSSS de la Mauricie-et-du-Centre-du-Québec,0,2,3,536.0
2024-2025,CIUSSS de la Mauricie-et-du-Centre-du-Québec,0,2,4,111.0
2024-2025,CIUSSS de la Mauricie-et-du-Centre-du-Québec,0,2,5,140.0
2024-2025,CIUSSS de la Mauricie-et-du-Centre-du-Québec,0,2,9,170.0
2024-2025,CIUSSS de la Mauricie-et-du-Centre-du-Québec,0,3,3,536.0
2024-2025,CIUSSS de la Mauricie-et-du-Centre-du-Québec,0,3,4,111.0
2024-2025,CIUSSS de la Mauricie-et-du-Centre-du-Québec,0,3,5,79.0
2024-2025,CIUSSS de la Mauricie-et-du-Centre-du-Québec,0,3,9,105.0
2024-2025,CIUSSS de la Mauricie-et-du-Centre-du-Québec,0,4,3,7.0
2024-2025,CIUSSS de la Mauricie-et-du-Centre-du-Québec,0,4,4,11.0
2024-2025,CIUSSS de la Mauricie-et-du-Centre-du-Québec,0,4,5,10.0
2024-2025,CIUSSS de la Mauricie-et-du-Centre-du-Québec,0,4,9,28.0
2024-2025,CIUSSS de la Mauricie-et-du-Centre-du-Québec,0,5,3,322.0
2024-2025,CIUSSS de la Mauricie-et-du-Centre-du-Québec,0,5,4,261.0
2024-2025,CIUSSS de la Mauricie-et-du-Centre-du-Québec,0,5,5,300.0
2024-2025,CIUSSS de la Mauricie-et-du-Centre-du-Québec,0,5,9,290.0
2024-2025,CIUSSS de la Mauricie-et-du-Centre-du-Québec,0,6,3,213.0
2024-2025,CIUSSS de la Mauricie-et-du-Centre-du-Québec,0,6,4,194.0
2024-2025,CIUSSS de la Mauricie-et-du-Centre-du-Québec,0,6,5,249.0
2024-2025,CIUSSS de la Mauricie-et-du-Centre-du-Québec,0,6,9,208.0
2024-2025,CIUSSS de la Mauricie-et-du-Centre-du-Québec,0,7,4,1.0
2024-2025,CIUSSS de la Mauricie-et-du-Centre-du-Québec,0,7,5,1.0
2024-2025,CIUSSS de la Mauricie-et-du-Centre-du-Québec,0,7,9,2.0
2024-2025,CIUSSS de la Mauricie-et-du-Centre-du-Québec,0,8,4,83.0
2024-2025,CIUSSS de la Mauricie-et-du-Centre-du-Québec,0,8,5,958.0
2024-2025,CIUSSS de la Mauricie-et-du-Centre-du-Québec,0,8,9,521.0
2024-2025,CIUSSS de la Mauricie-et-du-Centre-du-Québec,0,9,4,83.0
2024-2025,CIUSSS de la Mauricie-et-du-Centre-du-Québec,0,9,5,958.0
2024-2025,CIUSSS de la Mauricie-et-du-Centre-du-Québec,0,9,9,521.0
2024-2025,CIUSSS de la Mauricie-et-du-Centre-du-Québec,0,10,1,60.0
2024-2025,CIUSSS de la Mauricie-et-du-Centre-du-Québec,0,10,2,380.0
2024-2025,CIUSSS de la Mauricie-et-du-Centre-du-Québec,0,10,3,186.0
2024-2025,CIUSSS de la Mauricie-et-du-Centre-du-Québec,0,10,4,44.0
2024-2025,CIUSSS de la Mauricie-et-du-Centre-du-Québec,0,10,5,62.0
2024-2025,CIUSSS de la Mauricie-et-du-Centre-du-Québec,0,10,6,10.0
2024-2025,CIUSSS de la Mauricie-et-du-Centre-du-Québec,0,10,8,1.0
2024-2025,CIUSSS de la Mauricie-et-du-Centre-du-Québec,0,10,9,743.0
2024-2025,CIUSSS de la Mauricie-et-du-Centre-du-Québec,0,11,1,66.0
2024-2025,CIUSSS de la Mauricie-et-du-Centre-du-Québec,0,11,2,177.0
2024-2025,CIUSSS de la Mauricie-et-du-Centre-du-Québec,0,11,3,228.0
2024-2025,CIUSSS de la Mauricie-et-du-Centre-du-Québec,0,11,4,176.0
2024-2025,CIUSSS de la Mauricie-et-du-Centre-du-Québec,0,11,5,303.0
2024-2025,CIUSSS de la Mauricie-et-du-Centre-du-Québec,0,11,6,272.0
2024-2025,CIUSSS de la Mauricie-et-du-Centre-du-Québec,0,11,8,679.0
2024-2025,CIUSSS de la Mauricie-et-du-Centre-du-Québec,0,11,9,193.0
2024-2025,CIUSSS de la Mauricie-et-du-Centre-du-Québec,0,12,1,41.0
2024-2025,CIUSSS de la Mauricie-et-du-Centre-du-Québec,0,12,2,123.0
2024-2025,CIUSSS de la Mauricie-et-du-Centre-du-Québec,0,12,3,174.0
2024-2025,CIUSSS de la Mauricie-et-du-Centre-du-Québec,0,12,4,138.0
2024-2025,CIUSSS de la Mauricie-et-du-Centre-du-Québec,0,12,5,186.0
2024-2025,CIUSSS de la Mauricie-et-du-Centre-du-Québec,0,12,6,108.0
2024-2025,CIUSSS de la Mauricie-et-du-Centre-du-Québec,0,12,8,679.0
2024-2025,CIUSSS de la Mauricie-et-du-Centre-du-Québec,0,12,9,133.0
2024-2025,CIUSSS de la Mauricie-et-du-Centre-du-Québec,0,13,1,60.0
2024-2025,CIUSSS de la Mauricie-et-du-Centre-du-Québec,0,13,2,380.0
2024-2025,CIUSSS de la Mauricie-et-du-Centre-du-Québec,0,13,3,194.0
2024-2025,CIUSSS de la Mauricie-et-du-Centre-du-Québec,0,13,4,57.0
2024-2025,CIUSSS de la Mauricie-et-du-Centre-du-Québec,0,13,5,83.0
2024-2025,CIUSSS de la Mauricie-et-du-Centre-du-Québec,0,13,6,10.0
2024-2025,CIUSSS de la Mauricie-et-du-Centre-du-Québec,0,13,8,1.0
2024-2025,CIUSSS de la Mauricie-et-du-Centre-du-Québec,0,13,9,785.0
2024-2025,CIUSSS de la Mauricie-et-du-Centre-du-Québec,0,14,1,66.0
2024-2025,CIUSSS de la Mauricie-et-du-Centre-du-Québec,0,14,2,177.0
2024-2025,CIUSSS de la Mauricie-et-du-Centre-du-Québec,0,14,3,233.0
2024-2025,CIUSSS de la Mauricie-et-du-Centre-du-Québec,0,14,4,190.0
2024-2025,CIUSSS de la Mauricie-et-du-Centre-du-Québec,0,14,5,291.0
2024-2025,CIUSSS de la Mauricie-et-du-Centre-du-Québec,0,14,6,272.0
2024-2025,CIUSSS de la Mauricie-et-du-Centre-du-Québec,0,14,8,679.0
2024-2025,CIUSSS de la Mauricie-et-du-Centre-du-Québec,0,14,9,197.0
2024-2025,CIUSSS de la Mauricie-et-du-Centre-du-Québec,0,15,1,41.0
2024-2025,CIUSSS de la Mauricie-et-du-Centre-du-Québec,0,15,2,123.0
2024-2025,CIUSSS de la Mauricie-et-du-Centre-du-Québec,0,15,3,175.0
2024-2025,CIUSSS de la Mauricie-et-du-Centre-du-Québec,0,15,4,150.0
2024-2025,CIUSSS de la Mauricie-et-du-Centre-du-Québec,0,15,5,183.0
2024-2025,CIUSSS de la Mauricie-et-du-Centre-du-Québec,0,15,6,108.0
2024-2025,CIUSSS de la Mauricie-et-du-Centre-du-Québec,0,15,8,679.0
2024-2025,CIUSSS de la Mauricie-et-du-Centre-du-Québec,0,15,9,138.0
2024-2025,CIUSSS du Centre-Ouest-de-l'Île-de-Montréal,0,1,4,11.0
2024-2025,CIUSSS du Centre-Ouest-de-l'Île-de-Montréal,0,1,5,15.0
2024-2025,CIUSSS du Centre-Ouest-de-l'Île-de-Montréal,0,1,6,4.0
2024-2025,CIUSSS du Centre-Ouest-de-l'Île-de-Montréal,0,1,7,1.0
2024-2025,CIUSSS du Centre-Ouest-de-l'Île-de-Montréal,0,1,9,31.0
2024-2025,CIUSSS du Centre-Ouest-de-l'Île-de-Montréal,0,2,4,206.36
2024-2025,CIUSSS du Centre-Ouest-de-l'Île-de-Montréal,0,2,5,954.33
2024-2025,CIUSSS du Centre-Ouest-de-l'Île-de-Montréal,0,2,6,1356.5
2024-2025,CIUSSS du Centre-Ouest-de-l'Île-de-Montréal,0,2,7,4852.0
2024-2025,CIUSSS du Centre-Ouest-de-l'Île-de-Montréal,0,2,9,866.55
2024-2025,CIUSSS du Centre-Ouest-de-l'Île-de-Montréal,0,3,4,197.0
2024-2025,CIUSSS du Centre-Ouest-de-l'Île-de-Montréal,0,3,5,756.0
2024-2025,CIUSSS du Centre-Ouest-de-l'Île-de-Montréal,0,3,6,311.5
2024-2025,CIUSSS du Centre-Ouest-de-l'Île-de-Montréal,0,3,7,4852.0
2024-2025,CIUSSS du Centre-Ouest-de-l'Île-de-Montréal,0,3,9,306.0
2024-2025,CIUSSS du Centre-Ouest-de-l'Île-de-Montréal,0,4,4,14.0
2024-2025,CIUSSS du Centre-Ouest-de-l'Île-de-Montréal,0,4,5,40.0
2024-2025,CIUSSS du Centre-Ouest-de-l'Île-de-Montréal,0,4,6,6.0
2024-2025,CIUSSS du Centre-Ouest-de-l'Île-de-Montréal,0,4,9,60.0
2024-2025,CIUSSS du Centre-Ouest-de-l'Île-de-Montréal,0,5,4,501.86
2024-2025,CIUSSS du Centre-Ouest-de-l'Île-de-Montréal,0,5,5,717.0
2024-2025,CIUSSS du Centre-Ouest-de-l'Île-de-Montréal,0,5,6,756.83
2024-2025,CIUSSS du Centre-Ouest-de-l'Île-de-Montréal,0,5,9,765.88
2024-2025,CIUSSS du Centre-Ouest-de-l'Île-de-Montréal,0,6,4,499.5
2024-2025,CIUSSS du Centre-Ouest-de-l'Île-de-Montréal,0,6,5,609.5
2024-2025,CIUSSS du Centre-Ouest-de-l'Île-de-Montréal,0,6,6,737.5
2024-2025,CIUSSS du Centre-Ouest-de-l'Île-de-Montréal,0,6,9,734.0
2024-2025,CIUSSS du Centre-Ouest-de-l'Île-de-Montréal,0,7,1,1.0
2024-2025,CIUSSS du Centre-Ouest-de-l'Île-de-Montréal,0,7,2,42.0
2024-2025,CIUSSS du Centre-Ouest-de-l'Île-de-Montréal,0,7,3,39.0
2024-2025,CIUSSS du Centre-Ouest-de-l'Île-de-Montréal,0,7,4,12.0
2024-2025,CIUSSS du Centre-Ouest-de-l'Île-de-Montréal,0,7,5,32.0
2024-2025,CIUSSS du Centre-Ouest-de-l'Île-de-Montréal,0,7,6,8.0
2024-2025,CIUSSS du Centre-Ouest-de-l'Île-de-Montréal,0,7,7,1.0
2024-2025,CIUSSS du Centre-Ouest-de-l'Île-de-Montréal,0,7,9,135.0
2024-2025,CIUSSS du Centre-Ouest-de-l'Île-de-Montréal,0,8,1,288.0
2024-2025,CIUSSS du Centre-Ouest-de-l'Île-de-Montréal,0,8,2,569.74
2024-2025,CIUSSS du Centre-Ouest-de-l'Île-de-Montréal,0,8,3,527.56
2024-2025,CIUSSS du Centre-Ouest-de-l'Île-de-Montréal,0,8,4,364.5
2024-2025,CIUSSS du Centre-Ouest-de-l'Île-de-Montréal,0,8,5,1394.28
2024-2025,CIUSSS du Centre-Ouest-de-l'Île-de-Montréal,0,8,6,433.88
2024-2025,CIUSSS du Centre-Ouest-de-l'Île-de-Montréal,0,8,7,27.0
2024-2025,CIUSSS du Centre-Ouest-de-l'Île-de-Montréal,0,8,9,1460.83
2024-2025,CIUSSS du Centre-Ouest-de-l'Île-de-Montréal,0,9,1,288.0
2024-2025,CIUSSS du Centre-Ouest-de-l'Île-de-Montréal,0,9,2,471.5
2024-2025,CIUSSS du Centre-Ouest-de-l'Île-de-Montréal,0,9,3,539.0
2024-2025,CIUSSS du Centre-Ouest-de-l'Île-de-Montréal,0,9,4,371.0
2024-2025,CIUSSS du Centre-Ouest-de-l'Île-de-Montréal,0,9,5,1339.0
2024-2025,CIUSSS du Centre-Ouest-de-l'Île-de-Montréal,0,9,6,466.0
2024-2025,CIUSSS du Centre-Ouest-de-l'Île-de-Montréal,0,9,7,27.0
2024-2025,CIUSSS du Centre-Ouest-de-l'Île-de-Montréal,0,9,9,948.0
2024-2025,CIUSSS du Centre-Ouest-de-l'Île-de-Montréal,0,10,1,256.0
2024-2025,CIUSSS du Centre-Ouest-de-l'Île-de-Montréal,0,10,2,395.0
2024-2025,CIUSSS du Centre-Ouest-de-l'Île-de-Montréal,0,10,3,200.0
2024-2025,CIUSSS du Centre-Ouest-de-l'Île-de-Montréal,0,10,4,53.0
2024-2025,CIUSSS du Centre-Ouest-de-l'Île-de-Montréal,0,10,5,92.0
2024-2025,CIUSSS du Centre-Ouest-de-l'Île-de-Montréal,0,10,6,12.0
2024-2025,CIUSSS du Centre-Ouest-de-l'Île-de-Montréal,0,10,7,3.0
2024-2025,CIUSSS du Centre-Ouest-de-l'Île-de-Montréal,0,10,9,1011.0
2024-2025,CIUSSS du Centre-Ouest-de-l'Île-de-Montréal,0,11,1,178.75
2024-2025,CIUSSS du Centre-Ouest-de-l'Île-de-Montréal,0,11,2,388.69
2024-2025,CIUSSS du Centre-Ouest-de-l'Île-de-Montréal,0,11,3,574.38
2024-2025,CIUSSS du Centre-Ouest-de-l'Île-de-Montréal,0,11,4,582.25
2024-2025,CIUSSS du Centre-Ouest-de-l'Île-de-Montréal,0,11,5,454.45
2024-2025,CIUSSS du Centre-Ouest-de-l'Île-de-Montréal,0,11,6,349.91
2024-2025,CIUSSS du Centre-Ouest-de-l'Île-de-Montréal,0,11,7,160.0
2024-2025,CIUSSS du Centre-Ouest-de-l'Île-de-Montréal,0,11,9,496.36
2024-2025,CIUSSS du Centre-Ouest-de-l'Île-de-Montréal,0,12,1,105.0
2024-2025,CIUSSS du Centre-Ouest-de-l'Île-de-Montréal,0,12,2,232.0
2024-2025,CIUSSS du Centre-Ouest-de-l'Île-de-Montréal,0,12,3,412.0
2024-2025,CIUSSS du Centre-Ouest-de-l'Île-de-Montréal,0,12,4,476.0
2024-2025,CIUSSS du Centre-Ouest-de-l'Île-de-Montréal,0,12,5,322.0
2024-2025,CIUSSS du Centre-Ouest-de-l'Île-de-Montréal,0,12,6,392.0
2024-2025,CIUSSS du Centre-Ouest-de-l'Île-de-Montréal,0,12,7,76.0
2024-2025,CIUSSS du Centre-Ouest-de-l'Île-de-Montréal,0,12,9,377.5
2024-2025,CIUSSS du Centre-Ouest-de-l'Île-de-Montréal,0,13,1,257.0
2024-2025,CIUSSS du Centre-Ouest-de-l'Île-de-Montréal,0,13,2,437.0
2024-2025,CIUSSS du Centre-Ouest-de-l'Île-de-Montréal,0,13,3,239.0
2024-2025,CIUSSS du Centre-Ouest-de-l'Île-de-Montréal,0,13,4,90.0
2024-2025,CIUSSS du Centre-Ouest-de-l'Île-de-Montréal,0,13,5,179.0
2024-2025,CIUSSS du Centre-Ouest-de-l'Île-de-Montréal,0,13,6,30.0
2024-2025,CIUSSS du Centre-Ouest-de-l'Île-de-Montréal,0,13,7,5.0
2024-2025,CIUSSS du Centre-Ouest-de-l'Île-de-Montréal,0,13,9,1237.0
2024-2025,CIUSSS du Centre-Ouest-de-l'Île-de-Montréal,0,14,1,179.18
2024-2025,CIUSSS du Centre-Ouest-de-l'Île-de-Montréal,0,14,2,406.09
2024-2025,CIUSSS du Centre-Ouest-de-l'Île-de-Montréal,0,14,3,566.74
2024-2025,CIUSSS du Centre-Ouest-de-l'Île-de-Montréal,0,14,4,494.77
2024-2025,CIUSSS du Centre-Ouest-de-l'Île-de-Montréal,0,14,5,724.53
2024-2025,CIUSSS du Centre-Ouest-de-l'Île-de-Montréal,0,14,6,596.1
2024-2025,CIUSSS du Centre-Ouest-de-l'Île-de-Montréal,0,14,7,1071.8
2024-2025,CIUSSS du Centre-Ouest-de-l'Île-de-Montréal,0,14,9,822.99
2024-2025,CIUSSS du Centre-Ouest-de-l'Île-de-Montréal,0,15,1,105.0
2024-2025,CIUSSS du Centre-Ouest-de-l'Île-de-Montréal,0,15,2,243.0
2024-2025,CIUSSS du Centre-Ouest-de-l'Île-de-Montréal,0,15,3,426.0
2024-2025,CIUSSS du Centre-Ouest-de-l'Île-de-Montréal,0,15,4,382.0
2024-2025,CIUSSS du Centre-Ouest-de-l'Île-de-Montréal,0,15,5,495.0
2024-2025,CIUSSS du Centre-Ouest-de-l'Île-de-Montréal,0,15,6,406.0
2024-2025,CIUSSS du Centre-Ouest-de-l'Île-de-Montréal,0,15,7,76.0
2024-2025,CIUSSS du Centre-Ouest-de-l'Île-de-Montréal,0,15,9,558.0
2024-2025,CIUSSS du Centre-Sud-de-l'Île-de-Montréal,0,1,4,5.0
2024-2025,CIUSSS du Centre-Sud-de-l'Île-de-Montréal,0,1,5,33.0
2024-2025,CIUSSS du Centre-Sud-de-l'Île-de-Montréal,0,1,6,5.0
2024-2025,CIUSSS du Centre-Sud-de-l'Île-de-Montréal,0,1,7,1.0
2024-2025,CIUSSS du Centre-Sud-de-l'Île-de-Montréal,0,1,9,44.0
2024-2025,CIUSSS du Centre-Sud-de-l'Île-de-Montréal,0,2,4,350.6
2024-2025,CIUSSS du Centre-Sud-de-l'Île-de-Montréal,0,2,5,1598.18
2024-2025,CIUSSS du Centre-Sud-de-l'Île-de-Montréal,0,2,6,1656.8
2024-2025,CIUSSS du Centre-Sud-de-l'Île-de-Montréal,0,2,7,43.0
2024-2025,CIUSSS du Centre-Sud-de-l'Île-de-Montréal,0,2,9,1427.73
2024-2025,CIUSSS du Centre-Sud-de-l'Île-de-Montréal,0,3,4,384.0
2024-2025,CIUSSS du Centre-Sud-de-l'Île-de-Montréal,0,3,5,1476.0
2024-2025,CIUSSS du Centre-Sud-de-l'Île-de-Montréal,0,3,6,1407.0
2024-2025,CIUSSS du Centre-Sud-de-l'Île-de-Montréal,0,3,7,43.0
2024-2025,CIUSSS du Centre-Sud-de-l'Île-de-Montréal,0,3,9,1347.5
2024-2025,CIUSSS du Centre-Sud-de-l'Île-de-Montréal,0,4,3,1.0
2024-2025,CIUSSS du Centre-Sud-de-l'Île-de-Montréal,0,4,4,10.0
2024-2025,CIUSSS du Centre-Sud-de-l'Île-de-Montréal,0,4,5,46.0
2024-2025,CIUSSS du Centre-Sud-de-l'Île-de-Montréal,0,4,6,7.0
2024-2025,CIUSSS du Centre-Sud-de-l'Île-de-Montréal,0,4,9,64.0
2024-2025,CIUSSS du Centre-Sud-de-l'Île-de-Montréal,0,5,3,466.0
2024-2025,CIUSSS du Centre-Sud-de-l'Île-de-Montréal,0,5,4,153.9
2024-2025,CIUSSS du Centre-Sud-de-l'Île-de-Montréal,0,5,5,1860.07
2024-2025,CIUSSS du Centre-Sud-de-l'Île-de-Montréal,0,5,6,2598.43
2024-2025,CIUSSS du Centre-Sud-de-l'Île-de-Montréal,0,5,9,1652.45
2024-2025,CIUSSS du Centre-Sud-de-l'Île-de-Montréal,0,6,3,466.0
2024-2025,CIUSSS du Centre-Sud-de-l'Île-de-Montréal,0,6,4,127.0
2024-2025,CIUSSS du Centre-Sud-de-l'Île-de-Montréal,0,6,5,1707.5
2024-2025,CIUSSS du Centre-Sud-de-l'Île-de-Montréal,0,6,6,3025.0
2024-2025,CIUSSS du Centre-Sud-de-l'Île-de-Montréal,0,6,9,1368.5
2024-2025,CIUSSS du Centre-Sud-de-l'Île-de-Montréal,0,7,1,1.0
2024-2025,CIUSSS du Centre-Sud-de-l'Île-de-Montréal,0,7,2,36.0
2024-2025,CIUSSS du Centre-Sud-de-l'Île-de-Montréal,0,7,3,22.0
2024-2025,CIUSSS du Centre-Sud-de-l'Île-de-Montréal,0,7,4,6.0
2024-2025,CIUSSS du Centre-Sud-de-l'Île-de-Montréal,0,7,5,43.0
2024-2025,CIUSSS du Centre-Sud-de-l'Île-de-Montréal,0,7,6,3.0
2024-2025,CIUSSS du Centre-Sud-de-l'Île-de-Montréal,0,7,7,1.0
2024-2025,CIUSSS du Centre-Sud-de-l'Île-de-Montréal,0,7,9,112.0
2024-2025,CIUSSS du Centre-Sud-de-l'Île-de-Montréal,0,8,1,643.0
2024-2025,CIUSSS du Centre-Sud-de-l'Île-de-Montréal,0,8,2,363.42
2024-2025,CIUSSS du Centre-Sud-de-l'Île-de-Montréal,0,8,3,798.0
2024-2025,CIUSSS du Centre-Sud-de-l'Île-de-Montréal,0,8,4,436.17
2024-2025,CIUSSS du Centre-Sud-de-l'Île-de-Montréal,0,8,5,1449.91
2024-2025,CIUSSS du Centre-Sud-de-l'Île-de-Montréal,0,8,6,1065.67
2024-2025,CIUSSS du Centre-Sud-de-l'Île-de-Montréal,0,8,7,175.0
2024-2025,CIUSSS du Centre-Sud-de-l'Île-de-Montréal,0,8,9,889.44
2024-2025,CIUSSS du Centre-Sud-de-l'Île-de-Montréal,0,9,1,643.0
2024-2025,CIUSSS du Centre-Sud-de-l'Île-de-Montréal,0,9,2,383.0
2024-2025,CIUSSS du Centre-Sud-de-l'Île-de-Montréal,0,9,3,479.0
2024-2025,CIUSSS du Centre-Sud-de-l'Île-de-Montréal,0,9,4,498.5
2024-2025,CIUSSS du Centre-Sud-de-l'Île-de-Montréal,0,9,5,497.0
2024-2025,CIUSSS du Centre-Sud-de-l'Île-de-Montréal,0,9,6,400.0
2024-2025,CIUSSS du Centre-Sud-de-l'Île-de-Montréal,0,9,7,175.0
2024-2025,CIUSSS du Centre-Sud-de-l'Île-de-Montréal,0,9,9,417.0
2024-2025,CIUSSS du Centre-Sud-de-l'Île-de-Montréal,0,10,1,325.0
2024-2025,CIUSSS du Centre-Sud-de-l'Île-de-Montréal,0,10,2,265.0
2024-2025,CIUSSS du Centre-Sud-de-l'Île-de-Montréal,0,10,3,35.0
2024-2025,CIUSSS du Centre-Sud-de-l'Île-de-Montréal,0,10,4,11.0
2024-2025,CIUSSS du Centre-Sud-de-l'Île-de-Montréal,0,10,5,40.0
2024-2025,CIUSSS du Centre-Sud-de-l'Île-de-Montréal,0,10,6,7.0
2024-2025,CIUSSS du Centre-Sud-de-l'Île-de-Montréal,0,10,7,1.0
2024-2025,CIUSSS du Centre-Sud-de-l'Île-de-Montréal,0,10,9,684.0
2024-2025,CIUSSS du Centre-Sud-de-l'Île-de-Montréal,0,11,1,177.59
2024-2025,CIUSSS du Centre-Sud-de-l'Île-de-Montréal,0,11,2,183.57
2024-2025,CIUSSS du Centre-Sud-de-l'Île-de-Montréal,0,11,3,485.06
2024-2025,CIUSSS du Centre-Sud-de-l'Île-de-Montréal,0,11,4,466.82
2024-2025,CIUSSS du Centre-Sud-de-l'Île-de-Montréal,0,11,5,397.52
2024-2025,CIUSSS du Centre-Sud-de-l'Île-de-Montréal,0,11,6,422.86
2024-2025,CIUSSS du Centre-Sud-de-l'Île-de-Montréal,0,11,7,181.0
2024-2025,CIUSSS du Centre-Sud-de-l'Île-de-Montréal,0,11,9,215.67
2024-2025,CIUSSS du Centre-Sud-de-l'Île-de-Montréal,0,12,1,187.0
2024-2025,CIUSSS du Centre-Sud-de-l'Île-de-Montréal,0,12,2,162.0
2024-2025,CIUSSS du Centre-Sud-de-l'Île-de-Montréal,0,12,3,190.0
2024-2025,CIUSSS du Centre-Sud-de-l'Île-de-Montréal,0,12,4,272.0
2024-2025,CIUSSS du Centre-Sud-de-l'Île-de-Montréal,0,12,5,219.0
2024-2025,CIUSSS du Centre-Sud-de-l'Île-de-Montréal,0,12,6,318.0
2024-2025,CIUSSS du Centre-Sud-de-l'Île-de-Montréal,0,12,7,181.0
2024-2025,CIUSSS du Centre-Sud-de-l'Île-de-Montréal,0,12,9,183.0
2024-2025,CIUSSS du Centre-Sud-de-l'Île-de-Montréal,0,13,1,326.0
2024-2025,CIUSSS du Centre-Sud-de-l'Île-de-Montréal,0,13,2,301.0
2024-2025,CIUSSS du Centre-Sud-de-l'Île-de-Montréal,0,13,3,58.0
2024-2025,CIUSSS du Centre-Sud-de-l'Île-de-Montréal,0,13,4,32.0
2024-2025,CIUSSS du Centre-Sud-de-l'Île-de-Montréal,0,13,5,162.0
2024-2025,CIUSSS du Centre-Sud-de-l'Île-de-Montréal,0,13,6,22.0
2024-2025,CIUSSS du Centre-Sud-de-l'Île-de-Montréal,0,13,7,3.0
2024-2025,CIUSSS du Centre-Sud-de-l'Île-de-Montréal,0,13,9,904.0
2024-2025,CIUSSS du Centre-Sud-de-l'Île-de-Montréal,0,14,1,179.02
2024-2025,CIUSSS du Centre-Sud-de-l'Île-de-Montréal,0,14,2,205.08
2024-2025,CIUSSS du Centre-Sud-de-l'Île-de-Montréal,0,14,3,603.43
2024-2025,CIUSSS du Centre-Sud-de-l'Île-de-Montréal,0,14,4,345.12
2024-2025,CIUSSS du Centre-Sud-de-l'Île-de-Montréal,0,14,5,1336.73
2024-2025,CIUSSS du Centre-Sud-de-l'Île-de-Montréal,0,14,6,1483.18
2024-2025,CIUSSS du Centre-Sud-de-l'Île-de-Montréal,0,14,7,133.0
2024-2025,CIUSSS du Centre-Sud-de-l'Île-de-Montréal,0,14,9,459.86
2024-2025,CIUSSS du Centre-Sud-de-l'Île-de-Montréal,0,15,1,187.0
2024-2025,CIUSSS du Centre-Sud-de-l'Île-de-Montréal,0,15,2,181.0
2024-2025,CIUSSS du Centre-Sud-de-l'Île-de-Montréal,0,15,3,358.5
2024-2025,CIUSSS du Centre-Sud-de-l'Île-de-Montréal,0,15,4,272.0
2024-2025,CIUSSS du Centre-Sud-de-l'Île-de-Montréal,0,15,5,534.0
2024-2025,CIUSSS du Centre-Sud-de-l'Île-de-Montréal,0,15,6,1151.5
2024-2025,CIUSSS du Centre-Sud-de-l'Île-de-Montréal,0,15,7,175.0
2024-2025,CIUSSS du Centre-Sud-de-l'Île-de-Montréal,0,15,9,202.5
2024-2025,CIUSSS du SaguenayLac-St-Jean,0,1,5,2.0
2024-2025,CIUSSS du SaguenayLac-St-Jean,0,1,9,2.0
2024-2025,CIUSSS du SaguenayLac-St-Jean,0,2,5,449.5
2024-2025,CIUSSS du SaguenayLac-St-Jean,0,2,9,449.5
2024-2025,CIUSSS du SaguenayLac-St-Jean,0,3,5,449.5
2024-2025,CIUSSS du SaguenayLac-St-Jean,0,3,9,449.5
2024-2025,CIUSSS du SaguenayLac-St-Jean,0,4,3,1.0
2024-2025,CIUSSS du SaguenayLac-St-Jean,0,4,4,3.0
2024-2025,CIUSSS du SaguenayLac-St-Jean,0,4,5,4.0
2024-2025,CIUSSS du SaguenayLac-St-Jean,0,4,9,8.0
2024-2025,CIUSSS du SaguenayLac-St-Jean,0,5,3,214.0
2024-2025,CIUSSS du SaguenayLac-St-Jean,0,5,4,170.0
2024-2025,CIUSSS du SaguenayLac-St-Jean,0,5,5,117.25
2024-2025,CIUSSS du SaguenayLac-St-Jean,0,5,9,149.13
2024-2025,CIUSSS du SaguenayLac-St-Jean,0,6,3,214.0
2024-2025,CIUSSS du SaguenayLac-St-Jean,0,6,4,117.0
2024-2025,CIUSSS du SaguenayLac-St-Jean,0,6,5,136.0
2024-2025,CIUSSS du SaguenayLac-St-Jean,0,6,9,136.0
2024-2025,CIUSSS du SaguenayLac-St-Jean,0,7,4,4.0
2024-2025,CIUSSS du SaguenayLac-St-Jean,0,7,5,10.0
2024-2025,CIUSSS du SaguenayLac-St-Jean,0,7,9,14.0
2024-2025,CIUSSS du SaguenayLac-St-Jean,0,8,4,342.25
2024-2025,CIUSSS du SaguenayLac-St-Jean,0,8,5,510.7
2024-2025,CIUSSS du SaguenayLac-St-Jean,0,8,9,462.57
2024-2025,CIUSSS du SaguenayLac-St-Jean,0,9,4,213.0
2024-2025,CIUSSS du SaguenayLac-St-Jean,0,9,5,315.5
2024-2025,CIUSSS du SaguenayLac-St-Jean,0,10,1,4.0
2024-2025,CIUSSS du SaguenayLac-St-Jean,0,10,2,30.0
2024-2025,CIUSSS du SaguenayLac-St-Jean,0,10,3,14.0
2024-2025,CIUSSS du SaguenayLac-St-Jean,0,10,4,5.0
2024-2025,CIUSSS du SaguenayLac-St-Jean,0,10,5,11.0
2024-2025,CIUSSS du SaguenayLac-St-Jean,0,10,6,1.0
2024-2025,CIUSSS du SaguenayLac-St-Jean,0,10,9,65.0
2024-2025,CIUSSS du SaguenayLac-St-Jean,0,11,1,13.0
2024-2025,CIUSSS du SaguenayLac-St-Jean,0,11,2,240.93
2024-2025,CIUSSS du SaguenayLac-St-Jean,0,11,3,168.07
2024-2025,CIUSSS du SaguenayLac-St-Jean,0,11,4,111.0
2024-2025,CIUSSS du SaguenayLac-St-Jean,0,11,5,129.0
2024-2025,CIUSSS du SaguenayLac-St-Jean,0,11,6,67.0
2024-2025,CIUSSS du SaguenayLac-St-Jean,0,11,9,179.6
2024-2025,CIUSSS du SaguenayLac-St-Jean,0,12,1,10.0
2024-2025,CIUSSS du SaguenayLac-St-Jean,0,12,2,137.5
2024-2025,CIUSSS du SaguenayLac-St-Jean,0,12,3,96.0
2024-2025,CIUSSS du SaguenayLac-St-Jean,0,12,4,54.0
2024-2025,CIUSSS du SaguenayLac-St-Jean,0,12,5,69.0
2024-2025,CIUSSS du SaguenayLac-St-Jean,0,12,6,67.0
2024-2025,CIUSSS du SaguenayLac-St-Jean,0,12,9,71.0
2024-2025,CIUSSS du SaguenayLac-St-Jean,0,13,1,4.0
2024-2025,CIUSSS du SaguenayLac-St-Jean,0,13,2,30.0
2024-2025,CIUSSS du SaguenayLac-St-Jean,0,13,3,15.0
2024-2025,CIUSSS du SaguenayLac-St-Jean,0,13,4,12.0
2024-2025,CIUSSS du SaguenayLac-St-Jean,0,13,5,27.0
2024-2025,CIUSSS du SaguenayLac-St-Jean,0,13,6,1.0
2024-2025,CIUSSS du SaguenayLac-St-Jean,0,13,9,89.0
2024-2025,CIUSSS du SaguenayLac-St-Jean,0,14,1,13.0
2024-2025,CIUSSS du SaguenayLac-St-Jean,0,14,2,240.93
2024-2025,CIUSSS du SaguenayLac-St-Jean,0,14,3,171.13
2024-2025,CIUSSS du SaguenayLac-St-Jean,0,14,4,202.83
2024-2025,CIUSSS du SaguenayLac-St-Jean,0,14,5,292.37
2024-2025,CIUSSS du SaguenayLac-St-Jean,0,14,6,67.0
2024-2025,CIUSSS du SaguenayLac-St-Jean,0,14,9,227.44
2024-2025,CIUSSS du SaguenayLac-St-Jean,0,15,1,10.0
2024-2025,CIUSSS du SaguenayLac-St-Jean,0,15,2,137.5
2024-2025,CIUSSS du SaguenayLac-St-Jean,0,15,3,118.0
2024-2025,CIUSSS du SaguenayLac-St-Jean,0,15,4,93.5
2024-2025,CIUSSS du SaguenayLac-St-Jean,0,15,5,109.0
2024-2025,CIUSSS du SaguenayLac-St-Jean,0,15,6,67.0
2024-2025,CIUSSS du SaguenayLac-St-Jean,0,15,9,105.0
